[0;36mafl-fuzz [1;97m2.52b[0m by <lcamtuf@google.com>
[1;92m[+] [0mLooks like we're not running on a tty, so I'll be a bit less verbose.[0m
[1;92m[+] [0mYou have 12 CPU cores and 3 runnable tasks (utilization: 25%).[0m
[1;92m[+] [0mTry parallel jobs - see docs/parallel_fuzzing.txt.[0m
[1;93m[!] [1;97mWARNING: [0mNot binding to a CPU core (AFL_NO_AFFINITY set).[0m
[1;94m[*] [0mChecking core_pattern...[0m

[1;91m[-] [0mHmm, your system is configured to send core dump notifications to an
    external utility. This will cause issues: there will be an extended delay
    between stumbling upon a crash and having this information relayed to the
    fuzzer via the standard waitpid() API.

    To avoid having crashes misinterpreted as timeouts, please log in as root
    and temporarily modify /proc/sys/kernel/core_pattern, like so:

    echo core >/proc/sys/kernel/core_pattern
[1;94m[*] [0mSetting up output directories...[0m
[1;94m[*] [0mScanning '/workspace/builds/libpng/gcc-O2/seeds'...[0m
[1;92m[+] [0mNo auto-generated dictionary tokens to reuse.[0m
[1;94m[*] [0mCreating hard links for all input files...[0m
[1;94m[*] [0mValidating target binary...[0m
[1;94m[*] [0mAttempting dry run with 'id:000000,orig:s1.png'...[0m
[1;94m[*] [0mSpinning up the fork server...[0m
[1;92m[+] [0mAll right - fork server is up.[0m
[1;90m    len = 8759, map size = 2082, exec speed = 1321 us
[0m[1;94m[*] [0mAttempting dry run with 'id:000001,orig:s2.png'...[0m
[1;90m    len = 2399, map size = 1273, exec speed = 882 us
[0m[1;94m[*] [0mAttempting dry run with 'id:000002,orig:s3.png'...[0m
[1;90m    len = 2069, map size = 1545, exec speed = 514 us
[0m[1;94m[*] [0mAttempting dry run with 'id:000003,orig:s4.png'...[0m
[1;90m    len = 100, map size = 350, exec speed = 339 us
[0m[1;94m[*] [0mAttempting dry run with 'id:000004,orig:s5.png'...[0m
[1;90m    len = 16, map size = 187, exec speed = 295 us
[0m[1;92m[+] [0mAll test cases processed.[0m

[1;92m[+] [0mHere are some useful stats:

[1;90m    Test case count : [0m5 favored, 0 variable, 5 total
[1;90m       Bitmap range : [0m187 to 2082 bits (average: 1087.40 bits)
[1;90m        Exec timing : [0m295 to 1321 us (average: 670 us)
[0m
[1;94m[*] [0mNo -t option specified, so I'll use exec timeout of 20 ms.[0m
[1;92m[+] [0mAll set and ready to roll![0m
[1;94m[*] [0mEntering queue cycle 1.[0m
[1;94m[*] [0mFuzzing test case #0 (5 total, 0 uniq crashes found)...[0m
[1;94m[*] [0mFuzzing test case #1 (390 total, 0 uniq crashes found)...[0m
[1;94m[*] [0mFuzzing test case #2 (441 total, 0 uniq crashes found)...[0m
[1;94m[*] [0mFuzzing test case #3 (469 total, 0 uniq crashes found)...[0m
[1;94m[*] [0mFuzzing test case #7 (473 total, 0 uniq crashes found)...[0m
[1;94m[*] [0mFuzzing test case #14 (473 total, 0 uniq crashes found)...[0m
[1;94m[*] [0mFuzzing test case #21 (473 total, 0 uniq crashes found)...[0m
[1;94m[*] [0mFuzzing test case #25 (473 total, 0 uniq crashes found)...[0m
[1;94m[*] [0mFuzzing test case #37 (478 total, 0 uniq crashes found)...[0m
[1;94m[*] [0mFuzzing test case #38 (478 total, 0 uniq crashes found)...[0m
[1;94m[*] [0mFuzzing test case #43 (481 total, 0 uniq crashes found)...[0m
[1;94m[*] [0mFuzzing test case #57 (481 total, 0 uniq crashes found)...[0m
[1;94m[*] [0mFuzzing test case #60 (482 total, 0 uniq crashes found)...[0m
[1;94m[*] [0mFuzzing test case #62 (491 total, 0 uniq crashes found)...[0m
[1;94m[*] [0mFuzzing test case #88 (491 total, 0 uniq crashes found)...[0m
[1;94m[*] [0mFuzzing test case #90 (491 total, 0 uniq crashes found)...[0m
[1;94m[*] [0mFuzzing test case #96 (507 total, 0 uniq crashes found)...[0m
[1;94m[*] [0mFuzzing test case #98 (507 total, 0 uniq crashes found)...[0m
[1;94m[*] [0mFuzzing test case #100 (507 total, 0 uniq crashes found)...[0m
[1;94m[*] [0mFuzzing test case #101 (507 total, 0 uniq crashes found)...[0m
[1;94m[*] [0mFuzzing test case #108 (513 total, 0 uniq crashes found)...[0m
[1;94m[*] [0mFuzzing test case #114 (515 total, 0 uniq crashes found)...[0m
[1;94m[*] [0mFuzzing test case #119 (515 total, 0 uniq crashes found)...[0m
[1;94m[*] [0mFuzzing test case #120 (515 total, 0 uniq crashes found)...[0m
[1;94m[*] [0mFuzzing test case #121 (515 total, 0 uniq crashes found)...[0m
[1;94m[*] [0mFuzzing test case #122 (518 total, 0 uniq crashes found)...[0m
[1;94m[*] [0mFuzzing test case #126 (520 total, 0 uniq crashes found)...[0m
[1;94m[*] [0mFuzzing test case #128 (520 total, 0 uniq crashes found)...[0m
[1;94m[*] [0mFuzzing test case #131 (521 total, 0 uniq crashes found)...[0m
[1;94m[*] [0mFuzzing test case #133 (521 total, 0 uniq crashes found)...[0m
[1;94m[*] [0mFuzzing test case #167 (521 total, 0 uniq crashes found)...[0m
[1;94m[*] [0mFuzzing test case #175 (522 total, 0 uniq crashes found)...[0m
[1;94m[*] [0mFuzzing test case #178 (523 total, 0 uniq crashes found)...[0m
[1;94m[*] [0mFuzzing test case #179 (523 total, 0 uniq crashes found)...[0m
[1;94m[*] [0mFuzzing test case #180 (523 total, 0 uniq crashes found)...[0m
[1;94m[*] [0mFuzzing test case #182 (524 total, 0 uniq crashes found)...[0m
[1;94m[*] [0mFuzzing test case #193 (526 total, 0 uniq crashes found)...[0m
[1;94m[*] [0mFuzzing test case #196 (526 total, 0 uniq crashes found)...[0m
[1;94m[*] [0mFuzzing test case #202 (528 total, 0 uniq crashes found)...[0m
[1;94m[*] [0mFuzzing test case #204 (528 total, 0 uniq crashes found)...[0m
[1;94m[*] [0mFuzzing test case #208 (528 total, 0 uniq crashes found)...[0m
[1;94m[*] [0mFuzzing test case #210 (547 total, 0 uniq crashes found)...[0m
[1;94m[*] [0mFuzzing test case #220 (547 total, 0 uniq crashes found)...[0m
[1;94m[*] [0mFuzzing test case #224 (547 total, 0 uniq crashes found)...[0m
[1;94m[*] [0mFuzzing test case #225 (548 total, 0 uniq crashes found)...[0m
[1;94m[*] [0mFuzzing test case #230 (548 total, 0 uniq crashes found)...[0m
[1;94m[*] [0mFuzzing test case #233 (551 total, 0 uniq crashes found)...[0m
[1;94m[*] [0mFuzzing test case #253 (551 total, 0 uniq crashes found)...[0m
[1;94m[*] [0mFuzzing test case #255 (551 total, 0 uniq crashes found)...[0m
[1;94m[*] [0mFuzzing test case #256 (552 total, 0 uniq crashes found)...[0m
[1;94m[*] [0mFuzzing test case #258 (552 total, 0 uniq crashes found)...[0m
[1;94m[*] [0mFuzzing test case #268 (560 total, 0 uniq crashes found)...[0m
[1;94m[*] [0mFuzzing test case #269 (560 total, 0 uniq crashes found)...[0m
[1;94m[*] [0mFuzzing test case #273 (562 total, 0 uniq crashes found)...[0m
[1;94m[*] [0mFuzzing test case #274 (562 total, 0 uniq crashes found)...[0m
[1;94m[*] [0mFuzzing test case #278 (563 total, 0 uniq crashes found)...[0m
[1;94m[*] [0mFuzzing test case #280 (568 total, 0 uniq crashes found)...[0m
[1;94m[*] [0mFuzzing test case #292 (568 total, 0 uniq crashes found)...[0m
[1;94m[*] [0mFuzzing test case #293 (568 total, 0 uniq crashes found)...[0m
[1;94m[*] [0mFuzzing test case #299 (568 total, 0 uniq crashes found)...[0m
[1;94m[*] [0mFuzzing test case #302 (568 total, 0 uniq crashes found)...[0m
[1;94m[*] [0mFuzzing test case #304 (572 total, 0 uniq crashes found)...[0m
[1;94m[*] [0mFuzzing test case #307 (573 total, 0 uniq crashes found)...[0m
[1;94m[*] [0mFuzzing test case #308 (574 total, 0 uniq crashes found)...[0m
[1;94m[*] [0mFuzzing test case #309 (578 total, 0 uniq crashes found)...[0m
[1;94m[*] [0mFuzzing test case #312 (578 total, 0 uniq crashes found)...[0m
[1;94m[*] [0mFuzzing test case #313 (582 total, 0 uniq crashes found)...[0m
[1;94m[*] [0mFuzzing test case #316 (583 total, 0 uniq crashes found)...[0m
[1;94m[*] [0mFuzzing test case #319 (583 total, 0 uniq crashes found)...[0m
[1;94m[*] [0mFuzzing test case #321 (583 total, 0 uniq crashes found)...[0m
[1;94m[*] [0mFuzzing test case #325 (583 total, 0 uniq crashes found)...[0m
[1;94m[*] [0mFuzzing test case #327 (583 total, 0 uniq crashes found)...[0m
[1;94m[*] [0mFuzzing test case #328 (583 total, 0 uniq crashes found)...[0m
[1;94m[*] [0mFuzzing test case #329 (583 total, 0 uniq crashes found)...[0m
[1;94m[*] [0mFuzzing test case #332 (583 total, 0 uniq crashes found)...[0m
[1;94m[*] [0mFuzzing test case #336 (584 total, 0 uniq crashes found)...[0m
[1;94m[*] [0mFuzzing test case #339 (584 total, 0 uniq crashes found)...[0m
[1;94m[*] [0mFuzzing test case #340 (585 total, 0 uniq crashes found)...[0m
[1;94m[*] [0mFuzzing test case #341 (585 total, 0 uniq crashes found)...[0m
[1;94m[*] [0mFuzzing test case #343 (585 total, 0 uniq crashes found)...[0m
[1;94m[*] [0mFuzzing test case #344 (586 total, 0 uniq crashes found)...[0m
[1;94m[*] [0mFuzzing test case #354 (587 total, 0 uniq crashes found)...[0m
[1;94m[*] [0mFuzzing test case #356 (588 total, 0 uniq crashes found)...[0m
[1;94m[*] [0mFuzzing test case #358 (590 total, 0 uniq crashes found)...[0m
[1;94m[*] [0mFuzzing test case #359 (591 total, 0 uniq crashes found)...[0m
[1;94m[*] [0mFuzzing test case #360 (594 total, 0 uniq crashes found)...[0m
[1;94m[*] [0mFuzzing test case #361 (596 total, 0 uniq crashes found)...[0m
[1;94m[*] [0mFuzzing test case #362 (596 total, 0 uniq crashes found)...[0m
[1;94m[*] [0mFuzzing test case #363 (596 total, 0 uniq crashes found)...[0m
[1;94m[*] [0mFuzzing test case #364 (596 total, 0 uniq crashes found)...[0m
[1;94m[*] [0mFuzzing test case #365 (596 total, 0 uniq crashes found)...[0m
[1;94m[*] [0mFuzzing test case #366 (597 total, 0 uniq crashes found)...[0m
[1;94m[*] [0mFuzzing test case #367 (597 total, 0 uniq crashes found)...[0m
[1;94m[*] [0mFuzzing test case #368 (597 total, 0 uniq crashes found)...[0m
[1;94m[*] [0mFuzzing test case #369 (597 total, 0 uniq crashes found)...[0m
[1;94m[*] [0mFuzzing test case #370 (598 total, 0 uniq crashes found)...[0m
[1;94m[*] [0mFuzzing test case #371 (599 total, 0 uniq crashes found)...[0m
[1;94m[*] [0mFuzzing test case #372 (599 total, 0 uniq crashes found)...[0m
[1;94m[*] [0mFuzzing test case #374 (599 total, 0 uniq crashes found)...[0m
[1;94m[*] [0mFuzzing test case #380 (600 total, 0 uniq crashes found)...[0m
[1;94m[*] [0mFuzzing test case #395 (600 total, 0 uniq crashes found)...[0m
[1;94m[*] [0mFuzzing test case #398 (603 total, 0 uniq crashes found)...[0m
[1;94m[*] [0mFuzzing test case #400 (603 total, 0 uniq crashes found)...[0m
[1;94m[*] [0mFuzzing test case #401 (603 total, 0 uniq crashes found)...[0m
[1;94m[*] [0mFuzzing test case #403 (609 total, 0 uniq crashes found)...[0m
[1;94m[*] [0mFuzzing test case #405 (609 total, 0 uniq crashes found)...[0m
[1;94m[*] [0mFuzzing test case #406 (615 total, 0 uniq crashes found)...[0m
[1;94m[*] [0mFuzzing test case #407 (615 total, 0 uniq crashes found)...[0m
[1;94m[*] [0mFuzzing test case #410 (615 total, 0 uniq crashes found)...[0m
[1;94m[*] [0mFuzzing test case #421 (617 total, 0 uniq crashes found)...[0m
[1;94m[*] [0mFuzzing test case #423 (618 total, 0 uniq crashes found)...[0m
[1;94m[*] [0mFuzzing test case #425 (621 total, 0 uniq crashes found)...[0m
[1;94m[*] [0mFuzzing test case #427 (621 total, 0 uniq crashes found)...[0m
[1;94m[*] [0mFuzzing test case #429 (621 total, 0 uniq crashes found)...[0m
[1;94m[*] [0mFuzzing test case #431 (621 total, 0 uniq crashes found)...[0m
[1;94m[*] [0mFuzzing test case #432 (621 total, 0 uniq crashes found)...[0m
[1;94m[*] [0mFuzzing test case #434 (621 total, 0 uniq crashes found)...[0m
[1;94m[*] [0mFuzzing test case #435 (623 total, 0 uniq crashes found)...[0m
[1;94m[*] [0mFuzzing test case #436 (623 total, 0 uniq crashes found)...[0m
[1;94m[*] [0mFuzzing test case #437 (623 total, 0 uniq crashes found)...[0m
[1;94m[*] [0mFuzzing test case #438 (624 total, 0 uniq crashes found)...[0m
[1;94m[*] [0mFuzzing test case #439 (624 total, 0 uniq crashes found)...[0m
[1;94m[*] [0mFuzzing test case #440 (624 total, 0 uniq crashes found)...[0m
[1;94m[*] [0mFuzzing test case #444 (624 total, 0 uniq crashes found)...[0m
[1;94m[*] [0mFuzzing test case #451 (624 total, 0 uniq crashes found)...[0m
[1;94m[*] [0mFuzzing test case #452 (624 total, 0 uniq crashes found)...[0m
[1;94m[*] [0mFuzzing test case #454 (624 total, 0 uniq crashes found)...[0m
[1;94m[*] [0mFuzzing test case #455 (624 total, 0 uniq crashes found)...[0m
[1;94m[*] [0mFuzzing test case #458 (624 total, 0 uniq crashes found)...[0m
[1;94m[*] [0mFuzzing test case #460 (624 total, 0 uniq crashes found)...[0m
[1;94m[*] [0mFuzzing test case #465 (624 total, 0 uniq crashes found)...[0m
[1;94m[*] [0mFuzzing test case #466 (625 total, 0 uniq crashes found)...[0m
[1;94m[*] [0mFuzzing test case #467 (625 total, 0 uniq crashes found)...[0m
[1;94m[*] [0mFuzzing test case #469 (625 total, 0 uniq crashes found)...[0m
[1;94m[*] [0mFuzzing test case #470 (625 total, 0 uniq crashes found)...[0m
[1;94m[*] [0mFuzzing test case #471 (625 total, 0 uniq crashes found)...[0m
[1;94m[*] [0mFuzzing test case #472 (625 total, 0 uniq crashes found)...[0m
[1;94m[*] [0mFuzzing test case #473 (625 total, 0 uniq crashes found)...[0m
[1;94m[*] [0mFuzzing test case #476 (625 total, 0 uniq crashes found)...[0m
[1;94m[*] [0mFuzzing test case #477 (626 total, 0 uniq crashes found)...[0m
[1;94m[*] [0mFuzzing test case #479 (628 total, 0 uniq crashes found)...[0m
[1;94m[*] [0mFuzzing test case #482 (628 total, 0 uniq crashes found)...[0m
[1;94m[*] [0mFuzzing test case #483 (628 total, 0 uniq crashes found)...[0m
[1;94m[*] [0mFuzzing test case #484 (628 total, 0 uniq crashes found)...[0m
[1;94m[*] [0mFuzzing test case #485 (628 total, 0 uniq crashes found)...[0m
[1;94m[*] [0mFuzzing test case #486 (629 total, 0 uniq crashes found)...[0m
[1;94m[*] [0mFuzzing test case #487 (629 total, 0 uniq crashes found)...[0m
[1;94m[*] [0mFuzzing test case #488 (631 total, 0 uniq crashes found)...[0m
[1;94m[*] [0mFuzzing test case #489 (631 total, 0 uniq crashes found)...[0m
[1;94m[*] [0mFuzzing test case #490 (631 total, 0 uniq crashes found)...[0m
[1;94m[*] [0mFuzzing test case #496 (634 total, 0 uniq crashes found)...[0m
[1;94m[*] [0mFuzzing test case #497 (634 total, 0 uniq crashes found)...[0m
[1;94m[*] [0mFuzzing test case #498 (634 total, 0 uniq crashes found)...[0m
[1;94m[*] [0mFuzzing test case #499 (634 total, 0 uniq crashes found)...[0m
[1;94m[*] [0mFuzzing test case #501 (636 total, 0 uniq crashes found)...[0m
[1;94m[*] [0mFuzzing test case #502 (636 total, 0 uniq crashes found)...[0m
[1;94m[*] [0mFuzzing test case #504 (637 total, 0 uniq crashes found)...[0m
[1;94m[*] [0mFuzzing test case #505 (638 total, 0 uniq crashes found)...[0m
[1;94m[*] [0mFuzzing test case #506 (640 total, 0 uniq crashes found)...[0m
[1;94m[*] [0mFuzzing test case #508 (640 total, 0 uniq crashes found)...[0m
[1;94m[*] [0mFuzzing test case #511 (641 total, 0 uniq crashes found)...[0m
[1;94m[*] [0mFuzzing test case #513 (644 total, 0 uniq crashes found)...[0m
[1;94m[*] [0mFuzzing test case #520 (644 total, 0 uniq crashes found)...[0m
[1;94m[*] [0mFuzzing test case #526 (645 total, 0 uniq crashes found)...[0m
[1;94m[*] [0mFuzzing test case #527 (645 total, 0 uniq crashes found)...[0m
[1;94m[*] [0mFuzzing test case #530 (648 total, 0 uniq crashes found)...[0m
[1;94m[*] [0mFuzzing test case #531 (648 total, 0 uniq crashes found)...[0m
[1;94m[*] [0mFuzzing test case #532 (648 total, 0 uniq crashes found)...[0m
[1;94m[*] [0mFuzzing test case #533 (648 total, 0 uniq crashes found)...[0m
[1;94m[*] [0mFuzzing test case #537 (651 total, 0 uniq crashes found)...[0m
[1;94m[*] [0mFuzzing test case #541 (651 total, 0 uniq crashes found)...[0m
[1;94m[*] [0mFuzzing test case #543 (653 total, 0 uniq crashes found)...[0m
[1;94m[*] [0mFuzzing test case #548 (653 total, 0 uniq crashes found)...[0m
[1;94m[*] [0mFuzzing test case #550 (654 total, 0 uniq crashes found)...[0m
[1;94m[*] [0mFuzzing test case #551 (654 total, 0 uniq crashes found)...[0m
[1;94m[*] [0mFuzzing test case #554 (655 total, 0 uniq crashes found)...[0m
[1;94m[*] [0mFuzzing test case #558 (655 total, 0 uniq crashes found)...[0m
[1;94m[*] [0mFuzzing test case #561 (655 total, 0 uniq crashes found)...[0m
[1;94m[*] [0mFuzzing test case #562 (655 total, 0 uniq crashes found)...[0m
[1;94m[*] [0mFuzzing test case #568 (655 total, 0 uniq crashes found)...[0m
[1;94m[*] [0mFuzzing test case #569 (655 total, 0 uniq crashes found)...[0m
[1;94m[*] [0mFuzzing test case #572 (656 total, 0 uniq crashes found)...[0m
[1;94m[*] [0mFuzzing test case #575 (660 total, 0 uniq crashes found)...[0m
[1;94m[*] [0mFuzzing test case #576 (660 total, 0 uniq crashes found)...[0m
[1;94m[*] [0mFuzzing test case #577 (660 total, 0 uniq crashes found)...[0m
[1;94m[*] [0mFuzzing test case #582 (660 total, 0 uniq crashes found)...[0m
[1;94m[*] [0mFuzzing test case #583 (660 total, 0 uniq crashes found)...[0m
[1;94m[*] [0mFuzzing test case #584 (660 total, 0 uniq crashes found)...[0m
[1;94m[*] [0mFuzzing test case #586 (661 total, 0 uniq crashes found)...[0m
[1;94m[*] [0mFuzzing test case #588 (664 total, 0 uniq crashes found)...[0m
[1;94m[*] [0mFuzzing test case #589 (664 total, 0 uniq crashes found)...[0m
[1;94m[*] [0mFuzzing test case #590 (666 total, 0 uniq crashes found)...[0m
[1;94m[*] [0mFuzzing test case #592 (666 total, 0 uniq crashes found)...[0m
[1;94m[*] [0mFuzzing test case #594 (667 total, 0 uniq crashes found)...[0m
[1;94m[*] [0mFuzzing test case #595 (667 total, 0 uniq crashes found)...[0m
[1;94m[*] [0mFuzzing test case #596 (667 total, 0 uniq crashes found)...[0m
[1;94m[*] [0mFuzzing test case #597 (670 total, 0 uniq crashes found)...[0m
[1;94m[*] [0mFuzzing test case #598 (670 total, 0 uniq crashes found)...[0m
[1;94m[*] [0mFuzzing test case #599 (670 total, 0 uniq crashes found)...[0m
[1;94m[*] [0mFuzzing test case #601 (673 total, 0 uniq crashes found)...[0m
[1;94m[*] [0mFuzzing test case #602 (673 total, 0 uniq crashes found)...[0m
[1;94m[*] [0mFuzzing test case #603 (676 total, 0 uniq crashes found)...[0m
[1;94m[*] [0mFuzzing test case #609 (676 total, 0 uniq crashes found)...[0m
[1;94m[*] [0mFuzzing test case #610 (677 total, 0 uniq crashes found)...[0m
[1;94m[*] [0mFuzzing test case #612 (677 total, 0 uniq crashes found)...[0m
[1;94m[*] [0mFuzzing test case #613 (677 total, 0 uniq crashes found)...[0m
[1;94m[*] [0mFuzzing test case #615 (680 total, 0 uniq crashes found)...[0m
[1;94m[*] [0mFuzzing test case #616 (680 total, 0 uniq crashes found)...[0m
[1;94m[*] [0mFuzzing test case #617 (680 total, 0 uniq crashes found)...[0m
[1;94m[*] [0mFuzzing test case #619 (680 total, 0 uniq crashes found)...[0m
[1;94m[*] [0mFuzzing test case #620 (680 total, 0 uniq crashes found)...[0m
[1;94m[*] [0mFuzzing test case #623 (682 total, 0 uniq crashes found)...[0m
[1;94m[*] [0mFuzzing test case #626 (682 total, 0 uniq crashes found)...[0m
[1;94m[*] [0mFuzzing test case #627 (682 total, 0 uniq crashes found)...[0m
[1;94m[*] [0mFuzzing test case #628 (682 total, 0 uniq crashes found)...[0m
[1;94m[*] [0mFuzzing test case #629 (682 total, 0 uniq crashes found)...[0m
[1;94m[*] [0mFuzzing test case #630 (683 total, 0 uniq crashes found)...[0m
[1;94m[*] [0mFuzzing test case #633 (683 total, 0 uniq crashes found)...[0m
[1;94m[*] [0mFuzzing test case #636 (684 total, 0 uniq crashes found)...[0m
[1;94m[*] [0mFuzzing test case #637 (684 total, 0 uniq crashes found)...[0m
[1;94m[*] [0mFuzzing test case #640 (684 total, 0 uniq crashes found)...[0m
[1;94m[*] [0mFuzzing test case #642 (684 total, 0 uniq crashes found)...[0m
[1;94m[*] [0mFuzzing test case #644 (684 total, 0 uniq crashes found)...[0m
[1;94m[*] [0mFuzzing test case #647 (685 total, 0 uniq crashes found)...[0m
[1;94m[*] [0mFuzzing test case #650 (688 total, 0 uniq crashes found)...[0m
[1;94m[*] [0mFuzzing test case #652 (688 total, 0 uniq crashes found)...[0m
[1;94m[*] [0mFuzzing test case #653 (688 total, 0 uniq crashes found)...[0m
[1;94m[*] [0mFuzzing test case #654 (688 total, 0 uniq crashes found)...[0m
[1;94m[*] [0mFuzzing test case #660 (689 total, 0 uniq crashes found)...[0m
[1;94m[*] [0mFuzzing test case #664 (689 total, 0 uniq crashes found)...[0m
[1;94m[*] [0mFuzzing test case #665 (689 total, 0 uniq crashes found)...[0m
[1;94m[*] [0mFuzzing test case #667 (690 total, 0 uniq crashes found)...[0m
[1;94m[*] [0mFuzzing test case #668 (690 total, 0 uniq crashes found)...[0m
[1;94m[*] [0mFuzzing test case #669 (690 total, 0 uniq crashes found)...[0m
[1;94m[*] [0mFuzzing test case #671 (691 total, 0 uniq crashes found)...[0m
[1;94m[*] [0mFuzzing test case #675 (692 total, 0 uniq crashes found)...[0m
[1;94m[*] [0mFuzzing test case #676 (692 total, 0 uniq crashes found)...[0m
[1;94m[*] [0mFuzzing test case #677 (693 total, 0 uniq crashes found)...[0m
[1;94m[*] [0mFuzzing test case #680 (694 total, 0 uniq crashes found)...[0m
[1;94m[*] [0mFuzzing test case #682 (694 total, 0 uniq crashes found)...[0m
[1;94m[*] [0mFuzzing test case #683 (694 total, 0 uniq crashes found)...[0m
[1;94m[*] [0mFuzzing test case #684 (694 total, 0 uniq crashes found)...[0m
[1;94m[*] [0mFuzzing test case #688 (695 total, 0 uniq crashes found)...[0m
[1;94m[*] [0mFuzzing test case #689 (696 total, 0 uniq crashes found)...[0m
[1;94m[*] [0mFuzzing test case #692 (696 total, 0 uniq crashes found)...[0m
[1;94m[*] [0mFuzzing test case #695 (696 total, 0 uniq crashes found)...[0m
[1;94m[*] [0mEntering queue cycle 2.[0m
[1;94m[*] [0mFuzzing test case #2 (696 total, 0 uniq crashes found)...[0m
[1;94m[*] [0mFuzzing test case #4 (696 total, 0 uniq crashes found)...[0m
[1;94m[*] [0mFuzzing test case #7 (696 total, 0 uniq crashes found)...[0m
[1;94m[*] [0mFuzzing test case #10 (696 total, 0 uniq crashes found)...[0m
[1;94m[*] [0mFuzzing test case #14 (696 total, 0 uniq crashes found)...[0m
[1;94m[*] [0mFuzzing test case #16 (696 total, 0 uniq crashes found)...[0m
[1;94m[*] [0mFuzzing test case #19 (696 total, 0 uniq crashes found)...[0m
[1;94m[*] [0mFuzzing test case #20 (696 total, 0 uniq crashes found)...[0m
[1;94m[*] [0mFuzzing test case #21 (696 total, 0 uniq crashes found)...[0m
[1;94m[*] [0mFuzzing test case #22 (696 total, 0 uniq crashes found)...[0m
[1;94m[*] [0mFuzzing test case #405 (699 total, 0 uniq crashes found)...[0m
[1;94m[*] [0mFuzzing test case #457 (699 total, 0 uniq crashes found)...[0m
[1;94m[*] [0mFuzzing test case #586 (699 total, 0 uniq crashes found)...[0m
[1;94m[*] [0mFuzzing test case #696 (699 total, 0 uniq crashes found)...[0m
[1;94m[*] [0mEntering queue cycle 3.[0m
[1;94m[*] [0mFuzzing test case #2 (699 total, 0 uniq crashes found)...[0m
[1;94m[*] [0mFuzzing test case #6 (699 total, 0 uniq crashes found)...[0m
[1;94m[*] [0mFuzzing test case #27 (700 total, 0 uniq crashes found)...[0m
[1;94m[*] [0mFuzzing test case #142 (700 total, 0 uniq crashes found)...[0m
[1;94m[*] [0mFuzzing test case #298 (700 total, 0 uniq crashes found)...[0m
[1;94m[*] [0mFuzzing test case #496 (700 total, 0 uniq crashes found)...[0m
[1;94m[*] [0mFuzzing test case #699 (700 total, 0 uniq crashes found)...[0m
[1;94m[*] [0mEntering queue cycle 4.[0m
[1;94m[*] [0mFuzzing test case #2 (700 total, 0 uniq crashes found)...[0m
[1;94m[*] [0mFuzzing test case #24 (702 total, 0 uniq crashes found)...[0m
[1;94m[*] [0mFuzzing test case #217 (702 total, 0 uniq crashes found)...[0m
[1;94m[*] [0mFuzzing test case #424 (702 total, 0 uniq crashes found)...[0m
[1;94m[*] [0mFuzzing test case #577 (702 total, 0 uniq crashes found)...[0m
[1;94m[*] [0mFuzzing test case #700 (702 total, 0 uniq crashes found)...[0m
[1;94m[*] [0mFuzzing test case #702 (704 total, 0 uniq crashes found)...[0m
[1;94m[*] [0mFuzzing test case #703 (704 total, 0 uniq crashes found)...[0m
[1;94m[*] [0mEntering queue cycle 5.[0m
[1;94m[*] [0mFuzzing test case #2 (704 total, 0 uniq crashes found)...[0m
[1;94m[*] [0mFuzzing test case #7 (705 total, 0 uniq crashes found)...[0m
[1;94m[*] [0mFuzzing test case #10 (705 total, 0 uniq crashes found)...[0m
[1;94m[*] [0mFuzzing test case #14 (705 total, 0 uniq crashes found)...[0m
[1;94m[*] [0mFuzzing test case #21 (705 total, 0 uniq crashes found)...[0m
[1;94m[*] [0mFuzzing test case #23 (705 total, 0 uniq crashes found)...[0m
[1;94m[*] [0mFuzzing test case #24 (705 total, 0 uniq crashes found)...[0m
[1;94m[*] [0mFuzzing test case #25 (705 total, 0 uniq crashes found)...[0m
[1;94m[*] [0mFuzzing test case #28 (705 total, 0 uniq crashes found)...[0m
[1;94m[*] [0mFuzzing test case #37 (705 total, 0 uniq crashes found)...[0m
[1;94m[*] [0mFuzzing test case #38 (705 total, 0 uniq crashes found)...[0m
[1;94m[*] [0mFuzzing test case #43 (705 total, 0 uniq crashes found)...[0m
[1;94m[*] [0mFuzzing test case #52 (705 total, 0 uniq crashes found)...[0m
[1;94m[*] [0mFuzzing test case #55 (705 total, 0 uniq crashes found)...[0m
[1;94m[*] [0mFuzzing test case #57 (705 total, 0 uniq crashes found)...[0m
[1;94m[*] [0mFuzzing test case #59 (705 total, 0 uniq crashes found)...[0m
[1;94m[*] [0mFuzzing test case #62 (705 total, 0 uniq crashes found)...[0m
[1;94m[*] [0mFuzzing test case #63 (705 total, 0 uniq crashes found)...[0m
[1;94m[*] [0mFuzzing test case #71 (705 total, 0 uniq crashes found)...[0m
[1;94m[*] [0mFuzzing test case #72 (705 total, 0 uniq crashes found)...[0m
[1;94m[*] [0mFuzzing test case #73 (705 total, 0 uniq crashes found)...[0m
[1;94m[*] [0mFuzzing test case #79 (705 total, 0 uniq crashes found)...[0m
[1;94m[*] [0mFuzzing test case #87 (705 total, 0 uniq crashes found)...[0m
[1;94m[*] [0mFuzzing test case #88 (705 total, 0 uniq crashes found)...[0m
[1;94m[*] [0mFuzzing test case #89 (705 total, 0 uniq crashes found)...[0m
[1;94m[*] [0mFuzzing test case #90 (705 total, 0 uniq crashes found)...[0m
[1;94m[*] [0mFuzzing test case #91 (705 total, 0 uniq crashes found)...[0m
[1;94m[*] [0mFuzzing test case #93 (705 total, 0 uniq crashes found)...[0m
[1;94m[*] [0mFuzzing test case #98 (705 total, 0 uniq crashes found)...[0m
[1;94m[*] [0mFuzzing test case #100 (705 total, 0 uniq crashes found)...[0m
[1;94m[*] [0mFuzzing test case #101 (705 total, 0 uniq crashes found)...[0m
[1;94m[*] [0mFuzzing test case #103 (705 total, 0 uniq crashes found)...[0m
[1;94m[*] [0mFuzzing test case #110 (705 total, 0 uniq crashes found)...[0m
[1;94m[*] [0mFuzzing test case #112 (705 total, 0 uniq crashes found)...[0m
[1;94m[*] [0mFuzzing test case #114 (705 total, 0 uniq crashes found)...[0m
[1;94m[*] [0mFuzzing test case #115 (705 total, 0 uniq crashes found)...[0m
[1;94m[*] [0mFuzzing test case #287 (706 total, 0 uniq crashes found)...[0m
[1;94m[*] [0mFuzzing test case #337 (706 total, 0 uniq crashes found)...[0m
[1;94m[*] [0mFuzzing test case #358 (706 total, 0 uniq crashes found)...[0m
[1;94m[*] [0mFuzzing test case #627 (706 total, 0 uniq crashes found)...[0m
[1;94m[*] [0mFuzzing test case #696 (706 total, 0 uniq crashes found)...[0m
[1;94m[*] [0mFuzzing test case #705 (709 total, 0 uniq crashes found)...[0m
[1;94m[*] [0mFuzzing test case #706 (710 total, 0 uniq crashes found)...[0m
[1;94m[*] [0mFuzzing test case #707 (711 total, 0 uniq crashes found)...[0m
[1;94m[*] [0mFuzzing test case #708 (711 total, 0 uniq crashes found)...[0m
[1;94m[*] [0mFuzzing test case #709 (711 total, 0 uniq crashes found)...[0m
[1;94m[*] [0mFuzzing test case #710 (717 total, 0 uniq crashes found)...[0m
[1;94m[*] [0mFuzzing test case #711 (717 total, 0 uniq crashes found)...[0m
[1;94m[*] [0mFuzzing test case #712 (717 total, 0 uniq crashes found)...[0m
[1;94m[*] [0mFuzzing test case #713 (717 total, 0 uniq crashes found)...[0m
[1;94m[*] [0mFuzzing test case #714 (717 total, 0 uniq crashes found)...[0m
[1;94m[*] [0mFuzzing test case #715 (717 total, 0 uniq crashes found)...[0m
[1;94m[*] [0mFuzzing test case #716 (717 total, 0 uniq crashes found)...[0m
[1;94m[*] [0mEntering queue cycle 6.[0m
[1;94m[*] [0mFuzzing test case #2 (717 total, 0 uniq crashes found)...[0m
[1;94m[*] [0mFuzzing test case #7 (717 total, 0 uniq crashes found)...[0m
[1;94m[*] [0mFuzzing test case #9 (717 total, 0 uniq crashes found)...[0m
[1;94m[*] [0mFuzzing test case #13 (717 total, 0 uniq crashes found)...[0m
[1;94m[*] [0mFuzzing test case #14 (717 total, 0 uniq crashes found)...[0m
[1;94m[*] [0mFuzzing test case #21 (717 total, 0 uniq crashes found)...[0m
[1;94m[*] [0mFuzzing test case #24 (717 total, 0 uniq crashes found)...[0m
[1;94m[*] [0mFuzzing test case #25 (717 total, 0 uniq crashes found)...[0m
[1;94m[*] [0mFuzzing test case #26 (717 total, 0 uniq crashes found)...[0m
[1;94m[*] [0mFuzzing test case #32 (717 total, 0 uniq crashes found)...[0m
[1;94m[*] [0mFuzzing test case #34 (717 total, 0 uniq crashes found)...[0m
[1;94m[*] [0mFuzzing test case #37 (717 total, 0 uniq crashes found)...[0m
[1;94m[*] [0mFuzzing test case #38 (717 total, 0 uniq crashes found)...[0m
[1;94m[*] [0mFuzzing test case #40 (718 total, 0 uniq crashes found)...[0m
[1;94m[*] [0mFuzzing test case #43 (718 total, 0 uniq crashes found)...[0m
[1;94m[*] [0mFuzzing test case #46 (718 total, 0 uniq crashes found)...[0m
[1;94m[*] [0mFuzzing test case #53 (719 total, 0 uniq crashes found)...[0m
[1;94m[*] [0mFuzzing test case #55 (719 total, 0 uniq crashes found)...[0m
[1;94m[*] [0mFuzzing test case #57 (719 total, 0 uniq crashes found)...[0m
[1;94m[*] [0mFuzzing test case #61 (719 total, 0 uniq crashes found)...[0m
[1;94m[*] [0mFuzzing test case #62 (719 total, 0 uniq crashes found)...[0m
[1;94m[*] [0mFuzzing test case #63 (719 total, 0 uniq crashes found)...[0m
[1;94m[*] [0mFuzzing test case #68 (720 total, 0 uniq crashes found)...[0m
[1;94m[*] [0mFuzzing test case #122 (723 total, 0 uniq crashes found)...[0m
[1;94m[*] [0mFuzzing test case #156 (723 total, 0 uniq crashes found)...[0m
[1;94m[*] [0mFuzzing test case #158 (723 total, 0 uniq crashes found)...[0m
[1;94m[*] [0mFuzzing test case #162 (723 total, 0 uniq crashes found)...[0m
[1;94m[*] [0mFuzzing test case #183 (723 total, 0 uniq crashes found)...[0m
[1;94m[*] [0mFuzzing test case #208 (724 total, 0 uniq crashes found)...[0m
[1;94m[*] [0mFuzzing test case #399 (724 total, 0 uniq crashes found)...[0m
[1;94m[*] [0mFuzzing test case #435 (724 total, 0 uniq crashes found)...[0m
[1;94m[*] [0mFuzzing test case #670 (724 total, 0 uniq crashes found)...[0m
[1;94m[*] [0mFuzzing test case #706 (724 total, 0 uniq crashes found)...[0m
[1;94m[*] [0mFuzzing test case #721 (724 total, 0 uniq crashes found)...[0m
[1;94m[*] [0mFuzzing test case #722 (725 total, 0 uniq crashes found)...[0m
[1;94m[*] [0mFuzzing test case #724 (727 total, 0 uniq crashes found)...[0m
[1;94m[*] [0mFuzzing test case #728 (729 total, 0 uniq crashes found)...[0m
[1;94m[*] [0mEntering queue cycle 7.[0m
[1;94m[*] [0mFuzzing test case #2 (729 total, 0 uniq crashes found)...[0m
[1;94m[*] [0mFuzzing test case #8 (730 total, 0 uniq crashes found)...[0m
[1;94m[*] [0mFuzzing test case #13 (730 total, 0 uniq crashes found)...[0m
[1;94m[*] [0mFuzzing test case #14 (730 total, 0 uniq crashes found)...[0m
[1;94m[*] [0mFuzzing test case #21 (730 total, 0 uniq crashes found)...[0m
[1;94m[*] [0mFuzzing test case #24 (730 total, 0 uniq crashes found)...[0m
[1;94m[*] [0mFuzzing test case #25 (730 total, 0 uniq crashes found)...[0m
[1;94m[*] [0mFuzzing test case #29 (730 total, 0 uniq crashes found)...[0m
[1;94m[*] [0mFuzzing test case #33 (730 total, 0 uniq crashes found)...[0m
[1;94m[*] [0mFuzzing test case #37 (730 total, 0 uniq crashes found)...[0m
[1;94m[*] [0mFuzzing test case #38 (730 total, 0 uniq crashes found)...[0m
[1;94m[*] [0mFuzzing test case #41 (730 total, 0 uniq crashes found)...[0m
[1;94m[*] [0mFuzzing test case #43 (730 total, 0 uniq crashes found)...[0m
[1;94m[*] [0mFuzzing test case #50 (731 total, 0 uniq crashes found)...[0m
[1;94m[*] [0mFuzzing test case #53 (731 total, 0 uniq crashes found)...[0m
[1;94m[*] [0mFuzzing test case #55 (731 total, 0 uniq crashes found)...[0m
[1;94m[*] [0mFuzzing test case #57 (731 total, 0 uniq crashes found)...[0m
[1;94m[*] [0mFuzzing test case #62 (731 total, 0 uniq crashes found)...[0m
[1;94m[*] [0mFuzzing test case #63 (731 total, 0 uniq crashes found)...[0m
[1;94m[*] [0mFuzzing test case #65 (731 total, 0 uniq crashes found)...[0m
[1;94m[*] [0mFuzzing test case #74 (731 total, 0 uniq crashes found)...[0m
[1;94m[*] [0mFuzzing test case #76 (731 total, 0 uniq crashes found)...[0m
[1;94m[*] [0mFuzzing test case #78 (731 total, 0 uniq crashes found)...[0m
[1;94m[*] [0mFuzzing test case #80 (731 total, 0 uniq crashes found)...[0m
[1;94m[*] [0mFuzzing test case #85 (732 total, 0 uniq crashes found)...[0m
[1;94m[*] [0mFuzzing test case #88 (732 total, 0 uniq crashes found)...[0m
[1;94m[*] [0mFuzzing test case #98 (733 total, 0 uniq crashes found)...[0m
[1;94m[*] [0mFuzzing test case #101 (733 total, 0 uniq crashes found)...[0m
[1;94m[*] [0mFuzzing test case #106 (733 total, 0 uniq crashes found)...[0m
[1;94m[*] [0mFuzzing test case #114 (733 total, 0 uniq crashes found)...[0m
[1;94m[*] [0mFuzzing test case #115 (733 total, 0 uniq crashes found)...[0m
[1;94m[*] [0mFuzzing test case #117 (733 total, 0 uniq crashes found)...[0m
[1;94m[*] [0mFuzzing test case #119 (735 total, 0 uniq crashes found)...[0m
[1;94m[*] [0mFuzzing test case #120 (735 total, 0 uniq crashes found)...[0m
[1;94m[*] [0mFuzzing test case #121 (735 total, 0 uniq crashes found)...[0m
[1;94m[*] [0mFuzzing test case #125 (735 total, 0 uniq crashes found)...[0m
[1;94m[*] [0mFuzzing test case #131 (735 total, 0 uniq crashes found)...[0m
[1;94m[*] [0mFuzzing test case #133 (735 total, 0 uniq crashes found)...[0m
[1;94m[*] [0mFuzzing test case #139 (735 total, 0 uniq crashes found)...[0m
[1;94m[*] [0mFuzzing test case #141 (735 total, 0 uniq crashes found)...[0m
[1;94m[*] [0mFuzzing test case #145 (735 total, 0 uniq crashes found)...[0m
[1;94m[*] [0mFuzzing test case #157 (735 total, 0 uniq crashes found)...[0m
[1;94m[*] [0mFuzzing test case #159 (735 total, 0 uniq crashes found)...[0m
[1;94m[*] [0mFuzzing test case #161 (735 total, 0 uniq crashes found)...[0m
[1;94m[*] [0mFuzzing test case #174 (735 total, 0 uniq crashes found)...[0m
[1;94m[*] [0mFuzzing test case #175 (735 total, 0 uniq crashes found)...[0m
[1;94m[*] [0mFuzzing test case #178 (735 total, 0 uniq crashes found)...[0m
[1;94m[*] [0mFuzzing test case #179 (735 total, 0 uniq crashes found)...[0m
[1;94m[*] [0mFuzzing test case #185 (735 total, 0 uniq crashes found)...[0m
[1;94m[*] [0mFuzzing test case #188 (735 total, 0 uniq crashes found)...[0m
[1;94m[*] [0mFuzzing test case #196 (735 total, 0 uniq crashes found)...[0m
[1;94m[*] [0mFuzzing test case #202 (735 total, 0 uniq crashes found)...[0m
[1;94m[*] [0mFuzzing test case #203 (735 total, 0 uniq crashes found)...[0m
[1;94m[*] [0mFuzzing test case #204 (735 total, 0 uniq crashes found)...[0m
[1;94m[*] [0mFuzzing test case #207 (735 total, 0 uniq crashes found)...[0m
[1;94m[*] [0mFuzzing test case #208 (735 total, 0 uniq crashes found)...[0m
[1;94m[*] [0mFuzzing test case #209 (735 total, 0 uniq crashes found)...[0m
[1;94m[*] [0mFuzzing test case #216 (736 total, 0 uniq crashes found)...[0m
[1;94m[*] [0mFuzzing test case #220 (736 total, 0 uniq crashes found)...[0m
[1;94m[*] [0mFuzzing test case #222 (736 total, 0 uniq crashes found)...[0m
[1;94m[*] [0mFuzzing test case #224 (736 total, 0 uniq crashes found)...[0m
[1;94m[*] [0mFuzzing test case #225 (737 total, 0 uniq crashes found)...[0m
[1;94m[*] [0mFuzzing test case #230 (737 total, 0 uniq crashes found)...[0m
[1;94m[*] [0mFuzzing test case #233 (737 total, 0 uniq crashes found)...[0m
[1;94m[*] [0mFuzzing test case #236 (737 total, 0 uniq crashes found)...[0m
[1;94m[*] [0mFuzzing test case #237 (737 total, 0 uniq crashes found)...[0m
[1;94m[*] [0mFuzzing test case #242 (737 total, 0 uniq crashes found)...[0m
[1;94m[*] [0mFuzzing test case #282 (738 total, 0 uniq crashes found)...[0m
[1;94m[*] [0mFuzzing test case #294 (738 total, 0 uniq crashes found)...[0m
[1;94m[*] [0mFuzzing test case #472 (738 total, 0 uniq crashes found)...[0m
[1;94m[*] [0mFuzzing test case #554 (738 total, 0 uniq crashes found)...[0m
[1;94m[*] [0mFuzzing test case #597 (738 total, 0 uniq crashes found)...[0m
[1;94m[*] [0mFuzzing test case #610 (738 total, 0 uniq crashes found)...[0m
[1;94m[*] [0mFuzzing test case #731 (738 total, 0 uniq crashes found)...[0m
[1;94m[*] [0mFuzzing test case #737 (738 total, 0 uniq crashes found)...[0m
[1;94m[*] [0mFuzzing test case #738 (739 total, 0 uniq crashes found)...[0m
[1;94m[*] [0mFuzzing test case #739 (740 total, 0 uniq crashes found)...[0m
[1;94m[*] [0mEntering queue cycle 8.[0m
[1;94m[*] [0mFuzzing test case #2 (740 total, 0 uniq crashes found)...[0m
[1;94m[*] [0mFuzzing test case #4 (740 total, 0 uniq crashes found)...[0m
[1;94m[*] [0mFuzzing test case #5 (740 total, 0 uniq crashes found)...[0m
[1;94m[*] [0mFuzzing test case #11 (740 total, 0 uniq crashes found)...[0m
[1;94m[*] [0mFuzzing test case #14 (740 total, 0 uniq crashes found)...[0m
[1;94m[*] [0mFuzzing test case #21 (740 total, 0 uniq crashes found)...[0m
[1;94m[*] [0mFuzzing test case #24 (740 total, 0 uniq crashes found)...[0m
[1;94m[*] [0mFuzzing test case #25 (740 total, 0 uniq crashes found)...[0m
[1;94m[*] [0mFuzzing test case #36 (740 total, 0 uniq crashes found)...[0m
[1;94m[*] [0mFuzzing test case #37 (740 total, 0 uniq crashes found)...[0m
[1;94m[*] [0mFuzzing test case #38 (740 total, 0 uniq crashes found)...[0m
[1;94m[*] [0mFuzzing test case #43 (740 total, 0 uniq crashes found)...[0m
[1;94m[*] [0mFuzzing test case #44 (740 total, 0 uniq crashes found)...[0m
[1;94m[*] [0mFuzzing test case #48 (740 total, 0 uniq crashes found)...[0m
[1;94m[*] [0mFuzzing test case #53 (740 total, 0 uniq crashes found)...[0m
[1;94m[*] [0mFuzzing test case #54 (740 total, 0 uniq crashes found)...[0m
[1;94m[*] [0mFuzzing test case #55 (740 total, 0 uniq crashes found)...[0m
[1;94m[*] [0mFuzzing test case #57 (740 total, 0 uniq crashes found)...[0m
[1;94m[*] [0mFuzzing test case #62 (740 total, 0 uniq crashes found)...[0m
[1;94m[*] [0mFuzzing test case #63 (740 total, 0 uniq crashes found)...[0m
[1;94m[*] [0mFuzzing test case #67 (740 total, 0 uniq crashes found)...[0m
[1;94m[*] [0mFuzzing test case #71 (740 total, 0 uniq crashes found)...[0m
[1;94m[*] [0mFuzzing test case #84 (741 total, 0 uniq crashes found)...[0m
[1;94m[*] [0mFuzzing test case #88 (741 total, 0 uniq crashes found)...[0m
[1;94m[*] [0mFuzzing test case #90 (741 total, 0 uniq crashes found)...[0m
[1;94m[*] [0mFuzzing test case #95 (741 total, 0 uniq crashes found)...[0m
[1;94m[*] [0mFuzzing test case #96 (741 total, 0 uniq crashes found)...[0m
[1;94m[*] [0mFuzzing test case #98 (741 total, 0 uniq crashes found)...[0m
[1;94m[*] [0mFuzzing test case #99 (741 total, 0 uniq crashes found)...[0m
[1;94m[*] [0mFuzzing test case #101 (741 total, 0 uniq crashes found)...[0m
[1;94m[*] [0mFuzzing test case #104 (741 total, 0 uniq crashes found)...[0m
[1;94m[*] [0mFuzzing test case #111 (741 total, 0 uniq crashes found)...[0m
[1;94m[*] [0mFuzzing test case #227 (742 total, 0 uniq crashes found)...[0m
[1;94m[*] [0mFuzzing test case #279 (742 total, 0 uniq crashes found)...[0m
[1;94m[*] [0mFuzzing test case #395 (742 total, 0 uniq crashes found)...[0m
[1;94m[*] [0mFuzzing test case #414 (742 total, 0 uniq crashes found)...[0m
[1;94m[*] [0mFuzzing test case #435 (742 total, 0 uniq crashes found)...[0m
[1;94m[*] [0mFuzzing test case #455 (742 total, 0 uniq crashes found)...[0m
[1;94m[*] [0mFuzzing test case #514 (743 total, 0 uniq crashes found)...[0m
[1;94m[*] [0mFuzzing test case #564 (744 total, 0 uniq crashes found)...[0m
[1;94m[*] [0mFuzzing test case #586 (744 total, 0 uniq crashes found)...[0m
[1;94m[*] [0mFuzzing test case #616 (744 total, 0 uniq crashes found)...[0m
[1;94m[*] [0mFuzzing test case #712 (744 total, 0 uniq crashes found)...[0m
[1;94m[*] [0mFuzzing test case #741 (744 total, 0 uniq crashes found)...[0m
[1;94m[*] [0mFuzzing test case #742 (744 total, 0 uniq crashes found)...[0m
[1;94m[*] [0mFuzzing test case #745 (749 total, 0 uniq crashes found)...[0m
[1;94m[*] [0mFuzzing test case #747 (751 total, 0 uniq crashes found)...[0m
[1;94m[*] [0mFuzzing test case #749 (752 total, 0 uniq crashes found)...[0m
[1;94m[*] [0mFuzzing test case #751 (752 total, 0 uniq crashes found)...[0m
[1;94m[*] [0mFuzzing test case #752 (758 total, 0 uniq crashes found)...[0m
[1;94m[*] [0mFuzzing test case #753 (758 total, 0 uniq crashes found)...[0m
[1;94m[*] [0mFuzzing test case #754 (758 total, 0 uniq crashes found)...[0m
[1;94m[*] [0mFuzzing test case #758 (759 total, 0 uniq crashes found)...[0m
[1;94m[*] [0mEntering queue cycle 9.[0m
[1;94m[*] [0mFuzzing test case #1 (759 total, 0 uniq crashes found)...[0m
[1;94m[*] [0mFuzzing test case #2 (759 total, 0 uniq crashes found)...[0m
[1;94m[*] [0mFuzzing test case #5 (759 total, 0 uniq crashes found)...[0m
[1;94m[*] [0mFuzzing test case #14 (759 total, 0 uniq crashes found)...[0m
[1;94m[*] [0mFuzzing test case #15 (759 total, 0 uniq crashes found)...[0m
[1;94m[*] [0mFuzzing test case #21 (759 total, 0 uniq crashes found)...[0m
[1;94m[*] [0mFuzzing test case #23 (760 total, 0 uniq crashes found)...[0m
[1;94m[*] [0mFuzzing test case #24 (760 total, 0 uniq crashes found)...[0m
[1;94m[*] [0mFuzzing test case #25 (760 total, 0 uniq crashes found)...[0m
[1;94m[*] [0mFuzzing test case #31 (760 total, 0 uniq crashes found)...[0m
[1;94m[*] [0mFuzzing test case #37 (760 total, 0 uniq crashes found)...[0m
[1;94m[*] [0mFuzzing test case #38 (760 total, 0 uniq crashes found)...[0m
[1;94m[*] [0mFuzzing test case #39 (760 total, 0 uniq crashes found)...[0m
[1;94m[*] [0mFuzzing test case #43 (760 total, 0 uniq crashes found)...[0m
[1;94m[*] [0mFuzzing test case #47 (760 total, 0 uniq crashes found)...[0m
[1;94m[*] [0mFuzzing test case #53 (760 total, 0 uniq crashes found)...[0m
[1;94m[*] [0mFuzzing test case #54 (760 total, 0 uniq crashes found)...[0m
[1;94m[*] [0mFuzzing test case #55 (760 total, 0 uniq crashes found)...[0m
[1;94m[*] [0mFuzzing test case #57 (760 total, 0 uniq crashes found)...[0m
[1;94m[*] [0mFuzzing test case #62 (760 total, 0 uniq crashes found)...[0m
[1;94m[*] [0mFuzzing test case #63 (760 total, 0 uniq crashes found)...[0m
[1;94m[*] [0mFuzzing test case #66 (760 total, 0 uniq crashes found)...[0m
[1;94m[*] [0mFuzzing test case #69 (760 total, 0 uniq crashes found)...[0m
[1;94m[*] [0mFuzzing test case #75 (760 total, 0 uniq crashes found)...[0m
[1;94m[*] [0mFuzzing test case #77 (760 total, 0 uniq crashes found)...[0m
[1;94m[*] [0mFuzzing test case #83 (760 total, 0 uniq crashes found)...[0m
[1;94m[*] [0mFuzzing test case #88 (760 total, 0 uniq crashes found)...[0m
[1;94m[*] [0mFuzzing test case #89 (760 total, 0 uniq crashes found)...[0m
[1;94m[*] [0mFuzzing test case #98 (760 total, 0 uniq crashes found)...[0m
[1;94m[*] [0mFuzzing test case #101 (760 total, 0 uniq crashes found)...[0m
[1;94m[*] [0mFuzzing test case #105 (760 total, 0 uniq crashes found)...[0m
[1;94m[*] [0mFuzzing test case #109 (760 total, 0 uniq crashes found)...[0m
[1;94m[*] [0mFuzzing test case #113 (760 total, 0 uniq crashes found)...[0m
[1;94m[*] [0mFuzzing test case #114 (760 total, 0 uniq crashes found)...[0m
[1;94m[*] [0mFuzzing test case #119 (760 total, 0 uniq crashes found)...[0m
[1;94m[*] [0mFuzzing test case #120 (760 total, 0 uniq crashes found)...[0m
[1;94m[*] [0mFuzzing test case #121 (760 total, 0 uniq crashes found)...[0m
[1;94m[*] [0mFuzzing test case #127 (760 total, 0 uniq crashes found)...[0m
[1;94m[*] [0mFuzzing test case #130 (761 total, 0 uniq crashes found)...[0m
[1;94m[*] [0mFuzzing test case #206 (762 total, 0 uniq crashes found)...[0m
[1;94m[*] [0mFuzzing test case #216 (762 total, 0 uniq crashes found)...[0m
[1;94m[*] [0mFuzzing test case #263 (762 total, 0 uniq crashes found)...[0m
[1;94m[*] [0mFuzzing test case #340 (762 total, 0 uniq crashes found)...[0m
[1;94m[*] [0mFuzzing test case #365 (762 total, 0 uniq crashes found)...[0m
[1;94m[*] [0mFuzzing test case #406 (762 total, 0 uniq crashes found)...[0m
[1;94m[*] [0mFuzzing test case #478 (762 total, 0 uniq crashes found)...[0m
[1;94m[*] [0mFuzzing test case #484 (762 total, 0 uniq crashes found)...[0m
[1;94m[*] [0mFuzzing test case #591 (763 total, 0 uniq crashes found)...[0m
[1;94m[*] [0mFuzzing test case #633 (763 total, 0 uniq crashes found)...[0m
[1;94m[*] [0mFuzzing test case #761 (763 total, 0 uniq crashes found)...[0m
[1;94m[*] [0mFuzzing test case #764 (766 total, 0 uniq crashes found)...[0m
[1;94m[*] [0mFuzzing test case #766 (769 total, 0 uniq crashes found)...[0m
[1;94m[*] [0mFuzzing test case #767 (770 total, 0 uniq crashes found)...[0m
[1;94m[*] [0mFuzzing test case #768 (774 total, 0 uniq crashes found)...[0m
[1;94m[*] [0mFuzzing test case #771 (774 total, 0 uniq crashes found)...[0m
[1;94m[*] [0mFuzzing test case #772 (775 total, 0 uniq crashes found)...[0m
[1;94m[*] [0mFuzzing test case #774 (775 total, 0 uniq crashes found)...[0m
[1;94m[*] [0mFuzzing test case #775 (779 total, 0 uniq crashes found)...[0m
[1;94m[*] [0mFuzzing test case #782 (788 total, 0 uniq crashes found)...[0m
[1;94m[*] [0mFuzzing test case #783 (791 total, 0 uniq crashes found)...[0m
[1;94m[*] [0mFuzzing test case #784 (791 total, 0 uniq crashes found)...[0m
[1;94m[*] [0mFuzzing test case #785 (792 total, 0 uniq crashes found)...[0m
[1;94m[*] [0mFuzzing test case #786 (792 total, 0 uniq crashes found)...[0m
[1;94m[*] [0mFuzzing test case #787 (792 total, 0 uniq crashes found)...[0m
[1;94m[*] [0mFuzzing test case #788 (792 total, 0 uniq crashes found)...[0m
[1;94m[*] [0mFuzzing test case #789 (792 total, 0 uniq crashes found)...[0m
[1;94m[*] [0mFuzzing test case #790 (792 total, 0 uniq crashes found)...[0m
[1;94m[*] [0mFuzzing test case #792 (793 total, 0 uniq crashes found)...[0m
[1;94m[*] [0mFuzzing test case #793 (794 total, 0 uniq crashes found)...[0m
[1;94m[*] [0mEntering queue cycle 10.[0m
[1;94m[*] [0mFuzzing test case #2 (794 total, 0 uniq crashes found)...[0m
[1;94m[*] [0mFuzzing test case #14 (794 total, 0 uniq crashes found)...[0m
[1;94m[*] [0mFuzzing test case #21 (794 total, 0 uniq crashes found)...[0m
[1;94m[*] [0mFuzzing test case #24 (794 total, 0 uniq crashes found)...[0m
[1;94m[*] [0mFuzzing test case #25 (794 total, 0 uniq crashes found)...[0m
[1;94m[*] [0mFuzzing test case #30 (794 total, 0 uniq crashes found)...[0m
[1;94m[*] [0mFuzzing test case #37 (794 total, 0 uniq crashes found)...[0m
[1;94m[*] [0mFuzzing test case #38 (794 total, 0 uniq crashes found)...[0m
[1;94m[*] [0mFuzzing test case #43 (794 total, 0 uniq crashes found)...[0m
[1;94m[*] [0mFuzzing test case #53 (794 total, 0 uniq crashes found)...[0m
[1;94m[*] [0mFuzzing test case #55 (794 total, 0 uniq crashes found)...[0m
[1;94m[*] [0mFuzzing test case #57 (794 total, 0 uniq crashes found)...[0m
[1;94m[*] [0mFuzzing test case #62 (794 total, 0 uniq crashes found)...[0m
[1;94m[*] [0mFuzzing test case #63 (794 total, 0 uniq crashes found)...[0m
[1;94m[*] [0mFuzzing test case #66 (794 total, 0 uniq crashes found)...[0m
[1;94m[*] [0mFuzzing test case #86 (794 total, 0 uniq crashes found)...[0m
[1;94m[*] [0mFuzzing test case #88 (794 total, 0 uniq crashes found)...[0m
[1;94m[*] [0mFuzzing test case #94 (794 total, 0 uniq crashes found)...[0m
[1;94m[*] [0mFuzzing test case #98 (794 total, 0 uniq crashes found)...[0m
[1;94m[*] [0mFuzzing test case #101 (794 total, 0 uniq crashes found)...[0m
[1;94m[*] [0mFuzzing test case #105 (794 total, 0 uniq crashes found)...[0m
[1;94m[*] [0mFuzzing test case #107 (794 total, 0 uniq crashes found)...[0m
[1;94m[*] [0mFuzzing test case #114 (794 total, 0 uniq crashes found)...[0m
[1;94m[*] [0mFuzzing test case #119 (794 total, 0 uniq crashes found)...[0m
[1;94m[*] [0mFuzzing test case #120 (794 total, 0 uniq crashes found)...[0m
[1;94m[*] [0mFuzzing test case #121 (794 total, 0 uniq crashes found)...[0m
[1;94m[*] [0mFuzzing test case #123 (794 total, 0 uniq crashes found)...[0m
[1;94m[*] [0mFuzzing test case #131 (794 total, 0 uniq crashes found)...[0m
[1;94m[*] [0mFuzzing test case #132 (794 total, 0 uniq crashes found)...[0m
[1;94m[*] [0mFuzzing test case #133 (794 total, 0 uniq crashes found)...[0m
[1;94m[*] [0mFuzzing test case #134 (794 total, 0 uniq crashes found)...[0m
[1;94m[*] [0mFuzzing test case #136 (794 total, 0 uniq crashes found)...[0m
[1;94m[*] [0mFuzzing test case #148 (795 total, 0 uniq crashes found)...[0m
[1;94m[*] [0mFuzzing test case #180 (795 total, 0 uniq crashes found)...[0m
[1;94m[*] [0mFuzzing test case #221 (795 total, 0 uniq crashes found)...[0m
[1;94m[*] [0mFuzzing test case #510 (795 total, 0 uniq crashes found)...[0m
[1;94m[*] [0mFuzzing test case #719 (795 total, 0 uniq crashes found)...[0m
[1;94m[*] [0mFuzzing test case #794 (799 total, 0 uniq crashes found)...[0m
[1;94m[*] [0mFuzzing test case #796 (799 total, 0 uniq crashes found)...[0m
[1;94m[*] [0mFuzzing test case #799 (801 total, 0 uniq crashes found)...[0m
[1;94m[*] [0mFuzzing test case #802 (803 total, 0 uniq crashes found)...[0m
[1;94m[*] [0mEntering queue cycle 11.[0m
[1;94m[*] [0mFuzzing test case #2 (803 total, 0 uniq crashes found)...[0m
[1;94m[*] [0mFuzzing test case #3 (803 total, 0 uniq crashes found)...[0m
[1;94m[*] [0mFuzzing test case #14 (803 total, 0 uniq crashes found)...[0m
[1;94m[*] [0mFuzzing test case #21 (803 total, 0 uniq crashes found)...[0m
[1;94m[*] [0mFuzzing test case #24 (803 total, 0 uniq crashes found)...[0m
[1;94m[*] [0mFuzzing test case #25 (803 total, 0 uniq crashes found)...[0m
[1;94m[*] [0mFuzzing test case #37 (803 total, 0 uniq crashes found)...[0m
[1;94m[*] [0mFuzzing test case #38 (803 total, 0 uniq crashes found)...[0m
[1;94m[*] [0mFuzzing test case #42 (803 total, 0 uniq crashes found)...[0m
[1;94m[*] [0mFuzzing test case #43 (803 total, 0 uniq crashes found)...[0m
[1;94m[*] [0mFuzzing test case #53 (803 total, 0 uniq crashes found)...[0m
[1;94m[*] [0mFuzzing test case #55 (803 total, 0 uniq crashes found)...[0m
[1;94m[*] [0mFuzzing test case #57 (803 total, 0 uniq crashes found)...[0m
[1;94m[*] [0mFuzzing test case #58 (803 total, 0 uniq crashes found)...[0m
[1;94m[*] [0mFuzzing test case #62 (803 total, 0 uniq crashes found)...[0m
[1;94m[*] [0mFuzzing test case #63 (803 total, 0 uniq crashes found)...[0m
[1;94m[*] [0mFuzzing test case #67 (803 total, 0 uniq crashes found)...[0m
[1;94m[*] [0mFuzzing test case #70 (803 total, 0 uniq crashes found)...[0m
[1;94m[*] [0mFuzzing test case #77 (804 total, 0 uniq crashes found)...[0m
[1;94m[*] [0mFuzzing test case #82 (804 total, 0 uniq crashes found)...[0m
[1;94m[*] [0mFuzzing test case #88 (804 total, 0 uniq crashes found)...[0m
[1;94m[*] [0mFuzzing test case #97 (804 total, 0 uniq crashes found)...[0m
[1;94m[*] [0mFuzzing test case #98 (804 total, 0 uniq crashes found)...[0m
[1;94m[*] [0mFuzzing test case #101 (804 total, 0 uniq crashes found)...[0m
[1;94m[*] [0mFuzzing test case #102 (804 total, 0 uniq crashes found)...[0m
[1;94m[*] [0mFuzzing test case #114 (804 total, 0 uniq crashes found)...[0m
[1;94m[*] [0mFuzzing test case #119 (804 total, 0 uniq crashes found)...[0m
[1;94m[*] [0mFuzzing test case #120 (804 total, 0 uniq crashes found)...[0m
[1;94m[*] [0mFuzzing test case #181 (805 total, 0 uniq crashes found)...[0m
[1;94m[*] [0mFuzzing test case #240 (805 total, 0 uniq crashes found)...[0m
[1;94m[*] [0mFuzzing test case #457 (805 total, 0 uniq crashes found)...[0m
[1;94m[*] [0mFuzzing test case #553 (805 total, 0 uniq crashes found)...[0m
[1;94m[*] [0mFuzzing test case #600 (805 total, 0 uniq crashes found)...[0m
[1;94m[*] [0mFuzzing test case #632 (805 total, 0 uniq crashes found)...[0m
[1;94m[*] [0mFuzzing test case #656 (806 total, 0 uniq crashes found)...[0m
[1;94m[*] [0mFuzzing test case #711 (807 total, 0 uniq crashes found)...[0m
[1;94m[*] [0mFuzzing test case #804 (807 total, 0 uniq crashes found)...[0m
[1;94m[*] [0mFuzzing test case #805 (808 total, 0 uniq crashes found)...[0m
[1;94m[*] [0mFuzzing test case #808 (810 total, 0 uniq crashes found)...[0m
[1;94m[*] [0mFuzzing test case #809 (810 total, 0 uniq crashes found)...[0m
[1;94m[*] [0mEntering queue cycle 12.[0m
[1;94m[*] [0mFuzzing test case #2 (810 total, 0 uniq crashes found)...[0m
[1;94m[*] [0mFuzzing test case #8 (810 total, 0 uniq crashes found)...[0m
[1;94m[*] [0mFuzzing test case #12 (810 total, 0 uniq crashes found)...[0m
[1;94m[*] [0mFuzzing test case #14 (810 total, 0 uniq crashes found)...[0m
[1;94m[*] [0mFuzzing test case #18 (810 total, 0 uniq crashes found)...[0m
[1;94m[*] [0mFuzzing test case #21 (810 total, 0 uniq crashes found)...[0m
[1;94m[*] [0mFuzzing test case #24 (810 total, 0 uniq crashes found)...[0m
[1;94m[*] [0mFuzzing test case #25 (810 total, 0 uniq crashes found)...[0m
[1;94m[*] [0mFuzzing test case #35 (810 total, 0 uniq crashes found)...[0m
[1;94m[*] [0mFuzzing test case #37 (811 total, 0 uniq crashes found)...[0m
[1;94m[*] [0mFuzzing test case #38 (811 total, 0 uniq crashes found)...[0m
[1;94m[*] [0mFuzzing test case #43 (812 total, 0 uniq crashes found)...[0m
[1;94m[*] [0mFuzzing test case #193 (812 total, 0 uniq crashes found)...[0m
[1;94m[*] [0mFuzzing test case #273 (812 total, 0 uniq crashes found)...[0m
[1;94m[*] [0mFuzzing test case #313 (812 total, 0 uniq crashes found)...[0m
[1;94m[*] [0mFuzzing test case #321 (813 total, 0 uniq crashes found)...[0m
[1;94m[*] [0mFuzzing test case #452 (813 total, 0 uniq crashes found)...[0m
[1;94m[*] [0mFuzzing test case #535 (813 total, 0 uniq crashes found)...[0m
[1;94m[*] [0mFuzzing test case #560 (813 total, 0 uniq crashes found)...[0m
[1;94m[*] [0mFuzzing test case #597 (813 total, 0 uniq crashes found)...[0m
[1;94m[*] [0mFuzzing test case #715 (813 total, 0 uniq crashes found)...[0m
[1;94m[*] [0mFuzzing test case #810 (813 total, 0 uniq crashes found)...[0m
[1;94m[*] [0mFuzzing test case #811 (813 total, 0 uniq crashes found)...[0m
[1;94m[*] [0mFuzzing test case #812 (815 total, 0 uniq crashes found)...[0m
[1;94m[*] [0mEntering queue cycle 13.[0m
[1;94m[*] [0mFuzzing test case #2 (815 total, 0 uniq crashes found)...[0m
[1;94m[*] [0mFuzzing test case #14 (815 total, 0 uniq crashes found)...[0m
[1;94m[*] [0mFuzzing test case #21 (815 total, 0 uniq crashes found)...[0m
[1;94m[*] [0mFuzzing test case #24 (815 total, 0 uniq crashes found)...[0m
[1;94m[*] [0mFuzzing test case #25 (815 total, 0 uniq crashes found)...[0m
[1;94m[*] [0mFuzzing test case #37 (815 total, 0 uniq crashes found)...[0m
[1;94m[*] [0mFuzzing test case #38 (815 total, 0 uniq crashes found)...[0m
[1;94m[*] [0mFuzzing test case #43 (815 total, 0 uniq crashes found)...[0m
[1;94m[*] [0mFuzzing test case #53 (815 total, 0 uniq crashes found)...[0m
[1;94m[*] [0mFuzzing test case #55 (815 total, 0 uniq crashes found)...[0m
[1;94m[*] [0mFuzzing test case #57 (815 total, 0 uniq crashes found)...[0m
[1;94m[*] [0mFuzzing test case #62 (815 total, 0 uniq crashes found)...[0m
[1;94m[*] [0mFuzzing test case #63 (815 total, 0 uniq crashes found)...[0m
[1;94m[*] [0mFuzzing test case #87 (815 total, 0 uniq crashes found)...[0m
[1;94m[*] [0mFuzzing test case #88 (815 total, 0 uniq crashes found)...[0m
[1;94m[*] [0mFuzzing test case #98 (815 total, 0 uniq crashes found)...[0m
[1;94m[*] [0mFuzzing test case #101 (815 total, 0 uniq crashes found)...[0m
[1;94m[*] [0mFuzzing test case #114 (815 total, 0 uniq crashes found)...[0m
[1;94m[*] [0mFuzzing test case #119 (815 total, 0 uniq crashes found)...[0m
[1;94m[*] [0mFuzzing test case #121 (815 total, 0 uniq crashes found)...[0m
[1;94m[*] [0mFuzzing test case #124 (815 total, 0 uniq crashes found)...[0m
[1;94m[*] [0mFuzzing test case #129 (815 total, 0 uniq crashes found)...[0m
[1;94m[*] [0mFuzzing test case #131 (815 total, 0 uniq crashes found)...[0m
[1;94m[*] [0mFuzzing test case #132 (815 total, 0 uniq crashes found)...[0m
[1;94m[*] [0mFuzzing test case #133 (815 total, 0 uniq crashes found)...[0m
[1;94m[*] [0mFuzzing test case #143 (815 total, 0 uniq crashes found)...[0m
[1;94m[*] [0mFuzzing test case #144 (815 total, 0 uniq crashes found)...[0m
[1;94m[*] [0mFuzzing test case #147 (815 total, 0 uniq crashes found)...[0m
[1;94m[*] [0mFuzzing test case #151 (815 total, 0 uniq crashes found)...[0m
[1;94m[*] [0mFuzzing test case #153 (815 total, 0 uniq crashes found)...[0m
[1;94m[*] [0mFuzzing test case #165 (815 total, 0 uniq crashes found)...[0m
[1;94m[*] [0mFuzzing test case #175 (815 total, 0 uniq crashes found)...[0m
[1;94m[*] [0mFuzzing test case #178 (815 total, 0 uniq crashes found)...[0m
[1;94m[*] [0mFuzzing test case #184 (815 total, 0 uniq crashes found)...[0m
[1;94m[*] [0mFuzzing test case #186 (815 total, 0 uniq crashes found)...[0m
[1;94m[*] [0mFuzzing test case #196 (815 total, 0 uniq crashes found)...[0m
[1;94m[*] [0mFuzzing test case #197 (815 total, 0 uniq crashes found)...[0m
[1;94m[*] [0mFuzzing test case #202 (815 total, 0 uniq crashes found)...[0m
[1;94m[*] [0mFuzzing test case #204 (815 total, 0 uniq crashes found)...[0m
[1;94m[*] [0mFuzzing test case #205 (815 total, 0 uniq crashes found)...[0m
[1;94m[*] [0mFuzzing test case #208 (815 total, 0 uniq crashes found)...[0m
[1;94m[*] [0mFuzzing test case #220 (815 total, 0 uniq crashes found)...[0m
[1;94m[*] [0mFuzzing test case #221 (815 total, 0 uniq crashes found)...[0m
[1;94m[*] [0mFuzzing test case #224 (815 total, 0 uniq crashes found)...[0m
[1;94m[*] [0mFuzzing test case #230 (816 total, 0 uniq crashes found)...[0m
[1;94m[*] [0mFuzzing test case #626 (816 total, 0 uniq crashes found)...[0m
[1;94m[*] [0mFuzzing test case #639 (816 total, 0 uniq crashes found)...[0m
[1;94m[*] [0mFuzzing test case #757 (816 total, 0 uniq crashes found)...[0m
[1;94m[*] [0mFuzzing test case #815 (820 total, 0 uniq crashes found)...[0m
[1;94m[*] [0mEntering queue cycle 14.[0m
[1;94m[*] [0mFuzzing test case #2 (820 total, 0 uniq crashes found)...[0m
[1;94m[*] [0mFuzzing test case #13 (820 total, 0 uniq crashes found)...[0m
[1;94m[*] [0mFuzzing test case #14 (820 total, 0 uniq crashes found)...[0m
[1;94m[*] [0mFuzzing test case #21 (820 total, 0 uniq crashes found)...[0m
[1;94m[*] [0mFuzzing test case #23 (820 total, 0 uniq crashes found)...[0m
[1;94m[*] [0mFuzzing test case #24 (821 total, 0 uniq crashes found)...[0m
[1;94m[*] [0mFuzzing test case #25 (821 total, 0 uniq crashes found)...[0m
[1;94m[*] [0mFuzzing test case #37 (821 total, 0 uniq crashes found)...[0m
[1;94m[*] [0mFuzzing test case #38 (821 total, 0 uniq crashes found)...[0m
[1;94m[*] [0mFuzzing test case #43 (821 total, 0 uniq crashes found)...[0m
[1;94m[*] [0mFuzzing test case #47 (821 total, 0 uniq crashes found)...[0m
[1;94m[*] [0mFuzzing test case #49 (821 total, 0 uniq crashes found)...[0m
[1;94m[*] [0mFuzzing test case #53 (821 total, 0 uniq crashes found)...[0m
[1;94m[*] [0mFuzzing test case #55 (821 total, 0 uniq crashes found)...[0m
[1;94m[*] [0mFuzzing test case #56 (821 total, 0 uniq crashes found)...[0m
[1;94m[*] [0mFuzzing test case #57 (821 total, 0 uniq crashes found)...[0m
[1;94m[*] [0mFuzzing test case #62 (821 total, 0 uniq crashes found)...[0m
[1;94m[*] [0mFuzzing test case #63 (821 total, 0 uniq crashes found)...[0m
[1;94m[*] [0mFuzzing test case #84 (821 total, 0 uniq crashes found)...[0m
[1;94m[*] [0mFuzzing test case #88 (821 total, 0 uniq crashes found)...[0m
[1;94m[*] [0mFuzzing test case #89 (821 total, 0 uniq crashes found)...[0m
[1;94m[*] [0mFuzzing test case #91 (821 total, 0 uniq crashes found)...[0m
[1;94m[*] [0mFuzzing test case #98 (821 total, 0 uniq crashes found)...[0m
[1;94m[*] [0mFuzzing test case #101 (821 total, 0 uniq crashes found)...[0m
[1;94m[*] [0mFuzzing test case #103 (821 total, 0 uniq crashes found)...[0m
[1;94m[*] [0mFuzzing test case #114 (821 total, 0 uniq crashes found)...[0m
[1;94m[*] [0mFuzzing test case #119 (821 total, 0 uniq crashes found)...[0m
[1;94m[*] [0mFuzzing test case #121 (821 total, 0 uniq crashes found)...[0m
[1;94m[*] [0mFuzzing test case #131 (821 total, 0 uniq crashes found)...[0m
[1;94m[*] [0mFuzzing test case #133 (821 total, 0 uniq crashes found)...[0m
[1;94m[*] [0mFuzzing test case #137 (821 total, 0 uniq crashes found)...[0m
[1;94m[*] [0mFuzzing test case #146 (821 total, 0 uniq crashes found)...[0m
[1;94m[*] [0mFuzzing test case #153 (821 total, 0 uniq crashes found)...[0m
[1;94m[*] [0mFuzzing test case #182 (822 total, 0 uniq crashes found)...[0m
[1;94m[*] [0mFuzzing test case #241 (822 total, 0 uniq crashes found)...[0m
[1;94m[*] [0mFuzzing test case #311 (822 total, 0 uniq crashes found)...[0m
[1;94m[*] [0mFuzzing test case #377 (822 total, 0 uniq crashes found)...[0m
[1;94m[*] [0mFuzzing test case #396 (822 total, 0 uniq crashes found)...[0m
[1;94m[*] [0mFuzzing test case #542 (825 total, 0 uniq crashes found)...[0m
[1;94m[*] [0mFuzzing test case #544 (825 total, 0 uniq crashes found)...[0m
[1;94m[*] [0mFuzzing test case #621 (825 total, 0 uniq crashes found)...[0m
[1;94m[*] [0mFuzzing test case #746 (825 total, 0 uniq crashes found)...[0m
[1;94m[*] [0mFuzzing test case #764 (825 total, 0 uniq crashes found)...[0m
[1;94m[*] [0mFuzzing test case #800 (825 total, 0 uniq crashes found)...[0m
[1;94m[*] [0mFuzzing test case #821 (825 total, 0 uniq crashes found)...[0m
[1;94m[*] [0mFuzzing test case #822 (825 total, 0 uniq crashes found)...[0m
[1;94m[*] [0mFuzzing test case #823 (825 total, 0 uniq crashes found)...[0m
[1;94m[*] [0mFuzzing test case #824 (826 total, 0 uniq crashes found)...[0m
[1;94m[*] [0mFuzzing test case #825 (828 total, 0 uniq crashes found)...[0m
[1;94m[*] [0mFuzzing test case #826 (828 total, 0 uniq crashes found)...[0m
[1;94m[*] [0mEntering queue cycle 15.[0m
[1;94m[*] [0mFuzzing test case #2 (828 total, 0 uniq crashes found)...[0m
[1;94m[*] [0mFuzzing test case #11 (828 total, 0 uniq crashes found)...[0m
[1;94m[*] [0mFuzzing test case #14 (828 total, 0 uniq crashes found)...[0m
[1;94m[*] [0mFuzzing test case #20 (828 total, 0 uniq crashes found)...[0m
[1;94m[*] [0mFuzzing test case #21 (828 total, 0 uniq crashes found)...[0m
[1;94m[*] [0mFuzzing test case #24 (828 total, 0 uniq crashes found)...[0m
[1;94m[*] [0mFuzzing test case #25 (828 total, 0 uniq crashes found)...[0m
[1;94m[*] [0mFuzzing test case #27 (828 total, 0 uniq crashes found)...[0m
[1;94m[*] [0mFuzzing test case #37 (828 total, 0 uniq crashes found)...[0m
[1;94m[*] [0mFuzzing test case #38 (828 total, 0 uniq crashes found)...[0m
[1;94m[*] [0mFuzzing test case #43 (828 total, 0 uniq crashes found)...[0m
[1;94m[*] [0mFuzzing test case #53 (828 total, 0 uniq crashes found)...[0m
[1;94m[*] [0mFuzzing test case #55 (828 total, 0 uniq crashes found)...[0m
[1;94m[*] [0mFuzzing test case #57 (828 total, 0 uniq crashes found)...[0m
[1;94m[*] [0mFuzzing test case #62 (828 total, 0 uniq crashes found)...[0m
[1;94m[*] [0mFuzzing test case #63 (828 total, 0 uniq crashes found)...[0m
[1;94m[*] [0mFuzzing test case #65 (828 total, 0 uniq crashes found)...[0m
[1;94m[*] [0mFuzzing test case #73 (828 total, 0 uniq crashes found)...[0m
[1;94m[*] [0mFuzzing test case #88 (828 total, 0 uniq crashes found)...[0m
[1;94m[*] [0mFuzzing test case #98 (828 total, 0 uniq crashes found)...[0m
[1;94m[*] [0mFuzzing test case #101 (828 total, 0 uniq crashes found)...[0m
[1;94m[*] [0mFuzzing test case #114 (828 total, 0 uniq crashes found)...[0m
[1;94m[*] [0mFuzzing test case #116 (828 total, 0 uniq crashes found)...[0m
[1;94m[*] [0mFuzzing test case #485 (830 total, 0 uniq crashes found)...[0m
[1;94m[*] [0mFuzzing test case #718 (830 total, 0 uniq crashes found)...[0m
[1;94m[*] [0mFuzzing test case #828 (830 total, 0 uniq crashes found)...[0m
[1;94m[*] [0mFuzzing test case #829 (830 total, 0 uniq crashes found)...[0m
[1;94m[*] [0mEntering queue cycle 16.[0m
[1;94m[*] [0mFuzzing test case #2 (830 total, 0 uniq crashes found)...[0m
[1;94m[*] [0mFuzzing test case #14 (830 total, 0 uniq crashes found)...[0m
[1;94m[*] [0mFuzzing test case #21 (830 total, 0 uniq crashes found)...[0m
[1;94m[*] [0mFuzzing test case #24 (830 total, 0 uniq crashes found)...[0m
[1;94m[*] [0mFuzzing test case #25 (830 total, 0 uniq crashes found)...[0m
[1;94m[*] [0mFuzzing test case #37 (830 total, 0 uniq crashes found)...[0m
[1;94m[*] [0mFuzzing test case #38 (830 total, 0 uniq crashes found)...[0m
[1;94m[*] [0mFuzzing test case #43 (830 total, 0 uniq crashes found)...[0m
[1;94m[*] [0mFuzzing test case #53 (830 total, 0 uniq crashes found)...[0m
[1;94m[*] [0mFuzzing test case #55 (830 total, 0 uniq crashes found)...[0m
[1;94m[*] [0mFuzzing test case #57 (830 total, 0 uniq crashes found)...[0m
[1;94m[*] [0mFuzzing test case #62 (830 total, 0 uniq crashes found)...[0m
[1;94m[*] [0mFuzzing test case #63 (830 total, 0 uniq crashes found)...[0m
[1;94m[*] [0mFuzzing test case #64 (830 total, 0 uniq crashes found)...[0m
[1;94m[*] [0mFuzzing test case #88 (830 total, 0 uniq crashes found)...[0m
[1;94m[*] [0mFuzzing test case #98 (830 total, 0 uniq crashes found)...[0m
[1;94m[*] [0mFuzzing test case #101 (830 total, 0 uniq crashes found)...[0m
[1;94m[*] [0mFuzzing test case #114 (830 total, 0 uniq crashes found)...[0m
[1;94m[*] [0mFuzzing test case #118 (830 total, 0 uniq crashes found)...[0m
[1;94m[*] [0mFuzzing test case #119 (830 total, 0 uniq crashes found)...[0m
[1;94m[*] [0mFuzzing test case #121 (830 total, 0 uniq crashes found)...[0m
[1;94m[*] [0mFuzzing test case #131 (830 total, 0 uniq crashes found)...[0m
[1;94m[*] [0mFuzzing test case #133 (830 total, 0 uniq crashes found)...[0m
[1;94m[*] [0mFuzzing test case #135 (830 total, 0 uniq crashes found)...[0m
[1;94m[*] [0mFuzzing test case #140 (830 total, 0 uniq crashes found)...[0m
[1;94m[*] [0mFuzzing test case #149 (830 total, 0 uniq crashes found)...[0m
[1;94m[*] [0mFuzzing test case #168 (830 total, 0 uniq crashes found)...[0m
[1;94m[*] [0mFuzzing test case #173 (830 total, 0 uniq crashes found)...[0m
[1;94m[*] [0mFuzzing test case #175 (830 total, 0 uniq crashes found)...[0m
[1;94m[*] [0mFuzzing test case #178 (830 total, 0 uniq crashes found)...[0m
[1;94m[*] [0mFuzzing test case #189 (830 total, 0 uniq crashes found)...[0m
[1;94m[*] [0mFuzzing test case #192 (830 total, 0 uniq crashes found)...[0m
[1;94m[*] [0mFuzzing test case #196 (830 total, 0 uniq crashes found)...[0m
[1;94m[*] [0mFuzzing test case #200 (830 total, 0 uniq crashes found)...[0m
[1;94m[*] [0mFuzzing test case #201 (830 total, 0 uniq crashes found)...[0m
[1;94m[*] [0mFuzzing test case #202 (830 total, 0 uniq crashes found)...[0m
[1;94m[*] [0mFuzzing test case #204 (830 total, 0 uniq crashes found)...[0m
[1;94m[*] [0mFuzzing test case #205 (830 total, 0 uniq crashes found)...[0m
[1;94m[*] [0mFuzzing test case #208 (830 total, 0 uniq crashes found)...[0m
[1;94m[*] [0mFuzzing test case #210 (830 total, 0 uniq crashes found)...[0m
[1;94m[*] [0mFuzzing test case #213 (830 total, 0 uniq crashes found)...[0m
[1;94m[*] [0mFuzzing test case #214 (830 total, 0 uniq crashes found)...[0m
[1;94m[*] [0mFuzzing test case #215 (830 total, 0 uniq crashes found)...[0m
[1;94m[*] [0mFuzzing test case #220 (830 total, 0 uniq crashes found)...[0m
[1;94m[*] [0mFuzzing test case #224 (830 total, 0 uniq crashes found)...[0m
[1;94m[*] [0mFuzzing test case #225 (830 total, 0 uniq crashes found)...[0m
[1;94m[*] [0mFuzzing test case #230 (830 total, 0 uniq crashes found)...[0m
[1;94m[*] [0mFuzzing test case #233 (830 total, 0 uniq crashes found)...[0m
[1;94m[*] [0mFuzzing test case #234 (830 total, 0 uniq crashes found)...[0m
[1;94m[*] [0mFuzzing test case #248 (830 total, 0 uniq crashes found)...[0m
[1;94m[*] [0mFuzzing test case #253 (830 total, 0 uniq crashes found)...[0m
[1;94m[*] [0mFuzzing test case #258 (830 total, 0 uniq crashes found)...[0m
[1;94m[*] [0mFuzzing test case #261 (830 total, 0 uniq crashes found)...[0m
[1;94m[*] [0mFuzzing test case #264 (830 total, 0 uniq crashes found)...[0m
[1;94m[*] [0mFuzzing test case #268 (830 total, 0 uniq crashes found)...[0m
[1;94m[*] [0mFuzzing test case #269 (830 total, 0 uniq crashes found)...[0m
[1;94m[*] [0mFuzzing test case #273 (830 total, 0 uniq crashes found)...[0m
[1;94m[*] [0mFuzzing test case #274 (830 total, 0 uniq crashes found)...[0m
[1;94m[*] [0mFuzzing test case #277 (830 total, 0 uniq crashes found)...[0m
[1;94m[*] [0mFuzzing test case #280 (830 total, 0 uniq crashes found)...[0m
[1;94m[*] [0mFuzzing test case #281 (830 total, 0 uniq crashes found)...[0m
[1;94m[*] [0mFuzzing test case #289 (830 total, 0 uniq crashes found)...[0m
[1;94m[*] [0mFuzzing test case #291 (830 total, 0 uniq crashes found)...[0m
[1;94m[*] [0mFuzzing test case #292 (830 total, 0 uniq crashes found)...[0m
[1;94m[*] [0mFuzzing test case #293 (830 total, 0 uniq crashes found)...[0m
[1;94m[*] [0mFuzzing test case #297 (830 total, 0 uniq crashes found)...[0m
[1;94m[*] [0mFuzzing test case #299 (830 total, 0 uniq crashes found)...[0m
[1;94m[*] [0mFuzzing test case #302 (830 total, 0 uniq crashes found)...[0m
[1;94m[*] [0mFuzzing test case #304 (830 total, 0 uniq crashes found)...[0m
[1;94m[*] [0mFuzzing test case #307 (830 total, 0 uniq crashes found)...[0m
[1;94m[*] [0mFuzzing test case #308 (830 total, 0 uniq crashes found)...[0m
[1;94m[*] [0mFuzzing test case #309 (830 total, 0 uniq crashes found)...[0m
[1;94m[*] [0mFuzzing test case #311 (830 total, 0 uniq crashes found)...[0m
[1;94m[*] [0mFuzzing test case #312 (830 total, 0 uniq crashes found)...[0m
[1;94m[*] [0mFuzzing test case #313 (830 total, 0 uniq crashes found)...[0m
[1;94m[*] [0mFuzzing test case #315 (830 total, 0 uniq crashes found)...[0m
[1;94m[*] [0mFuzzing test case #316 (830 total, 0 uniq crashes found)...[0m
[1;94m[*] [0mFuzzing test case #319 (830 total, 0 uniq crashes found)...[0m
[1;94m[*] [0mFuzzing test case #325 (830 total, 0 uniq crashes found)...[0m
[1;94m[*] [0mFuzzing test case #326 (830 total, 0 uniq crashes found)...[0m
[1;94m[*] [0mFuzzing test case #327 (830 total, 0 uniq crashes found)...[0m
[1;94m[*] [0mFuzzing test case #328 (830 total, 0 uniq crashes found)...[0m
[1;94m[*] [0mFuzzing test case #329 (830 total, 0 uniq crashes found)...[0m
[1;94m[*] [0mFuzzing test case #332 (830 total, 0 uniq crashes found)...[0m
[1;94m[*] [0mFuzzing test case #334 (830 total, 0 uniq crashes found)...[0m
[1;94m[*] [0mFuzzing test case #336 (830 total, 0 uniq crashes found)...[0m
[1;94m[*] [0mFuzzing test case #340 (830 total, 0 uniq crashes found)...[0m
[1;94m[*] [0mFuzzing test case #341 (831 total, 0 uniq crashes found)...[0m
[1;94m[*] [0mFuzzing test case #343 (831 total, 0 uniq crashes found)...[0m
[1;94m[*] [0mFuzzing test case #344 (831 total, 0 uniq crashes found)...[0m
[1;94m[*] [0mFuzzing test case #346 (831 total, 0 uniq crashes found)...[0m
[1;94m[*] [0mFuzzing test case #352 (831 total, 0 uniq crashes found)...[0m
[1;94m[*] [0mFuzzing test case #353 (831 total, 0 uniq crashes found)...[0m
[1;94m[*] [0mFuzzing test case #354 (831 total, 0 uniq crashes found)...[0m
[1;94m[*] [0mFuzzing test case #355 (831 total, 0 uniq crashes found)...[0m
[1;94m[*] [0mFuzzing test case #358 (831 total, 0 uniq crashes found)...[0m
[1;94m[*] [0mFuzzing test case #359 (831 total, 0 uniq crashes found)...[0m
[1;94m[*] [0mFuzzing test case #360 (831 total, 0 uniq crashes found)...[0m
[1;94m[*] [0mFuzzing test case #361 (831 total, 0 uniq crashes found)...[0m
[1;94m[*] [0mFuzzing test case #362 (831 total, 0 uniq crashes found)...[0m
[1;94m[*] [0mFuzzing test case #363 (831 total, 0 uniq crashes found)...[0m
[1;94m[*] [0mFuzzing test case #364 (831 total, 0 uniq crashes found)...[0m
[1;94m[*] [0mFuzzing test case #365 (831 total, 0 uniq crashes found)...[0m
[1;94m[*] [0mFuzzing test case #367 (831 total, 0 uniq crashes found)...[0m
[1;94m[*] [0mFuzzing test case #370 (831 total, 0 uniq crashes found)...[0m
[1;94m[*] [0mFuzzing test case #371 (831 total, 0 uniq crashes found)...[0m
[1;94m[*] [0mFuzzing test case #372 (831 total, 0 uniq crashes found)...[0m
[1;94m[*] [0mFuzzing test case #382 (831 total, 0 uniq crashes found)...[0m
[1;94m[*] [0mFuzzing test case #386 (831 total, 0 uniq crashes found)...[0m
[1;94m[*] [0mFuzzing test case #388 (831 total, 0 uniq crashes found)...[0m
[1;94m[*] [0mFuzzing test case #392 (831 total, 0 uniq crashes found)...[0m
[1;94m[*] [0mFuzzing test case #394 (831 total, 0 uniq crashes found)...[0m
[1;94m[*] [0mFuzzing test case #397 (831 total, 0 uniq crashes found)...[0m
[1;94m[*] [0mFuzzing test case #398 (831 total, 0 uniq crashes found)...[0m
[1;94m[*] [0mFuzzing test case #400 (831 total, 0 uniq crashes found)...[0m
[1;94m[*] [0mFuzzing test case #401 (831 total, 0 uniq crashes found)...[0m
[1;94m[*] [0mFuzzing test case #402 (831 total, 0 uniq crashes found)...[0m
[1;94m[*] [0mFuzzing test case #403 (831 total, 0 uniq crashes found)...[0m
[1;94m[*] [0mFuzzing test case #406 (831 total, 0 uniq crashes found)...[0m
[1;94m[*] [0mFuzzing test case #407 (831 total, 0 uniq crashes found)...[0m
[1;94m[*] [0mFuzzing test case #410 (831 total, 0 uniq crashes found)...[0m
[1;94m[*] [0mFuzzing test case #421 (831 total, 0 uniq crashes found)...[0m
[1;94m[*] [0mFuzzing test case #423 (831 total, 0 uniq crashes found)...[0m
[1;94m[*] [0mFuzzing test case #425 (831 total, 0 uniq crashes found)...[0m
[1;94m[*] [0mFuzzing test case #427 (831 total, 0 uniq crashes found)...[0m
[1;94m[*] [0mFuzzing test case #429 (831 total, 0 uniq crashes found)...[0m
[1;94m[*] [0mFuzzing test case #431 (831 total, 0 uniq crashes found)...[0m
[1;94m[*] [0mFuzzing test case #432 (831 total, 0 uniq crashes found)...[0m
[1;94m[*] [0mFuzzing test case #434 (831 total, 0 uniq crashes found)...[0m
[1;94m[*] [0mFuzzing test case #435 (831 total, 0 uniq crashes found)...[0m
[1;94m[*] [0mFuzzing test case #436 (831 total, 0 uniq crashes found)...[0m
[1;94m[*] [0mFuzzing test case #437 (831 total, 0 uniq crashes found)...[0m
[1;94m[*] [0mFuzzing test case #438 (831 total, 0 uniq crashes found)...[0m
[1;94m[*] [0mFuzzing test case #440 (831 total, 0 uniq crashes found)...[0m
[1;94m[*] [0mFuzzing test case #444 (831 total, 0 uniq crashes found)...[0m
[1;94m[*] [0mFuzzing test case #445 (831 total, 0 uniq crashes found)...[0m
[1;94m[*] [0mFuzzing test case #451 (831 total, 0 uniq crashes found)...[0m
[1;94m[*] [0mFuzzing test case #453 (831 total, 0 uniq crashes found)...[0m
[1;94m[*] [0mFuzzing test case #454 (831 total, 0 uniq crashes found)...[0m
[1;94m[*] [0mFuzzing test case #458 (831 total, 0 uniq crashes found)...[0m
[1;94m[*] [0mFuzzing test case #465 (831 total, 0 uniq crashes found)...[0m
[1;94m[*] [0mFuzzing test case #466 (831 total, 0 uniq crashes found)...[0m
[1;94m[*] [0mFuzzing test case #467 (831 total, 0 uniq crashes found)...[0m
[1;94m[*] [0mFuzzing test case #469 (831 total, 0 uniq crashes found)...[0m
[1;94m[*] [0mFuzzing test case #471 (831 total, 0 uniq crashes found)...[0m
[1;94m[*] [0mFuzzing test case #472 (831 total, 0 uniq crashes found)...[0m
[1;94m[*] [0mFuzzing test case #477 (831 total, 0 uniq crashes found)...[0m
[1;94m[*] [0mFuzzing test case #479 (832 total, 0 uniq crashes found)...[0m
[1;94m[*] [0mFuzzing test case #482 (832 total, 0 uniq crashes found)...[0m
[1;94m[*] [0mFuzzing test case #483 (832 total, 0 uniq crashes found)...[0m
[1;94m[*] [0mFuzzing test case #486 (832 total, 0 uniq crashes found)...[0m
[1;94m[*] [0mFuzzing test case #487 (832 total, 0 uniq crashes found)...[0m
[1;94m[*] [0mFuzzing test case #488 (832 total, 0 uniq crashes found)...[0m
[1;94m[*] [0mFuzzing test case #489 (832 total, 0 uniq crashes found)...[0m
[1;94m[*] [0mFuzzing test case #490 (832 total, 0 uniq crashes found)...[0m
[1;94m[*] [0mFuzzing test case #496 (832 total, 0 uniq crashes found)...[0m
[1;94m[*] [0mFuzzing test case #497 (832 total, 0 uniq crashes found)...[0m
[1;94m[*] [0mFuzzing test case #498 (832 total, 0 uniq crashes found)...[0m
[1;94m[*] [0mFuzzing test case #501 (832 total, 0 uniq crashes found)...[0m
[1;94m[*] [0mFuzzing test case #502 (832 total, 0 uniq crashes found)...[0m
[1;94m[*] [0mFuzzing test case #503 (832 total, 0 uniq crashes found)...[0m
[1;94m[*] [0mFuzzing test case #504 (832 total, 0 uniq crashes found)...[0m
[1;94m[*] [0mFuzzing test case #505 (832 total, 0 uniq crashes found)...[0m
[1;94m[*] [0mFuzzing test case #506 (832 total, 0 uniq crashes found)...[0m
[1;94m[*] [0mFuzzing test case #508 (832 total, 0 uniq crashes found)...[0m
[1;94m[*] [0mFuzzing test case #512 (832 total, 0 uniq crashes found)...[0m
[1;94m[*] [0mFuzzing test case #513 (832 total, 0 uniq crashes found)...[0m
[1;94m[*] [0mFuzzing test case #516 (832 total, 0 uniq crashes found)...[0m
[1;94m[*] [0mFuzzing test case #518 (832 total, 0 uniq crashes found)...[0m
[1;94m[*] [0mFuzzing test case #522 (832 total, 0 uniq crashes found)...[0m
[1;94m[*] [0mFuzzing test case #525 (832 total, 0 uniq crashes found)...[0m
[1;94m[*] [0mFuzzing test case #526 (832 total, 0 uniq crashes found)...[0m
[1;94m[*] [0mFuzzing test case #527 (832 total, 0 uniq crashes found)...[0m
[1;94m[*] [0mFuzzing test case #531 (832 total, 0 uniq crashes found)...[0m
[1;94m[*] [0mFuzzing test case #533 (832 total, 0 uniq crashes found)...[0m
[1;94m[*] [0mFuzzing test case #534 (832 total, 0 uniq crashes found)...[0m
[1;94m[*] [0mFuzzing test case #537 (832 total, 0 uniq crashes found)...[0m
[1;94m[*] [0mFuzzing test case #541 (832 total, 0 uniq crashes found)...[0m
[1;94m[*] [0mFuzzing test case #542 (832 total, 0 uniq crashes found)...[0m
[1;94m[*] [0mFuzzing test case #543 (832 total, 0 uniq crashes found)...[0m
[1;94m[*] [0mFuzzing test case #544 (832 total, 0 uniq crashes found)...[0m
[1;94m[*] [0mFuzzing test case #548 (832 total, 0 uniq crashes found)...[0m
[1;94m[*] [0mFuzzing test case #550 (833 total, 0 uniq crashes found)...[0m
[1;94m[*] [0mFuzzing test case #551 (833 total, 0 uniq crashes found)...[0m
[1;94m[*] [0mFuzzing test case #552 (833 total, 0 uniq crashes found)...[0m
[1;94m[*] [0mFuzzing test case #555 (833 total, 0 uniq crashes found)...[0m
[1;94m[*] [0mFuzzing test case #557 (833 total, 0 uniq crashes found)...[0m
[1;94m[*] [0mFuzzing test case #558 (833 total, 0 uniq crashes found)...[0m
[1;94m[*] [0mFuzzing test case #561 (833 total, 0 uniq crashes found)...[0m
[1;94m[*] [0mFuzzing test case #562 (833 total, 0 uniq crashes found)...[0m
[1;94m[*] [0mFuzzing test case #563 (833 total, 0 uniq crashes found)...[0m
[1;94m[*] [0mFuzzing test case #567 (834 total, 0 uniq crashes found)...[0m
[1;94m[*] [0mFuzzing test case #568 (834 total, 0 uniq crashes found)...[0m
[1;94m[*] [0mFuzzing test case #569 (834 total, 0 uniq crashes found)...[0m
[1;94m[*] [0mFuzzing test case #572 (834 total, 0 uniq crashes found)...[0m
[1;94m[*] [0mFuzzing test case #575 (834 total, 0 uniq crashes found)...[0m
[1;94m[*] [0mFuzzing test case #576 (834 total, 0 uniq crashes found)...[0m
[1;94m[*] [0mFuzzing test case #577 (834 total, 0 uniq crashes found)...[0m
[1;94m[*] [0mFuzzing test case #584 (834 total, 0 uniq crashes found)...[0m
[1;94m[*] [0mFuzzing test case #588 (834 total, 0 uniq crashes found)...[0m
[1;94m[*] [0mFuzzing test case #589 (834 total, 0 uniq crashes found)...[0m
[1;94m[*] [0mFuzzing test case #592 (834 total, 0 uniq crashes found)...[0m
[1;94m[*] [0mFuzzing test case #594 (835 total, 0 uniq crashes found)...[0m
[1;94m[*] [0mFuzzing test case #595 (835 total, 0 uniq crashes found)...[0m
[1;94m[*] [0mFuzzing test case #596 (835 total, 0 uniq crashes found)...[0m
[1;94m[*] [0mFuzzing test case #597 (835 total, 0 uniq crashes found)...[0m
[1;94m[*] [0mFuzzing test case #598 (835 total, 0 uniq crashes found)...[0m
[1;94m[*] [0mFuzzing test case #601 (835 total, 0 uniq crashes found)...[0m
[1;94m[*] [0mFuzzing test case #602 (835 total, 0 uniq crashes found)...[0m
[1;94m[*] [0mFuzzing test case #603 (835 total, 0 uniq crashes found)...[0m
[1;94m[*] [0mFuzzing test case #604 (835 total, 0 uniq crashes found)...[0m
[1;94m[*] [0mFuzzing test case #605 (835 total, 0 uniq crashes found)...[0m
[1;94m[*] [0mFuzzing test case #606 (835 total, 0 uniq crashes found)...[0m
[1;94m[*] [0mFuzzing test case #608 (835 total, 0 uniq crashes found)...[0m
[1;94m[*] [0mFuzzing test case #609 (835 total, 0 uniq crashes found)...[0m
[1;94m[*] [0mFuzzing test case #612 (835 total, 0 uniq crashes found)...[0m
[1;94m[*] [0mFuzzing test case #614 (835 total, 0 uniq crashes found)...[0m
[1;94m[*] [0mFuzzing test case #615 (835 total, 0 uniq crashes found)...[0m
[1;94m[*] [0mFuzzing test case #616 (835 total, 0 uniq crashes found)...[0m
[1;94m[*] [0mFuzzing test case #617 (835 total, 0 uniq crashes found)...[0m
[1;94m[*] [0mFuzzing test case #619 (835 total, 0 uniq crashes found)...[0m
[1;94m[*] [0mFuzzing test case #620 (835 total, 0 uniq crashes found)...[0m
[1;94m[*] [0mFuzzing test case #728 (836 total, 0 uniq crashes found)...[0m
[1;94m[*] [0mFuzzing test case #835 (836 total, 0 uniq crashes found)...[0m
[1;94m[*] [0mEntering queue cycle 17.[0m
[1;94m[*] [0mFuzzing test case #2 (836 total, 0 uniq crashes found)...[0m
[1;94m[*] [0mFuzzing test case #14 (836 total, 0 uniq crashes found)...[0m
[1;94m[*] [0mFuzzing test case #21 (836 total, 0 uniq crashes found)...[0m
[1;94m[*] [0mFuzzing test case #22 (836 total, 0 uniq crashes found)...[0m
[1;94m[*] [0mFuzzing test case #24 (836 total, 0 uniq crashes found)...[0m
[1;94m[*] [0mFuzzing test case #25 (836 total, 0 uniq crashes found)...[0m
[1;94m[*] [0mFuzzing test case #37 (836 total, 0 uniq crashes found)...[0m
[1;94m[*] [0mFuzzing test case #38 (836 total, 0 uniq crashes found)...[0m
[1;94m[*] [0mFuzzing test case #43 (836 total, 0 uniq crashes found)...[0m
[1;94m[*] [0mFuzzing test case #45 (836 total, 0 uniq crashes found)...[0m
[1;94m[*] [0mFuzzing test case #53 (836 total, 0 uniq crashes found)...[0m
[1;94m[*] [0mFuzzing test case #55 (836 total, 0 uniq crashes found)...[0m
[1;94m[*] [0mFuzzing test case #57 (836 total, 0 uniq crashes found)...[0m
[1;94m[*] [0mFuzzing test case #62 (836 total, 0 uniq crashes found)...[0m
[1;94m[*] [0mFuzzing test case #63 (836 total, 0 uniq crashes found)...[0m
[1;94m[*] [0mFuzzing test case #71 (836 total, 0 uniq crashes found)...[0m
[1;94m[*] [0mFuzzing test case #72 (836 total, 0 uniq crashes found)...[0m
[1;94m[*] [0mFuzzing test case #81 (836 total, 0 uniq crashes found)...[0m
[1;94m[*] [0mFuzzing test case #88 (836 total, 0 uniq crashes found)...[0m
[1;94m[*] [0mFuzzing test case #98 (836 total, 0 uniq crashes found)...[0m
[1;94m[*] [0mFuzzing test case #101 (836 total, 0 uniq crashes found)...[0m
[1;94m[*] [0mFuzzing test case #114 (836 total, 0 uniq crashes found)...[0m
[1;94m[*] [0mFuzzing test case #119 (836 total, 0 uniq crashes found)...[0m
[1;94m[*] [0mFuzzing test case #121 (836 total, 0 uniq crashes found)...[0m
[1;94m[*] [0mFuzzing test case #125 (836 total, 0 uniq crashes found)...[0m
[1;94m[*] [0mFuzzing test case #133 (836 total, 0 uniq crashes found)...[0m
[1;94m[*] [0mFuzzing test case #141 (836 total, 0 uniq crashes found)...[0m
[1;94m[*] [0mFuzzing test case #168 (836 total, 0 uniq crashes found)...[0m
[1;94m[*] [0mFuzzing test case #175 (836 total, 0 uniq crashes found)...[0m
[1;94m[*] [0mFuzzing test case #178 (836 total, 0 uniq crashes found)...[0m
[1;94m[*] [0mFuzzing test case #190 (836 total, 0 uniq crashes found)...[0m
[1;94m[*] [0mFuzzing test case #192 (836 total, 0 uniq crashes found)...[0m
[1;94m[*] [0mFuzzing test case #194 (836 total, 0 uniq crashes found)...[0m
[1;94m[*] [0mFuzzing test case #201 (837 total, 0 uniq crashes found)...[0m
[1;94m[*] [0mFuzzing test case #540 (837 total, 0 uniq crashes found)...[0m
[1;94m[*] [0mFuzzing test case #552 (837 total, 0 uniq crashes found)...[0m
[1;94m[*] [0mFuzzing test case #570 (837 total, 0 uniq crashes found)...[0m
[1;94m[*] [0mFuzzing test case #731 (837 total, 0 uniq crashes found)...[0m
[1;94m[*] [0mFuzzing test case #752 (837 total, 0 uniq crashes found)...[0m
[1;94m[*] [0mFuzzing test case #836 (837 total, 0 uniq crashes found)...[0m
[1;94m[*] [0mEntering queue cycle 18.[0m
[1;94m[*] [0mFuzzing test case #2 (837 total, 0 uniq crashes found)...[0m
[1;94m[*] [0mFuzzing test case #14 (837 total, 0 uniq crashes found)...[0m
[1;94m[*] [0mFuzzing test case #21 (837 total, 0 uniq crashes found)...[0m
[1;94m[*] [0mFuzzing test case #24 (837 total, 0 uniq crashes found)...[0m
[1;94m[*] [0mFuzzing test case #25 (837 total, 0 uniq crashes found)...[0m
[1;94m[*] [0mFuzzing test case #29 (838 total, 0 uniq crashes found)...[0m
[1;94m[*] [0mFuzzing test case #37 (838 total, 0 uniq crashes found)...[0m
[1;94m[*] [0mFuzzing test case #38 (838 total, 0 uniq crashes found)...[0m
[1;94m[*] [0mFuzzing test case #43 (838 total, 0 uniq crashes found)...[0m
[1;94m[*] [0mFuzzing test case #53 (838 total, 0 uniq crashes found)...[0m
[1;94m[*] [0mFuzzing test case #55 (838 total, 0 uniq crashes found)...[0m
[1;94m[*] [0mFuzzing test case #57 (838 total, 0 uniq crashes found)...[0m
[1;94m[*] [0mFuzzing test case #61 (838 total, 0 uniq crashes found)...[0m
[1;94m[*] [0mFuzzing test case #62 (838 total, 0 uniq crashes found)...[0m
[1;94m[*] [0mFuzzing test case #63 (838 total, 0 uniq crashes found)...[0m
[1;94m[*] [0mFuzzing test case #88 (838 total, 0 uniq crashes found)...[0m
[1;94m[*] [0mFuzzing test case #92 (838 total, 0 uniq crashes found)...[0m
[1;94m[*] [0mFuzzing test case #98 (838 total, 0 uniq crashes found)...[0m
[1;94m[*] [0mFuzzing test case #101 (838 total, 0 uniq crashes found)...[0m
[1;94m[*] [0mFuzzing test case #114 (838 total, 0 uniq crashes found)...[0m
[1;94m[*] [0mFuzzing test case #119 (838 total, 0 uniq crashes found)...[0m
[1;94m[*] [0mFuzzing test case #121 (838 total, 0 uniq crashes found)...[0m
[1;94m[*] [0mFuzzing test case #133 (838 total, 0 uniq crashes found)...[0m
[1;94m[*] [0mFuzzing test case #138 (838 total, 0 uniq crashes found)...[0m
[1;94m[*] [0mFuzzing test case #150 (838 total, 0 uniq crashes found)...[0m
[1;94m[*] [0mFuzzing test case #154 (838 total, 0 uniq crashes found)...[0m
[1;94m[*] [0mFuzzing test case #159 (838 total, 0 uniq crashes found)...[0m
[1;94m[*] [0mFuzzing test case #160 (838 total, 0 uniq crashes found)...[0m
[1;94m[*] [0mFuzzing test case #166 (838 total, 0 uniq crashes found)...[0m
[1;94m[*] [0mFuzzing test case #171 (838 total, 0 uniq crashes found)...[0m
[1;94m[*] [0mFuzzing test case #175 (838 total, 0 uniq crashes found)...[0m
[1;94m[*] [0mFuzzing test case #178 (838 total, 0 uniq crashes found)...[0m
[1;94m[*] [0mFuzzing test case #181 (838 total, 0 uniq crashes found)...[0m
[1;94m[*] [0mFuzzing test case #185 (838 total, 0 uniq crashes found)...[0m
[1;94m[*] [0mFuzzing test case #187 (838 total, 0 uniq crashes found)...[0m
[1;94m[*] [0mFuzzing test case #189 (838 total, 0 uniq crashes found)...[0m
[1;94m[*] [0mFuzzing test case #191 (838 total, 0 uniq crashes found)...[0m
[1;94m[*] [0mFuzzing test case #363 (839 total, 0 uniq crashes found)...[0m
[1;94m[*] [0mFuzzing test case #399 (839 total, 0 uniq crashes found)...[0m
[1;94m[*] [0mFuzzing test case #487 (839 total, 0 uniq crashes found)...[0m
[1;94m[*] [0mFuzzing test case #527 (839 total, 0 uniq crashes found)...[0m
[1;94m[*] [0mFuzzing test case #589 (839 total, 0 uniq crashes found)...[0m
[1;94m[*] [0mFuzzing test case #609 (839 total, 0 uniq crashes found)...[0m
[1;94m[*] [0mFuzzing test case #641 (839 total, 0 uniq crashes found)...[0m
[1;94m[*] [0mFuzzing test case #805 (839 total, 0 uniq crashes found)...[0m
[1;94m[*] [0mFuzzing test case #838 (839 total, 0 uniq crashes found)...[0m
[1;94m[*] [0mFuzzing test case #839 (849 total, 0 uniq crashes found)...[0m
[1;94m[*] [0mFuzzing test case #841 (853 total, 0 uniq crashes found)...[0m
[1;94m[*] [0mFuzzing test case #843 (853 total, 0 uniq crashes found)...[0m
[1;94m[*] [0mFuzzing test case #844 (857 total, 0 uniq crashes found)...[0m
[1;94m[*] [0mFuzzing test case #846 (857 total, 0 uniq crashes found)...[0m
[1;94m[*] [0mFuzzing test case #854 (857 total, 0 uniq crashes found)...[0m
[1;94m[*] [0mEntering queue cycle 19.[0m
[1;94m[*] [0mFuzzing test case #2 (857 total, 0 uniq crashes found)...[0m
[1;94m[*] [0mFuzzing test case #14 (857 total, 0 uniq crashes found)...[0m
[1;94m[*] [0mFuzzing test case #21 (857 total, 0 uniq crashes found)...[0m
[1;94m[*] [0mFuzzing test case #24 (857 total, 0 uniq crashes found)...[0m
[1;94m[*] [0mFuzzing test case #25 (857 total, 0 uniq crashes found)...[0m
[1;94m[*] [0mFuzzing test case #27 (857 total, 0 uniq crashes found)...[0m
[1;94m[*] [0mFuzzing test case #35 (857 total, 0 uniq crashes found)...[0m
[1;94m[*] [0mFuzzing test case #37 (857 total, 0 uniq crashes found)...[0m
[1;94m[*] [0mFuzzing test case #38 (857 total, 0 uniq crashes found)...[0m
[1;94m[*] [0mFuzzing test case #43 (857 total, 0 uniq crashes found)...[0m
[1;94m[*] [0mFuzzing test case #53 (857 total, 0 uniq crashes found)...[0m
[1;94m[*] [0mFuzzing test case #55 (857 total, 0 uniq crashes found)...[0m
[1;94m[*] [0mFuzzing test case #57 (857 total, 0 uniq crashes found)...[0m
[1;94m[*] [0mFuzzing test case #62 (857 total, 0 uniq crashes found)...[0m
[1;94m[*] [0mFuzzing test case #63 (857 total, 0 uniq crashes found)...[0m
[1;94m[*] [0mFuzzing test case #70 (857 total, 0 uniq crashes found)...[0m
[1;94m[*] [0mFuzzing test case #88 (857 total, 0 uniq crashes found)...[0m
[1;94m[*] [0mFuzzing test case #89 (857 total, 0 uniq crashes found)...[0m
[1;94m[*] [0mFuzzing test case #98 (857 total, 0 uniq crashes found)...[0m
[1;94m[*] [0mFuzzing test case #101 (857 total, 0 uniq crashes found)...[0m
[1;94m[*] [0mFuzzing test case #105 (857 total, 0 uniq crashes found)...[0m
[1;94m[*] [0mFuzzing test case #114 (857 total, 0 uniq crashes found)...[0m
[1;94m[*] [0mFuzzing test case #119 (857 total, 0 uniq crashes found)...[0m
[1;94m[*] [0mFuzzing test case #121 (857 total, 0 uniq crashes found)...[0m
[1;94m[*] [0mFuzzing test case #133 (857 total, 0 uniq crashes found)...[0m
[1;94m[*] [0mFuzzing test case #149 (857 total, 0 uniq crashes found)...[0m
[1;94m[*] [0mFuzzing test case #152 (857 total, 0 uniq crashes found)...[0m
[1;94m[*] [0mFuzzing test case #155 (857 total, 0 uniq crashes found)...[0m
[1;94m[*] [0mFuzzing test case #163 (857 total, 0 uniq crashes found)...[0m
[1;94m[*] [0mFuzzing test case #164 (857 total, 0 uniq crashes found)...[0m
[1;94m[*] [0mFuzzing test case #184 (859 total, 0 uniq crashes found)...[0m
[1;94m[*] [0mFuzzing test case #216 (859 total, 0 uniq crashes found)...[0m
[1;94m[*] [0mFuzzing test case #227 (859 total, 0 uniq crashes found)...[0m
[1;94m[*] [0mFuzzing test case #319 (859 total, 0 uniq crashes found)...[0m
[1;94m[*] [0mFuzzing test case #333 (859 total, 0 uniq crashes found)...[0m
[1;94m[*] [0mFuzzing test case #530 (859 total, 0 uniq crashes found)...[0m
[1;94m[*] [0mFuzzing test case #553 (859 total, 0 uniq crashes found)...[0m
[1;94m[*] [0mFuzzing test case #752 (859 total, 0 uniq crashes found)...[0m
[1;94m[*] [0mFuzzing test case #773 (859 total, 0 uniq crashes found)...[0m
[1;94m[*] [0mFuzzing test case #793 (859 total, 0 uniq crashes found)...[0m
[1;94m[*] [0mFuzzing test case #857 (860 total, 0 uniq crashes found)...[0m
[1;94m[*] [0mFuzzing test case #858 (860 total, 0 uniq crashes found)...[0m
[1;94m[*] [0mFuzzing test case #859 (860 total, 0 uniq crashes found)...[0m
[1;94m[*] [0mEntering queue cycle 20.[0m
[1;94m[*] [0mFuzzing test case #2 (860 total, 0 uniq crashes found)...[0m
[1;94m[*] [0mFuzzing test case #9 (860 total, 0 uniq crashes found)...[0m
[1;94m[*] [0mFuzzing test case #14 (860 total, 0 uniq crashes found)...[0m
[1;94m[*] [0mFuzzing test case #17 (860 total, 0 uniq crashes found)...[0m
[1;94m[*] [0mFuzzing test case #21 (860 total, 0 uniq crashes found)...[0m
[1;94m[*] [0mFuzzing test case #22 (860 total, 0 uniq crashes found)...[0m
[1;94m[*] [0mFuzzing test case #24 (860 total, 0 uniq crashes found)...[0m
[1;94m[*] [0mFuzzing test case #25 (860 total, 0 uniq crashes found)...[0m
[1;94m[*] [0mFuzzing test case #37 (860 total, 0 uniq crashes found)...[0m
[1;94m[*] [0mFuzzing test case #38 (860 total, 0 uniq crashes found)...[0m
[1;94m[*] [0mFuzzing test case #43 (860 total, 0 uniq crashes found)...[0m
[1;94m[*] [0mFuzzing test case #51 (860 total, 0 uniq crashes found)...[0m
[1;94m[*] [0mFuzzing test case #53 (860 total, 0 uniq crashes found)...[0m
[1;94m[*] [0mFuzzing test case #55 (860 total, 0 uniq crashes found)...[0m
[1;94m[*] [0mFuzzing test case #57 (860 total, 0 uniq crashes found)...[0m
[1;94m[*] [0mFuzzing test case #62 (860 total, 0 uniq crashes found)...[0m
[1;94m[*] [0mFuzzing test case #63 (860 total, 0 uniq crashes found)...[0m
[1;94m[*] [0mFuzzing test case #88 (860 total, 0 uniq crashes found)...[0m
[1;94m[*] [0mFuzzing test case #98 (860 total, 0 uniq crashes found)...[0m
[1;94m[*] [0mFuzzing test case #101 (860 total, 0 uniq crashes found)...[0m
[1;94m[*] [0mFuzzing test case #104 (860 total, 0 uniq crashes found)...[0m
[1;94m[*] [0mFuzzing test case #114 (860 total, 0 uniq crashes found)...[0m
[1;94m[*] [0mFuzzing test case #115 (860 total, 0 uniq crashes found)...[0m
[1;94m[*] [0mFuzzing test case #119 (860 total, 0 uniq crashes found)...[0m
[1;94m[*] [0mFuzzing test case #121 (860 total, 0 uniq crashes found)...[0m
[1;94m[*] [0mFuzzing test case #133 (860 total, 0 uniq crashes found)...[0m
[1;94m[*] [0mFuzzing test case #148 (860 total, 0 uniq crashes found)...[0m
[1;94m[*] [0mFuzzing test case #155 (860 total, 0 uniq crashes found)...[0m
[1;94m[*] [0mFuzzing test case #165 (860 total, 0 uniq crashes found)...[0m
[1;94m[*] [0mFuzzing test case #170 (860 total, 0 uniq crashes found)...[0m
[1;94m[*] [0mFuzzing test case #175 (860 total, 0 uniq crashes found)...[0m
[1;94m[*] [0mFuzzing test case #176 (860 total, 0 uniq crashes found)...[0m
[1;94m[*] [0mFuzzing test case #177 (860 total, 0 uniq crashes found)...[0m
[1;94m[*] [0mFuzzing test case #178 (860 total, 0 uniq crashes found)...[0m
[1;94m[*] [0mFuzzing test case #195 (860 total, 0 uniq crashes found)...[0m
[1;94m[*] [0mFuzzing test case #196 (860 total, 0 uniq crashes found)...[0m
[1;94m[*] [0mFuzzing test case #199 (860 total, 0 uniq crashes found)...[0m
[1;94m[*] [0mFuzzing test case #202 (860 total, 0 uniq crashes found)...[0m
[1;94m[*] [0mFuzzing test case #204 (860 total, 0 uniq crashes found)...[0m
[1;94m[*] [0mFuzzing test case #208 (860 total, 0 uniq crashes found)...[0m
[1;94m[*] [0mFuzzing test case #209 (860 total, 0 uniq crashes found)...[0m
[1;94m[*] [0mFuzzing test case #220 (860 total, 0 uniq crashes found)...[0m
[1;94m[*] [0mFuzzing test case #224 (860 total, 0 uniq crashes found)...[0m
[1;94m[*] [0mFuzzing test case #225 (860 total, 0 uniq crashes found)...[0m
[1;94m[*] [0mFuzzing test case #230 (860 total, 0 uniq crashes found)...[0m
[1;94m[*] [0mFuzzing test case #233 (860 total, 0 uniq crashes found)...[0m
[1;94m[*] [0mFuzzing test case #238 (860 total, 0 uniq crashes found)...[0m
[1;94m[*] [0mFuzzing test case #243 (860 total, 0 uniq crashes found)...[0m
[1;94m[*] [0mFuzzing test case #249 (860 total, 0 uniq crashes found)...[0m
[1;94m[*] [0mFuzzing test case #253 (860 total, 0 uniq crashes found)...[0m
[1;94m[*] [0mFuzzing test case #254 (860 total, 0 uniq crashes found)...[0m
[1;94m[*] [0mFuzzing test case #258 (860 total, 0 uniq crashes found)...[0m
[1;94m[*] [0mFuzzing test case #259 (860 total, 0 uniq crashes found)...[0m
[1;94m[*] [0mFuzzing test case #260 (860 total, 0 uniq crashes found)...[0m
[1;94m[*] [0mFuzzing test case #265 (860 total, 0 uniq crashes found)...[0m
[1;94m[*] [0mFuzzing test case #268 (860 total, 0 uniq crashes found)...[0m
[1;94m[*] [0mFuzzing test case #269 (860 total, 0 uniq crashes found)...[0m
[1;94m[*] [0mFuzzing test case #270 (860 total, 0 uniq crashes found)...[0m
[1;94m[*] [0mFuzzing test case #272 (860 total, 0 uniq crashes found)...[0m
[1;94m[*] [0mFuzzing test case #273 (860 total, 0 uniq crashes found)...[0m
[1;94m[*] [0mFuzzing test case #274 (860 total, 0 uniq crashes found)...[0m
[1;94m[*] [0mFuzzing test case #275 (860 total, 0 uniq crashes found)...[0m
[1;94m[*] [0mFuzzing test case #277 (861 total, 0 uniq crashes found)...[0m
[1;94m[*] [0mFuzzing test case #280 (861 total, 0 uniq crashes found)...[0m
[1;94m[*] [0mFuzzing test case #394 (862 total, 0 uniq crashes found)...[0m
[1;94m[*] [0mFuzzing test case #563 (862 total, 0 uniq crashes found)...[0m
[1;94m[*] [0mFuzzing test case #630 (862 total, 0 uniq crashes found)...[0m
[1;94m[*] [0mFuzzing test case #811 (862 total, 0 uniq crashes found)...[0m
[1;94m[*] [0mFuzzing test case #861 (862 total, 0 uniq crashes found)...[0m
[1;94m[*] [0mFuzzing test case #862 (863 total, 0 uniq crashes found)...[0m
[1;94m[*] [0mEntering queue cycle 21.[0m
[1;94m[*] [0mFuzzing test case #2 (863 total, 0 uniq crashes found)...[0m
[1;94m[*] [0mFuzzing test case #14 (863 total, 0 uniq crashes found)...[0m
[1;94m[*] [0mFuzzing test case #19 (863 total, 0 uniq crashes found)...[0m
[1;94m[*] [0mFuzzing test case #21 (863 total, 0 uniq crashes found)...[0m
[1;94m[*] [0mFuzzing test case #24 (863 total, 0 uniq crashes found)...[0m
[1;94m[*] [0mFuzzing test case #25 (863 total, 0 uniq crashes found)...[0m
[1;94m[*] [0mFuzzing test case #27 (863 total, 0 uniq crashes found)...[0m
[1;94m[*] [0mFuzzing test case #30 (863 total, 0 uniq crashes found)...[0m
[1;94m[*] [0mFuzzing test case #37 (863 total, 0 uniq crashes found)...[0m
[1;94m[*] [0mFuzzing test case #38 (863 total, 0 uniq crashes found)...[0m
[1;94m[*] [0mFuzzing test case #43 (863 total, 0 uniq crashes found)...[0m
[1;94m[*] [0mFuzzing test case #53 (863 total, 0 uniq crashes found)...[0m
[1;94m[*] [0mFuzzing test case #55 (863 total, 0 uniq crashes found)...[0m
[1;94m[*] [0mFuzzing test case #57 (863 total, 0 uniq crashes found)...[0m
[1;94m[*] [0mFuzzing test case #62 (863 total, 0 uniq crashes found)...[0m
[1;94m[*] [0mFuzzing test case #63 (863 total, 0 uniq crashes found)...[0m
[1;94m[*] [0mFuzzing test case #88 (863 total, 0 uniq crashes found)...[0m
[1;94m[*] [0mFuzzing test case #98 (863 total, 0 uniq crashes found)...[0m
[1;94m[*] [0mFuzzing test case #101 (863 total, 0 uniq crashes found)...[0m
[1;94m[*] [0mFuzzing test case #114 (863 total, 0 uniq crashes found)...[0m
[1;94m[*] [0mFuzzing test case #116 (863 total, 0 uniq crashes found)...[0m
[1;94m[*] [0mFuzzing test case #119 (863 total, 0 uniq crashes found)...[0m
[1;94m[*] [0mFuzzing test case #121 (863 total, 0 uniq crashes found)...[0m
[1;94m[*] [0mFuzzing test case #133 (863 total, 0 uniq crashes found)...[0m
[1;94m[*] [0mFuzzing test case #163 (863 total, 0 uniq crashes found)...[0m
[1;94m[*] [0mFuzzing test case #169 (863 total, 0 uniq crashes found)...[0m
[1;94m[*] [0mFuzzing test case #215 (864 total, 0 uniq crashes found)...[0m
[1;94m[*] [0mFuzzing test case #261 (864 total, 0 uniq crashes found)...[0m
[1;94m[*] [0mFuzzing test case #476 (864 total, 0 uniq crashes found)...[0m
[1;94m[*] [0mFuzzing test case #563 (864 total, 0 uniq crashes found)...[0m
[1;94m[*] [0mFuzzing test case #843 (864 total, 0 uniq crashes found)...[0m
[1;94m[*] [0mFuzzing test case #863 (864 total, 0 uniq crashes found)...[0m
[1;94m[*] [0mEntering queue cycle 22.[0m
[1;94m[*] [0mFuzzing test case #2 (864 total, 0 uniq crashes found)...[0m
[1;94m[*] [0mFuzzing test case #14 (864 total, 0 uniq crashes found)...[0m
[1;94m[*] [0mFuzzing test case #15 (864 total, 0 uniq crashes found)...[0m
[1;94m[*] [0mFuzzing test case #21 (864 total, 0 uniq crashes found)...[0m
[1;94m[*] [0mFuzzing test case #22 (864 total, 0 uniq crashes found)...[0m
[1;94m[*] [0mFuzzing test case #24 (864 total, 0 uniq crashes found)...[0m
[1;94m[*] [0mFuzzing test case #25 (864 total, 0 uniq crashes found)...[0m
[1;94m[*] [0mFuzzing test case #37 (864 total, 0 uniq crashes found)...[0m
[1;94m[*] [0mFuzzing test case #38 (864 total, 0 uniq crashes found)...[0m
[1;94m[*] [0mFuzzing test case #43 (864 total, 0 uniq crashes found)...[0m
[1;94m[*] [0mFuzzing test case #51 (864 total, 0 uniq crashes found)...[0m
[1;94m[*] [0mFuzzing test case #53 (864 total, 0 uniq crashes found)...[0m
[1;94m[*] [0mFuzzing test case #55 (864 total, 0 uniq crashes found)...[0m
[1;94m[*] [0mFuzzing test case #57 (864 total, 0 uniq crashes found)...[0m
[1;94m[*] [0mFuzzing test case #62 (864 total, 0 uniq crashes found)...[0m
[1;94m[*] [0mFuzzing test case #63 (864 total, 0 uniq crashes found)...[0m
[1;94m[*] [0mFuzzing test case #88 (864 total, 0 uniq crashes found)...[0m
[1;94m[*] [0mFuzzing test case #98 (864 total, 0 uniq crashes found)...[0m
[1;94m[*] [0mFuzzing test case #101 (864 total, 0 uniq crashes found)...[0m
[1;94m[*] [0mFuzzing test case #102 (865 total, 0 uniq crashes found)...[0m
[1;94m[*] [0mFuzzing test case #114 (865 total, 0 uniq crashes found)...[0m
[1;94m[*] [0mFuzzing test case #117 (865 total, 0 uniq crashes found)...[0m
[1;94m[*] [0mFuzzing test case #119 (865 total, 0 uniq crashes found)...[0m
[1;94m[*] [0mFuzzing test case #121 (865 total, 0 uniq crashes found)...[0m
[1;94m[*] [0mFuzzing test case #128 (865 total, 0 uniq crashes found)...[0m
[1;94m[*] [0mFuzzing test case #130 (865 total, 0 uniq crashes found)...[0m
[1;94m[*] [0mFuzzing test case #133 (865 total, 0 uniq crashes found)...[0m
[1;94m[*] [0mFuzzing test case #144 (865 total, 0 uniq crashes found)...[0m
[1;94m[*] [0mFuzzing test case #164 (865 total, 0 uniq crashes found)...[0m
[1;94m[*] [0mFuzzing test case #175 (865 total, 0 uniq crashes found)...[0m
[1;94m[*] [0mFuzzing test case #262 (867 total, 0 uniq crashes found)...[0m
[1;94m[*] [0mFuzzing test case #272 (867 total, 0 uniq crashes found)...[0m
[1;94m[*] [0mFuzzing test case #388 (867 total, 0 uniq crashes found)...[0m
[1;94m[*] [0mFuzzing test case #537 (867 total, 0 uniq crashes found)...[0m
[1;94m[*] [0mFuzzing test case #703 (867 total, 0 uniq crashes found)...[0m
[1;94m[*] [0mFuzzing test case #830 (867 total, 0 uniq crashes found)...[0m
[1;94m[*] [0mFuzzing test case #865 (867 total, 0 uniq crashes found)...[0m
[1;94m[*] [0mFuzzing test case #866 (867 total, 0 uniq crashes found)...[0m
[1;94m[*] [0mEntering queue cycle 23.[0m
[1;94m[*] [0mFuzzing test case #2 (867 total, 0 uniq crashes found)...[0m
[1;94m[*] [0mFuzzing test case #14 (867 total, 0 uniq crashes found)...[0m
[1;94m[*] [0mFuzzing test case #21 (867 total, 0 uniq crashes found)...[0m
[1;94m[*] [0mFuzzing test case #24 (867 total, 0 uniq crashes found)...[0m
[1;94m[*] [0mFuzzing test case #25 (867 total, 0 uniq crashes found)...[0m
[1;94m[*] [0mFuzzing test case #37 (867 total, 0 uniq crashes found)...[0m
[1;94m[*] [0mFuzzing test case #38 (867 total, 0 uniq crashes found)...[0m
[1;94m[*] [0mFuzzing test case #43 (867 total, 0 uniq crashes found)...[0m
[1;94m[*] [0mFuzzing test case #53 (867 total, 0 uniq crashes found)...[0m
[1;94m[*] [0mFuzzing test case #55 (867 total, 0 uniq crashes found)...[0m
[1;94m[*] [0mFuzzing test case #56 (867 total, 0 uniq crashes found)...[0m
[1;94m[*] [0mFuzzing test case #57 (867 total, 0 uniq crashes found)...[0m
[1;94m[*] [0mFuzzing test case #62 (867 total, 0 uniq crashes found)...[0m
[1;94m[*] [0mFuzzing test case #70 (868 total, 0 uniq crashes found)...[0m
[1;94m[*] [0mFuzzing test case #141 (868 total, 0 uniq crashes found)...[0m
[1;94m[*] [0mFuzzing test case #430 (868 total, 0 uniq crashes found)...[0m
[1;94m[*] [0mFuzzing test case #561 (868 total, 0 uniq crashes found)...[0m
[1;94m[*] [0mFuzzing test case #606 (869 total, 0 uniq crashes found)...[0m
[1;94m[*] [0mFuzzing test case #618 (869 total, 0 uniq crashes found)...[0m
[1;94m[*] [0mFuzzing test case #691 (869 total, 0 uniq crashes found)...[0m
[1;94m[*] [0mFuzzing test case #867 (869 total, 0 uniq crashes found)...[0m
[1;94m[*] [0mFuzzing test case #868 (870 total, 0 uniq crashes found)...[0m
[1;94m[*] [0mEntering queue cycle 24.[0m
[1;94m[*] [0mFuzzing test case #1 (871 total, 0 uniq crashes found)...[0m
[1;94m[*] [0mFuzzing test case #2 (871 total, 0 uniq crashes found)...[0m
[1;94m[*] [0mFuzzing test case #14 (871 total, 0 uniq crashes found)...[0m
[1;94m[*] [0mFuzzing test case #21 (871 total, 0 uniq crashes found)...[0m
[1;94m[*] [0mFuzzing test case #24 (871 total, 0 uniq crashes found)...[0m
[1;94m[*] [0mFuzzing test case #25 (874 total, 0 uniq crashes found)...[0m
[1;94m[*] [0mFuzzing test case #37 (874 total, 0 uniq crashes found)...[0m
[1;94m[*] [0mFuzzing test case #38 (874 total, 0 uniq crashes found)...[0m
[1;94m[*] [0mFuzzing test case #43 (875 total, 0 uniq crashes found)...[0m
[1;94m[*] [0mFuzzing test case #53 (875 total, 0 uniq crashes found)...[0m
[1;94m[*] [0mFuzzing test case #55 (875 total, 0 uniq crashes found)...[0m
[1;94m[*] [0mFuzzing test case #57 (876 total, 0 uniq crashes found)...[0m
[1;94m[*] [0mFuzzing test case #62 (876 total, 0 uniq crashes found)...[0m
[1;94m[*] [0mFuzzing test case #63 (877 total, 0 uniq crashes found)...[0m
[1;94m[*] [0mFuzzing test case #88 (877 total, 0 uniq crashes found)...[0m
[1;94m[*] [0mFuzzing test case #98 (877 total, 0 uniq crashes found)...[0m
[1;94m[*] [0mFuzzing test case #101 (877 total, 0 uniq crashes found)...[0m
[1;94m[*] [0mFuzzing test case #112 (878 total, 0 uniq crashes found)...[0m
[1;94m[*] [0mFuzzing test case #114 (879 total, 0 uniq crashes found)...[0m
[1;94m[*] [0mFuzzing test case #119 (879 total, 0 uniq crashes found)...[0m
[1;94m[*] [0mFuzzing test case #121 (879 total, 0 uniq crashes found)...[0m
[1;94m[*] [0mFuzzing test case #127 (879 total, 0 uniq crashes found)...[0m
[1;94m[*] [0mFuzzing test case #133 (879 total, 0 uniq crashes found)...[0m
[1;94m[*] [0mFuzzing test case #175 (879 total, 0 uniq crashes found)...[0m
[1;94m[*] [0mFuzzing test case #177 (879 total, 0 uniq crashes found)...[0m
[1;94m[*] [0mFuzzing test case #178 (879 total, 0 uniq crashes found)...[0m
[1;94m[*] [0mFuzzing test case #196 (879 total, 0 uniq crashes found)...[0m
[1;94m[*] [0mFuzzing test case #202 (879 total, 0 uniq crashes found)...[0m
[1;94m[*] [0mFuzzing test case #204 (879 total, 0 uniq crashes found)...[0m
[1;94m[*] [0mFuzzing test case #208 (879 total, 0 uniq crashes found)...[0m
[?25h[1;91m

+++ Testing aborted by user +++
[0m[1;92m[+] [0mWe're done here. Have a nice day!
[0m
