branch_id,hit_count,sat_count,unsat_count,timeout_count
b097ef0536bef82c:0xafb3,1,0,0,0
b097ef0536bef82c:0xb355,1,0,0,0
b097ef0536bef82c:0x3344b,1,0,0,0
b097ef0536bef82c:0x307ff,1,0,0,0
b097ef0536bef82c:0x3b0b3,1,0,0,0
b097ef0536bef82c:0x3f2b3,1,0,0,0
b097ef0536bef82c:0x3bfcd,1,0,0,0
b097ef0536bef82c:0x375bb,1,0,0,0
b097ef0536bef82c:0x37686,1,0,0,0
b097ef0536bef82c:0x30b0f,1,0,0,0
b097ef0536bef82c:0x319f3,1,0,0,0
b097ef0536bef82c:0x31f3b,1,0,0,0
b097ef0536bef82c:0x2e610,1,0,0,0
b097ef0536bef82c:0x2e653,1,0,0,0
b097ef0536bef82c:0x2e697,1,0,0,0
b097ef0536bef82c:0x2e4e2,1,0,0,0
b097ef0536bef82c:0x2e610,2,0,0,0
b097ef0536bef82c:0x30a23,1,0,0,0
b097ef0536bef82c:0x30a6b,1,0,0,0
b097ef0536bef82c:0x33eb5,1,0,0,0
b097ef0536bef82c:0x33ff7,1,0,0,0
b097ef0536bef82c:0x3403e,0,1,0,0
b097ef0536bef82c:0x3403e,1,1,0,0
b097ef0536bef82c:0x34080,0,0,1,0
b097ef0536bef82c:0x34080,0,1,1,0
b097ef0536bef82c:0x34080,1,1,1,0
b097ef0536bef82c:0x3443f,1,0,0,0
b097ef0536bef82c:0x2fcff,0,0,1,0
b097ef0536bef82c:0x2fcff,0,1,1,0
b097ef0536bef82c:0x2fcff,1,1,1,0
b097ef0536bef82c:0x5a17d,0,1,0,0
b097ef0536bef82c:0x5a17d,1,1,0,0
b097ef0536bef82c:0x5a17d,1,1,1,0
b097ef0536bef82c:0x2fdd5,1,0,0,0
10728d70e0641a69:0x7b7dc,0,0,1,0
10728d70e0641a69:0x7b7dc,0,0,2,0
10728d70e0641a69:0x7b7dc,1,0,2,0
10728d70e0641a69:0x8eccc,0,1,0,0
10728d70e0641a69:0x8eccc,1,1,0,0
10728d70e0641a69:0xa817c,0,1,0,0
10728d70e0641a69:0xa817c,1,1,0,0
10728d70e0641a69:0x1159e5,0,0,1,0
10728d70e0641a69:0x1159e5,0,0,2,0
10728d70e0641a69:0x1159e5,1,0,2,0
10728d70e0641a69:0x6cd2,0,1,0,0
10728d70e0641a69:0x6cd2,1,1,0,0
10728d70e0641a69:0x115a2d,0,1,0,0
10728d70e0641a69:0x115a2d,1,1,0,0
10728d70e0641a69:0x115a2d,1,1,1,0
10728d70e0641a69:0x115a2d,1,1,2,0
10728d70e0641a69:0x115a2d,1,1,3,0
10728d70e0641a69:0x115a2d,1,1,4,0
10728d70e0641a69:0xa81f9,0,1,0,0
10728d70e0641a69:0xa81f9,1,1,0,0
10728d70e0641a69:0xa8240,0,1,0,0
10728d70e0641a69:0xa8240,1,1,0,0
10728d70e0641a69:0xa828b,0,1,0,0
10728d70e0641a69:0xa828b,1,1,0,0
10728d70e0641a69:0xa82d2,0,1,0,0
10728d70e0641a69:0xa82d2,1,1,0,0
10728d70e0641a69:0xa831e,0,1,0,0
10728d70e0641a69:0xa831e,1,1,0,0
10728d70e0641a69:0xa8362,0,1,0,0
10728d70e0641a69:0xa8362,1,1,0,0
10728d70e0641a69:0xa83af,0,1,0,0
10728d70e0641a69:0xa83af,1,1,0,0
10728d70e0641a69:0xa83f8,0,1,0,0
10728d70e0641a69:0xa83f8,1,1,0,0
10728d70e0641a69:0xa856e,0,1,0,0
10728d70e0641a69:0xa856e,1,1,0,0
10728d70e0641a69:0xa85ea,0,0,1,0
10728d70e0641a69:0xa85ea,0,1,1,0
10728d70e0641a69:0xa85ea,1,1,1,0
10728d70e0641a69:0x3e5dd,0,0,1,0
10728d70e0641a69:0x3e5dd,0,1,1,0
10728d70e0641a69:0x3e5dd,1,1,1,0
10728d70e0641a69:0x3e6a2,0,1,0,0
10728d70e0641a69:0x3e6a2,1,1,0,0
10728d70e0641a69:0xaa573,0,0,1,0
10728d70e0641a69:0xaa573,0,1,1,0
10728d70e0641a69:0xaa573,1,1,1,0
10728d70e0641a69:0x6cd2,1,1,1,0
10728d70e0641a69:0x6cd2,1,2,1,0
10728d70e0641a69:0x6cd2,2,2,1,0
10728d70e0641a69:0x115a2d,1,1,5,0
10728d70e0641a69:0x115a2d,1,2,5,0
10728d70e0641a69:0x115a2d,2,2,5,0
10728d70e0641a69:0x115a2d,2,2,6,0
10728d70e0641a69:0x115a2d,2,2,7,0
10728d70e0641a69:0x115a2d,2,2,8,0
10728d70e0641a69:0x115a2d,2,2,9,0
10728d70e0641a69:0x115a2d,2,2,10,0
10728d70e0641a69:0x115a2d,2,2,11,0
10728d70e0641a69:0x115a2d,2,2,12,0
10728d70e0641a69:0x115a2d,2,2,13,0
10728d70e0641a69:0x115a2d,2,2,14,0
10728d70e0641a69:0x115a2d,2,2,15,0
10728d70e0641a69:0x115a2d,2,2,16,0
10728d70e0641a69:0x115a2d,2,2,17,0
10728d70e0641a69:0x115a2d,2,2,18,0
10728d70e0641a69:0xa6db7,0,0,1,0
10728d70e0641a69:0xa6db7,0,1,1,0
10728d70e0641a69:0xa6db7,1,1,1,0
10728d70e0641a69:0xa6ec6,0,0,1,0
10728d70e0641a69:0xa6ec6,0,1,1,0
10728d70e0641a69:0xa6ec6,1,1,1,0
10728d70e0641a69:0xaa60f,0,1,0,0
10728d70e0641a69:0xaa60f,1,1,0,0
10728d70e0641a69:0xaa680,0,1,0,0
10728d70e0641a69:0xaa680,1,1,0,0
10728d70e0641a69:0xaa713,0,1,0,0
10728d70e0641a69:0xaa713,1,1,0,0
10728d70e0641a69:0xaa758,0,1,0,0
10728d70e0641a69:0xaa758,1,1,0,0
10728d70e0641a69:0xaa79c,0,1,0,0
10728d70e0641a69:0xaa79c,1,1,0,0
10728d70e0641a69:0xaa82b,0,1,0,0
10728d70e0641a69:0xaa82b,1,1,0,0
10728d70e0641a69:0xf247,0,1,0,0
10728d70e0641a69:0xf247,1,1,0,0
10728d70e0641a69:0xf30f,0,1,0,0
10728d70e0641a69:0xf30f,1,1,0,0
10728d70e0641a69:0xf38b,0,1,0,0
10728d70e0641a69:0xf38b,1,1,0,0
10728d70e0641a69:0xf483,0,1,0,0
10728d70e0641a69:0xf483,1,1,0,0
10728d70e0641a69:0xf500,0,1,0,0
10728d70e0641a69:0xf500,1,1,0,0
10728d70e0641a69:0xf5cf,0,1,0,0
10728d70e0641a69:0xf5cf,1,1,0,0
10728d70e0641a69:0xf613,0,1,0,0
10728d70e0641a69:0xf613,1,1,0,0
10728d70e0641a69:0xf68f,0,1,0,0
10728d70e0641a69:0xf68f,1,1,0,0
10728d70e0641a69:0xf74c,0,0,1,0
10728d70e0641a69:0xf74c,0,1,1,0
10728d70e0641a69:0xf74c,1,1,1,0
10728d70e0641a69:0xf78f,0,0,1,0
10728d70e0641a69:0xf78f,0,1,1,0
10728d70e0641a69:0xf78f,1,1,1,0
10728d70e0641a69:0xf80c,0,1,0,0
10728d70e0641a69:0xf80c,1,1,0,0
10728d70e0641a69:0xf89a,0,1,0,0
10728d70e0641a69:0xf89a,1,1,0,0
10728d70e0641a69:0xf9a6,0,1,0,0
10728d70e0641a69:0xf9a6,1,1,0,0
10728d70e0641a69:0xc4116,0,0,1,0
10728d70e0641a69:0xc4116,0,1,1,0
10728d70e0641a69:0xc4116,1,1,1,0
10728d70e0641a69:0xc4268,0,0,1,0
10728d70e0641a69:0xc4268,0,1,1,0
10728d70e0641a69:0xc4268,1,1,1,0
10728d70e0641a69:0xa817c,1,2,0,0
10728d70e0641a69:0xa817c,2,2,0,0
10728d70e0641a69:0x1159e5,1,0,3,0
10728d70e0641a69:0x1159e5,1,0,4,0
10728d70e0641a69:0x1159e5,2,0,4,0
10728d70e0641a69:0x6cd2,2,3,1,0
10728d70e0641a69:0x6cd2,3,3,1,0
10728d70e0641a69:0x115a2d,2,3,18,0
10728d70e0641a69:0x115a2d,3,3,18,0
10728d70e0641a69:0x115a2d,3,3,19,0
10728d70e0641a69:0x115a2d,3,3,20,0
10728d70e0641a69:0x115a2d,3,3,21,0
10728d70e0641a69:0x115a2d,3,3,22,0
10728d70e0641a69:0xa81f9,1,2,0,0
10728d70e0641a69:0xa81f9,2,2,0,0
10728d70e0641a69:0xa8240,1,2,0,0
10728d70e0641a69:0xa8240,2,2,0,0
10728d70e0641a69:0xa828b,1,2,0,0
10728d70e0641a69:0xa828b,2,2,0,0
10728d70e0641a69:0xa82d2,1,2,0,0
10728d70e0641a69:0xa82d2,2,2,0,0
10728d70e0641a69:0xa831e,1,2,0,0
10728d70e0641a69:0xa831e,2,2,0,0
10728d70e0641a69:0xa8362,1,2,0,0
10728d70e0641a69:0xa8362,2,2,0,0
10728d70e0641a69:0xa83af,1,2,0,0
10728d70e0641a69:0xa83af,2,2,0,0
10728d70e0641a69:0xa83f8,1,2,0,0
10728d70e0641a69:0xa83f8,2,2,0,0
10728d70e0641a69:0xa856e,1,1,1,0
10728d70e0641a69:0xa856e,1,2,1,0
10728d70e0641a69:0xa856e,2,2,1,0
10728d70e0641a69:0xa85ea,1,1,2,0
10728d70e0641a69:0xa85ea,1,2,2,0
10728d70e0641a69:0xa85ea,2,2,2,0
10728d70e0641a69:0x3e5dd,1,1,2,0
10728d70e0641a69:0x3e5dd,1,2,2,0
10728d70e0641a69:0x3e5dd,2,2,2,0
10728d70e0641a69:0x3e6a2,1,1,1,0
10728d70e0641a69:0x3e6a2,1,2,1,0
10728d70e0641a69:0x3e6a2,2,2,1,0
10728d70e0641a69:0x3e6e6,0,0,1,0
10728d70e0641a69:0x3e6e6,0,1,1,0
10728d70e0641a69:0x3e6e6,1,1,1,0
10728d70e0641a69:0x3e730,0,0,1,0
10728d70e0641a69:0x3e730,0,0,2,0
10728d70e0641a69:0x3e730,1,0,2,0
10728d70e0641a69:0x3e9ce,0,0,1,0
10728d70e0641a69:0x3e9ce,0,1,1,0
10728d70e0641a69:0x3e9ce,1,1,1,0
10728d70e0641a69:0x3ea12,0,0,1,0
10728d70e0641a69:0x3ea12,0,1,1,0
10728d70e0641a69:0x3ea12,1,1,1,0
10728d70e0641a69:0x3ea56,0,1,0,0
10728d70e0641a69:0x3ea56,1,1,0,0
10728d70e0641a69:0x3ea9a,0,1,0,0
10728d70e0641a69:0x3ea9a,1,1,0,0
10728d70e0641a69:0x3eade,0,1,0,0
10728d70e0641a69:0x3eade,1,1,0,0
10728d70e0641a69:0x3eb22,0,1,0,0
10728d70e0641a69:0x3eb22,1,1,0,0
10728d70e0641a69:0xabb3b,0,0,1,0
10728d70e0641a69:0xabb3b,0,1,1,0
10728d70e0641a69:0xabb3b,1,1,1,0
10728d70e0641a69:0x6cd2,3,3,2,0
10728d70e0641a69:0x6cd2,3,4,2,0
10728d70e0641a69:0x6cd2,4,4,2,0
10728d70e0641a69:0x115a2d,3,3,23,0
10728d70e0641a69:0x115a2d,3,4,23,0
10728d70e0641a69:0x115a2d,4,4,23,0
10728d70e0641a69:0x115a2d,4,4,24,0
10728d70e0641a69:0x115a2d,4,4,25,0
10728d70e0641a69:0x115a2d,4,4,26,0
10728d70e0641a69:0x115a2d,4,4,27,0
10728d70e0641a69:0xa6db7,1,1,2,0
10728d70e0641a69:0xa6db7,1,2,2,0
10728d70e0641a69:0xa6db7,2,2,2,0
10728d70e0641a69:0xa6ec6,1,1,2,0
10728d70e0641a69:0xa6ec6,1,2,2,0
10728d70e0641a69:0xa6ec6,2,2,2,0
10728d70e0641a69:0xabcdc,0,1,0,0
10728d70e0641a69:0xabcdc,1,1,0,0
10728d70e0641a69:0xabc8,0,1,0,0
10728d70e0641a69:0xabc8,1,1,0,0
10728d70e0641a69:0xa817c,2,3,0,0
10728d70e0641a69:0xa817c,3,3,0,0
10728d70e0641a69:0x1159e5,2,0,5,0
10728d70e0641a69:0x1159e5,2,0,6,0
10728d70e0641a69:0x1159e5,3,0,6,0
10728d70e0641a69:0x6cd2,4,5,2,0
10728d70e0641a69:0x6cd2,5,5,2,0
10728d70e0641a69:0x115a2d,4,5,27,0
10728d70e0641a69:0x115a2d,5,5,27,0
10728d70e0641a69:0x115a2d,5,5,28,0
10728d70e0641a69:0x115a2d,5,5,29,0
10728d70e0641a69:0x115a2d,5,5,30,0
10728d70e0641a69:0x115a2d,5,5,31,0
10728d70e0641a69:0xa81f9,2,3,0,0
10728d70e0641a69:0xa81f9,3,3,0,0
10728d70e0641a69:0xa8240,2,3,0,0
10728d70e0641a69:0xa8240,3,3,0,0
10728d70e0641a69:0xa828b,2,3,0,0
10728d70e0641a69:0xa828b,3,3,0,0
10728d70e0641a69:0xa82d2,2,3,0,0
10728d70e0641a69:0xa82d2,3,3,0,0
10728d70e0641a69:0xa831e,2,3,0,0
10728d70e0641a69:0xa831e,3,3,0,0
10728d70e0641a69:0xa8362,2,3,0,0
10728d70e0641a69:0xa8362,3,3,0,0
10728d70e0641a69:0xa83af,2,3,0,0
10728d70e0641a69:0xa83af,3,3,0,0
10728d70e0641a69:0xa83f8,2,3,0,0
10728d70e0641a69:0xa83f8,3,3,0,0
10728d70e0641a69:0xa856e,2,2,2,0
10728d70e0641a69:0xa856e,2,3,2,0
10728d70e0641a69:0xa856e,3,3,2,0
10728d70e0641a69:0xa85ea,2,2,3,0
10728d70e0641a69:0xa85ea,2,3,3,0
10728d70e0641a69:0xa85ea,3,3,3,0
10728d70e0641a69:0x3e5dd,2,2,3,0
10728d70e0641a69:0x3e5dd,2,3,3,0
10728d70e0641a69:0x3e5dd,3,3,3,0
10728d70e0641a69:0x3e6a2,2,2,2,0
10728d70e0641a69:0x3e6a2,2,3,2,0
10728d70e0641a69:0x3e6a2,3,3,2,0
10728d70e0641a69:0x3e6e6,1,1,2,0
10728d70e0641a69:0x3e6e6,1,2,2,0
10728d70e0641a69:0x3e6e6,2,2,2,0
10728d70e0641a69:0x3e730,1,0,3,0
10728d70e0641a69:0x3e730,1,0,4,0
10728d70e0641a69:0x3e730,2,0,4,0
10728d70e0641a69:0x3e9ce,1,1,2,0
10728d70e0641a69:0x3e9ce,1,2,2,0
10728d70e0641a69:0x3e9ce,2,2,2,0
10728d70e0641a69:0x3ea12,1,1,2,0
10728d70e0641a69:0x3ea12,1,2,2,0
10728d70e0641a69:0x3ea12,2,2,2,0
10728d70e0641a69:0x3ea56,1,2,0,0
10728d70e0641a69:0x3ea56,2,2,0,0
10728d70e0641a69:0x3ea9a,1,2,0,0
10728d70e0641a69:0x3ea9a,2,2,0,0
10728d70e0641a69:0x3eade,1,2,0,0
10728d70e0641a69:0x3eade,2,2,0,0
10728d70e0641a69:0x3eb22,1,2,0,0
10728d70e0641a69:0x3eb22,2,2,0,0
10728d70e0641a69:0x3eb66,0,1,0,0
10728d70e0641a69:0x3eb66,1,1,0,0
10728d70e0641a69:0x3ebaa,0,1,0,0
10728d70e0641a69:0x3ebaa,1,1,0,0
10728d70e0641a69:0x3ebee,0,1,0,0
10728d70e0641a69:0x3ebee,1,1,0,0
10728d70e0641a69:0x3ec32,0,1,0,0
10728d70e0641a69:0x3ec32,1,1,0,0
10728d70e0641a69:0x3ec76,0,1,0,0
10728d70e0641a69:0x3ec76,1,1,0,0
10728d70e0641a69:0x3ecba,0,1,0,0
10728d70e0641a69:0x3ecba,1,1,0,0
10728d70e0641a69:0x3ecfe,0,1,0,0
10728d70e0641a69:0x3ecfe,1,1,0,0
10728d70e0641a69:0xacdeb,0,0,1,0
10728d70e0641a69:0xacdeb,0,1,1,0
10728d70e0641a69:0xacdeb,1,1,1,0
10728d70e0641a69:0x6cd2,5,5,3,0
10728d70e0641a69:0x6cd2,5,6,3,0
10728d70e0641a69:0x6cd2,6,6,3,0
10728d70e0641a69:0x115a2d,5,5,32,0
10728d70e0641a69:0x115a2d,5,6,32,0
10728d70e0641a69:0x115a2d,6,6,32,0
10728d70e0641a69:0x115a2d,6,6,33,0
10728d70e0641a69:0xa6db7,2,2,3,0
10728d70e0641a69:0xa6db7,2,3,3,0
10728d70e0641a69:0xa6db7,3,3,3,0
10728d70e0641a69:0xa6ec6,2,2,3,0
10728d70e0641a69:0xa6ec6,2,3,3,0
10728d70e0641a69:0xa6ec6,3,3,3,0
10728d70e0641a69:0xa6f12,0,0,1,0
10728d70e0641a69:0xa6f12,0,1,1,0
10728d70e0641a69:0xa6f12,1,1,1,0
10728d70e0641a69:0x290c3,0,0,1,0
10728d70e0641a69:0x290c3,0,1,1,0
10728d70e0641a69:0x290c3,1,1,1,0
10728d70e0641a69:0x2910c,0,0,1,0
10728d70e0641a69:0x2910c,0,1,1,0
10728d70e0641a69:0x2910c,1,1,1,0
10728d70e0641a69:0x2919f,0,0,1,0
10728d70e0641a69:0x2919f,0,1,1,0
10728d70e0641a69:0x2919f,1,1,1,0
10728d70e0641a69:0x291e6,0,0,1,0
10728d70e0641a69:0x291e6,0,1,1,0
10728d70e0641a69:0x291e6,1,1,1,0
10728d70e0641a69:0x29277,0,0,1,0
10728d70e0641a69:0x29277,0,1,1,0
10728d70e0641a69:0x29277,1,1,1,0
10728d70e0641a69:0x292be,0,0,1,0
10728d70e0641a69:0x292be,0,1,1,0
10728d70e0641a69:0x292be,1,1,1,0
10728d70e0641a69:0x2934c,0,0,1,0
10728d70e0641a69:0x2934c,0,1,1,0
10728d70e0641a69:0x2934c,1,1,1,0
10728d70e0641a69:0x29394,0,0,1,0
10728d70e0641a69:0x29394,0,1,1,0
10728d70e0641a69:0x29394,1,1,1,0
10728d70e0641a69:0x2e2bf,0,0,1,0
10728d70e0641a69:0x2e2bf,0,1,1,0
10728d70e0641a69:0x2e2bf,1,1,1,0
10728d70e0641a69:0xa817c,3,4,0,0
10728d70e0641a69:0xa817c,4,4,0,0
10728d70e0641a69:0x1159e5,3,0,7,0
10728d70e0641a69:0x1159e5,3,0,8,0
10728d70e0641a69:0x1159e5,4,0,8,0
10728d70e0641a69:0x115a2d,6,7,33,0
10728d70e0641a69:0x115a2d,7,7,33,0
10728d70e0641a69:0x115a2d,7,7,34,0
10728d70e0641a69:0x115a2d,7,7,35,0
10728d70e0641a69:0x115a2d,7,7,36,0
10728d70e0641a69:0x115a2d,7,7,37,0
10728d70e0641a69:0xa85ea,3,3,4,0
10728d70e0641a69:0xa85ea,3,4,4,0
10728d70e0641a69:0xa85ea,4,4,4,0
10728d70e0641a69:0xaac9f,0,0,1,0
10728d70e0641a69:0xaac9f,0,1,1,0
10728d70e0641a69:0xaac9f,1,1,1,0
10728d70e0641a69:0xaace6,0,0,1,0
10728d70e0641a69:0xaace6,0,1,1,0
10728d70e0641a69:0xaace6,1,1,1,0
10728d70e0641a69:0xaad36,0,0,1,0
10728d70e0641a69:0xaad36,0,1,1,0
10728d70e0641a69:0xaad36,1,1,1,0
10728d70e0641a69:0xaad8f,0,0,1,0
10728d70e0641a69:0xaad8f,0,1,1,0
10728d70e0641a69:0xaad8f,1,1,1,0
10728d70e0641a69:0xab7d3,0,0,1,0
10728d70e0641a69:0xab7d3,0,1,1,0
10728d70e0641a69:0xab7d3,1,1,1,0
10728d70e0641a69:0xaae10,0,0,1,0
10728d70e0641a69:0xaae10,0,1,1,0
10728d70e0641a69:0xaae10,1,1,1,0
10728d70e0641a69:0xa897f,0,0,1,0
10728d70e0641a69:0xa897f,0,1,1,0
10728d70e0641a69:0xa897f,1,1,1,0
10728d70e0641a69:0xa94e7,0,0,1,0
10728d70e0641a69:0xa94e7,0,1,1,0
10728d70e0641a69:0xa94e7,1,1,1,0
10728d70e0641a69:0x7b7dc,2,0,2,0
10728d70e0641a69:0x8eccc,1,2,0,0
10728d70e0641a69:0x8eccc,2,2,0,0
10728d70e0641a69:0xa7f5f,0,1,0,0
10728d70e0641a69:0xa7f5f,1,1,0,0
10728d70e0641a69:0x8eccc,2,3,0,0
10728d70e0641a69:0x8eccc,3,3,0,0
10728d70e0641a69:0x7b7dc,3,0,2,0
10728d70e0641a69:0x8eccc,4,3,0,0
10728d70e0641a69:0xa817c,5,4,0,0
10728d70e0641a69:0x1159e5,5,0,8,0
10728d70e0641a69:0x6cd2,7,6,3,0
10728d70e0641a69:0x115a2d,8,7,37,0
10728d70e0641a69:0xa81f9,4,3,0,0
10728d70e0641a69:0xa8240,4,3,0,0
10728d70e0641a69:0xa828b,4,3,0,0
10728d70e0641a69:0xa82d2,4,3,0,0
10728d70e0641a69:0xa831e,4,3,0,0
10728d70e0641a69:0xa8362,4,3,0,0
10728d70e0641a69:0xa83af,4,3,0,0
10728d70e0641a69:0xa83f8,4,3,0,0
10728d70e0641a69:0xa856e,4,3,2,0
10728d70e0641a69:0xa85ea,4,4,5,0
10728d70e0641a69:0xa85ea,4,5,5,0
10728d70e0641a69:0xa85ea,5,5,5,0
10728d70e0641a69:0x3078c,0,0,1,0
10728d70e0641a69:0x3078c,0,1,1,0
10728d70e0641a69:0x3078c,1,1,1,0
10728d70e0641a69:0x290c3,1,1,2,0
10728d70e0641a69:0x290c3,1,2,2,0
10728d70e0641a69:0x290c3,2,2,2,0
10728d70e0641a69:0x2910c,1,1,2,0
10728d70e0641a69:0x2910c,1,2,2,0
10728d70e0641a69:0x2910c,2,2,2,0
10728d70e0641a69:0x2919f,1,1,2,0
10728d70e0641a69:0x2919f,1,2,2,0
10728d70e0641a69:0x2919f,2,2,2,0
10728d70e0641a69:0x291e6,1,1,2,0
10728d70e0641a69:0x291e6,1,2,2,0
10728d70e0641a69:0x291e6,2,2,2,0
10728d70e0641a69:0x29277,1,1,2,0
10728d70e0641a69:0x29277,1,2,2,0
10728d70e0641a69:0x29277,2,2,2,0
10728d70e0641a69:0x292be,1,1,2,0
10728d70e0641a69:0x292be,1,2,2,0
10728d70e0641a69:0x292be,2,2,2,0
10728d70e0641a69:0x2934c,1,1,2,0
10728d70e0641a69:0x2934c,1,2,2,0
10728d70e0641a69:0x2934c,2,2,2,0
10728d70e0641a69:0x29394,1,1,2,0
10728d70e0641a69:0x29394,1,2,2,0
10728d70e0641a69:0x29394,2,2,2,0
10728d70e0641a69:0x30a82,0,0,1,0
10728d70e0641a69:0x30a82,0,1,1,0
10728d70e0641a69:0x30a82,1,1,1,0
10728d70e0641a69:0x3e5dd,3,3,4,0
10728d70e0641a69:0x3e5dd,3,4,4,0
10728d70e0641a69:0x3e5dd,4,4,4,0
10728d70e0641a69:0x3e6a2,3,3,3,0
10728d70e0641a69:0x3e6a2,3,4,3,0
10728d70e0641a69:0x3e6a2,4,4,3,0
10728d70e0641a69:0xaa573,1,1,2,0
10728d70e0641a69:0xaa573,1,2,2,0
10728d70e0641a69:0xaa573,2,2,2,0
10728d70e0641a69:0x290c3,2,2,3,0
10728d70e0641a69:0x290c3,2,3,3,0
10728d70e0641a69:0x290c3,3,3,3,0
10728d70e0641a69:0x2910c,2,2,3,0
10728d70e0641a69:0x2910c,2,3,3,0
10728d70e0641a69:0x2910c,3,3,3,0
10728d70e0641a69:0x2919f,2,2,3,0
10728d70e0641a69:0x2919f,2,3,3,0
10728d70e0641a69:0x2919f,3,3,3,0
10728d70e0641a69:0x291e6,2,2,3,0
10728d70e0641a69:0x291e6,2,3,3,0
10728d70e0641a69:0x291e6,3,3,3,0
10728d70e0641a69:0x29277,2,2,3,0
10728d70e0641a69:0x29277,2,3,3,0
10728d70e0641a69:0x29277,3,3,3,0
10728d70e0641a69:0x292be,2,2,3,0
10728d70e0641a69:0x292be,2,3,3,0
10728d70e0641a69:0x292be,3,3,3,0
10728d70e0641a69:0x2934c,2,2,3,0
10728d70e0641a69:0x2934c,2,3,3,0
10728d70e0641a69:0x2934c,3,3,3,0
10728d70e0641a69:0x29394,2,2,3,0
10728d70e0641a69:0x29394,2,3,3,0
10728d70e0641a69:0x29394,3,3,3,0
10728d70e0641a69:0x7b7dc,4,0,2,0
10728d70e0641a69:0x8eccc,5,3,0,0
10728d70e0641a69:0xa817c,6,4,0,0
10728d70e0641a69:0x1159e5,6,0,8,0
10728d70e0641a69:0x6cd2,8,6,3,0
10728d70e0641a69:0x115a2d,9,7,37,0
10728d70e0641a69:0xa81f9,5,3,0,0
10728d70e0641a69:0xa8240,5,3,0,0
10728d70e0641a69:0xa828b,5,3,0,0
10728d70e0641a69:0xa82d2,5,3,0,0
10728d70e0641a69:0xa831e,5,3,0,0
10728d70e0641a69:0xa8362,5,3,0,0
10728d70e0641a69:0xa83af,5,3,0,0
10728d70e0641a69:0xa83f8,5,3,0,0
10728d70e0641a69:0xa856e,5,3,2,0
10728d70e0641a69:0xa85ea,6,5,5,0
10728d70e0641a69:0x3e5dd,5,4,4,0
10728d70e0641a69:0x3e6a2,5,4,3,0
10728d70e0641a69:0xaa573,2,2,3,0
10728d70e0641a69:0xaa573,2,3,3,0
10728d70e0641a69:0xaa573,3,3,3,0
10728d70e0641a69:0x290c3,4,3,3,0
10728d70e0641a69:0x2910c,4,3,3,0
10728d70e0641a69:0x2919f,4,3,3,0
10728d70e0641a69:0x291e6,4,3,3,0
10728d70e0641a69:0x29277,4,3,3,0
10728d70e0641a69:0x292be,4,3,3,0
10728d70e0641a69:0x2934c,4,3,3,0
10728d70e0641a69:0x29394,4,3,3,0
10728d70e0641a69:0x7b7dc,5,0,2,0
10728d70e0641a69:0x8eccc,6,3,0,0
10728d70e0641a69:0xa817c,7,4,0,0
10728d70e0641a69:0x1159e5,7,0,8,0
10728d70e0641a69:0x6cd2,9,6,3,0
10728d70e0641a69:0x115a2d,10,7,37,0
10728d70e0641a69:0xa81f9,6,3,0,0
10728d70e0641a69:0xa8240,6,3,0,0
10728d70e0641a69:0xa828b,6,3,0,0
10728d70e0641a69:0xa82d2,6,3,0,0
10728d70e0641a69:0xa831e,6,3,0,0
10728d70e0641a69:0xa8362,6,3,0,0
10728d70e0641a69:0xa83af,6,3,0,0
10728d70e0641a69:0xa83f8,6,3,0,0
10728d70e0641a69:0xa856e,6,3,2,0
10728d70e0641a69:0xa85ea,7,5,5,0
10728d70e0641a69:0x3e5dd,6,4,4,0
10728d70e0641a69:0x3e6a2,6,4,3,0
10728d70e0641a69:0xaa573,4,3,3,0
10728d70e0641a69:0x6cd2,10,6,3,0
10728d70e0641a69:0x115a2d,11,7,37,0
10728d70e0641a69:0xa6db7,4,3,3,0
10728d70e0641a69:0xa6ec6,4,3,3,0
10728d70e0641a69:0xa6f12,1,1,2,0
10728d70e0641a69:0xa6f12,1,2,2,0
10728d70e0641a69:0xa6f12,2,2,2,0
10728d70e0641a69:0x290c3,4,3,4,0
10728d70e0641a69:0x290c3,4,4,4,0
10728d70e0641a69:0x290c3,5,4,4,0
10728d70e0641a69:0x2910c,4,3,4,0
10728d70e0641a69:0x2910c,4,4,4,0
10728d70e0641a69:0x2910c,5,4,4,0
10728d70e0641a69:0x2919f,4,3,4,0
10728d70e0641a69:0x2919f,4,4,4,0
10728d70e0641a69:0x2919f,5,4,4,0
10728d70e0641a69:0x291e6,4,3,4,0
10728d70e0641a69:0x291e6,4,4,4,0
10728d70e0641a69:0x291e6,5,4,4,0
10728d70e0641a69:0x29277,4,3,4,0
10728d70e0641a69:0x29277,4,4,4,0
10728d70e0641a69:0x29277,5,4,4,0
10728d70e0641a69:0x292be,4,3,4,0
10728d70e0641a69:0x292be,4,4,4,0
10728d70e0641a69:0x292be,5,4,4,0
10728d70e0641a69:0x2934c,4,3,4,0
10728d70e0641a69:0x2934c,4,4,4,0
10728d70e0641a69:0x2934c,5,4,4,0
10728d70e0641a69:0x29394,4,3,4,0
10728d70e0641a69:0x29394,4,4,4,0
10728d70e0641a69:0x29394,5,4,4,0
10728d70e0641a69:0x7b7dc,6,0,2,0
10728d70e0641a69:0x8eccc,7,3,0,0
10728d70e0641a69:0xa817c,8,4,0,0
10728d70e0641a69:0x1159e5,8,0,8,0
10728d70e0641a69:0x6cd2,11,6,3,0
10728d70e0641a69:0x115a2d,12,7,37,0
10728d70e0641a69:0xa81f9,7,3,0,0
10728d70e0641a69:0xa8240,7,3,0,0
10728d70e0641a69:0xa828b,7,3,0,0
10728d70e0641a69:0xa82d2,7,3,0,0
10728d70e0641a69:0xa831e,7,3,0,0
10728d70e0641a69:0xa8362,7,3,0,0
10728d70e0641a69:0xa83af,7,3,0,0
10728d70e0641a69:0xa83f8,7,3,0,0
10728d70e0641a69:0xa856e,7,3,2,0
10728d70e0641a69:0xa85ea,8,5,5,0
10728d70e0641a69:0x3e5dd,7,4,4,0
10728d70e0641a69:0x3e6a2,7,4,3,0
10728d70e0641a69:0xaa573,5,3,3,0
10728d70e0641a69:0x6cd2,12,6,3,0
10728d70e0641a69:0x115a2d,13,7,37,0
10728d70e0641a69:0xa6db7,5,3,3,0
10728d70e0641a69:0xa6ec6,5,3,3,0
10728d70e0641a69:0xaa60f,2,1,0,0
10728d70e0641a69:0xaa680,2,1,0,0
10728d70e0641a69:0xaa713,2,1,0,0
10728d70e0641a69:0xaa758,1,1,1,0
10728d70e0641a69:0xaa758,1,2,1,0
10728d70e0641a69:0xaa758,2,2,1,0
10728d70e0641a69:0xaa987,0,0,1,0
10728d70e0641a69:0xaa987,0,1,1,0
10728d70e0641a69:0xaa987,1,1,1,0
10728d70e0641a69:0xf247,1,1,1,0
10728d70e0641a69:0xf247,1,2,1,0
10728d70e0641a69:0xf247,2,2,1,0
10728d70e0641a69:0xf30f,1,1,1,0
10728d70e0641a69:0xf30f,1,2,1,0
10728d70e0641a69:0xf30f,2,2,1,0
10728d70e0641a69:0xf38b,1,1,1,0
10728d70e0641a69:0xf38b,1,2,1,0
10728d70e0641a69:0xf38b,2,2,1,0
10728d70e0641a69:0xf483,1,1,1,0
10728d70e0641a69:0xf483,1,2,1,0
10728d70e0641a69:0xf483,2,2,1,0
10728d70e0641a69:0xf500,1,1,1,0
10728d70e0641a69:0xf500,1,2,1,0
10728d70e0641a69:0xf500,2,2,1,0
10728d70e0641a69:0xf5cf,1,1,1,0
10728d70e0641a69:0xf5cf,1,2,1,0
10728d70e0641a69:0xf5cf,2,2,1,0
10728d70e0641a69:0xf613,1,1,1,0
10728d70e0641a69:0xf613,1,2,1,0
10728d70e0641a69:0xf613,2,2,1,0
10728d70e0641a69:0xf68f,1,1,1,0
10728d70e0641a69:0xf68f,1,2,1,0
10728d70e0641a69:0xf68f,2,2,1,0
10728d70e0641a69:0xf74c,1,1,2,0
10728d70e0641a69:0xf74c,1,2,2,0
10728d70e0641a69:0xf74c,2,2,2,0
10728d70e0641a69:0xf80c,1,1,1,0
10728d70e0641a69:0xf80c,1,2,1,0
10728d70e0641a69:0xf80c,2,2,1,0
10728d70e0641a69:0xf89a,1,1,1,0
10728d70e0641a69:0xf89a,1,2,1,0
10728d70e0641a69:0xf89a,2,2,1,0
10728d70e0641a69:0xf9a6,1,1,1,0
10728d70e0641a69:0xf9a6,1,2,1,0
10728d70e0641a69:0xf9a6,2,2,1,0
10728d70e0641a69:0xc4116,1,1,2,0
10728d70e0641a69:0xc4116,1,2,2,0
10728d70e0641a69:0xc4116,2,2,2,0
10728d70e0641a69:0xc4158,0,0,1,0
10728d70e0641a69:0xc4158,0,1,1,0
10728d70e0641a69:0xc4158,1,1,1,0
10728d70e0641a69:0xc41e3,0,0,1,0
10728d70e0641a69:0xc41e3,0,1,1,0
10728d70e0641a69:0xc41e3,1,1,1,0
10728d70e0641a69:0xc4268,1,1,2,0
10728d70e0641a69:0xc4268,1,2,2,0
10728d70e0641a69:0xc4268,2,2,2,0
10728d70e0641a69:0xa817c,8,5,0,0
10728d70e0641a69:0xa817c,9,5,0,0
10728d70e0641a69:0x1159e5,8,0,9,0
10728d70e0641a69:0x1159e5,8,0,10,0
10728d70e0641a69:0x1159e5,9,0,10,0
10728d70e0641a69:0x6cd2,12,7,3,0
10728d70e0641a69:0x6cd2,13,7,3,0
10728d70e0641a69:0x115a2d,13,8,37,0
10728d70e0641a69:0x115a2d,14,8,37,0
10728d70e0641a69:0x115a2d,14,8,38,0
10728d70e0641a69:0x115a2d,14,8,39,0
10728d70e0641a69:0x115a2d,14,8,40,0
10728d70e0641a69:0x115a2d,14,8,41,0
10728d70e0641a69:0xa81f9,7,4,0,0
10728d70e0641a69:0xa81f9,8,4,0,0
10728d70e0641a69:0xa8240,7,4,0,0
10728d70e0641a69:0xa8240,8,4,0,0
10728d70e0641a69:0x290c3,5,5,4,0
10728d70e0641a69:0x290c3,6,5,4,0
10728d70e0641a69:0x290c3,6,6,4,0
10728d70e0641a69:0x290c3,6,7,4,0
10728d70e0641a69:0x290c3,6,8,4,0
10728d70e0641a69:0x290c3,6,8,5,0
10728d70e0641a69:0x290c3,6,9,5,0
10728d70e0641a69:0x290c3,6,10,5,0
10728d70e0641a69:0x290c3,6,10,6,0
10728d70e0641a69:0x290c3,6,11,6,0
10728d70e0641a69:0x290c3,6,12,6,0
10728d70e0641a69:0x290c3,6,13,6,0
10728d70e0641a69:0x290c3,6,14,6,0
10728d70e0641a69:0x290c3,6,14,7,0
10728d70e0641a69:0x290c3,6,15,7,0
10728d70e0641a69:0x290c3,6,15,8,0
10728d70e0641a69:0x290c3,6,16,8,0
10728d70e0641a69:0x290c3,6,17,8,0
10728d70e0641a69:0x2919f,5,5,4,0
10728d70e0641a69:0x2919f,6,5,4,0
10728d70e0641a69:0x291e6,5,5,4,0
10728d70e0641a69:0x291e6,6,5,4,0
10728d70e0641a69:0x291e6,6,6,4,0
10728d70e0641a69:0x291e6,6,7,4,0
10728d70e0641a69:0x291e6,6,8,4,0
10728d70e0641a69:0x291e6,6,8,5,0
10728d70e0641a69:0x291e6,6,9,5,0
10728d70e0641a69:0x291e6,6,10,5,0
10728d70e0641a69:0x291e6,6,11,5,0
10728d70e0641a69:0x291e6,6,12,5,0
10728d70e0641a69:0x291e6,6,12,6,0
10728d70e0641a69:0x291e6,6,13,6,0
10728d70e0641a69:0x291e6,6,14,6,0
10728d70e0641a69:0x291e6,6,15,6,0
10728d70e0641a69:0x291e6,6,16,6,0
10728d70e0641a69:0x291e6,6,16,7,0
10728d70e0641a69:0x291e6,6,17,7,0
10728d70e0641a69:0x291e6,6,17,8,0
10728d70e0641a69:0x291e6,6,18,8,0
10728d70e0641a69:0x291e6,6,19,8,0
10728d70e0641a69:0x29277,5,5,4,0
10728d70e0641a69:0x29277,6,5,4,0
10728d70e0641a69:0x292be,5,5,4,0
10728d70e0641a69:0x292be,6,5,4,0
10728d70e0641a69:0x292be,6,6,4,0
10728d70e0641a69:0x292be,6,7,4,0
10728d70e0641a69:0x292be,6,8,4,0
10728d70e0641a69:0x292be,6,8,5,0
10728d70e0641a69:0x292be,6,9,5,0
10728d70e0641a69:0x292be,6,10,5,0
10728d70e0641a69:0x292be,6,11,5,0
10728d70e0641a69:0x292be,6,12,5,0
10728d70e0641a69:0x292be,6,12,6,0
10728d70e0641a69:0x292be,6,13,6,0
10728d70e0641a69:0x292be,6,14,6,0
10728d70e0641a69:0x292be,6,15,6,0
10728d70e0641a69:0x292be,6,16,6,0
10728d70e0641a69:0x292be,6,16,7,0
10728d70e0641a69:0x292be,6,17,7,0
10728d70e0641a69:0x292be,6,17,8,0
10728d70e0641a69:0x292be,6,18,8,0
10728d70e0641a69:0x292be,6,19,8,0
10728d70e0641a69:0x2934c,5,4,5,0
10728d70e0641a69:0x2934c,5,5,5,0
10728d70e0641a69:0x2934c,6,5,5,0
10728d70e0641a69:0x29394,5,4,5,0
10728d70e0641a69:0x29394,5,5,5,0
10728d70e0641a69:0x29394,6,5,5,0
10728d70e0641a69:0x29394,6,6,5,0
10728d70e0641a69:0x29394,6,7,5,0
10728d70e0641a69:0x29394,6,8,5,0
10728d70e0641a69:0x29394,6,8,6,0
10728d70e0641a69:0x29394,6,9,6,0
10728d70e0641a69:0x29394,6,10,6,0
10728d70e0641a69:0x29394,6,11,6,0
10728d70e0641a69:0x29394,6,12,6,0
10728d70e0641a69:0x29394,6,12,7,0
10728d70e0641a69:0x29394,6,13,7,0
10728d70e0641a69:0x29394,6,14,7,0
10728d70e0641a69:0x29394,6,15,7,0
10728d70e0641a69:0x29394,6,16,7,0
10728d70e0641a69:0x29394,6,16,8,0
10728d70e0641a69:0x29394,6,17,8,0
10728d70e0641a69:0x29394,6,17,9,0
10728d70e0641a69:0x29394,6,18,9,0
10728d70e0641a69:0x29394,6,19,9,0
10728d70e0641a69:0x7b7dc,7,0,2,0
10728d70e0641a69:0x8eccc,8,3,0,0
10728d70e0641a69:0xa817c,10,5,0,0
10728d70e0641a69:0x1159e5,10,0,10,0
10728d70e0641a69:0x6cd2,14,7,3,0
10728d70e0641a69:0x115a2d,15,8,41,0
10728d70e0641a69:0xa81f9,9,4,0,0
10728d70e0641a69:0xa8240,9,4,0,0
10728d70e0641a69:0xa828b,8,3,0,0
10728d70e0641a69:0xa82d2,8,3,0,0
10728d70e0641a69:0xa831e,8,3,0,0
10728d70e0641a69:0xa8362,8,3,0,0
10728d70e0641a69:0xa83af,8,3,0,0
10728d70e0641a69:0xa83f8,8,3,0,0
10728d70e0641a69:0xa856e,8,3,2,0
10728d70e0641a69:0xa85ea,9,5,5,0
10728d70e0641a69:0x3e5dd,8,4,4,0
10728d70e0641a69:0x3e6a2,8,4,3,0
10728d70e0641a69:0xaa573,6,3,3,0
10728d70e0641a69:0x6cd2,15,7,3,0
10728d70e0641a69:0x115a2d,16,8,41,0
10728d70e0641a69:0xa6db7,6,3,3,0
10728d70e0641a69:0xa6ec6,6,3,3,0
10728d70e0641a69:0xaa60f,3,1,0,0
10728d70e0641a69:0xaa680,3,1,0,0
10728d70e0641a69:0xaa713,3,1,0,0
10728d70e0641a69:0xaa758,3,2,1,0
10728d70e0641a69:0xaa987,2,1,1,0
10728d70e0641a69:0xf247,3,2,1,0
10728d70e0641a69:0xf30f,3,2,1,0
10728d70e0641a69:0xf38b,3,2,1,0
10728d70e0641a69:0xf483,3,2,1,0
10728d70e0641a69:0xf500,3,2,1,0
10728d70e0641a69:0xf5cf,3,2,1,0
10728d70e0641a69:0xf613,3,2,1,0
10728d70e0641a69:0xf68f,3,2,1,0
10728d70e0641a69:0xf74c,3,2,2,0
10728d70e0641a69:0xf80c,3,2,1,0
10728d70e0641a69:0xf89a,3,2,1,0
10728d70e0641a69:0xf9a6,3,2,1,0
10728d70e0641a69:0xc4116,3,2,2,0
10728d70e0641a69:0xc4158,2,1,1,0
10728d70e0641a69:0xc41e3,2,1,1,0
10728d70e0641a69:0xc4268,3,2,2,0
10728d70e0641a69:0xa817c,11,5,0,0
10728d70e0641a69:0x1159e5,11,0,10,0
10728d70e0641a69:0x6cd2,15,8,3,0
10728d70e0641a69:0x6cd2,16,8,3,0
10728d70e0641a69:0x115a2d,17,8,41,0
10728d70e0641a69:0xa81f9,10,4,0,0
10728d70e0641a69:0xa8240,9,4,1,0
10728d70e0641a69:0xa8240,9,5,1,0
10728d70e0641a69:0xa8240,10,5,1,0
10728d70e0641a69:0xa828b,8,3,1,0
10728d70e0641a69:0xa828b,8,4,1,0
10728d70e0641a69:0xa828b,9,4,1,0
10728d70e0641a69:0xa82d2,8,3,1,0
10728d70e0641a69:0xa82d2,8,4,1,0
10728d70e0641a69:0xa82d2,9,4,1,0
10728d70e0641a69:0xa831e,8,3,1,0
10728d70e0641a69:0xa831e,8,4,1,0
10728d70e0641a69:0xa831e,9,4,1,0
10728d70e0641a69:0xa8362,8,3,1,0
10728d70e0641a69:0xa8362,8,4,1,0
10728d70e0641a69:0xa8362,9,4,1,0
10728d70e0641a69:0xa83af,8,3,1,0
10728d70e0641a69:0xa83af,8,4,1,0
10728d70e0641a69:0xa83af,9,4,1,0
10728d70e0641a69:0xa83f8,8,3,1,0
10728d70e0641a69:0xa83f8,8,4,1,0
10728d70e0641a69:0xa83f8,9,4,1,0
10728d70e0641a69:0xa856e,8,3,3,0
10728d70e0641a69:0xa856e,8,4,3,0
10728d70e0641a69:0xa856e,9,4,3,0
10728d70e0641a69:0xa85ea,9,5,6,0
10728d70e0641a69:0xa85ea,9,6,6,0
10728d70e0641a69:0xa85ea,10,6,6,0
10728d70e0641a69:0x3e5dd,8,4,5,0
10728d70e0641a69:0x3e5dd,8,5,5,0
10728d70e0641a69:0x3e5dd,9,5,5,0
10728d70e0641a69:0x3e6a2,8,4,4,0
10728d70e0641a69:0x3e6a2,8,5,4,0
10728d70e0641a69:0x3e6a2,9,5,4,0
10728d70e0641a69:0x3e6e6,2,2,3,0
10728d70e0641a69:0x3e6e6,2,3,3,0
10728d70e0641a69:0x3e6e6,3,3,3,0
10728d70e0641a69:0x3e730,2,0,5,0
10728d70e0641a69:0x3e730,2,0,6,0
10728d70e0641a69:0x3e730,3,0,6,0
10728d70e0641a69:0x3e9ce,2,2,3,0
10728d70e0641a69:0x3e9ce,2,3,3,0
10728d70e0641a69:0x3e9ce,3,3,3,0
10728d70e0641a69:0x3ea12,2,2,3,0
10728d70e0641a69:0x3ea12,2,3,3,0
10728d70e0641a69:0x3ea12,3,3,3,0
10728d70e0641a69:0x3ea56,2,2,1,0
10728d70e0641a69:0x3ea56,2,3,1,0
10728d70e0641a69:0x3ea56,3,3,1,0
10728d70e0641a69:0x3ea9a,2,2,1,0
10728d70e0641a69:0x3ea9a,2,3,1,0
10728d70e0641a69:0x3ea9a,3,3,1,0
10728d70e0641a69:0x3eade,2,2,1,0
10728d70e0641a69:0x3eade,2,3,1,0
10728d70e0641a69:0x3eade,3,3,1,0
10728d70e0641a69:0x3eb22,2,2,1,0
10728d70e0641a69:0x3eb22,2,3,1,0
10728d70e0641a69:0x3eb22,3,3,1,0
10728d70e0641a69:0xabb3b,1,1,2,0
10728d70e0641a69:0xabb3b,1,2,2,0
10728d70e0641a69:0xabb3b,2,2,2,0
10728d70e0641a69:0x6cd2,17,8,3,0
10728d70e0641a69:0x115a2d,18,8,41,0
10728d70e0641a69:0xa6db7,6,3,4,0
10728d70e0641a69:0xa6db7,6,4,4,0
10728d70e0641a69:0xa6db7,7,4,4,0
10728d70e0641a69:0xa6ec6,6,3,4,0
10728d70e0641a69:0xa6ec6,6,4,4,0
10728d70e0641a69:0xa6ec6,7,4,4,0
10728d70e0641a69:0xabcdc,1,1,1,0
10728d70e0641a69:0xabcdc,1,2,1,0
10728d70e0641a69:0xabcdc,2,2,1,0
10728d70e0641a69:0xabc8,1,1,1,0
10728d70e0641a69:0xabc8,1,2,1,0
10728d70e0641a69:0xabc8,2,2,1,0
10728d70e0641a69:0xa817c,11,6,0,0
10728d70e0641a69:0xa817c,12,6,0,0
10728d70e0641a69:0x7b7dc,8,0,2,0
10728d70e0641a69:0x8eccc,9,3,0,0
10728d70e0641a69:0xa817c,13,6,0,0
10728d70e0641a69:0x1159e5,12,0,10,0
10728d70e0641a69:0x6cd2,18,8,3,0
10728d70e0641a69:0x115a2d,19,8,41,0
10728d70e0641a69:0xa81f9,11,4,0,0
10728d70e0641a69:0xa8240,11,5,1,0
10728d70e0641a69:0xa828b,10,4,1,0
10728d70e0641a69:0xa82d2,10,4,1,0
10728d70e0641a69:0xa831e,10,4,1,0
10728d70e0641a69:0xa8362,10,4,1,0
10728d70e0641a69:0xa83af,10,4,1,0
10728d70e0641a69:0xa83f8,10,4,1,0
10728d70e0641a69:0xa856e,10,4,3,0
10728d70e0641a69:0xa85ea,11,6,6,0
10728d70e0641a69:0x3e5dd,10,5,5,0
10728d70e0641a69:0x3e6a2,10,5,4,0
10728d70e0641a69:0xaa573,7,3,3,0
10728d70e0641a69:0x6cd2,19,8,3,0
10728d70e0641a69:0x115a2d,20,8,41,0
10728d70e0641a69:0xa6db7,8,4,4,0
10728d70e0641a69:0xa6ec6,8,4,4,0
10728d70e0641a69:0xaa60f,4,1,0,0
10728d70e0641a69:0xaa680,4,1,0,0
10728d70e0641a69:0xaa713,4,1,0,0
10728d70e0641a69:0xaa758,4,2,1,0
10728d70e0641a69:0xaa987,3,1,1,0
10728d70e0641a69:0xf247,4,2,1,0
10728d70e0641a69:0xf30f,4,2,1,0
10728d70e0641a69:0xf38b,4,2,1,0
10728d70e0641a69:0xf483,4,2,1,0
10728d70e0641a69:0xf500,4,2,1,0
10728d70e0641a69:0xf5cf,4,2,1,0
10728d70e0641a69:0xf613,4,2,1,0
10728d70e0641a69:0xf68f,4,2,1,0
10728d70e0641a69:0xf74c,4,2,2,0
10728d70e0641a69:0xf80c,4,2,1,0
10728d70e0641a69:0xf89a,4,2,1,0
10728d70e0641a69:0xf9a6,4,2,1,0
10728d70e0641a69:0xc4116,4,2,2,0
10728d70e0641a69:0xc4158,3,1,1,0
10728d70e0641a69:0xc41e3,3,1,1,0
10728d70e0641a69:0xc4268,4,2,2,0
10728d70e0641a69:0xa817c,14,6,0,0
10728d70e0641a69:0x7b7dc,9,0,2,0
10728d70e0641a69:0x8eccc,10,3,0,0
10728d70e0641a69:0xa817c,15,6,0,0
10728d70e0641a69:0x1159e5,13,0,10,0
10728d70e0641a69:0x6cd2,20,8,3,0
10728d70e0641a69:0x115a2d,21,8,41,0
10728d70e0641a69:0xa81f9,12,4,0,0
10728d70e0641a69:0xa8240,12,5,1,0
10728d70e0641a69:0xa828b,11,4,1,0
10728d70e0641a69:0xa82d2,11,4,1,0
10728d70e0641a69:0xa831e,11,4,1,0
10728d70e0641a69:0xa8362,11,4,1,0
10728d70e0641a69:0xa83af,11,4,1,0
10728d70e0641a69:0xa83f8,11,4,1,0
10728d70e0641a69:0xa856e,11,4,3,0
10728d70e0641a69:0xa85ea,12,6,6,0
10728d70e0641a69:0x3e5dd,11,5,5,0
10728d70e0641a69:0x3e6a2,11,5,4,0
10728d70e0641a69:0xaa573,8,3,3,0
10728d70e0641a69:0x6cd2,21,8,3,0
10728d70e0641a69:0x115a2d,22,8,41,0
10728d70e0641a69:0xa6db7,9,4,4,0
10728d70e0641a69:0xa6ec6,9,4,4,0
10728d70e0641a69:0xaa60f,5,1,0,0
10728d70e0641a69:0xaa680,5,1,0,0
10728d70e0641a69:0xaa713,5,1,0,0
10728d70e0641a69:0xaa758,5,2,1,0
10728d70e0641a69:0xaa987,4,1,1,0
10728d70e0641a69:0xf247,5,2,1,0
10728d70e0641a69:0xf30f,5,2,1,0
10728d70e0641a69:0xf38b,5,2,1,0
10728d70e0641a69:0xf483,5,2,1,0
10728d70e0641a69:0xf500,5,2,1,0
10728d70e0641a69:0xf5cf,5,2,1,0
10728d70e0641a69:0xf613,5,2,1,0
10728d70e0641a69:0xf68f,5,2,1,0
10728d70e0641a69:0xf74c,5,2,2,0
10728d70e0641a69:0xf80c,5,2,1,0
10728d70e0641a69:0xf89a,5,2,1,0
10728d70e0641a69:0xf9a6,5,2,1,0
10728d70e0641a69:0xc4116,5,2,2,0
10728d70e0641a69:0xc4158,4,1,1,0
10728d70e0641a69:0xc41e3,4,1,1,0
10728d70e0641a69:0xc4268,5,2,2,0
10728d70e0641a69:0xa817c,16,6,0,0
10728d70e0641a69:0x1159e5,14,0,10,0
10728d70e0641a69:0x6cd2,22,8,3,0
10728d70e0641a69:0x115a2d,23,8,41,0
10728d70e0641a69:0xa81f9,13,4,0,0
10728d70e0641a69:0xa8240,13,5,1,0
10728d70e0641a69:0xa828b,12,4,1,0
10728d70e0641a69:0xa82d2,12,4,1,0
10728d70e0641a69:0xa831e,12,4,1,0
10728d70e0641a69:0xa8362,12,4,1,0
10728d70e0641a69:0xa83af,12,4,1,0
10728d70e0641a69:0xa83f8,12,4,1,0
10728d70e0641a69:0xa856e,12,4,3,0
10728d70e0641a69:0xa85ea,13,6,6,0
10728d70e0641a69:0x3e5dd,12,5,5,0
10728d70e0641a69:0x3e6a2,12,5,4,0
10728d70e0641a69:0x3e6e6,4,3,3,0
10728d70e0641a69:0x3e730,4,0,6,0
10728d70e0641a69:0x3e9ce,4,3,3,0
10728d70e0641a69:0x3ea12,4,3,3,0
10728d70e0641a69:0x3ea56,4,3,1,0
10728d70e0641a69:0x3ea9a,4,3,1,0
10728d70e0641a69:0x3eade,4,3,1,0
10728d70e0641a69:0x3eb22,4,3,1,0
10728d70e0641a69:0xabb3b,2,2,3,0
10728d70e0641a69:0xabb3b,2,3,3,0
10728d70e0641a69:0xabb3b,3,3,3,0
10728d70e0641a69:0xa897f,1,1,2,0
10728d70e0641a69:0xa897f,1,2,2,0
10728d70e0641a69:0xa897f,2,2,2,0
10728d70e0641a69:0xa9c40,0,0,1,0
10728d70e0641a69:0xa9c40,0,1,1,0
10728d70e0641a69:0xa9c40,1,1,1,0
10728d70e0641a69:0xa94e7,1,1,2,0
10728d70e0641a69:0xa94e7,1,2,2,0
10728d70e0641a69:0xa94e7,2,2,2,0
10728d70e0641a69:0xa9539,0,0,1,0
10728d70e0641a69:0xa9539,0,1,1,0
10728d70e0641a69:0xa9539,1,1,1,0
10728d70e0641a69:0x290c3,6,17,9,0
10728d70e0641a69:0x290c3,6,18,9,0
10728d70e0641a69:0x290c3,7,18,9,0
10728d70e0641a69:0x2910c,5,4,5,0
10728d70e0641a69:0x2910c,5,5,5,0
10728d70e0641a69:0x2910c,6,5,5,0
10728d70e0641a69:0x2919f,6,5,5,0
10728d70e0641a69:0x2919f,6,6,5,0
10728d70e0641a69:0x2919f,7,6,5,0
10728d70e0641a69:0x291e6,6,19,9,0
10728d70e0641a69:0x291e6,6,20,9,0
10728d70e0641a69:0x291e6,7,20,9,0
10728d70e0641a69:0x29277,6,5,5,0
10728d70e0641a69:0x29277,6,6,5,0
10728d70e0641a69:0x29277,7,6,5,0
10728d70e0641a69:0x292be,6,19,9,0
10728d70e0641a69:0x292be,6,20,9,0
10728d70e0641a69:0x292be,7,20,9,0
10728d70e0641a69:0x2934c,6,5,6,0
10728d70e0641a69:0x2934c,6,6,6,0
10728d70e0641a69:0x2934c,7,6,6,0
10728d70e0641a69:0x29394,6,19,10,0
10728d70e0641a69:0x29394,6,20,10,0
10728d70e0641a69:0x29394,7,20,10,0
10728d70e0641a69:0x2e2bf,1,1,2,0
10728d70e0641a69:0x2e2bf,1,2,2,0
10728d70e0641a69:0x2e2bf,2,2,2,0
10728d70e0641a69:0x290c3,7,18,10,0
10728d70e0641a69:0x290c3,7,19,10,0
10728d70e0641a69:0x290c3,8,19,10,0
10728d70e0641a69:0x2910c,6,5,6,0
10728d70e0641a69:0x2910c,6,6,6,0
10728d70e0641a69:0x2910c,7,6,6,0
10728d70e0641a69:0x2919f,7,6,6,0
10728d70e0641a69:0x2919f,7,7,6,0
10728d70e0641a69:0x2919f,8,7,6,0
10728d70e0641a69:0x291e6,7,20,10,0
10728d70e0641a69:0x291e6,7,21,10,0
10728d70e0641a69:0x291e6,8,21,10,0
10728d70e0641a69:0x29277,7,6,6,0
10728d70e0641a69:0x29277,7,7,6,0
10728d70e0641a69:0x29277,8,7,6,0
10728d70e0641a69:0x292be,7,20,10,0
10728d70e0641a69:0x292be,7,21,10,0
10728d70e0641a69:0x292be,8,21,10,0
10728d70e0641a69:0x2934c,7,6,7,0
10728d70e0641a69:0x2934c,7,7,7,0
10728d70e0641a69:0x2934c,8,7,7,0
10728d70e0641a69:0x29394,7,20,11,0
10728d70e0641a69:0x29394,7,21,11,0
10728d70e0641a69:0x29394,8,21,11,0
10728d70e0641a69:0x2fde4,0,0,1,0
10728d70e0641a69:0x2fde4,0,1,1,0
10728d70e0641a69:0x2fde4,1,1,1,0
10728d70e0641a69:0xa817c,16,7,0,0
10728d70e0641a69:0xa817c,17,7,0,0
10728d70e0641a69:0x1159e5,14,0,11,0
10728d70e0641a69:0x1159e5,14,0,12,0
10728d70e0641a69:0x1159e5,15,0,12,0
10728d70e0641a69:0x6cd2,22,9,3,0
10728d70e0641a69:0x6cd2,23,9,3,0
10728d70e0641a69:0x115a2d,23,9,41,0
10728d70e0641a69:0x115a2d,24,9,41,0
10728d70e0641a69:0x115a2d,24,9,42,0
10728d70e0641a69:0x115a2d,24,9,43,0
10728d70e0641a69:0x115a2d,24,9,44,0
10728d70e0641a69:0x115a2d,24,9,45,0
10728d70e0641a69:0xa81f9,13,5,0,0
10728d70e0641a69:0xa81f9,14,5,0,0
10728d70e0641a69:0x290c3,8,20,10,0
10728d70e0641a69:0x290c3,9,20,10,0
10728d70e0641a69:0x2910c,7,7,6,0
10728d70e0641a69:0x2910c,8,7,6,0
10728d70e0641a69:0x2910c,8,8,6,0
10728d70e0641a69:0x2910c,8,9,6,0
10728d70e0641a69:0x2910c,8,9,7,0
10728d70e0641a69:0x2910c,8,10,7,0
10728d70e0641a69:0x2910c,8,11,7,0
10728d70e0641a69:0x2910c,8,12,7,0
10728d70e0641a69:0x2910c,8,12,8,0
10728d70e0641a69:0x2910c,8,13,8,0
10728d70e0641a69:0x2910c,8,14,8,0
10728d70e0641a69:0x2910c,8,15,8,0
10728d70e0641a69:0x2910c,8,16,8,0
10728d70e0641a69:0x2910c,8,17,8,0
10728d70e0641a69:0x2910c,8,17,9,0
10728d70e0641a69:0x2910c,8,18,9,0
10728d70e0641a69:0x2910c,8,19,9,0
10728d70e0641a69:0x2910c,8,20,9,0
10728d70e0641a69:0x2910c,8,20,10,0
10728d70e0641a69:0x2910c,8,21,10,0
10728d70e0641a69:0x2910c,8,22,10,0
10728d70e0641a69:0x2919f,8,8,6,0
10728d70e0641a69:0x2919f,9,8,6,0
10728d70e0641a69:0x2919f,9,9,6,0
10728d70e0641a69:0x2919f,9,10,6,0
10728d70e0641a69:0x2919f,9,10,7,0
10728d70e0641a69:0x2919f,9,11,7,0
10728d70e0641a69:0x2919f,9,12,7,0
10728d70e0641a69:0x2919f,9,13,7,0
10728d70e0641a69:0x2919f,9,14,7,0
10728d70e0641a69:0x2919f,9,15,7,0
10728d70e0641a69:0x2919f,9,15,8,0
10728d70e0641a69:0x2919f,9,16,8,0
10728d70e0641a69:0x2919f,9,17,8,0
10728d70e0641a69:0x2919f,9,18,8,0
10728d70e0641a69:0x2919f,9,19,8,0
10728d70e0641a69:0x2919f,9,20,8,0
10728d70e0641a69:0x2919f,9,21,8,0
10728d70e0641a69:0x2919f,9,21,9,0
10728d70e0641a69:0x2919f,9,22,9,0
10728d70e0641a69:0x2919f,9,23,9,0
10728d70e0641a69:0x2919f,9,24,9,0
10728d70e0641a69:0x2919f,9,25,9,0
10728d70e0641a69:0x2919f,9,25,10,0
10728d70e0641a69:0x2919f,9,26,10,0
10728d70e0641a69:0x2919f,9,27,10,0
10728d70e0641a69:0x29277,8,8,6,0
10728d70e0641a69:0x29277,9,8,6,0
10728d70e0641a69:0x29277,9,9,6,0
10728d70e0641a69:0x29277,9,10,6,0
10728d70e0641a69:0x29277,9,10,7,0
10728d70e0641a69:0x29277,9,11,7,0
10728d70e0641a69:0x29277,9,12,7,0
10728d70e0641a69:0x29277,9,13,7,0
10728d70e0641a69:0x29277,9,14,7,0
10728d70e0641a69:0x29277,9,15,7,0
10728d70e0641a69:0x29277,9,15,8,0
10728d70e0641a69:0x29277,9,16,8,0
10728d70e0641a69:0x29277,9,17,8,0
10728d70e0641a69:0x29277,9,18,8,0
10728d70e0641a69:0x29277,9,19,8,0
10728d70e0641a69:0x29277,9,20,8,0
10728d70e0641a69:0x29277,9,21,8,0
10728d70e0641a69:0x29277,9,21,9,0
10728d70e0641a69:0x29277,9,22,9,0
10728d70e0641a69:0x29277,9,23,9,0
10728d70e0641a69:0x29277,9,24,9,0
10728d70e0641a69:0x29277,9,25,9,0
10728d70e0641a69:0x29277,9,25,10,0
10728d70e0641a69:0x29277,9,26,10,0
10728d70e0641a69:0x29277,9,27,10,0
10728d70e0641a69:0x2934c,8,7,8,0
10728d70e0641a69:0x2934c,8,8,8,0
10728d70e0641a69:0x2934c,9,8,8,0
10728d70e0641a69:0x2934c,9,9,8,0
10728d70e0641a69:0x2934c,9,10,8,0
10728d70e0641a69:0x2934c,9,10,9,0
10728d70e0641a69:0x2934c,9,11,9,0
10728d70e0641a69:0x2934c,9,12,9,0
10728d70e0641a69:0x2934c,9,13,9,0
10728d70e0641a69:0x2934c,9,14,9,0
10728d70e0641a69:0x2934c,9,15,9,0
10728d70e0641a69:0x2934c,9,15,10,0
10728d70e0641a69:0x2934c,9,16,10,0
10728d70e0641a69:0x2934c,9,17,10,0
10728d70e0641a69:0x2934c,9,18,10,0
10728d70e0641a69:0x2934c,9,19,10,0
10728d70e0641a69:0x2934c,9,20,10,0
10728d70e0641a69:0x2934c,9,21,10,0
10728d70e0641a69:0x2934c,9,22,10,0
10728d70e0641a69:0x2934c,9,22,11,0
10728d70e0641a69:0x2934c,9,23,11,0
10728d70e0641a69:0x2934c,9,24,11,0
10728d70e0641a69:0x2934c,9,25,11,0
10728d70e0641a69:0x2934c,9,25,12,0
10728d70e0641a69:0x2934c,9,26,12,0
10728d70e0641a69:0x2934c,9,27,12,0
10728d70e0641a69:0x7b7dc,10,0,2,0
10728d70e0641a69:0x8eccc,11,3,0,0
10728d70e0641a69:0xa817c,18,7,0,0
10728d70e0641a69:0x1159e5,16,0,12,0
10728d70e0641a69:0x6cd2,24,9,3,0
10728d70e0641a69:0x115a2d,25,9,45,0
10728d70e0641a69:0xa81f9,15,5,0,0
10728d70e0641a69:0xa8240,14,5,1,0
10728d70e0641a69:0xa828b,13,4,1,0
10728d70e0641a69:0xa82d2,13,4,1,0
10728d70e0641a69:0xa831e,13,4,1,0
10728d70e0641a69:0xa8362,13,4,1,0
10728d70e0641a69:0xa83af,13,4,1,0
10728d70e0641a69:0xa83f8,13,4,1,0
10728d70e0641a69:0xa856e,13,4,3,0
10728d70e0641a69:0xa85ea,14,6,6,0
10728d70e0641a69:0x3e5dd,13,5,5,0
10728d70e0641a69:0x3e6a2,13,5,4,0
10728d70e0641a69:0xaa573,9,3,3,0
10728d70e0641a69:0x6cd2,25,9,3,0
10728d70e0641a69:0x115a2d,26,9,45,0
10728d70e0641a69:0xa6db7,10,4,4,0
10728d70e0641a69:0xa6ec6,10,4,4,0
10728d70e0641a69:0xaa60f,6,1,0,0
10728d70e0641a69:0xaa680,6,1,0,0
10728d70e0641a69:0xaa713,6,1,0,0
10728d70e0641a69:0xaa758,6,2,1,0
10728d70e0641a69:0xaa987,5,1,1,0
10728d70e0641a69:0xf247,6,2,1,0
10728d70e0641a69:0xf30f,6,2,1,0
10728d70e0641a69:0xf38b,6,2,1,0
10728d70e0641a69:0xf483,6,2,1,0
10728d70e0641a69:0xf500,6,2,1,0
10728d70e0641a69:0xf5cf,6,2,1,0
10728d70e0641a69:0xf613,6,2,1,0
10728d70e0641a69:0xf68f,6,2,1,0
10728d70e0641a69:0xf74c,6,2,2,0
10728d70e0641a69:0xf80c,6,2,1,0
10728d70e0641a69:0xf89a,6,2,1,0
10728d70e0641a69:0xf9a6,6,2,1,0
10728d70e0641a69:0xc4116,6,2,2,0
10728d70e0641a69:0xc4158,5,1,1,0
10728d70e0641a69:0xc41e3,5,1,1,0
10728d70e0641a69:0xc4268,6,2,2,0
10728d70e0641a69:0xa817c,19,7,0,0
10728d70e0641a69:0x1159e5,17,0,12,0
10728d70e0641a69:0x6cd2,26,9,3,0
10728d70e0641a69:0x115a2d,27,9,45,0
10728d70e0641a69:0xa81f9,16,5,0,0
10728d70e0641a69:0xa8240,15,5,1,0
10728d70e0641a69:0xa828b,14,4,1,0
10728d70e0641a69:0xa82d2,14,4,1,0
10728d70e0641a69:0xa831e,14,4,1,0
10728d70e0641a69:0xa8362,14,4,1,0
10728d70e0641a69:0xa83af,14,4,1,0
10728d70e0641a69:0xa83f8,14,4,1,0
10728d70e0641a69:0xa856e,14,4,3,0
10728d70e0641a69:0xa85ea,15,6,6,0
10728d70e0641a69:0x3e5dd,14,5,5,0
10728d70e0641a69:0x3e6a2,14,5,4,0
10728d70e0641a69:0x3e6e6,5,3,3,0
10728d70e0641a69:0x3e730,5,0,6,0
10728d70e0641a69:0x3e9ce,5,3,3,0
10728d70e0641a69:0x3ea12,5,3,3,0
10728d70e0641a69:0x3ea56,5,3,1,0
10728d70e0641a69:0x3ea9a,5,3,1,0
10728d70e0641a69:0x3eade,4,3,2,0
10728d70e0641a69:0x3eade,4,4,2,0
10728d70e0641a69:0x3eade,5,4,2,0
10728d70e0641a69:0xb0cf6,0,0,1,0
10728d70e0641a69:0xb0cf6,0,1,1,0
10728d70e0641a69:0xb0cf6,1,1,1,0
10728d70e0641a69:0x3ce63,0,0,1,0
10728d70e0641a69:0x3ce63,0,1,1,0
10728d70e0641a69:0x3ce63,1,1,1,0
10728d70e0641a69:0x81b84,0,0,1,0
10728d70e0641a69:0x81b84,0,0,2,0
10728d70e0641a69:0x81b84,1,0,2,0
10728d70e0641a69:0x81bb5,0,0,1,0
10728d70e0641a69:0x81bb5,0,1,1,0
10728d70e0641a69:0x81bb5,1,1,1,0
10728d70e0641a69:0x6cd2,26,9,4,0
10728d70e0641a69:0x6cd2,26,10,4,0
10728d70e0641a69:0x6cd2,27,10,4,0
10728d70e0641a69:0x115a2d,27,9,46,0
10728d70e0641a69:0x115a2d,27,10,46,0
10728d70e0641a69:0x115a2d,28,10,46,0
10728d70e0641a69:0x115a2d,28,10,47,0
10728d70e0641a69:0xb0f41,0,0,1,0
10728d70e0641a69:0xb0f41,0,1,1,0
10728d70e0641a69:0xb0f41,1,1,1,0
10728d70e0641a69:0x6cd2,27,10,5,0
10728d70e0641a69:0x6cd2,27,11,5,0
10728d70e0641a69:0x6cd2,28,11,5,0
10728d70e0641a69:0x115a2d,29,10,47,0
10728d70e0641a69:0xb0fc4,0,0,1,0
10728d70e0641a69:0xb0fc4,0,1,1,0
10728d70e0641a69:0xb0fc4,1,1,1,0
10728d70e0641a69:0xa897f,2,2,3,0
10728d70e0641a69:0xa897f,2,3,3,0
10728d70e0641a69:0xa897f,3,3,3,0
10728d70e0641a69:0xa8a0f,0,0,1,0
10728d70e0641a69:0xa8a0f,0,1,1,0
10728d70e0641a69:0xa8a0f,1,1,1,0
10728d70e0641a69:0xa904a,0,0,1,0
10728d70e0641a69:0xa904a,0,1,1,0
10728d70e0641a69:0xa904a,1,1,1,0
10728d70e0641a69:0x6e1b4,0,0,1,0
10728d70e0641a69:0x6e1b4,0,1,1,0
10728d70e0641a69:0x6e1b4,1,1,1,0
10728d70e0641a69:0x7b73b,0,0,1,0
10728d70e0641a69:0x7b73b,0,1,1,0
10728d70e0641a69:0x7b73b,1,1,1,0
10728d70e0641a69:0x7b746,0,0,1,0
10728d70e0641a69:0x7b746,0,1,1,0
10728d70e0641a69:0x7b746,1,1,1,0
10728d70e0641a69:0x7b74f,0,0,1,0
10728d70e0641a69:0x7b74f,0,1,1,0
10728d70e0641a69:0x7b74f,1,1,1,0
10728d70e0641a69:0x7b76c,0,0,1,0
10728d70e0641a69:0x7b76c,0,1,1,0
10728d70e0641a69:0x7b76c,1,1,1,0
10728d70e0641a69:0x7b76c,1,1,2,0
10728d70e0641a69:0x7b76c,1,2,2,0
10728d70e0641a69:0x7b76c,2,2,2,0
10728d70e0641a69:0x7b782,0,0,1,0
10728d70e0641a69:0x7b782,0,0,2,0
10728d70e0641a69:0x7b782,1,0,2,0
10728d70e0641a69:0x6e283,0,0,1,0
10728d70e0641a69:0x6e283,0,0,2,0
10728d70e0641a69:0x6e283,1,0,2,0
10728d70e0641a69:0x5db32,0,0,1,0
10728d70e0641a69:0x5db32,0,0,2,0
10728d70e0641a69:0x5db32,1,0,2,0
10728d70e0641a69:0x6cd2,28,11,6,0
10728d70e0641a69:0x6cd2,28,12,6,0
10728d70e0641a69:0x6cd2,29,12,6,0
10728d70e0641a69:0x6d9b,0,0,1,0
10728d70e0641a69:0x6d9b,0,1,1,0
10728d70e0641a69:0x6d9b,1,1,1,0
10728d70e0641a69:0x6dee,0,0,1,0
10728d70e0641a69:0x6dee,0,1,1,0
10728d70e0641a69:0x6dee,1,1,1,0
10728d70e0641a69:0x115a2d,29,10,48,0
10728d70e0641a69:0x115a2d,29,11,48,0
10728d70e0641a69:0x115a2d,30,11,48,0
10728d70e0641a69:0x1167a4,0,0,1,0
10728d70e0641a69:0x1167a4,0,1,1,0
10728d70e0641a69:0x1167a4,1,1,1,0
10728d70e0641a69:0x116947,0,0,1,0
10728d70e0641a69:0x116947,0,1,1,0
10728d70e0641a69:0x116947,1,1,1,0
10728d70e0641a69:0x116947,1,1,2,0
10728d70e0641a69:0x1169b7,0,0,1,0
10728d70e0641a69:0x1169b7,0,1,1,0
10728d70e0641a69:0x1169b7,1,1,1,0
10728d70e0641a69:0x1169fb,0,0,1,0
10728d70e0641a69:0x1169fb,0,1,1,0
10728d70e0641a69:0x1169fb,1,1,1,0
10728d70e0641a69:0x116a40,0,0,1,0
10728d70e0641a69:0x116a40,0,1,1,0
10728d70e0641a69:0x116a40,1,1,1,0
10728d70e0641a69:0x116a40,1,1,2,0
10728d70e0641a69:0x116e00,0,0,1,0
10728d70e0641a69:0x116e00,0,1,1,0
10728d70e0641a69:0x116e00,1,1,1,0
10728d70e0641a69:0x6e7d,0,0,1,0
10728d70e0641a69:0x6e7d,0,0,2,0
10728d70e0641a69:0x6e7d,1,0,2,0
10728d70e0641a69:0xa93cd,0,0,1,0
10728d70e0641a69:0xa93cd,0,1,1,0
10728d70e0641a69:0xa93cd,1,1,1,0
10728d70e0641a69:0x7b733,0,0,1,0
10728d70e0641a69:0x7b733,0,1,1,0
10728d70e0641a69:0x7b733,1,1,1,0
10728d70e0641a69:0x7b73b,1,1,2,0
10728d70e0641a69:0x7b73b,1,2,2,0
10728d70e0641a69:0x7b73b,2,2,2,0
10728d70e0641a69:0x7b73b,2,2,3,0
10728d70e0641a69:0x7b73b,2,2,4,0
10728d70e0641a69:0x7b73b,2,2,5,0
10728d70e0641a69:0x7b73b,2,2,6,0
10728d70e0641a69:0xa94e7,2,2,3,0
10728d70e0641a69:0xa94e7,2,3,3,0
10728d70e0641a69:0xa94e7,3,3,3,0
10728d70e0641a69:0xa9539,1,1,2,0
10728d70e0641a69:0xa9539,1,2,2,0
10728d70e0641a69:0xa9539,2,2,2,0
10728d70e0641a69:0x290c3,9,20,11,0
10728d70e0641a69:0x290c3,9,21,11,0
10728d70e0641a69:0x290c3,10,21,11,0
10728d70e0641a69:0x2910c,8,22,11,0
10728d70e0641a69:0x2910c,8,23,11,0
10728d70e0641a69:0x2910c,9,23,11,0
10728d70e0641a69:0x2919f,9,27,11,0
10728d70e0641a69:0x2919f,9,28,11,0
10728d70e0641a69:0x2919f,10,28,11,0
10728d70e0641a69:0x291e6,8,21,11,0
10728d70e0641a69:0x291e6,8,22,11,0
10728d70e0641a69:0x291e6,9,22,11,0
10728d70e0641a69:0x29277,9,27,11,0
10728d70e0641a69:0x29277,9,28,11,0
10728d70e0641a69:0x29277,10,28,11,0
10728d70e0641a69:0x292be,8,21,11,0
10728d70e0641a69:0x292be,8,22,11,0
10728d70e0641a69:0x292be,9,22,11,0
10728d70e0641a69:0x2934c,9,27,13,0
10728d70e0641a69:0x2934c,9,28,13,0
10728d70e0641a69:0x2934c,10,28,13,0
10728d70e0641a69:0x29394,8,21,12,0
10728d70e0641a69:0x29394,8,22,12,0
10728d70e0641a69:0x29394,9,22,12,0
10728d70e0641a69:0x2e2bf,2,2,3,0
10728d70e0641a69:0x2e2bf,2,3,3,0
10728d70e0641a69:0x2e2bf,3,3,3,0
10728d70e0641a69:0x290c3,11,21,11,0
10728d70e0641a69:0x2910c,10,23,11,0
10728d70e0641a69:0x2919f,11,28,11,0
10728d70e0641a69:0x291e6,10,22,11,0
10728d70e0641a69:0x29277,11,28,11,0
10728d70e0641a69:0x292be,10,22,11,0
10728d70e0641a69:0x2934c,11,28,13,0
10728d70e0641a69:0x29394,10,22,12,0
10728d70e0641a69:0x2fde4,1,1,2,0
10728d70e0641a69:0x2fde4,1,2,2,0
10728d70e0641a69:0x2fde4,2,2,2,0
10728d70e0641a69:0x7b733,1,1,2,0
10728d70e0641a69:0x7b733,1,2,2,0
10728d70e0641a69:0x7b733,2,2,2,0
10728d70e0641a69:0x7b73b,2,2,7,0
10728d70e0641a69:0x7b73b,2,3,7,0
10728d70e0641a69:0x7b73b,3,3,7,0
10728d70e0641a69:0x7b73b,3,3,8,0
10728d70e0641a69:0x7b73b,3,3,9,0
10728d70e0641a69:0x7b73b,3,3,10,0
10728d70e0641a69:0x7b73b,3,3,11,0
10728d70e0641a69:0x7b73b,3,3,12,0
10728d70e0641a69:0x7b73b,3,3,13,0
10728d70e0641a69:0x7b73b,3,3,14,0
10728d70e0641a69:0x7b73b,3,3,15,0
10728d70e0641a69:0xa817c,19,8,0,0
10728d70e0641a69:0xa817c,20,8,0,0
10728d70e0641a69:0x783b7,0,0,1,0
10728d70e0641a69:0x783b7,0,1,1,0
10728d70e0641a69:0x783b7,1,1,1,0
10728d70e0641a69:0x7782e,0,0,1,0
10728d70e0641a69:0x7782e,0,0,2,0
10728d70e0641a69:0x7782e,1,0,2,0
10728d70e0641a69:0x77834,0,0,1,0
10728d70e0641a69:0x77834,0,1,1,0
10728d70e0641a69:0x77834,1,1,1,0
10728d70e0641a69:0x783e9,0,0,1,0
10728d70e0641a69:0x783e9,0,0,2,0
10728d70e0641a69:0x783e9,1,0,2,0
10728d70e0641a69:0x7b7dc,11,0,2,0
10728d70e0641a69:0x8eccc,12,3,0,0
10728d70e0641a69:0xa817c,21,8,0,0
10728d70e0641a69:0x1159e5,18,0,12,0
10728d70e0641a69:0x6cd2,30,12,6,0
10728d70e0641a69:0x115a2d,31,11,48,0
10728d70e0641a69:0xa81f9,17,5,0,0
10728d70e0641a69:0xa8240,16,5,1,0
10728d70e0641a69:0xa828b,15,4,1,0
10728d70e0641a69:0xa82d2,15,4,1,0
10728d70e0641a69:0xa831e,15,4,1,0
10728d70e0641a69:0xa8362,15,4,1,0
10728d70e0641a69:0xa83af,15,4,1,0
10728d70e0641a69:0xa83f8,15,4,1,0
10728d70e0641a69:0xa856e,15,4,3,0
10728d70e0641a69:0xa85ea,16,6,6,0
10728d70e0641a69:0x3e5dd,15,5,5,0
10728d70e0641a69:0x3e6a2,15,5,4,0
10728d70e0641a69:0xaa573,10,3,3,0
10728d70e0641a69:0x6cd2,31,12,6,0
10728d70e0641a69:0x115a2d,32,11,48,0
10728d70e0641a69:0xa6db7,11,4,4,0
10728d70e0641a69:0xa6ec6,11,4,4,0
10728d70e0641a69:0xaa60f,7,1,0,0
10728d70e0641a69:0xaa680,7,1,0,0
10728d70e0641a69:0xaa713,7,1,0,0
10728d70e0641a69:0xaa758,7,2,1,0
10728d70e0641a69:0xaa987,6,1,1,0
10728d70e0641a69:0xf247,7,2,1,0
10728d70e0641a69:0xf30f,7,2,1,0
10728d70e0641a69:0xf38b,7,2,1,0
10728d70e0641a69:0xf483,7,2,1,0
10728d70e0641a69:0xf500,7,2,1,0
10728d70e0641a69:0xf5cf,7,2,1,0
10728d70e0641a69:0xf613,7,2,1,0
10728d70e0641a69:0xf68f,7,2,1,0
10728d70e0641a69:0xf74c,7,2,2,0
10728d70e0641a69:0xf80c,7,2,1,0
10728d70e0641a69:0xf89a,7,2,1,0
10728d70e0641a69:0xf9a6,7,2,1,0
10728d70e0641a69:0xc4116,7,2,2,0
10728d70e0641a69:0xc4158,6,1,1,0
10728d70e0641a69:0xc41e3,6,1,1,0
10728d70e0641a69:0xc4268,7,2,2,0
10728d70e0641a69:0xa817c,22,8,0,0
10728d70e0641a69:0x1159e5,19,0,12,0
10728d70e0641a69:0x6cd2,32,12,6,0
10728d70e0641a69:0x115a2d,33,11,48,0
10728d70e0641a69:0xa81f9,18,5,0,0
10728d70e0641a69:0xa8240,17,5,1,0
10728d70e0641a69:0xa828b,16,4,1,0
10728d70e0641a69:0xa82d2,16,4,1,0
10728d70e0641a69:0xa831e,16,4,1,0
10728d70e0641a69:0xa8362,16,4,1,0
10728d70e0641a69:0xa83af,16,4,1,0
10728d70e0641a69:0xa83f8,16,4,1,0
10728d70e0641a69:0xa856e,16,4,3,0
10728d70e0641a69:0xa85ea,17,6,6,0
10728d70e0641a69:0x3e5dd,16,5,5,0
10728d70e0641a69:0x3e6a2,16,5,4,0
10728d70e0641a69:0x3e6e6,6,3,3,0
10728d70e0641a69:0x3e730,6,0,6,0
10728d70e0641a69:0x3e9ce,6,3,3,0
10728d70e0641a69:0x3ea12,6,3,3,0
10728d70e0641a69:0x3ea56,6,3,1,0
10728d70e0641a69:0x3ea9a,6,3,1,0
10728d70e0641a69:0x3eade,6,4,2,0
10728d70e0641a69:0x3eb22,5,3,1,0
10728d70e0641a69:0xabb3b,4,3,3,0
10728d70e0641a69:0x6cd2,33,12,6,0
10728d70e0641a69:0x115a2d,34,11,48,0
10728d70e0641a69:0xa6db7,12,4,4,0
10728d70e0641a69:0xa6ec6,12,4,4,0
10728d70e0641a69:0xabcdc,3,2,1,0
10728d70e0641a69:0xabc8,3,2,1,0
10728d70e0641a69:0xa817c,23,8,0,0
10728d70e0641a69:0x1159e5,20,0,12,0
10728d70e0641a69:0x6cd2,33,13,6,0
10728d70e0641a69:0x6cd2,34,13,6,0
10728d70e0641a69:0x115a2d,35,11,48,0
10728d70e0641a69:0xa81f9,19,5,0,0
10728d70e0641a69:0xa8240,18,5,1,0
10728d70e0641a69:0xa828b,17,4,1,0
10728d70e0641a69:0xa82d2,17,4,1,0
10728d70e0641a69:0xa831e,17,4,1,0
10728d70e0641a69:0xa8362,17,4,1,0
10728d70e0641a69:0xa83af,17,4,1,0
10728d70e0641a69:0xa83f8,16,4,2,0
10728d70e0641a69:0xa83f8,16,5,2,0
10728d70e0641a69:0xa83f8,17,5,2,0
10728d70e0641a69:0x290c3,11,21,12,0
10728d70e0641a69:0x290c3,11,22,12,0
10728d70e0641a69:0x290c3,12,22,12,0
10728d70e0641a69:0x290c3,12,22,13,0
10728d70e0641a69:0x290c3,12,22,14,0
10728d70e0641a69:0x2919f,11,28,12,0
10728d70e0641a69:0x2919f,11,29,12,0
10728d70e0641a69:0x2919f,12,29,12,0
10728d70e0641a69:0x291e6,10,22,12,0
10728d70e0641a69:0x291e6,10,23,12,0
10728d70e0641a69:0x291e6,11,23,12,0
10728d70e0641a69:0x29277,11,28,12,0
10728d70e0641a69:0x29277,11,29,12,0
10728d70e0641a69:0x29277,12,29,12,0
10728d70e0641a69:0x292be,10,22,12,0
10728d70e0641a69:0x292be,10,23,12,0
10728d70e0641a69:0x292be,11,23,12,0
10728d70e0641a69:0x2934c,11,28,14,0
10728d70e0641a69:0x2934c,11,29,14,0
10728d70e0641a69:0x2934c,12,29,14,0
10728d70e0641a69:0x29394,10,22,13,0
10728d70e0641a69:0x29394,10,23,13,0
10728d70e0641a69:0x29394,11,23,13,0
10728d70e0641a69:0x7b7dc,12,0,2,0
10728d70e0641a69:0x8eccc,13,3,0,0
10728d70e0641a69:0xa817c,24,8,0,0
10728d70e0641a69:0x1159e5,21,0,12,0
10728d70e0641a69:0x6cd2,35,13,6,0
10728d70e0641a69:0x115a2d,36,11,48,0
10728d70e0641a69:0xa81f9,20,5,0,0
10728d70e0641a69:0xa8240,19,5,1,0
10728d70e0641a69:0xa828b,18,4,1,0
10728d70e0641a69:0xa82d2,18,4,1,0
10728d70e0641a69:0xa831e,18,4,1,0
10728d70e0641a69:0xa8362,18,4,1,0
10728d70e0641a69:0xa83af,18,4,1,0
10728d70e0641a69:0xa83f8,18,5,2,0
10728d70e0641a69:0xa856e,17,4,3,0
10728d70e0641a69:0xa85ea,18,6,6,0
10728d70e0641a69:0x3e5dd,17,5,5,0
10728d70e0641a69:0x3e6a2,17,5,4,0
10728d70e0641a69:0xaa573,11,3,3,0
10728d70e0641a69:0x6cd2,36,13,6,0
10728d70e0641a69:0x115a2d,37,11,48,0
10728d70e0641a69:0xa6db7,13,4,4,0
10728d70e0641a69:0xa6ec6,13,4,4,0
10728d70e0641a69:0xaa60f,8,1,0,0
10728d70e0641a69:0xaa680,8,1,0,0
10728d70e0641a69:0xaa713,8,1,0,0
10728d70e0641a69:0xaa758,8,2,1,0
10728d70e0641a69:0xaa987,7,1,1,0
10728d70e0641a69:0xf247,8,2,1,0
10728d70e0641a69:0xf30f,8,2,1,0
10728d70e0641a69:0xf38b,8,2,1,0
10728d70e0641a69:0xf483,8,2,1,0
10728d70e0641a69:0xf500,8,2,1,0
10728d70e0641a69:0xf5cf,8,2,1,0
10728d70e0641a69:0xf613,8,2,1,0
10728d70e0641a69:0xf68f,8,2,1,0
10728d70e0641a69:0xf74c,8,2,2,0
10728d70e0641a69:0xf80c,8,2,1,0
10728d70e0641a69:0xf89a,8,2,1,0
10728d70e0641a69:0xf9a6,8,2,1,0
10728d70e0641a69:0xc4116,8,2,2,0
10728d70e0641a69:0xc4158,7,1,1,0
10728d70e0641a69:0xc41e3,7,1,1,0
10728d70e0641a69:0xc4268,8,2,2,0
10728d70e0641a69:0xa817c,25,8,0,0
10728d70e0641a69:0x1159e5,22,0,12,0
10728d70e0641a69:0x6cd2,37,13,6,0
10728d70e0641a69:0x115a2d,38,11,48,0
10728d70e0641a69:0xa81f9,21,5,0,0
10728d70e0641a69:0xa8240,20,5,1,0
10728d70e0641a69:0xa828b,19,4,1,0
10728d70e0641a69:0xa82d2,19,4,1,0
10728d70e0641a69:0xa831e,19,4,1,0
10728d70e0641a69:0xa8362,19,4,1,0
10728d70e0641a69:0xa83af,19,4,1,0
10728d70e0641a69:0xa83f8,19,5,2,0
10728d70e0641a69:0xa856e,18,4,3,0
10728d70e0641a69:0xa85ea,19,6,6,0
10728d70e0641a69:0x3e5dd,18,5,5,0
10728d70e0641a69:0x3e6a2,18,5,4,0
10728d70e0641a69:0x3e6e6,7,3,3,0
10728d70e0641a69:0x3e730,7,0,6,0
10728d70e0641a69:0x3e9ce,7,3,3,0
10728d70e0641a69:0x3ea12,7,3,3,0
10728d70e0641a69:0x3ea56,7,3,1,0
10728d70e0641a69:0x3ea9a,7,3,1,0
10728d70e0641a69:0x3eade,7,4,2,0
10728d70e0641a69:0xb0cf6,2,1,1,0
10728d70e0641a69:0x3ce63,2,1,1,0
10728d70e0641a69:0x81b84,2,0,2,0
10728d70e0641a69:0x81bb5,2,1,1,0
10728d70e0641a69:0x6cd2,38,13,6,0
10728d70e0641a69:0x115a2d,39,11,48,0
10728d70e0641a69:0xb0f41,2,1,1,0
10728d70e0641a69:0x6cd2,39,13,6,0
10728d70e0641a69:0x115a2d,40,11,48,0
10728d70e0641a69:0xb0fc4,1,1,2,0
10728d70e0641a69:0xb0fc4,1,2,2,0
10728d70e0641a69:0xb0fc4,2,2,2,0
10728d70e0641a69:0xb100e,0,0,1,0
10728d70e0641a69:0xb100e,0,1,1,0
10728d70e0641a69:0xb100e,1,1,1,0
10728d70e0641a69:0xa897f,3,3,4,0
10728d70e0641a69:0xa897f,3,4,4,0
10728d70e0641a69:0xa897f,4,4,4,0
10728d70e0641a69:0xa8a0f,1,1,2,0
10728d70e0641a69:0xa8a0f,1,2,2,0
10728d70e0641a69:0xa8a0f,2,2,2,0
10728d70e0641a69:0xa904a,1,1,2,0
10728d70e0641a69:0xa904a,1,2,2,0
10728d70e0641a69:0xa904a,2,2,2,0
10728d70e0641a69:0x6e1b4,1,1,2,0
10728d70e0641a69:0x6e1b4,1,2,2,0
10728d70e0641a69:0x6e1b4,2,2,2,0
10728d70e0641a69:0x7b73b,3,3,16,0
10728d70e0641a69:0x7b73b,3,4,16,0
10728d70e0641a69:0x7b73b,4,4,16,0
10728d70e0641a69:0x7b746,1,1,2,0
10728d70e0641a69:0x7b746,1,2,2,0
10728d70e0641a69:0x7b746,2,2,2,0
10728d70e0641a69:0x7b74f,1,1,2,0
10728d70e0641a69:0x7b74f,1,2,2,0
10728d70e0641a69:0x7b74f,2,2,2,0
10728d70e0641a69:0x7b76c,2,2,3,0
10728d70e0641a69:0x7b76c,2,3,3,0
10728d70e0641a69:0x7b76c,3,3,3,0
10728d70e0641a69:0x7b76c,3,3,4,0
10728d70e0641a69:0x7b76c,3,4,4,0
10728d70e0641a69:0x7b76c,4,4,4,0
10728d70e0641a69:0x7b782,1,0,3,0
10728d70e0641a69:0x7b782,1,0,4,0
10728d70e0641a69:0x7b782,2,0,4,0
10728d70e0641a69:0x6e283,1,0,3,0
10728d70e0641a69:0x6e283,1,0,4,0
10728d70e0641a69:0x6e283,2,0,4,0
10728d70e0641a69:0x5db32,1,0,3,0
10728d70e0641a69:0x5db32,1,0,4,0
10728d70e0641a69:0x5db32,2,0,4,0
10728d70e0641a69:0x6cd2,39,13,7,0
10728d70e0641a69:0x6cd2,39,14,7,0
10728d70e0641a69:0x6cd2,40,14,7,0
10728d70e0641a69:0x6d9b,1,1,2,0
10728d70e0641a69:0x6d9b,1,2,2,0
10728d70e0641a69:0x6d9b,2,2,2,0
10728d70e0641a69:0x6dee,1,1,2,0
10728d70e0641a69:0x6dee,1,2,2,0
10728d70e0641a69:0x6dee,2,2,2,0
10728d70e0641a69:0x115a2d,40,11,49,0
10728d70e0641a69:0x115a2d,40,12,49,0
10728d70e0641a69:0x115a2d,41,12,49,0
10728d70e0641a69:0x1167a4,1,1,2,0
10728d70e0641a69:0x1167a4,1,2,2,0
10728d70e0641a69:0x1167a4,2,2,2,0
10728d70e0641a69:0x116947,1,1,3,0
10728d70e0641a69:0x116947,1,2,3,0
10728d70e0641a69:0x116947,2,2,3,0
10728d70e0641a69:0x116947,2,2,4,0
10728d70e0641a69:0x1169b7,1,1,2,0
10728d70e0641a69:0x1169b7,1,2,2,0
10728d70e0641a69:0x1169b7,2,2,2,0
10728d70e0641a69:0x1169fb,1,1,2,0
10728d70e0641a69:0x1169fb,1,2,2,0
10728d70e0641a69:0x1169fb,2,2,2,0
10728d70e0641a69:0x116a40,1,1,3,0
10728d70e0641a69:0x116a40,1,2,3,0
10728d70e0641a69:0x116a40,2,2,3,0
10728d70e0641a69:0x116a40,2,2,4,0
10728d70e0641a69:0x116e00,1,1,2,0
10728d70e0641a69:0x116e00,1,2,2,0
10728d70e0641a69:0x116e00,2,2,2,0
10728d70e0641a69:0x6e7d,1,0,3,0
10728d70e0641a69:0x6e7d,1,0,4,0
10728d70e0641a69:0x6e7d,2,0,4,0
10728d70e0641a69:0xa93cd,1,1,2,0
10728d70e0641a69:0xa93cd,1,2,2,0
10728d70e0641a69:0xa93cd,2,2,2,0
10728d70e0641a69:0x7b733,2,2,3,0
10728d70e0641a69:0x7b733,2,3,3,0
10728d70e0641a69:0x7b733,3,3,3,0
10728d70e0641a69:0x7b73b,5,4,16,0
10728d70e0641a69:0xa94e7,3,3,4,0
10728d70e0641a69:0xa94e7,3,4,4,0
10728d70e0641a69:0xa94e7,4,4,4,0
10728d70e0641a69:0xa9539,2,2,3,0
10728d70e0641a69:0xa9539,2,3,3,0
10728d70e0641a69:0xa9539,3,3,3,0
10728d70e0641a69:0x290c3,12,22,15,0
10728d70e0641a69:0x290c3,12,23,15,0
10728d70e0641a69:0x290c3,13,23,15,0
10728d70e0641a69:0x2910c,10,23,12,0
10728d70e0641a69:0x2910c,10,24,12,0
10728d70e0641a69:0x2910c,11,24,12,0
10728d70e0641a69:0x2919f,12,29,13,0
10728d70e0641a69:0x2919f,12,30,13,0
10728d70e0641a69:0x2919f,13,30,13,0
10728d70e0641a69:0x291e6,11,23,13,0
10728d70e0641a69:0x291e6,11,24,13,0
10728d70e0641a69:0x291e6,12,24,13,0
10728d70e0641a69:0x29277,12,29,13,0
10728d70e0641a69:0x29277,12,30,13,0
10728d70e0641a69:0x29277,13,30,13,0
10728d70e0641a69:0x292be,11,23,13,0
10728d70e0641a69:0x292be,11,24,13,0
10728d70e0641a69:0x292be,12,24,13,0
10728d70e0641a69:0x2934c,12,29,15,0
10728d70e0641a69:0x2934c,12,30,15,0
10728d70e0641a69:0x2934c,13,30,15,0
10728d70e0641a69:0x29394,11,23,14,0
10728d70e0641a69:0x29394,11,24,14,0
10728d70e0641a69:0x29394,12,24,14,0
10728d70e0641a69:0x2e2bf,3,3,4,0
10728d70e0641a69:0x2e2bf,3,4,4,0
10728d70e0641a69:0x2e2bf,4,4,4,0
10728d70e0641a69:0x290c3,14,23,15,0
10728d70e0641a69:0x2910c,12,24,12,0
10728d70e0641a69:0x2919f,14,30,13,0
10728d70e0641a69:0x291e6,13,24,13,0
10728d70e0641a69:0x29277,14,30,13,0
10728d70e0641a69:0x292be,13,24,13,0
10728d70e0641a69:0x2934c,14,30,15,0
10728d70e0641a69:0x29394,13,24,14,0
10728d70e0641a69:0x2fde4,2,2,3,0
10728d70e0641a69:0x2fde4,2,3,3,0
10728d70e0641a69:0x2fde4,3,3,3,0
10728d70e0641a69:0x7b733,4,3,3,0
10728d70e0641a69:0x7b73b,6,4,16,0
10728d70e0641a69:0xa817c,25,9,0,0
10728d70e0641a69:0xa817c,26,9,0,0
10728d70e0641a69:0x783b7,1,1,2,0
10728d70e0641a69:0x783b7,1,2,2,0
10728d70e0641a69:0x783b7,2,2,2,0
10728d70e0641a69:0x7782e,1,0,3,0
10728d70e0641a69:0x7782e,1,0,4,0
10728d70e0641a69:0x7782e,2,0,4,0
10728d70e0641a69:0x77834,1,1,2,0
10728d70e0641a69:0x77834,1,2,2,0
10728d70e0641a69:0x77834,2,2,2,0
10728d70e0641a69:0x783e9,1,0,3,0
10728d70e0641a69:0x783e9,1,0,4,0
10728d70e0641a69:0x783e9,2,0,4,0
10728d70e0641a69:0x7b7dc,13,0,2,0
10728d70e0641a69:0x8eccc,14,3,0,0
10728d70e0641a69:0xa817c,27,9,0,0
10728d70e0641a69:0x1159e5,23,0,12,0
10728d70e0641a69:0x6cd2,41,14,7,0
10728d70e0641a69:0x115a2d,42,12,49,0
10728d70e0641a69:0xa81f9,22,5,0,0
10728d70e0641a69:0xa8240,21,5,1,0
10728d70e0641a69:0xa828b,20,4,1,0
10728d70e0641a69:0xa82d2,20,4,1,0
10728d70e0641a69:0xa831e,20,4,1,0
10728d70e0641a69:0xa8362,20,4,1,0
10728d70e0641a69:0xa83af,20,4,1,0
10728d70e0641a69:0xa83f8,20,5,2,0
10728d70e0641a69:0xa856e,19,4,3,0
10728d70e0641a69:0xa85ea,20,6,6,0
10728d70e0641a69:0x3e5dd,19,5,5,0
10728d70e0641a69:0x3e6a2,19,5,4,0
10728d70e0641a69:0xaa573,12,3,3,0
10728d70e0641a69:0x6cd2,42,14,7,0
10728d70e0641a69:0x115a2d,43,12,49,0
10728d70e0641a69:0xa6db7,14,4,4,0
10728d70e0641a69:0xa6ec6,14,4,4,0
10728d70e0641a69:0xaa60f,9,1,0,0
10728d70e0641a69:0xaa680,9,1,0,0
10728d70e0641a69:0xaa713,9,1,0,0
10728d70e0641a69:0xaa758,9,2,1,0
10728d70e0641a69:0xaa987,8,1,1,0
10728d70e0641a69:0xf247,9,2,1,0
10728d70e0641a69:0xf30f,9,2,1,0
10728d70e0641a69:0xf38b,9,2,1,0
10728d70e0641a69:0xf483,9,2,1,0
10728d70e0641a69:0xf500,9,2,1,0
10728d70e0641a69:0xf5cf,9,2,1,0
10728d70e0641a69:0xf613,9,2,1,0
10728d70e0641a69:0xf68f,9,2,1,0
10728d70e0641a69:0xf74c,9,2,2,0
10728d70e0641a69:0xf80c,9,2,1,0
10728d70e0641a69:0xf89a,9,2,1,0
10728d70e0641a69:0xf9a6,9,2,1,0
10728d70e0641a69:0xc4116,9,2,2,0
10728d70e0641a69:0xc4158,8,1,1,0
10728d70e0641a69:0xc41e3,8,1,1,0
10728d70e0641a69:0xc4268,9,2,2,0
10728d70e0641a69:0xa817c,28,9,0,0
10728d70e0641a69:0x1159e5,24,0,12,0
10728d70e0641a69:0x6cd2,43,14,7,0
10728d70e0641a69:0x115a2d,44,12,49,0
10728d70e0641a69:0xa81f9,23,5,0,0
10728d70e0641a69:0xa8240,22,5,1,0
10728d70e0641a69:0xa828b,21,4,1,0
10728d70e0641a69:0xa82d2,21,4,1,0
10728d70e0641a69:0xa831e,21,4,1,0
10728d70e0641a69:0xa8362,21,4,1,0
10728d70e0641a69:0xa83af,21,4,1,0
10728d70e0641a69:0xa83f8,21,5,2,0
10728d70e0641a69:0xa856e,20,4,3,0
10728d70e0641a69:0xa85ea,21,6,6,0
10728d70e0641a69:0x3e5dd,20,5,5,0
10728d70e0641a69:0x3e6a2,20,5,4,0
10728d70e0641a69:0x3e6e6,8,3,3,0
10728d70e0641a69:0x3e730,8,0,6,0
10728d70e0641a69:0x3e9ce,8,3,3,0
10728d70e0641a69:0x3ea12,8,3,3,0
10728d70e0641a69:0x3ea56,8,3,1,0
10728d70e0641a69:0x3ea9a,8,3,1,0
10728d70e0641a69:0x3eade,8,4,2,0
10728d70e0641a69:0xb0cf6,3,1,1,0
10728d70e0641a69:0x3ce63,3,1,1,0
10728d70e0641a69:0x81b84,3,0,2,0
10728d70e0641a69:0x81bb5,2,1,2,0
10728d70e0641a69:0x81bb5,2,2,2,0
10728d70e0641a69:0x81bb5,3,2,2,0
10728d70e0641a69:0x81bce,0,0,1,0
10728d70e0641a69:0x81bce,0,1,1,0
10728d70e0641a69:0x81bce,1,1,1,0
10728d70e0641a69:0x81c47,0,0,1,0
10728d70e0641a69:0x81c47,0,1,1,0
10728d70e0641a69:0x81c47,1,1,1,0
10728d70e0641a69:0x81c47,1,1,2,0
10728d70e0641a69:0x81c69,0,0,1,0
10728d70e0641a69:0x81c69,0,1,1,0
10728d70e0641a69:0x81c69,1,1,1,0
10728d70e0641a69:0x8216e,0,0,1,0
10728d70e0641a69:0x8216e,0,1,1,0
10728d70e0641a69:0x8216e,1,1,1,0
10728d70e0641a69:0x8216e,1,1,2,0
10728d70e0641a69:0x82198,0,0,1,0
10728d70e0641a69:0x82198,0,0,2,0
10728d70e0641a69:0x82198,1,0,2,0
10728d70e0641a69:0x821dc,0,0,1,0
10728d70e0641a69:0x821dc,0,1,1,0
10728d70e0641a69:0x821dc,1,1,1,0
10728d70e0641a69:0x821dc,1,1,2,0
10728d70e0641a69:0x821f5,0,0,1,0
10728d70e0641a69:0x821f5,0,1,1,0
10728d70e0641a69:0x821f5,1,1,1,0
10728d70e0641a69:0x821f5,1,1,2,0
10728d70e0641a69:0x8220b,0,0,1,0
10728d70e0641a69:0x8220b,0,1,1,0
10728d70e0641a69:0x8220b,1,1,1,0
10728d70e0641a69:0x8222e,0,0,1,0
10728d70e0641a69:0x8222e,0,1,1,0
10728d70e0641a69:0x8222e,1,1,1,0
10728d70e0641a69:0x8222e,1,1,2,0
10728d70e0641a69:0x841c9,0,0,1,0
10728d70e0641a69:0x841c9,0,0,2,0
10728d70e0641a69:0x841c9,1,0,2,0
10728d70e0641a69:0x841d4,0,0,1,0
10728d70e0641a69:0x841d4,0,0,2,0
10728d70e0641a69:0x841d4,1,0,2,0
10728d70e0641a69:0x6cd2,43,14,8,0
10728d70e0641a69:0x6cd2,43,15,8,0
10728d70e0641a69:0x6cd2,44,15,8,0
10728d70e0641a69:0x115a2d,44,12,50,0
10728d70e0641a69:0x115a2d,44,13,50,0
10728d70e0641a69:0x115a2d,45,13,50,0
10728d70e0641a69:0x115a2d,45,13,51,0
10728d70e0641a69:0xb0f41,2,1,2,0
10728d70e0641a69:0xb0f41,2,2,2,0
10728d70e0641a69:0xb0f41,3,2,2,0
10728d70e0641a69:0x6cd2,45,15,8,0
10728d70e0641a69:0x115a2d,46,13,51,0
10728d70e0641a69:0xb0fc4,2,2,3,0
10728d70e0641a69:0xb0fc4,2,3,3,0
10728d70e0641a69:0xb0fc4,3,3,3,0
10728d70e0641a69:0xa897f,4,4,5,0
10728d70e0641a69:0xa897f,4,5,5,0
10728d70e0641a69:0xa897f,5,5,5,0
10728d70e0641a69:0xa8a0f,2,2,3,0
10728d70e0641a69:0xa8a0f,2,3,3,0
10728d70e0641a69:0xa8a0f,3,3,3,0
10728d70e0641a69:0xa904a,2,2,3,0
10728d70e0641a69:0xa904a,2,3,3,0
10728d70e0641a69:0xa904a,3,3,3,0
10728d70e0641a69:0x6e1b4,2,2,3,0
10728d70e0641a69:0x6e1b4,2,3,3,0
10728d70e0641a69:0x6e1b4,3,3,3,0
10728d70e0641a69:0x7b73b,6,4,17,0
10728d70e0641a69:0x7b73b,6,5,17,0
10728d70e0641a69:0x7b73b,7,5,17,0
10728d70e0641a69:0x7b782,2,0,5,0
10728d70e0641a69:0x7b782,2,1,5,0
10728d70e0641a69:0x7b782,3,1,5,0
10728d70e0641a69:0x6e283,2,0,5,0
10728d70e0641a69:0x6e283,2,1,5,0
10728d70e0641a69:0x6e283,3,1,5,0
10728d70e0641a69:0x5db32,2,0,5,0
10728d70e0641a69:0x5db32,2,1,5,0
10728d70e0641a69:0x5db32,3,1,5,0
10728d70e0641a69:0x8451c,0,0,1,0
10728d70e0641a69:0x8451c,0,0,2,0
10728d70e0641a69:0x8451c,1,0,2,0
10728d70e0641a69:0x84527,0,0,1,0
10728d70e0641a69:0x84527,0,0,2,0
10728d70e0641a69:0x84527,1,0,2,0
10728d70e0641a69:0x7fd7c,0,0,1,0
10728d70e0641a69:0x7fd7c,0,0,2,0
10728d70e0641a69:0x7fd7c,1,0,2,0
10728d70e0641a69:0x7fd90,0,0,1,0
10728d70e0641a69:0x7fd90,0,1,1,0
10728d70e0641a69:0x7fd90,1,1,1,0
10728d70e0641a69:0x7fd98,0,0,1,0
10728d70e0641a69:0x7fd98,0,0,2,0
10728d70e0641a69:0x7fd98,1,0,2,0
10728d70e0641a69:0x7fda5,0,0,1,0
10728d70e0641a69:0x7fda5,0,1,1,0
10728d70e0641a69:0x7fda5,1,1,1,0
10728d70e0641a69:0x7feba,0,0,1,0
10728d70e0641a69:0x7feba,0,0,2,0
10728d70e0641a69:0x7feba,1,0,2,0
10728d70e0641a69:0x802cf,0,0,1,0
10728d70e0641a69:0x802cf,0,0,2,0
10728d70e0641a69:0x802cf,1,0,2,0
10728d70e0641a69:0x802cf,1,0,3,0
10728d70e0641a69:0x808ee,0,0,1,0
10728d70e0641a69:0x808ee,0,1,1,0
10728d70e0641a69:0x808ee,1,1,1,0
10728d70e0641a69:0x808ee,1,1,2,0
10728d70e0641a69:0x7fef8,0,0,1,0
10728d70e0641a69:0x7fef8,0,0,2,0
10728d70e0641a69:0x7fef8,1,0,2,0
10728d70e0641a69:0x7ff09,0,0,1,0
10728d70e0641a69:0x7ff09,0,1,1,0
10728d70e0641a69:0x7ff09,1,1,1,0
10728d70e0641a69:0x7ff16,0,0,1,0
10728d70e0641a69:0x7ff16,0,1,1,0
10728d70e0641a69:0x7ff16,1,1,1,0
10728d70e0641a69:0x7ff2e,0,0,1,0
10728d70e0641a69:0x7ff2e,0,0,2,0
10728d70e0641a69:0x7ff2e,1,0,2,0
10728d70e0641a69:0x7ffc4,0,0,1,0
10728d70e0641a69:0x7ffc4,0,0,2,0
10728d70e0641a69:0x7ffc4,1,0,2,0
10728d70e0641a69:0x80072,0,0,1,0
10728d70e0641a69:0x80072,0,0,2,0
10728d70e0641a69:0x80072,1,0,2,0
10728d70e0641a69:0x8099c,0,0,1,0
10728d70e0641a69:0x8099c,0,0,2,0
10728d70e0641a69:0x8099c,1,0,2,0
10728d70e0641a69:0x808ee,1,1,3,0
10728d70e0641a69:0x808ee,1,1,4,0
10728d70e0641a69:0x808ee,2,1,4,0
10728d70e0641a69:0x808ee,2,1,5,0
10728d70e0641a69:0x808ee,2,1,6,0
10728d70e0641a69:0x808ee,3,1,6,0
10728d70e0641a69:0x7b7dc,14,0,2,0
10728d70e0641a69:0x8eccc,15,3,0,0
10728d70e0641a69:0xa817c,29,9,0,0
10728d70e0641a69:0x1159e5,25,0,12,0
10728d70e0641a69:0x6cd2,46,15,8,0
10728d70e0641a69:0x115a2d,47,13,51,0
10728d70e0641a69:0xa81f9,24,5,0,0
10728d70e0641a69:0xa8240,23,5,1,0
10728d70e0641a69:0xa828b,22,4,1,0
10728d70e0641a69:0xa82d2,22,4,1,0
10728d70e0641a69:0xa831e,22,4,1,0
10728d70e0641a69:0xa8362,22,4,1,0
10728d70e0641a69:0xa83af,22,4,1,0
10728d70e0641a69:0xa83f8,22,5,2,0
10728d70e0641a69:0xa856e,21,4,3,0
10728d70e0641a69:0xa85ea,22,6,6,0
10728d70e0641a69:0x3e5dd,21,5,5,0
10728d70e0641a69:0x3e6a2,21,5,4,0
10728d70e0641a69:0x3e6e6,9,3,3,0
10728d70e0641a69:0x3e730,9,0,6,0
10728d70e0641a69:0x3e9ce,9,3,3,0
10728d70e0641a69:0x3ea12,9,3,3,0
10728d70e0641a69:0x3ea56,9,3,1,0
10728d70e0641a69:0x3ea9a,9,3,1,0
10728d70e0641a69:0x3eade,9,4,2,0
10728d70e0641a69:0x3eb22,6,3,1,0
10728d70e0641a69:0x3eb66,2,1,0,0
10728d70e0641a69:0x3ebaa,2,1,0,0
10728d70e0641a69:0x3ebee,2,1,0,0
10728d70e0641a69:0x3ec32,1,1,1,0
10728d70e0641a69:0x3ec32,1,2,1,0
10728d70e0641a69:0x3ec32,2,2,1,0
10728d70e0641a69:0x290c3,14,23,16,0
10728d70e0641a69:0x290c3,14,24,16,0
10728d70e0641a69:0x290c3,15,24,16,0
10728d70e0641a69:0x2910c,12,24,13,0
10728d70e0641a69:0x2910c,12,25,13,0
10728d70e0641a69:0x2910c,13,25,13,0
10728d70e0641a69:0x2919f,14,30,14,0
10728d70e0641a69:0x2919f,14,31,14,0
10728d70e0641a69:0x2919f,15,31,14,0
10728d70e0641a69:0x291e6,13,24,14,0
10728d70e0641a69:0x291e6,13,25,14,0
10728d70e0641a69:0x291e6,14,25,14,0
10728d70e0641a69:0x29277,14,30,14,0
10728d70e0641a69:0x29277,14,31,14,0
10728d70e0641a69:0x29277,15,31,14,0
10728d70e0641a69:0x292be,13,24,14,0
10728d70e0641a69:0x292be,13,25,14,0
10728d70e0641a69:0x292be,14,25,14,0
10728d70e0641a69:0x2934c,14,30,16,0
10728d70e0641a69:0x2934c,14,31,16,0
10728d70e0641a69:0x2934c,15,31,16,0
10728d70e0641a69:0x29394,13,24,15,0
10728d70e0641a69:0x29394,13,25,15,0
10728d70e0641a69:0x29394,14,25,15,0
10728d70e0641a69:0x7b7dc,15,0,2,0
10728d70e0641a69:0x8eccc,16,3,0,0
10728d70e0641a69:0xa817c,30,9,0,0
10728d70e0641a69:0x1159e5,26,0,12,0
10728d70e0641a69:0x6cd2,47,15,8,0
10728d70e0641a69:0x115a2d,48,13,51,0
10728d70e0641a69:0xa81f9,25,5,0,0
10728d70e0641a69:0xa8240,24,5,1,0
10728d70e0641a69:0xa828b,23,4,1,0
10728d70e0641a69:0xa82d2,23,4,1,0
10728d70e0641a69:0xa831e,23,4,1,0
10728d70e0641a69:0xa8362,23,4,1,0
10728d70e0641a69:0xa83af,23,4,1,0
10728d70e0641a69:0xa83f8,23,5,2,0
10728d70e0641a69:0xa856e,21,4,4,0
10728d70e0641a69:0xa856e,21,5,4,0
10728d70e0641a69:0xa856e,22,5,4,0
10728d70e0641a69:0xa86d8,0,0,1,0
10728d70e0641a69:0xa86d8,0,0,2,0
10728d70e0641a69:0xa86d8,1,0,2,0
10728d70e0641a69:0xa875f,0,0,1,0
10728d70e0641a69:0xa875f,0,0,2,0
10728d70e0641a69:0xa875f,1,0,2,0
10728d70e0641a69:0xa877c,0,0,1,0
10728d70e0641a69:0xa877c,0,0,2,0
10728d70e0641a69:0xa877c,1,0,2,0
10728d70e0641a69:0xa8783,0,0,1,0
10728d70e0641a69:0xa8783,0,0,2,0
10728d70e0641a69:0xa8783,1,0,2,0
10728d70e0641a69:0xa85ea,22,6,7,0
10728d70e0641a69:0xa85ea,22,7,7,0
10728d70e0641a69:0xa85ea,23,7,7,0
10728d70e0641a69:0x3e5dd,21,5,6,0
10728d70e0641a69:0x3e5dd,21,6,6,0
10728d70e0641a69:0x3e5dd,22,6,6,0
10728d70e0641a69:0x290c3,15,24,17,0
10728d70e0641a69:0x290c3,15,25,17,0
10728d70e0641a69:0x290c3,16,25,17,0
10728d70e0641a69:0x2910c,13,25,14,0
10728d70e0641a69:0x2910c,13,26,14,0
10728d70e0641a69:0x2910c,14,26,14,0
10728d70e0641a69:0x2919f,15,31,15,0
10728d70e0641a69:0x2919f,15,32,15,0
10728d70e0641a69:0x2919f,16,32,15,0
10728d70e0641a69:0x291e6,14,25,15,0
10728d70e0641a69:0x291e6,14,26,15,0
10728d70e0641a69:0x291e6,15,26,15,0
10728d70e0641a69:0x29277,15,31,15,0
10728d70e0641a69:0x29277,15,32,15,0
10728d70e0641a69:0x29277,16,32,15,0
10728d70e0641a69:0x292be,14,25,15,0
10728d70e0641a69:0x292be,14,26,15,0
10728d70e0641a69:0x292be,15,26,15,0
10728d70e0641a69:0x2934c,15,31,17,0
10728d70e0641a69:0x2934c,15,32,17,0
10728d70e0641a69:0x2934c,16,32,17,0
10728d70e0641a69:0x29394,14,25,16,0
10728d70e0641a69:0x29394,14,26,16,0
10728d70e0641a69:0x29394,15,26,16,0
10728d70e0641a69:0x7b7dc,16,0,2,0
10728d70e0641a69:0x8eccc,17,3,0,0
10728d70e0641a69:0xa817c,31,9,0,0
10728d70e0641a69:0x1159e5,27,0,12,0
10728d70e0641a69:0x6cd2,48,15,8,0
10728d70e0641a69:0x115a2d,49,13,51,0
10728d70e0641a69:0xa81f9,26,5,0,0
10728d70e0641a69:0xa8240,25,5,1,0
10728d70e0641a69:0xa828b,24,4,1,0
10728d70e0641a69:0xa82d2,24,4,1,0
10728d70e0641a69:0xa831e,24,4,1,0
10728d70e0641a69:0xa8362,24,4,1,0
10728d70e0641a69:0xa83af,24,4,1,0
10728d70e0641a69:0xa83f8,24,5,2,0
10728d70e0641a69:0xa856e,23,5,4,0
10728d70e0641a69:0xa85ea,24,7,7,0
10728d70e0641a69:0x3e5dd,23,6,6,0
10728d70e0641a69:0x3e6a2,22,5,4,0
10728d70e0641a69:0x3e6e6,10,3,3,0
10728d70e0641a69:0x3e730,10,0,6,0
10728d70e0641a69:0x3e9ce,10,3,3,0
10728d70e0641a69:0x3ea12,10,3,3,0
10728d70e0641a69:0x3ea56,10,3,1,0
10728d70e0641a69:0x3ea9a,10,3,1,0
10728d70e0641a69:0x3eade,10,4,2,0
10728d70e0641a69:0x3eb22,7,3,1,0
10728d70e0641a69:0x3eb66,3,1,0,0
10728d70e0641a69:0x3ebaa,3,1,0,0
10728d70e0641a69:0x3ebee,3,1,0,0
10728d70e0641a69:0x3ec32,3,2,1,0
10728d70e0641a69:0x3ec76,2,1,0,0
10728d70e0641a69:0x3ecba,2,1,0,0
10728d70e0641a69:0x3ecfe,1,1,1,0
10728d70e0641a69:0x3ecfe,1,2,1,0
10728d70e0641a69:0x3ecfe,2,2,1,0
10728d70e0641a69:0x3ed42,0,0,1,0
10728d70e0641a69:0x3ed42,0,1,1,0
10728d70e0641a69:0x3ed42,1,1,1,0
10728d70e0641a69:0x3ed86,0,0,1,0
10728d70e0641a69:0x3ed86,0,1,1,0
10728d70e0641a69:0x3ed86,1,1,1,0
10728d70e0641a69:0x3edca,0,0,1,0
10728d70e0641a69:0x3edca,0,1,1,0
10728d70e0641a69:0x3edca,1,1,1,0
10728d70e0641a69:0x3ee0e,0,0,1,0
10728d70e0641a69:0x3ee0e,0,1,1,0
10728d70e0641a69:0x3ee0e,1,1,1,0
10728d70e0641a69:0x290c3,16,25,18,0
10728d70e0641a69:0x290c3,16,26,18,0
10728d70e0641a69:0x290c3,17,26,18,0
10728d70e0641a69:0x2910c,14,26,15,0
10728d70e0641a69:0x2910c,14,27,15,0
10728d70e0641a69:0x2910c,15,27,15,0
10728d70e0641a69:0x2919f,16,32,16,0
10728d70e0641a69:0x2919f,16,33,16,0
10728d70e0641a69:0x2919f,17,33,16,0
10728d70e0641a69:0x291e6,15,26,16,0
10728d70e0641a69:0x291e6,15,27,16,0
10728d70e0641a69:0x291e6,16,27,16,0
10728d70e0641a69:0x29277,16,32,16,0
10728d70e0641a69:0x29277,16,33,16,0
10728d70e0641a69:0x29277,17,33,16,0
10728d70e0641a69:0x292be,15,26,16,0
10728d70e0641a69:0x292be,15,27,16,0
10728d70e0641a69:0x292be,16,27,16,0
10728d70e0641a69:0x2934c,16,32,18,0
10728d70e0641a69:0x2934c,16,33,18,0
10728d70e0641a69:0x2934c,17,33,18,0
10728d70e0641a69:0x29394,15,26,17,0
10728d70e0641a69:0x29394,15,27,17,0
10728d70e0641a69:0x29394,16,27,17,0
10728d70e0641a69:0x7b7dc,17,0,2,0
10728d70e0641a69:0x8eccc,18,3,0,0
10728d70e0641a69:0xa817c,32,9,0,0
10728d70e0641a69:0x1159e5,28,0,12,0
10728d70e0641a69:0x6cd2,49,15,8,0
10728d70e0641a69:0x115a2d,50,13,51,0
10728d70e0641a69:0xa81f9,27,5,0,0
10728d70e0641a69:0xa8240,26,5,1,0
10728d70e0641a69:0xa828b,25,4,1,0
10728d70e0641a69:0xa82d2,25,4,1,0
10728d70e0641a69:0xa831e,25,4,1,0
10728d70e0641a69:0xa8362,25,4,1,0
10728d70e0641a69:0xa83af,25,4,1,0
10728d70e0641a69:0xa83f8,25,5,2,0
10728d70e0641a69:0xa856e,24,5,4,0
10728d70e0641a69:0xa85ea,25,7,7,0
10728d70e0641a69:0x3e5dd,24,6,6,0
10728d70e0641a69:0x3e6a2,23,5,4,0
10728d70e0641a69:0xaa573,13,3,3,0
10728d70e0641a69:0x6cd2,50,15,8,0
10728d70e0641a69:0x115a2d,51,13,51,0
10728d70e0641a69:0xa6db7,15,4,4,0
10728d70e0641a69:0xa6ec6,15,4,4,0
10728d70e0641a69:0xaa60f,10,1,0,0
10728d70e0641a69:0xaa680,10,1,0,0
10728d70e0641a69:0xaa713,10,1,0,0
10728d70e0641a69:0xaa758,10,2,1,0
10728d70e0641a69:0xaa79c,2,1,0,0
10728d70e0641a69:0xaa82b,2,1,0,0
10728d70e0641a69:0xf247,10,2,1,0
10728d70e0641a69:0xf30f,10,2,1,0
10728d70e0641a69:0xf38b,10,2,1,0
10728d70e0641a69:0xf483,10,2,1,0
10728d70e0641a69:0xf500,10,2,1,0
10728d70e0641a69:0xf5cf,10,2,1,0
10728d70e0641a69:0xf613,10,2,1,0
10728d70e0641a69:0xf68f,10,2,1,0
10728d70e0641a69:0xf74c,10,2,2,0
10728d70e0641a69:0xf78f,2,1,1,0
10728d70e0641a69:0xf80c,10,2,1,0
10728d70e0641a69:0xf89a,10,2,1,0
10728d70e0641a69:0xf9a6,10,2,1,0
10728d70e0641a69:0xc4116,10,2,2,0
10728d70e0641a69:0xc4268,10,2,2,0
10728d70e0641a69:0xa817c,33,9,0,0
10728d70e0641a69:0x1159e5,29,0,12,0
10728d70e0641a69:0x6cd2,50,16,8,0
10728d70e0641a69:0x6cd2,51,16,8,0
10728d70e0641a69:0x115a2d,52,13,51,0
10728d70e0641a69:0xa81f9,28,5,0,0
10728d70e0641a69:0xa8240,27,5,1,0
10728d70e0641a69:0xa828b,26,4,1,0
10728d70e0641a69:0xa82d2,26,4,1,0
10728d70e0641a69:0xa831e,26,4,1,0
10728d70e0641a69:0xa8362,26,4,1,0
10728d70e0641a69:0xa83af,26,4,1,0
10728d70e0641a69:0xa83f8,26,5,2,0
10728d70e0641a69:0xa856e,25,5,4,0
10728d70e0641a69:0xa85ea,26,7,7,0
10728d70e0641a69:0x3e5dd,25,6,6,0
10728d70e0641a69:0x3e6a2,24,5,4,0
10728d70e0641a69:0x3e6e6,10,3,4,0
10728d70e0641a69:0x3e6e6,10,4,4,0
10728d70e0641a69:0x3e6e6,11,4,4,0
10728d70e0641a69:0x290c3,17,26,19,0
10728d70e0641a69:0x290c3,17,27,19,0
10728d70e0641a69:0x290c3,18,27,19,0
10728d70e0641a69:0x2910c,15,27,16,0
10728d70e0641a69:0x2910c,15,28,16,0
10728d70e0641a69:0x2910c,16,28,16,0
10728d70e0641a69:0x2919f,17,33,17,0
10728d70e0641a69:0x2919f,17,34,17,0
10728d70e0641a69:0x2919f,18,34,17,0
10728d70e0641a69:0x291e6,16,27,17,0
10728d70e0641a69:0x291e6,16,28,17,0
10728d70e0641a69:0x291e6,17,28,17,0
10728d70e0641a69:0x29277,17,33,17,0
10728d70e0641a69:0x29277,17,34,17,0
10728d70e0641a69:0x29277,18,34,17,0
10728d70e0641a69:0x292be,16,27,17,0
10728d70e0641a69:0x292be,16,28,17,0
10728d70e0641a69:0x292be,17,28,17,0
10728d70e0641a69:0x2934c,17,33,19,0
10728d70e0641a69:0x2934c,17,34,19,0
10728d70e0641a69:0x2934c,18,34,19,0
10728d70e0641a69:0x29394,16,27,18,0
10728d70e0641a69:0x29394,16,28,18,0
10728d70e0641a69:0x29394,17,28,18,0
10728d70e0641a69:0x7b7dc,18,0,2,0
10728d70e0641a69:0x8eccc,19,3,0,0
10728d70e0641a69:0xa817c,34,9,0,0
10728d70e0641a69:0x1159e5,30,0,12,0
10728d70e0641a69:0x6cd2,52,16,8,0
10728d70e0641a69:0x115a2d,53,13,51,0
10728d70e0641a69:0xa81f9,29,5,0,0
10728d70e0641a69:0xa8240,28,5,1,0
10728d70e0641a69:0xa828b,27,4,1,0
10728d70e0641a69:0xa82d2,27,4,1,0
10728d70e0641a69:0xa831e,27,4,1,0
10728d70e0641a69:0xa8362,27,4,1,0
10728d70e0641a69:0xa83af,27,4,1,0
10728d70e0641a69:0xa83f8,27,5,2,0
10728d70e0641a69:0xa856e,26,5,4,0
10728d70e0641a69:0xa85ea,27,7,7,0
10728d70e0641a69:0x3e5dd,26,6,6,0
10728d70e0641a69:0x3e6a2,25,5,4,0
10728d70e0641a69:0x3e6e6,12,4,4,0
10728d70e0641a69:0x3e730,11,0,6,0
10728d70e0641a69:0x3e9ce,11,3,3,0
10728d70e0641a69:0x3ea12,11,3,3,0
10728d70e0641a69:0x3ea56,11,3,1,0
10728d70e0641a69:0x3ea9a,11,3,1,0
10728d70e0641a69:0x3eade,11,4,2,0
10728d70e0641a69:0x3eb22,8,3,1,0
10728d70e0641a69:0x3eb66,4,1,0,0
10728d70e0641a69:0x3ebaa,4,1,0,0
10728d70e0641a69:0x3ebee,4,1,0,0
10728d70e0641a69:0x3ec32,4,2,1,0
10728d70e0641a69:0x3ec76,3,1,0,0
10728d70e0641a69:0x3ecba,3,1,0,0
10728d70e0641a69:0x3ecfe,3,2,1,0
10728d70e0641a69:0x3ed42,2,1,1,0
10728d70e0641a69:0x3ed86,2,1,1,0
10728d70e0641a69:0x3edca,1,1,2,0
10728d70e0641a69:0x3edca,1,2,2,0
10728d70e0641a69:0x3edca,2,2,2,0
10728d70e0641a69:0x290c3,18,27,20,0
10728d70e0641a69:0x290c3,18,28,20,0
10728d70e0641a69:0x290c3,19,28,20,0
10728d70e0641a69:0x2910c,16,28,17,0
10728d70e0641a69:0x2910c,16,29,17,0
10728d70e0641a69:0x2910c,17,29,17,0
10728d70e0641a69:0x2919f,18,34,18,0
10728d70e0641a69:0x2919f,18,35,18,0
10728d70e0641a69:0x2919f,19,35,18,0
10728d70e0641a69:0x291e6,17,28,18,0
10728d70e0641a69:0x291e6,17,29,18,0
10728d70e0641a69:0x291e6,18,29,18,0
10728d70e0641a69:0x29277,18,34,18,0
10728d70e0641a69:0x29277,18,35,18,0
10728d70e0641a69:0x29277,19,35,18,0
10728d70e0641a69:0x292be,17,28,18,0
10728d70e0641a69:0x292be,17,29,18,0
10728d70e0641a69:0x292be,18,29,18,0
10728d70e0641a69:0x2934c,18,34,20,0
10728d70e0641a69:0x2934c,18,35,20,0
10728d70e0641a69:0x2934c,19,35,20,0
10728d70e0641a69:0x29394,17,28,19,0
10728d70e0641a69:0x29394,17,29,19,0
10728d70e0641a69:0x29394,18,29,19,0
10728d70e0641a69:0x7b7dc,19,0,2,0
10728d70e0641a69:0x8eccc,20,3,0,0
10728d70e0641a69:0xa817c,35,9,0,0
10728d70e0641a69:0x1159e5,31,0,12,0
10728d70e0641a69:0x6cd2,53,16,8,0
10728d70e0641a69:0x115a2d,54,13,51,0
10728d70e0641a69:0xa81f9,30,5,0,0
10728d70e0641a69:0xa8240,29,5,1,0
10728d70e0641a69:0xa828b,28,4,1,0
10728d70e0641a69:0xa82d2,28,4,1,0
10728d70e0641a69:0xa831e,28,4,1,0
10728d70e0641a69:0xa8362,28,4,1,0
10728d70e0641a69:0xa83af,28,4,1,0
10728d70e0641a69:0xa83f8,28,5,2,0
10728d70e0641a69:0xa856e,27,5,4,0
10728d70e0641a69:0xa85ea,28,7,7,0
10728d70e0641a69:0x3e5dd,27,6,6,0
10728d70e0641a69:0x3e6a2,26,5,4,0
10728d70e0641a69:0x3e6e6,13,4,4,0
10728d70e0641a69:0x3e730,12,0,6,0
10728d70e0641a69:0x3e9ce,12,3,3,0
10728d70e0641a69:0x3ea12,12,3,3,0
10728d70e0641a69:0x3ea56,12,3,1,0
10728d70e0641a69:0x3ea9a,12,3,1,0
10728d70e0641a69:0x3eade,12,4,2,0
10728d70e0641a69:0x3eb22,9,3,1,0
10728d70e0641a69:0x3eb66,5,1,0,0
10728d70e0641a69:0x3ebaa,5,1,0,0
10728d70e0641a69:0x3ebee,5,1,0,0
10728d70e0641a69:0x3ec32,5,2,1,0
10728d70e0641a69:0x3ec76,4,1,0,0
10728d70e0641a69:0x3ecba,4,1,0,0
10728d70e0641a69:0x3ecfe,4,2,1,0
10728d70e0641a69:0x3ed42,3,1,1,0
10728d70e0641a69:0x3ed86,2,1,2,0
10728d70e0641a69:0x3ed86,2,2,2,0
10728d70e0641a69:0x3ed86,3,2,2,0
10728d70e0641a69:0x290c3,19,28,21,0
10728d70e0641a69:0x290c3,19,29,21,0
10728d70e0641a69:0x290c3,20,29,21,0
10728d70e0641a69:0x2910c,17,29,18,0
10728d70e0641a69:0x2910c,17,30,18,0
10728d70e0641a69:0x2910c,18,30,18,0
10728d70e0641a69:0x2919f,19,35,19,0
10728d70e0641a69:0x2919f,19,36,19,0
10728d70e0641a69:0x2919f,20,36,19,0
10728d70e0641a69:0x291e6,18,29,19,0
10728d70e0641a69:0x291e6,18,30,19,0
10728d70e0641a69:0x291e6,19,30,19,0
10728d70e0641a69:0x29277,19,35,19,0
10728d70e0641a69:0x29277,19,36,19,0
10728d70e0641a69:0x29277,20,36,19,0
10728d70e0641a69:0x292be,18,29,19,0
10728d70e0641a69:0x292be,18,30,19,0
10728d70e0641a69:0x292be,19,30,19,0
10728d70e0641a69:0x2934c,19,35,21,0
10728d70e0641a69:0x2934c,19,36,21,0
10728d70e0641a69:0x2934c,20,36,21,0
10728d70e0641a69:0x29394,18,29,20,0
10728d70e0641a69:0x29394,18,30,20,0
10728d70e0641a69:0x29394,19,30,20,0
10728d70e0641a69:0x7b7dc,20,0,2,0
10728d70e0641a69:0x8eccc,21,3,0,0
10728d70e0641a69:0xa817c,36,9,0,0
10728d70e0641a69:0x1159e5,32,0,12,0
10728d70e0641a69:0x6cd2,54,16,8,0
10728d70e0641a69:0x115a2d,55,13,51,0
10728d70e0641a69:0xa81f9,31,5,0,0
10728d70e0641a69:0xa8240,30,5,1,0
10728d70e0641a69:0xa828b,29,4,1,0
10728d70e0641a69:0xa82d2,29,4,1,0
10728d70e0641a69:0xa831e,29,4,1,0
10728d70e0641a69:0xa8362,29,4,1,0
10728d70e0641a69:0xa83af,29,4,1,0
10728d70e0641a69:0xa83f8,29,5,2,0
10728d70e0641a69:0xa856e,28,5,4,0
10728d70e0641a69:0xa85ea,29,7,7,0
10728d70e0641a69:0x3e5dd,28,6,6,0
10728d70e0641a69:0x3e6a2,27,5,4,0
10728d70e0641a69:0x3e6e6,14,4,4,0
10728d70e0641a69:0x3e730,13,0,6,0
10728d70e0641a69:0x3e9ce,13,3,3,0
10728d70e0641a69:0x3ea12,13,3,3,0
10728d70e0641a69:0x3ea56,13,3,1,0
10728d70e0641a69:0x3ea9a,13,3,1,0
10728d70e0641a69:0x3eade,13,4,2,0
10728d70e0641a69:0x3eb22,10,3,1,0
10728d70e0641a69:0x3eb66,6,1,0,0
10728d70e0641a69:0x3ebaa,6,1,0,0
10728d70e0641a69:0x3ebee,6,1,0,0
10728d70e0641a69:0x3ec32,6,2,1,0
10728d70e0641a69:0x3ec76,5,1,0,0
10728d70e0641a69:0x3ecba,5,1,0,0
10728d70e0641a69:0x3ecfe,5,2,1,0
10728d70e0641a69:0x3ed42,3,1,2,0
10728d70e0641a69:0x3ed42,3,2,2,0
10728d70e0641a69:0x3ed42,4,2,2,0
10728d70e0641a69:0x290c3,20,29,22,0
10728d70e0641a69:0x290c3,20,30,22,0
10728d70e0641a69:0x290c3,21,30,22,0
10728d70e0641a69:0x2910c,18,30,19,0
10728d70e0641a69:0x2910c,18,31,19,0
10728d70e0641a69:0x2910c,19,31,19,0
10728d70e0641a69:0x2919f,20,36,20,0
10728d70e0641a69:0x2919f,20,37,20,0
10728d70e0641a69:0x2919f,21,37,20,0
10728d70e0641a69:0x291e6,19,30,20,0
10728d70e0641a69:0x291e6,19,31,20,0
10728d70e0641a69:0x291e6,20,31,20,0
10728d70e0641a69:0x29277,20,36,20,0
10728d70e0641a69:0x29277,20,37,20,0
10728d70e0641a69:0x29277,21,37,20,0
10728d70e0641a69:0x292be,19,30,20,0
10728d70e0641a69:0x292be,19,31,20,0
10728d70e0641a69:0x292be,20,31,20,0
10728d70e0641a69:0x2934c,20,36,22,0
10728d70e0641a69:0x2934c,20,37,22,0
10728d70e0641a69:0x2934c,21,37,22,0
10728d70e0641a69:0x29394,19,30,21,0
10728d70e0641a69:0x29394,19,31,21,0
10728d70e0641a69:0x29394,20,31,21,0
10728d70e0641a69:0x7b7dc,21,0,2,0
10728d70e0641a69:0x8eccc,22,3,0,0
10728d70e0641a69:0xa817c,37,9,0,0
10728d70e0641a69:0x1159e5,33,0,12,0
10728d70e0641a69:0x6cd2,55,16,8,0
10728d70e0641a69:0x115a2d,56,13,51,0
10728d70e0641a69:0xa81f9,32,5,0,0
10728d70e0641a69:0xa8240,31,5,1,0
10728d70e0641a69:0xa828b,30,4,1,0
10728d70e0641a69:0xa82d2,30,4,1,0
10728d70e0641a69:0xa831e,30,4,1,0
10728d70e0641a69:0xa8362,30,4,1,0
10728d70e0641a69:0xa83af,30,4,1,0
10728d70e0641a69:0xa83f8,30,5,2,0
10728d70e0641a69:0xa856e,29,5,4,0
10728d70e0641a69:0xa85ea,30,7,7,0
10728d70e0641a69:0x3e5dd,29,6,6,0
10728d70e0641a69:0x3e6a2,28,5,4,0
10728d70e0641a69:0xaa573,14,3,3,0
10728d70e0641a69:0x6cd2,56,16,8,0
10728d70e0641a69:0x115a2d,57,13,51,0
10728d70e0641a69:0xa6db7,16,4,4,0
10728d70e0641a69:0xa6ec6,16,4,4,0
10728d70e0641a69:0xaa60f,11,1,0,0
10728d70e0641a69:0xaa680,11,1,0,0
10728d70e0641a69:0xaa713,11,1,0,0
10728d70e0641a69:0xaa758,11,2,1,0
10728d70e0641a69:0xaa987,9,1,1,0
10728d70e0641a69:0xf247,11,2,1,0
10728d70e0641a69:0xf30f,11,2,1,0
10728d70e0641a69:0xf38b,11,2,1,0
10728d70e0641a69:0xf483,11,2,1,0
10728d70e0641a69:0xf500,11,2,1,0
10728d70e0641a69:0xf5cf,11,2,1,0
10728d70e0641a69:0xf613,11,2,1,0
10728d70e0641a69:0xf68f,11,2,1,0
10728d70e0641a69:0xf74c,11,2,2,0
10728d70e0641a69:0xf80c,11,2,1,0
10728d70e0641a69:0xf89a,11,2,1,0
10728d70e0641a69:0xf9a6,11,2,1,0
10728d70e0641a69:0xc4116,11,2,2,0
10728d70e0641a69:0xc4158,9,1,1,0
10728d70e0641a69:0xc41e3,9,1,1,0
10728d70e0641a69:0xc4268,11,2,2,0
10728d70e0641a69:0xa817c,38,9,0,0
10728d70e0641a69:0x1159e5,34,0,12,0
10728d70e0641a69:0x6cd2,57,16,8,0
10728d70e0641a69:0x115a2d,58,13,51,0
10728d70e0641a69:0xa81f9,33,5,0,0
10728d70e0641a69:0xa8240,32,5,1,0
10728d70e0641a69:0xa828b,31,4,1,0
10728d70e0641a69:0xa82d2,31,4,1,0
10728d70e0641a69:0xa831e,31,4,1,0
10728d70e0641a69:0xa8362,31,4,1,0
10728d70e0641a69:0xa83af,31,4,1,0
10728d70e0641a69:0xa83f8,31,5,2,0
10728d70e0641a69:0xa856e,30,5,4,0
10728d70e0641a69:0xa85ea,30,7,8,0
10728d70e0641a69:0xa85ea,30,8,8,0
10728d70e0641a69:0xa85ea,31,8,8,0
10728d70e0641a69:0x3078c,1,1,2,0
10728d70e0641a69:0x3078c,1,2,2,0
10728d70e0641a69:0x3078c,2,2,2,0
10728d70e0641a69:0x290c3,22,30,22,0
10728d70e0641a69:0x2910c,20,31,19,0
10728d70e0641a69:0x2919f,22,37,20,0
10728d70e0641a69:0x291e6,21,31,20,0
10728d70e0641a69:0x29277,22,37,20,0
10728d70e0641a69:0x292be,21,31,20,0
10728d70e0641a69:0x2934c,22,37,22,0
10728d70e0641a69:0x29394,21,31,21,0
10728d70e0641a69:0x30a82,1,1,2,0
10728d70e0641a69:0x30a82,1,2,2,0
10728d70e0641a69:0x30a82,2,2,2,0
10728d70e0641a69:0x3e5dd,30,6,6,0
10728d70e0641a69:0x3e6a2,28,5,5,0
10728d70e0641a69:0x3e6a2,28,6,5,0
10728d70e0641a69:0x3e6a2,29,6,5,0
10728d70e0641a69:0x3e6e6,14,4,5,0
10728d70e0641a69:0x3e6e6,14,5,5,0
10728d70e0641a69:0x3e6e6,15,5,5,0
10728d70e0641a69:0x3e730,13,0,7,0
10728d70e0641a69:0x3e730,13,0,8,0
10728d70e0641a69:0x3e730,14,0,8,0
10728d70e0641a69:0x3e9ce,13,3,4,0
10728d70e0641a69:0x3e9ce,13,4,4,0
10728d70e0641a69:0x3e9ce,14,4,4,0
10728d70e0641a69:0x3ea12,13,3,4,0
10728d70e0641a69:0x3ea12,13,4,4,0
10728d70e0641a69:0x3ea12,14,4,4,0
10728d70e0641a69:0x3ea56,13,3,2,0
10728d70e0641a69:0x3ea56,13,4,2,0
10728d70e0641a69:0x3ea56,14,4,2,0
10728d70e0641a69:0x3ea9a,13,3,2,0
10728d70e0641a69:0x3ea9a,13,4,2,0
10728d70e0641a69:0x3ea9a,14,4,2,0
10728d70e0641a69:0x3eade,13,4,3,0
10728d70e0641a69:0x3eade,13,5,3,0
10728d70e0641a69:0x3eade,14,5,3,0
10728d70e0641a69:0xb0cf6,3,1,2,0
10728d70e0641a69:0xb0cf6,3,2,2,0
10728d70e0641a69:0xb0cf6,4,2,2,0
10728d70e0641a69:0x3ce63,3,1,2,0
10728d70e0641a69:0x3ce63,3,2,2,0
10728d70e0641a69:0x3ce63,4,2,2,0
10728d70e0641a69:0x81b84,3,0,3,0
10728d70e0641a69:0x81b84,3,0,4,0
10728d70e0641a69:0x81b84,4,0,4,0
10728d70e0641a69:0x81bb5,3,2,3,0
10728d70e0641a69:0x81bb5,3,3,3,0
10728d70e0641a69:0x81bb5,4,3,3,0
10728d70e0641a69:0x81bce,1,1,2,0
10728d70e0641a69:0x81bce,1,2,2,0
10728d70e0641a69:0x81bce,2,2,2,0
10728d70e0641a69:0x81c47,1,1,3,0
10728d70e0641a69:0x81c47,1,2,3,0
10728d70e0641a69:0x81c47,2,2,3,0
10728d70e0641a69:0x81cb1,0,0,1,0
10728d70e0641a69:0x81cb1,0,1,1,0
10728d70e0641a69:0x81cb1,1,1,1,0
10728d70e0641a69:0x81cc2,0,0,1,0
10728d70e0641a69:0x81cc2,0,1,1,0
10728d70e0641a69:0x81cc2,1,1,1,0
10728d70e0641a69:0x8246f,0,0,1,0
10728d70e0641a69:0x8246f,0,1,1,0
10728d70e0641a69:0x8246f,1,1,1,0
10728d70e0641a69:0x8247c,0,0,1,0
10728d70e0641a69:0x8247c,0,1,1,0
10728d70e0641a69:0x8247c,1,1,1,0
10728d70e0641a69:0x826ef,0,0,1,0
10728d70e0641a69:0x826ef,0,1,1,0
10728d70e0641a69:0x826ef,1,1,1,0
10728d70e0641a69:0x8216e,1,1,3,0
10728d70e0641a69:0x8216e,1,2,3,0
10728d70e0641a69:0x8216e,2,2,3,0
10728d70e0641a69:0x8222e,1,1,3,0
10728d70e0641a69:0x8222e,1,2,3,0
10728d70e0641a69:0x8222e,2,2,3,0
10728d70e0641a69:0x8127f,0,0,1,0
10728d70e0641a69:0x8127f,0,1,1,0
10728d70e0641a69:0x8127f,1,1,1,0
10728d70e0641a69:0x81453,0,0,1,0
10728d70e0641a69:0x81453,0,0,2,0
10728d70e0641a69:0x81453,1,0,2,0
10728d70e0641a69:0x7b7dc,22,0,2,0
10728d70e0641a69:0x8eccc,23,3,0,0
10728d70e0641a69:0xa817c,39,9,0,0
10728d70e0641a69:0x1159e5,35,0,12,0
10728d70e0641a69:0x6cd2,58,16,8,0
10728d70e0641a69:0x115a2d,59,13,51,0
10728d70e0641a69:0xa81f9,34,5,0,0
10728d70e0641a69:0xa8240,33,5,1,0
10728d70e0641a69:0xa828b,32,4,1,0
10728d70e0641a69:0xa82d2,32,4,1,0
10728d70e0641a69:0xa831e,32,4,1,0
10728d70e0641a69:0xa8362,32,4,1,0
10728d70e0641a69:0xa83af,32,4,1,0
10728d70e0641a69:0xa83f8,32,5,2,0
10728d70e0641a69:0xa856e,31,5,4,0
10728d70e0641a69:0xa85ea,32,8,8,0
10728d70e0641a69:0x3e5dd,31,6,6,0
10728d70e0641a69:0x3e6a2,30,6,5,0
10728d70e0641a69:0xaa573,15,3,3,0
10728d70e0641a69:0x6cd2,59,16,8,0
10728d70e0641a69:0x115a2d,60,13,51,0
10728d70e0641a69:0xa6db7,17,4,4,0
10728d70e0641a69:0xa6ec6,17,4,4,0
10728d70e0641a69:0xaa60f,12,1,0,0
10728d70e0641a69:0xaa680,12,1,0,0
10728d70e0641a69:0xaa713,12,1,0,0
10728d70e0641a69:0xaa758,12,2,1,0
10728d70e0641a69:0xaa79c,3,1,0,0
10728d70e0641a69:0xaa82b,3,1,0,0
10728d70e0641a69:0xf247,12,2,1,0
10728d70e0641a69:0xf30f,12,2,1,0
10728d70e0641a69:0xf38b,12,2,1,0
10728d70e0641a69:0xf483,12,2,1,0
10728d70e0641a69:0xf500,12,2,1,0
10728d70e0641a69:0xf5cf,12,2,1,0
10728d70e0641a69:0xf613,12,2,1,0
10728d70e0641a69:0xf68f,12,2,1,0
10728d70e0641a69:0xf74c,12,2,2,0
10728d70e0641a69:0xf78f,3,1,1,0
10728d70e0641a69:0xf80c,12,2,1,0
10728d70e0641a69:0xf89a,12,2,1,0
10728d70e0641a69:0xf9a6,12,2,1,0
10728d70e0641a69:0xc4116,12,2,2,0
10728d70e0641a69:0xc4268,12,2,2,0
10728d70e0641a69:0xa817c,40,9,0,0
10728d70e0641a69:0x1159e5,36,0,12,0
10728d70e0641a69:0x6cd2,60,16,8,0
10728d70e0641a69:0x115a2d,61,13,51,0
10728d70e0641a69:0xa81f9,35,5,0,0
10728d70e0641a69:0xa8240,34,5,1,0
10728d70e0641a69:0xa828b,33,4,1,0
10728d70e0641a69:0xa82d2,33,4,1,0
10728d70e0641a69:0xa831e,33,4,1,0
10728d70e0641a69:0xa8362,33,4,1,0
10728d70e0641a69:0xa83af,33,4,1,0
10728d70e0641a69:0xa83f8,33,5,2,0
10728d70e0641a69:0xa856e,31,5,5,0
10728d70e0641a69:0xa856e,31,6,5,0
10728d70e0641a69:0xa856e,32,6,5,0
10728d70e0641a69:0xa86d8,1,0,3,0
10728d70e0641a69:0xa86d8,1,1,3,0
10728d70e0641a69:0xa86d8,2,1,3,0
10728d70e0641a69:0xa875f,1,0,3,0
10728d70e0641a69:0xa875f,1,1,3,0
10728d70e0641a69:0xa875f,2,1,3,0
10728d70e0641a69:0xa877c,1,0,3,0
10728d70e0641a69:0xa877c,1,1,3,0
10728d70e0641a69:0xa877c,2,1,3,0
10728d70e0641a69:0xa8783,1,0,3,0
10728d70e0641a69:0xa8783,1,1,3,0
10728d70e0641a69:0xa8783,2,1,3,0
10728d70e0641a69:0xa85ea,33,8,8,0
10728d70e0641a69:0x3e5dd,31,6,7,0
10728d70e0641a69:0x3e5dd,31,7,7,0
10728d70e0641a69:0x3e5dd,32,7,7,0
10728d70e0641a69:0x3e817,0,0,1,0
10728d70e0641a69:0x3e817,0,1,1,0
10728d70e0641a69:0x3e817,1,1,1,0
10728d70e0641a69:0x290c3,22,30,23,0
10728d70e0641a69:0x290c3,22,31,23,0
10728d70e0641a69:0x290c3,23,31,23,0
10728d70e0641a69:0x2910c,20,31,20,0
10728d70e0641a69:0x2910c,20,32,20,0
10728d70e0641a69:0x2910c,21,32,20,0
10728d70e0641a69:0x2919f,22,37,21,0
10728d70e0641a69:0x2919f,22,38,21,0
10728d70e0641a69:0x2919f,23,38,21,0
10728d70e0641a69:0x291e6,21,31,21,0
10728d70e0641a69:0x291e6,21,32,21,0
10728d70e0641a69:0x291e6,22,32,21,0
10728d70e0641a69:0x29277,22,37,21,0
10728d70e0641a69:0x29277,22,38,21,0
10728d70e0641a69:0x29277,23,38,21,0
10728d70e0641a69:0x292be,21,31,21,0
10728d70e0641a69:0x292be,21,32,21,0
10728d70e0641a69:0x292be,22,32,21,0
10728d70e0641a69:0x2934c,22,37,23,0
10728d70e0641a69:0x2934c,22,38,23,0
10728d70e0641a69:0x2934c,23,38,23,0
10728d70e0641a69:0x29394,21,31,22,0
10728d70e0641a69:0x29394,21,32,22,0
10728d70e0641a69:0x29394,22,32,22,0
10728d70e0641a69:0x7b7dc,23,0,2,0
10728d70e0641a69:0x8eccc,24,3,0,0
10728d70e0641a69:0xa817c,41,9,0,0
10728d70e0641a69:0x1159e5,37,0,12,0
10728d70e0641a69:0x6cd2,61,16,8,0
10728d70e0641a69:0x115a2d,62,13,51,0
10728d70e0641a69:0xa81f9,36,5,0,0
10728d70e0641a69:0xa8240,35,5,1,0
10728d70e0641a69:0xa828b,34,4,1,0
10728d70e0641a69:0xa82d2,34,4,1,0
10728d70e0641a69:0xa831e,34,4,1,0
10728d70e0641a69:0xa8362,34,4,1,0
10728d70e0641a69:0xa83af,34,4,1,0
10728d70e0641a69:0xa83f8,34,5,2,0
10728d70e0641a69:0xa856e,33,6,5,0
10728d70e0641a69:0xa85ea,34,8,8,0
10728d70e0641a69:0x3e5dd,33,7,7,0
10728d70e0641a69:0x3e6a2,31,6,5,0
10728d70e0641a69:0xaa573,16,3,3,0
10728d70e0641a69:0x6cd2,62,16,8,0
10728d70e0641a69:0x115a2d,63,13,51,0
10728d70e0641a69:0xa6db7,18,4,4,0
10728d70e0641a69:0xa6ec6,18,4,4,0
10728d70e0641a69:0xaa60f,13,1,0,0
10728d70e0641a69:0xaa680,13,1,0,0
10728d70e0641a69:0xaa713,13,1,0,0
10728d70e0641a69:0xaa758,13,2,1,0
10728d70e0641a69:0xaa79c,4,1,0,0
10728d70e0641a69:0xaa82b,4,1,0,0
10728d70e0641a69:0xf247,13,2,1,0
10728d70e0641a69:0xf30f,13,2,1,0
10728d70e0641a69:0xf38b,13,2,1,0
10728d70e0641a69:0xf483,13,2,1,0
10728d70e0641a69:0xf500,13,2,1,0
10728d70e0641a69:0xf5cf,13,2,1,0
10728d70e0641a69:0xf613,13,2,1,0
10728d70e0641a69:0xf68f,13,2,1,0
10728d70e0641a69:0xf74c,13,2,2,0
10728d70e0641a69:0xf78f,4,1,1,0
10728d70e0641a69:0xf80c,13,2,1,0
10728d70e0641a69:0xf89a,13,2,1,0
10728d70e0641a69:0xf9a6,13,2,1,0
10728d70e0641a69:0xc4116,13,2,2,0
10728d70e0641a69:0xc4268,13,2,2,0
10728d70e0641a69:0xa817c,42,9,0,0
10728d70e0641a69:0x1159e5,38,0,12,0
10728d70e0641a69:0x6cd2,63,16,8,0
10728d70e0641a69:0x115a2d,64,13,51,0
10728d70e0641a69:0xa81f9,37,5,0,0
10728d70e0641a69:0xa8240,36,5,1,0
10728d70e0641a69:0xa828b,35,4,1,0
10728d70e0641a69:0xa82d2,35,4,1,0
10728d70e0641a69:0xa831e,35,4,1,0
10728d70e0641a69:0xa8362,35,4,1,0
10728d70e0641a69:0xa83af,35,4,1,0
10728d70e0641a69:0xa83f8,35,5,2,0
10728d70e0641a69:0xa856e,34,6,5,0
10728d70e0641a69:0xa85ea,35,8,8,0
10728d70e0641a69:0x3e5dd,34,7,7,0
10728d70e0641a69:0x3e6a2,32,6,5,0
10728d70e0641a69:0x3e6e6,16,5,5,0
10728d70e0641a69:0x3e730,15,0,8,0
10728d70e0641a69:0x3e9ce,15,4,4,0
10728d70e0641a69:0x3ea12,15,4,4,0
10728d70e0641a69:0x3ea56,15,4,2,0
10728d70e0641a69:0x3ea9a,15,4,2,0
10728d70e0641a69:0x3eade,15,5,3,0
10728d70e0641a69:0x3eb22,11,3,1,0
10728d70e0641a69:0xabb3b,5,3,3,0
10728d70e0641a69:0x6cd2,64,16,8,0
10728d70e0641a69:0x115a2d,65,13,51,0
10728d70e0641a69:0xa6db7,19,4,4,0
10728d70e0641a69:0xa6ec6,19,4,4,0
10728d70e0641a69:0xabcdc,4,2,1,0
10728d70e0641a69:0xabc8,4,2,1,0
10728d70e0641a69:0xa817c,43,9,0,0
10728d70e0641a69:0x1159e5,39,0,12,0
10728d70e0641a69:0x6cd2,65,16,8,0
10728d70e0641a69:0x115a2d,66,13,51,0
10728d70e0641a69:0xa81f9,38,5,0,0
10728d70e0641a69:0xa8240,37,5,1,0
10728d70e0641a69:0xa828b,36,4,1,0
10728d70e0641a69:0xa82d2,36,4,1,0
10728d70e0641a69:0xa831e,36,4,1,0
10728d70e0641a69:0xa8362,36,4,1,0
10728d70e0641a69:0xa83af,36,4,1,0
10728d70e0641a69:0xa83f8,36,5,2,0
10728d70e0641a69:0xa856e,34,6,6,0
10728d70e0641a69:0xa856e,34,7,6,0
10728d70e0641a69:0xa856e,35,7,6,0
10728d70e0641a69:0xa86d8,2,1,4,0
10728d70e0641a69:0xa86d8,2,2,4,0
10728d70e0641a69:0xa86d8,3,2,4,0
10728d70e0641a69:0xa875f,2,1,4,0
10728d70e0641a69:0xa875f,2,2,4,0
10728d70e0641a69:0xa875f,3,2,4,0
10728d70e0641a69:0xa877c,2,1,4,0
10728d70e0641a69:0xa877c,2,2,4,0
10728d70e0641a69:0xa877c,3,2,4,0
10728d70e0641a69:0xa8783,2,1,4,0
10728d70e0641a69:0xa8783,2,2,4,0
10728d70e0641a69:0xa8783,3,2,4,0
10728d70e0641a69:0xa85ea,36,8,8,0
10728d70e0641a69:0x3e5dd,34,7,8,0
10728d70e0641a69:0x3e5dd,34,8,8,0
10728d70e0641a69:0x3e5dd,35,8,8,0
10728d70e0641a69:0x3e817,1,1,2,0
10728d70e0641a69:0x3e817,1,2,2,0
10728d70e0641a69:0x3e817,2,2,2,0
10728d70e0641a69:0x290c3,24,31,23,0
10728d70e0641a69:0x2910c,22,32,20,0
10728d70e0641a69:0x2919f,24,38,21,0
10728d70e0641a69:0x291e6,23,32,21,0
10728d70e0641a69:0x29277,24,38,21,0
10728d70e0641a69:0x292be,23,32,21,0
10728d70e0641a69:0x2934c,24,38,23,0
10728d70e0641a69:0x29394,23,32,22,0
10728d70e0641a69:0x7b7dc,24,0,2,0
10728d70e0641a69:0x8eccc,25,3,0,0
10728d70e0641a69:0xa817c,44,9,0,0
10728d70e0641a69:0x1159e5,40,0,12,0
10728d70e0641a69:0x6cd2,66,16,8,0
10728d70e0641a69:0x115a2d,67,13,51,0
10728d70e0641a69:0xa81f9,39,5,0,0
10728d70e0641a69:0xa8240,38,5,1,0
10728d70e0641a69:0xa828b,37,4,1,0
10728d70e0641a69:0xa82d2,37,4,1,0
10728d70e0641a69:0xa831e,37,4,1,0
10728d70e0641a69:0xa8362,37,4,1,0
10728d70e0641a69:0xa83af,37,4,1,0
10728d70e0641a69:0xa83f8,37,5,2,0
10728d70e0641a69:0xa856e,36,7,6,0
10728d70e0641a69:0xa85ea,37,8,8,0
10728d70e0641a69:0x3e5dd,36,8,8,0
10728d70e0641a69:0x3e6a2,33,6,5,0
10728d70e0641a69:0x3e6e6,17,5,5,0
10728d70e0641a69:0x3e730,16,0,8,0
10728d70e0641a69:0x3e9ce,16,4,4,0
10728d70e0641a69:0x3ea12,16,4,4,0
10728d70e0641a69:0x3ea56,16,4,2,0
10728d70e0641a69:0x3ea9a,16,4,2,0
10728d70e0641a69:0x3eade,16,5,3,0
10728d70e0641a69:0x3eb22,12,3,1,0
10728d70e0641a69:0x3eb66,7,1,0,0
10728d70e0641a69:0x3ebaa,7,1,0,0
10728d70e0641a69:0x3ebee,7,1,0,0
10728d70e0641a69:0x3ec32,7,2,1,0
10728d70e0641a69:0x3ec76,6,1,0,0
10728d70e0641a69:0x3ecba,6,1,0,0
10728d70e0641a69:0x3ecfe,6,2,1,0
10728d70e0641a69:0x3ed42,5,2,2,0
10728d70e0641a69:0x3ed86,4,2,2,0
10728d70e0641a69:0x3edca,3,2,2,0
10728d70e0641a69:0x3ee0e,1,1,2,0
10728d70e0641a69:0x3ee0e,1,2,2,0
10728d70e0641a69:0x3ee0e,2,2,2,0
10728d70e0641a69:0x3ee52,0,0,1,0
10728d70e0641a69:0x3ee52,0,1,1,0
10728d70e0641a69:0x3ee52,1,1,1,0
10728d70e0641a69:0x3ee96,0,0,1,0
10728d70e0641a69:0x3ee96,0,1,1,0
10728d70e0641a69:0x3ee96,1,1,1,0
10728d70e0641a69:0x3eeda,0,0,1,0
10728d70e0641a69:0x3eeda,0,1,1,0
10728d70e0641a69:0x3eeda,1,1,1,0
10728d70e0641a69:0xa897f,5,5,6,0
10728d70e0641a69:0xa897f,5,6,6,0
10728d70e0641a69:0xa897f,6,6,6,0
10728d70e0641a69:0xa8a0f,3,3,4,0
10728d70e0641a69:0xa8a0f,3,4,4,0
10728d70e0641a69:0xa8a0f,4,4,4,0
10728d70e0641a69:0xa904a,3,3,4,0
10728d70e0641a69:0xa904a,3,4,4,0
10728d70e0641a69:0xa904a,4,4,4,0
10728d70e0641a69:0x6e1b4,3,3,4,0
10728d70e0641a69:0x6e1b4,3,4,4,0
10728d70e0641a69:0x6e1b4,4,4,4,0
10728d70e0641a69:0x7b73b,7,5,18,0
10728d70e0641a69:0x7b73b,7,6,18,0
10728d70e0641a69:0x7b73b,8,6,18,0
10728d70e0641a69:0x7b746,2,2,3,0
10728d70e0641a69:0x7b746,2,3,3,0
10728d70e0641a69:0x7b746,3,3,3,0
10728d70e0641a69:0x7b74f,2,2,3,0
10728d70e0641a69:0x7b74f,2,3,3,0
10728d70e0641a69:0x7b74f,3,3,3,0
10728d70e0641a69:0x7b76c,4,4,5,0
10728d70e0641a69:0x7b76c,4,5,5,0
10728d70e0641a69:0x7b76c,5,5,5,0
10728d70e0641a69:0x7b76c,5,5,6,0
10728d70e0641a69:0x7b76c,5,6,6,0
10728d70e0641a69:0x7b76c,6,6,6,0
10728d70e0641a69:0x7b76c,6,6,7,0
10728d70e0641a69:0x7b76c,6,7,7,0
10728d70e0641a69:0x7b76c,7,7,7,0
10728d70e0641a69:0x7b76c,8,7,7,0
10728d70e0641a69:0x7b76c,8,7,8,0
10728d70e0641a69:0x7b76c,8,8,8,0
10728d70e0641a69:0x7b76c,9,8,8,0
10728d70e0641a69:0x7b76c,10,8,8,0
10728d70e0641a69:0x7b76c,11,8,8,0
10728d70e0641a69:0x7b76c,12,8,8,0
10728d70e0641a69:0x7b76c,12,8,9,0
10728d70e0641a69:0x7b76c,12,9,9,0
10728d70e0641a69:0x7b76c,13,9,9,0
10728d70e0641a69:0x7b76c,14,9,9,0
10728d70e0641a69:0x7b76c,15,9,9,0
10728d70e0641a69:0x7b76c,16,9,9,0
10728d70e0641a69:0x7b76c,16,9,10,0
10728d70e0641a69:0x7b76c,16,10,10,0
10728d70e0641a69:0x7b76c,17,10,10,0
10728d70e0641a69:0x7b782,3,1,6,0
10728d70e0641a69:0x7b782,3,1,7,0
10728d70e0641a69:0x7b782,4,1,7,0
10728d70e0641a69:0x6e283,3,1,6,0
10728d70e0641a69:0x6e283,3,1,7,0
10728d70e0641a69:0x6e283,4,1,7,0
10728d70e0641a69:0x5db32,3,1,6,0
10728d70e0641a69:0x5db32,3,1,7,0
10728d70e0641a69:0x5db32,4,1,7,0
10728d70e0641a69:0x6cd2,66,16,9,0
10728d70e0641a69:0x6cd2,66,17,9,0
10728d70e0641a69:0x6cd2,67,17,9,0
10728d70e0641a69:0x6d9b,2,2,3,0
10728d70e0641a69:0x6d9b,2,3,3,0
10728d70e0641a69:0x6d9b,3,3,3,0
10728d70e0641a69:0x6dee,2,2,3,0
10728d70e0641a69:0x6dee,2,3,3,0
10728d70e0641a69:0x6dee,3,3,3,0
10728d70e0641a69:0x115a2d,67,13,52,0
10728d70e0641a69:0x115a2d,67,14,52,0
10728d70e0641a69:0x115a2d,68,14,52,0
10728d70e0641a69:0x1167a4,2,2,3,0
10728d70e0641a69:0x1167a4,2,3,3,0
10728d70e0641a69:0x1167a4,3,3,3,0
10728d70e0641a69:0x1167a4,3,3,4,0
10728d70e0641a69:0x1167a4,3,3,5,0
10728d70e0641a69:0x1167a4,3,3,6,0
10728d70e0641a69:0x1167a4,3,3,7,0
10728d70e0641a69:0x1167a4,3,3,8,0
10728d70e0641a69:0x1167a4,3,3,9,0
10728d70e0641a69:0x1167a4,3,3,10,0
10728d70e0641a69:0x1167a4,3,3,11,0
10728d70e0641a69:0x1168c7,0,0,1,0
10728d70e0641a69:0x1168c7,0,1,1,0
10728d70e0641a69:0x1168c7,1,1,1,0
10728d70e0641a69:0x116947,2,2,5,0
10728d70e0641a69:0x116947,2,3,5,0
10728d70e0641a69:0x116947,3,3,5,0
10728d70e0641a69:0x116947,3,3,6,0
10728d70e0641a69:0x116947,3,3,7,0
10728d70e0641a69:0x1169b7,2,2,3,0
10728d70e0641a69:0x1169b7,2,3,3,0
10728d70e0641a69:0x1169b7,3,3,3,0
10728d70e0641a69:0x1169fb,2,2,3,0
10728d70e0641a69:0x1169fb,2,3,3,0
10728d70e0641a69:0x1169fb,3,3,3,0
10728d70e0641a69:0x116a40,2,2,5,0
10728d70e0641a69:0x116a40,2,3,5,0
10728d70e0641a69:0x116a40,3,3,5,0
10728d70e0641a69:0x116a84,0,0,1,0
10728d70e0641a69:0x116a84,0,1,1,0
10728d70e0641a69:0x116a84,1,1,1,0
10728d70e0641a69:0x116ac8,0,0,1,0
10728d70e0641a69:0x116ac8,0,1,1,0
10728d70e0641a69:0x116ac8,1,1,1,0
10728d70e0641a69:0x116b0c,0,0,1,0
10728d70e0641a69:0x116b0c,0,1,1,0
10728d70e0641a69:0x116b0c,1,1,1,0
10728d70e0641a69:0x116b0c,1,1,2,0
10728d70e0641a69:0x116b0c,1,1,3,0
10728d70e0641a69:0x116b0c,1,1,4,0
10728d70e0641a69:0x116b0c,1,1,5,0
10728d70e0641a69:0x116b0c,1,1,6,0
10728d70e0641a69:0x116b0c,1,1,7,0
10728d70e0641a69:0x116b0c,1,1,8,0
10728d70e0641a69:0x116b0c,1,1,9,0
10728d70e0641a69:0x116e00,2,2,3,0
10728d70e0641a69:0x116e00,2,3,3,0
10728d70e0641a69:0x116e00,3,3,3,0
10728d70e0641a69:0x6e7d,2,0,5,0
10728d70e0641a69:0x6e7d,2,0,6,0
10728d70e0641a69:0x6e7d,3,0,6,0
10728d70e0641a69:0xa93cd,2,2,3,0
10728d70e0641a69:0xa93cd,2,3,3,0
10728d70e0641a69:0xa93cd,3,3,3,0
10728d70e0641a69:0x7b733,4,3,4,0
10728d70e0641a69:0x7b733,4,4,4,0
10728d70e0641a69:0x7b733,5,4,4,0
10728d70e0641a69:0x7b73b,8,6,19,0
10728d70e0641a69:0x7b73b,8,7,19,0
10728d70e0641a69:0x7b73b,9,7,19,0
10728d70e0641a69:0x7b73b,9,7,20,0
10728d70e0641a69:0x7b73b,9,7,21,0
10728d70e0641a69:0x7b73b,9,7,22,0
10728d70e0641a69:0x7b73b,9,7,23,0
10728d70e0641a69:0xa94e7,4,4,5,0
10728d70e0641a69:0xa94e7,4,5,5,0
10728d70e0641a69:0xa94e7,5,5,5,0
10728d70e0641a69:0xa9539,3,3,4,0
10728d70e0641a69:0xa9539,3,4,4,0
10728d70e0641a69:0xa9539,4,4,4,0
10728d70e0641a69:0x290c3,24,31,24,0
10728d70e0641a69:0x290c3,24,32,24,0
10728d70e0641a69:0x290c3,25,32,24,0
10728d70e0641a69:0x2910c,22,32,21,0
10728d70e0641a69:0x2910c,22,33,21,0
10728d70e0641a69:0x2910c,23,33,21,0
10728d70e0641a69:0x2919f,24,38,22,0
10728d70e0641a69:0x2919f,24,39,22,0
10728d70e0641a69:0x2919f,25,39,22,0
10728d70e0641a69:0x291e6,23,32,22,0
10728d70e0641a69:0x291e6,23,33,22,0
10728d70e0641a69:0x291e6,24,33,22,0
10728d70e0641a69:0x29277,24,38,22,0
10728d70e0641a69:0x29277,24,39,22,0
10728d70e0641a69:0x29277,25,39,22,0
10728d70e0641a69:0x292be,23,32,22,0
10728d70e0641a69:0x292be,23,33,22,0
10728d70e0641a69:0x292be,24,33,22,0
10728d70e0641a69:0x2934c,24,38,24,0
10728d70e0641a69:0x2934c,24,39,24,0
10728d70e0641a69:0x2934c,25,39,24,0
10728d70e0641a69:0x29394,23,32,23,0
10728d70e0641a69:0x29394,23,33,23,0
10728d70e0641a69:0x29394,24,33,23,0
10728d70e0641a69:0x2e2bf,4,4,5,0
10728d70e0641a69:0x2e2bf,4,5,5,0
10728d70e0641a69:0x2e2bf,5,5,5,0
10728d70e0641a69:0xb998f,0,0,1,0
10728d70e0641a69:0xb998f,0,1,1,0
10728d70e0641a69:0xb998f,1,1,1,0
10728d70e0641a69:0x7b733,5,4,5,0
10728d70e0641a69:0x7b733,5,5,5,0
10728d70e0641a69:0x7b733,6,5,5,0
10728d70e0641a69:0x7b73b,9,7,24,0
10728d70e0641a69:0x7b73b,9,8,24,0
10728d70e0641a69:0x7b73b,10,8,24,0
10728d70e0641a69:0x7b73b,10,8,25,0
10728d70e0641a69:0x7b73b,10,8,26,0
10728d70e0641a69:0x7b73b,10,8,27,0
10728d70e0641a69:0x7b73b,10,8,28,0
10728d70e0641a69:0x7b73b,10,8,29,0
10728d70e0641a69:0x7b73b,10,8,30,0
10728d70e0641a69:0x7b73b,10,8,31,0
10728d70e0641a69:0x7b73b,10,8,32,0
10728d70e0641a69:0xa817c,44,10,0,0
10728d70e0641a69:0xa817c,45,10,0,0
10728d70e0641a69:0x1159e5,40,0,13,0
10728d70e0641a69:0x1159e5,40,0,14,0
10728d70e0641a69:0x1159e5,41,0,14,0
10728d70e0641a69:0x6cd2,67,18,9,0
10728d70e0641a69:0x6cd2,68,18,9,0
10728d70e0641a69:0x115a2d,68,15,52,0
10728d70e0641a69:0x115a2d,69,15,52,0
10728d70e0641a69:0x115a2d,69,15,53,0
10728d70e0641a69:0x115a2d,69,15,54,0
10728d70e0641a69:0x115a2d,69,15,55,0
10728d70e0641a69:0x115a2d,69,15,56,0
10728d70e0641a69:0xa81f9,39,6,0,0
10728d70e0641a69:0xa81f9,40,6,0,0
10728d70e0641a69:0xa8240,38,6,1,0
10728d70e0641a69:0xa8240,39,6,1,0
10728d70e0641a69:0xa828b,37,5,1,0
10728d70e0641a69:0xa828b,38,5,1,0
10728d70e0641a69:0xa82d2,37,5,1,0
10728d70e0641a69:0xa82d2,38,5,1,0
10728d70e0641a69:0xa831e,37,5,1,0
10728d70e0641a69:0xa831e,38,5,1,0
10728d70e0641a69:0xa8362,37,5,1,0
10728d70e0641a69:0xa8362,38,5,1,0
10728d70e0641a69:0xa83af,37,5,1,0
10728d70e0641a69:0xa83af,38,5,1,0
10728d70e0641a69:0xa83f8,37,6,2,0
10728d70e0641a69:0xa83f8,38,6,2,0
10728d70e0641a69:0xa856e,36,7,7,0
10728d70e0641a69:0xa856e,36,8,7,0
10728d70e0641a69:0xa856e,37,8,7,0
10728d70e0641a69:0xa85ea,37,8,9,0
10728d70e0641a69:0xa85ea,37,9,9,0
10728d70e0641a69:0xa85ea,38,9,9,0
10728d70e0641a69:0x3e5dd,36,8,9,0
10728d70e0641a69:0x3e5dd,36,9,9,0
10728d70e0641a69:0x3e5dd,37,9,9,0
10728d70e0641a69:0x3e6a2,33,6,6,0
10728d70e0641a69:0x3e6a2,33,7,6,0
10728d70e0641a69:0x3e6a2,34,7,6,0
10728d70e0641a69:0x3e6e6,17,5,6,0
10728d70e0641a69:0x3e6e6,17,6,6,0
10728d70e0641a69:0x3e6e6,18,6,6,0
10728d70e0641a69:0x3e730,16,0,9,0
10728d70e0641a69:0x3e730,16,0,10,0
10728d70e0641a69:0x3e730,17,0,10,0
10728d70e0641a69:0x3e9ce,16,4,5,0
10728d70e0641a69:0x3e9ce,16,5,5,0
10728d70e0641a69:0x3e9ce,17,5,5,0
10728d70e0641a69:0x3ea12,16,4,5,0
10728d70e0641a69:0x3ea12,16,5,5,0
10728d70e0641a69:0x3ea12,17,5,5,0
10728d70e0641a69:0x3ea56,16,5,2,0
10728d70e0641a69:0x3ea56,17,5,2,0
10728d70e0641a69:0x3ea9a,16,5,2,0
10728d70e0641a69:0x3ea9a,17,5,2,0
10728d70e0641a69:0x3eade,16,6,3,0
10728d70e0641a69:0x3eade,17,6,3,0
10728d70e0641a69:0x3eb22,12,4,1,0
10728d70e0641a69:0x3eb22,13,4,1,0
10728d70e0641a69:0x3eb66,7,2,0,0
10728d70e0641a69:0x3eb66,8,2,0,0
10728d70e0641a69:0x3ebaa,7,2,0,0
10728d70e0641a69:0x3ebaa,8,2,0,0
10728d70e0641a69:0x3ebee,7,2,0,0
10728d70e0641a69:0x3ebee,8,2,0,0
10728d70e0641a69:0x3ec32,7,3,1,0
10728d70e0641a69:0x3ec32,8,3,1,0
10728d70e0641a69:0x3ec76,6,2,0,0
10728d70e0641a69:0x3ec76,7,2,0,0
10728d70e0641a69:0x3ecba,6,2,0,0
10728d70e0641a69:0x3ecba,7,2,0,0
10728d70e0641a69:0x3ecfe,6,3,1,0
10728d70e0641a69:0x3ecfe,7,3,1,0
10728d70e0641a69:0x3ed42,5,3,2,0
10728d70e0641a69:0x3ed42,6,3,2,0
10728d70e0641a69:0x3ed86,4,3,2,0
10728d70e0641a69:0x3ed86,5,3,2,0
10728d70e0641a69:0x3edca,3,3,2,0
10728d70e0641a69:0x3edca,4,3,2,0
10728d70e0641a69:0x3ee0e,2,3,2,0
10728d70e0641a69:0x3ee0e,3,3,2,0
10728d70e0641a69:0x3ee52,1,2,1,0
10728d70e0641a69:0x3ee52,2,2,1,0
10728d70e0641a69:0x3ee96,1,2,1,0
10728d70e0641a69:0x3ee96,2,2,1,0
10728d70e0641a69:0x3eeda,1,2,1,0
10728d70e0641a69:0x3eeda,2,2,1,0
10728d70e0641a69:0xa897f,6,6,7,0
10728d70e0641a69:0xa897f,6,7,7,0
10728d70e0641a69:0xa897f,7,7,7,0
10728d70e0641a69:0xa8a0f,4,4,5,0
10728d70e0641a69:0xa8a0f,4,5,5,0
10728d70e0641a69:0xa8a0f,5,5,5,0
10728d70e0641a69:0xa904a,4,4,5,0
10728d70e0641a69:0xa904a,4,5,5,0
10728d70e0641a69:0xa904a,5,5,5,0
10728d70e0641a69:0x6e1b4,4,4,5,0
10728d70e0641a69:0x6e1b4,4,5,5,0
10728d70e0641a69:0x6e1b4,5,5,5,0
10728d70e0641a69:0x7b733,6,5,6,0
10728d70e0641a69:0x7b733,6,6,6,0
10728d70e0641a69:0x7b733,7,6,6,0
10728d70e0641a69:0x7b73b,11,8,32,0
10728d70e0641a69:0x7b746,3,3,4,0
10728d70e0641a69:0x7b746,3,4,4,0
10728d70e0641a69:0x7b746,4,4,4,0
10728d70e0641a69:0x7b74f,3,3,4,0
10728d70e0641a69:0x7b74f,3,4,4,0
10728d70e0641a69:0x7b74f,4,4,4,0
10728d70e0641a69:0x7b74f,4,4,5,0
10728d70e0641a69:0x7b76c,17,10,11,0
10728d70e0641a69:0x7b76c,17,11,11,0
10728d70e0641a69:0x7b76c,18,11,11,0
10728d70e0641a69:0x7b76c,18,11,12,0
10728d70e0641a69:0x7b76c,19,11,12,0
10728d70e0641a69:0x7b76c,20,11,12,0
10728d70e0641a69:0x7b76c,20,11,13,0
10728d70e0641a69:0x7b76c,20,12,13,0
10728d70e0641a69:0x7b76c,21,12,13,0
10728d70e0641a69:0x7b782,4,1,8,0
10728d70e0641a69:0x7b782,4,1,9,0
10728d70e0641a69:0x7b782,5,1,9,0
10728d70e0641a69:0x6e283,4,1,8,0
10728d70e0641a69:0x6e283,4,1,9,0
10728d70e0641a69:0x6e283,5,1,9,0
10728d70e0641a69:0x5db32,4,1,8,0
10728d70e0641a69:0x5db32,4,1,9,0
10728d70e0641a69:0x5db32,5,1,9,0
10728d70e0641a69:0x6cd2,68,18,10,0
10728d70e0641a69:0x6cd2,68,19,10,0
10728d70e0641a69:0x6cd2,69,19,10,0
10728d70e0641a69:0x6d9b,3,3,4,0
10728d70e0641a69:0x6d9b,3,4,4,0
10728d70e0641a69:0x6d9b,4,4,4,0
10728d70e0641a69:0x6dee,3,3,4,0
10728d70e0641a69:0x6dee,3,4,4,0
10728d70e0641a69:0x6dee,4,4,4,0
10728d70e0641a69:0x115a2d,69,15,57,0
10728d70e0641a69:0x115a2d,69,16,57,0
10728d70e0641a69:0x115a2d,70,16,57,0
10728d70e0641a69:0x1167a4,4,3,11,0
10728d70e0641a69:0x116947,3,3,8,0
10728d70e0641a69:0x116947,3,4,8,0
10728d70e0641a69:0x116947,4,4,8,0
10728d70e0641a69:0x116947,4,4,9,0
10728d70e0641a69:0x1169b7,3,3,4,0
10728d70e0641a69:0x1169b7,3,4,4,0
10728d70e0641a69:0x1169b7,4,4,4,0
10728d70e0641a69:0x1169fb,3,3,4,0
10728d70e0641a69:0x1169fb,3,4,4,0
10728d70e0641a69:0x1169fb,4,4,4,0
10728d70e0641a69:0x116a40,3,3,6,0
10728d70e0641a69:0x116a40,3,4,6,0
10728d70e0641a69:0x116a40,4,4,6,0
10728d70e0641a69:0x116a84,1,1,2,0
10728d70e0641a69:0x116a84,1,2,2,0
10728d70e0641a69:0x116a84,2,2,2,0
10728d70e0641a69:0x116ac8,1,1,2,0
10728d70e0641a69:0x116ac8,1,2,2,0
10728d70e0641a69:0x116ac8,2,2,2,0
10728d70e0641a69:0x116ac8,2,2,3,0
10728d70e0641a69:0x116ac8,2,2,4,0
10728d70e0641a69:0x116ac8,2,2,5,0
10728d70e0641a69:0x116e00,3,3,4,0
10728d70e0641a69:0x116e00,3,4,4,0
10728d70e0641a69:0x116e00,4,4,4,0
10728d70e0641a69:0x6e7d,3,0,7,0
10728d70e0641a69:0x6e7d,3,0,8,0
10728d70e0641a69:0x6e7d,4,0,8,0
10728d70e0641a69:0xa93cd,3,3,4,0
10728d70e0641a69:0xa93cd,3,4,4,0
10728d70e0641a69:0xa93cd,4,4,4,0
10728d70e0641a69:0x7b733,7,6,7,0
10728d70e0641a69:0x7b733,7,7,7,0
10728d70e0641a69:0x7b733,8,7,7,0
10728d70e0641a69:0x7b73b,11,8,33,0
10728d70e0641a69:0x7b73b,11,9,33,0
10728d70e0641a69:0x7b73b,12,9,33,0
10728d70e0641a69:0x7b73b,12,9,34,0
10728d70e0641a69:0x7b73b,12,9,35,0
10728d70e0641a69:0x7b73b,12,9,36,0
10728d70e0641a69:0x7b73b,12,9,37,0
10728d70e0641a69:0xa94e7,5,5,6,0
10728d70e0641a69:0xa94e7,5,6,6,0
10728d70e0641a69:0xa94e7,6,6,6,0
10728d70e0641a69:0xa9539,4,4,5,0
10728d70e0641a69:0xa9539,4,5,5,0
10728d70e0641a69:0xa9539,5,5,5,0
10728d70e0641a69:0x290c3,25,32,25,0
10728d70e0641a69:0x290c3,25,33,25,0
10728d70e0641a69:0x290c3,26,33,25,0
10728d70e0641a69:0x2910c,23,33,22,0
10728d70e0641a69:0x2910c,23,34,22,0
10728d70e0641a69:0x2910c,24,34,22,0
10728d70e0641a69:0x2919f,25,39,23,0
10728d70e0641a69:0x2919f,25,40,23,0
10728d70e0641a69:0x2919f,26,40,23,0
10728d70e0641a69:0x291e6,24,33,23,0
10728d70e0641a69:0x291e6,24,34,23,0
10728d70e0641a69:0x291e6,25,34,23,0
10728d70e0641a69:0x29277,25,39,23,0
10728d70e0641a69:0x29277,25,40,23,0
10728d70e0641a69:0x29277,26,40,23,0
10728d70e0641a69:0x292be,24,33,23,0
10728d70e0641a69:0x292be,24,34,23,0
10728d70e0641a69:0x292be,25,34,23,0
10728d70e0641a69:0x2934c,25,39,25,0
10728d70e0641a69:0x2934c,25,40,25,0
10728d70e0641a69:0x2934c,26,40,25,0
10728d70e0641a69:0x29394,24,33,24,0
10728d70e0641a69:0x29394,24,34,24,0
10728d70e0641a69:0x29394,25,34,24,0
10728d70e0641a69:0x2e2bf,5,5,6,0
10728d70e0641a69:0x2e2bf,5,6,6,0
10728d70e0641a69:0x2e2bf,6,6,6,0
10728d70e0641a69:0xb998f,1,1,2,0
10728d70e0641a69:0xb998f,1,2,2,0
10728d70e0641a69:0xb998f,2,2,2,0
10728d70e0641a69:0x7b733,8,7,8,0
10728d70e0641a69:0x7b733,8,8,8,0
10728d70e0641a69:0x7b733,9,8,8,0
10728d70e0641a69:0x7b73b,12,9,38,0
10728d70e0641a69:0x7b73b,12,10,38,0
10728d70e0641a69:0x7b73b,13,10,38,0
10728d70e0641a69:0x7b73b,13,10,39,0
10728d70e0641a69:0x7b73b,13,10,40,0
10728d70e0641a69:0x7b73b,13,10,41,0
10728d70e0641a69:0x7b73b,13,10,42,0
10728d70e0641a69:0x7b73b,13,10,43,0
10728d70e0641a69:0x7b73b,13,10,44,0
10728d70e0641a69:0x7b73b,13,10,45,0
10728d70e0641a69:0x7b73b,13,10,46,0
10728d70e0641a69:0xa817c,45,11,0,0
10728d70e0641a69:0xa817c,46,11,0,0
10728d70e0641a69:0x1159e5,41,0,15,0
10728d70e0641a69:0x1159e5,41,0,16,0
10728d70e0641a69:0x1159e5,42,0,16,0
10728d70e0641a69:0x6cd2,69,20,10,0
10728d70e0641a69:0x6cd2,70,20,10,0
10728d70e0641a69:0x115a2d,70,17,57,0
10728d70e0641a69:0x115a2d,71,17,57,0
10728d70e0641a69:0x115a2d,71,17,58,0
10728d70e0641a69:0x115a2d,71,17,59,0
10728d70e0641a69:0x115a2d,71,17,60,0
10728d70e0641a69:0x115a2d,71,17,61,0
10728d70e0641a69:0xa81f9,40,7,0,0
10728d70e0641a69:0xa81f9,41,7,0,0
10728d70e0641a69:0xa8240,39,7,1,0
10728d70e0641a69:0xa8240,40,7,1,0
10728d70e0641a69:0xa828b,38,6,1,0
10728d70e0641a69:0xa828b,39,6,1,0
10728d70e0641a69:0xa82d2,38,6,1,0
10728d70e0641a69:0xa82d2,39,6,1,0
10728d70e0641a69:0xa831e,38,6,1,0
10728d70e0641a69:0xa831e,39,6,1,0
10728d70e0641a69:0xa8362,38,6,1,0
10728d70e0641a69:0xa8362,39,6,1,0
10728d70e0641a69:0xa83af,38,6,1,0
10728d70e0641a69:0xa83af,39,6,1,0
10728d70e0641a69:0xa83f8,38,7,2,0
10728d70e0641a69:0xa83f8,39,7,2,0
10728d70e0641a69:0xa856e,37,8,8,0
10728d70e0641a69:0xa856e,37,9,8,0
10728d70e0641a69:0xa856e,38,9,8,0
10728d70e0641a69:0xa85ea,38,9,10,0
10728d70e0641a69:0xa85ea,38,10,10,0
10728d70e0641a69:0xa85ea,39,10,10,0
10728d70e0641a69:0x3e5dd,37,9,10,0
10728d70e0641a69:0x3e5dd,37,10,10,0
10728d70e0641a69:0x3e5dd,38,10,10,0
10728d70e0641a69:0x3e6a2,34,7,7,0
10728d70e0641a69:0x3e6a2,34,8,7,0
10728d70e0641a69:0x3e6a2,35,8,7,0
10728d70e0641a69:0x3e6e6,18,6,7,0
10728d70e0641a69:0x3e6e6,18,7,7,0
10728d70e0641a69:0x3e6e6,19,7,7,0
10728d70e0641a69:0x3e730,17,0,11,0
10728d70e0641a69:0x3e730,17,0,12,0
10728d70e0641a69:0x3e730,18,0,12,0
10728d70e0641a69:0x3e9ce,17,5,6,0
10728d70e0641a69:0x3e9ce,17,6,6,0
10728d70e0641a69:0x3e9ce,18,6,6,0
10728d70e0641a69:0x3ea12,17,5,6,0
10728d70e0641a69:0x3ea12,17,6,6,0
10728d70e0641a69:0x3ea12,18,6,6,0
10728d70e0641a69:0x3ea56,18,5,2,0
10728d70e0641a69:0x3ea9a,17,6,2,0
10728d70e0641a69:0x3ea9a,18,6,2,0
10728d70e0641a69:0x3eade,17,7,3,0
10728d70e0641a69:0x3eade,18,7,3,0
10728d70e0641a69:0x3eb22,13,5,1,0
10728d70e0641a69:0x3eb22,14,5,1,0
10728d70e0641a69:0x3eb66,9,2,0,0
10728d70e0641a69:0x3ebaa,8,3,0,0
10728d70e0641a69:0x3ebaa,9,3,0,0
10728d70e0641a69:0x3ebee,8,3,0,0
10728d70e0641a69:0x3ebee,9,3,0,0
10728d70e0641a69:0x3ec32,8,4,1,0
10728d70e0641a69:0x3ec32,9,4,1,0
10728d70e0641a69:0x3ec76,7,3,0,0
10728d70e0641a69:0x3ec76,8,3,0,0
10728d70e0641a69:0x3ecba,7,3,0,0
10728d70e0641a69:0x3ecba,8,3,0,0
10728d70e0641a69:0x3ecfe,7,4,1,0
10728d70e0641a69:0x3ecfe,8,4,1,0
10728d70e0641a69:0x290c3,26,33,26,0
10728d70e0641a69:0x290c3,26,34,26,0
10728d70e0641a69:0x290c3,27,34,26,0
10728d70e0641a69:0x2910c,25,34,22,0
10728d70e0641a69:0x2919f,27,40,23,0
10728d70e0641a69:0x291e6,26,34,23,0
10728d70e0641a69:0x29277,27,40,23,0
10728d70e0641a69:0x292be,26,34,23,0
10728d70e0641a69:0x2934c,27,40,25,0
10728d70e0641a69:0x29394,26,34,24,0
10728d70e0641a69:0x783b7,2,2,3,0
10728d70e0641a69:0x783b7,2,3,3,0
10728d70e0641a69:0x783b7,3,3,3,0
10728d70e0641a69:0x7782e,2,0,5,0
10728d70e0641a69:0x7782e,2,0,6,0
10728d70e0641a69:0x7782e,3,0,6,0
10728d70e0641a69:0x77834,2,2,3,0
10728d70e0641a69:0x77834,2,3,3,0
10728d70e0641a69:0x77834,3,3,3,0
10728d70e0641a69:0x783e9,2,0,5,0
10728d70e0641a69:0x783e9,2,0,6,0
10728d70e0641a69:0x783e9,3,0,6,0
10728d70e0641a69:0x7b7dc,25,0,2,0
10728d70e0641a69:0x8eccc,26,3,0,0
10728d70e0641a69:0xa817c,47,11,0,0
10728d70e0641a69:0x1159e5,43,0,16,0
10728d70e0641a69:0x6cd2,71,20,10,0
10728d70e0641a69:0x115a2d,72,17,61,0
10728d70e0641a69:0xa81f9,42,7,0,0
10728d70e0641a69:0xa8240,41,7,1,0
10728d70e0641a69:0xa828b,40,6,1,0
10728d70e0641a69:0xa82d2,40,6,1,0
10728d70e0641a69:0xa831e,40,6,1,0
10728d70e0641a69:0xa8362,40,6,1,0
10728d70e0641a69:0xa83af,40,6,1,0
10728d70e0641a69:0xa83f8,40,7,2,0
10728d70e0641a69:0xa856e,39,9,8,0
10728d70e0641a69:0xa85ea,40,10,10,0
10728d70e0641a69:0x3e5dd,39,10,10,0
10728d70e0641a69:0x3e6a2,36,8,7,0
10728d70e0641a69:0x3e6e6,20,7,7,0
10728d70e0641a69:0x3e730,19,0,12,0
10728d70e0641a69:0x3e9ce,19,6,6,0
10728d70e0641a69:0x3ea12,19,6,6,0
10728d70e0641a69:0x3ea56,19,5,2,0
10728d70e0641a69:0x3ea9a,19,6,2,0
10728d70e0641a69:0x3eade,19,7,3,0
10728d70e0641a69:0x3eb22,15,5,1,0
10728d70e0641a69:0x3eb66,10,2,0,0
10728d70e0641a69:0x3ebaa,10,3,0,0
10728d70e0641a69:0x3ebee,10,3,0,0
10728d70e0641a69:0x3ec32,10,4,1,0
10728d70e0641a69:0x3ec76,9,3,0,0
10728d70e0641a69:0x3ecba,9,3,0,0
10728d70e0641a69:0x3ecfe,9,4,1,0
10728d70e0641a69:0x3ed42,7,3,2,0
10728d70e0641a69:0x3ed86,6,3,2,0
10728d70e0641a69:0x3edca,5,3,2,0
10728d70e0641a69:0x3ee0e,4,3,2,0
10728d70e0641a69:0x3ee52,3,2,1,0
10728d70e0641a69:0x3ee96,3,2,1,0
10728d70e0641a69:0x3eeda,2,2,2,0
10728d70e0641a69:0x3eeda,2,3,2,0
10728d70e0641a69:0x3eeda,3,3,2,0
10728d70e0641a69:0x290c3,27,34,27,0
10728d70e0641a69:0x290c3,27,35,27,0
10728d70e0641a69:0x290c3,28,35,27,0
10728d70e0641a69:0x2910c,25,34,23,0
10728d70e0641a69:0x2910c,25,35,23,0
10728d70e0641a69:0x2910c,26,35,23,0
10728d70e0641a69:0x2919f,27,40,24,0
10728d70e0641a69:0x2919f,27,41,24,0
10728d70e0641a69:0x2919f,28,41,24,0
10728d70e0641a69:0x291e6,26,34,24,0
10728d70e0641a69:0x291e6,26,35,24,0
10728d70e0641a69:0x291e6,27,35,24,0
10728d70e0641a69:0x29277,27,40,24,0
10728d70e0641a69:0x29277,27,41,24,0
10728d70e0641a69:0x29277,28,41,24,0
10728d70e0641a69:0x292be,26,34,24,0
10728d70e0641a69:0x292be,26,35,24,0
10728d70e0641a69:0x292be,27,35,24,0
10728d70e0641a69:0x2934c,28,40,25,0
10728d70e0641a69:0x29394,26,34,25,0
10728d70e0641a69:0x29394,26,35,25,0
10728d70e0641a69:0x29394,27,35,25,0
10728d70e0641a69:0x7b7dc,26,0,2,0
10728d70e0641a69:0x8eccc,27,3,0,0
10728d70e0641a69:0xa817c,48,11,0,0
10728d70e0641a69:0x1159e5,44,0,16,0
10728d70e0641a69:0x6cd2,72,20,10,0
10728d70e0641a69:0x115a2d,73,17,61,0
10728d70e0641a69:0xa81f9,43,7,0,0
10728d70e0641a69:0xa8240,42,7,1,0
10728d70e0641a69:0xa828b,41,6,1,0
10728d70e0641a69:0xa82d2,41,6,1,0
10728d70e0641a69:0xa831e,41,6,1,0
10728d70e0641a69:0xa8362,41,6,1,0
10728d70e0641a69:0xa83af,41,6,1,0
10728d70e0641a69:0xa83f8,41,7,2,0
10728d70e0641a69:0xa856e,40,9,8,0
10728d70e0641a69:0xa85ea,41,10,10,0
10728d70e0641a69:0x3078c,3,2,2,0
10728d70e0641a69:0x290c3,29,35,27,0
10728d70e0641a69:0x2910c,27,35,23,0
10728d70e0641a69:0x2919f,29,41,24,0
10728d70e0641a69:0x291e6,28,35,24,0
10728d70e0641a69:0x29277,29,41,24,0
10728d70e0641a69:0x292be,28,35,24,0
10728d70e0641a69:0x2934c,29,40,25,0
10728d70e0641a69:0x29394,28,35,25,0
10728d70e0641a69:0x30a82,3,2,2,0
10728d70e0641a69:0x3e5dd,40,10,10,0
10728d70e0641a69:0x3e6a2,37,8,7,0
10728d70e0641a69:0x3e6e6,21,7,7,0
10728d70e0641a69:0x3e730,20,0,12,0
10728d70e0641a69:0x3e9ce,20,6,6,0
10728d70e0641a69:0x3ea12,20,6,6,0
10728d70e0641a69:0x3ea56,20,5,2,0
10728d70e0641a69:0x3ea9a,20,6,2,0
10728d70e0641a69:0x3eade,19,7,4,0
10728d70e0641a69:0x3eade,19,8,4,0
10728d70e0641a69:0x3eade,20,8,4,0
10728d70e0641a69:0x3eb22,15,5,2,0
10728d70e0641a69:0x3eb22,15,6,2,0
10728d70e0641a69:0x3eb22,16,6,2,0
10728d70e0641a69:0x3eb66,10,2,1,0
10728d70e0641a69:0x3eb66,10,3,1,0
10728d70e0641a69:0x3eb66,11,3,1,0
10728d70e0641a69:0x3ebaa,10,3,1,0
10728d70e0641a69:0x3ebaa,10,4,1,0
10728d70e0641a69:0x3ebaa,11,4,1,0
10728d70e0641a69:0x3ebee,10,3,1,0
10728d70e0641a69:0x3ebee,10,4,1,0
10728d70e0641a69:0x3ebee,11,4,1,0
10728d70e0641a69:0x290c3,29,35,28,0
10728d70e0641a69:0x290c3,29,36,28,0
10728d70e0641a69:0x290c3,30,36,28,0
10728d70e0641a69:0x2910c,27,35,24,0
10728d70e0641a69:0x2910c,27,36,24,0
10728d70e0641a69:0x2910c,28,36,24,0
10728d70e0641a69:0x2919f,29,41,25,0
10728d70e0641a69:0x2919f,29,42,25,0
10728d70e0641a69:0x2919f,30,42,25,0
10728d70e0641a69:0x291e6,28,35,25,0
10728d70e0641a69:0x291e6,28,36,25,0
10728d70e0641a69:0x291e6,29,36,25,0
10728d70e0641a69:0x29277,29,41,25,0
10728d70e0641a69:0x29277,29,42,25,0
10728d70e0641a69:0x29277,30,42,25,0
10728d70e0641a69:0x292be,28,35,25,0
10728d70e0641a69:0x292be,28,36,25,0
10728d70e0641a69:0x292be,29,36,25,0
10728d70e0641a69:0x2934c,29,40,26,0
10728d70e0641a69:0x2934c,29,41,26,0
10728d70e0641a69:0x2934c,30,41,26,0
10728d70e0641a69:0x29394,28,35,26,0
10728d70e0641a69:0x29394,28,36,26,0
10728d70e0641a69:0x29394,29,36,26,0
10728d70e0641a69:0x7b7dc,27,0,2,0
10728d70e0641a69:0x8eccc,28,3,0,0
10728d70e0641a69:0xa817c,49,11,0,0
10728d70e0641a69:0x1159e5,45,0,16,0
10728d70e0641a69:0x6cd2,73,20,10,0
10728d70e0641a69:0x115a2d,74,17,61,0
10728d70e0641a69:0xa81f9,44,7,0,0
10728d70e0641a69:0xa8240,43,7,1,0
10728d70e0641a69:0xa828b,42,6,1,0
10728d70e0641a69:0xa82d2,42,6,1,0
10728d70e0641a69:0xa831e,42,6,1,0
10728d70e0641a69:0xa8362,42,6,1,0
10728d70e0641a69:0xa83af,42,6,1,0
10728d70e0641a69:0xa83f8,42,7,2,0
10728d70e0641a69:0xa856e,41,9,8,0
10728d70e0641a69:0xa85ea,42,10,10,0
10728d70e0641a69:0x3e5dd,41,10,10,0
10728d70e0641a69:0x3e6a2,38,8,7,0
10728d70e0641a69:0x3e6e6,22,7,7,0
10728d70e0641a69:0x3e730,21,0,12,0
10728d70e0641a69:0x3e9ce,21,6,6,0
10728d70e0641a69:0x3ea12,21,6,6,0
10728d70e0641a69:0x3ea56,21,5,2,0
10728d70e0641a69:0x3ea9a,21,6,2,0
10728d70e0641a69:0x3eade,21,8,4,0
10728d70e0641a69:0x3eb22,17,6,2,0
10728d70e0641a69:0x3eb66,12,3,1,0
10728d70e0641a69:0x3ebaa,12,4,1,0
10728d70e0641a69:0x3ebee,12,4,1,0
10728d70e0641a69:0x3ec32,11,4,1,0
10728d70e0641a69:0x3ec76,10,3,0,0
10728d70e0641a69:0x3ecba,10,3,0,0
10728d70e0641a69:0x3ecfe,10,4,1,0
10728d70e0641a69:0x3ed42,8,3,2,0
10728d70e0641a69:0x3ed86,7,3,2,0
10728d70e0641a69:0x3edca,6,3,2,0
10728d70e0641a69:0x3ee0e,5,3,2,0
10728d70e0641a69:0x3ee52,4,2,1,0
10728d70e0641a69:0x3ee96,3,2,2,0
10728d70e0641a69:0x3ee96,3,3,2,0
10728d70e0641a69:0x3ee96,4,3,2,0
10728d70e0641a69:0x290c3,30,36,29,0
10728d70e0641a69:0x290c3,30,37,29,0
10728d70e0641a69:0x290c3,31,37,29,0
10728d70e0641a69:0x2910c,28,36,25,0
10728d70e0641a69:0x2910c,28,37,25,0
10728d70e0641a69:0x2910c,29,37,25,0
10728d70e0641a69:0x2919f,30,42,26,0
10728d70e0641a69:0x2919f,30,43,26,0
10728d70e0641a69:0x2919f,31,43,26,0
10728d70e0641a69:0x291e6,29,36,26,0
10728d70e0641a69:0x291e6,29,37,26,0
10728d70e0641a69:0x291e6,30,37,26,0
10728d70e0641a69:0x29277,30,42,26,0
10728d70e0641a69:0x29277,30,43,26,0
10728d70e0641a69:0x29277,31,43,26,0
10728d70e0641a69:0x292be,29,36,26,0
10728d70e0641a69:0x292be,29,37,26,0
10728d70e0641a69:0x292be,30,37,26,0
10728d70e0641a69:0x2934c,30,41,27,0
10728d70e0641a69:0x2934c,30,42,27,0
10728d70e0641a69:0x2934c,31,42,27,0
10728d70e0641a69:0x29394,29,36,27,0
10728d70e0641a69:0x29394,29,37,27,0
10728d70e0641a69:0x29394,30,37,27,0
10728d70e0641a69:0x7b7dc,28,0,2,0
10728d70e0641a69:0x8eccc,29,3,0,0
10728d70e0641a69:0xa817c,50,11,0,0
10728d70e0641a69:0x1159e5,46,0,16,0
10728d70e0641a69:0x6cd2,74,20,10,0
10728d70e0641a69:0x115a2d,75,17,61,0
10728d70e0641a69:0xa81f9,45,7,0,0
10728d70e0641a69:0xa8240,44,7,1,0
10728d70e0641a69:0xa828b,43,6,1,0
10728d70e0641a69:0xa82d2,43,6,1,0
10728d70e0641a69:0xa831e,43,6,1,0
10728d70e0641a69:0xa8362,43,6,1,0
10728d70e0641a69:0xa83af,43,6,1,0
10728d70e0641a69:0xa83f8,43,7,2,0
10728d70e0641a69:0xa856e,42,9,8,0
10728d70e0641a69:0xa85ea,43,10,10,0
10728d70e0641a69:0x3e5dd,42,10,10,0
10728d70e0641a69:0x3e6a2,39,8,7,0
10728d70e0641a69:0x3e6e6,23,7,7,0
10728d70e0641a69:0x3e730,22,0,12,0
10728d70e0641a69:0x3e9ce,22,6,6,0
10728d70e0641a69:0x3ea12,22,6,6,0
10728d70e0641a69:0x3ea56,22,5,2,0
10728d70e0641a69:0x3ea9a,22,6,2,0
10728d70e0641a69:0x3eade,22,8,4,0
10728d70e0641a69:0x3eb22,18,6,2,0
10728d70e0641a69:0x3eb66,13,3,1,0
10728d70e0641a69:0x3ebaa,13,4,1,0
10728d70e0641a69:0x3ebee,13,4,1,0
10728d70e0641a69:0x3ec32,12,4,1,0
10728d70e0641a69:0x3ec76,11,3,0,0
10728d70e0641a69:0x3ecba,11,3,0,0
10728d70e0641a69:0x3ecfe,11,4,1,0
10728d70e0641a69:0x3ed42,9,3,2,0
10728d70e0641a69:0x3ed86,8,3,2,0
10728d70e0641a69:0x3edca,7,3,2,0
10728d70e0641a69:0x3ee0e,6,3,2,0
10728d70e0641a69:0x3ee52,4,2,2,0
10728d70e0641a69:0x3ee52,4,3,2,0
10728d70e0641a69:0x3ee52,5,3,2,0
10728d70e0641a69:0x290c3,31,37,30,0
10728d70e0641a69:0x290c3,31,38,30,0
10728d70e0641a69:0x290c3,32,38,30,0
10728d70e0641a69:0x2910c,29,37,26,0
10728d70e0641a69:0x2910c,29,38,26,0
10728d70e0641a69:0x2910c,30,38,26,0
10728d70e0641a69:0x2919f,31,43,27,0
10728d70e0641a69:0x2919f,31,44,27,0
10728d70e0641a69:0x2919f,32,44,27,0
10728d70e0641a69:0x291e6,30,37,27,0
10728d70e0641a69:0x291e6,30,38,27,0
10728d70e0641a69:0x291e6,31,38,27,0
10728d70e0641a69:0x29277,31,43,27,0
10728d70e0641a69:0x29277,31,44,27,0
10728d70e0641a69:0x29277,32,44,27,0
10728d70e0641a69:0x292be,30,37,27,0
10728d70e0641a69:0x292be,30,38,27,0
10728d70e0641a69:0x292be,31,38,27,0
10728d70e0641a69:0x2934c,31,42,28,0
10728d70e0641a69:0x2934c,31,43,28,0
10728d70e0641a69:0x2934c,32,43,28,0
10728d70e0641a69:0x29394,30,37,28,0
10728d70e0641a69:0x29394,30,38,28,0
10728d70e0641a69:0x29394,31,38,28,0
10728d70e0641a69:0x7b7dc,29,0,2,0
10728d70e0641a69:0x8eccc,30,3,0,0
10728d70e0641a69:0xa817c,51,11,0,0
10728d70e0641a69:0x1159e5,47,0,16,0
10728d70e0641a69:0x6cd2,75,20,10,0
10728d70e0641a69:0x115a2d,76,17,61,0
10728d70e0641a69:0xa81f9,46,7,0,0
10728d70e0641a69:0xa8240,45,7,1,0
10728d70e0641a69:0xa828b,44,6,1,0
10728d70e0641a69:0xa82d2,44,6,1,0
10728d70e0641a69:0xa831e,44,6,1,0
10728d70e0641a69:0xa8362,44,6,1,0
10728d70e0641a69:0xa83af,44,6,1,0
10728d70e0641a69:0xa83f8,44,7,2,0
10728d70e0641a69:0xa856e,43,9,8,0
10728d70e0641a69:0xa85ea,44,10,10,0
10728d70e0641a69:0x3e5dd,43,10,10,0
10728d70e0641a69:0x3e6a2,40,8,7,0
10728d70e0641a69:0x3e6e6,24,7,7,0
10728d70e0641a69:0x3e730,23,0,12,0
10728d70e0641a69:0x3e9ce,23,6,6,0
10728d70e0641a69:0x3ea12,23,6,6,0
10728d70e0641a69:0x3ea56,23,5,2,0
10728d70e0641a69:0x3ea9a,23,6,2,0
10728d70e0641a69:0x3eade,23,8,4,0
10728d70e0641a69:0x3eb22,19,6,2,0
10728d70e0641a69:0x3eb66,14,3,1,0
10728d70e0641a69:0x3ebaa,14,4,1,0
10728d70e0641a69:0x3ebee,14,4,1,0
10728d70e0641a69:0x3ec32,13,4,1,0
10728d70e0641a69:0x3ec76,12,3,0,0
10728d70e0641a69:0x3ecba,12,3,0,0
10728d70e0641a69:0x3ecfe,12,4,1,0
10728d70e0641a69:0x3ed42,10,3,2,0
10728d70e0641a69:0x3ed86,9,3,2,0
10728d70e0641a69:0x3edca,8,3,2,0
10728d70e0641a69:0x3ee0e,7,3,2,0
10728d70e0641a69:0x3ee52,6,3,2,0
10728d70e0641a69:0x3ee96,5,3,2,0
10728d70e0641a69:0x3eeda,4,3,2,0
10728d70e0641a69:0xa897f,8,7,7,0
10728d70e0641a69:0xa8a0f,6,5,5,0
10728d70e0641a69:0xa904a,6,5,5,0
10728d70e0641a69:0x6e1b4,6,5,5,0
10728d70e0641a69:0x7b73b,14,10,46,0
10728d70e0641a69:0x7b746,5,4,4,0
10728d70e0641a69:0x7b74f,5,4,5,0
10728d70e0641a69:0x7b76c,22,12,13,0
10728d70e0641a69:0x7b76c,23,12,13,0
10728d70e0641a69:0x7b76c,24,12,13,0
10728d70e0641a69:0x7b76c,25,12,13,0
10728d70e0641a69:0x7b76c,26,12,13,0
10728d70e0641a69:0x7b76c,27,12,13,0
10728d70e0641a69:0x7b76c,28,12,13,0
10728d70e0641a69:0x7b76c,29,12,13,0
10728d70e0641a69:0x7b76c,30,12,13,0
10728d70e0641a69:0x7b76c,31,12,13,0
10728d70e0641a69:0x7b76c,32,12,13,0
10728d70e0641a69:0x7b76c,33,12,13,0
10728d70e0641a69:0x7b76c,34,12,13,0
10728d70e0641a69:0x7b782,6,1,9,0
10728d70e0641a69:0x6e283,6,1,9,0
10728d70e0641a69:0x5db32,6,1,9,0
10728d70e0641a69:0x6cd2,76,20,10,0
10728d70e0641a69:0x6d9b,5,4,4,0
10728d70e0641a69:0x6dee,5,4,4,0
10728d70e0641a69:0x115a2d,77,17,61,0
10728d70e0641a69:0x1167a4,5,3,11,0
10728d70e0641a69:0x1168c7,2,1,1,0
10728d70e0641a69:0x116947,5,4,9,0
10728d70e0641a69:0x1169b7,5,4,4,0
10728d70e0641a69:0x1169fb,5,4,4,0
10728d70e0641a69:0x116a40,5,4,6,0
10728d70e0641a69:0x116a84,3,2,2,0
10728d70e0641a69:0x116ac8,3,2,5,0
10728d70e0641a69:0x116b0c,2,1,9,0
10728d70e0641a69:0x116e00,5,4,4,0
10728d70e0641a69:0x6e7d,5,0,8,0
10728d70e0641a69:0xa93cd,5,4,4,0
10728d70e0641a69:0x7b733,10,8,8,0
10728d70e0641a69:0x7b73b,15,10,46,0
10728d70e0641a69:0xa94e7,7,6,6,0
10728d70e0641a69:0xa9539,6,5,5,0
10728d70e0641a69:0x290c3,33,38,30,0
10728d70e0641a69:0x2910c,31,38,26,0
10728d70e0641a69:0x2919f,33,44,27,0
10728d70e0641a69:0x291e6,32,38,27,0
10728d70e0641a69:0x29277,33,44,27,0
10728d70e0641a69:0x292be,32,38,27,0
10728d70e0641a69:0x2934c,33,43,28,0
10728d70e0641a69:0x29394,32,38,28,0
10728d70e0641a69:0x2e2bf,7,6,6,0
10728d70e0641a69:0xb998f,3,2,2,0
10728d70e0641a69:0x7b733,11,8,8,0
10728d70e0641a69:0x7b73b,16,10,46,0
10728d70e0641a69:0xa817c,52,11,0,0
10728d70e0641a69:0x1159e5,48,0,16,0
10728d70e0641a69:0x6cd2,77,20,10,0
10728d70e0641a69:0x115a2d,78,17,61,0
10728d70e0641a69:0xa81f9,47,7,0,0
10728d70e0641a69:0xa8240,46,7,1,0
10728d70e0641a69:0xa828b,45,6,1,0
10728d70e0641a69:0xa82d2,45,6,1,0
10728d70e0641a69:0xa831e,45,6,1,0
10728d70e0641a69:0xa8362,45,6,1,0
10728d70e0641a69:0xa83af,45,6,1,0
10728d70e0641a69:0xa83f8,45,7,2,0
10728d70e0641a69:0xa856e,44,9,8,0
10728d70e0641a69:0xa85ea,45,10,10,0
10728d70e0641a69:0x3e5dd,44,10,10,0
10728d70e0641a69:0x3e6a2,41,8,7,0
10728d70e0641a69:0x3e6e6,25,7,7,0
10728d70e0641a69:0x3e730,24,0,12,0
10728d70e0641a69:0x3e9ce,24,6,6,0
10728d70e0641a69:0x3ea12,24,6,6,0
10728d70e0641a69:0x3ea56,24,5,2,0
10728d70e0641a69:0x3ea9a,24,6,2,0
10728d70e0641a69:0x3eade,24,8,4,0
10728d70e0641a69:0x3eb22,20,6,2,0
10728d70e0641a69:0x3eb66,15,3,1,0
10728d70e0641a69:0x3ebaa,15,4,1,0
10728d70e0641a69:0x3ebee,15,4,1,0
10728d70e0641a69:0x3ec32,14,4,1,0
10728d70e0641a69:0x3ec76,12,3,1,0
10728d70e0641a69:0x3ec76,12,4,1,0
10728d70e0641a69:0x3ec76,13,4,1,0
10728d70e0641a69:0x290c3,33,38,31,0
10728d70e0641a69:0x290c3,33,39,31,0
10728d70e0641a69:0x290c3,34,39,31,0
10728d70e0641a69:0x2910c,31,38,27,0
10728d70e0641a69:0x2910c,31,39,27,0
10728d70e0641a69:0x2910c,32,39,27,0
10728d70e0641a69:0x2919f,33,44,28,0
10728d70e0641a69:0x2919f,33,45,28,0
10728d70e0641a69:0x2919f,34,45,28,0
10728d70e0641a69:0x291e6,32,38,28,0
10728d70e0641a69:0x291e6,32,39,28,0
10728d70e0641a69:0x291e6,33,39,28,0
10728d70e0641a69:0x29277,33,44,28,0
10728d70e0641a69:0x29277,33,45,28,0
10728d70e0641a69:0x29277,34,45,28,0
10728d70e0641a69:0x292be,32,38,28,0
10728d70e0641a69:0x292be,32,39,28,0
10728d70e0641a69:0x292be,33,39,28,0
10728d70e0641a69:0x2934c,33,43,29,0
10728d70e0641a69:0x2934c,33,44,29,0
10728d70e0641a69:0x2934c,34,44,29,0
10728d70e0641a69:0x29394,32,38,29,0
10728d70e0641a69:0x29394,32,39,29,0
10728d70e0641a69:0x29394,33,39,29,0
10728d70e0641a69:0x783b7,3,3,4,0
10728d70e0641a69:0x783b7,3,4,4,0
10728d70e0641a69:0x783b7,4,4,4,0
10728d70e0641a69:0x7782e,3,0,7,0
10728d70e0641a69:0x7782e,3,0,8,0
10728d70e0641a69:0x7782e,4,0,8,0
10728d70e0641a69:0x77834,3,3,4,0
10728d70e0641a69:0x77834,3,4,4,0
10728d70e0641a69:0x77834,4,4,4,0
10728d70e0641a69:0x783e9,3,0,7,0
10728d70e0641a69:0x783e9,3,0,8,0
10728d70e0641a69:0x783e9,4,0,8,0
10728d70e0641a69:0x7b7dc,30,0,2,0
10728d70e0641a69:0x8eccc,31,3,0,0
10728d70e0641a69:0xa817c,53,11,0,0
10728d70e0641a69:0x1159e5,49,0,16,0
10728d70e0641a69:0x6cd2,78,20,10,0
10728d70e0641a69:0x115a2d,79,17,61,0
10728d70e0641a69:0xa81f9,48,7,0,0
10728d70e0641a69:0x290c3,35,39,31,0
10728d70e0641a69:0x2910c,33,39,27,0
10728d70e0641a69:0x2919f,34,45,29,0
10728d70e0641a69:0x2919f,34,46,29,0
10728d70e0641a69:0x2919f,35,46,29,0
10728d70e0641a69:0x291e6,33,39,29,0
10728d70e0641a69:0x291e6,33,40,29,0
10728d70e0641a69:0x291e6,34,40,29,0
10728d70e0641a69:0x291e6,34,40,30,0
10728d70e0641a69:0x291e6,34,40,31,0
10728d70e0641a69:0x29277,34,45,29,0
10728d70e0641a69:0x29277,34,46,29,0
10728d70e0641a69:0x29277,35,46,29,0
10728d70e0641a69:0x29277,35,46,30,0
10728d70e0641a69:0x29277,35,46,31,0
10728d70e0641a69:0x2934c,34,44,30,0
10728d70e0641a69:0x2934c,34,45,30,0
10728d70e0641a69:0x2934c,35,45,30,0
10728d70e0641a69:0x2934c,35,45,31,0
10728d70e0641a69:0x2934c,35,45,32,0
10728d70e0641a69:0x7b7dc,31,0,2,0
10728d70e0641a69:0x8eccc,32,3,0,0
10728d70e0641a69:0xa817c,54,11,0,0
10728d70e0641a69:0x1159e5,50,0,16,0
10728d70e0641a69:0x6cd2,79,20,10,0
10728d70e0641a69:0x115a2d,80,17,61,0
10728d70e0641a69:0xa81f9,49,7,0,0
10728d70e0641a69:0xa8240,47,7,1,0
10728d70e0641a69:0xa828b,46,6,1,0
10728d70e0641a69:0xa82d2,46,6,1,0
10728d70e0641a69:0xa831e,46,6,1,0
10728d70e0641a69:0xa8362,46,6,1,0
10728d70e0641a69:0xa83af,46,6,1,0
10728d70e0641a69:0xa83f8,46,7,2,0
10728d70e0641a69:0xa856e,45,9,8,0
10728d70e0641a69:0xa85ea,46,10,10,0
10728d70e0641a69:0x3e5dd,45,10,10,0
10728d70e0641a69:0x3e6a2,42,8,7,0
10728d70e0641a69:0x3e6e6,26,7,7,0
10728d70e0641a69:0x3e730,25,0,12,0
10728d70e0641a69:0x3e9ce,25,6,6,0
10728d70e0641a69:0x3ea12,25,6,6,0
10728d70e0641a69:0x3ea56,25,5,2,0
10728d70e0641a69:0x3ea9a,25,6,2,0
10728d70e0641a69:0x3eade,25,8,4,0
10728d70e0641a69:0x3eb22,21,6,2,0
10728d70e0641a69:0x3eb66,16,3,1,0
10728d70e0641a69:0x3ebaa,16,4,1,0
10728d70e0641a69:0x3ebee,16,4,1,0
10728d70e0641a69:0x3ec32,15,4,1,0
10728d70e0641a69:0x3ec76,14,4,1,0
10728d70e0641a69:0x3ecba,13,3,0,0
10728d70e0641a69:0x3ecfe,13,4,1,0
10728d70e0641a69:0x3ed42,11,3,2,0
10728d70e0641a69:0x3ed86,10,3,2,0
10728d70e0641a69:0x3edca,9,3,2,0
10728d70e0641a69:0x3ee0e,8,3,2,0
10728d70e0641a69:0x3ee52,7,3,2,0
10728d70e0641a69:0x3ee96,6,3,2,0
10728d70e0641a69:0x3eeda,5,3,2,0
10728d70e0641a69:0xa897f,9,7,7,0
10728d70e0641a69:0xa8a0f,7,5,5,0
10728d70e0641a69:0xa904a,7,5,5,0
10728d70e0641a69:0x6e1b4,7,5,5,0
10728d70e0641a69:0x7b73b,17,10,46,0
10728d70e0641a69:0x7b746,6,4,4,0
10728d70e0641a69:0x7b74f,6,4,5,0
10728d70e0641a69:0x7b76c,35,12,13,0
10728d70e0641a69:0x7b76c,36,12,13,0
10728d70e0641a69:0x7b76c,37,12,13,0
10728d70e0641a69:0x7b76c,38,12,13,0
10728d70e0641a69:0x7b76c,39,12,13,0
10728d70e0641a69:0x7b76c,40,12,13,0
10728d70e0641a69:0x7b76c,41,12,13,0
10728d70e0641a69:0x7b76c,42,12,13,0
10728d70e0641a69:0x7b76c,43,12,13,0
10728d70e0641a69:0x7b76c,44,12,13,0
10728d70e0641a69:0x7b76c,45,12,13,0
10728d70e0641a69:0x7b76c,46,12,13,0
10728d70e0641a69:0x7b76c,47,12,13,0
10728d70e0641a69:0x7b782,7,1,9,0
10728d70e0641a69:0x6e283,7,1,9,0
10728d70e0641a69:0x5db32,7,1,9,0
10728d70e0641a69:0x6cd2,80,20,10,0
10728d70e0641a69:0x6d9b,6,4,4,0
10728d70e0641a69:0x6dee,6,4,4,0
10728d70e0641a69:0x115a2d,81,17,61,0
10728d70e0641a69:0x1167a4,6,3,11,0
10728d70e0641a69:0x1168c7,3,1,1,0
10728d70e0641a69:0x116947,6,4,9,0
10728d70e0641a69:0x1169b7,6,4,4,0
10728d70e0641a69:0x1169fb,6,4,4,0
10728d70e0641a69:0x116a40,6,4,6,0
10728d70e0641a69:0x116a84,4,2,2,0
10728d70e0641a69:0x116ac8,4,2,5,0
10728d70e0641a69:0x116b0c,3,1,9,0
10728d70e0641a69:0x116e00,6,4,4,0
10728d70e0641a69:0x6e7d,6,0,8,0
10728d70e0641a69:0xa93cd,6,4,4,0
10728d70e0641a69:0x7b733,12,8,8,0
10728d70e0641a69:0x7b73b,18,10,46,0
10728d70e0641a69:0xa94e7,8,6,6,0
10728d70e0641a69:0xa9539,7,5,5,0
10728d70e0641a69:0x290c3,36,39,31,0
10728d70e0641a69:0x2910c,34,39,27,0
10728d70e0641a69:0x2919f,36,46,29,0
10728d70e0641a69:0x291e6,35,40,31,0
10728d70e0641a69:0x29277,36,46,31,0
10728d70e0641a69:0x292be,34,39,28,0
10728d70e0641a69:0x2934c,36,45,32,0
10728d70e0641a69:0x29394,34,39,29,0
10728d70e0641a69:0x2e2bf,8,6,6,0
10728d70e0641a69:0xb998f,4,2,2,0
10728d70e0641a69:0x7b733,13,8,8,0
10728d70e0641a69:0x7b73b,19,10,46,0
10728d70e0641a69:0xa817c,55,11,0,0
10728d70e0641a69:0x1159e5,51,0,16,0
10728d70e0641a69:0x6cd2,81,20,10,0
10728d70e0641a69:0x115a2d,82,17,61,0
10728d70e0641a69:0xa81f9,50,7,0,0
10728d70e0641a69:0xa8240,48,7,1,0
10728d70e0641a69:0xa828b,47,6,1,0
10728d70e0641a69:0xa82d2,47,6,1,0
10728d70e0641a69:0xa831e,47,6,1,0
10728d70e0641a69:0xa8362,47,6,1,0
10728d70e0641a69:0xa83af,47,6,1,0
10728d70e0641a69:0xa83f8,47,7,2,0
10728d70e0641a69:0xa856e,46,9,8,0
10728d70e0641a69:0xa85ea,47,10,10,0
10728d70e0641a69:0x3e5dd,46,10,10,0
10728d70e0641a69:0x3e6a2,43,8,7,0
10728d70e0641a69:0x3e6e6,27,7,7,0
10728d70e0641a69:0x3e730,26,0,12,0
10728d70e0641a69:0x3e9ce,26,6,6,0
10728d70e0641a69:0x3ea12,26,6,6,0
10728d70e0641a69:0x3ea56,26,5,2,0
10728d70e0641a69:0x3ea9a,26,6,2,0
10728d70e0641a69:0x3eade,26,8,4,0
10728d70e0641a69:0x3eb22,22,6,2,0
10728d70e0641a69:0x3eb66,17,3,1,0
10728d70e0641a69:0x3ebaa,16,4,2,0
10728d70e0641a69:0x3ebaa,16,5,2,0
10728d70e0641a69:0x3ebaa,17,5,2,0
10728d70e0641a69:0x290c3,36,39,32,0
10728d70e0641a69:0x290c3,36,40,32,0
10728d70e0641a69:0x290c3,37,40,32,0
10728d70e0641a69:0x2910c,34,39,28,0
10728d70e0641a69:0x2910c,34,40,28,0
10728d70e0641a69:0x2910c,35,40,28,0
10728d70e0641a69:0x2919f,36,46,30,0
10728d70e0641a69:0x2919f,36,47,30,0
10728d70e0641a69:0x2919f,37,47,30,0
10728d70e0641a69:0x291e6,35,40,32,0
10728d70e0641a69:0x291e6,35,41,32,0
10728d70e0641a69:0x291e6,36,41,32,0
10728d70e0641a69:0x29277,36,46,32,0
10728d70e0641a69:0x29277,36,47,32,0
10728d70e0641a69:0x29277,37,47,32,0
10728d70e0641a69:0x292be,34,39,29,0
10728d70e0641a69:0x292be,34,40,29,0
10728d70e0641a69:0x292be,35,40,29,0
10728d70e0641a69:0x2934c,36,45,33,0
10728d70e0641a69:0x2934c,36,46,33,0
10728d70e0641a69:0x2934c,37,46,33,0
10728d70e0641a69:0x29394,34,39,30,0
10728d70e0641a69:0x29394,34,40,30,0
10728d70e0641a69:0x29394,35,40,30,0
10728d70e0641a69:0x783b7,4,4,5,0
10728d70e0641a69:0x783b7,4,5,5,0
10728d70e0641a69:0x783b7,5,5,5,0
10728d70e0641a69:0x7782e,4,0,9,0
10728d70e0641a69:0x7782e,4,0,10,0
10728d70e0641a69:0x7782e,5,0,10,0
10728d70e0641a69:0x77834,5,4,4,0
10728d70e0641a69:0x783e9,4,0,9,0
10728d70e0641a69:0x783e9,4,0,10,0
10728d70e0641a69:0x783e9,5,0,10,0
10728d70e0641a69:0x7b7dc,32,0,2,0
10728d70e0641a69:0x8eccc,33,3,0,0
10728d70e0641a69:0xa817c,56,11,0,0
10728d70e0641a69:0x1159e5,52,0,16,0
10728d70e0641a69:0x6cd2,82,20,10,0
10728d70e0641a69:0x115a2d,83,17,61,0
10728d70e0641a69:0xa81f9,51,7,0,0
10728d70e0641a69:0xa8240,49,7,1,0
10728d70e0641a69:0xa828b,48,6,1,0
10728d70e0641a69:0xa82d2,48,6,1,0
10728d70e0641a69:0xa831e,48,6,1,0
10728d70e0641a69:0xa8362,48,6,1,0
10728d70e0641a69:0xa83af,48,6,1,0
10728d70e0641a69:0xa83f8,48,7,2,0
10728d70e0641a69:0xa856e,47,9,8,0
10728d70e0641a69:0xa85ea,48,10,10,0
10728d70e0641a69:0x3e5dd,47,10,10,0
10728d70e0641a69:0x3e6a2,44,8,7,0
10728d70e0641a69:0x3e6e6,28,7,7,0
10728d70e0641a69:0x3e730,27,0,12,0
10728d70e0641a69:0x3e9ce,27,6,6,0
10728d70e0641a69:0x3ea12,27,6,6,0
10728d70e0641a69:0x3ea56,27,5,2,0
10728d70e0641a69:0x3ea9a,27,6,2,0
10728d70e0641a69:0x3eade,27,8,4,0
10728d70e0641a69:0x3eb22,23,6,2,0
10728d70e0641a69:0x3eb66,18,3,1,0
10728d70e0641a69:0x3ebaa,18,5,2,0
10728d70e0641a69:0x3ebee,17,4,1,0
10728d70e0641a69:0x3ec32,16,4,1,0
10728d70e0641a69:0x3ec76,15,4,1,0
10728d70e0641a69:0x3ecba,14,3,0,0
10728d70e0641a69:0x3ecfe,14,4,1,0
10728d70e0641a69:0x3ed42,12,3,2,0
10728d70e0641a69:0x3ed86,11,3,2,0
10728d70e0641a69:0x3edca,10,3,2,0
10728d70e0641a69:0x3ee0e,9,3,2,0
10728d70e0641a69:0x3ee52,8,3,2,0
10728d70e0641a69:0x3ee96,7,3,2,0
10728d70e0641a69:0x3eeda,6,3,2,0
10728d70e0641a69:0xa897f,10,7,7,0
10728d70e0641a69:0xa8a0f,8,5,5,0
10728d70e0641a69:0xa904a,8,5,5,0
10728d70e0641a69:0x6e1b4,8,5,5,0
10728d70e0641a69:0x7b73b,20,10,46,0
10728d70e0641a69:0x7b746,7,4,4,0
10728d70e0641a69:0x7b74f,7,4,5,0
10728d70e0641a69:0x7b76c,48,12,13,0
10728d70e0641a69:0x7b76c,49,12,13,0
10728d70e0641a69:0x7b76c,50,12,13,0
10728d70e0641a69:0x7b76c,51,12,13,0
10728d70e0641a69:0x7b76c,52,12,13,0
10728d70e0641a69:0x7b76c,53,12,13,0
10728d70e0641a69:0x7b76c,54,12,13,0
10728d70e0641a69:0x7b76c,55,12,13,0
10728d70e0641a69:0x7b76c,56,12,13,0
10728d70e0641a69:0x7b76c,57,12,13,0
10728d70e0641a69:0x7b76c,58,12,13,0
10728d70e0641a69:0x7b76c,59,12,13,0
10728d70e0641a69:0x7b76c,60,12,13,0
10728d70e0641a69:0x7b782,8,1,9,0
10728d70e0641a69:0x6e283,8,1,9,0
10728d70e0641a69:0x5db32,8,1,9,0
10728d70e0641a69:0x6cd2,83,20,10,0
10728d70e0641a69:0x6d9b,7,4,4,0
10728d70e0641a69:0x6dee,7,4,4,0
10728d70e0641a69:0x115a2d,84,17,61,0
10728d70e0641a69:0x1167a4,7,3,11,0
10728d70e0641a69:0x1168c7,4,1,1,0
10728d70e0641a69:0x116947,7,4,9,0
10728d70e0641a69:0x1169b7,7,4,4,0
10728d70e0641a69:0x1169fb,7,4,4,0
10728d70e0641a69:0x116a40,7,4,6,0
10728d70e0641a69:0x116a84,5,2,2,0
10728d70e0641a69:0x116ac8,5,2,5,0
10728d70e0641a69:0x116b0c,4,1,9,0
10728d70e0641a69:0x116e00,7,4,4,0
10728d70e0641a69:0x6e7d,7,0,8,0
10728d70e0641a69:0xa93cd,7,4,4,0
10728d70e0641a69:0x7b733,14,8,8,0
10728d70e0641a69:0x7b73b,21,10,46,0
10728d70e0641a69:0xa94e7,9,6,6,0
10728d70e0641a69:0xa9539,8,5,5,0
10728d70e0641a69:0x290c3,38,40,32,0
10728d70e0641a69:0x2910c,36,40,28,0
10728d70e0641a69:0x2919f,38,47,30,0
10728d70e0641a69:0x291e6,37,41,32,0
10728d70e0641a69:0x29277,38,47,32,0
10728d70e0641a69:0x292be,36,40,29,0
10728d70e0641a69:0x2934c,38,46,33,0
10728d70e0641a69:0x29394,36,40,30,0
10728d70e0641a69:0x2e2bf,9,6,6,0
10728d70e0641a69:0xb998f,5,2,2,0
10728d70e0641a69:0x7b733,15,8,8,0
10728d70e0641a69:0x7b73b,22,10,46,0
10728d70e0641a69:0xa817c,57,11,0,0
10728d70e0641a69:0x1159e5,53,0,16,0
10728d70e0641a69:0x6cd2,84,20,10,0
10728d70e0641a69:0x115a2d,85,17,61,0
10728d70e0641a69:0xa81f9,52,7,0,0
10728d70e0641a69:0xa8240,50,7,1,0
10728d70e0641a69:0xa828b,49,6,1,0
10728d70e0641a69:0xa82d2,49,6,1,0
10728d70e0641a69:0xa831e,49,6,1,0
10728d70e0641a69:0xa8362,49,6,1,0
10728d70e0641a69:0xa83af,49,6,1,0
10728d70e0641a69:0xa83f8,49,7,2,0
10728d70e0641a69:0xa856e,48,9,8,0
10728d70e0641a69:0xa85ea,49,10,10,0
10728d70e0641a69:0x3e5dd,48,10,10,0
10728d70e0641a69:0x3e6a2,45,8,7,0
10728d70e0641a69:0x3e6e6,29,7,7,0
10728d70e0641a69:0x3e730,28,0,12,0
10728d70e0641a69:0x3e9ce,28,6,6,0
10728d70e0641a69:0x3ea12,28,6,6,0
10728d70e0641a69:0x3ea56,28,5,2,0
10728d70e0641a69:0x3ea9a,28,6,2,0
10728d70e0641a69:0x3eade,28,8,4,0
10728d70e0641a69:0x3eb22,24,6,2,0
10728d70e0641a69:0x3eb66,18,3,2,0
10728d70e0641a69:0x3eb66,18,4,2,0
10728d70e0641a69:0x3eb66,19,4,2,0
10728d70e0641a69:0x290c3,38,40,33,0
10728d70e0641a69:0x290c3,38,41,33,0
10728d70e0641a69:0x290c3,39,41,33,0
10728d70e0641a69:0x2910c,36,40,29,0
10728d70e0641a69:0x2910c,36,41,29,0
10728d70e0641a69:0x2910c,37,41,29,0
10728d70e0641a69:0x2919f,38,47,31,0
10728d70e0641a69:0x2919f,38,48,31,0
10728d70e0641a69:0x2919f,39,48,31,0
10728d70e0641a69:0x291e6,37,41,33,0
10728d70e0641a69:0x291e6,37,42,33,0
10728d70e0641a69:0x291e6,38,42,33,0
10728d70e0641a69:0x29277,38,47,33,0
10728d70e0641a69:0x29277,38,48,33,0
10728d70e0641a69:0x29277,39,48,33,0
10728d70e0641a69:0x292be,36,40,30,0
10728d70e0641a69:0x292be,36,41,30,0
10728d70e0641a69:0x292be,37,41,30,0
10728d70e0641a69:0x2934c,38,46,34,0
10728d70e0641a69:0x2934c,38,47,34,0
10728d70e0641a69:0x2934c,39,47,34,0
10728d70e0641a69:0x29394,36,40,31,0
10728d70e0641a69:0x29394,36,41,31,0
10728d70e0641a69:0x29394,37,41,31,0
10728d70e0641a69:0x783b7,5,5,6,0
10728d70e0641a69:0x783b7,5,6,6,0
10728d70e0641a69:0x783b7,6,6,6,0
10728d70e0641a69:0x7782e,5,0,11,0
10728d70e0641a69:0x7782e,5,0,12,0
10728d70e0641a69:0x7782e,6,0,12,0
10728d70e0641a69:0x77834,5,4,5,0
10728d70e0641a69:0x77834,5,5,5,0
10728d70e0641a69:0x77834,6,5,5,0
10728d70e0641a69:0x783e9,5,0,11,0
10728d70e0641a69:0x783e9,5,0,12,0
10728d70e0641a69:0x783e9,6,0,12,0
10728d70e0641a69:0x7b7dc,33,0,2,0
10728d70e0641a69:0x8eccc,34,3,0,0
10728d70e0641a69:0xa817c,58,11,0,0
10728d70e0641a69:0x1159e5,54,0,16,0
10728d70e0641a69:0x6cd2,85,20,10,0
10728d70e0641a69:0x115a2d,86,17,61,0
10728d70e0641a69:0xa81f9,53,7,0,0
10728d70e0641a69:0xa8240,51,7,1,0
10728d70e0641a69:0xa828b,50,6,1,0
10728d70e0641a69:0xa82d2,50,6,1,0
10728d70e0641a69:0xa831e,50,6,1,0
10728d70e0641a69:0xa8362,50,6,1,0
10728d70e0641a69:0xa83af,50,6,1,0
10728d70e0641a69:0xa83f8,50,7,2,0
10728d70e0641a69:0xa856e,49,9,8,0
10728d70e0641a69:0xa85ea,50,10,10,0
10728d70e0641a69:0x3e5dd,49,10,10,0
10728d70e0641a69:0x3e6a2,46,8,7,0
10728d70e0641a69:0x3e6e6,30,7,7,0
10728d70e0641a69:0x3e730,29,0,12,0
10728d70e0641a69:0x3e9ce,29,6,6,0
10728d70e0641a69:0x3ea12,29,6,6,0
10728d70e0641a69:0x3ea56,29,5,2,0
10728d70e0641a69:0x3ea9a,29,6,2,0
10728d70e0641a69:0x3eade,29,8,4,0
10728d70e0641a69:0x3eb22,25,6,2,0
10728d70e0641a69:0x3eb66,20,4,2,0
10728d70e0641a69:0x3ebaa,19,5,2,0
10728d70e0641a69:0x3ebee,18,4,1,0
10728d70e0641a69:0x3ec32,17,4,1,0
10728d70e0641a69:0x3ec76,16,4,1,0
10728d70e0641a69:0x3ecba,15,3,0,0
10728d70e0641a69:0x3ecfe,15,4,1,0
10728d70e0641a69:0x3ed42,13,3,2,0
10728d70e0641a69:0x3ed86,12,3,2,0
10728d70e0641a69:0x3edca,11,3,2,0
10728d70e0641a69:0x3ee0e,10,3,2,0
10728d70e0641a69:0x3ee52,9,3,2,0
10728d70e0641a69:0x3ee96,8,3,2,0
10728d70e0641a69:0x3eeda,7,3,2,0
10728d70e0641a69:0xa897f,11,7,7,0
10728d70e0641a69:0xa8a0f,9,5,5,0
10728d70e0641a69:0xa904a,9,5,5,0
10728d70e0641a69:0x6e1b4,9,5,5,0
10728d70e0641a69:0x7b73b,23,10,46,0
10728d70e0641a69:0x7b746,8,4,4,0
10728d70e0641a69:0x7b74f,8,4,5,0
10728d70e0641a69:0x7b76c,61,12,13,0
10728d70e0641a69:0x7b76c,62,12,13,0
10728d70e0641a69:0x7b76c,63,12,13,0
10728d70e0641a69:0x7b76c,64,12,13,0
10728d70e0641a69:0x7b76c,65,12,13,0
10728d70e0641a69:0x7b76c,66,12,13,0
10728d70e0641a69:0x7b76c,67,12,13,0
10728d70e0641a69:0x7b76c,68,12,13,0
10728d70e0641a69:0x7b76c,69,12,13,0
10728d70e0641a69:0x7b76c,70,12,13,0
10728d70e0641a69:0x7b76c,71,12,13,0
10728d70e0641a69:0x7b76c,72,12,13,0
10728d70e0641a69:0x7b76c,73,12,13,0
10728d70e0641a69:0x7b782,9,1,9,0
10728d70e0641a69:0x6e283,9,1,9,0
10728d70e0641a69:0x5db32,9,1,9,0
10728d70e0641a69:0x6cd2,86,20,10,0
10728d70e0641a69:0x6d9b,8,4,4,0
10728d70e0641a69:0x6dee,8,4,4,0
10728d70e0641a69:0x115a2d,87,17,61,0
10728d70e0641a69:0x1167a4,8,3,11,0
10728d70e0641a69:0x1168c7,5,1,1,0
10728d70e0641a69:0x116947,8,4,9,0
10728d70e0641a69:0x1169b7,8,4,4,0
10728d70e0641a69:0x1169fb,8,4,4,0
10728d70e0641a69:0x116a40,8,4,6,0
10728d70e0641a69:0x116a84,6,2,2,0
10728d70e0641a69:0x116ac8,6,2,5,0
10728d70e0641a69:0x116b0c,5,1,9,0
10728d70e0641a69:0x116e00,8,4,4,0
10728d70e0641a69:0x6e7d,8,0,8,0
10728d70e0641a69:0xa93cd,8,4,4,0
10728d70e0641a69:0x7b733,16,8,8,0
10728d70e0641a69:0x7b73b,24,10,46,0
10728d70e0641a69:0xa94e7,10,6,6,0
10728d70e0641a69:0xa9539,9,5,5,0
10728d70e0641a69:0x290c3,40,41,33,0
10728d70e0641a69:0x2910c,38,41,29,0
10728d70e0641a69:0x2919f,40,48,31,0
10728d70e0641a69:0x291e6,39,42,33,0
10728d70e0641a69:0x29277,40,48,33,0
10728d70e0641a69:0x292be,38,41,30,0
10728d70e0641a69:0x2934c,40,47,34,0
10728d70e0641a69:0x29394,38,41,31,0
10728d70e0641a69:0x2e2bf,10,6,6,0
10728d70e0641a69:0xb998f,6,2,2,0
10728d70e0641a69:0x7b733,17,8,8,0
10728d70e0641a69:0x7b73b,25,10,46,0
10728d70e0641a69:0xa817c,59,11,0,0
10728d70e0641a69:0x1159e5,55,0,16,0
10728d70e0641a69:0x6cd2,87,20,10,0
10728d70e0641a69:0x115a2d,88,17,61,0
10728d70e0641a69:0xa81f9,54,7,0,0
10728d70e0641a69:0xa8240,52,7,1,0
10728d70e0641a69:0xa828b,51,6,1,0
10728d70e0641a69:0xa82d2,51,6,1,0
10728d70e0641a69:0xa831e,51,6,1,0
10728d70e0641a69:0xa8362,51,6,1,0
10728d70e0641a69:0xa83af,51,6,1,0
10728d70e0641a69:0xa83f8,51,7,2,0
10728d70e0641a69:0xa856e,50,9,8,0
10728d70e0641a69:0xa85ea,51,10,10,0
10728d70e0641a69:0x3e5dd,50,10,10,0
10728d70e0641a69:0x3e6a2,47,8,7,0
10728d70e0641a69:0x3e6e6,31,7,7,0
10728d70e0641a69:0x3e730,30,0,12,0
10728d70e0641a69:0x3e9ce,30,6,6,0
10728d70e0641a69:0x3ea12,30,6,6,0
10728d70e0641a69:0x3ea56,30,5,2,0
10728d70e0641a69:0x3ea9a,30,6,2,0
10728d70e0641a69:0x3eade,29,8,5,0
10728d70e0641a69:0x3eade,29,9,5,0
10728d70e0641a69:0x3eade,30,9,5,0
10728d70e0641a69:0x290c3,40,41,34,0
10728d70e0641a69:0x290c3,40,42,34,0
10728d70e0641a69:0x290c3,41,42,34,0
10728d70e0641a69:0x2910c,39,41,29,0
10728d70e0641a69:0x2919f,41,48,31,0
10728d70e0641a69:0x291e6,40,42,33,0
10728d70e0641a69:0x29277,41,48,33,0
10728d70e0641a69:0x292be,39,41,30,0
10728d70e0641a69:0x2934c,41,47,34,0
10728d70e0641a69:0x29394,39,41,31,0
10728d70e0641a69:0x783b7,7,6,6,0
10728d70e0641a69:0x7782e,7,0,12,0
10728d70e0641a69:0x77834,7,5,5,0
10728d70e0641a69:0x783e9,7,0,12,0
10728d70e0641a69:0x7b7dc,34,0,2,0
10728d70e0641a69:0x8eccc,35,3,0,0
10728d70e0641a69:0xa817c,60,11,0,0
10728d70e0641a69:0x1159e5,56,0,16,0
10728d70e0641a69:0x6cd2,88,20,10,0
10728d70e0641a69:0x115a2d,89,17,61,0
10728d70e0641a69:0xa81f9,55,7,0,0
10728d70e0641a69:0xa8240,53,7,1,0
10728d70e0641a69:0xa828b,52,6,1,0
10728d70e0641a69:0xa82d2,52,6,1,0
10728d70e0641a69:0xa831e,52,6,1,0
10728d70e0641a69:0xa8362,52,6,1,0
10728d70e0641a69:0xa83af,52,6,1,0
10728d70e0641a69:0xa83f8,52,7,2,0
10728d70e0641a69:0xa856e,51,9,8,0
10728d70e0641a69:0xa85ea,52,10,10,0
10728d70e0641a69:0x3e5dd,51,10,10,0
10728d70e0641a69:0x3e6a2,48,8,7,0
10728d70e0641a69:0x3e6e6,32,7,7,0
10728d70e0641a69:0x3e730,31,0,12,0
10728d70e0641a69:0x3e9ce,31,6,6,0
10728d70e0641a69:0x3ea12,31,6,6,0
10728d70e0641a69:0x3ea56,31,5,2,0
10728d70e0641a69:0x3ea9a,31,6,2,0
10728d70e0641a69:0x3eade,31,9,5,0
10728d70e0641a69:0x3eb22,26,6,2,0
10728d70e0641a69:0x3eb66,21,4,2,0
10728d70e0641a69:0x3ebaa,20,5,2,0
10728d70e0641a69:0x3ebee,19,4,1,0
10728d70e0641a69:0x3ec32,18,4,1,0
10728d70e0641a69:0x3ec76,17,4,1,0
10728d70e0641a69:0x3ecba,16,3,0,0
10728d70e0641a69:0x3ecfe,16,4,1,0
10728d70e0641a69:0x3ed42,14,3,2,0
10728d70e0641a69:0x3ed86,13,3,2,0
10728d70e0641a69:0x3edca,12,3,2,0
10728d70e0641a69:0x3ee0e,11,3,2,0
10728d70e0641a69:0x3ee52,10,3,2,0
10728d70e0641a69:0x3ee96,9,3,2,0
10728d70e0641a69:0x3eeda,8,3,2,0
10728d70e0641a69:0xa897f,12,7,7,0
10728d70e0641a69:0xa8a0f,10,5,5,0
10728d70e0641a69:0xa904a,10,5,5,0
10728d70e0641a69:0x6e1b4,10,5,5,0
10728d70e0641a69:0x7b73b,26,10,46,0
10728d70e0641a69:0x7b746,9,4,4,0
10728d70e0641a69:0x7b74f,9,4,5,0
10728d70e0641a69:0x7b76c,74,12,13,0
10728d70e0641a69:0x7b76c,75,12,13,0
10728d70e0641a69:0x7b76c,76,12,13,0
10728d70e0641a69:0x7b76c,77,12,13,0
10728d70e0641a69:0x7b76c,78,12,13,0
10728d70e0641a69:0x7b76c,79,12,13,0
10728d70e0641a69:0x7b76c,80,12,13,0
10728d70e0641a69:0x7b76c,81,12,13,0
10728d70e0641a69:0x7b76c,82,12,13,0
10728d70e0641a69:0x7b76c,83,12,13,0
10728d70e0641a69:0x7b76c,84,12,13,0
10728d70e0641a69:0x7b76c,85,12,13,0
10728d70e0641a69:0x7b76c,86,12,13,0
10728d70e0641a69:0x7b782,10,1,9,0
10728d70e0641a69:0x6e283,10,1,9,0
10728d70e0641a69:0x5db32,10,1,9,0
10728d70e0641a69:0x6cd2,89,20,10,0
10728d70e0641a69:0x6d9b,9,4,4,0
10728d70e0641a69:0x6dee,9,4,4,0
10728d70e0641a69:0x115a2d,90,17,61,0
10728d70e0641a69:0x1167a4,9,3,11,0
10728d70e0641a69:0x1168c7,6,1,1,0
10728d70e0641a69:0x116947,9,4,9,0
10728d70e0641a69:0x1169b7,9,4,4,0
10728d70e0641a69:0x1169fb,9,4,4,0
10728d70e0641a69:0x116a40,9,4,6,0
10728d70e0641a69:0x116a84,7,2,2,0
10728d70e0641a69:0x116ac8,7,2,5,0
10728d70e0641a69:0x116b0c,6,1,9,0
10728d70e0641a69:0x116e00,9,4,4,0
10728d70e0641a69:0x6e7d,9,0,8,0
10728d70e0641a69:0xa93cd,9,4,4,0
10728d70e0641a69:0x7b733,18,8,8,0
10728d70e0641a69:0x7b73b,27,10,46,0
10728d70e0641a69:0xa94e7,11,6,6,0
10728d70e0641a69:0xa9539,10,5,5,0
10728d70e0641a69:0x290c3,42,42,34,0
10728d70e0641a69:0x2910c,40,41,29,0
10728d70e0641a69:0x2919f,42,48,31,0
10728d70e0641a69:0x291e6,41,42,33,0
10728d70e0641a69:0x29277,42,48,33,0
10728d70e0641a69:0x292be,40,41,30,0
10728d70e0641a69:0x2934c,42,47,34,0
10728d70e0641a69:0x29394,40,41,31,0
10728d70e0641a69:0x2e2bf,11,6,6,0
10728d70e0641a69:0xb998f,7,2,2,0
10728d70e0641a69:0x7b733,19,8,8,0
10728d70e0641a69:0x7b73b,28,10,46,0
10728d70e0641a69:0xa817c,61,11,0,0
10728d70e0641a69:0x1159e5,57,0,16,0
10728d70e0641a69:0x6cd2,90,20,10,0
10728d70e0641a69:0x115a2d,91,17,61,0
10728d70e0641a69:0xa81f9,56,7,0,0
10728d70e0641a69:0xa8240,54,7,1,0
10728d70e0641a69:0xa828b,53,6,1,0
10728d70e0641a69:0xa82d2,53,6,1,0
10728d70e0641a69:0xa831e,53,6,1,0
10728d70e0641a69:0xa8362,53,6,1,0
10728d70e0641a69:0xa83af,53,6,1,0
10728d70e0641a69:0xa83f8,53,7,2,0
10728d70e0641a69:0xa856e,52,9,8,0
10728d70e0641a69:0xa85ea,53,10,10,0
10728d70e0641a69:0x3e5dd,52,10,10,0
10728d70e0641a69:0x3e6a2,49,8,7,0
10728d70e0641a69:0x3e6e6,33,7,7,0
10728d70e0641a69:0x3e730,32,0,12,0
10728d70e0641a69:0x3e9ce,32,6,6,0
10728d70e0641a69:0x3ea12,32,6,6,0
10728d70e0641a69:0x3ea56,31,5,3,0
10728d70e0641a69:0x3ea56,31,6,3,0
10728d70e0641a69:0x3ea56,32,6,3,0
10728d70e0641a69:0x290c3,42,42,35,0
10728d70e0641a69:0x290c3,42,43,35,0
10728d70e0641a69:0x290c3,43,43,35,0
10728d70e0641a69:0x2910c,40,41,30,0
10728d70e0641a69:0x2910c,40,42,30,0
10728d70e0641a69:0x2910c,41,42,30,0
10728d70e0641a69:0x2919f,42,48,32,0
10728d70e0641a69:0x2919f,42,49,32,0
10728d70e0641a69:0x2919f,43,49,32,0
10728d70e0641a69:0x291e6,41,42,34,0
10728d70e0641a69:0x291e6,41,43,34,0
10728d70e0641a69:0x291e6,42,43,34,0
10728d70e0641a69:0x29277,42,48,34,0
10728d70e0641a69:0x29277,42,49,34,0
10728d70e0641a69:0x29277,43,49,34,0
10728d70e0641a69:0x292be,40,41,31,0
10728d70e0641a69:0x292be,40,42,31,0
10728d70e0641a69:0x292be,41,42,31,0
10728d70e0641a69:0x2934c,42,47,35,0
10728d70e0641a69:0x2934c,42,48,35,0
10728d70e0641a69:0x2934c,43,48,35,0
10728d70e0641a69:0x29394,40,41,32,0
10728d70e0641a69:0x29394,40,42,32,0
10728d70e0641a69:0x29394,41,42,32,0
10728d70e0641a69:0x783b7,7,6,7,0
10728d70e0641a69:0x783b7,7,7,7,0
10728d70e0641a69:0x783b7,8,7,7,0
10728d70e0641a69:0x7782e,7,0,13,0
10728d70e0641a69:0x7782e,7,0,14,0
10728d70e0641a69:0x7782e,8,0,14,0
10728d70e0641a69:0x77834,7,5,6,0
10728d70e0641a69:0x77834,7,6,6,0
10728d70e0641a69:0x77834,8,6,6,0
10728d70e0641a69:0x783e9,7,0,13,0
10728d70e0641a69:0x783e9,7,0,14,0
10728d70e0641a69:0x783e9,8,0,14,0
10728d70e0641a69:0x7b7dc,35,0,2,0
10728d70e0641a69:0x8eccc,36,3,0,0
10728d70e0641a69:0xa817c,62,11,0,0
10728d70e0641a69:0x1159e5,58,0,16,0
10728d70e0641a69:0x6cd2,91,20,10,0
10728d70e0641a69:0x115a2d,92,17,61,0
10728d70e0641a69:0xa81f9,57,7,0,0
10728d70e0641a69:0xa8240,55,7,1,0
10728d70e0641a69:0xa828b,54,6,1,0
10728d70e0641a69:0xa82d2,54,6,1,0
10728d70e0641a69:0xa831e,54,6,1,0
10728d70e0641a69:0xa8362,54,6,1,0
10728d70e0641a69:0xa83af,54,6,1,0
10728d70e0641a69:0xa83f8,54,7,2,0
10728d70e0641a69:0xa856e,53,9,8,0
10728d70e0641a69:0xa85ea,54,10,10,0
10728d70e0641a69:0x3e5dd,53,10,10,0
10728d70e0641a69:0x3e6a2,50,8,7,0
10728d70e0641a69:0x3e6e6,34,7,7,0
10728d70e0641a69:0x3e730,33,0,12,0
10728d70e0641a69:0x3e9ce,33,6,6,0
10728d70e0641a69:0x3ea12,33,6,6,0
10728d70e0641a69:0x3ea56,33,6,3,0
10728d70e0641a69:0x3ea9a,32,6,2,0
10728d70e0641a69:0x3eade,32,9,5,0
10728d70e0641a69:0x3eb22,27,6,2,0
10728d70e0641a69:0x3eb66,22,4,2,0
10728d70e0641a69:0x3ebaa,21,5,2,0
10728d70e0641a69:0x3ebee,20,4,1,0
10728d70e0641a69:0x3ec32,19,4,1,0
10728d70e0641a69:0x3ec76,18,4,1,0
10728d70e0641a69:0x3ecba,17,3,0,0
10728d70e0641a69:0x3ecfe,17,4,1,0
10728d70e0641a69:0x3ed42,15,3,2,0
10728d70e0641a69:0x3ed86,14,3,2,0
10728d70e0641a69:0x3edca,13,3,2,0
10728d70e0641a69:0x3ee0e,12,3,2,0
10728d70e0641a69:0x3ee52,11,3,2,0
10728d70e0641a69:0x3ee96,10,3,2,0
10728d70e0641a69:0x3eeda,9,3,2,0
10728d70e0641a69:0xa897f,13,7,7,0
10728d70e0641a69:0xa8a0f,11,5,5,0
10728d70e0641a69:0xa904a,11,5,5,0
10728d70e0641a69:0x6e1b4,11,5,5,0
10728d70e0641a69:0x7b73b,29,10,46,0
10728d70e0641a69:0x7b746,10,4,4,0
10728d70e0641a69:0x7b74f,10,4,5,0
10728d70e0641a69:0x7b76c,87,12,13,0
10728d70e0641a69:0x7b76c,88,12,13,0
10728d70e0641a69:0x7b76c,89,12,13,0
10728d70e0641a69:0x7b76c,90,12,13,0
10728d70e0641a69:0x7b76c,91,12,13,0
10728d70e0641a69:0x7b76c,92,12,13,0
10728d70e0641a69:0x7b76c,93,12,13,0
10728d70e0641a69:0x7b76c,94,12,13,0
10728d70e0641a69:0x7b76c,95,12,13,0
10728d70e0641a69:0x7b76c,96,12,13,0
10728d70e0641a69:0x7b76c,97,12,13,0
10728d70e0641a69:0x7b76c,98,12,13,0
10728d70e0641a69:0x7b76c,99,12,13,0
10728d70e0641a69:0x7b782,11,1,9,0
10728d70e0641a69:0x6e283,11,1,9,0
10728d70e0641a69:0x5db32,11,1,9,0
10728d70e0641a69:0x6cd2,92,20,10,0
10728d70e0641a69:0x6d9b,10,4,4,0
10728d70e0641a69:0x6dee,10,4,4,0
10728d70e0641a69:0x115a2d,93,17,61,0
10728d70e0641a69:0x1167a4,10,3,11,0
10728d70e0641a69:0x1168c7,7,1,1,0
10728d70e0641a69:0x116947,10,4,9,0
10728d70e0641a69:0x1169b7,10,4,4,0
10728d70e0641a69:0x1169fb,10,4,4,0
10728d70e0641a69:0x116a40,10,4,6,0
10728d70e0641a69:0x116a84,8,2,2,0
10728d70e0641a69:0x116ac8,8,2,5,0
10728d70e0641a69:0x116b0c,7,1,9,0
10728d70e0641a69:0x116e00,10,4,4,0
10728d70e0641a69:0x6e7d,10,0,8,0
10728d70e0641a69:0xa93cd,10,4,4,0
10728d70e0641a69:0x7b733,20,8,8,0
10728d70e0641a69:0x7b73b,30,10,46,0
10728d70e0641a69:0xa94e7,12,6,6,0
10728d70e0641a69:0xa9539,11,5,5,0
10728d70e0641a69:0x290c3,44,43,35,0
10728d70e0641a69:0x2910c,42,42,30,0
10728d70e0641a69:0x2919f,44,49,32,0
10728d70e0641a69:0x291e6,43,43,34,0
10728d70e0641a69:0x29277,44,49,34,0
10728d70e0641a69:0x292be,42,42,31,0
10728d70e0641a69:0x2934c,44,48,35,0
10728d70e0641a69:0x29394,42,42,32,0
10728d70e0641a69:0x2e2bf,12,6,6,0
10728d70e0641a69:0xb998f,8,2,2,0
10728d70e0641a69:0x7b733,21,8,8,0
10728d70e0641a69:0x7b73b,31,10,46,0
10728d70e0641a69:0xa817c,63,11,0,0
10728d70e0641a69:0x1159e5,59,0,16,0
10728d70e0641a69:0x6cd2,92,21,10,0
10728d70e0641a69:0x6cd2,93,21,10,0
10728d70e0641a69:0x115a2d,94,17,61,0
10728d70e0641a69:0xa81f9,58,7,0,0
10728d70e0641a69:0xa8240,56,7,1,0
10728d70e0641a69:0xa828b,55,6,1,0
10728d70e0641a69:0xa82d2,55,6,1,0
10728d70e0641a69:0xa831e,55,6,1,0
10728d70e0641a69:0xa8362,55,6,1,0
10728d70e0641a69:0xa83af,55,6,1,0
10728d70e0641a69:0xa83f8,55,7,2,0
10728d70e0641a69:0xa856e,53,9,9,0
10728d70e0641a69:0xa856e,53,10,9,0
10728d70e0641a69:0xa856e,54,10,9,0
10728d70e0641a69:0xa86d8,3,2,5,0
10728d70e0641a69:0xa86d8,3,2,6,0
10728d70e0641a69:0xa86d8,4,2,6,0
10728d70e0641a69:0xa875f,3,2,5,0
10728d70e0641a69:0xa875f,3,2,6,0
10728d70e0641a69:0xa875f,4,2,6,0
10728d70e0641a69:0xa877c,3,2,5,0
10728d70e0641a69:0xa877c,3,2,6,0
10728d70e0641a69:0xa877c,4,2,6,0
10728d70e0641a69:0xa8783,3,2,5,0
10728d70e0641a69:0xa8783,3,2,6,0
10728d70e0641a69:0xa8783,4,2,6,0
10728d70e0641a69:0xa85ea,55,10,10,0
10728d70e0641a69:0x3e5dd,53,10,11,0
10728d70e0641a69:0x3e5dd,53,11,11,0
10728d70e0641a69:0x3e5dd,54,11,11,0
10728d70e0641a69:0x290c3,45,43,35,0
10728d70e0641a69:0x2910c,43,42,30,0
10728d70e0641a69:0x2919f,45,49,32,0
10728d70e0641a69:0x291e6,44,43,34,0
10728d70e0641a69:0x29277,45,49,34,0
10728d70e0641a69:0x292be,43,42,31,0
10728d70e0641a69:0x2934c,45,48,35,0
10728d70e0641a69:0x29394,43,42,32,0
10728d70e0641a69:0x783b7,8,7,8,0
10728d70e0641a69:0x783b7,8,8,8,0
10728d70e0641a69:0x783b7,9,8,8,0
10728d70e0641a69:0x7782e,8,0,15,0
10728d70e0641a69:0x7782e,8,0,16,0
10728d70e0641a69:0x7782e,9,0,16,0
10728d70e0641a69:0x77834,8,6,7,0
10728d70e0641a69:0x77834,8,7,7,0
10728d70e0641a69:0x77834,9,7,7,0
10728d70e0641a69:0x783e9,8,0,15,0
10728d70e0641a69:0x783e9,8,0,16,0
10728d70e0641a69:0x783e9,9,0,16,0
10728d70e0641a69:0x7b7dc,36,0,2,0
10728d70e0641a69:0x8eccc,37,3,0,0
10728d70e0641a69:0xa817c,64,11,0,0
10728d70e0641a69:0x1159e5,60,0,16,0
10728d70e0641a69:0x6cd2,94,21,10,0
10728d70e0641a69:0x115a2d,95,17,61,0
10728d70e0641a69:0xa81f9,59,7,0,0
10728d70e0641a69:0xa8240,57,7,1,0
10728d70e0641a69:0xa828b,56,6,1,0
10728d70e0641a69:0xa82d2,56,6,1,0
10728d70e0641a69:0xa831e,56,6,1,0
10728d70e0641a69:0xa8362,56,6,1,0
10728d70e0641a69:0xa83af,56,6,1,0
10728d70e0641a69:0xa83f8,56,7,2,0
10728d70e0641a69:0xa856e,55,10,9,0
10728d70e0641a69:0xa85ea,56,10,10,0
10728d70e0641a69:0x3e5dd,55,11,11,0
10728d70e0641a69:0x3e6a2,51,8,7,0
10728d70e0641a69:0xaa573,17,3,3,0
10728d70e0641a69:0x6cd2,95,21,10,0
10728d70e0641a69:0x115a2d,96,17,61,0
10728d70e0641a69:0xa6db7,20,4,4,0
10728d70e0641a69:0xa6ec6,20,4,4,0
10728d70e0641a69:0xaa60f,14,1,0,0
10728d70e0641a69:0xaa680,14,1,0,0
10728d70e0641a69:0xaa713,14,1,0,0
10728d70e0641a69:0xaa758,14,2,1,0
10728d70e0641a69:0xaa987,10,1,1,0
10728d70e0641a69:0xf247,14,2,1,0
10728d70e0641a69:0xf30f,14,2,1,0
10728d70e0641a69:0xf38b,14,2,1,0
10728d70e0641a69:0xf483,14,2,1,0
10728d70e0641a69:0xf500,14,2,1,0
10728d70e0641a69:0xf5cf,14,2,1,0
10728d70e0641a69:0xf613,14,2,1,0
10728d70e0641a69:0xf68f,14,2,1,0
10728d70e0641a69:0xf74c,14,2,2,0
10728d70e0641a69:0xf80c,14,2,1,0
10728d70e0641a69:0xf89a,14,2,1,0
10728d70e0641a69:0xf9a6,14,2,1,0
10728d70e0641a69:0xc4116,14,2,2,0
10728d70e0641a69:0xc4158,10,1,1,0
10728d70e0641a69:0xc41e3,10,1,1,0
10728d70e0641a69:0xc4268,14,2,2,0
10728d70e0641a69:0xa817c,65,11,0,0
10728d70e0641a69:0x1159e5,61,0,16,0
10728d70e0641a69:0x6cd2,96,21,10,0
10728d70e0641a69:0x115a2d,97,17,61,0
10728d70e0641a69:0xa81f9,60,7,0,0
10728d70e0641a69:0xa8240,58,7,1,0
10728d70e0641a69:0xa828b,57,6,1,0
10728d70e0641a69:0xa82d2,57,6,1,0
10728d70e0641a69:0xa831e,57,6,1,0
10728d70e0641a69:0xa8362,56,6,2,0
10728d70e0641a69:0xa8362,56,7,2,0
10728d70e0641a69:0xa8362,57,7,2,0
10728d70e0641a69:0x290c3,45,43,36,0
10728d70e0641a69:0x290c3,45,44,36,0
10728d70e0641a69:0x290c3,46,44,36,0
10728d70e0641a69:0x2910c,43,42,31,0
10728d70e0641a69:0x2910c,43,43,31,0
10728d70e0641a69:0x2910c,44,43,31,0
10728d70e0641a69:0x2910c,44,43,32,0
10728d70e0641a69:0x2910c,44,43,33,0
10728d70e0641a69:0x2919f,45,49,33,0
10728d70e0641a69:0x2919f,45,50,33,0
10728d70e0641a69:0x2919f,46,50,33,0
10728d70e0641a69:0x2919f,46,50,34,0
10728d70e0641a69:0x2919f,46,50,35,0
10728d70e0641a69:0x29277,45,49,35,0
10728d70e0641a69:0x29277,45,50,35,0
10728d70e0641a69:0x29277,46,50,35,0
10728d70e0641a69:0x292be,43,42,32,0
10728d70e0641a69:0x292be,43,43,32,0
10728d70e0641a69:0x292be,44,43,32,0
10728d70e0641a69:0x2934c,45,48,36,0
10728d70e0641a69:0x2934c,45,49,36,0
10728d70e0641a69:0x2934c,46,49,36,0
10728d70e0641a69:0x29394,43,42,33,0
10728d70e0641a69:0x29394,43,43,33,0
10728d70e0641a69:0x29394,44,43,33,0
10728d70e0641a69:0x7b7dc,37,0,2,0
10728d70e0641a69:0x8eccc,38,3,0,0
10728d70e0641a69:0xa817c,66,11,0,0
10728d70e0641a69:0x1159e5,62,0,16,0
10728d70e0641a69:0x6cd2,97,21,10,0
10728d70e0641a69:0x115a2d,98,17,61,0
10728d70e0641a69:0xa81f9,61,7,0,0
10728d70e0641a69:0xa8240,59,7,1,0
10728d70e0641a69:0xa828b,58,6,1,0
10728d70e0641a69:0xa82d2,58,6,1,0
10728d70e0641a69:0xa831e,58,6,1,0
10728d70e0641a69:0xa8362,58,7,2,0
10728d70e0641a69:0xa83af,57,6,1,0
10728d70e0641a69:0xa83f8,57,7,2,0
10728d70e0641a69:0xa856e,56,10,9,0
10728d70e0641a69:0xa85ea,57,10,10,0
10728d70e0641a69:0x3e5dd,56,11,11,0
10728d70e0641a69:0x3e6a2,52,8,7,0
10728d70e0641a69:0xaa573,18,3,3,0
10728d70e0641a69:0x6cd2,98,21,10,0
10728d70e0641a69:0x115a2d,99,17,61,0
10728d70e0641a69:0xa6db7,21,4,4,0
10728d70e0641a69:0xa6ec6,21,4,4,0
10728d70e0641a69:0xaa60f,15,1,0,0
10728d70e0641a69:0xaa680,15,1,0,0
10728d70e0641a69:0xaa713,15,1,0,0
10728d70e0641a69:0xaa758,15,2,1,0
10728d70e0641a69:0xaa987,11,1,1,0
10728d70e0641a69:0xf247,15,2,1,0
10728d70e0641a69:0xf30f,15,2,1,0
10728d70e0641a69:0xf38b,15,2,1,0
10728d70e0641a69:0xf483,15,2,1,0
10728d70e0641a69:0xf500,15,2,1,0
10728d70e0641a69:0xf5cf,15,2,1,0
10728d70e0641a69:0xf613,15,2,1,0
10728d70e0641a69:0xf68f,15,2,1,0
10728d70e0641a69:0xf74c,15,2,2,0
10728d70e0641a69:0xf80c,15,2,1,0
10728d70e0641a69:0xf89a,15,2,1,0
10728d70e0641a69:0xf9a6,15,2,1,0
10728d70e0641a69:0xc4116,15,2,2,0
10728d70e0641a69:0xc4158,11,1,1,0
10728d70e0641a69:0xc41e3,11,1,1,0
10728d70e0641a69:0xc4268,15,2,2,0
10728d70e0641a69:0xa817c,67,11,0,0
10728d70e0641a69:0x1159e5,63,0,16,0
10728d70e0641a69:0x6cd2,99,21,10,0
10728d70e0641a69:0x115a2d,100,17,61,0
10728d70e0641a69:0xa81f9,62,7,0,0
10728d70e0641a69:0xa8240,60,7,1,0
10728d70e0641a69:0xa828b,59,6,1,0
10728d70e0641a69:0xa82d2,59,6,1,0
10728d70e0641a69:0xa831e,59,6,1,0
10728d70e0641a69:0xa8362,59,7,2,0
10728d70e0641a69:0xa83af,58,6,1,0
10728d70e0641a69:0xa83f8,58,7,2,0
10728d70e0641a69:0xa856e,57,10,9,0
10728d70e0641a69:0xa85ea,58,10,10,0
10728d70e0641a69:0x3e5dd,57,11,11,0
10728d70e0641a69:0x3e6a2,53,8,7,0
10728d70e0641a69:0x3e6e6,35,7,7,0
10728d70e0641a69:0x3e730,34,0,12,0
10728d70e0641a69:0x3e9ce,34,6,6,0
10728d70e0641a69:0x3ea12,34,6,6,0
10728d70e0641a69:0x3ea56,34,6,3,0
10728d70e0641a69:0x3ea9a,33,6,2,0
10728d70e0641a69:0x3eade,33,9,5,0
10728d70e0641a69:0x3eb22,28,6,2,0
10728d70e0641a69:0xabb3b,6,3,3,0
10728d70e0641a69:0x6cd2,100,21,10,0
10728d70e0641a69:0x115a2d,101,17,61,0
10728d70e0641a69:0xa6db7,22,4,4,0
10728d70e0641a69:0xa6ec6,22,4,4,0
10728d70e0641a69:0xabcdc,5,2,1,0
10728d70e0641a69:0xabc8,5,2,1,0
10728d70e0641a69:0xa817c,68,11,0,0
10728d70e0641a69:0x1159e5,64,0,16,0
10728d70e0641a69:0x6cd2,101,21,10,0
10728d70e0641a69:0x115a2d,102,17,61,0
10728d70e0641a69:0xa81f9,63,7,0,0
10728d70e0641a69:0xa8240,61,7,1,0
10728d70e0641a69:0xa828b,60,6,1,0
10728d70e0641a69:0xa82d2,59,6,2,0
10728d70e0641a69:0xa82d2,59,7,2,0
10728d70e0641a69:0xa82d2,60,7,2,0
10728d70e0641a69:0x290c3,46,44,37,0
10728d70e0641a69:0x290c3,46,45,37,0
10728d70e0641a69:0x290c3,47,45,37,0
10728d70e0641a69:0x2910c,44,43,34,0
10728d70e0641a69:0x2910c,44,44,34,0
10728d70e0641a69:0x2910c,45,44,34,0
10728d70e0641a69:0x2910c,45,44,35,0
10728d70e0641a69:0x2910c,45,44,36,0
10728d70e0641a69:0x2919f,46,50,36,0
10728d70e0641a69:0x2919f,46,51,36,0
10728d70e0641a69:0x2919f,47,51,36,0
10728d70e0641a69:0x2919f,47,51,37,0
10728d70e0641a69:0x2919f,47,51,38,0
10728d70e0641a69:0x29277,46,50,36,0
10728d70e0641a69:0x29277,46,51,36,0
10728d70e0641a69:0x29277,47,51,36,0
10728d70e0641a69:0x29277,47,51,37,0
10728d70e0641a69:0x29277,47,51,38,0
10728d70e0641a69:0x2934c,46,49,37,0
10728d70e0641a69:0x2934c,46,50,37,0
10728d70e0641a69:0x2934c,47,50,37,0
10728d70e0641a69:0x29394,44,43,34,0
10728d70e0641a69:0x29394,44,44,34,0
10728d70e0641a69:0x29394,45,44,34,0
10728d70e0641a69:0x7b7dc,38,0,2,0
10728d70e0641a69:0x8eccc,39,3,0,0
10728d70e0641a69:0xa817c,69,11,0,0
10728d70e0641a69:0x1159e5,65,0,16,0
10728d70e0641a69:0x6cd2,102,21,10,0
10728d70e0641a69:0x115a2d,103,17,61,0
10728d70e0641a69:0xa81f9,64,7,0,0
10728d70e0641a69:0xa8240,62,7,1,0
10728d70e0641a69:0xa828b,61,6,1,0
10728d70e0641a69:0xa82d2,61,7,2,0
10728d70e0641a69:0xa831e,60,6,1,0
10728d70e0641a69:0xa8362,60,7,2,0
10728d70e0641a69:0xa83af,59,6,1,0
10728d70e0641a69:0xa83f8,59,7,2,0
10728d70e0641a69:0xa856e,58,10,9,0
10728d70e0641a69:0xa85ea,59,10,10,0
10728d70e0641a69:0x3e5dd,58,11,11,0
10728d70e0641a69:0x3e6a2,54,8,7,0
10728d70e0641a69:0x3e6e6,36,7,7,0
10728d70e0641a69:0x3e730,35,0,12,0
10728d70e0641a69:0x3e9ce,35,6,6,0
10728d70e0641a69:0x3ea12,35,6,6,0
10728d70e0641a69:0x3ea56,35,6,3,0
10728d70e0641a69:0x3ea9a,34,6,2,0
10728d70e0641a69:0x3eade,34,9,5,0
10728d70e0641a69:0x3eb22,29,6,2,0
10728d70e0641a69:0x3eb66,23,4,2,0
10728d70e0641a69:0x3ebaa,22,5,2,0
10728d70e0641a69:0x3ebee,21,4,1,0
10728d70e0641a69:0x3ec32,20,4,1,0
10728d70e0641a69:0x3ec76,19,4,1,0
10728d70e0641a69:0x3ecba,18,3,0,0
10728d70e0641a69:0x3ecfe,18,4,1,0
10728d70e0641a69:0x3ed42,16,3,2,0
10728d70e0641a69:0x3ed86,15,3,2,0
10728d70e0641a69:0x3edca,14,3,2,0
10728d70e0641a69:0x3ee0e,13,3,2,0
10728d70e0641a69:0x3ee52,12,3,2,0
10728d70e0641a69:0x3ee96,11,3,2,0
10728d70e0641a69:0x3eeda,10,3,2,0
10728d70e0641a69:0xa897f,14,7,7,0
10728d70e0641a69:0xa8a0f,12,5,5,0
10728d70e0641a69:0xa904a,12,5,5,0
10728d70e0641a69:0x6e1b4,12,5,5,0
10728d70e0641a69:0x7b73b,32,10,46,0
10728d70e0641a69:0x7b746,11,4,4,0
10728d70e0641a69:0x7b74f,11,4,5,0
10728d70e0641a69:0x7b76c,100,12,13,0
10728d70e0641a69:0x7b76c,101,12,13,0
10728d70e0641a69:0x7b76c,102,12,13,0
10728d70e0641a69:0x7b76c,103,12,13,0
10728d70e0641a69:0x7b76c,104,12,13,0
10728d70e0641a69:0x7b76c,105,12,13,0
10728d70e0641a69:0x7b76c,106,12,13,0
10728d70e0641a69:0x7b76c,107,12,13,0
10728d70e0641a69:0x7b76c,108,12,13,0
10728d70e0641a69:0x7b76c,109,12,13,0
10728d70e0641a69:0x7b76c,110,12,13,0
10728d70e0641a69:0x7b76c,111,12,13,0
10728d70e0641a69:0x7b76c,112,12,13,0
10728d70e0641a69:0x7b782,12,1,9,0
10728d70e0641a69:0x6e283,12,1,9,0
10728d70e0641a69:0x5db32,12,1,9,0
10728d70e0641a69:0x6cd2,103,21,10,0
10728d70e0641a69:0x6d9b,11,4,4,0
10728d70e0641a69:0x6dee,11,4,4,0
10728d70e0641a69:0x115a2d,104,17,61,0
10728d70e0641a69:0x1167a4,11,3,11,0
10728d70e0641a69:0x1168c7,8,1,1,0
10728d70e0641a69:0x116947,11,4,9,0
10728d70e0641a69:0x1169b7,11,4,4,0
10728d70e0641a69:0x1169fb,11,4,4,0
10728d70e0641a69:0x116a40,11,4,6,0
10728d70e0641a69:0x116a84,9,2,2,0
10728d70e0641a69:0x116ac8,9,2,5,0
10728d70e0641a69:0x116b0c,8,1,9,0
10728d70e0641a69:0x116e00,11,4,4,0
10728d70e0641a69:0x6e7d,11,0,8,0
10728d70e0641a69:0xa93cd,11,4,4,0
10728d70e0641a69:0x7b733,22,8,8,0
10728d70e0641a69:0x7b73b,33,10,46,0
10728d70e0641a69:0xa94e7,13,6,6,0
10728d70e0641a69:0xa9539,12,5,5,0
10728d70e0641a69:0x290c3,48,45,37,0
10728d70e0641a69:0x2910c,46,44,36,0
10728d70e0641a69:0x2919f,48,51,38,0
10728d70e0641a69:0x291e6,45,43,34,0
10728d70e0641a69:0x29277,48,51,38,0
10728d70e0641a69:0x292be,45,43,32,0
10728d70e0641a69:0x2934c,48,50,37,0
10728d70e0641a69:0x29394,46,44,34,0
10728d70e0641a69:0x2e2bf,13,6,6,0
10728d70e0641a69:0xb998f,9,2,2,0
10728d70e0641a69:0x7b733,23,8,8,0
10728d70e0641a69:0x7b73b,34,10,46,0
10728d70e0641a69:0xa817c,70,11,0,0
10728d70e0641a69:0x1159e5,66,0,16,0
10728d70e0641a69:0x6cd2,104,21,10,0
10728d70e0641a69:0x115a2d,105,17,61,0
10728d70e0641a69:0xa81f9,65,7,0,0
10728d70e0641a69:0xa8240,63,7,1,0
10728d70e0641a69:0xa828b,62,6,1,0
10728d70e0641a69:0xa82d2,62,7,2,0
10728d70e0641a69:0xa831e,61,6,1,0
10728d70e0641a69:0xa8362,61,7,2,0
10728d70e0641a69:0xa83af,60,6,1,0
10728d70e0641a69:0xa83f8,60,7,2,0
10728d70e0641a69:0xa856e,59,10,9,0
10728d70e0641a69:0xa85ea,60,10,10,0
10728d70e0641a69:0x3e5dd,59,11,11,0
10728d70e0641a69:0x3e6a2,55,8,7,0
10728d70e0641a69:0x3e6e6,37,7,7,0
10728d70e0641a69:0x3e730,36,0,12,0
10728d70e0641a69:0x3e9ce,36,6,6,0
10728d70e0641a69:0x3ea12,36,6,6,0
10728d70e0641a69:0x3ea56,36,6,3,0
10728d70e0641a69:0x3ea9a,35,6,2,0
10728d70e0641a69:0x3eade,35,9,5,0
10728d70e0641a69:0x3eb22,30,6,2,0
10728d70e0641a69:0x3eb66,24,4,2,0
10728d70e0641a69:0x3ebaa,23,5,2,0
10728d70e0641a69:0x3ebee,22,4,1,0
10728d70e0641a69:0x3ec32,21,4,1,0
10728d70e0641a69:0x3ec76,20,4,1,0
10728d70e0641a69:0x3ecba,19,3,0,0
10728d70e0641a69:0x3ecfe,19,4,1,0
10728d70e0641a69:0x3ed42,17,3,2,0
10728d70e0641a69:0x3ed86,16,3,2,0
10728d70e0641a69:0x3edca,15,3,2,0
10728d70e0641a69:0x3ee0e,14,3,2,0
10728d70e0641a69:0x3ee52,13,3,2,0
10728d70e0641a69:0x3ee96,12,3,2,0
10728d70e0641a69:0x3eeda,11,3,2,0
10728d70e0641a69:0xa897f,15,7,7,0
10728d70e0641a69:0xa8a0f,13,5,5,0
10728d70e0641a69:0xa904a,13,5,5,0
10728d70e0641a69:0x6e1b4,13,5,5,0
10728d70e0641a69:0x7b733,24,8,8,0
10728d70e0641a69:0x7b73b,35,10,46,0
10728d70e0641a69:0x7b746,12,4,4,0
10728d70e0641a69:0x7b74f,12,4,5,0
10728d70e0641a69:0x7b76c,113,12,13,0
10728d70e0641a69:0x7b76c,114,12,13,0
10728d70e0641a69:0x7b76c,115,12,13,0
10728d70e0641a69:0x7b76c,116,12,13,0
10728d70e0641a69:0x7b782,13,1,9,0
10728d70e0641a69:0x6e283,13,1,9,0
10728d70e0641a69:0x5db32,13,1,9,0
10728d70e0641a69:0x6cd2,105,21,10,0
10728d70e0641a69:0x6d9b,12,4,4,0
10728d70e0641a69:0x6dee,12,4,4,0
10728d70e0641a69:0x115a2d,106,17,61,0
10728d70e0641a69:0x1167a4,12,3,11,0
10728d70e0641a69:0x116947,12,4,9,0
10728d70e0641a69:0x1169b7,12,4,4,0
10728d70e0641a69:0x1169fb,12,4,4,0
10728d70e0641a69:0x116a40,12,4,6,0
10728d70e0641a69:0x116a84,10,2,2,0
10728d70e0641a69:0x116ac8,10,2,5,0
10728d70e0641a69:0x116e00,12,4,4,0
10728d70e0641a69:0x6e7d,12,0,8,0
10728d70e0641a69:0xa93cd,12,4,4,0
10728d70e0641a69:0x7b733,25,8,8,0
10728d70e0641a69:0x7b73b,36,10,46,0
10728d70e0641a69:0xa94e7,14,6,6,0
10728d70e0641a69:0xa9539,13,5,5,0
10728d70e0641a69:0x290c3,49,45,37,0
10728d70e0641a69:0x2910c,47,44,36,0
10728d70e0641a69:0x2919f,49,51,38,0
10728d70e0641a69:0x291e6,46,43,34,0
10728d70e0641a69:0x29277,49,51,38,0
10728d70e0641a69:0x292be,46,43,32,0
10728d70e0641a69:0x2934c,49,50,37,0
10728d70e0641a69:0x29394,47,44,34,0
10728d70e0641a69:0x2e2bf,14,6,6,0
10728d70e0641a69:0xb998f,10,2,2,0
10728d70e0641a69:0x7b733,26,8,8,0
10728d70e0641a69:0x7b73b,37,10,46,0
10728d70e0641a69:0xa817c,71,11,0,0
10728d70e0641a69:0x1159e5,67,0,16,0
10728d70e0641a69:0x6cd2,106,21,10,0
10728d70e0641a69:0x115a2d,107,17,61,0
10728d70e0641a69:0xa81f9,66,7,0,0
10728d70e0641a69:0xa8240,64,7,1,0
10728d70e0641a69:0xa828b,63,6,1,0
10728d70e0641a69:0xa82d2,63,7,2,0
10728d70e0641a69:0xa831e,62,6,1,0
10728d70e0641a69:0xa8362,62,7,2,0
10728d70e0641a69:0xa83af,61,6,1,0
10728d70e0641a69:0xa83f8,61,7,2,0
10728d70e0641a69:0xa856e,60,10,9,0
10728d70e0641a69:0xa85ea,61,10,10,0
10728d70e0641a69:0x3e5dd,60,11,11,0
10728d70e0641a69:0x3e6a2,56,8,7,0
10728d70e0641a69:0x3e6e6,38,7,7,0
10728d70e0641a69:0x3e730,37,0,12,0
10728d70e0641a69:0x3e9ce,37,6,6,0
10728d70e0641a69:0x3ea12,37,6,6,0
10728d70e0641a69:0x3ea56,37,6,3,0
10728d70e0641a69:0x3ea9a,36,6,2,0
10728d70e0641a69:0x3eade,36,9,5,0
10728d70e0641a69:0x3eb22,31,6,2,0
10728d70e0641a69:0x3eb66,25,4,2,0
10728d70e0641a69:0x3ebaa,24,5,2,0
10728d70e0641a69:0x3ebee,23,4,1,0
10728d70e0641a69:0x3ec32,22,4,1,0
10728d70e0641a69:0x3ec76,21,4,1,0
10728d70e0641a69:0x3ecba,20,3,0,0
10728d70e0641a69:0x3ecfe,19,4,2,0
10728d70e0641a69:0x3ecfe,19,5,2,0
10728d70e0641a69:0x3ecfe,20,5,2,0
10728d70e0641a69:0x3ed42,17,3,3,0
10728d70e0641a69:0x3ed42,17,4,3,0
10728d70e0641a69:0x3ed42,18,4,3,0
10728d70e0641a69:0x3ed86,16,3,3,0
10728d70e0641a69:0x3ed86,16,4,3,0
10728d70e0641a69:0x3ed86,17,4,3,0
10728d70e0641a69:0x3edca,15,3,3,0
10728d70e0641a69:0x3edca,15,4,3,0
10728d70e0641a69:0x3edca,16,4,3,0
10728d70e0641a69:0x3ee0e,14,3,3,0
10728d70e0641a69:0x3ee0e,14,4,3,0
10728d70e0641a69:0x3ee0e,15,4,3,0
10728d70e0641a69:0x3ee52,13,3,3,0
10728d70e0641a69:0x3ee52,13,4,3,0
10728d70e0641a69:0x3ee52,14,4,3,0
10728d70e0641a69:0x3ee96,12,3,3,0
10728d70e0641a69:0x3ee96,12,4,3,0
10728d70e0641a69:0x3ee96,13,4,3,0
10728d70e0641a69:0x3eeda,11,3,3,0
10728d70e0641a69:0x3eeda,11,4,3,0
10728d70e0641a69:0x3eeda,12,4,3,0
10728d70e0641a69:0xa897f,15,7,8,0
10728d70e0641a69:0xa897f,15,8,8,0
10728d70e0641a69:0xa897f,16,8,8,0
10728d70e0641a69:0xa8a0f,13,5,6,0
10728d70e0641a69:0xa8a0f,13,6,6,0
10728d70e0641a69:0xa8a0f,14,6,6,0
10728d70e0641a69:0xa904a,13,5,6,0
10728d70e0641a69:0xa904a,13,6,6,0
10728d70e0641a69:0xa904a,14,6,6,0
10728d70e0641a69:0x6e1b4,13,5,6,0
10728d70e0641a69:0x6e1b4,13,6,6,0
10728d70e0641a69:0x6e1b4,14,6,6,0
10728d70e0641a69:0x7b733,26,8,9,0
10728d70e0641a69:0x7b733,26,9,9,0
10728d70e0641a69:0x7b733,27,9,9,0
10728d70e0641a69:0x7b73b,38,10,46,0
10728d70e0641a69:0x7b746,12,4,5,0
10728d70e0641a69:0x7b746,12,5,5,0
10728d70e0641a69:0x7b746,13,5,5,0
10728d70e0641a69:0x7b74f,12,4,6,0
10728d70e0641a69:0x7b74f,12,5,6,0
10728d70e0641a69:0x7b74f,13,5,6,0
10728d70e0641a69:0x7b74f,13,5,7,0
10728d70e0641a69:0x7b76c,116,12,14,0
10728d70e0641a69:0x7b76c,116,13,14,0
10728d70e0641a69:0x7b76c,117,13,14,0
10728d70e0641a69:0x7b782,13,1,10,0
10728d70e0641a69:0x7b782,13,1,11,0
10728d70e0641a69:0x7b782,14,1,11,0
10728d70e0641a69:0x6e283,13,1,10,0
10728d70e0641a69:0x6e283,13,1,11,0
10728d70e0641a69:0x6e283,14,1,11,0
10728d70e0641a69:0x5db32,13,1,10,0
10728d70e0641a69:0x5db32,13,1,11,0
10728d70e0641a69:0x5db32,14,1,11,0
10728d70e0641a69:0x6cd2,107,21,10,0
10728d70e0641a69:0x6d9b,12,4,5,0
10728d70e0641a69:0x6d9b,12,5,5,0
10728d70e0641a69:0x6d9b,13,5,5,0
10728d70e0641a69:0x6dee,12,4,5,0
10728d70e0641a69:0x6dee,12,5,5,0
10728d70e0641a69:0x6dee,13,5,5,0
10728d70e0641a69:0x115a2d,108,17,61,0
10728d70e0641a69:0x1167a4,12,3,12,0
10728d70e0641a69:0x1167a4,12,4,12,0
10728d70e0641a69:0x1167a4,13,4,12,0
10728d70e0641a69:0x116947,12,4,10,0
10728d70e0641a69:0x116947,12,5,10,0
10728d70e0641a69:0x116947,13,5,10,0
10728d70e0641a69:0x116947,13,5,11,0
10728d70e0641a69:0x1169b7,12,4,5,0
10728d70e0641a69:0x1169b7,12,5,5,0
10728d70e0641a69:0x1169b7,13,5,5,0
10728d70e0641a69:0x6e7d,12,0,9,0
10728d70e0641a69:0x6e7d,12,0,10,0
10728d70e0641a69:0x6e7d,13,0,10,0
10728d70e0641a69:0xa93cd,12,4,5,0
10728d70e0641a69:0xa93cd,12,5,5,0
10728d70e0641a69:0xa93cd,13,5,5,0
10728d70e0641a69:0x7b733,27,9,10,0
10728d70e0641a69:0x7b733,27,10,10,0
10728d70e0641a69:0x7b733,28,10,10,0
10728d70e0641a69:0x7b73b,39,10,46,0
10728d70e0641a69:0xa94e7,14,6,7,0
10728d70e0641a69:0xa94e7,14,7,7,0
10728d70e0641a69:0xa94e7,15,7,7,0
10728d70e0641a69:0xa9539,13,5,6,0
10728d70e0641a69:0xa9539,13,6,6,0
10728d70e0641a69:0xa9539,14,6,6,0
10728d70e0641a69:0x290c3,49,45,38,0
10728d70e0641a69:0x290c3,49,46,38,0
10728d70e0641a69:0x290c3,50,46,38,0
10728d70e0641a69:0x2910c,47,44,37,0
10728d70e0641a69:0x2910c,47,45,37,0
10728d70e0641a69:0x2910c,48,45,37,0
10728d70e0641a69:0x2919f,49,51,39,0
10728d70e0641a69:0x2919f,49,52,39,0
10728d70e0641a69:0x2919f,50,52,39,0
10728d70e0641a69:0x291e6,46,43,35,0
10728d70e0641a69:0x291e6,46,44,35,0
10728d70e0641a69:0x291e6,47,44,35,0
10728d70e0641a69:0x29277,49,51,39,0
10728d70e0641a69:0x29277,49,52,39,0
10728d70e0641a69:0x29277,50,52,39,0
10728d70e0641a69:0x292be,46,43,33,0
10728d70e0641a69:0x292be,46,44,33,0
10728d70e0641a69:0x292be,47,44,33,0
10728d70e0641a69:0x2934c,49,50,38,0
10728d70e0641a69:0x2934c,49,51,38,0
10728d70e0641a69:0x2934c,50,51,38,0
10728d70e0641a69:0x29394,47,44,35,0
10728d70e0641a69:0x29394,47,45,35,0
10728d70e0641a69:0x29394,48,45,35,0
10728d70e0641a69:0x2e2bf,14,6,7,0
10728d70e0641a69:0x2e2bf,14,7,7,0
10728d70e0641a69:0x2e2bf,15,7,7,0
10728d70e0641a69:0xb998f,10,2,3,0
10728d70e0641a69:0xb998f,10,3,3,0
10728d70e0641a69:0xb998f,11,3,3,0
10728d70e0641a69:0x7b733,29,10,10,0
10728d70e0641a69:0x7b73b,39,10,47,0
10728d70e0641a69:0x7b73b,39,11,47,0
10728d70e0641a69:0x7b73b,40,11,47,0
10728d70e0641a69:0x7b73b,40,11,48,0
10728d70e0641a69:0x7b73b,40,11,49,0
10728d70e0641a69:0x7b73b,40,11,50,0
10728d70e0641a69:0x7b73b,40,11,51,0
10728d70e0641a69:0xa817c,71,12,0,0
10728d70e0641a69:0xa817c,72,12,0,0
10728d70e0641a69:0x1159e5,68,0,16,0
10728d70e0641a69:0x115a2d,108,18,61,0
10728d70e0641a69:0x115a2d,109,18,61,0
10728d70e0641a69:0x115a2d,109,18,62,0
10728d70e0641a69:0x115a2d,109,18,63,0
10728d70e0641a69:0x115a2d,109,18,64,0
10728d70e0641a69:0x115a2d,109,18,65,0
10728d70e0641a69:0xa85ea,61,10,11,0
10728d70e0641a69:0xa85ea,61,11,11,0
10728d70e0641a69:0xa85ea,62,11,11,0
10728d70e0641a69:0x783b7,9,8,9,0
10728d70e0641a69:0x783b7,9,9,9,0
10728d70e0641a69:0x783b7,10,9,9,0
10728d70e0641a69:0x7782e,9,0,17,0
10728d70e0641a69:0x7782e,9,0,18,0
10728d70e0641a69:0x7782e,10,0,18,0
10728d70e0641a69:0x77834,9,7,8,0
10728d70e0641a69:0x77834,9,8,8,0
10728d70e0641a69:0x77834,10,8,8,0
10728d70e0641a69:0x783e9,9,0,17,0
10728d70e0641a69:0x783e9,9,0,18,0
10728d70e0641a69:0x783e9,10,0,18,0
10728d70e0641a69:0x7b7dc,39,0,2,0
10728d70e0641a69:0x8eccc,40,3,0,0
10728d70e0641a69:0xa817c,73,12,0,0
10728d70e0641a69:0x1159e5,69,0,16,0
10728d70e0641a69:0x6cd2,108,21,10,0
10728d70e0641a69:0x115a2d,110,18,65,0
10728d70e0641a69:0xa81f9,67,7,0,0
10728d70e0641a69:0xa8240,65,7,1,0
10728d70e0641a69:0xa828b,64,6,1,0
10728d70e0641a69:0xa82d2,64,7,2,0
10728d70e0641a69:0xa831e,63,6,1,0
10728d70e0641a69:0xa8362,63,7,2,0
10728d70e0641a69:0xa83af,62,6,1,0
10728d70e0641a69:0xa83f8,62,7,2,0
10728d70e0641a69:0xa856e,61,10,9,0
10728d70e0641a69:0xa85ea,63,11,11,0
10728d70e0641a69:0x3e5dd,61,11,11,0
10728d70e0641a69:0x3e6a2,57,8,7,0
10728d70e0641a69:0xaa573,19,3,3,0
10728d70e0641a69:0x6cd2,109,21,10,0
10728d70e0641a69:0x115a2d,111,18,65,0
10728d70e0641a69:0xa6db7,23,4,4,0
10728d70e0641a69:0xa6ec6,23,4,4,0
10728d70e0641a69:0xaa60f,16,1,0,0
10728d70e0641a69:0xaa680,16,1,0,0
10728d70e0641a69:0xaa713,16,1,0,0
10728d70e0641a69:0xaa758,16,2,1,0
10728d70e0641a69:0xaa79c,5,1,0,0
10728d70e0641a69:0xaa82b,5,1,0,0
10728d70e0641a69:0xf247,16,2,1,0
10728d70e0641a69:0xf30f,16,2,1,0
10728d70e0641a69:0xf38b,16,2,1,0
10728d70e0641a69:0xf483,16,2,1,0
10728d70e0641a69:0xf500,16,2,1,0
10728d70e0641a69:0xf5cf,16,2,1,0
10728d70e0641a69:0xf613,16,2,1,0
10728d70e0641a69:0xf68f,16,2,1,0
10728d70e0641a69:0xf74c,16,2,2,0
10728d70e0641a69:0xf78f,5,1,1,0
10728d70e0641a69:0xf80c,16,2,1,0
10728d70e0641a69:0xf89a,16,2,1,0
10728d70e0641a69:0xf9a6,16,2,1,0
10728d70e0641a69:0xc4116,16,2,2,0
10728d70e0641a69:0xc4268,16,2,2,0
10728d70e0641a69:0xa817c,74,12,0,0
10728d70e0641a69:0x1159e5,70,0,16,0
10728d70e0641a69:0x6cd2,110,21,10,0
10728d70e0641a69:0x115a2d,112,18,65,0
10728d70e0641a69:0xa81f9,68,7,0,0
10728d70e0641a69:0xa8240,66,7,1,0
10728d70e0641a69:0xa828b,65,6,1,0
10728d70e0641a69:0xa82d2,65,7,2,0
10728d70e0641a69:0xa831e,64,6,1,0
10728d70e0641a69:0xa8362,64,7,2,0
10728d70e0641a69:0xa83af,63,6,1,0
10728d70e0641a69:0xa83f8,63,7,2,0
10728d70e0641a69:0xa856e,62,10,9,0
10728d70e0641a69:0xa85ea,64,11,11,0
10728d70e0641a69:0x3e5dd,62,11,11,0
10728d70e0641a69:0x3e6a2,58,8,7,0
10728d70e0641a69:0x3e6e6,39,7,7,0
10728d70e0641a69:0x3e730,38,0,12,0
10728d70e0641a69:0x3e9ce,38,6,6,0
10728d70e0641a69:0x3ea12,38,6,6,0
10728d70e0641a69:0x3ea56,38,6,3,0
10728d70e0641a69:0x3ea9a,37,6,2,0
10728d70e0641a69:0x3eade,37,9,5,0
10728d70e0641a69:0x3eb22,32,6,2,0
10728d70e0641a69:0xabb3b,7,3,3,0
10728d70e0641a69:0x6cd2,111,21,10,0
10728d70e0641a69:0x115a2d,113,18,65,0
10728d70e0641a69:0xa6db7,24,4,4,0
10728d70e0641a69:0xa6ec6,24,4,4,0
10728d70e0641a69:0xabcdc,6,2,1,0
10728d70e0641a69:0xabc8,6,2,1,0
10728d70e0641a69:0xa817c,75,12,0,0
10728d70e0641a69:0x1159e5,71,0,16,0
10728d70e0641a69:0x6cd2,112,21,10,0
10728d70e0641a69:0x115a2d,114,18,65,0
10728d70e0641a69:0xa81f9,69,7,0,0
10728d70e0641a69:0xa8240,67,7,1,0
10728d70e0641a69:0xa828b,66,6,1,0
10728d70e0641a69:0xa82d2,66,7,2,0
10728d70e0641a69:0xa831e,65,6,1,0
10728d70e0641a69:0xa8362,65,7,2,0
10728d70e0641a69:0xa83af,64,6,1,0
10728d70e0641a69:0xa83f8,64,7,2,0
10728d70e0641a69:0xa856e,63,10,9,0
10728d70e0641a69:0xa85ea,65,11,11,0
10728d70e0641a69:0x3e5dd,63,11,11,0
10728d70e0641a69:0x3e6a2,59,8,7,0
10728d70e0641a69:0x3e6e6,40,7,7,0
10728d70e0641a69:0x3e730,39,0,12,0
10728d70e0641a69:0x3e9ce,39,6,6,0
10728d70e0641a69:0x3ea12,39,6,6,0
10728d70e0641a69:0x3ea56,39,6,3,0
10728d70e0641a69:0x3ea9a,38,6,2,0
10728d70e0641a69:0x3eade,38,9,5,0
10728d70e0641a69:0x3eb22,33,6,2,0
10728d70e0641a69:0x3eb66,25,4,3,0
10728d70e0641a69:0x3eb66,25,5,3,0
10728d70e0641a69:0x3eb66,26,5,3,0
10728d70e0641a69:0xa897f,16,8,9,0
10728d70e0641a69:0xa897f,16,9,9,0
10728d70e0641a69:0xa897f,17,9,9,0
10728d70e0641a69:0xa8a0f,14,6,7,0
10728d70e0641a69:0xa8a0f,14,7,7,0
10728d70e0641a69:0xa8a0f,15,7,7,0
10728d70e0641a69:0xa904a,14,6,7,0
10728d70e0641a69:0xa904a,14,7,7,0
10728d70e0641a69:0xa904a,15,7,7,0
10728d70e0641a69:0x6e1b4,14,6,7,0
10728d70e0641a69:0x6e1b4,14,7,7,0
10728d70e0641a69:0x6e1b4,15,7,7,0
10728d70e0641a69:0x7b73b,40,11,52,0
10728d70e0641a69:0x7b73b,40,12,52,0
10728d70e0641a69:0x7b73b,41,12,52,0
10728d70e0641a69:0x7b746,13,5,6,0
10728d70e0641a69:0x7b746,13,6,6,0
10728d70e0641a69:0x7b746,14,6,6,0
10728d70e0641a69:0x7b74f,13,5,8,0
10728d70e0641a69:0x7b74f,13,6,8,0
10728d70e0641a69:0x7b74f,14,6,8,0
10728d70e0641a69:0x7b76c,117,13,15,0
10728d70e0641a69:0x7b76c,117,14,15,0
10728d70e0641a69:0x7b76c,118,14,15,0
10728d70e0641a69:0x7b782,14,1,12,0
10728d70e0641a69:0x7b782,14,1,13,0
10728d70e0641a69:0x7b782,15,1,13,0
10728d70e0641a69:0x6e283,14,1,12,0
10728d70e0641a69:0x6e283,14,1,13,0
10728d70e0641a69:0x6e283,15,1,13,0
10728d70e0641a69:0x5db32,14,1,12,0
10728d70e0641a69:0x5db32,14,1,13,0
10728d70e0641a69:0x5db32,15,1,13,0
10728d70e0641a69:0x6cd2,112,21,11,0
10728d70e0641a69:0x6cd2,112,22,11,0
10728d70e0641a69:0x6cd2,113,22,11,0
10728d70e0641a69:0x6d9b,13,5,6,0
10728d70e0641a69:0x6d9b,13,6,6,0
10728d70e0641a69:0x6d9b,14,6,6,0
10728d70e0641a69:0x6dee,13,5,6,0
10728d70e0641a69:0x6dee,13,6,6,0
10728d70e0641a69:0x6dee,14,6,6,0
10728d70e0641a69:0x115a2d,115,18,65,0
10728d70e0641a69:0x1167a4,13,4,13,0
10728d70e0641a69:0x1167a4,13,5,13,0
10728d70e0641a69:0x1167a4,14,5,13,0
10728d70e0641a69:0x116947,13,5,12,0
10728d70e0641a69:0x116947,13,6,12,0
10728d70e0641a69:0x116947,14,6,12,0
10728d70e0641a69:0x116947,14,6,13,0
10728d70e0641a69:0x1169b7,13,5,6,0
10728d70e0641a69:0x1169b7,13,6,6,0
10728d70e0641a69:0x1169b7,14,6,6,0
10728d70e0641a69:0x6e7d,13,0,11,0
10728d70e0641a69:0x6e7d,13,0,12,0
10728d70e0641a69:0x6e7d,14,0,12,0
10728d70e0641a69:0xa93cd,13,5,6,0
10728d70e0641a69:0xa93cd,13,6,6,0
10728d70e0641a69:0xa93cd,14,6,6,0
10728d70e0641a69:0x7b733,29,10,11,0
10728d70e0641a69:0x7b733,29,11,11,0
10728d70e0641a69:0x7b733,30,11,11,0
10728d70e0641a69:0x7b73b,41,12,53,0
10728d70e0641a69:0x7b73b,41,13,53,0
10728d70e0641a69:0x7b73b,42,13,53,0
10728d70e0641a69:0x7b73b,42,13,54,0
10728d70e0641a69:0x7b73b,42,13,55,0
10728d70e0641a69:0x7b73b,42,13,56,0
10728d70e0641a69:0x7b73b,42,13,57,0
10728d70e0641a69:0xa94e7,16,7,7,0
10728d70e0641a69:0xa9539,14,6,7,0
10728d70e0641a69:0xa9539,14,7,7,0
10728d70e0641a69:0xa9539,15,7,7,0
10728d70e0641a69:0x290c3,51,46,38,0
10728d70e0641a69:0x2910c,49,45,37,0
10728d70e0641a69:0x2919f,51,52,39,0
10728d70e0641a69:0x291e6,48,44,35,0
10728d70e0641a69:0x29277,51,52,39,0
10728d70e0641a69:0x292be,48,44,33,0
10728d70e0641a69:0x2934c,51,51,38,0
10728d70e0641a69:0x29394,49,45,35,0
10728d70e0641a69:0x2e2bf,15,7,8,0
10728d70e0641a69:0x2e2bf,15,8,8,0
10728d70e0641a69:0x2e2bf,16,8,8,0
10728d70e0641a69:0x290c3,52,46,38,0
10728d70e0641a69:0x2910c,50,45,37,0
10728d70e0641a69:0x2919f,52,52,39,0
10728d70e0641a69:0x291e6,49,44,35,0
10728d70e0641a69:0x29277,52,52,39,0
10728d70e0641a69:0x292be,49,44,33,0
10728d70e0641a69:0x2934c,52,51,38,0
10728d70e0641a69:0x29394,50,45,35,0
10728d70e0641a69:0x2fde4,3,3,4,0
10728d70e0641a69:0x2fde4,3,4,4,0
10728d70e0641a69:0x2fde4,4,4,4,0
10728d70e0641a69:0x7b733,31,11,11,0
10728d70e0641a69:0x7b73b,43,13,57,0
10728d70e0641a69:0xa817c,75,13,0,0
10728d70e0641a69:0xa817c,76,13,0,0
10728d70e0641a69:0x1159e5,72,0,16,0
10728d70e0641a69:0x115a2d,116,18,65,0
10728d70e0641a69:0x783b7,10,9,10,0
10728d70e0641a69:0x783b7,10,10,10,0
10728d70e0641a69:0x783b7,11,10,10,0
10728d70e0641a69:0x7782e,10,0,19,0
10728d70e0641a69:0x7782e,10,0,20,0
10728d70e0641a69:0x7782e,11,0,20,0
10728d70e0641a69:0x77834,10,8,9,0
10728d70e0641a69:0x77834,10,9,9,0
10728d70e0641a69:0x77834,11,9,9,0
10728d70e0641a69:0x783e9,10,0,19,0
10728d70e0641a69:0x783e9,10,0,20,0
10728d70e0641a69:0x783e9,11,0,20,0
10728d70e0641a69:0x7b7dc,40,0,2,0
10728d70e0641a69:0x8eccc,41,3,0,0
10728d70e0641a69:0xa817c,77,13,0,0
10728d70e0641a69:0x1159e5,73,0,16,0
10728d70e0641a69:0x6cd2,114,22,11,0
10728d70e0641a69:0x115a2d,117,18,65,0
10728d70e0641a69:0xa81f9,70,7,0,0
10728d70e0641a69:0xa8240,68,7,1,0
10728d70e0641a69:0xa828b,67,6,1,0
10728d70e0641a69:0xa82d2,67,7,2,0
10728d70e0641a69:0xa831e,66,6,1,0
10728d70e0641a69:0xa8362,66,7,2,0
10728d70e0641a69:0xa83af,65,6,1,0
10728d70e0641a69:0xa83f8,65,7,2,0
10728d70e0641a69:0xa856e,64,10,9,0
10728d70e0641a69:0xa85ea,66,11,11,0
10728d70e0641a69:0x3e5dd,64,11,11,0
10728d70e0641a69:0x3e6a2,60,8,7,0
10728d70e0641a69:0x3e6e6,41,7,7,0
10728d70e0641a69:0x3e730,40,0,12,0
10728d70e0641a69:0x3e9ce,40,6,6,0
10728d70e0641a69:0x3ea12,40,6,6,0
10728d70e0641a69:0x3ea56,40,6,3,0
10728d70e0641a69:0x3ea9a,39,6,2,0
10728d70e0641a69:0x3eade,39,9,5,0
10728d70e0641a69:0x3eb22,34,6,2,0
10728d70e0641a69:0x3eb66,27,5,3,0
10728d70e0641a69:0x3ebaa,25,5,2,0
10728d70e0641a69:0x3ebee,24,4,1,0
10728d70e0641a69:0x3ec32,23,4,1,0
10728d70e0641a69:0x3ec76,22,4,1,0
10728d70e0641a69:0x3ecba,21,3,0,0
10728d70e0641a69:0x3ecfe,21,5,2,0
10728d70e0641a69:0x3ed42,19,4,3,0
10728d70e0641a69:0x3ed86,18,4,3,0
10728d70e0641a69:0x3edca,17,4,3,0
10728d70e0641a69:0x3ee0e,16,4,3,0
10728d70e0641a69:0x3ee52,15,4,3,0
10728d70e0641a69:0x3ee96,14,4,3,0
10728d70e0641a69:0x3eeda,13,4,3,0
10728d70e0641a69:0xa897f,18,9,9,0
10728d70e0641a69:0xa8a0f,16,7,7,0
10728d70e0641a69:0xa904a,16,7,7,0
10728d70e0641a69:0x6e1b4,16,7,7,0
10728d70e0641a69:0x7b73b,44,13,57,0
10728d70e0641a69:0x7b746,15,6,6,0
10728d70e0641a69:0x7b74f,15,6,8,0
10728d70e0641a69:0x7b76c,119,14,15,0
10728d70e0641a69:0x7b76c,120,14,15,0
10728d70e0641a69:0x7b76c,121,14,15,0
10728d70e0641a69:0x7b76c,122,14,15,0
10728d70e0641a69:0x7b76c,123,14,15,0
10728d70e0641a69:0x7b76c,124,14,15,0
10728d70e0641a69:0x7b76c,125,14,15,0
10728d70e0641a69:0x7b76c,126,14,15,0
10728d70e0641a69:0x7b76c,127,14,15,0
10728d70e0641a69:0x7b76c,128,14,15,0
10728d70e0641a69:0x7b76c,129,14,15,0
10728d70e0641a69:0x7b76c,130,14,15,0
10728d70e0641a69:0x7b76c,131,14,15,0
10728d70e0641a69:0x7b782,16,1,13,0
10728d70e0641a69:0x6e283,16,1,13,0
10728d70e0641a69:0x5db32,16,1,13,0
10728d70e0641a69:0x6cd2,115,22,11,0
10728d70e0641a69:0x6d9b,15,6,6,0
10728d70e0641a69:0x6dee,15,6,6,0
10728d70e0641a69:0x115a2d,118,18,65,0
10728d70e0641a69:0x1167a4,15,5,13,0
10728d70e0641a69:0x1168c7,9,1,1,0
10728d70e0641a69:0x116947,15,6,13,0
10728d70e0641a69:0x1169b7,15,6,6,0
10728d70e0641a69:0x1169fb,13,4,4,0
10728d70e0641a69:0x116a40,13,4,6,0
10728d70e0641a69:0x116a84,11,2,2,0
10728d70e0641a69:0x116ac8,11,2,5,0
10728d70e0641a69:0x116b0c,9,1,9,0
10728d70e0641a69:0x116e00,13,4,4,0
10728d70e0641a69:0x6e7d,15,0,12,0
10728d70e0641a69:0xa93cd,15,6,6,0
10728d70e0641a69:0x7b733,32,11,11,0
10728d70e0641a69:0x7b73b,45,13,57,0
10728d70e0641a69:0xa94e7,17,7,7,0
10728d70e0641a69:0xa9539,16,7,7,0
10728d70e0641a69:0x290c3,53,46,38,0
10728d70e0641a69:0x2910c,51,45,37,0
10728d70e0641a69:0x2919f,53,52,39,0
10728d70e0641a69:0x291e6,50,44,35,0
10728d70e0641a69:0x29277,53,52,39,0
10728d70e0641a69:0x292be,50,44,33,0
10728d70e0641a69:0x2934c,53,51,38,0
10728d70e0641a69:0x29394,51,45,35,0
10728d70e0641a69:0x2e2bf,17,8,8,0
10728d70e0641a69:0xb998f,12,3,3,0
10728d70e0641a69:0x7b733,33,11,11,0
10728d70e0641a69:0x7b73b,46,13,57,0
10728d70e0641a69:0xa817c,78,13,0,0
10728d70e0641a69:0x1159e5,74,0,16,0
10728d70e0641a69:0x6cd2,116,22,11,0
10728d70e0641a69:0x115a2d,119,18,65,0
10728d70e0641a69:0xa81f9,71,7,0,0
10728d70e0641a69:0xa8240,69,7,1,0
10728d70e0641a69:0xa828b,68,6,1,0
10728d70e0641a69:0xa82d2,68,7,2,0
10728d70e0641a69:0xa831e,67,6,1,0
10728d70e0641a69:0xa8362,67,7,2,0
10728d70e0641a69:0xa83af,66,6,1,0
10728d70e0641a69:0xa83f8,66,7,2,0
10728d70e0641a69:0xa856e,65,10,9,0
10728d70e0641a69:0xa85ea,67,11,11,0
10728d70e0641a69:0x3e5dd,65,11,11,0
10728d70e0641a69:0x3e6a2,61,8,7,0
10728d70e0641a69:0x3e6e6,42,7,7,0
10728d70e0641a69:0x3e730,41,0,12,0
10728d70e0641a69:0x3e9ce,41,6,6,0
10728d70e0641a69:0x3ea12,41,6,6,0
10728d70e0641a69:0x3ea56,41,6,3,0
10728d70e0641a69:0x3ea9a,40,6,2,0
10728d70e0641a69:0x3eade,40,9,5,0
10728d70e0641a69:0x3eb22,35,6,2,0
10728d70e0641a69:0x3eb66,28,5,3,0
10728d70e0641a69:0x3ebaa,26,5,2,0
10728d70e0641a69:0x3ebee,25,4,1,0
10728d70e0641a69:0x3ec32,24,4,1,0
10728d70e0641a69:0x3ec76,23,4,1,0
10728d70e0641a69:0x3ecba,22,3,0,0
10728d70e0641a69:0x3ecfe,22,5,2,0
10728d70e0641a69:0x3ed42,20,4,3,0
10728d70e0641a69:0x3ed86,19,4,3,0
10728d70e0641a69:0x3edca,18,4,3,0
10728d70e0641a69:0x3ee0e,17,4,3,0
10728d70e0641a69:0x3ee52,16,4,3,0
10728d70e0641a69:0x3ee96,15,4,3,0
10728d70e0641a69:0x3eeda,14,4,3,0
10728d70e0641a69:0xa897f,19,9,9,0
10728d70e0641a69:0xa8a0f,17,7,7,0
10728d70e0641a69:0xa904a,17,7,7,0
10728d70e0641a69:0x6e1b4,17,7,7,0
10728d70e0641a69:0x7b733,34,11,11,0
10728d70e0641a69:0x7b73b,47,13,57,0
10728d70e0641a69:0x7b746,16,6,6,0
10728d70e0641a69:0x7b74f,16,6,8,0
10728d70e0641a69:0x7b76c,132,14,15,0
10728d70e0641a69:0x7b76c,133,14,15,0
10728d70e0641a69:0x7b76c,134,14,15,0
10728d70e0641a69:0x7b76c,135,14,15,0
10728d70e0641a69:0x7b782,17,1,13,0
10728d70e0641a69:0x6e283,17,1,13,0
10728d70e0641a69:0x5db32,17,1,13,0
10728d70e0641a69:0x6cd2,117,22,11,0
10728d70e0641a69:0x6d9b,16,6,6,0
10728d70e0641a69:0x6dee,16,6,6,0
10728d70e0641a69:0x115a2d,120,18,65,0
10728d70e0641a69:0x1167a4,16,5,13,0
10728d70e0641a69:0x116947,16,6,13,0
10728d70e0641a69:0x1169b7,16,6,6,0
10728d70e0641a69:0x1169fb,14,4,4,0
10728d70e0641a69:0x116a40,14,4,6,0
10728d70e0641a69:0x116a84,12,2,2,0
10728d70e0641a69:0x116ac8,12,2,5,0
10728d70e0641a69:0x116e00,14,4,4,0
10728d70e0641a69:0x6e7d,16,0,12,0
10728d70e0641a69:0xa93cd,16,6,6,0
10728d70e0641a69:0x7b733,35,11,11,0
10728d70e0641a69:0x7b73b,48,13,57,0
10728d70e0641a69:0xa94e7,18,7,7,0
10728d70e0641a69:0xa9539,17,7,7,0
10728d70e0641a69:0x290c3,54,46,38,0
10728d70e0641a69:0x2910c,52,45,37,0
10728d70e0641a69:0x2919f,54,52,39,0
10728d70e0641a69:0x291e6,51,44,35,0
10728d70e0641a69:0x29277,54,52,39,0
10728d70e0641a69:0x292be,51,44,33,0
10728d70e0641a69:0x2934c,54,51,38,0
10728d70e0641a69:0x29394,52,45,35,0
10728d70e0641a69:0x2e2bf,18,8,8,0
10728d70e0641a69:0xb998f,13,3,3,0
10728d70e0641a69:0x7b733,36,11,11,0
10728d70e0641a69:0x7b73b,49,13,57,0
10728d70e0641a69:0xa817c,79,13,0,0
10728d70e0641a69:0x1159e5,75,0,16,0
10728d70e0641a69:0x6cd2,118,22,11,0
10728d70e0641a69:0x115a2d,121,18,65,0
10728d70e0641a69:0xa81f9,72,7,0,0
10728d70e0641a69:0xa8240,70,7,1,0
10728d70e0641a69:0xa828b,69,6,1,0
10728d70e0641a69:0xa82d2,69,7,2,0
10728d70e0641a69:0xa831e,68,6,1,0
10728d70e0641a69:0xa8362,68,7,2,0
10728d70e0641a69:0xa83af,67,6,1,0
10728d70e0641a69:0xa83f8,67,7,2,0
10728d70e0641a69:0xa856e,66,10,9,0
10728d70e0641a69:0xa85ea,68,11,11,0
10728d70e0641a69:0x3e5dd,66,11,11,0
10728d70e0641a69:0x3e6a2,62,8,7,0
10728d70e0641a69:0x3e6e6,43,7,7,0
10728d70e0641a69:0x3e730,42,0,12,0
10728d70e0641a69:0x3e9ce,42,6,6,0
10728d70e0641a69:0x3ea12,42,6,6,0
10728d70e0641a69:0x3ea56,42,6,3,0
10728d70e0641a69:0x3ea9a,41,6,2,0
10728d70e0641a69:0x3eade,41,9,5,0
10728d70e0641a69:0x3eb22,36,6,2,0
10728d70e0641a69:0x3eb66,29,5,3,0
10728d70e0641a69:0x3ebaa,27,5,2,0
10728d70e0641a69:0x3ebee,26,4,1,0
10728d70e0641a69:0x3ec32,25,4,1,0
10728d70e0641a69:0x3ec76,24,4,1,0
10728d70e0641a69:0x3ecba,23,3,0,0
10728d70e0641a69:0x3ecfe,23,5,2,0
10728d70e0641a69:0x3ed42,21,4,3,0
10728d70e0641a69:0x3ed86,20,4,3,0
10728d70e0641a69:0x3edca,19,4,3,0
10728d70e0641a69:0x3ee0e,18,4,3,0
10728d70e0641a69:0x3ee52,17,4,3,0
10728d70e0641a69:0x3ee96,16,4,3,0
10728d70e0641a69:0x3eeda,15,4,3,0
10728d70e0641a69:0xa897f,20,9,9,0
10728d70e0641a69:0xa8a0f,18,7,7,0
10728d70e0641a69:0xa904a,18,7,7,0
10728d70e0641a69:0x6e1b4,18,7,7,0
10728d70e0641a69:0x7b733,37,11,11,0
10728d70e0641a69:0x7b73b,50,13,57,0
10728d70e0641a69:0x7b746,17,6,6,0
10728d70e0641a69:0x7b74f,17,6,8,0
10728d70e0641a69:0x7b76c,136,14,15,0
10728d70e0641a69:0x7b782,18,1,13,0
10728d70e0641a69:0x6e283,18,1,13,0
10728d70e0641a69:0x5db32,18,1,13,0
10728d70e0641a69:0x6cd2,119,22,11,0
10728d70e0641a69:0x6d9b,17,6,6,0
10728d70e0641a69:0x6dee,17,6,6,0
10728d70e0641a69:0x115a2d,122,18,65,0
10728d70e0641a69:0x1167a4,17,5,13,0
10728d70e0641a69:0x116947,17,6,13,0
10728d70e0641a69:0x1169b7,17,6,6,0
10728d70e0641a69:0x6e7d,17,0,12,0
10728d70e0641a69:0xa93cd,17,6,6,0
10728d70e0641a69:0x7b733,38,11,11,0
10728d70e0641a69:0x7b73b,51,13,57,0
10728d70e0641a69:0xa94e7,19,7,7,0
10728d70e0641a69:0xa9539,18,7,7,0
10728d70e0641a69:0x290c3,55,46,38,0
10728d70e0641a69:0x2910c,53,45,37,0
10728d70e0641a69:0x2919f,55,52,39,0
10728d70e0641a69:0x291e6,52,44,35,0
10728d70e0641a69:0x29277,55,52,39,0
10728d70e0641a69:0x292be,52,44,33,0
10728d70e0641a69:0x2934c,55,51,38,0
10728d70e0641a69:0x29394,53,45,35,0
10728d70e0641a69:0x2e2bf,19,8,8,0
10728d70e0641a69:0xb998f,14,3,3,0
10728d70e0641a69:0x7b733,39,11,11,0
10728d70e0641a69:0x7b73b,52,13,57,0
10728d70e0641a69:0xa817c,80,13,0,0
10728d70e0641a69:0x1159e5,76,0,16,0
10728d70e0641a69:0x115a2d,123,18,65,0
10728d70e0641a69:0xa85ea,69,11,11,0
10728d70e0641a69:0x783b7,12,10,10,0
10728d70e0641a69:0x7782e,12,0,20,0
10728d70e0641a69:0x77834,12,9,9,0
10728d70e0641a69:0x783e9,12,0,20,0
10728d70e0641a69:0x7b7dc,41,0,2,0
10728d70e0641a69:0x8eccc,42,3,0,0
10728d70e0641a69:0xa817c,81,13,0,0
10728d70e0641a69:0x1159e5,77,0,16,0
10728d70e0641a69:0x6cd2,120,22,11,0
10728d70e0641a69:0x115a2d,124,18,65,0
10728d70e0641a69:0xa81f9,73,7,0,0
10728d70e0641a69:0xa8240,71,7,1,0
10728d70e0641a69:0xa828b,70,6,1,0
10728d70e0641a69:0xa82d2,70,7,2,0
10728d70e0641a69:0xa831e,69,6,1,0
10728d70e0641a69:0xa8362,69,7,2,0
10728d70e0641a69:0xa83af,68,6,1,0
10728d70e0641a69:0xa83f8,68,7,2,0
10728d70e0641a69:0xa856e,67,10,9,0
10728d70e0641a69:0xa85ea,70,11,11,0
10728d70e0641a69:0x3e5dd,67,11,11,0
10728d70e0641a69:0x3e6a2,63,8,7,0
10728d70e0641a69:0x3e6e6,44,7,7,0
10728d70e0641a69:0x3e730,43,0,12,0
10728d70e0641a69:0x3e9ce,43,6,6,0
10728d70e0641a69:0x3ea12,43,6,6,0
10728d70e0641a69:0x3ea56,43,6,3,0
10728d70e0641a69:0x3ea9a,42,6,2,0
10728d70e0641a69:0x3eade,42,9,5,0
10728d70e0641a69:0x3eb22,37,6,2,0
10728d70e0641a69:0x3eb66,30,5,3,0
10728d70e0641a69:0x3ebaa,28,5,2,0
10728d70e0641a69:0x3ebee,27,4,1,0
10728d70e0641a69:0x3ec32,26,4,1,0
10728d70e0641a69:0x3ec76,25,4,1,0
10728d70e0641a69:0x3ecba,24,3,0,0
10728d70e0641a69:0x3ecfe,24,5,2,0
10728d70e0641a69:0x3ed42,22,4,3,0
10728d70e0641a69:0x3ed86,21,4,3,0
10728d70e0641a69:0x3edca,20,4,3,0
10728d70e0641a69:0x3ee0e,19,4,3,0
10728d70e0641a69:0x3ee52,18,4,3,0
10728d70e0641a69:0x3ee96,17,4,3,0
10728d70e0641a69:0x3eeda,16,4,3,0
10728d70e0641a69:0xa897f,21,9,9,0
10728d70e0641a69:0xa8a0f,19,7,7,0
10728d70e0641a69:0xa904a,19,7,7,0
10728d70e0641a69:0x6e1b4,19,7,7,0
10728d70e0641a69:0x7b73b,53,13,57,0
10728d70e0641a69:0x7b746,18,6,6,0
10728d70e0641a69:0x7b74f,18,6,8,0
10728d70e0641a69:0x7b76c,137,14,15,0
10728d70e0641a69:0x7b76c,138,14,15,0
10728d70e0641a69:0x7b76c,139,14,15,0
10728d70e0641a69:0x7b76c,140,14,15,0
10728d70e0641a69:0x7b76c,141,14,15,0
10728d70e0641a69:0x7b76c,142,14,15,0
10728d70e0641a69:0x7b76c,143,14,15,0
10728d70e0641a69:0x7b76c,144,14,15,0
10728d70e0641a69:0x7b76c,145,14,15,0
10728d70e0641a69:0x7b76c,146,14,15,0
10728d70e0641a69:0x7b76c,147,14,15,0
10728d70e0641a69:0x7b76c,148,14,15,0
10728d70e0641a69:0x7b76c,149,14,15,0
10728d70e0641a69:0x7b782,19,1,13,0
10728d70e0641a69:0x6e283,19,1,13,0
10728d70e0641a69:0x5db32,19,1,13,0
10728d70e0641a69:0x6cd2,121,22,11,0
10728d70e0641a69:0x6d9b,18,6,6,0
10728d70e0641a69:0x6dee,18,6,6,0
10728d70e0641a69:0x115a2d,125,18,65,0
10728d70e0641a69:0x1167a4,18,5,13,0
10728d70e0641a69:0x1168c7,10,1,1,0
10728d70e0641a69:0x116947,18,6,13,0
10728d70e0641a69:0x1169b7,18,6,6,0
10728d70e0641a69:0x1169fb,15,4,4,0
10728d70e0641a69:0x116a40,15,4,6,0
10728d70e0641a69:0x116a84,13,2,2,0
10728d70e0641a69:0x116ac8,13,2,5,0
10728d70e0641a69:0x116b0c,10,1,9,0
10728d70e0641a69:0x116e00,15,4,4,0
10728d70e0641a69:0x6e7d,18,0,12,0
10728d70e0641a69:0xa93cd,18,6,6,0
10728d70e0641a69:0x7b733,40,11,11,0
10728d70e0641a69:0x7b73b,54,13,57,0
10728d70e0641a69:0xa94e7,20,7,7,0
10728d70e0641a69:0xa9539,19,7,7,0
10728d70e0641a69:0x290c3,56,46,38,0
10728d70e0641a69:0x2910c,54,45,37,0
10728d70e0641a69:0x2919f,56,52,39,0
10728d70e0641a69:0x291e6,53,44,35,0
10728d70e0641a69:0x29277,56,52,39,0
10728d70e0641a69:0x292be,53,44,33,0
10728d70e0641a69:0x2934c,56,51,38,0
10728d70e0641a69:0x29394,54,45,35,0
10728d70e0641a69:0x2e2bf,20,8,8,0
10728d70e0641a69:0xb998f,15,3,3,0
10728d70e0641a69:0x7b733,41,11,11,0
10728d70e0641a69:0x7b73b,55,13,57,0
10728d70e0641a69:0xa817c,82,13,0,0
10728d70e0641a69:0x1159e5,78,0,16,0
10728d70e0641a69:0x6cd2,122,22,11,0
10728d70e0641a69:0x115a2d,126,18,65,0
10728d70e0641a69:0xa81f9,74,7,0,0
10728d70e0641a69:0xa8240,72,7,1,0
10728d70e0641a69:0xa828b,71,6,1,0
10728d70e0641a69:0xa82d2,71,7,2,0
10728d70e0641a69:0xa831e,70,6,1,0
10728d70e0641a69:0xa8362,70,7,2,0
10728d70e0641a69:0xa83af,69,6,1,0
10728d70e0641a69:0xa83f8,69,7,2,0
10728d70e0641a69:0xa856e,68,10,9,0
10728d70e0641a69:0xa85ea,71,11,11,0
10728d70e0641a69:0x3e5dd,68,11,11,0
10728d70e0641a69:0x3e6a2,64,8,7,0
10728d70e0641a69:0x3e6e6,45,7,7,0
10728d70e0641a69:0x3e730,44,0,12,0
10728d70e0641a69:0x3e9ce,44,6,6,0
10728d70e0641a69:0x3ea12,44,6,6,0
10728d70e0641a69:0x3ea56,44,6,3,0
10728d70e0641a69:0x3ea9a,43,6,2,0
10728d70e0641a69:0x3eade,43,9,5,0
10728d70e0641a69:0x3eb22,38,6,2,0
10728d70e0641a69:0x3eb66,31,5,3,0
10728d70e0641a69:0x3ebaa,29,5,2,0
10728d70e0641a69:0x3ebee,28,4,1,0
10728d70e0641a69:0x3ec32,27,4,1,0
10728d70e0641a69:0x3ec76,26,4,1,0
10728d70e0641a69:0x3ecba,25,3,0,0
10728d70e0641a69:0x3ecfe,25,5,2,0
10728d70e0641a69:0x3ed42,23,4,3,0
10728d70e0641a69:0x3ed86,22,4,3,0
10728d70e0641a69:0x3edca,21,4,3,0
10728d70e0641a69:0x3ee0e,20,4,3,0
10728d70e0641a69:0x3ee52,19,4,3,0
10728d70e0641a69:0x3ee96,18,4,3,0
10728d70e0641a69:0x3eeda,17,4,3,0
10728d70e0641a69:0xa897f,22,9,9,0
10728d70e0641a69:0xa8a0f,20,7,7,0
10728d70e0641a69:0xa904a,20,7,7,0
10728d70e0641a69:0x6e1b4,20,7,7,0
10728d70e0641a69:0x7b733,42,11,11,0
10728d70e0641a69:0x7b73b,56,13,57,0
10728d70e0641a69:0x7b746,19,6,6,0
10728d70e0641a69:0x7b74f,19,6,8,0
10728d70e0641a69:0x7b76c,150,14,15,0
10728d70e0641a69:0x7b76c,151,14,15,0
10728d70e0641a69:0x7b76c,152,14,15,0
10728d70e0641a69:0x7b76c,153,14,15,0
10728d70e0641a69:0x7b782,20,1,13,0
10728d70e0641a69:0x6e283,20,1,13,0
10728d70e0641a69:0x5db32,20,1,13,0
10728d70e0641a69:0x6cd2,123,22,11,0
10728d70e0641a69:0x6d9b,19,6,6,0
10728d70e0641a69:0x6dee,19,6,6,0
10728d70e0641a69:0x115a2d,127,18,65,0
10728d70e0641a69:0x1167a4,19,5,13,0
10728d70e0641a69:0x116947,19,6,13,0
10728d70e0641a69:0x1169b7,19,6,6,0
10728d70e0641a69:0x1169fb,16,4,4,0
10728d70e0641a69:0x116a40,16,4,6,0
10728d70e0641a69:0x116a84,14,2,2,0
10728d70e0641a69:0x116ac8,14,2,5,0
10728d70e0641a69:0x116e00,16,4,4,0
10728d70e0641a69:0x6e7d,19,0,12,0
10728d70e0641a69:0xa93cd,19,6,6,0
10728d70e0641a69:0x7b733,43,11,11,0
10728d70e0641a69:0x7b73b,57,13,57,0
10728d70e0641a69:0xa94e7,21,7,7,0
10728d70e0641a69:0xa9539,20,7,7,0
10728d70e0641a69:0x290c3,57,46,38,0
10728d70e0641a69:0x2910c,55,45,37,0
10728d70e0641a69:0x2919f,57,52,39,0
10728d70e0641a69:0x291e6,54,44,35,0
10728d70e0641a69:0x29277,57,52,39,0
10728d70e0641a69:0x292be,54,44,33,0
10728d70e0641a69:0x2934c,57,51,38,0
10728d70e0641a69:0x29394,55,45,35,0
10728d70e0641a69:0x2e2bf,21,8,8,0
10728d70e0641a69:0xb998f,16,3,3,0
10728d70e0641a69:0x7b733,44,11,11,0
10728d70e0641a69:0x7b73b,58,13,57,0
10728d70e0641a69:0xa817c,83,13,0,0
10728d70e0641a69:0x1159e5,79,0,16,0
10728d70e0641a69:0x6cd2,124,22,11,0
10728d70e0641a69:0x115a2d,128,18,65,0
10728d70e0641a69:0xa81f9,75,7,0,0
10728d70e0641a69:0xa8240,73,7,1,0
10728d70e0641a69:0xa828b,72,6,1,0
10728d70e0641a69:0xa82d2,72,7,2,0
10728d70e0641a69:0xa831e,71,6,1,0
10728d70e0641a69:0xa8362,71,7,2,0
10728d70e0641a69:0xa83af,70,6,1,0
10728d70e0641a69:0xa83f8,70,7,2,0
10728d70e0641a69:0xa856e,69,10,9,0
10728d70e0641a69:0xa85ea,72,11,11,0
10728d70e0641a69:0x3e5dd,69,11,11,0
10728d70e0641a69:0x3e6a2,65,8,7,0
10728d70e0641a69:0x3e6e6,46,7,7,0
10728d70e0641a69:0x3e730,45,0,12,0
10728d70e0641a69:0x3e9ce,45,6,6,0
10728d70e0641a69:0x3ea12,45,6,6,0
10728d70e0641a69:0x3ea56,45,6,3,0
10728d70e0641a69:0x3ea9a,44,6,2,0
10728d70e0641a69:0x3eade,44,9,5,0
10728d70e0641a69:0x3eb22,39,6,2,0
10728d70e0641a69:0x3eb66,32,5,3,0
10728d70e0641a69:0x3ebaa,30,5,2,0
10728d70e0641a69:0x3ebee,29,4,1,0
10728d70e0641a69:0x3ec32,28,4,1,0
10728d70e0641a69:0x3ec76,27,4,1,0
10728d70e0641a69:0x3ecba,26,3,0,0
10728d70e0641a69:0x3ecfe,26,5,2,0
10728d70e0641a69:0x3ed42,24,4,3,0
10728d70e0641a69:0x3ed86,23,4,3,0
10728d70e0641a69:0x3edca,22,4,3,0
10728d70e0641a69:0x3ee0e,21,4,3,0
10728d70e0641a69:0x3ee52,20,4,3,0
10728d70e0641a69:0x3ee96,19,4,3,0
10728d70e0641a69:0x3eeda,18,4,3,0
10728d70e0641a69:0xa897f,23,9,9,0
10728d70e0641a69:0xa8a0f,21,7,7,0
10728d70e0641a69:0xa904a,21,7,7,0
10728d70e0641a69:0x6e1b4,21,7,7,0
10728d70e0641a69:0x7b733,45,11,11,0
10728d70e0641a69:0x7b73b,59,13,57,0
10728d70e0641a69:0x7b746,20,6,6,0
10728d70e0641a69:0x7b74f,20,6,8,0
10728d70e0641a69:0x7b76c,154,14,15,0
10728d70e0641a69:0x7b782,21,1,13,0
10728d70e0641a69:0x6e283,21,1,13,0
10728d70e0641a69:0x5db32,21,1,13,0
10728d70e0641a69:0x6cd2,125,22,11,0
10728d70e0641a69:0x6d9b,20,6,6,0
10728d70e0641a69:0x6dee,20,6,6,0
10728d70e0641a69:0x115a2d,129,18,65,0
10728d70e0641a69:0x1167a4,20,5,13,0
10728d70e0641a69:0x116947,20,6,13,0
10728d70e0641a69:0x1169b7,20,6,6,0
10728d70e0641a69:0x6e7d,20,0,12,0
10728d70e0641a69:0xa93cd,20,6,6,0
10728d70e0641a69:0x7b733,46,11,11,0
10728d70e0641a69:0x7b73b,60,13,57,0
10728d70e0641a69:0xa94e7,22,7,7,0
10728d70e0641a69:0xa9539,21,7,7,0
10728d70e0641a69:0x290c3,58,46,38,0
10728d70e0641a69:0x2910c,56,45,37,0
10728d70e0641a69:0x2919f,58,52,39,0
10728d70e0641a69:0x291e6,55,44,35,0
10728d70e0641a69:0x29277,58,52,39,0
10728d70e0641a69:0x292be,55,44,33,0
10728d70e0641a69:0x2934c,58,51,38,0
10728d70e0641a69:0x29394,56,45,35,0
10728d70e0641a69:0x2e2bf,22,8,8,0
10728d70e0641a69:0xb998f,17,3,3,0
10728d70e0641a69:0x7b733,47,11,11,0
10728d70e0641a69:0x7b73b,61,13,57,0
10728d70e0641a69:0xa817c,84,13,0,0
10728d70e0641a69:0x1159e5,80,0,16,0
10728d70e0641a69:0x115a2d,130,18,65,0
10728d70e0641a69:0xa85ea,73,11,11,0
10728d70e0641a69:0x783b7,13,10,10,0
10728d70e0641a69:0x7782e,13,0,20,0
10728d70e0641a69:0x77834,13,9,9,0
10728d70e0641a69:0x783e9,13,0,20,0
10728d70e0641a69:0x7b7dc,42,0,2,0
10728d70e0641a69:0x8eccc,43,3,0,0
10728d70e0641a69:0xa817c,85,13,0,0
10728d70e0641a69:0x1159e5,81,0,16,0
10728d70e0641a69:0x6cd2,126,22,11,0
10728d70e0641a69:0x115a2d,131,18,65,0
10728d70e0641a69:0xa81f9,76,7,0,0
10728d70e0641a69:0xa8240,74,7,1,0
10728d70e0641a69:0xa828b,73,6,1,0
10728d70e0641a69:0xa82d2,73,7,2,0
10728d70e0641a69:0xa831e,72,6,1,0
10728d70e0641a69:0xa8362,72,7,2,0
10728d70e0641a69:0xa83af,71,6,1,0
10728d70e0641a69:0xa83f8,71,7,2,0
10728d70e0641a69:0xa856e,70,10,9,0
10728d70e0641a69:0xa85ea,74,11,11,0
10728d70e0641a69:0x3e5dd,70,11,11,0
10728d70e0641a69:0x3e6a2,66,8,7,0
10728d70e0641a69:0xaa573,20,3,3,0
10728d70e0641a69:0x6cd2,127,22,11,0
10728d70e0641a69:0x115a2d,132,18,65,0
10728d70e0641a69:0xa6db7,25,4,4,0
10728d70e0641a69:0xa6ec6,25,4,4,0
10728d70e0641a69:0xaa60f,17,1,0,0
10728d70e0641a69:0xaa680,17,1,0,0
10728d70e0641a69:0xaa713,17,1,0,0
10728d70e0641a69:0xaa758,17,2,1,0
10728d70e0641a69:0xaa79c,6,1,0,0
10728d70e0641a69:0xaa82b,6,1,0,0
10728d70e0641a69:0xf247,17,2,1,0
10728d70e0641a69:0xf30f,17,2,1,0
10728d70e0641a69:0xf38b,17,2,1,0
10728d70e0641a69:0xf483,17,2,1,0
10728d70e0641a69:0xf500,17,2,1,0
10728d70e0641a69:0xf5cf,17,2,1,0
10728d70e0641a69:0xf613,17,2,1,0
10728d70e0641a69:0xf68f,17,2,1,0
10728d70e0641a69:0xf74c,17,2,2,0
10728d70e0641a69:0xf78f,6,1,1,0
10728d70e0641a69:0xf80c,17,2,1,0
10728d70e0641a69:0xf89a,17,2,1,0
10728d70e0641a69:0xf9a6,17,2,1,0
10728d70e0641a69:0xc4116,17,2,2,0
10728d70e0641a69:0xc4268,17,2,2,0
10728d70e0641a69:0xa817c,86,13,0,0
10728d70e0641a69:0x1159e5,82,0,16,0
10728d70e0641a69:0x6cd2,128,22,11,0
10728d70e0641a69:0x115a2d,133,18,65,0
10728d70e0641a69:0xa81f9,77,7,0,0
10728d70e0641a69:0xa8240,75,7,1,0
10728d70e0641a69:0xa828b,74,6,1,0
10728d70e0641a69:0xa82d2,74,7,2,0
10728d70e0641a69:0xa831e,73,6,1,0
10728d70e0641a69:0xa8362,73,7,2,0
10728d70e0641a69:0xa83af,72,6,1,0
10728d70e0641a69:0xa83f8,72,7,2,0
10728d70e0641a69:0xa856e,71,10,9,0
10728d70e0641a69:0xa85ea,75,11,11,0
10728d70e0641a69:0x3e5dd,71,11,11,0
10728d70e0641a69:0x3e6a2,67,8,7,0
10728d70e0641a69:0x3e6e6,47,7,7,0
10728d70e0641a69:0x3e730,46,0,12,0
10728d70e0641a69:0x3e9ce,46,6,6,0
10728d70e0641a69:0x3ea12,46,6,6,0
10728d70e0641a69:0x3ea56,46,6,3,0
10728d70e0641a69:0x3ea9a,45,6,2,0
10728d70e0641a69:0x3eade,45,9,5,0
10728d70e0641a69:0x3eb22,40,6,2,0
10728d70e0641a69:0xabb3b,8,3,3,0
10728d70e0641a69:0x6cd2,129,22,11,0
10728d70e0641a69:0x115a2d,134,18,65,0
10728d70e0641a69:0xa6db7,26,4,4,0
10728d70e0641a69:0xa6ec6,26,4,4,0
10728d70e0641a69:0xabcdc,7,2,1,0
10728d70e0641a69:0xabc8,7,2,1,0
10728d70e0641a69:0xa817c,87,13,0,0
10728d70e0641a69:0x1159e5,83,0,16,0
10728d70e0641a69:0x6cd2,130,22,11,0
10728d70e0641a69:0x115a2d,135,18,65,0
10728d70e0641a69:0xa81f9,78,7,0,0
10728d70e0641a69:0xa8240,76,7,1,0
10728d70e0641a69:0xa828b,75,6,1,0
10728d70e0641a69:0xa82d2,75,7,2,0
10728d70e0641a69:0xa831e,74,6,1,0
10728d70e0641a69:0xa8362,74,7,2,0
10728d70e0641a69:0xa83af,73,6,1,0
10728d70e0641a69:0xa83f8,73,7,2,0
10728d70e0641a69:0xa856e,72,10,9,0
10728d70e0641a69:0xa85ea,76,11,11,0
10728d70e0641a69:0x3e5dd,72,11,11,0
10728d70e0641a69:0x3e6a2,68,8,7,0
10728d70e0641a69:0x3e6e6,48,7,7,0
10728d70e0641a69:0x3e730,47,0,12,0
10728d70e0641a69:0x3e9ce,47,6,6,0
10728d70e0641a69:0x3ea12,47,6,6,0
10728d70e0641a69:0x3ea56,47,6,3,0
10728d70e0641a69:0x3ea9a,46,6,2,0
10728d70e0641a69:0x3eade,46,9,5,0
10728d70e0641a69:0x3eb22,41,6,2,0
10728d70e0641a69:0x3eb66,33,5,3,0
10728d70e0641a69:0x3ebaa,31,5,2,0
10728d70e0641a69:0x3ebee,30,4,1,0
10728d70e0641a69:0x3ec32,29,4,1,0
10728d70e0641a69:0x3ec76,28,4,1,0
10728d70e0641a69:0x3ecba,27,3,0,0
10728d70e0641a69:0x3ecfe,26,5,3,0
10728d70e0641a69:0x3ecfe,26,6,3,0
10728d70e0641a69:0x3ecfe,27,6,3,0
10728d70e0641a69:0x3ed42,24,4,4,0
10728d70e0641a69:0x3ed42,24,5,4,0
10728d70e0641a69:0x3ed42,25,5,4,0
10728d70e0641a69:0x3ed86,23,4,4,0
10728d70e0641a69:0x3ed86,23,5,4,0
10728d70e0641a69:0x3ed86,24,5,4,0
10728d70e0641a69:0x3c23b,0,0,1,0
10728d70e0641a69:0x3c23b,0,1,1,0
10728d70e0641a69:0x3c23b,1,1,1,0
10728d70e0641a69:0x81b84,4,0,5,0
10728d70e0641a69:0x81b84,4,0,6,0
10728d70e0641a69:0x81b84,5,0,6,0
10728d70e0641a69:0x81bb5,4,3,4,0
10728d70e0641a69:0x81bb5,4,4,4,0
10728d70e0641a69:0x81bb5,5,4,4,0
10728d70e0641a69:0x8f258,0,0,1,0
10728d70e0641a69:0x8f258,0,1,1,0
10728d70e0641a69:0x8f258,1,1,1,0
10728d70e0641a69:0x8f25e,0,0,1,0
10728d70e0641a69:0x8f25e,0,1,1,0
10728d70e0641a69:0x8f25e,1,1,1,0
10728d70e0641a69:0x8f2f6,0,0,1,0
10728d70e0641a69:0x8f2f6,0,1,1,0
10728d70e0641a69:0x8f2f6,1,1,1,0
10728d70e0641a69:0x8f2fb,0,0,1,0
10728d70e0641a69:0x8f2fb,0,1,1,0
10728d70e0641a69:0x8f2fb,1,1,1,0
10728d70e0641a69:0x8f300,0,0,1,0
10728d70e0641a69:0x8f300,0,1,1,0
10728d70e0641a69:0x8f300,1,1,1,0
10728d70e0641a69:0x8f307,0,0,1,0
10728d70e0641a69:0x8f307,0,1,1,0
10728d70e0641a69:0x8f307,1,1,1,0
10728d70e0641a69:0x8f307,1,1,2,0
10728d70e0641a69:0x6e1b4,21,7,8,0
10728d70e0641a69:0x6e1b4,21,8,8,0
10728d70e0641a69:0x6e1b4,22,8,8,0
10728d70e0641a69:0x7b73b,61,13,58,0
10728d70e0641a69:0x7b73b,61,14,58,0
10728d70e0641a69:0x7b73b,62,14,58,0
10728d70e0641a69:0x7b746,20,6,7,0
10728d70e0641a69:0x7b746,20,7,7,0
10728d70e0641a69:0x7b746,21,7,7,0
10728d70e0641a69:0x7b74f,20,6,9,0
10728d70e0641a69:0x7b74f,20,7,9,0
10728d70e0641a69:0x7b74f,21,7,9,0
10728d70e0641a69:0x7b76c,154,14,16,0
10728d70e0641a69:0x7b76c,154,15,16,0
10728d70e0641a69:0x7b76c,155,15,16,0
10728d70e0641a69:0x7b782,21,1,14,0
10728d70e0641a69:0x7b782,21,1,15,0
10728d70e0641a69:0x7b782,22,1,15,0
10728d70e0641a69:0x6e283,21,1,14,0
10728d70e0641a69:0x6e283,21,1,15,0
10728d70e0641a69:0x6e283,22,1,15,0
10728d70e0641a69:0x5db32,21,1,14,0
10728d70e0641a69:0x5db32,21,1,15,0
10728d70e0641a69:0x5db32,22,1,15,0
10728d70e0641a69:0x6cd2,130,22,12,0
10728d70e0641a69:0x6cd2,130,23,12,0
10728d70e0641a69:0x6cd2,131,23,12,0
10728d70e0641a69:0x6d9b,20,6,7,0
10728d70e0641a69:0x6d9b,20,7,7,0
10728d70e0641a69:0x6d9b,21,7,7,0
10728d70e0641a69:0x6dee,20,6,7,0
10728d70e0641a69:0x6dee,20,7,7,0
10728d70e0641a69:0x6dee,21,7,7,0
10728d70e0641a69:0x115a2d,135,18,66,0
10728d70e0641a69:0x115a2d,135,19,66,0
10728d70e0641a69:0x115a2d,136,19,66,0
10728d70e0641a69:0x1167a4,20,5,14,0
10728d70e0641a69:0x1167a4,20,6,14,0
10728d70e0641a69:0x1167a4,21,6,14,0
10728d70e0641a69:0x116947,20,6,14,0
10728d70e0641a69:0x116947,20,7,14,0
10728d70e0641a69:0x116947,21,7,14,0
10728d70e0641a69:0x116947,21,7,15,0
10728d70e0641a69:0x1169b7,20,6,7,0
10728d70e0641a69:0x1169b7,20,7,7,0
10728d70e0641a69:0x1169b7,21,7,7,0
10728d70e0641a69:0x6e7d,20,0,13,0
10728d70e0641a69:0x6e7d,20,0,14,0
10728d70e0641a69:0x6e7d,21,0,14,0
10728d70e0641a69:0xa6db7,26,4,5,0
10728d70e0641a69:0xa6db7,26,5,5,0
10728d70e0641a69:0xa6db7,27,5,5,0
10728d70e0641a69:0x7b733,47,11,12,0
10728d70e0641a69:0x7b733,47,12,12,0
10728d70e0641a69:0x7b733,48,12,12,0
10728d70e0641a69:0x7b73b,63,14,58,0
10728d70e0641a69:0xa6ec6,26,4,5,0
10728d70e0641a69:0xa6ec6,26,5,5,0
10728d70e0641a69:0xa6ec6,27,5,5,0
10728d70e0641a69:0xa6f12,2,2,3,0
10728d70e0641a69:0xa6f12,2,3,3,0
10728d70e0641a69:0xa6f12,3,3,3,0
10728d70e0641a69:0x290c3,58,46,39,0
10728d70e0641a69:0x290c3,58,47,39,0
10728d70e0641a69:0x290c3,59,47,39,0
10728d70e0641a69:0x2910c,56,45,38,0
10728d70e0641a69:0x2910c,56,46,38,0
10728d70e0641a69:0x2910c,57,46,38,0
10728d70e0641a69:0x2919f,58,52,40,0
10728d70e0641a69:0x2919f,58,53,40,0
10728d70e0641a69:0x2919f,59,53,40,0
10728d70e0641a69:0x291e6,55,44,36,0
10728d70e0641a69:0x291e6,55,45,36,0
10728d70e0641a69:0x291e6,56,45,36,0
10728d70e0641a69:0x29277,58,52,40,0
10728d70e0641a69:0x29277,58,53,40,0
10728d70e0641a69:0x29277,59,53,40,0
10728d70e0641a69:0x292be,55,44,34,0
10728d70e0641a69:0x292be,55,45,34,0
10728d70e0641a69:0x292be,56,45,34,0
10728d70e0641a69:0x2934c,58,51,39,0
10728d70e0641a69:0x2934c,58,52,39,0
10728d70e0641a69:0x2934c,59,52,39,0
10728d70e0641a69:0x29394,56,45,36,0
10728d70e0641a69:0x29394,56,46,36,0
10728d70e0641a69:0x29394,57,46,36,0
10728d70e0641a69:0x2e2bf,22,8,9,0
10728d70e0641a69:0x2e2bf,22,9,9,0
10728d70e0641a69:0x2e2bf,23,9,9,0
10728d70e0641a69:0x7b733,48,12,13,0
10728d70e0641a69:0x7b733,48,13,13,0
10728d70e0641a69:0x7b733,49,13,13,0
10728d70e0641a69:0x7b73b,63,14,59,0
10728d70e0641a69:0x7b73b,63,15,59,0
10728d70e0641a69:0x7b73b,64,15,59,0
10728d70e0641a69:0x7b73b,64,15,60,0
10728d70e0641a69:0x7b73b,64,15,61,0
10728d70e0641a69:0x7b73b,64,15,62,0
10728d70e0641a69:0x7b73b,64,15,63,0
10728d70e0641a69:0xa817c,87,14,0,0
10728d70e0641a69:0xa817c,88,14,0,0
10728d70e0641a69:0x783b7,13,10,11,0
10728d70e0641a69:0x783b7,13,11,11,0
10728d70e0641a69:0x783b7,14,11,11,0
10728d70e0641a69:0x7782e,13,0,21,0
10728d70e0641a69:0x7782e,13,0,22,0
10728d70e0641a69:0x7782e,14,0,22,0
10728d70e0641a69:0x77834,13,9,10,0
10728d70e0641a69:0x77834,13,10,10,0
10728d70e0641a69:0x77834,14,10,10,0
10728d70e0641a69:0x783e9,13,0,21,0
10728d70e0641a69:0x783e9,13,0,22,0
10728d70e0641a69:0x783e9,14,0,22,0
10728d70e0641a69:0x7b7dc,43,0,2,0
10728d70e0641a69:0x8eccc,44,3,0,0
10728d70e0641a69:0xa817c,89,14,0,0
10728d70e0641a69:0x1159e5,84,0,16,0
10728d70e0641a69:0x6cd2,132,23,12,0
10728d70e0641a69:0x115a2d,137,19,66,0
10728d70e0641a69:0xa81f9,79,7,0,0
10728d70e0641a69:0xa8240,77,7,1,0
10728d70e0641a69:0xa828b,76,6,1,0
10728d70e0641a69:0xa82d2,76,7,2,0
10728d70e0641a69:0xa831e,75,6,1,0
10728d70e0641a69:0xa8362,75,7,2,0
10728d70e0641a69:0xa83af,74,6,1,0
10728d70e0641a69:0xa83f8,74,7,2,0
10728d70e0641a69:0xa856e,73,10,9,0
10728d70e0641a69:0xa85ea,77,11,11,0
10728d70e0641a69:0x3e5dd,73,11,11,0
10728d70e0641a69:0x3e6a2,69,8,7,0
10728d70e0641a69:0xaa573,21,3,3,0
10728d70e0641a69:0x6cd2,133,23,12,0
10728d70e0641a69:0x115a2d,138,19,66,0
10728d70e0641a69:0xa6db7,28,5,5,0
10728d70e0641a69:0xa6ec6,28,5,5,0
10728d70e0641a69:0xaa60f,18,1,0,0
10728d70e0641a69:0xaa680,18,1,0,0
10728d70e0641a69:0xaa713,18,1,0,0
10728d70e0641a69:0xaa758,18,2,1,0
10728d70e0641a69:0xaa987,12,1,1,0
10728d70e0641a69:0xf247,18,2,1,0
10728d70e0641a69:0xf30f,18,2,1,0
10728d70e0641a69:0xf38b,18,2,1,0
10728d70e0641a69:0xf483,18,2,1,0
10728d70e0641a69:0xf500,18,2,1,0
10728d70e0641a69:0xf5cf,18,2,1,0
10728d70e0641a69:0xf613,18,2,1,0
10728d70e0641a69:0xf68f,18,2,1,0
10728d70e0641a69:0xf74c,18,2,2,0
10728d70e0641a69:0xf80c,18,2,1,0
10728d70e0641a69:0xf89a,18,2,1,0
10728d70e0641a69:0xf9a6,18,2,1,0
10728d70e0641a69:0xc4116,18,2,2,0
10728d70e0641a69:0xc4158,12,1,1,0
10728d70e0641a69:0xc41e3,12,1,1,0
10728d70e0641a69:0xc4268,18,2,2,0
10728d70e0641a69:0xa817c,90,14,0,0
10728d70e0641a69:0x1159e5,85,0,16,0
10728d70e0641a69:0x6cd2,134,23,12,0
10728d70e0641a69:0x115a2d,139,19,66,0
10728d70e0641a69:0xa81f9,80,7,0,0
10728d70e0641a69:0xa8240,78,7,1,0
10728d70e0641a69:0xa828b,77,6,1,0
10728d70e0641a69:0xa82d2,77,7,2,0
10728d70e0641a69:0xa831e,76,6,1,0
10728d70e0641a69:0xa8362,76,7,2,0
10728d70e0641a69:0xa83af,75,6,1,0
10728d70e0641a69:0xa83f8,75,7,2,0
10728d70e0641a69:0xa856e,74,10,9,0
10728d70e0641a69:0xa85ea,78,11,11,0
10728d70e0641a69:0x3e5dd,74,11,11,0
10728d70e0641a69:0x3e6a2,70,8,7,0
10728d70e0641a69:0x3e6e6,49,7,7,0
10728d70e0641a69:0x3e730,48,0,12,0
10728d70e0641a69:0x3e9ce,48,6,6,0
10728d70e0641a69:0x3ea12,48,6,6,0
10728d70e0641a69:0x3ea56,48,6,3,0
10728d70e0641a69:0x3ea9a,47,6,2,0
10728d70e0641a69:0x3eade,47,9,5,0
10728d70e0641a69:0x3eb22,42,6,2,0
10728d70e0641a69:0xabb3b,9,3,3,0
10728d70e0641a69:0x6cd2,135,23,12,0
10728d70e0641a69:0x115a2d,140,19,66,0
10728d70e0641a69:0xa6db7,29,5,5,0
10728d70e0641a69:0xa6ec6,29,5,5,0
10728d70e0641a69:0xabcdc,8,2,1,0
10728d70e0641a69:0xabc8,8,2,1,0
10728d70e0641a69:0xa817c,91,14,0,0
10728d70e0641a69:0x1159e5,86,0,16,0
10728d70e0641a69:0x6cd2,136,23,12,0
10728d70e0641a69:0x115a2d,141,19,66,0
10728d70e0641a69:0xa81f9,81,7,0,0
10728d70e0641a69:0xa8240,79,7,1,0
10728d70e0641a69:0xa828b,78,6,1,0
10728d70e0641a69:0xa82d2,78,7,2,0
10728d70e0641a69:0xa831e,77,6,1,0
10728d70e0641a69:0xa8362,77,7,2,0
10728d70e0641a69:0xa83af,76,6,1,0
10728d70e0641a69:0xa83f8,76,7,2,0
10728d70e0641a69:0xa856e,75,10,9,0
10728d70e0641a69:0xa85ea,79,11,11,0
10728d70e0641a69:0x3e5dd,75,11,11,0
10728d70e0641a69:0x3e6a2,71,8,7,0
10728d70e0641a69:0x3e6e6,50,7,7,0
10728d70e0641a69:0x3e730,49,0,12,0
10728d70e0641a69:0x3e9ce,49,6,6,0
10728d70e0641a69:0x3ea12,49,6,6,0
10728d70e0641a69:0x3ea56,49,6,3,0
10728d70e0641a69:0x3ea9a,48,6,2,0
10728d70e0641a69:0x3eade,48,9,5,0
10728d70e0641a69:0x3eb22,42,6,3,0
10728d70e0641a69:0x3eb22,42,7,3,0
10728d70e0641a69:0x3eb22,43,7,3,0
10728d70e0641a69:0x3eb66,33,5,4,0
10728d70e0641a69:0x3eb66,33,6,4,0
10728d70e0641a69:0x3eb66,34,6,4,0
10728d70e0641a69:0x3ebaa,31,5,3,0
10728d70e0641a69:0x3ebaa,31,6,3,0
10728d70e0641a69:0x3ebaa,32,6,3,0
10728d70e0641a69:0x3ebee,30,4,2,0
10728d70e0641a69:0x3ebee,30,5,2,0
10728d70e0641a69:0x3ebee,31,5,2,0
10728d70e0641a69:0x3ec32,29,4,2,0
10728d70e0641a69:0x3ec32,29,5,2,0
10728d70e0641a69:0x3ec32,30,5,2,0
10728d70e0641a69:0x3ec76,29,4,1,0
10728d70e0641a69:0x3ecba,27,3,1,0
10728d70e0641a69:0x3ecba,27,4,1,0
10728d70e0641a69:0x3ecba,28,4,1,0
10728d70e0641a69:0x3ecfe,27,6,4,0
10728d70e0641a69:0x3ecfe,27,7,4,0
10728d70e0641a69:0x3ecfe,28,7,4,0
10728d70e0641a69:0xacdeb,1,1,2,0
10728d70e0641a69:0xacdeb,1,2,2,0
10728d70e0641a69:0xacdeb,2,2,2,0
10728d70e0641a69:0x6cd2,137,23,12,0
10728d70e0641a69:0x115a2d,142,19,66,0
10728d70e0641a69:0xa6db7,30,5,5,0
10728d70e0641a69:0xa6ec6,29,5,6,0
10728d70e0641a69:0xa6ec6,29,6,6,0
10728d70e0641a69:0xa6ec6,30,6,6,0
10728d70e0641a69:0xb594,0,0,1,0
10728d70e0641a69:0xb594,0,1,1,0
10728d70e0641a69:0xb594,1,1,1,0
10728d70e0641a69:0xb7f4,0,0,1,0
10728d70e0641a69:0xb7f4,0,1,1,0
10728d70e0641a69:0xb7f4,1,1,1,0
10728d70e0641a69:0xa817c,91,15,0,0
10728d70e0641a69:0xa817c,92,15,0,0
10728d70e0641a69:0x1159e5,87,0,16,0
10728d70e0641a69:0x115a2d,142,20,66,0
10728d70e0641a69:0x115a2d,143,20,66,0
10728d70e0641a69:0x115a2d,143,20,67,0
10728d70e0641a69:0x115a2d,143,20,68,0
10728d70e0641a69:0x115a2d,143,20,69,0
10728d70e0641a69:0x115a2d,143,20,70,0
10728d70e0641a69:0x7b7dc,44,0,2,0
10728d70e0641a69:0x8eccc,45,3,0,0
10728d70e0641a69:0xa817c,93,15,0,0
10728d70e0641a69:0x1159e5,88,0,16,0
10728d70e0641a69:0x6cd2,138,23,12,0
10728d70e0641a69:0x115a2d,144,20,70,0
10728d70e0641a69:0xa81f9,82,7,0,0
10728d70e0641a69:0xa8240,80,7,1,0
10728d70e0641a69:0xa828b,79,6,1,0
10728d70e0641a69:0xa82d2,79,7,2,0
10728d70e0641a69:0xa831e,78,6,1,0
10728d70e0641a69:0xa8362,78,7,2,0
10728d70e0641a69:0xa83af,77,6,1,0
10728d70e0641a69:0xa83f8,77,7,2,0
10728d70e0641a69:0xa856e,76,10,9,0
10728d70e0641a69:0xa85ea,80,11,11,0
10728d70e0641a69:0x3e5dd,76,11,11,0
10728d70e0641a69:0x3e6a2,72,8,7,0
10728d70e0641a69:0xaa573,22,3,3,0
10728d70e0641a69:0x6cd2,139,23,12,0
10728d70e0641a69:0x115a2d,145,20,70,0
10728d70e0641a69:0xa6db7,31,5,5,0
10728d70e0641a69:0xa6ec6,31,6,6,0
10728d70e0641a69:0xaa60f,19,1,0,0
10728d70e0641a69:0xaa680,19,1,0,0
10728d70e0641a69:0xaa713,19,1,0,0
10728d70e0641a69:0xaa758,19,2,1,0
10728d70e0641a69:0xaa79c,7,1,0,0
10728d70e0641a69:0xaa82b,7,1,0,0
10728d70e0641a69:0xf247,19,2,1,0
10728d70e0641a69:0xf30f,19,2,1,0
10728d70e0641a69:0xf38b,19,2,1,0
10728d70e0641a69:0xf483,19,2,1,0
10728d70e0641a69:0xf500,19,2,1,0
10728d70e0641a69:0xf5cf,19,2,1,0
10728d70e0641a69:0xf613,19,2,1,0
10728d70e0641a69:0xf68f,19,2,1,0
10728d70e0641a69:0xf74c,19,2,2,0
10728d70e0641a69:0xf78f,7,1,1,0
10728d70e0641a69:0xf80c,19,2,1,0
10728d70e0641a69:0xf89a,19,2,1,0
10728d70e0641a69:0xf9a6,19,2,1,0
10728d70e0641a69:0xc4116,19,2,2,0
10728d70e0641a69:0xc4268,19,2,2,0
10728d70e0641a69:0xa817c,94,15,0,0
10728d70e0641a69:0x1159e5,89,0,16,0
10728d70e0641a69:0x6cd2,140,23,12,0
10728d70e0641a69:0x115a2d,146,20,70,0
10728d70e0641a69:0xa81f9,83,7,0,0
10728d70e0641a69:0xa8240,81,7,1,0
10728d70e0641a69:0xa828b,80,6,1,0
10728d70e0641a69:0xa82d2,80,7,2,0
10728d70e0641a69:0xa831e,79,6,1,0
10728d70e0641a69:0xa8362,79,7,2,0
10728d70e0641a69:0xa83af,78,6,1,0
10728d70e0641a69:0xa83f8,78,7,2,0
10728d70e0641a69:0xa856e,77,10,9,0
10728d70e0641a69:0xa85ea,81,11,11,0
10728d70e0641a69:0x3e5dd,77,11,11,0
10728d70e0641a69:0x3e6a2,73,8,7,0
10728d70e0641a69:0x3e6e6,51,7,7,0
10728d70e0641a69:0x3e730,50,0,12,0
10728d70e0641a69:0x3e9ce,50,6,6,0
10728d70e0641a69:0x3ea12,50,6,6,0
10728d70e0641a69:0x3ea56,50,6,3,0
10728d70e0641a69:0x3ea9a,49,6,2,0
10728d70e0641a69:0x3eade,49,9,5,0
10728d70e0641a69:0x3eb22,44,7,3,0
10728d70e0641a69:0xabb3b,10,3,3,0
10728d70e0641a69:0x6cd2,141,23,12,0
10728d70e0641a69:0x115a2d,147,20,70,0
10728d70e0641a69:0xa6db7,32,5,5,0
10728d70e0641a69:0xa6ec6,32,6,6,0
10728d70e0641a69:0xabcdc,9,2,1,0
10728d70e0641a69:0xabc8,9,2,1,0
10728d70e0641a69:0xa817c,95,15,0,0
10728d70e0641a69:0x1159e5,90,0,16,0
10728d70e0641a69:0x6cd2,142,23,12,0
10728d70e0641a69:0x115a2d,148,20,70,0
10728d70e0641a69:0xa81f9,84,7,0,0
10728d70e0641a69:0xa8240,82,7,1,0
10728d70e0641a69:0xa828b,81,6,1,0
10728d70e0641a69:0xa82d2,81,7,2,0
10728d70e0641a69:0xa831e,80,6,1,0
10728d70e0641a69:0xa8362,80,7,2,0
10728d70e0641a69:0xa83af,79,6,1,0
10728d70e0641a69:0xa83f8,79,7,2,0
10728d70e0641a69:0xa856e,78,10,9,0
10728d70e0641a69:0xa85ea,82,11,11,0
10728d70e0641a69:0x3e5dd,78,11,11,0
10728d70e0641a69:0x3e6a2,74,8,7,0
10728d70e0641a69:0x3e6e6,52,7,7,0
10728d70e0641a69:0x3e730,51,0,12,0
10728d70e0641a69:0x3e9ce,51,6,6,0
10728d70e0641a69:0x3ea12,51,6,6,0
10728d70e0641a69:0x3ea56,51,6,3,0
10728d70e0641a69:0x3ea9a,50,6,2,0
10728d70e0641a69:0x3eade,50,9,5,0
10728d70e0641a69:0x3eb22,45,7,3,0
10728d70e0641a69:0x3eb66,35,6,4,0
10728d70e0641a69:0x3ebaa,33,6,3,0
10728d70e0641a69:0x3ebee,32,5,2,0
10728d70e0641a69:0x3ec32,31,5,2,0
10728d70e0641a69:0x3ec76,30,4,1,0
10728d70e0641a69:0x3ecba,29,4,1,0
10728d70e0641a69:0x3ecfe,29,7,4,0
10728d70e0641a69:0x3ed42,25,5,5,0
10728d70e0641a69:0x3ed42,25,6,5,0
10728d70e0641a69:0x3ed42,26,6,5,0
10728d70e0641a69:0xad1b2,0,0,1,0
10728d70e0641a69:0xad1b2,0,1,1,0
10728d70e0641a69:0xad1b2,1,1,1,0
10728d70e0641a69:0xad403,0,0,1,0
10728d70e0641a69:0xad403,0,1,1,0
10728d70e0641a69:0xad403,1,1,1,0
10728d70e0641a69:0x7b7dc,45,0,2,0
10728d70e0641a69:0x8eccc,46,3,0,0
10728d70e0641a69:0xa817c,96,15,0,0
10728d70e0641a69:0x1159e5,91,0,16,0
10728d70e0641a69:0x6cd2,143,23,12,0
10728d70e0641a69:0x115a2d,149,20,70,0
10728d70e0641a69:0xa81f9,85,7,0,0
10728d70e0641a69:0xa8240,83,7,1,0
10728d70e0641a69:0xa828b,82,6,1,0
10728d70e0641a69:0xa82d2,82,7,2,0
10728d70e0641a69:0xa831e,81,6,1,0
10728d70e0641a69:0xa8362,81,7,2,0
10728d70e0641a69:0xa83af,80,6,1,0
10728d70e0641a69:0xa83f8,80,7,2,0
10728d70e0641a69:0xa856e,79,10,9,0
10728d70e0641a69:0xa85ea,83,11,11,0
10728d70e0641a69:0x3e5dd,79,11,11,0
10728d70e0641a69:0x3e6a2,75,8,7,0
10728d70e0641a69:0xaa573,23,3,3,0
10728d70e0641a69:0x6cd2,144,23,12,0
10728d70e0641a69:0x115a2d,150,20,70,0
10728d70e0641a69:0xa6db7,33,5,5,0
10728d70e0641a69:0xa6ec6,33,6,6,0
10728d70e0641a69:0xaa60f,20,1,0,0
10728d70e0641a69:0xaa680,20,1,0,0
10728d70e0641a69:0xaa713,20,1,0,0
10728d70e0641a69:0xaa758,20,2,1,0
10728d70e0641a69:0xaa79c,8,1,0,0
10728d70e0641a69:0xaa82b,8,1,0,0
10728d70e0641a69:0xf247,20,2,1,0
10728d70e0641a69:0xf30f,20,2,1,0
10728d70e0641a69:0xf38b,20,2,1,0
10728d70e0641a69:0xf483,20,2,1,0
10728d70e0641a69:0xf500,20,2,1,0
10728d70e0641a69:0xf5cf,20,2,1,0
10728d70e0641a69:0xf613,20,2,1,0
10728d70e0641a69:0xf68f,20,2,1,0
10728d70e0641a69:0xf74c,20,2,2,0
10728d70e0641a69:0xf78f,8,1,1,0
10728d70e0641a69:0xf80c,20,2,1,0
10728d70e0641a69:0xf89a,20,2,1,0
10728d70e0641a69:0xf9a6,20,2,1,0
10728d70e0641a69:0xc4116,20,2,2,0
10728d70e0641a69:0xc4268,20,2,2,0
10728d70e0641a69:0xa817c,97,15,0,0
10728d70e0641a69:0x1159e5,92,0,16,0
10728d70e0641a69:0x6cd2,145,23,12,0
10728d70e0641a69:0x115a2d,151,20,70,0
10728d70e0641a69:0xa81f9,86,7,0,0
10728d70e0641a69:0xa8240,84,7,1,0
10728d70e0641a69:0xa828b,83,6,1,0
10728d70e0641a69:0xa82d2,83,7,2,0
10728d70e0641a69:0xa831e,82,6,1,0
10728d70e0641a69:0xa8362,82,7,2,0
10728d70e0641a69:0xa83af,81,6,1,0
10728d70e0641a69:0xa83f8,81,7,2,0
10728d70e0641a69:0xa856e,80,10,9,0
10728d70e0641a69:0xa85ea,84,11,11,0
10728d70e0641a69:0x3e5dd,80,11,11,0
10728d70e0641a69:0x3e6a2,76,8,7,0
10728d70e0641a69:0x3e6e6,53,7,7,0
10728d70e0641a69:0x3e730,52,0,12,0
10728d70e0641a69:0x3e9ce,52,6,6,0
10728d70e0641a69:0x3ea12,52,6,6,0
10728d70e0641a69:0x3ea56,52,6,3,0
10728d70e0641a69:0x3ea9a,51,6,2,0
10728d70e0641a69:0x3eade,51,9,5,0
10728d70e0641a69:0x3eb22,46,7,3,0
10728d70e0641a69:0xabb3b,11,3,3,0
10728d70e0641a69:0x6cd2,146,23,12,0
10728d70e0641a69:0x115a2d,152,20,70,0
10728d70e0641a69:0xa6db7,34,5,5,0
10728d70e0641a69:0xa6ec6,34,6,6,0
10728d70e0641a69:0xabcdc,10,2,1,0
10728d70e0641a69:0xabc8,10,2,1,0
10728d70e0641a69:0xa817c,98,15,0,0
10728d70e0641a69:0x1159e5,93,0,16,0
10728d70e0641a69:0x6cd2,147,23,12,0
10728d70e0641a69:0x115a2d,153,20,70,0
10728d70e0641a69:0xa81f9,87,7,0,0
10728d70e0641a69:0xa8240,85,7,1,0
10728d70e0641a69:0xa828b,84,6,1,0
10728d70e0641a69:0xa82d2,84,7,2,0
10728d70e0641a69:0xa831e,83,6,1,0
10728d70e0641a69:0xa8362,83,7,2,0
10728d70e0641a69:0xa83af,82,6,1,0
10728d70e0641a69:0xa83f8,82,7,2,0
10728d70e0641a69:0xa856e,81,10,9,0
10728d70e0641a69:0xa85ea,85,11,11,0
10728d70e0641a69:0x3e5dd,81,11,11,0
10728d70e0641a69:0x3e6a2,77,8,7,0
10728d70e0641a69:0x3e6e6,54,7,7,0
10728d70e0641a69:0x3e730,53,0,12,0
10728d70e0641a69:0x3e9ce,53,6,6,0
10728d70e0641a69:0x3ea12,53,6,6,0
10728d70e0641a69:0x3ea56,53,6,3,0
10728d70e0641a69:0x3ea9a,52,6,2,0
10728d70e0641a69:0x3eade,52,9,5,0
10728d70e0641a69:0x3eb22,47,7,3,0
10728d70e0641a69:0x3eb66,36,6,4,0
10728d70e0641a69:0x3ebaa,34,6,3,0
10728d70e0641a69:0x3ebee,33,5,2,0
10728d70e0641a69:0x3ec32,32,5,2,0
10728d70e0641a69:0x3ec76,31,4,1,0
10728d70e0641a69:0x3ecba,30,4,1,0
10728d70e0641a69:0x3ecfe,30,7,4,0
10728d70e0641a69:0x3ed42,27,6,5,0
10728d70e0641a69:0x3ed86,25,5,4,0
10728d70e0641a69:0x3c23b,2,1,1,0
10728d70e0641a69:0x81b84,6,0,6,0
10728d70e0641a69:0x81bb5,6,4,4,0
10728d70e0641a69:0x8f258,2,1,1,0
10728d70e0641a69:0x8f25e,2,1,1,0
10728d70e0641a69:0x8f2f6,2,1,1,0
10728d70e0641a69:0x8f2fb,2,1,1,0
10728d70e0641a69:0x8f300,2,1,1,0
10728d70e0641a69:0x8f307,2,1,2,0
10728d70e0641a69:0x6e1b4,23,8,8,0
10728d70e0641a69:0x7b73b,65,15,63,0
10728d70e0641a69:0x7b746,22,7,7,0
10728d70e0641a69:0x7b74f,22,7,9,0
10728d70e0641a69:0x7b76c,156,15,16,0
10728d70e0641a69:0x7b782,23,1,15,0
10728d70e0641a69:0x6e283,23,1,15,0
10728d70e0641a69:0x5db32,23,1,15,0
10728d70e0641a69:0x6cd2,148,23,12,0
10728d70e0641a69:0x6d9b,22,7,7,0
10728d70e0641a69:0x6dee,22,7,7,0
10728d70e0641a69:0x115a2d,154,20,70,0
10728d70e0641a69:0x1167a4,22,6,14,0
10728d70e0641a69:0x116947,22,7,15,0
10728d70e0641a69:0x1169b7,22,7,7,0
10728d70e0641a69:0x6e7d,22,0,14,0
10728d70e0641a69:0xa6db7,35,5,5,0
10728d70e0641a69:0x7b733,50,13,13,0
10728d70e0641a69:0x7b73b,66,15,63,0
10728d70e0641a69:0xa6ec6,34,6,7,0
10728d70e0641a69:0xa6ec6,34,7,7,0
10728d70e0641a69:0xa6ec6,35,7,7,0
10728d70e0641a69:0xa6ec6,35,7,8,0
10728d70e0641a69:0xaedbc,0,0,1,0
10728d70e0641a69:0xaedbc,0,1,1,0
10728d70e0641a69:0xaedbc,1,1,1,0
10728d70e0641a69:0xaee84,0,0,1,0
10728d70e0641a69:0xaee84,0,1,1,0
10728d70e0641a69:0xaee84,1,1,1,0
10728d70e0641a69:0x7b733,50,13,14,0
10728d70e0641a69:0x7b733,50,14,14,0
10728d70e0641a69:0x7b733,51,14,14,0
10728d70e0641a69:0x7b73b,66,15,64,0
10728d70e0641a69:0x7b73b,66,16,64,0
10728d70e0641a69:0x7b73b,67,16,64,0
10728d70e0641a69:0x7b73b,67,16,65,0
10728d70e0641a69:0x7b73b,67,16,66,0
10728d70e0641a69:0x7b73b,67,16,67,0
10728d70e0641a69:0x7b73b,67,16,68,0
10728d70e0641a69:0xa817c,98,16,0,0
10728d70e0641a69:0xa817c,99,16,0,0
10728d70e0641a69:0x783b7,14,11,12,0
10728d70e0641a69:0x783b7,14,12,12,0
10728d70e0641a69:0x783b7,15,12,12,0
10728d70e0641a69:0x7782e,14,0,23,0
10728d70e0641a69:0x7782e,14,0,24,0
10728d70e0641a69:0x7782e,15,0,24,0
10728d70e0641a69:0x77834,14,10,11,0
10728d70e0641a69:0x77834,14,11,11,0
10728d70e0641a69:0x77834,15,11,11,0
10728d70e0641a69:0x783e9,14,0,23,0
10728d70e0641a69:0x783e9,14,0,24,0
10728d70e0641a69:0x783e9,15,0,24,0
10728d70e0641a69:0x7b7dc,46,0,2,0
10728d70e0641a69:0x8eccc,47,3,0,0
10728d70e0641a69:0xa817c,100,16,0,0
10728d70e0641a69:0x1159e5,94,0,16,0
10728d70e0641a69:0x6cd2,149,23,12,0
10728d70e0641a69:0x115a2d,155,20,70,0
10728d70e0641a69:0xa81f9,88,7,0,0
10728d70e0641a69:0xa8240,86,7,1,0
10728d70e0641a69:0xa828b,85,6,1,0
10728d70e0641a69:0xa82d2,85,7,2,0
10728d70e0641a69:0xa831e,84,6,1,0
10728d70e0641a69:0xa8362,84,7,2,0
10728d70e0641a69:0xa83af,83,6,1,0
10728d70e0641a69:0xa83f8,83,7,2,0
10728d70e0641a69:0xa856e,82,10,9,0
10728d70e0641a69:0xa85ea,86,11,11,0
10728d70e0641a69:0x3e5dd,82,11,11,0
10728d70e0641a69:0x3e6a2,78,8,7,0
10728d70e0641a69:0xaa573,24,3,3,0
10728d70e0641a69:0x6cd2,150,23,12,0
10728d70e0641a69:0x115a2d,156,20,70,0
10728d70e0641a69:0xa6db7,36,5,5,0
10728d70e0641a69:0xa6ec6,36,7,8,0
10728d70e0641a69:0xaa60f,21,1,0,0
10728d70e0641a69:0xaa680,21,1,0,0
10728d70e0641a69:0xaa713,21,1,0,0
10728d70e0641a69:0xaa758,21,2,1,0
10728d70e0641a69:0xaa79c,9,1,0,0
10728d70e0641a69:0xaa82b,9,1,0,0
10728d70e0641a69:0xf247,21,2,1,0
10728d70e0641a69:0xf30f,21,2,1,0
10728d70e0641a69:0xf38b,21,2,1,0
10728d70e0641a69:0xf483,21,2,1,0
10728d70e0641a69:0xf500,21,2,1,0
10728d70e0641a69:0xf5cf,21,2,1,0
10728d70e0641a69:0xf613,21,2,1,0
10728d70e0641a69:0xf68f,21,2,1,0
10728d70e0641a69:0xf74c,21,2,2,0
10728d70e0641a69:0xf78f,9,1,1,0
10728d70e0641a69:0xf80c,21,2,1,0
10728d70e0641a69:0xf89a,21,2,1,0
10728d70e0641a69:0xf9a6,21,2,1,0
10728d70e0641a69:0xc4116,21,2,2,0
10728d70e0641a69:0xc4268,21,2,2,0
10728d70e0641a69:0xa817c,101,16,0,0
10728d70e0641a69:0x1159e5,95,0,16,0
10728d70e0641a69:0x6cd2,151,23,12,0
10728d70e0641a69:0x115a2d,157,20,70,0
10728d70e0641a69:0xa81f9,89,7,0,0
10728d70e0641a69:0xa8240,87,7,1,0
10728d70e0641a69:0xa828b,86,6,1,0
10728d70e0641a69:0xa82d2,86,7,2,0
10728d70e0641a69:0xa831e,85,6,1,0
10728d70e0641a69:0xa8362,85,7,2,0
10728d70e0641a69:0xa83af,84,6,1,0
10728d70e0641a69:0xa83f8,84,7,2,0
10728d70e0641a69:0xa856e,83,10,9,0
10728d70e0641a69:0xa85ea,87,11,11,0
10728d70e0641a69:0x3e5dd,83,11,11,0
10728d70e0641a69:0x3e6a2,79,8,7,0
10728d70e0641a69:0x3e6e6,55,7,7,0
10728d70e0641a69:0x3e730,54,0,12,0
10728d70e0641a69:0x3e9ce,54,6,6,0
10728d70e0641a69:0x3ea12,54,6,6,0
10728d70e0641a69:0x3ea56,54,6,3,0
10728d70e0641a69:0x3ea9a,53,6,2,0
10728d70e0641a69:0x3eade,53,9,5,0
10728d70e0641a69:0x3eb22,48,7,3,0
10728d70e0641a69:0xabb3b,12,3,3,0
10728d70e0641a69:0x6cd2,152,23,12,0
10728d70e0641a69:0x115a2d,158,20,70,0
10728d70e0641a69:0xa6db7,37,5,5,0
10728d70e0641a69:0xa6ec6,37,7,8,0
10728d70e0641a69:0xabcdc,11,2,1,0
10728d70e0641a69:0xabc8,11,2,1,0
10728d70e0641a69:0xa817c,102,16,0,0
10728d70e0641a69:0x1159e5,96,0,16,0
10728d70e0641a69:0x6cd2,153,23,12,0
10728d70e0641a69:0x115a2d,159,20,70,0
10728d70e0641a69:0xa81f9,90,7,0,0
10728d70e0641a69:0xa8240,88,7,1,0
10728d70e0641a69:0xa828b,87,6,1,0
10728d70e0641a69:0xa82d2,87,7,2,0
10728d70e0641a69:0xa831e,86,6,1,0
10728d70e0641a69:0xa8362,86,7,2,0
10728d70e0641a69:0xa83af,85,6,1,0
10728d70e0641a69:0xa83f8,85,7,2,0
10728d70e0641a69:0xa856e,84,10,9,0
10728d70e0641a69:0xa85ea,88,11,11,0
10728d70e0641a69:0x3e5dd,84,11,11,0
10728d70e0641a69:0x3e6a2,80,8,7,0
10728d70e0641a69:0x3e6e6,56,7,7,0
10728d70e0641a69:0x3e730,55,0,12,0
10728d70e0641a69:0x3e9ce,55,6,6,0
10728d70e0641a69:0x3ea12,55,6,6,0
10728d70e0641a69:0x3ea56,55,6,3,0
10728d70e0641a69:0x3ea9a,54,6,2,0
10728d70e0641a69:0x3eade,54,9,5,0
10728d70e0641a69:0x3eb22,49,7,3,0
10728d70e0641a69:0x3eb66,37,6,4,0
10728d70e0641a69:0x3ebaa,35,6,3,0
10728d70e0641a69:0x3ebee,34,5,2,0
10728d70e0641a69:0x3ec32,33,5,2,0
10728d70e0641a69:0x3ec76,32,4,1,0
10728d70e0641a69:0x3ecba,31,4,1,0
10728d70e0641a69:0x3ecfe,31,7,4,0
10728d70e0641a69:0x3ed42,28,6,5,0
10728d70e0641a69:0xad1b2,1,1,2,0
10728d70e0641a69:0xad1b2,1,2,2,0
10728d70e0641a69:0xad1b2,2,2,2,0
10728d70e0641a69:0xa897f,23,9,10,0
10728d70e0641a69:0xa897f,23,10,10,0
10728d70e0641a69:0xa897f,24,10,10,0
10728d70e0641a69:0xa8a0f,21,7,8,0
10728d70e0641a69:0xa8a0f,21,8,8,0
10728d70e0641a69:0xa8a0f,22,8,8,0
10728d70e0641a69:0xa904a,21,7,8,0
10728d70e0641a69:0xa904a,21,8,8,0
10728d70e0641a69:0xa904a,22,8,8,0
10728d70e0641a69:0x6e1b4,23,8,9,0
10728d70e0641a69:0x6e1b4,23,9,9,0
10728d70e0641a69:0x6e1b4,24,9,9,0
10728d70e0641a69:0x7b73b,67,16,69,0
10728d70e0641a69:0x7b73b,67,17,69,0
10728d70e0641a69:0x7b73b,68,17,69,0
10728d70e0641a69:0x7b746,22,7,8,0
10728d70e0641a69:0x7b746,22,8,8,0
10728d70e0641a69:0x7b746,23,8,8,0
10728d70e0641a69:0x7b74f,22,7,10,0
10728d70e0641a69:0x7b74f,22,8,10,0
10728d70e0641a69:0x7b74f,23,8,10,0
10728d70e0641a69:0x7b76c,156,15,17,0
10728d70e0641a69:0x7b76c,156,16,17,0
10728d70e0641a69:0x7b76c,157,16,17,0
10728d70e0641a69:0x7b782,23,1,16,0
10728d70e0641a69:0x7b782,23,1,17,0
10728d70e0641a69:0x7b782,24,1,17,0
10728d70e0641a69:0x6e283,23,1,16,0
10728d70e0641a69:0x6e283,23,1,17,0
10728d70e0641a69:0x6e283,24,1,17,0
10728d70e0641a69:0x5db32,23,1,16,0
10728d70e0641a69:0x5db32,23,1,17,0
10728d70e0641a69:0x5db32,24,1,17,0
10728d70e0641a69:0x6cd2,153,23,13,0
10728d70e0641a69:0x6cd2,153,24,13,0
10728d70e0641a69:0x6cd2,154,24,13,0
10728d70e0641a69:0x6d9b,22,7,8,0
10728d70e0641a69:0x6d9b,22,8,8,0
10728d70e0641a69:0x6d9b,23,8,8,0
10728d70e0641a69:0x6dee,22,7,8,0
10728d70e0641a69:0x6dee,22,8,8,0
10728d70e0641a69:0x6dee,23,8,8,0
10728d70e0641a69:0x115a2d,159,20,71,0
10728d70e0641a69:0x115a2d,159,21,71,0
10728d70e0641a69:0x115a2d,160,21,71,0
10728d70e0641a69:0x1167a4,22,6,15,0
10728d70e0641a69:0x1167a4,22,7,15,0
10728d70e0641a69:0x1167a4,23,7,15,0
10728d70e0641a69:0x116947,22,7,16,0
10728d70e0641a69:0x116947,22,8,16,0
10728d70e0641a69:0x116947,23,8,16,0
10728d70e0641a69:0x116947,23,8,17,0
10728d70e0641a69:0x1169b7,22,7,8,0
10728d70e0641a69:0x1169b7,22,8,8,0
10728d70e0641a69:0x1169b7,23,8,8,0
10728d70e0641a69:0x6e7d,22,0,15,0
10728d70e0641a69:0x6e7d,22,0,16,0
10728d70e0641a69:0x6e7d,23,0,16,0
10728d70e0641a69:0xa93cd,20,6,7,0
10728d70e0641a69:0xa93cd,20,7,7,0
10728d70e0641a69:0xa93cd,21,7,7,0
10728d70e0641a69:0x7b733,51,14,15,0
10728d70e0641a69:0x7b733,51,15,15,0
10728d70e0641a69:0x7b733,52,15,15,0
10728d70e0641a69:0x7b73b,69,17,69,0
10728d70e0641a69:0xa94e7,22,7,8,0
10728d70e0641a69:0xa94e7,22,8,8,0
10728d70e0641a69:0xa94e7,23,8,8,0
10728d70e0641a69:0xa9539,21,7,8,0
10728d70e0641a69:0xa9539,21,8,8,0
10728d70e0641a69:0xa9539,22,8,8,0
10728d70e0641a69:0x290c3,59,47,40,0
10728d70e0641a69:0x290c3,59,48,40,0
10728d70e0641a69:0x290c3,60,48,40,0
10728d70e0641a69:0x2910c,57,46,39,0
10728d70e0641a69:0x2910c,57,47,39,0
10728d70e0641a69:0x2910c,58,47,39,0
10728d70e0641a69:0x2919f,59,53,41,0
10728d70e0641a69:0x2919f,59,54,41,0
10728d70e0641a69:0x2919f,60,54,41,0
10728d70e0641a69:0x291e6,56,45,37,0
10728d70e0641a69:0x291e6,56,46,37,0
10728d70e0641a69:0x291e6,57,46,37,0
10728d70e0641a69:0x29277,59,53,41,0
10728d70e0641a69:0x29277,59,54,41,0
10728d70e0641a69:0x29277,60,54,41,0
10728d70e0641a69:0x292be,56,45,35,0
10728d70e0641a69:0x292be,56,46,35,0
10728d70e0641a69:0x292be,57,46,35,0
10728d70e0641a69:0x2934c,59,52,40,0
10728d70e0641a69:0x2934c,59,53,40,0
10728d70e0641a69:0x2934c,60,53,40,0
10728d70e0641a69:0x29394,57,46,37,0
10728d70e0641a69:0x29394,57,47,37,0
10728d70e0641a69:0x29394,58,47,37,0
10728d70e0641a69:0x2e2bf,23,9,10,0
10728d70e0641a69:0x2e2bf,23,10,10,0
10728d70e0641a69:0x2e2bf,24,10,10,0
10728d70e0641a69:0x290c3,61,48,40,0
10728d70e0641a69:0x2910c,59,47,39,0
10728d70e0641a69:0x2919f,61,54,41,0
10728d70e0641a69:0x291e6,58,46,37,0
10728d70e0641a69:0x29277,61,54,41,0
10728d70e0641a69:0x292be,58,46,35,0
10728d70e0641a69:0x2934c,61,53,40,0
10728d70e0641a69:0x29394,59,47,37,0
10728d70e0641a69:0x2fde4,4,4,5,0
10728d70e0641a69:0x2fde4,4,5,5,0
10728d70e0641a69:0x2fde4,5,5,5,0
10728d70e0641a69:0x7b733,53,15,15,0
10728d70e0641a69:0x7b73b,70,17,69,0
10728d70e0641a69:0xa817c,102,17,0,0
10728d70e0641a69:0xa817c,103,17,0,0
10728d70e0641a69:0x783b7,15,12,13,0
10728d70e0641a69:0x783b7,15,13,13,0
10728d70e0641a69:0x783b7,16,13,13,0
10728d70e0641a69:0x7782e,15,0,25,0
10728d70e0641a69:0x7782e,15,0,26,0
10728d70e0641a69:0x7782e,16,0,26,0
10728d70e0641a69:0x77834,15,11,12,0
10728d70e0641a69:0x77834,15,12,12,0
10728d70e0641a69:0x77834,16,12,12,0
10728d70e0641a69:0x783e9,15,0,25,0
10728d70e0641a69:0x783e9,15,0,26,0
10728d70e0641a69:0x783e9,16,0,26,0
10728d70e0641a69:0x7b7dc,47,0,2,0
10728d70e0641a69:0x8eccc,48,3,0,0
10728d70e0641a69:0xa817c,104,17,0,0
10728d70e0641a69:0x1159e5,97,0,16,0
10728d70e0641a69:0x6cd2,155,24,13,0
10728d70e0641a69:0x115a2d,161,21,71,0
10728d70e0641a69:0xa81f9,91,7,0,0
10728d70e0641a69:0xa8240,89,7,1,0
10728d70e0641a69:0xa828b,88,6,1,0
10728d70e0641a69:0xa82d2,88,7,2,0
10728d70e0641a69:0xa831e,87,6,1,0
10728d70e0641a69:0xa8362,87,7,2,0
10728d70e0641a69:0xa83af,86,6,1,0
10728d70e0641a69:0xa83f8,86,7,2,0
10728d70e0641a69:0xa856e,85,10,9,0
10728d70e0641a69:0xa85ea,89,11,11,0
10728d70e0641a69:0x3e5dd,85,11,11,0
10728d70e0641a69:0x3e6a2,81,8,7,0
10728d70e0641a69:0xaa573,25,3,3,0
10728d70e0641a69:0x6cd2,156,24,13,0
10728d70e0641a69:0x115a2d,162,21,71,0
10728d70e0641a69:0xa6db7,38,5,5,0
10728d70e0641a69:0xa6ec6,38,7,8,0
10728d70e0641a69:0xaa60f,22,1,0,0
10728d70e0641a69:0xaa680,22,1,0,0
10728d70e0641a69:0xaa713,22,1,0,0
10728d70e0641a69:0xaa758,22,2,1,0
10728d70e0641a69:0xaa79c,10,1,0,0
10728d70e0641a69:0xaa82b,10,1,0,0
10728d70e0641a69:0xf247,22,2,1,0
10728d70e0641a69:0xf30f,22,2,1,0
10728d70e0641a69:0xf38b,22,2,1,0
10728d70e0641a69:0xf483,22,2,1,0
10728d70e0641a69:0xf500,22,2,1,0
10728d70e0641a69:0xf5cf,22,2,1,0
10728d70e0641a69:0xf613,22,2,1,0
10728d70e0641a69:0xf68f,22,2,1,0
10728d70e0641a69:0xf74c,22,2,2,0
10728d70e0641a69:0xf78f,10,1,1,0
10728d70e0641a69:0xf80c,22,2,1,0
10728d70e0641a69:0xf89a,22,2,1,0
10728d70e0641a69:0xf9a6,22,2,1,0
10728d70e0641a69:0xc4116,22,2,2,0
10728d70e0641a69:0xc4268,22,2,2,0
10728d70e0641a69:0xa817c,105,17,0,0
10728d70e0641a69:0x1159e5,98,0,16,0
10728d70e0641a69:0x6cd2,157,24,13,0
10728d70e0641a69:0x115a2d,163,21,71,0
10728d70e0641a69:0xa81f9,92,7,0,0
10728d70e0641a69:0xa8240,90,7,1,0
10728d70e0641a69:0xa828b,89,6,1,0
10728d70e0641a69:0xa82d2,89,7,2,0
10728d70e0641a69:0xa831e,88,6,1,0
10728d70e0641a69:0xa8362,88,7,2,0
10728d70e0641a69:0xa83af,87,6,1,0
10728d70e0641a69:0xa83f8,87,7,2,0
10728d70e0641a69:0xa856e,86,10,9,0
10728d70e0641a69:0xa85ea,90,11,11,0
10728d70e0641a69:0x3e5dd,86,11,11,0
10728d70e0641a69:0x3e6a2,82,8,7,0
10728d70e0641a69:0x3e6e6,57,7,7,0
10728d70e0641a69:0x3e730,56,0,12,0
10728d70e0641a69:0x3e9ce,56,6,6,0
10728d70e0641a69:0x3ea12,56,6,6,0
10728d70e0641a69:0x3ea56,56,6,3,0
10728d70e0641a69:0x3ea9a,55,6,2,0
10728d70e0641a69:0x3eade,55,9,5,0
10728d70e0641a69:0x3eb22,50,7,3,0
10728d70e0641a69:0xabb3b,13,3,3,0
10728d70e0641a69:0x6cd2,158,24,13,0
10728d70e0641a69:0x115a2d,164,21,71,0
10728d70e0641a69:0xa6db7,39,5,5,0
10728d70e0641a69:0xa6ec6,39,7,8,0
10728d70e0641a69:0xabcdc,12,2,1,0
10728d70e0641a69:0xabc8,12,2,1,0
10728d70e0641a69:0xa817c,106,17,0,0
10728d70e0641a69:0x1159e5,99,0,16,0
10728d70e0641a69:0x6cd2,159,24,13,0
10728d70e0641a69:0x115a2d,165,21,71,0
10728d70e0641a69:0xa81f9,93,7,0,0
10728d70e0641a69:0xa8240,91,7,1,0
10728d70e0641a69:0xa828b,90,6,1,0
10728d70e0641a69:0xa82d2,90,7,2,0
10728d70e0641a69:0xa831e,89,6,1,0
10728d70e0641a69:0xa8362,89,7,2,0
10728d70e0641a69:0xa83af,88,6,1,0
10728d70e0641a69:0xa83f8,88,7,2,0
10728d70e0641a69:0xa856e,87,10,9,0
10728d70e0641a69:0xa85ea,91,11,11,0
10728d70e0641a69:0x3e5dd,87,11,11,0
10728d70e0641a69:0x3e6a2,83,8,7,0
10728d70e0641a69:0x3e6e6,58,7,7,0
10728d70e0641a69:0x3e730,57,0,12,0
10728d70e0641a69:0x3e9ce,57,6,6,0
10728d70e0641a69:0x3ea12,57,6,6,0
10728d70e0641a69:0x3ea56,57,6,3,0
10728d70e0641a69:0x3ea9a,56,6,2,0
10728d70e0641a69:0x3eade,56,9,5,0
10728d70e0641a69:0x3eb22,51,7,3,0
10728d70e0641a69:0x3eb66,38,6,4,0
10728d70e0641a69:0x3ebaa,36,6,3,0
10728d70e0641a69:0x3ebee,35,5,2,0
10728d70e0641a69:0x3ec32,34,5,2,0
10728d70e0641a69:0x3ec76,33,4,1,0
10728d70e0641a69:0x3ecba,32,4,1,0
10728d70e0641a69:0x3ecfe,32,7,4,0
10728d70e0641a69:0xacdeb,3,2,2,0
10728d70e0641a69:0x6cd2,160,24,13,0
10728d70e0641a69:0x115a2d,166,21,71,0
10728d70e0641a69:0xa6db7,40,5,5,0
10728d70e0641a69:0xa6ec6,40,7,8,0
10728d70e0641a69:0xa6f12,4,3,3,0
10728d70e0641a69:0x290c3,62,48,40,0
10728d70e0641a69:0x2910c,60,47,39,0
10728d70e0641a69:0x2919f,62,54,41,0
10728d70e0641a69:0x291e6,59,46,37,0
10728d70e0641a69:0x29277,62,54,41,0
10728d70e0641a69:0x292be,59,46,35,0
10728d70e0641a69:0x2934c,62,53,40,0
10728d70e0641a69:0x29394,60,47,37,0
10728d70e0641a69:0x2e2bf,25,10,10,0
10728d70e0641a69:0xa817c,107,17,0,0
10728d70e0641a69:0x1159e5,100,0,16,0
10728d70e0641a69:0x115a2d,167,21,71,0
10728d70e0641a69:0xa85ea,92,11,11,0
10728d70e0641a69:0xaac9f,2,1,1,0
10728d70e0641a69:0xaace6,2,1,1,0
10728d70e0641a69:0xaad36,2,1,1,0
10728d70e0641a69:0xaad8f,2,1,1,0
10728d70e0641a69:0xab7d3,2,1,1,0
10728d70e0641a69:0xaae10,2,1,1,0
10728d70e0641a69:0xa897f,25,10,10,0
10728d70e0641a69:0xa94e7,23,8,9,0
10728d70e0641a69:0xa94e7,23,9,9,0
10728d70e0641a69:0xa94e7,24,9,9,0
10728d70e0641a69:0xc6c5a,0,0,1,0
10728d70e0641a69:0xc6c5a,0,1,1,0
10728d70e0641a69:0xc6c5a,1,1,1,0
10728d70e0641a69:0xc6d06,0,0,1,0
10728d70e0641a69:0xc6d06,0,1,1,0
10728d70e0641a69:0xc6d06,1,1,1,0
10728d70e0641a69:0xc6d4c,0,0,1,0
10728d70e0641a69:0xc6d4c,0,1,1,0
10728d70e0641a69:0xc6d4c,1,1,1,0
10728d70e0641a69:0xc6dc7,0,0,1,0
10728d70e0641a69:0xc6dc7,0,1,1,0
10728d70e0641a69:0xc6dc7,1,1,1,0
10728d70e0641a69:0xc6e83,0,0,1,0
10728d70e0641a69:0xc6e83,0,1,1,0
10728d70e0641a69:0xc6e83,1,1,1,0
10728d70e0641a69:0x7b7dc,48,0,2,0
10728d70e0641a69:0x8eccc,49,3,0,0
10728d70e0641a69:0xa817c,108,17,0,0
10728d70e0641a69:0x1159e5,101,0,16,0
10728d70e0641a69:0x6cd2,161,24,13,0
10728d70e0641a69:0x115a2d,168,21,71,0
10728d70e0641a69:0xa81f9,94,7,0,0
10728d70e0641a69:0xa8240,92,7,1,0
10728d70e0641a69:0xa828b,91,6,1,0
10728d70e0641a69:0xa82d2,91,7,2,0
10728d70e0641a69:0xa831e,90,6,1,0
10728d70e0641a69:0xa8362,90,7,2,0
10728d70e0641a69:0xa83af,89,6,1,0
10728d70e0641a69:0xa83f8,89,7,2,0
10728d70e0641a69:0xa856e,88,10,9,0
10728d70e0641a69:0xa85ea,93,11,11,0
10728d70e0641a69:0x3e5dd,88,11,11,0
10728d70e0641a69:0x3e6a2,84,8,7,0
10728d70e0641a69:0xaa573,26,3,3,0
10728d70e0641a69:0x6cd2,162,24,13,0
10728d70e0641a69:0x115a2d,169,21,71,0
10728d70e0641a69:0xa6db7,41,5,5,0
10728d70e0641a69:0xa6ec6,41,7,8,0
10728d70e0641a69:0xaa60f,23,1,0,0
10728d70e0641a69:0xaa680,23,1,0,0
10728d70e0641a69:0xaa713,23,1,0,0
10728d70e0641a69:0xaa758,23,2,1,0
10728d70e0641a69:0xaa79c,11,1,0,0
10728d70e0641a69:0xaa82b,11,1,0,0
10728d70e0641a69:0xf247,23,2,1,0
10728d70e0641a69:0xf30f,23,2,1,0
10728d70e0641a69:0xf38b,23,2,1,0
10728d70e0641a69:0xf483,23,2,1,0
10728d70e0641a69:0xf500,23,2,1,0
10728d70e0641a69:0xf5cf,23,2,1,0
10728d70e0641a69:0xf613,23,2,1,0
10728d70e0641a69:0xf68f,23,2,1,0
10728d70e0641a69:0xf74c,23,2,2,0
10728d70e0641a69:0xf78f,11,1,1,0
10728d70e0641a69:0xf80c,23,2,1,0
10728d70e0641a69:0xf89a,23,2,1,0
10728d70e0641a69:0xf9a6,23,2,1,0
10728d70e0641a69:0xc4116,23,2,2,0
10728d70e0641a69:0xc4268,23,2,2,0
10728d70e0641a69:0xa817c,109,17,0,0
10728d70e0641a69:0x1159e5,102,0,16,0
10728d70e0641a69:0x6cd2,163,24,13,0
10728d70e0641a69:0x115a2d,170,21,71,0
10728d70e0641a69:0xa81f9,95,7,0,0
10728d70e0641a69:0xa8240,93,7,1,0
10728d70e0641a69:0xa828b,92,6,1,0
10728d70e0641a69:0xa82d2,92,7,2,0
10728d70e0641a69:0xa831e,91,6,1,0
10728d70e0641a69:0xa8362,91,7,2,0
10728d70e0641a69:0xa83af,90,6,1,0
10728d70e0641a69:0xa83f8,90,7,2,0
10728d70e0641a69:0xa856e,89,10,9,0
10728d70e0641a69:0xa85ea,94,11,11,0
10728d70e0641a69:0x3e5dd,89,11,11,0
10728d70e0641a69:0x3e6a2,85,8,7,0
10728d70e0641a69:0x3e6e6,59,7,7,0
10728d70e0641a69:0x3e730,58,0,12,0
10728d70e0641a69:0x3e9ce,58,6,6,0
10728d70e0641a69:0x3ea12,58,6,6,0
10728d70e0641a69:0x3ea56,58,6,3,0
10728d70e0641a69:0x3ea9a,57,6,2,0
10728d70e0641a69:0x3eade,57,9,5,0
10728d70e0641a69:0x3eb22,52,7,3,0
10728d70e0641a69:0xabb3b,14,3,3,0
10728d70e0641a69:0x6cd2,164,24,13,0
10728d70e0641a69:0x115a2d,171,21,71,0
10728d70e0641a69:0xa6db7,42,5,5,0
10728d70e0641a69:0xa6ec6,42,7,8,0
10728d70e0641a69:0xabcdc,13,2,1,0
10728d70e0641a69:0xabc8,13,2,1,0
10728d70e0641a69:0xa817c,110,17,0,0
10728d70e0641a69:0x1159e5,103,0,16,0
10728d70e0641a69:0x6cd2,165,24,13,0
10728d70e0641a69:0x115a2d,172,21,71,0
10728d70e0641a69:0xa81f9,96,7,0,0
10728d70e0641a69:0xa8240,94,7,1,0
10728d70e0641a69:0xa828b,93,6,1,0
10728d70e0641a69:0xa82d2,93,7,2,0
10728d70e0641a69:0xa831e,92,6,1,0
10728d70e0641a69:0xa8362,92,7,2,0
10728d70e0641a69:0xa83af,91,6,1,0
10728d70e0641a69:0xa83f8,91,7,2,0
10728d70e0641a69:0xa856e,90,10,9,0
10728d70e0641a69:0xa85ea,95,11,11,0
10728d70e0641a69:0x3e5dd,90,11,11,0
10728d70e0641a69:0x3e6a2,86,8,7,0
10728d70e0641a69:0x3e6e6,60,7,7,0
10728d70e0641a69:0x3e730,59,0,12,0
10728d70e0641a69:0x3e9ce,59,6,6,0
10728d70e0641a69:0x3ea12,59,6,6,0
10728d70e0641a69:0x3ea56,59,6,3,0
10728d70e0641a69:0x3ea9a,58,6,2,0
10728d70e0641a69:0x3eade,58,9,5,0
10728d70e0641a69:0x3eb22,53,7,3,0
10728d70e0641a69:0x3eb66,39,6,4,0
10728d70e0641a69:0x3ebaa,37,6,3,0
10728d70e0641a69:0x3ebee,36,5,2,0
10728d70e0641a69:0x3ec32,35,5,2,0
10728d70e0641a69:0x3ec76,34,4,1,0
10728d70e0641a69:0x3ecba,32,4,2,0
10728d70e0641a69:0x3ecba,32,5,2,0
10728d70e0641a69:0x3ecba,33,5,2,0
10728d70e0641a69:0xabf23,0,0,1,0
10728d70e0641a69:0xabf23,0,1,1,0
10728d70e0641a69:0xabf23,1,1,1,0
10728d70e0641a69:0xabfaf,0,0,1,0
10728d70e0641a69:0xabfaf,0,1,1,0
10728d70e0641a69:0xabfaf,1,1,1,0
10728d70e0641a69:0x290c3,62,48,41,0
10728d70e0641a69:0x290c3,62,49,41,0
10728d70e0641a69:0x290c3,63,49,41,0
10728d70e0641a69:0x2910c,60,47,40,0
10728d70e0641a69:0x2910c,60,48,40,0
10728d70e0641a69:0x2910c,61,48,40,0
10728d70e0641a69:0x2919f,62,54,42,0
10728d70e0641a69:0x2919f,62,55,42,0
10728d70e0641a69:0x2919f,63,55,42,0
10728d70e0641a69:0x291e6,59,46,38,0
10728d70e0641a69:0x291e6,59,47,38,0
10728d70e0641a69:0x291e6,60,47,38,0
10728d70e0641a69:0x29277,62,54,42,0
10728d70e0641a69:0x29277,62,55,42,0
10728d70e0641a69:0x29277,63,55,42,0
10728d70e0641a69:0x292be,59,46,36,0
10728d70e0641a69:0x292be,59,47,36,0
10728d70e0641a69:0x292be,60,47,36,0
10728d70e0641a69:0x2934c,62,53,41,0
10728d70e0641a69:0x2934c,62,54,41,0
10728d70e0641a69:0x2934c,63,54,41,0
10728d70e0641a69:0x29394,60,47,38,0
10728d70e0641a69:0x29394,60,48,38,0
10728d70e0641a69:0x29394,61,48,38,0
10728d70e0641a69:0x2fde4,5,5,6,0
10728d70e0641a69:0x2fde4,5,6,6,0
10728d70e0641a69:0x2fde4,6,6,6,0
10728d70e0641a69:0xa897f,25,10,11,0
10728d70e0641a69:0xa897f,25,11,11,0
10728d70e0641a69:0xa897f,26,11,11,0
10728d70e0641a69:0xa8a0f,22,8,9,0
10728d70e0641a69:0xa8a0f,22,9,9,0
10728d70e0641a69:0xa8a0f,23,9,9,0
10728d70e0641a69:0xa904a,22,8,9,0
10728d70e0641a69:0xa904a,22,9,9,0
10728d70e0641a69:0xa904a,23,9,9,0
10728d70e0641a69:0x6e1b4,24,9,10,0
10728d70e0641a69:0x6e1b4,24,10,10,0
10728d70e0641a69:0x6e1b4,25,10,10,0
10728d70e0641a69:0x7b73b,70,17,70,0
10728d70e0641a69:0x7b73b,70,18,70,0
10728d70e0641a69:0x7b73b,71,18,70,0
10728d70e0641a69:0x7b746,23,8,9,0
10728d70e0641a69:0x7b746,23,9,9,0
10728d70e0641a69:0x7b746,24,9,9,0
10728d70e0641a69:0x7b74f,23,8,11,0
10728d70e0641a69:0x7b74f,23,9,11,0
10728d70e0641a69:0x7b74f,24,9,11,0
10728d70e0641a69:0x7b76c,157,16,18,0
10728d70e0641a69:0x7b76c,157,17,18,0
10728d70e0641a69:0x7b76c,158,17,18,0
10728d70e0641a69:0x7b782,24,1,18,0
10728d70e0641a69:0x7b782,24,1,19,0
10728d70e0641a69:0x7b782,25,1,19,0
10728d70e0641a69:0x6e283,24,1,18,0
10728d70e0641a69:0x6e283,24,1,19,0
10728d70e0641a69:0x6e283,25,1,19,0
10728d70e0641a69:0x5db32,24,1,18,0
10728d70e0641a69:0x5db32,24,1,19,0
10728d70e0641a69:0x5db32,25,1,19,0
10728d70e0641a69:0x6cd2,165,24,14,0
10728d70e0641a69:0x6cd2,165,25,14,0
10728d70e0641a69:0x6cd2,166,25,14,0
10728d70e0641a69:0x6d9b,23,8,9,0
10728d70e0641a69:0x6d9b,23,9,9,0
10728d70e0641a69:0x6d9b,24,9,9,0
10728d70e0641a69:0x6dee,23,8,9,0
10728d70e0641a69:0x6dee,23,9,9,0
10728d70e0641a69:0x6dee,24,9,9,0
10728d70e0641a69:0x115a2d,172,21,72,0
10728d70e0641a69:0x115a2d,172,22,72,0
10728d70e0641a69:0x115a2d,173,22,72,0
10728d70e0641a69:0x1167a4,23,7,16,0
10728d70e0641a69:0x1167a4,23,8,16,0
10728d70e0641a69:0x1167a4,24,8,16,0
10728d70e0641a69:0x116947,23,8,18,0
10728d70e0641a69:0x116947,23,9,18,0
10728d70e0641a69:0x116947,24,9,18,0
10728d70e0641a69:0x116947,24,9,19,0
10728d70e0641a69:0x1169b7,23,8,9,0
10728d70e0641a69:0x1169b7,23,9,9,0
10728d70e0641a69:0x1169b7,24,9,9,0
10728d70e0641a69:0x6e7d,23,0,17,0
10728d70e0641a69:0x6e7d,23,0,18,0
10728d70e0641a69:0x6e7d,24,0,18,0
10728d70e0641a69:0xa93cd,21,7,8,0
10728d70e0641a69:0xa93cd,21,8,8,0
10728d70e0641a69:0xa93cd,22,8,8,0
10728d70e0641a69:0x7b733,53,15,16,0
10728d70e0641a69:0x7b733,53,16,16,0
10728d70e0641a69:0x7b733,54,16,16,0
10728d70e0641a69:0x7b73b,72,18,70,0
10728d70e0641a69:0xa94e7,24,9,10,0
10728d70e0641a69:0xa94e7,24,10,10,0
10728d70e0641a69:0xa94e7,25,10,10,0
10728d70e0641a69:0xa9539,22,8,9,0
10728d70e0641a69:0xa9539,22,9,9,0
10728d70e0641a69:0xa9539,23,9,9,0
10728d70e0641a69:0x290c3,64,49,41,0
10728d70e0641a69:0x2910c,61,48,41,0
10728d70e0641a69:0x2910c,61,49,41,0
10728d70e0641a69:0x2910c,62,49,41,0
10728d70e0641a69:0x2919f,63,55,43,0
10728d70e0641a69:0x2919f,63,56,43,0
10728d70e0641a69:0x2919f,64,56,43,0
10728d70e0641a69:0x291e6,60,47,39,0
10728d70e0641a69:0x291e6,60,48,39,0
10728d70e0641a69:0x291e6,61,48,39,0
10728d70e0641a69:0x29277,63,55,43,0
10728d70e0641a69:0x29277,63,56,43,0
10728d70e0641a69:0x29277,64,56,43,0
10728d70e0641a69:0x292be,60,47,37,0
10728d70e0641a69:0x292be,60,48,37,0
10728d70e0641a69:0x292be,61,48,37,0
10728d70e0641a69:0x2934c,63,54,42,0
10728d70e0641a69:0x2934c,63,55,42,0
10728d70e0641a69:0x2934c,64,55,42,0
10728d70e0641a69:0x29394,61,48,39,0
10728d70e0641a69:0x29394,61,49,39,0
10728d70e0641a69:0x29394,62,49,39,0
10728d70e0641a69:0x2e2bf,25,10,11,0
10728d70e0641a69:0x2e2bf,25,11,11,0
10728d70e0641a69:0x2e2bf,26,11,11,0
10728d70e0641a69:0x7b733,55,16,16,0
10728d70e0641a69:0x7b73b,73,18,70,0
10728d70e0641a69:0xa817c,110,18,0,0
10728d70e0641a69:0xa817c,111,18,0,0
10728d70e0641a69:0x1159e5,104,0,16,0
10728d70e0641a69:0x115a2d,174,22,72,0
10728d70e0641a69:0xa85ea,95,11,12,0
10728d70e0641a69:0xa85ea,95,12,12,0
10728d70e0641a69:0xa85ea,96,12,12,0
10728d70e0641a69:0xaac9f,2,1,2,0
10728d70e0641a69:0xaac9f,2,2,2,0
10728d70e0641a69:0xaac9f,3,2,2,0
10728d70e0641a69:0xaace6,2,1,2,0
10728d70e0641a69:0xaace6,2,2,2,0
10728d70e0641a69:0xaace6,3,2,2,0
10728d70e0641a69:0xaad36,2,1,2,0
10728d70e0641a69:0xaad36,2,2,2,0
10728d70e0641a69:0xaad36,3,2,2,0
10728d70e0641a69:0xaad8f,2,1,2,0
10728d70e0641a69:0xaad8f,2,2,2,0
10728d70e0641a69:0xaad8f,3,2,2,0
10728d70e0641a69:0xab7d3,2,1,2,0
10728d70e0641a69:0xab7d3,2,2,2,0
10728d70e0641a69:0xab7d3,3,2,2,0
10728d70e0641a69:0xaae10,2,1,2,0
10728d70e0641a69:0xaae10,2,2,2,0
10728d70e0641a69:0xaae10,3,2,2,0
10728d70e0641a69:0xa897f,26,11,12,0
10728d70e0641a69:0xa897f,26,12,12,0
10728d70e0641a69:0xa897f,27,12,12,0
10728d70e0641a69:0x7b733,55,16,17,0
10728d70e0641a69:0x7b733,55,17,17,0
10728d70e0641a69:0x7b733,56,17,17,0
10728d70e0641a69:0x7b73b,73,18,71,0
10728d70e0641a69:0x7b73b,73,19,71,0
10728d70e0641a69:0x7b73b,74,19,71,0
10728d70e0641a69:0x7b73b,74,19,72,0
10728d70e0641a69:0x7b73b,74,19,73,0
10728d70e0641a69:0x7b73b,74,19,74,0
10728d70e0641a69:0x7b73b,74,19,75,0
10728d70e0641a69:0xa94e7,26,10,10,0
10728d70e0641a69:0x783b7,16,13,14,0
10728d70e0641a69:0x783b7,16,14,14,0
10728d70e0641a69:0x783b7,17,14,14,0
10728d70e0641a69:0x7782e,16,0,27,0
10728d70e0641a69:0x7782e,16,0,28,0
10728d70e0641a69:0x7782e,17,0,28,0
10728d70e0641a69:0x77834,16,12,13,0
10728d70e0641a69:0x77834,16,13,13,0
10728d70e0641a69:0x77834,17,13,13,0
10728d70e0641a69:0x783e9,16,0,27,0
10728d70e0641a69:0x783e9,16,0,28,0
10728d70e0641a69:0x783e9,17,0,28,0
10728d70e0641a69:0x7b7dc,49,0,2,0
10728d70e0641a69:0x8eccc,50,3,0,0
10728d70e0641a69:0xa817c,112,18,0,0
10728d70e0641a69:0x1159e5,105,0,16,0
10728d70e0641a69:0x6cd2,167,25,14,0
10728d70e0641a69:0x115a2d,175,22,72,0
10728d70e0641a69:0xa81f9,97,7,0,0
10728d70e0641a69:0xa8240,95,7,1,0
10728d70e0641a69:0xa828b,94,6,1,0
10728d70e0641a69:0xa82d2,94,7,2,0
10728d70e0641a69:0xa831e,93,6,1,0
10728d70e0641a69:0xa8362,93,7,2,0
10728d70e0641a69:0xa83af,92,6,1,0
10728d70e0641a69:0xa83f8,92,7,2,0
10728d70e0641a69:0xa856e,91,10,9,0
10728d70e0641a69:0xa85ea,97,12,12,0
10728d70e0641a69:0x3e5dd,91,11,11,0
10728d70e0641a69:0x3e6a2,87,8,7,0
10728d70e0641a69:0xaa573,27,3,3,0
10728d70e0641a69:0x6cd2,168,25,14,0
10728d70e0641a69:0x115a2d,176,22,72,0
10728d70e0641a69:0xa6db7,43,5,5,0
10728d70e0641a69:0xa6ec6,43,7,8,0
10728d70e0641a69:0xaa60f,24,1,0,0
10728d70e0641a69:0xaa680,24,1,0,0
10728d70e0641a69:0xaa713,24,1,0,0
10728d70e0641a69:0xaa758,24,2,1,0
10728d70e0641a69:0xaa79c,12,1,0,0
10728d70e0641a69:0xaa82b,12,1,0,0
10728d70e0641a69:0xf247,24,2,1,0
10728d70e0641a69:0xf30f,24,2,1,0
10728d70e0641a69:0xf38b,24,2,1,0
10728d70e0641a69:0xf483,24,2,1,0
10728d70e0641a69:0xf500,24,2,1,0
10728d70e0641a69:0xf5cf,24,2,1,0
10728d70e0641a69:0xf613,24,2,1,0
10728d70e0641a69:0xf68f,24,2,1,0
10728d70e0641a69:0xf74c,24,2,2,0
10728d70e0641a69:0xf78f,12,1,1,0
10728d70e0641a69:0xf80c,24,2,1,0
10728d70e0641a69:0xf89a,24,2,1,0
10728d70e0641a69:0xf9a6,24,2,1,0
10728d70e0641a69:0xc4116,24,2,2,0
10728d70e0641a69:0xc4268,24,2,2,0
10728d70e0641a69:0xa817c,113,18,0,0
10728d70e0641a69:0x1159e5,106,0,16,0
10728d70e0641a69:0x6cd2,169,25,14,0
10728d70e0641a69:0x115a2d,177,22,72,0
10728d70e0641a69:0xa81f9,98,7,0,0
10728d70e0641a69:0xa8240,96,7,1,0
10728d70e0641a69:0xa828b,95,6,1,0
10728d70e0641a69:0xa82d2,95,7,2,0
10728d70e0641a69:0xa831e,94,6,1,0
10728d70e0641a69:0xa8362,94,7,2,0
10728d70e0641a69:0xa83af,93,6,1,0
10728d70e0641a69:0xa83f8,93,7,2,0
10728d70e0641a69:0xa856e,92,10,9,0
10728d70e0641a69:0xa85ea,98,12,12,0
10728d70e0641a69:0x3e5dd,92,11,11,0
10728d70e0641a69:0x3e6a2,88,8,7,0
10728d70e0641a69:0x3e6e6,61,7,7,0
10728d70e0641a69:0x3e730,60,0,12,0
10728d70e0641a69:0x3e9ce,60,6,6,0
10728d70e0641a69:0x3ea12,60,6,6,0
10728d70e0641a69:0x3ea56,60,6,3,0
10728d70e0641a69:0x3ea9a,59,6,2,0
10728d70e0641a69:0x3eade,59,9,5,0
10728d70e0641a69:0x3eb22,54,7,3,0
10728d70e0641a69:0xabb3b,15,3,3,0
10728d70e0641a69:0x6cd2,170,25,14,0
10728d70e0641a69:0x115a2d,178,22,72,0
10728d70e0641a69:0xa6db7,44,5,5,0
10728d70e0641a69:0xa6ec6,44,7,8,0
10728d70e0641a69:0xabcdc,14,2,1,0
10728d70e0641a69:0xabc8,14,2,1,0
10728d70e0641a69:0xa817c,114,18,0,0
10728d70e0641a69:0x1159e5,107,0,16,0
10728d70e0641a69:0x6cd2,171,25,14,0
10728d70e0641a69:0x115a2d,179,22,72,0
10728d70e0641a69:0xa81f9,99,7,0,0
10728d70e0641a69:0xa8240,97,7,1,0
10728d70e0641a69:0xa828b,96,6,1,0
10728d70e0641a69:0xa82d2,96,7,2,0
10728d70e0641a69:0xa831e,95,6,1,0
10728d70e0641a69:0xa8362,95,7,2,0
10728d70e0641a69:0xa83af,94,6,1,0
10728d70e0641a69:0xa83f8,94,7,2,0
10728d70e0641a69:0xa856e,93,10,9,0
10728d70e0641a69:0xa85ea,99,12,12,0
10728d70e0641a69:0x3e5dd,93,11,11,0
10728d70e0641a69:0x3e6a2,89,8,7,0
10728d70e0641a69:0x3e6e6,62,7,7,0
10728d70e0641a69:0x3e730,61,0,12,0
10728d70e0641a69:0x3e9ce,61,6,6,0
10728d70e0641a69:0x3ea12,61,6,6,0
10728d70e0641a69:0x3ea56,61,6,3,0
10728d70e0641a69:0x3ea9a,60,6,2,0
10728d70e0641a69:0x3eade,60,9,5,0
10728d70e0641a69:0x3eb22,55,7,3,0
10728d70e0641a69:0x3eb66,40,6,4,0
10728d70e0641a69:0xa897f,28,12,12,0
10728d70e0641a69:0xa8a0f,24,9,9,0
10728d70e0641a69:0xa904a,24,9,9,0
10728d70e0641a69:0x6e1b4,26,10,10,0
10728d70e0641a69:0x7b73b,75,19,75,0
10728d70e0641a69:0x7b746,25,9,9,0
10728d70e0641a69:0x7b74f,25,9,11,0
10728d70e0641a69:0x7b76c,159,17,18,0
10728d70e0641a69:0x7b782,26,1,19,0
10728d70e0641a69:0x6e283,26,1,19,0
10728d70e0641a69:0x5db32,26,1,19,0
10728d70e0641a69:0x6cd2,172,25,14,0
10728d70e0641a69:0x6d9b,25,9,9,0
10728d70e0641a69:0x6dee,25,9,9,0
10728d70e0641a69:0x115a2d,180,22,72,0
10728d70e0641a69:0x1167a4,25,8,16,0
10728d70e0641a69:0x116947,25,9,19,0
10728d70e0641a69:0x1169b7,25,9,9,0
10728d70e0641a69:0x6e7d,25,0,18,0
10728d70e0641a69:0xa93cd,23,8,8,0
10728d70e0641a69:0x7b733,57,17,17,0
10728d70e0641a69:0x7b73b,76,19,75,0
10728d70e0641a69:0xa94e7,27,10,10,0
10728d70e0641a69:0xa9539,24,9,9,0
10728d70e0641a69:0x290c3,65,49,41,0
10728d70e0641a69:0x2910c,63,49,41,0
10728d70e0641a69:0x2919f,65,56,43,0
10728d70e0641a69:0x291e6,62,48,39,0
10728d70e0641a69:0x29277,65,56,43,0
10728d70e0641a69:0x292be,62,48,37,0
10728d70e0641a69:0x2934c,65,55,42,0
10728d70e0641a69:0x29394,63,49,39,0
10728d70e0641a69:0x2e2bf,27,11,11,0
10728d70e0641a69:0x290c3,66,49,41,0
10728d70e0641a69:0x2910c,64,49,41,0
10728d70e0641a69:0x2919f,66,56,43,0
10728d70e0641a69:0x291e6,63,48,39,0
10728d70e0641a69:0x29277,66,56,43,0
10728d70e0641a69:0x292be,63,48,37,0
10728d70e0641a69:0x2934c,66,55,42,0
10728d70e0641a69:0x29394,64,49,39,0
10728d70e0641a69:0x2fde4,7,6,6,0
10728d70e0641a69:0x7b733,58,17,17,0
10728d70e0641a69:0x7b73b,77,19,75,0
10728d70e0641a69:0xa817c,115,18,0,0
10728d70e0641a69:0x1159e5,108,0,16,0
10728d70e0641a69:0x115a2d,181,22,72,0
10728d70e0641a69:0xa85ea,99,12,13,0
10728d70e0641a69:0xa85ea,99,13,13,0
10728d70e0641a69:0xa85ea,100,13,13,0
10728d70e0641a69:0xaac9f,3,2,3,0
10728d70e0641a69:0xaac9f,3,3,3,0
10728d70e0641a69:0xaac9f,4,3,3,0
10728d70e0641a69:0xaace6,3,2,3,0
10728d70e0641a69:0xaace6,3,3,3,0
10728d70e0641a69:0xaace6,4,3,3,0
10728d70e0641a69:0xaad36,4,2,2,0
10728d70e0641a69:0xaad8f,3,2,3,0
10728d70e0641a69:0xaad8f,3,3,3,0
10728d70e0641a69:0xaad8f,4,3,3,0
10728d70e0641a69:0xab7d3,3,2,3,0
10728d70e0641a69:0xab7d3,3,3,3,0
10728d70e0641a69:0xab7d3,4,3,3,0
10728d70e0641a69:0xaae10,3,2,3,0
10728d70e0641a69:0xaae10,3,3,3,0
10728d70e0641a69:0xaae10,4,3,3,0
10728d70e0641a69:0xa897f,28,12,13,0
10728d70e0641a69:0xa897f,28,13,13,0
10728d70e0641a69:0xa897f,29,13,13,0
10728d70e0641a69:0x7b733,59,17,17,0
10728d70e0641a69:0x7b73b,78,19,75,0
10728d70e0641a69:0xa94e7,28,10,10,0
10728d70e0641a69:0x783b7,18,14,14,0
10728d70e0641a69:0x7782e,18,0,28,0
10728d70e0641a69:0x77834,18,13,13,0
10728d70e0641a69:0x783e9,18,0,28,0
10728d70e0641a69:0x7b7dc,50,0,2,0
10728d70e0641a69:0x8eccc,51,3,0,0
10728d70e0641a69:0xa817c,116,18,0,0
10728d70e0641a69:0x1159e5,109,0,16,0
10728d70e0641a69:0x6cd2,173,25,14,0
10728d70e0641a69:0x115a2d,182,22,72,0
10728d70e0641a69:0xa81f9,100,7,0,0
10728d70e0641a69:0xa8240,98,7,1,0
10728d70e0641a69:0xa828b,97,6,1,0
10728d70e0641a69:0xa82d2,97,7,2,0
10728d70e0641a69:0xa831e,96,6,1,0
10728d70e0641a69:0xa8362,96,7,2,0
10728d70e0641a69:0xa83af,95,6,1,0
10728d70e0641a69:0xa83f8,95,7,2,0
10728d70e0641a69:0xa856e,94,10,9,0
10728d70e0641a69:0xa85ea,101,13,13,0
10728d70e0641a69:0x3e5dd,94,11,11,0
10728d70e0641a69:0x3e6a2,90,8,7,0
10728d70e0641a69:0xaa573,28,3,3,0
10728d70e0641a69:0x6cd2,174,25,14,0
10728d70e0641a69:0x115a2d,183,22,72,0
10728d70e0641a69:0xa6db7,45,5,5,0
10728d70e0641a69:0xa6ec6,45,7,8,0
10728d70e0641a69:0xaa60f,25,1,0,0
10728d70e0641a69:0xaa680,25,1,0,0
10728d70e0641a69:0xaa713,25,1,0,0
10728d70e0641a69:0xaa758,25,2,1,0
10728d70e0641a69:0xaa79c,13,1,0,0
10728d70e0641a69:0xaa82b,13,1,0,0
10728d70e0641a69:0xf247,25,2,1,0
10728d70e0641a69:0xf30f,25,2,1,0
10728d70e0641a69:0xf38b,25,2,1,0
10728d70e0641a69:0xf483,25,2,1,0
10728d70e0641a69:0xf500,25,2,1,0
10728d70e0641a69:0xf5cf,25,2,1,0
10728d70e0641a69:0xf613,25,2,1,0
10728d70e0641a69:0xf68f,25,2,1,0
10728d70e0641a69:0xf74c,25,2,2,0
10728d70e0641a69:0xf78f,13,1,1,0
10728d70e0641a69:0xf80c,25,2,1,0
10728d70e0641a69:0xf89a,25,2,1,0
10728d70e0641a69:0xf9a6,25,2,1,0
10728d70e0641a69:0xc4116,25,2,2,0
10728d70e0641a69:0xc4268,25,2,2,0
10728d70e0641a69:0xa817c,117,18,0,0
10728d70e0641a69:0x1159e5,110,0,16,0
10728d70e0641a69:0x6cd2,175,25,14,0
10728d70e0641a69:0x115a2d,184,22,72,0
10728d70e0641a69:0xa81f9,101,7,0,0
10728d70e0641a69:0xa8240,99,7,1,0
10728d70e0641a69:0xa828b,98,6,1,0
10728d70e0641a69:0xa82d2,98,7,2,0
10728d70e0641a69:0xa831e,97,6,1,0
10728d70e0641a69:0xa8362,97,7,2,0
10728d70e0641a69:0xa83af,96,6,1,0
10728d70e0641a69:0xa83f8,96,7,2,0
10728d70e0641a69:0xa856e,95,10,9,0
10728d70e0641a69:0xa85ea,102,13,13,0
10728d70e0641a69:0x3e5dd,95,11,11,0
10728d70e0641a69:0x3e6a2,91,8,7,0
10728d70e0641a69:0x3e6e6,63,7,7,0
10728d70e0641a69:0x3e730,62,0,12,0
10728d70e0641a69:0x3e9ce,62,6,6,0
10728d70e0641a69:0x3ea12,62,6,6,0
10728d70e0641a69:0x3ea56,62,6,3,0
10728d70e0641a69:0x3ea9a,61,6,2,0
10728d70e0641a69:0x3eade,61,9,5,0
10728d70e0641a69:0x3eb22,56,7,3,0
10728d70e0641a69:0xabb3b,16,3,3,0
10728d70e0641a69:0x6cd2,176,25,14,0
10728d70e0641a69:0x115a2d,185,22,72,0
10728d70e0641a69:0xa6db7,46,5,5,0
10728d70e0641a69:0xa6ec6,46,7,8,0
10728d70e0641a69:0xabcdc,15,2,1,0
10728d70e0641a69:0xabc8,15,2,1,0
10728d70e0641a69:0xa817c,118,18,0,0
10728d70e0641a69:0x1159e5,111,0,16,0
10728d70e0641a69:0x6cd2,177,25,14,0
10728d70e0641a69:0x115a2d,186,22,72,0
10728d70e0641a69:0xa81f9,102,7,0,0
10728d70e0641a69:0xa8240,100,7,1,0
10728d70e0641a69:0xa828b,99,6,1,0
10728d70e0641a69:0xa82d2,99,7,2,0
10728d70e0641a69:0xa831e,98,6,1,0
10728d70e0641a69:0xa8362,98,7,2,0
10728d70e0641a69:0xa83af,97,6,1,0
10728d70e0641a69:0xa83f8,97,7,2,0
10728d70e0641a69:0xa856e,96,10,9,0
10728d70e0641a69:0xa85ea,103,13,13,0
10728d70e0641a69:0x3e5dd,96,11,11,0
10728d70e0641a69:0x3e6a2,92,8,7,0
10728d70e0641a69:0x3e6e6,64,7,7,0
10728d70e0641a69:0x3e730,63,0,12,0
10728d70e0641a69:0x3e9ce,63,6,6,0
10728d70e0641a69:0x3ea12,63,6,6,0
10728d70e0641a69:0x3ea56,63,6,3,0
10728d70e0641a69:0x3ea9a,62,6,2,0
10728d70e0641a69:0x3eade,61,9,6,0
10728d70e0641a69:0x3eade,61,10,6,0
10728d70e0641a69:0x3eade,62,10,6,0
10728d70e0641a69:0xb0cf6,4,2,3,0
10728d70e0641a69:0xb0cf6,4,3,3,0
10728d70e0641a69:0xb0cf6,5,3,3,0
10728d70e0641a69:0xa897f,29,13,14,0
10728d70e0641a69:0xa897f,29,14,14,0
10728d70e0641a69:0xa897f,30,14,14,0
10728d70e0641a69:0xa8a0f,24,9,10,0
10728d70e0641a69:0xa8a0f,24,10,10,0
10728d70e0641a69:0xa8a0f,25,10,10,0
10728d70e0641a69:0xa904a,24,9,10,0
10728d70e0641a69:0xa904a,24,10,10,0
10728d70e0641a69:0xa904a,25,10,10,0
10728d70e0641a69:0x6e1b4,26,10,11,0
10728d70e0641a69:0x6e1b4,26,11,11,0
10728d70e0641a69:0x6e1b4,27,11,11,0
10728d70e0641a69:0x7b73b,78,19,76,0
10728d70e0641a69:0x7b73b,78,20,76,0
10728d70e0641a69:0x7b73b,79,20,76,0
10728d70e0641a69:0x7b746,25,9,10,0
10728d70e0641a69:0x7b746,25,10,10,0
10728d70e0641a69:0x7b746,26,10,10,0
10728d70e0641a69:0x7b74f,25,9,12,0
10728d70e0641a69:0x7b74f,25,10,12,0
10728d70e0641a69:0x7b74f,26,10,12,0
10728d70e0641a69:0x7b76c,159,17,19,0
10728d70e0641a69:0x7b76c,159,18,19,0
10728d70e0641a69:0x7b76c,160,18,19,0
10728d70e0641a69:0x7b782,26,1,20,0
10728d70e0641a69:0x7b782,26,1,21,0
10728d70e0641a69:0x7b782,27,1,21,0
10728d70e0641a69:0x6e283,26,1,20,0
10728d70e0641a69:0x6e283,26,1,21,0
10728d70e0641a69:0x6e283,27,1,21,0
10728d70e0641a69:0x5db32,26,1,20,0
10728d70e0641a69:0x5db32,26,1,21,0
10728d70e0641a69:0x5db32,27,1,21,0
10728d70e0641a69:0x6cd2,177,25,15,0
10728d70e0641a69:0x6cd2,177,26,15,0
10728d70e0641a69:0x6cd2,178,26,15,0
10728d70e0641a69:0x6d9b,25,9,10,0
10728d70e0641a69:0x6d9b,25,10,10,0
10728d70e0641a69:0x6d9b,26,10,10,0
10728d70e0641a69:0x6dee,25,9,10,0
10728d70e0641a69:0x6dee,25,10,10,0
10728d70e0641a69:0x6dee,26,10,10,0
10728d70e0641a69:0x115a2d,186,22,73,0
10728d70e0641a69:0x115a2d,186,23,73,0
10728d70e0641a69:0x115a2d,187,23,73,0
10728d70e0641a69:0x1167a4,25,8,17,0
10728d70e0641a69:0x1167a4,25,9,17,0
10728d70e0641a69:0x1167a4,26,9,17,0
10728d70e0641a69:0x116947,25,9,20,0
10728d70e0641a69:0x116947,25,10,20,0
10728d70e0641a69:0x116947,26,10,20,0
10728d70e0641a69:0x116947,26,10,21,0
10728d70e0641a69:0x1169b7,25,9,10,0
10728d70e0641a69:0x1169b7,25,10,10,0
10728d70e0641a69:0x1169b7,26,10,10,0
10728d70e0641a69:0x6e7d,25,0,19,0
10728d70e0641a69:0x6e7d,25,0,20,0
10728d70e0641a69:0x6e7d,26,0,20,0
10728d70e0641a69:0xa93cd,23,8,9,0
10728d70e0641a69:0xa93cd,23,9,9,0
10728d70e0641a69:0xa93cd,24,9,9,0
10728d70e0641a69:0x7b733,59,17,18,0
10728d70e0641a69:0x7b733,59,18,18,0
10728d70e0641a69:0x7b733,60,18,18,0
10728d70e0641a69:0x7b73b,80,20,76,0
10728d70e0641a69:0xa94e7,28,10,11,0
10728d70e0641a69:0xa94e7,28,11,11,0
10728d70e0641a69:0xa94e7,29,11,11,0
10728d70e0641a69:0xa9539,25,9,9,0
10728d70e0641a69:0x290c3,66,49,42,0
10728d70e0641a69:0x290c3,66,50,42,0
10728d70e0641a69:0x290c3,67,50,42,0
10728d70e0641a69:0x2910c,64,49,42,0
10728d70e0641a69:0x2910c,64,50,42,0
10728d70e0641a69:0x2910c,65,50,42,0
10728d70e0641a69:0x2919f,66,56,44,0
10728d70e0641a69:0x2919f,66,57,44,0
10728d70e0641a69:0x2919f,67,57,44,0
10728d70e0641a69:0x291e6,63,48,40,0
10728d70e0641a69:0x291e6,63,49,40,0
10728d70e0641a69:0x291e6,64,49,40,0
10728d70e0641a69:0x29277,66,56,44,0
10728d70e0641a69:0x29277,66,57,44,0
10728d70e0641a69:0x29277,67,57,44,0
10728d70e0641a69:0x292be,63,48,38,0
10728d70e0641a69:0x292be,63,49,38,0
10728d70e0641a69:0x292be,64,49,38,0
10728d70e0641a69:0x2934c,66,55,43,0
10728d70e0641a69:0x2934c,66,56,43,0
10728d70e0641a69:0x2934c,67,56,43,0
10728d70e0641a69:0x29394,64,49,40,0
10728d70e0641a69:0x29394,64,50,40,0
10728d70e0641a69:0x29394,65,50,40,0
10728d70e0641a69:0x2e2bf,27,11,12,0
10728d70e0641a69:0x2e2bf,27,12,12,0
10728d70e0641a69:0x2e2bf,28,12,12,0
10728d70e0641a69:0x290c3,68,50,42,0
10728d70e0641a69:0x2910c,66,50,42,0
10728d70e0641a69:0x2919f,68,57,44,0
10728d70e0641a69:0x291e6,65,49,40,0
10728d70e0641a69:0x29277,68,57,44,0
10728d70e0641a69:0x292be,65,49,38,0
10728d70e0641a69:0x2934c,68,56,43,0
10728d70e0641a69:0x29394,66,50,40,0
10728d70e0641a69:0x2fde4,7,6,7,0
10728d70e0641a69:0x2fde4,7,7,7,0
10728d70e0641a69:0x2fde4,8,7,7,0
10728d70e0641a69:0x7b733,61,18,18,0
10728d70e0641a69:0x7b73b,81,20,76,0
10728d70e0641a69:0xa817c,118,19,0,0
10728d70e0641a69:0xa817c,119,19,0,0
10728d70e0641a69:0x1159e5,112,0,16,0
10728d70e0641a69:0x115a2d,188,23,73,0
10728d70e0641a69:0xa85ea,103,13,14,0
10728d70e0641a69:0xa85ea,103,14,14,0
10728d70e0641a69:0xa85ea,104,14,14,0
10728d70e0641a69:0xaac9f,4,3,4,0
10728d70e0641a69:0xaac9f,4,4,4,0
10728d70e0641a69:0xaac9f,5,4,4,0
10728d70e0641a69:0xaace6,4,3,4,0
10728d70e0641a69:0xaace6,4,4,4,0
10728d70e0641a69:0xaace6,5,4,4,0
10728d70e0641a69:0xaad36,4,2,3,0
10728d70e0641a69:0xaad36,4,3,3,0
10728d70e0641a69:0xaad36,5,3,3,0
10728d70e0641a69:0xaad8f,4,3,4,0
10728d70e0641a69:0xaad8f,4,4,4,0
10728d70e0641a69:0xaad8f,5,4,4,0
10728d70e0641a69:0xab7d3,4,3,4,0
10728d70e0641a69:0xab7d3,4,4,4,0
10728d70e0641a69:0xab7d3,5,4,4,0
10728d70e0641a69:0xaae10,4,3,4,0
10728d70e0641a69:0xaae10,4,4,4,0
10728d70e0641a69:0xaae10,5,4,4,0
10728d70e0641a69:0xa897f,30,14,15,0
10728d70e0641a69:0xa897f,30,15,15,0
10728d70e0641a69:0xa897f,31,15,15,0
10728d70e0641a69:0x7b733,62,18,18,0
10728d70e0641a69:0x7b73b,82,20,76,0
10728d70e0641a69:0xa94e7,30,11,11,0
10728d70e0641a69:0x783b7,18,14,15,0
10728d70e0641a69:0x783b7,18,15,15,0
10728d70e0641a69:0x783b7,19,15,15,0
10728d70e0641a69:0x7782e,18,0,29,0
10728d70e0641a69:0x7782e,18,0,30,0
10728d70e0641a69:0x7782e,19,0,30,0
10728d70e0641a69:0x77834,18,13,14,0
10728d70e0641a69:0x77834,18,14,14,0
10728d70e0641a69:0x77834,19,14,14,0
10728d70e0641a69:0x783e9,18,0,29,0
10728d70e0641a69:0x783e9,18,0,30,0
10728d70e0641a69:0x783e9,19,0,30,0
10728d70e0641a69:0x7b7dc,51,0,2,0
10728d70e0641a69:0x8eccc,52,3,0,0
10728d70e0641a69:0xa817c,120,19,0,0
10728d70e0641a69:0x1159e5,113,0,16,0
10728d70e0641a69:0x6cd2,179,26,15,0
10728d70e0641a69:0x115a2d,189,23,73,0
10728d70e0641a69:0xa81f9,103,7,0,0
10728d70e0641a69:0xa8240,101,7,1,0
10728d70e0641a69:0xa828b,100,6,1,0
10728d70e0641a69:0xa82d2,100,7,2,0
10728d70e0641a69:0xa831e,99,6,1,0
10728d70e0641a69:0xa8362,99,7,2,0
10728d70e0641a69:0xa83af,98,6,1,0
10728d70e0641a69:0xa83f8,98,7,2,0
10728d70e0641a69:0xa856e,97,10,9,0
10728d70e0641a69:0xa85ea,105,14,14,0
10728d70e0641a69:0x3e5dd,97,11,11,0
10728d70e0641a69:0x3e6a2,93,8,7,0
10728d70e0641a69:0xaa573,29,3,3,0
10728d70e0641a69:0x6cd2,180,26,15,0
10728d70e0641a69:0x115a2d,190,23,73,0
10728d70e0641a69:0xa6db7,47,5,5,0
10728d70e0641a69:0xa6ec6,47,7,8,0
10728d70e0641a69:0xaa60f,26,1,0,0
10728d70e0641a69:0xaa680,26,1,0,0
10728d70e0641a69:0xaa713,26,1,0,0
10728d70e0641a69:0xaa758,26,2,1,0
10728d70e0641a69:0xaa79c,14,1,0,0
10728d70e0641a69:0xaa82b,14,1,0,0
10728d70e0641a69:0xf247,26,2,1,0
10728d70e0641a69:0xf30f,26,2,1,0
10728d70e0641a69:0xf38b,26,2,1,0
10728d70e0641a69:0xf483,26,2,1,0
10728d70e0641a69:0xf500,26,2,1,0
10728d70e0641a69:0xf5cf,26,2,1,0
10728d70e0641a69:0xf613,26,2,1,0
10728d70e0641a69:0xf68f,26,2,1,0
10728d70e0641a69:0xf74c,26,2,2,0
10728d70e0641a69:0xf78f,14,1,1,0
10728d70e0641a69:0xf80c,26,2,1,0
10728d70e0641a69:0xf89a,26,2,1,0
10728d70e0641a69:0xf9a6,26,2,1,0
10728d70e0641a69:0xc4116,26,2,2,0
10728d70e0641a69:0xc4268,26,2,2,0
10728d70e0641a69:0xa817c,121,19,0,0
10728d70e0641a69:0x1159e5,114,0,16,0
10728d70e0641a69:0x6cd2,181,26,15,0
10728d70e0641a69:0x115a2d,191,23,73,0
10728d70e0641a69:0xa81f9,104,7,0,0
10728d70e0641a69:0xa8240,102,7,1,0
10728d70e0641a69:0xa828b,101,6,1,0
10728d70e0641a69:0xa82d2,101,7,2,0
10728d70e0641a69:0xa831e,100,6,1,0
10728d70e0641a69:0xa8362,100,7,2,0
10728d70e0641a69:0xa83af,99,6,1,0
10728d70e0641a69:0xa83f8,99,7,2,0
10728d70e0641a69:0xa856e,98,10,9,0
10728d70e0641a69:0xa85ea,106,14,14,0
10728d70e0641a69:0x3e5dd,98,11,11,0
10728d70e0641a69:0x3e6a2,94,8,7,0
10728d70e0641a69:0x3e6e6,65,7,7,0
10728d70e0641a69:0x3e730,64,0,12,0
10728d70e0641a69:0x3e9ce,64,6,6,0
10728d70e0641a69:0x3ea12,64,6,6,0
10728d70e0641a69:0x3ea56,63,6,4,0
10728d70e0641a69:0x3ea56,63,7,4,0
10728d70e0641a69:0x3ea56,64,7,4,0
10728d70e0641a69:0xb0219,0,0,1,0
10728d70e0641a69:0xb0219,0,1,1,0
10728d70e0641a69:0xb0219,1,1,1,0
10728d70e0641a69:0xa897f,31,15,16,0
10728d70e0641a69:0xa897f,31,16,16,0
10728d70e0641a69:0xa897f,32,16,16,0
10728d70e0641a69:0xa8a0f,25,10,11,0
10728d70e0641a69:0xa8a0f,25,11,11,0
10728d70e0641a69:0xa8a0f,26,11,11,0
10728d70e0641a69:0xa904a,25,10,11,0
10728d70e0641a69:0xa904a,25,11,11,0
10728d70e0641a69:0xa904a,26,11,11,0
10728d70e0641a69:0x6e1b4,27,11,12,0
10728d70e0641a69:0x6e1b4,27,12,12,0
10728d70e0641a69:0x6e1b4,28,12,12,0
10728d70e0641a69:0x7b73b,82,20,77,0
10728d70e0641a69:0x7b73b,82,21,77,0
10728d70e0641a69:0x7b73b,83,21,77,0
10728d70e0641a69:0x7b746,26,10,11,0
10728d70e0641a69:0x7b746,26,11,11,0
10728d70e0641a69:0x7b746,27,11,11,0
10728d70e0641a69:0x7b74f,26,10,13,0
10728d70e0641a69:0x7b74f,26,11,13,0
10728d70e0641a69:0x7b74f,27,11,13,0
10728d70e0641a69:0x7b76c,160,18,20,0
10728d70e0641a69:0x7b76c,160,19,20,0
10728d70e0641a69:0x7b76c,161,19,20,0
10728d70e0641a69:0x7b76c,162,19,20,0
10728d70e0641a69:0x7b76c,163,19,20,0
10728d70e0641a69:0x7b76c,163,19,21,0
10728d70e0641a69:0x7b76c,163,20,21,0
10728d70e0641a69:0x7b76c,164,20,21,0
10728d70e0641a69:0x7b782,27,1,22,0
10728d70e0641a69:0x7b782,27,1,23,0
10728d70e0641a69:0x7b782,28,1,23,0
10728d70e0641a69:0x6e283,27,1,22,0
10728d70e0641a69:0x6e283,27,1,23,0
10728d70e0641a69:0x6e283,28,1,23,0
10728d70e0641a69:0x5db32,27,1,22,0
10728d70e0641a69:0x5db32,27,1,23,0
10728d70e0641a69:0x5db32,28,1,23,0
10728d70e0641a69:0x6cd2,181,26,16,0
10728d70e0641a69:0x6cd2,181,27,16,0
10728d70e0641a69:0x6cd2,182,27,16,0
10728d70e0641a69:0x6d9b,26,10,11,0
10728d70e0641a69:0x6d9b,26,11,11,0
10728d70e0641a69:0x6d9b,27,11,11,0
10728d70e0641a69:0x6dee,26,10,11,0
10728d70e0641a69:0x6dee,26,11,11,0
10728d70e0641a69:0x6dee,27,11,11,0
10728d70e0641a69:0x115a2d,191,23,74,0
10728d70e0641a69:0x115a2d,191,24,74,0
10728d70e0641a69:0x115a2d,192,24,74,0
10728d70e0641a69:0x1167a4,26,9,18,0
10728d70e0641a69:0x1167a4,26,10,18,0
10728d70e0641a69:0x1167a4,27,10,18,0
10728d70e0641a69:0x116947,26,10,22,0
10728d70e0641a69:0x116947,26,11,22,0
10728d70e0641a69:0x116947,27,11,22,0
10728d70e0641a69:0x116947,27,11,23,0
10728d70e0641a69:0x1169b7,26,10,11,0
10728d70e0641a69:0x1169b7,26,11,11,0
10728d70e0641a69:0x1169b7,27,11,11,0
10728d70e0641a69:0x1169fb,16,4,5,0
10728d70e0641a69:0x1169fb,16,5,5,0
10728d70e0641a69:0x1169fb,17,5,5,0
10728d70e0641a69:0x116a40,16,4,7,0
10728d70e0641a69:0x116a40,16,5,7,0
10728d70e0641a69:0x116a40,17,5,7,0
10728d70e0641a69:0x116a84,14,2,3,0
10728d70e0641a69:0x116a84,14,3,3,0
10728d70e0641a69:0x116a84,15,3,3,0
10728d70e0641a69:0x116ac8,14,2,6,0
10728d70e0641a69:0x116ac8,14,3,6,0
10728d70e0641a69:0x116ac8,15,3,6,0
10728d70e0641a69:0x116ac8,15,3,7,0
10728d70e0641a69:0x116ac8,15,3,8,0
10728d70e0641a69:0x116ac8,15,3,9,0
10728d70e0641a69:0x116e00,16,4,5,0
10728d70e0641a69:0x116e00,16,5,5,0
10728d70e0641a69:0x116e00,17,5,5,0
10728d70e0641a69:0x6e7d,26,0,21,0
10728d70e0641a69:0x6e7d,26,0,22,0
10728d70e0641a69:0x6e7d,27,0,22,0
10728d70e0641a69:0xa93cd,24,9,10,0
10728d70e0641a69:0xa93cd,24,10,10,0
10728d70e0641a69:0xa93cd,25,10,10,0
10728d70e0641a69:0x7b733,62,18,19,0
10728d70e0641a69:0x7b733,62,19,19,0
10728d70e0641a69:0x7b733,63,19,19,0
10728d70e0641a69:0x7b73b,84,21,77,0
10728d70e0641a69:0xa94e7,30,11,12,0
10728d70e0641a69:0xa94e7,30,12,12,0
10728d70e0641a69:0xa94e7,31,12,12,0
10728d70e0641a69:0xa9539,25,9,10,0
10728d70e0641a69:0xa9539,25,10,10,0
10728d70e0641a69:0xa9539,26,10,10,0
10728d70e0641a69:0x290c3,68,50,43,0
10728d70e0641a69:0x290c3,68,51,43,0
10728d70e0641a69:0x290c3,69,51,43,0
10728d70e0641a69:0x2910c,67,50,42,0
10728d70e0641a69:0x2919f,68,57,45,0
10728d70e0641a69:0x2919f,68,58,45,0
10728d70e0641a69:0x2919f,69,58,45,0
10728d70e0641a69:0x291e6,65,49,41,0
10728d70e0641a69:0x291e6,65,50,41,0
10728d70e0641a69:0x291e6,66,50,41,0
10728d70e0641a69:0x29277,68,57,45,0
10728d70e0641a69:0x29277,68,58,45,0
10728d70e0641a69:0x29277,69,58,45,0
10728d70e0641a69:0x292be,65,49,39,0
10728d70e0641a69:0x292be,65,50,39,0
10728d70e0641a69:0x292be,66,50,39,0
10728d70e0641a69:0x2934c,68,56,44,0
10728d70e0641a69:0x2934c,68,57,44,0
10728d70e0641a69:0x2934c,69,57,44,0
10728d70e0641a69:0x29394,66,50,41,0
10728d70e0641a69:0x29394,66,51,41,0
10728d70e0641a69:0x29394,67,51,41,0
10728d70e0641a69:0x2e2bf,28,12,13,0
10728d70e0641a69:0x2e2bf,28,13,13,0
10728d70e0641a69:0x2e2bf,29,13,13,0
10728d70e0641a69:0x290c3,70,51,43,0
10728d70e0641a69:0x2910c,68,50,42,0
10728d70e0641a69:0x2919f,70,58,45,0
10728d70e0641a69:0x291e6,67,50,41,0
10728d70e0641a69:0x29277,70,58,45,0
10728d70e0641a69:0x292be,67,50,39,0
10728d70e0641a69:0x2934c,70,57,44,0
10728d70e0641a69:0x29394,68,51,41,0
10728d70e0641a69:0x2fde4,8,7,8,0
10728d70e0641a69:0x2fde4,8,8,8,0
10728d70e0641a69:0x2fde4,9,8,8,0
10728d70e0641a69:0x7b733,64,19,19,0
10728d70e0641a69:0x7b73b,85,21,77,0
10728d70e0641a69:0xa817c,121,20,0,0
10728d70e0641a69:0xa817c,122,20,0,0
10728d70e0641a69:0x1159e5,114,0,17,0
10728d70e0641a69:0x1159e5,114,0,18,0
10728d70e0641a69:0x1159e5,115,0,18,0
10728d70e0641a69:0x6cd2,183,27,16,0
10728d70e0641a69:0x115a2d,193,24,74,0
10728d70e0641a69:0xa81f9,104,7,1,0
10728d70e0641a69:0xa81f9,104,8,1,0
10728d70e0641a69:0xa81f9,105,8,1,0
10728d70e0641a69:0xa8240,102,7,2,0
10728d70e0641a69:0xa8240,102,8,2,0
10728d70e0641a69:0xa8240,103,8,2,0
10728d70e0641a69:0xa828b,101,6,2,0
10728d70e0641a69:0xa828b,101,7,2,0
10728d70e0641a69:0xa828b,102,7,2,0
10728d70e0641a69:0xa82d2,101,7,3,0
10728d70e0641a69:0xa82d2,101,8,3,0
10728d70e0641a69:0xa82d2,102,8,3,0
10728d70e0641a69:0xa831e,100,6,2,0
10728d70e0641a69:0xa831e,100,7,2,0
10728d70e0641a69:0xa831e,101,7,2,0
10728d70e0641a69:0xa8362,100,7,3,0
10728d70e0641a69:0xa8362,100,8,3,0
10728d70e0641a69:0xa8362,101,8,3,0
10728d70e0641a69:0xa83af,99,6,2,0
10728d70e0641a69:0xa83af,99,7,2,0
10728d70e0641a69:0xa83af,100,7,2,0
10728d70e0641a69:0xa83f8,99,7,3,0
10728d70e0641a69:0xa83f8,99,8,3,0
10728d70e0641a69:0xa83f8,100,8,3,0
10728d70e0641a69:0xa856e,98,10,10,0
10728d70e0641a69:0xa856e,98,11,10,0
10728d70e0641a69:0xa856e,99,11,10,0
10728d70e0641a69:0xa85ea,106,14,15,0
10728d70e0641a69:0xa85ea,106,15,15,0
10728d70e0641a69:0xa85ea,107,15,15,0
10728d70e0641a69:0x3e5dd,98,11,12,0
10728d70e0641a69:0x3e5dd,98,12,12,0
10728d70e0641a69:0x3e5dd,99,12,12,0
10728d70e0641a69:0x3e6a2,94,8,8,0
10728d70e0641a69:0x3e6a2,94,9,8,0
10728d70e0641a69:0x3e6a2,95,9,8,0
10728d70e0641a69:0x3e6e6,65,7,8,0
10728d70e0641a69:0x3e6e6,65,8,8,0
10728d70e0641a69:0x3e6e6,66,8,8,0
10728d70e0641a69:0x3e730,64,0,13,0
10728d70e0641a69:0x3e730,64,0,14,0
10728d70e0641a69:0x3e730,65,0,14,0
10728d70e0641a69:0x3e9ce,64,6,7,0
10728d70e0641a69:0x3e9ce,64,7,7,0
10728d70e0641a69:0x3e9ce,65,7,7,0
10728d70e0641a69:0x3ea12,64,6,7,0
10728d70e0641a69:0x3ea12,64,7,7,0
10728d70e0641a69:0x3ea12,65,7,7,0
10728d70e0641a69:0x3ea56,64,7,5,0
10728d70e0641a69:0x3ea56,64,8,5,0
10728d70e0641a69:0x3ea56,65,8,5,0
10728d70e0641a69:0x3ea9a,62,6,3,0
10728d70e0641a69:0x3ea9a,62,7,3,0
10728d70e0641a69:0x3ea9a,63,7,3,0
10728d70e0641a69:0x3eade,62,10,7,0
10728d70e0641a69:0x3eade,62,11,7,0
10728d70e0641a69:0x3eade,63,11,7,0
10728d70e0641a69:0x3eb22,56,7,4,0
10728d70e0641a69:0x3eb22,56,8,4,0
10728d70e0641a69:0x3eb22,57,8,4,0
10728d70e0641a69:0x3eb66,40,6,5,0
10728d70e0641a69:0x3eb66,40,7,5,0
10728d70e0641a69:0x3eb66,41,7,5,0
10728d70e0641a69:0x3ebaa,37,6,4,0
10728d70e0641a69:0x3ebaa,37,7,4,0
10728d70e0641a69:0x3ebaa,38,7,4,0
10728d70e0641a69:0x3ebee,36,5,3,0
10728d70e0641a69:0x3ebee,36,6,3,0
10728d70e0641a69:0x3ebee,37,6,3,0
10728d70e0641a69:0x3ec32,35,5,3,0
10728d70e0641a69:0x3ec32,35,6,3,0
10728d70e0641a69:0x3ec32,36,6,3,0
10728d70e0641a69:0x3ec76,35,4,1,0
10728d70e0641a69:0x3ecba,33,5,3,0
10728d70e0641a69:0x3ecba,33,6,3,0
10728d70e0641a69:0x3ecba,34,6,3,0
10728d70e0641a69:0x3ecfe,32,7,5,0
10728d70e0641a69:0x3ecfe,32,8,5,0
10728d70e0641a69:0x3ecfe,33,8,5,0
10728d70e0641a69:0xacdeb,3,2,3,0
10728d70e0641a69:0xacdeb,3,3,3,0
10728d70e0641a69:0xacdeb,4,3,3,0
10728d70e0641a69:0x7b733,64,19,20,0
10728d70e0641a69:0x7b733,64,20,20,0
10728d70e0641a69:0x7b733,65,20,20,0
10728d70e0641a69:0x7b73b,85,21,78,0
10728d70e0641a69:0x7b73b,85,22,78,0
10728d70e0641a69:0x7b73b,86,22,78,0
10728d70e0641a69:0x7b73b,86,22,79,0
10728d70e0641a69:0x6cd2,183,27,17,0
10728d70e0641a69:0x6cd2,183,28,17,0
10728d70e0641a69:0x6cd2,184,28,17,0
10728d70e0641a69:0x115a2d,194,24,74,0
10728d70e0641a69:0xa6db7,47,5,6,0
10728d70e0641a69:0xa6db7,47,6,6,0
10728d70e0641a69:0xa6db7,48,6,6,0
10728d70e0641a69:0x7b733,66,20,20,0
10728d70e0641a69:0x7b73b,87,22,79,0
10728d70e0641a69:0xa6ec6,47,7,9,0
10728d70e0641a69:0xa6ec6,47,8,9,0
10728d70e0641a69:0xa6ec6,48,8,9,0
10728d70e0641a69:0xa6f12,4,3,4,0
10728d70e0641a69:0xa6f12,4,4,4,0
10728d70e0641a69:0xa6f12,5,4,4,0
10728d70e0641a69:0x290c3,71,51,43,0
10728d70e0641a69:0x2910c,69,50,42,0
10728d70e0641a69:0x2919f,71,58,45,0
10728d70e0641a69:0x291e6,68,50,41,0
10728d70e0641a69:0x29277,71,58,45,0
10728d70e0641a69:0x292be,68,50,39,0
10728d70e0641a69:0x2934c,71,57,44,0
10728d70e0641a69:0x29394,69,51,41,0
10728d70e0641a69:0x2e2bf,30,13,13,0
10728d70e0641a69:0x7b733,67,20,20,0
10728d70e0641a69:0x7b73b,88,22,79,0
10728d70e0641a69:0xa817c,123,20,0,0
10728d70e0641a69:0x1159e5,116,0,18,0
10728d70e0641a69:0x115a2d,195,24,74,0
10728d70e0641a69:0xa85ea,108,15,15,0
10728d70e0641a69:0xaac9f,5,4,5,0
10728d70e0641a69:0xaac9f,5,5,5,0
10728d70e0641a69:0xaac9f,6,5,5,0
10728d70e0641a69:0xaace6,5,4,5,0
10728d70e0641a69:0xaace6,5,5,5,0
10728d70e0641a69:0xaace6,6,5,5,0
10728d70e0641a69:0xaad36,5,3,4,0
10728d70e0641a69:0xaad36,5,4,4,0
10728d70e0641a69:0xaad36,6,4,4,0
10728d70e0641a69:0xaad8f,5,4,5,0
10728d70e0641a69:0xaad8f,5,5,5,0
10728d70e0641a69:0xaad8f,6,5,5,0
10728d70e0641a69:0xab7d3,5,4,5,0
10728d70e0641a69:0xab7d3,5,5,5,0
10728d70e0641a69:0xab7d3,6,5,5,0
10728d70e0641a69:0xaae10,5,4,5,0
10728d70e0641a69:0xaae10,5,5,5,0
10728d70e0641a69:0xaae10,6,5,5,0
10728d70e0641a69:0xa897f,32,16,17,0
10728d70e0641a69:0xa897f,32,17,17,0
10728d70e0641a69:0xa897f,33,17,17,0
10728d70e0641a69:0x7b733,68,20,20,0
10728d70e0641a69:0x7b73b,89,22,79,0
10728d70e0641a69:0xa94e7,32,12,12,0
10728d70e0641a69:0x783b7,19,15,16,0
10728d70e0641a69:0x783b7,19,16,16,0
10728d70e0641a69:0x783b7,20,16,16,0
10728d70e0641a69:0x7782e,19,0,31,0
10728d70e0641a69:0x7782e,19,0,32,0
10728d70e0641a69:0x7782e,20,0,32,0
10728d70e0641a69:0x77834,19,14,15,0
10728d70e0641a69:0x77834,19,15,15,0
10728d70e0641a69:0x77834,20,15,15,0
10728d70e0641a69:0x783e9,19,0,31,0
10728d70e0641a69:0x783e9,19,0,32,0
10728d70e0641a69:0x783e9,20,0,32,0
10728d70e0641a69:0x7b7dc,52,0,2,0
10728d70e0641a69:0x8eccc,53,3,0,0
10728d70e0641a69:0xa817c,124,20,0,0
10728d70e0641a69:0x1159e5,117,0,18,0
10728d70e0641a69:0x6cd2,185,28,17,0
10728d70e0641a69:0x115a2d,196,24,74,0
10728d70e0641a69:0xa81f9,106,8,1,0
10728d70e0641a69:0xa8240,104,8,2,0
10728d70e0641a69:0xa828b,103,7,2,0
10728d70e0641a69:0xa82d2,103,8,3,0
10728d70e0641a69:0xa831e,102,7,2,0
10728d70e0641a69:0xa8362,102,8,3,0
10728d70e0641a69:0xa83af,101,7,2,0
10728d70e0641a69:0xa83f8,101,8,3,0
10728d70e0641a69:0xa856e,100,11,10,0
10728d70e0641a69:0xa85ea,109,15,15,0
10728d70e0641a69:0x3e5dd,100,12,12,0
10728d70e0641a69:0x3e6a2,96,9,8,0
10728d70e0641a69:0xaa573,30,3,3,0
10728d70e0641a69:0x6cd2,186,28,17,0
10728d70e0641a69:0x115a2d,197,24,74,0
10728d70e0641a69:0xa6db7,49,6,6,0
10728d70e0641a69:0xa6ec6,49,8,9,0
10728d70e0641a69:0xaa60f,27,1,0,0
10728d70e0641a69:0xaa680,27,1,0,0
10728d70e0641a69:0xaa713,27,1,0,0
10728d70e0641a69:0xaa758,27,2,1,0
10728d70e0641a69:0xaa987,13,1,1,0
10728d70e0641a69:0xf247,27,2,1,0
10728d70e0641a69:0xf30f,27,2,1,0
10728d70e0641a69:0xf38b,27,2,1,0
10728d70e0641a69:0xf483,27,2,1,0
10728d70e0641a69:0xf500,27,2,1,0
10728d70e0641a69:0xf5cf,27,2,1,0
10728d70e0641a69:0xf613,27,2,1,0
10728d70e0641a69:0xf68f,27,2,1,0
10728d70e0641a69:0xf74c,27,2,2,0
10728d70e0641a69:0xf80c,27,2,1,0
10728d70e0641a69:0xf89a,27,2,1,0
10728d70e0641a69:0xf9a6,27,2,1,0
10728d70e0641a69:0xc4116,27,2,2,0
10728d70e0641a69:0xc4158,13,1,1,0
10728d70e0641a69:0xc41e3,13,1,1,0
10728d70e0641a69:0xc4268,27,2,2,0
10728d70e0641a69:0xa817c,125,20,0,0
10728d70e0641a69:0x1159e5,118,0,18,0
10728d70e0641a69:0x6cd2,187,28,17,0
10728d70e0641a69:0x115a2d,198,24,74,0
10728d70e0641a69:0xa81f9,107,8,1,0
10728d70e0641a69:0xa8240,105,8,2,0
10728d70e0641a69:0xa828b,104,7,2,0
10728d70e0641a69:0xa82d2,104,8,3,0
10728d70e0641a69:0xa831e,103,7,2,0
10728d70e0641a69:0xa8362,103,8,3,0
10728d70e0641a69:0xa83af,102,7,2,0
10728d70e0641a69:0xa83f8,102,8,3,0
10728d70e0641a69:0xa856e,101,11,10,0
10728d70e0641a69:0xa85ea,110,15,15,0
10728d70e0641a69:0x3e5dd,101,12,12,0
10728d70e0641a69:0x3e6a2,97,9,8,0
10728d70e0641a69:0x3e6e6,67,8,8,0
10728d70e0641a69:0x3e730,66,0,14,0
10728d70e0641a69:0x3e9ce,66,7,7,0
10728d70e0641a69:0x3ea12,66,7,7,0
10728d70e0641a69:0x3ea56,66,8,5,0
10728d70e0641a69:0x3ea9a,64,7,3,0
10728d70e0641a69:0x3eade,64,11,7,0
10728d70e0641a69:0x3eb22,58,8,4,0
10728d70e0641a69:0xabb3b,17,3,3,0
10728d70e0641a69:0x6cd2,188,28,17,0
10728d70e0641a69:0x115a2d,199,24,74,0
10728d70e0641a69:0xa6db7,50,6,6,0
10728d70e0641a69:0xa6ec6,50,8,9,0
10728d70e0641a69:0xabcdc,16,2,1,0
10728d70e0641a69:0xabc8,16,2,1,0
10728d70e0641a69:0xa817c,126,20,0,0
10728d70e0641a69:0x1159e5,119,0,18,0
10728d70e0641a69:0x6cd2,189,28,17,0
10728d70e0641a69:0x115a2d,200,24,74,0
10728d70e0641a69:0xa81f9,108,8,1,0
10728d70e0641a69:0xa8240,106,8,2,0
10728d70e0641a69:0xa828b,105,7,2,0
10728d70e0641a69:0xa82d2,105,8,3,0
10728d70e0641a69:0xa831e,104,7,2,0
10728d70e0641a69:0xa8362,104,8,3,0
10728d70e0641a69:0xa83af,103,7,2,0
10728d70e0641a69:0xa83f8,103,8,3,0
10728d70e0641a69:0xa856e,102,11,10,0
10728d70e0641a69:0xa85ea,111,15,15,0
10728d70e0641a69:0x3e5dd,102,12,12,0
10728d70e0641a69:0x3e6a2,98,9,8,0
10728d70e0641a69:0x3e6e6,68,8,8,0
10728d70e0641a69:0x3e730,67,0,14,0
10728d70e0641a69:0x3e9ce,67,7,7,0
10728d70e0641a69:0x3ea12,67,7,7,0
10728d70e0641a69:0x3ea56,67,8,5,0
10728d70e0641a69:0x3ea9a,65,7,3,0
10728d70e0641a69:0x3eade,65,11,7,0
10728d70e0641a69:0x3eb22,59,8,4,0
10728d70e0641a69:0x3eb66,42,7,5,0
10728d70e0641a69:0x3ebaa,39,7,4,0
10728d70e0641a69:0x3ebee,38,6,3,0
10728d70e0641a69:0x3ec32,37,6,3,0
10728d70e0641a69:0x3ec76,36,4,1,0
10728d70e0641a69:0x3ecba,35,6,3,0
10728d70e0641a69:0x3ecfe,34,8,5,0
10728d70e0641a69:0xacdeb,5,3,3,0
10728d70e0641a69:0x6cd2,190,28,17,0
10728d70e0641a69:0x115a2d,201,24,74,0
10728d70e0641a69:0xa6db7,51,6,6,0
10728d70e0641a69:0xa6ec6,51,8,9,0
10728d70e0641a69:0xb594,2,1,1,0
10728d70e0641a69:0xb7f4,2,1,1,0
10728d70e0641a69:0xa817c,127,20,0,0
10728d70e0641a69:0x1159e5,120,0,18,0
10728d70e0641a69:0x115a2d,202,24,74,0
10728d70e0641a69:0xa85ea,111,15,16,0
10728d70e0641a69:0xa85ea,111,16,16,0
10728d70e0641a69:0xa85ea,112,16,16,0
10728d70e0641a69:0xabf23,1,1,2,0
10728d70e0641a69:0xabf23,1,2,2,0
10728d70e0641a69:0xabf23,2,2,2,0
10728d70e0641a69:0xabfaf,1,1,2,0
10728d70e0641a69:0xabfaf,1,2,2,0
10728d70e0641a69:0xabfaf,2,2,2,0
10728d70e0641a69:0xabff3,0,0,1,0
10728d70e0641a69:0xabff3,0,1,1,0
10728d70e0641a69:0xabff3,1,1,1,0
10728d70e0641a69:0x115a2d,202,24,75,0
10728d70e0641a69:0x115a2d,202,25,75,0
10728d70e0641a69:0x115a2d,203,25,75,0
10728d70e0641a69:0x115a2d,203,25,76,0
10728d70e0641a69:0x115a2d,203,25,77,0
10728d70e0641a69:0x115a2d,203,25,78,0
10728d70e0641a69:0x115a2d,203,25,79,0
10728d70e0641a69:0xa6ec6,51,8,10,0
10728d70e0641a69:0xa6ec6,51,9,10,0
10728d70e0641a69:0xa6ec6,52,9,10,0
10728d70e0641a69:0xa817c,127,21,0,0
10728d70e0641a69:0xa817c,128,21,0,0
10728d70e0641a69:0x115a2d,203,26,79,0
10728d70e0641a69:0x115a2d,204,26,79,0
10728d70e0641a69:0x115a2d,204,26,80,0
10728d70e0641a69:0x115a2d,204,26,81,0
10728d70e0641a69:0x115a2d,204,26,82,0
10728d70e0641a69:0x115a2d,204,26,83,0
10728d70e0641a69:0xa81f9,108,9,1,0
10728d70e0641a69:0xa81f9,109,9,1,0
10728d70e0641a69:0xa8240,106,9,2,0
10728d70e0641a69:0xa8240,107,9,2,0
10728d70e0641a69:0xa828b,105,8,2,0
10728d70e0641a69:0xa828b,106,8,2,0
10728d70e0641a69:0xa82d2,105,9,3,0
10728d70e0641a69:0xa82d2,106,9,3,0
10728d70e0641a69:0xa831e,104,8,2,0
10728d70e0641a69:0xa831e,105,8,2,0
10728d70e0641a69:0xa8362,104,9,3,0
10728d70e0641a69:0xa8362,105,9,3,0
10728d70e0641a69:0xa856e,102,12,10,0
10728d70e0641a69:0xa856e,103,12,10,0
10728d70e0641a69:0xa85ea,112,16,17,0
10728d70e0641a69:0xa85ea,112,17,17,0
10728d70e0641a69:0xa85ea,113,17,17,0
10728d70e0641a69:0x3e5dd,102,12,13,0
10728d70e0641a69:0x3e5dd,102,13,13,0
10728d70e0641a69:0x3e5dd,103,13,13,0
10728d70e0641a69:0x3e6a2,98,10,8,0
10728d70e0641a69:0x3e6a2,99,10,8,0
10728d70e0641a69:0x2919f,71,58,46,0
10728d70e0641a69:0x2919f,71,59,46,0
10728d70e0641a69:0x2919f,72,59,46,0
10728d70e0641a69:0x291e6,68,50,42,0
10728d70e0641a69:0x291e6,68,51,42,0
10728d70e0641a69:0x291e6,69,51,42,0
10728d70e0641a69:0x29277,71,58,46,0
10728d70e0641a69:0x29277,71,59,46,0
10728d70e0641a69:0x29277,72,59,46,0
10728d70e0641a69:0x292be,68,50,40,0
10728d70e0641a69:0x292be,68,51,40,0
10728d70e0641a69:0x292be,69,51,40,0
10728d70e0641a69:0x2934c,71,57,45,0
10728d70e0641a69:0x2934c,71,58,45,0
10728d70e0641a69:0x2934c,72,58,45,0
10728d70e0641a69:0x29394,69,51,42,0
10728d70e0641a69:0x29394,69,52,42,0
10728d70e0641a69:0x29394,70,52,42,0
10728d70e0641a69:0x7b7dc,53,0,2,0
10728d70e0641a69:0x8eccc,54,3,0,0
10728d70e0641a69:0xa817c,129,21,0,0
10728d70e0641a69:0x1159e5,121,0,18,0
10728d70e0641a69:0x6cd2,191,28,17,0
10728d70e0641a69:0x115a2d,205,26,83,0
10728d70e0641a69:0xa81f9,110,9,1,0
10728d70e0641a69:0xa8240,108,9,2,0
10728d70e0641a69:0xa828b,107,8,2,0
10728d70e0641a69:0xa82d2,107,9,3,0
10728d70e0641a69:0xa831e,106,8,2,0
10728d70e0641a69:0xa8362,106,9,3,0
10728d70e0641a69:0xa83af,104,7,2,0
10728d70e0641a69:0xa83f8,104,8,3,0
10728d70e0641a69:0xa856e,104,12,10,0
10728d70e0641a69:0xa85ea,114,17,17,0
10728d70e0641a69:0x3e5dd,104,13,13,0
10728d70e0641a69:0x3e6a2,100,10,8,0
10728d70e0641a69:0xaa573,31,3,3,0
10728d70e0641a69:0x6cd2,192,28,17,0
10728d70e0641a69:0x115a2d,206,26,83,0
10728d70e0641a69:0xa6db7,52,6,6,0
10728d70e0641a69:0xa6ec6,53,9,10,0
10728d70e0641a69:0xaa60f,28,1,0,0
10728d70e0641a69:0xaa680,28,1,0,0
10728d70e0641a69:0xaa713,28,1,0,0
10728d70e0641a69:0xaa758,28,2,1,0
10728d70e0641a69:0xaa79c,15,1,0,0
10728d70e0641a69:0xaa82b,15,1,0,0
10728d70e0641a69:0xf247,28,2,1,0
10728d70e0641a69:0xf30f,28,2,1,0
10728d70e0641a69:0xf38b,28,2,1,0
10728d70e0641a69:0xf483,28,2,1,0
10728d70e0641a69:0xf500,28,2,1,0
10728d70e0641a69:0xf5cf,28,2,1,0
10728d70e0641a69:0xf613,28,2,1,0
10728d70e0641a69:0xf68f,28,2,1,0
10728d70e0641a69:0xf74c,28,2,2,0
10728d70e0641a69:0xf78f,15,1,1,0
10728d70e0641a69:0xf80c,28,2,1,0
10728d70e0641a69:0xf89a,28,2,1,0
10728d70e0641a69:0xf9a6,28,2,1,0
10728d70e0641a69:0xc4116,28,2,2,0
10728d70e0641a69:0xc4268,28,2,2,0
10728d70e0641a69:0xa817c,130,21,0,0
10728d70e0641a69:0x1159e5,122,0,18,0
10728d70e0641a69:0x6cd2,193,28,17,0
10728d70e0641a69:0x115a2d,207,26,83,0
10728d70e0641a69:0xa81f9,111,9,1,0
10728d70e0641a69:0xa8240,109,9,2,0
10728d70e0641a69:0xa828b,108,8,2,0
10728d70e0641a69:0xa82d2,108,9,3,0
10728d70e0641a69:0xa831e,107,8,2,0
10728d70e0641a69:0xa8362,107,9,3,0
10728d70e0641a69:0xa83af,105,7,2,0
10728d70e0641a69:0xa83f8,105,8,3,0
10728d70e0641a69:0xa856e,105,12,10,0
10728d70e0641a69:0xa85ea,115,17,17,0
10728d70e0641a69:0x3e5dd,105,13,13,0
10728d70e0641a69:0x3e6a2,101,10,8,0
10728d70e0641a69:0x3e6e6,69,8,8,0
10728d70e0641a69:0x3e730,68,0,14,0
10728d70e0641a69:0x3e9ce,68,7,7,0
10728d70e0641a69:0x3ea12,68,7,7,0
10728d70e0641a69:0x3ea56,68,8,5,0
10728d70e0641a69:0xb0219,2,1,1,0
10728d70e0641a69:0xa897f,34,17,17,0
10728d70e0641a69:0xa8a0f,27,11,11,0
10728d70e0641a69:0xa904a,27,11,11,0
10728d70e0641a69:0x6e1b4,29,12,12,0
10728d70e0641a69:0x7b73b,90,22,79,0
10728d70e0641a69:0x7b746,28,11,11,0
10728d70e0641a69:0x7b74f,28,11,13,0
10728d70e0641a69:0x7b76c,165,20,21,0
10728d70e0641a69:0x7b76c,166,20,21,0
10728d70e0641a69:0x7b76c,167,20,21,0
10728d70e0641a69:0x7b76c,168,20,21,0
10728d70e0641a69:0x7b782,29,1,23,0
10728d70e0641a69:0x6e283,29,1,23,0
10728d70e0641a69:0x5db32,29,1,23,0
10728d70e0641a69:0x6cd2,194,28,17,0
10728d70e0641a69:0x6d9b,28,11,11,0
10728d70e0641a69:0x6dee,28,11,11,0
10728d70e0641a69:0x115a2d,208,26,83,0
10728d70e0641a69:0x1167a4,28,10,18,0
10728d70e0641a69:0x116947,28,11,23,0
10728d70e0641a69:0x1169b7,28,11,11,0
10728d70e0641a69:0x1169fb,18,5,5,0
10728d70e0641a69:0x116a40,18,5,7,0
10728d70e0641a69:0x116a84,16,3,3,0
10728d70e0641a69:0x116ac8,16,3,9,0
10728d70e0641a69:0x116e00,18,5,5,0
10728d70e0641a69:0x6e7d,28,0,22,0
10728d70e0641a69:0xa93cd,26,10,10,0
10728d70e0641a69:0x7b733,69,20,20,0
10728d70e0641a69:0x7b73b,91,22,79,0
10728d70e0641a69:0xa94e7,33,12,12,0
10728d70e0641a69:0xa9539,27,10,10,0
10728d70e0641a69:0x290c3,72,51,43,0
10728d70e0641a69:0x2910c,70,50,42,0
10728d70e0641a69:0x2919f,73,59,46,0
10728d70e0641a69:0x291e6,70,51,42,0
10728d70e0641a69:0x29277,73,59,46,0
10728d70e0641a69:0x292be,70,51,40,0
10728d70e0641a69:0x2934c,73,58,45,0
10728d70e0641a69:0x29394,71,52,42,0
10728d70e0641a69:0x2e2bf,31,13,13,0
10728d70e0641a69:0x290c3,73,51,43,0
10728d70e0641a69:0x2910c,71,50,42,0
10728d70e0641a69:0x2919f,74,59,46,0
10728d70e0641a69:0x291e6,71,51,42,0
10728d70e0641a69:0x29277,74,59,46,0
10728d70e0641a69:0x292be,71,51,40,0
10728d70e0641a69:0x2934c,74,58,45,0
10728d70e0641a69:0x29394,72,52,42,0
10728d70e0641a69:0x2fde4,10,8,8,0
10728d70e0641a69:0x7b733,70,20,20,0
10728d70e0641a69:0x7b73b,92,22,79,0
10728d70e0641a69:0xa817c,131,21,0,0
10728d70e0641a69:0x1159e5,123,0,18,0
10728d70e0641a69:0x6cd2,194,29,17,0
10728d70e0641a69:0x6cd2,195,29,17,0
10728d70e0641a69:0x115a2d,209,26,83,0
10728d70e0641a69:0xa81f9,112,9,1,0
10728d70e0641a69:0xa8240,110,9,2,0
10728d70e0641a69:0xa828b,109,8,2,0
10728d70e0641a69:0xa82d2,109,9,3,0
10728d70e0641a69:0xa831e,108,8,2,0
10728d70e0641a69:0xa8362,108,9,3,0
10728d70e0641a69:0xa83af,106,7,2,0
10728d70e0641a69:0xa83f8,106,8,3,0
10728d70e0641a69:0xa856e,105,12,11,0
10728d70e0641a69:0xa856e,105,13,11,0
10728d70e0641a69:0xa856e,106,13,11,0
10728d70e0641a69:0xa86d8,4,2,7,0
10728d70e0641a69:0xa86d8,4,3,7,0
10728d70e0641a69:0xa86d8,5,3,7,0
10728d70e0641a69:0xa875f,4,2,7,0
10728d70e0641a69:0xa875f,4,3,7,0
10728d70e0641a69:0xa875f,5,3,7,0
10728d70e0641a69:0xa877c,4,2,7,0
10728d70e0641a69:0xa877c,4,3,7,0
10728d70e0641a69:0xa877c,5,3,7,0
10728d70e0641a69:0xa8783,4,2,7,0
10728d70e0641a69:0xa8783,4,3,7,0
10728d70e0641a69:0xa8783,5,3,7,0
10728d70e0641a69:0xa85ea,116,17,17,0
10728d70e0641a69:0x3e5dd,105,13,14,0
10728d70e0641a69:0x3e5dd,105,14,14,0
10728d70e0641a69:0x3e5dd,106,14,14,0
10728d70e0641a69:0x3e817,2,2,3,0
10728d70e0641a69:0x3e817,2,3,3,0
10728d70e0641a69:0x3e817,3,3,3,0
10728d70e0641a69:0x290c3,74,51,43,0
10728d70e0641a69:0x2910c,72,50,42,0
10728d70e0641a69:0x2919f,75,59,46,0
10728d70e0641a69:0x291e6,72,51,42,0
10728d70e0641a69:0x29277,75,59,46,0
10728d70e0641a69:0x292be,72,51,40,0
10728d70e0641a69:0x2934c,75,58,45,0
10728d70e0641a69:0x29394,73,52,42,0
10728d70e0641a69:0x783b7,20,16,17,0
10728d70e0641a69:0x783b7,20,17,17,0
10728d70e0641a69:0x783b7,21,17,17,0
10728d70e0641a69:0x7782e,20,0,33,0
10728d70e0641a69:0x7782e,20,0,34,0
10728d70e0641a69:0x7782e,21,0,34,0
10728d70e0641a69:0x77834,20,15,16,0
10728d70e0641a69:0x77834,20,16,16,0
10728d70e0641a69:0x77834,21,16,16,0
10728d70e0641a69:0x783e9,20,0,33,0
10728d70e0641a69:0x783e9,20,0,34,0
10728d70e0641a69:0x783e9,21,0,34,0
10728d70e0641a69:0x7b7dc,54,0,2,0
10728d70e0641a69:0x8eccc,55,3,0,0
10728d70e0641a69:0xa817c,132,21,0,0
10728d70e0641a69:0x1159e5,124,0,18,0
10728d70e0641a69:0x6cd2,196,29,17,0
10728d70e0641a69:0x115a2d,210,26,83,0
10728d70e0641a69:0xa81f9,113,9,1,0
10728d70e0641a69:0xa8240,111,9,2,0
10728d70e0641a69:0xa828b,110,8,2,0
10728d70e0641a69:0xa82d2,110,9,3,0
10728d70e0641a69:0xa831e,109,8,2,0
10728d70e0641a69:0xa8362,109,9,3,0
10728d70e0641a69:0xa83af,107,7,2,0
10728d70e0641a69:0xa83f8,107,8,3,0
10728d70e0641a69:0xa856e,107,13,11,0
10728d70e0641a69:0xa85ea,117,17,17,0
10728d70e0641a69:0x3e5dd,107,14,14,0
10728d70e0641a69:0x3e6a2,102,10,8,0
10728d70e0641a69:0xaa573,32,3,3,0
10728d70e0641a69:0x6cd2,197,29,17,0
10728d70e0641a69:0x115a2d,211,26,83,0
10728d70e0641a69:0xa6db7,53,6,6,0
10728d70e0641a69:0xa6ec6,54,9,10,0
10728d70e0641a69:0xaa60f,29,1,0,0
10728d70e0641a69:0xaa680,29,1,0,0
10728d70e0641a69:0xaa713,29,1,0,0
10728d70e0641a69:0xaa758,29,2,1,0
10728d70e0641a69:0xaa987,14,1,1,0
10728d70e0641a69:0xf247,29,2,1,0
10728d70e0641a69:0xf30f,29,2,1,0
10728d70e0641a69:0xf38b,29,2,1,0
10728d70e0641a69:0xf483,29,2,1,0
10728d70e0641a69:0xf500,29,2,1,0
10728d70e0641a69:0xf5cf,29,2,1,0
10728d70e0641a69:0xf613,29,2,1,0
10728d70e0641a69:0xf68f,29,2,1,0
10728d70e0641a69:0xf74c,29,2,2,0
10728d70e0641a69:0xf80c,29,2,1,0
10728d70e0641a69:0xf89a,29,2,1,0
10728d70e0641a69:0xf9a6,29,2,1,0
10728d70e0641a69:0xc4116,29,2,2,0
10728d70e0641a69:0xc4158,14,1,1,0
10728d70e0641a69:0xc41e3,14,1,1,0
10728d70e0641a69:0xc4268,29,2,2,0
10728d70e0641a69:0xa817c,133,21,0,0
10728d70e0641a69:0x1159e5,125,0,18,0
10728d70e0641a69:0x6cd2,198,29,17,0
10728d70e0641a69:0x115a2d,212,26,83,0
10728d70e0641a69:0xa81f9,114,9,1,0
10728d70e0641a69:0xa8240,112,9,2,0
10728d70e0641a69:0xa828b,111,8,2,0
10728d70e0641a69:0xa82d2,111,9,3,0
10728d70e0641a69:0xa831e,110,8,2,0
10728d70e0641a69:0xa8362,110,9,3,0
10728d70e0641a69:0xa83af,108,7,2,0
10728d70e0641a69:0xa83f8,108,8,3,0
10728d70e0641a69:0xa856e,108,13,11,0
10728d70e0641a69:0xa85ea,118,17,17,0
10728d70e0641a69:0x3e5dd,108,14,14,0
10728d70e0641a69:0x3e6a2,103,10,8,0
10728d70e0641a69:0x3e6e6,70,8,8,0
10728d70e0641a69:0x3e730,69,0,14,0
10728d70e0641a69:0x3e9ce,69,7,7,0
10728d70e0641a69:0x3ea12,69,7,7,0
10728d70e0641a69:0x3ea56,69,8,5,0
10728d70e0641a69:0x3ea9a,66,7,3,0
10728d70e0641a69:0x3eade,66,11,7,0
10728d70e0641a69:0x3eb22,60,8,4,0
10728d70e0641a69:0xabb3b,18,3,3,0
10728d70e0641a69:0x6cd2,199,29,17,0
10728d70e0641a69:0x115a2d,213,26,83,0
10728d70e0641a69:0xa6db7,54,6,6,0
10728d70e0641a69:0xa6ec6,55,9,10,0
10728d70e0641a69:0xabcdc,17,2,1,0
10728d70e0641a69:0xabc8,17,2,1,0
10728d70e0641a69:0xa817c,134,21,0,0
10728d70e0641a69:0x1159e5,126,0,18,0
10728d70e0641a69:0x6cd2,200,29,17,0
10728d70e0641a69:0x115a2d,214,26,83,0
10728d70e0641a69:0xa81f9,115,9,1,0
10728d70e0641a69:0xa8240,113,9,2,0
10728d70e0641a69:0xa828b,112,8,2,0
10728d70e0641a69:0xa82d2,112,9,3,0
10728d70e0641a69:0xa831e,111,8,2,0
10728d70e0641a69:0xa8362,111,9,3,0
10728d70e0641a69:0xa83af,109,7,2,0
10728d70e0641a69:0xa83f8,109,8,3,0
10728d70e0641a69:0xa856e,109,13,11,0
10728d70e0641a69:0xa85ea,119,17,17,0
10728d70e0641a69:0x3e5dd,109,14,14,0
10728d70e0641a69:0x3e6a2,104,10,8,0
10728d70e0641a69:0x3e6e6,71,8,8,0
10728d70e0641a69:0x3e730,70,0,14,0
10728d70e0641a69:0x3e9ce,70,7,7,0
10728d70e0641a69:0x3ea12,70,7,7,0
10728d70e0641a69:0x3ea56,70,8,5,0
10728d70e0641a69:0x3ea9a,67,7,3,0
10728d70e0641a69:0x3eade,67,11,7,0
10728d70e0641a69:0x3eb22,61,8,4,0
10728d70e0641a69:0x3eb66,43,7,5,0
10728d70e0641a69:0x3ebaa,40,7,4,0
10728d70e0641a69:0x3ebee,39,6,3,0
10728d70e0641a69:0x3ec32,38,6,3,0
10728d70e0641a69:0x3ec76,37,4,1,0
10728d70e0641a69:0x3ecba,36,6,3,0
10728d70e0641a69:0x3ecfe,35,8,5,0
10728d70e0641a69:0xacdeb,6,3,3,0
10728d70e0641a69:0x6cd2,201,29,17,0
10728d70e0641a69:0x115a2d,215,26,83,0
10728d70e0641a69:0xa6db7,55,6,6,0
10728d70e0641a69:0xa6ec6,56,9,10,0
10728d70e0641a69:0xb594,3,1,1,0
10728d70e0641a69:0xb7f4,3,1,1,0
10728d70e0641a69:0xa817c,135,21,0,0
10728d70e0641a69:0x1159e5,127,0,18,0
10728d70e0641a69:0x115a2d,216,26,83,0
10728d70e0641a69:0xa85ea,120,17,17,0
10728d70e0641a69:0xabf23,3,2,2,0
10728d70e0641a69:0xabfaf,3,2,2,0
10728d70e0641a69:0xabff3,2,1,1,0
10728d70e0641a69:0x115a2d,217,26,83,0
10728d70e0641a69:0xa6ec6,56,9,11,0
10728d70e0641a69:0xa6ec6,56,10,11,0
10728d70e0641a69:0xa6ec6,57,10,11,0
10728d70e0641a69:0xac103,0,0,1,0
10728d70e0641a69:0xac103,0,1,1,0
10728d70e0641a69:0xac103,1,1,1,0
10728d70e0641a69:0xac147,0,0,1,0
10728d70e0641a69:0xac147,0,1,1,0
10728d70e0641a69:0xac147,1,1,1,0
10728d70e0641a69:0xac1d2,0,0,1,0
10728d70e0641a69:0xac1d2,0,1,1,0
10728d70e0641a69:0xac1d2,1,1,1,0
10728d70e0641a69:0xac213,0,0,1,0
10728d70e0641a69:0xac213,0,1,1,0
10728d70e0641a69:0xac213,1,1,1,0
10728d70e0641a69:0xac2a0,0,0,1,0
10728d70e0641a69:0xac2a0,0,1,1,0
10728d70e0641a69:0xac2a0,1,1,1,0
10728d70e0641a69:0xac2e2,0,0,1,0
10728d70e0641a69:0xac2e2,0,1,1,0
10728d70e0641a69:0xac2e2,1,1,1,0
10728d70e0641a69:0xac36c,0,0,1,0
10728d70e0641a69:0xac36c,0,1,1,0
10728d70e0641a69:0xac36c,1,1,1,0
10728d70e0641a69:0xac3af,0,0,1,0
10728d70e0641a69:0xac3af,0,1,1,0
10728d70e0641a69:0xac3af,1,1,1,0
10728d70e0641a69:0xac42f,0,0,1,0
10728d70e0641a69:0xac42f,0,1,1,0
10728d70e0641a69:0xac42f,1,1,1,0
10728d70e0641a69:0xa817c,135,22,0,0
10728d70e0641a69:0xa817c,136,22,0,0
10728d70e0641a69:0x115a2d,217,27,83,0
10728d70e0641a69:0x115a2d,218,27,83,0
10728d70e0641a69:0x115a2d,218,27,84,0
10728d70e0641a69:0x115a2d,218,27,85,0
10728d70e0641a69:0x115a2d,218,27,86,0
10728d70e0641a69:0x115a2d,218,27,87,0
10728d70e0641a69:0xa81f9,116,9,1,0
10728d70e0641a69:0xa8240,114,9,2,0
10728d70e0641a69:0xa828b,113,8,2,0
10728d70e0641a69:0xa82d2,112,10,3,0
10728d70e0641a69:0xa82d2,113,10,3,0
10728d70e0641a69:0x2919f,75,60,46,0
10728d70e0641a69:0x2919f,76,60,46,0
10728d70e0641a69:0x2919f,76,61,46,0
10728d70e0641a69:0x2919f,76,62,46,0
10728d70e0641a69:0x2919f,76,62,47,0
10728d70e0641a69:0x2919f,76,63,47,0
10728d70e0641a69:0x2919f,76,64,47,0
10728d70e0641a69:0x2919f,76,65,47,0
10728d70e0641a69:0x2919f,76,66,47,0
10728d70e0641a69:0x2919f,76,67,47,0
10728d70e0641a69:0x2919f,76,67,48,0
10728d70e0641a69:0x2919f,76,68,48,0
10728d70e0641a69:0x2919f,76,69,48,0
10728d70e0641a69:0x2919f,76,70,48,0
10728d70e0641a69:0x2919f,76,71,48,0
10728d70e0641a69:0x2919f,76,72,48,0
10728d70e0641a69:0x2919f,76,73,48,0
10728d70e0641a69:0x2919f,76,74,48,0
10728d70e0641a69:0x2919f,76,74,49,0
10728d70e0641a69:0x2919f,76,75,49,0
10728d70e0641a69:0x2919f,76,76,49,0
10728d70e0641a69:0x2919f,76,77,49,0
10728d70e0641a69:0x2919f,76,77,50,0
10728d70e0641a69:0x2919f,76,78,50,0
10728d70e0641a69:0x2919f,76,79,50,0
10728d70e0641a69:0x29277,75,59,47,0
10728d70e0641a69:0x29277,75,60,47,0
10728d70e0641a69:0x29277,76,60,47,0
10728d70e0641a69:0x29277,76,61,47,0
10728d70e0641a69:0x29277,76,62,47,0
10728d70e0641a69:0x29277,76,63,47,0
10728d70e0641a69:0x29277,76,64,47,0
10728d70e0641a69:0x29277,76,64,48,0
10728d70e0641a69:0x29277,76,65,48,0
10728d70e0641a69:0x29277,76,66,48,0
10728d70e0641a69:0x29277,76,67,48,0
10728d70e0641a69:0x29277,76,68,48,0
10728d70e0641a69:0x29277,76,69,48,0
10728d70e0641a69:0x29277,76,69,49,0
10728d70e0641a69:0x29277,76,70,49,0
10728d70e0641a69:0x29277,76,71,49,0
10728d70e0641a69:0x29277,76,72,49,0
10728d70e0641a69:0x29277,76,73,49,0
10728d70e0641a69:0x29277,76,73,50,0
10728d70e0641a69:0x29277,76,74,50,0
10728d70e0641a69:0x29277,76,74,51,0
10728d70e0641a69:0x29277,76,75,51,0
10728d70e0641a69:0x29277,76,76,51,0
10728d70e0641a69:0x2934c,75,58,46,0
10728d70e0641a69:0x2934c,75,59,46,0
10728d70e0641a69:0x2934c,76,59,46,0
10728d70e0641a69:0x29394,73,52,43,0
10728d70e0641a69:0x29394,73,53,43,0
10728d70e0641a69:0x29394,74,53,43,0
10728d70e0641a69:0x7b7dc,55,0,2,0
10728d70e0641a69:0x8eccc,56,3,0,0
10728d70e0641a69:0xa817c,137,22,0,0
10728d70e0641a69:0x1159e5,128,0,18,0
10728d70e0641a69:0x6cd2,202,29,17,0
10728d70e0641a69:0x115a2d,219,27,87,0
10728d70e0641a69:0xa81f9,117,9,1,0
10728d70e0641a69:0xa8240,115,9,2,0
10728d70e0641a69:0xa828b,114,8,2,0
10728d70e0641a69:0xa82d2,114,10,3,0
10728d70e0641a69:0xa831e,112,8,2,0
10728d70e0641a69:0xa8362,112,9,3,0
10728d70e0641a69:0xa83af,110,7,2,0
10728d70e0641a69:0xa83f8,110,8,3,0
10728d70e0641a69:0xa856e,110,13,11,0
10728d70e0641a69:0xa85ea,121,17,17,0
10728d70e0641a69:0x3e5dd,110,14,14,0
10728d70e0641a69:0x3e6a2,105,10,8,0
10728d70e0641a69:0xaa573,33,3,3,0
10728d70e0641a69:0x6cd2,203,29,17,0
10728d70e0641a69:0x115a2d,220,27,87,0
10728d70e0641a69:0xa6db7,56,6,6,0
10728d70e0641a69:0xa6ec6,58,10,11,0
10728d70e0641a69:0xaa60f,30,1,0,0
10728d70e0641a69:0xaa680,30,1,0,0
10728d70e0641a69:0xaa713,30,1,0,0
10728d70e0641a69:0xaa758,30,2,1,0
10728d70e0641a69:0xaa79c,16,1,0,0
10728d70e0641a69:0xaa82b,16,1,0,0
10728d70e0641a69:0xf247,30,2,1,0
10728d70e0641a69:0xf30f,30,2,1,0
10728d70e0641a69:0xf38b,30,2,1,0
10728d70e0641a69:0xf483,30,2,1,0
10728d70e0641a69:0xf500,30,2,1,0
10728d70e0641a69:0xf5cf,30,2,1,0
10728d70e0641a69:0xf613,30,2,1,0
10728d70e0641a69:0xf68f,30,2,1,0
10728d70e0641a69:0xf74c,30,2,2,0
10728d70e0641a69:0xf78f,16,1,1,0
10728d70e0641a69:0xf80c,30,2,1,0
10728d70e0641a69:0xf89a,30,2,1,0
10728d70e0641a69:0xf9a6,30,2,1,0
10728d70e0641a69:0xc4116,30,2,2,0
10728d70e0641a69:0xc4268,30,2,2,0
10728d70e0641a69:0xa817c,138,22,0,0
10728d70e0641a69:0x1159e5,129,0,18,0
10728d70e0641a69:0x6cd2,204,29,17,0
10728d70e0641a69:0x115a2d,221,27,87,0
10728d70e0641a69:0xa81f9,118,9,1,0
10728d70e0641a69:0xa8240,116,9,2,0
10728d70e0641a69:0xa828b,115,8,2,0
10728d70e0641a69:0xa82d2,115,10,3,0
10728d70e0641a69:0xa831e,113,8,2,0
10728d70e0641a69:0xa8362,113,9,3,0
10728d70e0641a69:0xa83af,111,7,2,0
10728d70e0641a69:0xa83f8,111,8,3,0
10728d70e0641a69:0xa856e,111,13,11,0
10728d70e0641a69:0xa85ea,122,17,17,0
10728d70e0641a69:0x3e5dd,111,14,14,0
10728d70e0641a69:0x3e6a2,106,10,8,0
10728d70e0641a69:0x3e6e6,72,8,8,0
10728d70e0641a69:0x3e730,71,0,14,0
10728d70e0641a69:0x3e9ce,71,7,7,0
10728d70e0641a69:0x3ea12,71,7,7,0
10728d70e0641a69:0x3ea56,71,8,5,0
10728d70e0641a69:0x3ea9a,68,7,3,0
10728d70e0641a69:0x3eade,68,11,7,0
10728d70e0641a69:0x3eb22,62,8,4,0
10728d70e0641a69:0xabb3b,19,3,3,0
10728d70e0641a69:0x6cd2,205,29,17,0
10728d70e0641a69:0x115a2d,222,27,87,0
10728d70e0641a69:0xa6db7,57,6,6,0
10728d70e0641a69:0xa6ec6,59,10,11,0
10728d70e0641a69:0xabcdc,18,2,1,0
10728d70e0641a69:0xabc8,18,2,1,0
10728d70e0641a69:0xa817c,139,22,0,0
10728d70e0641a69:0x1159e5,130,0,18,0
10728d70e0641a69:0x6cd2,206,29,17,0
10728d70e0641a69:0x115a2d,223,27,87,0
10728d70e0641a69:0xa81f9,119,9,1,0
10728d70e0641a69:0xa8240,117,9,2,0
10728d70e0641a69:0xa828b,116,8,2,0
10728d70e0641a69:0xa82d2,116,10,3,0
10728d70e0641a69:0xa831e,114,8,2,0
10728d70e0641a69:0xa8362,114,9,3,0
10728d70e0641a69:0xa83af,112,7,2,0
10728d70e0641a69:0xa83f8,112,8,3,0
10728d70e0641a69:0xa856e,112,13,11,0
10728d70e0641a69:0xa85ea,123,17,17,0
10728d70e0641a69:0x3e5dd,112,14,14,0
10728d70e0641a69:0x3e6a2,107,10,8,0
10728d70e0641a69:0x3e6e6,73,8,8,0
10728d70e0641a69:0x3e730,72,0,14,0
10728d70e0641a69:0x3e9ce,72,7,7,0
10728d70e0641a69:0x3ea12,72,7,7,0
10728d70e0641a69:0x3ea56,72,8,5,0
10728d70e0641a69:0x3ea9a,69,7,3,0
10728d70e0641a69:0x3eade,69,11,7,0
10728d70e0641a69:0x3eb22,63,8,4,0
10728d70e0641a69:0x3eb66,44,7,5,0
10728d70e0641a69:0x3ebaa,41,7,4,0
10728d70e0641a69:0x3ebee,40,6,3,0
10728d70e0641a69:0x3ec32,39,6,3,0
10728d70e0641a69:0x3ec76,38,4,1,0
10728d70e0641a69:0x3ecba,37,6,3,0
10728d70e0641a69:0x3ecfe,36,8,5,0
10728d70e0641a69:0x3ed42,29,6,5,0
10728d70e0641a69:0xad1b2,3,2,2,0
10728d70e0641a69:0xad403,1,1,2,0
10728d70e0641a69:0xad403,1,2,2,0
10728d70e0641a69:0xad403,2,2,2,0
10728d70e0641a69:0x6e1b4,29,12,13,0
10728d70e0641a69:0x6e1b4,29,13,13,0
10728d70e0641a69:0x6e1b4,30,13,13,0
10728d70e0641a69:0x7b73b,92,22,80,0
10728d70e0641a69:0x7b73b,92,23,80,0
10728d70e0641a69:0x7b73b,93,23,80,0
10728d70e0641a69:0x7b746,28,11,12,0
10728d70e0641a69:0x7b746,28,12,12,0
10728d70e0641a69:0x7b746,29,12,12,0
10728d70e0641a69:0x8f3b4,0,0,1,0
10728d70e0641a69:0x8f3b4,0,1,1,0
10728d70e0641a69:0x8f3b4,1,1,1,0
10728d70e0641a69:0x8f467,0,0,1,0
10728d70e0641a69:0x8f467,0,1,1,0
10728d70e0641a69:0x8f467,1,1,1,0
10728d70e0641a69:0x8f46e,0,0,1,0
10728d70e0641a69:0x8f46e,0,1,1,0
10728d70e0641a69:0x8f46e,1,1,1,0
10728d70e0641a69:0x8f4d3,0,0,1,0
10728d70e0641a69:0x8f4d3,0,1,1,0
10728d70e0641a69:0x8f4d3,1,1,1,0
10728d70e0641a69:0x8f3b9,0,0,1,0
10728d70e0641a69:0x8f3b9,0,1,1,0
10728d70e0641a69:0x8f3b9,1,1,1,0
10728d70e0641a69:0x8f3c9,0,0,1,0
10728d70e0641a69:0x8f3c9,0,1,1,0
10728d70e0641a69:0x8f3c9,1,1,1,0
10728d70e0641a69:0x8f3dc,0,0,1,0
10728d70e0641a69:0x8f3dc,0,1,1,0
10728d70e0641a69:0x8f3dc,1,1,1,0
10728d70e0641a69:0x8f3ed,0,0,1,0
10728d70e0641a69:0x8f3ed,0,1,1,0
10728d70e0641a69:0x8f3ed,1,1,1,0
10728d70e0641a69:0x8f406,0,0,1,0
10728d70e0641a69:0x8f406,0,1,1,0
10728d70e0641a69:0x8f406,1,1,1,0
10728d70e0641a69:0x8f429,0,0,1,0
10728d70e0641a69:0x8f429,0,1,1,0
10728d70e0641a69:0x8f429,1,1,1,0
10728d70e0641a69:0x7b782,29,1,24,0
10728d70e0641a69:0x7b782,29,1,25,0
10728d70e0641a69:0x7b782,30,1,25,0
10728d70e0641a69:0x6e283,29,1,24,0
10728d70e0641a69:0x6e283,29,1,25,0
10728d70e0641a69:0x6e283,30,1,25,0
10728d70e0641a69:0x5db32,29,1,24,0
10728d70e0641a69:0x5db32,29,1,25,0
10728d70e0641a69:0x5db32,30,1,25,0
10728d70e0641a69:0x6cd2,206,29,18,0
10728d70e0641a69:0x6cd2,206,30,18,0
10728d70e0641a69:0x6cd2,207,30,18,0
10728d70e0641a69:0x6d9b,28,11,12,0
10728d70e0641a69:0x6d9b,28,12,12,0
10728d70e0641a69:0x6d9b,29,12,12,0
10728d70e0641a69:0x6dee,28,11,12,0
10728d70e0641a69:0x6dee,28,12,12,0
10728d70e0641a69:0x6dee,29,12,12,0
10728d70e0641a69:0x115a2d,223,27,88,0
10728d70e0641a69:0x115a2d,223,28,88,0
10728d70e0641a69:0x115a2d,224,28,88,0
10728d70e0641a69:0x1167a4,28,10,19,0
10728d70e0641a69:0x1167a4,28,11,19,0
10728d70e0641a69:0x1167a4,29,11,19,0
10728d70e0641a69:0x1167a4,29,11,20,0
10728d70e0641a69:0x1167a4,29,11,21,0
10728d70e0641a69:0x1167a4,29,11,22,0
10728d70e0641a69:0x1167a4,29,11,23,0
10728d70e0641a69:0x1167a4,29,11,24,0
10728d70e0641a69:0x1167a4,29,11,25,0
10728d70e0641a69:0x1167a4,29,11,26,0
10728d70e0641a69:0x1167a4,29,11,27,0
10728d70e0641a69:0x1168c7,10,1,2,0
10728d70e0641a69:0x1168c7,10,2,2,0
10728d70e0641a69:0x1168c7,11,2,2,0
10728d70e0641a69:0x1168c7,11,2,3,0
10728d70e0641a69:0x1168c7,11,2,4,0
10728d70e0641a69:0x1168c7,11,2,5,0
10728d70e0641a69:0x1168c7,11,2,6,0
10728d70e0641a69:0x1168c7,11,2,7,0
10728d70e0641a69:0x1168c7,11,2,8,0
10728d70e0641a69:0x1168c7,11,2,9,0
10728d70e0641a69:0x1168c7,11,2,10,0
10728d70e0641a69:0x1168c7,11,2,11,0
10728d70e0641a69:0x1168c7,11,3,11,0
10728d70e0641a69:0x1168c7,12,3,11,0
10728d70e0641a69:0x1168c7,12,3,12,0
10728d70e0641a69:0x1168c7,12,3,13,0
10728d70e0641a69:0x1168c7,12,3,14,0
10728d70e0641a69:0x1168c7,12,3,15,0
10728d70e0641a69:0x1168c7,12,3,16,0
10728d70e0641a69:0x1168c7,12,3,17,0
10728d70e0641a69:0x1168c7,12,3,18,0
10728d70e0641a69:0x1168c7,12,3,19,0
10728d70e0641a69:0x1168c7,12,3,20,0
10728d70e0641a69:0x1168c7,12,4,20,0
10728d70e0641a69:0x1168c7,13,4,20,0
10728d70e0641a69:0x1168c7,13,4,21,0
10728d70e0641a69:0x1168c7,13,4,22,0
10728d70e0641a69:0x1168c7,13,4,23,0
10728d70e0641a69:0x1168c7,13,4,24,0
10728d70e0641a69:0x1168c7,13,4,25,0
10728d70e0641a69:0x1168c7,13,4,26,0
10728d70e0641a69:0x1168c7,13,4,27,0
10728d70e0641a69:0x1168c7,13,4,28,0
10728d70e0641a69:0x1168c7,13,4,29,0
10728d70e0641a69:0x1168c7,13,5,29,0
10728d70e0641a69:0x1168c7,14,5,29,0
10728d70e0641a69:0x116947,28,11,24,0
10728d70e0641a69:0x116947,28,12,24,0
10728d70e0641a69:0x116947,29,12,24,0
10728d70e0641a69:0x6e7d,28,0,23,0
10728d70e0641a69:0x6e7d,28,0,24,0
10728d70e0641a69:0x6e7d,29,0,24,0
10728d70e0641a69:0xa9c40,1,1,2,0
10728d70e0641a69:0xa9c40,1,2,2,0
10728d70e0641a69:0xa9c40,2,2,2,0
10728d70e0641a69:0x7b733,70,20,21,0
10728d70e0641a69:0x7b733,70,21,21,0
10728d70e0641a69:0x7b733,71,21,21,0
10728d70e0641a69:0x7b73b,93,23,81,0
10728d70e0641a69:0x7b73b,93,24,81,0
10728d70e0641a69:0x7b73b,94,24,81,0
10728d70e0641a69:0x7b73b,94,24,82,0
10728d70e0641a69:0x7b73b,94,24,83,0
10728d70e0641a69:0x7b73b,94,24,84,0
10728d70e0641a69:0x7b73b,94,24,85,0
10728d70e0641a69:0xa94e7,33,12,13,0
10728d70e0641a69:0xa94e7,33,13,13,0
10728d70e0641a69:0xa94e7,34,13,13,0
10728d70e0641a69:0xa9539,27,10,11,0
10728d70e0641a69:0xa9539,27,11,11,0
10728d70e0641a69:0xa9539,28,11,11,0
10728d70e0641a69:0x290c3,74,51,44,0
10728d70e0641a69:0x290c3,74,52,44,0
10728d70e0641a69:0x290c3,75,52,44,0
10728d70e0641a69:0x2910c,72,50,43,0
10728d70e0641a69:0x2910c,72,51,43,0
10728d70e0641a69:0x2910c,73,51,43,0
10728d70e0641a69:0x2919f,76,79,51,0
10728d70e0641a69:0x2919f,76,80,51,0
10728d70e0641a69:0x2919f,77,80,51,0
10728d70e0641a69:0x291e6,72,51,43,0
10728d70e0641a69:0x291e6,72,52,43,0
10728d70e0641a69:0x291e6,73,52,43,0
10728d70e0641a69:0x29277,76,76,52,0
10728d70e0641a69:0x29277,76,77,52,0
10728d70e0641a69:0x29277,77,77,52,0
10728d70e0641a69:0x292be,72,51,41,0
10728d70e0641a69:0x292be,72,52,41,0
10728d70e0641a69:0x292be,73,52,41,0
10728d70e0641a69:0x2934c,76,59,47,0
10728d70e0641a69:0x2934c,76,60,47,0
10728d70e0641a69:0x2934c,77,60,47,0
10728d70e0641a69:0x29394,74,53,44,0
10728d70e0641a69:0x29394,74,54,44,0
10728d70e0641a69:0x29394,75,54,44,0
10728d70e0641a69:0x2e2bf,31,13,14,0
10728d70e0641a69:0x2e2bf,31,14,14,0
10728d70e0641a69:0x2e2bf,32,14,14,0
10728d70e0641a69:0x290c3,76,52,44,0
10728d70e0641a69:0x2910c,74,51,43,0
10728d70e0641a69:0x2919f,78,80,51,0
10728d70e0641a69:0x291e6,74,52,43,0
10728d70e0641a69:0x29277,78,77,52,0
10728d70e0641a69:0x292be,74,52,41,0
10728d70e0641a69:0x2934c,78,60,47,0
10728d70e0641a69:0x29394,76,54,44,0
10728d70e0641a69:0x2fde4,10,8,9,0
10728d70e0641a69:0x2fde4,10,9,9,0
10728d70e0641a69:0x2fde4,11,9,9,0
10728d70e0641a69:0x7b733,72,21,21,0
10728d70e0641a69:0x7b73b,95,24,85,0
10728d70e0641a69:0xa817c,139,23,0,0
10728d70e0641a69:0xa817c,140,23,0,0
10728d70e0641a69:0x1159e5,131,0,18,0
10728d70e0641a69:0x115a2d,224,29,88,0
10728d70e0641a69:0x115a2d,225,29,88,0
10728d70e0641a69:0x115a2d,225,29,89,0
10728d70e0641a69:0x115a2d,225,29,90,0
10728d70e0641a69:0x115a2d,225,29,91,0
10728d70e0641a69:0x115a2d,225,29,92,0
10728d70e0641a69:0x783b7,21,17,18,0
10728d70e0641a69:0x783b7,21,18,18,0
10728d70e0641a69:0x783b7,22,18,18,0
10728d70e0641a69:0x7782e,21,0,35,0
10728d70e0641a69:0x7782e,21,0,36,0
10728d70e0641a69:0x7782e,22,0,36,0
10728d70e0641a69:0x77834,21,16,17,0
10728d70e0641a69:0x77834,21,17,17,0
10728d70e0641a69:0x77834,22,17,17,0
10728d70e0641a69:0x783e9,21,0,35,0
10728d70e0641a69:0x783e9,21,0,36,0
10728d70e0641a69:0x783e9,22,0,36,0
10728d70e0641a69:0x7b7dc,56,0,2,0
10728d70e0641a69:0x8eccc,57,3,0,0
10728d70e0641a69:0xa817c,141,23,0,0
10728d70e0641a69:0x1159e5,132,0,18,0
10728d70e0641a69:0x6cd2,208,30,18,0
10728d70e0641a69:0x115a2d,226,29,92,0
10728d70e0641a69:0xa81f9,120,9,1,0
10728d70e0641a69:0xa8240,118,9,2,0
10728d70e0641a69:0xa828b,117,8,2,0
10728d70e0641a69:0xa82d2,117,10,3,0
10728d70e0641a69:0xa831e,115,8,2,0
10728d70e0641a69:0xa8362,115,9,3,0
10728d70e0641a69:0xa83af,113,7,2,0
10728d70e0641a69:0xa83f8,113,8,3,0
10728d70e0641a69:0xa856e,113,13,11,0
10728d70e0641a69:0xa85ea,124,17,17,0
10728d70e0641a69:0x3e5dd,113,14,14,0
10728d70e0641a69:0x3e6a2,108,10,8,0
10728d70e0641a69:0xaa573,34,3,3,0
10728d70e0641a69:0x6cd2,209,30,18,0
10728d70e0641a69:0x115a2d,227,29,92,0
10728d70e0641a69:0xa6db7,58,6,6,0
10728d70e0641a69:0xa6ec6,60,10,11,0
10728d70e0641a69:0xaa60f,31,1,0,0
10728d70e0641a69:0xaa680,31,1,0,0
10728d70e0641a69:0xaa713,31,1,0,0
10728d70e0641a69:0xaa758,31,2,1,0
10728d70e0641a69:0xaa987,15,1,1,0
10728d70e0641a69:0xf247,31,2,1,0
10728d70e0641a69:0xf30f,31,2,1,0
10728d70e0641a69:0xf38b,31,2,1,0
10728d70e0641a69:0xf483,31,2,1,0
10728d70e0641a69:0xf500,31,2,1,0
10728d70e0641a69:0xf5cf,31,2,1,0
10728d70e0641a69:0xf613,31,2,1,0
10728d70e0641a69:0xf68f,31,2,1,0
10728d70e0641a69:0xf74c,31,2,2,0
10728d70e0641a69:0xf80c,31,2,1,0
10728d70e0641a69:0xf89a,31,2,1,0
10728d70e0641a69:0xf9a6,31,2,1,0
10728d70e0641a69:0xc4116,31,2,2,0
10728d70e0641a69:0xc4158,15,1,1,0
10728d70e0641a69:0xc41e3,15,1,1,0
10728d70e0641a69:0xc4268,31,2,2,0
10728d70e0641a69:0xa817c,142,23,0,0
10728d70e0641a69:0x1159e5,133,0,18,0
10728d70e0641a69:0x6cd2,210,30,18,0
10728d70e0641a69:0x115a2d,228,29,92,0
10728d70e0641a69:0xa81f9,121,9,1,0
10728d70e0641a69:0xa8240,119,9,2,0
10728d70e0641a69:0xa828b,118,8,2,0
10728d70e0641a69:0xa82d2,118,10,3,0
10728d70e0641a69:0xa831e,116,8,2,0
10728d70e0641a69:0xa8362,116,9,3,0
10728d70e0641a69:0xa83af,114,7,2,0
10728d70e0641a69:0xa83f8,114,8,3,0
10728d70e0641a69:0xa856e,114,13,11,0
10728d70e0641a69:0xa85ea,125,17,17,0
10728d70e0641a69:0x3e5dd,114,14,14,0
10728d70e0641a69:0x3e6a2,109,10,8,0
10728d70e0641a69:0x3e6e6,74,8,8,0
10728d70e0641a69:0x3e730,73,0,14,0
10728d70e0641a69:0x3e9ce,73,7,7,0
10728d70e0641a69:0x3ea12,73,7,7,0
10728d70e0641a69:0x3ea56,73,8,5,0
10728d70e0641a69:0x3ea9a,70,7,3,0
10728d70e0641a69:0x3eade,70,11,7,0
10728d70e0641a69:0x3eb22,64,8,4,0
10728d70e0641a69:0x3eb66,45,7,5,0
10728d70e0641a69:0x3ebaa,42,7,4,0
10728d70e0641a69:0x3ebee,41,6,3,0
10728d70e0641a69:0x3ec32,40,6,3,0
10728d70e0641a69:0x3ec76,39,4,1,0
10728d70e0641a69:0x3ecba,38,6,3,0
10728d70e0641a69:0x3ecfe,36,8,6,0
10728d70e0641a69:0x3ecfe,36,9,6,0
10728d70e0641a69:0x3ecfe,37,9,6,0
10728d70e0641a69:0x3ed42,29,6,6,0
10728d70e0641a69:0x3ed42,29,7,6,0
10728d70e0641a69:0x3ed42,30,7,6,0
10728d70e0641a69:0x3ed86,25,5,5,0
10728d70e0641a69:0x3ed86,25,6,5,0
10728d70e0641a69:0x3ed86,26,6,5,0
10728d70e0641a69:0x3edca,22,4,4,0
10728d70e0641a69:0x3edca,22,5,4,0
10728d70e0641a69:0x3edca,23,5,4,0
10728d70e0641a69:0x3ee0e,21,4,4,0
10728d70e0641a69:0x3ee0e,21,5,4,0
10728d70e0641a69:0x3ee0e,22,5,4,0
10728d70e0641a69:0x3ee52,20,4,4,0
10728d70e0641a69:0x3ee52,20,5,4,0
10728d70e0641a69:0x3ee52,21,5,4,0
10728d70e0641a69:0x3ee96,19,4,4,0
10728d70e0641a69:0x3ee96,19,5,4,0
10728d70e0641a69:0x3ee96,20,5,4,0
10728d70e0641a69:0x3eeda,18,4,4,0
10728d70e0641a69:0x3eeda,18,5,4,0
10728d70e0641a69:0x3eeda,19,5,4,0
10728d70e0641a69:0xa897f,35,17,17,0
10728d70e0641a69:0xa8a0f,28,11,11,0
10728d70e0641a69:0xa904a,28,11,11,0
10728d70e0641a69:0x6e1b4,31,13,13,0
10728d70e0641a69:0x7b73b,96,24,85,0
10728d70e0641a69:0x7b746,30,12,12,0
10728d70e0641a69:0x7b74f,29,11,13,0
10728d70e0641a69:0x7b76c,169,20,21,0
10728d70e0641a69:0x7b76c,170,20,21,0
10728d70e0641a69:0x7b76c,171,20,21,0
10728d70e0641a69:0x7b76c,172,20,21,0
10728d70e0641a69:0x7b782,31,1,25,0
10728d70e0641a69:0x6e283,31,1,25,0
10728d70e0641a69:0x5db32,31,1,25,0
10728d70e0641a69:0x6cd2,211,30,18,0
10728d70e0641a69:0x6d9b,30,12,12,0
10728d70e0641a69:0x6dee,30,12,12,0
10728d70e0641a69:0x115a2d,229,29,92,0
10728d70e0641a69:0x1167a4,30,11,27,0
10728d70e0641a69:0x116947,30,12,24,0
10728d70e0641a69:0x1169b7,29,11,11,0
10728d70e0641a69:0x1169fb,19,5,5,0
10728d70e0641a69:0x116a40,18,5,8,0
10728d70e0641a69:0x116a40,18,6,8,0
10728d70e0641a69:0x116a40,19,6,8,0
10728d70e0641a69:0x116a84,16,3,4,0
10728d70e0641a69:0x116a84,16,4,4,0
10728d70e0641a69:0x116a84,17,4,4,0
10728d70e0641a69:0x116ac8,16,3,10,0
10728d70e0641a69:0x116ac8,16,4,10,0
10728d70e0641a69:0x116ac8,17,4,10,0
10728d70e0641a69:0x116ac8,17,4,11,0
10728d70e0641a69:0x116ac8,17,4,12,0
10728d70e0641a69:0x116ac8,17,4,13,0
10728d70e0641a69:0x116e00,19,5,5,0
10728d70e0641a69:0x6e7d,30,0,24,0
10728d70e0641a69:0xa93cd,27,10,10,0
10728d70e0641a69:0x7b733,73,21,21,0
10728d70e0641a69:0x7b73b,97,24,85,0
10728d70e0641a69:0xa94e7,35,13,13,0
10728d70e0641a69:0xa9539,29,11,11,0
10728d70e0641a69:0x290c3,77,52,44,0
10728d70e0641a69:0x2910c,75,51,43,0
10728d70e0641a69:0x2919f,79,80,51,0
10728d70e0641a69:0x291e6,75,52,43,0
10728d70e0641a69:0x29277,79,77,52,0
10728d70e0641a69:0x292be,75,52,41,0
10728d70e0641a69:0x2934c,79,60,47,0
10728d70e0641a69:0x29394,77,54,44,0
10728d70e0641a69:0x2e2bf,33,14,14,0
10728d70e0641a69:0xb998f,17,3,4,0
10728d70e0641a69:0xb998f,17,4,4,0
10728d70e0641a69:0xb998f,18,4,4,0
10728d70e0641a69:0x7b733,74,21,21,0
10728d70e0641a69:0x7b73b,98,24,85,0
10728d70e0641a69:0xa817c,143,23,0,0
10728d70e0641a69:0x1159e5,134,0,18,0
10728d70e0641a69:0x6cd2,212,30,18,0
10728d70e0641a69:0x115a2d,230,29,92,0
10728d70e0641a69:0xa81f9,122,9,1,0
10728d70e0641a69:0xa8240,120,9,2,0
10728d70e0641a69:0xa828b,119,8,2,0
10728d70e0641a69:0xa82d2,119,10,3,0
10728d70e0641a69:0xa831e,117,8,2,0
10728d70e0641a69:0xa8362,117,9,3,0
10728d70e0641a69:0xa83af,115,7,2,0
10728d70e0641a69:0xa83f8,115,8,3,0
10728d70e0641a69:0xa856e,115,13,11,0
10728d70e0641a69:0xa85ea,126,17,17,0
10728d70e0641a69:0x3e5dd,115,14,14,0
10728d70e0641a69:0x3e6a2,110,10,8,0
10728d70e0641a69:0x3e6e6,75,8,8,0
10728d70e0641a69:0x3e730,74,0,14,0
10728d70e0641a69:0x3e9ce,74,7,7,0
10728d70e0641a69:0x3ea12,74,7,7,0
10728d70e0641a69:0x3ea56,74,8,5,0
10728d70e0641a69:0x3ea9a,70,7,4,0
10728d70e0641a69:0x3ea9a,70,8,4,0
10728d70e0641a69:0x3ea9a,71,8,4,0
10728d70e0641a69:0xac76b,0,0,1,0
10728d70e0641a69:0xac76b,0,1,1,0
10728d70e0641a69:0xac76b,1,1,1,0
10728d70e0641a69:0x7b733,74,21,22,0
10728d70e0641a69:0x7b733,74,22,22,0
10728d70e0641a69:0x7b733,75,22,22,0
10728d70e0641a69:0x7b73b,98,24,86,0
10728d70e0641a69:0x7b73b,98,25,86,0
10728d70e0641a69:0x7b73b,99,25,86,0
10728d70e0641a69:0x8f435,0,0,1,0
10728d70e0641a69:0x8f435,0,1,1,0
10728d70e0641a69:0x8f435,1,1,1,0
10728d70e0641a69:0x8f435,1,1,2,0
10728d70e0641a69:0x8f44f,0,0,1,0
10728d70e0641a69:0x8f44f,0,1,1,0
10728d70e0641a69:0x8f44f,1,1,1,0
10728d70e0641a69:0x8f44f,1,1,2,0
10728d70e0641a69:0x8f44f,1,1,3,0
10728d70e0641a69:0x8f44f,1,2,3,0
10728d70e0641a69:0x8f44f,2,2,3,0
10728d70e0641a69:0x8f44f,2,2,4,0
10728d70e0641a69:0x8f44f,2,2,5,0
10728d70e0641a69:0x8f44f,2,3,5,0
10728d70e0641a69:0x8f44f,3,3,5,0
10728d70e0641a69:0x8f44f,3,3,6,0
10728d70e0641a69:0x8f44f,4,3,6,0
10728d70e0641a69:0x8f44f,4,3,7,0
10728d70e0641a69:0x8f44f,4,4,7,0
10728d70e0641a69:0x8f44f,5,4,7,0
10728d70e0641a69:0x8f44f,5,4,8,0
10728d70e0641a69:0x8f44f,6,4,8,0
10728d70e0641a69:0x8f44f,6,4,9,0
10728d70e0641a69:0x8f44f,6,5,9,0
10728d70e0641a69:0x8f44f,7,5,9,0
10728d70e0641a69:0x8f467,1,1,2,0
10728d70e0641a69:0x8f467,1,1,3,0
10728d70e0641a69:0x8f467,2,1,3,0
10728d70e0641a69:0x8f46e,1,1,2,0
10728d70e0641a69:0x8f46e,1,1,3,0
10728d70e0641a69:0x8f46e,2,1,3,0
10728d70e0641a69:0x8f4d3,1,1,2,0
10728d70e0641a69:0x8f4d3,1,1,3,0
10728d70e0641a69:0x8f4d3,2,1,3,0
10728d70e0641a69:0x8f3b9,1,1,2,0
10728d70e0641a69:0x8f3b9,1,2,2,0
10728d70e0641a69:0x8f3b9,2,2,2,0
10728d70e0641a69:0x8f3b9,2,2,3,0
10728d70e0641a69:0x8f3c9,1,1,2,0
10728d70e0641a69:0x8f3c9,1,2,2,0
10728d70e0641a69:0x8f3c9,2,2,2,0
10728d70e0641a69:0x8f3dc,1,1,2,0
10728d70e0641a69:0x8f3dc,1,2,2,0
10728d70e0641a69:0x8f3dc,2,2,2,0
10728d70e0641a69:0x8f3ed,1,1,2,0
10728d70e0641a69:0x8f3ed,1,1,3,0
10728d70e0641a69:0x8f3ed,2,1,3,0
10728d70e0641a69:0x8f3ed,2,1,4,0
10728d70e0641a69:0x8f406,1,1,2,0
10728d70e0641a69:0x8f406,1,1,3,0
10728d70e0641a69:0x8f406,2,1,3,0
10728d70e0641a69:0x8f406,2,1,4,0
10728d70e0641a69:0x8f406,2,1,5,0
10728d70e0641a69:0x8f429,1,1,2,0
10728d70e0641a69:0x8f429,1,1,3,0
10728d70e0641a69:0x8f429,2,1,3,0
10728d70e0641a69:0x6cd2,212,30,19,0
10728d70e0641a69:0x6cd2,212,31,19,0
10728d70e0641a69:0x6cd2,213,31,19,0
10728d70e0641a69:0x115a2d,230,29,93,0
10728d70e0641a69:0x115a2d,230,30,93,0
10728d70e0641a69:0x115a2d,231,30,93,0
10728d70e0641a69:0x115a2d,231,30,94,0
10728d70e0641a69:0x115a2d,231,30,95,0
10728d70e0641a69:0x115a2d,231,30,96,0
10728d70e0641a69:0x115a2d,231,30,97,0
10728d70e0641a69:0x115a2d,231,30,98,0
10728d70e0641a69:0x115a2d,231,30,99,0
10728d70e0641a69:0x115a2d,231,30,100,0
10728d70e0641a69:0x115a2d,231,30,101,0
10728d70e0641a69:0x115a2d,231,30,102,0
10728d70e0641a69:0x115a2d,231,30,103,0
10728d70e0641a69:0x115a2d,231,30,104,0
10728d70e0641a69:0x115a2d,231,30,105,0
10728d70e0641a69:0x115a2d,231,30,106,0
10728d70e0641a69:0x115a2d,231,30,107,0
10728d70e0641a69:0x115a2d,231,30,108,0
10728d70e0641a69:0x115a2d,231,30,109,0
10728d70e0641a69:0x115a2d,231,30,110,0
10728d70e0641a69:0x115a2d,231,30,111,0
10728d70e0641a69:0x115a2d,231,30,112,0
10728d70e0641a69:0x115a2d,231,30,113,0
10728d70e0641a69:0x115a2d,231,30,114,0
10728d70e0641a69:0x115a2d,231,30,115,0
10728d70e0641a69:0x115a2d,231,30,116,0
10728d70e0641a69:0x115a2d,231,30,117,0
10728d70e0641a69:0x115a2d,231,30,118,0
10728d70e0641a69:0x115a2d,231,30,119,0
10728d70e0641a69:0x115a2d,231,30,120,0
10728d70e0641a69:0x115a2d,231,30,121,0
10728d70e0641a69:0x115a2d,231,30,122,0
10728d70e0641a69:0x115a2d,231,30,123,0
10728d70e0641a69:0x115a2d,231,30,124,0
10728d70e0641a69:0x115a2d,231,30,125,0
10728d70e0641a69:0xa6db7,58,6,7,0
10728d70e0641a69:0xa6db7,58,7,7,0
10728d70e0641a69:0xa6db7,59,7,7,0
10728d70e0641a69:0x7b733,75,22,23,0
10728d70e0641a69:0x7b733,75,23,23,0
10728d70e0641a69:0x7b733,76,23,23,0
10728d70e0641a69:0x7b73b,100,25,86,0
10728d70e0641a69:0xa6ec6,60,10,12,0
10728d70e0641a69:0xa6ec6,60,11,12,0
10728d70e0641a69:0xa6ec6,61,11,12,0
10728d70e0641a69:0xac92b,0,1,0,0
10728d70e0641a69:0xac92b,1,1,0,0
10728d70e0641a69:0xac953,0,1,0,0
10728d70e0641a69:0xac953,1,1,0,0
10728d70e0641a69:0xac962,0,0,1,0
10728d70e0641a69:0xac962,0,1,1,0
10728d70e0641a69:0xac962,1,1,1,0
10728d70e0641a69:0xac98c,0,1,0,0
10728d70e0641a69:0xac98c,1,1,0,0
10728d70e0641a69:0xac992,0,0,1,0
10728d70e0641a69:0xac992,0,1,1,0
10728d70e0641a69:0xac992,1,1,1,0
10728d70e0641a69:0xac9c5,0,1,0,0
10728d70e0641a69:0xac9c5,1,1,0,0
10728d70e0641a69:0xac9cf,0,0,1,0
10728d70e0641a69:0xac9cf,0,1,1,0
10728d70e0641a69:0xac9cf,1,1,1,0
10728d70e0641a69:0xac9fc,0,1,0,0
10728d70e0641a69:0xac9fc,1,1,0,0
10728d70e0641a69:0xaca06,0,0,1,0
10728d70e0641a69:0xaca06,0,1,1,0
10728d70e0641a69:0xaca06,1,1,1,0
10728d70e0641a69:0xaca2e,0,1,0,0
10728d70e0641a69:0xaca2e,1,1,0,0
10728d70e0641a69:0xaca32,0,0,1,0
10728d70e0641a69:0xaca32,0,1,1,0
10728d70e0641a69:0xaca32,1,1,1,0
10728d70e0641a69:0xaca68,0,1,0,0
10728d70e0641a69:0xaca68,1,1,0,0
10728d70e0641a69:0xaca72,0,0,1,0
10728d70e0641a69:0xaca72,0,1,1,0
10728d70e0641a69:0xaca72,1,1,1,0
10728d70e0641a69:0xaca8c,0,1,0,0
10728d70e0641a69:0xaca8c,1,1,0,0
10728d70e0641a69:0xacad3,0,0,1,0
10728d70e0641a69:0xacad3,0,1,1,0
10728d70e0641a69:0xacad3,1,1,1,0
10728d70e0641a69:0x1b2f6,0,1,0,0
10728d70e0641a69:0x1b2f6,1,1,0,0
10728d70e0641a69:0x1b33c,0,0,1,0
10728d70e0641a69:0x1b33c,0,1,1,0
10728d70e0641a69:0x1b33c,1,1,1,0
10728d70e0641a69:0x1b38a,0,1,0,0
10728d70e0641a69:0x1b38a,1,1,0,0
10728d70e0641a69:0x1b3d1,0,1,0,0
10728d70e0641a69:0x1b3d1,1,1,0,0
10728d70e0641a69:0x1b417,0,0,1,0
10728d70e0641a69:0x1b417,0,1,1,0
10728d70e0641a69:0x1b417,1,1,1,0
10728d70e0641a69:0x1b45f,0,1,0,0
10728d70e0641a69:0x1b45f,1,1,0,0
10728d70e0641a69:0x1b4a9,0,1,0,0
10728d70e0641a69:0x1b4a9,1,1,0,0
10728d70e0641a69:0x1b4ef,0,0,1,0
10728d70e0641a69:0x1b4ef,0,1,1,0
10728d70e0641a69:0x1b4ef,1,1,1,0
10728d70e0641a69:0x1b535,0,1,0,0
10728d70e0641a69:0x1b535,1,1,0,0
10728d70e0641a69:0x1b57f,0,1,0,0
10728d70e0641a69:0x1b57f,1,1,0,0
10728d70e0641a69:0x1b5c8,0,1,0,0
10728d70e0641a69:0x1b5c8,1,1,0,0
10728d70e0641a69:0x1b614,0,1,0,0
10728d70e0641a69:0x1b614,1,1,0,0
10728d70e0641a69:0x1b659,0,1,0,0
10728d70e0641a69:0x1b659,1,1,0,0
10728d70e0641a69:0x1b696,0,1,0,0
10728d70e0641a69:0x1b696,1,1,0,0
10728d70e0641a69:0x1b756,0,0,1,0
10728d70e0641a69:0x1b756,0,1,1,0
10728d70e0641a69:0x1b756,1,1,1,0
10728d70e0641a69:0x1b792,0,0,1,0
10728d70e0641a69:0x1b792,0,1,1,0
10728d70e0641a69:0x1b792,1,1,1,0
10728d70e0641a69:0x1b85c,0,0,1,0
10728d70e0641a69:0x1b85c,0,1,1,0
10728d70e0641a69:0x1b85c,1,1,1,0
10728d70e0641a69:0x1b89a,0,0,1,0
10728d70e0641a69:0x1b89a,0,1,1,0
10728d70e0641a69:0x1b89a,1,1,1,0
10728d70e0641a69:0x1b95e,0,0,1,0
10728d70e0641a69:0x1b95e,0,1,1,0
10728d70e0641a69:0x1b95e,1,1,1,0
10728d70e0641a69:0x1b99a,0,0,1,0
10728d70e0641a69:0x1b99a,0,1,1,0
10728d70e0641a69:0x1b99a,1,1,1,0
10728d70e0641a69:0x1625e,0,0,1,0
10728d70e0641a69:0x1625e,0,1,1,0
10728d70e0641a69:0x1625e,1,1,1,0
10728d70e0641a69:0x1bab5,0,0,1,0
10728d70e0641a69:0x1bab5,0,1,1,0
10728d70e0641a69:0x1bab5,1,1,1,0
10728d70e0641a69:0x1bb00,0,0,1,0
10728d70e0641a69:0x1bb00,0,1,1,0
10728d70e0641a69:0x1bb00,1,1,1,0
10728d70e0641a69:0x1bb3e,0,0,1,0
10728d70e0641a69:0x1bb3e,0,1,1,0
10728d70e0641a69:0x1bb3e,1,1,1,0
10728d70e0641a69:0x1bc05,0,0,1,0
10728d70e0641a69:0x1bc05,0,1,1,0
10728d70e0641a69:0x1bc05,1,1,1,0
10728d70e0641a69:0x1bc42,0,0,1,0
10728d70e0641a69:0x1bc42,0,1,1,0
10728d70e0641a69:0x1bc42,1,1,1,0
10728d70e0641a69:0x1625e,1,1,2,0
10728d70e0641a69:0x1625e,1,2,2,0
10728d70e0641a69:0x1625e,2,2,2,0
10728d70e0641a69:0x1bd5d,0,0,1,0
10728d70e0641a69:0x1bd5d,0,1,1,0
10728d70e0641a69:0x1bd5d,1,1,1,0
10728d70e0641a69:0x1be4a,0,0,1,0
10728d70e0641a69:0x1be4a,0,1,1,0
10728d70e0641a69:0x1be4a,1,1,1,0
10728d70e0641a69:0x1bece,0,0,1,0
10728d70e0641a69:0x1bece,0,1,1,0
10728d70e0641a69:0x1bece,1,1,1,0
10728d70e0641a69:0x1bf5e,0,0,1,0
10728d70e0641a69:0x1bf5e,0,1,1,0
10728d70e0641a69:0x1bf5e,1,1,1,0
10728d70e0641a69:0x1c026,0,0,1,0
10728d70e0641a69:0x1c026,0,1,1,0
10728d70e0641a69:0x1c026,1,1,1,0
10728d70e0641a69:0x1c0aa,0,0,1,0
10728d70e0641a69:0x1c0aa,0,1,1,0
10728d70e0641a69:0x1c0aa,1,1,1,0
10728d70e0641a69:0x1c136,0,0,1,0
10728d70e0641a69:0x1c136,0,1,1,0
10728d70e0641a69:0x1c136,1,1,1,0
10728d70e0641a69:0x1c1b9,0,0,1,0
10728d70e0641a69:0x1c1b9,0,1,1,0
10728d70e0641a69:0x1c1b9,1,1,1,0
10728d70e0641a69:0x1c23d,0,0,1,0
10728d70e0641a69:0x1c23d,0,1,1,0
10728d70e0641a69:0x1c23d,1,1,1,0
10728d70e0641a69:0x1c2cd,0,0,1,0
10728d70e0641a69:0x1c2cd,0,1,1,0
10728d70e0641a69:0x1c2cd,1,1,1,0
10728d70e0641a69:0x1c8ae,0,0,1,0
10728d70e0641a69:0x1c8ae,0,1,1,0
10728d70e0641a69:0x1c8ae,1,1,1,0
10728d70e0641a69:0x1c8f2,0,0,1,0
10728d70e0641a69:0x1c8f2,0,1,1,0
10728d70e0641a69:0x1c8f2,1,1,1,0
10728d70e0641a69:0x1c93f,0,0,1,0
10728d70e0641a69:0x1c93f,0,1,1,0
10728d70e0641a69:0x1c93f,1,1,1,0
10728d70e0641a69:0x1c987,0,0,1,0
10728d70e0641a69:0x1c987,0,1,1,0
10728d70e0641a69:0x1c987,1,1,1,0
10728d70e0641a69:0x1c9d6,0,0,1,0
10728d70e0641a69:0x1c9d6,0,1,1,0
10728d70e0641a69:0x1c9d6,1,1,1,0
10728d70e0641a69:0x1ca1b,0,0,1,0
10728d70e0641a69:0x1ca1b,0,1,1,0
10728d70e0641a69:0x1ca1b,1,1,1,0
10728d70e0641a69:0x1ca6c,0,0,1,0
10728d70e0641a69:0x1ca6c,0,1,1,0
10728d70e0641a69:0x1ca6c,1,1,1,0
10728d70e0641a69:0x1cab3,0,0,1,0
10728d70e0641a69:0x1cab3,0,1,1,0
10728d70e0641a69:0x1cab3,1,1,1,0
10728d70e0641a69:0x1cb00,0,0,1,0
10728d70e0641a69:0x1cb00,0,1,1,0
10728d70e0641a69:0x1cb00,1,1,1,0
10728d70e0641a69:0x1cb45,0,0,1,0
10728d70e0641a69:0x1cb45,0,1,1,0
10728d70e0641a69:0x1cb45,1,1,1,0
10728d70e0641a69:0x1cb94,0,0,1,0
10728d70e0641a69:0x1cb94,0,1,1,0
10728d70e0641a69:0x1cb94,1,1,1,0
10728d70e0641a69:0x1cbdb,0,0,1,0
10728d70e0641a69:0x1cbdb,0,1,1,0
10728d70e0641a69:0x1cbdb,1,1,1,0
10728d70e0641a69:0x1cc2d,0,0,1,0
10728d70e0641a69:0x1cc2d,0,1,1,0
10728d70e0641a69:0x1cc2d,1,1,1,0
10728d70e0641a69:0x1cc73,0,0,1,0
10728d70e0641a69:0x1cc73,0,1,1,0
10728d70e0641a69:0x1cc73,1,1,1,0
10728d70e0641a69:0x1ccc4,0,0,1,0
10728d70e0641a69:0x1ccc4,0,1,1,0
10728d70e0641a69:0x1ccc4,1,1,1,0
10728d70e0641a69:0x1cd11,0,0,1,0
10728d70e0641a69:0x1cd11,0,1,1,0
10728d70e0641a69:0x1cd11,1,1,1,0
10728d70e0641a69:0x1d0d4,0,0,1,0
10728d70e0641a69:0x1d0d4,0,1,1,0
10728d70e0641a69:0x1d0d4,1,1,1,0
10728d70e0641a69:0x1d121,0,0,1,0
10728d70e0641a69:0x1d121,0,1,1,0
10728d70e0641a69:0x1d121,1,1,1,0
10728d70e0641a69:0x1d172,0,0,1,0
10728d70e0641a69:0x1d172,0,1,1,0
10728d70e0641a69:0x1d172,1,1,1,0
10728d70e0641a69:0x1d1c2,0,0,1,0
10728d70e0641a69:0x1d1c2,0,1,1,0
10728d70e0641a69:0x1d1c2,1,1,1,0
10728d70e0641a69:0x1d20f,0,0,1,0
10728d70e0641a69:0x1d20f,0,1,1,0
10728d70e0641a69:0x1d20f,1,1,1,0
10728d70e0641a69:0x1d262,0,0,1,0
10728d70e0641a69:0x1d262,0,1,1,0
10728d70e0641a69:0x1d262,1,1,1,0
10728d70e0641a69:0x1d2b2,0,0,1,0
10728d70e0641a69:0x1d2b2,0,1,1,0
10728d70e0641a69:0x1d2b2,1,1,1,0
10728d70e0641a69:0x1d2ff,0,0,1,0
10728d70e0641a69:0x1d2ff,0,1,1,0
10728d70e0641a69:0x1d2ff,1,1,1,0
10728d70e0641a69:0x7b733,76,23,24,0
10728d70e0641a69:0x7b733,76,24,24,0
10728d70e0641a69:0x7b733,77,24,24,0
10728d70e0641a69:0x7b73b,100,25,87,0
10728d70e0641a69:0x7b73b,100,26,87,0
10728d70e0641a69:0x7b73b,101,26,87,0
10728d70e0641a69:0x7b73b,101,26,88,0
10728d70e0641a69:0x7b73b,101,26,89,0
10728d70e0641a69:0x7b73b,101,26,90,0
10728d70e0641a69:0x7b73b,101,26,91,0
10728d70e0641a69:0xa817c,143,24,0,0
10728d70e0641a69:0xa817c,144,24,0,0
10728d70e0641a69:0x783b7,22,18,19,0
10728d70e0641a69:0x783b7,22,19,19,0
10728d70e0641a69:0x783b7,23,19,19,0
10728d70e0641a69:0x7782e,22,0,37,0
10728d70e0641a69:0x7782e,22,0,38,0
10728d70e0641a69:0x7782e,23,0,38,0
10728d70e0641a69:0x77834,22,17,18,0
10728d70e0641a69:0x77834,22,18,18,0
10728d70e0641a69:0x77834,23,18,18,0
10728d70e0641a69:0x783e9,22,0,37,0
10728d70e0641a69:0x783e9,22,0,38,0
10728d70e0641a69:0x783e9,23,0,38,0
10728d70e0641a69:0x7b7dc,57,0,2,0
10728d70e0641a69:0x8eccc,58,3,0,0
10728d70e0641a69:0xa817c,145,24,0,0
10728d70e0641a69:0x1159e5,135,0,18,0
10728d70e0641a69:0x6cd2,214,31,19,0
10728d70e0641a69:0x115a2d,232,30,125,0
10728d70e0641a69:0xa81f9,123,9,1,0
10728d70e0641a69:0xa8240,121,9,2,0
10728d70e0641a69:0xa828b,120,8,2,0
10728d70e0641a69:0xa82d2,120,10,3,0
10728d70e0641a69:0xa831e,118,8,2,0
10728d70e0641a69:0xa8362,118,9,3,0
10728d70e0641a69:0xa83af,116,7,2,0
10728d70e0641a69:0xa83f8,116,8,3,0
10728d70e0641a69:0xa856e,116,13,11,0
10728d70e0641a69:0xa85ea,127,17,17,0
10728d70e0641a69:0x3e5dd,116,14,14,0
10728d70e0641a69:0x3e6a2,111,10,8,0
10728d70e0641a69:0xaa573,35,3,3,0
10728d70e0641a69:0x6cd2,215,31,19,0
10728d70e0641a69:0x115a2d,233,30,125,0
10728d70e0641a69:0xa6db7,60,7,7,0
10728d70e0641a69:0xa6ec6,62,11,12,0
10728d70e0641a69:0xaa60f,32,1,0,0
10728d70e0641a69:0xaa680,32,1,0,0
10728d70e0641a69:0xaa713,32,1,0,0
10728d70e0641a69:0xaa758,32,2,1,0
10728d70e0641a69:0xaa987,16,1,1,0
10728d70e0641a69:0xf247,32,2,1,0
10728d70e0641a69:0xf30f,32,2,1,0
10728d70e0641a69:0xf38b,32,2,1,0
10728d70e0641a69:0xf483,32,2,1,0
10728d70e0641a69:0xf500,32,2,1,0
10728d70e0641a69:0xf5cf,32,2,1,0
10728d70e0641a69:0xf613,32,2,1,0
10728d70e0641a69:0xf68f,32,2,1,0
10728d70e0641a69:0xf74c,32,2,2,0
10728d70e0641a69:0xf80c,32,2,1,0
10728d70e0641a69:0xf89a,32,2,1,0
10728d70e0641a69:0xf9a6,32,2,1,0
10728d70e0641a69:0xc4116,32,2,2,0
10728d70e0641a69:0xc4158,16,1,1,0
10728d70e0641a69:0xc41e3,16,1,1,0
10728d70e0641a69:0xc4268,32,2,2,0
10728d70e0641a69:0xa817c,146,24,0,0
10728d70e0641a69:0x1159e5,136,0,18,0
10728d70e0641a69:0x6cd2,216,31,19,0
10728d70e0641a69:0x115a2d,234,30,125,0
10728d70e0641a69:0xa81f9,124,9,1,0
10728d70e0641a69:0xa8240,122,9,2,0
10728d70e0641a69:0xa828b,121,8,2,0
10728d70e0641a69:0xa82d2,121,10,3,0
10728d70e0641a69:0xa831e,119,8,2,0
10728d70e0641a69:0xa8362,119,9,3,0
10728d70e0641a69:0xa83af,117,7,2,0
10728d70e0641a69:0xa83f8,117,8,3,0
10728d70e0641a69:0xa856e,117,13,11,0
10728d70e0641a69:0xa85ea,128,17,17,0
10728d70e0641a69:0x3e5dd,117,14,14,0
10728d70e0641a69:0x3e6a2,112,10,8,0
10728d70e0641a69:0x3e6e6,76,8,8,0
10728d70e0641a69:0x3e730,75,0,14,0
10728d70e0641a69:0x3e9ce,75,7,7,0
10728d70e0641a69:0x3ea12,75,7,7,0
10728d70e0641a69:0x3ea56,75,8,5,0
10728d70e0641a69:0x3ea9a,72,8,4,0
10728d70e0641a69:0x3eade,71,11,7,0
10728d70e0641a69:0x3eb22,65,8,4,0
10728d70e0641a69:0xabb3b,20,3,3,0
10728d70e0641a69:0x6cd2,217,31,19,0
10728d70e0641a69:0x115a2d,235,30,125,0
10728d70e0641a69:0xa6db7,61,7,7,0
10728d70e0641a69:0xa6ec6,63,11,12,0
10728d70e0641a69:0xabcdc,19,2,1,0
10728d70e0641a69:0xabc8,19,2,1,0
10728d70e0641a69:0xa817c,147,24,0,0
10728d70e0641a69:0x1159e5,137,0,18,0
10728d70e0641a69:0x6cd2,218,31,19,0
10728d70e0641a69:0x115a2d,236,30,125,0
10728d70e0641a69:0xa81f9,125,9,1,0
10728d70e0641a69:0xa8240,123,9,2,0
10728d70e0641a69:0xa828b,122,8,2,0
10728d70e0641a69:0xa82d2,122,10,3,0
10728d70e0641a69:0xa831e,120,8,2,0
10728d70e0641a69:0xa8362,120,9,3,0
10728d70e0641a69:0xa83af,118,7,2,0
10728d70e0641a69:0xa83f8,118,8,3,0
10728d70e0641a69:0xa856e,118,13,11,0
10728d70e0641a69:0xa85ea,129,17,17,0
10728d70e0641a69:0x3e5dd,118,14,14,0
10728d70e0641a69:0x3e6a2,113,10,8,0
10728d70e0641a69:0x3e6e6,77,8,8,0
10728d70e0641a69:0x3e730,76,0,14,0
10728d70e0641a69:0x3e9ce,76,7,7,0
10728d70e0641a69:0x3ea12,76,7,7,0
10728d70e0641a69:0x3ea56,76,8,5,0
10728d70e0641a69:0x3ea9a,73,8,4,0
10728d70e0641a69:0x3eade,72,11,7,0
10728d70e0641a69:0x3eb22,66,8,4,0
10728d70e0641a69:0x3eb66,46,7,5,0
10728d70e0641a69:0x3ebaa,43,7,4,0
10728d70e0641a69:0x3ebee,42,6,3,0
10728d70e0641a69:0x3ec32,41,6,3,0
10728d70e0641a69:0x3ec76,40,4,1,0
10728d70e0641a69:0x3ecba,39,6,3,0
10728d70e0641a69:0x3ecfe,38,9,6,0
10728d70e0641a69:0xacdeb,6,3,4,0
10728d70e0641a69:0xacdeb,6,4,4,0
10728d70e0641a69:0xacdeb,7,4,4,0
10728d70e0641a69:0xa897f,35,17,18,0
10728d70e0641a69:0xa897f,35,18,18,0
10728d70e0641a69:0xa897f,36,18,18,0
10728d70e0641a69:0xa8a0f,28,11,12,0
10728d70e0641a69:0xa8a0f,28,12,12,0
10728d70e0641a69:0xa8a0f,29,12,12,0
10728d70e0641a69:0xa904a,28,11,12,0
10728d70e0641a69:0xa904a,28,12,12,0
10728d70e0641a69:0xa904a,29,12,12,0
10728d70e0641a69:0x6e1b4,31,13,14,0
10728d70e0641a69:0x6e1b4,31,14,14,0
10728d70e0641a69:0x6e1b4,32,14,14,0
10728d70e0641a69:0x7b73b,101,26,92,0
10728d70e0641a69:0x7b73b,101,27,92,0
10728d70e0641a69:0x7b73b,102,27,92,0
10728d70e0641a69:0x7b746,30,12,13,0
10728d70e0641a69:0x7b746,30,13,13,0
10728d70e0641a69:0x7b746,31,13,13,0
10728d70e0641a69:0x8f3b4,1,1,2,0
10728d70e0641a69:0x8f3b4,1,2,2,0
10728d70e0641a69:0x8f3b4,2,2,2,0
10728d70e0641a69:0x8f467,2,1,4,0
10728d70e0641a69:0x8f467,2,2,4,0
10728d70e0641a69:0x8f467,3,2,4,0
10728d70e0641a69:0x8f46e,2,1,4,0
10728d70e0641a69:0x8f46e,2,2,4,0
10728d70e0641a69:0x8f46e,3,2,4,0
10728d70e0641a69:0x8f4d3,2,1,4,0
10728d70e0641a69:0x8f4d3,2,2,4,0
10728d70e0641a69:0x8f4d3,3,2,4,0
10728d70e0641a69:0x8f3b9,2,2,4,0
10728d70e0641a69:0x8f3b9,2,3,4,0
10728d70e0641a69:0x8f3b9,3,3,4,0
10728d70e0641a69:0x8f3c9,2,2,3,0
10728d70e0641a69:0x8f3c9,2,3,3,0
10728d70e0641a69:0x8f3c9,3,3,3,0
10728d70e0641a69:0x8f3dc,2,2,3,0
10728d70e0641a69:0x8f3dc,2,3,3,0
10728d70e0641a69:0x8f3dc,3,3,3,0
10728d70e0641a69:0x8f3ed,2,1,5,0
10728d70e0641a69:0x8f3ed,2,2,5,0
10728d70e0641a69:0x8f3ed,3,2,5,0
10728d70e0641a69:0x8f406,2,1,6,0
10728d70e0641a69:0x8f406,2,2,6,0
10728d70e0641a69:0x8f406,3,2,6,0
10728d70e0641a69:0x8f429,2,1,4,0
10728d70e0641a69:0x8f429,2,2,4,0
10728d70e0641a69:0x8f429,3,2,4,0
10728d70e0641a69:0x7b782,31,1,26,0
10728d70e0641a69:0x7b782,31,1,27,0
10728d70e0641a69:0x7b782,32,1,27,0
10728d70e0641a69:0x6e283,31,1,26,0
10728d70e0641a69:0x6e283,31,1,27,0
10728d70e0641a69:0x6e283,32,1,27,0
10728d70e0641a69:0x5db32,31,1,26,0
10728d70e0641a69:0x5db32,31,1,27,0
10728d70e0641a69:0x5db32,32,1,27,0
10728d70e0641a69:0x6cd2,218,31,20,0
10728d70e0641a69:0x6cd2,218,32,20,0
10728d70e0641a69:0x6cd2,219,32,20,0
10728d70e0641a69:0x6d9b,30,12,13,0
10728d70e0641a69:0x6d9b,30,13,13,0
10728d70e0641a69:0x6d9b,31,13,13,0
10728d70e0641a69:0x6dee,30,12,13,0
10728d70e0641a69:0x6dee,30,13,13,0
10728d70e0641a69:0x6dee,31,13,13,0
10728d70e0641a69:0x115a2d,236,30,126,0
10728d70e0641a69:0x115a2d,236,31,126,0
10728d70e0641a69:0x115a2d,237,31,126,0
10728d70e0641a69:0x1167a4,30,11,28,0
10728d70e0641a69:0x1167a4,30,12,28,0
10728d70e0641a69:0x1167a4,31,12,28,0
10728d70e0641a69:0x1167a4,31,12,29,0
10728d70e0641a69:0x1167a4,31,12,30,0
10728d70e0641a69:0x1167a4,31,12,31,0
10728d70e0641a69:0x1167a4,31,12,32,0
10728d70e0641a69:0x1167a4,31,12,33,0
10728d70e0641a69:0x1167a4,31,12,34,0
10728d70e0641a69:0x1167a4,31,12,35,0
10728d70e0641a69:0x1167a4,31,12,36,0
10728d70e0641a69:0x1168c7,14,5,30,0
10728d70e0641a69:0x1168c7,14,6,30,0
10728d70e0641a69:0x1168c7,15,6,30,0
10728d70e0641a69:0x1168c7,15,6,31,0
10728d70e0641a69:0x1168c7,15,6,32,0
10728d70e0641a69:0x1168c7,15,6,33,0
10728d70e0641a69:0x1168c7,15,6,34,0
10728d70e0641a69:0x1168c7,15,6,35,0
10728d70e0641a69:0x1168c7,15,6,36,0
10728d70e0641a69:0x1168c7,15,6,37,0
10728d70e0641a69:0x1168c7,15,6,38,0
10728d70e0641a69:0x1168c7,16,6,38,0
10728d70e0641a69:0x1168c7,17,6,38,0
10728d70e0641a69:0x1168c7,17,6,39,0
10728d70e0641a69:0x1168c7,17,7,39,0
10728d70e0641a69:0x1168c7,18,7,39,0
10728d70e0641a69:0x116947,30,12,25,0
10728d70e0641a69:0x116947,30,13,25,0
10728d70e0641a69:0x116947,31,13,25,0
10728d70e0641a69:0x6e7d,30,0,25,0
10728d70e0641a69:0x6e7d,30,0,26,0
10728d70e0641a69:0x6e7d,31,0,26,0
10728d70e0641a69:0xa93cd,27,10,11,0
10728d70e0641a69:0xa93cd,27,11,11,0
10728d70e0641a69:0xa93cd,28,11,11,0
10728d70e0641a69:0x7b733,77,24,25,0
10728d70e0641a69:0x7b733,77,25,25,0
10728d70e0641a69:0x7b733,78,25,25,0
10728d70e0641a69:0x7b73b,103,27,92,0
10728d70e0641a69:0xa94e7,35,13,14,0
10728d70e0641a69:0xa94e7,35,14,14,0
10728d70e0641a69:0xa94e7,36,14,14,0
10728d70e0641a69:0xa9539,29,11,12,0
10728d70e0641a69:0xa9539,29,12,12,0
10728d70e0641a69:0xa9539,30,12,12,0
10728d70e0641a69:0x290c3,77,52,45,0
10728d70e0641a69:0x290c3,77,53,45,0
10728d70e0641a69:0x290c3,78,53,45,0
10728d70e0641a69:0x2910c,75,51,44,0
10728d70e0641a69:0x2910c,75,52,44,0
10728d70e0641a69:0x2910c,76,52,44,0
10728d70e0641a69:0x2919f,79,80,52,0
10728d70e0641a69:0x2919f,79,81,52,0
10728d70e0641a69:0x2919f,80,81,52,0
10728d70e0641a69:0x291e6,75,52,44,0
10728d70e0641a69:0x291e6,75,53,44,0
10728d70e0641a69:0x291e6,76,53,44,0
10728d70e0641a69:0x29277,79,77,53,0
10728d70e0641a69:0x29277,79,78,53,0
10728d70e0641a69:0x29277,80,78,53,0
10728d70e0641a69:0x292be,75,52,42,0
10728d70e0641a69:0x292be,75,53,42,0
10728d70e0641a69:0x292be,76,53,42,0
10728d70e0641a69:0x2934c,80,60,47,0
10728d70e0641a69:0x29394,78,54,44,0
10728d70e0641a69:0x2e2bf,33,14,15,0
10728d70e0641a69:0x2e2bf,33,15,15,0
10728d70e0641a69:0x2e2bf,34,15,15,0
10728d70e0641a69:0x290c3,79,53,45,0
10728d70e0641a69:0x2910c,77,52,44,0
10728d70e0641a69:0x2919f,81,81,52,0
10728d70e0641a69:0x291e6,77,53,44,0
10728d70e0641a69:0x29277,81,78,53,0
10728d70e0641a69:0x292be,77,53,42,0
10728d70e0641a69:0x2934c,81,60,47,0
10728d70e0641a69:0x29394,79,54,44,0
10728d70e0641a69:0x2fde4,11,9,10,0
10728d70e0641a69:0x2fde4,11,10,10,0
10728d70e0641a69:0x2fde4,12,10,10,0
10728d70e0641a69:0x7b733,79,25,25,0
10728d70e0641a69:0x7b73b,104,27,92,0
10728d70e0641a69:0xa817c,147,25,0,0
10728d70e0641a69:0xa817c,148,25,0,0
10728d70e0641a69:0x783b7,23,19,20,0
10728d70e0641a69:0x783b7,23,20,20,0
10728d70e0641a69:0x783b7,24,20,20,0
10728d70e0641a69:0x7782e,24,0,38,0
10728d70e0641a69:0x77834,23,18,19,0
10728d70e0641a69:0x77834,23,19,19,0
10728d70e0641a69:0x77834,24,19,19,0
10728d70e0641a69:0x783e9,23,0,39,0
10728d70e0641a69:0x783e9,23,0,40,0
10728d70e0641a69:0x783e9,24,0,40,0
10728d70e0641a69:0x7b7dc,58,0,2,0
10728d70e0641a69:0x8eccc,59,3,0,0
10728d70e0641a69:0xa817c,149,25,0,0
10728d70e0641a69:0x1159e5,138,0,18,0
10728d70e0641a69:0x6cd2,220,32,20,0
10728d70e0641a69:0x115a2d,238,31,126,0
10728d70e0641a69:0xa81f9,126,9,1,0
10728d70e0641a69:0xa8240,124,9,2,0
10728d70e0641a69:0xa828b,123,8,2,0
10728d70e0641a69:0xa82d2,123,10,3,0
10728d70e0641a69:0xa831e,121,8,2,0
10728d70e0641a69:0xa8362,121,9,3,0
10728d70e0641a69:0xa83af,119,7,2,0
10728d70e0641a69:0xa83f8,119,8,3,0
10728d70e0641a69:0xa856e,119,13,11,0
10728d70e0641a69:0xa85ea,130,17,17,0
10728d70e0641a69:0x3e5dd,119,14,14,0
10728d70e0641a69:0x3e6a2,114,10,8,0
10728d70e0641a69:0xaa573,36,3,3,0
10728d70e0641a69:0x6cd2,221,32,20,0
10728d70e0641a69:0x115a2d,239,31,126,0
10728d70e0641a69:0xa6db7,62,7,7,0
10728d70e0641a69:0xa6ec6,64,11,12,0
10728d70e0641a69:0xaa60f,33,1,0,0
10728d70e0641a69:0xaa680,33,1,0,0
10728d70e0641a69:0xaa713,33,1,0,0
10728d70e0641a69:0xaa758,33,2,1,0
10728d70e0641a69:0xaa987,17,1,1,0
10728d70e0641a69:0xf247,33,2,1,0
10728d70e0641a69:0xf30f,33,2,1,0
10728d70e0641a69:0xf38b,33,2,1,0
10728d70e0641a69:0xf483,33,2,1,0
10728d70e0641a69:0xf500,33,2,1,0
10728d70e0641a69:0xf5cf,33,2,1,0
10728d70e0641a69:0xf613,33,2,1,0
10728d70e0641a69:0xf68f,33,2,1,0
10728d70e0641a69:0xf74c,33,2,2,0
10728d70e0641a69:0xf80c,33,2,1,0
10728d70e0641a69:0xf89a,33,2,1,0
10728d70e0641a69:0xf9a6,33,2,1,0
10728d70e0641a69:0xc4116,33,2,2,0
10728d70e0641a69:0xc4158,17,1,1,0
10728d70e0641a69:0xc41e3,17,1,1,0
10728d70e0641a69:0xc4268,33,2,2,0
10728d70e0641a69:0xa817c,150,25,0,0
10728d70e0641a69:0x1159e5,139,0,18,0
10728d70e0641a69:0x6cd2,222,32,20,0
10728d70e0641a69:0x115a2d,240,31,126,0
10728d70e0641a69:0xa81f9,127,9,1,0
10728d70e0641a69:0xa8240,125,9,2,0
10728d70e0641a69:0xa828b,124,8,2,0
10728d70e0641a69:0xa82d2,124,10,3,0
10728d70e0641a69:0xa831e,122,8,2,0
10728d70e0641a69:0xa8362,122,9,3,0
10728d70e0641a69:0xa83af,120,7,2,0
10728d70e0641a69:0xa83f8,120,8,3,0
10728d70e0641a69:0xa856e,120,13,11,0
10728d70e0641a69:0xa85ea,131,17,17,0
10728d70e0641a69:0x3e5dd,120,14,14,0
10728d70e0641a69:0x3e6a2,115,10,8,0
10728d70e0641a69:0x3e6e6,78,8,8,0
10728d70e0641a69:0x3e730,77,0,14,0
10728d70e0641a69:0x3e9ce,77,7,7,0
10728d70e0641a69:0x3ea12,77,7,7,0
10728d70e0641a69:0x3ea56,77,8,5,0
10728d70e0641a69:0x3ea9a,74,8,4,0
10728d70e0641a69:0x3eade,73,11,7,0
10728d70e0641a69:0x3eb22,67,8,4,0
10728d70e0641a69:0x3eb66,47,7,5,0
10728d70e0641a69:0x3ebaa,44,7,4,0
10728d70e0641a69:0x3ebee,43,6,3,0
10728d70e0641a69:0x3ec32,42,6,3,0
10728d70e0641a69:0x3ec76,41,4,1,0
10728d70e0641a69:0x3ecba,40,6,3,0
10728d70e0641a69:0x3ecfe,39,9,6,0
10728d70e0641a69:0x3ed42,31,7,6,0
10728d70e0641a69:0x3ed86,27,6,5,0
10728d70e0641a69:0x3edca,24,5,4,0
10728d70e0641a69:0x3ee0e,23,5,4,0
10728d70e0641a69:0x3ee52,22,5,4,0
10728d70e0641a69:0x3ee96,21,5,4,0
10728d70e0641a69:0x3eeda,19,5,5,0
10728d70e0641a69:0x3eeda,19,6,5,0
10728d70e0641a69:0x3eeda,20,6,5,0
10728d70e0641a69:0x3c23b,2,1,2,0
10728d70e0641a69:0x3c23b,2,2,2,0
10728d70e0641a69:0x3c23b,3,2,2,0
10728d70e0641a69:0x81b84,6,0,7,0
10728d70e0641a69:0x81b84,6,0,8,0
10728d70e0641a69:0x81b84,7,0,8,0
10728d70e0641a69:0x81bb5,6,4,5,0
10728d70e0641a69:0x81bb5,6,5,5,0
10728d70e0641a69:0x81bb5,7,5,5,0
10728d70e0641a69:0x8f258,2,1,2,0
10728d70e0641a69:0x8f258,2,2,2,0
10728d70e0641a69:0x8f258,3,2,2,0
10728d70e0641a69:0x8f25e,2,1,2,0
10728d70e0641a69:0x8f25e,2,2,2,0
10728d70e0641a69:0x8f25e,3,2,2,0
10728d70e0641a69:0x8f2f6,2,1,2,0
10728d70e0641a69:0x8f2f6,2,2,2,0
10728d70e0641a69:0x8f2f6,3,2,2,0
10728d70e0641a69:0x8f2fb,2,1,2,0
10728d70e0641a69:0x8f2fb,2,2,2,0
10728d70e0641a69:0x8f2fb,3,2,2,0
10728d70e0641a69:0x8f2fb,3,2,3,0
10728d70e0641a69:0x6e1b4,32,14,15,0
10728d70e0641a69:0x6e1b4,32,15,15,0
10728d70e0641a69:0x6e1b4,33,15,15,0
10728d70e0641a69:0x7b73b,104,27,93,0
10728d70e0641a69:0x7b73b,104,28,93,0
10728d70e0641a69:0x7b73b,105,28,93,0
10728d70e0641a69:0x7b746,31,13,14,0
10728d70e0641a69:0x7b746,31,14,14,0
10728d70e0641a69:0x7b746,32,14,14,0
10728d70e0641a69:0x7b74f,29,11,14,0
10728d70e0641a69:0x7b74f,29,12,14,0
10728d70e0641a69:0x7b74f,30,12,14,0
10728d70e0641a69:0x7b76c,172,20,22,0
10728d70e0641a69:0x7b76c,172,21,22,0
10728d70e0641a69:0x7b76c,173,21,22,0
10728d70e0641a69:0x7b76c,174,21,22,0
10728d70e0641a69:0x7b76c,175,21,22,0
10728d70e0641a69:0x7b76c,175,21,23,0
10728d70e0641a69:0x7b76c,175,22,23,0
10728d70e0641a69:0x7b76c,176,22,23,0
10728d70e0641a69:0x7b782,32,1,28,0
10728d70e0641a69:0x7b782,32,1,29,0
10728d70e0641a69:0x7b782,33,1,29,0
10728d70e0641a69:0x6e283,32,1,28,0
10728d70e0641a69:0x6e283,32,1,29,0
10728d70e0641a69:0x6e283,33,1,29,0
10728d70e0641a69:0x5db32,32,1,28,0
10728d70e0641a69:0x5db32,32,1,29,0
10728d70e0641a69:0x5db32,33,1,29,0
10728d70e0641a69:0x6cd2,222,32,21,0
10728d70e0641a69:0x6cd2,222,33,21,0
10728d70e0641a69:0x6cd2,223,33,21,0
10728d70e0641a69:0x6d9b,31,13,14,0
10728d70e0641a69:0x6d9b,31,14,14,0
10728d70e0641a69:0x6d9b,32,14,14,0
10728d70e0641a69:0x6dee,31,13,14,0
10728d70e0641a69:0x6dee,31,14,14,0
10728d70e0641a69:0x6dee,32,14,14,0
10728d70e0641a69:0x115a2d,240,31,127,0
10728d70e0641a69:0x115a2d,240,32,127,0
10728d70e0641a69:0x115a2d,241,32,127,0
10728d70e0641a69:0x1167a4,31,12,37,0
10728d70e0641a69:0x1167a4,31,13,37,0
10728d70e0641a69:0x1167a4,32,13,37,0
10728d70e0641a69:0x116947,31,13,26,0
10728d70e0641a69:0x116947,31,14,26,0
10728d70e0641a69:0x116947,32,14,26,0
10728d70e0641a69:0x116947,32,14,27,0
10728d70e0641a69:0x1169b7,29,11,12,0
10728d70e0641a69:0x1169b7,29,12,12,0
10728d70e0641a69:0x1169b7,30,12,12,0
10728d70e0641a69:0x1169fb,19,5,6,0
10728d70e0641a69:0x1169fb,19,6,6,0
10728d70e0641a69:0x1169fb,20,6,6,0
10728d70e0641a69:0x116a40,19,6,9,0
10728d70e0641a69:0x116a40,19,7,9,0
10728d70e0641a69:0x116a40,20,7,9,0
10728d70e0641a69:0x116a84,17,4,5,0
10728d70e0641a69:0x116a84,17,5,5,0
10728d70e0641a69:0x116a84,18,5,5,0
10728d70e0641a69:0x116ac8,17,4,14,0
10728d70e0641a69:0x116ac8,17,5,14,0
10728d70e0641a69:0x116ac8,18,5,14,0
10728d70e0641a69:0x116ac8,18,5,15,0
10728d70e0641a69:0x116ac8,18,5,16,0
10728d70e0641a69:0x116ac8,18,5,17,0
10728d70e0641a69:0x116e00,19,5,6,0
10728d70e0641a69:0x116e00,19,6,6,0
10728d70e0641a69:0x116e00,20,6,6,0
10728d70e0641a69:0x6e7d,31,0,27,0
10728d70e0641a69:0x6e7d,31,0,28,0
10728d70e0641a69:0x6e7d,32,0,28,0
10728d70e0641a69:0xa6db7,62,7,8,0
10728d70e0641a69:0xa6db7,62,8,8,0
10728d70e0641a69:0xa6db7,63,8,8,0
10728d70e0641a69:0x7b733,79,25,26,0
10728d70e0641a69:0x7b733,79,26,26,0
10728d70e0641a69:0x7b733,80,26,26,0
10728d70e0641a69:0x7b73b,106,28,93,0
10728d70e0641a69:0xa6ec6,64,11,13,0
10728d70e0641a69:0xa6ec6,64,12,13,0
10728d70e0641a69:0xa6ec6,65,12,13,0
10728d70e0641a69:0xa6f12,5,4,5,0
10728d70e0641a69:0xa6f12,5,5,5,0
10728d70e0641a69:0xa6f12,6,5,5,0
10728d70e0641a69:0x290c3,80,53,45,0
10728d70e0641a69:0x2910c,77,52,45,0
10728d70e0641a69:0x2910c,77,53,45,0
10728d70e0641a69:0x2910c,78,53,45,0
10728d70e0641a69:0x2919f,81,81,53,0
10728d70e0641a69:0x2919f,81,82,53,0
10728d70e0641a69:0x2919f,82,82,53,0
10728d70e0641a69:0x291e6,77,53,45,0
10728d70e0641a69:0x291e6,77,54,45,0
10728d70e0641a69:0x291e6,78,54,45,0
10728d70e0641a69:0x29277,81,78,54,0
10728d70e0641a69:0x29277,81,79,54,0
10728d70e0641a69:0x29277,82,79,54,0
10728d70e0641a69:0x292be,77,53,43,0
10728d70e0641a69:0x292be,77,54,43,0
10728d70e0641a69:0x292be,78,54,43,0
10728d70e0641a69:0x2934c,82,60,47,0
10728d70e0641a69:0x29394,79,54,45,0
10728d70e0641a69:0x29394,79,55,45,0
10728d70e0641a69:0x29394,80,55,45,0
10728d70e0641a69:0x2e2bf,34,15,16,0
10728d70e0641a69:0x2e2bf,34,16,16,0
10728d70e0641a69:0x2e2bf,35,16,16,0
10728d70e0641a69:0x7b733,81,26,26,0
10728d70e0641a69:0x7b73b,107,28,93,0
10728d70e0641a69:0xa817c,150,26,0,0
10728d70e0641a69:0xa817c,151,26,0,0
10728d70e0641a69:0x1159e5,139,0,19,0
10728d70e0641a69:0x1159e5,139,0,20,0
10728d70e0641a69:0x1159e5,140,0,20,0
10728d70e0641a69:0x6cd2,223,34,21,0
10728d70e0641a69:0x6cd2,224,34,21,0
10728d70e0641a69:0x115a2d,242,32,127,0
10728d70e0641a69:0xa81f9,127,9,2,0
10728d70e0641a69:0xa81f9,127,10,2,0
10728d70e0641a69:0xa81f9,128,10,2,0
10728d70e0641a69:0xa8240,125,9,3,0
10728d70e0641a69:0xa8240,125,10,3,0
10728d70e0641a69:0xa8240,126,10,3,0
10728d70e0641a69:0xa828b,124,8,3,0
10728d70e0641a69:0xa828b,124,9,3,0
10728d70e0641a69:0xa828b,125,9,3,0
10728d70e0641a69:0xa82d2,124,10,4,0
10728d70e0641a69:0xa82d2,124,11,4,0
10728d70e0641a69:0xa82d2,125,11,4,0
10728d70e0641a69:0xa831e,122,8,3,0
10728d70e0641a69:0xa831e,122,9,3,0
10728d70e0641a69:0xa831e,123,9,3,0
10728d70e0641a69:0xa8362,122,9,4,0
10728d70e0641a69:0xa8362,122,10,4,0
10728d70e0641a69:0xa8362,123,10,4,0
10728d70e0641a69:0xa83af,120,7,3,0
10728d70e0641a69:0xa83af,120,8,3,0
10728d70e0641a69:0xa83af,121,8,3,0
10728d70e0641a69:0xa83f8,120,8,4,0
10728d70e0641a69:0xa83f8,120,9,4,0
10728d70e0641a69:0xa83f8,121,9,4,0
10728d70e0641a69:0xa856e,120,13,12,0
10728d70e0641a69:0xa856e,120,14,12,0
10728d70e0641a69:0xa856e,121,14,12,0
10728d70e0641a69:0xa85ea,131,17,18,0
10728d70e0641a69:0xa85ea,131,18,18,0
10728d70e0641a69:0xa85ea,132,18,18,0
10728d70e0641a69:0x3e5dd,120,14,15,0
10728d70e0641a69:0x3e5dd,120,15,15,0
10728d70e0641a69:0x3e5dd,121,15,15,0
10728d70e0641a69:0x3e6a2,115,10,9,0
10728d70e0641a69:0x3e6a2,115,11,9,0
10728d70e0641a69:0x3e6a2,116,11,9,0
10728d70e0641a69:0x3e6e6,78,8,9,0
10728d70e0641a69:0x3e6e6,78,9,9,0
10728d70e0641a69:0x3e6e6,79,9,9,0
10728d70e0641a69:0x3e730,77,0,15,0
10728d70e0641a69:0x3e730,77,0,16,0
10728d70e0641a69:0x3e730,78,0,16,0
10728d70e0641a69:0x3e9ce,77,7,8,0
10728d70e0641a69:0x3e9ce,77,8,8,0
10728d70e0641a69:0x3e9ce,78,8,8,0
10728d70e0641a69:0x3ea12,77,7,8,0
10728d70e0641a69:0x3ea12,77,8,8,0
10728d70e0641a69:0x3ea12,78,8,8,0
10728d70e0641a69:0x3ea56,77,8,6,0
10728d70e0641a69:0x3ea56,77,9,6,0
10728d70e0641a69:0x3ea56,78,9,6,0
10728d70e0641a69:0x3ea9a,74,8,5,0
10728d70e0641a69:0x3ea9a,74,9,5,0
10728d70e0641a69:0x3ea9a,75,9,5,0
10728d70e0641a69:0xac76b,1,1,2,0
10728d70e0641a69:0xac76b,1,2,2,0
10728d70e0641a69:0xac76b,2,2,2,0
10728d70e0641a69:0x7b733,82,26,26,0
10728d70e0641a69:0x7b73b,108,28,93,0
10728d70e0641a69:0x8f435,1,1,3,0
10728d70e0641a69:0x8f435,1,2,3,0
10728d70e0641a69:0x8f435,2,2,3,0
10728d70e0641a69:0x8f435,2,2,4,0
10728d70e0641a69:0x8f44f,7,5,10,0
10728d70e0641a69:0x8f44f,7,6,10,0
10728d70e0641a69:0x8f44f,8,6,10,0
10728d70e0641a69:0x8f44f,8,6,11,0
10728d70e0641a69:0x8f44f,9,6,11,0
10728d70e0641a69:0x8f44f,10,6,11,0
10728d70e0641a69:0x8f44f,11,6,11,0
10728d70e0641a69:0x8f44f,12,6,11,0
10728d70e0641a69:0x8f44f,13,6,11,0
10728d70e0641a69:0x8f44f,13,6,12,0
10728d70e0641a69:0x8f44f,13,7,12,0
10728d70e0641a69:0x8f44f,14,7,12,0
10728d70e0641a69:0x8f467,3,2,5,0
10728d70e0641a69:0x8f467,3,2,6,0
10728d70e0641a69:0x8f467,4,2,6,0
10728d70e0641a69:0x8f46e,3,2,5,0
10728d70e0641a69:0x8f46e,3,2,6,0
10728d70e0641a69:0x8f46e,4,2,6,0
10728d70e0641a69:0x8f4d3,3,2,5,0
10728d70e0641a69:0x8f4d3,3,2,6,0
10728d70e0641a69:0x8f4d3,4,2,6,0
10728d70e0641a69:0x8f3b9,3,3,5,0
10728d70e0641a69:0x8f3b9,3,4,5,0
10728d70e0641a69:0x8f3b9,4,4,5,0
10728d70e0641a69:0x8f3b9,4,4,6,0
10728d70e0641a69:0x8f3c9,3,3,4,0
10728d70e0641a69:0x8f3c9,3,4,4,0
10728d70e0641a69:0x8f3c9,4,4,4,0
10728d70e0641a69:0x8f3dc,3,3,4,0
10728d70e0641a69:0x8f3dc,3,4,4,0
10728d70e0641a69:0x8f3dc,4,4,4,0
10728d70e0641a69:0x8f3ed,3,2,6,0
10728d70e0641a69:0x8f3ed,3,2,7,0
10728d70e0641a69:0x8f3ed,4,2,7,0
10728d70e0641a69:0x8f3ed,4,2,8,0
10728d70e0641a69:0x8f406,3,2,7,0
10728d70e0641a69:0x8f406,3,2,8,0
10728d70e0641a69:0x8f406,4,2,8,0
10728d70e0641a69:0x8f406,4,2,9,0
10728d70e0641a69:0x8f406,4,2,10,0
10728d70e0641a69:0x8f429,3,2,5,0
10728d70e0641a69:0x8f429,3,2,6,0
10728d70e0641a69:0x8f429,4,2,6,0
10728d70e0641a69:0x6cd2,225,34,21,0
10728d70e0641a69:0x115a2d,243,32,127,0
10728d70e0641a69:0xa6db7,63,8,9,0
10728d70e0641a69:0xa6db7,63,9,9,0
10728d70e0641a69:0xa6db7,64,9,9,0
10728d70e0641a69:0x7b733,82,26,27,0
10728d70e0641a69:0x7b733,82,27,27,0
10728d70e0641a69:0x7b733,83,27,27,0
10728d70e0641a69:0x7b73b,109,28,93,0
10728d70e0641a69:0xa6ec6,65,12,14,0
10728d70e0641a69:0xa6ec6,65,13,14,0
10728d70e0641a69:0xa6ec6,66,13,14,0
10728d70e0641a69:0xac92b,1,1,1,0
10728d70e0641a69:0xac92b,1,2,1,0
10728d70e0641a69:0xac92b,2,2,1,0
10728d70e0641a69:0xac953,1,1,1,0
10728d70e0641a69:0xac953,1,2,1,0
10728d70e0641a69:0xac953,2,2,1,0
10728d70e0641a69:0xac962,1,1,2,0
10728d70e0641a69:0xac962,1,2,2,0
10728d70e0641a69:0xac962,2,2,2,0
10728d70e0641a69:0xac98c,1,1,1,0
10728d70e0641a69:0xac98c,1,2,1,0
10728d70e0641a69:0xac98c,2,2,1,0
10728d70e0641a69:0xac992,1,1,2,0
10728d70e0641a69:0xac992,1,2,2,0
10728d70e0641a69:0xac992,2,2,2,0
10728d70e0641a69:0xac9c5,1,1,1,0
10728d70e0641a69:0xac9c5,1,2,1,0
10728d70e0641a69:0xac9c5,2,2,1,0
10728d70e0641a69:0xac9cf,1,1,2,0
10728d70e0641a69:0xac9cf,1,2,2,0
10728d70e0641a69:0xac9cf,2,2,2,0
10728d70e0641a69:0xac9fc,1,1,1,0
10728d70e0641a69:0xac9fc,1,2,1,0
10728d70e0641a69:0xac9fc,2,2,1,0
10728d70e0641a69:0xaca06,1,1,2,0
10728d70e0641a69:0xaca06,1,2,2,0
10728d70e0641a69:0xaca06,2,2,2,0
10728d70e0641a69:0xaca2e,1,1,1,0
10728d70e0641a69:0xaca2e,1,2,1,0
10728d70e0641a69:0xaca2e,2,2,1,0
10728d70e0641a69:0xaca32,1,1,2,0
10728d70e0641a69:0xaca32,1,2,2,0
10728d70e0641a69:0xaca32,2,2,2,0
10728d70e0641a69:0xaca68,1,1,1,0
10728d70e0641a69:0xaca68,1,2,1,0
10728d70e0641a69:0xaca68,2,2,1,0
10728d70e0641a69:0xaca72,1,1,2,0
10728d70e0641a69:0xaca72,1,2,2,0
10728d70e0641a69:0xaca72,2,2,2,0
10728d70e0641a69:0xaca8c,1,1,1,0
10728d70e0641a69:0xaca8c,1,2,1,0
10728d70e0641a69:0xaca8c,2,2,1,0
10728d70e0641a69:0xacad3,1,1,2,0
10728d70e0641a69:0xacad3,1,2,2,0
10728d70e0641a69:0xacad3,2,2,2,0
10728d70e0641a69:0x1b2f6,1,1,1,0
10728d70e0641a69:0x1b2f6,1,2,1,0
10728d70e0641a69:0x1b2f6,2,2,1,0
10728d70e0641a69:0x1b33c,1,1,2,0
10728d70e0641a69:0x1b33c,1,2,2,0
10728d70e0641a69:0x1b33c,2,2,2,0
10728d70e0641a69:0x1b38a,1,1,1,0
10728d70e0641a69:0x1b38a,1,2,1,0
10728d70e0641a69:0x1b38a,2,2,1,0
10728d70e0641a69:0x1b3d1,1,1,1,0
10728d70e0641a69:0x1b3d1,1,2,1,0
10728d70e0641a69:0x1b3d1,2,2,1,0
10728d70e0641a69:0x1b417,1,1,2,0
10728d70e0641a69:0x1b417,1,2,2,0
10728d70e0641a69:0x1b417,2,2,2,0
10728d70e0641a69:0x1b45f,1,1,1,0
10728d70e0641a69:0x1b45f,1,2,1,0
10728d70e0641a69:0x1b45f,2,2,1,0
10728d70e0641a69:0x1b4a9,1,1,1,0
10728d70e0641a69:0x1b4a9,1,2,1,0
10728d70e0641a69:0x1b4a9,2,2,1,0
10728d70e0641a69:0x1b4ef,1,1,2,0
10728d70e0641a69:0x1b4ef,1,2,2,0
10728d70e0641a69:0x1b4ef,2,2,2,0
10728d70e0641a69:0x1b535,1,1,1,0
10728d70e0641a69:0x1b535,1,2,1,0
10728d70e0641a69:0x1b535,2,2,1,0
10728d70e0641a69:0x1b57f,1,1,1,0
10728d70e0641a69:0x1b57f,1,2,1,0
10728d70e0641a69:0x1b57f,2,2,1,0
10728d70e0641a69:0x1b5c8,1,1,1,0
10728d70e0641a69:0x1b5c8,1,2,1,0
10728d70e0641a69:0x1b5c8,2,2,1,0
10728d70e0641a69:0x1b614,1,1,1,0
10728d70e0641a69:0x1b614,1,2,1,0
10728d70e0641a69:0x1b614,2,2,1,0
10728d70e0641a69:0x1b659,1,1,1,0
10728d70e0641a69:0x1b659,1,2,1,0
10728d70e0641a69:0x1b659,2,2,1,0
10728d70e0641a69:0x1b696,1,1,1,0
10728d70e0641a69:0x1b696,1,2,1,0
10728d70e0641a69:0x1b696,2,2,1,0
10728d70e0641a69:0x1b756,1,1,2,0
10728d70e0641a69:0x1b756,1,2,2,0
10728d70e0641a69:0x1b756,2,2,2,0
10728d70e0641a69:0x1b792,1,1,2,0
10728d70e0641a69:0x1b792,1,2,2,0
10728d70e0641a69:0x1b792,2,2,2,0
10728d70e0641a69:0x1b85c,1,1,2,0
10728d70e0641a69:0x1b85c,1,2,2,0
10728d70e0641a69:0x1b85c,2,2,2,0
10728d70e0641a69:0x1b89a,1,1,2,0
10728d70e0641a69:0x1b89a,1,2,2,0
10728d70e0641a69:0x1b89a,2,2,2,0
10728d70e0641a69:0x1b95e,1,1,2,0
10728d70e0641a69:0x1b95e,1,2,2,0
10728d70e0641a69:0x1b95e,2,2,2,0
10728d70e0641a69:0x1b99a,1,1,2,0
10728d70e0641a69:0x1b99a,1,2,2,0
10728d70e0641a69:0x1b99a,2,2,2,0
10728d70e0641a69:0x1625e,2,2,3,0
10728d70e0641a69:0x1625e,2,3,3,0
10728d70e0641a69:0x1625e,3,3,3,0
10728d70e0641a69:0x1bab5,1,1,2,0
10728d70e0641a69:0x1bab5,1,2,2,0
10728d70e0641a69:0x1bab5,2,2,2,0
10728d70e0641a69:0x1bb00,1,1,2,0
10728d70e0641a69:0x1bb00,1,2,2,0
10728d70e0641a69:0x1bb00,2,2,2,0
10728d70e0641a69:0x1bb3e,1,1,2,0
10728d70e0641a69:0x1bb3e,1,2,2,0
10728d70e0641a69:0x1bb3e,2,2,2,0
10728d70e0641a69:0x1bc05,1,1,2,0
10728d70e0641a69:0x1bc05,1,2,2,0
10728d70e0641a69:0x1bc05,2,2,2,0
10728d70e0641a69:0x1bc42,1,1,2,0
10728d70e0641a69:0x1bc42,1,2,2,0
10728d70e0641a69:0x1bc42,2,2,2,0
10728d70e0641a69:0x1625e,4,3,3,0
10728d70e0641a69:0x1bd5d,1,1,2,0
10728d70e0641a69:0x1bd5d,1,2,2,0
10728d70e0641a69:0x1bd5d,2,2,2,0
10728d70e0641a69:0x1be4a,1,1,2,0
10728d70e0641a69:0x1be4a,1,2,2,0
10728d70e0641a69:0x1be4a,2,2,2,0
10728d70e0641a69:0x1bece,1,1,2,0
10728d70e0641a69:0x1bece,1,2,2,0
10728d70e0641a69:0x1bece,2,2,2,0
10728d70e0641a69:0x1bf5e,1,1,2,0
10728d70e0641a69:0x1bf5e,1,2,2,0
10728d70e0641a69:0x1bf5e,2,2,2,0
10728d70e0641a69:0x1c026,1,1,2,0
10728d70e0641a69:0x1c026,1,2,2,0
10728d70e0641a69:0x1c026,2,2,2,0
10728d70e0641a69:0x1c0aa,1,1,2,0
10728d70e0641a69:0x1c0aa,1,2,2,0
10728d70e0641a69:0x1c0aa,2,2,2,0
10728d70e0641a69:0x1c136,1,1,2,0
10728d70e0641a69:0x1c136,1,2,2,0
10728d70e0641a69:0x1c136,2,2,2,0
10728d70e0641a69:0x1c1b9,1,1,2,0
10728d70e0641a69:0x1c1b9,1,2,2,0
10728d70e0641a69:0x1c1b9,2,2,2,0
10728d70e0641a69:0x1c23d,1,1,2,0
10728d70e0641a69:0x1c23d,1,2,2,0
10728d70e0641a69:0x1c23d,2,2,2,0
10728d70e0641a69:0x1c2cd,1,1,2,0
10728d70e0641a69:0x1c2cd,1,2,2,0
10728d70e0641a69:0x1c2cd,2,2,2,0
10728d70e0641a69:0x1c8ae,1,1,2,0
10728d70e0641a69:0x1c8ae,1,2,2,0
10728d70e0641a69:0x1c8ae,2,2,2,0
10728d70e0641a69:0x1c8f2,1,1,2,0
10728d70e0641a69:0x1c8f2,1,2,2,0
10728d70e0641a69:0x1c8f2,2,2,2,0
10728d70e0641a69:0x1c93f,1,1,2,0
10728d70e0641a69:0x1c93f,1,2,2,0
10728d70e0641a69:0x1c93f,2,2,2,0
10728d70e0641a69:0x1c987,1,1,2,0
10728d70e0641a69:0x1c987,1,2,2,0
10728d70e0641a69:0x1c987,2,2,2,0
10728d70e0641a69:0x1c9d6,1,1,2,0
10728d70e0641a69:0x1c9d6,1,2,2,0
10728d70e0641a69:0x1c9d6,2,2,2,0
10728d70e0641a69:0x1ca1b,1,1,2,0
10728d70e0641a69:0x1ca1b,1,2,2,0
10728d70e0641a69:0x1ca1b,2,2,2,0
10728d70e0641a69:0x1ca6c,1,1,2,0
10728d70e0641a69:0x1ca6c,1,2,2,0
10728d70e0641a69:0x1ca6c,2,2,2,0
10728d70e0641a69:0x1cab3,1,1,2,0
10728d70e0641a69:0x1cab3,1,2,2,0
10728d70e0641a69:0x1cab3,2,2,2,0
10728d70e0641a69:0x1cb00,1,1,2,0
10728d70e0641a69:0x1cb00,1,2,2,0
10728d70e0641a69:0x1cb00,2,2,2,0
10728d70e0641a69:0x1cb45,1,1,2,0
10728d70e0641a69:0x1cb45,1,2,2,0
10728d70e0641a69:0x1cb45,2,2,2,0
10728d70e0641a69:0x1cb94,1,1,2,0
10728d70e0641a69:0x1cb94,1,2,2,0
10728d70e0641a69:0x1cb94,2,2,2,0
10728d70e0641a69:0x1cbdb,1,1,2,0
10728d70e0641a69:0x1cbdb,1,2,2,0
10728d70e0641a69:0x1cbdb,2,2,2,0
10728d70e0641a69:0x1cc2d,1,1,2,0
10728d70e0641a69:0x1cc2d,1,2,2,0
10728d70e0641a69:0x1cc2d,2,2,2,0
10728d70e0641a69:0x1cc73,1,1,2,0
10728d70e0641a69:0x1cc73,1,2,2,0
10728d70e0641a69:0x1cc73,2,2,2,0
10728d70e0641a69:0x1ccc4,1,1,2,0
10728d70e0641a69:0x1ccc4,1,2,2,0
10728d70e0641a69:0x1ccc4,2,2,2,0
10728d70e0641a69:0x1cd11,1,1,2,0
10728d70e0641a69:0x1cd11,1,2,2,0
10728d70e0641a69:0x1cd11,2,2,2,0
10728d70e0641a69:0x1d0d4,1,1,2,0
10728d70e0641a69:0x1d0d4,1,2,2,0
10728d70e0641a69:0x1d0d4,2,2,2,0
10728d70e0641a69:0x1d121,1,1,2,0
10728d70e0641a69:0x1d121,1,2,2,0
10728d70e0641a69:0x1d121,2,2,2,0
10728d70e0641a69:0x1d172,1,1,2,0
10728d70e0641a69:0x1d172,1,2,2,0
10728d70e0641a69:0x1d172,2,2,2,0
10728d70e0641a69:0x1d1c2,1,1,2,0
10728d70e0641a69:0x1d1c2,1,2,2,0
10728d70e0641a69:0x1d1c2,2,2,2,0
10728d70e0641a69:0x1d20f,1,1,2,0
10728d70e0641a69:0x1d20f,1,2,2,0
10728d70e0641a69:0x1d20f,2,2,2,0
10728d70e0641a69:0x1d262,1,1,2,0
10728d70e0641a69:0x1d262,1,2,2,0
10728d70e0641a69:0x1d262,2,2,2,0
10728d70e0641a69:0x1d2b2,1,1,2,0
10728d70e0641a69:0x1d2b2,1,2,2,0
10728d70e0641a69:0x1d2b2,2,2,2,0
10728d70e0641a69:0x1d2ff,1,1,2,0
10728d70e0641a69:0x1d2ff,1,2,2,0
10728d70e0641a69:0x1d2ff,2,2,2,0
10728d70e0641a69:0x7b733,84,27,27,0
10728d70e0641a69:0x7b73b,110,28,93,0
10728d70e0641a69:0xa817c,151,27,0,0
10728d70e0641a69:0xa817c,152,27,0,0
10728d70e0641a69:0x783b7,24,20,21,0
10728d70e0641a69:0x783b7,24,21,21,0
10728d70e0641a69:0x783b7,25,21,21,0
10728d70e0641a69:0x7782e,24,0,39,0
10728d70e0641a69:0x7782e,24,0,40,0
10728d70e0641a69:0x7782e,25,0,40,0
10728d70e0641a69:0x77834,24,19,20,0
10728d70e0641a69:0x77834,24,20,20,0
10728d70e0641a69:0x77834,25,20,20,0
10728d70e0641a69:0x783e9,24,0,41,0
10728d70e0641a69:0x783e9,24,0,42,0
10728d70e0641a69:0x783e9,25,0,42,0
10728d70e0641a69:0x7b7dc,59,0,2,0
10728d70e0641a69:0x8eccc,60,3,0,0
10728d70e0641a69:0xa817c,153,27,0,0
10728d70e0641a69:0x1159e5,141,0,20,0
10728d70e0641a69:0x6cd2,226,34,21,0
10728d70e0641a69:0x115a2d,244,32,127,0
10728d70e0641a69:0xa81f9,129,10,2,0
10728d70e0641a69:0xa8240,127,10,3,0
10728d70e0641a69:0xa828b,126,9,3,0
10728d70e0641a69:0xa82d2,126,11,4,0
10728d70e0641a69:0xa831e,124,9,3,0
10728d70e0641a69:0xa8362,124,10,4,0
10728d70e0641a69:0xa83af,122,8,3,0
10728d70e0641a69:0xa83f8,122,9,4,0
10728d70e0641a69:0xa856e,122,14,12,0
10728d70e0641a69:0xa85ea,133,18,18,0
10728d70e0641a69:0x3e5dd,122,15,15,0
10728d70e0641a69:0x3e6a2,117,11,9,0
10728d70e0641a69:0xaa573,37,3,3,0
10728d70e0641a69:0x6cd2,227,34,21,0
10728d70e0641a69:0x115a2d,245,32,127,0
10728d70e0641a69:0xa6db7,65,9,9,0
10728d70e0641a69:0xa6ec6,67,13,14,0
10728d70e0641a69:0xaa60f,34,1,0,0
10728d70e0641a69:0xaa680,34,1,0,0
10728d70e0641a69:0xaa713,34,1,0,0
10728d70e0641a69:0xaa758,34,2,1,0
10728d70e0641a69:0xaa987,18,1,1,0
10728d70e0641a69:0xf247,34,2,1,0
10728d70e0641a69:0xf30f,34,2,1,0
10728d70e0641a69:0xf38b,34,2,1,0
10728d70e0641a69:0xf483,34,2,1,0
10728d70e0641a69:0xf500,34,2,1,0
10728d70e0641a69:0xf5cf,34,2,1,0
10728d70e0641a69:0xf613,34,2,1,0
10728d70e0641a69:0xf68f,34,2,1,0
10728d70e0641a69:0xf74c,34,2,2,0
10728d70e0641a69:0xf80c,34,2,1,0
10728d70e0641a69:0xf89a,34,2,1,0
10728d70e0641a69:0xf9a6,34,2,1,0
10728d70e0641a69:0xc4116,34,2,2,0
10728d70e0641a69:0xc4158,18,1,1,0
10728d70e0641a69:0xc41e3,18,1,1,0
10728d70e0641a69:0xc4268,34,2,2,0
10728d70e0641a69:0xa817c,154,27,0,0
10728d70e0641a69:0x1159e5,142,0,20,0
10728d70e0641a69:0x6cd2,228,34,21,0
10728d70e0641a69:0x115a2d,246,32,127,0
10728d70e0641a69:0xa81f9,130,10,2,0
10728d70e0641a69:0xa8240,128,10,3,0
10728d70e0641a69:0xa828b,127,9,3,0
10728d70e0641a69:0xa82d2,127,11,4,0
10728d70e0641a69:0xa831e,125,9,3,0
10728d70e0641a69:0xa8362,125,10,4,0
10728d70e0641a69:0xa83af,123,8,3,0
10728d70e0641a69:0xa83f8,123,9,4,0
10728d70e0641a69:0xa856e,123,14,12,0
10728d70e0641a69:0xa85ea,134,18,18,0
10728d70e0641a69:0x3e5dd,123,15,15,0
10728d70e0641a69:0x3e6a2,118,11,9,0
10728d70e0641a69:0x3e6e6,80,9,9,0
10728d70e0641a69:0x3e730,79,0,16,0
10728d70e0641a69:0x3e9ce,79,8,8,0
10728d70e0641a69:0x3ea12,79,8,8,0
10728d70e0641a69:0x3ea56,79,9,6,0
10728d70e0641a69:0x3ea9a,76,9,5,0
10728d70e0641a69:0x3eade,74,11,7,0
10728d70e0641a69:0x3eb22,68,8,4,0
10728d70e0641a69:0x3eb66,48,7,5,0
10728d70e0641a69:0x3ebaa,45,7,4,0
10728d70e0641a69:0x3ebee,44,6,3,0
10728d70e0641a69:0x3ec32,43,6,3,0
10728d70e0641a69:0x3ec76,42,4,1,0
10728d70e0641a69:0x3ecba,41,6,3,0
10728d70e0641a69:0x3ecfe,40,9,6,0
10728d70e0641a69:0x3ed42,32,7,6,0
10728d70e0641a69:0x3ed86,28,6,5,0
10728d70e0641a69:0x3edca,25,5,4,0
10728d70e0641a69:0x3ee0e,24,5,4,0
10728d70e0641a69:0x3ee52,23,5,4,0
10728d70e0641a69:0x3ee96,22,5,4,0
10728d70e0641a69:0x3eeda,21,6,5,0
10728d70e0641a69:0x3c23b,4,2,2,0
10728d70e0641a69:0x81b84,8,0,8,0
10728d70e0641a69:0x81bb5,8,5,5,0
10728d70e0641a69:0x8f258,4,2,2,0
10728d70e0641a69:0x8f25e,4,2,2,0
10728d70e0641a69:0x8f2f6,4,2,2,0
10728d70e0641a69:0x8f2fb,4,2,3,0
10728d70e0641a69:0x6e1b4,34,15,15,0
10728d70e0641a69:0x7b73b,111,28,93,0
10728d70e0641a69:0x7b746,33,14,14,0
10728d70e0641a69:0x7b74f,31,12,14,0
10728d70e0641a69:0x7b76c,177,22,23,0
10728d70e0641a69:0x7b76c,178,22,23,0
10728d70e0641a69:0x7b76c,179,22,23,0
10728d70e0641a69:0x7b76c,180,22,23,0
10728d70e0641a69:0x7b782,34,1,29,0
10728d70e0641a69:0x6e283,34,1,29,0
10728d70e0641a69:0x5db32,34,1,29,0
10728d70e0641a69:0x6cd2,229,34,21,0
10728d70e0641a69:0x6d9b,33,14,14,0
10728d70e0641a69:0x6dee,33,14,14,0
10728d70e0641a69:0x115a2d,247,32,127,0
10728d70e0641a69:0x1167a4,33,13,37,0
10728d70e0641a69:0x116947,33,14,27,0
10728d70e0641a69:0x1169b7,31,12,12,0
10728d70e0641a69:0x1169fb,21,6,6,0
10728d70e0641a69:0x116a40,21,7,9,0
10728d70e0641a69:0x116a84,19,5,5,0
10728d70e0641a69:0x116ac8,19,5,17,0
10728d70e0641a69:0x116e00,21,6,6,0
10728d70e0641a69:0x6e7d,33,0,28,0
10728d70e0641a69:0xa6db7,66,9,9,0
10728d70e0641a69:0x7b733,85,27,27,0
10728d70e0641a69:0x7b73b,112,28,93,0
10728d70e0641a69:0xa6ec6,68,13,14,0
10728d70e0641a69:0xa6f12,7,5,5,0
10728d70e0641a69:0x290c3,81,53,45,0
10728d70e0641a69:0x2910c,79,53,45,0
10728d70e0641a69:0x2919f,83,82,53,0
10728d70e0641a69:0x291e6,79,54,45,0
10728d70e0641a69:0x29277,83,79,54,0
10728d70e0641a69:0x292be,79,54,43,0
10728d70e0641a69:0x2934c,83,60,47,0
10728d70e0641a69:0x29394,81,55,45,0
10728d70e0641a69:0x2e2bf,36,16,16,0
10728d70e0641a69:0x7b733,86,27,27,0
10728d70e0641a69:0x7b73b,113,28,93,0
10728d70e0641a69:0xa817c,155,27,0,0
10728d70e0641a69:0x1159e5,143,0,20,0
10728d70e0641a69:0x6cd2,229,35,21,0
10728d70e0641a69:0x6cd2,230,35,21,0
10728d70e0641a69:0x115a2d,248,32,127,0
10728d70e0641a69:0xa81f9,131,10,2,0
10728d70e0641a69:0xa8240,129,10,3,0
10728d70e0641a69:0xa828b,128,9,3,0
10728d70e0641a69:0xa82d2,128,11,4,0
10728d70e0641a69:0xa831e,126,9,3,0
10728d70e0641a69:0xa8362,126,10,4,0
10728d70e0641a69:0xa83af,124,8,3,0
10728d70e0641a69:0xa83f8,124,9,4,0
10728d70e0641a69:0xa856e,123,14,13,0
10728d70e0641a69:0xa856e,123,15,13,0
10728d70e0641a69:0xa856e,124,15,13,0
10728d70e0641a69:0xa86d8,5,3,8,0
10728d70e0641a69:0xa86d8,5,4,8,0
10728d70e0641a69:0xa86d8,6,4,8,0
10728d70e0641a69:0xa875f,5,3,8,0
10728d70e0641a69:0xa875f,5,4,8,0
10728d70e0641a69:0xa875f,6,4,8,0
10728d70e0641a69:0xa877c,5,3,8,0
10728d70e0641a69:0xa877c,5,4,8,0
10728d70e0641a69:0xa877c,6,4,8,0
10728d70e0641a69:0xa8783,5,3,8,0
10728d70e0641a69:0xa8783,5,4,8,0
10728d70e0641a69:0xa8783,6,4,8,0
10728d70e0641a69:0xa85ea,135,18,18,0
10728d70e0641a69:0x3e5dd,123,15,16,0
10728d70e0641a69:0x3e5dd,123,16,16,0
10728d70e0641a69:0x3e5dd,124,16,16,0
10728d70e0641a69:0x3e817,3,3,4,0
10728d70e0641a69:0x3e817,3,4,4,0
10728d70e0641a69:0x3e817,4,4,4,0
10728d70e0641a69:0x1905,0,0,1,0
10728d70e0641a69:0x1905,0,1,1,0
10728d70e0641a69:0x1905,1,1,1,0
10728d70e0641a69:0x194b,0,0,1,0
10728d70e0641a69:0x194b,0,1,1,0
10728d70e0641a69:0x194b,1,1,1,0
10728d70e0641a69:0x1990,0,0,1,0
10728d70e0641a69:0x1990,0,1,1,0
10728d70e0641a69:0x1990,1,1,1,0
10728d70e0641a69:0x1a0e,0,0,1,0
10728d70e0641a69:0x1a0e,0,1,1,0
10728d70e0641a69:0x1a0e,1,1,1,0
10728d70e0641a69:0x1a86,0,0,1,0
10728d70e0641a69:0x1a86,0,1,1,0
10728d70e0641a69:0x1a86,1,1,1,0
10728d70e0641a69:0x1b5e,0,0,1,0
10728d70e0641a69:0x1b5e,0,0,2,0
10728d70e0641a69:0x1b5e,1,0,2,0
10728d70e0641a69:0x7bf93,0,0,1,0
10728d70e0641a69:0x7bf93,0,1,1,0
10728d70e0641a69:0x7bf93,1,1,1,0
10728d70e0641a69:0x7b3dc,0,0,1,0
10728d70e0641a69:0x7b3dc,0,1,1,0
10728d70e0641a69:0x7b3dc,1,1,1,0
10728d70e0641a69:0xc19fd,0,0,1,0
10728d70e0641a69:0xc19fd,0,1,1,0
10728d70e0641a69:0xc19fd,1,1,1,0
10728d70e0641a69:0xc1def,0,0,1,0
10728d70e0641a69:0xc1def,0,1,1,0
10728d70e0641a69:0xc1def,1,1,1,0
10728d70e0641a69:0xc2470,0,0,1,0
10728d70e0641a69:0xc2470,0,1,1,0
10728d70e0641a69:0xc2470,1,1,1,0
10728d70e0641a69:0xc2066,0,0,1,0
10728d70e0641a69:0xc2066,0,1,1,0
10728d70e0641a69:0xc2066,1,1,1,0
10728d70e0641a69:0xc20fe,0,0,1,0
10728d70e0641a69:0xc20fe,0,0,2,0
10728d70e0641a69:0xc20fe,1,0,2,0
10728d70e0641a69:0xc24eb,0,0,1,0
10728d70e0641a69:0xc24eb,0,1,1,0
10728d70e0641a69:0xc24eb,1,1,1,0
10728d70e0641a69:0x3c069,0,0,1,0
10728d70e0641a69:0x3c069,0,0,2,0
10728d70e0641a69:0x3c069,1,0,2,0
10728d70e0641a69:0x81b84,8,0,9,0
10728d70e0641a69:0x81b84,8,0,10,0
10728d70e0641a69:0x81b84,9,0,10,0
10728d70e0641a69:0x81bb5,8,5,6,0
10728d70e0641a69:0x81bb5,8,5,7,0
10728d70e0641a69:0x81bb5,9,5,7,0
10728d70e0641a69:0x81bce,2,2,3,0
10728d70e0641a69:0x81bce,2,3,3,0
10728d70e0641a69:0x81bce,3,3,3,0
10728d70e0641a69:0x81c47,2,2,4,0
10728d70e0641a69:0x81c47,2,3,4,0
10728d70e0641a69:0x81c47,3,3,4,0
10728d70e0641a69:0x81c47,3,3,5,0
10728d70e0641a69:0x81c69,1,1,2,0
10728d70e0641a69:0x81c69,1,2,2,0
10728d70e0641a69:0x81c69,2,2,2,0
10728d70e0641a69:0x8216e,2,2,4,0
10728d70e0641a69:0x8216e,2,3,4,0
10728d70e0641a69:0x8216e,3,3,4,0
10728d70e0641a69:0x8216e,3,3,5,0
10728d70e0641a69:0x82198,1,0,3,0
10728d70e0641a69:0x82198,1,0,4,0
10728d70e0641a69:0x82198,2,0,4,0
10728d70e0641a69:0x821dc,1,1,3,0
10728d70e0641a69:0x821dc,1,2,3,0
10728d70e0641a69:0x821dc,2,2,3,0
10728d70e0641a69:0x821dc,2,2,4,0
10728d70e0641a69:0x821f5,1,1,3,0
10728d70e0641a69:0x821f5,1,2,3,0
10728d70e0641a69:0x821f5,2,2,3,0
10728d70e0641a69:0x821f5,2,2,4,0
10728d70e0641a69:0x8220b,1,1,2,0
10728d70e0641a69:0x8220b,1,2,2,0
10728d70e0641a69:0x8220b,2,2,2,0
10728d70e0641a69:0x8222e,2,2,4,0
10728d70e0641a69:0x8222e,2,3,4,0
10728d70e0641a69:0x8222e,3,3,4,0
10728d70e0641a69:0x8222e,3,3,5,0
10728d70e0641a69:0x841c9,1,0,3,0
10728d70e0641a69:0x841c9,1,0,4,0
10728d70e0641a69:0x841c9,2,0,4,0
10728d70e0641a69:0x841d4,1,0,3,0
10728d70e0641a69:0x841d4,1,0,4,0
10728d70e0641a69:0x841d4,2,0,4,0
10728d70e0641a69:0x8f258,4,2,3,0
10728d70e0641a69:0x8f258,4,3,3,0
10728d70e0641a69:0x8f258,5,3,3,0
10728d70e0641a69:0x8f258,5,3,4,0
10728d70e0641a69:0x8f258,5,3,5,0
10728d70e0641a69:0x8f258,5,3,6,0
10728d70e0641a69:0x8f258,5,3,7,0
10728d70e0641a69:0x8f2cd,0,0,1,0
10728d70e0641a69:0x8f2cd,0,1,1,0
10728d70e0641a69:0x8f2cd,1,1,1,0
10728d70e0641a69:0x8f2ea,0,0,1,0
10728d70e0641a69:0x8f2ea,0,1,1,0
10728d70e0641a69:0x8f2ea,1,1,1,0
10728d70e0641a69:0x8f2ea,1,1,2,0
10728d70e0641a69:0x8f2ea,1,2,2,0
10728d70e0641a69:0x8f2ea,2,2,2,0
10728d70e0641a69:0x8f2ea,2,2,3,0
10728d70e0641a69:0x8f2ea,2,3,3,0
10728d70e0641a69:0x8f2ea,3,3,3,0
10728d70e0641a69:0x8f2ea,4,3,3,0
10728d70e0641a69:0x8f2ea,4,3,4,0
10728d70e0641a69:0x8f2ea,4,4,4,0
10728d70e0641a69:0x8f2ea,5,4,4,0
10728d70e0641a69:0x3cb33,0,0,1,0
10728d70e0641a69:0x3cb33,0,0,2,0
10728d70e0641a69:0x3cb33,1,0,2,0
10728d70e0641a69:0x81b84,9,0,11,0
10728d70e0641a69:0x81b84,9,0,12,0
10728d70e0641a69:0x81b84,10,0,12,0
10728d70e0641a69:0x81bb5,9,5,8,0
10728d70e0641a69:0x81bb5,9,5,9,0
10728d70e0641a69:0x81bb5,10,5,9,0
10728d70e0641a69:0x81bce,3,3,4,0
10728d70e0641a69:0x81bce,3,4,4,0
10728d70e0641a69:0x81bce,4,4,4,0
10728d70e0641a69:0x81c47,3,3,6,0
10728d70e0641a69:0x81c47,3,4,6,0
10728d70e0641a69:0x81c47,4,4,6,0
10728d70e0641a69:0x81c47,4,4,7,0
10728d70e0641a69:0x81c69,2,2,3,0
10728d70e0641a69:0x81c69,2,3,3,0
10728d70e0641a69:0x81c69,3,3,3,0
10728d70e0641a69:0x8216e,3,3,6,0
10728d70e0641a69:0x8216e,3,4,6,0
10728d70e0641a69:0x8216e,4,4,6,0
10728d70e0641a69:0x8216e,4,4,7,0
10728d70e0641a69:0x82198,2,0,5,0
10728d70e0641a69:0x82198,2,0,6,0
10728d70e0641a69:0x82198,3,0,6,0
10728d70e0641a69:0x821dc,2,2,5,0
10728d70e0641a69:0x821dc,2,3,5,0
10728d70e0641a69:0x821dc,3,3,5,0
10728d70e0641a69:0x821dc,3,3,6,0
10728d70e0641a69:0x821f5,2,2,5,0
10728d70e0641a69:0x821f5,2,3,5,0
10728d70e0641a69:0x821f5,3,3,5,0
10728d70e0641a69:0x821f5,3,3,6,0
10728d70e0641a69:0x8220b,2,2,3,0
10728d70e0641a69:0x8220b,2,3,3,0
10728d70e0641a69:0x8220b,3,3,3,0
10728d70e0641a69:0x8220b,3,3,4,0
10728d70e0641a69:0x8222e,3,3,6,0
10728d70e0641a69:0x8222e,3,4,6,0
10728d70e0641a69:0x8222e,4,4,6,0
10728d70e0641a69:0x8222e,4,4,7,0
10728d70e0641a69:0x8222e,4,4,8,0
10728d70e0641a69:0x8418a,0,0,1,0
10728d70e0641a69:0x8418a,0,0,2,0
10728d70e0641a69:0x8418a,1,0,2,0
10728d70e0641a69:0x841bd,0,0,1,0
10728d70e0641a69:0x841bd,0,0,2,0
10728d70e0641a69:0x841bd,1,0,2,0
10728d70e0641a69:0x841bd,1,0,3,0
10728d70e0641a69:0x841c9,2,0,5,0
10728d70e0641a69:0x841c9,2,0,6,0
10728d70e0641a69:0x841c9,3,0,6,0
10728d70e0641a69:0x841d4,2,0,5,0
10728d70e0641a69:0x841d4,2,0,6,0
10728d70e0641a69:0x841d4,3,0,6,0
10728d70e0641a69:0x3cbfb,0,0,1,0
10728d70e0641a69:0x3cbfb,0,0,2,0
10728d70e0641a69:0x3cbfb,1,0,2,0
10728d70e0641a69:0xc217f,0,0,1,0
10728d70e0641a69:0xc217f,0,0,2,0
10728d70e0641a69:0xc217f,1,0,2,0
10728d70e0641a69:0x8f258,5,3,8,0
10728d70e0641a69:0x8f258,5,4,8,0
10728d70e0641a69:0x8f258,6,4,8,0
10728d70e0641a69:0x8f258,6,4,9,0
10728d70e0641a69:0x8f258,6,4,10,0
10728d70e0641a69:0x8f258,6,4,11,0
10728d70e0641a69:0x8f258,6,4,12,0
10728d70e0641a69:0x8f258,6,4,13,0
10728d70e0641a69:0x8f258,6,4,14,0
10728d70e0641a69:0x8f258,6,4,15,0
10728d70e0641a69:0x8f258,6,4,16,0
10728d70e0641a69:0x8f2cd,1,1,2,0
10728d70e0641a69:0x8f2cd,1,2,2,0
10728d70e0641a69:0x8f2cd,2,2,2,0
10728d70e0641a69:0x8f2cd,2,2,3,0
10728d70e0641a69:0x8f2cd,2,2,4,0
10728d70e0641a69:0x8f2cd,2,2,5,0
10728d70e0641a69:0x8f2cd,2,2,6,0
10728d70e0641a69:0x8f2ea,5,4,5,0
10728d70e0641a69:0x8f2ea,5,5,5,0
10728d70e0641a69:0x8f2ea,6,5,5,0
10728d70e0641a69:0x8f2ea,6,5,6,0
10728d70e0641a69:0x8f2ea,6,5,7,0
10728d70e0641a69:0x8f2ea,6,5,8,0
10728d70e0641a69:0x8f2ea,6,5,9,0
10728d70e0641a69:0x8f2ea,6,5,10,0
10728d70e0641a69:0x8f2ea,6,6,10,0
10728d70e0641a69:0x8f2ea,7,6,10,0
10728d70e0641a69:0x8f2ea,7,6,11,0
10728d70e0641a69:0x8f2ea,7,6,12,0
10728d70e0641a69:0x8f2ea,7,6,13,0
10728d70e0641a69:0x8f2ea,7,6,14,0
10728d70e0641a69:0x8f2ea,8,6,14,0
10728d70e0641a69:0x8f2ea,9,6,14,0
10728d70e0641a69:0x8f2ea,9,6,15,0
10728d70e0641a69:0x8f2ea,9,7,15,0
10728d70e0641a69:0x8f2ea,10,7,15,0
10728d70e0641a69:0x7fdb7,0,0,1,0
10728d70e0641a69:0x7fdb7,0,0,2,0
10728d70e0641a69:0x7fdb7,1,0,2,0
10728d70e0641a69:0x7fdc8,0,0,1,0
10728d70e0641a69:0x7fdc8,0,1,1,0
10728d70e0641a69:0x7fdc8,1,1,1,0
10728d70e0641a69:0x7e4c4,0,0,1,0
10728d70e0641a69:0x7e4c4,0,0,2,0
10728d70e0641a69:0x7e4c4,1,0,2,0
10728d70e0641a69:0x7e4c4,1,0,3,0
10728d70e0641a69:0x7e4cc,0,0,1,0
10728d70e0641a69:0x7e4cc,0,0,2,0
10728d70e0641a69:0x7e4cc,1,0,2,0
10728d70e0641a69:0x7e4cc,1,0,3,0
10728d70e0641a69:0x8222e,4,4,9,0
10728d70e0641a69:0x8222e,4,5,9,0
10728d70e0641a69:0x8222e,5,5,9,0
10728d70e0641a69:0x8222e,5,5,10,0
10728d70e0641a69:0x8222e,5,5,11,0
10728d70e0641a69:0x8418a,1,0,3,0
10728d70e0641a69:0x8418a,1,0,4,0
10728d70e0641a69:0x8418a,2,0,4,0
10728d70e0641a69:0x841bd,1,0,4,0
10728d70e0641a69:0x841bd,1,0,5,0
10728d70e0641a69:0x841bd,2,0,5,0
10728d70e0641a69:0x841bd,2,0,6,0
10728d70e0641a69:0x3cf2b,0,0,1,0
10728d70e0641a69:0x3cf2b,0,0,2,0
10728d70e0641a69:0x3cf2b,1,0,2,0
10728d70e0641a69:0x12dbb9,0,0,1,0
10728d70e0641a69:0x12dbb9,0,0,2,0
10728d70e0641a69:0x12dbb9,1,0,2,0
10728d70e0641a69:0x12dbb9,1,0,3,0
10728d70e0641a69:0x12dbb9,1,0,4,0
10728d70e0641a69:0x12dbb9,1,0,5,0
10728d70e0641a69:0x12dbb9,1,0,6,0
10728d70e0641a69:0x12dbb9,1,0,7,0
10728d70e0641a69:0x12dbb9,1,0,8,0
10728d70e0641a69:0x12dbb9,1,0,9,0
10728d70e0641a69:0x12dbb9,1,0,10,0
10728d70e0641a69:0x12dbb9,1,0,11,0
10728d70e0641a69:0x12dbb9,1,0,12,0
10728d70e0641a69:0x12dbb9,1,0,13,0
10728d70e0641a69:0x12dbb9,1,0,14,0
10728d70e0641a69:0x12dbb9,1,0,15,0
10728d70e0641a69:0x12dbb9,1,0,16,0
10728d70e0641a69:0x12dbb9,1,0,17,0
10728d70e0641a69:0x12dbb9,1,0,18,0
10728d70e0641a69:0x12dbb9,1,0,19,0
10728d70e0641a69:0x12dbb9,1,0,20,0
10728d70e0641a69:0x12dbb9,1,0,21,0
10728d70e0641a69:0x12dbb9,1,0,22,0
10728d70e0641a69:0x12dbb9,1,0,23,0
10728d70e0641a69:0x12dbb9,1,0,24,0
10728d70e0641a69:0x817cd,0,0,1,0
10728d70e0641a69:0x817cd,0,1,1,0
10728d70e0641a69:0x817cd,1,1,1,0
10728d70e0641a69:0x81ad9,0,0,1,0
10728d70e0641a69:0x81ad9,0,1,1,0
10728d70e0641a69:0x81ad9,1,1,1,0
10728d70e0641a69:0x81bf4,0,0,1,0
10728d70e0641a69:0x81bf4,0,1,1,0
10728d70e0641a69:0x81bf4,1,1,1,0
10728d70e0641a69:0x81cb4,0,0,1,0
10728d70e0641a69:0x81cb4,0,1,1,0
10728d70e0641a69:0x81cb4,1,1,1,0
10728d70e0641a69:0x81e92,0,0,1,0
10728d70e0641a69:0x81e92,0,1,1,0
10728d70e0641a69:0x81e92,1,1,1,0
10728d70e0641a69:0x81b84,10,0,13,0
10728d70e0641a69:0x81b84,10,0,14,0
10728d70e0641a69:0x81b84,11,0,14,0
10728d70e0641a69:0x81bb5,10,5,10,0
10728d70e0641a69:0x81bb5,10,6,10,0
10728d70e0641a69:0x81bb5,11,6,10,0
10728d70e0641a69:0x81bce,4,4,5,0
10728d70e0641a69:0x81bce,4,5,5,0
10728d70e0641a69:0x81bce,5,5,5,0
10728d70e0641a69:0x81c47,4,4,8,0
10728d70e0641a69:0x81c47,4,5,8,0
10728d70e0641a69:0x81c47,5,5,8,0
10728d70e0641a69:0x81c47,5,5,9,0
10728d70e0641a69:0x81c69,3,3,4,0
10728d70e0641a69:0x81c69,3,4,4,0
10728d70e0641a69:0x81c69,4,4,4,0
10728d70e0641a69:0x8216e,4,4,8,0
10728d70e0641a69:0x8216e,4,5,8,0
10728d70e0641a69:0x8216e,5,5,8,0
10728d70e0641a69:0x8216e,5,5,9,0
10728d70e0641a69:0x82198,3,0,7,0
10728d70e0641a69:0x82198,3,0,8,0
10728d70e0641a69:0x82198,4,0,8,0
10728d70e0641a69:0x821dc,3,3,7,0
10728d70e0641a69:0x821dc,3,4,7,0
10728d70e0641a69:0x821dc,4,4,7,0
10728d70e0641a69:0x821dc,4,4,8,0
10728d70e0641a69:0x821f5,3,3,7,0
10728d70e0641a69:0x821f5,3,4,7,0
10728d70e0641a69:0x821f5,4,4,7,0
10728d70e0641a69:0x821f5,4,4,8,0
10728d70e0641a69:0x8220b,3,3,5,0
10728d70e0641a69:0x8220b,3,4,5,0
10728d70e0641a69:0x8220b,4,4,5,0
10728d70e0641a69:0x8220b,4,4,6,0
10728d70e0641a69:0x8222e,5,5,12,0
10728d70e0641a69:0x8222e,5,6,12,0
10728d70e0641a69:0x8222e,6,6,12,0
10728d70e0641a69:0x8222e,6,6,13,0
10728d70e0641a69:0x8222e,6,6,14,0
10728d70e0641a69:0x8418a,2,0,5,0
10728d70e0641a69:0x8418a,2,0,6,0
10728d70e0641a69:0x8418a,3,0,6,0
10728d70e0641a69:0x841bd,2,0,7,0
10728d70e0641a69:0x841bd,2,0,8,0
10728d70e0641a69:0x841bd,3,0,8,0
10728d70e0641a69:0x841bd,3,0,9,0
10728d70e0641a69:0x841c9,3,0,7,0
10728d70e0641a69:0x841c9,3,0,8,0
10728d70e0641a69:0x841c9,4,0,8,0
10728d70e0641a69:0x841d4,3,0,7,0
10728d70e0641a69:0x841d4,3,0,8,0
10728d70e0641a69:0x841d4,4,0,8,0
10728d70e0641a69:0x1c1b,0,0,1,0
10728d70e0641a69:0x1c1b,0,0,2,0
10728d70e0641a69:0x1c1b,1,0,2,0
10728d70e0641a69:0x1c5f,0,0,1,0
10728d70e0641a69:0x1c5f,0,1,1,0
10728d70e0641a69:0x1c5f,1,1,1,0
10728d70e0641a69:0x81b84,11,0,15,0
10728d70e0641a69:0x81b84,11,0,16,0
10728d70e0641a69:0x81b84,12,0,16,0
10728d70e0641a69:0x81bb5,11,6,11,0
10728d70e0641a69:0x81bb5,11,7,11,0
10728d70e0641a69:0x81bb5,12,7,11,0
10728d70e0641a69:0x81bce,5,5,6,0
10728d70e0641a69:0x81bce,5,6,6,0
10728d70e0641a69:0x81bce,6,6,6,0
10728d70e0641a69:0x81c47,5,5,10,0
10728d70e0641a69:0x81c47,5,6,10,0
10728d70e0641a69:0x81c47,6,6,10,0
10728d70e0641a69:0x81c47,6,6,11,0
10728d70e0641a69:0x81c69,4,4,5,0
10728d70e0641a69:0x81c69,4,5,5,0
10728d70e0641a69:0x81c69,5,5,5,0
10728d70e0641a69:0x8216e,5,5,10,0
10728d70e0641a69:0x8216e,5,6,10,0
10728d70e0641a69:0x8216e,6,6,10,0
10728d70e0641a69:0x8216e,6,6,11,0
10728d70e0641a69:0x82198,4,0,9,0
10728d70e0641a69:0x82198,4,1,9,0
10728d70e0641a69:0x82198,5,1,9,0
10728d70e0641a69:0x821dc,4,4,9,0
10728d70e0641a69:0x821dc,4,5,9,0
10728d70e0641a69:0x821dc,5,5,9,0
10728d70e0641a69:0x821dc,5,5,10,0
10728d70e0641a69:0x821f5,4,4,9,0
10728d70e0641a69:0x821f5,4,5,9,0
10728d70e0641a69:0x821f5,5,5,9,0
10728d70e0641a69:0x821f5,5,5,10,0
10728d70e0641a69:0x8220b,4,4,7,0
10728d70e0641a69:0x8220b,4,5,7,0
10728d70e0641a69:0x8220b,5,5,7,0
10728d70e0641a69:0x8220b,5,5,8,0
10728d70e0641a69:0x8222e,6,6,15,0
10728d70e0641a69:0x8222e,6,7,15,0
10728d70e0641a69:0x8222e,7,7,15,0
10728d70e0641a69:0x8222e,7,7,16,0
10728d70e0641a69:0x8222e,7,7,17,0
10728d70e0641a69:0x8418a,3,0,7,0
10728d70e0641a69:0x8418a,3,0,8,0
10728d70e0641a69:0x8418a,4,0,8,0
10728d70e0641a69:0x841bd,3,0,10,0
10728d70e0641a69:0x841bd,3,0,11,0
10728d70e0641a69:0x841bd,4,0,11,0
10728d70e0641a69:0x841bd,4,0,12,0
10728d70e0641a69:0x841c9,4,0,9,0
10728d70e0641a69:0x841c9,4,0,10,0
10728d70e0641a69:0x841c9,5,0,10,0
10728d70e0641a69:0x841d4,4,0,9,0
10728d70e0641a69:0x841d4,4,0,10,0
10728d70e0641a69:0x841d4,5,0,10,0
10728d70e0641a69:0x841d4,5,0,11,0
10728d70e0641a69:0x1cca,0,0,1,0
10728d70e0641a69:0x1cca,0,0,2,0
10728d70e0641a69:0x1cca,1,0,2,0
10728d70e0641a69:0x1d11,0,0,1,0
10728d70e0641a69:0x1d11,0,1,1,0
10728d70e0641a69:0x1d11,1,1,1,0
10728d70e0641a69:0x1d53,0,0,1,0
10728d70e0641a69:0x1d53,0,1,1,0
10728d70e0641a69:0x1d53,1,1,1,0
10728d70e0641a69:0x1d98,0,0,1,0
10728d70e0641a69:0x1d98,0,1,1,0
10728d70e0641a69:0x1d98,1,1,1,0
10728d70e0641a69:0x1ddc,0,0,1,0
10728d70e0641a69:0x1ddc,0,1,1,0
10728d70e0641a69:0x1ddc,1,1,1,0
10728d70e0641a69:0x1e20,0,0,1,0
10728d70e0641a69:0x1e20,0,1,1,0
10728d70e0641a69:0x1e20,1,1,1,0
10728d70e0641a69:0x1e64,0,0,1,0
10728d70e0641a69:0x1e64,0,1,1,0
10728d70e0641a69:0x1e64,1,1,1,0
10728d70e0641a69:0x81b84,12,0,17,0
10728d70e0641a69:0x81b84,12,0,18,0
10728d70e0641a69:0x81b84,13,0,18,0
10728d70e0641a69:0x81bb5,12,7,12,0
10728d70e0641a69:0x81bb5,12,8,12,0
10728d70e0641a69:0x81bb5,13,8,12,0
10728d70e0641a69:0x81bce,6,6,7,0
10728d70e0641a69:0x81bce,6,7,7,0
10728d70e0641a69:0x81bce,7,7,7,0
10728d70e0641a69:0x81c47,6,6,12,0
10728d70e0641a69:0x81c47,6,7,12,0
10728d70e0641a69:0x81c47,7,7,12,0
10728d70e0641a69:0x81c47,7,7,13,0
10728d70e0641a69:0x81c69,5,5,6,0
10728d70e0641a69:0x81c69,5,6,6,0
10728d70e0641a69:0x81c69,6,6,6,0
10728d70e0641a69:0x8216e,6,6,12,0
10728d70e0641a69:0x8216e,6,7,12,0
10728d70e0641a69:0x8216e,7,7,12,0
10728d70e0641a69:0x8216e,7,7,13,0
10728d70e0641a69:0x82198,5,1,10,0
10728d70e0641a69:0x82198,5,2,10,0
10728d70e0641a69:0x82198,6,2,10,0
10728d70e0641a69:0x821dc,5,5,11,0
10728d70e0641a69:0x821dc,5,6,11,0
10728d70e0641a69:0x821dc,6,6,11,0
10728d70e0641a69:0x821dc,6,6,12,0
10728d70e0641a69:0x821f5,5,5,11,0
10728d70e0641a69:0x821f5,5,6,11,0
10728d70e0641a69:0x821f5,6,6,11,0
10728d70e0641a69:0x821f5,6,6,12,0
10728d70e0641a69:0x8220b,5,5,9,0
10728d70e0641a69:0x8220b,5,6,9,0
10728d70e0641a69:0x8220b,6,6,9,0
10728d70e0641a69:0x8220b,6,6,10,0
10728d70e0641a69:0x8222e,7,7,18,0
10728d70e0641a69:0x8222e,7,8,18,0
10728d70e0641a69:0x8222e,8,8,18,0
10728d70e0641a69:0x8222e,8,8,19,0
10728d70e0641a69:0x8222e,8,8,20,0
10728d70e0641a69:0x8418a,4,0,9,0
10728d70e0641a69:0x8418a,4,0,10,0
10728d70e0641a69:0x8418a,5,0,10,0
10728d70e0641a69:0x841bd,4,0,13,0
10728d70e0641a69:0x841bd,4,0,14,0
10728d70e0641a69:0x841bd,5,0,14,0
10728d70e0641a69:0x841bd,5,0,15,0
10728d70e0641a69:0x841c9,5,0,11,0
10728d70e0641a69:0x841c9,5,0,12,0
10728d70e0641a69:0x841c9,6,0,12,0
10728d70e0641a69:0x841d4,5,0,12,0
10728d70e0641a69:0x841d4,5,0,13,0
10728d70e0641a69:0x841d4,6,0,13,0
10728d70e0641a69:0x841d4,6,0,14,0
10728d70e0641a69:0x20df,0,0,1,0
10728d70e0641a69:0x20df,0,0,2,0
10728d70e0641a69:0x20df,1,0,2,0
10728d70e0641a69:0x81b84,13,0,19,0
10728d70e0641a69:0x81b84,13,0,20,0
10728d70e0641a69:0x81b84,14,0,20,0
10728d70e0641a69:0x81bb5,14,8,12,0
10728d70e0641a69:0x81bce,8,7,7,0
10728d70e0641a69:0x81c47,8,7,13,0
10728d70e0641a69:0x81c69,7,6,6,0
10728d70e0641a69:0x8216e,8,7,13,0
10728d70e0641a69:0x82198,7,2,10,0
10728d70e0641a69:0x821dc,7,6,12,0
10728d70e0641a69:0x821f5,7,6,12,0
10728d70e0641a69:0x8220b,6,6,11,0
10728d70e0641a69:0x8220b,6,7,11,0
10728d70e0641a69:0x8220b,7,7,11,0
10728d70e0641a69:0x8220b,7,7,12,0
10728d70e0641a69:0x8222e,8,8,21,0
10728d70e0641a69:0x8222e,8,9,21,0
10728d70e0641a69:0x8222e,9,9,21,0
10728d70e0641a69:0x8222e,9,9,22,0
10728d70e0641a69:0x8222e,9,9,23,0
10728d70e0641a69:0x8418a,6,0,10,0
10728d70e0641a69:0x841bd,6,0,15,0
10728d70e0641a69:0x841c9,6,0,13,0
10728d70e0641a69:0x841c9,6,0,14,0
10728d70e0641a69:0x841c9,7,0,14,0
10728d70e0641a69:0x841d4,7,0,14,0
10728d70e0641a69:0x216b,0,0,1,0
10728d70e0641a69:0x216b,0,0,2,0
10728d70e0641a69:0x216b,1,0,2,0
10728d70e0641a69:0x81b84,14,0,21,0
10728d70e0641a69:0x81b84,14,0,22,0
10728d70e0641a69:0x81b84,15,0,22,0
10728d70e0641a69:0x81bb5,15,8,12,0
10728d70e0641a69:0x81bce,9,7,7,0
10728d70e0641a69:0x81c47,9,7,13,0
10728d70e0641a69:0x81c69,8,6,6,0
10728d70e0641a69:0x8216e,9,7,13,0
10728d70e0641a69:0x82198,8,2,10,0
10728d70e0641a69:0x821dc,8,6,12,0
10728d70e0641a69:0x821f5,8,6,12,0
10728d70e0641a69:0x8220b,8,7,12,0
10728d70e0641a69:0x8222e,10,9,23,0
10728d70e0641a69:0x8418a,7,0,10,0
10728d70e0641a69:0x841bd,7,0,15,0
10728d70e0641a69:0x841c9,8,0,14,0
10728d70e0641a69:0x841d4,8,0,14,0
10728d70e0641a69:0x21f7,0,0,1,0
10728d70e0641a69:0x21f7,0,0,2,0
10728d70e0641a69:0x21f7,1,0,2,0
10728d70e0641a69:0x81b84,15,0,23,0
10728d70e0641a69:0x81b84,15,0,24,0
10728d70e0641a69:0x81b84,16,0,24,0
10728d70e0641a69:0x81bb5,15,8,13,0
10728d70e0641a69:0x81bb5,15,9,13,0
10728d70e0641a69:0x81bb5,16,9,13,0
10728d70e0641a69:0x81bce,9,7,8,0
10728d70e0641a69:0x81bce,9,8,8,0
10728d70e0641a69:0x81bce,10,8,8,0
10728d70e0641a69:0x81c47,9,7,14,0
10728d70e0641a69:0x81c47,9,8,14,0
10728d70e0641a69:0x81c47,10,8,14,0
10728d70e0641a69:0x81c47,10,8,15,0
10728d70e0641a69:0x81c69,8,6,7,0
10728d70e0641a69:0x81c69,8,7,7,0
10728d70e0641a69:0x81c69,9,7,7,0
10728d70e0641a69:0x8216e,9,7,14,0
10728d70e0641a69:0x8216e,9,8,14,0
10728d70e0641a69:0x8216e,10,8,14,0
10728d70e0641a69:0x8216e,10,8,15,0
10728d70e0641a69:0x82198,8,2,11,0
10728d70e0641a69:0x82198,8,3,11,0
10728d70e0641a69:0x82198,9,3,11,0
10728d70e0641a69:0x821dc,8,6,13,0
10728d70e0641a69:0x821dc,8,7,13,0
10728d70e0641a69:0x821dc,9,7,13,0
10728d70e0641a69:0x821dc,9,7,14,0
10728d70e0641a69:0x821f5,8,6,13,0
10728d70e0641a69:0x821f5,8,7,13,0
10728d70e0641a69:0x821f5,9,7,13,0
10728d70e0641a69:0x821f5,9,7,14,0
10728d70e0641a69:0x8220b,9,7,12,0
10728d70e0641a69:0x8222e,11,9,23,0
10728d70e0641a69:0x8418a,7,0,11,0
10728d70e0641a69:0x8418a,7,0,12,0
10728d70e0641a69:0x8418a,8,0,12,0
10728d70e0641a69:0x841bd,7,0,16,0
10728d70e0641a69:0x841bd,7,0,17,0
10728d70e0641a69:0x841bd,8,0,17,0
10728d70e0641a69:0x841bd,8,0,18,0
10728d70e0641a69:0x841c9,9,0,14,0
10728d70e0641a69:0x841d4,8,0,15,0
10728d70e0641a69:0x841d4,8,0,16,0
10728d70e0641a69:0x841d4,9,0,16,0
10728d70e0641a69:0x841d4,9,0,17,0
10728d70e0641a69:0x2283,0,0,1,0
10728d70e0641a69:0x2283,0,0,2,0
10728d70e0641a69:0x2283,1,0,2,0
10728d70e0641a69:0x22cd,0,0,1,0
10728d70e0641a69:0x22cd,0,1,1,0
10728d70e0641a69:0x22cd,1,1,1,0
10728d70e0641a69:0x81b84,16,0,25,0
10728d70e0641a69:0x81b84,16,0,26,0
10728d70e0641a69:0x81b84,17,0,26,0
10728d70e0641a69:0x81bb5,16,9,14,0
10728d70e0641a69:0x81bb5,16,10,14,0
10728d70e0641a69:0x81bb5,17,10,14,0
10728d70e0641a69:0x81bce,10,8,9,0
10728d70e0641a69:0x81bce,10,9,9,0
10728d70e0641a69:0x81bce,11,9,9,0
10728d70e0641a69:0x81c47,10,8,16,0
10728d70e0641a69:0x81c47,10,9,16,0
10728d70e0641a69:0x81c47,11,9,16,0
10728d70e0641a69:0x81c47,11,9,17,0
10728d70e0641a69:0x81c69,9,7,8,0
10728d70e0641a69:0x81c69,9,8,8,0
10728d70e0641a69:0x81c69,10,8,8,0
10728d70e0641a69:0x8216e,10,8,16,0
10728d70e0641a69:0x8216e,10,9,16,0
10728d70e0641a69:0x8216e,11,9,16,0
10728d70e0641a69:0x8216e,11,9,17,0
10728d70e0641a69:0x82198,9,3,12,0
10728d70e0641a69:0x82198,9,4,12,0
10728d70e0641a69:0x82198,10,4,12,0
10728d70e0641a69:0x821dc,9,7,15,0
10728d70e0641a69:0x821dc,9,8,15,0
10728d70e0641a69:0x821dc,10,8,15,0
10728d70e0641a69:0x821dc,10,8,16,0
10728d70e0641a69:0x821f5,9,7,15,0
10728d70e0641a69:0x821f5,9,8,15,0
10728d70e0641a69:0x821f5,10,8,15,0
10728d70e0641a69:0x821f5,10,8,16,0
10728d70e0641a69:0x8220b,9,7,13,0
10728d70e0641a69:0x8220b,9,8,13,0
10728d70e0641a69:0x8220b,10,8,13,0
10728d70e0641a69:0x8220b,10,8,14,0
10728d70e0641a69:0x8222e,11,9,24,0
10728d70e0641a69:0x8222e,11,10,24,0
10728d70e0641a69:0x8222e,12,10,24,0
10728d70e0641a69:0x8222e,12,10,25,0
10728d70e0641a69:0x8222e,12,10,26,0
10728d70e0641a69:0x8418a,8,0,13,0
10728d70e0641a69:0x8418a,8,0,14,0
10728d70e0641a69:0x8418a,9,0,14,0
10728d70e0641a69:0x841bd,8,0,19,0
10728d70e0641a69:0x841bd,8,0,20,0
10728d70e0641a69:0x841bd,9,0,20,0
10728d70e0641a69:0x841bd,9,0,21,0
10728d70e0641a69:0x841c9,9,0,15,0
10728d70e0641a69:0x841c9,9,0,16,0
10728d70e0641a69:0x841c9,10,0,16,0
10728d70e0641a69:0x841d4,9,0,18,0
10728d70e0641a69:0x841d4,9,0,19,0
10728d70e0641a69:0x841d4,10,0,19,0
10728d70e0641a69:0x841d4,10,0,20,0
10728d70e0641a69:0x2353,0,0,1,0
10728d70e0641a69:0x2353,0,0,2,0
10728d70e0641a69:0x2353,1,0,2,0
10728d70e0641a69:0x81b84,17,0,27,0
10728d70e0641a69:0x81b84,17,0,28,0
10728d70e0641a69:0x81b84,18,0,28,0
10728d70e0641a69:0x81bb5,18,10,14,0
10728d70e0641a69:0x81bce,12,9,9,0
10728d70e0641a69:0x81c47,12,9,17,0
10728d70e0641a69:0x81c69,11,8,8,0
10728d70e0641a69:0x8216e,12,9,17,0
10728d70e0641a69:0x82198,11,4,12,0
10728d70e0641a69:0x821dc,11,8,16,0
10728d70e0641a69:0x821f5,11,8,16,0
10728d70e0641a69:0x8220b,10,8,15,0
10728d70e0641a69:0x8220b,10,9,15,0
10728d70e0641a69:0x8220b,11,9,15,0
10728d70e0641a69:0x8220b,11,9,16,0
10728d70e0641a69:0x8222e,12,10,27,0
10728d70e0641a69:0x8222e,12,11,27,0
10728d70e0641a69:0x8222e,13,11,27,0
10728d70e0641a69:0x8222e,13,11,28,0
10728d70e0641a69:0x8222e,13,11,29,0
10728d70e0641a69:0x8418a,10,0,14,0
10728d70e0641a69:0x841bd,10,0,21,0
10728d70e0641a69:0x841c9,10,0,17,0
10728d70e0641a69:0x841c9,10,0,18,0
10728d70e0641a69:0x841c9,11,0,18,0
10728d70e0641a69:0x841d4,11,0,20,0
10728d70e0641a69:0x23a3,0,0,1,0
10728d70e0641a69:0x23a3,0,0,2,0
10728d70e0641a69:0x23a3,1,0,2,0
10728d70e0641a69:0x81b84,18,0,29,0
10728d70e0641a69:0x81b84,18,0,30,0
10728d70e0641a69:0x81b84,19,0,30,0
10728d70e0641a69:0x81bb5,19,10,14,0
10728d70e0641a69:0x81bce,13,9,9,0
10728d70e0641a69:0x81c47,13,9,17,0
10728d70e0641a69:0x81c69,12,8,8,0
10728d70e0641a69:0x8216e,13,9,17,0
10728d70e0641a69:0x82198,12,4,12,0
10728d70e0641a69:0x821dc,12,8,16,0
10728d70e0641a69:0x821f5,12,8,16,0
10728d70e0641a69:0x8220b,12,9,16,0
10728d70e0641a69:0x8222e,14,11,29,0
10728d70e0641a69:0x8418a,11,0,14,0
10728d70e0641a69:0x841bd,11,0,21,0
10728d70e0641a69:0x841c9,12,0,18,0
10728d70e0641a69:0x841d4,12,0,20,0
10728d70e0641a69:0x23f3,0,0,1,0
10728d70e0641a69:0x23f3,0,0,2,0
10728d70e0641a69:0x23f3,1,0,2,0
10728d70e0641a69:0x81b84,19,0,31,0
10728d70e0641a69:0x81b84,19,0,32,0
10728d70e0641a69:0x81b84,20,0,32,0
10728d70e0641a69:0x81bb5,20,10,14,0
10728d70e0641a69:0x81bce,14,9,9,0
10728d70e0641a69:0x81c47,14,9,17,0
10728d70e0641a69:0x81c69,13,8,8,0
10728d70e0641a69:0x8216e,14,9,17,0
10728d70e0641a69:0x82198,13,4,12,0
10728d70e0641a69:0x821dc,13,8,16,0
10728d70e0641a69:0x821f5,13,8,16,0
10728d70e0641a69:0x8220b,13,9,16,0
10728d70e0641a69:0x8222e,15,11,29,0
10728d70e0641a69:0x8418a,12,0,14,0
10728d70e0641a69:0x841bd,12,0,21,0
10728d70e0641a69:0x841c9,13,0,18,0
10728d70e0641a69:0x841d4,13,0,20,0
10728d70e0641a69:0x2443,0,0,1,0
10728d70e0641a69:0x2443,0,0,2,0
10728d70e0641a69:0x2443,1,0,2,0
10728d70e0641a69:0x81b84,20,0,33,0
10728d70e0641a69:0x81b84,20,0,34,0
10728d70e0641a69:0x81b84,21,0,34,0
10728d70e0641a69:0x81bb5,21,10,14,0
10728d70e0641a69:0x81bce,15,9,9,0
10728d70e0641a69:0x81c47,15,9,17,0
10728d70e0641a69:0x81c69,14,8,8,0
10728d70e0641a69:0x8216e,15,9,17,0
10728d70e0641a69:0x82198,14,4,12,0
10728d70e0641a69:0x821dc,14,8,16,0
10728d70e0641a69:0x821f5,14,8,16,0
10728d70e0641a69:0x8220b,14,9,16,0
10728d70e0641a69:0x8222e,16,11,29,0
10728d70e0641a69:0x8418a,13,0,14,0
10728d70e0641a69:0x841bd,13,0,21,0
10728d70e0641a69:0x841c9,14,0,18,0
10728d70e0641a69:0x841d4,14,0,20,0
10728d70e0641a69:0x2493,0,0,1,0
10728d70e0641a69:0x2493,0,0,2,0
10728d70e0641a69:0x2493,1,0,2,0
10728d70e0641a69:0x81b84,21,0,35,0
10728d70e0641a69:0x81b84,21,0,36,0
10728d70e0641a69:0x81b84,22,0,36,0
10728d70e0641a69:0x81bb5,22,10,14,0
10728d70e0641a69:0x81bce,16,9,9,0
10728d70e0641a69:0x81c47,16,9,17,0
10728d70e0641a69:0x81c69,15,8,8,0
10728d70e0641a69:0x8216e,16,9,17,0
10728d70e0641a69:0x82198,15,4,12,0
10728d70e0641a69:0x821dc,15,8,16,0
10728d70e0641a69:0x821f5,15,8,16,0
10728d70e0641a69:0x8220b,15,9,16,0
10728d70e0641a69:0x8222e,17,11,29,0
10728d70e0641a69:0x8418a,14,0,14,0
10728d70e0641a69:0x841bd,14,0,21,0
10728d70e0641a69:0x841c9,15,0,18,0
10728d70e0641a69:0x841d4,15,0,20,0
10728d70e0641a69:0x24e3,0,0,1,0
10728d70e0641a69:0x24e3,0,0,2,0
10728d70e0641a69:0x24e3,1,0,2,0
10728d70e0641a69:0x81b84,22,0,37,0
10728d70e0641a69:0x81b84,22,0,38,0
10728d70e0641a69:0x81b84,23,0,38,0
10728d70e0641a69:0x81bb5,23,10,14,0
10728d70e0641a69:0x81bce,17,9,9,0
10728d70e0641a69:0x81c47,17,9,17,0
10728d70e0641a69:0x81c69,16,8,8,0
10728d70e0641a69:0x8216e,17,9,17,0
10728d70e0641a69:0x82198,16,4,12,0
10728d70e0641a69:0x821dc,16,8,16,0
10728d70e0641a69:0x821f5,16,8,16,0
10728d70e0641a69:0x8220b,16,9,16,0
10728d70e0641a69:0x8222e,18,11,29,0
10728d70e0641a69:0x8418a,15,0,14,0
10728d70e0641a69:0x841bd,15,0,21,0
10728d70e0641a69:0x841c9,16,0,18,0
10728d70e0641a69:0x841d4,16,0,20,0
10728d70e0641a69:0x2533,0,0,1,0
10728d70e0641a69:0x2533,0,0,2,0
10728d70e0641a69:0x2533,1,0,2,0
10728d70e0641a69:0x81b84,23,0,39,0
10728d70e0641a69:0x81b84,23,0,40,0
10728d70e0641a69:0x81b84,24,0,40,0
10728d70e0641a69:0x81bb5,23,10,15,0
10728d70e0641a69:0x81bb5,23,11,15,0
10728d70e0641a69:0x81bb5,24,11,15,0
10728d70e0641a69:0x81bce,17,9,10,0
10728d70e0641a69:0x81bce,17,10,10,0
10728d70e0641a69:0x81bce,18,10,10,0
10728d70e0641a69:0x81c47,17,9,18,0
10728d70e0641a69:0x81c47,17,10,18,0
10728d70e0641a69:0x81c47,18,10,18,0
10728d70e0641a69:0x81c47,18,10,19,0
10728d70e0641a69:0x81c69,16,8,9,0
10728d70e0641a69:0x81c69,16,9,9,0
10728d70e0641a69:0x81c69,17,9,9,0
10728d70e0641a69:0x8216e,17,9,18,0
10728d70e0641a69:0x8216e,17,10,18,0
10728d70e0641a69:0x8216e,18,10,18,0
10728d70e0641a69:0x8216e,18,10,19,0
10728d70e0641a69:0x82198,16,4,13,0
10728d70e0641a69:0x82198,16,5,13,0
10728d70e0641a69:0x82198,17,5,13,0
10728d70e0641a69:0x821dc,16,8,17,0
10728d70e0641a69:0x821dc,16,9,17,0
10728d70e0641a69:0x821dc,17,9,17,0
10728d70e0641a69:0x821dc,17,9,18,0
10728d70e0641a69:0x821f5,16,8,17,0
10728d70e0641a69:0x821f5,16,9,17,0
10728d70e0641a69:0x821f5,17,9,17,0
10728d70e0641a69:0x821f5,17,9,18,0
10728d70e0641a69:0x8220b,17,9,16,0
10728d70e0641a69:0x8222e,19,11,29,0
10728d70e0641a69:0x8418a,15,0,15,0
10728d70e0641a69:0x8418a,15,0,16,0
10728d70e0641a69:0x8418a,16,0,16,0
10728d70e0641a69:0x841bd,15,0,22,0
10728d70e0641a69:0x841bd,15,0,23,0
10728d70e0641a69:0x841bd,16,0,23,0
10728d70e0641a69:0x841bd,16,0,24,0
10728d70e0641a69:0x841c9,17,0,18,0
10728d70e0641a69:0x841d4,16,0,21,0
10728d70e0641a69:0x841d4,16,0,22,0
10728d70e0641a69:0x841d4,17,0,22,0
10728d70e0641a69:0x841d4,17,0,23,0
10728d70e0641a69:0x2583,0,0,1,0
10728d70e0641a69:0x2583,0,0,2,0
10728d70e0641a69:0x2583,1,0,2,0
10728d70e0641a69:0x25cd,0,0,1,0
10728d70e0641a69:0x25cd,0,1,1,0
10728d70e0641a69:0x25cd,1,1,1,0
10728d70e0641a69:0x81b84,24,0,41,0
10728d70e0641a69:0x81b84,24,0,42,0
10728d70e0641a69:0x81b84,25,0,42,0
10728d70e0641a69:0x81bb5,24,11,16,0
10728d70e0641a69:0x81bb5,24,12,16,0
10728d70e0641a69:0x81bb5,25,12,16,0
10728d70e0641a69:0x81bce,18,10,11,0
10728d70e0641a69:0x81bce,18,11,11,0
10728d70e0641a69:0x81bce,19,11,11,0
10728d70e0641a69:0x81c47,18,10,20,0
10728d70e0641a69:0x81c47,18,11,20,0
10728d70e0641a69:0x81c47,19,11,20,0
10728d70e0641a69:0x81c47,19,11,21,0
10728d70e0641a69:0x81c69,17,9,10,0
10728d70e0641a69:0x81c69,17,10,10,0
10728d70e0641a69:0x81c69,18,10,10,0
10728d70e0641a69:0x8216e,18,10,20,0
10728d70e0641a69:0x8216e,18,11,20,0
10728d70e0641a69:0x8216e,19,11,20,0
10728d70e0641a69:0x8216e,19,11,21,0
10728d70e0641a69:0x82198,17,5,14,0
10728d70e0641a69:0x82198,17,6,14,0
10728d70e0641a69:0x82198,18,6,14,0
10728d70e0641a69:0x821dc,17,9,19,0
10728d70e0641a69:0x821dc,17,10,19,0
10728d70e0641a69:0x821dc,18,10,19,0
10728d70e0641a69:0x821dc,18,10,20,0
10728d70e0641a69:0x821f5,17,9,19,0
10728d70e0641a69:0x821f5,17,10,19,0
10728d70e0641a69:0x821f5,18,10,19,0
10728d70e0641a69:0x821f5,18,10,20,0
10728d70e0641a69:0x8220b,17,9,17,0
10728d70e0641a69:0x8220b,17,10,17,0
10728d70e0641a69:0x8220b,18,10,17,0
10728d70e0641a69:0x8220b,18,10,18,0
10728d70e0641a69:0x8222e,19,11,30,0
10728d70e0641a69:0x8222e,19,12,30,0
10728d70e0641a69:0x8222e,20,12,30,0
10728d70e0641a69:0x8222e,20,12,31,0
10728d70e0641a69:0x8222e,20,12,32,0
10728d70e0641a69:0x8418a,16,0,17,0
10728d70e0641a69:0x8418a,16,0,18,0
10728d70e0641a69:0x8418a,17,0,18,0
10728d70e0641a69:0x841bd,16,0,25,0
10728d70e0641a69:0x841bd,16,0,26,0
10728d70e0641a69:0x841bd,17,0,26,0
10728d70e0641a69:0x841bd,17,0,27,0
10728d70e0641a69:0x841c9,17,0,19,0
10728d70e0641a69:0x841c9,17,0,20,0
10728d70e0641a69:0x841c9,18,0,20,0
10728d70e0641a69:0x841d4,17,0,24,0
10728d70e0641a69:0x841d4,17,0,25,0
10728d70e0641a69:0x841d4,18,0,25,0
10728d70e0641a69:0x841d4,18,0,26,0
10728d70e0641a69:0x2353,1,0,3,0
10728d70e0641a69:0x2353,1,0,4,0
10728d70e0641a69:0x2353,2,0,4,0
10728d70e0641a69:0x81b84,25,0,43,0
10728d70e0641a69:0x81b84,25,0,44,0
10728d70e0641a69:0x81b84,26,0,44,0
10728d70e0641a69:0x81bb5,26,12,16,0
10728d70e0641a69:0x81bce,20,11,11,0
10728d70e0641a69:0x81c47,20,11,21,0
10728d70e0641a69:0x81c69,19,10,10,0
10728d70e0641a69:0x8216e,20,11,21,0
10728d70e0641a69:0x82198,19,6,14,0
10728d70e0641a69:0x821dc,19,10,20,0
10728d70e0641a69:0x821f5,19,10,20,0
10728d70e0641a69:0x8220b,18,10,19,0
10728d70e0641a69:0x8220b,18,11,19,0
10728d70e0641a69:0x8220b,19,11,19,0
10728d70e0641a69:0x8220b,19,11,20,0
10728d70e0641a69:0x8222e,20,12,33,0
10728d70e0641a69:0x8222e,20,13,33,0
10728d70e0641a69:0x8222e,21,13,33,0
10728d70e0641a69:0x8222e,21,13,34,0
10728d70e0641a69:0x8222e,21,13,35,0
10728d70e0641a69:0x8418a,18,0,18,0
10728d70e0641a69:0x841bd,18,0,27,0
10728d70e0641a69:0x841c9,18,0,21,0
10728d70e0641a69:0x841c9,18,0,22,0
10728d70e0641a69:0x841c9,19,0,22,0
10728d70e0641a69:0x841d4,19,0,26,0
10728d70e0641a69:0x23a3,1,0,3,0
10728d70e0641a69:0x23a3,1,0,4,0
10728d70e0641a69:0x23a3,2,0,4,0
10728d70e0641a69:0x81b84,26,0,45,0
10728d70e0641a69:0x81b84,26,0,46,0
10728d70e0641a69:0x81b84,27,0,46,0
10728d70e0641a69:0x81bb5,27,12,16,0
10728d70e0641a69:0x81bce,21,11,11,0
10728d70e0641a69:0x81c47,21,11,21,0
10728d70e0641a69:0x81c69,20,10,10,0
10728d70e0641a69:0x8216e,21,11,21,0
10728d70e0641a69:0x82198,20,6,14,0
10728d70e0641a69:0x821dc,20,10,20,0
10728d70e0641a69:0x821f5,20,10,20,0
10728d70e0641a69:0x8220b,20,11,20,0
10728d70e0641a69:0x8222e,22,13,35,0
10728d70e0641a69:0x8418a,19,0,18,0
10728d70e0641a69:0x841bd,19,0,27,0
10728d70e0641a69:0x841c9,20,0,22,0
10728d70e0641a69:0x841d4,20,0,26,0
10728d70e0641a69:0x23f3,1,0,3,0
10728d70e0641a69:0x23f3,1,0,4,0
10728d70e0641a69:0x23f3,2,0,4,0
10728d70e0641a69:0x81b84,27,0,47,0
10728d70e0641a69:0x81b84,27,0,48,0
10728d70e0641a69:0x81b84,28,0,48,0
10728d70e0641a69:0x81bb5,28,12,16,0
10728d70e0641a69:0x81bce,22,11,11,0
10728d70e0641a69:0x81c47,22,11,21,0
10728d70e0641a69:0x81c69,21,10,10,0
10728d70e0641a69:0x8216e,22,11,21,0
10728d70e0641a69:0x82198,21,6,14,0
10728d70e0641a69:0x821dc,21,10,20,0
10728d70e0641a69:0x821f5,21,10,20,0
10728d70e0641a69:0x8220b,21,11,20,0
10728d70e0641a69:0x8222e,23,13,35,0
10728d70e0641a69:0x8418a,20,0,18,0
10728d70e0641a69:0x841bd,20,0,27,0
10728d70e0641a69:0x841c9,21,0,22,0
10728d70e0641a69:0x841d4,21,0,26,0
10728d70e0641a69:0x2443,1,0,3,0
10728d70e0641a69:0x2443,1,0,4,0
10728d70e0641a69:0x2443,2,0,4,0
10728d70e0641a69:0x81b84,28,0,49,0
10728d70e0641a69:0x81b84,28,0,50,0
10728d70e0641a69:0x81b84,29,0,50,0
10728d70e0641a69:0x81bb5,29,12,16,0
10728d70e0641a69:0x81bce,23,11,11,0
10728d70e0641a69:0x81c47,23,11,21,0
10728d70e0641a69:0x81c69,22,10,10,0
10728d70e0641a69:0x8216e,23,11,21,0
10728d70e0641a69:0x82198,22,6,14,0
10728d70e0641a69:0x821dc,22,10,20,0
10728d70e0641a69:0x821f5,22,10,20,0
10728d70e0641a69:0x8220b,22,11,20,0
10728d70e0641a69:0x8222e,24,13,35,0
10728d70e0641a69:0x8418a,21,0,18,0
10728d70e0641a69:0x841bd,21,0,27,0
10728d70e0641a69:0x841c9,22,0,22,0
10728d70e0641a69:0x841d4,22,0,26,0
10728d70e0641a69:0x2493,1,0,3,0
10728d70e0641a69:0x2493,1,0,4,0
10728d70e0641a69:0x2493,2,0,4,0
10728d70e0641a69:0x81b84,29,0,51,0
10728d70e0641a69:0x81b84,29,0,52,0
10728d70e0641a69:0x81b84,30,0,52,0
10728d70e0641a69:0x81bb5,30,12,16,0
10728d70e0641a69:0x81bce,24,11,11,0
10728d70e0641a69:0x81c47,24,11,21,0
10728d70e0641a69:0x81c69,23,10,10,0
10728d70e0641a69:0x8216e,24,11,21,0
10728d70e0641a69:0x82198,23,6,14,0
10728d70e0641a69:0x821dc,23,10,20,0
10728d70e0641a69:0x821f5,23,10,20,0
10728d70e0641a69:0x8220b,23,11,20,0
10728d70e0641a69:0x8222e,25,13,35,0
10728d70e0641a69:0x8418a,22,0,18,0
10728d70e0641a69:0x841bd,22,0,27,0
10728d70e0641a69:0x841c9,23,0,22,0
10728d70e0641a69:0x841d4,23,0,26,0
10728d70e0641a69:0x24e3,1,0,3,0
10728d70e0641a69:0x24e3,1,0,4,0
10728d70e0641a69:0x24e3,2,0,4,0
10728d70e0641a69:0x81b84,30,0,53,0
10728d70e0641a69:0x81b84,30,0,54,0
10728d70e0641a69:0x81b84,31,0,54,0
10728d70e0641a69:0x81bb5,31,12,16,0
10728d70e0641a69:0x81bce,25,11,11,0
10728d70e0641a69:0x81c47,25,11,21,0
10728d70e0641a69:0x81c69,24,10,10,0
10728d70e0641a69:0x8216e,25,11,21,0
10728d70e0641a69:0x82198,24,6,14,0
10728d70e0641a69:0x821dc,24,10,20,0
10728d70e0641a69:0x821f5,24,10,20,0
10728d70e0641a69:0x8220b,24,11,20,0
10728d70e0641a69:0x8222e,26,13,35,0
10728d70e0641a69:0x8418a,23,0,18,0
10728d70e0641a69:0x841bd,23,0,27,0
10728d70e0641a69:0x841c9,24,0,22,0
10728d70e0641a69:0x841d4,24,0,26,0
10728d70e0641a69:0x2533,1,0,3,0
10728d70e0641a69:0x2533,1,0,4,0
10728d70e0641a69:0x2533,2,0,4,0
10728d70e0641a69:0x81b84,31,0,55,0
10728d70e0641a69:0x81b84,31,0,56,0
10728d70e0641a69:0x81b84,32,0,56,0
10728d70e0641a69:0x81bb5,32,12,16,0
10728d70e0641a69:0x81bce,26,11,11,0
10728d70e0641a69:0x81c47,26,11,21,0
10728d70e0641a69:0x81c69,25,10,10,0
10728d70e0641a69:0x8216e,26,11,21,0
10728d70e0641a69:0x82198,25,6,14,0
10728d70e0641a69:0x821dc,25,10,20,0
10728d70e0641a69:0x821f5,25,10,20,0
10728d70e0641a69:0x8220b,25,11,20,0
10728d70e0641a69:0x8222e,27,13,35,0
10728d70e0641a69:0x8418a,24,0,18,0
10728d70e0641a69:0x841bd,24,0,27,0
10728d70e0641a69:0x841c9,25,0,22,0
10728d70e0641a69:0x841d4,25,0,26,0
10728d70e0641a69:0x2583,1,0,3,0
10728d70e0641a69:0x2583,1,0,4,0
10728d70e0641a69:0x2583,2,0,4,0
10728d70e0641a69:0x25cd,1,1,2,0
10728d70e0641a69:0x25cd,1,2,2,0
10728d70e0641a69:0x25cd,2,2,2,0
10728d70e0641a69:0x81b84,32,0,57,0
10728d70e0641a69:0x81b84,32,0,58,0
10728d70e0641a69:0x81b84,33,0,58,0
10728d70e0641a69:0x81bb5,33,12,16,0
10728d70e0641a69:0x81bce,27,11,11,0
10728d70e0641a69:0x81c47,27,11,21,0
10728d70e0641a69:0x81c69,26,10,10,0
10728d70e0641a69:0x8216e,27,11,21,0
10728d70e0641a69:0x82198,26,6,14,0
10728d70e0641a69:0x821dc,26,10,20,0
10728d70e0641a69:0x821f5,26,10,20,0
10728d70e0641a69:0x8220b,26,11,20,0
10728d70e0641a69:0x8222e,28,13,35,0
10728d70e0641a69:0x8418a,25,0,18,0
10728d70e0641a69:0x841bd,25,0,27,0
10728d70e0641a69:0x841c9,26,0,22,0
10728d70e0641a69:0x841d4,26,0,26,0
10728d70e0641a69:0x2353,3,0,4,0
10728d70e0641a69:0x81b84,34,0,58,0
10728d70e0641a69:0x81bb5,34,12,16,0
10728d70e0641a69:0x81bce,28,11,11,0
10728d70e0641a69:0x81c47,28,11,21,0
10728d70e0641a69:0x81c69,27,10,10,0
10728d70e0641a69:0x8216e,28,11,21,0
10728d70e0641a69:0x82198,27,6,14,0
10728d70e0641a69:0x821dc,27,10,20,0
10728d70e0641a69:0x821f5,27,10,20,0
10728d70e0641a69:0x8220b,27,11,20,0
10728d70e0641a69:0x8222e,29,13,35,0
10728d70e0641a69:0x8418a,26,0,18,0
10728d70e0641a69:0x841bd,26,0,27,0
10728d70e0641a69:0x841c9,27,0,22,0
10728d70e0641a69:0x841d4,27,0,26,0
10728d70e0641a69:0x23a3,3,0,4,0
10728d70e0641a69:0x81b84,35,0,58,0
10728d70e0641a69:0x81bb5,35,12,16,0
10728d70e0641a69:0x81bce,29,11,11,0
10728d70e0641a69:0x81c47,29,11,21,0
10728d70e0641a69:0x81c69,28,10,10,0
10728d70e0641a69:0x8216e,29,11,21,0
10728d70e0641a69:0x82198,28,6,14,0
10728d70e0641a69:0x821dc,28,10,20,0
10728d70e0641a69:0x821f5,28,10,20,0
10728d70e0641a69:0x8220b,28,11,20,0
10728d70e0641a69:0x8222e,30,13,35,0
10728d70e0641a69:0x8418a,27,0,18,0
10728d70e0641a69:0x841bd,27,0,27,0
10728d70e0641a69:0x841c9,28,0,22,0
10728d70e0641a69:0x841d4,28,0,26,0
10728d70e0641a69:0x23f3,3,0,4,0
10728d70e0641a69:0x81b84,36,0,58,0
10728d70e0641a69:0x81bb5,36,12,16,0
10728d70e0641a69:0x81bce,30,11,11,0
10728d70e0641a69:0x81c47,30,11,21,0
10728d70e0641a69:0x81c69,29,10,10,0
10728d70e0641a69:0x8216e,30,11,21,0
10728d70e0641a69:0x82198,29,6,14,0
10728d70e0641a69:0x821dc,29,10,20,0
10728d70e0641a69:0x821f5,29,10,20,0
10728d70e0641a69:0x8220b,29,11,20,0
10728d70e0641a69:0x8222e,31,13,35,0
10728d70e0641a69:0x8418a,28,0,18,0
10728d70e0641a69:0x841bd,28,0,27,0
10728d70e0641a69:0x841c9,29,0,22,0
10728d70e0641a69:0x841d4,29,0,26,0
10728d70e0641a69:0x2443,3,0,4,0
10728d70e0641a69:0x81b84,37,0,58,0
10728d70e0641a69:0x81bb5,37,12,16,0
10728d70e0641a69:0x81bce,31,11,11,0
10728d70e0641a69:0x81c47,31,11,21,0
10728d70e0641a69:0x81c69,30,10,10,0
10728d70e0641a69:0x8216e,31,11,21,0
10728d70e0641a69:0x82198,30,6,14,0
10728d70e0641a69:0x821dc,30,10,20,0
10728d70e0641a69:0x821f5,30,10,20,0
10728d70e0641a69:0x8220b,30,11,20,0
10728d70e0641a69:0x8222e,32,13,35,0
10728d70e0641a69:0x8418a,29,0,18,0
10728d70e0641a69:0x841bd,29,0,27,0
10728d70e0641a69:0x841c9,30,0,22,0
10728d70e0641a69:0x841d4,30,0,26,0
10728d70e0641a69:0x2493,3,0,4,0
10728d70e0641a69:0x81b84,38,0,58,0
10728d70e0641a69:0x81bb5,38,12,16,0
10728d70e0641a69:0x81bce,32,11,11,0
10728d70e0641a69:0x81c47,32,11,21,0
10728d70e0641a69:0x81c69,31,10,10,0
10728d70e0641a69:0x8216e,32,11,21,0
10728d70e0641a69:0x82198,31,6,14,0
10728d70e0641a69:0x821dc,31,10,20,0
10728d70e0641a69:0x821f5,31,10,20,0
10728d70e0641a69:0x8220b,31,11,20,0
10728d70e0641a69:0x8222e,33,13,35,0
10728d70e0641a69:0x8418a,30,0,18,0
10728d70e0641a69:0x841bd,30,0,27,0
10728d70e0641a69:0x841c9,31,0,22,0
10728d70e0641a69:0x841d4,31,0,26,0
10728d70e0641a69:0x24e3,3,0,4,0
10728d70e0641a69:0x81b84,39,0,58,0
10728d70e0641a69:0x81bb5,39,12,16,0
10728d70e0641a69:0x81bce,33,11,11,0
10728d70e0641a69:0x81c47,33,11,21,0
10728d70e0641a69:0x81c69,32,10,10,0
10728d70e0641a69:0x8216e,33,11,21,0
10728d70e0641a69:0x82198,32,6,14,0
10728d70e0641a69:0x821dc,32,10,20,0
10728d70e0641a69:0x821f5,32,10,20,0
10728d70e0641a69:0x8220b,32,11,20,0
10728d70e0641a69:0x8222e,34,13,35,0
10728d70e0641a69:0x8418a,31,0,18,0
10728d70e0641a69:0x841bd,31,0,27,0
10728d70e0641a69:0x841c9,32,0,22,0
10728d70e0641a69:0x841d4,32,0,26,0
10728d70e0641a69:0x2533,3,0,4,0
10728d70e0641a69:0x81b84,40,0,58,0
10728d70e0641a69:0x81bb5,39,12,17,0
10728d70e0641a69:0x81bb5,39,13,17,0
10728d70e0641a69:0x81bb5,40,13,17,0
10728d70e0641a69:0x81bce,33,11,12,0
10728d70e0641a69:0x81bce,33,12,12,0
10728d70e0641a69:0x81bce,34,12,12,0
10728d70e0641a69:0x81c47,33,11,22,0
10728d70e0641a69:0x81c47,33,12,22,0
10728d70e0641a69:0x81c47,34,12,22,0
10728d70e0641a69:0x81c47,34,12,23,0
10728d70e0641a69:0x81c69,32,10,11,0
10728d70e0641a69:0x81c69,32,11,11,0
10728d70e0641a69:0x81c69,33,11,11,0
10728d70e0641a69:0x8216e,33,11,22,0
10728d70e0641a69:0x8216e,33,12,22,0
10728d70e0641a69:0x8216e,34,12,22,0
10728d70e0641a69:0x8216e,34,12,23,0
10728d70e0641a69:0x82198,32,6,15,0
10728d70e0641a69:0x82198,32,7,15,0
10728d70e0641a69:0x82198,33,7,15,0
10728d70e0641a69:0x821dc,32,10,21,0
10728d70e0641a69:0x821dc,32,11,21,0
10728d70e0641a69:0x821dc,33,11,21,0
10728d70e0641a69:0x821dc,33,11,22,0
10728d70e0641a69:0x821f5,32,10,21,0
10728d70e0641a69:0x821f5,32,11,21,0
10728d70e0641a69:0x821f5,33,11,21,0
10728d70e0641a69:0x821f5,33,11,22,0
10728d70e0641a69:0x8220b,33,11,20,0
10728d70e0641a69:0x8222e,35,13,35,0
10728d70e0641a69:0x8418a,31,0,19,0
10728d70e0641a69:0x8418a,31,0,20,0
10728d70e0641a69:0x8418a,32,0,20,0
10728d70e0641a69:0x841bd,31,0,28,0
10728d70e0641a69:0x841bd,31,0,29,0
10728d70e0641a69:0x841bd,32,0,29,0
10728d70e0641a69:0x841bd,32,0,30,0
10728d70e0641a69:0x841c9,33,0,22,0
10728d70e0641a69:0x841d4,32,0,27,0
10728d70e0641a69:0x841d4,32,0,28,0
10728d70e0641a69:0x841d4,33,0,28,0
10728d70e0641a69:0x841d4,33,0,29,0
10728d70e0641a69:0x2583,3,0,4,0
10728d70e0641a69:0x25cd,3,2,2,0
10728d70e0641a69:0x81b84,41,0,58,0
10728d70e0641a69:0x81bb5,41,13,17,0
10728d70e0641a69:0x81bce,35,12,12,0
10728d70e0641a69:0x81c47,35,12,23,0
10728d70e0641a69:0x81c69,34,11,11,0
10728d70e0641a69:0x8216e,35,12,23,0
10728d70e0641a69:0x82198,34,7,15,0
10728d70e0641a69:0x821dc,34,11,22,0
10728d70e0641a69:0x821f5,34,11,22,0
10728d70e0641a69:0x8220b,33,11,21,0
10728d70e0641a69:0x8220b,33,12,21,0
10728d70e0641a69:0x8220b,34,12,21,0
10728d70e0641a69:0x8220b,34,12,22,0
10728d70e0641a69:0x8222e,35,13,36,0
10728d70e0641a69:0x8222e,35,14,36,0
10728d70e0641a69:0x8222e,36,14,36,0
10728d70e0641a69:0x8222e,36,14,37,0
10728d70e0641a69:0x8222e,36,14,38,0
10728d70e0641a69:0x8418a,33,0,20,0
10728d70e0641a69:0x841bd,33,0,30,0
10728d70e0641a69:0x841c9,33,0,23,0
10728d70e0641a69:0x841c9,33,0,24,0
10728d70e0641a69:0x841c9,34,0,24,0
10728d70e0641a69:0x841d4,34,0,29,0
10728d70e0641a69:0x2353,3,0,5,0
10728d70e0641a69:0x2353,3,0,5,1
10728d70e0641a69:0x2353,4,0,5,1
10728d70e0641a69:0x81b84,41,0,59,0
10728d70e0641a69:0x81b84,41,0,60,0
10728d70e0641a69:0x81b84,42,0,60,0
10728d70e0641a69:0x81bb5,42,13,17,0
10728d70e0641a69:0x81bce,36,12,12,0
10728d70e0641a69:0x81c47,36,12,23,0
10728d70e0641a69:0x81c69,35,11,11,0
10728d70e0641a69:0x8216e,36,12,23,0
10728d70e0641a69:0x82198,35,7,15,0
10728d70e0641a69:0x821dc,35,11,22,0
10728d70e0641a69:0x821f5,35,11,22,0
10728d70e0641a69:0x8220b,35,12,22,0
10728d70e0641a69:0x8222e,37,14,38,0
10728d70e0641a69:0x8418a,34,0,20,0
10728d70e0641a69:0x841bd,34,0,30,0
10728d70e0641a69:0x841c9,35,0,24,0
10728d70e0641a69:0x841d4,35,0,29,0
10728d70e0641a69:0x23a3,3,0,5,0
10728d70e0641a69:0x23a3,3,0,6,0
10728d70e0641a69:0x23a3,4,0,6,0
10728d70e0641a69:0x81b84,42,0,61,0
10728d70e0641a69:0x81b84,42,0,62,0
10728d70e0641a69:0x81b84,43,0,62,0
10728d70e0641a69:0x81bb5,43,13,17,0
10728d70e0641a69:0x81bce,37,12,12,0
10728d70e0641a69:0x81c47,37,12,23,0
10728d70e0641a69:0x81c69,36,11,11,0
10728d70e0641a69:0x8216e,37,12,23,0
10728d70e0641a69:0x82198,36,7,15,0
10728d70e0641a69:0x821dc,36,11,22,0
10728d70e0641a69:0x821f5,36,11,22,0
10728d70e0641a69:0x8220b,36,12,22,0
10728d70e0641a69:0x8222e,38,14,38,0
10728d70e0641a69:0x8418a,35,0,20,0
10728d70e0641a69:0x841bd,35,0,30,0
10728d70e0641a69:0x841c9,36,0,24,0
10728d70e0641a69:0x841d4,36,0,29,0
10728d70e0641a69:0x23f3,3,0,5,0
10728d70e0641a69:0x23f3,3,0,6,0
10728d70e0641a69:0x23f3,4,0,6,0
10728d70e0641a69:0x81b84,43,0,63,0
10728d70e0641a69:0x81b84,43,0,64,0
10728d70e0641a69:0x81b84,44,0,64,0
10728d70e0641a69:0x81bb5,44,13,17,0
10728d70e0641a69:0x81bce,38,12,12,0
10728d70e0641a69:0x81c47,38,12,23,0
10728d70e0641a69:0x81c69,37,11,11,0
10728d70e0641a69:0x8216e,38,12,23,0
10728d70e0641a69:0x82198,37,7,15,0
10728d70e0641a69:0x821dc,37,11,22,0
10728d70e0641a69:0x821f5,37,11,22,0
10728d70e0641a69:0x8220b,37,12,22,0
10728d70e0641a69:0x8222e,39,14,38,0
10728d70e0641a69:0x8418a,36,0,20,0
10728d70e0641a69:0x841bd,36,0,30,0
10728d70e0641a69:0x841c9,37,0,24,0
10728d70e0641a69:0x841d4,37,0,29,0
10728d70e0641a69:0x2443,3,0,5,0
10728d70e0641a69:0x2443,3,0,6,0
10728d70e0641a69:0x2443,4,0,6,0
10728d70e0641a69:0x81b84,44,0,65,0
10728d70e0641a69:0x81b84,44,0,66,0
10728d70e0641a69:0x81b84,45,0,66,0
10728d70e0641a69:0x81bb5,45,13,17,0
10728d70e0641a69:0x81bce,39,12,12,0
10728d70e0641a69:0x81c47,39,12,23,0
10728d70e0641a69:0x81c69,38,11,11,0
10728d70e0641a69:0x8216e,39,12,23,0
10728d70e0641a69:0x82198,38,7,15,0
10728d70e0641a69:0x821dc,38,11,22,0
10728d70e0641a69:0x821f5,38,11,22,0
10728d70e0641a69:0x8220b,38,12,22,0
10728d70e0641a69:0x8222e,40,14,38,0
10728d70e0641a69:0x8418a,37,0,20,0
10728d70e0641a69:0x841bd,37,0,30,0
10728d70e0641a69:0x841c9,38,0,24,0
10728d70e0641a69:0x841d4,38,0,29,0
10728d70e0641a69:0x2493,3,0,5,0
10728d70e0641a69:0x2493,3,0,6,0
10728d70e0641a69:0x2493,4,0,6,0
10728d70e0641a69:0x81b84,45,0,67,0
10728d70e0641a69:0x81b84,45,0,68,0
10728d70e0641a69:0x81b84,46,0,68,0
10728d70e0641a69:0x81bb5,46,13,17,0
10728d70e0641a69:0x81bce,40,12,12,0
10728d70e0641a69:0x81c47,40,12,23,0
10728d70e0641a69:0x81c69,39,11,11,0
10728d70e0641a69:0x8216e,40,12,23,0
10728d70e0641a69:0x82198,39,7,15,0
10728d70e0641a69:0x821dc,39,11,22,0
10728d70e0641a69:0x821f5,39,11,22,0
10728d70e0641a69:0x8220b,39,12,22,0
10728d70e0641a69:0x8222e,41,14,38,0
10728d70e0641a69:0x8418a,38,0,20,0
10728d70e0641a69:0x841bd,38,0,30,0
10728d70e0641a69:0x841c9,39,0,24,0
10728d70e0641a69:0x841d4,39,0,29,0
10728d70e0641a69:0x24e3,3,0,5,0
10728d70e0641a69:0x24e3,3,0,6,0
10728d70e0641a69:0x24e3,4,0,6,0
10728d70e0641a69:0x81b84,46,0,69,0
10728d70e0641a69:0x81b84,46,0,70,0
10728d70e0641a69:0x81b84,47,0,70,0
10728d70e0641a69:0x81bb5,47,13,17,0
10728d70e0641a69:0x81bce,41,12,12,0
10728d70e0641a69:0x81c47,41,12,23,0
10728d70e0641a69:0x81c69,40,11,11,0
10728d70e0641a69:0x8216e,41,12,23,0
10728d70e0641a69:0x82198,40,7,15,0
10728d70e0641a69:0x821dc,40,11,22,0
10728d70e0641a69:0x821f5,40,11,22,0
10728d70e0641a69:0x8220b,40,12,22,0
10728d70e0641a69:0x8222e,42,14,38,0
10728d70e0641a69:0x8418a,39,0,20,0
10728d70e0641a69:0x841bd,39,0,30,0
10728d70e0641a69:0x841c9,40,0,24,0
10728d70e0641a69:0x841d4,40,0,29,0
10728d70e0641a69:0x2533,3,0,5,0
10728d70e0641a69:0x2533,3,0,6,0
10728d70e0641a69:0x2533,4,0,6,0
10728d70e0641a69:0x81b84,47,0,71,0
10728d70e0641a69:0x81b84,47,0,72,0
10728d70e0641a69:0x81b84,48,0,72,0
10728d70e0641a69:0x81bb5,48,13,17,0
10728d70e0641a69:0x81bce,42,12,12,0
10728d70e0641a69:0x81c47,42,12,23,0
10728d70e0641a69:0x81c69,41,11,11,0
10728d70e0641a69:0x8216e,42,12,23,0
10728d70e0641a69:0x82198,41,7,15,0
10728d70e0641a69:0x821dc,41,11,22,0
10728d70e0641a69:0x821f5,41,11,22,0
10728d70e0641a69:0x8220b,41,12,22,0
10728d70e0641a69:0x8222e,43,14,38,0
10728d70e0641a69:0x8418a,40,0,20,0
10728d70e0641a69:0x841bd,40,0,30,0
10728d70e0641a69:0x841c9,41,0,24,0
10728d70e0641a69:0x841d4,41,0,29,0
10728d70e0641a69:0x2583,3,0,5,0
10728d70e0641a69:0x2583,3,0,6,0
10728d70e0641a69:0x2583,4,0,6,0
10728d70e0641a69:0x25cd,3,2,3,0
10728d70e0641a69:0x25cd,3,3,3,0
10728d70e0641a69:0x25cd,4,3,3,0
10728d70e0641a69:0x81b84,48,0,73,0
10728d70e0641a69:0x81b84,48,0,74,0
10728d70e0641a69:0x81b84,49,0,74,0
10728d70e0641a69:0x81bb5,49,13,17,0
10728d70e0641a69:0x81bce,43,12,12,0
10728d70e0641a69:0x81c47,43,12,23,0
10728d70e0641a69:0x81c69,42,11,11,0
10728d70e0641a69:0x8216e,43,12,23,0
10728d70e0641a69:0x82198,42,7,15,0
10728d70e0641a69:0x821dc,42,11,22,0
10728d70e0641a69:0x821f5,42,11,22,0
10728d70e0641a69:0x8220b,42,12,22,0
10728d70e0641a69:0x8222e,44,14,38,0
10728d70e0641a69:0x8418a,41,0,20,0
10728d70e0641a69:0x841bd,41,0,30,0
10728d70e0641a69:0x841c9,42,0,24,0
10728d70e0641a69:0x841d4,42,0,29,0
10728d70e0641a69:0x2353,5,0,5,1
10728d70e0641a69:0x81b84,50,0,74,0
10728d70e0641a69:0x81bb5,50,13,17,0
10728d70e0641a69:0x81bce,44,12,12,0
10728d70e0641a69:0x81c47,44,12,23,0
10728d70e0641a69:0x81c69,43,11,11,0
10728d70e0641a69:0x8216e,44,12,23,0
10728d70e0641a69:0x82198,43,7,15,0
10728d70e0641a69:0x821dc,43,11,22,0
10728d70e0641a69:0x821f5,43,11,22,0
10728d70e0641a69:0x8220b,43,12,22,0
10728d70e0641a69:0x8222e,45,14,38,0
10728d70e0641a69:0x8418a,42,0,20,0
10728d70e0641a69:0x841bd,42,0,30,0
10728d70e0641a69:0x841c9,43,0,24,0
10728d70e0641a69:0x841d4,43,0,29,0
10728d70e0641a69:0x23a3,5,0,6,0
10728d70e0641a69:0x81b84,51,0,74,0
10728d70e0641a69:0x81bb5,51,13,17,0
10728d70e0641a69:0x81bce,45,12,12,0
10728d70e0641a69:0x81c47,45,12,23,0
10728d70e0641a69:0x81c69,44,11,11,0
10728d70e0641a69:0x8216e,45,12,23,0
10728d70e0641a69:0x82198,44,7,15,0
10728d70e0641a69:0x821dc,44,11,22,0
10728d70e0641a69:0x821f5,44,11,22,0
10728d70e0641a69:0x8220b,44,12,22,0
10728d70e0641a69:0x8222e,46,14,38,0
10728d70e0641a69:0x8418a,43,0,20,0
10728d70e0641a69:0x841bd,43,0,30,0
10728d70e0641a69:0x841c9,44,0,24,0
10728d70e0641a69:0x841d4,44,0,29,0
10728d70e0641a69:0x23f3,5,0,6,0
10728d70e0641a69:0x81b84,52,0,74,0
10728d70e0641a69:0x81bb5,52,13,17,0
10728d70e0641a69:0x81bce,46,12,12,0
10728d70e0641a69:0x81c47,46,12,23,0
10728d70e0641a69:0x81c69,45,11,11,0
10728d70e0641a69:0x8216e,46,12,23,0
10728d70e0641a69:0x82198,45,7,15,0
10728d70e0641a69:0x821dc,45,11,22,0
10728d70e0641a69:0x821f5,45,11,22,0
10728d70e0641a69:0x8220b,45,12,22,0
10728d70e0641a69:0x8222e,47,14,38,0
10728d70e0641a69:0x8418a,44,0,20,0
10728d70e0641a69:0x841bd,44,0,30,0
10728d70e0641a69:0x841c9,45,0,24,0
10728d70e0641a69:0x841d4,45,0,29,0
10728d70e0641a69:0x2443,5,0,6,0
10728d70e0641a69:0x81b84,53,0,74,0
10728d70e0641a69:0x81bb5,53,13,17,0
10728d70e0641a69:0x81bce,47,12,12,0
10728d70e0641a69:0x81c47,47,12,23,0
10728d70e0641a69:0x81c69,46,11,11,0
10728d70e0641a69:0x8216e,47,12,23,0
10728d70e0641a69:0x82198,46,7,15,0
10728d70e0641a69:0x821dc,46,11,22,0
10728d70e0641a69:0x821f5,46,11,22,0
10728d70e0641a69:0x8220b,46,12,22,0
10728d70e0641a69:0x8222e,48,14,38,0
10728d70e0641a69:0x8418a,45,0,20,0
10728d70e0641a69:0x841bd,45,0,30,0
10728d70e0641a69:0x841c9,46,0,24,0
10728d70e0641a69:0x841d4,46,0,29,0
10728d70e0641a69:0x2493,5,0,6,0
10728d70e0641a69:0x81b84,54,0,74,0
10728d70e0641a69:0x81bb5,54,13,17,0
10728d70e0641a69:0x81bce,48,12,12,0
10728d70e0641a69:0x81c47,48,12,23,0
10728d70e0641a69:0x81c69,47,11,11,0
10728d70e0641a69:0x8216e,48,12,23,0
10728d70e0641a69:0x82198,47,7,15,0
10728d70e0641a69:0x821dc,47,11,22,0
10728d70e0641a69:0x821f5,47,11,22,0
10728d70e0641a69:0x8220b,47,12,22,0
10728d70e0641a69:0x8222e,49,14,38,0
10728d70e0641a69:0x8418a,46,0,20,0
10728d70e0641a69:0x841bd,46,0,30,0
10728d70e0641a69:0x841c9,47,0,24,0
10728d70e0641a69:0x841d4,47,0,29,0
10728d70e0641a69:0x24e3,5,0,6,0
10728d70e0641a69:0x81b84,55,0,74,0
10728d70e0641a69:0x81bb5,55,13,17,0
10728d70e0641a69:0x81bce,49,12,12,0
10728d70e0641a69:0x81c47,49,12,23,0
10728d70e0641a69:0x81c69,48,11,11,0
10728d70e0641a69:0x8216e,49,12,23,0
10728d70e0641a69:0x82198,48,7,15,0
10728d70e0641a69:0x821dc,48,11,22,0
10728d70e0641a69:0x821f5,48,11,22,0
10728d70e0641a69:0x8220b,48,12,22,0
10728d70e0641a69:0x8222e,50,14,38,0
10728d70e0641a69:0x8418a,47,0,20,0
10728d70e0641a69:0x841bd,47,0,30,0
10728d70e0641a69:0x841c9,48,0,24,0
10728d70e0641a69:0x841d4,48,0,29,0
10728d70e0641a69:0x2533,5,0,6,0
10728d70e0641a69:0x81b84,56,0,74,0
10728d70e0641a69:0x81bb5,56,13,17,0
10728d70e0641a69:0x81bce,50,12,12,0
10728d70e0641a69:0x81c47,50,12,23,0
10728d70e0641a69:0x81c69,49,11,11,0
10728d70e0641a69:0x8216e,50,12,23,0
10728d70e0641a69:0x82198,49,7,15,0
10728d70e0641a69:0x821dc,49,11,22,0
10728d70e0641a69:0x821f5,49,11,22,0
10728d70e0641a69:0x8220b,49,12,22,0
10728d70e0641a69:0x8222e,51,14,38,0
10728d70e0641a69:0x8418a,48,0,20,0
10728d70e0641a69:0x841bd,48,0,30,0
10728d70e0641a69:0x841c9,49,0,24,0
10728d70e0641a69:0x841d4,49,0,29,0
10728d70e0641a69:0x2583,5,0,6,0
10728d70e0641a69:0x25cd,5,3,3,0
10728d70e0641a69:0x81b84,57,0,74,0
10728d70e0641a69:0x81bb5,57,13,17,0
10728d70e0641a69:0x81bce,51,12,12,0
10728d70e0641a69:0x81c47,51,12,23,0
10728d70e0641a69:0x81c69,50,11,11,0
10728d70e0641a69:0x8216e,51,12,23,0
10728d70e0641a69:0x82198,50,7,15,0
10728d70e0641a69:0x821dc,50,11,22,0
10728d70e0641a69:0x821f5,50,11,22,0
10728d70e0641a69:0x8220b,50,12,22,0
10728d70e0641a69:0x8222e,52,14,38,0
10728d70e0641a69:0x8418a,49,0,20,0
10728d70e0641a69:0x841bd,49,0,30,0
10728d70e0641a69:0x841c9,50,0,24,0
10728d70e0641a69:0x841d4,50,0,29,0
10728d70e0641a69:0x2353,6,0,5,1
10728d70e0641a69:0x81b84,58,0,74,0
10728d70e0641a69:0x81bb5,58,13,17,0
10728d70e0641a69:0x81bce,52,12,12,0
10728d70e0641a69:0x81c47,52,12,23,0
10728d70e0641a69:0x81c69,51,11,11,0
10728d70e0641a69:0x8216e,52,12,23,0
10728d70e0641a69:0x82198,51,7,15,0
10728d70e0641a69:0x821dc,51,11,22,0
10728d70e0641a69:0x821f5,51,11,22,0
10728d70e0641a69:0x8220b,51,12,22,0
10728d70e0641a69:0x8222e,53,14,38,0
10728d70e0641a69:0x8418a,50,0,20,0
10728d70e0641a69:0x841bd,50,0,30,0
10728d70e0641a69:0x841c9,51,0,24,0
10728d70e0641a69:0x841d4,51,0,29,0
10728d70e0641a69:0x23a3,6,0,6,0
10728d70e0641a69:0x81b84,59,0,74,0
10728d70e0641a69:0x81bb5,59,13,17,0
10728d70e0641a69:0x81bce,53,12,12,0
10728d70e0641a69:0x81c47,53,12,23,0
10728d70e0641a69:0x81c69,52,11,11,0
10728d70e0641a69:0x8216e,53,12,23,0
10728d70e0641a69:0x82198,52,7,15,0
10728d70e0641a69:0x821dc,52,11,22,0
10728d70e0641a69:0x821f5,52,11,22,0
10728d70e0641a69:0x8220b,52,12,22,0
10728d70e0641a69:0x8222e,54,14,38,0
10728d70e0641a69:0x8418a,51,0,20,0
10728d70e0641a69:0x841bd,51,0,30,0
10728d70e0641a69:0x841c9,52,0,24,0
10728d70e0641a69:0x841d4,52,0,29,0
10728d70e0641a69:0x23f3,6,0,6,0
10728d70e0641a69:0x81b84,60,0,74,0
10728d70e0641a69:0x81bb5,60,13,17,0
10728d70e0641a69:0x81bce,54,12,12,0
10728d70e0641a69:0x81c47,54,12,23,0
10728d70e0641a69:0x81c69,53,11,11,0
10728d70e0641a69:0x8216e,54,12,23,0
10728d70e0641a69:0x82198,53,7,15,0
10728d70e0641a69:0x821dc,53,11,22,0
10728d70e0641a69:0x821f5,53,11,22,0
10728d70e0641a69:0x8220b,53,12,22,0
10728d70e0641a69:0x8222e,55,14,38,0
10728d70e0641a69:0x8418a,52,0,20,0
10728d70e0641a69:0x841bd,52,0,30,0
10728d70e0641a69:0x841c9,53,0,24,0
10728d70e0641a69:0x841d4,53,0,29,0
10728d70e0641a69:0x2443,6,0,6,0
10728d70e0641a69:0x81b84,61,0,74,0
10728d70e0641a69:0x81bb5,61,13,17,0
10728d70e0641a69:0x81bce,55,12,12,0
10728d70e0641a69:0x81c47,55,12,23,0
10728d70e0641a69:0x81c69,54,11,11,0
10728d70e0641a69:0x8216e,55,12,23,0
10728d70e0641a69:0x82198,54,7,15,0
10728d70e0641a69:0x821dc,54,11,22,0
10728d70e0641a69:0x821f5,54,11,22,0
10728d70e0641a69:0x8220b,54,12,22,0
10728d70e0641a69:0x8222e,56,14,38,0
10728d70e0641a69:0x8418a,53,0,20,0
10728d70e0641a69:0x841bd,53,0,30,0
10728d70e0641a69:0x841c9,54,0,24,0
10728d70e0641a69:0x841d4,54,0,29,0
10728d70e0641a69:0x2493,6,0,6,0
10728d70e0641a69:0x81b84,62,0,74,0
10728d70e0641a69:0x81bb5,62,13,17,0
10728d70e0641a69:0x81bce,56,12,12,0
10728d70e0641a69:0x81c47,56,12,23,0
10728d70e0641a69:0x81c69,55,11,11,0
10728d70e0641a69:0x8216e,56,12,23,0
10728d70e0641a69:0x82198,55,7,15,0
10728d70e0641a69:0x821dc,55,11,22,0
10728d70e0641a69:0x821f5,55,11,22,0
10728d70e0641a69:0x8220b,55,12,22,0
10728d70e0641a69:0x8222e,57,14,38,0
10728d70e0641a69:0x8418a,54,0,20,0
10728d70e0641a69:0x841bd,54,0,30,0
10728d70e0641a69:0x841c9,55,0,24,0
10728d70e0641a69:0x841d4,55,0,29,0
10728d70e0641a69:0x24e3,6,0,6,0
10728d70e0641a69:0x81b84,63,0,74,0
10728d70e0641a69:0x81bb5,63,13,17,0
10728d70e0641a69:0x81bce,57,12,12,0
10728d70e0641a69:0x81c47,57,12,23,0
10728d70e0641a69:0x81c69,56,11,11,0
10728d70e0641a69:0x8216e,57,12,23,0
10728d70e0641a69:0x82198,56,7,15,0
10728d70e0641a69:0x821dc,56,11,22,0
10728d70e0641a69:0x821f5,56,11,22,0
10728d70e0641a69:0x8220b,56,12,22,0
10728d70e0641a69:0x8222e,58,14,38,0
10728d70e0641a69:0x8418a,55,0,20,0
10728d70e0641a69:0x841bd,55,0,30,0
10728d70e0641a69:0x841c9,56,0,24,0
10728d70e0641a69:0x841d4,56,0,29,0
10728d70e0641a69:0x2533,6,0,6,0
10728d70e0641a69:0x81b84,64,0,74,0
10728d70e0641a69:0x81bb5,64,13,17,0
10728d70e0641a69:0x81bce,58,12,12,0
10728d70e0641a69:0x81c47,58,12,23,0
10728d70e0641a69:0x81c69,57,11,11,0
10728d70e0641a69:0x8216e,58,12,23,0
10728d70e0641a69:0x82198,57,7,15,0
10728d70e0641a69:0x821dc,57,11,22,0
10728d70e0641a69:0x821f5,57,11,22,0
10728d70e0641a69:0x8220b,57,12,22,0
10728d70e0641a69:0x8222e,59,14,38,0
10728d70e0641a69:0x8418a,56,0,20,0
10728d70e0641a69:0x841bd,56,0,30,0
10728d70e0641a69:0x841c9,57,0,24,0
10728d70e0641a69:0x841d4,57,0,29,0
10728d70e0641a69:0x2583,6,0,6,0
10728d70e0641a69:0x25cd,6,3,3,0
10728d70e0641a69:0x81b84,65,0,74,0
10728d70e0641a69:0x81bb5,65,13,17,0
10728d70e0641a69:0x81bce,59,12,12,0
10728d70e0641a69:0x81c47,59,12,23,0
10728d70e0641a69:0x81c69,58,11,11,0
10728d70e0641a69:0x8216e,59,12,23,0
10728d70e0641a69:0x82198,58,7,15,0
10728d70e0641a69:0x821dc,58,11,22,0
10728d70e0641a69:0x821f5,58,11,22,0
10728d70e0641a69:0x8220b,58,12,22,0
10728d70e0641a69:0x8222e,60,14,38,0
10728d70e0641a69:0x8418a,57,0,20,0
10728d70e0641a69:0x841bd,57,0,30,0
10728d70e0641a69:0x841c9,58,0,24,0
10728d70e0641a69:0x841d4,58,0,29,0
10728d70e0641a69:0x2353,7,0,5,1
10728d70e0641a69:0x81b84,66,0,74,0
10728d70e0641a69:0x81bb5,66,13,17,0
10728d70e0641a69:0x81bce,60,12,12,0
10728d70e0641a69:0x81c47,60,12,23,0
10728d70e0641a69:0x81c69,59,11,11,0
10728d70e0641a69:0x8216e,60,12,23,0
10728d70e0641a69:0x82198,59,7,15,0
10728d70e0641a69:0x821dc,59,11,22,0
10728d70e0641a69:0x821f5,59,11,22,0
10728d70e0641a69:0x8220b,59,12,22,0
10728d70e0641a69:0x8222e,61,14,38,0
10728d70e0641a69:0x8418a,58,0,20,0
10728d70e0641a69:0x841bd,58,0,30,0
10728d70e0641a69:0x841c9,59,0,24,0
10728d70e0641a69:0x841d4,59,0,29,0
10728d70e0641a69:0x23a3,7,0,6,0
10728d70e0641a69:0x81b84,67,0,74,0
10728d70e0641a69:0x81bb5,67,13,17,0
10728d70e0641a69:0x81bce,61,12,12,0
10728d70e0641a69:0x81c47,61,12,23,0
10728d70e0641a69:0x81c69,60,11,11,0
10728d70e0641a69:0x8216e,61,12,23,0
10728d70e0641a69:0x82198,60,7,15,0
10728d70e0641a69:0x821dc,60,11,22,0
10728d70e0641a69:0x821f5,60,11,22,0
10728d70e0641a69:0x8220b,60,12,22,0
10728d70e0641a69:0x8222e,62,14,38,0
10728d70e0641a69:0x8418a,59,0,20,0
10728d70e0641a69:0x841bd,59,0,30,0
10728d70e0641a69:0x841c9,60,0,24,0
10728d70e0641a69:0x841d4,60,0,29,0
10728d70e0641a69:0x23f3,7,0,6,0
10728d70e0641a69:0x81b84,68,0,74,0
10728d70e0641a69:0x81bb5,68,13,17,0
10728d70e0641a69:0x81bce,62,12,12,0
10728d70e0641a69:0x81c47,62,12,23,0
10728d70e0641a69:0x81c69,61,11,11,0
10728d70e0641a69:0x8216e,62,12,23,0
10728d70e0641a69:0x82198,61,7,15,0
10728d70e0641a69:0x821dc,61,11,22,0
10728d70e0641a69:0x821f5,61,11,22,0
10728d70e0641a69:0x8220b,61,12,22,0
10728d70e0641a69:0x8222e,63,14,38,0
10728d70e0641a69:0x8418a,60,0,20,0
10728d70e0641a69:0x841bd,60,0,30,0
10728d70e0641a69:0x841c9,61,0,24,0
10728d70e0641a69:0x841d4,61,0,29,0
10728d70e0641a69:0x2443,7,0,6,0
10728d70e0641a69:0x81b84,69,0,74,0
10728d70e0641a69:0x81bb5,69,13,17,0
10728d70e0641a69:0x81bce,63,12,12,0
10728d70e0641a69:0x81c47,63,12,23,0
10728d70e0641a69:0x81c69,62,11,11,0
10728d70e0641a69:0x8216e,63,12,23,0
10728d70e0641a69:0x82198,62,7,15,0
10728d70e0641a69:0x821dc,62,11,22,0
10728d70e0641a69:0x821f5,62,11,22,0
10728d70e0641a69:0x8220b,62,12,22,0
10728d70e0641a69:0x8222e,64,14,38,0
10728d70e0641a69:0x8418a,61,0,20,0
10728d70e0641a69:0x841bd,61,0,30,0
10728d70e0641a69:0x841c9,62,0,24,0
10728d70e0641a69:0x841d4,62,0,29,0
10728d70e0641a69:0x2493,7,0,6,0
10728d70e0641a69:0x81b84,70,0,74,0
10728d70e0641a69:0x81bb5,70,13,17,0
10728d70e0641a69:0x81bce,64,12,12,0
10728d70e0641a69:0x81c47,64,12,23,0
10728d70e0641a69:0x81c69,63,11,11,0
10728d70e0641a69:0x8216e,64,12,23,0
10728d70e0641a69:0x82198,63,7,15,0
10728d70e0641a69:0x821dc,63,11,22,0
10728d70e0641a69:0x821f5,63,11,22,0
10728d70e0641a69:0x8220b,63,12,22,0
10728d70e0641a69:0x8222e,65,14,38,0
10728d70e0641a69:0x8418a,62,0,20,0
10728d70e0641a69:0x841bd,62,0,30,0
10728d70e0641a69:0x841c9,63,0,24,0
10728d70e0641a69:0x841d4,63,0,29,0
10728d70e0641a69:0x24e3,7,0,6,0
10728d70e0641a69:0x81b84,71,0,74,0
10728d70e0641a69:0x81bb5,71,13,17,0
10728d70e0641a69:0x81bce,65,12,12,0
10728d70e0641a69:0x81c47,65,12,23,0
10728d70e0641a69:0x81c69,64,11,11,0
10728d70e0641a69:0x8216e,65,12,23,0
10728d70e0641a69:0x82198,64,7,15,0
10728d70e0641a69:0x821dc,64,11,22,0
10728d70e0641a69:0x821f5,64,11,22,0
10728d70e0641a69:0x8220b,64,12,22,0
10728d70e0641a69:0x8222e,66,14,38,0
10728d70e0641a69:0x8418a,63,0,20,0
10728d70e0641a69:0x841bd,63,0,30,0
10728d70e0641a69:0x841c9,64,0,24,0
10728d70e0641a69:0x841d4,64,0,29,0
10728d70e0641a69:0x2533,7,0,6,0
10728d70e0641a69:0x81b84,72,0,74,0
10728d70e0641a69:0x81bb5,71,13,18,0
10728d70e0641a69:0x81bb5,71,14,18,0
10728d70e0641a69:0x81bb5,72,14,18,0
10728d70e0641a69:0x81bce,65,12,13,0
10728d70e0641a69:0x81bce,65,13,13,0
10728d70e0641a69:0x81bce,66,13,13,0
10728d70e0641a69:0x81c47,65,12,24,0
10728d70e0641a69:0x81c47,65,13,24,0
10728d70e0641a69:0x81c47,66,13,24,0
10728d70e0641a69:0x81c47,66,13,25,0
10728d70e0641a69:0x81c69,64,11,12,0
10728d70e0641a69:0x81c69,64,12,12,0
10728d70e0641a69:0x81c69,65,12,12,0
10728d70e0641a69:0x8216e,65,12,24,0
10728d70e0641a69:0x8216e,65,13,24,0
10728d70e0641a69:0x8216e,66,13,24,0
10728d70e0641a69:0x8216e,66,13,25,0
10728d70e0641a69:0x82198,64,7,16,0
10728d70e0641a69:0x82198,64,8,16,0
10728d70e0641a69:0x82198,65,8,16,0
10728d70e0641a69:0x821dc,64,11,23,0
10728d70e0641a69:0x821dc,64,12,23,0
10728d70e0641a69:0x821dc,65,12,23,0
10728d70e0641a69:0x821dc,65,12,24,0
10728d70e0641a69:0x821f5,64,11,23,0
10728d70e0641a69:0x821f5,64,12,23,0
10728d70e0641a69:0x821f5,65,12,23,0
10728d70e0641a69:0x821f5,65,12,24,0
10728d70e0641a69:0x8220b,65,12,22,0
10728d70e0641a69:0x8222e,67,14,38,0
10728d70e0641a69:0x8418a,63,0,21,0
10728d70e0641a69:0x8418a,63,0,22,0
10728d70e0641a69:0x8418a,64,0,22,0
10728d70e0641a69:0x841bd,63,0,31,0
10728d70e0641a69:0x841bd,63,0,32,0
10728d70e0641a69:0x841bd,64,0,32,0
10728d70e0641a69:0x841bd,64,0,33,0
10728d70e0641a69:0x841c9,65,0,24,0
10728d70e0641a69:0x841d4,64,0,30,0
10728d70e0641a69:0x841d4,64,0,31,0
10728d70e0641a69:0x841d4,65,0,31,0
10728d70e0641a69:0x841d4,65,0,32,0
10728d70e0641a69:0x2583,7,0,6,0
10728d70e0641a69:0x25cd,7,3,3,0
10728d70e0641a69:0x81b84,73,0,74,0
10728d70e0641a69:0x81bb5,73,14,18,0
10728d70e0641a69:0x81bce,67,13,13,0
10728d70e0641a69:0x81c47,67,13,25,0
10728d70e0641a69:0x81c69,66,12,12,0
10728d70e0641a69:0x8216e,67,13,25,0
10728d70e0641a69:0x82198,66,8,16,0
10728d70e0641a69:0x821dc,66,12,24,0
10728d70e0641a69:0x821f5,66,12,24,0
10728d70e0641a69:0x8220b,65,12,23,0
10728d70e0641a69:0x8220b,65,13,23,0
10728d70e0641a69:0x8220b,66,13,23,0
10728d70e0641a69:0x8220b,66,13,24,0
10728d70e0641a69:0x8222e,67,14,39,0
10728d70e0641a69:0x8222e,67,15,39,0
10728d70e0641a69:0x8222e,68,15,39,0
10728d70e0641a69:0x8222e,68,15,40,0
10728d70e0641a69:0x8222e,68,15,41,0
10728d70e0641a69:0x8418a,65,0,22,0
10728d70e0641a69:0x841bd,65,0,33,0
10728d70e0641a69:0x841c9,65,0,25,0
10728d70e0641a69:0x841c9,65,0,26,0
10728d70e0641a69:0x841c9,66,0,26,0
10728d70e0641a69:0x841d4,66,0,32,0
10728d70e0641a69:0x2353,7,0,6,1
10728d70e0641a69:0x7b7dc,60,0,2,0
10728d70e0641a69:0x8eccc,61,3,0,0
10728d70e0641a69:0xa817c,156,27,0,0
10728d70e0641a69:0x1159e5,144,0,20,0
10728d70e0641a69:0x6cd2,231,35,21,0
10728d70e0641a69:0x115a2d,249,32,127,0
10728d70e0641a69:0xa81f9,132,10,2,0
10728d70e0641a69:0xa8240,130,10,3,0
10728d70e0641a69:0xa828b,129,9,3,0
10728d70e0641a69:0xa82d2,129,11,4,0
10728d70e0641a69:0xa831e,127,9,3,0
10728d70e0641a69:0xa8362,127,10,4,0
10728d70e0641a69:0xa83af,125,8,3,0
10728d70e0641a69:0xa83f8,125,9,4,0
10728d70e0641a69:0xa856e,125,15,13,0
10728d70e0641a69:0xa85ea,136,18,18,0
10728d70e0641a69:0x3e5dd,125,16,16,0
10728d70e0641a69:0x3e6a2,119,11,9,0
10728d70e0641a69:0xaa573,38,3,3,0
10728d70e0641a69:0x6cd2,232,35,21,0
10728d70e0641a69:0x115a2d,250,32,127,0
10728d70e0641a69:0xa6db7,67,9,9,0
10728d70e0641a69:0xa6ec6,69,13,14,0
10728d70e0641a69:0xaa60f,35,1,0,0
10728d70e0641a69:0xaa680,35,1,0,0
10728d70e0641a69:0xaa713,35,1,0,0
10728d70e0641a69:0xaa758,35,2,1,0
10728d70e0641a69:0xaa987,19,1,1,0
10728d70e0641a69:0xf247,35,2,1,0
10728d70e0641a69:0xf30f,35,2,1,0
10728d70e0641a69:0xf38b,35,2,1,0
10728d70e0641a69:0xf483,35,2,1,0
10728d70e0641a69:0xf500,35,2,1,0
10728d70e0641a69:0xf5cf,35,2,1,0
10728d70e0641a69:0xf613,35,2,1,0
10728d70e0641a69:0xf68f,35,2,1,0
10728d70e0641a69:0xf74c,35,2,2,0
10728d70e0641a69:0xf80c,35,2,1,0
10728d70e0641a69:0xf89a,35,2,1,0
10728d70e0641a69:0xf9a6,35,2,1,0
10728d70e0641a69:0xc4116,35,2,2,0
10728d70e0641a69:0xc4158,19,1,1,0
10728d70e0641a69:0xc41e3,19,1,1,0
10728d70e0641a69:0xc4268,35,2,2,0
10728d70e0641a69:0xa817c,157,27,0,0
10728d70e0641a69:0x1159e5,145,0,20,0
10728d70e0641a69:0x6cd2,233,35,21,0
10728d70e0641a69:0x115a2d,251,32,127,0
10728d70e0641a69:0xa81f9,133,10,2,0
10728d70e0641a69:0xa8240,131,10,3,0
10728d70e0641a69:0xa828b,130,9,3,0
10728d70e0641a69:0xa82d2,130,11,4,0
10728d70e0641a69:0xa831e,128,9,3,0
10728d70e0641a69:0xa8362,128,10,4,0
10728d70e0641a69:0xa83af,126,8,3,0
10728d70e0641a69:0xa83f8,126,9,4,0
10728d70e0641a69:0xa856e,126,15,13,0
10728d70e0641a69:0xa85ea,137,18,18,0
10728d70e0641a69:0x3e5dd,126,16,16,0
10728d70e0641a69:0x3e6a2,120,11,9,0
10728d70e0641a69:0x3e6e6,81,9,9,0
10728d70e0641a69:0x3e730,80,0,16,0
10728d70e0641a69:0x3e9ce,80,8,8,0
10728d70e0641a69:0x3ea12,80,8,8,0
10728d70e0641a69:0x3ea56,80,9,6,0
10728d70e0641a69:0x3ea9a,77,9,5,0
10728d70e0641a69:0x3eade,75,11,7,0
10728d70e0641a69:0xb0cf6,6,3,3,0
10728d70e0641a69:0x3ce63,5,2,2,0
10728d70e0641a69:0x81b84,74,0,74,0
10728d70e0641a69:0x81bb5,74,14,18,0
10728d70e0641a69:0x81bce,67,13,14,0
10728d70e0641a69:0x81bce,67,14,14,0
10728d70e0641a69:0x81bce,68,14,14,0
10728d70e0641a69:0x81bce,68,14,15,0
10728d70e0641a69:0x81c47,67,13,26,0
10728d70e0641a69:0x81c47,67,14,26,0
10728d70e0641a69:0x81c47,68,14,26,0
10728d70e0641a69:0x81c47,68,14,27,0
10728d70e0641a69:0x81c69,66,12,13,0
10728d70e0641a69:0x81c69,66,13,13,0
10728d70e0641a69:0x81c69,67,13,13,0
10728d70e0641a69:0x8216e,67,13,26,0
10728d70e0641a69:0x8216e,67,14,26,0
10728d70e0641a69:0x8216e,68,14,26,0
10728d70e0641a69:0x8216e,68,14,27,0
10728d70e0641a69:0x82198,66,8,17,0
10728d70e0641a69:0x82198,66,8,18,0
10728d70e0641a69:0x82198,67,8,18,0
10728d70e0641a69:0x821dc,66,12,25,0
10728d70e0641a69:0x821dc,66,13,25,0
10728d70e0641a69:0x821dc,67,13,25,0
10728d70e0641a69:0x821dc,67,13,26,0
10728d70e0641a69:0x821f5,67,12,24,0
10728d70e0641a69:0x8220b,66,13,25,0
10728d70e0641a69:0x8220b,66,14,25,0
10728d70e0641a69:0x8220b,67,14,25,0
10728d70e0641a69:0x8222e,68,15,42,0
10728d70e0641a69:0x8222e,68,16,42,0
10728d70e0641a69:0x8222e,69,16,42,0
10728d70e0641a69:0x8222e,69,16,43,0
10728d70e0641a69:0x841c9,66,0,27,0
10728d70e0641a69:0x841c9,66,0,28,0
10728d70e0641a69:0x841c9,67,0,28,0
10728d70e0641a69:0x841d4,66,0,33,0
10728d70e0641a69:0x841d4,66,0,34,0
10728d70e0641a69:0x841d4,67,0,34,0
10728d70e0641a69:0x6cd2,233,35,22,0
10728d70e0641a69:0x6cd2,233,36,22,0
10728d70e0641a69:0x6cd2,234,36,22,0
10728d70e0641a69:0x115a2d,251,32,128,0
10728d70e0641a69:0x115a2d,251,33,128,0
10728d70e0641a69:0x115a2d,252,33,128,0
10728d70e0641a69:0x115a2d,252,33,129,0
10728d70e0641a69:0xb0f41,3,2,3,0
10728d70e0641a69:0xb0f41,3,3,3,0
10728d70e0641a69:0xb0f41,4,3,3,0
10728d70e0641a69:0xb15cf,0,0,1,0
10728d70e0641a69:0xb15cf,0,1,1,0
10728d70e0641a69:0xb15cf,1,1,1,0
10728d70e0641a69:0x6cd2,234,36,23,0
10728d70e0641a69:0x6cd2,234,37,23,0
10728d70e0641a69:0x6cd2,235,37,23,0
10728d70e0641a69:0x115a2d,252,33,130,0
10728d70e0641a69:0x115a2d,252,34,130,0
10728d70e0641a69:0x115a2d,253,34,130,0
10728d70e0641a69:0x115a2d,253,34,131,0
10728d70e0641a69:0xb17c9,0,1,0,0
10728d70e0641a69:0xb17c9,1,1,0,0
10728d70e0641a69:0xb1811,0,1,0,0
10728d70e0641a69:0xb1811,1,1,0,0
10728d70e0641a69:0xa897f,36,18,19,0
10728d70e0641a69:0xa897f,36,19,19,0
10728d70e0641a69:0xa897f,37,19,19,0
10728d70e0641a69:0xa8a0f,29,12,13,0
10728d70e0641a69:0xa8a0f,29,13,13,0
10728d70e0641a69:0xa8a0f,30,13,13,0
10728d70e0641a69:0xa904a,29,12,13,0
10728d70e0641a69:0xa904a,29,13,13,0
10728d70e0641a69:0xa904a,30,13,13,0
10728d70e0641a69:0x6e1b4,34,15,16,0
10728d70e0641a69:0x6e1b4,34,16,16,0
10728d70e0641a69:0x6e1b4,35,16,16,0
10728d70e0641a69:0x7b73b,113,28,94,0
10728d70e0641a69:0x7b73b,113,29,94,0
10728d70e0641a69:0x7b73b,114,29,94,0
10728d70e0641a69:0x7b746,33,14,15,0
10728d70e0641a69:0x7b746,33,15,15,0
10728d70e0641a69:0x7b746,34,15,15,0
10728d70e0641a69:0x7b74f,31,12,15,0
10728d70e0641a69:0x7b74f,31,13,15,0
10728d70e0641a69:0x7b74f,32,13,15,0
10728d70e0641a69:0x7b76c,180,22,24,0
10728d70e0641a69:0x7b76c,180,23,24,0
10728d70e0641a69:0x7b76c,181,23,24,0
10728d70e0641a69:0x7b76c,182,23,24,0
10728d70e0641a69:0x7b76c,183,23,24,0
10728d70e0641a69:0x7b76c,184,23,24,0
10728d70e0641a69:0x7b76c,185,23,24,0
10728d70e0641a69:0x7b76c,186,23,24,0
10728d70e0641a69:0x7b76c,187,23,24,0
10728d70e0641a69:0x7b76c,188,23,24,0
10728d70e0641a69:0x7b76c,189,23,24,0
10728d70e0641a69:0x7b76c,190,23,24,0
10728d70e0641a69:0x7b76c,191,23,24,0
10728d70e0641a69:0x7b76c,192,23,24,0
10728d70e0641a69:0x7b76c,193,23,24,0
10728d70e0641a69:0x7b76c,194,23,24,0
10728d70e0641a69:0x7b76c,195,23,24,0
10728d70e0641a69:0x7b76c,196,23,24,0
10728d70e0641a69:0x7b76c,196,23,25,0
10728d70e0641a69:0x7b76c,196,24,25,0
10728d70e0641a69:0x7b76c,197,24,25,0
10728d70e0641a69:0x7b76c,198,24,25,0
10728d70e0641a69:0x7b76c,198,24,26,0
10728d70e0641a69:0x7b76c,198,25,26,0
10728d70e0641a69:0x7b76c,199,25,26,0
10728d70e0641a69:0x7b782,34,1,30,0
10728d70e0641a69:0x7b782,34,1,31,0
10728d70e0641a69:0x7b782,35,1,31,0
10728d70e0641a69:0x6e283,34,1,30,0
10728d70e0641a69:0x6e283,34,1,31,0
10728d70e0641a69:0x6e283,35,1,31,0
10728d70e0641a69:0x5db32,34,1,30,0
10728d70e0641a69:0x5db32,34,1,31,0
10728d70e0641a69:0x5db32,35,1,31,0
10728d70e0641a69:0x6cd2,235,37,24,0
10728d70e0641a69:0x6cd2,235,38,24,0
10728d70e0641a69:0x6cd2,236,38,24,0
10728d70e0641a69:0x6d9b,33,14,15,0
10728d70e0641a69:0x6d9b,33,15,15,0
10728d70e0641a69:0x6d9b,34,15,15,0
10728d70e0641a69:0x6dee,33,14,15,0
10728d70e0641a69:0x6dee,33,15,15,0
10728d70e0641a69:0x6dee,34,15,15,0
10728d70e0641a69:0x115a2d,253,34,132,0
10728d70e0641a69:0x115a2d,253,35,132,0
10728d70e0641a69:0x115a2d,254,35,132,0
10728d70e0641a69:0x1167a4,33,13,38,0
10728d70e0641a69:0x1167a4,33,14,38,0
10728d70e0641a69:0x1167a4,34,14,38,0
10728d70e0641a69:0x1167a4,34,14,39,0
10728d70e0641a69:0x1167a4,34,14,40,0
10728d70e0641a69:0x1167a4,34,14,41,0
10728d70e0641a69:0x1167a4,34,14,42,0
10728d70e0641a69:0x1167a4,34,14,43,0
10728d70e0641a69:0x1167a4,34,14,44,0
10728d70e0641a69:0x1167a4,34,14,45,0
10728d70e0641a69:0x1167a4,34,14,46,0
10728d70e0641a69:0x1168c7,18,7,40,0
10728d70e0641a69:0x1168c7,18,8,40,0
10728d70e0641a69:0x1168c7,19,8,40,0
10728d70e0641a69:0x1168c7,19,8,41,0
10728d70e0641a69:0x1168c7,19,8,42,0
10728d70e0641a69:0x1168c7,19,8,43,0
10728d70e0641a69:0x1168c7,19,8,44,0
10728d70e0641a69:0x1168c7,19,8,45,0
10728d70e0641a69:0x1168c7,19,8,46,0
10728d70e0641a69:0x1168c7,19,8,47,0
10728d70e0641a69:0x1168c7,19,8,48,0
10728d70e0641a69:0x1168c7,19,8,49,0
10728d70e0641a69:0x1168c7,19,9,49,0
10728d70e0641a69:0x1168c7,20,9,49,0
10728d70e0641a69:0x116947,33,14,28,0
10728d70e0641a69:0x116947,33,15,28,0
10728d70e0641a69:0x116947,34,15,28,0
10728d70e0641a69:0x116947,34,15,29,0
10728d70e0641a69:0x116947,34,15,30,0
10728d70e0641a69:0x1169b7,31,12,13,0
10728d70e0641a69:0x1169b7,31,13,13,0
10728d70e0641a69:0x1169b7,32,13,13,0
10728d70e0641a69:0x1169fb,21,6,7,0
10728d70e0641a69:0x1169fb,21,7,7,0
10728d70e0641a69:0x1169fb,22,7,7,0
10728d70e0641a69:0x116a40,21,7,10,0
10728d70e0641a69:0x116a40,21,8,10,0
10728d70e0641a69:0x116a40,22,8,10,0
10728d70e0641a69:0x116a84,19,5,6,0
10728d70e0641a69:0x116a84,19,6,6,0
10728d70e0641a69:0x116a84,20,6,6,0
10728d70e0641a69:0x116a84,20,6,7,0
10728d70e0641a69:0x116a84,20,6,8,0
10728d70e0641a69:0x116a84,20,6,9,0
10728d70e0641a69:0x116a84,20,6,10,0
10728d70e0641a69:0x116e00,21,6,7,0
10728d70e0641a69:0x116e00,21,7,7,0
10728d70e0641a69:0x116e00,22,7,7,0
10728d70e0641a69:0x6e7d,33,0,29,0
10728d70e0641a69:0x6e7d,33,0,30,0
10728d70e0641a69:0x6e7d,34,0,30,0
10728d70e0641a69:0xa93cd,28,11,12,0
10728d70e0641a69:0xa93cd,28,12,12,0
10728d70e0641a69:0xa93cd,29,12,12,0
10728d70e0641a69:0x7b733,86,27,28,0
10728d70e0641a69:0x7b733,86,28,28,0
10728d70e0641a69:0x7b733,87,28,28,0
10728d70e0641a69:0x7b73b,114,29,95,0
10728d70e0641a69:0x7b73b,114,30,95,0
10728d70e0641a69:0x7b73b,115,30,95,0
10728d70e0641a69:0x7b73b,115,30,96,0
10728d70e0641a69:0x7b73b,115,30,97,0
10728d70e0641a69:0x7b73b,115,30,98,0
10728d70e0641a69:0x7b73b,115,30,99,0
10728d70e0641a69:0xa94e7,36,14,15,0
10728d70e0641a69:0xa94e7,36,15,15,0
10728d70e0641a69:0xa94e7,37,15,15,0
10728d70e0641a69:0xa9539,30,12,13,0
10728d70e0641a69:0xa9539,30,13,13,0
10728d70e0641a69:0xa9539,31,13,13,0
10728d70e0641a69:0x290c3,81,53,46,0
10728d70e0641a69:0x290c3,81,54,46,0
10728d70e0641a69:0x290c3,82,54,46,0
10728d70e0641a69:0x2910c,79,53,46,0
10728d70e0641a69:0x2910c,79,54,46,0
10728d70e0641a69:0x2910c,80,54,46,0
10728d70e0641a69:0x2919f,83,82,54,0
10728d70e0641a69:0x2919f,83,83,54,0
10728d70e0641a69:0x2919f,84,83,54,0
10728d70e0641a69:0x291e6,79,54,46,0
10728d70e0641a69:0x291e6,79,55,46,0
10728d70e0641a69:0x291e6,80,55,46,0
10728d70e0641a69:0x29277,83,79,55,0
10728d70e0641a69:0x29277,83,80,55,0
10728d70e0641a69:0x29277,84,80,55,0
10728d70e0641a69:0x292be,79,54,44,0
10728d70e0641a69:0x292be,79,55,44,0
10728d70e0641a69:0x292be,80,55,44,0
10728d70e0641a69:0x2934c,83,60,48,0
10728d70e0641a69:0x2934c,83,61,48,0
10728d70e0641a69:0x2934c,84,61,48,0
10728d70e0641a69:0x29394,81,55,46,0
10728d70e0641a69:0x29394,81,56,46,0
10728d70e0641a69:0x29394,82,56,46,0
10728d70e0641a69:0x2e2bf,36,16,17,0
10728d70e0641a69:0x2e2bf,36,17,17,0
10728d70e0641a69:0x2e2bf,37,17,17,0
10728d70e0641a69:0x290c3,83,54,46,0
10728d70e0641a69:0x2910c,81,54,46,0
10728d70e0641a69:0x2919f,85,83,54,0
10728d70e0641a69:0x291e6,81,55,46,0
10728d70e0641a69:0x29277,85,80,55,0
10728d70e0641a69:0x292be,81,55,44,0
10728d70e0641a69:0x2934c,85,61,48,0
10728d70e0641a69:0x29394,83,56,46,0
10728d70e0641a69:0x2fde4,12,10,11,0
10728d70e0641a69:0x2fde4,12,11,11,0
10728d70e0641a69:0x2fde4,13,11,11,0
10728d70e0641a69:0x8451c,1,0,3,0
10728d70e0641a69:0x8451c,1,0,4,0
10728d70e0641a69:0x8451c,2,0,4,0
10728d70e0641a69:0x84527,1,0,3,0
10728d70e0641a69:0x84527,1,0,4,0
10728d70e0641a69:0x84527,2,0,4,0
10728d70e0641a69:0x7fd7c,1,0,3,0
10728d70e0641a69:0x7fd7c,1,0,4,0
10728d70e0641a69:0x7fd7c,2,0,4,0
10728d70e0641a69:0x7fd90,1,1,2,0
10728d70e0641a69:0x7fd90,1,2,2,0
10728d70e0641a69:0x7fd90,2,2,2,0
10728d70e0641a69:0x7fd98,1,0,3,0
10728d70e0641a69:0x7fd98,1,0,4,0
10728d70e0641a69:0x7fd98,2,0,4,0
10728d70e0641a69:0x7fda5,1,1,2,0
10728d70e0641a69:0x7fda5,1,2,2,0
10728d70e0641a69:0x7fda5,2,2,2,0
10728d70e0641a69:0x7fda5,2,2,3,0
10728d70e0641a69:0x7fdb7,1,0,3,0
10728d70e0641a69:0x7fdb7,1,1,3,0
10728d70e0641a69:0x7fdb7,2,1,3,0
10728d70e0641a69:0x7fdc8,1,1,2,0
10728d70e0641a69:0x7fdc8,1,2,2,0
10728d70e0641a69:0x7fdc8,2,2,2,0
10728d70e0641a69:0x7fdc8,2,2,3,0
10728d70e0641a69:0x804d3,0,0,1,0
10728d70e0641a69:0x804d3,0,1,1,0
10728d70e0641a69:0x804d3,1,1,1,0
10728d70e0641a69:0x7b733,87,28,29,0
10728d70e0641a69:0x7b733,87,29,29,0
10728d70e0641a69:0x7b733,88,29,29,0
10728d70e0641a69:0x7b73b,115,30,100,0
10728d70e0641a69:0x7b73b,115,31,100,0
10728d70e0641a69:0x7b73b,116,31,100,0
10728d70e0641a69:0x7b73b,116,31,101,0
10728d70e0641a69:0x7b73b,116,31,102,0
10728d70e0641a69:0x7b73b,116,31,103,0
10728d70e0641a69:0x7b73b,116,31,104,0
10728d70e0641a69:0x7b73b,116,31,105,0
10728d70e0641a69:0x7b73b,116,31,106,0
10728d70e0641a69:0x7b73b,116,31,107,0
10728d70e0641a69:0x7b73b,116,31,108,0
10728d70e0641a69:0xa817c,157,28,0,0
10728d70e0641a69:0xa817c,158,28,0,0
10728d70e0641a69:0x1159e5,145,0,21,0
10728d70e0641a69:0x1159e5,145,0,22,0
10728d70e0641a69:0x1159e5,146,0,22,0
10728d70e0641a69:0x6cd2,236,39,24,0
10728d70e0641a69:0x6cd2,237,39,24,0
10728d70e0641a69:0x115a2d,254,36,132,0
10728d70e0641a69:0x115a2d,255,36,132,0
10728d70e0641a69:0x115a2d,255,36,133,0
10728d70e0641a69:0x115a2d,255,36,134,0
10728d70e0641a69:0x115a2d,255,36,135,0
10728d70e0641a69:0x115a2d,255,36,136,0
10728d70e0641a69:0xa81f9,133,11,2,0
10728d70e0641a69:0xa81f9,134,11,2,0
10728d70e0641a69:0x290c3,83,55,46,0
10728d70e0641a69:0x290c3,84,55,46,0
10728d70e0641a69:0x2910c,81,55,46,0
10728d70e0641a69:0x2910c,82,55,46,0
10728d70e0641a69:0x2910c,82,56,46,0
10728d70e0641a69:0x2910c,82,57,46,0
10728d70e0641a69:0x2910c,82,57,47,0
10728d70e0641a69:0x2910c,82,58,47,0
10728d70e0641a69:0x2910c,82,59,47,0
10728d70e0641a69:0x2910c,82,60,47,0
10728d70e0641a69:0x2910c,82,60,48,0
10728d70e0641a69:0x2910c,82,61,48,0
10728d70e0641a69:0x2910c,82,62,48,0
10728d70e0641a69:0x2910c,82,63,48,0
10728d70e0641a69:0x2910c,82,64,48,0
10728d70e0641a69:0x2910c,82,65,48,0
10728d70e0641a69:0x2910c,82,65,49,0
10728d70e0641a69:0x2910c,82,66,49,0
10728d70e0641a69:0x2910c,82,67,49,0
10728d70e0641a69:0x2910c,82,68,49,0
10728d70e0641a69:0x2910c,82,68,50,0
10728d70e0641a69:0x2910c,82,69,50,0
10728d70e0641a69:0x2910c,82,70,50,0
10728d70e0641a69:0x2919f,85,84,54,0
10728d70e0641a69:0x2919f,86,84,54,0
10728d70e0641a69:0x2919f,86,85,54,0
10728d70e0641a69:0x2919f,86,86,54,0
10728d70e0641a69:0x2919f,86,86,55,0
10728d70e0641a69:0x2919f,86,87,55,0
10728d70e0641a69:0x2919f,86,88,55,0
10728d70e0641a69:0x2919f,86,89,55,0
10728d70e0641a69:0x2919f,86,90,55,0
10728d70e0641a69:0x2919f,86,91,55,0
10728d70e0641a69:0x2919f,86,91,56,0
10728d70e0641a69:0x2919f,86,92,56,0
10728d70e0641a69:0x2919f,86,93,56,0
10728d70e0641a69:0x2919f,86,94,56,0
10728d70e0641a69:0x2919f,86,95,56,0
10728d70e0641a69:0x2919f,86,96,56,0
10728d70e0641a69:0x2919f,86,97,56,0
10728d70e0641a69:0x2919f,86,97,57,0
10728d70e0641a69:0x2919f,86,98,57,0
10728d70e0641a69:0x2919f,86,99,57,0
10728d70e0641a69:0x2919f,86,100,57,0
10728d70e0641a69:0x2919f,86,101,57,0
10728d70e0641a69:0x2919f,86,101,58,0
10728d70e0641a69:0x2919f,86,102,58,0
10728d70e0641a69:0x2919f,86,103,58,0
10728d70e0641a69:0x29277,85,81,55,0
10728d70e0641a69:0x29277,86,81,55,0
10728d70e0641a69:0x29277,86,82,55,0
10728d70e0641a69:0x29277,86,83,55,0
10728d70e0641a69:0x29277,86,83,56,0
10728d70e0641a69:0x29277,86,84,56,0
10728d70e0641a69:0x29277,86,85,56,0
10728d70e0641a69:0x29277,86,86,56,0
10728d70e0641a69:0x29277,86,87,56,0
10728d70e0641a69:0x29277,86,88,56,0
10728d70e0641a69:0x29277,86,88,57,0
10728d70e0641a69:0x29277,86,89,57,0
10728d70e0641a69:0x29277,86,90,57,0
10728d70e0641a69:0x29277,86,91,57,0
10728d70e0641a69:0x29277,86,92,57,0
10728d70e0641a69:0x29277,86,93,57,0
10728d70e0641a69:0x29277,86,94,57,0
10728d70e0641a69:0x29277,86,95,57,0
10728d70e0641a69:0x29277,86,95,58,0
10728d70e0641a69:0x29277,86,96,58,0
10728d70e0641a69:0x29277,86,97,58,0
10728d70e0641a69:0x29277,86,98,58,0
10728d70e0641a69:0x29277,86,98,59,0
10728d70e0641a69:0x29277,86,99,59,0
10728d70e0641a69:0x29277,86,100,59,0
10728d70e0641a69:0x2934c,85,61,49,0
10728d70e0641a69:0x2934c,85,62,49,0
10728d70e0641a69:0x2934c,86,62,49,0
10728d70e0641a69:0x2934c,86,63,49,0
10728d70e0641a69:0x2934c,86,64,49,0
10728d70e0641a69:0x2934c,86,64,50,0
10728d70e0641a69:0x2934c,86,65,50,0
10728d70e0641a69:0x2934c,86,66,50,0
10728d70e0641a69:0x2934c,86,67,50,0
10728d70e0641a69:0x2934c,86,68,50,0
10728d70e0641a69:0x2934c,86,69,50,0
10728d70e0641a69:0x2934c,86,69,51,0
10728d70e0641a69:0x2934c,86,70,51,0
10728d70e0641a69:0x2934c,86,71,51,0
10728d70e0641a69:0x2934c,86,72,51,0
10728d70e0641a69:0x2934c,86,73,51,0
10728d70e0641a69:0x2934c,86,74,51,0
10728d70e0641a69:0x2934c,86,75,51,0
10728d70e0641a69:0x2934c,86,75,52,0
10728d70e0641a69:0x2934c,86,76,52,0
10728d70e0641a69:0x2934c,86,77,52,0
10728d70e0641a69:0x2934c,86,78,52,0
10728d70e0641a69:0x2934c,86,79,52,0
10728d70e0641a69:0x2934c,86,79,53,0
10728d70e0641a69:0x2934c,86,80,53,0
10728d70e0641a69:0x2934c,86,81,53,0
10728d70e0641a69:0x802cf,1,0,4,0
10728d70e0641a69:0x802cf,1,0,5,0
10728d70e0641a69:0x802cf,2,0,5,0
10728d70e0641a69:0x802cf,2,0,6,0
10728d70e0641a69:0x808ee,3,1,7,0
10728d70e0641a69:0x808ee,3,1,8,0
10728d70e0641a69:0x808ee,4,1,8,0
10728d70e0641a69:0x7ffc4,1,0,3,0
10728d70e0641a69:0x7ffc4,1,0,4,0
10728d70e0641a69:0x7ffc4,2,0,4,0
10728d70e0641a69:0x802cf,2,0,7,0
10728d70e0641a69:0x802cf,2,0,8,0
10728d70e0641a69:0x802cf,3,0,8,0
10728d70e0641a69:0x802cf,3,0,9,0
10728d70e0641a69:0x808ee,4,1,9,0
10728d70e0641a69:0x808ee,4,1,10,0
10728d70e0641a69:0x808ee,5,1,10,0
10728d70e0641a69:0x7ffc4,2,0,5,0
10728d70e0641a69:0x7ffc4,2,0,6,0
10728d70e0641a69:0x7ffc4,3,0,6,0
10728d70e0641a69:0x783b7,25,21,22,0
10728d70e0641a69:0x783b7,25,22,22,0
10728d70e0641a69:0x783b7,26,22,22,0
10728d70e0641a69:0x7782e,25,0,41,0
10728d70e0641a69:0x7782e,25,0,42,0
10728d70e0641a69:0x7782e,26,0,42,0
10728d70e0641a69:0x77834,25,20,21,0
10728d70e0641a69:0x77834,25,21,21,0
10728d70e0641a69:0x77834,26,21,21,0
10728d70e0641a69:0x783e9,25,0,43,0
10728d70e0641a69:0x783e9,25,0,44,0
10728d70e0641a69:0x783e9,26,0,44,0
10728d70e0641a69:0x7b7dc,61,0,2,0
10728d70e0641a69:0x8eccc,62,3,0,0
10728d70e0641a69:0xa817c,159,28,0,0
10728d70e0641a69:0x1159e5,147,0,22,0
10728d70e0641a69:0x6cd2,238,39,24,0
10728d70e0641a69:0x115a2d,256,36,136,0
10728d70e0641a69:0xa81f9,135,11,2,0
10728d70e0641a69:0xa8240,132,10,3,0
10728d70e0641a69:0xa828b,131,9,3,0
10728d70e0641a69:0xa82d2,131,11,4,0
10728d70e0641a69:0xa831e,129,9,3,0
10728d70e0641a69:0xa8362,129,10,4,0
10728d70e0641a69:0xa83af,127,8,3,0
10728d70e0641a69:0xa83f8,127,9,4,0
10728d70e0641a69:0xa856e,127,15,13,0
10728d70e0641a69:0xa85ea,138,18,18,0
10728d70e0641a69:0x3e5dd,127,16,16,0
10728d70e0641a69:0x3e6a2,121,11,9,0
10728d70e0641a69:0xaa573,39,3,3,0
10728d70e0641a69:0x6cd2,239,39,24,0
10728d70e0641a69:0x115a2d,257,36,136,0
10728d70e0641a69:0xa6db7,68,9,9,0
10728d70e0641a69:0xa6ec6,70,13,14,0
10728d70e0641a69:0xaa60f,36,1,0,0
10728d70e0641a69:0xaa680,36,1,0,0
10728d70e0641a69:0xaa713,36,1,0,0
10728d70e0641a69:0xaa758,36,2,1,0
10728d70e0641a69:0xaa987,20,1,1,0
10728d70e0641a69:0xf247,36,2,1,0
10728d70e0641a69:0xf30f,36,2,1,0
10728d70e0641a69:0xf38b,36,2,1,0
10728d70e0641a69:0xf483,36,2,1,0
10728d70e0641a69:0xf500,36,2,1,0
10728d70e0641a69:0xf5cf,36,2,1,0
10728d70e0641a69:0xf613,36,2,1,0
10728d70e0641a69:0xf68f,36,2,1,0
10728d70e0641a69:0xf74c,36,2,2,0
10728d70e0641a69:0xf80c,36,2,1,0
10728d70e0641a69:0xf89a,36,2,1,0
10728d70e0641a69:0xf9a6,36,2,1,0
10728d70e0641a69:0xc4116,36,2,2,0
10728d70e0641a69:0xc4158,20,1,1,0
10728d70e0641a69:0xc41e3,20,1,1,0
10728d70e0641a69:0xc4268,36,2,2,0
10728d70e0641a69:0xa817c,160,28,0,0
10728d70e0641a69:0x1159e5,148,0,22,0
10728d70e0641a69:0x6cd2,240,39,24,0
10728d70e0641a69:0x115a2d,258,36,136,0
10728d70e0641a69:0xa81f9,136,11,2,0
10728d70e0641a69:0xa8240,133,10,3,0
10728d70e0641a69:0xa828b,132,9,3,0
10728d70e0641a69:0xa82d2,132,11,4,0
10728d70e0641a69:0xa831e,130,9,3,0
10728d70e0641a69:0xa8362,130,10,4,0
10728d70e0641a69:0xa83af,128,8,3,0
10728d70e0641a69:0xa83f8,128,9,4,0
10728d70e0641a69:0xa856e,128,15,13,0
10728d70e0641a69:0xa85ea,139,18,18,0
10728d70e0641a69:0x3e5dd,128,16,16,0
10728d70e0641a69:0x3e6a2,122,11,9,0
10728d70e0641a69:0x3e6e6,82,9,9,0
10728d70e0641a69:0x3e730,81,0,16,0
10728d70e0641a69:0x3e9ce,81,8,8,0
10728d70e0641a69:0x3ea12,81,8,8,0
10728d70e0641a69:0x3ea56,81,9,6,0
10728d70e0641a69:0x3ea9a,78,9,5,0
10728d70e0641a69:0x3eade,76,11,7,0
10728d70e0641a69:0x3eb22,69,8,4,0
10728d70e0641a69:0x3eb66,49,7,5,0
10728d70e0641a69:0x3ebaa,46,7,4,0
10728d70e0641a69:0x3ebee,45,6,3,0
10728d70e0641a69:0x3ec32,44,6,3,0
10728d70e0641a69:0x3ec76,43,4,1,0
10728d70e0641a69:0x3ecba,42,6,3,0
10728d70e0641a69:0x3ecfe,41,9,6,0
10728d70e0641a69:0x3ed42,33,7,6,0
10728d70e0641a69:0x3ed86,29,6,5,0
10728d70e0641a69:0x3edca,26,5,4,0
10728d70e0641a69:0x3ee0e,25,5,4,0
10728d70e0641a69:0x3ee52,24,5,4,0
10728d70e0641a69:0x3ee96,23,5,4,0
10728d70e0641a69:0x3eeda,22,6,5,0
10728d70e0641a69:0x3c23b,5,2,2,0
10728d70e0641a69:0x81b84,75,0,74,0
10728d70e0641a69:0x81bb5,75,14,18,0
10728d70e0641a69:0x8f258,7,4,16,0
10728d70e0641a69:0x8f25e,5,2,2,0
10728d70e0641a69:0x8f2f6,5,2,2,0
10728d70e0641a69:0x8f2fb,5,2,3,0
10728d70e0641a69:0x6e1b4,36,16,16,0
10728d70e0641a69:0x7b73b,117,31,108,0
10728d70e0641a69:0x7b746,35,15,15,0
10728d70e0641a69:0x7b74f,33,13,15,0
10728d70e0641a69:0x7b76c,200,25,26,0
10728d70e0641a69:0x7b76c,201,25,26,0
10728d70e0641a69:0x7b76c,202,25,26,0
10728d70e0641a69:0x7b76c,203,25,26,0
10728d70e0641a69:0x7b782,36,1,31,0
10728d70e0641a69:0x6e283,36,1,31,0
10728d70e0641a69:0x5db32,36,1,31,0
10728d70e0641a69:0x6cd2,241,39,24,0
10728d70e0641a69:0x6d9b,35,15,15,0
10728d70e0641a69:0x6dee,35,15,15,0
10728d70e0641a69:0x115a2d,259,36,136,0
10728d70e0641a69:0x1167a4,35,14,46,0
10728d70e0641a69:0x116947,35,15,30,0
10728d70e0641a69:0x1169b7,33,13,13,0
10728d70e0641a69:0x1169fb,23,7,7,0
10728d70e0641a69:0x116a40,23,8,10,0
10728d70e0641a69:0x116a84,21,6,10,0
10728d70e0641a69:0x116ac8,20,5,17,0
10728d70e0641a69:0x116e00,23,7,7,0
10728d70e0641a69:0x6e7d,35,0,30,0
10728d70e0641a69:0xa6db7,69,9,9,0
10728d70e0641a69:0x7b733,89,29,29,0
10728d70e0641a69:0x7b73b,118,31,108,0
10728d70e0641a69:0xa6ec6,71,13,14,0
10728d70e0641a69:0xb6f9b,0,0,1,0
10728d70e0641a69:0xb6f9b,0,1,1,0
10728d70e0641a69:0xb6f9b,1,1,1,0
10728d70e0641a69:0xb6fe6,0,0,1,0
10728d70e0641a69:0xb6fe6,0,1,1,0
10728d70e0641a69:0xb6fe6,1,1,1,0
10728d70e0641a69:0xb702a,0,0,1,0
10728d70e0641a69:0xb702a,0,1,1,0
10728d70e0641a69:0xb702a,1,1,1,0
10728d70e0641a69:0xb7073,0,0,1,0
10728d70e0641a69:0xb7073,0,1,1,0
10728d70e0641a69:0xb7073,1,1,1,0
10728d70e0641a69:0xb70b8,0,0,1,0
10728d70e0641a69:0xb70b8,0,1,1,0
10728d70e0641a69:0xb70b8,1,1,1,0
10728d70e0641a69:0xb70fc,0,0,1,0
10728d70e0641a69:0xb70fc,0,1,1,0
10728d70e0641a69:0xb70fc,1,1,1,0
10728d70e0641a69:0xb7140,0,0,1,0
10728d70e0641a69:0xb7140,0,1,1,0
10728d70e0641a69:0xb7140,1,1,1,0
10728d70e0641a69:0xb7456,0,0,1,0
10728d70e0641a69:0xb7456,0,1,1,0
10728d70e0641a69:0xb7456,1,1,1,0
10728d70e0641a69:0xb74d6,0,0,1,0
10728d70e0641a69:0xb74d6,0,1,1,0
10728d70e0641a69:0xb74d6,1,1,1,0
10728d70e0641a69:0xb7551,0,0,1,0
10728d70e0641a69:0xb7551,0,1,1,0
10728d70e0641a69:0xb7551,1,1,1,0
10728d70e0641a69:0xb783a,0,0,1,0
10728d70e0641a69:0xb783a,0,1,1,0
10728d70e0641a69:0xb783a,1,1,1,0
10728d70e0641a69:0x290c3,84,55,47,0
10728d70e0641a69:0x290c3,84,56,47,0
10728d70e0641a69:0x290c3,85,56,47,0
10728d70e0641a69:0x2910c,82,70,51,0
10728d70e0641a69:0x2910c,82,71,51,0
10728d70e0641a69:0x2910c,83,71,51,0
10728d70e0641a69:0x2919f,86,103,59,0
10728d70e0641a69:0x2919f,86,104,59,0
10728d70e0641a69:0x2919f,87,104,59,0
10728d70e0641a69:0x291e6,81,55,47,0
10728d70e0641a69:0x291e6,81,56,47,0
10728d70e0641a69:0x291e6,82,56,47,0
10728d70e0641a69:0x29277,86,100,60,0
10728d70e0641a69:0x29277,86,101,60,0
10728d70e0641a69:0x29277,87,101,60,0
10728d70e0641a69:0x292be,81,55,45,0
10728d70e0641a69:0x292be,81,56,45,0
10728d70e0641a69:0x292be,82,56,45,0
10728d70e0641a69:0x2934c,86,81,54,0
10728d70e0641a69:0x2934c,86,82,54,0
10728d70e0641a69:0x2934c,87,82,54,0
10728d70e0641a69:0x29394,83,56,47,0
10728d70e0641a69:0x29394,83,57,47,0
10728d70e0641a69:0x29394,84,57,47,0
10728d70e0641a69:0x2fde4,13,11,12,0
10728d70e0641a69:0x2fde4,13,12,12,0
10728d70e0641a69:0x2fde4,14,12,12,0
10728d70e0641a69:0x7b733,89,29,30,0
10728d70e0641a69:0x7b733,89,30,30,0
10728d70e0641a69:0x7b733,90,30,30,0
10728d70e0641a69:0x7b73b,118,31,109,0
10728d70e0641a69:0x7b73b,118,32,109,0
10728d70e0641a69:0x7b73b,119,32,109,0
10728d70e0641a69:0x7b73b,119,32,110,0
10728d70e0641a69:0x7b73b,119,32,111,0
10728d70e0641a69:0x7b73b,119,32,112,0
10728d70e0641a69:0x7b73b,119,32,113,0
10728d70e0641a69:0x7b73b,119,32,114,0
10728d70e0641a69:0x7b73b,119,32,115,0
10728d70e0641a69:0x7b73b,119,32,116,0
10728d70e0641a69:0x7b73b,119,32,117,0
10728d70e0641a69:0xa817c,160,29,0,0
10728d70e0641a69:0xa817c,161,29,0,0
10728d70e0641a69:0x1159e5,148,0,23,0
10728d70e0641a69:0x1159e5,148,0,24,0
10728d70e0641a69:0x1159e5,149,0,24,0
10728d70e0641a69:0x6cd2,241,40,24,0
10728d70e0641a69:0x6cd2,242,40,24,0
10728d70e0641a69:0x115a2d,259,37,136,0
10728d70e0641a69:0x115a2d,260,37,136,0
10728d70e0641a69:0x115a2d,260,37,137,0
10728d70e0641a69:0x115a2d,260,37,138,0
10728d70e0641a69:0x115a2d,260,37,139,0
10728d70e0641a69:0x115a2d,260,37,140,0
10728d70e0641a69:0xa81f9,136,12,2,0
10728d70e0641a69:0xa81f9,137,12,2,0
10728d70e0641a69:0xa8240,133,11,3,0
10728d70e0641a69:0xa8240,134,11,3,0
10728d70e0641a69:0xa828b,132,10,3,0
10728d70e0641a69:0xa828b,133,10,3,0
10728d70e0641a69:0xa82d2,132,12,4,0
10728d70e0641a69:0xa82d2,133,12,4,0
10728d70e0641a69:0xa831e,130,10,3,0
10728d70e0641a69:0xa831e,131,10,3,0
10728d70e0641a69:0xa8362,130,11,4,0
10728d70e0641a69:0xa8362,131,11,4,0
10728d70e0641a69:0xa83af,128,9,3,0
10728d70e0641a69:0xa83af,129,9,3,0
10728d70e0641a69:0xa83f8,128,10,4,0
10728d70e0641a69:0xa83f8,129,10,4,0
10728d70e0641a69:0xa856e,128,15,14,0
10728d70e0641a69:0xa856e,128,16,14,0
10728d70e0641a69:0xa856e,129,16,14,0
10728d70e0641a69:0xa85ea,139,18,19,0
10728d70e0641a69:0xa85ea,139,19,19,0
10728d70e0641a69:0xa85ea,140,19,19,0
10728d70e0641a69:0x3e5dd,128,16,17,0
10728d70e0641a69:0x3e5dd,128,17,17,0
10728d70e0641a69:0x3e5dd,129,17,17,0
10728d70e0641a69:0x3e6a2,122,11,10,0
10728d70e0641a69:0x3e6a2,122,12,10,0
10728d70e0641a69:0x3e6a2,123,12,10,0
10728d70e0641a69:0x3e6e6,82,9,10,0
10728d70e0641a69:0x3e6e6,82,10,10,0
10728d70e0641a69:0x3e6e6,83,10,10,0
10728d70e0641a69:0x3e730,81,0,17,0
10728d70e0641a69:0x3e730,81,0,18,0
10728d70e0641a69:0x3e730,82,0,18,0
10728d70e0641a69:0x3e9ce,81,8,9,0
10728d70e0641a69:0x3e9ce,81,9,9,0
10728d70e0641a69:0x3e9ce,82,9,9,0
10728d70e0641a69:0x3ea12,81,8,9,0
10728d70e0641a69:0x3ea12,81,9,9,0
10728d70e0641a69:0x3ea12,82,9,9,0
10728d70e0641a69:0x3ea56,81,10,6,0
10728d70e0641a69:0x3ea56,82,10,6,0
10728d70e0641a69:0x3ea9a,78,10,5,0
10728d70e0641a69:0x3ea9a,79,10,5,0
10728d70e0641a69:0xac76b,2,2,3,0
10728d70e0641a69:0xac76b,2,3,3,0
10728d70e0641a69:0xac76b,3,3,3,0
10728d70e0641a69:0x7b733,91,30,30,0
10728d70e0641a69:0x7b73b,120,32,117,0
10728d70e0641a69:0x8f435,2,2,5,0
10728d70e0641a69:0x8f435,2,3,5,0
10728d70e0641a69:0x8f435,3,3,5,0
10728d70e0641a69:0x8f435,3,3,6,0
10728d70e0641a69:0x8f44f,14,7,13,0
10728d70e0641a69:0x8f44f,14,8,13,0
10728d70e0641a69:0x8f44f,15,8,13,0
10728d70e0641a69:0x8f44f,15,8,14,0
10728d70e0641a69:0x8f44f,16,8,14,0
10728d70e0641a69:0x8f44f,17,8,14,0
10728d70e0641a69:0x8f44f,18,8,14,0
10728d70e0641a69:0x8f44f,19,8,14,0
10728d70e0641a69:0x8f44f,20,8,14,0
10728d70e0641a69:0x8f44f,20,8,15,0
10728d70e0641a69:0x8f44f,20,9,15,0
10728d70e0641a69:0x8f44f,21,9,15,0
10728d70e0641a69:0x8f467,4,2,7,0
10728d70e0641a69:0x8f467,4,2,8,0
10728d70e0641a69:0x8f467,5,2,8,0
10728d70e0641a69:0x8f46e,4,2,7,0
10728d70e0641a69:0x8f46e,4,2,8,0
10728d70e0641a69:0x8f46e,5,2,8,0
10728d70e0641a69:0x8f4d3,4,2,7,0
10728d70e0641a69:0x8f4d3,4,2,8,0
10728d70e0641a69:0x8f4d3,5,2,8,0
10728d70e0641a69:0x8f3b9,4,4,7,0
10728d70e0641a69:0x8f3b9,4,5,7,0
10728d70e0641a69:0x8f3b9,5,5,7,0
10728d70e0641a69:0x8f3b9,5,5,8,0
10728d70e0641a69:0x8f3c9,4,4,5,0
10728d70e0641a69:0x8f3c9,4,5,5,0
10728d70e0641a69:0x8f3c9,5,5,5,0
10728d70e0641a69:0x8f3dc,4,4,5,0
10728d70e0641a69:0x8f3dc,4,5,5,0
10728d70e0641a69:0x8f3dc,5,5,5,0
10728d70e0641a69:0x8f3ed,4,2,9,0
10728d70e0641a69:0x8f3ed,4,2,10,0
10728d70e0641a69:0x8f3ed,5,2,10,0
10728d70e0641a69:0x8f3ed,5,2,11,0
10728d70e0641a69:0x8f406,4,2,11,0
10728d70e0641a69:0x8f406,4,2,12,0
10728d70e0641a69:0x8f406,5,2,12,0
10728d70e0641a69:0x8f406,5,2,13,0
10728d70e0641a69:0x8f406,5,2,14,0
10728d70e0641a69:0x8f429,4,2,7,0
10728d70e0641a69:0x8f429,4,2,8,0
10728d70e0641a69:0x8f429,5,2,8,0
10728d70e0641a69:0x6cd2,243,40,24,0
10728d70e0641a69:0x115a2d,261,37,140,0
10728d70e0641a69:0xa6db7,69,9,10,0
10728d70e0641a69:0xa6db7,69,10,10,0
10728d70e0641a69:0xa6db7,70,10,10,0
10728d70e0641a69:0x7b733,92,30,30,0
10728d70e0641a69:0x7b73b,121,32,117,0
10728d70e0641a69:0xa6ec6,71,13,15,0
10728d70e0641a69:0xa6ec6,71,14,15,0
10728d70e0641a69:0xa6ec6,72,14,15,0
10728d70e0641a69:0xac92b,2,2,2,0
10728d70e0641a69:0xac92b,2,3,2,0
10728d70e0641a69:0xac92b,3,3,2,0
10728d70e0641a69:0xac953,2,2,2,0
10728d70e0641a69:0xac953,2,3,2,0
10728d70e0641a69:0xac953,3,3,2,0
10728d70e0641a69:0xac962,2,2,3,0
10728d70e0641a69:0xac962,2,3,3,0
10728d70e0641a69:0xac962,3,3,3,0
10728d70e0641a69:0xac98c,2,2,2,0
10728d70e0641a69:0xac98c,2,3,2,0
10728d70e0641a69:0xac98c,3,3,2,0
10728d70e0641a69:0xac992,2,2,3,0
10728d70e0641a69:0xac992,2,3,3,0
10728d70e0641a69:0xac992,3,3,3,0
10728d70e0641a69:0xac9c5,2,2,2,0
10728d70e0641a69:0xac9c5,2,3,2,0
10728d70e0641a69:0xac9c5,3,3,2,0
10728d70e0641a69:0xac9cf,2,2,3,0
10728d70e0641a69:0xac9cf,2,3,3,0
10728d70e0641a69:0xac9cf,3,3,3,0
10728d70e0641a69:0xac9fc,2,2,2,0
10728d70e0641a69:0xac9fc,2,3,2,0
10728d70e0641a69:0xac9fc,3,3,2,0
10728d70e0641a69:0xaca06,2,2,3,0
10728d70e0641a69:0xaca06,2,3,3,0
10728d70e0641a69:0xaca06,3,3,3,0
10728d70e0641a69:0xaca2e,2,2,2,0
10728d70e0641a69:0xaca2e,2,3,2,0
10728d70e0641a69:0xaca2e,3,3,2,0
10728d70e0641a69:0xaca32,2,2,3,0
10728d70e0641a69:0xaca32,2,3,3,0
10728d70e0641a69:0xaca32,3,3,3,0
10728d70e0641a69:0xaca68,2,2,2,0
10728d70e0641a69:0xaca68,2,3,2,0
10728d70e0641a69:0xaca68,3,3,2,0
10728d70e0641a69:0xaca72,2,2,3,0
10728d70e0641a69:0xaca72,2,3,3,0
10728d70e0641a69:0xaca72,3,3,3,0
10728d70e0641a69:0xaca8c,2,2,2,0
10728d70e0641a69:0xaca8c,2,3,2,0
10728d70e0641a69:0xaca8c,3,3,2,0
10728d70e0641a69:0xacad3,2,2,3,0
10728d70e0641a69:0xacad3,2,3,3,0
10728d70e0641a69:0xacad3,3,3,3,0
10728d70e0641a69:0x1b2f6,2,2,2,0
10728d70e0641a69:0x1b2f6,2,3,2,0
10728d70e0641a69:0x1b2f6,3,3,2,0
10728d70e0641a69:0x1b33c,2,2,3,0
10728d70e0641a69:0x1b33c,2,3,3,0
10728d70e0641a69:0x1b33c,3,3,3,0
10728d70e0641a69:0x1b38a,2,2,2,0
10728d70e0641a69:0x1b38a,2,3,2,0
10728d70e0641a69:0x1b38a,3,3,2,0
10728d70e0641a69:0x1b3d1,2,2,2,0
10728d70e0641a69:0x1b3d1,2,3,2,0
10728d70e0641a69:0x1b3d1,3,3,2,0
10728d70e0641a69:0x1b417,2,2,3,0
10728d70e0641a69:0x1b417,2,3,3,0
10728d70e0641a69:0x1b417,3,3,3,0
10728d70e0641a69:0x1b45f,2,2,2,0
10728d70e0641a69:0x1b45f,2,3,2,0
10728d70e0641a69:0x1b45f,3,3,2,0
10728d70e0641a69:0x1b4a9,2,2,2,0
10728d70e0641a69:0x1b4a9,2,3,2,0
10728d70e0641a69:0x1b4a9,3,3,2,0
10728d70e0641a69:0x1b4ef,2,2,3,0
10728d70e0641a69:0x1b4ef,2,3,3,0
10728d70e0641a69:0x1b4ef,3,3,3,0
10728d70e0641a69:0x1b535,2,2,2,0
10728d70e0641a69:0x1b535,2,3,2,0
10728d70e0641a69:0x1b535,3,3,2,0
10728d70e0641a69:0x1b57f,2,2,2,0
10728d70e0641a69:0x1b57f,2,3,2,0
10728d70e0641a69:0x1b57f,3,3,2,0
10728d70e0641a69:0x1b5c8,2,2,2,0
10728d70e0641a69:0x1b5c8,2,3,2,0
10728d70e0641a69:0x1b5c8,3,3,2,0
10728d70e0641a69:0x1b614,2,2,2,0
10728d70e0641a69:0x1b614,2,3,2,0
10728d70e0641a69:0x1b614,3,3,2,0
10728d70e0641a69:0x1b659,2,2,2,0
10728d70e0641a69:0x1b659,2,3,2,0
10728d70e0641a69:0x1b659,3,3,2,0
10728d70e0641a69:0x1b696,2,2,2,0
10728d70e0641a69:0x1b696,2,3,2,0
10728d70e0641a69:0x1b696,3,3,2,0
10728d70e0641a69:0x1b756,2,2,3,0
10728d70e0641a69:0x1b756,2,3,3,0
10728d70e0641a69:0x1b756,3,3,3,0
10728d70e0641a69:0x1b792,2,2,3,0
10728d70e0641a69:0x1b792,2,3,3,0
10728d70e0641a69:0x1b792,3,3,3,0
10728d70e0641a69:0x1b85c,2,2,3,0
10728d70e0641a69:0x1b85c,2,3,3,0
10728d70e0641a69:0x1b85c,3,3,3,0
10728d70e0641a69:0x1b89a,2,2,3,0
10728d70e0641a69:0x1b89a,2,3,3,0
10728d70e0641a69:0x1b89a,3,3,3,0
10728d70e0641a69:0x1b95e,2,2,3,0
10728d70e0641a69:0x1b95e,2,3,3,0
10728d70e0641a69:0x1b95e,3,3,3,0
10728d70e0641a69:0x1b99a,2,2,3,0
10728d70e0641a69:0x1b99a,2,3,3,0
10728d70e0641a69:0x1b99a,3,3,3,0
10728d70e0641a69:0x1625e,4,3,4,0
10728d70e0641a69:0x1625e,4,4,4,0
10728d70e0641a69:0x1625e,5,4,4,0
10728d70e0641a69:0x1bab5,2,2,3,0
10728d70e0641a69:0x1bab5,2,3,3,0
10728d70e0641a69:0x1bab5,3,3,3,0
10728d70e0641a69:0x1bb00,2,2,3,0
10728d70e0641a69:0x1bb00,2,3,3,0
10728d70e0641a69:0x1bb00,3,3,3,0
10728d70e0641a69:0x1bb3e,2,2,3,0
10728d70e0641a69:0x1bb3e,2,3,3,0
10728d70e0641a69:0x1bb3e,3,3,3,0
10728d70e0641a69:0x1bc05,2,2,3,0
10728d70e0641a69:0x1bc05,2,3,3,0
10728d70e0641a69:0x1bc05,3,3,3,0
10728d70e0641a69:0x1bc42,2,2,3,0
10728d70e0641a69:0x1bc42,2,3,3,0
10728d70e0641a69:0x1bc42,3,3,3,0
10728d70e0641a69:0x1625e,6,4,4,0
10728d70e0641a69:0x1bd5d,2,2,3,0
10728d70e0641a69:0x1bd5d,2,3,3,0
10728d70e0641a69:0x1bd5d,3,3,3,0
10728d70e0641a69:0x1be4a,2,2,3,0
10728d70e0641a69:0x1be4a,2,3,3,0
10728d70e0641a69:0x1be4a,3,3,3,0
10728d70e0641a69:0x1bece,2,2,3,0
10728d70e0641a69:0x1bece,2,3,3,0
10728d70e0641a69:0x1bece,3,3,3,0
10728d70e0641a69:0x1bf5e,2,2,3,0
10728d70e0641a69:0x1bf5e,2,3,3,0
10728d70e0641a69:0x1bf5e,3,3,3,0
10728d70e0641a69:0x1c026,2,2,3,0
10728d70e0641a69:0x1c026,2,3,3,0
10728d70e0641a69:0x1c026,3,3,3,0
10728d70e0641a69:0x1c0aa,2,2,3,0
10728d70e0641a69:0x1c0aa,2,3,3,0
10728d70e0641a69:0x1c0aa,3,3,3,0
10728d70e0641a69:0x1c136,2,2,3,0
10728d70e0641a69:0x1c136,2,3,3,0
10728d70e0641a69:0x1c136,3,3,3,0
10728d70e0641a69:0x1c1b9,2,2,3,0
10728d70e0641a69:0x1c1b9,2,3,3,0
10728d70e0641a69:0x1c1b9,3,3,3,0
10728d70e0641a69:0x1c23d,2,2,3,0
10728d70e0641a69:0x1c23d,2,3,3,0
10728d70e0641a69:0x1c23d,3,3,3,0
10728d70e0641a69:0x1c2cd,2,2,3,0
10728d70e0641a69:0x1c2cd,2,3,3,0
10728d70e0641a69:0x1c2cd,3,3,3,0
10728d70e0641a69:0x1c8ae,2,2,3,0
10728d70e0641a69:0x1c8ae,2,3,3,0
10728d70e0641a69:0x1c8ae,3,3,3,0
10728d70e0641a69:0x1c8f2,2,2,3,0
10728d70e0641a69:0x1c8f2,2,3,3,0
10728d70e0641a69:0x1c8f2,3,3,3,0
10728d70e0641a69:0x1c93f,2,2,3,0
10728d70e0641a69:0x1c93f,2,3,3,0
10728d70e0641a69:0x1c93f,3,3,3,0
10728d70e0641a69:0x1c987,2,2,3,0
10728d70e0641a69:0x1c987,2,3,3,0
10728d70e0641a69:0x1c987,3,3,3,0
10728d70e0641a69:0x1c9d6,2,2,3,0
10728d70e0641a69:0x1c9d6,2,3,3,0
10728d70e0641a69:0x1c9d6,3,3,3,0
10728d70e0641a69:0x1ca1b,2,2,3,0
10728d70e0641a69:0x1ca1b,2,3,3,0
10728d70e0641a69:0x1ca1b,3,3,3,0
10728d70e0641a69:0x1ca6c,2,2,3,0
10728d70e0641a69:0x1ca6c,2,3,3,0
10728d70e0641a69:0x1ca6c,3,3,3,0
10728d70e0641a69:0x1cab3,2,2,3,0
10728d70e0641a69:0x1cab3,2,3,3,0
10728d70e0641a69:0x1cab3,3,3,3,0
10728d70e0641a69:0x1cb00,2,2,3,0
10728d70e0641a69:0x1cb00,2,3,3,0
10728d70e0641a69:0x1cb00,3,3,3,0
10728d70e0641a69:0x1cb45,2,2,3,0
10728d70e0641a69:0x1cb45,2,3,3,0
10728d70e0641a69:0x1cb45,3,3,3,0
10728d70e0641a69:0x1cb94,2,2,3,0
10728d70e0641a69:0x1cb94,2,3,3,0
10728d70e0641a69:0x1cb94,3,3,3,0
10728d70e0641a69:0x1cbdb,2,2,3,0
10728d70e0641a69:0x1cbdb,2,3,3,0
10728d70e0641a69:0x1cbdb,3,3,3,0
10728d70e0641a69:0x1cc2d,2,2,3,0
10728d70e0641a69:0x1cc2d,2,3,3,0
10728d70e0641a69:0x1cc2d,3,3,3,0
10728d70e0641a69:0x1cc73,2,2,3,0
10728d70e0641a69:0x1cc73,2,3,3,0
10728d70e0641a69:0x1cc73,3,3,3,0
10728d70e0641a69:0x1ccc4,2,2,3,0
10728d70e0641a69:0x1ccc4,2,3,3,0
10728d70e0641a69:0x1ccc4,3,3,3,0
10728d70e0641a69:0x1cd11,2,2,3,0
10728d70e0641a69:0x1cd11,2,3,3,0
10728d70e0641a69:0x1cd11,3,3,3,0
10728d70e0641a69:0x1d0d4,2,2,3,0
10728d70e0641a69:0x1d0d4,2,3,3,0
10728d70e0641a69:0x1d0d4,3,3,3,0
10728d70e0641a69:0x1d121,2,2,3,0
10728d70e0641a69:0x1d121,2,3,3,0
10728d70e0641a69:0x1d121,3,3,3,0
10728d70e0641a69:0x1d172,2,2,3,0
10728d70e0641a69:0x1d172,2,3,3,0
10728d70e0641a69:0x1d172,3,3,3,0
10728d70e0641a69:0x1d1c2,2,2,3,0
10728d70e0641a69:0x1d1c2,2,3,3,0
10728d70e0641a69:0x1d1c2,3,3,3,0
10728d70e0641a69:0x1d20f,2,2,3,0
10728d70e0641a69:0x1d20f,2,3,3,0
10728d70e0641a69:0x1d20f,3,3,3,0
10728d70e0641a69:0x1d262,2,2,3,0
10728d70e0641a69:0x1d262,2,3,3,0
10728d70e0641a69:0x1d262,3,3,3,0
10728d70e0641a69:0x1d2b2,2,2,3,0
10728d70e0641a69:0x1d2b2,2,3,3,0
10728d70e0641a69:0x1d2b2,3,3,3,0
10728d70e0641a69:0x1d2ff,2,2,3,0
10728d70e0641a69:0x1d2ff,2,3,3,0
10728d70e0641a69:0x1d2ff,3,3,3,0
10728d70e0641a69:0x7b733,93,30,30,0
10728d70e0641a69:0x7b73b,122,32,117,0
10728d70e0641a69:0xa817c,161,30,0,0
10728d70e0641a69:0xa817c,162,30,0,0
10728d70e0641a69:0x783b7,26,22,23,0
10728d70e0641a69:0x783b7,26,23,23,0
10728d70e0641a69:0x783b7,27,23,23,0
10728d70e0641a69:0x7782e,26,0,43,0
10728d70e0641a69:0x7782e,26,0,44,0
10728d70e0641a69:0x7782e,27,0,44,0
10728d70e0641a69:0x77834,26,21,22,0
10728d70e0641a69:0x77834,26,22,22,0
10728d70e0641a69:0x77834,27,22,22,0
10728d70e0641a69:0x783e9,26,0,45,0
10728d70e0641a69:0x783e9,26,0,46,0
10728d70e0641a69:0x783e9,27,0,46,0
10728d70e0641a69:0x7b7dc,62,0,2,0
10728d70e0641a69:0x8eccc,63,3,0,0
10728d70e0641a69:0xa817c,163,30,0,0
10728d70e0641a69:0x1159e5,150,0,24,0
10728d70e0641a69:0x6cd2,244,40,24,0
10728d70e0641a69:0x115a2d,262,37,140,0
10728d70e0641a69:0xa81f9,138,12,2,0
10728d70e0641a69:0xa8240,135,11,3,0
10728d70e0641a69:0xa828b,134,10,3,0
10728d70e0641a69:0xa82d2,134,12,4,0
10728d70e0641a69:0xa831e,132,10,3,0
10728d70e0641a69:0xa8362,132,11,4,0
10728d70e0641a69:0xa83af,130,9,3,0
10728d70e0641a69:0xa83f8,130,10,4,0
10728d70e0641a69:0xa856e,130,16,14,0
10728d70e0641a69:0xa85ea,141,19,19,0
10728d70e0641a69:0x3e5dd,130,17,17,0
10728d70e0641a69:0x3e6a2,124,12,10,0
10728d70e0641a69:0xaa573,40,3,3,0
10728d70e0641a69:0x6cd2,245,40,24,0
10728d70e0641a69:0x115a2d,263,37,140,0
10728d70e0641a69:0xa6db7,71,10,10,0
10728d70e0641a69:0xa6ec6,73,14,15,0
10728d70e0641a69:0xaa60f,37,1,0,0
10728d70e0641a69:0xaa680,37,1,0,0
10728d70e0641a69:0xaa713,37,1,0,0
10728d70e0641a69:0xaa758,37,2,1,0
10728d70e0641a69:0xaa987,21,1,1,0
10728d70e0641a69:0xf247,37,2,1,0
10728d70e0641a69:0xf30f,37,2,1,0
10728d70e0641a69:0xf38b,37,2,1,0
10728d70e0641a69:0xf483,37,2,1,0
10728d70e0641a69:0xf500,37,2,1,0
10728d70e0641a69:0xf5cf,37,2,1,0
10728d70e0641a69:0xf613,37,2,1,0
10728d70e0641a69:0xf68f,37,2,1,0
10728d70e0641a69:0xf74c,37,2,2,0
10728d70e0641a69:0xf80c,37,2,1,0
10728d70e0641a69:0xf89a,37,2,1,0
10728d70e0641a69:0xf9a6,37,2,1,0
10728d70e0641a69:0xc4116,37,2,2,0
10728d70e0641a69:0xc4158,21,1,1,0
10728d70e0641a69:0xc41e3,21,1,1,0
10728d70e0641a69:0xc4268,37,2,2,0
10728d70e0641a69:0xa817c,164,30,0,0
10728d70e0641a69:0x1159e5,151,0,24,0
10728d70e0641a69:0x6cd2,246,40,24,0
10728d70e0641a69:0x115a2d,264,37,140,0
10728d70e0641a69:0xa81f9,139,12,2,0
10728d70e0641a69:0xa8240,136,11,3,0
10728d70e0641a69:0xa828b,135,10,3,0
10728d70e0641a69:0xa82d2,135,12,4,0
10728d70e0641a69:0xa831e,133,10,3,0
10728d70e0641a69:0xa8362,133,11,4,0
10728d70e0641a69:0xa83af,131,9,3,0
10728d70e0641a69:0xa83f8,131,10,4,0
10728d70e0641a69:0xa856e,131,16,14,0
10728d70e0641a69:0xa85ea,142,19,19,0
10728d70e0641a69:0x3e5dd,131,17,17,0
10728d70e0641a69:0x3e6a2,125,12,10,0
10728d70e0641a69:0x3e6e6,84,10,10,0
10728d70e0641a69:0x3e730,83,0,18,0
10728d70e0641a69:0x3e9ce,83,9,9,0
10728d70e0641a69:0x3ea12,83,9,9,0
10728d70e0641a69:0x3ea56,83,10,6,0
10728d70e0641a69:0x3ea9a,80,10,5,0
10728d70e0641a69:0x3eade,77,11,7,0
10728d70e0641a69:0xb0cf6,7,3,3,0
10728d70e0641a69:0x3ce63,6,2,2,0
10728d70e0641a69:0x81b84,76,0,74,0
10728d70e0641a69:0x81bb5,76,14,18,0
10728d70e0641a69:0x6cd2,247,40,24,0
10728d70e0641a69:0x115a2d,265,37,140,0
10728d70e0641a69:0xb0f41,5,3,3,0
10728d70e0641a69:0x6cd2,248,40,24,0
10728d70e0641a69:0x115a2d,266,37,140,0
10728d70e0641a69:0xb0fc4,4,3,3,0
10728d70e0641a69:0xb100e,1,1,2,0
10728d70e0641a69:0xb100e,1,2,2,0
10728d70e0641a69:0xb100e,2,2,2,0
10728d70e0641a69:0xb1055,0,0,1,0
10728d70e0641a69:0xb1055,0,1,1,0
10728d70e0641a69:0xb1055,1,1,1,0
10728d70e0641a69:0xb1098,0,0,1,0
10728d70e0641a69:0xb1098,0,1,1,0
10728d70e0641a69:0xb1098,1,1,1,0
10728d70e0641a69:0x6cd2,248,40,25,0
10728d70e0641a69:0x6cd2,248,41,25,0
10728d70e0641a69:0x6cd2,249,41,25,0
10728d70e0641a69:0x115a2d,267,37,140,0
10728d70e0641a69:0xb127b,0,0,1,0
10728d70e0641a69:0xb127b,0,1,1,0
10728d70e0641a69:0xb127b,1,1,1,0
10728d70e0641a69:0xa6db7,71,10,11,0
10728d70e0641a69:0xa6db7,71,11,11,0
10728d70e0641a69:0xa6db7,72,11,11,0
10728d70e0641a69:0xa6ec6,73,14,16,0
10728d70e0641a69:0xa6ec6,73,15,16,0
10728d70e0641a69:0xa6ec6,74,15,16,0
10728d70e0641a69:0xa6f12,7,5,6,0
10728d70e0641a69:0xa6f12,7,6,6,0
10728d70e0641a69:0xa6f12,8,6,6,0
10728d70e0641a69:0x290c3,85,56,48,0
10728d70e0641a69:0x290c3,85,57,48,0
10728d70e0641a69:0x290c3,86,57,48,0
10728d70e0641a69:0x2910c,83,71,52,0
10728d70e0641a69:0x2910c,83,72,52,0
10728d70e0641a69:0x2910c,84,72,52,0
10728d70e0641a69:0x2919f,87,104,60,0
10728d70e0641a69:0x2919f,87,105,60,0
10728d70e0641a69:0x2919f,88,105,60,0
10728d70e0641a69:0x291e6,82,56,48,0
10728d70e0641a69:0x291e6,82,57,48,0
10728d70e0641a69:0x291e6,83,57,48,0
10728d70e0641a69:0x29277,87,101,61,0
10728d70e0641a69:0x29277,87,102,61,0
10728d70e0641a69:0x29277,88,102,61,0
10728d70e0641a69:0x292be,82,56,46,0
10728d70e0641a69:0x292be,82,57,46,0
10728d70e0641a69:0x292be,83,57,46,0
10728d70e0641a69:0x2934c,87,82,55,0
10728d70e0641a69:0x2934c,87,83,55,0
10728d70e0641a69:0x2934c,88,83,55,0
10728d70e0641a69:0x29394,84,57,48,0
10728d70e0641a69:0x29394,84,58,48,0
10728d70e0641a69:0x29394,85,58,48,0
10728d70e0641a69:0x2e2bf,37,17,18,0
10728d70e0641a69:0x2e2bf,37,18,18,0
10728d70e0641a69:0x2e2bf,38,18,18,0
10728d70e0641a69:0xa817c,164,31,0,0
10728d70e0641a69:0xa817c,165,31,0,0
10728d70e0641a69:0x1159e5,151,0,25,0
10728d70e0641a69:0x1159e5,151,0,26,0
10728d70e0641a69:0x1159e5,152,0,26,0
10728d70e0641a69:0x6cd2,249,42,25,0
10728d70e0641a69:0x6cd2,250,42,25,0
10728d70e0641a69:0x115a2d,267,38,140,0
10728d70e0641a69:0x115a2d,268,38,140,0
10728d70e0641a69:0x115a2d,268,38,141,0
10728d70e0641a69:0x115a2d,268,38,142,0
10728d70e0641a69:0x115a2d,268,38,143,0
10728d70e0641a69:0x115a2d,268,38,144,0
10728d70e0641a69:0xa81f9,139,13,2,0
10728d70e0641a69:0xa81f9,140,13,2,0
10728d70e0641a69:0x290c3,87,57,48,0
10728d70e0641a69:0x2910c,84,73,52,0
10728d70e0641a69:0x2910c,85,73,52,0
10728d70e0641a69:0x2910c,85,74,52,0
10728d70e0641a69:0x2910c,85,75,52,0
10728d70e0641a69:0x2910c,85,75,53,0
10728d70e0641a69:0x2910c,85,76,53,0
10728d70e0641a69:0x2910c,85,77,53,0
10728d70e0641a69:0x2910c,85,78,53,0
10728d70e0641a69:0x2910c,85,78,54,0
10728d70e0641a69:0x2910c,85,79,54,0
10728d70e0641a69:0x2910c,85,80,54,0
10728d70e0641a69:0x2910c,85,81,54,0
10728d70e0641a69:0x2910c,85,82,54,0
10728d70e0641a69:0x2910c,85,83,54,0
10728d70e0641a69:0x2910c,85,83,55,0
10728d70e0641a69:0x2910c,85,84,55,0
10728d70e0641a69:0x2910c,85,85,55,0
10728d70e0641a69:0x2910c,85,86,55,0
10728d70e0641a69:0x2910c,85,86,56,0
10728d70e0641a69:0x2910c,85,87,56,0
10728d70e0641a69:0x2910c,85,88,56,0
10728d70e0641a69:0x2919f,89,105,60,0
10728d70e0641a69:0x291e6,83,58,48,0
10728d70e0641a69:0x291e6,84,58,48,0
10728d70e0641a69:0x29277,88,103,61,0
10728d70e0641a69:0x29277,89,103,61,0
10728d70e0641a69:0x29277,89,104,61,0
10728d70e0641a69:0x29277,89,105,61,0
10728d70e0641a69:0x29277,89,105,62,0
10728d70e0641a69:0x29277,89,106,62,0
10728d70e0641a69:0x29277,89,107,62,0
10728d70e0641a69:0x29277,89,108,62,0
10728d70e0641a69:0x29277,89,109,62,0
10728d70e0641a69:0x29277,89,110,62,0
10728d70e0641a69:0x29277,89,110,63,0
10728d70e0641a69:0x29277,89,111,63,0
10728d70e0641a69:0x29277,89,112,63,0
10728d70e0641a69:0x29277,89,113,63,0
10728d70e0641a69:0x29277,89,114,63,0
10728d70e0641a69:0x29277,89,115,63,0
10728d70e0641a69:0x29277,89,116,63,0
10728d70e0641a69:0x29277,89,117,63,0
10728d70e0641a69:0x29277,89,117,64,0
10728d70e0641a69:0x29277,89,118,64,0
10728d70e0641a69:0x29277,89,119,64,0
10728d70e0641a69:0x29277,89,120,64,0
10728d70e0641a69:0x29277,89,121,64,0
10728d70e0641a69:0x29277,89,122,64,0
10728d70e0641a69:0x29277,89,123,64,0
10728d70e0641a69:0x29277,89,124,64,0
10728d70e0641a69:0x29277,89,125,64,0
10728d70e0641a69:0x29277,89,125,65,0
10728d70e0641a69:0x29277,89,126,65,0
10728d70e0641a69:0x29277,89,127,65,0
10728d70e0641a69:0x2934c,88,83,56,0
10728d70e0641a69:0x2934c,88,84,56,0
10728d70e0641a69:0x2934c,89,84,56,0
10728d70e0641a69:0x2934c,89,85,56,0
10728d70e0641a69:0x2934c,89,86,56,0
10728d70e0641a69:0x2934c,89,86,57,0
10728d70e0641a69:0x2934c,89,87,57,0
10728d70e0641a69:0x2934c,89,88,57,0
10728d70e0641a69:0x2934c,89,89,57,0
10728d70e0641a69:0x2934c,89,90,57,0
10728d70e0641a69:0x2934c,89,91,57,0
10728d70e0641a69:0x2934c,89,91,58,0
10728d70e0641a69:0x2934c,89,92,58,0
10728d70e0641a69:0x2934c,89,93,58,0
10728d70e0641a69:0x2934c,89,94,58,0
10728d70e0641a69:0x2934c,89,95,58,0
10728d70e0641a69:0x2934c,89,96,58,0
10728d70e0641a69:0x2934c,89,96,59,0
10728d70e0641a69:0x2934c,89,97,59,0
10728d70e0641a69:0x2934c,89,98,59,0
10728d70e0641a69:0x2934c,89,99,59,0
10728d70e0641a69:0x2934c,89,100,59,0
10728d70e0641a69:0x2934c,89,101,59,0
10728d70e0641a69:0x2934c,89,102,59,0
10728d70e0641a69:0x2934c,89,102,60,0
10728d70e0641a69:0x2934c,89,103,60,0
10728d70e0641a69:0x2934c,89,104,60,0
10728d70e0641a69:0x7b7dc,63,0,2,0
10728d70e0641a69:0x8eccc,64,3,0,0
10728d70e0641a69:0xa817c,166,31,0,0
10728d70e0641a69:0x1159e5,153,0,26,0
10728d70e0641a69:0x6cd2,251,42,25,0
10728d70e0641a69:0x115a2d,269,38,144,0
10728d70e0641a69:0xa81f9,141,13,2,0
10728d70e0641a69:0xa8240,137,11,3,0
10728d70e0641a69:0xa828b,136,10,3,0
10728d70e0641a69:0xa82d2,136,12,4,0
10728d70e0641a69:0xa831e,134,10,3,0
10728d70e0641a69:0xa8362,134,11,4,0
10728d70e0641a69:0xa83af,132,9,3,0
10728d70e0641a69:0xa83f8,132,10,4,0
10728d70e0641a69:0xa856e,132,16,14,0
10728d70e0641a69:0xa85ea,143,19,19,0
10728d70e0641a69:0x3e5dd,132,17,17,0
10728d70e0641a69:0x3e6a2,126,12,10,0
10728d70e0641a69:0xaa573,41,3,3,0
10728d70e0641a69:0x6cd2,252,42,25,0
10728d70e0641a69:0x115a2d,270,38,144,0
10728d70e0641a69:0xa6db7,73,11,11,0
10728d70e0641a69:0xa6ec6,75,15,16,0
10728d70e0641a69:0xaa60f,38,1,0,0
10728d70e0641a69:0xaa680,38,1,0,0
10728d70e0641a69:0xaa713,38,1,0,0
10728d70e0641a69:0xaa758,38,2,1,0
10728d70e0641a69:0xaa987,22,1,1,0
10728d70e0641a69:0xf247,38,2,1,0
10728d70e0641a69:0xf30f,38,2,1,0
10728d70e0641a69:0xf38b,38,2,1,0
10728d70e0641a69:0xf483,38,2,1,0
10728d70e0641a69:0xf500,38,2,1,0
10728d70e0641a69:0xf5cf,38,2,1,0
10728d70e0641a69:0xf613,38,2,1,0
10728d70e0641a69:0xf68f,38,2,1,0
10728d70e0641a69:0xf74c,38,2,2,0
10728d70e0641a69:0xf80c,38,2,1,0
10728d70e0641a69:0xf89a,38,2,1,0
10728d70e0641a69:0xf9a6,38,2,1,0
10728d70e0641a69:0xc4116,38,2,2,0
10728d70e0641a69:0xc4158,22,1,1,0
10728d70e0641a69:0xc41e3,22,1,1,0
10728d70e0641a69:0xc4268,38,2,2,0
10728d70e0641a69:0xa817c,167,31,0,0
10728d70e0641a69:0x1159e5,154,0,26,0
10728d70e0641a69:0x6cd2,253,42,25,0
10728d70e0641a69:0x115a2d,271,38,144,0
10728d70e0641a69:0xa81f9,142,13,2,0
10728d70e0641a69:0xa8240,138,11,3,0
10728d70e0641a69:0xa828b,137,10,3,0
10728d70e0641a69:0xa82d2,137,12,4,0
10728d70e0641a69:0xa831e,135,10,3,0
10728d70e0641a69:0xa8362,135,11,4,0
10728d70e0641a69:0xa83af,133,9,3,0
10728d70e0641a69:0xa83f8,133,10,4,0
10728d70e0641a69:0xa856e,133,16,14,0
10728d70e0641a69:0xa85ea,144,19,19,0
10728d70e0641a69:0x3e5dd,133,17,17,0
10728d70e0641a69:0x3e6a2,127,12,10,0
10728d70e0641a69:0x3e6e6,85,10,10,0
10728d70e0641a69:0x3e730,84,0,18,0
10728d70e0641a69:0x3e9ce,84,9,9,0
10728d70e0641a69:0x3ea12,84,9,9,0
10728d70e0641a69:0x3ea56,84,10,6,0
10728d70e0641a69:0x3ea9a,81,10,5,0
10728d70e0641a69:0x3eade,78,11,7,0
10728d70e0641a69:0xb0cf6,8,3,3,0
10728d70e0641a69:0x3ce63,7,2,2,0
10728d70e0641a69:0x81b84,77,0,74,0
10728d70e0641a69:0x81bb5,77,14,18,0
10728d70e0641a69:0x6cd2,254,42,25,0
10728d70e0641a69:0x115a2d,272,38,144,0
10728d70e0641a69:0xb0f41,6,3,3,0
10728d70e0641a69:0x6cd2,255,42,25,0
10728d70e0641a69:0x115a2d,273,38,144,0
10728d70e0641a69:0xb0fc4,5,3,3,0
10728d70e0641a69:0xb100e,3,2,2,0
10728d70e0641a69:0xb1055,2,1,1,0
10728d70e0641a69:0xb1098,2,1,1,0
10728d70e0641a69:0x6cd2,256,42,25,0
10728d70e0641a69:0x115a2d,274,38,144,0
10728d70e0641a69:0xb127b,2,1,1,0
10728d70e0641a69:0xa6db7,74,11,11,0
10728d70e0641a69:0xa6ec6,75,15,17,0
10728d70e0641a69:0xa6ec6,75,16,17,0
10728d70e0641a69:0xa6ec6,76,16,17,0
10728d70e0641a69:0x3ce63,7,2,3,0
10728d70e0641a69:0x3ce63,7,3,3,0
10728d70e0641a69:0x3ce63,8,3,3,0
10728d70e0641a69:0x81b84,77,0,75,0
10728d70e0641a69:0x81b84,77,0,76,0
10728d70e0641a69:0x81b84,78,0,76,0
10728d70e0641a69:0x81bb5,77,14,19,0
10728d70e0641a69:0x81bb5,77,15,19,0
10728d70e0641a69:0x81bb5,78,15,19,0
10728d70e0641a69:0x9f830,0,0,1,0
10728d70e0641a69:0x9f830,0,0,2,0
10728d70e0641a69:0x9f830,1,0,2,0
10728d70e0641a69:0x9f83a,0,0,1,0
10728d70e0641a69:0x9f83a,0,1,1,0
10728d70e0641a69:0x9f83a,1,1,1,0
10728d70e0641a69:0x9f9ce,0,0,1,0
10728d70e0641a69:0x9f9ce,0,1,1,0
10728d70e0641a69:0x9f9ce,1,1,1,0
10728d70e0641a69:0x9f9d3,0,0,1,0
10728d70e0641a69:0x9f9d3,0,1,1,0
10728d70e0641a69:0x9f9d3,1,1,1,0
10728d70e0641a69:0x9f9d8,0,0,1,0
10728d70e0641a69:0x9f9d8,0,1,1,0
10728d70e0641a69:0x9f9d8,1,1,1,0
10728d70e0641a69:0x9f9e6,0,0,1,0
10728d70e0641a69:0x9f9e6,0,1,1,0
10728d70e0641a69:0x9f9e6,1,1,1,0
10728d70e0641a69:0x9f9e6,1,1,2,0
10728d70e0641a69:0x9f9e6,1,1,3,0
10728d70e0641a69:0xa817c,167,32,0,0
10728d70e0641a69:0xa817c,168,32,0,0
10728d70e0641a69:0x1159e5,154,0,27,0
10728d70e0641a69:0x1159e5,154,0,28,0
10728d70e0641a69:0x1159e5,155,0,28,0
10728d70e0641a69:0x6cd2,256,43,25,0
10728d70e0641a69:0x6cd2,257,43,25,0
10728d70e0641a69:0x115a2d,274,39,144,0
10728d70e0641a69:0x115a2d,275,39,144,0
10728d70e0641a69:0x115a2d,275,39,145,0
10728d70e0641a69:0x115a2d,275,39,146,0
10728d70e0641a69:0x115a2d,275,39,147,0
10728d70e0641a69:0x115a2d,275,39,148,0
10728d70e0641a69:0xa81f9,142,14,2,0
10728d70e0641a69:0xa81f9,143,14,2,0
10728d70e0641a69:0x290c3,87,58,48,0
10728d70e0641a69:0x290c3,88,58,48,0
10728d70e0641a69:0x2910c,85,89,56,0
10728d70e0641a69:0x2910c,86,89,56,0
10728d70e0641a69:0x2910c,86,90,56,0
10728d70e0641a69:0x2910c,86,91,56,0
10728d70e0641a69:0x2910c,86,91,57,0
10728d70e0641a69:0x2910c,86,92,57,0
10728d70e0641a69:0x2910c,86,93,57,0
10728d70e0641a69:0x2910c,86,94,57,0
10728d70e0641a69:0x2910c,86,94,58,0
10728d70e0641a69:0x2910c,86,95,58,0
10728d70e0641a69:0x2910c,86,96,58,0
10728d70e0641a69:0x2910c,86,97,58,0
10728d70e0641a69:0x2910c,86,98,58,0
10728d70e0641a69:0x2910c,86,99,58,0
10728d70e0641a69:0x2910c,86,99,59,0
10728d70e0641a69:0x2910c,86,100,59,0
10728d70e0641a69:0x2910c,86,101,59,0
10728d70e0641a69:0x2910c,86,102,59,0
10728d70e0641a69:0x2910c,86,102,60,0
10728d70e0641a69:0x2910c,86,103,60,0
10728d70e0641a69:0x2910c,86,104,60,0
10728d70e0641a69:0x2919f,89,106,60,0
10728d70e0641a69:0x2919f,90,106,60,0
10728d70e0641a69:0x291e6,84,59,48,0
10728d70e0641a69:0x291e6,85,59,48,0
10728d70e0641a69:0x29277,89,128,65,0
10728d70e0641a69:0x29277,90,128,65,0
10728d70e0641a69:0x29277,90,129,65,0
10728d70e0641a69:0x29277,90,130,65,0
10728d70e0641a69:0x29277,90,130,66,0
10728d70e0641a69:0x29277,90,131,66,0
10728d70e0641a69:0x29277,90,132,66,0
10728d70e0641a69:0x29277,90,133,66,0
10728d70e0641a69:0x29277,90,134,66,0
10728d70e0641a69:0x29277,90,135,66,0
10728d70e0641a69:0x29277,90,135,67,0
10728d70e0641a69:0x29277,90,136,67,0
10728d70e0641a69:0x29277,90,137,67,0
10728d70e0641a69:0x29277,90,138,67,0
10728d70e0641a69:0x29277,90,139,67,0
10728d70e0641a69:0x29277,90,140,67,0
10728d70e0641a69:0x29277,90,141,67,0
10728d70e0641a69:0x29277,90,142,67,0
10728d70e0641a69:0x29277,90,142,68,0
10728d70e0641a69:0x29277,90,143,68,0
10728d70e0641a69:0x29277,90,144,68,0
10728d70e0641a69:0x29277,90,145,68,0
10728d70e0641a69:0x29277,90,146,68,0
10728d70e0641a69:0x29277,90,147,68,0
10728d70e0641a69:0x29277,90,148,68,0
10728d70e0641a69:0x29277,90,149,68,0
10728d70e0641a69:0x29277,90,150,68,0
10728d70e0641a69:0x29277,90,150,69,0
10728d70e0641a69:0x29277,90,151,69,0
10728d70e0641a69:0x29277,90,152,69,0
10728d70e0641a69:0x2934c,89,104,61,0
10728d70e0641a69:0x2934c,89,105,61,0
10728d70e0641a69:0x2934c,90,105,61,0
10728d70e0641a69:0x2934c,90,106,61,0
10728d70e0641a69:0x2934c,90,107,61,0
10728d70e0641a69:0x2934c,90,107,62,0
10728d70e0641a69:0x2934c,90,108,62,0
10728d70e0641a69:0x2934c,90,109,62,0
10728d70e0641a69:0x2934c,90,110,62,0
10728d70e0641a69:0x2934c,90,111,62,0
10728d70e0641a69:0x2934c,90,112,62,0
10728d70e0641a69:0x2934c,90,112,63,0
10728d70e0641a69:0x2934c,90,113,63,0
10728d70e0641a69:0x2934c,90,114,63,0
10728d70e0641a69:0x2934c,90,115,63,0
10728d70e0641a69:0x2934c,90,116,63,0
10728d70e0641a69:0x2934c,90,117,63,0
10728d70e0641a69:0x2934c,90,117,64,0
10728d70e0641a69:0x2934c,90,118,64,0
10728d70e0641a69:0x2934c,90,119,64,0
10728d70e0641a69:0x2934c,90,120,64,0
10728d70e0641a69:0x2934c,90,121,64,0
10728d70e0641a69:0x2934c,90,122,64,0
10728d70e0641a69:0x2934c,90,123,64,0
10728d70e0641a69:0x2934c,90,123,65,0
10728d70e0641a69:0x2934c,90,124,65,0
10728d70e0641a69:0x2934c,90,125,65,0
10728d70e0641a69:0x7b7dc,64,0,2,0
10728d70e0641a69:0x8eccc,65,3,0,0
10728d70e0641a69:0xa817c,169,32,0,0
10728d70e0641a69:0x1159e5,156,0,28,0
10728d70e0641a69:0x6cd2,258,43,25,0
10728d70e0641a69:0x115a2d,276,39,148,0
10728d70e0641a69:0xa81f9,144,14,2,0
10728d70e0641a69:0xa8240,139,11,3,0
10728d70e0641a69:0xa828b,138,10,3,0
10728d70e0641a69:0xa82d2,138,12,4,0
10728d70e0641a69:0xa831e,136,10,3,0
10728d70e0641a69:0xa8362,136,11,4,0
10728d70e0641a69:0xa83af,134,9,3,0
10728d70e0641a69:0xa83f8,134,10,4,0
10728d70e0641a69:0xa856e,134,16,14,0
10728d70e0641a69:0xa85ea,145,19,19,0
10728d70e0641a69:0x3e5dd,134,17,17,0
10728d70e0641a69:0x3e6a2,128,12,10,0
10728d70e0641a69:0xaa573,42,3,3,0
10728d70e0641a69:0x6cd2,259,43,25,0
10728d70e0641a69:0x115a2d,277,39,148,0
10728d70e0641a69:0xa6db7,75,11,11,0
10728d70e0641a69:0xa6ec6,77,16,17,0
10728d70e0641a69:0xaa60f,39,1,0,0
10728d70e0641a69:0xaa680,39,1,0,0
10728d70e0641a69:0xaa713,39,1,0,0
10728d70e0641a69:0xaa758,39,2,1,0
10728d70e0641a69:0xaa987,23,1,1,0
10728d70e0641a69:0xf247,39,2,1,0
10728d70e0641a69:0xf30f,39,2,1,0
10728d70e0641a69:0xf38b,39,2,1,0
10728d70e0641a69:0xf483,39,2,1,0
10728d70e0641a69:0xf500,39,2,1,0
10728d70e0641a69:0xf5cf,39,2,1,0
10728d70e0641a69:0xf613,39,2,1,0
10728d70e0641a69:0xf68f,39,2,1,0
10728d70e0641a69:0xf74c,39,2,2,0
10728d70e0641a69:0xf80c,39,2,1,0
10728d70e0641a69:0xf89a,39,2,1,0
10728d70e0641a69:0xf9a6,39,2,1,0
10728d70e0641a69:0xc4116,39,2,2,0
10728d70e0641a69:0xc4158,23,1,1,0
10728d70e0641a69:0xc41e3,23,1,1,0
10728d70e0641a69:0xc4268,39,2,2,0
10728d70e0641a69:0xa817c,170,32,0,0
10728d70e0641a69:0x1159e5,157,0,28,0
10728d70e0641a69:0x6cd2,260,43,25,0
10728d70e0641a69:0x115a2d,278,39,148,0
10728d70e0641a69:0xa81f9,145,14,2,0
10728d70e0641a69:0xa8240,140,11,3,0
10728d70e0641a69:0xa828b,139,10,3,0
10728d70e0641a69:0xa82d2,139,12,4,0
10728d70e0641a69:0xa831e,137,10,3,0
10728d70e0641a69:0xa8362,137,11,4,0
10728d70e0641a69:0xa83af,135,9,3,0
10728d70e0641a69:0xa83f8,135,10,4,0
10728d70e0641a69:0xa856e,135,16,14,0
10728d70e0641a69:0xa85ea,146,19,19,0
10728d70e0641a69:0x3e5dd,135,17,17,0
10728d70e0641a69:0x3e6a2,129,12,10,0
10728d70e0641a69:0x3e6e6,86,10,10,0
10728d70e0641a69:0x3e730,85,0,18,0
10728d70e0641a69:0x3e9ce,85,9,9,0
10728d70e0641a69:0x3ea12,85,9,9,0
10728d70e0641a69:0x3ea56,85,10,6,0
10728d70e0641a69:0x3ea9a,82,10,5,0
10728d70e0641a69:0x3eade,79,11,7,0
10728d70e0641a69:0xb0cf6,9,3,3,0
10728d70e0641a69:0x3ce63,9,3,3,0
10728d70e0641a69:0x81b84,79,0,76,0
10728d70e0641a69:0x81bb5,79,15,19,0
10728d70e0641a69:0x6cd2,261,43,25,0
10728d70e0641a69:0x115a2d,279,39,148,0
10728d70e0641a69:0xb0f41,7,3,3,0
10728d70e0641a69:0x6cd2,262,43,25,0
10728d70e0641a69:0x115a2d,280,39,148,0
10728d70e0641a69:0xb0fc4,6,3,3,0
10728d70e0641a69:0xb100e,4,2,2,0
10728d70e0641a69:0xb1055,2,1,2,0
10728d70e0641a69:0xb1055,2,2,2,0
10728d70e0641a69:0xb1055,3,2,2,0
10728d70e0641a69:0xb15cf,1,1,2,0
10728d70e0641a69:0xb15cf,1,2,2,0
10728d70e0641a69:0xb15cf,2,2,2,0
10728d70e0641a69:0xa6db7,75,11,12,0
10728d70e0641a69:0xa6db7,75,12,12,0
10728d70e0641a69:0xa6db7,76,12,12,0
10728d70e0641a69:0xa6ec6,77,16,18,0
10728d70e0641a69:0xa6ec6,77,17,18,0
10728d70e0641a69:0xa6ec6,78,17,18,0
10728d70e0641a69:0xa6f12,8,6,7,0
10728d70e0641a69:0xa6f12,8,7,7,0
10728d70e0641a69:0xa6f12,9,7,7,0
10728d70e0641a69:0x290c3,88,58,49,0
10728d70e0641a69:0x290c3,88,59,49,0
10728d70e0641a69:0x290c3,89,59,49,0
10728d70e0641a69:0x2910c,86,104,61,0
10728d70e0641a69:0x2910c,86,105,61,0
10728d70e0641a69:0x2910c,87,105,61,0
10728d70e0641a69:0x2919f,90,106,61,0
10728d70e0641a69:0x2919f,90,107,61,0
10728d70e0641a69:0x2919f,91,107,61,0
10728d70e0641a69:0x291e6,85,59,49,0
10728d70e0641a69:0x291e6,85,60,49,0
10728d70e0641a69:0x291e6,86,60,49,0
10728d70e0641a69:0x29277,90,152,70,0
10728d70e0641a69:0x29277,90,153,70,0
10728d70e0641a69:0x29277,91,153,70,0
10728d70e0641a69:0x292be,83,57,47,0
10728d70e0641a69:0x292be,83,58,47,0
10728d70e0641a69:0x292be,84,58,47,0
10728d70e0641a69:0x2934c,90,125,66,0
10728d70e0641a69:0x2934c,90,126,66,0
10728d70e0641a69:0x2934c,91,126,66,0
10728d70e0641a69:0x29394,85,58,49,0
10728d70e0641a69:0x29394,85,59,49,0
10728d70e0641a69:0x29394,86,59,49,0
10728d70e0641a69:0x2e2bf,38,18,19,0
10728d70e0641a69:0x2e2bf,38,19,19,0
10728d70e0641a69:0x2e2bf,39,19,19,0
10728d70e0641a69:0xa817c,170,33,0,0
10728d70e0641a69:0xa817c,171,33,0,0
10728d70e0641a69:0x1159e5,157,0,29,0
10728d70e0641a69:0x1159e5,157,0,30,0
10728d70e0641a69:0x1159e5,158,0,30,0
10728d70e0641a69:0x6cd2,262,44,25,0
10728d70e0641a69:0x6cd2,263,44,25,0
10728d70e0641a69:0x115a2d,280,40,148,0
10728d70e0641a69:0x115a2d,281,40,148,0
10728d70e0641a69:0x115a2d,281,40,149,0
10728d70e0641a69:0x115a2d,281,40,150,0
10728d70e0641a69:0x115a2d,281,40,151,0
10728d70e0641a69:0x115a2d,281,40,152,0
10728d70e0641a69:0xa81f9,145,15,2,0
10728d70e0641a69:0xa81f9,146,15,2,0
10728d70e0641a69:0x290c3,90,59,49,0
10728d70e0641a69:0x2910c,87,106,61,0
10728d70e0641a69:0x2910c,88,106,61,0
10728d70e0641a69:0x2910c,88,107,61,0
10728d70e0641a69:0x2910c,88,108,61,0
10728d70e0641a69:0x2910c,88,108,62,0
10728d70e0641a69:0x2910c,88,109,62,0
10728d70e0641a69:0x2910c,88,110,62,0
10728d70e0641a69:0x2910c,88,111,62,0
10728d70e0641a69:0x2910c,88,111,63,0
10728d70e0641a69:0x2910c,88,112,63,0
10728d70e0641a69:0x2910c,88,113,63,0
10728d70e0641a69:0x2910c,88,114,63,0
10728d70e0641a69:0x2910c,88,115,63,0
10728d70e0641a69:0x2910c,88,116,63,0
10728d70e0641a69:0x2910c,88,116,64,0
10728d70e0641a69:0x2910c,88,117,64,0
10728d70e0641a69:0x2910c,88,118,64,0
10728d70e0641a69:0x2910c,88,119,64,0
10728d70e0641a69:0x2910c,88,119,65,0
10728d70e0641a69:0x2910c,88,120,65,0
10728d70e0641a69:0x2910c,88,121,65,0
10728d70e0641a69:0x2919f,91,108,61,0
10728d70e0641a69:0x2919f,92,108,61,0
10728d70e0641a69:0x2919f,92,109,61,0
10728d70e0641a69:0x2919f,92,110,61,0
10728d70e0641a69:0x2919f,92,110,62,0
10728d70e0641a69:0x2919f,92,111,62,0
10728d70e0641a69:0x2919f,92,112,62,0
10728d70e0641a69:0x2919f,92,113,62,0
10728d70e0641a69:0x2919f,92,114,62,0
10728d70e0641a69:0x2919f,92,115,62,0
10728d70e0641a69:0x2919f,92,115,63,0
10728d70e0641a69:0x2919f,92,116,63,0
10728d70e0641a69:0x2919f,92,117,63,0
10728d70e0641a69:0x2919f,92,118,63,0
10728d70e0641a69:0x2919f,92,119,63,0
10728d70e0641a69:0x2919f,92,120,63,0
10728d70e0641a69:0x2919f,92,121,63,0
10728d70e0641a69:0x2919f,92,121,64,0
10728d70e0641a69:0x2919f,92,122,64,0
10728d70e0641a69:0x2919f,92,123,64,0
10728d70e0641a69:0x2919f,92,124,64,0
10728d70e0641a69:0x2919f,92,125,64,0
10728d70e0641a69:0x2919f,92,125,65,0
10728d70e0641a69:0x2919f,92,126,65,0
10728d70e0641a69:0x2919f,92,127,65,0
10728d70e0641a69:0x29277,91,154,70,0
10728d70e0641a69:0x29277,92,154,70,0
10728d70e0641a69:0x292be,84,59,47,0
10728d70e0641a69:0x292be,85,59,47,0
10728d70e0641a69:0x2934c,91,126,67,0
10728d70e0641a69:0x2934c,91,127,67,0
10728d70e0641a69:0x2934c,92,127,67,0
10728d70e0641a69:0x2934c,92,128,67,0
10728d70e0641a69:0x2934c,92,129,67,0
10728d70e0641a69:0x2934c,92,129,68,0
10728d70e0641a69:0x2934c,92,130,68,0
10728d70e0641a69:0x2934c,92,131,68,0
10728d70e0641a69:0x2934c,92,132,68,0
10728d70e0641a69:0x2934c,92,133,68,0
10728d70e0641a69:0x2934c,92,134,68,0
10728d70e0641a69:0x2934c,92,134,69,0
10728d70e0641a69:0x2934c,92,135,69,0
10728d70e0641a69:0x2934c,92,136,69,0
10728d70e0641a69:0x2934c,92,137,69,0
10728d70e0641a69:0x2934c,92,138,69,0
10728d70e0641a69:0x2934c,92,139,69,0
10728d70e0641a69:0x2934c,92,139,70,0
10728d70e0641a69:0x2934c,92,140,70,0
10728d70e0641a69:0x2934c,92,141,70,0
10728d70e0641a69:0x2934c,92,141,71,0
10728d70e0641a69:0x2934c,92,142,71,0
10728d70e0641a69:0x2934c,92,143,71,0
10728d70e0641a69:0x7b7dc,65,0,2,0
10728d70e0641a69:0x8eccc,66,3,0,0
10728d70e0641a69:0xa817c,172,33,0,0
10728d70e0641a69:0x1159e5,159,0,30,0
10728d70e0641a69:0x6cd2,264,44,25,0
10728d70e0641a69:0x115a2d,282,40,152,0
10728d70e0641a69:0xa81f9,147,15,2,0
10728d70e0641a69:0xa8240,141,11,3,0
10728d70e0641a69:0xa828b,140,10,3,0
10728d70e0641a69:0xa82d2,140,12,4,0
10728d70e0641a69:0xa831e,138,10,3,0
10728d70e0641a69:0xa8362,138,11,4,0
10728d70e0641a69:0xa83af,136,9,3,0
10728d70e0641a69:0xa83f8,136,10,4,0
10728d70e0641a69:0xa856e,136,16,14,0
10728d70e0641a69:0xa85ea,147,19,19,0
10728d70e0641a69:0x3e5dd,136,17,17,0
10728d70e0641a69:0x3e6a2,130,12,10,0
10728d70e0641a69:0xaa573,43,3,3,0
10728d70e0641a69:0x6cd2,265,44,25,0
10728d70e0641a69:0x115a2d,283,40,152,0
10728d70e0641a69:0xa6db7,77,12,12,0
10728d70e0641a69:0xa6ec6,79,17,18,0
10728d70e0641a69:0xaa60f,40,1,0,0
10728d70e0641a69:0xaa680,40,1,0,0
10728d70e0641a69:0xaa713,40,1,0,0
10728d70e0641a69:0xaa758,40,2,1,0
10728d70e0641a69:0xaa987,24,1,1,0
10728d70e0641a69:0xf247,40,2,1,0
10728d70e0641a69:0xf30f,40,2,1,0
10728d70e0641a69:0xf38b,40,2,1,0
10728d70e0641a69:0xf483,40,2,1,0
10728d70e0641a69:0xf500,40,2,1,0
10728d70e0641a69:0xf5cf,40,2,1,0
10728d70e0641a69:0xf613,40,2,1,0
10728d70e0641a69:0xf68f,40,2,1,0
10728d70e0641a69:0xf74c,40,2,2,0
10728d70e0641a69:0xf80c,40,2,1,0
10728d70e0641a69:0xf89a,40,2,1,0
10728d70e0641a69:0xf9a6,40,2,1,0
10728d70e0641a69:0xc4116,40,2,2,0
10728d70e0641a69:0xc4158,24,1,1,0
10728d70e0641a69:0xc41e3,24,1,1,0
10728d70e0641a69:0xc4268,40,2,2,0
10728d70e0641a69:0xa817c,173,33,0,0
10728d70e0641a69:0x1159e5,160,0,30,0
10728d70e0641a69:0x6cd2,266,44,25,0
10728d70e0641a69:0x115a2d,284,40,152,0
10728d70e0641a69:0xa81f9,148,15,2,0
10728d70e0641a69:0xa8240,142,11,3,0
10728d70e0641a69:0xa828b,141,10,3,0
10728d70e0641a69:0xa82d2,141,12,4,0
10728d70e0641a69:0xa831e,139,10,3,0
10728d70e0641a69:0xa8362,139,11,4,0
10728d70e0641a69:0xa83af,137,9,3,0
10728d70e0641a69:0xa83f8,137,10,4,0
10728d70e0641a69:0xa856e,137,16,14,0
10728d70e0641a69:0xa85ea,148,19,19,0
10728d70e0641a69:0x3e5dd,137,17,17,0
10728d70e0641a69:0x3e6a2,131,12,10,0
10728d70e0641a69:0x3e6e6,87,10,10,0
10728d70e0641a69:0x3e730,86,0,18,0
10728d70e0641a69:0x3e9ce,86,9,9,0
10728d70e0641a69:0x3ea12,86,9,9,0
10728d70e0641a69:0x3ea56,86,10,6,0
10728d70e0641a69:0x3ea9a,83,10,5,0
10728d70e0641a69:0x3eade,80,11,7,0
10728d70e0641a69:0xb0cf6,10,3,3,0
10728d70e0641a69:0x3ce63,10,3,3,0
10728d70e0641a69:0x81b84,80,0,76,0
10728d70e0641a69:0x81bb5,80,15,19,0
10728d70e0641a69:0x81bce,69,14,15,0
10728d70e0641a69:0x81c47,69,14,27,0
10728d70e0641a69:0x81c69,68,13,13,0
10728d70e0641a69:0x8216e,69,14,27,0
10728d70e0641a69:0x82198,68,8,18,0
10728d70e0641a69:0x821dc,68,13,26,0
10728d70e0641a69:0x821f5,68,12,24,0
10728d70e0641a69:0x8220b,68,14,25,0
10728d70e0641a69:0x8222e,70,16,43,0
10728d70e0641a69:0x841c9,68,0,28,0
10728d70e0641a69:0x841d4,68,0,34,0
10728d70e0641a69:0x6cd2,267,44,25,0
10728d70e0641a69:0x115a2d,285,40,152,0
10728d70e0641a69:0xb0f41,7,3,4,0
10728d70e0641a69:0xb0f41,7,4,4,0
10728d70e0641a69:0xb0f41,8,4,4,0
10728d70e0641a69:0x6cd2,268,44,25,0
10728d70e0641a69:0x115a2d,286,40,152,0
10728d70e0641a69:0xb0fc4,6,3,4,0
10728d70e0641a69:0xb0fc4,6,4,4,0
10728d70e0641a69:0xb0fc4,7,4,4,0
10728d70e0641a69:0xb100e,4,2,3,0
10728d70e0641a69:0xb100e,4,3,3,0
10728d70e0641a69:0xb100e,5,3,3,0
10728d70e0641a69:0xb1055,3,2,3,0
10728d70e0641a69:0xb1055,3,3,3,0
10728d70e0641a69:0xb1055,4,3,3,0
10728d70e0641a69:0xb1098,2,1,2,0
10728d70e0641a69:0xb1098,2,2,2,0
10728d70e0641a69:0xb1098,3,2,2,0
10728d70e0641a69:0x6cd2,269,44,25,0
10728d70e0641a69:0x115a2d,287,40,152,0
10728d70e0641a69:0xb127b,2,1,2,0
10728d70e0641a69:0xb127b,2,2,2,0
10728d70e0641a69:0xb127b,3,2,2,0
10728d70e0641a69:0x6cd2,269,44,26,0
10728d70e0641a69:0x6cd2,269,45,26,0
10728d70e0641a69:0x6cd2,270,45,26,0
10728d70e0641a69:0x115a2d,287,40,153,0
10728d70e0641a69:0x115a2d,287,41,153,0
10728d70e0641a69:0x115a2d,288,41,153,0
10728d70e0641a69:0x115a2d,288,41,154,0
10728d70e0641a69:0x6cd2,270,45,27,0
10728d70e0641a69:0x6cd2,270,46,27,0
10728d70e0641a69:0x6cd2,271,46,27,0
10728d70e0641a69:0x115a2d,289,41,154,0
10728d70e0641a69:0x6cd2,271,46,28,0
10728d70e0641a69:0x6cd2,271,47,28,0
10728d70e0641a69:0x6cd2,272,47,28,0
10728d70e0641a69:0x115a2d,290,41,154,0
10728d70e0641a69:0x6cd2,273,47,28,0
10728d70e0641a69:0x115a2d,290,41,155,0
10728d70e0641a69:0x115a2d,290,42,155,0
10728d70e0641a69:0x115a2d,291,42,155,0
10728d70e0641a69:0x115a2d,291,42,156,0
10728d70e0641a69:0xb15cf,2,2,3,0
10728d70e0641a69:0xb15cf,2,3,3,0
10728d70e0641a69:0xb15cf,3,3,3,0
10728d70e0641a69:0x6cd2,274,47,28,0
10728d70e0641a69:0x115a2d,292,42,156,0
10728d70e0641a69:0x6cd2,274,47,29,0
10728d70e0641a69:0x6cd2,274,48,29,0
10728d70e0641a69:0x6cd2,275,48,29,0
10728d70e0641a69:0x115a2d,293,42,156,0
10728d70e0641a69:0x6cd2,276,48,29,0
10728d70e0641a69:0x115a2d,294,42,156,0
10728d70e0641a69:0x6cd2,277,48,29,0
10728d70e0641a69:0x115a2d,295,42,156,0
10728d70e0641a69:0xb15cf,3,3,4,0
10728d70e0641a69:0xb15cf,3,4,4,0
10728d70e0641a69:0xb15cf,4,4,4,0
10728d70e0641a69:0x6cd2,277,48,30,0
10728d70e0641a69:0x6cd2,277,49,30,0
10728d70e0641a69:0x6cd2,278,49,30,0
10728d70e0641a69:0x115a2d,296,42,156,0
10728d70e0641a69:0x6cd2,279,49,30,0
10728d70e0641a69:0x115a2d,297,42,156,0
10728d70e0641a69:0x6cd2,279,49,31,0
10728d70e0641a69:0x6cd2,279,50,31,0
10728d70e0641a69:0x6cd2,280,50,31,0
10728d70e0641a69:0x115a2d,298,42,156,0
10728d70e0641a69:0x6cd2,281,50,31,0
10728d70e0641a69:0x115a2d,298,42,157,0
10728d70e0641a69:0x115a2d,298,43,157,0
10728d70e0641a69:0x115a2d,299,43,157,0
10728d70e0641a69:0x115a2d,299,43,158,0
10728d70e0641a69:0xb15cf,5,4,4,0
10728d70e0641a69:0x6cd2,282,50,31,0
10728d70e0641a69:0x115a2d,300,43,158,0
10728d70e0641a69:0x6cd2,283,50,31,0
10728d70e0641a69:0x115a2d,301,43,158,0
10728d70e0641a69:0x6cd2,284,50,31,0
10728d70e0641a69:0x115a2d,302,43,158,0
10728d70e0641a69:0x6cd2,285,50,31,0
10728d70e0641a69:0x115a2d,303,43,158,0
10728d70e0641a69:0xb15cf,5,4,5,0
10728d70e0641a69:0xb15cf,5,5,5,0
10728d70e0641a69:0xb15cf,6,5,5,0
10728d70e0641a69:0x6cd2,285,50,32,0
10728d70e0641a69:0x6cd2,285,51,32,0
10728d70e0641a69:0x6cd2,286,51,32,0
10728d70e0641a69:0x115a2d,304,43,158,0
10728d70e0641a69:0x6cd2,287,51,32,0
10728d70e0641a69:0x115a2d,305,43,158,0
10728d70e0641a69:0x6cd2,288,51,32,0
10728d70e0641a69:0x115a2d,306,43,158,0
10728d70e0641a69:0x6cd2,289,51,32,0
10728d70e0641a69:0x115a2d,307,43,158,0
10728d70e0641a69:0xb15cf,6,5,6,0
10728d70e0641a69:0xb15cf,6,6,6,0
10728d70e0641a69:0xb15cf,7,6,6,0
10728d70e0641a69:0xa6db7,77,12,13,0
10728d70e0641a69:0xa6db7,77,13,13,0
10728d70e0641a69:0xa6db7,78,13,13,0
10728d70e0641a69:0xa6ec6,79,17,19,0
10728d70e0641a69:0xa6ec6,79,18,19,0
10728d70e0641a69:0xa6ec6,80,18,19,0
10728d70e0641a69:0xa6f12,9,7,8,0
10728d70e0641a69:0xa6f12,9,8,8,0
10728d70e0641a69:0xa6f12,10,8,8,0
10728d70e0641a69:0x290c3,90,59,50,0
10728d70e0641a69:0x290c3,90,60,50,0
10728d70e0641a69:0x290c3,91,60,50,0
10728d70e0641a69:0x2910c,88,121,66,0
10728d70e0641a69:0x2910c,88,122,66,0
10728d70e0641a69:0x2910c,89,122,66,0
10728d70e0641a69:0x2919f,92,127,66,0
10728d70e0641a69:0x2919f,92,128,66,0
10728d70e0641a69:0x2919f,93,128,66,0
10728d70e0641a69:0x291e6,86,60,50,0
10728d70e0641a69:0x291e6,86,61,50,0
10728d70e0641a69:0x291e6,87,61,50,0
10728d70e0641a69:0x29277,92,154,71,0
10728d70e0641a69:0x29277,92,155,71,0
10728d70e0641a69:0x29277,93,155,71,0
10728d70e0641a69:0x292be,85,59,48,0
10728d70e0641a69:0x292be,85,60,48,0
10728d70e0641a69:0x292be,86,60,48,0
10728d70e0641a69:0x2934c,93,143,71,0
10728d70e0641a69:0x29394,86,59,50,0
10728d70e0641a69:0x29394,86,60,50,0
10728d70e0641a69:0x29394,87,60,50,0
10728d70e0641a69:0x2e2bf,39,19,20,0
10728d70e0641a69:0x2e2bf,39,20,20,0
10728d70e0641a69:0x2e2bf,40,20,20,0
10728d70e0641a69:0x8451c,2,0,5,0
10728d70e0641a69:0x8451c,2,0,6,0
10728d70e0641a69:0x8451c,3,0,6,0
10728d70e0641a69:0x84527,2,0,5,0
10728d70e0641a69:0x84527,2,0,6,0
10728d70e0641a69:0x84527,3,0,6,0
10728d70e0641a69:0x7fd7c,2,0,5,0
10728d70e0641a69:0x7fd7c,2,0,6,0
10728d70e0641a69:0x7fd7c,3,0,6,0
10728d70e0641a69:0x7fd90,2,2,3,0
10728d70e0641a69:0x7fd90,2,3,3,0
10728d70e0641a69:0x7fd90,3,3,3,0
10728d70e0641a69:0x7fd98,2,0,5,0
10728d70e0641a69:0x7fd98,2,0,6,0
10728d70e0641a69:0x7fd98,3,0,6,0
10728d70e0641a69:0x7fda5,2,2,4,0
10728d70e0641a69:0x7fda5,2,3,4,0
10728d70e0641a69:0x7fda5,3,3,4,0
10728d70e0641a69:0x7fda5,3,3,5,0
10728d70e0641a69:0x7fdb7,2,1,4,0
10728d70e0641a69:0x7fdb7,2,2,4,0
10728d70e0641a69:0x7fdb7,3,2,4,0
10728d70e0641a69:0x7fdc8,2,2,4,0
10728d70e0641a69:0x7fdc8,2,3,4,0
10728d70e0641a69:0x7fdc8,3,3,4,0
10728d70e0641a69:0x7fdc8,3,3,5,0
10728d70e0641a69:0x804d3,1,1,2,0
10728d70e0641a69:0x804d3,1,2,2,0
10728d70e0641a69:0x804d3,2,2,2,0
10728d70e0641a69:0xa817c,173,34,0,0
10728d70e0641a69:0xa817c,174,34,0,0
10728d70e0641a69:0x1159e5,160,0,31,0
10728d70e0641a69:0x1159e5,160,0,32,0
10728d70e0641a69:0x1159e5,161,0,32,0
10728d70e0641a69:0x6cd2,289,52,32,0
10728d70e0641a69:0x6cd2,290,52,32,0
10728d70e0641a69:0x115a2d,308,43,158,0
10728d70e0641a69:0xa81f9,148,15,3,0
10728d70e0641a69:0xa81f9,148,16,3,0
10728d70e0641a69:0xa81f9,149,16,3,0
10728d70e0641a69:0x290c3,92,60,50,0
10728d70e0641a69:0x2910c,89,122,67,0
10728d70e0641a69:0x2910c,89,123,67,0
10728d70e0641a69:0x2910c,90,123,67,0
10728d70e0641a69:0x2910c,90,123,68,0
10728d70e0641a69:0x2910c,90,123,69,0
10728d70e0641a69:0x2919f,93,128,67,0
10728d70e0641a69:0x2919f,93,129,67,0
10728d70e0641a69:0x2919f,94,129,67,0
10728d70e0641a69:0x2919f,94,129,68,0
10728d70e0641a69:0x2919f,94,129,69,0
10728d70e0641a69:0x29277,93,155,72,0
10728d70e0641a69:0x29277,93,156,72,0
10728d70e0641a69:0x29277,94,156,72,0
10728d70e0641a69:0x29277,94,156,73,0
10728d70e0641a69:0x29277,94,156,74,0
10728d70e0641a69:0x2934c,93,143,72,0
10728d70e0641a69:0x2934c,93,144,72,0
10728d70e0641a69:0x2934c,94,144,72,0
10728d70e0641a69:0x2934c,94,144,73,0
10728d70e0641a69:0x2934c,94,144,74,0
10728d70e0641a69:0x802cf,3,0,10,0
10728d70e0641a69:0x802cf,3,0,11,0
10728d70e0641a69:0x802cf,4,0,11,0
10728d70e0641a69:0x802cf,4,0,12,0
10728d70e0641a69:0x808ee,5,1,11,0
10728d70e0641a69:0x808ee,5,1,12,0
10728d70e0641a69:0x808ee,6,1,12,0
10728d70e0641a69:0x7ffc4,3,0,7,0
10728d70e0641a69:0x7ffc4,3,0,8,0
10728d70e0641a69:0x7ffc4,4,0,8,0
10728d70e0641a69:0x802cf,5,0,12,0
10728d70e0641a69:0x808ee,7,1,12,0
10728d70e0641a69:0x7ffc4,5,0,8,0
10728d70e0641a69:0x7b7dc,66,0,2,0
10728d70e0641a69:0x8eccc,67,3,0,0
10728d70e0641a69:0xa817c,175,34,0,0
10728d70e0641a69:0x1159e5,162,0,32,0
10728d70e0641a69:0x6cd2,291,52,32,0
10728d70e0641a69:0x115a2d,309,43,158,0
10728d70e0641a69:0xa81f9,150,16,3,0
10728d70e0641a69:0xa8240,143,11,3,0
10728d70e0641a69:0xa828b,142,10,3,0
10728d70e0641a69:0xa82d2,142,12,4,0
10728d70e0641a69:0xa831e,140,10,3,0
10728d70e0641a69:0xa8362,140,11,4,0
10728d70e0641a69:0xa83af,138,9,3,0
10728d70e0641a69:0xa83f8,138,10,4,0
10728d70e0641a69:0xa856e,138,16,14,0
10728d70e0641a69:0xa85ea,149,19,19,0
10728d70e0641a69:0x3e5dd,138,17,17,0
10728d70e0641a69:0x3e6a2,132,12,10,0
10728d70e0641a69:0xaa573,44,3,3,0
10728d70e0641a69:0x6cd2,292,52,32,0
10728d70e0641a69:0x115a2d,310,43,158,0
10728d70e0641a69:0xa6db7,79,13,13,0
10728d70e0641a69:0xa6ec6,81,18,19,0
10728d70e0641a69:0xaa60f,41,1,0,0
10728d70e0641a69:0xaa680,41,1,0,0
10728d70e0641a69:0xaa713,41,1,0,0
10728d70e0641a69:0xaa758,41,2,1,0
10728d70e0641a69:0xaa987,25,1,1,0
10728d70e0641a69:0xf247,41,2,1,0
10728d70e0641a69:0xf30f,41,2,1,0
10728d70e0641a69:0xf38b,41,2,1,0
10728d70e0641a69:0xf483,41,2,1,0
10728d70e0641a69:0xf500,41,2,1,0
10728d70e0641a69:0xf5cf,41,2,1,0
10728d70e0641a69:0xf613,41,2,1,0
10728d70e0641a69:0xf68f,41,2,1,0
10728d70e0641a69:0xf74c,41,2,2,0
10728d70e0641a69:0xf80c,41,2,1,0
10728d70e0641a69:0xf89a,41,2,1,0
10728d70e0641a69:0xf9a6,41,2,1,0
10728d70e0641a69:0xc4116,41,2,2,0
10728d70e0641a69:0xc4158,25,1,1,0
10728d70e0641a69:0xc41e3,25,1,1,0
10728d70e0641a69:0xc4268,41,2,2,0
10728d70e0641a69:0xa817c,176,34,0,0
10728d70e0641a69:0x1159e5,163,0,32,0
10728d70e0641a69:0x6cd2,293,52,32,0
10728d70e0641a69:0x115a2d,311,43,158,0
10728d70e0641a69:0xa81f9,151,16,3,0
10728d70e0641a69:0xa8240,144,11,3,0
10728d70e0641a69:0xa828b,143,10,3,0
10728d70e0641a69:0xa82d2,143,12,4,0
10728d70e0641a69:0xa831e,141,10,3,0
10728d70e0641a69:0xa8362,141,11,4,0
10728d70e0641a69:0xa83af,139,9,3,0
10728d70e0641a69:0xa83f8,139,10,4,0
10728d70e0641a69:0xa856e,139,16,14,0
10728d70e0641a69:0xa85ea,150,19,19,0
10728d70e0641a69:0x3e5dd,139,17,17,0
10728d70e0641a69:0x3e6a2,133,12,10,0
10728d70e0641a69:0x3e6e6,88,10,10,0
10728d70e0641a69:0x3e730,87,0,18,0
10728d70e0641a69:0x3e9ce,87,9,9,0
10728d70e0641a69:0x3ea12,87,9,9,0
10728d70e0641a69:0x3ea56,87,10,6,0
10728d70e0641a69:0x3ea9a,84,10,5,0
10728d70e0641a69:0x3eade,81,11,7,0
10728d70e0641a69:0xb0cf6,11,3,3,0
10728d70e0641a69:0x3ce63,11,3,3,0
10728d70e0641a69:0x81b84,81,0,76,0
10728d70e0641a69:0x81bb5,81,15,19,0
10728d70e0641a69:0x81bce,70,14,15,0
10728d70e0641a69:0x81c47,70,14,27,0
10728d70e0641a69:0x81cb1,2,1,1,0
10728d70e0641a69:0x81cc2,2,1,1,0
10728d70e0641a69:0x8246f,2,1,1,0
10728d70e0641a69:0x8247c,1,1,2,0
10728d70e0641a69:0x8247c,1,2,2,0
10728d70e0641a69:0x8247c,2,2,2,0
10728d70e0641a69:0x8216e,69,14,28,0
10728d70e0641a69:0x8216e,69,15,28,0
10728d70e0641a69:0x8216e,70,15,28,0
10728d70e0641a69:0x8216e,70,15,29,0
10728d70e0641a69:0x82320,0,0,1,0
10728d70e0641a69:0x82320,0,1,1,0
10728d70e0641a69:0x82320,1,1,1,0
10728d70e0641a69:0x82320,1,1,2,0
10728d70e0641a69:0x82198,68,8,19,0
10728d70e0641a69:0x82198,68,8,20,0
10728d70e0641a69:0x82198,69,8,20,0
10728d70e0641a69:0x821dc,68,13,27,0
10728d70e0641a69:0x821dc,68,13,28,0
10728d70e0641a69:0x821dc,69,13,28,0
10728d70e0641a69:0x8222e,70,16,44,0
10728d70e0641a69:0x8222e,70,17,44,0
10728d70e0641a69:0x8222e,71,17,44,0
10728d70e0641a69:0x8222e,71,17,45,0
10728d70e0641a69:0x841c9,68,0,29,0
10728d70e0641a69:0x841c9,68,0,30,0
10728d70e0641a69:0x841c9,69,0,30,0
10728d70e0641a69:0x841d4,68,0,35,0
10728d70e0641a69:0x841d4,68,0,36,0
10728d70e0641a69:0x841d4,69,0,36,0
10728d70e0641a69:0x6cd2,293,52,33,0
10728d70e0641a69:0x6cd2,293,53,33,0
10728d70e0641a69:0x6cd2,294,53,33,0
10728d70e0641a69:0x115a2d,311,43,159,0
10728d70e0641a69:0x115a2d,311,44,159,0
10728d70e0641a69:0x115a2d,312,44,159,0
10728d70e0641a69:0x115a2d,312,44,160,0
10728d70e0641a69:0xb0f41,8,4,5,0
10728d70e0641a69:0xb0f41,8,5,5,0
10728d70e0641a69:0xb0f41,9,5,5,0
10728d70e0641a69:0x6cd2,295,53,33,0
10728d70e0641a69:0x115a2d,313,44,160,0
10728d70e0641a69:0xb0fc4,7,4,5,0
10728d70e0641a69:0xb0fc4,7,5,5,0
10728d70e0641a69:0xb0fc4,8,5,5,0
10728d70e0641a69:0xb100e,5,3,4,0
10728d70e0641a69:0xb100e,5,4,4,0
10728d70e0641a69:0xb100e,6,4,4,0
10728d70e0641a69:0xb1055,4,3,4,0
10728d70e0641a69:0xb1055,4,4,4,0
10728d70e0641a69:0xb1055,5,4,4,0
10728d70e0641a69:0xb1098,3,2,3,0
10728d70e0641a69:0xb1098,3,3,3,0
10728d70e0641a69:0xb1098,4,3,3,0
10728d70e0641a69:0x6cd2,295,53,34,0
10728d70e0641a69:0x6cd2,295,54,34,0
10728d70e0641a69:0x6cd2,296,54,34,0
10728d70e0641a69:0x115a2d,314,44,160,0
10728d70e0641a69:0x6cd2,297,54,34,0
10728d70e0641a69:0x115a2d,314,44,161,0
10728d70e0641a69:0x115a2d,314,45,161,0
10728d70e0641a69:0x115a2d,315,45,161,0
10728d70e0641a69:0x115a2d,315,45,162,0
10728d70e0641a69:0xb127b,3,2,3,0
10728d70e0641a69:0xb127b,3,3,3,0
10728d70e0641a69:0xb127b,4,3,3,0
10728d70e0641a69:0x6cd2,298,54,34,0
10728d70e0641a69:0x115a2d,316,45,162,0
10728d70e0641a69:0x6cd2,299,54,34,0
10728d70e0641a69:0x115a2d,317,45,162,0
10728d70e0641a69:0x6cd2,300,54,34,0
10728d70e0641a69:0x115a2d,318,45,162,0
10728d70e0641a69:0x6cd2,301,54,34,0
10728d70e0641a69:0x115a2d,319,45,162,0
10728d70e0641a69:0xb15cf,7,6,7,0
10728d70e0641a69:0xb15cf,7,7,7,0
10728d70e0641a69:0xb15cf,8,7,7,0
10728d70e0641a69:0x6cd2,302,54,34,0
10728d70e0641a69:0x115a2d,320,45,162,0
10728d70e0641a69:0x6cd2,303,54,34,0
10728d70e0641a69:0x115a2d,321,45,162,0
10728d70e0641a69:0x6cd2,304,54,34,0
10728d70e0641a69:0x115a2d,322,45,162,0
10728d70e0641a69:0x6cd2,305,54,34,0
10728d70e0641a69:0x115a2d,323,45,162,0
10728d70e0641a69:0xb15cf,9,7,7,0
10728d70e0641a69:0x6cd2,306,54,34,0
10728d70e0641a69:0x115a2d,324,45,162,0
10728d70e0641a69:0x6cd2,307,54,34,0
10728d70e0641a69:0x115a2d,325,45,162,0
10728d70e0641a69:0x6cd2,308,54,34,0
10728d70e0641a69:0x115a2d,326,45,162,0
10728d70e0641a69:0x6cd2,309,54,34,0
10728d70e0641a69:0x115a2d,327,45,162,0
10728d70e0641a69:0xb15cf,10,7,7,0
10728d70e0641a69:0x6cd2,310,54,34,0
10728d70e0641a69:0x115a2d,328,45,162,0
10728d70e0641a69:0x6cd2,311,54,34,0
10728d70e0641a69:0x115a2d,329,45,162,0
10728d70e0641a69:0x6cd2,312,54,34,0
10728d70e0641a69:0x115a2d,330,45,162,0
10728d70e0641a69:0x6cd2,313,54,34,0
10728d70e0641a69:0x115a2d,331,45,162,0
10728d70e0641a69:0xb15cf,11,7,7,0
10728d70e0641a69:0x6cd2,314,54,34,0
10728d70e0641a69:0x115a2d,332,45,162,0
10728d70e0641a69:0x6cd2,315,54,34,0
10728d70e0641a69:0x115a2d,333,45,162,0
10728d70e0641a69:0x6cd2,316,54,34,0
10728d70e0641a69:0x115a2d,334,45,162,0
10728d70e0641a69:0x6cd2,316,54,35,0
10728d70e0641a69:0x6cd2,316,55,35,0
10728d70e0641a69:0x6cd2,317,55,35,0
10728d70e0641a69:0x115a2d,335,45,162,0
10728d70e0641a69:0xb15cf,12,7,7,0
10728d70e0641a69:0x6cd2,318,55,35,0
10728d70e0641a69:0x115a2d,336,45,162,0
10728d70e0641a69:0x6cd2,319,55,35,0
10728d70e0641a69:0x115a2d,337,45,162,0
10728d70e0641a69:0x6cd2,320,55,35,0
10728d70e0641a69:0x115a2d,338,45,162,0
10728d70e0641a69:0x6cd2,321,55,35,0
10728d70e0641a69:0x115a2d,339,45,162,0
10728d70e0641a69:0xb15cf,13,7,7,0
10728d70e0641a69:0x6cd2,322,55,35,0
10728d70e0641a69:0x115a2d,340,45,162,0
10728d70e0641a69:0x6cd2,323,55,35,0
10728d70e0641a69:0x115a2d,341,45,162,0
10728d70e0641a69:0x6cd2,324,55,35,0
10728d70e0641a69:0x115a2d,341,45,163,0
10728d70e0641a69:0x115a2d,341,46,163,0
10728d70e0641a69:0x115a2d,342,46,163,0
10728d70e0641a69:0x115a2d,342,46,164,0
10728d70e0641a69:0x6cd2,325,55,35,0
10728d70e0641a69:0x115a2d,343,46,164,0
10728d70e0641a69:0xb15cf,14,7,7,0
10728d70e0641a69:0x6cd2,326,55,35,0
10728d70e0641a69:0x115a2d,344,46,164,0
10728d70e0641a69:0x6cd2,327,55,35,0
10728d70e0641a69:0x115a2d,345,46,164,0
10728d70e0641a69:0x6cd2,328,55,35,0
10728d70e0641a69:0x115a2d,346,46,164,0
10728d70e0641a69:0x8451c,3,0,7,0
10728d70e0641a69:0x8451c,3,0,8,0
10728d70e0641a69:0x8451c,4,0,8,0
10728d70e0641a69:0x84527,3,0,7,0
10728d70e0641a69:0x84527,3,0,8,0
10728d70e0641a69:0x84527,4,0,8,0
10728d70e0641a69:0x7fd7c,3,0,7,0
10728d70e0641a69:0x7fd7c,3,0,8,0
10728d70e0641a69:0x7fd7c,4,0,8,0
10728d70e0641a69:0x7fd90,3,3,4,0
10728d70e0641a69:0x7fd90,3,4,4,0
10728d70e0641a69:0x7fd90,4,4,4,0
10728d70e0641a69:0x7fd98,3,0,7,0
10728d70e0641a69:0x7fd98,3,0,8,0
10728d70e0641a69:0x7fd98,4,0,8,0
10728d70e0641a69:0x7fda5,3,3,6,0
10728d70e0641a69:0x7fda5,3,4,6,0
10728d70e0641a69:0x7fda5,4,4,6,0
10728d70e0641a69:0x7feba,1,0,3,0
10728d70e0641a69:0x7feba,1,0,4,0
10728d70e0641a69:0x7feba,2,0,4,0
10728d70e0641a69:0x802cf,5,0,13,0
10728d70e0641a69:0x802cf,5,0,14,0
10728d70e0641a69:0x802cf,6,0,14,0
10728d70e0641a69:0x802cf,6,0,15,0
10728d70e0641a69:0x808ee,7,1,13,0
10728d70e0641a69:0x808ee,7,2,13,0
10728d70e0641a69:0x808ee,8,2,13,0
10728d70e0641a69:0x808ee,8,2,14,0
10728d70e0641a69:0x7fef8,1,0,3,0
10728d70e0641a69:0x7fef8,1,0,4,0
10728d70e0641a69:0x7fef8,2,0,4,0
10728d70e0641a69:0x7ff09,1,1,2,0
10728d70e0641a69:0x7ff09,1,2,2,0
10728d70e0641a69:0x7ff09,2,2,2,0
10728d70e0641a69:0x7ff16,1,1,2,0
10728d70e0641a69:0x7ff16,1,2,2,0
10728d70e0641a69:0x7ff16,2,2,2,0
10728d70e0641a69:0x7ff2e,1,0,3,0
10728d70e0641a69:0x7ff2e,1,0,4,0
10728d70e0641a69:0x7ff2e,2,0,4,0
10728d70e0641a69:0x7ffc4,5,0,9,0
10728d70e0641a69:0x7ffc4,5,0,10,0
10728d70e0641a69:0x7ffc4,6,0,10,0
10728d70e0641a69:0x80072,1,0,3,0
10728d70e0641a69:0x80072,1,0,4,0
10728d70e0641a69:0x80072,2,0,4,0
10728d70e0641a69:0x8099c,1,0,3,0
10728d70e0641a69:0x8099c,1,0,4,0
10728d70e0641a69:0x8099c,2,0,4,0
10728d70e0641a69:0x808ee,9,2,14,0
10728d70e0641a69:0x808ee,10,2,14,0
10728d70e0641a69:0x7b7dc,67,0,2,0
10728d70e0641a69:0x8eccc,68,3,0,0
10728d70e0641a69:0xa817c,177,34,0,0
10728d70e0641a69:0x1159e5,164,0,32,0
10728d70e0641a69:0x6cd2,329,55,35,0
10728d70e0641a69:0x115a2d,347,46,164,0
10728d70e0641a69:0xa81f9,152,16,3,0
10728d70e0641a69:0xa8240,145,11,3,0
10728d70e0641a69:0xa828b,144,10,3,0
10728d70e0641a69:0xa82d2,144,12,4,0
10728d70e0641a69:0xa831e,142,10,3,0
10728d70e0641a69:0xa8362,142,11,4,0
10728d70e0641a69:0xa83af,140,9,3,0
10728d70e0641a69:0xa83f8,140,10,4,0
10728d70e0641a69:0xa856e,140,16,14,0
10728d70e0641a69:0xa85ea,151,19,19,0
10728d70e0641a69:0x3e5dd,140,17,17,0
10728d70e0641a69:0x3e6a2,134,12,10,0
10728d70e0641a69:0xaa573,45,3,3,0
10728d70e0641a69:0x6cd2,330,55,35,0
10728d70e0641a69:0x115a2d,348,46,164,0
10728d70e0641a69:0xa6db7,80,13,13,0
10728d70e0641a69:0xa6ec6,82,18,19,0
10728d70e0641a69:0xaa60f,42,1,0,0
10728d70e0641a69:0xaa680,42,1,0,0
10728d70e0641a69:0xaa713,42,1,0,0
10728d70e0641a69:0xaa758,42,2,1,0
10728d70e0641a69:0xaa987,26,1,1,0
10728d70e0641a69:0xf247,42,2,1,0
10728d70e0641a69:0xf30f,42,2,1,0
10728d70e0641a69:0xf38b,42,2,1,0
10728d70e0641a69:0xf483,42,2,1,0
10728d70e0641a69:0xf500,42,2,1,0
10728d70e0641a69:0xf5cf,42,2,1,0
10728d70e0641a69:0xf613,42,2,1,0
10728d70e0641a69:0xf68f,42,2,1,0
10728d70e0641a69:0xf74c,42,2,2,0
10728d70e0641a69:0xf80c,42,2,1,0
10728d70e0641a69:0xf89a,42,2,1,0
10728d70e0641a69:0xf9a6,42,2,1,0
10728d70e0641a69:0xc4116,42,2,2,0
10728d70e0641a69:0xc4158,26,1,1,0
10728d70e0641a69:0xc41e3,26,1,1,0
10728d70e0641a69:0xc4268,42,2,2,0
10728d70e0641a69:0xa817c,178,34,0,0
10728d70e0641a69:0x1159e5,165,0,32,0
10728d70e0641a69:0x6cd2,331,55,35,0
10728d70e0641a69:0x115a2d,349,46,164,0
10728d70e0641a69:0xa81f9,153,16,3,0
10728d70e0641a69:0xa8240,146,11,3,0
10728d70e0641a69:0xa828b,145,10,3,0
10728d70e0641a69:0xa82d2,145,12,4,0
10728d70e0641a69:0xa831e,143,10,3,0
10728d70e0641a69:0xa8362,143,11,4,0
10728d70e0641a69:0xa83af,141,9,3,0
10728d70e0641a69:0xa83f8,141,10,4,0
10728d70e0641a69:0xa856e,141,16,14,0
10728d70e0641a69:0xa85ea,152,19,19,0
10728d70e0641a69:0x3e5dd,141,17,17,0
10728d70e0641a69:0x3e6a2,135,12,10,0
10728d70e0641a69:0x3e6e6,89,10,10,0
10728d70e0641a69:0x3e730,88,0,18,0
10728d70e0641a69:0x3e9ce,88,9,9,0
10728d70e0641a69:0x3ea12,88,9,9,0
10728d70e0641a69:0x3ea56,88,10,6,0
10728d70e0641a69:0x3ea9a,85,10,5,0
10728d70e0641a69:0x3eade,82,11,7,0
10728d70e0641a69:0xb0cf6,12,3,3,0
10728d70e0641a69:0x3ce63,12,3,3,0
10728d70e0641a69:0x81b84,82,0,76,0
10728d70e0641a69:0x81bb5,82,15,19,0
10728d70e0641a69:0x81bce,71,14,15,0
10728d70e0641a69:0x81c47,71,14,27,0
10728d70e0641a69:0x81c69,69,13,13,0
10728d70e0641a69:0x8216e,71,15,29,0
10728d70e0641a69:0x82198,70,8,20,0
10728d70e0641a69:0x821dc,70,13,28,0
10728d70e0641a69:0x821f5,69,12,24,0
10728d70e0641a69:0x8220b,69,14,25,0
10728d70e0641a69:0x8222e,72,17,45,0
10728d70e0641a69:0x841c9,70,0,30,0
10728d70e0641a69:0x841d4,70,0,36,0
10728d70e0641a69:0x6cd2,332,55,35,0
10728d70e0641a69:0x115a2d,350,46,164,0
10728d70e0641a69:0xb0f41,10,5,5,0
10728d70e0641a69:0xb15cf,15,7,7,0
10728d70e0641a69:0x6cd2,333,55,35,0
10728d70e0641a69:0x115a2d,351,46,164,0
10728d70e0641a69:0xb17c9,2,1,0,0
10728d70e0641a69:0xb1811,1,1,1,0
10728d70e0641a69:0xb1811,1,2,1,0
10728d70e0641a69:0xb1811,2,2,1,0
10728d70e0641a69:0x6cd2,333,55,36,0
10728d70e0641a69:0x6cd2,333,56,36,0
10728d70e0641a69:0x6cd2,334,56,36,0
10728d70e0641a69:0x115a2d,352,46,164,0
10728d70e0641a69:0x6cd2,335,56,36,0
10728d70e0641a69:0x115a2d,352,46,165,0
10728d70e0641a69:0x115a2d,352,47,165,0
10728d70e0641a69:0x115a2d,353,47,165,0
10728d70e0641a69:0x115a2d,353,47,166,0
10728d70e0641a69:0x6cd2,336,56,36,0
10728d70e0641a69:0x115a2d,354,47,166,0
10728d70e0641a69:0xb15cf,15,7,8,0
10728d70e0641a69:0xb15cf,15,8,8,0
10728d70e0641a69:0xb15cf,16,8,8,0
10728d70e0641a69:0x6cd2,337,56,36,0
10728d70e0641a69:0x115a2d,355,47,166,0
10728d70e0641a69:0x6cd2,338,56,36,0
10728d70e0641a69:0x115a2d,356,47,166,0
10728d70e0641a69:0x6cd2,339,56,36,0
10728d70e0641a69:0x115a2d,357,47,166,0
10728d70e0641a69:0x6cd2,340,56,36,0
10728d70e0641a69:0x115a2d,358,47,166,0
10728d70e0641a69:0xb15cf,17,8,8,0
10728d70e0641a69:0x6cd2,341,56,36,0
10728d70e0641a69:0x115a2d,359,47,166,0
10728d70e0641a69:0x6cd2,342,56,36,0
10728d70e0641a69:0x115a2d,360,47,166,0
10728d70e0641a69:0x6cd2,343,56,36,0
10728d70e0641a69:0x115a2d,361,47,166,0
10728d70e0641a69:0x6cd2,344,56,36,0
10728d70e0641a69:0x115a2d,362,47,166,0
10728d70e0641a69:0xb15cf,18,8,8,0
10728d70e0641a69:0x6cd2,345,56,36,0
10728d70e0641a69:0x115a2d,363,47,166,0
10728d70e0641a69:0x6cd2,346,56,36,0
10728d70e0641a69:0x115a2d,364,47,166,0
10728d70e0641a69:0x6cd2,347,56,36,0
10728d70e0641a69:0x115a2d,365,47,166,0
10728d70e0641a69:0x6cd2,348,56,36,0
10728d70e0641a69:0x115a2d,366,47,166,0
10728d70e0641a69:0xb15cf,19,8,8,0
10728d70e0641a69:0x6cd2,349,56,36,0
10728d70e0641a69:0x115a2d,367,47,166,0
10728d70e0641a69:0x6cd2,350,56,36,0
10728d70e0641a69:0x115a2d,368,47,166,0
10728d70e0641a69:0x6cd2,351,56,36,0
10728d70e0641a69:0x115a2d,369,47,166,0
10728d70e0641a69:0x6cd2,352,56,36,0
10728d70e0641a69:0x115a2d,370,47,166,0
10728d70e0641a69:0xb15cf,19,8,9,0
10728d70e0641a69:0xb15cf,19,9,9,0
10728d70e0641a69:0xb15cf,20,9,9,0
10728d70e0641a69:0xa6db7,80,13,14,0
10728d70e0641a69:0xa6db7,80,14,14,0
10728d70e0641a69:0xa6db7,81,14,14,0
10728d70e0641a69:0xa6ec6,82,18,20,0
10728d70e0641a69:0xa6ec6,82,19,20,0
10728d70e0641a69:0xa6ec6,83,19,20,0
10728d70e0641a69:0xa6f12,10,8,9,0
10728d70e0641a69:0xa6f12,10,9,9,0
10728d70e0641a69:0xa6f12,11,9,9,0
10728d70e0641a69:0x290c3,92,60,51,0
10728d70e0641a69:0x290c3,92,61,51,0
10728d70e0641a69:0x290c3,93,61,51,0
10728d70e0641a69:0x2910c,90,123,70,0
10728d70e0641a69:0x2910c,90,124,70,0
10728d70e0641a69:0x2910c,91,124,70,0
10728d70e0641a69:0x2919f,94,129,70,0
10728d70e0641a69:0x2919f,94,130,70,0
10728d70e0641a69:0x2919f,95,130,70,0
10728d70e0641a69:0x291e6,87,61,51,0
10728d70e0641a69:0x291e6,87,62,51,0
10728d70e0641a69:0x291e6,88,62,51,0
10728d70e0641a69:0x29277,94,156,75,0
10728d70e0641a69:0x29277,94,157,75,0
10728d70e0641a69:0x29277,95,157,75,0
10728d70e0641a69:0x292be,86,60,49,0
10728d70e0641a69:0x292be,86,61,49,0
10728d70e0641a69:0x292be,87,61,49,0
10728d70e0641a69:0x2934c,94,144,75,0
10728d70e0641a69:0x2934c,94,145,75,0
10728d70e0641a69:0x2934c,95,145,75,0
10728d70e0641a69:0x29394,87,60,51,0
10728d70e0641a69:0x29394,87,61,51,0
10728d70e0641a69:0x29394,88,61,51,0
10728d70e0641a69:0x2e2bf,40,20,21,0
10728d70e0641a69:0x2e2bf,40,21,21,0
10728d70e0641a69:0x2e2bf,41,21,21,0
10728d70e0641a69:0x8451c,5,0,8,0
10728d70e0641a69:0x84527,5,0,8,0
10728d70e0641a69:0x7fd7c,4,0,9,0
10728d70e0641a69:0x7fd7c,4,0,10,0
10728d70e0641a69:0x7fd7c,5,0,10,0
10728d70e0641a69:0x7fd90,4,4,5,0
10728d70e0641a69:0x7fd90,4,5,5,0
10728d70e0641a69:0x7fd90,5,5,5,0
10728d70e0641a69:0x7fd98,4,0,9,0
10728d70e0641a69:0x7fd98,4,0,10,0
10728d70e0641a69:0x7fd98,5,0,10,0
10728d70e0641a69:0x7fda5,4,4,7,0
10728d70e0641a69:0x7fda5,4,5,7,0
10728d70e0641a69:0x7fda5,5,5,7,0
10728d70e0641a69:0x7fda5,5,5,8,0
10728d70e0641a69:0x7fdb7,3,2,5,0
10728d70e0641a69:0x7fdb7,3,3,5,0
10728d70e0641a69:0x7fdb7,4,3,5,0
10728d70e0641a69:0x7fdc8,3,3,6,0
10728d70e0641a69:0x7fdc8,3,4,6,0
10728d70e0641a69:0x7fdc8,4,4,6,0
10728d70e0641a69:0x7fdc8,4,4,7,0
10728d70e0641a69:0x804d3,3,2,2,0
10728d70e0641a69:0xa817c,178,35,0,0
10728d70e0641a69:0xa817c,179,35,0,0
10728d70e0641a69:0x1159e5,165,0,33,0
10728d70e0641a69:0x1159e5,165,0,34,0
10728d70e0641a69:0x1159e5,166,0,34,0
10728d70e0641a69:0x6cd2,352,57,36,0
10728d70e0641a69:0x6cd2,353,57,36,0
10728d70e0641a69:0x115a2d,371,47,166,0
10728d70e0641a69:0xa81f9,153,16,4,0
10728d70e0641a69:0xa81f9,153,17,4,0
10728d70e0641a69:0xa81f9,154,17,4,0
10728d70e0641a69:0x290c3,94,61,51,0
10728d70e0641a69:0x2910c,91,124,71,0
10728d70e0641a69:0x2910c,91,125,71,0
10728d70e0641a69:0x2910c,92,125,71,0
10728d70e0641a69:0x2910c,92,125,72,0
10728d70e0641a69:0x2910c,92,125,73,0
10728d70e0641a69:0x2919f,95,130,71,0
10728d70e0641a69:0x2919f,95,131,71,0
10728d70e0641a69:0x2919f,96,131,71,0
10728d70e0641a69:0x2919f,96,131,72,0
10728d70e0641a69:0x2919f,96,131,73,0
10728d70e0641a69:0x29277,95,157,76,0
10728d70e0641a69:0x29277,95,158,76,0
10728d70e0641a69:0x29277,96,158,76,0
10728d70e0641a69:0x29277,96,158,77,0
10728d70e0641a69:0x29277,96,158,78,0
10728d70e0641a69:0x2934c,95,145,76,0
10728d70e0641a69:0x2934c,95,146,76,0
10728d70e0641a69:0x2934c,96,146,76,0
10728d70e0641a69:0x2934c,96,146,77,0
10728d70e0641a69:0x2934c,96,146,78,0
10728d70e0641a69:0x802cf,6,0,16,0
10728d70e0641a69:0x802cf,6,0,17,0
10728d70e0641a69:0x802cf,7,0,17,0
10728d70e0641a69:0x802cf,7,0,18,0
10728d70e0641a69:0x808ee,10,2,15,0
10728d70e0641a69:0x808ee,10,2,16,0
10728d70e0641a69:0x808ee,11,2,16,0
10728d70e0641a69:0x7ffc4,6,0,11,0
10728d70e0641a69:0x7ffc4,6,0,12,0
10728d70e0641a69:0x7ffc4,7,0,12,0
10728d70e0641a69:0x802cf,8,0,18,0
10728d70e0641a69:0x808ee,12,2,16,0
10728d70e0641a69:0x7ffc4,8,0,12,0
10728d70e0641a69:0x7b7dc,68,0,2,0
10728d70e0641a69:0x8eccc,69,3,0,0
10728d70e0641a69:0xa817c,180,35,0,0
10728d70e0641a69:0x1159e5,167,0,34,0
10728d70e0641a69:0x6cd2,354,57,36,0
10728d70e0641a69:0x115a2d,372,47,166,0
10728d70e0641a69:0xa81f9,155,17,4,0
10728d70e0641a69:0xa8240,147,11,3,0
10728d70e0641a69:0xa828b,146,10,3,0
10728d70e0641a69:0xa82d2,146,12,4,0
10728d70e0641a69:0xa831e,144,10,3,0
10728d70e0641a69:0xa8362,144,11,4,0
10728d70e0641a69:0xa83af,142,9,3,0
10728d70e0641a69:0xa83f8,142,10,4,0
10728d70e0641a69:0xa856e,142,16,14,0
10728d70e0641a69:0xa85ea,153,19,19,0
10728d70e0641a69:0x3e5dd,142,17,17,0
10728d70e0641a69:0x3e6a2,136,12,10,0
10728d70e0641a69:0xaa573,46,3,3,0
10728d70e0641a69:0x6cd2,355,57,36,0
10728d70e0641a69:0x115a2d,373,47,166,0
10728d70e0641a69:0xa6db7,82,14,14,0
10728d70e0641a69:0xa6ec6,84,19,20,0
10728d70e0641a69:0xaa60f,43,1,0,0
10728d70e0641a69:0xaa680,43,1,0,0
10728d70e0641a69:0xaa713,43,1,0,0
10728d70e0641a69:0xaa758,43,2,1,0
10728d70e0641a69:0xaa987,27,1,1,0
10728d70e0641a69:0xf247,43,2,1,0
10728d70e0641a69:0xf30f,43,2,1,0
10728d70e0641a69:0xf38b,43,2,1,0
10728d70e0641a69:0xf483,43,2,1,0
10728d70e0641a69:0xf500,43,2,1,0
10728d70e0641a69:0xf5cf,43,2,1,0
10728d70e0641a69:0xf613,43,2,1,0
10728d70e0641a69:0xf68f,43,2,1,0
10728d70e0641a69:0xf74c,43,2,2,0
10728d70e0641a69:0xf80c,43,2,1,0
10728d70e0641a69:0xf89a,43,2,1,0
10728d70e0641a69:0xf9a6,43,2,1,0
10728d70e0641a69:0xc4116,43,2,2,0
10728d70e0641a69:0xc4158,27,1,1,0
10728d70e0641a69:0xc41e3,27,1,1,0
10728d70e0641a69:0xc4268,43,2,2,0
10728d70e0641a69:0xa817c,181,35,0,0
10728d70e0641a69:0x1159e5,168,0,34,0
10728d70e0641a69:0x6cd2,356,57,36,0
10728d70e0641a69:0x115a2d,374,47,166,0
10728d70e0641a69:0xa81f9,156,17,4,0
10728d70e0641a69:0xa8240,148,11,3,0
10728d70e0641a69:0xa828b,147,10,3,0
10728d70e0641a69:0xa82d2,147,12,4,0
10728d70e0641a69:0xa831e,145,10,3,0
10728d70e0641a69:0xa8362,145,11,4,0
10728d70e0641a69:0xa83af,143,9,3,0
10728d70e0641a69:0xa83f8,143,10,4,0
10728d70e0641a69:0xa856e,143,16,14,0
10728d70e0641a69:0xa85ea,154,19,19,0
10728d70e0641a69:0x3e5dd,143,17,17,0
10728d70e0641a69:0x3e6a2,137,12,10,0
10728d70e0641a69:0x3e6e6,90,10,10,0
10728d70e0641a69:0x3e730,89,0,18,0
10728d70e0641a69:0x3e9ce,89,9,9,0
10728d70e0641a69:0x3ea12,89,9,9,0
10728d70e0641a69:0x3ea56,89,10,6,0
10728d70e0641a69:0x3ea9a,86,10,5,0
10728d70e0641a69:0x3eade,83,11,7,0
10728d70e0641a69:0x3eb22,70,8,4,0
10728d70e0641a69:0x3eb66,50,7,5,0
10728d70e0641a69:0x3ebaa,47,7,4,0
10728d70e0641a69:0x3ebee,46,6,3,0
10728d70e0641a69:0x3ec32,45,6,3,0
10728d70e0641a69:0x3ec76,44,4,1,0
10728d70e0641a69:0x3ecba,43,6,3,0
10728d70e0641a69:0x3ecfe,42,9,6,0
10728d70e0641a69:0x3ed42,34,7,6,0
10728d70e0641a69:0x3ed86,30,6,5,0
10728d70e0641a69:0x3edca,27,5,4,0
10728d70e0641a69:0x3ee0e,26,5,4,0
10728d70e0641a69:0x3ee52,25,5,4,0
10728d70e0641a69:0x3ee96,23,5,5,0
10728d70e0641a69:0x3ee96,23,6,5,0
10728d70e0641a69:0x3ee96,24,6,5,0
10728d70e0641a69:0x3c23b,5,2,3,0
10728d70e0641a69:0x3c23b,5,3,3,0
10728d70e0641a69:0x3c23b,6,3,3,0
10728d70e0641a69:0x81b84,82,0,77,0
10728d70e0641a69:0x81b84,82,0,78,0
10728d70e0641a69:0x81b84,83,0,78,0
10728d70e0641a69:0x81bb5,82,15,20,0
10728d70e0641a69:0x81bb5,82,16,20,0
10728d70e0641a69:0x81bb5,83,16,20,0
10728d70e0641a69:0x8f258,7,4,17,0
10728d70e0641a69:0x8f258,7,5,17,0
10728d70e0641a69:0x8f258,8,5,17,0
10728d70e0641a69:0x8f25e,5,2,3,0
10728d70e0641a69:0x8f25e,5,3,3,0
10728d70e0641a69:0x8f25e,6,3,3,0
10728d70e0641a69:0x8f2f6,6,2,2,0
10728d70e0641a69:0x8f2fb,5,2,4,0
10728d70e0641a69:0x8f2fb,5,3,4,0
10728d70e0641a69:0x8f2fb,6,3,4,0
10728d70e0641a69:0x8f2fb,6,3,5,0
10728d70e0641a69:0x6e1b4,36,16,17,0
10728d70e0641a69:0x6e1b4,36,17,17,0
10728d70e0641a69:0x6e1b4,37,17,17,0
10728d70e0641a69:0x7b73b,122,32,118,0
10728d70e0641a69:0x7b73b,122,33,118,0
10728d70e0641a69:0x7b73b,123,33,118,0
10728d70e0641a69:0x7b746,35,15,16,0
10728d70e0641a69:0x7b746,35,16,16,0
10728d70e0641a69:0x7b746,36,16,16,0
10728d70e0641a69:0x7b74f,33,13,16,0
10728d70e0641a69:0x7b74f,33,14,16,0
10728d70e0641a69:0x7b74f,34,14,16,0
10728d70e0641a69:0x7b76c,203,25,27,0
10728d70e0641a69:0x7b76c,203,26,27,0
10728d70e0641a69:0x7b76c,204,26,27,0
10728d70e0641a69:0x7b76c,205,26,27,0
10728d70e0641a69:0x7b76c,206,26,27,0
10728d70e0641a69:0x7b76c,206,26,28,0
10728d70e0641a69:0x7b76c,206,27,28,0
10728d70e0641a69:0x7b76c,207,27,28,0
10728d70e0641a69:0x7b782,36,1,32,0
10728d70e0641a69:0x7b782,36,1,33,0
10728d70e0641a69:0x7b782,37,1,33,0
10728d70e0641a69:0x6e283,36,1,32,0
10728d70e0641a69:0x6e283,36,1,33,0
10728d70e0641a69:0x6e283,37,1,33,0
10728d70e0641a69:0x5db32,36,1,32,0
10728d70e0641a69:0x5db32,36,1,33,0
10728d70e0641a69:0x5db32,37,1,33,0
10728d70e0641a69:0x6cd2,356,57,37,0
10728d70e0641a69:0x6cd2,356,58,37,0
10728d70e0641a69:0x6cd2,357,58,37,0
10728d70e0641a69:0x6d9b,35,15,16,0
10728d70e0641a69:0x6d9b,35,16,16,0
10728d70e0641a69:0x6d9b,36,16,16,0
10728d70e0641a69:0x6dee,35,15,16,0
10728d70e0641a69:0x6dee,35,16,16,0
10728d70e0641a69:0x6dee,36,16,16,0
10728d70e0641a69:0x115a2d,374,47,167,0
10728d70e0641a69:0x115a2d,374,48,167,0
10728d70e0641a69:0x115a2d,375,48,167,0
10728d70e0641a69:0x1167a4,35,14,47,0
10728d70e0641a69:0x1167a4,35,15,47,0
10728d70e0641a69:0x1167a4,36,15,47,0
10728d70e0641a69:0x116947,35,15,31,0
10728d70e0641a69:0x116947,35,16,31,0
10728d70e0641a69:0x116947,36,16,31,0
10728d70e0641a69:0x116947,36,16,32,0
10728d70e0641a69:0x1169b7,34,13,13,0
10728d70e0641a69:0x1169fb,23,7,8,0
10728d70e0641a69:0x1169fb,23,8,8,0
10728d70e0641a69:0x1169fb,24,8,8,0
10728d70e0641a69:0x116a40,23,8,11,0
10728d70e0641a69:0x116a40,23,9,11,0
10728d70e0641a69:0x116a40,24,9,11,0
10728d70e0641a69:0x116a84,21,6,11,0
10728d70e0641a69:0x116a84,21,7,11,0
10728d70e0641a69:0x116a84,22,7,11,0
10728d70e0641a69:0x116ac8,20,5,18,0
10728d70e0641a69:0x116ac8,20,6,18,0
10728d70e0641a69:0x116ac8,21,6,18,0
10728d70e0641a69:0x116ac8,21,6,19,0
10728d70e0641a69:0x116ac8,21,6,20,0
10728d70e0641a69:0x116ac8,21,6,21,0
10728d70e0641a69:0x116e00,24,7,7,0
10728d70e0641a69:0x6e7d,35,0,31,0
10728d70e0641a69:0x6e7d,35,0,32,0
10728d70e0641a69:0x6e7d,36,0,32,0
10728d70e0641a69:0xa6db7,82,14,15,0
10728d70e0641a69:0xa6db7,82,15,15,0
10728d70e0641a69:0xa6db7,83,15,15,0
10728d70e0641a69:0x7b733,94,30,30,0
10728d70e0641a69:0x7b73b,124,33,118,0
10728d70e0641a69:0xa6ec6,84,19,21,0
10728d70e0641a69:0xa6ec6,84,20,21,0
10728d70e0641a69:0xa6ec6,85,20,21,0
10728d70e0641a69:0xa6f12,11,9,10,0
10728d70e0641a69:0xa6f12,11,10,10,0
10728d70e0641a69:0xa6f12,12,10,10,0
10728d70e0641a69:0x290c3,95,61,51,0
10728d70e0641a69:0x2910c,93,125,73,0
10728d70e0641a69:0x2919f,97,131,73,0
10728d70e0641a69:0x291e6,89,62,51,0
10728d70e0641a69:0x29277,97,158,78,0
10728d70e0641a69:0x292be,88,61,49,0
10728d70e0641a69:0x2934c,97,146,78,0
10728d70e0641a69:0x29394,89,61,51,0
10728d70e0641a69:0x2e2bf,41,21,22,0
10728d70e0641a69:0x2e2bf,41,22,22,0
10728d70e0641a69:0x2e2bf,42,22,22,0
10728d70e0641a69:0x7b733,95,30,30,0
10728d70e0641a69:0x7b73b,125,33,118,0
10728d70e0641a69:0xa817c,181,36,0,0
10728d70e0641a69:0xa817c,182,36,0,0
10728d70e0641a69:0x1159e5,168,0,35,0
10728d70e0641a69:0x1159e5,168,0,36,0
10728d70e0641a69:0x1159e5,169,0,36,0
10728d70e0641a69:0x6cd2,358,58,37,0
10728d70e0641a69:0x115a2d,376,48,167,0
10728d70e0641a69:0xa81f9,156,17,5,0
10728d70e0641a69:0xa81f9,156,18,5,0
10728d70e0641a69:0xa81f9,157,18,5,0
10728d70e0641a69:0xa8240,149,11,3,0
10728d70e0641a69:0xa828b,147,10,4,0
10728d70e0641a69:0xa828b,147,11,4,0
10728d70e0641a69:0xa828b,148,11,4,0
10728d70e0641a69:0xa82d2,147,12,5,0
10728d70e0641a69:0xa82d2,147,13,5,0
10728d70e0641a69:0xa82d2,148,13,5,0
10728d70e0641a69:0xa831e,145,10,4,0
10728d70e0641a69:0xa831e,145,11,4,0
10728d70e0641a69:0xa831e,146,11,4,0
10728d70e0641a69:0xa8362,145,11,5,0
10728d70e0641a69:0xa8362,145,12,5,0
10728d70e0641a69:0xa8362,146,12,5,0
10728d70e0641a69:0xa83af,143,9,4,0
10728d70e0641a69:0xa83af,143,10,4,0
10728d70e0641a69:0xa83af,144,10,4,0
10728d70e0641a69:0xa83f8,143,10,5,0
10728d70e0641a69:0xa83f8,143,11,5,0
10728d70e0641a69:0xa83f8,144,11,5,0
10728d70e0641a69:0xa856e,143,16,15,0
10728d70e0641a69:0xa856e,143,17,15,0
10728d70e0641a69:0xa856e,144,17,15,0
10728d70e0641a69:0xa85ea,155,19,19,0
10728d70e0641a69:0x3e5dd,143,17,18,0
10728d70e0641a69:0x3e5dd,143,18,18,0
10728d70e0641a69:0x3e5dd,144,18,18,0
10728d70e0641a69:0x3e6a2,137,12,11,0
10728d70e0641a69:0x3e6a2,137,13,11,0
10728d70e0641a69:0x3e6a2,138,13,11,0
10728d70e0641a69:0x3e6e6,90,10,11,0
10728d70e0641a69:0x3e6e6,90,11,11,0
10728d70e0641a69:0x3e6e6,91,11,11,0
10728d70e0641a69:0x3e730,89,0,19,0
10728d70e0641a69:0x3e730,89,0,20,0
10728d70e0641a69:0x3e730,90,0,20,0
10728d70e0641a69:0x3e9ce,90,9,9,0
10728d70e0641a69:0x3ea12,89,9,10,0
10728d70e0641a69:0x3ea12,89,10,10,0
10728d70e0641a69:0x3ea12,90,10,10,0
10728d70e0641a69:0x3ea56,89,10,7,0
10728d70e0641a69:0x3ea56,89,11,7,0
10728d70e0641a69:0x3ea56,90,11,7,0
10728d70e0641a69:0x3ea9a,86,10,6,0
10728d70e0641a69:0x3ea9a,86,11,6,0
10728d70e0641a69:0x3ea9a,87,11,6,0
10728d70e0641a69:0xac76b,3,3,4,0
10728d70e0641a69:0xac76b,3,4,4,0
10728d70e0641a69:0xac76b,4,4,4,0
10728d70e0641a69:0x7b733,96,30,30,0
10728d70e0641a69:0x7b73b,126,33,118,0
10728d70e0641a69:0x8f435,3,3,7,0
10728d70e0641a69:0x8f435,3,4,7,0
10728d70e0641a69:0x8f435,4,4,7,0
10728d70e0641a69:0x8f435,4,4,8,0
10728d70e0641a69:0x8f44f,21,9,16,0
10728d70e0641a69:0x8f44f,21,10,16,0
10728d70e0641a69:0x8f44f,22,10,16,0
10728d70e0641a69:0x8f44f,22,10,17,0
10728d70e0641a69:0x8f44f,23,10,17,0
10728d70e0641a69:0x8f44f,24,10,17,0
10728d70e0641a69:0x8f44f,25,10,17,0
10728d70e0641a69:0x8f44f,26,10,17,0
10728d70e0641a69:0x8f44f,27,10,17,0
10728d70e0641a69:0x8f44f,28,10,17,0
10728d70e0641a69:0x8f467,5,2,9,0
10728d70e0641a69:0x8f467,5,2,10,0
10728d70e0641a69:0x8f467,6,2,10,0
10728d70e0641a69:0x8f46e,5,2,9,0
10728d70e0641a69:0x8f46e,5,2,10,0
10728d70e0641a69:0x8f46e,6,2,10,0
10728d70e0641a69:0x8f4d3,5,2,9,0
10728d70e0641a69:0x8f4d3,5,2,10,0
10728d70e0641a69:0x8f4d3,6,2,10,0
10728d70e0641a69:0x8f3b9,5,5,9,0
10728d70e0641a69:0x8f3b9,5,6,9,0
10728d70e0641a69:0x8f3b9,6,6,9,0
10728d70e0641a69:0x8f3b9,6,6,10,0
10728d70e0641a69:0x8f3c9,5,5,6,0
10728d70e0641a69:0x8f3c9,5,6,6,0
10728d70e0641a69:0x8f3c9,6,6,6,0
10728d70e0641a69:0x8f3dc,5,5,6,0
10728d70e0641a69:0x8f3dc,5,6,6,0
10728d70e0641a69:0x8f3dc,6,6,6,0
10728d70e0641a69:0x8f3ed,5,2,12,0
10728d70e0641a69:0x8f3ed,5,2,13,0
10728d70e0641a69:0x8f3ed,6,2,13,0
10728d70e0641a69:0x8f3ed,6,2,14,0
10728d70e0641a69:0x8f406,5,2,15,0
10728d70e0641a69:0x8f406,5,2,16,0
10728d70e0641a69:0x8f406,6,2,16,0
10728d70e0641a69:0x8f406,6,2,17,0
10728d70e0641a69:0x8f406,6,2,18,0
10728d70e0641a69:0x8f429,5,2,9,0
10728d70e0641a69:0x8f429,5,2,10,0
10728d70e0641a69:0x8f429,6,2,10,0
10728d70e0641a69:0x6cd2,359,58,37,0
10728d70e0641a69:0x115a2d,377,48,167,0
10728d70e0641a69:0xa6db7,84,15,15,0
10728d70e0641a69:0x7b733,97,30,30,0
10728d70e0641a69:0x7b73b,127,33,118,0
10728d70e0641a69:0xa6ec6,86,20,21,0
10728d70e0641a69:0xac92b,3,3,3,0
10728d70e0641a69:0xac92b,3,4,3,0
10728d70e0641a69:0xac92b,4,4,3,0
10728d70e0641a69:0xac953,4,3,2,0
10728d70e0641a69:0xac962,3,3,4,0
10728d70e0641a69:0xac962,3,4,4,0
10728d70e0641a69:0xac962,4,4,4,0
10728d70e0641a69:0xac98c,4,3,2,0
10728d70e0641a69:0xac992,3,3,4,0
10728d70e0641a69:0xac992,3,4,4,0
10728d70e0641a69:0xac992,4,4,4,0
10728d70e0641a69:0xac9c5,3,3,3,0
10728d70e0641a69:0xac9c5,3,4,3,0
10728d70e0641a69:0xac9c5,4,4,3,0
10728d70e0641a69:0xac9cf,3,3,4,0
10728d70e0641a69:0xac9cf,3,4,4,0
10728d70e0641a69:0xac9cf,4,4,4,0
10728d70e0641a69:0xac9fc,3,3,3,0
10728d70e0641a69:0xac9fc,3,4,3,0
10728d70e0641a69:0xac9fc,4,4,3,0
10728d70e0641a69:0xaca06,3,3,4,0
10728d70e0641a69:0xaca06,3,4,4,0
10728d70e0641a69:0xaca06,4,4,4,0
10728d70e0641a69:0xaca2e,4,3,2,0
10728d70e0641a69:0xaca32,3,3,4,0
10728d70e0641a69:0xaca32,3,4,4,0
10728d70e0641a69:0xaca32,4,4,4,0
10728d70e0641a69:0xaca68,3,3,3,0
10728d70e0641a69:0xaca68,3,4,3,0
10728d70e0641a69:0xaca68,4,4,3,0
10728d70e0641a69:0xaca72,3,3,4,0
10728d70e0641a69:0xaca72,3,4,4,0
10728d70e0641a69:0xaca72,4,4,4,0
10728d70e0641a69:0xaca8c,4,3,2,0
10728d70e0641a69:0xacad3,3,3,4,0
10728d70e0641a69:0xacad3,3,4,4,0
10728d70e0641a69:0xacad3,4,4,4,0
10728d70e0641a69:0x1b2f6,3,3,3,0
10728d70e0641a69:0x1b2f6,3,4,3,0
10728d70e0641a69:0x1b2f6,4,4,3,0
10728d70e0641a69:0x1b33c,3,3,4,0
10728d70e0641a69:0x1b33c,3,4,4,0
10728d70e0641a69:0x1b33c,4,4,4,0
10728d70e0641a69:0x1b38a,3,3,3,0
10728d70e0641a69:0x1b38a,3,4,3,0
10728d70e0641a69:0x1b38a,4,4,3,0
10728d70e0641a69:0x1b3d1,4,3,2,0
10728d70e0641a69:0x1b417,3,3,4,0
10728d70e0641a69:0x1b417,3,4,4,0
10728d70e0641a69:0x1b417,4,4,4,0
10728d70e0641a69:0x1b45f,3,3,3,0
10728d70e0641a69:0x1b45f,3,4,3,0
10728d70e0641a69:0x1b45f,4,4,3,0
10728d70e0641a69:0x1b4a9,3,3,3,0
10728d70e0641a69:0x1b4a9,3,4,3,0
10728d70e0641a69:0x1b4a9,4,4,3,0
10728d70e0641a69:0x1b4ef,3,3,4,0
10728d70e0641a69:0x1b4ef,3,4,4,0
10728d70e0641a69:0x1b4ef,4,4,4,0
10728d70e0641a69:0x1b535,3,3,3,0
10728d70e0641a69:0x1b535,3,4,3,0
10728d70e0641a69:0x1b535,4,4,3,0
10728d70e0641a69:0x1b57f,3,3,3,0
10728d70e0641a69:0x1b57f,3,4,3,0
10728d70e0641a69:0x1b57f,4,4,3,0
10728d70e0641a69:0x1b5c8,3,3,3,0
10728d70e0641a69:0x1b5c8,3,4,3,0
10728d70e0641a69:0x1b5c8,4,4,3,0
10728d70e0641a69:0x1b614,4,3,2,0
10728d70e0641a69:0x1b659,3,3,3,0
10728d70e0641a69:0x1b659,3,4,3,0
10728d70e0641a69:0x1b659,4,4,3,0
10728d70e0641a69:0x1b696,3,3,3,0
10728d70e0641a69:0x1b696,3,4,3,0
10728d70e0641a69:0x1b696,4,4,3,0
10728d70e0641a69:0x1b756,3,3,4,0
10728d70e0641a69:0x1b756,3,4,4,0
10728d70e0641a69:0x1b756,4,4,4,0
10728d70e0641a69:0x1b792,3,3,4,0
10728d70e0641a69:0x1b792,3,4,4,0
10728d70e0641a69:0x1b792,4,4,4,0
10728d70e0641a69:0x1b85c,3,3,4,0
10728d70e0641a69:0x1b85c,3,4,4,0
10728d70e0641a69:0x1b85c,4,4,4,0
10728d70e0641a69:0x1b89a,3,3,4,0
10728d70e0641a69:0x1b89a,3,4,4,0
10728d70e0641a69:0x1b89a,4,4,4,0
10728d70e0641a69:0x1b95e,3,3,4,0
10728d70e0641a69:0x1b95e,3,4,4,0
10728d70e0641a69:0x1b95e,4,4,4,0
10728d70e0641a69:0x1b99a,4,3,3,0
10728d70e0641a69:0x1625e,6,4,5,0
10728d70e0641a69:0x1625e,6,5,5,0
10728d70e0641a69:0x1625e,7,5,5,0
10728d70e0641a69:0x1bab5,3,3,4,0
10728d70e0641a69:0x1bab5,3,4,4,0
10728d70e0641a69:0x1bab5,4,4,4,0
10728d70e0641a69:0x1bb00,3,3,4,0
10728d70e0641a69:0x1bb00,3,4,4,0
10728d70e0641a69:0x1bb00,4,4,4,0
10728d70e0641a69:0x1bb3e,3,3,4,0
10728d70e0641a69:0x1bb3e,3,4,4,0
10728d70e0641a69:0x1bb3e,4,4,4,0
10728d70e0641a69:0x1bc05,3,3,4,0
10728d70e0641a69:0x1bc05,3,4,4,0
10728d70e0641a69:0x1bc05,4,4,4,0
10728d70e0641a69:0x1bc42,3,3,4,0
10728d70e0641a69:0x1bc42,3,4,4,0
10728d70e0641a69:0x1bc42,4,4,4,0
10728d70e0641a69:0x1625e,8,5,5,0
10728d70e0641a69:0x1bd5d,4,3,3,0
10728d70e0641a69:0x1be4a,3,3,4,0
10728d70e0641a69:0x1be4a,3,4,4,0
10728d70e0641a69:0x1be4a,4,4,4,0
10728d70e0641a69:0x1bece,3,3,4,0
10728d70e0641a69:0x1bece,3,4,4,0
10728d70e0641a69:0x1bece,4,4,4,0
10728d70e0641a69:0x1bf5e,3,3,4,0
10728d70e0641a69:0x1bf5e,3,4,4,0
10728d70e0641a69:0x1bf5e,4,4,4,0
10728d70e0641a69:0x1c026,3,3,4,0
10728d70e0641a69:0x1c026,3,4,4,0
10728d70e0641a69:0x1c026,4,4,4,0
10728d70e0641a69:0x1c0aa,3,3,4,0
10728d70e0641a69:0x1c0aa,3,4,4,0
10728d70e0641a69:0x1c0aa,4,4,4,0
10728d70e0641a69:0x1c136,3,3,4,0
10728d70e0641a69:0x1c136,3,4,4,0
10728d70e0641a69:0x1c136,4,4,4,0
10728d70e0641a69:0x1c1b9,3,3,4,0
10728d70e0641a69:0x1c1b9,3,4,4,0
10728d70e0641a69:0x1c1b9,4,4,4,0
10728d70e0641a69:0x1c23d,3,3,4,0
10728d70e0641a69:0x1c23d,3,4,4,0
10728d70e0641a69:0x1c23d,4,4,4,0
10728d70e0641a69:0x1c2cd,3,3,4,0
10728d70e0641a69:0x1c2cd,3,4,4,0
10728d70e0641a69:0x1c2cd,4,4,4,0
10728d70e0641a69:0x1c8ae,3,3,4,0
10728d70e0641a69:0x1c8ae,3,4,4,0
10728d70e0641a69:0x1c8ae,4,4,4,0
10728d70e0641a69:0x1c8f2,3,3,4,0
10728d70e0641a69:0x1c8f2,3,4,4,0
10728d70e0641a69:0x1c8f2,4,4,4,0
10728d70e0641a69:0x1c93f,4,3,3,0
10728d70e0641a69:0x1c987,3,3,4,0
10728d70e0641a69:0x1c987,3,4,4,0
10728d70e0641a69:0x1c987,4,4,4,0
10728d70e0641a69:0x1c9d6,3,3,4,0
10728d70e0641a69:0x1c9d6,3,4,4,0
10728d70e0641a69:0x1c9d6,4,4,4,0
10728d70e0641a69:0x1ca1b,4,3,3,0
10728d70e0641a69:0x1ca6c,3,3,4,0
10728d70e0641a69:0x1ca6c,3,4,4,0
10728d70e0641a69:0x1ca6c,4,4,4,0
10728d70e0641a69:0x1cab3,3,3,4,0
10728d70e0641a69:0x1cab3,3,4,4,0
10728d70e0641a69:0x1cab3,4,4,4,0
10728d70e0641a69:0x1cb00,4,3,3,0
10728d70e0641a69:0x1cb45,4,3,3,0
10728d70e0641a69:0x1cb94,4,3,3,0
10728d70e0641a69:0x1cbdb,3,3,4,0
10728d70e0641a69:0x1cbdb,3,4,4,0
10728d70e0641a69:0x1cbdb,4,4,4,0
10728d70e0641a69:0x1cc2d,3,3,4,0
10728d70e0641a69:0x1cc2d,3,4,4,0
10728d70e0641a69:0x1cc2d,4,4,4,0
10728d70e0641a69:0x1cc73,3,3,4,0
10728d70e0641a69:0x1cc73,3,4,4,0
10728d70e0641a69:0x1cc73,4,4,4,0
10728d70e0641a69:0x1ccc4,3,3,4,0
10728d70e0641a69:0x1ccc4,3,4,4,0
10728d70e0641a69:0x1ccc4,4,4,4,0
10728d70e0641a69:0x1cd11,3,3,4,0
10728d70e0641a69:0x1cd11,3,4,4,0
10728d70e0641a69:0x1cd11,4,4,4,0
10728d70e0641a69:0x1d0d4,4,3,3,0
10728d70e0641a69:0x1d121,3,3,4,0
10728d70e0641a69:0x1d121,3,4,4,0
10728d70e0641a69:0x1d121,4,4,4,0
10728d70e0641a69:0x1d172,3,3,4,0
10728d70e0641a69:0x1d172,3,4,4,0
10728d70e0641a69:0x1d172,4,4,4,0
10728d70e0641a69:0x1d1c2,3,3,4,0
10728d70e0641a69:0x1d1c2,3,4,4,0
10728d70e0641a69:0x1d1c2,4,4,4,0
10728d70e0641a69:0x1d20f,3,3,4,0
10728d70e0641a69:0x1d20f,3,4,4,0
10728d70e0641a69:0x1d20f,4,4,4,0
10728d70e0641a69:0x1d262,3,3,4,0
10728d70e0641a69:0x1d262,3,4,4,0
10728d70e0641a69:0x1d262,4,4,4,0
10728d70e0641a69:0x1d2b2,3,3,4,0
10728d70e0641a69:0x1d2b2,3,4,4,0
10728d70e0641a69:0x1d2b2,4,4,4,0
10728d70e0641a69:0x1d2ff,3,3,4,0
10728d70e0641a69:0x1d2ff,3,4,4,0
10728d70e0641a69:0x1d2ff,4,4,4,0
10728d70e0641a69:0x7b733,98,30,30,0
10728d70e0641a69:0x7b73b,128,33,118,0
10728d70e0641a69:0xa817c,182,37,0,0
10728d70e0641a69:0xa817c,183,37,0,0
10728d70e0641a69:0x783b7,27,23,24,0
10728d70e0641a69:0x783b7,27,24,24,0
10728d70e0641a69:0x783b7,28,24,24,0
10728d70e0641a69:0x7782e,28,0,44,0
10728d70e0641a69:0x77834,28,22,22,0
10728d70e0641a69:0x783e9,27,0,47,0
10728d70e0641a69:0x783e9,27,0,48,0
10728d70e0641a69:0x783e9,28,0,48,0
10728d70e0641a69:0x7b7dc,69,0,2,0
10728d70e0641a69:0x8eccc,70,3,0,0
10728d70e0641a69:0xa817c,184,37,0,0
10728d70e0641a69:0x1159e5,170,0,36,0
10728d70e0641a69:0x6cd2,360,58,37,0
10728d70e0641a69:0x115a2d,378,48,167,0
10728d70e0641a69:0xa81f9,158,18,5,0
10728d70e0641a69:0xa8240,150,11,3,0
10728d70e0641a69:0xa828b,149,11,4,0
10728d70e0641a69:0xa82d2,149,13,5,0
10728d70e0641a69:0xa831e,147,11,4,0
10728d70e0641a69:0xa8362,147,12,5,0
10728d70e0641a69:0xa83af,145,10,4,0
10728d70e0641a69:0xa83f8,145,11,5,0
10728d70e0641a69:0xa856e,145,17,15,0
10728d70e0641a69:0xa85ea,156,19,19,0
10728d70e0641a69:0x3e5dd,145,18,18,0
10728d70e0641a69:0x3e6a2,139,13,11,0
10728d70e0641a69:0xaa573,47,3,3,0
10728d70e0641a69:0x6cd2,361,58,37,0
10728d70e0641a69:0x115a2d,379,48,167,0
10728d70e0641a69:0xa6db7,85,15,15,0
10728d70e0641a69:0xa6ec6,87,20,21,0
10728d70e0641a69:0xaa60f,44,1,0,0
10728d70e0641a69:0xaa680,44,1,0,0
10728d70e0641a69:0xaa713,44,1,0,0
10728d70e0641a69:0xaa758,44,2,1,0
10728d70e0641a69:0xaa987,28,1,1,0
10728d70e0641a69:0xf247,44,2,1,0
10728d70e0641a69:0xf30f,44,2,1,0
10728d70e0641a69:0xf38b,44,2,1,0
10728d70e0641a69:0xf483,44,2,1,0
10728d70e0641a69:0xf500,44,2,1,0
10728d70e0641a69:0xf5cf,44,2,1,0
10728d70e0641a69:0xf613,44,2,1,0
10728d70e0641a69:0xf68f,44,2,1,0
10728d70e0641a69:0xf74c,44,2,2,0
10728d70e0641a69:0xf80c,44,2,1,0
10728d70e0641a69:0xf89a,44,2,1,0
10728d70e0641a69:0xf9a6,44,2,1,0
10728d70e0641a69:0xc4116,44,2,2,0
10728d70e0641a69:0xc4158,28,1,1,0
10728d70e0641a69:0xc41e3,28,1,1,0
10728d70e0641a69:0xc4268,44,2,2,0
10728d70e0641a69:0xa817c,185,37,0,0
10728d70e0641a69:0x1159e5,171,0,36,0
10728d70e0641a69:0x6cd2,362,58,37,0
10728d70e0641a69:0x115a2d,380,48,167,0
10728d70e0641a69:0xa81f9,159,18,5,0
10728d70e0641a69:0xa8240,151,11,3,0
10728d70e0641a69:0xa828b,150,11,4,0
10728d70e0641a69:0xa82d2,150,13,5,0
10728d70e0641a69:0xa831e,148,11,4,0
10728d70e0641a69:0xa8362,148,12,5,0
10728d70e0641a69:0xa83af,146,10,4,0
10728d70e0641a69:0xa83f8,146,11,5,0
10728d70e0641a69:0xa856e,146,17,15,0
10728d70e0641a69:0xa85ea,157,19,19,0
10728d70e0641a69:0x3e5dd,146,18,18,0
10728d70e0641a69:0x3e6a2,140,13,11,0
10728d70e0641a69:0x3e6e6,92,11,11,0
10728d70e0641a69:0x3e730,91,0,20,0
10728d70e0641a69:0x3e9ce,91,9,9,0
10728d70e0641a69:0x3ea12,91,10,10,0
10728d70e0641a69:0x3ea56,91,11,7,0
10728d70e0641a69:0x3ea9a,88,11,6,0
10728d70e0641a69:0x3eade,84,11,7,0
10728d70e0641a69:0x3eb22,71,8,4,0
10728d70e0641a69:0x3eb66,51,7,5,0
10728d70e0641a69:0x3ebaa,48,7,4,0
10728d70e0641a69:0x3ebee,47,6,3,0
10728d70e0641a69:0x3ec32,46,6,3,0
10728d70e0641a69:0x3ec76,45,4,1,0
10728d70e0641a69:0x3ecba,44,6,3,0
10728d70e0641a69:0x3ecfe,43,9,6,0
10728d70e0641a69:0x3ed42,35,7,6,0
10728d70e0641a69:0x3ed86,31,6,5,0
10728d70e0641a69:0x3edca,28,5,4,0
10728d70e0641a69:0x3ee0e,27,5,4,0
10728d70e0641a69:0x3ee52,25,5,5,0
10728d70e0641a69:0x3ee52,25,6,5,0
10728d70e0641a69:0x3ee52,26,6,5,0
10728d70e0641a69:0xafb7d,0,0,1,0
10728d70e0641a69:0xafb7d,0,1,1,0
10728d70e0641a69:0xafb7d,1,1,1,0
10728d70e0641a69:0xafcf3,0,0,1,0
10728d70e0641a69:0xafcf3,0,1,1,0
10728d70e0641a69:0xafcf3,1,1,1,0
10728d70e0641a69:0xafd37,0,0,1,0
10728d70e0641a69:0xafd37,0,1,1,0
10728d70e0641a69:0xafd37,1,1,1,0
10728d70e0641a69:0xa897f,37,19,20,0
10728d70e0641a69:0xa897f,37,20,20,0
10728d70e0641a69:0xa897f,38,20,20,0
10728d70e0641a69:0xa8a0f,30,13,14,0
10728d70e0641a69:0xa8a0f,30,14,14,0
10728d70e0641a69:0xa8a0f,31,14,14,0
10728d70e0641a69:0xa904a,30,13,14,0
10728d70e0641a69:0xa904a,30,14,14,0
10728d70e0641a69:0xa904a,31,14,14,0
10728d70e0641a69:0x6e1b4,37,17,18,0
10728d70e0641a69:0x6e1b4,37,18,18,0
10728d70e0641a69:0x6e1b4,38,18,18,0
10728d70e0641a69:0x7b73b,128,33,119,0
10728d70e0641a69:0x7b73b,128,34,119,0
10728d70e0641a69:0x7b73b,129,34,119,0
10728d70e0641a69:0x7b746,36,16,17,0
10728d70e0641a69:0x7b746,36,17,17,0
10728d70e0641a69:0x7b746,37,17,17,0
10728d70e0641a69:0x7b74f,34,14,17,0
10728d70e0641a69:0x7b74f,34,15,17,0
10728d70e0641a69:0x7b74f,35,15,17,0
10728d70e0641a69:0x7b76c,207,27,29,0
10728d70e0641a69:0x7b76c,207,28,29,0
10728d70e0641a69:0x7b76c,208,28,29,0
10728d70e0641a69:0x7b76c,209,28,29,0
10728d70e0641a69:0x7b76c,210,28,29,0
10728d70e0641a69:0x7b76c,210,28,30,0
10728d70e0641a69:0x7b76c,210,29,30,0
10728d70e0641a69:0x7b76c,211,29,30,0
10728d70e0641a69:0x7b782,37,1,34,0
10728d70e0641a69:0x7b782,37,1,35,0
10728d70e0641a69:0x7b782,38,1,35,0
10728d70e0641a69:0x6e283,37,1,34,0
10728d70e0641a69:0x6e283,37,1,35,0
10728d70e0641a69:0x6e283,38,1,35,0
10728d70e0641a69:0x5db32,37,1,34,0
10728d70e0641a69:0x5db32,37,1,35,0
10728d70e0641a69:0x5db32,38,1,35,0
10728d70e0641a69:0x6cd2,362,58,38,0
10728d70e0641a69:0x6cd2,362,59,38,0
10728d70e0641a69:0x6cd2,363,59,38,0
10728d70e0641a69:0x6d9b,36,16,17,0
10728d70e0641a69:0x6d9b,36,17,17,0
10728d70e0641a69:0x6d9b,37,17,17,0
10728d70e0641a69:0x6dee,36,16,17,0
10728d70e0641a69:0x6dee,36,17,17,0
10728d70e0641a69:0x6dee,37,17,17,0
10728d70e0641a69:0x115a2d,380,48,168,0
10728d70e0641a69:0x115a2d,380,49,168,0
10728d70e0641a69:0x115a2d,381,49,168,0
10728d70e0641a69:0x1167a4,36,15,48,0
10728d70e0641a69:0x1167a4,36,16,48,0
10728d70e0641a69:0x1167a4,37,16,48,0
10728d70e0641a69:0x116947,36,16,33,0
10728d70e0641a69:0x116947,36,17,33,0
10728d70e0641a69:0x116947,37,17,33,0
10728d70e0641a69:0x116947,37,17,34,0
10728d70e0641a69:0x1169b7,34,13,14,0
10728d70e0641a69:0x1169b7,34,14,14,0
10728d70e0641a69:0x1169b7,35,14,14,0
10728d70e0641a69:0x1169fb,24,8,9,0
10728d70e0641a69:0x1169fb,24,9,9,0
10728d70e0641a69:0x1169fb,25,9,9,0
10728d70e0641a69:0x116a40,24,9,12,0
10728d70e0641a69:0x116a40,24,10,12,0
10728d70e0641a69:0x116a40,25,10,12,0
10728d70e0641a69:0x116a84,22,7,12,0
10728d70e0641a69:0x116a84,22,8,12,0
10728d70e0641a69:0x116a84,23,8,12,0
10728d70e0641a69:0x116ac8,21,6,22,0
10728d70e0641a69:0x116ac8,21,7,22,0
10728d70e0641a69:0x116ac8,22,7,22,0
10728d70e0641a69:0x116ac8,22,7,23,0
10728d70e0641a69:0x116ac8,22,7,24,0
10728d70e0641a69:0x116ac8,22,7,25,0
10728d70e0641a69:0x116e00,24,7,8,0
10728d70e0641a69:0x116e00,24,8,8,0
10728d70e0641a69:0x116e00,25,8,8,0
10728d70e0641a69:0x6e7d,36,0,33,0
10728d70e0641a69:0x6e7d,36,0,34,0
10728d70e0641a69:0x6e7d,37,0,34,0
10728d70e0641a69:0xa93cd,29,12,13,0
10728d70e0641a69:0xa93cd,29,13,13,0
10728d70e0641a69:0xa93cd,30,13,13,0
10728d70e0641a69:0x7b733,98,30,31,0
10728d70e0641a69:0x7b733,98,31,31,0
10728d70e0641a69:0x7b733,99,31,31,0
10728d70e0641a69:0x7b73b,130,34,119,0
10728d70e0641a69:0xa94e7,37,15,16,0
10728d70e0641a69:0xa94e7,37,16,16,0
10728d70e0641a69:0xa94e7,38,16,16,0
10728d70e0641a69:0xa9539,31,13,14,0
10728d70e0641a69:0xa9539,31,14,14,0
10728d70e0641a69:0xa9539,32,14,14,0
10728d70e0641a69:0x290c3,95,61,52,0
10728d70e0641a69:0x290c3,95,62,52,0
10728d70e0641a69:0x290c3,96,62,52,0
10728d70e0641a69:0x2910c,93,125,74,0
10728d70e0641a69:0x2910c,93,126,74,0
10728d70e0641a69:0x2910c,94,126,74,0
10728d70e0641a69:0x2919f,97,131,74,0
10728d70e0641a69:0x2919f,97,132,74,0
10728d70e0641a69:0x2919f,98,132,74,0
10728d70e0641a69:0x291e6,89,62,52,0
10728d70e0641a69:0x291e6,89,63,52,0
10728d70e0641a69:0x291e6,90,63,52,0
10728d70e0641a69:0x29277,97,158,79,0
10728d70e0641a69:0x29277,97,159,79,0
10728d70e0641a69:0x29277,98,159,79,0
10728d70e0641a69:0x292be,88,61,50,0
10728d70e0641a69:0x292be,88,62,50,0
10728d70e0641a69:0x292be,89,62,50,0
10728d70e0641a69:0x2934c,97,146,79,0
10728d70e0641a69:0x2934c,97,147,79,0
10728d70e0641a69:0x2934c,98,147,79,0
10728d70e0641a69:0x29394,89,61,52,0
10728d70e0641a69:0x29394,89,62,52,0
10728d70e0641a69:0x29394,90,62,52,0
10728d70e0641a69:0x2e2bf,42,22,23,0
10728d70e0641a69:0x2e2bf,42,23,23,0
10728d70e0641a69:0x2e2bf,43,23,23,0
10728d70e0641a69:0x290c3,97,62,52,0
10728d70e0641a69:0x2910c,95,126,74,0
10728d70e0641a69:0x2919f,99,132,74,0
10728d70e0641a69:0x291e6,91,63,52,0
10728d70e0641a69:0x29277,99,159,79,0
10728d70e0641a69:0x292be,90,62,50,0
10728d70e0641a69:0x2934c,99,147,79,0
10728d70e0641a69:0x29394,91,62,52,0
10728d70e0641a69:0x2fde4,14,12,13,0
10728d70e0641a69:0x2fde4,14,13,13,0
10728d70e0641a69:0x2fde4,15,13,13,0
10728d70e0641a69:0x7b733,100,31,31,0
10728d70e0641a69:0x7b73b,131,34,119,0
10728d70e0641a69:0xa817c,185,38,0,0
10728d70e0641a69:0xa817c,186,38,0,0
10728d70e0641a69:0x1159e5,171,0,37,0
10728d70e0641a69:0x1159e5,171,0,38,0
10728d70e0641a69:0x1159e5,172,0,38,0
10728d70e0641a69:0x6cd2,364,59,38,0
10728d70e0641a69:0x115a2d,382,49,168,0
10728d70e0641a69:0xa81f9,159,18,6,0
10728d70e0641a69:0xa81f9,159,19,6,0
10728d70e0641a69:0xa81f9,160,19,6,0
10728d70e0641a69:0xa8240,151,11,4,0
10728d70e0641a69:0xa8240,151,12,4,0
10728d70e0641a69:0xa8240,152,12,4,0
10728d70e0641a69:0xa828b,150,11,5,0
10728d70e0641a69:0xa828b,150,12,5,0
10728d70e0641a69:0xa828b,151,12,5,0
10728d70e0641a69:0xa82d2,150,13,6,0
10728d70e0641a69:0xa82d2,150,14,6,0
10728d70e0641a69:0xa82d2,151,14,6,0
10728d70e0641a69:0xa831e,148,11,5,0
10728d70e0641a69:0xa831e,148,12,5,0
10728d70e0641a69:0xa831e,149,12,5,0
10728d70e0641a69:0xa8362,148,12,6,0
10728d70e0641a69:0xa8362,148,13,6,0
10728d70e0641a69:0xa8362,149,13,6,0
10728d70e0641a69:0xa83af,146,10,5,0
10728d70e0641a69:0xa83af,146,11,5,0
10728d70e0641a69:0xa83af,147,11,5,0
10728d70e0641a69:0xa83f8,146,11,6,0
10728d70e0641a69:0xa83f8,146,12,6,0
10728d70e0641a69:0xa83f8,147,12,6,0
10728d70e0641a69:0xa856e,146,17,16,0
10728d70e0641a69:0xa856e,146,18,16,0
10728d70e0641a69:0xa856e,147,18,16,0
10728d70e0641a69:0xa85ea,157,19,20,0
10728d70e0641a69:0xa85ea,157,20,20,0
10728d70e0641a69:0xa85ea,158,20,20,0
10728d70e0641a69:0x3e5dd,146,18,19,0
10728d70e0641a69:0x3e5dd,146,19,19,0
10728d70e0641a69:0x3e5dd,147,19,19,0
10728d70e0641a69:0x3e6a2,140,13,12,0
10728d70e0641a69:0x3e6a2,140,14,12,0
10728d70e0641a69:0x3e6a2,141,14,12,0
10728d70e0641a69:0x3e6e6,92,11,12,0
10728d70e0641a69:0x3e6e6,92,12,12,0
10728d70e0641a69:0x3e6e6,93,12,12,0
10728d70e0641a69:0x3e730,91,0,21,0
10728d70e0641a69:0x3e730,91,0,22,0
10728d70e0641a69:0x3e730,92,0,22,0
10728d70e0641a69:0x3e9ce,91,9,10,0
10728d70e0641a69:0x3e9ce,91,10,10,0
10728d70e0641a69:0x3e9ce,92,10,10,0
10728d70e0641a69:0x3ea12,91,10,11,0
10728d70e0641a69:0x3ea12,91,11,11,0
10728d70e0641a69:0x3ea12,92,11,11,0
10728d70e0641a69:0x3ea56,91,11,8,0
10728d70e0641a69:0x3ea56,91,12,8,0
10728d70e0641a69:0x3ea56,92,12,8,0
10728d70e0641a69:0x3ea9a,88,11,7,0
10728d70e0641a69:0x3ea9a,88,12,7,0
10728d70e0641a69:0x3ea9a,89,12,7,0
10728d70e0641a69:0xac76b,4,4,5,0
10728d70e0641a69:0xac76b,4,5,5,0
10728d70e0641a69:0xac76b,5,5,5,0
10728d70e0641a69:0x7b733,101,31,31,0
10728d70e0641a69:0x7b73b,132,34,119,0
10728d70e0641a69:0x8f435,4,4,9,0
10728d70e0641a69:0x8f435,4,5,9,0
10728d70e0641a69:0x8f435,5,5,9,0
10728d70e0641a69:0x8f435,5,5,10,0
10728d70e0641a69:0x8f44f,28,10,18,0
10728d70e0641a69:0x8f44f,28,11,18,0
10728d70e0641a69:0x8f44f,29,11,18,0
10728d70e0641a69:0x8f44f,29,11,19,0
10728d70e0641a69:0x8f44f,30,11,19,0
10728d70e0641a69:0x8f44f,31,11,19,0
10728d70e0641a69:0x8f44f,32,11,19,0
10728d70e0641a69:0x8f44f,33,11,19,0
10728d70e0641a69:0x8f44f,34,11,19,0
10728d70e0641a69:0x8f44f,34,11,20,0
10728d70e0641a69:0x8f44f,34,12,20,0
10728d70e0641a69:0x8f44f,35,12,20,0
10728d70e0641a69:0x8f467,6,2,11,0
10728d70e0641a69:0x8f467,6,2,12,0
10728d70e0641a69:0x8f467,7,2,12,0
10728d70e0641a69:0x8f46e,6,2,11,0
10728d70e0641a69:0x8f46e,6,2,12,0
10728d70e0641a69:0x8f46e,7,2,12,0
10728d70e0641a69:0x8f4d3,6,2,11,0
10728d70e0641a69:0x8f4d3,6,2,12,0
10728d70e0641a69:0x8f4d3,7,2,12,0
10728d70e0641a69:0x8f3b9,6,6,11,0
10728d70e0641a69:0x8f3b9,6,7,11,0
10728d70e0641a69:0x8f3b9,7,7,11,0
10728d70e0641a69:0x8f3b9,7,7,12,0
10728d70e0641a69:0x8f3c9,6,6,7,0
10728d70e0641a69:0x8f3c9,6,7,7,0
10728d70e0641a69:0x8f3c9,7,7,7,0
10728d70e0641a69:0x8f3dc,6,6,7,0
10728d70e0641a69:0x8f3dc,6,7,7,0
10728d70e0641a69:0x8f3dc,7,7,7,0
10728d70e0641a69:0x8f3ed,6,2,15,0
10728d70e0641a69:0x8f3ed,6,2,16,0
10728d70e0641a69:0x8f3ed,7,2,16,0
10728d70e0641a69:0x8f3ed,7,2,17,0
10728d70e0641a69:0x8f406,6,2,19,0
10728d70e0641a69:0x8f406,6,2,20,0
10728d70e0641a69:0x8f406,7,2,20,0
10728d70e0641a69:0x8f406,7,2,21,0
10728d70e0641a69:0x8f406,7,2,22,0
10728d70e0641a69:0x8f429,6,2,11,0
10728d70e0641a69:0x8f429,6,2,12,0
10728d70e0641a69:0x8f429,7,2,12,0
10728d70e0641a69:0x6cd2,365,59,38,0
10728d70e0641a69:0x115a2d,383,49,168,0
10728d70e0641a69:0xa6db7,85,15,16,0
10728d70e0641a69:0xa6db7,85,16,16,0
10728d70e0641a69:0xa6db7,86,16,16,0
10728d70e0641a69:0x7b733,102,31,31,0
10728d70e0641a69:0x7b73b,133,34,119,0
10728d70e0641a69:0xa6ec6,87,20,22,0
10728d70e0641a69:0xa6ec6,87,21,22,0
10728d70e0641a69:0xa6ec6,88,21,22,0
10728d70e0641a69:0xac92b,4,4,4,0
10728d70e0641a69:0xac92b,4,5,4,0
10728d70e0641a69:0xac92b,5,5,4,0
10728d70e0641a69:0xac953,4,3,3,0
10728d70e0641a69:0xac953,4,4,3,0
10728d70e0641a69:0xac953,5,4,3,0
10728d70e0641a69:0xac962,4,4,5,0
10728d70e0641a69:0xac962,4,5,5,0
10728d70e0641a69:0xac962,5,5,5,0
10728d70e0641a69:0xac98c,4,3,3,0
10728d70e0641a69:0xac98c,4,4,3,0
10728d70e0641a69:0xac98c,5,4,3,0
10728d70e0641a69:0xac992,4,4,5,0
10728d70e0641a69:0xac992,4,5,5,0
10728d70e0641a69:0xac992,5,5,5,0
10728d70e0641a69:0xac9c5,4,4,4,0
10728d70e0641a69:0xac9c5,4,5,4,0
10728d70e0641a69:0xac9c5,5,5,4,0
10728d70e0641a69:0xac9cf,4,4,5,0
10728d70e0641a69:0xac9cf,4,5,5,0
10728d70e0641a69:0xac9cf,5,5,5,0
10728d70e0641a69:0xac9fc,4,4,4,0
10728d70e0641a69:0xac9fc,4,5,4,0
10728d70e0641a69:0xac9fc,5,5,4,0
10728d70e0641a69:0xaca06,4,4,5,0
10728d70e0641a69:0xaca06,4,5,5,0
10728d70e0641a69:0xaca06,5,5,5,0
10728d70e0641a69:0xaca2e,4,3,3,0
10728d70e0641a69:0xaca2e,4,4,3,0
10728d70e0641a69:0xaca2e,5,4,3,0
10728d70e0641a69:0xaca32,4,4,5,0
10728d70e0641a69:0xaca32,4,5,5,0
10728d70e0641a69:0xaca32,5,5,5,0
10728d70e0641a69:0xaca68,4,4,4,0
10728d70e0641a69:0xaca68,4,5,4,0
10728d70e0641a69:0xaca68,5,5,4,0
10728d70e0641a69:0xaca72,4,4,5,0
10728d70e0641a69:0xaca72,4,5,5,0
10728d70e0641a69:0xaca72,5,5,5,0
10728d70e0641a69:0xaca8c,4,3,3,0
10728d70e0641a69:0xaca8c,4,4,3,0
10728d70e0641a69:0xaca8c,5,4,3,0
10728d70e0641a69:0xacad3,4,4,5,0
10728d70e0641a69:0xacad3,4,5,5,0
10728d70e0641a69:0xacad3,5,5,5,0
10728d70e0641a69:0x1b2f6,4,4,4,0
10728d70e0641a69:0x1b2f6,4,5,4,0
10728d70e0641a69:0x1b2f6,5,5,4,0
10728d70e0641a69:0x1b33c,4,4,5,0
10728d70e0641a69:0x1b33c,4,5,5,0
10728d70e0641a69:0x1b33c,5,5,5,0
10728d70e0641a69:0x1b38a,4,4,4,0
10728d70e0641a69:0x1b38a,4,5,4,0
10728d70e0641a69:0x1b38a,5,5,4,0
10728d70e0641a69:0x1b3d1,4,3,3,0
10728d70e0641a69:0x1b3d1,4,4,3,0
10728d70e0641a69:0x1b3d1,5,4,3,0
10728d70e0641a69:0x1b417,4,4,5,0
10728d70e0641a69:0x1b417,4,5,5,0
10728d70e0641a69:0x1b417,5,5,5,0
10728d70e0641a69:0x1b45f,4,4,4,0
10728d70e0641a69:0x1b45f,4,5,4,0
10728d70e0641a69:0x1b45f,5,5,4,0
10728d70e0641a69:0x1b4a9,4,4,4,0
10728d70e0641a69:0x1b4a9,4,5,4,0
10728d70e0641a69:0x1b4a9,5,5,4,0
10728d70e0641a69:0x1b4ef,4,4,5,0
10728d70e0641a69:0x1b4ef,4,5,5,0
10728d70e0641a69:0x1b4ef,5,5,5,0
10728d70e0641a69:0x1b535,4,4,4,0
10728d70e0641a69:0x1b535,4,5,4,0
10728d70e0641a69:0x1b535,5,5,4,0
10728d70e0641a69:0x1b57f,4,4,4,0
10728d70e0641a69:0x1b57f,4,5,4,0
10728d70e0641a69:0x1b57f,5,5,4,0
10728d70e0641a69:0x1b5c8,4,4,4,0
10728d70e0641a69:0x1b5c8,4,5,4,0
10728d70e0641a69:0x1b5c8,5,5,4,0
10728d70e0641a69:0x1b614,4,3,3,0
10728d70e0641a69:0x1b614,4,4,3,0
10728d70e0641a69:0x1b614,5,4,3,0
10728d70e0641a69:0x1b659,4,4,4,0
10728d70e0641a69:0x1b659,4,5,4,0
10728d70e0641a69:0x1b659,5,5,4,0
10728d70e0641a69:0x1b696,4,4,4,0
10728d70e0641a69:0x1b696,4,5,4,0
10728d70e0641a69:0x1b696,5,5,4,0
10728d70e0641a69:0x1b756,4,4,5,0
10728d70e0641a69:0x1b756,4,5,5,0
10728d70e0641a69:0x1b756,5,5,5,0
10728d70e0641a69:0x1b792,4,4,5,0
10728d70e0641a69:0x1b792,4,5,5,0
10728d70e0641a69:0x1b792,5,5,5,0
10728d70e0641a69:0x1b85c,4,4,5,0
10728d70e0641a69:0x1b85c,4,5,5,0
10728d70e0641a69:0x1b85c,5,5,5,0
10728d70e0641a69:0x1b89a,4,4,5,0
10728d70e0641a69:0x1b89a,4,5,5,0
10728d70e0641a69:0x1b89a,5,5,5,0
10728d70e0641a69:0x1b95e,4,4,5,0
10728d70e0641a69:0x1b95e,4,5,5,0
10728d70e0641a69:0x1b95e,5,5,5,0
10728d70e0641a69:0x1b99a,4,3,4,0
10728d70e0641a69:0x1b99a,4,4,4,0
10728d70e0641a69:0x1b99a,5,4,4,0
10728d70e0641a69:0x1625e,8,5,6,0
10728d70e0641a69:0x1625e,8,6,6,0
10728d70e0641a69:0x1625e,9,6,6,0
10728d70e0641a69:0x1bab5,4,4,5,0
10728d70e0641a69:0x1bab5,4,5,5,0
10728d70e0641a69:0x1bab5,5,5,5,0
10728d70e0641a69:0x1bb00,4,4,5,0
10728d70e0641a69:0x1bb00,4,5,5,0
10728d70e0641a69:0x1bb00,5,5,5,0
10728d70e0641a69:0x1bb3e,4,4,5,0
10728d70e0641a69:0x1bb3e,4,5,5,0
10728d70e0641a69:0x1bb3e,5,5,5,0
10728d70e0641a69:0x1bc05,4,4,5,0
10728d70e0641a69:0x1bc05,4,5,5,0
10728d70e0641a69:0x1bc05,5,5,5,0
10728d70e0641a69:0x1bc42,4,4,5,0
10728d70e0641a69:0x1bc42,4,5,5,0
10728d70e0641a69:0x1bc42,5,5,5,0
10728d70e0641a69:0x1625e,10,6,6,0
10728d70e0641a69:0x1bd5d,4,3,4,0
10728d70e0641a69:0x1bd5d,4,4,4,0
10728d70e0641a69:0x1bd5d,5,4,4,0
10728d70e0641a69:0x1be4a,4,4,5,0
10728d70e0641a69:0x1be4a,4,5,5,0
10728d70e0641a69:0x1be4a,5,5,5,0
10728d70e0641a69:0x1bece,4,4,5,0
10728d70e0641a69:0x1bece,4,5,5,0
10728d70e0641a69:0x1bece,5,5,5,0
10728d70e0641a69:0x1bf5e,4,4,5,0
10728d70e0641a69:0x1bf5e,4,5,5,0
10728d70e0641a69:0x1bf5e,5,5,5,0
10728d70e0641a69:0x1c026,4,4,5,0
10728d70e0641a69:0x1c026,4,5,5,0
10728d70e0641a69:0x1c026,5,5,5,0
10728d70e0641a69:0x1c0aa,4,4,5,0
10728d70e0641a69:0x1c0aa,4,5,5,0
10728d70e0641a69:0x1c0aa,5,5,5,0
10728d70e0641a69:0x1c136,4,4,5,0
10728d70e0641a69:0x1c136,4,5,5,0
10728d70e0641a69:0x1c136,5,5,5,0
10728d70e0641a69:0x1c1b9,4,4,5,0
10728d70e0641a69:0x1c1b9,4,5,5,0
10728d70e0641a69:0x1c1b9,5,5,5,0
10728d70e0641a69:0x1c23d,4,4,5,0
10728d70e0641a69:0x1c23d,4,5,5,0
10728d70e0641a69:0x1c23d,5,5,5,0
10728d70e0641a69:0x1c2cd,4,4,5,0
10728d70e0641a69:0x1c2cd,4,5,5,0
10728d70e0641a69:0x1c2cd,5,5,5,0
10728d70e0641a69:0x1c8ae,4,4,5,0
10728d70e0641a69:0x1c8ae,4,5,5,0
10728d70e0641a69:0x1c8ae,5,5,5,0
10728d70e0641a69:0x1c8f2,4,4,5,0
10728d70e0641a69:0x1c8f2,4,5,5,0
10728d70e0641a69:0x1c8f2,5,5,5,0
10728d70e0641a69:0x1c93f,4,3,4,0
10728d70e0641a69:0x1c93f,4,4,4,0
10728d70e0641a69:0x1c93f,5,4,4,0
10728d70e0641a69:0x1c987,4,4,5,0
10728d70e0641a69:0x1c987,4,5,5,0
10728d70e0641a69:0x1c987,5,5,5,0
10728d70e0641a69:0x1c9d6,4,4,5,0
10728d70e0641a69:0x1c9d6,4,5,5,0
10728d70e0641a69:0x1c9d6,5,5,5,0
10728d70e0641a69:0x1ca1b,4,3,4,0
10728d70e0641a69:0x1ca1b,4,4,4,0
10728d70e0641a69:0x1ca1b,5,4,4,0
10728d70e0641a69:0x1ca6c,4,4,5,0
10728d70e0641a69:0x1ca6c,4,5,5,0
10728d70e0641a69:0x1ca6c,5,5,5,0
10728d70e0641a69:0x1cab3,4,4,5,0
10728d70e0641a69:0x1cab3,4,5,5,0
10728d70e0641a69:0x1cab3,5,5,5,0
10728d70e0641a69:0x1cb00,4,3,4,0
10728d70e0641a69:0x1cb00,4,4,4,0
10728d70e0641a69:0x1cb00,5,4,4,0
10728d70e0641a69:0x1cb45,4,3,4,0
10728d70e0641a69:0x1cb45,4,4,4,0
10728d70e0641a69:0x1cb45,5,4,4,0
10728d70e0641a69:0x1cb94,4,3,4,0
10728d70e0641a69:0x1cb94,4,4,4,0
10728d70e0641a69:0x1cb94,5,4,4,0
10728d70e0641a69:0x1cbdb,4,4,5,0
10728d70e0641a69:0x1cbdb,4,5,5,0
10728d70e0641a69:0x1cbdb,5,5,5,0
10728d70e0641a69:0x1cc2d,4,4,5,0
10728d70e0641a69:0x1cc2d,4,5,5,0
10728d70e0641a69:0x1cc2d,5,5,5,0
10728d70e0641a69:0x1cc73,4,4,5,0
10728d70e0641a69:0x1cc73,4,5,5,0
10728d70e0641a69:0x1cc73,5,5,5,0
10728d70e0641a69:0x1ccc4,4,4,5,0
10728d70e0641a69:0x1ccc4,4,5,5,0
10728d70e0641a69:0x1ccc4,5,5,5,0
10728d70e0641a69:0x1cd11,4,4,5,0
10728d70e0641a69:0x1cd11,4,5,5,0
10728d70e0641a69:0x1cd11,5,5,5,0
10728d70e0641a69:0x1d0d4,4,3,4,0
10728d70e0641a69:0x1d0d4,4,4,4,0
10728d70e0641a69:0x1d0d4,5,4,4,0
10728d70e0641a69:0x1d121,4,4,5,0
10728d70e0641a69:0x1d121,4,5,5,0
10728d70e0641a69:0x1d121,5,5,5,0
10728d70e0641a69:0x1d172,4,4,5,0
10728d70e0641a69:0x1d172,4,5,5,0
10728d70e0641a69:0x1d172,5,5,5,0
10728d70e0641a69:0x1d1c2,4,4,5,0
10728d70e0641a69:0x1d1c2,4,5,5,0
10728d70e0641a69:0x1d1c2,5,5,5,0
10728d70e0641a69:0x1d20f,4,4,5,0
10728d70e0641a69:0x1d20f,4,5,5,0
10728d70e0641a69:0x1d20f,5,5,5,0
10728d70e0641a69:0x1d262,4,4,5,0
10728d70e0641a69:0x1d262,4,5,5,0
10728d70e0641a69:0x1d262,5,5,5,0
10728d70e0641a69:0x1d2b2,4,4,5,0
10728d70e0641a69:0x1d2b2,4,5,5,0
10728d70e0641a69:0x1d2b2,5,5,5,0
10728d70e0641a69:0x1d2ff,4,4,5,0
10728d70e0641a69:0x1d2ff,4,5,5,0
10728d70e0641a69:0x1d2ff,5,5,5,0
10728d70e0641a69:0x7b733,103,31,31,0
10728d70e0641a69:0x7b73b,134,34,119,0
10728d70e0641a69:0xa817c,186,39,0,0
10728d70e0641a69:0xa817c,187,39,0,0
10728d70e0641a69:0x783b7,28,24,25,0
10728d70e0641a69:0x783b7,28,25,25,0
10728d70e0641a69:0x783b7,29,25,25,0
10728d70e0641a69:0x7782e,28,0,45,0
10728d70e0641a69:0x7782e,28,0,46,0
10728d70e0641a69:0x7782e,29,0,46,0
10728d70e0641a69:0x77834,28,22,23,0
10728d70e0641a69:0x77834,28,23,23,0
10728d70e0641a69:0x77834,29,23,23,0
10728d70e0641a69:0x783e9,28,0,49,0
10728d70e0641a69:0x783e9,28,0,50,0
10728d70e0641a69:0x783e9,29,0,50,0
10728d70e0641a69:0x7b7dc,70,0,2,0
10728d70e0641a69:0x8eccc,71,3,0,0
10728d70e0641a69:0xa817c,188,39,0,0
10728d70e0641a69:0x1159e5,173,0,38,0
10728d70e0641a69:0x6cd2,366,59,38,0
10728d70e0641a69:0x115a2d,384,49,168,0
10728d70e0641a69:0xa81f9,161,19,6,0
10728d70e0641a69:0xa8240,153,12,4,0
10728d70e0641a69:0xa828b,152,12,5,0
10728d70e0641a69:0xa82d2,152,14,6,0
10728d70e0641a69:0xa831e,150,12,5,0
10728d70e0641a69:0xa8362,150,13,6,0
10728d70e0641a69:0xa83af,148,11,5,0
10728d70e0641a69:0xa83f8,148,12,6,0
10728d70e0641a69:0xa856e,148,18,16,0
10728d70e0641a69:0xa85ea,159,20,20,0
10728d70e0641a69:0x3e5dd,148,19,19,0
10728d70e0641a69:0x3e6a2,142,14,12,0
10728d70e0641a69:0xaa573,48,3,3,0
10728d70e0641a69:0x6cd2,367,59,38,0
10728d70e0641a69:0x115a2d,385,49,168,0
10728d70e0641a69:0xa6db7,87,16,16,0
10728d70e0641a69:0xa6ec6,89,21,22,0
10728d70e0641a69:0xaa60f,45,1,0,0
10728d70e0641a69:0xaa680,45,1,0,0
10728d70e0641a69:0xaa713,45,1,0,0
10728d70e0641a69:0xaa758,45,2,1,0
10728d70e0641a69:0xaa987,29,1,1,0
10728d70e0641a69:0xf247,45,2,1,0
10728d70e0641a69:0xf30f,45,2,1,0
10728d70e0641a69:0xf38b,45,2,1,0
10728d70e0641a69:0xf483,45,2,1,0
10728d70e0641a69:0xf500,45,2,1,0
10728d70e0641a69:0xf5cf,45,2,1,0
10728d70e0641a69:0xf613,45,2,1,0
10728d70e0641a69:0xf68f,45,2,1,0
10728d70e0641a69:0xf74c,45,2,2,0
10728d70e0641a69:0xf80c,45,2,1,0
10728d70e0641a69:0xf89a,45,2,1,0
10728d70e0641a69:0xf9a6,45,2,1,0
10728d70e0641a69:0xc4116,45,2,2,0
10728d70e0641a69:0xc4158,29,1,1,0
10728d70e0641a69:0xc41e3,29,1,1,0
10728d70e0641a69:0xc4268,45,2,2,0
10728d70e0641a69:0xa817c,189,39,0,0
10728d70e0641a69:0x1159e5,174,0,38,0
10728d70e0641a69:0x6cd2,368,59,38,0
10728d70e0641a69:0x115a2d,386,49,168,0
10728d70e0641a69:0xa81f9,162,19,6,0
10728d70e0641a69:0xa8240,154,12,4,0
10728d70e0641a69:0xa828b,153,12,5,0
10728d70e0641a69:0xa82d2,153,14,6,0
10728d70e0641a69:0xa831e,151,12,5,0
10728d70e0641a69:0xa8362,151,13,6,0
10728d70e0641a69:0xa83af,149,11,5,0
10728d70e0641a69:0xa83f8,149,12,6,0
10728d70e0641a69:0xa856e,149,18,16,0
10728d70e0641a69:0xa85ea,160,20,20,0
10728d70e0641a69:0x3e5dd,149,19,19,0
10728d70e0641a69:0x3e6a2,143,14,12,0
10728d70e0641a69:0x3e6e6,94,12,12,0
10728d70e0641a69:0x3e730,93,0,22,0
10728d70e0641a69:0x3e9ce,93,10,10,0
10728d70e0641a69:0x3ea12,93,11,11,0
10728d70e0641a69:0x3ea56,93,12,8,0
10728d70e0641a69:0x3ea9a,90,12,7,0
10728d70e0641a69:0x3eade,85,11,7,0
10728d70e0641a69:0x3eb22,72,8,4,0
10728d70e0641a69:0x3eb66,52,7,5,0
10728d70e0641a69:0x3ebaa,49,7,4,0
10728d70e0641a69:0x3ebee,48,6,3,0
10728d70e0641a69:0x3ec32,47,6,3,0
10728d70e0641a69:0x3ec76,46,4,1,0
10728d70e0641a69:0x3ecba,45,6,3,0
10728d70e0641a69:0x3ecfe,44,9,6,0
10728d70e0641a69:0x3ed42,36,7,6,0
10728d70e0641a69:0x3ed86,32,6,5,0
10728d70e0641a69:0x3edca,29,5,4,0
10728d70e0641a69:0x3ee0e,28,5,4,0
10728d70e0641a69:0x3ee52,27,6,5,0
10728d70e0641a69:0x3ee96,25,6,5,0
10728d70e0641a69:0x3c23b,6,3,4,0
10728d70e0641a69:0x3c23b,6,4,4,0
10728d70e0641a69:0x3c23b,7,4,4,0
10728d70e0641a69:0xa897f,38,20,21,0
10728d70e0641a69:0xa897f,38,21,21,0
10728d70e0641a69:0xa897f,39,21,21,0
10728d70e0641a69:0xa9c40,2,2,3,0
10728d70e0641a69:0xa9c40,2,3,3,0
10728d70e0641a69:0xa9c40,3,3,3,0
10728d70e0641a69:0xa94e7,38,16,17,0
10728d70e0641a69:0xa94e7,38,17,17,0
10728d70e0641a69:0xa94e7,39,17,17,0
10728d70e0641a69:0xa9539,32,14,15,0
10728d70e0641a69:0xa9539,32,15,15,0
10728d70e0641a69:0xa9539,33,15,15,0
10728d70e0641a69:0x290c3,97,62,53,0
10728d70e0641a69:0x290c3,97,63,53,0
10728d70e0641a69:0x290c3,98,63,53,0
10728d70e0641a69:0x2910c,95,126,75,0
10728d70e0641a69:0x2910c,95,127,75,0
10728d70e0641a69:0x2910c,96,127,75,0
10728d70e0641a69:0x2919f,99,132,75,0
10728d70e0641a69:0x2919f,99,133,75,0
10728d70e0641a69:0x2919f,100,133,75,0
10728d70e0641a69:0x291e6,92,63,52,0
10728d70e0641a69:0x29277,100,159,79,0
10728d70e0641a69:0x292be,90,62,51,0
10728d70e0641a69:0x292be,90,63,51,0
10728d70e0641a69:0x292be,91,63,51,0
10728d70e0641a69:0x2934c,99,147,80,0
10728d70e0641a69:0x2934c,99,148,80,0
10728d70e0641a69:0x2934c,100,148,80,0
10728d70e0641a69:0x29394,91,62,53,0
10728d70e0641a69:0x29394,91,63,53,0
10728d70e0641a69:0x29394,92,63,53,0
10728d70e0641a69:0x2e2bf,44,23,23,0
10728d70e0641a69:0x290c3,99,63,53,0
10728d70e0641a69:0x2910c,97,127,75,0
10728d70e0641a69:0x2919f,101,133,75,0
10728d70e0641a69:0x291e6,93,63,52,0
10728d70e0641a69:0x29277,101,159,79,0
10728d70e0641a69:0x292be,92,63,51,0
10728d70e0641a69:0x2934c,101,148,80,0
10728d70e0641a69:0x29394,93,63,53,0
10728d70e0641a69:0x2fde4,15,13,14,0
10728d70e0641a69:0x2fde4,15,14,14,0
10728d70e0641a69:0x2fde4,16,14,14,0
10728d70e0641a69:0xa817c,189,40,0,0
10728d70e0641a69:0xa817c,190,40,0,0
10728d70e0641a69:0x1159e5,174,0,39,0
10728d70e0641a69:0x1159e5,174,0,40,0
10728d70e0641a69:0x1159e5,175,0,40,0
10728d70e0641a69:0x6cd2,368,60,38,0
10728d70e0641a69:0x6cd2,369,60,38,0
10728d70e0641a69:0x115a2d,386,50,168,0
10728d70e0641a69:0x115a2d,387,50,168,0
10728d70e0641a69:0x115a2d,387,50,169,0
10728d70e0641a69:0x115a2d,387,50,170,0
10728d70e0641a69:0x115a2d,387,50,171,0
10728d70e0641a69:0x115a2d,387,50,172,0
10728d70e0641a69:0xa81f9,162,20,6,0
10728d70e0641a69:0xa81f9,163,20,6,0
10728d70e0641a69:0x290c3,100,63,53,0
10728d70e0641a69:0x2910c,97,128,75,0
10728d70e0641a69:0x2910c,98,128,75,0
10728d70e0641a69:0x2910c,98,129,75,0
10728d70e0641a69:0x2910c,98,130,75,0
10728d70e0641a69:0x2910c,98,130,76,0
10728d70e0641a69:0x2910c,98,131,76,0
10728d70e0641a69:0x2910c,98,132,76,0
10728d70e0641a69:0x2910c,98,133,76,0
10728d70e0641a69:0x2910c,98,133,77,0
10728d70e0641a69:0x2910c,98,134,77,0
10728d70e0641a69:0x2910c,98,135,77,0
10728d70e0641a69:0x2910c,98,136,77,0
10728d70e0641a69:0x2910c,98,137,77,0
10728d70e0641a69:0x2910c,98,138,77,0
10728d70e0641a69:0x2910c,98,138,78,0
10728d70e0641a69:0x2910c,98,139,78,0
10728d70e0641a69:0x2910c,98,140,78,0
10728d70e0641a69:0x2910c,98,141,78,0
10728d70e0641a69:0x2910c,98,141,79,0
10728d70e0641a69:0x2910c,98,142,79,0
10728d70e0641a69:0x2910c,98,143,79,0
10728d70e0641a69:0x2919f,101,134,75,0
10728d70e0641a69:0x2919f,102,134,75,0
10728d70e0641a69:0x2919f,102,135,75,0
10728d70e0641a69:0x2919f,102,136,75,0
10728d70e0641a69:0x2919f,102,136,76,0
10728d70e0641a69:0x2919f,102,137,76,0
10728d70e0641a69:0x2919f,102,138,76,0
10728d70e0641a69:0x2919f,102,139,76,0
10728d70e0641a69:0x2919f,102,140,76,0
10728d70e0641a69:0x2919f,102,141,76,0
10728d70e0641a69:0x2919f,102,141,77,0
10728d70e0641a69:0x2919f,102,142,77,0
10728d70e0641a69:0x2919f,102,143,77,0
10728d70e0641a69:0x2919f,102,144,77,0
10728d70e0641a69:0x2919f,102,145,77,0
10728d70e0641a69:0x2919f,102,146,77,0
10728d70e0641a69:0x2919f,102,146,78,0
10728d70e0641a69:0x2919f,102,147,78,0
10728d70e0641a69:0x2919f,102,148,78,0
10728d70e0641a69:0x2919f,102,149,78,0
10728d70e0641a69:0x2919f,102,150,78,0
10728d70e0641a69:0x2919f,102,150,79,0
10728d70e0641a69:0x2919f,102,151,79,0
10728d70e0641a69:0x2919f,102,152,79,0
10728d70e0641a69:0x29277,101,160,79,0
10728d70e0641a69:0x29277,102,160,79,0
10728d70e0641a69:0x29277,102,161,79,0
10728d70e0641a69:0x29277,102,162,79,0
10728d70e0641a69:0x29277,102,162,80,0
10728d70e0641a69:0x29277,102,163,80,0
10728d70e0641a69:0x29277,102,164,80,0
10728d70e0641a69:0x29277,102,165,80,0
10728d70e0641a69:0x29277,102,166,80,0
10728d70e0641a69:0x29277,102,167,80,0
10728d70e0641a69:0x29277,102,167,81,0
10728d70e0641a69:0x29277,102,168,81,0
10728d70e0641a69:0x29277,102,169,81,0
10728d70e0641a69:0x29277,102,170,81,0
10728d70e0641a69:0x29277,102,171,81,0
10728d70e0641a69:0x29277,102,172,81,0
10728d70e0641a69:0x29277,102,172,82,0
10728d70e0641a69:0x29277,102,173,82,0
10728d70e0641a69:0x29277,102,174,82,0
10728d70e0641a69:0x29277,102,175,82,0
10728d70e0641a69:0x29277,102,176,82,0
10728d70e0641a69:0x29277,102,176,83,0
10728d70e0641a69:0x29277,102,177,83,0
10728d70e0641a69:0x29277,102,178,83,0
10728d70e0641a69:0x2934c,101,148,81,0
10728d70e0641a69:0x2934c,101,149,81,0
10728d70e0641a69:0x2934c,102,149,81,0
10728d70e0641a69:0x2934c,102,150,81,0
10728d70e0641a69:0x2934c,102,151,81,0
10728d70e0641a69:0x2934c,102,151,82,0
10728d70e0641a69:0x2934c,102,152,82,0
10728d70e0641a69:0x2934c,102,153,82,0
10728d70e0641a69:0x2934c,102,154,82,0
10728d70e0641a69:0x2934c,102,155,82,0
10728d70e0641a69:0x2934c,102,156,82,0
10728d70e0641a69:0x2934c,102,156,83,0
10728d70e0641a69:0x2934c,102,157,83,0
10728d70e0641a69:0x2934c,102,158,83,0
10728d70e0641a69:0x2934c,102,159,83,0
10728d70e0641a69:0x2934c,102,160,83,0
10728d70e0641a69:0x2934c,102,161,83,0
10728d70e0641a69:0x2934c,102,161,84,0
10728d70e0641a69:0x2934c,102,162,84,0
10728d70e0641a69:0x2934c,102,163,84,0
10728d70e0641a69:0x2934c,102,164,84,0
10728d70e0641a69:0x2934c,102,165,84,0
10728d70e0641a69:0x2934c,102,165,85,0
10728d70e0641a69:0x2934c,102,166,85,0
10728d70e0641a69:0x2934c,102,167,85,0
10728d70e0641a69:0x7b7dc,71,0,2,0
10728d70e0641a69:0x8eccc,72,3,0,0
10728d70e0641a69:0xa817c,191,40,0,0
10728d70e0641a69:0x1159e5,176,0,40,0
10728d70e0641a69:0x6cd2,370,60,38,0
10728d70e0641a69:0x115a2d,388,50,172,0
10728d70e0641a69:0xa81f9,164,20,6,0
10728d70e0641a69:0xa8240,155,12,4,0
10728d70e0641a69:0xa828b,154,12,5,0
10728d70e0641a69:0xa82d2,154,14,6,0
10728d70e0641a69:0xa831e,152,12,5,0
10728d70e0641a69:0xa8362,152,13,6,0
10728d70e0641a69:0xa83af,150,11,5,0
10728d70e0641a69:0xa83f8,150,12,6,0
10728d70e0641a69:0xa856e,150,18,16,0
10728d70e0641a69:0xa85ea,161,20,20,0
10728d70e0641a69:0x3e5dd,150,19,19,0
10728d70e0641a69:0x3e6a2,144,14,12,0
10728d70e0641a69:0xaa573,49,3,3,0
10728d70e0641a69:0x6cd2,371,60,38,0
10728d70e0641a69:0x115a2d,389,50,172,0
10728d70e0641a69:0xa6db7,88,16,16,0
10728d70e0641a69:0xa6ec6,90,21,22,0
10728d70e0641a69:0xaa60f,46,1,0,0
10728d70e0641a69:0xaa680,46,1,0,0
10728d70e0641a69:0xaa713,46,1,0,0
10728d70e0641a69:0xaa758,46,2,1,0
10728d70e0641a69:0xaa987,30,1,1,0
10728d70e0641a69:0xf247,46,2,1,0
10728d70e0641a69:0xf30f,46,2,1,0
10728d70e0641a69:0xf38b,46,2,1,0
10728d70e0641a69:0xf483,46,2,1,0
10728d70e0641a69:0xf500,46,2,1,0
10728d70e0641a69:0xf5cf,46,2,1,0
10728d70e0641a69:0xf613,46,2,1,0
10728d70e0641a69:0xf68f,46,2,1,0
10728d70e0641a69:0xf74c,46,2,2,0
10728d70e0641a69:0xf80c,46,2,1,0
10728d70e0641a69:0xf89a,46,2,1,0
10728d70e0641a69:0xf9a6,46,2,1,0
10728d70e0641a69:0xc4116,46,2,2,0
10728d70e0641a69:0xc4158,30,1,1,0
10728d70e0641a69:0xc41e3,30,1,1,0
10728d70e0641a69:0xc4268,46,2,2,0
10728d70e0641a69:0xa817c,192,40,0,0
10728d70e0641a69:0x1159e5,177,0,40,0
10728d70e0641a69:0x6cd2,372,60,38,0
10728d70e0641a69:0x115a2d,390,50,172,0
10728d70e0641a69:0xa81f9,165,20,6,0
10728d70e0641a69:0xa8240,156,12,4,0
10728d70e0641a69:0xa828b,155,12,5,0
10728d70e0641a69:0xa82d2,155,14,6,0
10728d70e0641a69:0xa831e,153,12,5,0
10728d70e0641a69:0xa8362,153,13,6,0
10728d70e0641a69:0xa83af,151,11,5,0
10728d70e0641a69:0xa83f8,151,12,6,0
10728d70e0641a69:0xa856e,151,18,16,0
10728d70e0641a69:0xa85ea,162,20,20,0
10728d70e0641a69:0x3e5dd,151,19,19,0
10728d70e0641a69:0x3e6a2,145,14,12,0
10728d70e0641a69:0x3e6e6,95,12,12,0
10728d70e0641a69:0x3e730,94,0,22,0
10728d70e0641a69:0x3e9ce,94,10,10,0
10728d70e0641a69:0x3ea12,94,11,11,0
10728d70e0641a69:0x3ea56,94,12,8,0
10728d70e0641a69:0x3ea9a,91,12,7,0
10728d70e0641a69:0x3eade,86,11,7,0
10728d70e0641a69:0x3eb22,73,8,4,0
10728d70e0641a69:0x3eb66,53,7,5,0
10728d70e0641a69:0x3ebaa,50,7,4,0
10728d70e0641a69:0x3ebee,49,6,3,0
10728d70e0641a69:0x3ec32,48,6,3,0
10728d70e0641a69:0x3ec76,47,4,1,0
10728d70e0641a69:0x3ecba,46,6,3,0
10728d70e0641a69:0x3ecfe,45,9,6,0
10728d70e0641a69:0x3ed42,37,7,6,0
10728d70e0641a69:0x3ed86,33,6,5,0
10728d70e0641a69:0x3edca,30,5,4,0
10728d70e0641a69:0x3ee0e,29,5,4,0
10728d70e0641a69:0x3ee52,28,6,5,0
10728d70e0641a69:0xafb7d,2,1,1,0
10728d70e0641a69:0xafcf3,2,1,1,0
10728d70e0641a69:0xafd37,2,1,1,0
10728d70e0641a69:0xa897f,40,21,21,0
10728d70e0641a69:0xa8a0f,32,14,14,0
10728d70e0641a69:0xa904a,32,14,14,0
10728d70e0641a69:0x6e1b4,39,18,18,0
10728d70e0641a69:0x7b73b,135,34,119,0
10728d70e0641a69:0x7b746,38,17,17,0
10728d70e0641a69:0x7b74f,36,15,17,0
10728d70e0641a69:0x7b76c,212,29,30,0
10728d70e0641a69:0x7b76c,213,29,30,0
10728d70e0641a69:0x7b76c,214,29,30,0
10728d70e0641a69:0x7b76c,215,29,30,0
10728d70e0641a69:0x7b782,39,1,35,0
10728d70e0641a69:0x6e283,39,1,35,0
10728d70e0641a69:0x5db32,39,1,35,0
10728d70e0641a69:0x6cd2,373,60,38,0
10728d70e0641a69:0x6d9b,38,17,17,0
10728d70e0641a69:0x6dee,38,17,17,0
10728d70e0641a69:0x115a2d,391,50,172,0
10728d70e0641a69:0x1167a4,38,16,48,0
10728d70e0641a69:0x116947,38,17,34,0
10728d70e0641a69:0x1169b7,36,14,14,0
10728d70e0641a69:0x1169fb,26,9,9,0
10728d70e0641a69:0x116a40,26,10,12,0
10728d70e0641a69:0x116a84,24,8,12,0
10728d70e0641a69:0x116ac8,23,7,25,0
10728d70e0641a69:0x116e00,26,8,8,0
10728d70e0641a69:0x6e7d,38,0,34,0
10728d70e0641a69:0xa93cd,31,13,13,0
10728d70e0641a69:0x7b733,104,31,31,0
10728d70e0641a69:0x7b73b,136,34,119,0
10728d70e0641a69:0xa94e7,40,17,17,0
10728d70e0641a69:0xa9539,34,15,15,0
10728d70e0641a69:0x290c3,101,63,53,0
10728d70e0641a69:0x2910c,99,143,79,0
10728d70e0641a69:0x2919f,103,152,79,0
10728d70e0641a69:0x291e6,94,63,52,0
10728d70e0641a69:0x29277,103,178,83,0
10728d70e0641a69:0x292be,93,63,51,0
10728d70e0641a69:0x2934c,103,167,85,0
10728d70e0641a69:0x29394,94,63,53,0
10728d70e0641a69:0x2e2bf,45,23,23,0
10728d70e0641a69:0x290c3,102,63,53,0
10728d70e0641a69:0x2910c,100,143,79,0
10728d70e0641a69:0x2919f,104,152,79,0
10728d70e0641a69:0x291e6,95,63,52,0
10728d70e0641a69:0x29277,104,178,83,0
10728d70e0641a69:0x292be,94,63,51,0
10728d70e0641a69:0x2934c,104,167,85,0
10728d70e0641a69:0x29394,95,63,53,0
10728d70e0641a69:0x2fde4,17,14,14,0
10728d70e0641a69:0x7b733,105,31,31,0
10728d70e0641a69:0x7b73b,137,34,119,0
10728d70e0641a69:0xa817c,193,40,0,0
10728d70e0641a69:0x1159e5,178,0,40,0
10728d70e0641a69:0x6cd2,373,61,38,0
10728d70e0641a69:0x6cd2,374,61,38,0
10728d70e0641a69:0x115a2d,392,50,172,0
10728d70e0641a69:0xa81f9,166,20,6,0
10728d70e0641a69:0xa8240,157,12,4,0
10728d70e0641a69:0xa828b,156,12,5,0
10728d70e0641a69:0xa82d2,156,14,6,0
10728d70e0641a69:0xa831e,154,12,5,0
10728d70e0641a69:0xa8362,154,13,6,0
10728d70e0641a69:0xa83af,152,11,5,0
10728d70e0641a69:0xa83f8,152,12,6,0
10728d70e0641a69:0xa856e,151,18,17,0
10728d70e0641a69:0xa856e,151,19,17,0
10728d70e0641a69:0xa856e,152,19,17,0
10728d70e0641a69:0xa86d8,6,4,9,0
10728d70e0641a69:0xa86d8,6,5,9,0
10728d70e0641a69:0xa86d8,7,5,9,0
10728d70e0641a69:0xa875f,6,4,9,0
10728d70e0641a69:0xa875f,6,5,9,0
10728d70e0641a69:0xa875f,7,5,9,0
10728d70e0641a69:0xa877c,6,4,9,0
10728d70e0641a69:0xa877c,6,5,9,0
10728d70e0641a69:0xa877c,7,5,9,0
10728d70e0641a69:0xa8783,6,4,9,0
