schema_version,timestamp_us,result,elapsed_us,branch_id,cum_solving_time_us
v1,1791230706305650,SAT,5952,b097ef0536bef82c:0x3403e,5952
v1,1791230706317524,UNSAT,5766,b097ef0536bef82c:0x34080,11718
v1,1791230706318438,SAT,587,b097ef0536bef82c:0x34080,12305
v1,1791230706664829,UNSAT,333,b097ef0536bef82c:0x2fcff,12638
v1,1791230706665426,SAT,312,b097ef0536bef82c:0x2fcff,12950
v1,1791230706671430,SAT,233,b097ef0536bef82c:0x5a17d,13183
v1,1791230706672634,UNSAT,160,b097ef0536bef82c:0x5a17d,13343
v1,1791230726845343,UNSAT,202,10728d70e0641a69:0x7b7dc,202
v1,1791230726920614,UNSAT,178,10728d70e0641a69:0x7b7dc,380
v1,1791230727063314,SAT,508,10728d70e0641a69:0x8eccc,888
v1,1791230727088932,SAT,630,10728d70e0641a69:0xa817c,1518
v1,1791230727126112,UNSAT,188,10728d70e0641a69:0x1159e5,1706
v1,1791230727126482,UNSAT,127,10728d70e0641a69:0x1159e5,1833
v1,1791230727137830,SAT,517,10728d70e0641a69:0x6cd2,2350
v1,1791230727157143,SAT,507,10728d70e0641a69:0x115a2d,2857
v1,1791230727174466,UNSAT,198,10728d70e0641a69:0x115a2d,3055
v1,1791230727194857,UNSAT,174,10728d70e0641a69:0x115a2d,3229
v1,1791230727200132,UNSAT,179,10728d70e0641a69:0x115a2d,3408
v1,1791230727205511,UNSAT,188,10728d70e0641a69:0x115a2d,3596
v1,1791230727222390,SAT,533,10728d70e0641a69:0xa81f9,4129
v1,1791230727228093,SAT,551,10728d70e0641a69:0xa8240,4680
v1,1791230727233575,SAT,447,10728d70e0641a69:0xa828b,5127
v1,1791230727239200,SAT,832,10728d70e0641a69:0xa82d2,5959
v1,1791230727245379,SAT,465,10728d70e0641a69:0xa831e,6424
v1,1791230727252687,SAT,1298,10728d70e0641a69:0xa8362,7722
v1,1791230727259638,SAT,653,10728d70e0641a69:0xa83af,8375
v1,1791230727265669,SAT,633,10728d70e0641a69:0xa83f8,9008
v1,1791230727272360,SAT,296,10728d70e0641a69:0xa856e,9304
v1,1791230727280806,UNSAT,181,10728d70e0641a69:0xa85ea,9485
v1,1791230727281538,SAT,464,10728d70e0641a69:0xa85ea,9949
v1,1791230727293206,UNSAT,407,10728d70e0641a69:0x3e5dd,10356
v1,1791230727293673,SAT,160,10728d70e0641a69:0x3e5dd,10516
v1,1791230727304547,SAT,2017,10728d70e0641a69:0x3e6a2,12533
v1,1791230727318363,UNSAT,251,10728d70e0641a69:0xaa573,12784
v1,1791230727319190,SAT,566,10728d70e0641a69:0xaa573,13350
v1,1791230727327096,UNSAT,206,10728d70e0641a69:0x6cd2,13556
v1,1791230727327842,SAT,468,10728d70e0641a69:0x6cd2,14024
v1,1791230727329305,UNSAT,161,10728d70e0641a69:0x115a2d,14185
v1,1791230727329688,SAT,150,10728d70e0641a69:0x115a2d,14335
v1,1791230727337235,UNSAT,178,10728d70e0641a69:0x115a2d,14513
v1,1791230727339505,UNSAT,162,10728d70e0641a69:0x115a2d,14675
v1,1791230727341771,UNSAT,160,10728d70e0641a69:0x115a2d,14835
v1,1791230727344061,UNSAT,155,10728d70e0641a69:0x115a2d,14990
v1,1791230727346370,UNSAT,165,10728d70e0641a69:0x115a2d,15155
v1,1791230727348694,UNSAT,165,10728d70e0641a69:0x115a2d,15320
v1,1791230727351012,UNSAT,152,10728d70e0641a69:0x115a2d,15472
v1,1791230727353425,UNSAT,160,10728d70e0641a69:0x115a2d,15632
v1,1791230727360095,UNSAT,171,10728d70e0641a69:0x115a2d,15803
v1,1791230727369727,UNSAT,193,10728d70e0641a69:0x115a2d,15996
v1,1791230727371813,UNSAT,167,10728d70e0641a69:0x115a2d,16163
v1,1791230727373091,UNSAT,149,10728d70e0641a69:0x115a2d,16312
v1,1791230727374454,UNSAT,216,10728d70e0641a69:0x115a2d,16528
v1,1791230727382330,UNSAT,253,10728d70e0641a69:0xa6db7,16781
v1,1791230727383066,SAT,473,10728d70e0641a69:0xa6db7,17254
v1,1791230727394178,UNSAT,234,10728d70e0641a69:0xa6ec6,17488
v1,1791230727395502,SAT,827,10728d70e0641a69:0xa6ec6,18315
v1,1791230727416148,SAT,539,10728d70e0641a69:0xaa60f,18854
v1,1791230727423657,SAT,536,10728d70e0641a69:0xaa680,19390
v1,1791230727432383,SAT,208,10728d70e0641a69:0xaa713,19598
v1,1791230727438307,SAT,1088,10728d70e0641a69:0xaa758,20686
v1,1791230727443235,SAT,191,10728d70e0641a69:0xaa79c,20877
v1,1791230727452390,SAT,719,10728d70e0641a69:0xaa82b,21596
v1,1791230727504005,SAT,545,10728d70e0641a69:0xf247,22141
v1,1791230727521517,SAT,6162,10728d70e0641a69:0xf30f,28303
v1,1791230727529868,SAT,215,10728d70e0641a69:0xf38b,28518
v1,1791230727545441,SAT,791,10728d70e0641a69:0xf483,29309
v1,1791230727558089,SAT,4311,10728d70e0641a69:0xf500,33620
v1,1791230727565707,SAT,957,10728d70e0641a69:0xf5cf,34577
v1,1791230727571650,SAT,718,10728d70e0641a69:0xf613,35295
v1,1791230727581209,SAT,616,10728d70e0641a69:0xf68f,35911
v1,1791230727594201,UNSAT,877,10728d70e0641a69:0xf74c,36788
v1,1791230727595251,SAT,688,10728d70e0641a69:0xf74c,37476
v1,1791230727601267,UNSAT,901,10728d70e0641a69:0xf78f,38377
v1,1791230727602006,SAT,248,10728d70e0641a69:0xf78f,38625
v1,1791230727610778,SAT,791,10728d70e0641a69:0xf80c,39416
v1,1791230727618225,SAT,534,10728d70e0641a69:0xf89a,39950
v1,1791230727634417,SAT,710,10728d70e0641a69:0xf9a6,40660
v1,1791230727644246,UNSAT,303,10728d70e0641a69:0xc4116,40963
v1,1791230727645518,SAT,833,10728d70e0641a69:0xc4116,41796
v1,1791230727652727,UNSAT,746,10728d70e0641a69:0xc4268,42542
v1,1791230727653571,SAT,546,10728d70e0641a69:0xc4268,43088
v1,1791230727673000,SAT,579,10728d70e0641a69:0xa817c,43667
v1,1791230727674753,UNSAT,676,10728d70e0641a69:0x1159e5,44343
v1,1791230727675405,UNSAT,175,10728d70e0641a69:0x1159e5,44518
v1,1791230727676771,SAT,606,10728d70e0641a69:0x6cd2,45124
v1,1791230727687412,SAT,566,10728d70e0641a69:0x115a2d,45690
v1,1791230727688372,UNSAT,166,10728d70e0641a69:0x115a2d,45856
v1,1791230727689093,UNSAT,148,10728d70e0641a69:0x115a2d,46004
v1,1791230727689749,UNSAT,133,10728d70e0641a69:0x115a2d,46137
v1,1791230727690435,UNSAT,138,10728d70e0641a69:0x115a2d,46275
v1,1791230727691872,SAT,629,10728d70e0641a69:0xa81f9,46904
v1,1791230727693390,SAT,637,10728d70e0641a69:0xa8240,47541
v1,1791230727694873,SAT,527,10728d70e0641a69:0xa828b,48068
v1,1791230727696629,SAT,875,10728d70e0641a69:0xa82d2,48943
v1,1791230727698261,SAT,568,10728d70e0641a69:0xa831e,49511
v1,1791230727700394,SAT,948,10728d70e0641a69:0xa8362,50459
v1,1791230727702062,SAT,614,10728d70e0641a69:0xa83af,51073
v1,1791230727704381,SAT,1085,10728d70e0641a69:0xa83f8,52158
v1,1791230727705990,UNSAT,247,10728d70e0641a69:0xa856e,52405
v1,1791230727706447,SAT,179,10728d70e0641a69:0xa856e,52584
v1,1791230727708087,UNSAT,202,10728d70e0641a69:0xa85ea,52786
v1,1791230727708899,SAT,526,10728d70e0641a69:0xa85ea,53312
v1,1791230727710456,UNSAT,224,10728d70e0641a69:0x3e5dd,53536
v1,1791230727710880,SAT,158,10728d70e0641a69:0x3e5dd,53694
v1,1791230727712364,UNSAT,243,10728d70e0641a69:0x3e6a2,53937
v1,1791230727712773,SAT,155,10728d70e0641a69:0x3e6a2,54092
v1,1791230727718513,UNSAT,283,10728d70e0641a69:0x3e6e6,54375
v1,1791230727719090,SAT,239,10728d70e0641a69:0x3e6e6,54614
v1,1791230727744843,UNSAT,193,10728d70e0641a69:0x3e730,54807
v1,1791230727745275,UNSAT,159,10728d70e0641a69:0x3e730,54966
v1,1791230727748626,UNSAT,280,10728d70e0641a69:0x3e9ce,55246
v1,1791230727749054,SAT,155,10728d70e0641a69:0x3e9ce,55401
v1,1791230727755241,UNSAT,398,10728d70e0641a69:0x3ea12,55799
v1,1791230727755709,SAT,164,10728d70e0641a69:0x3ea12,55963
v1,1791230727762078,SAT,480,10728d70e0641a69:0x3ea56,56443
v1,1791230727768284,SAT,300,10728d70e0641a69:0x3ea9a,56743
v1,1791230727775030,SAT,338,10728d70e0641a69:0x3eade,57081
v1,1791230727784943,SAT,3065,10728d70e0641a69:0x3eb22,60146
v1,1791230727800860,UNSAT,190,10728d70e0641a69:0xabb3b,60336
v1,1791230727802121,SAT,788,10728d70e0641a69:0xabb3b,61124
v1,1791230727809126,UNSAT,251,10728d70e0641a69:0x6cd2,61375
v1,1791230727809844,SAT,453,10728d70e0641a69:0x6cd2,61828
v1,1791230727812177,UNSAT,299,10728d70e0641a69:0x115a2d,62127
v1,1791230727812622,SAT,146,10728d70e0641a69:0x115a2d,62273
v1,1791230727813799,UNSAT,143,10728d70e0641a69:0x115a2d,62416
v1,1791230727814902,UNSAT,150,10728d70e0641a69:0x115a2d,62566
v1,1791230727815980,UNSAT,158,10728d70e0641a69:0x115a2d,62724
v1,1791230727817065,UNSAT,148,10728d70e0641a69:0x115a2d,62872
v1,1791230727821448,UNSAT,299,10728d70e0641a69:0xa6db7,63171
v1,1791230727822233,SAT,493,10728d70e0641a69:0xa6db7,63664
v1,1791230727837173,UNSAT,193,10728d70e0641a69:0xa6ec6,63857
v1,1791230727837954,SAT,491,10728d70e0641a69:0xa6ec6,64348
v1,1791230727847273,SAT,624,10728d70e0641a69:0xabcdc,64972
v1,1791230727855632,SAT,1289,10728d70e0641a69:0xabc8,66261
v1,1791230727911691,SAT,581,10728d70e0641a69:0xa817c,66842
v1,1791230727912983,UNSAT,159,10728d70e0641a69:0x1159e5,67001
v1,1791230727913365,UNSAT,159,10728d70e0641a69:0x1159e5,67160
v1,1791230727914636,SAT,498,10728d70e0641a69:0x6cd2,67658
v1,1791230727916315,SAT,542,10728d70e0641a69:0x115a2d,68200
v1,1791230727917311,UNSAT,175,10728d70e0641a69:0x115a2d,68375
v1,1791230727918100,UNSAT,163,10728d70e0641a69:0x115a2d,68538
v1,1791230727918795,UNSAT,148,10728d70e0641a69:0x115a2d,68686
v1,1791230727919485,UNSAT,152,10728d70e0641a69:0x115a2d,68838
v1,1791230727920967,SAT,594,10728d70e0641a69:0xa81f9,69432
v1,1791230727923111,SAT,987,10728d70e0641a69:0xa8240,70419
v1,1791230727924985,SAT,535,10728d70e0641a69:0xa828b,70954
v1,1791230727927568,SAT,1433,10728d70e0641a69:0xa82d2,72387
v1,1791230727929663,SAT,890,10728d70e0641a69:0xa831e,73277
v1,1791230727931515,SAT,910,10728d70e0641a69:0xa8362,74187
v1,1791230727933741,SAT,783,10728d70e0641a69:0xa83af,74970
v1,1791230727935430,SAT,651,10728d70e0641a69:0xa83f8,75621
v1,1791230727937066,UNSAT,240,10728d70e0641a69:0xa856e,75861
v1,1791230727937564,SAT,204,10728d70e0641a69:0xa856e,76065
v1,1791230727939167,UNSAT,166,10728d70e0641a69:0xa85ea,76231
v1,1791230727939958,SAT,520,10728d70e0641a69:0xa85ea,76751
v1,1791230727941759,UNSAT,270,10728d70e0641a69:0x3e5dd,77021
v1,1791230727942230,SAT,196,10728d70e0641a69:0x3e5dd,77217
v1,1791230727943884,UNSAT,248,10728d70e0641a69:0x3e6a2,77465
v1,1791230727944343,SAT,182,10728d70e0641a69:0x3e6a2,77647
v1,1791230727945933,UNSAT,244,10728d70e0641a69:0x3e6e6,77891
v1,1791230727946356,SAT,171,10728d70e0641a69:0x3e6e6,78062
v1,1791230727948230,UNSAT,166,10728d70e0641a69:0x3e730,78228
v1,1791230727948953,UNSAT,249,10728d70e0641a69:0x3e730,78477
v1,1791230727951529,UNSAT,269,10728d70e0641a69:0x3e9ce,78746
v1,1791230727951974,SAT,174,10728d70e0641a69:0x3e9ce,78920
v1,1791230727955111,UNSAT,713,10728d70e0641a69:0x3ea12,79633
v1,1791230727955634,SAT,173,10728d70e0641a69:0x3ea12,79806
v1,1791230727958720,SAT,314,10728d70e0641a69:0x3ea56,80120
v1,1791230727961307,SAT,317,10728d70e0641a69:0x3ea9a,80437
v1,1791230727963945,SAT,314,10728d70e0641a69:0x3eade,80751
v1,1791230727966711,SAT,334,10728d70e0641a69:0x3eb22,81085
v1,1791230727973498,SAT,332,10728d70e0641a69:0x3eb66,81417
v1,1791230727980649,SAT,353,10728d70e0641a69:0x3ebaa,81770
v1,1791230727990184,SAT,354,10728d70e0641a69:0x3ebee,82124
v1,1791230727998033,SAT,370,10728d70e0641a69:0x3ec32,82494
v1,1791230728006992,SAT,425,10728d70e0641a69:0x3ec76,82919
v1,1791230728017425,SAT,586,10728d70e0641a69:0x3ecba,83505
v1,1791230728030320,SAT,4111,10728d70e0641a69:0x3ecfe,87616
v1,1791230728046635,UNSAT,192,10728d70e0641a69:0xacdeb,87808
v1,1791230728047480,SAT,561,10728d70e0641a69:0xacdeb,88369
v1,1791230728056679,UNSAT,480,10728d70e0641a69:0x6cd2,88849
v1,1791230728057968,SAT,836,10728d70e0641a69:0x6cd2,89685
v1,1791230728060339,UNSAT,188,10728d70e0641a69:0x115a2d,89873
v1,1791230728060797,SAT,153,10728d70e0641a69:0x115a2d,90026
v1,1791230728062004,UNSAT,161,10728d70e0641a69:0x115a2d,90187
v1,1791230728067587,UNSAT,301,10728d70e0641a69:0xa6db7,90488
v1,1791230728068352,SAT,494,10728d70e0641a69:0xa6db7,90982
v1,1791230728070579,UNSAT,187,10728d70e0641a69:0xa6ec6,91169
v1,1791230728071017,SAT,165,10728d70e0641a69:0xa6ec6,91334
v1,1791230728080692,UNSAT,308,10728d70e0641a69:0xa6f12,91642
v1,1791230728081483,SAT,501,10728d70e0641a69:0xa6f12,92143
v1,1791230728108710,UNSAT,333,10728d70e0641a69:0x290c3,92476
v1,1791230728109534,SAT,547,10728d70e0641a69:0x290c3,93023
v1,1791230728118705,UNSAT,371,10728d70e0641a69:0x2910c,93394
v1,1791230728119561,SAT,570,10728d70e0641a69:0x2910c,93964
v1,1791230728133154,UNSAT,320,10728d70e0641a69:0x2919f,94284
v1,1791230728134034,SAT,591,10728d70e0641a69:0x2919f,94875
v1,1791230728143377,UNSAT,346,10728d70e0641a69:0x291e6,95221
v1,1791230728144291,SAT,611,10728d70e0641a69:0x291e6,95832
v1,1791230728157925,UNSAT,456,10728d70e0641a69:0x29277,96288
v1,1791230728158909,SAT,697,10728d70e0641a69:0x29277,96985
v1,1791230728168483,UNSAT,464,10728d70e0641a69:0x292be,97449
v1,1791230728169300,SAT,523,10728d70e0641a69:0x292be,97972
v1,1791230728183508,UNSAT,384,10728d70e0641a69:0x2934c,98356
v1,1791230728184375,SAT,566,10728d70e0641a69:0x2934c,98922
v1,1791230728194343,UNSAT,382,10728d70e0641a69:0x29394,99304
v1,1791230728195267,SAT,633,10728d70e0641a69:0x29394,99937
v1,1791230728258141,UNSAT,384,10728d70e0641a69:0x2e2bf,100321
v1,1791230728258605,SAT,168,10728d70e0641a69:0x2e2bf,100489
v1,1791230728547845,SAT,1066,10728d70e0641a69:0xa817c,101555
v1,1791230728550314,UNSAT,251,10728d70e0641a69:0x1159e5,101806
v1,1791230728550938,UNSAT,212,10728d70e0641a69:0x1159e5,102018
v1,1791230728553148,SAT,622,10728d70e0641a69:0x115a2d,102640
v1,1791230728554060,UNSAT,158,10728d70e0641a69:0x115a2d,102798
v1,1791230728554842,UNSAT,150,10728d70e0641a69:0x115a2d,102948
v1,1791230728555555,UNSAT,151,10728d70e0641a69:0x115a2d,103099
v1,1791230728556293,UNSAT,166,10728d70e0641a69:0x115a2d,103265
v1,1791230728557935,UNSAT,161,10728d70e0641a69:0xa85ea,103426
v1,1791230728558798,SAT,603,10728d70e0641a69:0xa85ea,104029
v1,1791230728588301,UNSAT,216,10728d70e0641a69:0xaac9f,104245
v1,1791230728589161,SAT,569,10728d70e0641a69:0xaac9f,104814
v1,1791230728594662,UNSAT,186,10728d70e0641a69:0xaace6,105000
v1,1791230728595549,SAT,611,10728d70e0641a69:0xaace6,105611
v1,1791230728602513,UNSAT,192,10728d70e0641a69:0xaad36,105803
v1,1791230728625548,SAT,22758,10728d70e0641a69:0xaad36,128561
v1,1791230728637338,UNSAT,206,10728d70e0641a69:0xaad8f,128767
v1,1791230728638177,SAT,541,10728d70e0641a69:0xaad8f,129308
v1,1791230728646990,UNSAT,276,10728d70e0641a69:0xab7d3,129584
v1,1791230728685730,SAT,38277,10728d70e0641a69:0xab7d3,167861
v1,1791230728696093,UNSAT,212,10728d70e0641a69:0xaae10,168073
v1,1791230728730905,SAT,34490,10728d70e0641a69:0xaae10,202563
v1,1791230728747217,UNSAT,226,10728d70e0641a69:0xa897f,202789
v1,1791230728787859,SAT,40306,10728d70e0641a69:0xa897f,243095
v1,1791230728811533,UNSAT,220,10728d70e0641a69:0xa94e7,243315
v1,1791230728812002,SAT,171,10728d70e0641a69:0xa94e7,243486
v1,1791230738796287,SAT,477,10728d70e0641a69:0x8eccc,477
v1,1791230738805585,SAT,3245,10728d70e0641a69:0xa7f5f,3722
v1,1791230738824002,SAT,3885,10728d70e0641a69:0x8eccc,7607
v1,1791230744024303,UNSAT,211,10728d70e0641a69:0xa85ea,211
v1,1791230744025400,SAT,587,10728d70e0641a69:0xa85ea,798
v1,1791230744044649,UNSAT,186,10728d70e0641a69:0x3078c,984
v1,1791230744045055,SAT,151,10728d70e0641a69:0x3078c,1135
v1,1791230744052828,UNSAT,244,10728d70e0641a69:0x290c3,1379
v1,1791230744053543,SAT,420,10728d70e0641a69:0x290c3,1799
v1,1791230744060427,UNSAT,195,10728d70e0641a69:0x2910c,1994
v1,1791230744061164,SAT,466,10728d70e0641a69:0x2910c,2460
v1,1791230744071882,UNSAT,198,10728d70e0641a69:0x2919f,2658
v1,1791230744072877,SAT,664,10728d70e0641a69:0x2919f,3322
v1,1791230744079217,UNSAT,193,10728d70e0641a69:0x291e6,3515
v1,1791230744080048,SAT,553,10728d70e0641a69:0x291e6,4068
v1,1791230744090102,UNSAT,201,10728d70e0641a69:0x29277,4269
v1,1791230744090830,SAT,455,10728d70e0641a69:0x29277,4724
v1,1791230744097128,UNSAT,196,10728d70e0641a69:0x292be,4920
v1,1791230744097812,SAT,398,10728d70e0641a69:0x292be,5318
v1,1791230744107876,UNSAT,208,10728d70e0641a69:0x2934c,5526
v1,1791230744108618,SAT,459,10728d70e0641a69:0x2934c,5985
v1,1791230744114897,UNSAT,202,10728d70e0641a69:0x29394,6187
v1,1791230744115573,SAT,407,10728d70e0641a69:0x29394,6594
v1,1791230744184505,UNSAT,198,10728d70e0641a69:0x30a82,6792
v1,1791230744184920,SAT,156,10728d70e0641a69:0x30a82,6948
v1,1791230744479529,UNSAT,220,10728d70e0641a69:0x3e5dd,7168
v1,1791230744479993,SAT,161,10728d70e0641a69:0x3e5dd,7329
v1,1791230744491234,UNSAT,201,10728d70e0641a69:0x3e6a2,7530
v1,1791230744492093,SAT,565,10728d70e0641a69:0x3e6a2,8095
v1,1791230744507916,UNSAT,204,10728d70e0641a69:0xaa573,8299
v1,1791230744508392,SAT,179,10728d70e0641a69:0xaa573,8478
v1,1791230744525859,UNSAT,192,10728d70e0641a69:0x290c3,8670
v1,1791230744526612,SAT,466,10728d70e0641a69:0x290c3,9136
v1,1791230744530795,UNSAT,203,10728d70e0641a69:0x2910c,9339
v1,1791230744531655,SAT,534,10728d70e0641a69:0x2910c,9873
v1,1791230744536428,UNSAT,211,10728d70e0641a69:0x2919f,10084
v1,1791230744537386,SAT,655,10728d70e0641a69:0x2919f,10739
v1,1791230744541525,UNSAT,189,10728d70e0641a69:0x291e6,10928
v1,1791230744542298,SAT,491,10728d70e0641a69:0x291e6,11419
v1,1791230744546923,UNSAT,194,10728d70e0641a69:0x29277,11613
v1,1791230744547727,SAT,517,10728d70e0641a69:0x29277,12130
v1,1791230744552406,UNSAT,237,10728d70e0641a69:0x292be,12367
v1,1791230744553204,SAT,468,10728d70e0641a69:0x292be,12835
v1,1791230744559215,UNSAT,273,10728d70e0641a69:0x2934c,13108
v1,1791230744560506,SAT,786,10728d70e0641a69:0x2934c,13894
v1,1791230744566108,UNSAT,197,10728d70e0641a69:0x29394,14091
v1,1791230744566870,SAT,468,10728d70e0641a69:0x29394,14559
v1,1791230750383088,UNSAT,476,10728d70e0641a69:0xaa573,476
v1,1791230750383813,SAT,212,10728d70e0641a69:0xaa573,688
v1,1791230755876834,UNSAT,237,10728d70e0641a69:0xa6f12,237
v1,1791230755878190,SAT,725,10728d70e0641a69:0xa6f12,962
v1,1791230755905440,UNSAT,339,10728d70e0641a69:0x290c3,1301
v1,1791230755906192,SAT,463,10728d70e0641a69:0x290c3,1764
v1,1791230755912766,UNSAT,204,10728d70e0641a69:0x2910c,1968
v1,1791230755913524,SAT,477,10728d70e0641a69:0x2910c,2445
v1,1791230755924077,UNSAT,304,10728d70e0641a69:0x2919f,2749
v1,1791230755924826,SAT,453,10728d70e0641a69:0x2919f,3202
v1,1791230755931543,UNSAT,195,10728d70e0641a69:0x291e6,3397
v1,1791230755932219,SAT,398,10728d70e0641a69:0x291e6,3795
v1,1791230755942737,UNSAT,185,10728d70e0641a69:0x29277,3980
v1,1791230755943465,SAT,460,10728d70e0641a69:0x29277,4440
v1,1791230755950124,UNSAT,189,10728d70e0641a69:0x292be,4629
v1,1791230755950805,SAT,405,10728d70e0641a69:0x292be,5034
v1,1791230755961226,UNSAT,191,10728d70e0641a69:0x2934c,5225
v1,1791230755961961,SAT,463,10728d70e0641a69:0x2934c,5688
v1,1791230755969255,UNSAT,197,10728d70e0641a69:0x29394,5885
v1,1791230755969978,SAT,408,10728d70e0641a69:0x29394,6293
v1,1791230761728760,UNSAT,362,10728d70e0641a69:0xaa758,362
v1,1791230761729941,SAT,696,10728d70e0641a69:0xaa758,1058
v1,1791230761734809,UNSAT,197,10728d70e0641a69:0xaa987,1255
v1,1791230761736141,SAT,815,10728d70e0641a69:0xaa987,2070
v1,1791230761794391,UNSAT,207,10728d70e0641a69:0xf247,2277
v1,1791230761794849,SAT,164,10728d70e0641a69:0xf247,2441
v1,1791230761807828,UNSAT,201,10728d70e0641a69:0xf30f,2642
v1,1791230761808532,SAT,426,10728d70e0641a69:0xf30f,3068
v1,1791230761819040,UNSAT,263,10728d70e0641a69:0xf38b,3331
v1,1791230761819725,SAT,246,10728d70e0641a69:0xf38b,3577
v1,1791230761843816,UNSAT,194,10728d70e0641a69:0xf483,3771
v1,1791230761844650,SAT,426,10728d70e0641a69:0xf483,4197
v1,1791230761854143,UNSAT,191,10728d70e0641a69:0xf500,4388
v1,1791230761854747,SAT,313,10728d70e0641a69:0xf500,4701
v1,1791230761864125,UNSAT,188,10728d70e0641a69:0xf5cf,4889
v1,1791230761864947,SAT,539,10728d70e0641a69:0xf5cf,5428
v1,1791230761871761,UNSAT,215,10728d70e0641a69:0xf613,5643
v1,1791230761872399,SAT,330,10728d70e0641a69:0xf613,5973
v1,1791230761882153,UNSAT,203,10728d70e0641a69:0xf68f,6176
v1,1791230761882634,SAT,166,10728d70e0641a69:0xf68f,6342
v1,1791230761890892,UNSAT,219,10728d70e0641a69:0xf74c,6561
v1,1791230761891840,SAT,648,10728d70e0641a69:0xf74c,7209
v1,1791230761900314,UNSAT,206,10728d70e0641a69:0xf80c,7415
v1,1791230761900913,SAT,316,10728d70e0641a69:0xf80c,7731
v1,1791230761909027,UNSAT,214,10728d70e0641a69:0xf89a,7945
v1,1791230761909818,SAT,480,10728d70e0641a69:0xf89a,8425
v1,1791230761927830,UNSAT,213,10728d70e0641a69:0xf9a6,8638
v1,1791230761928638,SAT,506,10728d70e0641a69:0xf9a6,9144
v1,1791230761939843,UNSAT,214,10728d70e0641a69:0xc4116,9358
v1,1791230761940306,SAT,180,10728d70e0641a69:0xc4116,9538
v1,1791230761947624,UNSAT,199,10728d70e0641a69:0xc4158,9737
v1,1791230761948396,SAT,483,10728d70e0641a69:0xc4158,10220
v1,1791230761957218,UNSAT,217,10728d70e0641a69:0xc41e3,10437
v1,1791230761958004,SAT,462,10728d70e0641a69:0xc41e3,10899
v1,1791230761969165,UNSAT,209,10728d70e0641a69:0xc4268,11108
v1,1791230761970056,SAT,536,10728d70e0641a69:0xc4268,11644
v1,1791230761989316,SAT,537,10728d70e0641a69:0xa817c,12181
v1,1791230761990790,UNSAT,164,10728d70e0641a69:0x1159e5,12345
v1,1791230761991176,UNSAT,152,10728d70e0641a69:0x1159e5,12497
v1,1791230761992676,SAT,534,10728d70e0641a69:0x6cd2,13031
v1,1791230761994779,SAT,698,10728d70e0641a69:0x115a2d,13729
v1,1791230761995723,UNSAT,161,10728d70e0641a69:0x115a2d,13890
v1,1791230761996503,UNSAT,151,10728d70e0641a69:0x115a2d,14041
v1,1791230761997185,UNSAT,137,10728d70e0641a69:0x115a2d,14178
v1,1791230761997874,UNSAT,135,10728d70e0641a69:0x115a2d,14313
v1,1791230761999242,SAT,482,10728d70e0641a69:0xa81f9,14795
v1,1791230762001323,SAT,885,10728d70e0641a69:0xa8240,15680
v1,1791230762020590,SAT,500,10728d70e0641a69:0x290c3,16180
v1,1791230762023383,SAT,472,10728d70e0641a69:0x290c3,16652
v1,1791230762023646,SAT,52,10728d70e0641a69:0x290c3,16704
v1,1791230762023981,SAT,192,10728d70e0641a69:0x290c3,16896
v1,1791230762024242,UNSAT,161,10728d70e0641a69:0x290c3,17057
v1,1791230762024314,SAT,35,10728d70e0641a69:0x290c3,17092
v1,1791230762024601,SAT,177,10728d70e0641a69:0x290c3,17269
v1,1791230762024841,UNSAT,148,10728d70e0641a69:0x290c3,17417
v1,1791230762024987,SAT,84,10728d70e0641a69:0x290c3,17501
v1,1791230762025192,SAT,85,10728d70e0641a69:0x290c3,17586
v1,1791230762026843,SAT,374,10728d70e0641a69:0x290c3,17960
v1,1791230762027082,SAT,42,10728d70e0641a69:0x290c3,18002
v1,1791230762027404,UNSAT,201,10728d70e0641a69:0x290c3,18203
v1,1791230762027451,SAT,25,10728d70e0641a69:0x290c3,18228
v1,1791230762027733,UNSAT,167,10728d70e0641a69:0x290c3,18395
v1,1791230762027895,SAT,88,10728d70e0641a69:0x290c3,18483
v1,1791230762028121,SAT,89,10728d70e0641a69:0x290c3,18572
v1,1791230762035113,SAT,541,10728d70e0641a69:0x2919f,19113
v1,1791230762040915,SAT,665,10728d70e0641a69:0x291e6,19778
v1,1791230762044765,SAT,561,10728d70e0641a69:0x291e6,20339
v1,1791230762045073,SAT,47,10728d70e0641a69:0x291e6,20386
v1,1791230762045417,SAT,202,10728d70e0641a69:0x291e6,20588
v1,1791230762045742,UNSAT,218,10728d70e0641a69:0x291e6,20806
v1,1791230762045823,SAT,44,10728d70e0641a69:0x291e6,20850
v1,1791230762046113,SAT,176,10728d70e0641a69:0x291e6,21026
v1,1791230762046375,SAT,168,10728d70e0641a69:0x291e6,21194
v1,1791230762046633,SAT,167,10728d70e0641a69:0x291e6,21361
v1,1791230762046840,UNSAT,135,10728d70e0641a69:0x291e6,21496
v1,1791230762046984,SAT,79,10728d70e0641a69:0x291e6,21575
v1,1791230762047183,SAT,88,10728d70e0641a69:0x291e6,21663
v1,1791230762048883,SAT,519,10728d70e0641a69:0x291e6,22182
v1,1791230762049249,SAT,53,10728d70e0641a69:0x291e6,22235
v1,1791230762049562,UNSAT,183,10728d70e0641a69:0x291e6,22418
v1,1791230762049613,SAT,26,10728d70e0641a69:0x291e6,22444
v1,1791230762049904,UNSAT,186,10728d70e0641a69:0x291e6,22630
v1,1791230762050063,SAT,83,10728d70e0641a69:0x291e6,22713
v1,1791230762050290,SAT,88,10728d70e0641a69:0x291e6,22801
v1,1791230762058331,SAT,516,10728d70e0641a69:0x29277,23317
v1,1791230762064089,SAT,635,10728d70e0641a69:0x292be,23952
v1,1791230762067303,SAT,546,10728d70e0641a69:0x292be,24498
v1,1791230762067605,SAT,57,10728d70e0641a69:0x292be,24555
v1,1791230762067969,SAT,201,10728d70e0641a69:0x292be,24756
v1,1791230762068229,UNSAT,159,10728d70e0641a69:0x292be,24915
v1,1791230762068290,SAT,36,10728d70e0641a69:0x292be,24951
v1,1791230762068526,SAT,152,10728d70e0641a69:0x292be,25103
v1,1791230762068776,SAT,163,10728d70e0641a69:0x292be,25266
v1,1791230762069043,SAT,176,10728d70e0641a69:0x292be,25442
v1,1791230762069269,UNSAT,145,10728d70e0641a69:0x292be,25587
v1,1791230762069433,SAT,94,10728d70e0641a69:0x292be,25681
v1,1791230762069655,SAT,92,10728d70e0641a69:0x292be,25773
v1,1791230762072036,SAT,641,10728d70e0641a69:0x292be,26414
v1,1791230762072537,SAT,59,10728d70e0641a69:0x292be,26473
v1,1791230762072882,UNSAT,195,10728d70e0641a69:0x292be,26668
v1,1791230762072947,SAT,32,10728d70e0641a69:0x292be,26700
v1,1791230762073237,UNSAT,176,10728d70e0641a69:0x292be,26876
v1,1791230762073418,SAT,81,10728d70e0641a69:0x292be,26957
v1,1791230762073651,SAT,90,10728d70e0641a69:0x292be,27047
v1,1791230762081189,UNSAT,271,10728d70e0641a69:0x2934c,27318
v1,1791230762082067,SAT,510,10728d70e0641a69:0x2934c,27828
v1,1791230762087935,UNSAT,625,10728d70e0641a69:0x29394,28453
v1,1791230762088627,SAT,403,10728d70e0641a69:0x29394,28856
v1,1791230762092172,SAT,527,10728d70e0641a69:0x29394,29383
v1,1791230762092475,SAT,40,10728d70e0641a69:0x29394,29423
v1,1791230762092811,SAT,189,10728d70e0641a69:0x29394,29612
v1,1791230762093052,UNSAT,145,10728d70e0641a69:0x29394,29757
v1,1791230762093107,SAT,30,10728d70e0641a69:0x29394,29787
v1,1791230762093361,SAT,169,10728d70e0641a69:0x29394,29956
v1,1791230762093617,SAT,170,10728d70e0641a69:0x29394,30126
v1,1791230762093994,SAT,194,10728d70e0641a69:0x29394,30320
v1,1791230762094267,UNSAT,162,10728d70e0641a69:0x29394,30482
v1,1791230762094441,SAT,102,10728d70e0641a69:0x29394,30584
v1,1791230762094860,SAT,116,10728d70e0641a69:0x29394,30700
v1,1791230762097510,SAT,764,10728d70e0641a69:0x29394,31464
v1,1791230762098107,SAT,58,10728d70e0641a69:0x29394,31522
v1,1791230762098491,UNSAT,209,10728d70e0641a69:0x29394,31731
v1,1791230762098556,SAT,27,10728d70e0641a69:0x29394,31758
v1,1791230762098817,UNSAT,161,10728d70e0641a69:0x29394,31919
v1,1791230762098977,SAT,82,10728d70e0641a69:0x29394,32001
v1,1791230762099210,SAT,95,10728d70e0641a69:0x29394,32096
v1,1791230769772025,SAT,683,10728d70e0641a69:0x6cd2,683
v1,1791230769784374,UNSAT,230,10728d70e0641a69:0xa8240,913
v1,1791230769785126,SAT,466,10728d70e0641a69:0xa8240,1379
v1,1791230769787183,UNSAT,292,10728d70e0641a69:0xa828b,1671
v1,1791230769787994,SAT,438,10728d70e0641a69:0xa828b,2109
v1,1791230769790007,UNSAT,182,10728d70e0641a69:0xa82d2,2291
v1,1791230769791107,SAT,685,10728d70e0641a69:0xa82d2,2976
v1,1791230769792961,UNSAT,188,10728d70e0641a69:0xa831e,3164
v1,1791230769793705,SAT,453,10728d70e0641a69:0xa831e,3617
v1,1791230769795557,UNSAT,188,10728d70e0641a69:0xa8362,3805
v1,1791230769796436,SAT,515,10728d70e0641a69:0xa8362,4320
v1,1791230769798198,UNSAT,162,10728d70e0641a69:0xa83af,4482
v1,1791230769798980,SAT,505,10728d70e0641a69:0xa83af,4987
v1,1791230769800950,UNSAT,233,10728d70e0641a69:0xa83f8,5220
v1,1791230769801650,SAT,397,10728d70e0641a69:0xa83f8,5617
v1,1791230769804189,UNSAT,825,10728d70e0641a69:0xa856e,6442
v1,1791230769804651,SAT,175,10728d70e0641a69:0xa856e,6617
v1,1791230769807054,UNSAT,187,10728d70e0641a69:0xa85ea,6804
v1,1791230769807796,SAT,439,10728d70e0641a69:0xa85ea,7243
v1,1791230769809854,UNSAT,217,10728d70e0641a69:0x3e5dd,7460
v1,1791230769810302,SAT,174,10728d70e0641a69:0x3e5dd,7634
v1,1791230769812289,UNSAT,181,10728d70e0641a69:0x3e6a2,7815
v1,1791230769812723,SAT,173,10728d70e0641a69:0x3e6a2,7988
v1,1791230769818741,UNSAT,206,10728d70e0641a69:0x3e6e6,8194
v1,1791230769819192,SAT,164,10728d70e0641a69:0x3e6e6,8358
v1,1791230769846130,UNSAT,219,10728d70e0641a69:0x3e730,8577
v1,1791230769846624,UNSAT,158,10728d70e0641a69:0x3e730,8735
v1,1791230769850239,UNSAT,301,10728d70e0641a69:0x3e9ce,9036
v1,1791230769850711,SAT,171,10728d70e0641a69:0x3e9ce,9207
v1,1791230769857220,UNSAT,185,10728d70e0641a69:0x3ea12,9392
v1,1791230769857649,SAT,163,10728d70e0641a69:0x3ea12,9555
v1,1791230769864592,UNSAT,186,10728d70e0641a69:0x3ea56,9741
v1,1791230769865046,SAT,181,10728d70e0641a69:0x3ea56,9922
v1,1791230769871712,UNSAT,377,10728d70e0641a69:0x3ea9a,10299
v1,1791230769872459,SAT,254,10728d70e0641a69:0x3ea9a,10553
v1,1791230769881592,UNSAT,184,10728d70e0641a69:0x3eade,10737
v1,1791230769882022,SAT,164,10728d70e0641a69:0x3eade,10901
v1,1791230769888912,UNSAT,189,10728d70e0641a69:0x3eb22,11090
v1,1791230769889678,SAT,489,10728d70e0641a69:0x3eb22,11579
v1,1791230769906705,UNSAT,187,10728d70e0641a69:0xabb3b,11766
v1,1791230769907462,SAT,486,10728d70e0641a69:0xabb3b,12252
v1,1791230769916665,UNSAT,205,10728d70e0641a69:0xa6db7,12457
v1,1791230769917477,SAT,489,10728d70e0641a69:0xa6db7,12946
v1,1791230769929481,UNSAT,187,10728d70e0641a69:0xa6ec6,13133
v1,1791230769930240,SAT,480,10728d70e0641a69:0xa6ec6,13613
v1,1791230769941265,UNSAT,198,10728d70e0641a69:0xabcdc,13811
v1,1791230769942030,SAT,484,10728d70e0641a69:0xabcdc,14295
v1,1791230769950911,UNSAT,189,10728d70e0641a69:0xabc8,14484
v1,1791230769952238,SAT,1040,10728d70e0641a69:0xabc8,15524
v1,1791230770007140,SAT,593,10728d70e0641a69:0xa817c,16117
v1,1791230782789553,UNSAT,214,10728d70e0641a69:0xabb3b,214
v1,1791230782790230,SAT,208,10728d70e0641a69:0xabb3b,422
v1,1791230782802316,UNSAT,188,10728d70e0641a69:0xa897f,610
v1,1791230782803179,SAT,593,10728d70e0641a69:0xa897f,1203
v1,1791230782809576,UNSAT,191,10728d70e0641a69:0xa9c40,1394
v1,1791230782810321,SAT,483,10728d70e0641a69:0xa9c40,1877
v1,1791230782824535,UNSAT,211,10728d70e0641a69:0xa94e7,2088
v1,1791230782825017,SAT,195,10728d70e0641a69:0xa94e7,2283
v1,1791230782831397,UNSAT,212,10728d70e0641a69:0xa9539,2495
v1,1791230782832123,SAT,446,10728d70e0641a69:0xa9539,2941
v1,1791230782856266,UNSAT,263,10728d70e0641a69:0x290c3,3204
v1,1791230782857061,SAT,478,10728d70e0641a69:0x290c3,3682
v1,1791230782863680,UNSAT,187,10728d70e0641a69:0x2910c,3869
v1,1791230782864509,SAT,540,10728d70e0641a69:0x2910c,4409
v1,1791230782875241,UNSAT,195,10728d70e0641a69:0x2919f,4604
v1,1791230782875986,SAT,456,10728d70e0641a69:0x2919f,5060
v1,1791230782882617,UNSAT,194,10728d70e0641a69:0x291e6,5254
v1,1791230782883302,SAT,403,10728d70e0641a69:0x291e6,5657
v1,1791230782893879,UNSAT,198,10728d70e0641a69:0x29277,5855
v1,1791230782894645,SAT,475,10728d70e0641a69:0x29277,6330
v1,1791230782901325,UNSAT,199,10728d70e0641a69:0x292be,6529
v1,1791230782901988,SAT,393,10728d70e0641a69:0x292be,6922
v1,1791230782912419,UNSAT,214,10728d70e0641a69:0x2934c,7136
v1,1791230782913229,SAT,480,10728d70e0641a69:0x2934c,7616
v1,1791230782920408,UNSAT,200,10728d70e0641a69:0x29394,7816
v1,1791230782921109,SAT,415,10728d70e0641a69:0x29394,8231
v1,1791230782981605,UNSAT,197,10728d70e0641a69:0x2e2bf,8428
v1,1791230782982177,SAT,185,10728d70e0641a69:0x2e2bf,8613
v1,1791230783263755,UNSAT,199,10728d70e0641a69:0x290c3,8812
v1,1791230783264437,SAT,401,10728d70e0641a69:0x290c3,9213
v1,1791230783267455,UNSAT,192,10728d70e0641a69:0x2910c,9405
v1,1791230783268220,SAT,479,10728d70e0641a69:0x2910c,9884
v1,1791230783271665,UNSAT,199,10728d70e0641a69:0x2919f,10083
v1,1791230783272408,SAT,457,10728d70e0641a69:0x2919f,10540
v1,1791230783275437,UNSAT,196,10728d70e0641a69:0x291e6,10736
v1,1791230783276109,SAT,393,10728d70e0641a69:0x291e6,11129
v1,1791230783279583,UNSAT,198,10728d70e0641a69:0x29277,11327
v1,1791230783280325,SAT,456,10728d70e0641a69:0x29277,11783
v1,1791230783284643,UNSAT,188,10728d70e0641a69:0x292be,11971
v1,1791230783285346,SAT,414,10728d70e0641a69:0x292be,12385
v1,1791230783288751,UNSAT,204,10728d70e0641a69:0x2934c,12589
v1,1791230783289568,SAT,490,10728d70e0641a69:0x2934c,13079
v1,1791230783293055,UNSAT,200,10728d70e0641a69:0x29394,13279
v1,1791230783293989,SAT,544,10728d70e0641a69:0x29394,13823
v1,1791230783300389,UNSAT,199,10728d70e0641a69:0x2fde4,14022
v1,1791230783300810,SAT,151,10728d70e0641a69:0x2fde4,14173
v1,1791230783336206,SAT,549,10728d70e0641a69:0xa817c,14722
v1,1791230783337979,UNSAT,263,10728d70e0641a69:0x1159e5,14985
v1,1791230783338419,UNSAT,158,10728d70e0641a69:0x1159e5,15143
v1,1791230783339867,SAT,491,10728d70e0641a69:0x6cd2,15634
v1,1791230783342149,SAT,481,10728d70e0641a69:0x115a2d,16115
v1,1791230783343033,UNSAT,160,10728d70e0641a69:0x115a2d,16275
v1,1791230783344467,UNSAT,325,10728d70e0641a69:0x115a2d,16600
v1,1791230783345624,UNSAT,220,10728d70e0641a69:0x115a2d,16820
v1,1791230783346734,UNSAT,213,10728d70e0641a69:0x115a2d,17033
v1,1791230783348518,SAT,516,10728d70e0641a69:0xa81f9,17549
v1,1791230783363815,SAT,463,10728d70e0641a69:0x290c3,18012
v1,1791230783365817,SAT,914,10728d70e0641a69:0x2910c,18926
v1,1791230783369271,SAT,1042,10728d70e0641a69:0x2910c,19968
v1,1791230783370037,SAT,66,10728d70e0641a69:0x2910c,20034
v1,1791230783370365,UNSAT,186,10728d70e0641a69:0x2910c,20220
v1,1791230783370515,SAT,69,10728d70e0641a69:0x2910c,20289
v1,1791230783370788,SAT,180,10728d70e0641a69:0x2910c,20469
v1,1791230783371045,SAT,173,10728d70e0641a69:0x2910c,20642
v1,1791230783371278,UNSAT,154,10728d70e0641a69:0x2910c,20796
v1,1791230783371475,SAT,97,10728d70e0641a69:0x2910c,20893
v1,1791230783371717,SAT,91,10728d70e0641a69:0x2910c,20984
v1,1791230783373886,SAT,805,10728d70e0641a69:0x2910c,21789
v1,1791230783374641,SAT,60,10728d70e0641a69:0x2910c,21849
v1,1791230783374987,SAT,217,10728d70e0641a69:0x2910c,22066
v1,1791230783375244,UNSAT,157,10728d70e0641a69:0x2910c,22223
v1,1791230783375373,SAT,32,10728d70e0641a69:0x2910c,22255
v1,1791230783375626,SAT,169,10728d70e0641a69:0x2910c,22424
v1,1791230783375862,SAT,163,10728d70e0641a69:0x2910c,22587
v1,1791230783376121,UNSAT,177,10728d70e0641a69:0x2910c,22764
v1,1791230783376321,SAT,91,10728d70e0641a69:0x2910c,22855
v1,1791230783376576,SAT,87,10728d70e0641a69:0x2910c,22942
v1,1791230783381004,SAT,553,10728d70e0641a69:0x2919f,23495
v1,1791230783384686,SAT,668,10728d70e0641a69:0x2919f,24163
v1,1791230783385187,SAT,78,10728d70e0641a69:0x2919f,24241
v1,1791230783385514,UNSAT,172,10728d70e0641a69:0x2919f,24413
v1,1791230783385606,SAT,37,10728d70e0641a69:0x2919f,24450
v1,1791230783385856,SAT,163,10728d70e0641a69:0x2919f,24613
v1,1791230783386087,SAT,150,10728d70e0641a69:0x2919f,24763
v1,1791230783386324,SAT,163,10728d70e0641a69:0x2919f,24926
v1,1791230783386553,SAT,153,10728d70e0641a69:0x2919f,25079
v1,1791230783386765,UNSAT,133,10728d70e0641a69:0x2919f,25212
v1,1791230783386933,SAT,89,10728d70e0641a69:0x2919f,25301
v1,1791230783387166,SAT,95,10728d70e0641a69:0x2919f,25396
v1,1791230783389421,SAT,1061,10728d70e0641a69:0x2919f,26457
v1,1791230783390480,SAT,65,10728d70e0641a69:0x2919f,26522
v1,1791230783390850,SAT,218,10728d70e0641a69:0x2919f,26740
v1,1791230783391133,SAT,172,10728d70e0641a69:0x2919f,26912
v1,1791230783391385,UNSAT,156,10728d70e0641a69:0x2919f,27068
v1,1791230783391548,SAT,43,10728d70e0641a69:0x2919f,27111
v1,1791230783391805,SAT,161,10728d70e0641a69:0x2919f,27272
v1,1791230783392053,SAT,155,10728d70e0641a69:0x2919f,27427
v1,1791230783392307,SAT,167,10728d70e0641a69:0x2919f,27594
v1,1791230783392547,UNSAT,147,10728d70e0641a69:0x2919f,27741
v1,1791230783392785,SAT,91,10728d70e0641a69:0x2919f,27832
v1,1791230783393059,SAT,87,10728d70e0641a69:0x2919f,27919
v1,1791230783398879,SAT,804,10728d70e0641a69:0x29277,28723
v1,1791230783402486,SAT,685,10728d70e0641a69:0x29277,29408
v1,1791230783403019,SAT,90,10728d70e0641a69:0x29277,29498
v1,1791230783403390,UNSAT,203,10728d70e0641a69:0x29277,29701
v1,1791230783403489,SAT,37,10728d70e0641a69:0x29277,29738
v1,1791230783403754,SAT,164,10728d70e0641a69:0x29277,29902
v1,1791230783403988,SAT,149,10728d70e0641a69:0x29277,30051
v1,1791230783404222,SAT,156,10728d70e0641a69:0x29277,30207
v1,1791230783404461,SAT,153,10728d70e0641a69:0x29277,30360
v1,1791230783404688,UNSAT,140,10728d70e0641a69:0x29277,30500
v1,1791230783404855,SAT,86,10728d70e0641a69:0x29277,30586
v1,1791230783405093,SAT,95,10728d70e0641a69:0x29277,30681
v1,1791230783408113,SAT,1309,10728d70e0641a69:0x29277,31990
v1,1791230783409406,SAT,71,10728d70e0641a69:0x29277,32061
v1,1791230783409783,SAT,221,10728d70e0641a69:0x29277,32282
v1,1791230783410068,SAT,178,10728d70e0641a69:0x29277,32460
v1,1791230783410315,UNSAT,154,10728d70e0641a69:0x29277,32614
v1,1791230783410474,SAT,33,10728d70e0641a69:0x29277,32647
v1,1791230783410731,SAT,165,10728d70e0641a69:0x29277,32812
v1,1791230783410973,SAT,156,10728d70e0641a69:0x29277,32968
v1,1791230783411217,SAT,162,10728d70e0641a69:0x29277,33130
v1,1791230783411456,UNSAT,146,10728d70e0641a69:0x29277,33276
v1,1791230783411692,SAT,110,10728d70e0641a69:0x29277,33386
v1,1791230783412164,SAT,160,10728d70e0641a69:0x29277,33546
v1,1791230783418452,UNSAT,845,10728d70e0641a69:0x2934c,34391
v1,1791230783419234,SAT,484,10728d70e0641a69:0x2934c,34875
v1,1791230783423183,SAT,716,10728d70e0641a69:0x2934c,35591
v1,1791230783423691,SAT,81,10728d70e0641a69:0x2934c,35672
v1,1791230783424008,UNSAT,174,10728d70e0641a69:0x2934c,35846
v1,1791230783424104,SAT,43,10728d70e0641a69:0x2934c,35889
v1,1791230783424383,SAT,194,10728d70e0641a69:0x2934c,36083
v1,1791230783424634,SAT,152,10728d70e0641a69:0x2934c,36235
v1,1791230783424871,SAT,158,10728d70e0641a69:0x2934c,36393
v1,1791230783425105,SAT,152,10728d70e0641a69:0x2934c,36545
v1,1791230783425330,UNSAT,143,10728d70e0641a69:0x2934c,36688
v1,1791230783425527,SAT,112,10728d70e0641a69:0x2934c,36800
v1,1791230783425840,SAT,117,10728d70e0641a69:0x2934c,36917
v1,1791230783429212,SAT,1477,10728d70e0641a69:0x2934c,38394
v1,1791230783430769,SAT,86,10728d70e0641a69:0x2934c,38480
v1,1791230783431187,SAT,243,10728d70e0641a69:0x2934c,38723
v1,1791230783431511,SAT,187,10728d70e0641a69:0x2934c,38910
v1,1791230783431791,SAT,174,10728d70e0641a69:0x2934c,39084
v1,1791230783432039,UNSAT,154,10728d70e0641a69:0x2934c,39238
v1,1791230783432233,SAT,43,10728d70e0641a69:0x2934c,39281
v1,1791230783432517,SAT,169,10728d70e0641a69:0x2934c,39450
v1,1791230783432778,SAT,155,10728d70e0641a69:0x2934c,39605
v1,1791230783433024,UNSAT,154,10728d70e0641a69:0x2934c,39759
v1,1791230783433263,SAT,100,10728d70e0641a69:0x2934c,39859
v1,1791230783433582,SAT,98,10728d70e0641a69:0x2934c,39957
v1,1791230790153781,UNSAT,226,10728d70e0641a69:0x3eade,226
v1,1791230790154905,SAT,654,10728d70e0641a69:0x3eade,880
v1,1791230790168875,UNSAT,216,10728d70e0641a69:0xb0cf6,1096
v1,1791230790169669,SAT,479,10728d70e0641a69:0xb0cf6,1575
v1,1791230790180609,UNSAT,191,10728d70e0641a69:0x3ce63,1766
v1,1791230790181047,SAT,165,10728d70e0641a69:0x3ce63,1931
v1,1791230790183177,UNSAT,185,10728d70e0641a69:0x81b84,2116
v1,1791230790183825,UNSAT,336,10728d70e0641a69:0x81b84,2452
v1,1791230790185992,UNSAT,179,10728d70e0641a69:0x81bb5,2631
v1,1791230790187735,SAT,1464,10728d70e0641a69:0x81bb5,4095
v1,1791230790198134,UNSAT,193,10728d70e0641a69:0x6cd2,4288
v1,1791230790198863,SAT,464,10728d70e0641a69:0x6cd2,4752
v1,1791230790201444,UNSAT,225,10728d70e0641a69:0x115a2d,4977
v1,1791230790201856,SAT,144,10728d70e0641a69:0x115a2d,5121
v1,1791230790203785,UNSAT,154,10728d70e0641a69:0x115a2d,5275
v1,1791230790209163,UNSAT,193,10728d70e0641a69:0xb0f41,5468
v1,1791230790209924,SAT,489,10728d70e0641a69:0xb0f41,5957
v1,1791230790218493,UNSAT,201,10728d70e0641a69:0x6cd2,6158
v1,1791230790219232,SAT,462,10728d70e0641a69:0x6cd2,6620
v1,1791230790225223,UNSAT,192,10728d70e0641a69:0xb0fc4,6812
v1,1791230790226057,SAT,548,10728d70e0641a69:0xb0fc4,7360
v1,1791230790239484,UNSAT,207,10728d70e0641a69:0xa897f,7567
v1,1791230790239928,SAT,165,10728d70e0641a69:0xa897f,7732
v1,1791230790250872,UNSAT,204,10728d70e0641a69:0xa8a0f,7936
v1,1791230790251686,SAT,494,10728d70e0641a69:0xa8a0f,8430
v1,1791230790258767,UNSAT,193,10728d70e0641a69:0xa904a,8623
v1,1791230790259537,SAT,489,10728d70e0641a69:0xa904a,9112
v1,1791230790264456,UNSAT,182,10728d70e0641a69:0x6e1b4,9294
v1,1791230790264885,SAT,153,10728d70e0641a69:0x6e1b4,9447
v1,1791230790268200,UNSAT,181,10728d70e0641a69:0x7b73b,9628
v1,1791230790269183,SAT,676,10728d70e0641a69:0x7b73b,10304
v1,1791230790273545,UNSAT,226,10728d70e0641a69:0x7b746,10530
v1,1791230790274582,SAT,711,10728d70e0641a69:0x7b746,11241
v1,1791230790278007,UNSAT,199,10728d70e0641a69:0x7b74f,11440
v1,1791230790278501,SAT,159,10728d70e0641a69:0x7b74f,11599
v1,1791230790282061,UNSAT,204,10728d70e0641a69:0x7b76c,11803
v1,1791230790282552,SAT,175,10728d70e0641a69:0x7b76c,11978
v1,1791230790286613,UNSAT,194,10728d70e0641a69:0x7b76c,12172
v1,1791230790287379,SAT,474,10728d70e0641a69:0x7b76c,12646
v1,1791230790291106,UNSAT,197,10728d70e0641a69:0x7b782,12843
v1,1791230790291550,UNSAT,151,10728d70e0641a69:0x7b782,12994
v1,1791230790295666,UNSAT,197,10728d70e0641a69:0x6e283,13191
v1,1791230790296094,UNSAT,140,10728d70e0641a69:0x6e283,13331
v1,1791230790299622,UNSAT,194,10728d70e0641a69:0x5db32,13525
v1,1791230790300026,UNSAT,133,10728d70e0641a69:0x5db32,13658
v1,1791230790305758,UNSAT,187,10728d70e0641a69:0x6cd2,13845
v1,1791230790306535,SAT,507,10728d70e0641a69:0x6cd2,14352
v1,1791230790310363,UNSAT,196,10728d70e0641a69:0x6d9b,14548
v1,1791230790310877,SAT,167,10728d70e0641a69:0x6d9b,14715
v1,1791230790314934,UNSAT,205,10728d70e0641a69:0x6dee,14920
v1,1791230790315447,SAT,173,10728d70e0641a69:0x6dee,15093
v1,1791230790320273,UNSAT,208,10728d70e0641a69:0x115a2d,15301
v1,1791230790320695,SAT,140,10728d70e0641a69:0x115a2d,15441
v1,1791230790325483,UNSAT,203,10728d70e0641a69:0x1167a4,15644
v1,1791230790326298,SAT,517,10728d70e0641a69:0x1167a4,16161
v1,1791230790331385,UNSAT,213,10728d70e0641a69:0x116947,16374
v1,1791230790331921,SAT,170,10728d70e0641a69:0x116947,16544
v1,1791230790336001,UNSAT,186,10728d70e0641a69:0x116947,16730
v1,1791230790340430,UNSAT,226,10728d70e0641a69:0x1169b7,16956
v1,1791230790340871,SAT,160,10728d70e0641a69:0x1169b7,17116
v1,1791230790346461,UNSAT,215,10728d70e0641a69:0x1169fb,17331
v1,1791230790347217,SAT,464,10728d70e0641a69:0x1169fb,17795
v1,1791230790351915,UNSAT,201,10728d70e0641a69:0x116a40,17996
v1,1791230790352691,SAT,485,10728d70e0641a69:0x116a40,18481
v1,1791230790359152,UNSAT,199,10728d70e0641a69:0x116a40,18680
v1,1791230790364387,UNSAT,213,10728d70e0641a69:0x116e00,18893
v1,1791230790365195,SAT,509,10728d70e0641a69:0x116e00,19402
v1,1791230790370321,UNSAT,215,10728d70e0641a69:0x6e7d,19617
v1,1791230790370751,UNSAT,142,10728d70e0641a69:0x6e7d,19759
v1,1791230790380537,UNSAT,271,10728d70e0641a69:0xa93cd,20030
v1,1791230790381357,SAT,485,10728d70e0641a69:0xa93cd,20515
v1,1791230790399100,UNSAT,213,10728d70e0641a69:0x7b733,20728
v1,1791230790400300,SAT,899,10728d70e0641a69:0x7b733,21627
v1,1791230790406178,UNSAT,221,10728d70e0641a69:0x7b73b,21848
v1,1791230790409376,SAT,2882,10728d70e0641a69:0x7b73b,24730
v1,1791230790414293,UNSAT,197,10728d70e0641a69:0x7b73b,24927
v1,1791230790419013,UNSAT,201,10728d70e0641a69:0x7b73b,25128
v1,1791230790423806,UNSAT,194,10728d70e0641a69:0x7b73b,25322
v1,1791230790428614,UNSAT,194,10728d70e0641a69:0x7b73b,25516
v1,1791230790438090,UNSAT,218,10728d70e0641a69:0xa94e7,25734
v1,1791230790438545,SAT,167,10728d70e0641a69:0xa94e7,25901
v1,1791230790449124,UNSAT,206,10728d70e0641a69:0xa9539,26107
v1,1791230790449884,SAT,457,10728d70e0641a69:0xa9539,26564
v1,1791230790477515,UNSAT,206,10728d70e0641a69:0x290c3,26770
v1,1791230790478285,SAT,479,10728d70e0641a69:0x290c3,27249
v1,1791230790488537,UNSAT,205,10728d70e0641a69:0x2910c,27454
v1,1791230790489340,SAT,511,10728d70e0641a69:0x2910c,27965
v1,1791230790503585,UNSAT,206,10728d70e0641a69:0x2919f,28171
v1,1791230790504357,SAT,482,10728d70e0641a69:0x2919f,28653
v1,1791230790515105,UNSAT,204,10728d70e0641a69:0x291e6,28857
v1,1791230790515867,SAT,447,10728d70e0641a69:0x291e6,29304
v1,1791230790530989,UNSAT,213,10728d70e0641a69:0x29277,29517
v1,1791230790531812,SAT,508,10728d70e0641a69:0x29277,30025
v1,1791230790542846,UNSAT,272,10728d70e0641a69:0x292be,30297
v1,1791230790544014,SAT,650,10728d70e0641a69:0x292be,30947
v1,1791230790561130,UNSAT,207,10728d70e0641a69:0x2934c,31154
v1,1791230790561940,SAT,510,10728d70e0641a69:0x2934c,31664
v1,1791230790573046,UNSAT,222,10728d70e0641a69:0x29394,31886
v1,1791230790573807,SAT,455,10728d70e0641a69:0x29394,32341
v1,1791230790637578,UNSAT,230,10728d70e0641a69:0x2e2bf,32571
v1,1791230790638039,SAT,175,10728d70e0641a69:0x2e2bf,32746
v1,1791230790940062,UNSAT,227,10728d70e0641a69:0x2fde4,32973
v1,1791230790940534,SAT,170,10728d70e0641a69:0x2fde4,33143
v1,1791230791057418,UNSAT,227,10728d70e0641a69:0x7b733,33370
v1,1791230791058543,SAT,829,10728d70e0641a69:0x7b733,34199
v1,1791230791065670,UNSAT,208,10728d70e0641a69:0x7b73b,34407
v1,1791230791068444,SAT,2476,10728d70e0641a69:0x7b73b,36883
v1,1791230791075200,UNSAT,199,10728d70e0641a69:0x7b73b,37082
v1,1791230791081793,UNSAT,205,10728d70e0641a69:0x7b73b,37287
v1,1791230791088515,UNSAT,227,10728d70e0641a69:0x7b73b,37514
v1,1791230791095354,UNSAT,215,10728d70e0641a69:0x7b73b,37729
v1,1791230791102165,UNSAT,205,10728d70e0641a69:0x7b73b,37934
v1,1791230791109065,UNSAT,197,10728d70e0641a69:0x7b73b,38131
v1,1791230791116055,UNSAT,193,10728d70e0641a69:0x7b73b,38324
v1,1791230791123186,UNSAT,196,10728d70e0641a69:0x7b73b,38520
v1,1791230791124908,SAT,510,10728d70e0641a69:0xa817c,39030
v1,1791230791661149,UNSAT,221,10728d70e0641a69:0x783b7,39251
v1,1791230791661641,SAT,163,10728d70e0641a69:0x783b7,39414
v1,1791230791680090,UNSAT,212,10728d70e0641a69:0x7782e,39626
v1,1791230791680742,UNSAT,325,10728d70e0641a69:0x7782e,39951
v1,1791230791692065,UNSAT,214,10728d70e0641a69:0x77834,40165
v1,1791230791693492,SAT,1093,10728d70e0641a69:0x77834,41258
v1,1791230791708331,UNSAT,224,10728d70e0641a69:0x783e9,41482
v1,1791230791708890,UNSAT,222,10728d70e0641a69:0x783e9,41704
v1,1791230796530801,SAT,675,10728d70e0641a69:0x6cd2,675
v1,1791230796534770,UNSAT,204,10728d70e0641a69:0xa83f8,879
v1,1791230796535603,SAT,545,10728d70e0641a69:0xa83f8,1424
v1,1791230796555874,UNSAT,210,10728d70e0641a69:0x290c3,1634
v1,1791230796556804,SAT,537,10728d70e0641a69:0x290c3,2171
v1,1791230796560207,UNSAT,186,10728d70e0641a69:0x290c3,2357
v1,1791230796562130,UNSAT,165,10728d70e0641a69:0x290c3,2522
v1,1791230796569584,UNSAT,182,10728d70e0641a69:0x2919f,2704
v1,1791230796570322,SAT,474,10728d70e0641a69:0x2919f,3178
v1,1791230796576982,UNSAT,341,10728d70e0641a69:0x291e6,3519
v1,1791230796578168,SAT,554,10728d70e0641a69:0x291e6,4073
v1,1791230796589101,UNSAT,204,10728d70e0641a69:0x29277,4277
v1,1791230796589934,SAT,517,10728d70e0641a69:0x29277,4794
v1,1791230796596863,UNSAT,202,10728d70e0641a69:0x292be,4996
v1,1791230796597579,SAT,432,10728d70e0641a69:0x292be,5428
v1,1791230796608273,UNSAT,187,10728d70e0641a69:0x2934c,5615
v1,1791230796609026,SAT,456,10728d70e0641a69:0x2934c,6071
v1,1791230796615217,UNSAT,195,10728d70e0641a69:0x29394,6266
v1,1791230796615947,SAT,409,10728d70e0641a69:0x29394,6675
v1,1791230803426019,UNSAT,241,10728d70e0641a69:0xb0fc4,241
v1,1791230803427350,SAT,836,10728d70e0641a69:0xb0fc4,1077
v1,1791230803435096,UNSAT,187,10728d70e0641a69:0xb100e,1264
v1,1791230803435533,SAT,161,10728d70e0641a69:0xb100e,1425
v1,1791230803448848,UNSAT,213,10728d70e0641a69:0xa897f,1638
v1,1791230803449310,SAT,171,10728d70e0641a69:0xa897f,1809
v1,1791230803460103,UNSAT,196,10728d70e0641a69:0xa8a0f,2005
v1,1791230803460905,SAT,520,10728d70e0641a69:0xa8a0f,2525
v1,1791230803467921,UNSAT,200,10728d70e0641a69:0xa904a,2725
v1,1791230803468710,SAT,500,10728d70e0641a69:0xa904a,3225
v1,1791230803473943,UNSAT,272,10728d70e0641a69:0x6e1b4,3497
v1,1791230803474681,SAT,260,10728d70e0641a69:0x6e1b4,3757
v1,1791230803478466,UNSAT,188,10728d70e0641a69:0x7b73b,3945
v1,1791230803479512,SAT,753,10728d70e0641a69:0x7b73b,4698
v1,1791230803482471,UNSAT,184,10728d70e0641a69:0x7b746,4882
v1,1791230803483440,SAT,686,10728d70e0641a69:0x7b746,5568
v1,1791230803486881,UNSAT,173,10728d70e0641a69:0x7b74f,5741
v1,1791230803487324,SAT,178,10728d70e0641a69:0x7b74f,5919
v1,1791230803491126,UNSAT,185,10728d70e0641a69:0x7b76c,6104
v1,1791230803491579,SAT,160,10728d70e0641a69:0x7b76c,6264
v1,1791230803495224,UNSAT,184,10728d70e0641a69:0x7b76c,6448
v1,1791230803495976,SAT,467,10728d70e0641a69:0x7b76c,6915
v1,1791230803499831,UNSAT,194,10728d70e0641a69:0x7b782,7109
v1,1791230803500241,UNSAT,139,10728d70e0641a69:0x7b782,7248
v1,1791230803503733,UNSAT,196,10728d70e0641a69:0x6e283,7444
v1,1791230803504145,UNSAT,134,10728d70e0641a69:0x6e283,7578
v1,1791230803507570,UNSAT,188,10728d70e0641a69:0x5db32,7766
v1,1791230803507983,UNSAT,141,10728d70e0641a69:0x5db32,7907
v1,1791230803513267,UNSAT,237,10728d70e0641a69:0x6cd2,8144
v1,1791230803514072,SAT,490,10728d70e0641a69:0x6cd2,8634
v1,1791230803518269,UNSAT,187,10728d70e0641a69:0x6d9b,8821
v1,1791230803518714,SAT,159,10728d70e0641a69:0x6d9b,8980
v1,1791230803522997,UNSAT,186,10728d70e0641a69:0x6dee,9166
v1,1791230803523456,SAT,163,10728d70e0641a69:0x6dee,9329
v1,1791230803527601,UNSAT,186,10728d70e0641a69:0x115a2d,9515
v1,1791230803528012,SAT,136,10728d70e0641a69:0x115a2d,9651
v1,1791230803533298,UNSAT,214,10728d70e0641a69:0x1167a4,9865
v1,1791230803534073,SAT,474,10728d70e0641a69:0x1167a4,10339
v1,1791230803538700,UNSAT,188,10728d70e0641a69:0x116947,10527
v1,1791230803539137,SAT,154,10728d70e0641a69:0x116947,10681
v1,1791230803543318,UNSAT,196,10728d70e0641a69:0x116947,10877
v1,1791230803548250,UNSAT,210,10728d70e0641a69:0x1169b7,11087
v1,1791230803548765,SAT,183,10728d70e0641a69:0x1169b7,11270
v1,1791230803553455,UNSAT,208,10728d70e0641a69:0x1169fb,11478
v1,1791230803554244,SAT,502,10728d70e0641a69:0x1169fb,11980
v1,1791230803559297,UNSAT,213,10728d70e0641a69:0x116a40,12193
v1,1791230803560103,SAT,471,10728d70e0641a69:0x116a40,12664
v1,1791230803566461,UNSAT,319,10728d70e0641a69:0x116a40,12983
v1,1791230803571507,UNSAT,203,10728d70e0641a69:0x116e00,13186
v1,1791230803572264,SAT,474,10728d70e0641a69:0x116e00,13660
v1,1791230803577761,UNSAT,200,10728d70e0641a69:0x6e7d,13860
v1,1791230803578181,UNSAT,141,10728d70e0641a69:0x6e7d,14001
v1,1791230803587490,UNSAT,202,10728d70e0641a69:0xa93cd,14203
v1,1791230803588230,SAT,454,10728d70e0641a69:0xa93cd,14657
v1,1791230803604695,UNSAT,255,10728d70e0641a69:0x7b733,14912
v1,1791230803605849,SAT,860,10728d70e0641a69:0x7b733,15772
v1,1791230803616093,UNSAT,202,10728d70e0641a69:0xa94e7,15974
v1,1791230803616552,SAT,159,10728d70e0641a69:0xa94e7,16133
v1,1791230803626362,UNSAT,217,10728d70e0641a69:0xa9539,16350
v1,1791230803627106,SAT,459,10728d70e0641a69:0xa9539,16809
v1,1791230803654321,UNSAT,214,10728d70e0641a69:0x290c3,17023
v1,1791230803655043,SAT,431,10728d70e0641a69:0x290c3,17454
v1,1791230803665126,UNSAT,206,10728d70e0641a69:0x2910c,17660
v1,1791230803665901,SAT,482,10728d70e0641a69:0x2910c,18142
v1,1791230803679896,UNSAT,210,10728d70e0641a69:0x2919f,18352
v1,1791230803680680,SAT,499,10728d70e0641a69:0x2919f,18851
v1,1791230803690893,UNSAT,204,10728d70e0641a69:0x291e6,19055
v1,1791230803691591,SAT,416,10728d70e0641a69:0x291e6,19471
v1,1791230803705927,UNSAT,206,10728d70e0641a69:0x29277,19677
v1,1791230803706722,SAT,507,10728d70e0641a69:0x29277,20184
v1,1791230803718050,UNSAT,209,10728d70e0641a69:0x292be,20393
v1,1791230803718806,SAT,432,10728d70e0641a69:0x292be,20825
v1,1791230803733221,UNSAT,213,10728d70e0641a69:0x2934c,21038
v1,1791230803734011,SAT,480,10728d70e0641a69:0x2934c,21518
v1,1791230803744885,UNSAT,225,10728d70e0641a69:0x29394,21743
v1,1791230803745673,SAT,427,10728d70e0641a69:0x29394,22170
v1,1791230803809435,UNSAT,223,10728d70e0641a69:0x2e2bf,22393
v1,1791230803809887,SAT,152,10728d70e0641a69:0x2e2bf,22545
v1,1791230804113645,UNSAT,216,10728d70e0641a69:0x2fde4,22761
v1,1791230804114094,SAT,154,10728d70e0641a69:0x2fde4,22915
v1,1791230804227611,SAT,602,10728d70e0641a69:0xa817c,23517
v1,1791230804761784,UNSAT,216,10728d70e0641a69:0x783b7,23733
v1,1791230804762278,SAT,164,10728d70e0641a69:0x783b7,23897
v1,1791230804781697,UNSAT,213,10728d70e0641a69:0x7782e,24110
v1,1791230804782315,UNSAT,308,10728d70e0641a69:0x7782e,24418
v1,1791230804794576,UNSAT,219,10728d70e0641a69:0x77834,24637
v1,1791230804796030,SAT,1117,10728d70e0641a69:0x77834,25754
v1,1791230804811820,UNSAT,218,10728d70e0641a69:0x783e9,25972
v1,1791230804812307,UNSAT,152,10728d70e0641a69:0x783e9,26124
v1,1791230810862798,UNSAT,224,10728d70e0641a69:0x81bb5,224
v1,1791230810865684,SAT,2344,10728d70e0641a69:0x81bb5,2568
v1,1791230810868232,UNSAT,359,10728d70e0641a69:0x81bce,2927
v1,1791230810869242,SAT,684,10728d70e0641a69:0x81bce,3611
v1,1791230810961574,UNSAT,208,10728d70e0641a69:0x81c47,3819
v1,1791230810962565,SAT,700,10728d70e0641a69:0x81c47,4519
v1,1791230810964399,UNSAT,191,10728d70e0641a69:0x81c47,4710
v1,1791230810966855,UNSAT,186,10728d70e0641a69:0x81c69,4896
v1,1791230810969161,SAT,2030,10728d70e0641a69:0x81c69,6926
v1,1791230810971631,UNSAT,179,10728d70e0641a69:0x8216e,7105
v1,1791230810972562,SAT,664,10728d70e0641a69:0x8216e,7769
v1,1791230810974392,UNSAT,165,10728d70e0641a69:0x8216e,7934
v1,1791230810976766,UNSAT,181,10728d70e0641a69:0x82198,8115
v1,1791230810977828,UNSAT,810,10728d70e0641a69:0x82198,8925
v1,1791230810980230,UNSAT,189,10728d70e0641a69:0x821dc,9114
v1,1791230810981824,SAT,1303,10728d70e0641a69:0x821dc,10417
v1,1791230810983799,UNSAT,165,10728d70e0641a69:0x821dc,10582
v1,1791230810986165,UNSAT,195,10728d70e0641a69:0x821f5,10777
v1,1791230810987403,SAT,960,10728d70e0641a69:0x821f5,11737
v1,1791230810989444,UNSAT,171,10728d70e0641a69:0x821f5,11908
v1,1791230810992025,UNSAT,177,10728d70e0641a69:0x8220b,12085
v1,1791230810993285,SAT,978,10728d70e0641a69:0x8220b,13063
v1,1791230810995969,UNSAT,189,10728d70e0641a69:0x8222e,13252
v1,1791230810997386,SAT,1140,10728d70e0641a69:0x8222e,14392
v1,1791230810999663,UNSAT,173,10728d70e0641a69:0x8222e,14565
v1,1791230811002408,UNSAT,220,10728d70e0641a69:0x841c9,14785
v1,1791230811002813,UNSAT,133,10728d70e0641a69:0x841c9,14918
v1,1791230811005426,UNSAT,196,10728d70e0641a69:0x841d4,15114
v1,1791230811005836,UNSAT,138,10728d70e0641a69:0x841d4,15252
v1,1791230811016919,UNSAT,191,10728d70e0641a69:0x6cd2,15443
v1,1791230811017744,SAT,555,10728d70e0641a69:0x6cd2,15998
v1,1791230811020925,UNSAT,190,10728d70e0641a69:0x115a2d,16188
v1,1791230811021354,SAT,167,10728d70e0641a69:0x115a2d,16355
v1,1791230811024165,UNSAT,337,10728d70e0641a69:0x115a2d,16692
v1,1791230811030198,UNSAT,192,10728d70e0641a69:0xb0f41,16884
v1,1791230811030927,SAT,451,10728d70e0641a69:0xb0f41,17335
v1,1791230811043719,UNSAT,193,10728d70e0641a69:0xb0fc4,17528
v1,1791230811044683,SAT,629,10728d70e0641a69:0xb0fc4,18157
v1,1791230811058794,UNSAT,201,10728d70e0641a69:0xa897f,18358
v1,1791230811059248,SAT,158,10728d70e0641a69:0xa897f,18516
v1,1791230811070893,UNSAT,207,10728d70e0641a69:0xa8a0f,18723
v1,1791230811071829,SAT,518,10728d70e0641a69:0xa8a0f,19241
v1,1791230811079660,UNSAT,199,10728d70e0641a69:0xa904a,19440
v1,1791230811080518,SAT,552,10728d70e0641a69:0xa904a,19992
v1,1791230811087025,UNSAT,194,10728d70e0641a69:0x6e1b4,20186
v1,1791230811087481,SAT,163,10728d70e0641a69:0x6e1b4,20349
v1,1791230811091344,UNSAT,198,10728d70e0641a69:0x7b73b,20547
v1,1791230811092314,SAT,672,10728d70e0641a69:0x7b73b,21219
v1,1791230811096577,UNSAT,199,10728d70e0641a69:0x7b782,21418
v1,1791230811097102,SAT,173,10728d70e0641a69:0x7b782,21591
v1,1791230811107770,UNSAT,195,10728d70e0641a69:0x6e283,21786
v1,1791230811108244,SAT,178,10728d70e0641a69:0x6e283,21964
v1,1791230811115324,UNSAT,209,10728d70e0641a69:0x5db32,22173
v1,1791230811115791,SAT,166,10728d70e0641a69:0x5db32,22339
v1,1791230811536964,UNSAT,219,10728d70e0641a69:0x8451c,22558
v1,1791230811537417,UNSAT,139,10728d70e0641a69:0x8451c,22697
v1,1791230811548825,UNSAT,225,10728d70e0641a69:0x84527,22922
v1,1791230811549353,UNSAT,165,10728d70e0641a69:0x84527,23087
v1,1791230811564950,UNSAT,219,10728d70e0641a69:0x7fd7c,23306
v1,1791230811570000,UNSAT,4730,10728d70e0641a69:0x7fd7c,28036
v1,1791230811581797,UNSAT,208,10728d70e0641a69:0x7fd90,28244
v1,1791230811582962,SAT,830,10728d70e0641a69:0x7fd90,29074
v1,1791230811594945,UNSAT,208,10728d70e0641a69:0x7fd98,29282
v1,1791230811595378,UNSAT,142,10728d70e0641a69:0x7fd98,29424
v1,1791230811606936,UNSAT,216,10728d70e0641a69:0x7fda5,29640
v1,1791230811608012,SAT,701,10728d70e0641a69:0x7fda5,30341
v1,1791230811620223,UNSAT,239,10728d70e0641a69:0x7feba,30580
v1,1791230811620961,UNSAT,220,10728d70e0641a69:0x7feba,30800
v1,1791230811636937,UNSAT,216,10728d70e0641a69:0x802cf,31016
v1,1791230811637975,UNSAT,725,10728d70e0641a69:0x802cf,31741
v1,1791230811651005,UNSAT,217,10728d70e0641a69:0x802cf,31958
v1,1791230811664220,UNSAT,208,10728d70e0641a69:0x808ee,32166
v1,1791230811668527,SAT,3996,10728d70e0641a69:0x808ee,36162
v1,1791230811680293,UNSAT,218,10728d70e0641a69:0x808ee,36380
v1,1791230811694369,UNSAT,228,10728d70e0641a69:0x7fef8,36608
v1,1791230811694795,UNSAT,137,10728d70e0641a69:0x7fef8,36745
v1,1791230811707677,UNSAT,215,10728d70e0641a69:0x7ff09,36960
v1,1791230811709482,SAT,1491,10728d70e0641a69:0x7ff09,38451
v1,1791230811722170,UNSAT,213,10728d70e0641a69:0x7ff16,38664
v1,1791230811724921,SAT,2442,10728d70e0641a69:0x7ff16,41106
v1,1791230811739042,UNSAT,212,10728d70e0641a69:0x7ff2e,41318
v1,1791230811739488,UNSAT,140,10728d70e0641a69:0x7ff2e,41458
v1,1791230811752631,UNSAT,223,10728d70e0641a69:0x7ffc4,41681
v1,1791230811753169,UNSAT,167,10728d70e0641a69:0x7ffc4,41848
v1,1791230811768541,UNSAT,216,10728d70e0641a69:0x80072,42064
v1,1791230811771417,UNSAT,2557,10728d70e0641a69:0x80072,44621
v1,1791230811787362,UNSAT,246,10728d70e0641a69:0x8099c,44867
v1,1791230811796410,UNSAT,8696,10728d70e0641a69:0x8099c,53563
v1,1791230811850902,UNSAT,216,10728d70e0641a69:0x808ee,53779
v1,1791230811860461,UNSAT,9215,10728d70e0641a69:0x808ee,62994
v1,1791230811978837,UNSAT,224,10728d70e0641a69:0x808ee,63218
v1,1791230811988156,UNSAT,8981,10728d70e0641a69:0x808ee,72199
v1,1791230816941897,UNSAT,232,10728d70e0641a69:0x3ec32,232
v1,1791230816943060,SAT,670,10728d70e0641a69:0x3ec32,902
v1,1791230816970272,UNSAT,195,10728d70e0641a69:0x290c3,1097
v1,1791230816970999,SAT,461,10728d70e0641a69:0x290c3,1558
v1,1791230816977266,UNSAT,187,10728d70e0641a69:0x2910c,1745
v1,1791230816977998,SAT,464,10728d70e0641a69:0x2910c,2209
v1,1791230816988441,UNSAT,261,10728d70e0641a69:0x2919f,2470
v1,1791230816989180,SAT,455,10728d70e0641a69:0x2919f,2925
v1,1791230816997378,UNSAT,195,10728d70e0641a69:0x291e6,3120
v1,1791230816998049,SAT,393,10728d70e0641a69:0x291e6,3513
v1,1791230817009153,UNSAT,189,10728d70e0641a69:0x29277,3702
v1,1791230817009887,SAT,445,10728d70e0641a69:0x29277,4147
v1,1791230817016466,UNSAT,194,10728d70e0641a69:0x292be,4341
v1,1791230817017179,SAT,427,10728d70e0641a69:0x292be,4768
v1,1791230817028328,UNSAT,253,10728d70e0641a69:0x2934c,5021
v1,1791230817029500,SAT,728,10728d70e0641a69:0x2934c,5749
v1,1791230817036525,UNSAT,199,10728d70e0641a69:0x29394,5948
v1,1791230817037192,SAT,387,10728d70e0641a69:0x29394,6335
v1,1791230823137443,UNSAT,336,10728d70e0641a69:0xa856e,336
v1,1791230823138578,SAT,657,10728d70e0641a69:0xa856e,993
v1,1791230823150065,UNSAT,187,10728d70e0641a69:0xa86d8,1180
v1,1791230823150488,UNSAT,146,10728d70e0641a69:0xa86d8,1326
v1,1791230823158362,UNSAT,209,10728d70e0641a69:0xa875f,1535
v1,1791230823158787,UNSAT,140,10728d70e0641a69:0xa875f,1675
v1,1791230823162903,UNSAT,189,10728d70e0641a69:0xa877c,1864
v1,1791230823163312,UNSAT,148,10728d70e0641a69:0xa877c,2012
v1,1791230823166028,UNSAT,185,10728d70e0641a69:0xa8783,2197
v1,1791230823166416,UNSAT,136,10728d70e0641a69:0xa8783,2333
v1,1791230823173717,UNSAT,184,10728d70e0641a69:0xa85ea,2517
v1,1791230823174477,SAT,477,10728d70e0641a69:0xa85ea,2994
v1,1791230823186965,UNSAT,188,10728d70e0641a69:0x3e5dd,3182
v1,1791230823187724,SAT,486,10728d70e0641a69:0x3e5dd,3668
v1,1791230823208702,UNSAT,204,10728d70e0641a69:0x290c3,3872
v1,1791230823209463,SAT,423,10728d70e0641a69:0x290c3,4295
v1,1791230823216068,UNSAT,188,10728d70e0641a69:0x2910c,4483
v1,1791230823216824,SAT,472,10728d70e0641a69:0x2910c,4955
v1,1791230823227370,UNSAT,225,10728d70e0641a69:0x2919f,5180
v1,1791230823228148,SAT,475,10728d70e0641a69:0x2919f,5655
v1,1791230823235197,UNSAT,209,10728d70e0641a69:0x291e6,5864
v1,1791230823235904,SAT,418,10728d70e0641a69:0x291e6,6282
v1,1791230823246159,UNSAT,206,10728d70e0641a69:0x29277,6488
v1,1791230823246926,SAT,480,10728d70e0641a69:0x29277,6968
v1,1791230823253533,UNSAT,205,10728d70e0641a69:0x292be,7173
v1,1791230823254221,SAT,411,10728d70e0641a69:0x292be,7584
v1,1791230823264520,UNSAT,221,10728d70e0641a69:0x2934c,7805
v1,1791230823265269,SAT,464,10728d70e0641a69:0x2934c,8269
v1,1791230823271968,UNSAT,220,10728d70e0641a69:0x29394,8489
v1,1791230823272654,SAT,414,10728d70e0641a69:0x29394,8903
v1,1791230828295878,UNSAT,257,10728d70e0641a69:0x3ecfe,257
v1,1791230828296571,SAT,230,10728d70e0641a69:0x3ecfe,487
v1,1791230828308246,UNSAT,225,10728d70e0641a69:0x3ed42,712
v1,1791230828308705,SAT,164,10728d70e0641a69:0x3ed42,876
v1,1791230828320189,UNSAT,248,10728d70e0641a69:0x3ed86,1124
v1,1791230828320661,SAT,175,10728d70e0641a69:0x3ed86,1299
v1,1791230828333246,UNSAT,213,10728d70e0641a69:0x3edca,1512
v1,1791230828333714,SAT,166,10728d70e0641a69:0x3edca,1678
v1,1791230828346889,UNSAT,215,10728d70e0641a69:0x3ee0e,1893
v1,1791230828347789,SAT,603,10728d70e0641a69:0x3ee0e,2496
v1,1791230828385706,UNSAT,216,10728d70e0641a69:0x290c3,2712
v1,1791230828386515,SAT,502,10728d70e0641a69:0x290c3,3214
v1,1791230828402214,UNSAT,251,10728d70e0641a69:0x2910c,3465
v1,1791230828403067,SAT,535,10728d70e0641a69:0x2910c,4000
v1,1791230828427359,UNSAT,672,10728d70e0641a69:0x2919f,4672
v1,1791230828428212,SAT,539,10728d70e0641a69:0x2919f,5211
v1,1791230828445623,UNSAT,209,10728d70e0641a69:0x291e6,5420
v1,1791230828446384,SAT,474,10728d70e0641a69:0x291e6,5894
v1,1791230828468431,UNSAT,223,10728d70e0641a69:0x29277,6117
v1,1791230828469255,SAT,514,10728d70e0641a69:0x29277,6631
v1,1791230828488536,UNSAT,219,10728d70e0641a69:0x292be,6850
v1,1791230828489367,SAT,487,10728d70e0641a69:0x292be,7337
v1,1791230828513221,UNSAT,218,10728d70e0641a69:0x2934c,7555
v1,1791230828514058,SAT,531,10728d70e0641a69:0x2934c,8086
v1,1791230828535190,UNSAT,216,10728d70e0641a69:0x29394,8302
v1,1791230828535971,SAT,476,10728d70e0641a69:0x29394,8778
v1,1791230835314186,SAT,730,10728d70e0641a69:0x6cd2,730
v1,1791230835322654,UNSAT,195,10728d70e0641a69:0x3e6e6,925
v1,1791230835323412,SAT,487,10728d70e0641a69:0x3e6e6,1412
v1,1791230835349102,UNSAT,208,10728d70e0641a69:0x290c3,1620
v1,1791230835349864,SAT,441,10728d70e0641a69:0x290c3,2061
v1,1791230835356305,UNSAT,222,10728d70e0641a69:0x2910c,2283
v1,1791230835357033,SAT,454,10728d70e0641a69:0x2910c,2737
v1,1791230835367186,UNSAT,185,10728d70e0641a69:0x2919f,2922
v1,1791230835367958,SAT,475,10728d70e0641a69:0x2919f,3397
v1,1791230835374682,UNSAT,209,10728d70e0641a69:0x291e6,3606
v1,1791230835375805,SAT,651,10728d70e0641a69:0x291e6,4257
v1,1791230835385926,UNSAT,201,10728d70e0641a69:0x29277,4458
v1,1791230835386659,SAT,456,10728d70e0641a69:0x29277,4914
v1,1791230835393486,UNSAT,196,10728d70e0641a69:0x292be,5110
v1,1791230835394181,SAT,418,10728d70e0641a69:0x292be,5528
v1,1791230835404563,UNSAT,289,10728d70e0641a69:0x2934c,5817
v1,1791230835405630,SAT,664,10728d70e0641a69:0x2934c,6481
v1,1791230835415801,UNSAT,264,10728d70e0641a69:0x29394,6745
v1,1791230835416835,SAT,601,10728d70e0641a69:0x29394,7346
v1,1791230842116190,UNSAT,238,10728d70e0641a69:0x3edca,238
v1,1791230842117472,SAT,728,10728d70e0641a69:0x3edca,966
v1,1791230842164049,UNSAT,986,10728d70e0641a69:0x290c3,1952
v1,1791230842164903,SAT,534,10728d70e0641a69:0x290c3,2486
v1,1791230842171710,UNSAT,180,10728d70e0641a69:0x2910c,2666
v1,1791230842172442,SAT,463,10728d70e0641a69:0x2910c,3129
v1,1791230842183163,UNSAT,196,10728d70e0641a69:0x2919f,3325
v1,1791230842183885,SAT,443,10728d70e0641a69:0x2919f,3768
v1,1791230842190530,UNSAT,194,10728d70e0641a69:0x291e6,3962
v1,1791230842191204,SAT,398,10728d70e0641a69:0x291e6,4360
v1,1791230842202420,UNSAT,288,10728d70e0641a69:0x29277,4648
v1,1791230842203677,SAT,789,10728d70e0641a69:0x29277,5437
v1,1791230842212128,UNSAT,198,10728d70e0641a69:0x292be,5635
v1,1791230842212994,SAT,531,10728d70e0641a69:0x292be,6166
v1,1791230842224087,UNSAT,191,10728d70e0641a69:0x2934c,6357
v1,1791230842224937,SAT,560,10728d70e0641a69:0x2934c,6917
v1,1791230842232309,UNSAT,215,10728d70e0641a69:0x29394,7132
v1,1791230842233075,SAT,472,10728d70e0641a69:0x29394,7604
v1,1791230848886407,UNSAT,249,10728d70e0641a69:0x3ed86,249
v1,1791230848887605,SAT,697,10728d70e0641a69:0x3ed86,946
v1,1791230848932054,UNSAT,206,10728d70e0641a69:0x290c3,1152
v1,1791230848932915,SAT,531,10728d70e0641a69:0x290c3,1683
v1,1791230848939446,UNSAT,181,10728d70e0641a69:0x2910c,1864
v1,1791230848940199,SAT,477,10728d70e0641a69:0x2910c,2341
v1,1791230848950599,UNSAT,194,10728d70e0641a69:0x2919f,2535
v1,1791230848951333,SAT,465,10728d70e0641a69:0x2919f,3000
v1,1791230848958107,UNSAT,198,10728d70e0641a69:0x291e6,3198
v1,1791230848958825,SAT,411,10728d70e0641a69:0x291e6,3609
v1,1791230848969424,UNSAT,196,10728d70e0641a69:0x29277,3805
v1,1791230848970224,SAT,512,10728d70e0641a69:0x29277,4317
v1,1791230848977162,UNSAT,189,10728d70e0641a69:0x292be,4506
v1,1791230848977847,SAT,402,10728d70e0641a69:0x292be,4908
v1,1791230848988585,UNSAT,192,10728d70e0641a69:0x2934c,5100
v1,1791230848989393,SAT,529,10728d70e0641a69:0x2934c,5629
v1,1791230848996423,UNSAT,219,10728d70e0641a69:0x29394,5848
v1,1791230848997087,SAT,389,10728d70e0641a69:0x29394,6237
v1,1791230856091329,UNSAT,240,10728d70e0641a69:0x3ed42,240
v1,1791230856092523,SAT,679,10728d70e0641a69:0x3ed42,919
v1,1791230856121006,UNSAT,245,10728d70e0641a69:0x290c3,1164
v1,1791230856121871,SAT,556,10728d70e0641a69:0x290c3,1720
v1,1791230856128351,UNSAT,192,10728d70e0641a69:0x2910c,1912
v1,1791230856129120,SAT,483,10728d70e0641a69:0x2910c,2395
v1,1791230856139982,UNSAT,199,10728d70e0641a69:0x2919f,2594
v1,1791230856140742,SAT,476,10728d70e0641a69:0x2919f,3070
v1,1791230856147613,UNSAT,234,10728d70e0641a69:0x291e6,3304
v1,1791230856149105,SAT,1164,10728d70e0641a69:0x291e6,4468
v1,1791230856160412,UNSAT,197,10728d70e0641a69:0x29277,4665
v1,1791230856161228,SAT,510,10728d70e0641a69:0x29277,5175
v1,1791230856168342,UNSAT,217,10728d70e0641a69:0x292be,5392
v1,1791230856169043,SAT,409,10728d70e0641a69:0x292be,5801
v1,1791230856179882,UNSAT,213,10728d70e0641a69:0x2934c,6014
v1,1791230856180805,SAT,570,10728d70e0641a69:0x2934c,6584
v1,1791230856188091,UNSAT,205,10728d70e0641a69:0x29394,6789
v1,1791230856188799,SAT,405,10728d70e0641a69:0x29394,7194
v1,1791230862135840,UNSAT,238,10728d70e0641a69:0xa85ea,238
v1,1791230862136967,SAT,545,10728d70e0641a69:0xa85ea,783
v1,1791230862155890,UNSAT,283,10728d70e0641a69:0x3078c,1066
v1,1791230862156530,SAT,183,10728d70e0641a69:0x3078c,1249
v1,1791230862270047,UNSAT,194,10728d70e0641a69:0x30a82,1443
v1,1791230862270555,SAT,179,10728d70e0641a69:0x30a82,1622
v1,1791230862564914,UNSAT,176,10728d70e0641a69:0x3e6a2,1798
v1,1791230862565356,SAT,171,10728d70e0641a69:0x3e6a2,1969
v1,1791230862571495,UNSAT,188,10728d70e0641a69:0x3e6e6,2157
v1,1791230862571915,SAT,160,10728d70e0641a69:0x3e6e6,2317
v1,1791230862598826,UNSAT,191,10728d70e0641a69:0x3e730,2508
v1,1791230862599231,UNSAT,137,10728d70e0641a69:0x3e730,2645
v1,1791230862602904,UNSAT,195,10728d70e0641a69:0x3e9ce,2840
v1,1791230862603490,SAT,277,10728d70e0641a69:0x3e9ce,3117
v1,1791230862610223,UNSAT,196,10728d70e0641a69:0x3ea12,3313
v1,1791230862610670,SAT,164,10728d70e0641a69:0x3ea12,3477
v1,1791230862617815,UNSAT,181,10728d70e0641a69:0x3ea56,3658
v1,1791230862618302,SAT,179,10728d70e0641a69:0x3ea56,3837
v1,1791230862625502,UNSAT,212,10728d70e0641a69:0x3ea9a,4049
v1,1791230862625965,SAT,184,10728d70e0641a69:0x3ea9a,4233
v1,1791230862634240,UNSAT,227,10728d70e0641a69:0x3eade,4460
v1,1791230862635140,SAT,601,10728d70e0641a69:0x3eade,5061
v1,1791230862650897,UNSAT,659,10728d70e0641a69:0xb0cf6,5720
v1,1791230862651692,SAT,473,10728d70e0641a69:0xb0cf6,6193
v1,1791230862663475,UNSAT,208,10728d70e0641a69:0x3ce63,6401
v1,1791230862663949,SAT,175,10728d70e0641a69:0x3ce63,6576
v1,1791230862667107,UNSAT,200,10728d70e0641a69:0x81b84,6776
v1,1791230862667701,UNSAT,303,10728d70e0641a69:0x81b84,7079
v1,1791230862670891,UNSAT,191,10728d70e0641a69:0x81bb5,7270
v1,1791230862673398,SAT,2217,10728d70e0641a69:0x81bb5,9487
v1,1791230862676791,UNSAT,195,10728d70e0641a69:0x81bce,9682
v1,1791230862677809,SAT,733,10728d70e0641a69:0x81bce,10415
v1,1791230862681187,UNSAT,201,10728d70e0641a69:0x81c47,10616
v1,1791230862682156,SAT,673,10728d70e0641a69:0x81c47,11289
v1,1791230862685851,UNSAT,189,10728d70e0641a69:0x81cb1,11478
v1,1791230862686857,SAT,717,10728d70e0641a69:0x81cb1,12195
v1,1791230862690328,UNSAT,193,10728d70e0641a69:0x81cc2,12388
v1,1791230862691324,SAT,702,10728d70e0641a69:0x81cc2,13090
v1,1791230862697412,UNSAT,199,10728d70e0641a69:0x8246f,13289
v1,1791230862698395,SAT,689,10728d70e0641a69:0x8246f,13978
v1,1791230862703756,UNSAT,196,10728d70e0641a69:0x8247c,14174
v1,1791230862704740,SAT,668,10728d70e0641a69:0x8247c,14842
v1,1791230862710452,UNSAT,202,10728d70e0641a69:0x826ef,15044
v1,1791230862711385,SAT,624,10728d70e0641a69:0x826ef,15668
v1,1791230862715875,UNSAT,249,10728d70e0641a69:0x8216e,15917
v1,1791230862716803,SAT,627,10728d70e0641a69:0x8216e,16544
v1,1791230862720702,UNSAT,192,10728d70e0641a69:0x8222e,16736
v1,1791230862722185,SAT,1193,10728d70e0641a69:0x8222e,17929
v1,1791230862726169,UNSAT,199,10728d70e0641a69:0x8127f,18128
v1,1791230862727405,SAT,943,10728d70e0641a69:0x8127f,19071
v1,1791230862734480,UNSAT,230,10728d70e0641a69:0x81453,19301
v1,1791230862736572,UNSAT,1703,10728d70e0641a69:0x81453,21004
v1,1791230868580237,UNSAT,213,10728d70e0641a69:0xa856e,213
v1,1791230868581354,SAT,646,10728d70e0641a69:0xa856e,859
v1,1791230868594945,UNSAT,199,10728d70e0641a69:0xa86d8,1058
v1,1791230868748965,SAT,153735,10728d70e0641a69:0xa86d8,154793
v1,1791230868758583,UNSAT,204,10728d70e0641a69:0xa875f,154997
v1,1791230868766518,SAT,7576,10728d70e0641a69:0xa875f,162573
v1,1791230868772361,UNSAT,202,10728d70e0641a69:0xa877c,162775
v1,1791230869603768,SAT,831089,10728d70e0641a69:0xa877c,993864
v1,1791230869608450,UNSAT,204,10728d70e0641a69:0xa8783,994068
v1,1791230870414826,SAT,806060,10728d70e0641a69:0xa8783,1800128
v1,1791230870421515,UNSAT,206,10728d70e0641a69:0x3e5dd,1800334
v1,1791230870422590,SAT,784,10728d70e0641a69:0x3e5dd,1801118
v1,1791230870432098,UNSAT,241,10728d70e0641a69:0x3e817,1801359
v1,1791230870433439,SAT,876,10728d70e0641a69:0x3e817,1802235
v1,1791230870456487,UNSAT,209,10728d70e0641a69:0x290c3,1802444
v1,1791230870458712,SAT,1914,10728d70e0641a69:0x290c3,1804358
v1,1791230870467880,UNSAT,210,10728d70e0641a69:0x2910c,1804568
v1,1791230870470023,SAT,1834,10728d70e0641a69:0x2910c,1806402
v1,1791230870482698,UNSAT,201,10728d70e0641a69:0x2919f,1806603
v1,1791230870484915,SAT,1902,10728d70e0641a69:0x2919f,1808505
v1,1791230870493891,UNSAT,203,10728d70e0641a69:0x291e6,1808708
v1,1791230870496077,SAT,1893,10728d70e0641a69:0x291e6,1810601
v1,1791230870509488,UNSAT,211,10728d70e0641a69:0x29277,1810812
v1,1791230870511690,SAT,1888,10728d70e0641a69:0x29277,1812700
v1,1791230870521272,UNSAT,205,10728d70e0641a69:0x292be,1812905
v1,1791230870523414,SAT,1837,10728d70e0641a69:0x292be,1814742
v1,1791230870536799,UNSAT,216,10728d70e0641a69:0x2934c,1814958
v1,1791230870538931,SAT,1826,10728d70e0641a69:0x2934c,1816784
v1,1791230870548747,UNSAT,208,10728d70e0641a69:0x29394,1816992
v1,1791230870550805,SAT,1757,10728d70e0641a69:0x29394,1818749
v1,1791230876179478,UNSAT,236,10728d70e0641a69:0xa856e,236
v1,1791230876180595,SAT,644,10728d70e0641a69:0xa856e,880
v1,1791230876193866,UNSAT,192,10728d70e0641a69:0xa86d8,1072
v1,1791230876346058,SAT,151903,10728d70e0641a69:0xa86d8,152975
v1,1791230876355680,UNSAT,192,10728d70e0641a69:0xa875f,153167
v1,1791230876363683,SAT,7629,10728d70e0641a69:0xa875f,160796
v1,1791230876370806,UNSAT,196,10728d70e0641a69:0xa877c,160992
v1,1791230877205857,SAT,834735,10728d70e0641a69:0xa877c,995727
v1,1791230877211234,UNSAT,207,10728d70e0641a69:0xa8783,995934
v1,1791230878010557,SAT,798988,10728d70e0641a69:0xa8783,1794922
v1,1791230878017478,UNSAT,225,10728d70e0641a69:0x3e5dd,1795147
v1,1791230878018588,SAT,806,10728d70e0641a69:0x3e5dd,1795953
v1,1791230878028562,UNSAT,214,10728d70e0641a69:0x3e817,1796167
v1,1791230878029668,SAT,789,10728d70e0641a69:0x3e817,1796956
v1,1791230884683417,UNSAT,253,10728d70e0641a69:0x3ee0e,253
v1,1791230884684460,SAT,333,10728d70e0641a69:0x3ee0e,586
v1,1791230884698979,UNSAT,247,10728d70e0641a69:0x3ee52,833
v1,1791230884699497,SAT,178,10728d70e0641a69:0x3ee52,1011
v1,1791230884715710,UNSAT,208,10728d70e0641a69:0x3ee96,1219
v1,1791230884716169,SAT,168,10728d70e0641a69:0x3ee96,1387
v1,1791230884733605,UNSAT,216,10728d70e0641a69:0x3eeda,1603
v1,1791230884734060,SAT,164,10728d70e0641a69:0x3eeda,1767
v1,1791230884780859,UNSAT,234,10728d70e0641a69:0xa897f,2001
v1,1791230884781337,SAT,179,10728d70e0641a69:0xa897f,2180
v1,1791230884806065,UNSAT,228,10728d70e0641a69:0xa8a0f,2408
v1,1791230884806992,SAT,616,10728d70e0641a69:0xa8a0f,3024
v1,1791230884829539,UNSAT,245,10728d70e0641a69:0xa904a,3269
v1,1791230884830467,SAT,556,10728d70e0641a69:0xa904a,3825
v1,1791230884852895,UNSAT,210,10728d70e0641a69:0x6e1b4,4035
v1,1791230884853352,SAT,166,10728d70e0641a69:0x6e1b4,4201
v1,1791230884874640,UNSAT,214,10728d70e0641a69:0x7b73b,4415
v1,1791230884875432,SAT,479,10728d70e0641a69:0x7b73b,4894
v1,1791230884885037,UNSAT,204,10728d70e0641a69:0x7b746,5098
v1,1791230884885744,SAT,404,10728d70e0641a69:0x7b746,5502
v1,1791230884899966,UNSAT,210,10728d70e0641a69:0x7b74f,5712
v1,1791230884900420,SAT,155,10728d70e0641a69:0x7b74f,5867
v1,1791230884913855,UNSAT,198,10728d70e0641a69:0x7b76c,6065
v1,1791230884914316,SAT,164,10728d70e0641a69:0x7b76c,6229
v1,1791230884928856,UNSAT,278,10728d70e0641a69:0x7b76c,6507
v1,1791230884929372,SAT,186,10728d70e0641a69:0x7b76c,6693
v1,1791230884946094,UNSAT,208,10728d70e0641a69:0x7b76c,6901
v1,1791230884946571,SAT,164,10728d70e0641a69:0x7b76c,7065
v1,1791230884964612,UNSAT,245,10728d70e0641a69:0x7b76c,7310
v1,1791230884965153,SAT,181,10728d70e0641a69:0x7b76c,7491
v1,1791230884988290,UNSAT,235,10728d70e0641a69:0x7b76c,7726
v1,1791230884988822,SAT,194,10728d70e0641a69:0x7b76c,7920
v1,1791230885013067,UNSAT,219,10728d70e0641a69:0x7b76c,8139
v1,1791230885013866,SAT,487,10728d70e0641a69:0x7b76c,8626
v1,1791230885033578,UNSAT,213,10728d70e0641a69:0x7b782,8839
v1,1791230885034024,UNSAT,143,10728d70e0641a69:0x7b782,8982
v1,1791230885044191,UNSAT,217,10728d70e0641a69:0x6e283,9199
v1,1791230885044654,UNSAT,144,10728d70e0641a69:0x6e283,9343
v1,1791230885057641,UNSAT,228,10728d70e0641a69:0x5db32,9571
v1,1791230885058372,UNSAT,243,10728d70e0641a69:0x5db32,9814
v1,1791230885074348,UNSAT,230,10728d70e0641a69:0x6cd2,10044
v1,1791230885075215,SAT,488,10728d70e0641a69:0x6cd2,10532
v1,1791230885090814,UNSAT,218,10728d70e0641a69:0x6d9b,10750
v1,1791230885091284,SAT,170,10728d70e0641a69:0x6d9b,10920
v1,1791230885108306,UNSAT,236,10728d70e0641a69:0x6dee,11156
v1,1791230885109058,SAT,245,10728d70e0641a69:0x6dee,11401
v1,1791230885128922,UNSAT,238,10728d70e0641a69:0x115a2d,11639
v1,1791230885129624,SAT,223,10728d70e0641a69:0x115a2d,11862
v1,1791230885150516,UNSAT,223,10728d70e0641a69:0x1167a4,12085
v1,1791230885151335,SAT,491,10728d70e0641a69:0x1167a4,12576
v1,1791230885180662,UNSAT,217,10728d70e0641a69:0x1167a4,12793
v1,1791230885195774,UNSAT,213,10728d70e0641a69:0x1167a4,13006
v1,1791230885207554,UNSAT,214,10728d70e0641a69:0x1167a4,13220
v1,1791230885220565,UNSAT,209,10728d70e0641a69:0x1167a4,13429
v1,1791230885235189,UNSAT,212,10728d70e0641a69:0x1167a4,13641
v1,1791230885251608,UNSAT,213,10728d70e0641a69:0x1167a4,13854
v1,1791230885269582,UNSAT,233,10728d70e0641a69:0x1167a4,14087
v1,1791230885289928,UNSAT,211,10728d70e0641a69:0x1167a4,14298
v1,1791230885311762,UNSAT,218,10728d70e0641a69:0x1168c7,14516
v1,1791230885313265,SAT,1209,10728d70e0641a69:0x1168c7,15725
v1,1791230885342007,UNSAT,212,10728d70e0641a69:0x116947,15937
v1,1791230885342810,SAT,489,10728d70e0641a69:0x116947,16426
v1,1791230885351742,UNSAT,200,10728d70e0641a69:0x116947,16626
v1,1791230885362104,UNSAT,190,10728d70e0641a69:0x116947,16816
v1,1791230885374950,UNSAT,211,10728d70e0641a69:0x1169b7,17027
v1,1791230885375721,SAT,478,10728d70e0641a69:0x1169b7,17505
v1,1791230885390929,UNSAT,215,10728d70e0641a69:0x1169fb,17720
v1,1791230885391750,SAT,518,10728d70e0641a69:0x1169fb,18238
v1,1791230885409055,UNSAT,210,10728d70e0641a69:0x116a40,18448
v1,1791230885409806,SAT,459,10728d70e0641a69:0x116a40,18907
v1,1791230885428231,UNSAT,221,10728d70e0641a69:0x116a84,19128
v1,1791230885429018,SAT,472,10728d70e0641a69:0x116a84,19600
v1,1791230885448983,UNSAT,217,10728d70e0641a69:0x116ac8,19817
v1,1791230885449756,SAT,474,10728d70e0641a69:0x116ac8,20291
v1,1791230885475945,UNSAT,214,10728d70e0641a69:0x116b0c,20505
v1,1791230885476715,SAT,482,10728d70e0641a69:0x116b0c,20987
v1,1791230885498389,UNSAT,268,10728d70e0641a69:0x116b0c,21255
v1,1791230885509074,UNSAT,211,10728d70e0641a69:0x116b0c,21466
v1,1791230885521496,UNSAT,207,10728d70e0641a69:0x116b0c,21673
v1,1791230885534439,UNSAT,219,10728d70e0641a69:0x116b0c,21892
v1,1791230885549180,UNSAT,204,10728d70e0641a69:0x116b0c,22096
v1,1791230885565520,UNSAT,251,10728d70e0641a69:0x116b0c,22347
v1,1791230885583745,UNSAT,211,10728d70e0641a69:0x116b0c,22558
v1,1791230885603364,UNSAT,260,10728d70e0641a69:0x116b0c,22818
v1,1791230885626322,UNSAT,212,10728d70e0641a69:0x116e00,23030
v1,1791230885627073,SAT,452,10728d70e0641a69:0x116e00,23482
v1,1791230885637906,UNSAT,210,10728d70e0641a69:0x6e7d,23692
v1,1791230885638325,UNSAT,142,10728d70e0641a69:0x6e7d,23834
v1,1791230885654566,UNSAT,202,10728d70e0641a69:0xa93cd,24036
v1,1791230885655344,SAT,482,10728d70e0641a69:0xa93cd,24518
v1,1791230885680320,UNSAT,243,10728d70e0641a69:0x7b733,24761
v1,1791230885682238,SAT,1400,10728d70e0641a69:0x7b733,26161
v1,1791230885698479,UNSAT,265,10728d70e0641a69:0x7b73b,26426
v1,1791230885701416,SAT,2636,10728d70e0641a69:0x7b73b,29062
v1,1791230885717569,UNSAT,208,10728d70e0641a69:0x7b73b,29270
v1,1791230885735191,UNSAT,204,10728d70e0641a69:0x7b73b,29474
v1,1791230885754385,UNSAT,305,10728d70e0641a69:0x7b73b,29779
v1,1791230885775524,UNSAT,209,10728d70e0641a69:0x7b73b,29988
v1,1791230885794836,UNSAT,213,10728d70e0641a69:0xa94e7,30201
v1,1791230885795346,SAT,200,10728d70e0641a69:0xa94e7,30401
v1,1791230885810908,UNSAT,213,10728d70e0641a69:0xa9539,30614
v1,1791230885811731,SAT,528,10728d70e0641a69:0xa9539,31142
v1,1791230885846281,UNSAT,217,10728d70e0641a69:0x290c3,31359
v1,1791230885847039,SAT,457,10728d70e0641a69:0x290c3,31816
v1,1791230885866576,UNSAT,207,10728d70e0641a69:0x2910c,32023
v1,1791230885867381,SAT,497,10728d70e0641a69:0x2910c,32520
v1,1791230885891796,UNSAT,217,10728d70e0641a69:0x2919f,32737
v1,1791230885892594,SAT,495,10728d70e0641a69:0x2919f,33232
v1,1791230885914806,UNSAT,216,10728d70e0641a69:0x291e6,33448
v1,1791230885915591,SAT,472,10728d70e0641a69:0x291e6,33920
v1,1791230885943501,UNSAT,216,10728d70e0641a69:0x29277,34136
v1,1791230885944305,SAT,503,10728d70e0641a69:0x29277,34639
v1,1791230885970360,UNSAT,220,10728d70e0641a69:0x292be,34859
v1,1791230885971165,SAT,448,10728d70e0641a69:0x292be,35307
v1,1791230885999667,UNSAT,229,10728d70e0641a69:0x2934c,35536
v1,1791230886000505,SAT,520,10728d70e0641a69:0x2934c,36056
v1,1791230886015235,UNSAT,228,10728d70e0641a69:0x29394,36284
v1,1791230886016069,SAT,457,10728d70e0641a69:0x29394,36741
v1,1791230886085296,UNSAT,231,10728d70e0641a69:0x2e2bf,36972
v1,1791230886085751,SAT,162,10728d70e0641a69:0x2e2bf,37134
v1,1791230886380176,UNSAT,217,10728d70e0641a69:0xb998f,37351
v1,1791230886380998,SAT,496,10728d70e0641a69:0xb998f,37847
v1,1791230886405832,UNSAT,214,10728d70e0641a69:0x7b733,38061
v1,1791230886407025,SAT,903,10728d70e0641a69:0x7b733,38964
v1,1791230886425629,UNSAT,212,10728d70e0641a69:0x7b73b,39176
v1,1791230886428450,SAT,2508,10728d70e0641a69:0x7b73b,41684
v1,1791230886447672,UNSAT,213,10728d70e0641a69:0x7b73b,41897
v1,1791230886467922,UNSAT,210,10728d70e0641a69:0x7b73b,42107
v1,1791230886489041,UNSAT,210,10728d70e0641a69:0x7b73b,42317
v1,1791230886498601,UNSAT,192,10728d70e0641a69:0x7b73b,42509
v1,1791230886510326,UNSAT,202,10728d70e0641a69:0x7b73b,42711
v1,1791230886523266,UNSAT,197,10728d70e0641a69:0x7b73b,42908
v1,1791230886537943,UNSAT,207,10728d70e0641a69:0x7b73b,43115
v1,1791230886554197,UNSAT,207,10728d70e0641a69:0x7b73b,43322
v1,1791230886555840,SAT,514,10728d70e0641a69:0xa817c,43836
v1,1791230886557292,UNSAT,177,10728d70e0641a69:0x1159e5,44013
v1,1791230886557677,UNSAT,138,10728d70e0641a69:0x1159e5,44151
v1,1791230886560005,SAT,509,10728d70e0641a69:0x6cd2,44660
v1,1791230886561970,SAT,533,10728d70e0641a69:0x115a2d,45193
v1,1791230886562873,UNSAT,154,10728d70e0641a69:0x115a2d,45347
v1,1791230886563590,UNSAT,134,10728d70e0641a69:0x115a2d,45481
v1,1791230886564226,UNSAT,129,10728d70e0641a69:0x115a2d,45610
v1,1791230886564879,UNSAT,134,10728d70e0641a69:0x115a2d,45744
v1,1791230886566536,SAT,535,10728d70e0641a69:0xa81f9,46279
v1,1791230886568320,SAT,695,10728d70e0641a69:0xa8240,46974
v1,1791230886570062,SAT,480,10728d70e0641a69:0xa828b,47454
v1,1791230886572144,SAT,807,10728d70e0641a69:0xa82d2,48261
v1,1791230886574213,SAT,482,10728d70e0641a69:0xa831e,48743
v1,1791230886576268,SAT,819,10728d70e0641a69:0xa8362,49562
v1,1791230886578161,SAT,539,10728d70e0641a69:0xa83af,50101
v1,1791230886580228,SAT,690,10728d70e0641a69:0xa83f8,50791
v1,1791230886582125,UNSAT,253,10728d70e0641a69:0xa856e,51044
v1,1791230886582657,SAT,180,10728d70e0641a69:0xa856e,51224
v1,1791230886584309,UNSAT,187,10728d70e0641a69:0xa85ea,51411
v1,1791230886585206,SAT,498,10728d70e0641a69:0xa85ea,51909
v1,1791230886587126,UNSAT,226,10728d70e0641a69:0x3e5dd,52135
v1,1791230886587692,SAT,290,10728d70e0641a69:0x3e5dd,52425
v1,1791230886589668,UNSAT,307,10728d70e0641a69:0x3e6a2,52732
v1,1791230886590122,SAT,169,10728d70e0641a69:0x3e6a2,52901
v1,1791230886592073,UNSAT,270,10728d70e0641a69:0x3e6e6,53171
v1,1791230886592512,SAT,175,10728d70e0641a69:0x3e6e6,53346
v1,1791230886594897,UNSAT,201,10728d70e0641a69:0x3e730,53547
v1,1791230886595409,UNSAT,175,10728d70e0641a69:0x3e730,53722
v1,1791230886597491,UNSAT,333,10728d70e0641a69:0x3e9ce,54055
v1,1791230886598071,SAT,267,10728d70e0641a69:0x3e9ce,54322
v1,1791230886600464,UNSAT,260,10728d70e0641a69:0x3ea12,54582
v1,1791230886600911,SAT,167,10728d70e0641a69:0x3ea12,54749
v1,1791230886603246,SAT,311,10728d70e0641a69:0x3ea56,55060
v1,1791230886606657,SAT,314,10728d70e0641a69:0x3ea9a,55374
v1,1791230886609379,SAT,304,10728d70e0641a69:0x3eade,55678
v1,1791230886612576,SAT,374,10728d70e0641a69:0x3eb22,56052
v1,1791230886616026,SAT,330,10728d70e0641a69:0x3eb66,56382
v1,1791230886619439,SAT,356,10728d70e0641a69:0x3ebaa,56738
v1,1791230886623443,SAT,385,10728d70e0641a69:0x3ebee,57123
v1,1791230886627603,SAT,369,10728d70e0641a69:0x3ec32,57492
v1,1791230886631815,SAT,365,10728d70e0641a69:0x3ec76,57857
v1,1791230886636179,SAT,480,10728d70e0641a69:0x3ecba,58337
v1,1791230886640583,SAT,376,10728d70e0641a69:0x3ecfe,58713
v1,1791230886645157,SAT,417,10728d70e0641a69:0x3ed42,59130
v1,1791230886650278,SAT,423,10728d70e0641a69:0x3ed86,59553
v1,1791230886656252,SAT,432,10728d70e0641a69:0x3edca,59985
v1,1791230886659974,SAT,414,10728d70e0641a69:0x3ee0e,60399
v1,1791230886663869,SAT,484,10728d70e0641a69:0x3ee52,60883
v1,1791230886668065,SAT,423,10728d70e0641a69:0x3ee96,61306
v1,1791230886672634,SAT,454,10728d70e0641a69:0x3eeda,61760
v1,1791230886674491,UNSAT,196,10728d70e0641a69:0xa897f,61956
v1,1791230886674976,SAT,200,10728d70e0641a69:0xa897f,62156
v1,1791230886676773,UNSAT,212,10728d70e0641a69:0xa8a0f,62368
v1,1791230886677613,SAT,510,10728d70e0641a69:0xa8a0f,62878
v1,1791230886679384,UNSAT,178,10728d70e0641a69:0xa904a,63056
v1,1791230886680161,SAT,493,10728d70e0641a69:0xa904a,63549
v1,1791230886682086,UNSAT,188,10728d70e0641a69:0x6e1b4,63737
v1,1791230886682777,SAT,213,10728d70e0641a69:0x6e1b4,63950
v1,1791230886694007,UNSAT,233,10728d70e0641a69:0x7b733,64183
v1,1791230886695415,SAT,1063,10728d70e0641a69:0x7b733,65246
v1,1791230886710080,UNSAT,220,10728d70e0641a69:0x7b746,65466
v1,1791230886710814,SAT,411,10728d70e0641a69:0x7b746,65877
v1,1791230886725892,UNSAT,213,10728d70e0641a69:0x7b74f,66090
v1,1791230886726375,SAT,180,10728d70e0641a69:0x7b74f,66270
v1,1791230886741985,UNSAT,214,10728d70e0641a69:0x7b74f,66484
v1,1791230886760111,UNSAT,208,10728d70e0641a69:0x7b76c,66692
v1,1791230886760595,SAT,176,10728d70e0641a69:0x7b76c,66868
v1,1791230886779620,UNSAT,217,10728d70e0641a69:0x7b76c,67085
v1,1791230886800469,UNSAT,224,10728d70e0641a69:0x7b76c,67309
v1,1791230886801381,SAT,560,10728d70e0641a69:0x7b76c,67869
v1,1791230886813606,UNSAT,222,10728d70e0641a69:0x7b782,68091
v1,1791230886814054,UNSAT,140,10728d70e0641a69:0x7b782,68231
v1,1791230886830772,UNSAT,231,10728d70e0641a69:0x6e283,68462
v1,1791230886831276,UNSAT,169,10728d70e0641a69:0x6e283,68631
v1,1791230886847920,UNSAT,216,10728d70e0641a69:0x5db32,68847
v1,1791230886848364,UNSAT,149,10728d70e0641a69:0x5db32,68996
v1,1791230886852327,UNSAT,401,10728d70e0641a69:0x6cd2,69397
v1,1791230886853050,SAT,456,10728d70e0641a69:0x6cd2,69853
v1,1791230886870359,UNSAT,225,10728d70e0641a69:0x6d9b,70078
v1,1791230886870880,SAT,211,10728d70e0641a69:0x6d9b,70289
v1,1791230886889743,UNSAT,220,10728d70e0641a69:0x6dee,70509
v1,1791230886890209,SAT,163,10728d70e0641a69:0x6dee,70672
v1,1791230886912895,UNSAT,227,10728d70e0641a69:0x115a2d,70899
v1,1791230886913361,SAT,156,10728d70e0641a69:0x115a2d,71055
v1,1791230886936815,UNSAT,228,10728d70e0641a69:0x116947,71283
v1,1791230886937320,SAT,191,10728d70e0641a69:0x116947,71474
v1,1791230886949656,UNSAT,211,10728d70e0641a69:0x116947,71685
v1,1791230886962824,UNSAT,214,10728d70e0641a69:0x1169b7,71899
v1,1791230886963293,SAT,169,10728d70e0641a69:0x1169b7,72068
v1,1791230886978499,UNSAT,227,10728d70e0641a69:0x1169fb,72295
v1,1791230886979298,SAT,484,10728d70e0641a69:0x1169fb,72779
v1,1791230886996401,UNSAT,229,10728d70e0641a69:0x116a40,73008
v1,1791230886997182,SAT,476,10728d70e0641a69:0x116a40,73484
v1,1791230887016103,UNSAT,217,10728d70e0641a69:0x116a84,73701
v1,1791230887016930,SAT,507,10728d70e0641a69:0x116a84,74208
v1,1791230887040081,UNSAT,211,10728d70e0641a69:0x116ac8,74419
v1,1791230887040899,SAT,490,10728d70e0641a69:0x116ac8,74909
v1,1791230887062553,UNSAT,253,10728d70e0641a69:0x116ac8,75162
v1,1791230887080582,UNSAT,226,10728d70e0641a69:0x116ac8,75388
v1,1791230887092368,UNSAT,220,10728d70e0641a69:0x116ac8,75608
v1,1791230887107920,UNSAT,215,10728d70e0641a69:0x116e00,75823
v1,1791230887108742,SAT,515,10728d70e0641a69:0x116e00,76338
v1,1791230887126106,UNSAT,221,10728d70e0641a69:0x6e7d,76559
v1,1791230887126618,UNSAT,178,10728d70e0641a69:0x6e7d,76737
v1,1791230887130726,UNSAT,411,10728d70e0641a69:0xa93cd,77148
v1,1791230887131487,SAT,492,10728d70e0641a69:0xa93cd,77640
v1,1791230887152294,UNSAT,231,10728d70e0641a69:0x7b733,77871
v1,1791230887154480,SAT,1874,10728d70e0641a69:0x7b733,79745
v1,1791230887174960,UNSAT,221,10728d70e0641a69:0x7b73b,79966
v1,1791230887181115,SAT,5814,10728d70e0641a69:0x7b73b,85780
v1,1791230887202235,UNSAT,235,10728d70e0641a69:0x7b73b,86015
v1,1791230887221472,UNSAT,223,10728d70e0641a69:0x7b73b,86238
v1,1791230887232903,UNSAT,221,10728d70e0641a69:0x7b73b,86459
v1,1791230887246124,UNSAT,219,10728d70e0641a69:0x7b73b,86678
v1,1791230887262891,UNSAT,220,10728d70e0641a69:0xa94e7,86898
v1,1791230887263349,SAT,170,10728d70e0641a69:0xa94e7,87068
v1,1791230887267376,UNSAT,416,10728d70e0641a69:0xa9539,87484
v1,1791230887268137,SAT,477,10728d70e0641a69:0xa9539,87961
v1,1791230887276948,UNSAT,4844,10728d70e0641a69:0x290c3,92805
v1,1791230887277878,SAT,590,10728d70e0641a69:0x290c3,93395
v1,1791230887282634,UNSAT,436,10728d70e0641a69:0x2910c,93831
v1,1791230887283496,SAT,559,10728d70e0641a69:0x2910c,94390
v1,1791230887293425,UNSAT,5551,10728d70e0641a69:0x2919f,99941
v1,1791230887294424,SAT,648,10728d70e0641a69:0x2919f,100589
v1,1791230887304653,UNSAT,5032,10728d70e0641a69:0x291e6,105621
v1,1791230887305586,SAT,574,10728d70e0641a69:0x291e6,106195
v1,1791230887316835,UNSAT,5824,10728d70e0641a69:0x29277,112019
v1,1791230887317934,SAT,696,10728d70e0641a69:0x29277,112715
v1,1791230887328391,UNSAT,5275,10728d70e0641a69:0x292be,117990
v1,1791230887329319,SAT,612,10728d70e0641a69:0x292be,118602
v1,1791230887336681,UNSAT,485,10728d70e0641a69:0x2934c,119087
v1,1791230887337630,SAT,644,10728d70e0641a69:0x2934c,119731
v1,1791230887348611,UNSAT,5525,10728d70e0641a69:0x29394,125256
v1,1791230887349825,SAT,702,10728d70e0641a69:0x29394,125958
v1,1791230887356440,UNSAT,563,10728d70e0641a69:0x2e2bf,126521
v1,1791230887356890,SAT,155,10728d70e0641a69:0x2e2bf,126676
v1,1791230887372657,UNSAT,501,10728d70e0641a69:0xb998f,127177
v1,1791230887373450,SAT,489,10728d70e0641a69:0xb998f,127666
v1,1791230887391537,UNSAT,216,10728d70e0641a69:0x7b733,127882
v1,1791230887393784,SAT,1931,10728d70e0641a69:0x7b733,129813
v1,1791230887409717,UNSAT,222,10728d70e0641a69:0x7b73b,130035
v1,1791230887415741,SAT,5707,10728d70e0641a69:0x7b73b,135742
v1,1791230887428914,UNSAT,222,10728d70e0641a69:0x7b73b,135964
v1,1791230887443535,UNSAT,211,10728d70e0641a69:0x7b73b,136175
v1,1791230887459839,UNSAT,220,10728d70e0641a69:0x7b73b,136395
v1,1791230887478167,UNSAT,220,10728d70e0641a69:0x7b73b,136615
v1,1791230887498067,UNSAT,210,10728d70e0641a69:0x7b73b,136825
v1,1791230887519677,UNSAT,215,10728d70e0641a69:0x7b73b,137040
v1,1791230887536200,UNSAT,217,10728d70e0641a69:0x7b73b,137257
v1,1791230887548233,UNSAT,219,10728d70e0641a69:0x7b73b,137476
v1,1791230887549968,SAT,525,10728d70e0641a69:0xa817c,138001
v1,1791230887551667,UNSAT,177,10728d70e0641a69:0x1159e5,138178
v1,1791230887552047,UNSAT,132,10728d70e0641a69:0x1159e5,138310
v1,1791230887553555,SAT,515,10728d70e0641a69:0x6cd2,138825
v1,1791230887555441,SAT,584,10728d70e0641a69:0x115a2d,139409
v1,1791230887556395,UNSAT,184,10728d70e0641a69:0x115a2d,139593
v1,1791230887557204,UNSAT,157,10728d70e0641a69:0x115a2d,139750
v1,1791230887557951,UNSAT,150,10728d70e0641a69:0x115a2d,139900
v1,1791230887558706,UNSAT,161,10728d70e0641a69:0x115a2d,140061
v1,1791230887560462,SAT,699,10728d70e0641a69:0xa81f9,140760
v1,1791230887563348,SAT,750,10728d70e0641a69:0xa8240,141510
v1,1791230887565028,SAT,506,10728d70e0641a69:0xa828b,142016
v1,1791230887567172,SAT,998,10728d70e0641a69:0xa82d2,143014
v1,1791230887569004,SAT,575,10728d70e0641a69:0xa831e,143589
v1,1791230887571448,SAT,964,10728d70e0641a69:0xa8362,144553
v1,1791230887573577,SAT,823,10728d70e0641a69:0xa83af,145376
v1,1791230887575642,SAT,792,10728d70e0641a69:0xa83f8,146168
v1,1791230887577430,UNSAT,249,10728d70e0641a69:0xa856e,146417
v1,1791230887577903,SAT,170,10728d70e0641a69:0xa856e,146587
v1,1791230887579616,UNSAT,170,10728d70e0641a69:0xa85ea,146757
v1,1791230887580590,SAT,690,10728d70e0641a69:0xa85ea,147447
v1,1791230887582976,UNSAT,338,10728d70e0641a69:0x3e5dd,147785
v1,1791230887583750,SAT,198,10728d70e0641a69:0x3e5dd,147983
v1,1791230887586698,UNSAT,258,10728d70e0641a69:0x3e6a2,148241
v1,1791230887587123,SAT,157,10728d70e0641a69:0x3e6a2,148398
v1,1791230887589474,UNSAT,277,10728d70e0641a69:0x3e6e6,148675
v1,1791230887589944,SAT,165,10728d70e0641a69:0x3e6e6,148840
v1,1791230887592132,UNSAT,169,10728d70e0641a69:0x3e730,149009
v1,1791230887592527,UNSAT,132,10728d70e0641a69:0x3e730,149141
v1,1791230887594452,UNSAT,355,10728d70e0641a69:0x3e9ce,149496
v1,1791230887594926,SAT,168,10728d70e0641a69:0x3e9ce,149664
v1,1791230887597499,UNSAT,300,10728d70e0641a69:0x3ea12,149964
v1,1791230887597974,SAT,179,10728d70e0641a69:0x3ea12,150143
v1,1791230887601180,SAT,337,10728d70e0641a69:0x3ea9a,150480
v1,1791230887604267,SAT,332,10728d70e0641a69:0x3eade,150812
v1,1791230887607539,SAT,346,10728d70e0641a69:0x3eb22,151158
v1,1791230887611647,SAT,351,10728d70e0641a69:0x3ebaa,151509
v1,1791230887615804,SAT,339,10728d70e0641a69:0x3ebee,151848
v1,1791230887619740,SAT,358,10728d70e0641a69:0x3ec32,152206
v1,1791230887624207,SAT,390,10728d70e0641a69:0x3ec76,152596
v1,1791230887628857,SAT,399,10728d70e0641a69:0x3ecba,152995
v1,1791230887637451,SAT,4077,10728d70e0641a69:0x3ecfe,157072
v1,1791230887662520,UNSAT,355,10728d70e0641a69:0x290c3,157427
v1,1791230887663495,SAT,680,10728d70e0641a69:0x290c3,158107
v1,1791230888253267,UNSAT,759,10728d70e0641a69:0x783b7,158866
v1,1791230888255065,SAT,1454,10728d70e0641a69:0x783b7,160320
v1,1791230888282471,UNSAT,283,10728d70e0641a69:0x7782e,160603
v1,1791230888283209,UNSAT,404,10728d70e0641a69:0x7782e,161007
v1,1791230888303746,UNSAT,217,10728d70e0641a69:0x77834,161224
v1,1791230888306469,SAT,2393,10728d70e0641a69:0x77834,163617
v1,1791230888329151,UNSAT,224,10728d70e0641a69:0x783e9,163841
v1,1791230888331812,UNSAT,2335,10728d70e0641a69:0x783e9,166176
v1,1791230895232024,UNSAT,258,10728d70e0641a69:0x3eeda,258
v1,1791230895233190,SAT,669,10728d70e0641a69:0x3eeda,927
v1,1791230895277703,UNSAT,219,10728d70e0641a69:0x290c3,1146
v1,1791230895278494,SAT,505,10728d70e0641a69:0x290c3,1651
v1,1791230895285384,UNSAT,197,10728d70e0641a69:0x2910c,1848
v1,1791230895286177,SAT,521,10728d70e0641a69:0x2910c,2369
v1,1791230895297055,UNSAT,216,10728d70e0641a69:0x2919f,2585
v1,1791230895297926,SAT,566,10728d70e0641a69:0x2919f,3151
v1,1791230895305099,UNSAT,197,10728d70e0641a69:0x291e6,3348
v1,1791230895305876,SAT,477,10728d70e0641a69:0x291e6,3825
v1,1791230895316970,UNSAT,200,10728d70e0641a69:0x29277,4025
v1,1791230895317777,SAT,518,10728d70e0641a69:0x29277,4543
v1,1791230895325059,UNSAT,187,10728d70e0641a69:0x292be,4730
v1,1791230895325822,SAT,476,10728d70e0641a69:0x292be,5206
v1,1791230895340581,UNSAT,198,10728d70e0641a69:0x29394,5404
v1,1791230895341333,SAT,464,10728d70e0641a69:0x29394,5868
v1,1791230901502899,UNSAT,236,10728d70e0641a69:0x3eade,236
v1,1791230901503681,SAT,220,10728d70e0641a69:0x3eade,456
v1,1791230901513524,UNSAT,201,10728d70e0641a69:0x3eb22,657
v1,1791230901513970,SAT,157,10728d70e0641a69:0x3eb22,814
v1,1791230901523397,UNSAT,209,10728d70e0641a69:0x3eb66,1023
v1,1791230901523838,SAT,158,10728d70e0641a69:0x3eb66,1181
v1,1791230901533820,UNSAT,263,10728d70e0641a69:0x3ebaa,1444
v1,1791230901534294,SAT,180,10728d70e0641a69:0x3ebaa,1624
v1,1791230901544828,UNSAT,208,10728d70e0641a69:0x3ebee,1832
v1,1791230901545732,SAT,597,10728d70e0641a69:0x3ebee,2429
v1,1791230901571804,UNSAT,214,10728d70e0641a69:0x290c3,2643
v1,1791230901572657,SAT,549,10728d70e0641a69:0x290c3,3192
v1,1791230901579543,UNSAT,210,10728d70e0641a69:0x2910c,3402
v1,1791230901580435,SAT,546,10728d70e0641a69:0x2910c,3948
v1,1791230901587021,UNSAT,197,10728d70e0641a69:0x2919f,4145
v1,1791230901587855,SAT,534,10728d70e0641a69:0x2919f,4679
v1,1791230901594597,UNSAT,197,10728d70e0641a69:0x291e6,4876
v1,1791230901595368,SAT,480,10728d70e0641a69:0x291e6,5356
v1,1791230901602599,UNSAT,201,10728d70e0641a69:0x29277,5557
v1,1791230901603408,SAT,506,10728d70e0641a69:0x29277,6063
v1,1791230901610714,UNSAT,206,10728d70e0641a69:0x292be,6269
v1,1791230901611499,SAT,491,10728d70e0641a69:0x292be,6760
v1,1791230901619807,UNSAT,218,10728d70e0641a69:0x2934c,6978
v1,1791230901620674,SAT,570,10728d70e0641a69:0x2934c,7548
v1,1791230901628361,UNSAT,217,10728d70e0641a69:0x29394,7765
v1,1791230901629135,SAT,475,10728d70e0641a69:0x29394,8240
v1,1791230906401968,UNSAT,292,10728d70e0641a69:0x3ee96,292
v1,1791230906403120,SAT,645,10728d70e0641a69:0x3ee96,937
v1,1791230906448739,UNSAT,187,10728d70e0641a69:0x290c3,1124
v1,1791230906449605,SAT,588,10728d70e0641a69:0x290c3,1712
v1,1791230906457697,UNSAT,188,10728d70e0641a69:0x2910c,1900
v1,1791230906458488,SAT,523,10728d70e0641a69:0x2910c,2423
v1,1791230906469526,UNSAT,206,10728d70e0641a69:0x2919f,2629
v1,1791230906470350,SAT,526,10728d70e0641a69:0x2919f,3155
v1,1791230906477657,UNSAT,203,10728d70e0641a69:0x291e6,3358
v1,1791230906478400,SAT,459,10728d70e0641a69:0x291e6,3817
v1,1791230906489316,UNSAT,211,10728d70e0641a69:0x29277,4028
v1,1791230906490105,SAT,515,10728d70e0641a69:0x29277,4543
v1,1791230906497332,UNSAT,215,10728d70e0641a69:0x292be,4758
v1,1791230906498090,SAT,477,10728d70e0641a69:0x292be,5235
v1,1791230906509062,UNSAT,194,10728d70e0641a69:0x2934c,5429
v1,1791230906509869,SAT,518,10728d70e0641a69:0x2934c,5947
v1,1791230906517154,UNSAT,201,10728d70e0641a69:0x29394,6148
v1,1791230906517885,SAT,454,10728d70e0641a69:0x29394,6602
v1,1791230913729248,UNSAT,253,10728d70e0641a69:0x3ee52,253
v1,1791230913730657,SAT,755,10728d70e0641a69:0x3ee52,1008
v1,1791230913762449,UNSAT,195,10728d70e0641a69:0x290c3,1203
v1,1791230913763311,SAT,520,10728d70e0641a69:0x290c3,1723
v1,1791230913770961,UNSAT,319,10728d70e0641a69:0x2910c,2042
v1,1791230913771801,SAT,514,10728d70e0641a69:0x2910c,2556
v1,1791230913782660,UNSAT,200,10728d70e0641a69:0x2919f,2756
v1,1791230913783503,SAT,555,10728d70e0641a69:0x2919f,3311
v1,1791230913791213,UNSAT,193,10728d70e0641a69:0x291e6,3504
v1,1791230913791957,SAT,455,10728d70e0641a69:0x291e6,3959
v1,1791230913804262,UNSAT,194,10728d70e0641a69:0x29277,4153
v1,1791230913805045,SAT,496,10728d70e0641a69:0x29277,4649
v1,1791230913812880,UNSAT,194,10728d70e0641a69:0x292be,4843
v1,1791230913813662,SAT,492,10728d70e0641a69:0x292be,5335
v1,1791230913824703,UNSAT,207,10728d70e0641a69:0x2934c,5542
v1,1791230913825496,SAT,517,10728d70e0641a69:0x2934c,6059
v1,1791230913832910,UNSAT,189,10728d70e0641a69:0x29394,6248
v1,1791230913833652,SAT,468,10728d70e0641a69:0x29394,6716
v1,1791230920055206,UNSAT,231,10728d70e0641a69:0x3ec76,231
v1,1791230920056366,SAT,658,10728d70e0641a69:0x3ec76,889
v1,1791230920078947,UNSAT,186,10728d70e0641a69:0x290c3,1075
v1,1791230920079659,SAT,443,10728d70e0641a69:0x290c3,1518
v1,1791230920082020,UNSAT,174,10728d70e0641a69:0x2910c,1692
v1,1791230920083030,SAT,731,10728d70e0641a69:0x2910c,2423
v1,1791230920086337,UNSAT,196,10728d70e0641a69:0x2919f,2619
v1,1791230920087160,SAT,488,10728d70e0641a69:0x2919f,3107
v1,1791230920089647,UNSAT,165,10728d70e0641a69:0x291e6,3272
v1,1791230920090386,SAT,481,10728d70e0641a69:0x291e6,3753
v1,1791230920093132,UNSAT,176,10728d70e0641a69:0x29277,3929
v1,1791230920093855,SAT,444,10728d70e0641a69:0x29277,4373
v1,1791230920096616,UNSAT,187,10728d70e0641a69:0x292be,4560
v1,1791230920097294,SAT,404,10728d70e0641a69:0x292be,4964
v1,1791230920100130,UNSAT,169,10728d70e0641a69:0x2934c,5133
v1,1791230920100914,SAT,525,10728d70e0641a69:0x2934c,5658
v1,1791230920104314,UNSAT,201,10728d70e0641a69:0x29394,5859
v1,1791230920105052,SAT,455,10728d70e0641a69:0x29394,6314
v1,1791230920695060,UNSAT,220,10728d70e0641a69:0x783b7,6534
v1,1791230920695566,SAT,171,10728d70e0641a69:0x783b7,6705
v1,1791230920723849,UNSAT,219,10728d70e0641a69:0x7782e,6924
v1,1791230920724486,UNSAT,321,10728d70e0641a69:0x7782e,7245
v1,1791230920748242,UNSAT,224,10728d70e0641a69:0x77834,7469
v1,1791230920749634,SAT,1058,10728d70e0641a69:0x77834,8527
v1,1791230920779269,UNSAT,226,10728d70e0641a69:0x783e9,8753
v1,1791230920779753,UNSAT,146,10728d70e0641a69:0x783e9,8899
v1,1791230925887512,UNSAT,222,10728d70e0641a69:0x2919f,222
v1,1791230925888676,SAT,654,10728d70e0641a69:0x2919f,876
v1,1791230925894821,UNSAT,225,10728d70e0641a69:0x291e6,1101
v1,1791230925895496,SAT,409,10728d70e0641a69:0x291e6,1510
v1,1791230925899183,UNSAT,174,10728d70e0641a69:0x291e6,1684
v1,1791230925900614,UNSAT,161,10728d70e0641a69:0x291e6,1845
v1,1791230925908677,UNSAT,195,10728d70e0641a69:0x29277,2040
v1,1791230925909403,SAT,448,10728d70e0641a69:0x29277,2488
v1,1791230925912799,UNSAT,188,10728d70e0641a69:0x29277,2676
v1,1791230925914735,UNSAT,165,10728d70e0641a69:0x29277,2841
v1,1791230925922871,UNSAT,196,10728d70e0641a69:0x2934c,3037
v1,1791230925923614,SAT,465,10728d70e0641a69:0x2934c,3502
v1,1791230925927411,UNSAT,182,10728d70e0641a69:0x2934c,3684
v1,1791230925929466,UNSAT,156,10728d70e0641a69:0x2934c,3840
v1,1791230931911483,UNSAT,242,10728d70e0641a69:0x3ebaa,242
v1,1791230931912714,SAT,727,10728d70e0641a69:0x3ebaa,969
v1,1791230931936422,UNSAT,197,10728d70e0641a69:0x290c3,1166
v1,1791230931937153,SAT,441,10728d70e0641a69:0x290c3,1607
v1,1791230931939471,UNSAT,187,10728d70e0641a69:0x2910c,1794
v1,1791230931940229,SAT,475,10728d70e0641a69:0x2910c,2269
v1,1791230931942657,UNSAT,188,10728d70e0641a69:0x2919f,2457
v1,1791230931943379,SAT,451,10728d70e0641a69:0x2919f,2908
v1,1791230931945734,UNSAT,180,10728d70e0641a69:0x291e6,3088
v1,1791230931946392,SAT,384,10728d70e0641a69:0x291e6,3472
v1,1791230931949219,UNSAT,194,10728d70e0641a69:0x29277,3666
v1,1791230931949996,SAT,460,10728d70e0641a69:0x29277,4126
v1,1791230931952686,UNSAT,187,10728d70e0641a69:0x292be,4313
v1,1791230931953385,SAT,427,10728d70e0641a69:0x292be,4740
v1,1791230931956102,UNSAT,184,10728d70e0641a69:0x2934c,4924
v1,1791230931956841,SAT,455,10728d70e0641a69:0x2934c,5379
v1,1791230931959736,UNSAT,193,10728d70e0641a69:0x29394,5572
v1,1791230931960451,SAT,426,10728d70e0641a69:0x29394,5998
v1,1791230932562366,UNSAT,228,10728d70e0641a69:0x783b7,6226
v1,1791230932562845,SAT,156,10728d70e0641a69:0x783b7,6382
v1,1791230932593581,UNSAT,219,10728d70e0641a69:0x7782e,6601
v1,1791230932594187,UNSAT,299,10728d70e0641a69:0x7782e,6900
v1,1791230932622045,UNSAT,222,10728d70e0641a69:0x783e9,7122
v1,1791230932622532,UNSAT,156,10728d70e0641a69:0x783e9,7278
v1,1791230938436671,UNSAT,290,10728d70e0641a69:0x3eb66,290
v1,1791230938438036,SAT,649,10728d70e0641a69:0x3eb66,939
v1,1791230938461661,UNSAT,190,10728d70e0641a69:0x290c3,1129
v1,1791230938462394,SAT,460,10728d70e0641a69:0x290c3,1589
v1,1791230938464742,UNSAT,181,10728d70e0641a69:0x2910c,1770
v1,1791230938465476,SAT,471,10728d70e0641a69:0x2910c,2241
v1,1791230938468074,UNSAT,175,10728d70e0641a69:0x2919f,2416
v1,1791230938468828,SAT,469,10728d70e0641a69:0x2919f,2885
v1,1791230938472133,UNSAT,252,10728d70e0641a69:0x291e6,3137
v1,1791230938472975,SAT,416,10728d70e0641a69:0x291e6,3553
v1,1791230938475500,UNSAT,191,10728d70e0641a69:0x29277,3744
v1,1791230938476254,SAT,482,10728d70e0641a69:0x29277,4226
v1,1791230938479421,UNSAT,198,10728d70e0641a69:0x292be,4424
v1,1791230938480116,SAT,412,10728d70e0641a69:0x292be,4836
v1,1791230938482996,UNSAT,179,10728d70e0641a69:0x2934c,5015
v1,1791230938483734,SAT,468,10728d70e0641a69:0x2934c,5483
v1,1791230938486500,UNSAT,181,10728d70e0641a69:0x29394,5664
v1,1791230938487200,SAT,397,10728d70e0641a69:0x29394,6061
v1,1791230939091436,UNSAT,220,10728d70e0641a69:0x783b7,6281
v1,1791230939091904,SAT,152,10728d70e0641a69:0x783b7,6433
v1,1791230939120254,UNSAT,223,10728d70e0641a69:0x7782e,6656
v1,1791230939120882,UNSAT,305,10728d70e0641a69:0x7782e,6961
v1,1791230939140618,UNSAT,265,10728d70e0641a69:0x77834,7226
v1,1791230939142044,SAT,1043,10728d70e0641a69:0x77834,8269
v1,1791230939166318,UNSAT,222,10728d70e0641a69:0x783e9,8491
v1,1791230939166783,UNSAT,140,10728d70e0641a69:0x783e9,8631
v1,1791230945117035,UNSAT,226,10728d70e0641a69:0x3eade,226
v1,1791230945118656,SAT,1114,10728d70e0641a69:0x3eade,1340
v1,1791230945142524,UNSAT,210,10728d70e0641a69:0x290c3,1550
v1,1791230945143395,SAT,532,10728d70e0641a69:0x290c3,2082
v1,1791230952386234,UNSAT,300,10728d70e0641a69:0x3ea56,300
v1,1791230952387324,SAT,612,10728d70e0641a69:0x3ea56,912
v1,1791230952410640,UNSAT,182,10728d70e0641a69:0x290c3,1094
v1,1791230952411458,SAT,518,10728d70e0641a69:0x290c3,1612
v1,1791230952413983,UNSAT,195,10728d70e0641a69:0x2910c,1807
v1,1791230952414780,SAT,487,10728d70e0641a69:0x2910c,2294
v1,1791230952417107,UNSAT,192,10728d70e0641a69:0x2919f,2486
v1,1791230952417826,SAT,453,10728d70e0641a69:0x2919f,2939
v1,1791230952421113,UNSAT,727,10728d70e0641a69:0x291e6,3666
v1,1791230952421849,SAT,402,10728d70e0641a69:0x291e6,4068
v1,1791230952424156,UNSAT,176,10728d70e0641a69:0x29277,4244
v1,1791230952424862,SAT,437,10728d70e0641a69:0x29277,4681
v1,1791230952427102,UNSAT,164,10728d70e0641a69:0x292be,4845
v1,1791230952427754,SAT,387,10728d70e0641a69:0x292be,5232
v1,1791230952430669,UNSAT,178,10728d70e0641a69:0x2934c,5410
v1,1791230952431432,SAT,482,10728d70e0641a69:0x2934c,5892
v1,1791230952434016,UNSAT,175,10728d70e0641a69:0x29394,6067
v1,1791230952434682,SAT,395,10728d70e0641a69:0x29394,6462
v1,1791230953027416,UNSAT,333,10728d70e0641a69:0x783b7,6795
v1,1791230953028004,SAT,183,10728d70e0641a69:0x783b7,6978
v1,1791230953056643,UNSAT,220,10728d70e0641a69:0x7782e,7198
v1,1791230953057284,UNSAT,316,10728d70e0641a69:0x7782e,7514
v1,1791230953082876,UNSAT,215,10728d70e0641a69:0x77834,7729
v1,1791230953084421,SAT,1222,10728d70e0641a69:0x77834,8951
v1,1791230953111488,UNSAT,234,10728d70e0641a69:0x783e9,9185
v1,1791230953111965,UNSAT,142,10728d70e0641a69:0x783e9,9327
v1,1791230959046732,SAT,668,10728d70e0641a69:0x6cd2,668
v1,1791230959055842,UNSAT,205,10728d70e0641a69:0xa856e,873
v1,1791230959056635,SAT,511,10728d70e0641a69:0xa856e,1384
v1,1791230959067639,UNSAT,210,10728d70e0641a69:0xa86d8,1594
v1,1791230959068081,UNSAT,150,10728d70e0641a69:0xa86d8,1744
v1,1791230959076083,UNSAT,249,10728d70e0641a69:0xa875f,1993
v1,1791230959076517,UNSAT,144,10728d70e0641a69:0xa875f,2137
v1,1791230959080289,UNSAT,194,10728d70e0641a69:0xa877c,2331
v1,1791230959080684,UNSAT,136,10728d70e0641a69:0xa877c,2467
v1,1791230959083107,UNSAT,183,10728d70e0641a69:0xa8783,2650
v1,1791230959083517,UNSAT,142,10728d70e0641a69:0xa8783,2792
v1,1791230959088291,UNSAT,200,10728d70e0641a69:0x3e5dd,2992
v1,1791230959089030,SAT,468,10728d70e0641a69:0x3e5dd,3460
v1,1791230959708456,UNSAT,222,10728d70e0641a69:0x783b7,3682
v1,1791230959708940,SAT,161,10728d70e0641a69:0x783b7,3843
v1,1791230959737021,UNSAT,219,10728d70e0641a69:0x7782e,4062
v1,1791230959737699,UNSAT,371,10728d70e0641a69:0x7782e,4433
v1,1791230959761763,UNSAT,214,10728d70e0641a69:0x77834,4647
v1,1791230959763150,SAT,1073,10728d70e0641a69:0x77834,5720
v1,1791230959789729,UNSAT,219,10728d70e0641a69:0x783e9,5939
v1,1791230959790219,UNSAT,159,10728d70e0641a69:0x783e9,6098
v1,1791230965755076,UNSAT,241,10728d70e0641a69:0xa8362,241
v1,1791230965756240,SAT,629,10728d70e0641a69:0xa8362,870
v1,1791230965776458,UNSAT,213,10728d70e0641a69:0x290c3,1083
v1,1791230965777135,SAT,404,10728d70e0641a69:0x290c3,1487
v1,1791230965783360,UNSAT,213,10728d70e0641a69:0x2910c,1700
v1,1791230965784116,SAT,461,10728d70e0641a69:0x2910c,2161
v1,1791230965787201,UNSAT,184,10728d70e0641a69:0x2910c,2345
v1,1791230965789049,UNSAT,173,10728d70e0641a69:0x2910c,2518
v1,1791230965796696,UNSAT,220,10728d70e0641a69:0x2919f,2738
v1,1791230965797497,SAT,476,10728d70e0641a69:0x2919f,3214
v1,1791230965801417,UNSAT,193,10728d70e0641a69:0x2919f,3407
v1,1791230965803110,UNSAT,164,10728d70e0641a69:0x2919f,3571
v1,1791230965811395,UNSAT,199,10728d70e0641a69:0x29277,3770
v1,1791230965812133,SAT,468,10728d70e0641a69:0x29277,4238
v1,1791230965818699,UNSAT,181,10728d70e0641a69:0x292be,4419
v1,1791230965819370,SAT,396,10728d70e0641a69:0x292be,4815
v1,1791230965829388,UNSAT,207,10728d70e0641a69:0x2934c,5022
v1,1791230965830148,SAT,480,10728d70e0641a69:0x2934c,5502
v1,1791230965836473,UNSAT,185,10728d70e0641a69:0x29394,5687
v1,1791230965837165,SAT,416,10728d70e0641a69:0x29394,6103
v1,1791230972691269,UNSAT,261,10728d70e0641a69:0xa82d2,261
v1,1791230972692470,SAT,679,10728d70e0641a69:0xa82d2,940
v1,1791230972712829,UNSAT,203,10728d70e0641a69:0x290c3,1143
v1,1791230972713779,SAT,497,10728d70e0641a69:0x290c3,1640
v1,1791230972720424,UNSAT,231,10728d70e0641a69:0x2910c,1871
v1,1791230972721300,SAT,529,10728d70e0641a69:0x2910c,2400
v1,1791230972724386,UNSAT,198,10728d70e0641a69:0x2910c,2598
v1,1791230972726176,UNSAT,174,10728d70e0641a69:0x2910c,2772
v1,1791230972733672,UNSAT,197,10728d70e0641a69:0x2919f,2969
v1,1791230972734436,SAT,484,10728d70e0641a69:0x2919f,3453
v1,1791230972738357,UNSAT,196,10728d70e0641a69:0x2919f,3649
v1,1791230972739956,UNSAT,155,10728d70e0641a69:0x2919f,3804
v1,1791230972748248,UNSAT,199,10728d70e0641a69:0x29277,4003
v1,1791230972749141,SAT,492,10728d70e0641a69:0x29277,4495
v1,1791230972752660,UNSAT,176,10728d70e0641a69:0x29277,4671
v1,1791230972754792,UNSAT,176,10728d70e0641a69:0x29277,4847
v1,1791230972763265,UNSAT,241,10728d70e0641a69:0x2934c,5088
v1,1791230972764046,SAT,470,10728d70e0641a69:0x2934c,5558
v1,1791230972770883,UNSAT,199,10728d70e0641a69:0x29394,5757
v1,1791230972771588,SAT,423,10728d70e0641a69:0x29394,6180
v1,1791230980013980,UNSAT,263,10728d70e0641a69:0x3ecfe,263
v1,1791230980014680,SAT,207,10728d70e0641a69:0x3ecfe,470
v1,1791230980022013,UNSAT,201,10728d70e0641a69:0x3ed42,671
v1,1791230980022537,SAT,178,10728d70e0641a69:0x3ed42,849
v1,1791230980030668,UNSAT,211,10728d70e0641a69:0x3ed86,1060
v1,1791230980031117,SAT,170,10728d70e0641a69:0x3ed86,1230
v1,1791230980040035,UNSAT,239,10728d70e0641a69:0x3edca,1469
v1,1791230980040486,SAT,162,10728d70e0641a69:0x3edca,1631
v1,1791230980054466,UNSAT,211,10728d70e0641a69:0x3ee0e,1842
v1,1791230980054918,SAT,157,10728d70e0641a69:0x3ee0e,1999
v1,1791230980066139,UNSAT,205,10728d70e0641a69:0x3ee52,2204
v1,1791230980066608,SAT,164,10728d70e0641a69:0x3ee52,2368
v1,1791230980078027,UNSAT,212,10728d70e0641a69:0x3ee96,2580
v1,1791230980078480,SAT,163,10728d70e0641a69:0x3ee96,2743
v1,1791230980091127,UNSAT,213,10728d70e0641a69:0x3eeda,2956
v1,1791230980091591,SAT,166,10728d70e0641a69:0x3eeda,3122
v1,1791230980105725,UNSAT,211,10728d70e0641a69:0xa897f,3333
v1,1791230980106178,SAT,163,10728d70e0641a69:0xa897f,3496
v1,1791230980117350,UNSAT,211,10728d70e0641a69:0xa8a0f,3707
v1,1791230980118255,SAT,618,10728d70e0641a69:0xa8a0f,4325
v1,1791230980125324,UNSAT,213,10728d70e0641a69:0xa904a,4538
v1,1791230980126127,SAT,500,10728d70e0641a69:0xa904a,5038
v1,1791230980134463,UNSAT,209,10728d70e0641a69:0x6e1b4,5247
v1,1791230980134913,SAT,160,10728d70e0641a69:0x6e1b4,5407
v1,1791230980163645,UNSAT,222,10728d70e0641a69:0x7b733,5629
v1,1791230980166170,SAT,2200,10728d70e0641a69:0x7b733,7829
v1,1791230980205049,UNSAT,227,10728d70e0641a69:0x7b746,8056
v1,1791230980205850,SAT,429,10728d70e0641a69:0x7b746,8485
v1,1791230980239621,UNSAT,232,10728d70e0641a69:0x7b74f,8717
v1,1791230980240156,SAT,192,10728d70e0641a69:0x7b74f,8909
v1,1791230980275710,UNSAT,225,10728d70e0641a69:0x7b74f,9134
v1,1791230980315158,UNSAT,230,10728d70e0641a69:0x7b76c,9364
v1,1791230980316021,SAT,554,10728d70e0641a69:0x7b76c,9918
v1,1791230980350018,UNSAT,223,10728d70e0641a69:0x7b782,10141
v1,1791230980350503,UNSAT,146,10728d70e0641a69:0x7b782,10287
v1,1791230980390275,UNSAT,227,10728d70e0641a69:0x6e283,10514
v1,1791230980390725,UNSAT,135,10728d70e0641a69:0x6e283,10649
v1,1791230980424126,UNSAT,226,10728d70e0641a69:0x5db32,10875
v1,1791230980424602,UNSAT,147,10728d70e0641a69:0x5db32,11022
v1,1791230980461286,UNSAT,227,10728d70e0641a69:0x6d9b,11249
v1,1791230980461802,SAT,180,10728d70e0641a69:0x6d9b,11429
v1,1791230980502414,UNSAT,234,10728d70e0641a69:0x6dee,11663
v1,1791230980502912,SAT,165,10728d70e0641a69:0x6dee,11828
v1,1791230980539832,UNSAT,223,10728d70e0641a69:0x1167a4,12051
v1,1791230980540689,SAT,519,10728d70e0641a69:0x1167a4,12570
v1,1791230980580615,UNSAT,235,10728d70e0641a69:0x116947,12805
v1,1791230980581113,SAT,163,10728d70e0641a69:0x116947,12968
v1,1791230980613332,UNSAT,225,10728d70e0641a69:0x116947,13193
v1,1791230980650740,UNSAT,220,10728d70e0641a69:0x1169b7,13413
v1,1791230980651563,SAT,515,10728d70e0641a69:0x1169b7,13928
v1,1791230980690896,UNSAT,223,10728d70e0641a69:0x6e7d,14151
v1,1791230980691374,UNSAT,153,10728d70e0641a69:0x6e7d,14304
v1,1791230980725983,UNSAT,219,10728d70e0641a69:0xa93cd,14523
v1,1791230980726813,SAT,486,10728d70e0641a69:0xa93cd,15009
v1,1791230980768461,UNSAT,239,10728d70e0641a69:0x7b733,15248
v1,1791230980773690,SAT,4881,10728d70e0641a69:0x7b733,20129
v1,1791230980806783,UNSAT,222,10728d70e0641a69:0xa94e7,20351
v1,1791230980807379,SAT,269,10728d70e0641a69:0xa94e7,20620
v1,1791230980845752,UNSAT,226,10728d70e0641a69:0xa9539,20846
v1,1791230980846677,SAT,550,10728d70e0641a69:0xa9539,21396
v1,1791230980886373,UNSAT,227,10728d70e0641a69:0x290c3,21623
v1,1791230980887203,SAT,487,10728d70e0641a69:0x290c3,22110
v1,1791230980922769,UNSAT,221,10728d70e0641a69:0x2910c,22331
v1,1791230980923665,SAT,572,10728d70e0641a69:0x2910c,22903
v1,1791230980965388,UNSAT,279,10728d70e0641a69:0x2919f,23182
v1,1791230980966308,SAT,557,10728d70e0641a69:0x2919f,23739
v1,1791230981000245,UNSAT,216,10728d70e0641a69:0x291e6,23955
v1,1791230981001070,SAT,491,10728d70e0641a69:0x291e6,24446
v1,1791230981041477,UNSAT,232,10728d70e0641a69:0x29277,24678
v1,1791230981042449,SAT,631,10728d70e0641a69:0x29277,25309
v1,1791230981080858,UNSAT,256,10728d70e0641a69:0x292be,25565
v1,1791230981081720,SAT,482,10728d70e0641a69:0x292be,26047
v1,1791230981118416,UNSAT,220,10728d70e0641a69:0x2934c,26267
v1,1791230981119292,SAT,547,10728d70e0641a69:0x2934c,26814
v1,1791230981160727,UNSAT,231,10728d70e0641a69:0x29394,27045
v1,1791230981161547,SAT,483,10728d70e0641a69:0x29394,27528
v1,1791230981195227,UNSAT,223,10728d70e0641a69:0x2e2bf,27751
v1,1791230981195731,SAT,163,10728d70e0641a69:0x2e2bf,27914
v1,1791230981236814,UNSAT,233,10728d70e0641a69:0xb998f,28147
v1,1791230981237669,SAT,528,10728d70e0641a69:0xb998f,28675
v1,1791230981273727,UNSAT,229,10728d70e0641a69:0x7b73b,28904
v1,1791230981282121,SAT,8059,10728d70e0641a69:0x7b73b,36963
v1,1791230981319527,UNSAT,235,10728d70e0641a69:0x7b73b,37198
v1,1791230981358696,UNSAT,225,10728d70e0641a69:0x7b73b,37423
v1,1791230981392604,UNSAT,211,10728d70e0641a69:0x7b73b,37634
v1,1791230981432564,UNSAT,222,10728d70e0641a69:0x7b73b,37856
v1,1791230981436369,SAT,727,10728d70e0641a69:0xa817c,38583
v1,1791230981441992,SAT,577,10728d70e0641a69:0x115a2d,39160
v1,1791230981442940,UNSAT,164,10728d70e0641a69:0x115a2d,39324
v1,1791230981443695,UNSAT,149,10728d70e0641a69:0x115a2d,39473
v1,1791230981444400,UNSAT,158,10728d70e0641a69:0x115a2d,39631
v1,1791230981445090,UNSAT,136,10728d70e0641a69:0x115a2d,39767
v1,1791230981446830,UNSAT,168,10728d70e0641a69:0xa85ea,39935
v1,1791230981447649,SAT,552,10728d70e0641a69:0xa85ea,40487
v1,1791230982066132,UNSAT,233,10728d70e0641a69:0x783b7,40720
v1,1791230982070602,SAT,4124,10728d70e0641a69:0x783b7,44844
v1,1791230982117287,UNSAT,233,10728d70e0641a69:0x7782e,45077
v1,1791230982118114,UNSAT,494,10728d70e0641a69:0x7782e,45571
v1,1791230982164217,UNSAT,227,10728d70e0641a69:0x77834,45798
v1,1791230982168233,SAT,3662,10728d70e0641a69:0x77834,49460
v1,1791230982208409,UNSAT,227,10728d70e0641a69:0x783e9,49687
v1,1791230982213519,UNSAT,4762,10728d70e0641a69:0x783e9,54449
v1,1791230988348220,UNSAT,236,10728d70e0641a69:0x3eb66,236
v1,1791230988349383,SAT,661,10728d70e0641a69:0x3eb66,897
v1,1791230988373524,UNSAT,234,10728d70e0641a69:0xa897f,1131
v1,1791230988374025,SAT,185,10728d70e0641a69:0xa897f,1316
v1,1791230988389222,UNSAT,274,10728d70e0641a69:0xa8a0f,1590
v1,1791230988390099,SAT,511,10728d70e0641a69:0xa8a0f,2101
v1,1791230988397326,UNSAT,216,10728d70e0641a69:0xa904a,2317
v1,1791230988398074,SAT,458,10728d70e0641a69:0xa904a,2775
v1,1791230988402522,UNSAT,211,10728d70e0641a69:0x6e1b4,2986
v1,1791230988402978,SAT,168,10728d70e0641a69:0x6e1b4,3154
v1,1791230988405587,UNSAT,211,10728d70e0641a69:0x7b73b,3365
v1,1791230988406398,SAT,495,10728d70e0641a69:0x7b73b,3860
v1,1791230988409001,UNSAT,204,10728d70e0641a69:0x7b746,4064
v1,1791230988409768,SAT,467,10728d70e0641a69:0x7b746,4531
v1,1791230988412416,UNSAT,180,10728d70e0641a69:0x7b74f,4711
v1,1791230988412850,SAT,163,10728d70e0641a69:0x7b74f,4874
v1,1791230988415603,UNSAT,182,10728d70e0641a69:0x7b76c,5056
v1,1791230988416339,SAT,452,10728d70e0641a69:0x7b76c,5508
v1,1791230988419269,UNSAT,192,10728d70e0641a69:0x7b782,5700
v1,1791230988419708,UNSAT,142,10728d70e0641a69:0x7b782,5842
v1,1791230988422354,UNSAT,192,10728d70e0641a69:0x6e283,6034
v1,1791230988422766,UNSAT,137,10728d70e0641a69:0x6e283,6171
v1,1791230988425453,UNSAT,177,10728d70e0641a69:0x5db32,6348
v1,1791230988425843,UNSAT,133,10728d70e0641a69:0x5db32,6481
v1,1791230988431164,UNSAT,276,10728d70e0641a69:0x6cd2,6757
v1,1791230988432160,SAT,476,10728d70e0641a69:0x6cd2,7233
v1,1791230988435776,UNSAT,189,10728d70e0641a69:0x6d9b,7422
v1,1791230988436230,SAT,166,10728d70e0641a69:0x6d9b,7588
v1,1791230988440338,UNSAT,207,10728d70e0641a69:0x6dee,7795
v1,1791230988440788,SAT,160,10728d70e0641a69:0x6dee,7955
v1,1791230988445804,UNSAT,294,10728d70e0641a69:0x1167a4,8249
v1,1791230988446697,SAT,508,10728d70e0641a69:0x1167a4,8757
v1,1791230988449964,UNSAT,182,10728d70e0641a69:0x116947,8939
v1,1791230988450407,SAT,173,10728d70e0641a69:0x116947,9112
v1,1791230988453284,UNSAT,255,10728d70e0641a69:0x116947,9367
v1,1791230988456768,UNSAT,177,10728d70e0641a69:0x1169b7,9544
v1,1791230988457563,SAT,500,10728d70e0641a69:0x1169b7,10044
v1,1791230988461378,UNSAT,188,10728d70e0641a69:0x6e7d,10232
v1,1791230988461775,UNSAT,134,10728d70e0641a69:0x6e7d,10366
v1,1791230988470144,UNSAT,257,10728d70e0641a69:0xa93cd,10623
v1,1791230988470950,SAT,479,10728d70e0641a69:0xa93cd,11102
v1,1791230988487003,UNSAT,226,10728d70e0641a69:0x7b733,11328
v1,1791230988488142,SAT,847,10728d70e0641a69:0x7b733,12175
v1,1791230988491914,UNSAT,205,10728d70e0641a69:0x7b73b,12380
v1,1791230988494861,SAT,2664,10728d70e0641a69:0x7b73b,15044
v1,1791230988498076,UNSAT,177,10728d70e0641a69:0x7b73b,15221
v1,1791230988501195,UNSAT,171,10728d70e0641a69:0x7b73b,15392
v1,1791230988504251,UNSAT,167,10728d70e0641a69:0x7b73b,15559
v1,1791230988507369,UNSAT,169,10728d70e0641a69:0x7b73b,15728
v1,1791230988519383,UNSAT,223,10728d70e0641a69:0xa9539,15951
v1,1791230988520244,SAT,574,10728d70e0641a69:0xa9539,16525
v1,1791230988642642,UNSAT,212,10728d70e0641a69:0x2e2bf,16737
v1,1791230988643089,SAT,153,10728d70e0641a69:0x2e2bf,16890
v1,1791230988936888,UNSAT,209,10728d70e0641a69:0x2fde4,17099
v1,1791230988937337,SAT,167,10728d70e0641a69:0x2fde4,17266
v1,1791230988974109,SAT,593,10728d70e0641a69:0xa817c,17859
v1,1791230989590945,UNSAT,242,10728d70e0641a69:0x783b7,18101
v1,1791230989591451,SAT,166,10728d70e0641a69:0x783b7,18267
v1,1791230989609288,UNSAT,224,10728d70e0641a69:0x7782e,18491
v1,1791230989609921,UNSAT,321,10728d70e0641a69:0x7782e,18812
v1,1791230989620468,UNSAT,230,10728d70e0641a69:0x77834,19042
v1,1791230989622640,SAT,1721,10728d70e0641a69:0x77834,20763
v1,1791230989636157,UNSAT,208,10728d70e0641a69:0x783e9,20971
v1,1791230989636620,UNSAT,139,10728d70e0641a69:0x783e9,21110
v1,1791231008009914,UNSAT,237,10728d70e0641a69:0x3ecfe,237
v1,1791231008010627,SAT,213,10728d70e0641a69:0x3ecfe,450
v1,1791231008021938,UNSAT,196,10728d70e0641a69:0x3ed42,646
v1,1791231008022375,SAT,154,10728d70e0641a69:0x3ed42,800
v1,1791231008033938,UNSAT,201,10728d70e0641a69:0x3ed86,1001
v1,1791231008034851,SAT,631,10728d70e0641a69:0x3ed86,1632
v1,1791231008080396,UNSAT,232,10728d70e0641a69:0x3c23b,1864
v1,1791231008080919,SAT,174,10728d70e0641a69:0x3c23b,2038
v1,1791231008090704,UNSAT,203,10728d70e0641a69:0x81b84,2241
v1,1791231008091314,UNSAT,324,10728d70e0641a69:0x81b84,2565
v1,1791231008101697,UNSAT,239,10728d70e0641a69:0x81bb5,2804
v1,1791231008103418,SAT,1438,10728d70e0641a69:0x81bb5,4242
v1,1791231008142357,UNSAT,223,10728d70e0641a69:0x8f258,4465
v1,1791231008143376,SAT,689,10728d70e0641a69:0x8f258,5154
v1,1791231008156158,UNSAT,211,10728d70e0641a69:0x8f25e,5365
v1,1791231008157149,SAT,656,10728d70e0641a69:0x8f25e,6021
v1,1791231008171919,UNSAT,210,10728d70e0641a69:0x8f2f6,6231
v1,1791231008172741,SAT,515,10728d70e0641a69:0x8f2f6,6746
v1,1791231008187534,UNSAT,221,10728d70e0641a69:0x8f2fb,6967
v1,1791231008188389,SAT,538,10728d70e0641a69:0x8f2fb,7505
v1,1791231008204296,UNSAT,214,10728d70e0641a69:0x8f300,7719
v1,1791231008205063,SAT,453,10728d70e0641a69:0x8f300,8172
v1,1791231008222036,UNSAT,211,10728d70e0641a69:0x8f307,8383
v1,1791231008222838,SAT,474,10728d70e0641a69:0x8f307,8857
v1,1791231008239577,UNSAT,217,10728d70e0641a69:0x8f307,9074
v1,1791231008263455,UNSAT,225,10728d70e0641a69:0x6e1b4,9299
v1,1791231008263908,SAT,156,10728d70e0641a69:0x6e1b4,9455
v1,1791231008283061,UNSAT,213,10728d70e0641a69:0x7b73b,9668
v1,1791231008283905,SAT,510,10728d70e0641a69:0x7b73b,10178
v1,1791231008295086,UNSAT,216,10728d70e0641a69:0x7b746,10394
v1,1791231008295827,SAT,404,10728d70e0641a69:0x7b746,10798
v1,1791231008308212,UNSAT,218,10728d70e0641a69:0x7b74f,11016
v1,1791231008308700,SAT,161,10728d70e0641a69:0x7b74f,11177
v1,1791231008326620,UNSAT,463,10728d70e0641a69:0x7b76c,11640
v1,1791231008327884,SAT,744,10728d70e0641a69:0x7b76c,12384
v1,1791231008346267,UNSAT,220,10728d70e0641a69:0x7b782,12604
v1,1791231008346712,UNSAT,140,10728d70e0641a69:0x7b782,12744
v1,1791231008362597,UNSAT,212,10728d70e0641a69:0x6e283,12956
v1,1791231008363040,UNSAT,138,10728d70e0641a69:0x6e283,13094
v1,1791231008379008,UNSAT,230,10728d70e0641a69:0x5db32,13324
v1,1791231008379476,UNSAT,149,10728d70e0641a69:0x5db32,13473
v1,1791231008398845,UNSAT,217,10728d70e0641a69:0x6cd2,13690
v1,1791231008399649,SAT,493,10728d70e0641a69:0x6cd2,14183
v1,1791231008419912,UNSAT,786,10728d70e0641a69:0x6d9b,14969
v1,1791231008420460,SAT,177,10728d70e0641a69:0x6d9b,15146
v1,1791231008439855,UNSAT,292,10728d70e0641a69:0x6dee,15438
v1,1791231008440337,SAT,169,10728d70e0641a69:0x6dee,15607
v1,1791231008461762,UNSAT,212,10728d70e0641a69:0x115a2d,15819
v1,1791231008462204,SAT,132,10728d70e0641a69:0x115a2d,15951
v1,1791231008474564,UNSAT,218,10728d70e0641a69:0x1167a4,16169
v1,1791231008475410,SAT,514,10728d70e0641a69:0x1167a4,16683
v1,1791231008488261,UNSAT,224,10728d70e0641a69:0x116947,16907
v1,1791231008488745,SAT,161,10728d70e0641a69:0x116947,17068
v1,1791231008501627,UNSAT,217,10728d70e0641a69:0x116947,17285
v1,1791231008516678,UNSAT,217,10728d70e0641a69:0x1169b7,17502
v1,1791231008517469,SAT,496,10728d70e0641a69:0x1169b7,17998
v1,1791231008533565,UNSAT,219,10728d70e0641a69:0x6e7d,18217
v1,1791231008534043,UNSAT,149,10728d70e0641a69:0x6e7d,18366
v1,1791231008552487,UNSAT,213,10728d70e0641a69:0xa6db7,18579
v1,1791231008553303,SAT,509,10728d70e0641a69:0xa6db7,19088
v1,1791231008570965,UNSAT,220,10728d70e0641a69:0x7b733,19308
v1,1791231008572126,SAT,843,10728d70e0641a69:0x7b733,20151
v1,1791231008591809,UNSAT,217,10728d70e0641a69:0xa6ec6,20368
v1,1791231008592295,SAT,171,10728d70e0641a69:0xa6ec6,20539
v1,1791231008616519,UNSAT,306,10728d70e0641a69:0xa6f12,20845
v1,1791231008617403,SAT,491,10728d70e0641a69:0xa6f12,21336
v1,1791231008658470,UNSAT,308,10728d70e0641a69:0x290c3,21644
v1,1791231008659351,SAT,557,10728d70e0641a69:0x290c3,22201
v1,1791231008679270,UNSAT,222,10728d70e0641a69:0x2910c,22423
v1,1791231008680146,SAT,542,10728d70e0641a69:0x2910c,22965
v1,1791231008702828,UNSAT,211,10728d70e0641a69:0x2919f,23176
v1,1791231008703658,SAT,503,10728d70e0641a69:0x2919f,23679
v1,1791231008722374,UNSAT,250,10728d70e0641a69:0x291e6,23929
v1,1791231008723151,SAT,442,10728d70e0641a69:0x291e6,24371
v1,1791231008746813,UNSAT,218,10728d70e0641a69:0x29277,24589
v1,1791231008747644,SAT,511,10728d70e0641a69:0x29277,25100
v1,1791231008770118,UNSAT,210,10728d70e0641a69:0x292be,25310
v1,1791231008770861,SAT,425,10728d70e0641a69:0x292be,25735
v1,1791231008796506,UNSAT,231,10728d70e0641a69:0x2934c,25966
v1,1791231008797328,SAT,495,10728d70e0641a69:0x2934c,26461
v1,1791231008820096,UNSAT,243,10728d70e0641a69:0x29394,26704
v1,1791231008821045,SAT,528,10728d70e0641a69:0x29394,27232
v1,1791231008897663,UNSAT,217,10728d70e0641a69:0x2e2bf,27449
v1,1791231008898138,SAT,161,10728d70e0641a69:0x2e2bf,27610
v1,1791231009194835,UNSAT,234,10728d70e0641a69:0x7b733,27844
v1,1791231009196137,SAT,915,10728d70e0641a69:0x7b733,28759
v1,1791231009212653,UNSAT,225,10728d70e0641a69:0x7b73b,28984
v1,1791231009215675,SAT,2694,10728d70e0641a69:0x7b73b,31678
v1,1791231009232432,UNSAT,308,10728d70e0641a69:0x7b73b,31986
v1,1791231009251328,UNSAT,230,10728d70e0641a69:0x7b73b,32216
v1,1791231009269827,UNSAT,218,10728d70e0641a69:0x7b73b,32434
v1,1791231009288948,UNSAT,231,10728d70e0641a69:0x7b73b,32665
v1,1791231009290955,SAT,548,10728d70e0641a69:0xa817c,33213
v1,1791231009900848,UNSAT,216,10728d70e0641a69:0x783b7,33429
v1,1791231009901341,SAT,169,10728d70e0641a69:0x783b7,33598
v1,1791231009928750,UNSAT,221,10728d70e0641a69:0x7782e,33819
v1,1791231009929412,UNSAT,324,10728d70e0641a69:0x7782e,34143
v1,1791231009951108,UNSAT,218,10728d70e0641a69:0x77834,34361
v1,1791231009952690,SAT,1213,10728d70e0641a69:0x77834,35574
v1,1791231009975515,UNSAT,220,10728d70e0641a69:0x783e9,35794
v1,1791231009976001,UNSAT,143,10728d70e0641a69:0x783e9,35937
v1,1791231014986618,UNSAT,229,10728d70e0641a69:0x3eb22,229
v1,1791231014987370,SAT,239,10728d70e0641a69:0x3eb22,468
v1,1791231014995526,UNSAT,208,10728d70e0641a69:0x3eb66,676
v1,1791231014995981,SAT,168,10728d70e0641a69:0x3eb66,844
v1,1791231015004095,UNSAT,192,10728d70e0641a69:0x3ebaa,1036
v1,1791231015004529,SAT,164,10728d70e0641a69:0x3ebaa,1200
v1,1791231015012752,UNSAT,199,10728d70e0641a69:0x3ebee,1399
v1,1791231015013181,SAT,154,10728d70e0641a69:0x3ebee,1553
v1,1791231015021744,UNSAT,196,10728d70e0641a69:0x3ec32,1749
v1,1791231015022181,SAT,162,10728d70e0641a69:0x3ec32,1911
v1,1791231015034785,UNSAT,203,10728d70e0641a69:0x3ecba,2114
v1,1791231015035232,SAT,163,10728d70e0641a69:0x3ecba,2277
v1,1791231015044612,UNSAT,202,10728d70e0641a69:0x3ecfe,2479
v1,1791231015045494,SAT,596,10728d70e0641a69:0x3ecfe,3075
v1,1791231015065791,UNSAT,205,10728d70e0641a69:0xacdeb,3280
v1,1791231015066537,SAT,463,10728d70e0641a69:0xacdeb,3743
v1,1791231015078625,UNSAT,202,10728d70e0641a69:0xa6ec6,3945
v1,1791231015079386,SAT,469,10728d70e0641a69:0xa6ec6,4414
v1,1791231015104044,UNSAT,205,10728d70e0641a69:0xb594,4619
v1,1791231015104811,SAT,462,10728d70e0641a69:0xb594,5081
v1,1791231015126666,UNSAT,194,10728d70e0641a69:0xb7f4,5275
v1,1791231015127105,SAT,160,10728d70e0641a69:0xb7f4,5435
v1,1791231015185429,SAT,599,10728d70e0641a69:0xa817c,6034
v1,1791231015188361,SAT,768,10728d70e0641a69:0x115a2d,6802
v1,1791231015189262,UNSAT,164,10728d70e0641a69:0x115a2d,6966
v1,1791231015189993,UNSAT,140,10728d70e0641a69:0x115a2d,7106
v1,1791231015190641,UNSAT,131,10728d70e0641a69:0x115a2d,7237
v1,1791231015191317,UNSAT,139,10728d70e0641a69:0x115a2d,7376
v1,1791231022110003,UNSAT,228,10728d70e0641a69:0x3ed42,228
v1,1791231022111206,SAT,665,10728d70e0641a69:0x3ed42,893
v1,1791231022129866,UNSAT,197,10728d70e0641a69:0xad1b2,1090
v1,1791231022130564,SAT,412,10728d70e0641a69:0xad1b2,1502
v1,1791231022141766,UNSAT,193,10728d70e0641a69:0xad403,1695
v1,1791231022142389,SAT,338,10728d70e0641a69:0xad403,2033
v1,1791231028573580,UNSAT,246,10728d70e0641a69:0xa6ec6,246
v1,1791231028575398,SAT,1003,10728d70e0641a69:0xa6ec6,1249
v1,1791231028588364,UNSAT,224,10728d70e0641a69:0xa6ec6,1473
v1,1791231028597450,UNSAT,233,10728d70e0641a69:0xaedbc,1706
v1,1791231028597978,SAT,182,10728d70e0641a69:0xaedbc,1888
v1,1791231028618146,UNSAT,203,10728d70e0641a69:0xaee84,2091
v1,1791231028618995,SAT,521,10728d70e0641a69:0xaee84,2612
v1,1791231028920388,UNSAT,216,10728d70e0641a69:0x7b733,2828
v1,1791231028921648,SAT,943,10728d70e0641a69:0x7b733,3771
v1,1791231028933333,UNSAT,221,10728d70e0641a69:0x7b73b,3992
v1,1791231028936368,SAT,2714,10728d70e0641a69:0x7b73b,6706
v1,1791231028947728,UNSAT,213,10728d70e0641a69:0x7b73b,6919
v1,1791231028957945,UNSAT,216,10728d70e0641a69:0x7b73b,7135
v1,1791231028968628,UNSAT,202,10728d70e0641a69:0x7b73b,7337
v1,1791231028979281,UNSAT,212,10728d70e0641a69:0x7b73b,7549
v1,1791231028981807,SAT,624,10728d70e0641a69:0xa817c,8173
v1,1791231029575962,UNSAT,220,10728d70e0641a69:0x783b7,8393
v1,1791231029576477,SAT,164,10728d70e0641a69:0x783b7,8557
v1,1791231029599234,UNSAT,227,10728d70e0641a69:0x7782e,8784
v1,1791231029599883,UNSAT,308,10728d70e0641a69:0x7782e,9092
v1,1791231029615627,UNSAT,225,10728d70e0641a69:0x77834,9317
v1,1791231029617029,SAT,1067,10728d70e0641a69:0x77834,10384
v1,1791231029636141,UNSAT,222,10728d70e0641a69:0x783e9,10606
v1,1791231029636629,UNSAT,137,10728d70e0641a69:0x783e9,10743
v1,1791231034619299,UNSAT,237,10728d70e0641a69:0xad1b2,237
v1,1791231034620324,SAT,497,10728d70e0641a69:0xad1b2,734
v1,1791231034631162,UNSAT,244,10728d70e0641a69:0xa897f,978
v1,1791231034631657,SAT,174,10728d70e0641a69:0xa897f,1152
v1,1791231034642455,UNSAT,193,10728d70e0641a69:0xa8a0f,1345
v1,1791231034643281,SAT,556,10728d70e0641a69:0xa8a0f,1901
v1,1791231034650085,UNSAT,250,10728d70e0641a69:0xa904a,2151
v1,1791231034650866,SAT,482,10728d70e0641a69:0xa904a,2633
v1,1791231034656069,UNSAT,186,10728d70e0641a69:0x6e1b4,2819
v1,1791231034656510,SAT,161,10728d70e0641a69:0x6e1b4,2980
v1,1791231034660069,UNSAT,194,10728d70e0641a69:0x7b73b,3174
v1,1791231034660895,SAT,505,10728d70e0641a69:0x7b73b,3679
v1,1791231034663719,UNSAT,178,10728d70e0641a69:0x7b746,3857
v1,1791231034664379,SAT,374,10728d70e0641a69:0x7b746,4231
v1,1791231034667534,UNSAT,196,10728d70e0641a69:0x7b74f,4427
v1,1791231034668031,SAT,187,10728d70e0641a69:0x7b74f,4614
v1,1791231034671621,UNSAT,208,10728d70e0641a69:0x7b76c,4822
v1,1791231034672609,SAT,540,10728d70e0641a69:0x7b76c,5362
v1,1791231034676366,UNSAT,209,10728d70e0641a69:0x7b782,5571
v1,1791231034676782,UNSAT,139,10728d70e0641a69:0x7b782,5710
v1,1791231034680316,UNSAT,234,10728d70e0641a69:0x6e283,5944
v1,1791231034680742,UNSAT,147,10728d70e0641a69:0x6e283,6091
v1,1791231034683941,UNSAT,188,10728d70e0641a69:0x5db32,6279
v1,1791231034684413,UNSAT,183,10728d70e0641a69:0x5db32,6462
v1,1791231034690420,UNSAT,199,10728d70e0641a69:0x6cd2,6661
v1,1791231034691154,SAT,443,10728d70e0641a69:0x6cd2,7104
v1,1791231034694805,UNSAT,194,10728d70e0641a69:0x6d9b,7298
v1,1791231034695244,SAT,163,10728d70e0641a69:0x6d9b,7461
v1,1791231034698820,UNSAT,195,10728d70e0641a69:0x6dee,7656
v1,1791231034699279,SAT,174,10728d70e0641a69:0x6dee,7830
v1,1791231034703191,UNSAT,192,10728d70e0641a69:0x115a2d,8022
v1,1791231034703681,SAT,184,10728d70e0641a69:0x115a2d,8206
v1,1791231034708005,UNSAT,203,10728d70e0641a69:0x1167a4,8409
v1,1791231034708811,SAT,481,10728d70e0641a69:0x1167a4,8890
v1,1791231034713182,UNSAT,215,10728d70e0641a69:0x116947,9105
v1,1791231034713675,SAT,178,10728d70e0641a69:0x116947,9283
v1,1791231034717005,UNSAT,170,10728d70e0641a69:0x116947,9453
v1,1791231034720981,UNSAT,191,10728d70e0641a69:0x1169b7,9644
v1,1791231034721782,SAT,492,10728d70e0641a69:0x1169b7,10136
v1,1791231034725981,UNSAT,181,10728d70e0641a69:0x6e7d,10317
v1,1791231034726389,UNSAT,138,10728d70e0641a69:0x6e7d,10455
v1,1791231034734899,UNSAT,202,10728d70e0641a69:0xa93cd,10657
v1,1791231034735642,SAT,463,10728d70e0641a69:0xa93cd,11120
v1,1791231034752102,UNSAT,208,10728d70e0641a69:0x7b733,11328
v1,1791231034753295,SAT,890,10728d70e0641a69:0x7b733,12218
v1,1791231034762348,UNSAT,221,10728d70e0641a69:0xa94e7,12439
v1,1791231034762805,SAT,165,10728d70e0641a69:0xa94e7,12604
v1,1791231034771872,UNSAT,207,10728d70e0641a69:0xa9539,12811
v1,1791231034772622,SAT,468,10728d70e0641a69:0xa9539,13279
v1,1791231034799454,UNSAT,216,10728d70e0641a69:0x290c3,13495
v1,1791231034800275,SAT,516,10728d70e0641a69:0x290c3,14011
v1,1791231034809625,UNSAT,211,10728d70e0641a69:0x2910c,14222
v1,1791231034810448,SAT,532,10728d70e0641a69:0x2910c,14754
v1,1791231034824550,UNSAT,203,10728d70e0641a69:0x2919f,14957
v1,1791231034825368,SAT,520,10728d70e0641a69:0x2919f,15477
v1,1791231034835126,UNSAT,203,10728d70e0641a69:0x291e6,15680
v1,1791231034835897,SAT,476,10728d70e0641a69:0x291e6,16156
v1,1791231034849333,UNSAT,222,10728d70e0641a69:0x29277,16378
v1,1791231034850162,SAT,532,10728d70e0641a69:0x29277,16910
v1,1791231034860170,UNSAT,209,10728d70e0641a69:0x292be,17119
v1,1791231034860938,SAT,460,10728d70e0641a69:0x292be,17579
v1,1791231034874515,UNSAT,220,10728d70e0641a69:0x2934c,17799
v1,1791231034875351,SAT,541,10728d70e0641a69:0x2934c,18340
v1,1791231034885831,UNSAT,198,10728d70e0641a69:0x29394,18538
v1,1791231034886608,SAT,486,10728d70e0641a69:0x29394,19024
v1,1791231034950568,UNSAT,213,10728d70e0641a69:0x2e2bf,19237
v1,1791231034951009,SAT,157,10728d70e0641a69:0x2e2bf,19394
v1,1791231035240774,UNSAT,222,10728d70e0641a69:0x2fde4,19616
v1,1791231035241240,SAT,172,10728d70e0641a69:0x2fde4,19788
v1,1791231035278661,SAT,664,10728d70e0641a69:0xa817c,20452
v1,1791231035861391,UNSAT,222,10728d70e0641a69:0x783b7,20674
v1,1791231035861884,SAT,162,10728d70e0641a69:0x783b7,20836
v1,1791231035881450,UNSAT,221,10728d70e0641a69:0x7782e,21057
v1,1791231035882089,UNSAT,313,10728d70e0641a69:0x7782e,21370
v1,1791231035895034,UNSAT,212,10728d70e0641a69:0x77834,21582
v1,1791231035896413,SAT,1032,10728d70e0641a69:0x77834,22614
v1,1791231035913159,UNSAT,224,10728d70e0641a69:0x783e9,22838
v1,1791231035913643,UNSAT,146,10728d70e0641a69:0x783e9,22984
v1,1791231041813028,UNSAT,243,10728d70e0641a69:0xa94e7,243
v1,1791231041814882,SAT,972,10728d70e0641a69:0xa94e7,1215
v1,1791231041852929,UNSAT,212,10728d70e0641a69:0xc6c5a,1427
v1,1791231041853731,SAT,481,10728d70e0641a69:0xc6c5a,1908
v1,1791231041865523,UNSAT,217,10728d70e0641a69:0xc6d06,2125
v1,1791231041901521,SAT,35686,10728d70e0641a69:0xc6d06,37811
v1,1791231041916102,UNSAT,313,10728d70e0641a69:0xc6d4c,38124
v1,1791231041946710,SAT,30241,10728d70e0641a69:0xc6d4c,68365
v1,1791231041964569,UNSAT,218,10728d70e0641a69:0xc6dc7,68583
v1,1791231041999311,SAT,34413,10728d70e0641a69:0xc6dc7,102996
v1,1791231042013676,UNSAT,215,10728d70e0641a69:0xc6e83,103211
v1,1791231042048263,SAT,34271,10728d70e0641a69:0xc6e83,137482
v1,1791231048664948,UNSAT,235,10728d70e0641a69:0x3ecba,235
v1,1791231048666134,SAT,675,10728d70e0641a69:0x3ecba,910
v1,1791231048696242,UNSAT,198,10728d70e0641a69:0xabf23,1108
v1,1791231048697015,SAT,477,10728d70e0641a69:0xabf23,1585
v1,1791231048704167,UNSAT,197,10728d70e0641a69:0xabfaf,1782
v1,1791231048704643,SAT,180,10728d70e0641a69:0xabfaf,1962
v1,1791231048722724,UNSAT,192,10728d70e0641a69:0x290c3,2154
v1,1791231048723448,SAT,445,10728d70e0641a69:0x290c3,2599
v1,1791231048730763,UNSAT,194,10728d70e0641a69:0x2910c,2793
v1,1791231048731511,SAT,470,10728d70e0641a69:0x2910c,3263
v1,1791231048742343,UNSAT,214,10728d70e0641a69:0x2919f,3477
v1,1791231048743096,SAT,469,10728d70e0641a69:0x2919f,3946
v1,1791231048749753,UNSAT,192,10728d70e0641a69:0x291e6,4138
v1,1791231048750439,SAT,425,10728d70e0641a69:0x291e6,4563
v1,1791231048761358,UNSAT,291,10728d70e0641a69:0x29277,4854
v1,1791231048762150,SAT,487,10728d70e0641a69:0x29277,5341
v1,1791231048769116,UNSAT,205,10728d70e0641a69:0x292be,5546
v1,1791231048769809,SAT,399,10728d70e0641a69:0x292be,5945
v1,1791231048780400,UNSAT,205,10728d70e0641a69:0x2934c,6150
v1,1791231048781167,SAT,481,10728d70e0641a69:0x2934c,6631
v1,1791231048788112,UNSAT,202,10728d70e0641a69:0x29394,6833
v1,1791231048788789,SAT,391,10728d70e0641a69:0x29394,7224
v1,1791231048840928,UNSAT,202,10728d70e0641a69:0x2fde4,7426
v1,1791231048841398,SAT,195,10728d70e0641a69:0x2fde4,7621
v1,1791231049133298,UNSAT,229,10728d70e0641a69:0xa897f,7850
v1,1791231049133795,SAT,164,10728d70e0641a69:0xa897f,8014
v1,1791231049149121,UNSAT,208,10728d70e0641a69:0xa8a0f,8222
v1,1791231049149920,SAT,482,10728d70e0641a69:0xa8a0f,8704
v1,1791231049161516,UNSAT,216,10728d70e0641a69:0xa904a,8920
v1,1791231049162431,SAT,535,10728d70e0641a69:0xa904a,9455
v1,1791231049172051,UNSAT,207,10728d70e0641a69:0x6e1b4,9662
v1,1791231049172541,SAT,165,10728d70e0641a69:0x6e1b4,9827
v1,1791231049180448,UNSAT,199,10728d70e0641a69:0x7b73b,10026
v1,1791231049181146,SAT,366,10728d70e0641a69:0x7b73b,10392
v1,1791231049189184,UNSAT,208,10728d70e0641a69:0x7b746,10600
v1,1791231049189922,SAT,408,10728d70e0641a69:0x7b746,11008
v1,1791231049198062,UNSAT,216,10728d70e0641a69:0x7b74f,11224
v1,1791231049198561,SAT,172,10728d70e0641a69:0x7b74f,11396
v1,1791231049206903,UNSAT,204,10728d70e0641a69:0x7b76c,11600
v1,1791231049207749,SAT,531,10728d70e0641a69:0x7b76c,12131
v1,1791231049217312,UNSAT,225,10728d70e0641a69:0x7b782,12356
v1,1791231049217785,UNSAT,158,10728d70e0641a69:0x7b782,12514
v1,1791231049226424,UNSAT,214,10728d70e0641a69:0x6e283,12728
v1,1791231049226863,UNSAT,140,10728d70e0641a69:0x6e283,12868
v1,1791231049236493,UNSAT,242,10728d70e0641a69:0x5db32,13110
v1,1791231049236959,UNSAT,144,10728d70e0641a69:0x5db32,13254
v1,1791231049247667,UNSAT,217,10728d70e0641a69:0x6cd2,13471
v1,1791231049248469,SAT,484,10728d70e0641a69:0x6cd2,13955
v1,1791231049257833,UNSAT,215,10728d70e0641a69:0x6d9b,14170
v1,1791231049258317,SAT,172,10728d70e0641a69:0x6d9b,14342
v1,1791231049267463,UNSAT,211,10728d70e0641a69:0x6dee,14553
v1,1791231049267937,SAT,160,10728d70e0641a69:0x6dee,14713
v1,1791231049277785,UNSAT,214,10728d70e0641a69:0x115a2d,14927
v1,1791231049278240,SAT,139,10728d70e0641a69:0x115a2d,15066
v1,1791231049288165,UNSAT,217,10728d70e0641a69:0x1167a4,15283
v1,1791231049289039,SAT,494,10728d70e0641a69:0x1167a4,15777
v1,1791231049299144,UNSAT,205,10728d70e0641a69:0x116947,15982
v1,1791231049299643,SAT,172,10728d70e0641a69:0x116947,16154
v1,1791231049309075,UNSAT,200,10728d70e0641a69:0x116947,16354
v1,1791231049319243,UNSAT,209,10728d70e0641a69:0x1169b7,16563
v1,1791231049320054,SAT,501,10728d70e0641a69:0x1169b7,17064
v1,1791231049330886,UNSAT,229,10728d70e0641a69:0x6e7d,17293
v1,1791231049331332,UNSAT,144,10728d70e0641a69:0x6e7d,17437
v1,1791231049346550,UNSAT,224,10728d70e0641a69:0xa93cd,17661
v1,1791231049347361,SAT,482,10728d70e0641a69:0xa93cd,18143
v1,1791231049370491,UNSAT,217,10728d70e0641a69:0x7b733,18360
v1,1791231049371678,SAT,877,10728d70e0641a69:0x7b733,19237
v1,1791231049386948,UNSAT,216,10728d70e0641a69:0xa94e7,19453
v1,1791231049387444,SAT,166,10728d70e0641a69:0xa94e7,19619
v1,1791231049403268,UNSAT,226,10728d70e0641a69:0xa9539,19845
v1,1791231049404108,SAT,512,10728d70e0641a69:0xa9539,20357
v1,1791231049435350,UNSAT,215,10728d70e0641a69:0x2910c,20572
v1,1791231049436145,SAT,481,10728d70e0641a69:0x2910c,21053
v1,1791231049446853,UNSAT,223,10728d70e0641a69:0x2919f,21276
v1,1791231049447712,SAT,520,10728d70e0641a69:0x2919f,21796
v1,1791231049455970,UNSAT,213,10728d70e0641a69:0x291e6,22009
v1,1791231049456726,SAT,424,10728d70e0641a69:0x291e6,22433
v1,1791231049465317,UNSAT,218,10728d70e0641a69:0x29277,22651
v1,1791231049466143,SAT,498,10728d70e0641a69:0x29277,23149
v1,1791231049478640,UNSAT,205,10728d70e0641a69:0x292be,23354
v1,1791231049479405,SAT,436,10728d70e0641a69:0x292be,23790
v1,1791231049488854,UNSAT,218,10728d70e0641a69:0x2934c,24008
v1,1791231049489668,SAT,504,10728d70e0641a69:0x2934c,24512
v1,1791231049499117,UNSAT,215,10728d70e0641a69:0x29394,24727
v1,1791231049499868,SAT,433,10728d70e0641a69:0x29394,25160
v1,1791231049519509,UNSAT,216,10728d70e0641a69:0x2e2bf,25376
v1,1791231049519970,SAT,157,10728d70e0641a69:0x2e2bf,25533
v1,1791231049562708,SAT,564,10728d70e0641a69:0xa817c,26097
v1,1791231049565639,UNSAT,203,10728d70e0641a69:0xa85ea,26300
v1,1791231049566931,SAT,765,10728d70e0641a69:0xa85ea,27065
v1,1791231049601812,UNSAT,215,10728d70e0641a69:0xaac9f,27280
v1,1791231049602602,SAT,475,10728d70e0641a69:0xaac9f,27755
v1,1791231049608526,UNSAT,288,10728d70e0641a69:0xaace6,28043
v1,1791231049609306,SAT,465,10728d70e0641a69:0xaace6,28508
v1,1791231049616508,UNSAT,254,10728d70e0641a69:0xaad36,28762
v1,1791231049639643,SAT,22839,10728d70e0641a69:0xaad36,51601
v1,1791231049656652,UNSAT,223,10728d70e0641a69:0xaad8f,51824
v1,1791231049657520,SAT,553,10728d70e0641a69:0xaad8f,52377
v1,1791231049670902,UNSAT,225,10728d70e0641a69:0xab7d3,52602
v1,1791231049706741,SAT,35520,10728d70e0641a69:0xab7d3,88122
v1,1791231049723649,UNSAT,213,10728d70e0641a69:0xaae10,88335
v1,1791231049758575,SAT,34598,10728d70e0641a69:0xaae10,122933
v1,1791231049775374,UNSAT,231,10728d70e0641a69:0xa897f,123164
v1,1791231049816538,SAT,40828,10728d70e0641a69:0xa897f,163992
v1,1791231049841099,UNSAT,235,10728d70e0641a69:0x7b733,164227
v1,1791231049842489,SAT,1056,10728d70e0641a69:0x7b733,165283
v1,1791231049855081,UNSAT,238,10728d70e0641a69:0x7b73b,165521
v1,1791231049858347,SAT,2890,10728d70e0641a69:0x7b73b,168411
v1,1791231049869950,UNSAT,212,10728d70e0641a69:0x7b73b,168623
v1,1791231049881515,UNSAT,213,10728d70e0641a69:0x7b73b,168836
v1,1791231049893322,UNSAT,224,10728d70e0641a69:0x7b73b,169060
v1,1791231049905274,UNSAT,226,10728d70e0641a69:0x7b73b,169286
v1,1791231050485165,UNSAT,229,10728d70e0641a69:0x783b7,169515
v1,1791231050485679,SAT,179,10728d70e0641a69:0x783b7,169694
v1,1791231050506429,UNSAT,237,10728d70e0641a69:0x7782e,169931
v1,1791231050507081,UNSAT,315,10728d70e0641a69:0x7782e,170246
v1,1791231050521436,UNSAT,222,10728d70e0641a69:0x77834,170468
v1,1791231050522990,SAT,1222,10728d70e0641a69:0x77834,171690
v1,1791231050540446,UNSAT,222,10728d70e0641a69:0x783e9,171912
v1,1791231050540927,UNSAT,146,10728d70e0641a69:0x783e9,172058
v1,1791231057806782,UNSAT,278,10728d70e0641a69:0xa85ea,278
v1,1791231057807872,SAT,585,10728d70e0641a69:0xa85ea,863
v1,1791231057831548,UNSAT,201,10728d70e0641a69:0xaac9f,1064
v1,1791231057832391,SAT,560,10728d70e0641a69:0xaac9f,1624
v1,1791231057837916,UNSAT,184,10728d70e0641a69:0xaace6,1808
v1,1791231057838610,SAT,411,10728d70e0641a69:0xaace6,2219
v1,1791231057852228,UNSAT,185,10728d70e0641a69:0xaad8f,2404
v1,1791231057852976,SAT,462,10728d70e0641a69:0xaad8f,2866
v1,1791231057859129,UNSAT,193,10728d70e0641a69:0xab7d3,3059
v1,1791231057894974,SAT,35542,10728d70e0641a69:0xab7d3,38601
v1,1791231057903179,UNSAT,189,10728d70e0641a69:0xaae10,38790
v1,1791231057937451,SAT,33967,10728d70e0641a69:0xaae10,72757
v1,1791231057946442,UNSAT,205,10728d70e0641a69:0xa897f,72962
v1,1791231057986695,SAT,39941,10728d70e0641a69:0xa897f,112903
v1,1791231064052410,UNSAT,220,10728d70e0641a69:0x3eade,220
v1,1791231064053604,SAT,704,10728d70e0641a69:0x3eade,924
v1,1791231064068123,UNSAT,190,10728d70e0641a69:0xb0cf6,1114
v1,1791231064068904,SAT,499,10728d70e0641a69:0xb0cf6,1613
v1,1791231064078512,UNSAT,198,10728d70e0641a69:0xa897f,1811
v1,1791231064078937,SAT,156,10728d70e0641a69:0xa897f,1967
v1,1791231064089405,UNSAT,201,10728d70e0641a69:0xa8a0f,2168
v1,1791231064090172,SAT,489,10728d70e0641a69:0xa8a0f,2657
v1,1791231064096771,UNSAT,201,10728d70e0641a69:0xa904a,2858
v1,1791231064097562,SAT,508,10728d70e0641a69:0xa904a,3366
v1,1791231064101876,UNSAT,201,10728d70e0641a69:0x6e1b4,3567
v1,1791231064102668,SAT,244,10728d70e0641a69:0x6e1b4,3811
v1,1791231064106540,UNSAT,187,10728d70e0641a69:0x7b73b,3998
v1,1791231064107212,SAT,378,10728d70e0641a69:0x7b73b,4376
v1,1791231064109804,UNSAT,188,10728d70e0641a69:0x7b746,4564
v1,1791231064110544,SAT,450,10728d70e0641a69:0x7b746,5014
v1,1791231064113675,UNSAT,196,10728d70e0641a69:0x7b74f,5210
v1,1791231064114128,SAT,167,10728d70e0641a69:0x7b74f,5377
v1,1791231064116915,UNSAT,189,10728d70e0641a69:0x7b76c,5566
v1,1791231064117719,SAT,493,10728d70e0641a69:0x7b76c,6059
v1,1791231064120555,UNSAT,199,10728d70e0641a69:0x7b782,6258
v1,1791231064120996,UNSAT,168,10728d70e0641a69:0x7b782,6426
v1,1791231064123645,UNSAT,176,10728d70e0641a69:0x6e283,6602
v1,1791231064124041,UNSAT,132,10728d70e0641a69:0x6e283,6734
v1,1791231064126815,UNSAT,201,10728d70e0641a69:0x5db32,6935
v1,1791231064127240,UNSAT,148,10728d70e0641a69:0x5db32,7083
v1,1791231064132428,UNSAT,191,10728d70e0641a69:0x6cd2,7274
v1,1791231064133150,SAT,454,10728d70e0641a69:0x6cd2,7728
v1,1791231064136297,UNSAT,188,10728d70e0641a69:0x6d9b,7916
v1,1791231064136740,SAT,166,10728d70e0641a69:0x6d9b,8082
v1,1791231064139767,UNSAT,213,10728d70e0641a69:0x6dee,8295
v1,1791231064140225,SAT,163,10728d70e0641a69:0x6dee,8458
v1,1791231064143535,UNSAT,205,10728d70e0641a69:0x115a2d,8663
v1,1791231064143936,SAT,138,10728d70e0641a69:0x115a2d,8801
v1,1791231064147022,UNSAT,189,10728d70e0641a69:0x1167a4,8990
v1,1791231064147825,SAT,514,10728d70e0641a69:0x1167a4,9504
v1,1791231064151489,UNSAT,262,10728d70e0641a69:0x116947,9766
v1,1791231064151975,SAT,170,10728d70e0641a69:0x116947,9936
v1,1791231064154885,UNSAT,188,10728d70e0641a69:0x116947,10124
v1,1791231064158286,UNSAT,200,10728d70e0641a69:0x1169b7,10324
v1,1791231064159083,SAT,503,10728d70e0641a69:0x1169b7,10827
v1,1791231064164411,UNSAT,199,10728d70e0641a69:0x6e7d,11026
v1,1791231064164984,UNSAT,283,10728d70e0641a69:0x6e7d,11309
v1,1791231064173195,UNSAT,231,10728d70e0641a69:0xa93cd,11540
v1,1791231064174044,SAT,512,10728d70e0641a69:0xa93cd,12052
v1,1791231064189422,UNSAT,198,10728d70e0641a69:0x7b733,12250
v1,1791231064190542,SAT,849,10728d70e0641a69:0x7b733,13099
v1,1791231064198687,UNSAT,212,10728d70e0641a69:0xa94e7,13311
v1,1791231064199117,SAT,155,10728d70e0641a69:0xa94e7,13466
v1,1791231064228961,UNSAT,227,10728d70e0641a69:0x290c3,13693
v1,1791231064229723,SAT,432,10728d70e0641a69:0x290c3,14125
v1,1791231064238220,UNSAT,200,10728d70e0641a69:0x2910c,14325
v1,1791231064239031,SAT,504,10728d70e0641a69:0x2910c,14829
v1,1791231064252154,UNSAT,205,10728d70e0641a69:0x2919f,15034
v1,1791231064252930,SAT,473,10728d70e0641a69:0x2919f,15507
v1,1791231064262396,UNSAT,214,10728d70e0641a69:0x291e6,15721
v1,1791231064263127,SAT,429,10728d70e0641a69:0x291e6,16150
v1,1791231064275933,UNSAT,204,10728d70e0641a69:0x29277,16354
v1,1791231064276713,SAT,498,10728d70e0641a69:0x29277,16852
v1,1791231064286954,UNSAT,206,10728d70e0641a69:0x292be,17058
v1,1791231064287690,SAT,419,10728d70e0641a69:0x292be,17477
v1,1791231064300845,UNSAT,204,10728d70e0641a69:0x2934c,17681
v1,1791231064301651,SAT,521,10728d70e0641a69:0x2934c,18202
v1,1791231064310922,UNSAT,205,10728d70e0641a69:0x29394,18407
v1,1791231064311637,SAT,422,10728d70e0641a69:0x29394,18829
v1,1791231064374942,UNSAT,209,10728d70e0641a69:0x2e2bf,19038
v1,1791231064375396,SAT,168,10728d70e0641a69:0x2e2bf,19206
v1,1791231064668569,UNSAT,215,10728d70e0641a69:0x2fde4,19421
v1,1791231064669021,SAT,152,10728d70e0641a69:0x2fde4,19573
v1,1791231064706194,SAT,573,10728d70e0641a69:0xa817c,20146
v1,1791231064709653,UNSAT,184,10728d70e0641a69:0xa85ea,20330
v1,1791231064710368,SAT,431,10728d70e0641a69:0xa85ea,20761
v1,1791231064734107,UNSAT,706,10728d70e0641a69:0xaac9f,21467
v1,1791231064734994,SAT,488,10728d70e0641a69:0xaac9f,21955
v1,1791231064740815,UNSAT,184,10728d70e0641a69:0xaace6,22139
v1,1791231064741501,SAT,419,10728d70e0641a69:0xaace6,22558
v1,1791231064748584,UNSAT,187,10728d70e0641a69:0xaad36,22745
v1,1791231064771565,SAT,22688,10728d70e0641a69:0xaad36,45433
v1,1791231064780542,UNSAT,198,10728d70e0641a69:0xaad8f,45631
v1,1791231064781433,SAT,611,10728d70e0641a69:0xaad8f,46242
v1,1791231064786925,UNSAT,196,10728d70e0641a69:0xab7d3,46438
v1,1791231064822369,SAT,35159,10728d70e0641a69:0xab7d3,81597
v1,1791231064830617,UNSAT,196,10728d70e0641a69:0xaae10,81793
v1,1791231064864977,SAT,34056,10728d70e0641a69:0xaae10,115849
v1,1791231064873786,UNSAT,219,10728d70e0641a69:0xa897f,116068
v1,1791231064914234,SAT,40126,10728d70e0641a69:0xa897f,156194
v1,1791231065505129,UNSAT,216,10728d70e0641a69:0x783b7,156410
v1,1791231065505620,SAT,160,10728d70e0641a69:0x783b7,156570
v1,1791231065524764,UNSAT,246,10728d70e0641a69:0x7782e,156816
v1,1791231065525411,UNSAT,337,10728d70e0641a69:0x7782e,157153
v1,1791231065537929,UNSAT,217,10728d70e0641a69:0x77834,157370
v1,1791231065539445,SAT,1195,10728d70e0641a69:0x77834,158565
v1,1791231065554915,UNSAT,222,10728d70e0641a69:0x783e9,158787
v1,1791231065555456,UNSAT,207,10728d70e0641a69:0x783e9,158994
v1,1791231071602725,UNSAT,235,10728d70e0641a69:0x3ea56,235
v1,1791231071603912,SAT,668,10728d70e0641a69:0x3ea56,903
v1,1791231071625664,UNSAT,211,10728d70e0641a69:0xb0219,1114
v1,1791231071626447,SAT,485,10728d70e0641a69:0xb0219,1599
v1,1791231071636727,UNSAT,195,10728d70e0641a69:0xa897f,1794
v1,1791231071637172,SAT,170,10728d70e0641a69:0xa897f,1964
v1,1791231071647477,UNSAT,192,10728d70e0641a69:0xa8a0f,2156
v1,1791231071648234,SAT,472,10728d70e0641a69:0xa8a0f,2628
v1,1791231071654872,UNSAT,209,10728d70e0641a69:0xa904a,2837
v1,1791231071655638,SAT,465,10728d70e0641a69:0xa904a,3302
v1,1791231071659795,UNSAT,183,10728d70e0641a69:0x6e1b4,3485
v1,1791231071660229,SAT,157,10728d70e0641a69:0x6e1b4,3642
v1,1791231071662635,UNSAT,180,10728d70e0641a69:0x7b73b,3822
v1,1791231071663332,SAT,411,10728d70e0641a69:0x7b73b,4233
v1,1791231071665730,UNSAT,182,10728d70e0641a69:0x7b746,4415
v1,1791231071666355,SAT,346,10728d70e0641a69:0x7b746,4761
v1,1791231071668920,UNSAT,193,10728d70e0641a69:0x7b74f,4954
v1,1791231071669364,SAT,169,10728d70e0641a69:0x7b74f,5123
v1,1791231071671982,UNSAT,177,10728d70e0641a69:0x7b76c,5300
v1,1791231071672426,SAT,164,10728d70e0641a69:0x7b76c,5464
v1,1791231071675036,UNSAT,180,10728d70e0641a69:0x7b76c,5644
v1,1791231071675779,SAT,460,10728d70e0641a69:0x7b76c,6104
v1,1791231071679051,UNSAT,187,10728d70e0641a69:0x7b782,6291
v1,1791231071679455,UNSAT,135,10728d70e0641a69:0x7b782,6426
v1,1791231071682090,UNSAT,207,10728d70e0641a69:0x6e283,6633
v1,1791231071682513,UNSAT,135,10728d70e0641a69:0x6e283,6768
v1,1791231071685157,UNSAT,173,10728d70e0641a69:0x5db32,6941
v1,1791231071685561,UNSAT,146,10728d70e0641a69:0x5db32,7087
v1,1791231071691332,UNSAT,192,10728d70e0641a69:0x6cd2,7279
v1,1791231071692134,SAT,453,10728d70e0641a69:0x6cd2,7732
v1,1791231071695326,UNSAT,192,10728d70e0641a69:0x6d9b,7924
v1,1791231071695757,SAT,150,10728d70e0641a69:0x6d9b,8074
v1,1791231071698658,UNSAT,180,10728d70e0641a69:0x6dee,8254
v1,1791231071699123,SAT,168,10728d70e0641a69:0x6dee,8422
v1,1791231071702596,UNSAT,201,10728d70e0641a69:0x115a2d,8623
v1,1791231071703042,SAT,145,10728d70e0641a69:0x115a2d,8768
v1,1791231071706271,UNSAT,185,10728d70e0641a69:0x1167a4,8953
v1,1791231071707030,SAT,470,10728d70e0641a69:0x1167a4,9423
v1,1791231071710156,UNSAT,177,10728d70e0641a69:0x116947,9600
v1,1791231071710585,SAT,152,10728d70e0641a69:0x116947,9752
v1,1791231071713212,UNSAT,160,10728d70e0641a69:0x116947,9912
v1,1791231071716368,UNSAT,193,10728d70e0641a69:0x1169b7,10105
v1,1791231071716800,SAT,161,10728d70e0641a69:0x1169b7,10266
v1,1791231071720139,UNSAT,190,10728d70e0641a69:0x1169fb,10456
v1,1791231071720883,SAT,469,10728d70e0641a69:0x1169fb,10925
v1,1791231071724647,UNSAT,191,10728d70e0641a69:0x116a40,11116
v1,1791231071725388,SAT,460,10728d70e0641a69:0x116a40,11576
v1,1791231071729038,UNSAT,179,10728d70e0641a69:0x116a84,11755
v1,1791231071729750,SAT,436,10728d70e0641a69:0x116a84,12191
v1,1791231071733860,UNSAT,209,10728d70e0641a69:0x116ac8,12400
v1,1791231071734649,SAT,486,10728d70e0641a69:0x116ac8,12886
v1,1791231071737741,UNSAT,182,10728d70e0641a69:0x116ac8,13068
v1,1791231071740835,UNSAT,167,10728d70e0641a69:0x116ac8,13235
v1,1791231071743895,UNSAT,161,10728d70e0641a69:0x116ac8,13396
v1,1791231071747685,UNSAT,186,10728d70e0641a69:0x116e00,13582
v1,1791231071748451,SAT,484,10728d70e0641a69:0x116e00,14066
v1,1791231071752603,UNSAT,183,10728d70e0641a69:0x6e7d,14249
v1,1791231071752998,UNSAT,125,10728d70e0641a69:0x6e7d,14374
v1,1791231071761352,UNSAT,196,10728d70e0641a69:0xa93cd,14570
v1,1791231071762096,SAT,460,10728d70e0641a69:0xa93cd,15030
v1,1791231071777583,UNSAT,193,10728d70e0641a69:0x7b733,15223
v1,1791231071778812,SAT,960,10728d70e0641a69:0x7b733,16183
v1,1791231071788260,UNSAT,236,10728d70e0641a69:0xa94e7,16419
v1,1791231071788733,SAT,170,10728d70e0641a69:0xa94e7,16589
v1,1791231071797768,UNSAT,205,10728d70e0641a69:0xa9539,16794
v1,1791231071798524,SAT,460,10728d70e0641a69:0xa9539,17254
v1,1791231071825414,UNSAT,204,10728d70e0641a69:0x290c3,17458
v1,1791231071826216,SAT,513,10728d70e0641a69:0x290c3,17971
v1,1791231071843316,UNSAT,221,10728d70e0641a69:0x2919f,18192
v1,1791231071844185,SAT,568,10728d70e0641a69:0x2919f,18760
v1,1791231071854790,UNSAT,260,10728d70e0641a69:0x291e6,19020
v1,1791231071855860,SAT,534,10728d70e0641a69:0x291e6,19554
v1,1791231071869169,UNSAT,200,10728d70e0641a69:0x29277,19754
v1,1791231071870044,SAT,576,10728d70e0641a69:0x29277,20330
v1,1791231071879839,UNSAT,207,10728d70e0641a69:0x292be,20537
v1,1791231071880647,SAT,511,10728d70e0641a69:0x292be,21048
v1,1791231071894367,UNSAT,207,10728d70e0641a69:0x2934c,21255
v1,1791231071895208,SAT,549,10728d70e0641a69:0x2934c,21804
v1,1791231071906062,UNSAT,203,10728d70e0641a69:0x29394,22007
v1,1791231071906882,SAT,518,10728d70e0641a69:0x29394,22525
v1,1791231071969816,UNSAT,209,10728d70e0641a69:0x2e2bf,22734
v1,1791231071970271,SAT,167,10728d70e0641a69:0x2e2bf,22901
v1,1791231072264029,UNSAT,205,10728d70e0641a69:0x2fde4,23106
v1,1791231072264473,SAT,158,10728d70e0641a69:0x2fde4,23264
v1,1791231072300918,SAT,767,10728d70e0641a69:0xa817c,24031
v1,1791231072302342,UNSAT,156,10728d70e0641a69:0x1159e5,24187
v1,1791231072302709,UNSAT,138,10728d70e0641a69:0x1159e5,24325
v1,1791231072566508,UNSAT,192,10728d70e0641a69:0xa81f9,24517
v1,1791231072567253,SAT,469,10728d70e0641a69:0xa81f9,24986
v1,1791231072568825,UNSAT,167,10728d70e0641a69:0xa8240,25153
v1,1791231072569466,SAT,397,10728d70e0641a69:0xa8240,25550
v1,1791231072608530,UNSAT,190,10728d70e0641a69:0xa828b,25740
v1,1791231072609241,SAT,421,10728d70e0641a69:0xa828b,26161
v1,1791231072610999,UNSAT,164,10728d70e0641a69:0xa82d2,26325
v1,1791231072611731,SAT,468,10728d70e0641a69:0xa82d2,26793
v1,1791231072613495,UNSAT,169,10728d70e0641a69:0xa831e,26962
v1,1791231072614150,SAT,396,10728d70e0641a69:0xa831e,27358
v1,1791231072615903,UNSAT,168,10728d70e0641a69:0xa8362,27526
v1,1791231072616640,SAT,484,10728d70e0641a69:0xa8362,28010
v1,1791231072619425,UNSAT,201,10728d70e0641a69:0xa83af,28211
v1,1791231072620661,SAT,764,10728d70e0641a69:0xa83af,28975
v1,1791231072623089,UNSAT,193,10728d70e0641a69:0xa83f8,29168
v1,1791231072623780,SAT,406,10728d70e0641a69:0xa83f8,29574
v1,1791231072625870,UNSAT,174,10728d70e0641a69:0xa856e,29748
v1,1791231072626288,SAT,166,10728d70e0641a69:0xa856e,29914
v1,1791231072628699,UNSAT,190,10728d70e0641a69:0xa85ea,30104
v1,1791231072630129,SAT,1099,10728d70e0641a69:0xa85ea,31203
v1,1791231072633545,UNSAT,271,10728d70e0641a69:0x3e5dd,31474
v1,1791231072634248,SAT,252,10728d70e0641a69:0x3e5dd,31726
v1,1791231072636765,UNSAT,178,10728d70e0641a69:0x3e6a2,31904
v1,1791231072637180,SAT,159,10728d70e0641a69:0x3e6a2,32063
v1,1791231072639492,UNSAT,179,10728d70e0641a69:0x3e6e6,32242
v1,1791231072639999,SAT,231,10728d70e0641a69:0x3e6e6,32473
v1,1791231072642587,UNSAT,178,10728d70e0641a69:0x3e730,32651
v1,1791231072643013,UNSAT,149,10728d70e0641a69:0x3e730,32800
v1,1791231072645423,UNSAT,193,10728d70e0641a69:0x3e9ce,32993
v1,1791231072645867,SAT,169,10728d70e0641a69:0x3e9ce,33162
v1,1791231072648598,UNSAT,190,10728d70e0641a69:0x3ea12,33352
v1,1791231072649031,SAT,156,10728d70e0641a69:0x3ea12,33508
v1,1791231072651814,UNSAT,184,10728d70e0641a69:0x3ea56,33692
v1,1791231072652218,SAT,151,10728d70e0641a69:0x3ea56,33843
v1,1791231072658949,UNSAT,203,10728d70e0641a69:0x3ea9a,34046
v1,1791231072659445,SAT,171,10728d70e0641a69:0x3ea9a,34217
v1,1791231072666348,UNSAT,207,10728d70e0641a69:0x3eade,34424
v1,1791231072666801,SAT,163,10728d70e0641a69:0x3eade,34587
v1,1791231072673944,UNSAT,195,10728d70e0641a69:0x3eb22,34782
v1,1791231072674379,SAT,174,10728d70e0641a69:0x3eb22,34956
v1,1791231072682378,UNSAT,206,10728d70e0641a69:0x3eb66,35162
v1,1791231072682906,SAT,248,10728d70e0641a69:0x3eb66,35410
v1,1791231072691072,UNSAT,197,10728d70e0641a69:0x3ebaa,35607
v1,1791231072691582,SAT,172,10728d70e0641a69:0x3ebaa,35779
v1,1791231072700292,UNSAT,203,10728d70e0641a69:0x3ebee,35982
v1,1791231072700741,SAT,156,10728d70e0641a69:0x3ebee,36138
v1,1791231072708638,UNSAT,201,10728d70e0641a69:0x3ec32,36339
v1,1791231072709079,SAT,156,10728d70e0641a69:0x3ec32,36495
v1,1791231072723351,UNSAT,216,10728d70e0641a69:0x3ecba,36711
v1,1791231072724075,SAT,246,10728d70e0641a69:0x3ecba,36957
v1,1791231072734665,UNSAT,208,10728d70e0641a69:0x3ecfe,37165
v1,1791231072735411,SAT,457,10728d70e0641a69:0x3ecfe,37622
v1,1791231072757547,UNSAT,198,10728d70e0641a69:0xacdeb,37820
v1,1791231072758315,SAT,485,10728d70e0641a69:0xacdeb,38305
v1,1791231072767228,UNSAT,219,10728d70e0641a69:0x7b733,38524
v1,1791231072768396,SAT,869,10728d70e0641a69:0x7b733,39393
v1,1791231072773296,UNSAT,207,10728d70e0641a69:0x7b73b,39600
v1,1791231072775687,SAT,2104,10728d70e0641a69:0x7b73b,41704
v1,1791231072780067,UNSAT,182,10728d70e0641a69:0x7b73b,41886
v1,1791231072785762,UNSAT,198,10728d70e0641a69:0x6cd2,42084
v1,1791231072786532,SAT,472,10728d70e0641a69:0x6cd2,42556
v1,1791231072792186,UNSAT,189,10728d70e0641a69:0xa6db7,42745
v1,1791231072792944,SAT,458,10728d70e0641a69:0xa6db7,43203
v1,1791231072805960,UNSAT,200,10728d70e0641a69:0xa6ec6,43403
v1,1791231072806451,SAT,207,10728d70e0641a69:0xa6ec6,43610
v1,1791231072814803,UNSAT,193,10728d70e0641a69:0xa6f12,43803
v1,1791231072815543,SAT,455,10728d70e0641a69:0xa6f12,44258
v1,1791231072861548,UNSAT,220,10728d70e0641a69:0xaac9f,44478
v1,1791231072862371,SAT,509,10728d70e0641a69:0xaac9f,44987
v1,1791231072867984,UNSAT,193,10728d70e0641a69:0xaace6,45180
v1,1791231072868688,SAT,424,10728d70e0641a69:0xaace6,45604
v1,1791231072875569,UNSAT,196,10728d70e0641a69:0xaad36,45800
v1,1791231072898618,SAT,22734,10728d70e0641a69:0xaad36,68534
v1,1791231072908210,UNSAT,231,10728d70e0641a69:0xaad8f,68765
v1,1791231072909115,SAT,587,10728d70e0641a69:0xaad8f,69352
v1,1791231072914661,UNSAT,193,10728d70e0641a69:0xab7d3,69545
v1,1791231072950547,SAT,35593,10728d70e0641a69:0xab7d3,105138
v1,1791231072958911,UNSAT,216,10728d70e0641a69:0xaae10,105354
v1,1791231072993784,SAT,34493,10728d70e0641a69:0xaae10,139847
v1,1791231073002607,UNSAT,212,10728d70e0641a69:0xa897f,140059
v1,1791231073044207,SAT,41300,10728d70e0641a69:0xa897f,181359
v1,1791231073631779,UNSAT,210,10728d70e0641a69:0x783b7,181569
v1,1791231073632237,SAT,155,10728d70e0641a69:0x783b7,181724
v1,1791231073646715,UNSAT,221,10728d70e0641a69:0x7782e,181945
v1,1791231073647387,UNSAT,332,10728d70e0641a69:0x7782e,182277
v1,1791231073655540,UNSAT,207,10728d70e0641a69:0x77834,182484
v1,1791231073657078,SAT,1224,10728d70e0641a69:0x77834,183708
v1,1791231073671021,UNSAT,291,10728d70e0641a69:0x783e9,183999
v1,1791231073671589,UNSAT,158,10728d70e0641a69:0x783e9,184157
v1,1791231080350535,UNSAT,310,10728d70e0641a69:0xa85ea,310
v1,1791231080351621,SAT,592,10728d70e0641a69:0xa85ea,902
v1,1791231080388145,UNSAT,222,10728d70e0641a69:0xabf23,1124
v1,1791231080388660,SAT,183,10728d70e0641a69:0xabf23,1307
v1,1791231080397511,UNSAT,201,10728d70e0641a69:0xabfaf,1508
v1,1791231080398378,SAT,581,10728d70e0641a69:0xabfaf,2089
v1,1791231080404017,UNSAT,192,10728d70e0641a69:0xabff3,2281
v1,1791231080404722,SAT,402,10728d70e0641a69:0xabff3,2683
v1,1791231080414031,UNSAT,244,10728d70e0641a69:0x115a2d,2927
v1,1791231080414480,SAT,176,10728d70e0641a69:0x115a2d,3103
v1,1791231080415778,UNSAT,155,10728d70e0641a69:0x115a2d,3258
v1,1791231080417062,UNSAT,156,10728d70e0641a69:0x115a2d,3414
v1,1791231080418308,UNSAT,200,10728d70e0641a69:0x115a2d,3614
v1,1791231080419848,UNSAT,168,10728d70e0641a69:0x115a2d,3782
v1,1791231080424118,UNSAT,184,10728d70e0641a69:0xa6ec6,3966
v1,1791231080424567,SAT,169,10728d70e0641a69:0xa6ec6,4135
v1,1791231080822137,SAT,298,10728d70e0641a69:0xa817c,4433
v1,1791231080825011,SAT,979,10728d70e0641a69:0x115a2d,5412
v1,1791231080826744,UNSAT,224,10728d70e0641a69:0x115a2d,5636
v1,1791231080827937,UNSAT,219,10728d70e0641a69:0x115a2d,5855
v1,1791231080829054,UNSAT,211,10728d70e0641a69:0x115a2d,6066
v1,1791231080829904,UNSAT,153,10728d70e0641a69:0x115a2d,6219
v1,1791231080831878,SAT,893,10728d70e0641a69:0xa81f9,7112
v1,1791231080835563,SAT,1210,10728d70e0641a69:0xa8240,8322
v1,1791231080838466,SAT,980,10728d70e0641a69:0xa828b,9302
v1,1791231080842017,SAT,2019,10728d70e0641a69:0xa82d2,11321
v1,1791231080844624,SAT,949,10728d70e0641a69:0xa831e,12270
v1,1791231080848161,SAT,1617,10728d70e0641a69:0xa8362,13887
v1,1791231080851715,SAT,601,10728d70e0641a69:0xa856e,14488
v1,1791231080855283,UNSAT,1088,10728d70e0641a69:0xa85ea,15576
v1,1791231080856111,SAT,488,10728d70e0641a69:0xa85ea,16064
v1,1791231080858829,UNSAT,458,10728d70e0641a69:0x3e5dd,16522
v1,1791231080859624,SAT,235,10728d70e0641a69:0x3e5dd,16757
v1,1791231080863154,SAT,1829,10728d70e0641a69:0x3e6a2,18586
v1,1791231080878278,UNSAT,269,10728d70e0641a69:0x2919f,18855
v1,1791231080879179,SAT,559,10728d70e0641a69:0x2919f,19414
v1,1791231080881199,UNSAT,402,10728d70e0641a69:0x291e6,19816
v1,1791231080881958,SAT,454,10728d70e0641a69:0x291e6,20270
v1,1791231080883927,UNSAT,326,10728d70e0641a69:0x29277,20596
v1,1791231080884742,SAT,502,10728d70e0641a69:0x29277,21098
v1,1791231080886770,UNSAT,299,10728d70e0641a69:0x292be,21397
v1,1791231080887575,SAT,508,10728d70e0641a69:0x292be,21905
v1,1791231080889926,UNSAT,282,10728d70e0641a69:0x2934c,22187
v1,1791231080891042,SAT,761,10728d70e0641a69:0x2934c,22948
v1,1791231080893561,UNSAT,376,10728d70e0641a69:0x29394,23324
v1,1791231080894488,SAT,544,10728d70e0641a69:0x29394,23868
v1,1791231087486668,SAT,680,10728d70e0641a69:0x6cd2,680
v1,1791231087490837,UNSAT,209,10728d70e0641a69:0xa856e,889
v1,1791231087491605,SAT,488,10728d70e0641a69:0xa856e,1377
v1,1791231087505444,UNSAT,209,10728d70e0641a69:0xa86d8,1586
v1,1791231087652474,SAT,146741,10728d70e0641a69:0xa86d8,148327
v1,1791231087662297,UNSAT,221,10728d70e0641a69:0xa875f,148548
v1,1791231087670415,SAT,7690,10728d70e0641a69:0xa875f,156238
v1,1791231087676237,UNSAT,190,10728d70e0641a69:0xa877c,156428
v1,1791231088505526,SAT,828954,10728d70e0641a69:0xa877c,985382
v1,1791231088510849,UNSAT,212,10728d70e0641a69:0xa8783,985594
v1,1791231089311425,SAT,800246,10728d70e0641a69:0xa8783,1785840
v1,1791231089319916,UNSAT,310,10728d70e0641a69:0x3e5dd,1786150
v1,1791231089321416,SAT,1012,10728d70e0641a69:0x3e5dd,1787162
v1,1791231089331869,UNSAT,199,10728d70e0641a69:0x3e817,1787361
v1,1791231089332916,SAT,760,10728d70e0641a69:0x3e817,1788121
v1,1791231089938789,UNSAT,220,10728d70e0641a69:0x783b7,1788341
v1,1791231089939309,SAT,169,10728d70e0641a69:0x783b7,1788510
v1,1791231089958351,UNSAT,217,10728d70e0641a69:0x7782e,1788727
v1,1791231089959026,UNSAT,325,10728d70e0641a69:0x7782e,1789052
v1,1791231089974169,UNSAT,207,10728d70e0641a69:0x77834,1789259
v1,1791231089976859,SAT,2355,10728d70e0641a69:0x77834,1791614
v1,1791231089991701,UNSAT,214,10728d70e0641a69:0x783e9,1791828
v1,1791231089992170,UNSAT,135,10728d70e0641a69:0x783e9,1791963
v1,1791231095160554,UNSAT,225,10728d70e0641a69:0xa6ec6,225
v1,1791231095161686,SAT,644,10728d70e0641a69:0xa6ec6,869
v1,1791231095173383,UNSAT,283,10728d70e0641a69:0xac103,1152
v1,1791231095174017,SAT,226,10728d70e0641a69:0xac103,1378
v1,1791231095191993,UNSAT,222,10728d70e0641a69:0xac147,1600
v1,1791231095192841,SAT,518,10728d70e0641a69:0xac147,2118
v1,1791231095211232,UNSAT,234,10728d70e0641a69:0xac1d2,2352
v1,1791231095211702,SAT,158,10728d70e0641a69:0xac1d2,2510
v1,1791231095224042,UNSAT,216,10728d70e0641a69:0xac213,2726
v1,1791231095224890,SAT,523,10728d70e0641a69:0xac213,3249
v1,1791231095241922,UNSAT,217,10728d70e0641a69:0xac2a0,3466
v1,1791231095242729,SAT,502,10728d70e0641a69:0xac2a0,3968
v1,1791231095254925,UNSAT,215,10728d70e0641a69:0xac2e2,4183
v1,1791231095255459,SAT,215,10728d70e0641a69:0xac2e2,4398
v1,1791231095274850,UNSAT,304,10728d70e0641a69:0xac36c,4702
v1,1791231095275868,SAT,550,10728d70e0641a69:0xac36c,5252
v1,1791231095288911,UNSAT,213,10728d70e0641a69:0xac3af,5465
v1,1791231095289370,SAT,161,10728d70e0641a69:0xac3af,5626
v1,1791231095304852,UNSAT,215,10728d70e0641a69:0xac42f,5841
v1,1791231095305646,SAT,475,10728d70e0641a69:0xac42f,6316
v1,1791231095335124,SAT,356,10728d70e0641a69:0xa817c,6672
v1,1791231095337111,SAT,294,10728d70e0641a69:0x115a2d,6966
v1,1791231095338066,UNSAT,168,10728d70e0641a69:0x115a2d,7134
v1,1791231095338858,UNSAT,151,10728d70e0641a69:0x115a2d,7285
v1,1791231095339515,UNSAT,147,10728d70e0641a69:0x115a2d,7432
v1,1791231095340182,UNSAT,140,10728d70e0641a69:0x115a2d,7572
v1,1791231095342252,SAT,886,10728d70e0641a69:0xa82d2,8458
v1,1791231095372985,SAT,803,10728d70e0641a69:0x2919f,9261
v1,1791231095376737,SAT,639,10728d70e0641a69:0x2919f,9900
v1,1791231095377235,SAT,84,10728d70e0641a69:0x2919f,9984
v1,1791231095377589,UNSAT,193,10728d70e0641a69:0x2919f,10177
v1,1791231095377683,SAT,36,10728d70e0641a69:0x2919f,10213
v1,1791231095377943,SAT,173,10728d70e0641a69:0x2919f,10386
v1,1791231095378175,SAT,150,10728d70e0641a69:0x2919f,10536
v1,1791231095378427,SAT,172,10728d70e0641a69:0x2919f,10708
v1,1791231095378675,SAT,165,10728d70e0641a69:0x2919f,10873
v1,1791231095378888,UNSAT,135,10728d70e0641a69:0x2919f,11008
v1,1791231095379062,SAT,92,10728d70e0641a69:0x2919f,11100
v1,1791231095379312,SAT,112,10728d70e0641a69:0x2919f,11212
v1,1791231095381010,SAT,597,10728d70e0641a69:0x2919f,11809
v1,1791231095381477,SAT,45,10728d70e0641a69:0x2919f,11854
v1,1791231095381811,SAT,198,10728d70e0641a69:0x2919f,12052
v1,1791231095382076,SAT,166,10728d70e0641a69:0x2919f,12218
v1,1791231095382334,SAT,171,10728d70e0641a69:0x2919f,12389
v1,1791231095382580,UNSAT,152,10728d70e0641a69:0x2919f,12541
v1,1791231095382681,SAT,42,10728d70e0641a69:0x2919f,12583
v1,1791231095382931,SAT,162,10728d70e0641a69:0x2919f,12745
v1,1791231095383169,SAT,154,10728d70e0641a69:0x2919f,12899
v1,1791231095383413,UNSAT,166,10728d70e0641a69:0x2919f,13065
v1,1791231095383615,SAT,121,10728d70e0641a69:0x2919f,13186
v1,1791231095383848,SAT,89,10728d70e0641a69:0x2919f,13275
v1,1791231095393424,UNSAT,1442,10728d70e0641a69:0x29277,14717
v1,1791231095394618,SAT,730,10728d70e0641a69:0x29277,15447
v1,1791231095399229,SAT,1019,10728d70e0641a69:0x29277,16466
v1,1791231095400088,SAT,126,10728d70e0641a69:0x29277,16592
v1,1791231095400492,SAT,230,10728d70e0641a69:0x29277,16822
v1,1791231095400769,SAT,175,10728d70e0641a69:0x29277,16997
v1,1791231095401004,UNSAT,150,10728d70e0641a69:0x29277,17147
v1,1791231095401145,SAT,42,10728d70e0641a69:0x29277,17189
v1,1791231095401419,SAT,183,10728d70e0641a69:0x29277,17372
v1,1791231095401676,SAT,170,10728d70e0641a69:0x29277,17542
v1,1791231095401925,SAT,166,10728d70e0641a69:0x29277,17708
v1,1791231095402175,SAT,166,10728d70e0641a69:0x29277,17874
v1,1791231095403092,UNSAT,842,10728d70e0641a69:0x29277,18716
v1,1791231095403347,SAT,126,10728d70e0641a69:0x29277,18842
v1,1791231095403727,SAT,122,10728d70e0641a69:0x29277,18964
v1,1791231095406693,SAT,1219,10728d70e0641a69:0x29277,20183
v1,1791231095407822,SAT,59,10728d70e0641a69:0x29277,20242
v1,1791231095408182,UNSAT,210,10728d70e0641a69:0x29277,20452
v1,1791231095408364,SAT,57,10728d70e0641a69:0x29277,20509
v1,1791231095408651,UNSAT,170,10728d70e0641a69:0x29277,20679
v1,1791231095408852,SAT,88,10728d70e0641a69:0x29277,20767
v1,1791231095409132,SAT,100,10728d70e0641a69:0x29277,20867
v1,1791231095417387,UNSAT,367,10728d70e0641a69:0x2934c,21234
v1,1791231095418253,SAT,543,10728d70e0641a69:0x2934c,21777
v1,1791231095424194,UNSAT,654,10728d70e0641a69:0x29394,22431
v1,1791231095425011,SAT,475,10728d70e0641a69:0x29394,22906
v1,1791231101907023,UNSAT,327,10728d70e0641a69:0xad403,327
v1,1791231101908009,SAT,466,10728d70e0641a69:0xad403,793
v1,1791231101913138,UNSAT,184,10728d70e0641a69:0x6e1b4,977
v1,1791231101913598,SAT,164,10728d70e0641a69:0x6e1b4,1141
v1,1791231101916267,UNSAT,187,10728d70e0641a69:0x7b73b,1328
v1,1791231101916904,SAT,343,10728d70e0641a69:0x7b73b,1671
v1,1791231101919526,UNSAT,175,10728d70e0641a69:0x7b746,1846
v1,1791231101920107,SAT,309,10728d70e0641a69:0x7b746,2155
v1,1791231101925488,UNSAT,187,10728d70e0641a69:0x8f3b4,2342
v1,1791231101926354,SAT,593,10728d70e0641a69:0x8f3b4,2935
v1,1791231101934558,UNSAT,203,10728d70e0641a69:0x8f467,3138
v1,1791231101935820,SAT,976,10728d70e0641a69:0x8f467,4114
v1,1791231101939644,UNSAT,181,10728d70e0641a69:0x8f46e,4295
v1,1791231101940418,SAT,497,10728d70e0641a69:0x8f46e,4792
v1,1791231101944711,UNSAT,201,10728d70e0641a69:0x8f4d3,4993
v1,1791231101945527,SAT,520,10728d70e0641a69:0x8f4d3,5513
v1,1791231101949870,UNSAT,191,10728d70e0641a69:0x8f3b9,5704
v1,1791231101950589,SAT,453,10728d70e0641a69:0x8f3b9,6157
v1,1791231101955337,UNSAT,192,10728d70e0641a69:0x8f3c9,6349
v1,1791231101956101,SAT,472,10728d70e0641a69:0x8f3c9,6821
v1,1791231101960496,UNSAT,183,10728d70e0641a69:0x8f3dc,7004
v1,1791231101961380,SAT,605,10728d70e0641a69:0x8f3dc,7609
v1,1791231101966052,UNSAT,190,10728d70e0641a69:0x8f3ed,7799
v1,1791231101966816,SAT,467,10728d70e0641a69:0x8f3ed,8266
v1,1791231101971879,UNSAT,201,10728d70e0641a69:0x8f406,8467
v1,1791231101972737,SAT,528,10728d70e0641a69:0x8f406,8995
v1,1791231101978368,UNSAT,206,10728d70e0641a69:0x8f429,9201
v1,1791231101979253,SAT,572,10728d70e0641a69:0x8f429,9773
v1,1791231101986425,UNSAT,201,10728d70e0641a69:0x7b782,9974
v1,1791231101986865,UNSAT,141,10728d70e0641a69:0x7b782,10115
v1,1791231101990327,UNSAT,193,10728d70e0641a69:0x6e283,10308
v1,1791231101990748,UNSAT,138,10728d70e0641a69:0x6e283,10446
v1,1791231101994411,UNSAT,185,10728d70e0641a69:0x5db32,10631
v1,1791231101994823,UNSAT,140,10728d70e0641a69:0x5db32,10771
v1,1791231102000291,UNSAT,192,10728d70e0641a69:0x6cd2,10963
v1,1791231102001030,SAT,454,10728d70e0641a69:0x6cd2,11417
v1,1791231102004841,UNSAT,187,10728d70e0641a69:0x6d9b,11604
v1,1791231102005281,SAT,167,10728d70e0641a69:0x6d9b,11771
v1,1791231102009174,UNSAT,199,10728d70e0641a69:0x6dee,11970
v1,1791231102009650,SAT,168,10728d70e0641a69:0x6dee,12138
v1,1791231102013971,UNSAT,186,10728d70e0641a69:0x115a2d,12324
v1,1791231102014378,SAT,139,10728d70e0641a69:0x115a2d,12463
v1,1791231102018393,UNSAT,201,10728d70e0641a69:0x1167a4,12664
v1,1791231102019174,SAT,480,10728d70e0641a69:0x1167a4,13144
v1,1791231102022971,UNSAT,196,10728d70e0641a69:0x1167a4,13340
v1,1791231102026480,UNSAT,174,10728d70e0641a69:0x1167a4,13514
v1,1791231102030141,UNSAT,228,10728d70e0641a69:0x1167a4,13742
v1,1791231102033697,UNSAT,200,10728d70e0641a69:0x1167a4,13942
v1,1791231102037119,UNSAT,162,10728d70e0641a69:0x1167a4,14104
v1,1791231102040554,UNSAT,177,10728d70e0641a69:0x1167a4,14281
v1,1791231102043995,UNSAT,175,10728d70e0641a69:0x1167a4,14456
v1,1791231102047548,UNSAT,178,10728d70e0641a69:0x1167a4,14634
v1,1791231102051950,UNSAT,195,10728d70e0641a69:0x1168c7,14829
v1,1791231102053247,SAT,1027,10728d70e0641a69:0x1168c7,15856
v1,1791231102060355,UNSAT,208,10728d70e0641a69:0x1168c7,16064
v1,1791231102065437,UNSAT,199,10728d70e0641a69:0x1168c7,16263
v1,1791231102070527,UNSAT,197,10728d70e0641a69:0x1168c7,16460
v1,1791231102075615,UNSAT,192,10728d70e0641a69:0x1168c7,16652
v1,1791231102080783,UNSAT,192,10728d70e0641a69:0x1168c7,16844
v1,1791231102086108,UNSAT,199,10728d70e0641a69:0x1168c7,17043
v1,1791231102091460,UNSAT,205,10728d70e0641a69:0x1168c7,17248
v1,1791231102096840,UNSAT,193,10728d70e0641a69:0x1168c7,17441
v1,1791231102102558,UNSAT,191,10728d70e0641a69:0x1168c7,17632
v1,1791231102103891,SAT,1048,10728d70e0641a69:0x1168c7,18680
v1,1791231102108458,UNSAT,225,10728d70e0641a69:0x1168c7,18905
v1,1791231102112840,UNSAT,171,10728d70e0641a69:0x1168c7,19076
v1,1791231102117206,UNSAT,176,10728d70e0641a69:0x1168c7,19252
v1,1791231102121661,UNSAT,191,10728d70e0641a69:0x1168c7,19443
v1,1791231102126129,UNSAT,179,10728d70e0641a69:0x1168c7,19622
v1,1791231102130685,UNSAT,182,10728d70e0641a69:0x1168c7,19804
v1,1791231102135332,UNSAT,212,10728d70e0641a69:0x1168c7,20016
v1,1791231102140036,UNSAT,184,10728d70e0641a69:0x1168c7,20200
v1,1791231102145734,UNSAT,211,10728d70e0641a69:0x1168c7,20411
v1,1791231102147089,SAT,1062,10728d70e0641a69:0x1168c7,21473
v1,1791231102152187,UNSAT,187,10728d70e0641a69:0x1168c7,21660
v1,1791231102157149,UNSAT,177,10728d70e0641a69:0x1168c7,21837
v1,1791231102162199,UNSAT,192,10728d70e0641a69:0x1168c7,22029
v1,1791231102167297,UNSAT,183,10728d70e0641a69:0x1168c7,22212
v1,1791231102172504,UNSAT,203,10728d70e0641a69:0x1168c7,22415
v1,1791231102177885,UNSAT,218,10728d70e0641a69:0x1168c7,22633
v1,1791231102183290,UNSAT,198,10728d70e0641a69:0x1168c7,22831
v1,1791231102188858,UNSAT,193,10728d70e0641a69:0x1168c7,23024
v1,1791231102195188,UNSAT,204,10728d70e0641a69:0x1168c7,23228
v1,1791231102196757,SAT,1267,10728d70e0641a69:0x1168c7,24495
v1,1791231102204952,UNSAT,207,10728d70e0641a69:0x116947,24702
v1,1791231102205734,SAT,494,10728d70e0641a69:0x116947,25196
v1,1791231102212120,UNSAT,197,10728d70e0641a69:0x6e7d,25393
v1,1791231102212546,UNSAT,139,10728d70e0641a69:0x6e7d,25532
v1,1791231102234999,UNSAT,206,10728d70e0641a69:0xa9c40,25738
v1,1791231102235782,SAT,479,10728d70e0641a69:0xa9c40,26217
v1,1791231102250961,UNSAT,212,10728d70e0641a69:0x7b733,26429
v1,1791231102252075,SAT,823,10728d70e0641a69:0x7b733,27252
v1,1791231102255381,UNSAT,185,10728d70e0641a69:0x7b73b,27437
v1,1791231102258307,SAT,2634,10728d70e0641a69:0x7b73b,30071
v1,1791231102260966,UNSAT,175,10728d70e0641a69:0x7b73b,30246
v1,1791231102263413,UNSAT,168,10728d70e0641a69:0x7b73b,30414
v1,1791231102266545,UNSAT,196,10728d70e0641a69:0x7b73b,30610
v1,1791231102269242,UNSAT,172,10728d70e0641a69:0x7b73b,30782
v1,1791231102276681,UNSAT,195,10728d70e0641a69:0xa94e7,30977
v1,1791231102277121,SAT,164,10728d70e0641a69:0xa94e7,31141
v1,1791231102285079,UNSAT,207,10728d70e0641a69:0xa9539,31348
v1,1791231102285870,SAT,490,10728d70e0641a69:0xa9539,31838
v1,1791231102313674,UNSAT,230,10728d70e0641a69:0x290c3,32068
v1,1791231102314463,SAT,463,10728d70e0641a69:0x290c3,32531
v1,1791231102322600,UNSAT,196,10728d70e0641a69:0x2910c,32727
v1,1791231102323413,SAT,521,10728d70e0641a69:0x2910c,33248
v1,1791231102337305,UNSAT,219,10728d70e0641a69:0x2919f,33467
v1,1791231102338106,SAT,501,10728d70e0641a69:0x2919f,33968
v1,1791231102346400,UNSAT,224,10728d70e0641a69:0x291e6,34192
v1,1791231102347146,SAT,446,10728d70e0641a69:0x291e6,34638
v1,1791231102361377,UNSAT,301,10728d70e0641a69:0x29277,34939
v1,1791231102362601,SAT,710,10728d70e0641a69:0x29277,35649
v1,1791231102371106,UNSAT,209,10728d70e0641a69:0x292be,35858
v1,1791231102371842,SAT,437,10728d70e0641a69:0x292be,36295
v1,1791231102384294,UNSAT,211,10728d70e0641a69:0x2934c,36506
v1,1791231102385102,SAT,505,10728d70e0641a69:0x2934c,37011
v1,1791231102393848,UNSAT,202,10728d70e0641a69:0x29394,37213
v1,1791231102394615,SAT,465,10728d70e0641a69:0x29394,37678
v1,1791231102456778,UNSAT,297,10728d70e0641a69:0x2e2bf,37975
v1,1791231102457239,SAT,160,10728d70e0641a69:0x2e2bf,38135
v1,1791231102748641,UNSAT,216,10728d70e0641a69:0x2fde4,38351
v1,1791231102749088,SAT,153,10728d70e0641a69:0x2fde4,38504
v1,1791231102786167,SAT,581,10728d70e0641a69:0xa817c,39085
v1,1791231102789496,SAT,812,10728d70e0641a69:0x115a2d,39897
v1,1791231102790835,UNSAT,225,10728d70e0641a69:0x115a2d,40122
v1,1791231102791992,UNSAT,162,10728d70e0641a69:0x115a2d,40284
v1,1791231102792710,UNSAT,139,10728d70e0641a69:0x115a2d,40423
v1,1791231102793445,UNSAT,146,10728d70e0641a69:0x115a2d,40569
v1,1791231103421936,UNSAT,214,10728d70e0641a69:0x783b7,40783
v1,1791231103422431,SAT,163,10728d70e0641a69:0x783b7,40946
v1,1791231103440910,UNSAT,218,10728d70e0641a69:0x7782e,41164
v1,1791231103441537,UNSAT,312,10728d70e0641a69:0x7782e,41476
v1,1791231103453131,UNSAT,220,10728d70e0641a69:0x77834,41696
v1,1791231103454209,SAT,745,10728d70e0641a69:0x77834,42441
v1,1791231103469233,UNSAT,215,10728d70e0641a69:0x783e9,42656
v1,1791231103469709,UNSAT,139,10728d70e0641a69:0x783e9,42795
v1,1791231108239068,UNSAT,260,10728d70e0641a69:0x3ecfe,260
v1,1791231108239793,SAT,235,10728d70e0641a69:0x3ecfe,495
v1,1791231108252123,UNSAT,213,10728d70e0641a69:0x3ed42,708
v1,1791231108252604,SAT,170,10728d70e0641a69:0x3ed42,878
v1,1791231108264541,UNSAT,203,10728d70e0641a69:0x3ed86,1081
v1,1791231108265017,SAT,171,10728d70e0641a69:0x3ed86,1252
v1,1791231108277897,UNSAT,208,10728d70e0641a69:0x3edca,1460
v1,1791231108278379,SAT,172,10728d70e0641a69:0x3edca,1632
v1,1791231108292123,UNSAT,214,10728d70e0641a69:0x3ee0e,1846
v1,1791231108292581,SAT,165,10728d70e0641a69:0x3ee0e,2011
v1,1791231108307250,UNSAT,208,10728d70e0641a69:0x3ee52,2219
v1,1791231108307707,SAT,159,10728d70e0641a69:0x3ee52,2378
v1,1791231108323254,UNSAT,209,10728d70e0641a69:0x3ee96,2587
v1,1791231108323718,SAT,158,10728d70e0641a69:0x3ee96,2745
v1,1791231108340579,UNSAT,207,10728d70e0641a69:0x3eeda,2952
v1,1791231108341046,SAT,168,10728d70e0641a69:0x3eeda,3120
v1,1791231108404203,UNSAT,221,10728d70e0641a69:0x116a40,3341
v1,1791231108405125,SAT,613,10728d70e0641a69:0x116a40,3954
v1,1791231108420435,UNSAT,218,10728d70e0641a69:0x116a84,4172
v1,1791231108421201,SAT,475,10728d70e0641a69:0x116a84,4647
v1,1791231108438136,UNSAT,213,10728d70e0641a69:0x116ac8,4860
v1,1791231108438906,SAT,469,10728d70e0641a69:0x116ac8,5329
v1,1791231108449837,UNSAT,229,10728d70e0641a69:0x116ac8,5558
v1,1791231108457102,UNSAT,195,10728d70e0641a69:0x116ac8,5753
v1,1791231108465231,UNSAT,191,10728d70e0641a69:0x116ac8,5944
v1,1791231108891241,UNSAT,207,10728d70e0641a69:0xb998f,6151
v1,1791231108892235,SAT,707,10728d70e0641a69:0xb998f,6858
v1,1791231108905887,UNSAT,191,10728d70e0641a69:0x3ea9a,7049
v1,1791231108906669,SAT,491,10728d70e0641a69:0x3ea9a,7540
v1,1791231108923077,UNSAT,203,10728d70e0641a69:0xac76b,7743
v1,1791231108923858,SAT,476,10728d70e0641a69:0xac76b,8219
v1,1791231108938273,UNSAT,218,10728d70e0641a69:0x7b733,8437
v1,1791231108939577,SAT,1011,10728d70e0641a69:0x7b733,9448
v1,1791231108953070,UNSAT,218,10728d70e0641a69:0x7b73b,9666
v1,1791231108955887,SAT,2506,10728d70e0641a69:0x7b73b,12172
v1,1791231108975036,UNSAT,214,10728d70e0641a69:0x8f435,12386
v1,1791231108975836,SAT,480,10728d70e0641a69:0x8f435,12866
v1,1791231108991840,UNSAT,217,10728d70e0641a69:0x8f435,13083
v1,1791231109009605,UNSAT,209,10728d70e0641a69:0x8f44f,13292
v1,1791231109010379,SAT,476,10728d70e0641a69:0x8f44f,13768
v1,1791231109028298,UNSAT,226,10728d70e0641a69:0x8f44f,13994
v1,1791231109041046,UNSAT,239,10728d70e0641a69:0x8f44f,14233
v1,1791231109041887,SAT,475,10728d70e0641a69:0x8f44f,14708
v1,1791231109051145,UNSAT,208,10728d70e0641a69:0x8f44f,14916
v1,1791231109061952,UNSAT,214,10728d70e0641a69:0x8f44f,15130
v1,1791231109062741,SAT,492,10728d70e0641a69:0x8f44f,15622
v1,1791231109074282,UNSAT,368,10728d70e0641a69:0x8f44f,15990
v1,1791231109087805,UNSAT,209,10728d70e0641a69:0x8f44f,16199
v1,1791231109088570,SAT,477,10728d70e0641a69:0x8f44f,16676
v1,1791231109102215,UNSAT,214,10728d70e0641a69:0x8f44f,16890
v1,1791231109117912,UNSAT,214,10728d70e0641a69:0x8f44f,17104
v1,1791231109118703,SAT,494,10728d70e0641a69:0x8f44f,17598
v1,1791231109136027,UNSAT,222,10728d70e0641a69:0x8f467,17820
v1,1791231109136583,UNSAT,241,10728d70e0641a69:0x8f467,18061
v1,1791231109155716,UNSAT,221,10728d70e0641a69:0x8f46e,18282
v1,1791231109156156,UNSAT,138,10728d70e0641a69:0x8f46e,18420
v1,1791231109178530,UNSAT,212,10728d70e0641a69:0x8f4d3,18632
v1,1791231109178980,UNSAT,143,10728d70e0641a69:0x8f4d3,18775
v1,1791231109193846,UNSAT,206,10728d70e0641a69:0x8f3b9,18981
v1,1791231109194639,SAT,499,10728d70e0641a69:0x8f3b9,19480
v1,1791231109204673,UNSAT,209,10728d70e0641a69:0x8f3b9,19689
v1,1791231109218621,UNSAT,395,10728d70e0641a69:0x8f3c9,20084
v1,1791231109219537,SAT,539,10728d70e0641a69:0x8f3c9,20623
v1,1791231109234661,UNSAT,246,10728d70e0641a69:0x8f3dc,20869
v1,1791231109235536,SAT,509,10728d70e0641a69:0x8f3dc,21378
v1,1791231109250797,UNSAT,220,10728d70e0641a69:0x8f3ed,21598
v1,1791231109251266,UNSAT,154,10728d70e0641a69:0x8f3ed,21752
v1,1791231109265945,UNSAT,253,10728d70e0641a69:0x8f3ed,22005
v1,1791231109283285,UNSAT,224,10728d70e0641a69:0x8f406,22229
v1,1791231109283727,UNSAT,140,10728d70e0641a69:0x8f406,22369
v1,1791231109300137,UNSAT,225,10728d70e0641a69:0x8f406,22594
v1,1791231109317545,UNSAT,219,10728d70e0641a69:0x8f406,22813
v1,1791231109338359,UNSAT,229,10728d70e0641a69:0x8f429,23042
v1,1791231109338788,UNSAT,138,10728d70e0641a69:0x8f429,23180
v1,1791231109345941,UNSAT,198,10728d70e0641a69:0x6cd2,23378
v1,1791231109346720,SAT,513,10728d70e0641a69:0x6cd2,23891
v1,1791231109349447,UNSAT,181,10728d70e0641a69:0x115a2d,24072
v1,1791231109349850,SAT,133,10728d70e0641a69:0x115a2d,24205
v1,1791231109351490,UNSAT,160,10728d70e0641a69:0x115a2d,24365
v1,1791231109353951,UNSAT,176,10728d70e0641a69:0x115a2d,24541
v1,1791231109355370,UNSAT,166,10728d70e0641a69:0x115a2d,24707
v1,1791231109356731,UNSAT,158,10728d70e0641a69:0x115a2d,24865
v1,1791231109358090,UNSAT,142,10728d70e0641a69:0x115a2d,25007
v1,1791231109359496,UNSAT,148,10728d70e0641a69:0x115a2d,25155
v1,1791231109360891,UNSAT,142,10728d70e0641a69:0x115a2d,25297
v1,1791231109362351,UNSAT,171,10728d70e0641a69:0x115a2d,25468
v1,1791231109366994,UNSAT,187,10728d70e0641a69:0x115a2d,25655
v1,1791231109369875,UNSAT,182,10728d70e0641a69:0x115a2d,25837
v1,1791231109372754,UNSAT,182,10728d70e0641a69:0x115a2d,26019
v1,1791231109375651,UNSAT,191,10728d70e0641a69:0x115a2d,26210
v1,1791231109378623,UNSAT,182,10728d70e0641a69:0x115a2d,26392
v1,1791231109381625,UNSAT,182,10728d70e0641a69:0x115a2d,26574
v1,1791231109384596,UNSAT,174,10728d70e0641a69:0x115a2d,26748
v1,1791231109387575,UNSAT,177,10728d70e0641a69:0x115a2d,26925
v1,1791231109389937,UNSAT,168,10728d70e0641a69:0x115a2d,27093
v1,1791231109391739,UNSAT,149,10728d70e0641a69:0x115a2d,27242
v1,1791231109393545,UNSAT,158,10728d70e0641a69:0x115a2d,27400
v1,1791231109395355,UNSAT,177,10728d70e0641a69:0x115a2d,27577
v1,1791231109398336,UNSAT,254,10728d70e0641a69:0x115a2d,27831
v1,1791231109400735,UNSAT,177,10728d70e0641a69:0x115a2d,28008
v1,1791231109402745,UNSAT,160,10728d70e0641a69:0x115a2d,28168
v1,1791231109404748,UNSAT,160,10728d70e0641a69:0x115a2d,28328
v1,1791231109406844,UNSAT,168,10728d70e0641a69:0x115a2d,28496
v1,1791231109408890,UNSAT,152,10728d70e0641a69:0x115a2d,28648
v1,1791231109410961,UNSAT,153,10728d70e0641a69:0x115a2d,28801
v1,1791231109413076,UNSAT,164,10728d70e0641a69:0x115a2d,28965
v1,1791231109415424,UNSAT,183,10728d70e0641a69:0x115a2d,29148
v1,1791231109417796,UNSAT,246,10728d70e0641a69:0x115a2d,29394
v1,1791231109420093,UNSAT,167,10728d70e0641a69:0x115a2d,29561
v1,1791231109422305,UNSAT,168,10728d70e0641a69:0x115a2d,29729
v1,1791231109429030,UNSAT,308,10728d70e0641a69:0xa6db7,30037
v1,1791231109430011,SAT,557,10728d70e0641a69:0xa6db7,30594
v1,1791231109448154,UNSAT,221,10728d70e0641a69:0x7b733,30815
v1,1791231109449431,SAT,967,10728d70e0641a69:0x7b733,31782
v1,1791231109453633,UNSAT,209,10728d70e0641a69:0xa6ec6,31991
v1,1791231109454767,SAT,795,10728d70e0641a69:0xa6ec6,32786
v1,1791231109467503,SAT,718,10728d70e0641a69:0xac92b,33504
v1,1791231109472241,SAT,557,10728d70e0641a69:0xac953,34061
v1,1791231109474479,UNSAT,186,10728d70e0641a69:0xac962,34247
v1,1791231109475281,SAT,538,10728d70e0641a69:0xac962,34785
v1,1791231109480384,SAT,813,10728d70e0641a69:0xac98c,35598
v1,1791231109482405,UNSAT,189,10728d70e0641a69:0xac992,35787
v1,1791231109483264,SAT,592,10728d70e0641a69:0xac992,36379
v1,1791231109488241,SAT,586,10728d70e0641a69:0xac9c5,36965
v1,1791231109490187,UNSAT,169,10728d70e0641a69:0xac9cf,37134
v1,1791231109491186,SAT,756,10728d70e0641a69:0xac9cf,37890
v1,1791231109497558,SAT,575,10728d70e0641a69:0xac9fc,38465
v1,1791231109500595,UNSAT,182,10728d70e0641a69:0xaca06,38647
v1,1791231109501366,SAT,526,10728d70e0641a69:0xaca06,39173
v1,1791231109506042,SAT,669,10728d70e0641a69:0xaca2e,39842
v1,1791231109508372,UNSAT,258,10728d70e0641a69:0xaca32,40100
v1,1791231109509560,SAT,815,10728d70e0641a69:0xaca32,40915
v1,1791231109514512,SAT,576,10728d70e0641a69:0xaca68,41491
v1,1791231109516351,UNSAT,186,10728d70e0641a69:0xaca72,41677
v1,1791231109517139,SAT,550,10728d70e0641a69:0xaca72,42227
v1,1791231109520913,SAT,538,10728d70e0641a69:0xaca8c,42765
v1,1791231109526458,UNSAT,347,10728d70e0641a69:0xacad3,43112
v1,1791231109527550,SAT,600,10728d70e0641a69:0xacad3,43712
v1,1791231109548602,SAT,633,10728d70e0641a69:0x1b2f6,44345
v1,1791231109554954,UNSAT,193,10728d70e0641a69:0x1b33c,44538
v1,1791231109555776,SAT,573,10728d70e0641a69:0x1b33c,45111
v1,1791231109563005,SAT,990,10728d70e0641a69:0x1b38a,46101
v1,1791231109569425,SAT,576,10728d70e0641a69:0x1b3d1,46677
v1,1791231109574910,UNSAT,189,10728d70e0641a69:0x1b417,46866
v1,1791231109575699,SAT,541,10728d70e0641a69:0x1b417,47407
v1,1791231109583340,SAT,1637,10728d70e0641a69:0x1b45f,49044
v1,1791231109589329,SAT,608,10728d70e0641a69:0x1b4a9,49652
v1,1791231109594789,UNSAT,191,10728d70e0641a69:0x1b4ef,49843
v1,1791231109595597,SAT,528,10728d70e0641a69:0x1b4ef,50371
v1,1791231109602719,SAT,1579,10728d70e0641a69:0x1b535,51950
v1,1791231109608533,SAT,512,10728d70e0641a69:0x1b57f,52462
v1,1791231109614570,SAT,439,10728d70e0641a69:0x1b5c8,52901
v1,1791231109622283,SAT,1709,10728d70e0641a69:0x1b614,54610
v1,1791231109630618,SAT,2594,10728d70e0641a69:0x1b659,57204
v1,1791231109640242,SAT,3602,10728d70e0641a69:0x1b696,60806
v1,1791231109708656,UNSAT,212,10728d70e0641a69:0x1b756,61018
v1,1791231109709116,SAT,157,10728d70e0641a69:0x1b756,61175
v1,1791231109719598,UNSAT,216,10728d70e0641a69:0x1b792,61391
v1,1791231109720191,SAT,191,10728d70e0641a69:0x1b792,61582
v1,1791231109745571,UNSAT,202,10728d70e0641a69:0x1b85c,61784
v1,1791231109746041,SAT,158,10728d70e0641a69:0x1b85c,61942
v1,1791231109757022,UNSAT,220,10728d70e0641a69:0x1b89a,62162
v1,1791231109757503,SAT,162,10728d70e0641a69:0x1b89a,62324
v1,1791231109777727,UNSAT,208,10728d70e0641a69:0x1b95e,62532
v1,1791231109778200,SAT,170,10728d70e0641a69:0x1b95e,62702
v1,1791231109789144,UNSAT,218,10728d70e0641a69:0x1b99a,62920
v1,1791231109789654,SAT,194,10728d70e0641a69:0x1b99a,63114
v1,1791231109817591,UNSAT,206,10728d70e0641a69:0x1625e,63320
v1,1791231109818057,SAT,160,10728d70e0641a69:0x1625e,63480
v1,1791231109856388,UNSAT,231,10728d70e0641a69:0x1bab5,63711
v1,1791231109857223,SAT,515,10728d70e0641a69:0x1bab5,64226
v1,1791231109869337,UNSAT,218,10728d70e0641a69:0x1bb00,64444
v1,1791231109869813,SAT,164,10728d70e0641a69:0x1bb00,64608
v1,1791231109881539,UNSAT,222,10728d70e0641a69:0x1bb3e,64830
v1,1791231109882038,SAT,166,10728d70e0641a69:0x1bb3e,64996
v1,1791231109903772,UNSAT,219,10728d70e0641a69:0x1bc05,65215
v1,1791231109904274,SAT,181,10728d70e0641a69:0x1bc05,65396
v1,1791231109916234,UNSAT,210,10728d70e0641a69:0x1bc42,65606
v1,1791231109916734,SAT,171,10728d70e0641a69:0x1bc42,65777
v1,1791231109937721,UNSAT,214,10728d70e0641a69:0x1625e,65991
v1,1791231109938219,SAT,180,10728d70e0641a69:0x1625e,66171
v1,1791231109953070,UNSAT,207,10728d70e0641a69:0x1bd5d,66378
v1,1791231109953887,SAT,499,10728d70e0641a69:0x1bd5d,66877
v1,1791231109991574,UNSAT,228,10728d70e0641a69:0x1be4a,67105
v1,1791231109992153,SAT,255,10728d70e0641a69:0x1be4a,67360
v1,1791231110016601,UNSAT,220,10728d70e0641a69:0x1bece,67580
v1,1791231110017086,SAT,164,10728d70e0641a69:0x1bece,67744
v1,1791231110042217,UNSAT,217,10728d70e0641a69:0x1bf5e,67961
v1,1791231110043107,SAT,540,10728d70e0641a69:0x1bf5e,68501
v1,1791231110065090,UNSAT,231,10728d70e0641a69:0x1c026,68732
v1,1791231110065628,SAT,204,10728d70e0641a69:0x1c026,68936
v1,1791231110091180,UNSAT,242,10728d70e0641a69:0x1c0aa,69178
v1,1791231110091741,SAT,178,10728d70e0641a69:0x1c0aa,69356
v1,1791231110114806,UNSAT,205,10728d70e0641a69:0x1c136,69561
v1,1791231110115630,SAT,504,10728d70e0641a69:0x1c136,70065
v1,1791231110132388,UNSAT,233,10728d70e0641a69:0x1c1b9,70298
v1,1791231110132907,SAT,174,10728d70e0641a69:0x1c1b9,70472
v1,1791231110150096,UNSAT,226,10728d70e0641a69:0x1c23d,70698
v1,1791231110150817,SAT,384,10728d70e0641a69:0x1c23d,71082
v1,1791231110170661,UNSAT,223,10728d70e0641a69:0x1c2cd,71305
v1,1791231110171537,SAT,534,10728d70e0641a69:0x1c2cd,71839
v1,1791231110343913,UNSAT,214,10728d70e0641a69:0x1c8ae,72053
v1,1791231110344783,SAT,553,10728d70e0641a69:0x1c8ae,72606
v1,1791231110358355,UNSAT,236,10728d70e0641a69:0x1c8f2,72842
v1,1791231110359166,SAT,493,10728d70e0641a69:0x1c8f2,73335
v1,1791231110371792,UNSAT,224,10728d70e0641a69:0x1c93f,73559
v1,1791231110372616,SAT,516,10728d70e0641a69:0x1c93f,74075
v1,1791231110385204,UNSAT,215,10728d70e0641a69:0x1c987,74290
v1,1791231110386062,SAT,525,10728d70e0641a69:0x1c987,74815
v1,1791231110398707,UNSAT,230,10728d70e0641a69:0x1c9d6,75045
v1,1791231110399548,SAT,529,10728d70e0641a69:0x1c9d6,75574
v1,1791231110411924,UNSAT,220,10728d70e0641a69:0x1ca1b,75794
v1,1791231110412739,SAT,506,10728d70e0641a69:0x1ca1b,76300
v1,1791231110425771,UNSAT,235,10728d70e0641a69:0x1ca6c,76535
v1,1791231110426648,SAT,524,10728d70e0641a69:0x1ca6c,77059
v1,1791231110439211,UNSAT,217,10728d70e0641a69:0x1cab3,77276
v1,1791231110440058,SAT,520,10728d70e0641a69:0x1cab3,77796
v1,1791231110453190,UNSAT,217,10728d70e0641a69:0x1cb00,78013
v1,1791231110454025,SAT,515,10728d70e0641a69:0x1cb00,78528
v1,1791231110467342,UNSAT,233,10728d70e0641a69:0x1cb45,78761
v1,1791231110468316,SAT,643,10728d70e0641a69:0x1cb45,79404
v1,1791231110482283,UNSAT,219,10728d70e0641a69:0x1cb94,79623
v1,1791231110483131,SAT,528,10728d70e0641a69:0x1cb94,80151
v1,1791231110496184,UNSAT,220,10728d70e0641a69:0x1cbdb,80371
v1,1791231110497032,SAT,524,10728d70e0641a69:0x1cbdb,80895
v1,1791231110510817,UNSAT,321,10728d70e0641a69:0x1cc2d,81216
v1,1791231110511664,SAT,524,10728d70e0641a69:0x1cc2d,81740
v1,1791231110525103,UNSAT,209,10728d70e0641a69:0x1cc73,81949
v1,1791231110525906,SAT,492,10728d70e0641a69:0x1cc73,82441
v1,1791231110539954,UNSAT,218,10728d70e0641a69:0x1ccc4,82659
v1,1791231110540790,SAT,514,10728d70e0641a69:0x1ccc4,83173
v1,1791231110554748,UNSAT,228,10728d70e0641a69:0x1cd11,83401
v1,1791231110555613,SAT,546,10728d70e0641a69:0x1cd11,83947
v1,1791231110583297,UNSAT,216,10728d70e0641a69:0x1d0d4,84163
v1,1791231110584615,SAT,997,10728d70e0641a69:0x1d0d4,85160
v1,1791231110598915,UNSAT,229,10728d70e0641a69:0x1d121,85389
v1,1791231110600267,SAT,1016,10728d70e0641a69:0x1d121,86405
v1,1791231110614843,UNSAT,223,10728d70e0641a69:0x1d172,86628
v1,1791231110616122,SAT,956,10728d70e0641a69:0x1d172,87584
v1,1791231110630703,UNSAT,218,10728d70e0641a69:0x1d1c2,87802
v1,1791231110632030,SAT,1000,10728d70e0641a69:0x1d1c2,88802
v1,1791231110647321,UNSAT,214,10728d70e0641a69:0x1d20f,89016
v1,1791231110648625,SAT,981,10728d70e0641a69:0x1d20f,89997
v1,1791231110664589,UNSAT,222,10728d70e0641a69:0x1d262,90219
v1,1791231110665885,SAT,979,10728d70e0641a69:0x1d262,91198
v1,1791231110680933,UNSAT,227,10728d70e0641a69:0x1d2b2,91425
v1,1791231110682228,SAT,951,10728d70e0641a69:0x1d2b2,92376
v1,1791231110697422,UNSAT,222,10728d70e0641a69:0x1d2ff,92598
v1,1791231110698735,SAT,978,10728d70e0641a69:0x1d2ff,93576
v1,1791231110760670,UNSAT,224,10728d70e0641a69:0x7b733,93800
v1,1791231110762002,SAT,1028,10728d70e0641a69:0x7b733,94828
v1,1791231110772104,UNSAT,219,10728d70e0641a69:0x7b73b,95047
v1,1791231110775003,SAT,2586,10728d70e0641a69:0x7b73b,97633
v1,1791231110785663,UNSAT,232,10728d70e0641a69:0x7b73b,97865
v1,1791231110797218,UNSAT,214,10728d70e0641a69:0x7b73b,98079
v1,1791231110809897,UNSAT,211,10728d70e0641a69:0x7b73b,98290
v1,1791231110823630,UNSAT,220,10728d70e0641a69:0x7b73b,98510
v1,1791231110825566,SAT,539,10728d70e0641a69:0xa817c,99049
v1,1791231111404697,UNSAT,255,10728d70e0641a69:0x783b7,99304
v1,1791231111405212,SAT,169,10728d70e0641a69:0x783b7,99473
v1,1791231111424375,UNSAT,228,10728d70e0641a69:0x7782e,99701
v1,1791231111424990,UNSAT,309,10728d70e0641a69:0x7782e,100010
v1,1791231111438242,UNSAT,217,10728d70e0641a69:0x77834,100227
v1,1791231111439810,SAT,1236,10728d70e0641a69:0x77834,101463
v1,1791231111457490,UNSAT,235,10728d70e0641a69:0x783e9,101698
v1,1791231111457955,UNSAT,142,10728d70e0641a69:0x783e9,101840
v1,1791231118925688,UNSAT,225,10728d70e0641a69:0xacdeb,225
v1,1791231118926605,SAT,225,10728d70e0641a69:0xacdeb,450
v1,1791231118939299,UNSAT,205,10728d70e0641a69:0xa897f,655
v1,1791231118940058,SAT,313,10728d70e0641a69:0xa897f,968
v1,1791231118950974,UNSAT,196,10728d70e0641a69:0xa8a0f,1164
v1,1791231118951874,SAT,628,10728d70e0641a69:0xa8a0f,1792
v1,1791231118958710,UNSAT,193,10728d70e0641a69:0xa904a,1985
v1,1791231118959458,SAT,471,10728d70e0641a69:0xa904a,2456
v1,1791231118964333,UNSAT,195,10728d70e0641a69:0x6e1b4,2651
v1,1791231118964769,SAT,162,10728d70e0641a69:0x6e1b4,2813
v1,1791231118967467,UNSAT,203,10728d70e0641a69:0x7b73b,3016
v1,1791231118968334,SAT,502,10728d70e0641a69:0x7b73b,3518
v1,1791231118971502,UNSAT,197,10728d70e0641a69:0x7b746,3715
v1,1791231118972123,SAT,320,10728d70e0641a69:0x7b746,4035
v1,1791231118977704,UNSAT,190,10728d70e0641a69:0x8f3b4,4225
v1,1791231118978498,SAT,510,10728d70e0641a69:0x8f3b4,4735
v1,1791231118988642,UNSAT,200,10728d70e0641a69:0x8f467,4935
v1,1791231118989874,SAT,942,10728d70e0641a69:0x8f467,5877
v1,1791231118993874,UNSAT,188,10728d70e0641a69:0x8f46e,6065
v1,1791231118994698,SAT,548,10728d70e0641a69:0x8f46e,6613
v1,1791231119000323,UNSAT,274,10728d70e0641a69:0x8f4d3,6887
v1,1791231119001520,SAT,754,10728d70e0641a69:0x8f4d3,7641
v1,1791231119007055,UNSAT,207,10728d70e0641a69:0x8f3b9,7848
v1,1791231119007851,SAT,481,10728d70e0641a69:0x8f3b9,8329
v1,1791231119013174,UNSAT,202,10728d70e0641a69:0x8f3c9,8531
v1,1791231119013947,SAT,470,10728d70e0641a69:0x8f3c9,9001
v1,1791231119019198,UNSAT,199,10728d70e0641a69:0x8f3dc,9200
v1,1791231119019988,SAT,489,10728d70e0641a69:0x8f3dc,9689
v1,1791231119024753,UNSAT,184,10728d70e0641a69:0x8f3ed,9873
v1,1791231119025506,SAT,483,10728d70e0641a69:0x8f3ed,10356
v1,1791231119030919,UNSAT,194,10728d70e0641a69:0x8f406,10550
v1,1791231119031694,SAT,498,10728d70e0641a69:0x8f406,11048
v1,1791231119037370,UNSAT,225,10728d70e0641a69:0x8f429,11273
v1,1791231119038124,SAT,475,10728d70e0641a69:0x8f429,11748
v1,1791231119044753,UNSAT,192,10728d70e0641a69:0x7b782,11940
v1,1791231119045170,UNSAT,141,10728d70e0641a69:0x7b782,12081
v1,1791231119048792,UNSAT,193,10728d70e0641a69:0x6e283,12274
v1,1791231119049222,UNSAT,143,10728d70e0641a69:0x6e283,12417
v1,1791231119052596,UNSAT,192,10728d70e0641a69:0x5db32,12609
v1,1791231119053002,UNSAT,142,10728d70e0641a69:0x5db32,12751
v1,1791231119059791,UNSAT,217,10728d70e0641a69:0x6cd2,12968
v1,1791231119060613,SAT,504,10728d70e0641a69:0x6cd2,13472
v1,1791231119064665,UNSAT,190,10728d70e0641a69:0x6d9b,13662
v1,1791231119065107,SAT,161,10728d70e0641a69:0x6d9b,13823
v1,1791231119069020,UNSAT,200,10728d70e0641a69:0x6dee,14023
v1,1791231119069476,SAT,157,10728d70e0641a69:0x6dee,14180
v1,1791231119073666,UNSAT,185,10728d70e0641a69:0x115a2d,14365
v1,1791231119074074,SAT,137,10728d70e0641a69:0x115a2d,14502
v1,1791231119078267,UNSAT,186,10728d70e0641a69:0x1167a4,14688
v1,1791231119079033,SAT,482,10728d70e0641a69:0x1167a4,15170
v1,1791231119082723,UNSAT,177,10728d70e0641a69:0x1167a4,15347
v1,1791231119086174,UNSAT,277,10728d70e0641a69:0x1167a4,15624
v1,1791231119089619,UNSAT,175,10728d70e0641a69:0x1167a4,15799
v1,1791231119093064,UNSAT,175,10728d70e0641a69:0x1167a4,15974
v1,1791231119096839,UNSAT,196,10728d70e0641a69:0x1167a4,16170
v1,1791231119100432,UNSAT,191,10728d70e0641a69:0x1167a4,16361
v1,1791231119104027,UNSAT,176,10728d70e0641a69:0x1167a4,16537
v1,1791231119107670,UNSAT,175,10728d70e0641a69:0x1167a4,16712
v1,1791231119112098,UNSAT,189,10728d70e0641a69:0x1168c7,16901
v1,1791231119113398,SAT,1018,10728d70e0641a69:0x1168c7,17919
v1,1791231119120504,UNSAT,196,10728d70e0641a69:0x1168c7,18115
v1,1791231119125687,UNSAT,207,10728d70e0641a69:0x1168c7,18322
v1,1791231119130906,UNSAT,201,10728d70e0641a69:0x1168c7,18523
v1,1791231119136287,UNSAT,207,10728d70e0641a69:0x1168c7,18730
v1,1791231119141829,UNSAT,202,10728d70e0641a69:0x1168c7,18932
v1,1791231119147403,UNSAT,199,10728d70e0641a69:0x1168c7,19131
v1,1791231119153004,UNSAT,201,10728d70e0641a69:0x1168c7,19332
v1,1791231119158744,UNSAT,199,10728d70e0641a69:0x1168c7,19531
v1,1791231119168027,UNSAT,382,10728d70e0641a69:0x1168c7,19913
v1,1791231119169638,SAT,1298,10728d70e0641a69:0x1168c7,21211
v1,1791231119176807,UNSAT,208,10728d70e0641a69:0x116947,21419
v1,1791231119177590,SAT,490,10728d70e0641a69:0x116947,21909
v1,1791231119183909,UNSAT,212,10728d70e0641a69:0x6e7d,22121
v1,1791231119184363,UNSAT,152,10728d70e0641a69:0x6e7d,22273
v1,1791231119194409,UNSAT,210,10728d70e0641a69:0xa93cd,22483
v1,1791231119195204,SAT,483,10728d70e0641a69:0xa93cd,22966
v1,1791231119213177,UNSAT,208,10728d70e0641a69:0x7b733,23174
v1,1791231119214439,SAT,938,10728d70e0641a69:0x7b733,24112
v1,1791231119224757,UNSAT,219,10728d70e0641a69:0xa94e7,24331
v1,1791231119225214,SAT,168,10728d70e0641a69:0xa94e7,24499
v1,1791231119235758,UNSAT,237,10728d70e0641a69:0xa9539,24736
v1,1791231119236650,SAT,510,10728d70e0641a69:0xa9539,25246
v1,1791231119265483,UNSAT,213,10728d70e0641a69:0x290c3,25459
v1,1791231119266300,SAT,520,10728d70e0641a69:0x290c3,25979
v1,1791231119277136,UNSAT,220,10728d70e0641a69:0x2910c,26199
v1,1791231119278062,SAT,600,10728d70e0641a69:0x2910c,26799
v1,1791231119293004,UNSAT,220,10728d70e0641a69:0x2919f,27019
v1,1791231119293873,SAT,561,10728d70e0641a69:0x2919f,27580
v1,1791231119305075,UNSAT,209,10728d70e0641a69:0x291e6,27789
v1,1791231119305906,SAT,528,10728d70e0641a69:0x291e6,28317
v1,1791231119320885,UNSAT,214,10728d70e0641a69:0x29277,28531
v1,1791231119321812,SAT,616,10728d70e0641a69:0x29277,29147
v1,1791231119333266,UNSAT,204,10728d70e0641a69:0x292be,29351
v1,1791231119334070,SAT,501,10728d70e0641a69:0x292be,29852
v1,1791231119410138,UNSAT,211,10728d70e0641a69:0x2e2bf,30063
v1,1791231119410602,SAT,164,10728d70e0641a69:0x2e2bf,30227
v1,1791231119696789,UNSAT,212,10728d70e0641a69:0x2fde4,30439
v1,1791231119697247,SAT,172,10728d70e0641a69:0x2fde4,30611
v1,1791231119734003,SAT,588,10728d70e0641a69:0xa817c,31199
v1,1791231120316393,UNSAT,225,10728d70e0641a69:0x783b7,31424
v1,1791231120316903,SAT,176,10728d70e0641a69:0x783b7,31600
v1,1791231120335773,UNSAT,217,10728d70e0641a69:0x77834,31817
v1,1791231120336956,SAT,856,10728d70e0641a69:0x77834,32673
v1,1791231120350679,UNSAT,282,10728d70e0641a69:0x783e9,32955
v1,1791231120351158,UNSAT,143,10728d70e0641a69:0x783e9,33098
v1,1791231125742323,UNSAT,257,10728d70e0641a69:0x3eeda,257
v1,1791231125743478,SAT,642,10728d70e0641a69:0x3eeda,899
v1,1791231125791896,UNSAT,204,10728d70e0641a69:0x3c23b,1103
v1,1791231125792363,SAT,169,10728d70e0641a69:0x3c23b,1272
v1,1791231125795249,UNSAT,203,10728d70e0641a69:0x81b84,1475
v1,1791231125795945,UNSAT,345,10728d70e0641a69:0x81b84,1820
v1,1791231125798714,UNSAT,216,10728d70e0641a69:0x81bb5,2036
v1,1791231125800595,SAT,1581,10728d70e0641a69:0x81bb5,3617
v1,1791231125836482,UNSAT,227,10728d70e0641a69:0x8f258,3844
v1,1791231125837468,SAT,666,10728d70e0641a69:0x8f258,4510
v1,1791231125845224,UNSAT,204,10728d70e0641a69:0x8f25e,4714
v1,1791231125846224,SAT,673,10728d70e0641a69:0x8f25e,5387
v1,1791231125853830,UNSAT,197,10728d70e0641a69:0x8f2f6,5584
v1,1791231125854624,SAT,497,10728d70e0641a69:0x8f2f6,6081
v1,1791231125861761,UNSAT,204,10728d70e0641a69:0x8f2fb,6285
v1,1791231125862546,SAT,478,10728d70e0641a69:0x8f2fb,6763
v1,1791231125869221,UNSAT,205,10728d70e0641a69:0x8f2fb,6968
v1,1791231125884525,UNSAT,200,10728d70e0641a69:0x6e1b4,7168
v1,1791231125884974,SAT,169,10728d70e0641a69:0x6e1b4,7337
v1,1791231125891690,UNSAT,203,10728d70e0641a69:0x7b73b,7540
v1,1791231125892481,SAT,484,10728d70e0641a69:0x7b73b,8024
v1,1791231125899248,UNSAT,196,10728d70e0641a69:0x7b746,8220
v1,1791231125899972,SAT,391,10728d70e0641a69:0x7b746,8611
v1,1791231125906789,UNSAT,196,10728d70e0641a69:0x7b74f,8807
v1,1791231125907263,SAT,171,10728d70e0641a69:0x7b74f,8978
v1,1791231125914273,UNSAT,209,10728d70e0641a69:0x7b76c,9187
v1,1791231125914747,SAT,165,10728d70e0641a69:0x7b76c,9352
v1,1791231125922158,UNSAT,204,10728d70e0641a69:0x7b76c,9556
v1,1791231125922963,SAT,500,10728d70e0641a69:0x7b76c,10056
v1,1791231125930403,UNSAT,205,10728d70e0641a69:0x7b782,10261
v1,1791231125930843,UNSAT,150,10728d70e0641a69:0x7b782,10411
v1,1791231125938416,UNSAT,225,10728d70e0641a69:0x6e283,10636
v1,1791231125938858,UNSAT,143,10728d70e0641a69:0x6e283,10779
v1,1791231125946359,UNSAT,205,10728d70e0641a69:0x5db32,10984
v1,1791231125946782,UNSAT,132,10728d70e0641a69:0x5db32,11116
v1,1791231125957163,UNSAT,962,10728d70e0641a69:0x6cd2,12078
v1,1791231125958167,SAT,475,10728d70e0641a69:0x6cd2,12553
v1,1791231125966306,UNSAT,222,10728d70e0641a69:0x6d9b,12775
v1,1791231125966767,SAT,158,10728d70e0641a69:0x6d9b,12933
v1,1791231125975153,UNSAT,204,10728d70e0641a69:0x6dee,13137
v1,1791231125975650,SAT,172,10728d70e0641a69:0x6dee,13309
v1,1791231125985395,UNSAT,265,10728d70e0641a69:0x115a2d,13574
v1,1791231125985827,SAT,140,10728d70e0641a69:0x115a2d,13714
v1,1791231125996314,UNSAT,220,10728d70e0641a69:0x1167a4,13934
v1,1791231125997127,SAT,500,10728d70e0641a69:0x1167a4,14434
v1,1791231126006537,UNSAT,260,10728d70e0641a69:0x116947,14694
v1,1791231126006989,SAT,154,10728d70e0641a69:0x116947,14848
v1,1791231126015193,UNSAT,251,10728d70e0641a69:0x116947,15099
v1,1791231126024302,UNSAT,223,10728d70e0641a69:0x1169b7,15322
v1,1791231126024763,SAT,160,10728d70e0641a69:0x1169b7,15482
v1,1791231126034089,UNSAT,220,10728d70e0641a69:0x1169fb,15702
v1,1791231126034867,SAT,466,10728d70e0641a69:0x1169fb,16168
v1,1791231126044538,UNSAT,214,10728d70e0641a69:0x116a40,16382
v1,1791231126045329,SAT,491,10728d70e0641a69:0x116a40,16873
v1,1791231126055508,UNSAT,210,10728d70e0641a69:0x116a84,17083
v1,1791231126056313,SAT,503,10728d70e0641a69:0x116a84,17586
v1,1791231126066539,UNSAT,221,10728d70e0641a69:0x116ac8,17807
v1,1791231126067346,SAT,492,10728d70e0641a69:0x116ac8,18299
v1,1791231126076481,UNSAT,220,10728d70e0641a69:0x116ac8,18519
v1,1791231126085775,UNSAT,255,10728d70e0641a69:0x116ac8,18774
v1,1791231126095037,UNSAT,211,10728d70e0641a69:0x116ac8,18985
v1,1791231126105183,UNSAT,224,10728d70e0641a69:0x116e00,19209
v1,1791231126105981,SAT,491,10728d70e0641a69:0x116e00,19700
v1,1791231126117004,UNSAT,212,10728d70e0641a69:0x6e7d,19912
v1,1791231126117461,UNSAT,150,10728d70e0641a69:0x6e7d,20062
v1,1791231126129549,UNSAT,215,10728d70e0641a69:0xa6db7,20277
v1,1791231126130328,SAT,473,10728d70e0641a69:0xa6db7,20750
v1,1791231126149813,UNSAT,209,10728d70e0641a69:0x7b733,20959
v1,1791231126150965,SAT,851,10728d70e0641a69:0x7b733,21810
v1,1791231126163084,UNSAT,213,10728d70e0641a69:0xa6ec6,22023
v1,1791231126163571,SAT,165,10728d70e0641a69:0xa6ec6,22188
v1,1791231126179352,UNSAT,220,10728d70e0641a69:0xa6f12,22408
v1,1791231126180143,SAT,484,10728d70e0641a69:0xa6f12,22892
v1,1791231126217687,UNSAT,214,10728d70e0641a69:0x2910c,23106
v1,1791231126218512,SAT,508,10728d70e0641a69:0x2910c,23614
v1,1791231126237087,UNSAT,220,10728d70e0641a69:0x2919f,23834
v1,1791231126237923,SAT,512,10728d70e0641a69:0x2919f,24346
v1,1791231126249853,UNSAT,223,10728d70e0641a69:0x291e6,24569
v1,1791231126250638,SAT,441,10728d70e0641a69:0x291e6,25010
v1,1791231126266251,UNSAT,251,10728d70e0641a69:0x29277,25261
v1,1791231126267085,SAT,495,10728d70e0641a69:0x29277,25756
v1,1791231126279201,UNSAT,223,10728d70e0641a69:0x292be,25979
v1,1791231126279952,SAT,418,10728d70e0641a69:0x292be,26397
v1,1791231126299660,UNSAT,213,10728d70e0641a69:0x29394,26610
v1,1791231126300436,SAT,449,10728d70e0641a69:0x29394,27059
v1,1791231126365842,UNSAT,215,10728d70e0641a69:0x2e2bf,27274
v1,1791231126366332,SAT,184,10728d70e0641a69:0x2e2bf,27458
v1,1791231126647372,SAT,609,10728d70e0641a69:0xa817c,28067
v1,1791231126649027,UNSAT,172,10728d70e0641a69:0x1159e5,28239
v1,1791231126649452,UNSAT,146,10728d70e0641a69:0x1159e5,28385
v1,1791231126651202,SAT,513,10728d70e0641a69:0x6cd2,28898
v1,1791231126654264,UNSAT,191,10728d70e0641a69:0xa81f9,29089
v1,1791231126655052,SAT,513,10728d70e0641a69:0xa81f9,29602
v1,1791231126656709,UNSAT,172,10728d70e0641a69:0xa8240,29774
v1,1791231126657417,SAT,441,10728d70e0641a69:0xa8240,30215
v1,1791231126659523,UNSAT,478,10728d70e0641a69:0xa828b,30693
v1,1791231126660303,SAT,466,10728d70e0641a69:0xa828b,31159
v1,1791231126662797,UNSAT,265,10728d70e0641a69:0xa82d2,31424
v1,1791231126663645,SAT,508,10728d70e0641a69:0xa82d2,31932
v1,1791231126665541,UNSAT,236,10728d70e0641a69:0xa831e,32168
v1,1791231126666238,SAT,419,10728d70e0641a69:0xa831e,32587
v1,1791231126668279,UNSAT,185,10728d70e0641a69:0xa8362,32772
v1,1791231126669026,SAT,485,10728d70e0641a69:0xa8362,33257
v1,1791231126671172,UNSAT,177,10728d70e0641a69:0xa83af,33434
v1,1791231126671923,SAT,484,10728d70e0641a69:0xa83af,33918
v1,1791231126674180,UNSAT,178,10728d70e0641a69:0xa83f8,34096
v1,1791231126674956,SAT,462,10728d70e0641a69:0xa83f8,34558
v1,1791231126677241,UNSAT,190,10728d70e0641a69:0xa856e,34748
v1,1791231126677688,SAT,159,10728d70e0641a69:0xa856e,34907
v1,1791231126680115,UNSAT,187,10728d70e0641a69:0xa85ea,35094
v1,1791231126680862,SAT,441,10728d70e0641a69:0xa85ea,35535
v1,1791231126683956,UNSAT,180,10728d70e0641a69:0x3e5dd,35715
v1,1791231126684453,SAT,226,10728d70e0641a69:0x3e5dd,35941
v1,1791231126686958,UNSAT,182,10728d70e0641a69:0x3e6a2,36123
v1,1791231126687431,SAT,178,10728d70e0641a69:0x3e6a2,36301
v1,1791231126690035,UNSAT,200,10728d70e0641a69:0x3e6e6,36501
v1,1791231126691294,SAT,965,10728d70e0641a69:0x3e6e6,37466
v1,1791231126694059,UNSAT,179,10728d70e0641a69:0x3e730,37645
v1,1791231126694483,UNSAT,140,10728d70e0641a69:0x3e730,37785
v1,1791231126696802,UNSAT,173,10728d70e0641a69:0x3e9ce,37958
v1,1791231126697245,SAT,167,10728d70e0641a69:0x3e9ce,38125
v1,1791231126700039,UNSAT,179,10728d70e0641a69:0x3ea12,38304
v1,1791231126700488,SAT,164,10728d70e0641a69:0x3ea12,38468
v1,1791231126703317,UNSAT,192,10728d70e0641a69:0x3ea56,38660
v1,1791231126703755,SAT,161,10728d70e0641a69:0x3ea56,38821
v1,1791231126706799,UNSAT,186,10728d70e0641a69:0x3ea9a,39007
v1,1791231126707567,SAT,487,10728d70e0641a69:0x3ea9a,39494
v1,1791231126724561,UNSAT,205,10728d70e0641a69:0xac76b,39699
v1,1791231126725323,SAT,482,10728d70e0641a69:0xac76b,40181
v1,1791231126744983,UNSAT,220,10728d70e0641a69:0x8f435,40401
v1,1791231126745813,SAT,498,10728d70e0641a69:0x8f435,40899
v1,1791231126758582,UNSAT,220,10728d70e0641a69:0x8f435,41119
v1,1791231126772539,UNSAT,220,10728d70e0641a69:0x8f44f,41339
v1,1791231126773317,SAT,483,10728d70e0641a69:0x8f44f,41822
v1,1791231126786406,UNSAT,220,10728d70e0641a69:0x8f44f,42042
v1,1791231126801999,UNSAT,213,10728d70e0641a69:0x8f44f,42255
v1,1791231126802854,SAT,561,10728d70e0641a69:0x8f44f,42816
v1,1791231126818661,UNSAT,206,10728d70e0641a69:0x8f467,43022
v1,1791231126819201,UNSAT,226,10728d70e0641a69:0x8f467,43248
v1,1791231126831882,UNSAT,216,10728d70e0641a69:0x8f46e,43464
v1,1791231126832347,UNSAT,145,10728d70e0641a69:0x8f46e,43609
v1,1791231126845509,UNSAT,210,10728d70e0641a69:0x8f4d3,43819
v1,1791231126845979,UNSAT,146,10728d70e0641a69:0x8f4d3,43965
v1,1791231126860192,UNSAT,211,10728d70e0641a69:0x8f3b9,44176
v1,1791231126861037,SAT,491,10728d70e0641a69:0x8f3b9,44667
v1,1791231126874073,UNSAT,228,10728d70e0641a69:0x8f3b9,44895
v1,1791231126888639,UNSAT,222,10728d70e0641a69:0x8f3c9,45117
v1,1791231126889422,SAT,487,10728d70e0641a69:0x8f3c9,45604
v1,1791231126905008,UNSAT,219,10728d70e0641a69:0x8f3dc,45823
v1,1791231126905897,SAT,558,10728d70e0641a69:0x8f3dc,46381
v1,1791231126921611,UNSAT,222,10728d70e0641a69:0x8f3ed,46603
v1,1791231126922107,UNSAT,144,10728d70e0641a69:0x8f3ed,46747
v1,1791231126936082,UNSAT,209,10728d70e0641a69:0x8f3ed,46956
v1,1791231126951819,UNSAT,219,10728d70e0641a69:0x8f406,47175
v1,1791231126952244,UNSAT,141,10728d70e0641a69:0x8f406,47316
v1,1791231126966713,UNSAT,226,10728d70e0641a69:0x8f406,47542
v1,1791231126981144,UNSAT,210,10728d70e0641a69:0x8f406,47752
v1,1791231126998545,UNSAT,227,10728d70e0641a69:0x8f429,47979
v1,1791231126998965,UNSAT,141,10728d70e0641a69:0x8f429,48120
v1,1791231127035710,UNSAT,231,10728d70e0641a69:0xa6db7,48351
v1,1791231127036656,SAT,534,10728d70e0641a69:0xa6db7,48885
v1,1791231127054920,UNSAT,228,10728d70e0641a69:0x7b733,49113
v1,1791231127056133,SAT,838,10728d70e0641a69:0x7b733,49951
v1,1791231127077518,UNSAT,235,10728d70e0641a69:0xa6ec6,50186
v1,1791231127078386,SAT,533,10728d70e0641a69:0xa6ec6,50719
v1,1791231127106958,UNSAT,217,10728d70e0641a69:0xac92b,50936
v1,1791231127107821,SAT,528,10728d70e0641a69:0xac92b,51464
v1,1791231127129410,UNSAT,294,10728d70e0641a69:0xac953,51758
v1,1791231127130238,SAT,511,10728d70e0641a69:0xac953,52269
v1,1791231127149137,UNSAT,225,10728d70e0641a69:0xac962,52494
v1,1791231127149962,SAT,499,10728d70e0641a69:0xac962,52993
v1,1791231127166480,UNSAT,229,10728d70e0641a69:0xac98c,53222
v1,1791231127167320,SAT,516,10728d70e0641a69:0xac98c,53738
v1,1791231127182886,UNSAT,218,10728d70e0641a69:0xac992,53956
v1,1791231127183712,SAT,510,10728d70e0641a69:0xac992,54466
v1,1791231127201927,UNSAT,219,10728d70e0641a69:0xac9c5,54685
v1,1791231127202801,SAT,551,10728d70e0641a69:0xac9c5,55236
v1,1791231127224822,UNSAT,222,10728d70e0641a69:0xac9cf,55458
v1,1791231127225737,SAT,557,10728d70e0641a69:0xac9cf,56015
v1,1791231127246495,UNSAT,224,10728d70e0641a69:0xac9fc,56239
v1,1791231127247306,SAT,497,10728d70e0641a69:0xac9fc,56736
v1,1791231127264634,UNSAT,618,10728d70e0641a69:0xaca06,57354
v1,1791231127265748,SAT,604,10728d70e0641a69:0xaca06,57958
v1,1791231127286913,UNSAT,212,10728d70e0641a69:0xaca2e,58170
v1,1791231127287752,SAT,526,10728d70e0641a69:0xaca2e,58696
v1,1791231127305572,UNSAT,220,10728d70e0641a69:0xaca32,58916
v1,1791231127306379,SAT,491,10728d70e0641a69:0xaca32,59407
v1,1791231127327519,UNSAT,223,10728d70e0641a69:0xaca68,59630
v1,1791231127328357,SAT,526,10728d70e0641a69:0xaca68,60156
v1,1791231127347202,UNSAT,271,10728d70e0641a69:0xaca72,60427
v1,1791231127348077,SAT,525,10728d70e0641a69:0xaca72,60952
v1,1791231127368857,UNSAT,227,10728d70e0641a69:0xaca8c,61179
v1,1791231127369719,SAT,537,10728d70e0641a69:0xaca8c,61716
v1,1791231127393873,UNSAT,213,10728d70e0641a69:0xacad3,61929
v1,1791231127394693,SAT,493,10728d70e0641a69:0xacad3,62422
v1,1791231127433630,UNSAT,228,10728d70e0641a69:0x1b2f6,62650
v1,1791231127434416,SAT,456,10728d70e0641a69:0x1b2f6,63106
v1,1791231127459212,UNSAT,222,10728d70e0641a69:0x1b33c,63328
v1,1791231127460068,SAT,525,10728d70e0641a69:0x1b33c,63853
v1,1791231127485729,UNSAT,236,10728d70e0641a69:0x1b38a,64089
v1,1791231127486679,SAT,559,10728d70e0641a69:0x1b38a,64648
v1,1791231127506879,UNSAT,212,10728d70e0641a69:0x1b3d1,64860
v1,1791231127507666,SAT,468,10728d70e0641a69:0x1b3d1,65328
v1,1791231127526209,UNSAT,235,10728d70e0641a69:0x1b417,65563
v1,1791231127527061,SAT,521,10728d70e0641a69:0x1b417,66084
v1,1791231127547066,UNSAT,222,10728d70e0641a69:0x1b45f,66306
v1,1791231127547892,SAT,508,10728d70e0641a69:0x1b45f,66814
v1,1791231127567590,UNSAT,225,10728d70e0641a69:0x1b4a9,67039
v1,1791231127568405,SAT,481,10728d70e0641a69:0x1b4a9,67520
v1,1791231127590469,UNSAT,270,10728d70e0641a69:0x1b4ef,67790
v1,1791231127591315,SAT,512,10728d70e0641a69:0x1b4ef,68302
v1,1791231127612001,UNSAT,238,10728d70e0641a69:0x1b535,68540
v1,1791231127612855,SAT,524,10728d70e0641a69:0x1b535,69064
v1,1791231127633830,UNSAT,240,10728d70e0641a69:0x1b57f,69304
v1,1791231127634643,SAT,470,10728d70e0641a69:0x1b57f,69774
v1,1791231127656752,UNSAT,209,10728d70e0641a69:0x1b5c8,69983
v1,1791231127657593,SAT,523,10728d70e0641a69:0x1b5c8,70506
v1,1791231127681060,UNSAT,384,10728d70e0641a69:0x1b614,70890
v1,1791231127681964,SAT,542,10728d70e0641a69:0x1b614,71432
v1,1791231127704625,UNSAT,231,10728d70e0641a69:0x1b659,71663
v1,1791231127705128,SAT,180,10728d70e0641a69:0x1b659,71843
v1,1791231127727940,UNSAT,223,10728d70e0641a69:0x1b696,72066
v1,1791231127728440,SAT,168,10728d70e0641a69:0x1b696,72234
v1,1791231127801456,UNSAT,231,10728d70e0641a69:0x1b756,72465
v1,1791231127801950,SAT,157,10728d70e0641a69:0x1b756,72622
v1,1791231127822353,UNSAT,226,10728d70e0641a69:0x1b792,72848
v1,1791231127822861,SAT,173,10728d70e0641a69:0x1b792,73021
v1,1791231127857736,UNSAT,215,10728d70e0641a69:0x1b85c,73236
v1,1791231127858209,SAT,155,10728d70e0641a69:0x1b85c,73391
v1,1791231127879538,UNSAT,247,10728d70e0641a69:0x1b89a,73638
v1,1791231127880066,SAT,174,10728d70e0641a69:0x1b89a,73812
v1,1791231127911339,UNSAT,242,10728d70e0641a69:0x1b95e,74054
v1,1791231127911960,SAT,185,10728d70e0641a69:0x1b95e,74239
v1,1791231127933817,UNSAT,265,10728d70e0641a69:0x1b99a,74504
v1,1791231127934391,SAT,179,10728d70e0641a69:0x1b99a,74683
v1,1791231127971555,UNSAT,217,10728d70e0641a69:0x1625e,74900
v1,1791231127972044,SAT,160,10728d70e0641a69:0x1625e,75060
v1,1791231128019385,UNSAT,240,10728d70e0641a69:0x1bab5,75300
v1,1791231128020244,SAT,495,10728d70e0641a69:0x1bab5,75795
v1,1791231128042082,UNSAT,219,10728d70e0641a69:0x1bb00,76014
v1,1791231128042591,SAT,175,10728d70e0641a69:0x1bb00,76189
v1,1791231128064301,UNSAT,235,10728d70e0641a69:0x1bb3e,76424
v1,1791231128064826,SAT,173,10728d70e0641a69:0x1bb3e,76597
v1,1791231128097003,UNSAT,222,10728d70e0641a69:0x1bc05,76819
v1,1791231128097503,SAT,167,10728d70e0641a69:0x1bc05,76986
v1,1791231128119955,UNSAT,216,10728d70e0641a69:0x1bc42,77202
v1,1791231128120528,SAT,243,10728d70e0641a69:0x1bc42,77445
v1,1791231128158157,UNSAT,220,10728d70e0641a69:0x1bd5d,77665
v1,1791231128158991,SAT,510,10728d70e0641a69:0x1bd5d,78175
v1,1791231128208166,UNSAT,229,10728d70e0641a69:0x1be4a,78404
v1,1791231128208666,SAT,162,10728d70e0641a69:0x1be4a,78566
v1,1791231128245309,UNSAT,221,10728d70e0641a69:0x1bece,78787
v1,1791231128245790,SAT,161,10728d70e0641a69:0x1bece,78948
v1,1791231128283051,UNSAT,216,10728d70e0641a69:0x1bf5e,79164
v1,1791231128283917,SAT,517,10728d70e0641a69:0x1bf5e,79681
v1,1791231128318038,UNSAT,216,10728d70e0641a69:0x1c026,79897
v1,1791231128318528,SAT,154,10728d70e0641a69:0x1c026,80051
v1,1791231128356235,UNSAT,221,10728d70e0641a69:0x1c0aa,80272
v1,1791231128356748,SAT,162,10728d70e0641a69:0x1c0aa,80434
v1,1791231128392806,UNSAT,221,10728d70e0641a69:0x1c136,80655
v1,1791231128393705,SAT,546,10728d70e0641a69:0x1c136,81201
v1,1791231128424615,UNSAT,236,10728d70e0641a69:0x1c1b9,81437
v1,1791231128425129,SAT,177,10728d70e0641a69:0x1c1b9,81614
v1,1791231128452263,UNSAT,225,10728d70e0641a69:0x1c23d,81839
v1,1791231128452752,SAT,154,10728d70e0641a69:0x1c23d,81993
v1,1791231128480129,UNSAT,250,10728d70e0641a69:0x1c2cd,82243
v1,1791231128481055,SAT,531,10728d70e0641a69:0x1c2cd,82774
v1,1791231128661137,UNSAT,222,10728d70e0641a69:0x1c8ae,82996
v1,1791231128662004,SAT,529,10728d70e0641a69:0x1c8ae,83525
v1,1791231128685636,UNSAT,224,10728d70e0641a69:0x1c8f2,83749
v1,1791231128686457,SAT,493,10728d70e0641a69:0x1c8f2,84242
v1,1791231128709957,UNSAT,220,10728d70e0641a69:0x1c93f,84462
v1,1791231128710810,SAT,517,10728d70e0641a69:0x1c93f,84979
v1,1791231128734402,UNSAT,242,10728d70e0641a69:0x1c987,85221
v1,1791231128735309,SAT,526,10728d70e0641a69:0x1c987,85747
v1,1791231128760153,UNSAT,225,10728d70e0641a69:0x1c9d6,85972
v1,1791231128761011,SAT,527,10728d70e0641a69:0x1c9d6,86499
v1,1791231128785559,UNSAT,230,10728d70e0641a69:0x1ca1b,86729
v1,1791231128786397,SAT,509,10728d70e0641a69:0x1ca1b,87238
v1,1791231128811779,UNSAT,257,10728d70e0641a69:0x1ca6c,87495
v1,1791231128812645,SAT,534,10728d70e0641a69:0x1ca6c,88029
v1,1791231128839254,UNSAT,219,10728d70e0641a69:0x1cab3,88248
v1,1791231128840105,SAT,522,10728d70e0641a69:0x1cab3,88770
v1,1791231128866701,UNSAT,224,10728d70e0641a69:0x1cb00,88994
v1,1791231128867711,SAT,686,10728d70e0641a69:0x1cb00,89680
v1,1791231128893959,UNSAT,219,10728d70e0641a69:0x1cb45,89899
v1,1791231128894804,SAT,519,10728d70e0641a69:0x1cb45,90418
v1,1791231128921991,UNSAT,240,10728d70e0641a69:0x1cb94,90658
v1,1791231128922854,SAT,520,10728d70e0641a69:0x1cb94,91178
v1,1791231128945431,UNSAT,237,10728d70e0641a69:0x1cbdb,91415
v1,1791231128946314,SAT,548,10728d70e0641a69:0x1cbdb,91963
v1,1791231128968272,UNSAT,222,10728d70e0641a69:0x1cc2d,92185
v1,1791231128969132,SAT,509,10728d70e0641a69:0x1cc2d,92694
v1,1791231128991344,UNSAT,228,10728d70e0641a69:0x1cc73,92922
v1,1791231128992220,SAT,529,10728d70e0641a69:0x1cc73,93451
v1,1791231129016119,UNSAT,216,10728d70e0641a69:0x1ccc4,93667
v1,1791231129017001,SAT,539,10728d70e0641a69:0x1ccc4,94206
v1,1791231129040734,UNSAT,216,10728d70e0641a69:0x1cd11,94422
v1,1791231129041587,SAT,523,10728d70e0641a69:0x1cd11,94945
v1,1791231129078562,UNSAT,222,10728d70e0641a69:0x1d0d4,95167
v1,1791231129079745,SAT,849,10728d70e0641a69:0x1d0d4,96016
v1,1791231129104090,UNSAT,228,10728d70e0641a69:0x1d121,96244
v1,1791231129105279,SAT,839,10728d70e0641a69:0x1d121,97083
v1,1791231129130180,UNSAT,228,10728d70e0641a69:0x1d172,97311
v1,1791231129131312,SAT,793,10728d70e0641a69:0x1d172,98104
v1,1791231129157818,UNSAT,235,10728d70e0641a69:0x1d1c2,98339
v1,1791231129158880,SAT,719,10728d70e0641a69:0x1d1c2,99058
v1,1791231129184949,UNSAT,303,10728d70e0641a69:0x1d20f,99361
v1,1791231129186141,SAT,805,10728d70e0641a69:0x1d20f,100166
v1,1791231129212095,UNSAT,223,10728d70e0641a69:0x1d262,100389
v1,1791231129213236,SAT,792,10728d70e0641a69:0x1d262,101181
v1,1791231129240524,UNSAT,240,10728d70e0641a69:0x1d2b2,101421
v1,1791231129241750,SAT,822,10728d70e0641a69:0x1d2b2,102243
v1,1791231129269112,UNSAT,224,10728d70e0641a69:0x1d2ff,102467
v1,1791231129270291,SAT,828,10728d70e0641a69:0x1d2ff,103295
v1,1791231129323871,SAT,594,10728d70e0641a69:0xa817c,103889
v1,1791231129921702,UNSAT,233,10728d70e0641a69:0x783b7,104122
v1,1791231129922225,SAT,163,10728d70e0641a69:0x783b7,104285
v1,1791231129951203,UNSAT,228,10728d70e0641a69:0x7782e,104513
v1,1791231129951886,UNSAT,320,10728d70e0641a69:0x7782e,104833
v1,1791231129977239,UNSAT,244,10728d70e0641a69:0x77834,105077
v1,1791231129978765,SAT,1160,10728d70e0641a69:0x77834,106237
v1,1791231130005040,UNSAT,226,10728d70e0641a69:0x783e9,106463
v1,1791231130006205,UNSAT,789,10728d70e0641a69:0x783e9,107252
v1,1791231137559866,SAT,685,10728d70e0641a69:0x6cd2,685
v1,1791231137563960,UNSAT,379,10728d70e0641a69:0xa856e,1064
v1,1791231137564786,SAT,519,10728d70e0641a69:0xa856e,1583
v1,1791231137591082,UNSAT,215,10728d70e0641a69:0xa86d8,1798
v1,1791231137629619,SAT,38183,10728d70e0641a69:0xa86d8,39981
v1,1791231137647214,UNSAT,217,10728d70e0641a69:0xa875f,40198
v1,1791231137650392,SAT,2784,10728d70e0641a69:0xa875f,42982
v1,1791231137665841,UNSAT,226,10728d70e0641a69:0xa877c,43208
v1,1791231138305584,SAT,639391,10728d70e0641a69:0xa877c,682599
v1,1791231138318843,UNSAT,246,10728d70e0641a69:0xa8783,682845
v1,1791231138879329,SAT,560106,10728d70e0641a69:0xa8783,1242951
v1,1791231138895107,UNSAT,217,10728d70e0641a69:0x3e5dd,1243168
v1,1791231138896033,SAT,595,10728d70e0641a69:0x3e5dd,1243763
v1,1791231138914364,UNSAT,232,10728d70e0641a69:0x3e817,1243995
v1,1791231138914853,SAT,169,10728d70e0641a69:0x3e817,1244164
v1,1791231139018580,UNSAT,210,10728d70e0641a69:0x1905,1244374
v1,1791231139020353,SAT,1445,10728d70e0641a69:0x1905,1245819
v1,1791231139050980,UNSAT,217,10728d70e0641a69:0x194b,1246036
v1,1791231139052719,SAT,1399,10728d70e0641a69:0x194b,1247435
v1,1791231139070892,UNSAT,225,10728d70e0641a69:0x1990,1247660
v1,1791231139071376,SAT,164,10728d70e0641a69:0x1990,1247824
v1,1791231139095044,UNSAT,222,10728d70e0641a69:0x1a0e,1248046
v1,1791231139095535,SAT,154,10728d70e0641a69:0x1a0e,1248200
v1,1791231139117786,UNSAT,215,10728d70e0641a69:0x1a86,1248415
v1,1791231139118276,SAT,157,10728d70e0641a69:0x1a86,1248572
v1,1791231139154522,UNSAT,213,10728d70e0641a69:0x1b5e,1248785
v1,1791231139154974,UNSAT,139,10728d70e0641a69:0x1b5e,1248924
v1,1791231139299282,UNSAT,219,10728d70e0641a69:0x7bf93,1249143
v1,1791231139299759,SAT,157,10728d70e0641a69:0x7bf93,1249300
v1,1791231139319652,UNSAT,226,10728d70e0641a69:0x7b3dc,1249526
v1,1791231139320783,SAT,807,10728d70e0641a69:0x7b3dc,1250333
v1,1791231139385969,UNSAT,224,10728d70e0641a69:0xc19fd,1250557
v1,1791231139386458,SAT,160,10728d70e0641a69:0xc19fd,1250717
v1,1791231139425804,UNSAT,230,10728d70e0641a69:0xc1def,1250947
v1,1791231139426325,SAT,176,10728d70e0641a69:0xc1def,1251123
v1,1791231139440541,UNSAT,249,10728d70e0641a69:0xc2470,1251372
v1,1791231139441772,SAT,798,10728d70e0641a69:0xc2470,1252170
v1,1791231139468654,UNSAT,227,10728d70e0641a69:0xc2066,1252397
v1,1791231139469504,SAT,517,10728d70e0641a69:0xc2066,1252914
v1,1791231139491569,UNSAT,217,10728d70e0641a69:0xc20fe,1253131
v1,1791231139519583,UNSAT,27678,10728d70e0641a69:0xc20fe,1280809
v1,1791231139545845,UNSAT,244,10728d70e0641a69:0xc24eb,1281053
v1,1791231139546337,SAT,179,10728d70e0641a69:0xc24eb,1281232
v1,1791231139570137,UNSAT,217,10728d70e0641a69:0x3c069,1281449
v1,1791231139598205,UNSAT,27727,10728d70e0641a69:0x3c069,1309176
v1,1791231139618069,UNSAT,237,10728d70e0641a69:0x81b84,1309413
v1,1791231139645536,UNSAT,27121,10728d70e0641a69:0x81b84,1336534
v1,1791231139660722,UNSAT,240,10728d70e0641a69:0x81bb5,1336774
v1,1791231139753668,UNSAT,92614,10728d70e0641a69:0x81bb5,1429388
v1,1791231139769093,UNSAT,227,10728d70e0641a69:0x81bce,1429615
v1,1791231139842828,SAT,73385,10728d70e0641a69:0x81bce,1503000
v1,1791231139858921,UNSAT,218,10728d70e0641a69:0x81c47,1503218
v1,1791231139912454,SAT,53184,10728d70e0641a69:0x81c47,1556402
v1,1791231139928433,UNSAT,252,10728d70e0641a69:0x81c47,1556654
v1,1791231139945111,UNSAT,216,10728d70e0641a69:0x81c69,1556870
v1,1791231139961143,SAT,15712,10728d70e0641a69:0x81c69,1572582
v1,1791231139978850,UNSAT,233,10728d70e0641a69:0x8216e,1572815
v1,1791231140032185,SAT,52997,10728d70e0641a69:0x8216e,1625812
v1,1791231140048716,UNSAT,232,10728d70e0641a69:0x8216e,1626044
v1,1791231140065938,UNSAT,268,10728d70e0641a69:0x82198,1626312
v1,1791231140074825,UNSAT,8501,10728d70e0641a69:0x82198,1634813
v1,1791231140095675,UNSAT,218,10728d70e0641a69:0x821dc,1635031
v1,1791231140108151,SAT,12120,10728d70e0641a69:0x821dc,1647151
v1,1791231140125560,UNSAT,228,10728d70e0641a69:0x821dc,1647379
v1,1791231140140021,UNSAT,225,10728d70e0641a69:0x821f5,1647604
v1,1791231140161724,SAT,21386,10728d70e0641a69:0x821f5,1668990
v1,1791231140174546,UNSAT,230,10728d70e0641a69:0x821f5,1669220
v1,1791231140188139,UNSAT,343,10728d70e0641a69:0x8220b,1669563
v1,1791231140214338,SAT,25849,10728d70e0641a69:0x8220b,1695412
v1,1791231140228449,UNSAT,236,10728d70e0641a69:0x8222e,1695648
v1,1791231140283754,SAT,54951,10728d70e0641a69:0x8222e,1750599
v1,1791231140297660,UNSAT,221,10728d70e0641a69:0x8222e,1750820
v1,1791231140313280,UNSAT,230,10728d70e0641a69:0x841c9,1751050
v1,1791231140313723,UNSAT,145,10728d70e0641a69:0x841c9,1751195
v1,1791231140328768,UNSAT,222,10728d70e0641a69:0x841d4,1751417
v1,1791231140329239,UNSAT,141,10728d70e0641a69:0x841d4,1751558
v1,1791231140355176,UNSAT,227,10728d70e0641a69:0x8f258,1751785
v1,1791231140440611,SAT,85067,10728d70e0641a69:0x8f258,1836852
v1,1791231140457691,UNSAT,228,10728d70e0641a69:0x8f258,1837080
v1,1791231140473460,UNSAT,223,10728d70e0641a69:0x8f258,1837303
v1,1791231140489204,UNSAT,246,10728d70e0641a69:0x8f258,1837549
v1,1791231140505345,UNSAT,238,10728d70e0641a69:0x8f258,1837787
v1,1791231140525530,UNSAT,253,10728d70e0641a69:0x8f2cd,1838040
v1,1791231140597431,SAT,71575,10728d70e0641a69:0x8f2cd,1909615
v1,1791231140616668,UNSAT,216,10728d70e0641a69:0x8f2ea,1909831
v1,1791231140764064,SAT,147058,10728d70e0641a69:0x8f2ea,2056889
v1,1791231140782578,UNSAT,230,10728d70e0641a69:0x8f2ea,2057119
v1,1791231140844509,SAT,61587,10728d70e0641a69:0x8f2ea,2118706
v1,1791231140862574,UNSAT,221,10728d70e0641a69:0x8f2ea,2118927
v1,1791231140926819,SAT,63905,10728d70e0641a69:0x8f2ea,2182832
v1,1791231140946209,UNSAT,221,10728d70e0641a69:0x8f2ea,2183053
v1,1791231141007877,SAT,61329,10728d70e0641a69:0x8f2ea,2244382
v1,1791231141038188,UNSAT,222,10728d70e0641a69:0x3cb33,2244604
v1,1791231141066304,UNSAT,27766,10728d70e0641a69:0x3cb33,2272370
v1,1791231141085915,UNSAT,276,10728d70e0641a69:0x81b84,2272646
v1,1791231141113680,UNSAT,27412,10728d70e0641a69:0x81b84,2300058
v1,1791231141128642,UNSAT,222,10728d70e0641a69:0x81bb5,2300280
v1,1791231141224511,UNSAT,95533,10728d70e0641a69:0x81bb5,2395813
v1,1791231141239651,UNSAT,219,10728d70e0641a69:0x81bce,2396032
v1,1791231141313900,SAT,73887,10728d70e0641a69:0x81bce,2469919
v1,1791231141328896,UNSAT,220,10728d70e0641a69:0x81c47,2470139
v1,1791231141382718,SAT,53471,10728d70e0641a69:0x81c47,2523610
v1,1791231141397684,UNSAT,227,10728d70e0641a69:0x81c47,2523837
v1,1791231141413220,UNSAT,222,10728d70e0641a69:0x81c69,2524059
v1,1791231141428838,SAT,15302,10728d70e0641a69:0x81c69,2539361
v1,1791231141445824,UNSAT,222,10728d70e0641a69:0x8216e,2539583
v1,1791231141501539,SAT,55386,10728d70e0641a69:0x8216e,2594969
v1,1791231141517550,UNSAT,307,10728d70e0641a69:0x8216e,2595276
v1,1791231141534790,UNSAT,234,10728d70e0641a69:0x82198,2595510
v1,1791231141544130,UNSAT,8829,10728d70e0641a69:0x82198,2604339
v1,1791231141562277,UNSAT,227,10728d70e0641a69:0x821dc,2604566
v1,1791231141574886,SAT,12252,10728d70e0641a69:0x821dc,2616818
v1,1791231141591788,UNSAT,219,10728d70e0641a69:0x821dc,2617037
v1,1791231141610399,UNSAT,223,10728d70e0641a69:0x821f5,2617260
v1,1791231141632324,SAT,21628,10728d70e0641a69:0x821f5,2638888
v1,1791231141649833,UNSAT,223,10728d70e0641a69:0x821f5,2639111
v1,1791231141668551,UNSAT,226,10728d70e0641a69:0x8220b,2639337
v1,1791231141695036,SAT,26167,10728d70e0641a69:0x8220b,2665504
v1,1791231141713241,UNSAT,229,10728d70e0641a69:0x8220b,2665733
v1,1791231141728012,UNSAT,220,10728d70e0641a69:0x8222e,2665953
v1,1791231141806022,SAT,77681,10728d70e0641a69:0x8222e,2743634
v1,1791231141819683,UNSAT,237,10728d70e0641a69:0x8222e,2743871
v1,1791231141833551,UNSAT,212,10728d70e0641a69:0x8222e,2744083
v1,1791231141849185,UNSAT,222,10728d70e0641a69:0x8418a,2744305
v1,1791231141871931,UNSAT,22429,10728d70e0641a69:0x8418a,2766734
v1,1791231141888210,UNSAT,222,10728d70e0641a69:0x841bd,2766956
v1,1791231141910695,UNSAT,22136,10728d70e0641a69:0x841bd,2789092
v1,1791231141926054,UNSAT,228,10728d70e0641a69:0x841bd,2789320
v1,1791231141942436,UNSAT,226,10728d70e0641a69:0x841c9,2789546
v1,1791231141942874,UNSAT,149,10728d70e0641a69:0x841c9,2789695
v1,1791231141959315,UNSAT,246,10728d70e0641a69:0x841d4,2789941
v1,1791231141959789,UNSAT,149,10728d70e0641a69:0x841d4,2790090
v1,1791231141982607,UNSAT,251,10728d70e0641a69:0x3cbfb,2790341
v1,1791231142005155,UNSAT,22124,10728d70e0641a69:0x3cbfb,2812465
v1,1791231142034428,UNSAT,250,10728d70e0641a69:0xc217f,2812715
v1,1791231142066200,UNSAT,31411,10728d70e0641a69:0xc217f,2844126
v1,1791231142088512,UNSAT,224,10728d70e0641a69:0x8f258,2844350
v1,1791231142153506,SAT,64648,10728d70e0641a69:0x8f258,2908998
v1,1791231142171299,UNSAT,264,10728d70e0641a69:0x8f258,2909262
v1,1791231142189005,UNSAT,216,10728d70e0641a69:0x8f258,2909478
v1,1791231142206527,UNSAT,212,10728d70e0641a69:0x8f258,2909690
v1,1791231142224428,UNSAT,265,10728d70e0641a69:0x8f258,2909955
v1,1791231142238860,UNSAT,212,10728d70e0641a69:0x8f258,2910167
v1,1791231142252365,UNSAT,223,10728d70e0641a69:0x8f258,2910390
v1,1791231142266143,UNSAT,205,10728d70e0641a69:0x8f258,2910595
v1,1791231142280411,UNSAT,217,10728d70e0641a69:0x8f258,2910812
v1,1791231142296579,UNSAT,228,10728d70e0641a69:0x8f2cd,2911040
v1,1791231142472819,SAT,175937,10728d70e0641a69:0x8f2cd,3086977
v1,1791231142488239,UNSAT,224,10728d70e0641a69:0x8f2cd,3087201
v1,1791231142503529,UNSAT,216,10728d70e0641a69:0x8f2cd,3087417
v1,1791231142519139,UNSAT,211,10728d70e0641a69:0x8f2cd,3087628
v1,1791231142535263,UNSAT,220,10728d70e0641a69:0x8f2cd,3087848
v1,1791231142552863,UNSAT,232,10728d70e0641a69:0x8f2ea,3088080
v1,1791231142774346,SAT,221181,10728d70e0641a69:0x8f2ea,3309261
v1,1791231142792471,UNSAT,244,10728d70e0641a69:0x8f2ea,3309505
v1,1791231142810218,UNSAT,224,10728d70e0641a69:0x8f2ea,3309729
v1,1791231142827678,UNSAT,223,10728d70e0641a69:0x8f2ea,3309952
v1,1791231142845399,UNSAT,275,10728d70e0641a69:0x8f2ea,3310227
v1,1791231142864629,UNSAT,220,10728d70e0641a69:0x8f2ea,3310447
v1,1791231143156132,SAT,291209,10728d70e0641a69:0x8f2ea,3601656
v1,1791231143171036,UNSAT,216,10728d70e0641a69:0x8f2ea,3601872
v1,1791231143184637,UNSAT,211,10728d70e0641a69:0x8f2ea,3602083
v1,1791231143198703,UNSAT,242,10728d70e0641a69:0x8f2ea,3602325
v1,1791231143213158,UNSAT,216,10728d70e0641a69:0x8f2ea,3602541
v1,1791231143229723,UNSAT,217,10728d70e0641a69:0x8f2ea,3602758
v1,1791231143370159,SAT,140140,10728d70e0641a69:0x8f2ea,3742898
v1,1791231143435147,UNSAT,231,10728d70e0641a69:0x7fdb7,3743129
v1,1791231143549934,UNSAT,114427,10728d70e0641a69:0x7fdb7,3857556
v1,1791231143568131,UNSAT,225,10728d70e0641a69:0x7fdc8,3857781
v1,1791231143626844,SAT,58369,10728d70e0641a69:0x7fdc8,3916150
v1,1791231143746841,UNSAT,231,10728d70e0641a69:0x7e4c4,3916381
v1,1791231143816747,UNSAT,69568,10728d70e0641a69:0x7e4c4,3985949
v1,1791231143834153,UNSAT,216,10728d70e0641a69:0x7e4c4,3986165
v1,1791231143852641,UNSAT,226,10728d70e0641a69:0x7e4cc,3986391
v1,1791231143853071,UNSAT,145,10728d70e0641a69:0x7e4cc,3986536
v1,1791231143891599,UNSAT,228,10728d70e0641a69:0x7e4cc,3986764
v1,1791231143910199,UNSAT,227,10728d70e0641a69:0x8222e,3986991
v1,1791231144003650,SAT,93140,10728d70e0641a69:0x8222e,4080131
v1,1791231144021975,UNSAT,212,10728d70e0641a69:0x8222e,4080343
v1,1791231144040054,UNSAT,211,10728d70e0641a69:0x8222e,4080554
v1,1791231144059663,UNSAT,223,10728d70e0641a69:0x8418a,4080777
v1,1791231144085841,UNSAT,25889,10728d70e0641a69:0x8418a,4106666
v1,1791231144104371,UNSAT,232,10728d70e0641a69:0x841bd,4106898
v1,1791231144131353,UNSAT,26642,10728d70e0641a69:0x841bd,4133540
v1,1791231144147729,UNSAT,228,10728d70e0641a69:0x841bd,4133768
v1,1791231144169351,UNSAT,308,10728d70e0641a69:0x3cf2b,4134076
v1,1791231144197511,UNSAT,27702,10728d70e0641a69:0x3cf2b,4161778
v1,1791231144217734,UNSAT,247,10728d70e0641a69:0x12dbb9,4162025
v1,1791231144244052,UNSAT,25979,10728d70e0641a69:0x12dbb9,4188004
v1,1791231144265938,UNSAT,232,10728d70e0641a69:0x12dbb9,4188236
v1,1791231144283968,UNSAT,227,10728d70e0641a69:0x12dbb9,4188463
v1,1791231144302474,UNSAT,230,10728d70e0641a69:0x12dbb9,4188693
v1,1791231144345787,UNSAT,221,10728d70e0641a69:0x12dbb9,4188914
v1,1791231144364726,UNSAT,224,10728d70e0641a69:0x12dbb9,4189138
v1,1791231144383922,UNSAT,218,10728d70e0641a69:0x12dbb9,4189356
v1,1791231144403785,UNSAT,236,10728d70e0641a69:0x12dbb9,4189592
v1,1791231144423792,UNSAT,217,10728d70e0641a69:0x12dbb9,4189809
v1,1791231144444145,UNSAT,221,10728d70e0641a69:0x12dbb9,4190030
v1,1791231144470415,UNSAT,223,10728d70e0641a69:0x12dbb9,4190253
v1,1791231144488059,UNSAT,235,10728d70e0641a69:0x12dbb9,4190488
v1,1791231144504437,UNSAT,233,10728d70e0641a69:0x12dbb9,4190721
v1,1791231144521503,UNSAT,222,10728d70e0641a69:0x12dbb9,4190943
v1,1791231144539517,UNSAT,226,10728d70e0641a69:0x12dbb9,4191169
v1,1791231144557168,UNSAT,213,10728d70e0641a69:0x12dbb9,4191382
v1,1791231144575073,UNSAT,215,10728d70e0641a69:0x12dbb9,4191597
v1,1791231144593326,UNSAT,226,10728d70e0641a69:0x12dbb9,4191823
v1,1791231144611951,UNSAT,218,10728d70e0641a69:0x12dbb9,4192041
v1,1791231144630987,UNSAT,246,10728d70e0641a69:0x12dbb9,4192287
v1,1791231144650524,UNSAT,221,10728d70e0641a69:0x12dbb9,4192508
v1,1791231144670212,UNSAT,222,10728d70e0641a69:0x12dbb9,4192730
v1,1791231144690201,UNSAT,221,10728d70e0641a69:0x12dbb9,4192951
v1,1791231144749797,UNSAT,222,10728d70e0641a69:0x817cd,4193173
v1,1791231144750244,SAT,158,10728d70e0641a69:0x817cd,4193331
v1,1791231144794000,UNSAT,233,10728d70e0641a69:0x81ad9,4193564
v1,1791231144794504,SAT,172,10728d70e0641a69:0x81ad9,4193736
v1,1791231144824937,UNSAT,225,10728d70e0641a69:0x81bf4,4193961
v1,1791231144825898,SAT,593,10728d70e0641a69:0x81bf4,4194554
v1,1791231144853622,UNSAT,242,10728d70e0641a69:0x81cb4,4194796
v1,1791231144855009,SAT,1033,10728d70e0641a69:0x81cb4,4195829
v1,1791231144879556,UNSAT,218,10728d70e0641a69:0x81e92,4196047
v1,1791231144881527,SAT,1630,10728d70e0641a69:0x81e92,4197677
v1,1791231144921752,UNSAT,283,10728d70e0641a69:0x81b84,4197960
v1,1791231144922428,UNSAT,313,10728d70e0641a69:0x81b84,4198273
v1,1791231144941156,UNSAT,223,10728d70e0641a69:0x81bb5,4198496
v1,1791231144943768,SAT,2276,10728d70e0641a69:0x81bb5,4200772
v1,1791231144963658,UNSAT,225,10728d70e0641a69:0x81bce,4200997
v1,1791231144965990,SAT,1982,10728d70e0641a69:0x81bce,4202979
v1,1791231144985209,UNSAT,235,10728d70e0641a69:0x81c47,4203214
v1,1791231144987419,SAT,1860,10728d70e0641a69:0x81c47,4205074
v1,1791231145006712,UNSAT,229,10728d70e0641a69:0x81c47,4205303
v1,1791231145027289,UNSAT,229,10728d70e0641a69:0x81c69,4205532
v1,1791231145030622,SAT,3028,10728d70e0641a69:0x81c69,4208560
v1,1791231145051635,UNSAT,226,10728d70e0641a69:0x8216e,4208786
v1,1791231145053666,SAT,1695,10728d70e0641a69:0x8216e,4210481
v1,1791231145074099,UNSAT,224,10728d70e0641a69:0x8216e,4210705
v1,1791231145095474,UNSAT,280,10728d70e0641a69:0x82198,4210985
v1,1791231145097547,UNSAT,1776,10728d70e0641a69:0x82198,4212761
v1,1791231145119442,UNSAT,271,10728d70e0641a69:0x821dc,4213032
v1,1791231145122047,SAT,2271,10728d70e0641a69:0x821dc,4215303
v1,1791231145141068,UNSAT,235,10728d70e0641a69:0x821dc,4215538
v1,1791231145158236,UNSAT,224,10728d70e0641a69:0x821f5,4215762
v1,1791231145160496,SAT,1951,10728d70e0641a69:0x821f5,4217713
v1,1791231145177800,UNSAT,239,10728d70e0641a69:0x821f5,4217952
v1,1791231145195972,UNSAT,223,10728d70e0641a69:0x8220b,4218175
v1,1791231145198222,SAT,1931,10728d70e0641a69:0x8220b,4220106
v1,1791231145216156,UNSAT,227,10728d70e0641a69:0x8220b,4220333
v1,1791231145234970,UNSAT,217,10728d70e0641a69:0x8222e,4220550
v1,1791231145343583,SAT,108307,10728d70e0641a69:0x8222e,4328857
v1,1791231145362499,UNSAT,224,10728d70e0641a69:0x8222e,4329081
v1,1791231145381158,UNSAT,221,10728d70e0641a69:0x8222e,4329302
v1,1791231145401120,UNSAT,221,10728d70e0641a69:0x8418a,4329523
v1,1791231145427244,UNSAT,25820,10728d70e0641a69:0x8418a,4355343
v1,1791231145447777,UNSAT,227,10728d70e0641a69:0x841bd,4355570
v1,1791231145473849,UNSAT,25722,10728d70e0641a69:0x841bd,4381292
v1,1791231145494060,UNSAT,234,10728d70e0641a69:0x841bd,4381526
v1,1791231145515294,UNSAT,228,10728d70e0641a69:0x841c9,4381754
v1,1791231145515739,UNSAT,147,10728d70e0641a69:0x841c9,4381901
v1,1791231145537947,UNSAT,234,10728d70e0641a69:0x841d4,4382135
v1,1791231145538477,UNSAT,190,10728d70e0641a69:0x841d4,4382325
v1,1791231145559739,UNSAT,224,10728d70e0641a69:0x1c1b,4382549
v1,1791231145585836,UNSAT,25760,10728d70e0641a69:0x1c1b,4408309
v1,1791231145607530,UNSAT,227,10728d70e0641a69:0x1c5f,4408536
v1,1791231145608049,SAT,166,10728d70e0641a69:0x1c5f,4408702
v1,1791231145633736,UNSAT,242,10728d70e0641a69:0x81b84,4408944
v1,1791231145662634,UNSAT,28523,10728d70e0641a69:0x81b84,4437467
v1,1791231145681571,UNSAT,237,10728d70e0641a69:0x81bb5,4437704
v1,1791231146021913,SAT,339989,10728d70e0641a69:0x81bb5,4777693
v1,1791231146042069,UNSAT,237,10728d70e0641a69:0x81bce,4777930
v1,1791231146110245,SAT,67787,10728d70e0641a69:0x81bce,4845717
v1,1791231146131002,UNSAT,233,10728d70e0641a69:0x81c47,4845950
v1,1791231146196246,SAT,64900,10728d70e0641a69:0x81c47,4910850
v1,1791231146215653,UNSAT,231,10728d70e0641a69:0x81c47,4911081
v1,1791231146235852,UNSAT,237,10728d70e0641a69:0x81c69,4911318
v1,1791231146264660,SAT,28502,10728d70e0641a69:0x81c69,4939820
v1,1791231146286757,UNSAT,235,10728d70e0641a69:0x8216e,4940055
v1,1791231146351831,SAT,64724,10728d70e0641a69:0x8216e,5004779
v1,1791231146372698,UNSAT,236,10728d70e0641a69:0x8216e,5005015
v1,1791231146394616,UNSAT,233,10728d70e0641a69:0x82198,5005248
v1,1791231146402646,SAT,7731,10728d70e0641a69:0x82198,5012979
v1,1791231146425119,UNSAT,225,10728d70e0641a69:0x821dc,5013204
v1,1791231146438599,SAT,13120,10728d70e0641a69:0x821dc,5026324
v1,1791231146459640,UNSAT,230,10728d70e0641a69:0x821dc,5026554
v1,1791231146477193,UNSAT,231,10728d70e0641a69:0x821f5,5026785
v1,1791231146501978,SAT,24471,10728d70e0641a69:0x821f5,5051256
v1,1791231146519676,UNSAT,234,10728d70e0641a69:0x821f5,5051490
v1,1791231146538447,UNSAT,230,10728d70e0641a69:0x8220b,5051720
v1,1791231146568994,SAT,30235,10728d70e0641a69:0x8220b,5081955
v1,1791231146587847,UNSAT,230,10728d70e0641a69:0x8220b,5082185
v1,1791231146607401,UNSAT,239,10728d70e0641a69:0x8222e,5082424
v1,1791231146817893,SAT,210167,10728d70e0641a69:0x8222e,5292591
v1,1791231146837431,UNSAT,229,10728d70e0641a69:0x8222e,5292820
v1,1791231146856716,UNSAT,217,10728d70e0641a69:0x8222e,5293037
v1,1791231146877357,UNSAT,234,10728d70e0641a69:0x8418a,5293271
v1,1791231147096418,UNSAT,218748,10728d70e0641a69:0x8418a,5512019
v1,1791231147117910,UNSAT,227,10728d70e0641a69:0x841bd,5512246
v1,1791231147337820,UNSAT,219553,10728d70e0641a69:0x841bd,5731799
v1,1791231147358978,UNSAT,504,10728d70e0641a69:0x841bd,5732303
v1,1791231147382237,UNSAT,225,10728d70e0641a69:0x841c9,5732528
v1,1791231147382691,UNSAT,137,10728d70e0641a69:0x841c9,5732665
v1,1791231147404758,UNSAT,239,10728d70e0641a69:0x841d4,5732904
v1,1791231147405254,UNSAT,150,10728d70e0641a69:0x841d4,5733054
v1,1791231147423856,UNSAT,261,10728d70e0641a69:0x841d4,5733315
v1,1791231147443135,UNSAT,222,10728d70e0641a69:0x1cca,5733537
v1,1791231147663858,UNSAT,220408,10728d70e0641a69:0x1cca,5953945
v1,1791231147687762,UNSAT,228,10728d70e0641a69:0x1d11,5954173
v1,1791231147688840,SAT,723,10728d70e0641a69:0x1d11,5954896
v1,1791231147714115,UNSAT,222,10728d70e0641a69:0x1d53,5955118
v1,1791231147715023,SAT,539,10728d70e0641a69:0x1d53,5955657
v1,1791231147739334,UNSAT,246,10728d70e0641a69:0x1d98,5955903
v1,1791231147740215,SAT,528,10728d70e0641a69:0x1d98,5956431
v1,1791231147764711,UNSAT,222,10728d70e0641a69:0x1ddc,5956653
v1,1791231147765713,SAT,661,10728d70e0641a69:0x1ddc,5957314
v1,1791231147790633,UNSAT,246,10728d70e0641a69:0x1e20,5957560
v1,1791231147791619,SAT,587,10728d70e0641a69:0x1e20,5958147
v1,1791231147817314,UNSAT,251,10728d70e0641a69:0x1e64,5958398
v1,1791231147818299,SAT,608,10728d70e0641a69:0x1e64,5959006
v1,1791231147844439,UNSAT,289,10728d70e0641a69:0x81b84,5959295
v1,1791231147872534,UNSAT,27727,10728d70e0641a69:0x81b84,5987022
v1,1791231147894996,UNSAT,228,10728d70e0641a69:0x81bb5,5987250
v1,1791231148239510,SAT,344163,10728d70e0641a69:0x81bb5,6331413
v1,1791231148262247,UNSAT,220,10728d70e0641a69:0x81bce,6331633
v1,1791231148330475,SAT,67865,10728d70e0641a69:0x81bce,6399498
v1,1791231148352140,UNSAT,223,10728d70e0641a69:0x81c47,6399721
v1,1791231148417277,SAT,64764,10728d70e0641a69:0x81c47,6464485
v1,1791231148435231,UNSAT,217,10728d70e0641a69:0x81c47,6464702
v1,1791231148454404,UNSAT,231,10728d70e0641a69:0x81c69,6464933
v1,1791231148483604,SAT,28892,10728d70e0641a69:0x81c69,6493825
v1,1791231148503636,UNSAT,225,10728d70e0641a69:0x8216e,6494050
v1,1791231148568734,SAT,64741,10728d70e0641a69:0x8216e,6558791
v1,1791231148588331,UNSAT,252,10728d70e0641a69:0x8216e,6559043
v1,1791231148608870,UNSAT,220,10728d70e0641a69:0x82198,6559263
v1,1791231148616867,SAT,7686,10728d70e0641a69:0x82198,6566949
v1,1791231148638060,UNSAT,239,10728d70e0641a69:0x821dc,6567188
v1,1791231148652145,SAT,13704,10728d70e0641a69:0x821dc,6580892
v1,1791231148673527,UNSAT,236,10728d70e0641a69:0x821dc,6581128
v1,1791231148698160,UNSAT,227,10728d70e0641a69:0x821f5,6581355
v1,1791231148722890,SAT,24407,10728d70e0641a69:0x821f5,6605762
v1,1791231148744680,UNSAT,229,10728d70e0641a69:0x821f5,6605991
v1,1791231148768718,UNSAT,223,10728d70e0641a69:0x8220b,6606214
v1,1791231148799290,SAT,30249,10728d70e0641a69:0x8220b,6636463
v1,1791231148821695,UNSAT,229,10728d70e0641a69:0x8220b,6636692
v1,1791231148840154,UNSAT,224,10728d70e0641a69:0x8222e,6636916
v1,1791231149092778,SAT,252300,10728d70e0641a69:0x8222e,6889216
v1,1791231149111152,UNSAT,217,10728d70e0641a69:0x8222e,6889433
v1,1791231149129600,UNSAT,219,10728d70e0641a69:0x8222e,6889652
v1,1791231149151196,UNSAT,262,10728d70e0641a69:0x8418a,6889914
v1,1791231149483109,UNSAT,331567,10728d70e0641a69:0x8418a,7221481
v1,1791231149505081,UNSAT,233,10728d70e0641a69:0x841bd,7221714
v1,1791231149837604,UNSAT,332135,10728d70e0641a69:0x841bd,7553849
v1,1791231149857606,UNSAT,226,10728d70e0641a69:0x841bd,7554075
v1,1791231149879973,UNSAT,255,10728d70e0641a69:0x841c9,7554330
v1,1791231149880435,UNSAT,157,10728d70e0641a69:0x841c9,7554487
v1,1791231149902682,UNSAT,225,10728d70e0641a69:0x841d4,7554712
v1,1791231149903186,UNSAT,160,10728d70e0641a69:0x841d4,7554872
v1,1791231149925986,UNSAT,224,10728d70e0641a69:0x841d4,7555096
v1,1791231149949944,UNSAT,218,10728d70e0641a69:0x20df,7555314
v1,1791231150281987,UNSAT,331733,10728d70e0641a69:0x20df,7887047
v1,1791231150312931,UNSAT,245,10728d70e0641a69:0x81b84,7887292
v1,1791231150341347,UNSAT,27996,10728d70e0641a69:0x81b84,7915288
v1,1791231150363503,UNSAT,225,10728d70e0641a69:0x8220b,7915513
v1,1791231150394198,SAT,30326,10728d70e0641a69:0x8220b,7945839
v1,1791231150416321,UNSAT,221,10728d70e0641a69:0x8220b,7946060
v1,1791231150436084,UNSAT,224,10728d70e0641a69:0x8222e,7946284
v1,1791231150652865,SAT,216449,10728d70e0641a69:0x8222e,8162733
v1,1791231150673521,UNSAT,216,10728d70e0641a69:0x8222e,8162949
v1,1791231150693358,UNSAT,214,10728d70e0641a69:0x8222e,8163163
v1,1791231150714682,UNSAT,225,10728d70e0641a69:0x841c9,8163388
v1,1791231150715118,UNSAT,143,10728d70e0641a69:0x841c9,8163531
v1,1791231150738057,UNSAT,234,10728d70e0641a69:0x216b,8163765
v1,1791231151082818,UNSAT,344388,10728d70e0641a69:0x216b,8508153
v1,1791231151111622,UNSAT,244,10728d70e0641a69:0x81b84,8508397
v1,1791231151139934,UNSAT,27894,10728d70e0641a69:0x81b84,8536291
v1,1791231151167889,UNSAT,231,10728d70e0641a69:0x21f7,8536522
v1,1791231151562141,UNSAT,393831,10728d70e0641a69:0x21f7,8930353
v1,1791231151592779,UNSAT,239,10728d70e0641a69:0x81b84,8930592
v1,1791231151620682,UNSAT,27555,10728d70e0641a69:0x81b84,8958147
v1,1791231151643357,UNSAT,257,10728d70e0641a69:0x81bb5,8958404
v1,1791231151987155,SAT,343395,10728d70e0641a69:0x81bb5,9301799
v1,1791231152006820,UNSAT,224,10728d70e0641a69:0x81bce,9302023
v1,1791231152075405,SAT,68228,10728d70e0641a69:0x81bce,9370251
v1,1791231152097400,UNSAT,367,10728d70e0641a69:0x81c47,9370618
v1,1791231152163316,SAT,65514,10728d70e0641a69:0x81c47,9436132
v1,1791231152183512,UNSAT,227,10728d70e0641a69:0x81c47,9436359
v1,1791231152204600,UNSAT,242,10728d70e0641a69:0x81c69,9436601
v1,1791231152233764,SAT,28845,10728d70e0641a69:0x81c69,9465446
v1,1791231152256031,UNSAT,235,10728d70e0641a69:0x8216e,9465681
v1,1791231152321355,SAT,64942,10728d70e0641a69:0x8216e,9530623
v1,1791231152343023,UNSAT,230,10728d70e0641a69:0x8216e,9530853
v1,1791231152365196,UNSAT,230,10728d70e0641a69:0x82198,9531083
v1,1791231152373213,SAT,7704,10728d70e0641a69:0x82198,9538787
v1,1791231152397320,UNSAT,232,10728d70e0641a69:0x821dc,9539019
v1,1791231152410855,SAT,13154,10728d70e0641a69:0x821dc,9552173
v1,1791231152433947,UNSAT,243,10728d70e0641a69:0x821dc,9552416
v1,1791231152457803,UNSAT,241,10728d70e0641a69:0x821f5,9552657
v1,1791231152482622,SAT,24508,10728d70e0641a69:0x821f5,9577165
v1,1791231152504520,UNSAT,239,10728d70e0641a69:0x821f5,9577404
v1,1791231152524744,UNSAT,241,10728d70e0641a69:0x8418a,9577645
v1,1791231152884884,UNSAT,359782,10728d70e0641a69:0x8418a,9937427
v1,1791231152905356,UNSAT,235,10728d70e0641a69:0x841bd,9937662
v1,1791231153265628,UNSAT,359905,10728d70e0641a69:0x841bd,10297567
v1,1791231153285832,UNSAT,225,10728d70e0641a69:0x841bd,10297792
v1,1791231153307645,UNSAT,235,10728d70e0641a69:0x841d4,10298027
v1,1791231153308106,UNSAT,147,10728d70e0641a69:0x841d4,10298174
v1,1791231153330688,UNSAT,230,10728d70e0641a69:0x841d4,10298404
v1,1791231153353496,UNSAT,248,10728d70e0641a69:0x2283,10298652
v1,1791231153710751,UNSAT,356920,10728d70e0641a69:0x2283,10655572
v1,1791231153738379,UNSAT,309,10728d70e0641a69:0x22cd,10655881
v1,1791231153739519,SAT,779,10728d70e0641a69:0x22cd,10656660
v1,1791231153770135,UNSAT,230,10728d70e0641a69:0x81b84,10656890
v1,1791231153798388,UNSAT,27893,10728d70e0641a69:0x81b84,10684783
v1,1791231153823077,UNSAT,615,10728d70e0641a69:0x81bb5,10685398
v1,1791231154170503,SAT,347039,10728d70e0641a69:0x81bb5,11032437
v1,1791231154195384,UNSAT,241,10728d70e0641a69:0x81bce,11032678
v1,1791231154263906,SAT,68162,10728d70e0641a69:0x81bce,11100840
v1,1791231154286287,UNSAT,237,10728d70e0641a69:0x81c47,11101077
v1,1791231154352434,SAT,65782,10728d70e0641a69:0x81c47,11166859
v1,1791231154372632,UNSAT,230,10728d70e0641a69:0x81c47,11167089
v1,1791231154393560,UNSAT,238,10728d70e0641a69:0x81c69,11167327
v1,1791231154422756,SAT,28867,10728d70e0641a69:0x81c69,11196194
v1,1791231154444909,UNSAT,237,10728d70e0641a69:0x8216e,11196431
v1,1791231154513228,SAT,67936,10728d70e0641a69:0x8216e,11264367
v1,1791231154535005,UNSAT,234,10728d70e0641a69:0x8216e,11264601
v1,1791231154557531,UNSAT,245,10728d70e0641a69:0x82198,11264846
v1,1791231154565734,SAT,7886,10728d70e0641a69:0x82198,11272732
v1,1791231154588985,UNSAT,257,10728d70e0641a69:0x821dc,11272989
v1,1791231154602652,SAT,13241,10728d70e0641a69:0x821dc,11286230
v1,1791231154625673,UNSAT,230,10728d70e0641a69:0x821dc,11286460
v1,1791231154649511,UNSAT,226,10728d70e0641a69:0x821f5,11286686
v1,1791231154674217,SAT,24395,10728d70e0641a69:0x821f5,11311081
v1,1791231154698196,UNSAT,240,10728d70e0641a69:0x821f5,11311321
v1,1791231154722869,UNSAT,243,10728d70e0641a69:0x8220b,11311564
v1,1791231154753476,SAT,30296,10728d70e0641a69:0x8220b,11341860
v1,1791231154773148,UNSAT,241,10728d70e0641a69:0x8220b,11342101
v1,1791231154793960,UNSAT,249,10728d70e0641a69:0x8222e,11342350
v1,1791231155230724,SAT,436430,10728d70e0641a69:0x8222e,11778780
v1,1791231155251622,UNSAT,228,10728d70e0641a69:0x8222e,11779008
v1,1791231155272244,UNSAT,209,10728d70e0641a69:0x8222e,11779217
v1,1791231155294201,UNSAT,226,10728d70e0641a69:0x8418a,11779443
v1,1791231156050165,UNSAT,755634,10728d70e0641a69:0x8418a,12535077
v1,1791231156073084,UNSAT,224,10728d70e0641a69:0x841bd,12535301
v1,1791231156833838,UNSAT,760378,10728d70e0641a69:0x841bd,13295679
v1,1791231156856450,UNSAT,232,10728d70e0641a69:0x841bd,13295911
v1,1791231156879969,UNSAT,229,10728d70e0641a69:0x841c9,13296140
v1,1791231156880424,UNSAT,151,10728d70e0641a69:0x841c9,13296291
v1,1791231156905107,UNSAT,235,10728d70e0641a69:0x841d4,13296526
v1,1791231156905602,UNSAT,147,10728d70e0641a69:0x841d4,13296673
v1,1791231156930878,UNSAT,239,10728d70e0641a69:0x841d4,13296912
v1,1791231156954780,UNSAT,224,10728d70e0641a69:0x2353,13297136
v1,1791231157709845,UNSAT,754742,10728d70e0641a69:0x2353,14051878
v1,1791231157734704,UNSAT,240,10728d70e0641a69:0x81b84,14052118
v1,1791231157762932,UNSAT,27874,10728d70e0641a69:0x81b84,14079992
v1,1791231157785649,UNSAT,238,10728d70e0641a69:0x8220b,14080230
v1,1791231157816563,SAT,30535,10728d70e0641a69:0x8220b,14110765
v1,1791231157838116,UNSAT,230,10728d70e0641a69:0x8220b,14110995
v1,1791231157861009,UNSAT,248,10728d70e0641a69:0x8222e,14111243
v1,1791231158138718,SAT,277373,10728d70e0641a69:0x8222e,14388616
v1,1791231158161157,UNSAT,221,10728d70e0641a69:0x8222e,14388837
v1,1791231158183830,UNSAT,227,10728d70e0641a69:0x8222e,14389064
v1,1791231158210279,UNSAT,229,10728d70e0641a69:0x841c9,14389293
v1,1791231158210706,UNSAT,140,10728d70e0641a69:0x841c9,14389433
v1,1791231158241281,UNSAT,229,10728d70e0641a69:0x23a3,14389662
v1,1791231158536679,UNSAT,295031,10728d70e0641a69:0x23a3,14684693
v1,1791231158566150,UNSAT,242,10728d70e0641a69:0x81b84,14684935
v1,1791231158594371,UNSAT,27859,10728d70e0641a69:0x81b84,14712794
v1,1791231158620712,UNSAT,240,10728d70e0641a69:0x23f3,14713034
v1,1791231159180874,UNSAT,559754,10728d70e0641a69:0x23f3,15272788
v1,1791231159207441,UNSAT,292,10728d70e0641a69:0x81b84,15273080
v1,1791231159235344,UNSAT,27544,10728d70e0641a69:0x81b84,15300624
v1,1791231159261908,UNSAT,236,10728d70e0641a69:0x2443,15300860
v1,1791231159570972,UNSAT,308679,10728d70e0641a69:0x2443,15609539
v1,1791231159598764,UNSAT,238,10728d70e0641a69:0x81b84,15609777
v1,1791231159626840,UNSAT,27723,10728d70e0641a69:0x81b84,15637500
v1,1791231159657114,UNSAT,223,10728d70e0641a69:0x2493,15637723
v1,1791231160586444,UNSAT,928915,10728d70e0641a69:0x2493,16566638
v1,1791231160616938,UNSAT,248,10728d70e0641a69:0x81b84,16566886
v1,1791231160644777,UNSAT,27471,10728d70e0641a69:0x81b84,16594357
v1,1791231160675424,UNSAT,245,10728d70e0641a69:0x24e3,16594602
v1,1791231161060811,UNSAT,385015,10728d70e0641a69:0x24e3,16979617
v1,1791231161092742,UNSAT,246,10728d70e0641a69:0x81b84,16979863
v1,1791231161120808,UNSAT,27700,10728d70e0641a69:0x81b84,17007563
v1,1791231161151849,UNSAT,365,10728d70e0641a69:0x2533,17007928
v1,1791231163582155,UNSAT,2429891,10728d70e0641a69:0x2533,19437819
v1,1791231163610438,UNSAT,241,10728d70e0641a69:0x81b84,19438060
v1,1791231163638811,UNSAT,28004,10728d70e0641a69:0x81b84,19466064
v1,1791231163664189,UNSAT,249,10728d70e0641a69:0x81bb5,19466313
v1,1791231164011843,SAT,347270,10728d70e0641a69:0x81bb5,19813583
v1,1791231164038040,UNSAT,248,10728d70e0641a69:0x81bce,19813831
v1,1791231164107232,SAT,68810,10728d70e0641a69:0x81bce,19882641
v1,1791231164134101,UNSAT,244,10728d70e0641a69:0x81c47,19882885
v1,1791231164200351,SAT,65853,10728d70e0641a69:0x81c47,19948738
v1,1791231164227374,UNSAT,249,10728d70e0641a69:0x81c47,19948987
v1,1791231164255792,UNSAT,243,10728d70e0641a69:0x81c69,19949230
v1,1791231164285221,SAT,29100,10728d70e0641a69:0x81c69,19978330
v1,1791231164315337,UNSAT,239,10728d70e0641a69:0x8216e,19978569
v1,1791231164381343,SAT,65646,10728d70e0641a69:0x8216e,20044215
v1,1791231164410825,UNSAT,225,10728d70e0641a69:0x8216e,20044440
v1,1791231164437716,UNSAT,249,10728d70e0641a69:0x82198,20044689
v1,1791231164446119,SAT,8076,10728d70e0641a69:0x82198,20052765
v1,1791231164470857,UNSAT,238,10728d70e0641a69:0x821dc,20053003
v1,1791231164484853,SAT,13623,10728d70e0641a69:0x821dc,20066626
v1,1791231164509785,UNSAT,247,10728d70e0641a69:0x821dc,20066873
v1,1791231164536345,UNSAT,237,10728d70e0641a69:0x821f5,20067110
v1,1791231164561479,SAT,24819,10728d70e0641a69:0x821f5,20091929
v1,1791231164588225,UNSAT,238,10728d70e0641a69:0x821f5,20092167
v1,1791231164618007,UNSAT,240,10728d70e0641a69:0x8418a,20092407
v1,1791231164956991,UNSAT,338652,10728d70e0641a69:0x8418a,20431059
v1,1791231164986294,UNSAT,246,10728d70e0641a69:0x841bd,20431305
v1,1791231165325674,UNSAT,338989,10728d70e0641a69:0x841bd,20770294
v1,1791231165354733,UNSAT,234,10728d70e0641a69:0x841bd,20770528
v1,1791231165385048,UNSAT,231,10728d70e0641a69:0x841d4,20770759
v1,1791231165385516,UNSAT,152,10728d70e0641a69:0x841d4,20770911
v1,1791231165410366,UNSAT,252,10728d70e0641a69:0x841d4,20771163
v1,1791231165435873,UNSAT,239,10728d70e0641a69:0x2583,20771402
v1,1791231165777416,UNSAT,341221,10728d70e0641a69:0x2583,21112623
v1,1791231165808080,UNSAT,247,10728d70e0641a69:0x25cd,21112870
v1,1791231165809179,SAT,722,10728d70e0641a69:0x25cd,21113592
v1,1791231165839845,UNSAT,242,10728d70e0641a69:0x81b84,21113834
v1,1791231165868964,UNSAT,28755,10728d70e0641a69:0x81b84,21142589
v1,1791231165897284,UNSAT,249,10728d70e0641a69:0x81bb5,21142838
v1,1791231166248269,SAT,350611,10728d70e0641a69:0x81bb5,21493449
v1,1791231166277621,UNSAT,235,10728d70e0641a69:0x81bce,21493684
v1,1791231166347170,SAT,69163,10728d70e0641a69:0x81bce,21562847
v1,1791231166377504,UNSAT,260,10728d70e0641a69:0x81c47,21563107
v1,1791231166444009,SAT,66115,10728d70e0641a69:0x81c47,21629222
v1,1791231166474108,UNSAT,229,10728d70e0641a69:0x81c47,21629451
v1,1791231166501940,UNSAT,235,10728d70e0641a69:0x81c69,21629686
v1,1791231166531576,SAT,29309,10728d70e0641a69:0x81c69,21658995
v1,1791231166557211,UNSAT,234,10728d70e0641a69:0x8216e,21659229
v1,1791231166624606,SAT,67022,10728d70e0641a69:0x8216e,21726251
v1,1791231166649820,UNSAT,223,10728d70e0641a69:0x8216e,21726474
v1,1791231166676896,UNSAT,238,10728d70e0641a69:0x82198,21726712
v1,1791231166685094,SAT,7884,10728d70e0641a69:0x82198,21734596
v1,1791231166716847,UNSAT,238,10728d70e0641a69:0x821dc,21734834
v1,1791231166730650,SAT,13428,10728d70e0641a69:0x821dc,21748262
v1,1791231166758861,UNSAT,233,10728d70e0641a69:0x821dc,21748495
v1,1791231166789222,UNSAT,236,10728d70e0641a69:0x821f5,21748731
v1,1791231166814415,SAT,24880,10728d70e0641a69:0x821f5,21773611
v1,1791231166844648,UNSAT,244,10728d70e0641a69:0x821f5,21773855
v1,1791231166875992,UNSAT,253,10728d70e0641a69:0x8220b,21774108
v1,1791231166907070,SAT,30742,10728d70e0641a69:0x8220b,21804850
v1,1791231166930984,UNSAT,236,10728d70e0641a69:0x8220b,21805086
v1,1791231166961395,UNSAT,246,10728d70e0641a69:0x8222e,21805332
v1,1791231167242508,SAT,280779,10728d70e0641a69:0x8222e,22086111
v1,1791231167268454,UNSAT,233,10728d70e0641a69:0x8222e,22086344
v1,1791231167294699,UNSAT,229,10728d70e0641a69:0x8222e,22086573
v1,1791231167323572,UNSAT,291,10728d70e0641a69:0x8418a,22086864
v1,1791231170787199,UNSAT,3463275,10728d70e0641a69:0x8418a,25550139
v1,1791231170816854,UNSAT,237,10728d70e0641a69:0x841bd,25550376
v1,1791231174306375,UNSAT,3489128,10728d70e0641a69:0x841bd,29039504
v1,1791231174335745,UNSAT,226,10728d70e0641a69:0x841bd,29039730
v1,1791231174366735,UNSAT,234,10728d70e0641a69:0x841c9,29039964
v1,1791231174367165,UNSAT,141,10728d70e0641a69:0x841c9,29040105
v1,1791231174396116,UNSAT,232,10728d70e0641a69:0x841d4,29040337
v1,1791231174396652,UNSAT,145,10728d70e0641a69:0x841d4,29040482
v1,1791231174421087,UNSAT,236,10728d70e0641a69:0x841d4,29040718
v1,1791231174447454,UNSAT,249,10728d70e0641a69:0x2353,29040967
v1,1791231177930457,UNSAT,3482661,10728d70e0641a69:0x2353,32523628
v1,1791231177959457,UNSAT,242,10728d70e0641a69:0x81b84,32523870
v1,1791231177988187,UNSAT,28347,10728d70e0641a69:0x81b84,32552217
v1,1791231178018353,UNSAT,239,10728d70e0641a69:0x8220b,32552456
v1,1791231178049722,SAT,30996,10728d70e0641a69:0x8220b,32583452
v1,1791231178079632,UNSAT,234,10728d70e0641a69:0x8220b,32583686
v1,1791231178110417,UNSAT,243,10728d70e0641a69:0x8222e,32583929
v1,1791231178666668,SAT,555912,10728d70e0641a69:0x8222e,33139841
v1,1791231178698466,UNSAT,247,10728d70e0641a69:0x8222e,33140088
v1,1791231178726482,UNSAT,226,10728d70e0641a69:0x8222e,33140314
v1,1791231178752715,UNSAT,235,10728d70e0641a69:0x841c9,33140549
v1,1791231178753173,UNSAT,146,10728d70e0641a69:0x841c9,33140695
v1,1791231178780182,UNSAT,238,10728d70e0641a69:0x23a3,33140933
v1,1791231179131223,UNSAT,350646,10728d70e0641a69:0x23a3,33491579
v1,1791231179159507,UNSAT,295,10728d70e0641a69:0x81b84,33491874
v1,1791231179188163,UNSAT,28294,10728d70e0641a69:0x81b84,33520168
v1,1791231179221525,UNSAT,242,10728d70e0641a69:0x23f3,33520410
v1,1791231179916844,UNSAT,694939,10728d70e0641a69:0x23f3,34215349
v1,1791231179948341,UNSAT,260,10728d70e0641a69:0x81b84,34215609
v1,1791231179976547,UNSAT,27849,10728d70e0641a69:0x81b84,34243458
v1,1791231180011707,UNSAT,233,10728d70e0641a69:0x2443,34243691
v1,1791231180312156,UNSAT,300076,10728d70e0641a69:0x2443,34543767
v1,1791231180346848,UNSAT,260,10728d70e0641a69:0x81b84,34544027
v1,1791231180375281,UNSAT,28055,10728d70e0641a69:0x81b84,34572082
v1,1791231180405563,UNSAT,390,10728d70e0641a69:0x2493,34572472
v1,1791231182301191,UNSAT,1895205,10728d70e0641a69:0x2493,36467677
v1,1791231182329939,UNSAT,251,10728d70e0641a69:0x81b84,36467928
v1,1791231182358525,UNSAT,28203,10728d70e0641a69:0x81b84,36496131
v1,1791231182390775,UNSAT,240,10728d70e0641a69:0x24e3,36496371
v1,1791231182740478,UNSAT,349318,10728d70e0641a69:0x24e3,36845689
v1,1791231182775341,UNSAT,265,10728d70e0641a69:0x81b84,36845954
v1,1791231182803972,UNSAT,28200,10728d70e0641a69:0x81b84,36874154
v1,1791231182840598,UNSAT,271,10728d70e0641a69:0x2533,36874425
v1,1791231187519988,UNSAT,4678943,10728d70e0641a69:0x2533,41553368
v1,1791231187557135,UNSAT,243,10728d70e0641a69:0x81b84,41553611
v1,1791231187585747,UNSAT,28233,10728d70e0641a69:0x81b84,41581844
v1,1791231187622162,UNSAT,233,10728d70e0641a69:0x2583,41582077
v1,1791231188001107,UNSAT,378545,10728d70e0641a69:0x2583,41960622
v1,1791231188031333,UNSAT,296,10728d70e0641a69:0x25cd,41960918
v1,1791231188032462,SAT,736,10728d70e0641a69:0x25cd,41961654
v1,1791231188064358,UNSAT,253,10728d70e0641a69:0x81b84,41961907
v1,1791231188093160,UNSAT,28432,10728d70e0641a69:0x81b84,41990339
v1,1791231188146864,UNSAT,241,10728d70e0641a69:0x81bb5,41990580
v1,1791231188502196,SAT,354952,10728d70e0641a69:0x81bb5,42345532
v1,1791231188543413,UNSAT,304,10728d70e0641a69:0x81bce,42345836
v1,1791231188613025,SAT,69225,10728d70e0641a69:0x81bce,42415061
v1,1791231188652486,UNSAT,252,10728d70e0641a69:0x81c47,42415313
v1,1791231188718982,SAT,66106,10728d70e0641a69:0x81c47,42481419
v1,1791231188752549,UNSAT,232,10728d70e0641a69:0x81c47,42481651
v1,1791231188789772,UNSAT,241,10728d70e0641a69:0x81c69,42481892
v1,1791231188819003,SAT,28916,10728d70e0641a69:0x81c69,42510808
v1,1791231188859486,UNSAT,253,10728d70e0641a69:0x8216e,42511061
v1,1791231188926338,SAT,66471,10728d70e0641a69:0x8216e,42577532
v1,1791231188968286,UNSAT,279,10728d70e0641a69:0x8216e,42577811
v1,1791231189014135,UNSAT,240,10728d70e0641a69:0x82198,42578051
v1,1791231189022315,SAT,7868,10728d70e0641a69:0x82198,42585919
v1,1791231189066771,UNSAT,240,10728d70e0641a69:0x821dc,42586159
v1,1791231189080719,SAT,13580,10728d70e0641a69:0x821dc,42599739
v1,1791231189114214,UNSAT,240,10728d70e0641a69:0x821dc,42599979
v1,1791231189151422,UNSAT,269,10728d70e0641a69:0x821f5,42600248
v1,1791231189177176,SAT,25370,10728d70e0641a69:0x821f5,42625618
v1,1791231189216565,UNSAT,259,10728d70e0641a69:0x821f5,42625877
v1,1791231189260501,UNSAT,247,10728d70e0641a69:0x8418a,42626124
v1,1791231189623065,UNSAT,362238,10728d70e0641a69:0x8418a,42988362
v1,1791231189668694,UNSAT,252,10728d70e0641a69:0x841bd,42988614
v1,1791231190030967,UNSAT,361882,10728d70e0641a69:0x841bd,43350496
v1,1791231190075403,UNSAT,241,10728d70e0641a69:0x841bd,43350737
v1,1791231190109531,UNSAT,256,10728d70e0641a69:0x841d4,43350993
v1,1791231190109984,UNSAT,148,10728d70e0641a69:0x841d4,43351141
v1,1791231190146204,UNSAT,250,10728d70e0641a69:0x841d4,43351391
v1,1791231190190161,UNSAT,315,10728d70e0641a69:0x8220b,43351706
v1,1791231190221286,SAT,30782,10728d70e0641a69:0x8220b,43382488
v1,1791231190264103,UNSAT,243,10728d70e0641a69:0x8220b,43382731
v1,1791231190310369,UNSAT,255,10728d70e0641a69:0x8222e,43382986
v1,1791231191811343,SAT,1500627,10728d70e0641a69:0x8222e,44883613
v1,1791231191854289,UNSAT,259,10728d70e0641a69:0x8222e,44883872
v1,1791231191888550,UNSAT,234,10728d70e0641a69:0x8222e,44884106
v1,1791231191927309,UNSAT,238,10728d70e0641a69:0x841c9,44884344
v1,1791231191927794,UNSAT,184,10728d70e0641a69:0x841c9,44884528
v1,1791231191969763,UNSAT,239,10728d70e0641a69:0x2353,44884767
v1,1791231201974197,UNKNOWN,10004021,10728d70e0641a69:0x2353,54888788
v1,1791231202019993,UNSAT,829,10728d70e0641a69:0x81b84,54889617
v1,1791231202048998,UNSAT,28599,10728d70e0641a69:0x81b84,54918216
v1,1791231202099780,UNSAT,227,10728d70e0641a69:0x23a3,54918443
v1,1791231202487876,UNSAT,387722,10728d70e0641a69:0x23a3,55306165
v1,1791231202530100,UNSAT,290,10728d70e0641a69:0x81b84,55306455
v1,1791231202559080,UNSAT,28548,10728d70e0641a69:0x81b84,55335003
v1,1791231202599451,UNSAT,246,10728d70e0641a69:0x23f3,55335249
v1,1791231203240264,UNSAT,640399,10728d70e0641a69:0x23f3,55975648
v1,1791231203282169,UNSAT,238,10728d70e0641a69:0x81b84,55975886
v1,1791231203310984,UNSAT,28439,10728d70e0641a69:0x81b84,56004325
v1,1791231203359033,UNSAT,250,10728d70e0641a69:0x2443,56004575
v1,1791231203736328,UNSAT,376877,10728d70e0641a69:0x2443,56381452
v1,1791231203786393,UNSAT,241,10728d70e0641a69:0x81b84,56381693
v1,1791231203815136,UNSAT,28362,10728d70e0641a69:0x81b84,56410055
v1,1791231203864455,UNSAT,250,10728d70e0641a69:0x2493,56410305
v1,1791231205979433,UNSAT,2114565,10728d70e0641a69:0x2493,58524870
v1,1791231206019292,UNSAT,266,10728d70e0641a69:0x81b84,58525136
v1,1791231206048165,UNSAT,28443,10728d70e0641a69:0x81b84,58553579
v1,1791231206093812,UNSAT,240,10728d70e0641a69:0x24e3,58553819
v1,1791231206393534,UNSAT,299332,10728d70e0641a69:0x24e3,58853151
v1,1791231206440874,UNSAT,241,10728d70e0641a69:0x81b84,58853392
v1,1791231206469674,UNSAT,28434,10728d70e0641a69:0x81b84,58881826
v1,1791231206525254,UNSAT,230,10728d70e0641a69:0x2533,58882056
v1,1791231208935161,UNSAT,2409512,10728d70e0641a69:0x2533,61291568
v1,1791231208989839,UNSAT,254,10728d70e0641a69:0x81b84,61291822
v1,1791231209019108,UNSAT,28898,10728d70e0641a69:0x81b84,61320720
v1,1791231209060512,UNSAT,342,10728d70e0641a69:0x2583,61321062
v1,1791231209560377,UNSAT,499442,10728d70e0641a69:0x2583,61820504
v1,1791231209605564,UNSAT,244,10728d70e0641a69:0x25cd,61820748
v1,1791231209606677,SAT,733,10728d70e0641a69:0x25cd,61821481
v1,1791231209655903,UNSAT,245,10728d70e0641a69:0x81b84,61821726
v1,1791231209684867,UNSAT,28580,10728d70e0641a69:0x81b84,61850306
v1,1791231209802534,UNSAT,246,10728d70e0641a69:0x81bb5,61850552
v1,1791231210155928,SAT,353006,10728d70e0641a69:0x81bb5,62203558
v1,1791231210222729,UNSAT,251,10728d70e0641a69:0x81bce,62203809
v1,1791231210291712,SAT,68578,10728d70e0641a69:0x81bce,62272387
v1,1791231210350013,UNSAT,248,10728d70e0641a69:0x81c47,62272635
v1,1791231210416479,SAT,66057,10728d70e0641a69:0x81c47,62338692
v1,1791231210481843,UNSAT,245,10728d70e0641a69:0x81c47,62338937
v1,1791231210559480,UNSAT,270,10728d70e0641a69:0x81c69,62339207
v1,1791231210588059,SAT,28260,10728d70e0641a69:0x81c69,62367467
v1,1791231210676784,UNSAT,242,10728d70e0641a69:0x8216e,62367709
v1,1791231210742661,SAT,65463,10728d70e0641a69:0x8216e,62433172
v1,1791231210798535,UNSAT,250,10728d70e0641a69:0x8216e,62433422
v1,1791231210864822,UNSAT,258,10728d70e0641a69:0x82198,62433680
v1,1791231210872642,SAT,7491,10728d70e0641a69:0x82198,62441171
v1,1791231210950542,UNSAT,310,10728d70e0641a69:0x821dc,62441481
v1,1791231210964118,SAT,13166,10728d70e0641a69:0x821dc,62454647
v1,1791231211041648,UNSAT,236,10728d70e0641a69:0x821dc,62454883
v1,1791231211100170,UNSAT,247,10728d70e0641a69:0x821f5,62455130
v1,1791231211125158,SAT,24668,10728d70e0641a69:0x821f5,62479798
v1,1791231211193909,UNSAT,247,10728d70e0641a69:0x821f5,62480045
v1,1791231211275809,UNSAT,246,10728d70e0641a69:0x8418a,62480291
v1,1791231211578726,UNSAT,302559,10728d70e0641a69:0x8418a,62782850
v1,1791231211648641,UNSAT,254,10728d70e0641a69:0x841bd,62783104
v1,1791231211953309,UNSAT,304247,10728d70e0641a69:0x841bd,63087351
v1,1791231212014738,UNSAT,249,10728d70e0641a69:0x841bd,63087600
v1,1791231212089428,UNSAT,250,10728d70e0641a69:0x841d4,63087850
v1,1791231212089878,UNSAT,145,10728d70e0641a69:0x841d4,63087995
v1,1791231212173174,UNSAT,241,10728d70e0641a69:0x841d4,63088236
v1,1791231212235067,UNSAT,251,10728d70e0641a69:0x8220b,63088487
v1,1791231212266515,SAT,31126,10728d70e0641a69:0x8220b,63119613
v1,1791231212332702,UNSAT,237,10728d70e0641a69:0x8220b,63119850
v1,1791231212413430,UNSAT,239,10728d70e0641a69:0x8222e,63120089
v1,1791231218526343,SAT,6112543,10728d70e0641a69:0x8222e,69232632
v1,1791231218616300,UNSAT,249,10728d70e0641a69:0x8222e,69232881
v1,1791231218672166,UNSAT,254,10728d70e0641a69:0x8222e,69233135
v1,1791231218740548,UNSAT,257,10728d70e0641a69:0x841c9,69233392
v1,1791231218741011,UNSAT,166,10728d70e0641a69:0x841c9,69233558
v1,1791231218820957,UNSAT,241,10728d70e0641a69:0x2353,69233799
v1,1791231231792616,UNSAT,264,10728d70e0641a69:0x81bce,264
v1,1791231231794071,SAT,969,10728d70e0641a69:0x81bce,1233
v1,1791231231795911,UNSAT,253,10728d70e0641a69:0x81bce,1486
v1,1791231231798970,UNSAT,273,10728d70e0641a69:0x81c47,1759
v1,1791231231800359,SAT,960,10728d70e0641a69:0x81c47,2719
v1,1791231231803070,UNSAT,239,10728d70e0641a69:0x81c47,2958
v1,1791231231806130,UNSAT,190,10728d70e0641a69:0x81c69,3148
v1,1791231231808472,SAT,2058,10728d70e0641a69:0x81c69,5206
v1,1791231231811085,UNSAT,171,10728d70e0641a69:0x8216e,5377
v1,1791231231812024,SAT,674,10728d70e0641a69:0x8216e,6051
v1,1791231231813858,UNSAT,162,10728d70e0641a69:0x8216e,6213
v1,1791231231816200,UNSAT,177,10728d70e0641a69:0x82198,6390
v1,1791231231817234,UNSAT,782,10728d70e0641a69:0x82198,7172
v1,1791231231819935,UNSAT,207,10728d70e0641a69:0x821dc,7379
v1,1791231231821487,SAT,1291,10728d70e0641a69:0x821dc,8670
v1,1791231231823500,UNSAT,174,10728d70e0641a69:0x821dc,8844
v1,1791231231826454,UNSAT,192,10728d70e0641a69:0x8220b,9036
v1,1791231231827761,SAT,1017,10728d70e0641a69:0x8220b,10053
v1,1791231231830943,UNSAT,256,10728d70e0641a69:0x8222e,10309
v1,1791231231832599,SAT,1194,10728d70e0641a69:0x8222e,11503
v1,1791231231834858,UNSAT,170,10728d70e0641a69:0x8222e,11673
v1,1791231231837500,UNSAT,178,10728d70e0641a69:0x841c9,11851
v1,1791231231837887,UNSAT,134,10728d70e0641a69:0x841c9,11985
v1,1791231231840459,UNSAT,175,10728d70e0641a69:0x841d4,12160
v1,1791231231840858,UNSAT,138,10728d70e0641a69:0x841d4,12298
v1,1791231231851792,UNSAT,187,10728d70e0641a69:0x6cd2,12485
v1,1791231231852642,SAT,579,10728d70e0641a69:0x6cd2,13064
v1,1791231231855996,UNSAT,183,10728d70e0641a69:0x115a2d,13247
v1,1791231231856408,SAT,138,10728d70e0641a69:0x115a2d,13385
v1,1791231231859007,UNSAT,180,10728d70e0641a69:0x115a2d,13565
v1,1791231231865138,UNSAT,190,10728d70e0641a69:0xb0f41,13755
v1,1791231231865887,SAT,460,10728d70e0641a69:0xb0f41,14215
v1,1791231231873367,UNSAT,198,10728d70e0641a69:0xb15cf,14413
v1,1791231231873821,SAT,161,10728d70e0641a69:0xb15cf,14574
v1,1791231231880482,UNSAT,201,10728d70e0641a69:0x6cd2,14775
v1,1791231231881221,SAT,449,10728d70e0641a69:0x6cd2,15224
v1,1791231231884866,UNSAT,340,10728d70e0641a69:0x115a2d,15564
v1,1791231231885330,SAT,168,10728d70e0641a69:0x115a2d,15732
v1,1791231231888348,UNSAT,182,10728d70e0641a69:0x115a2d,15914
v1,1791231231896857,SAT,812,10728d70e0641a69:0xb17c9,16726
v1,1791231231903679,SAT,622,10728d70e0641a69:0xb1811,17348
v1,1791231231921053,UNSAT,192,10728d70e0641a69:0xa897f,17540
v1,1791231231921501,SAT,159,10728d70e0641a69:0xa897f,17699
v1,1791231231933224,UNSAT,193,10728d70e0641a69:0xa8a0f,17892
v1,1791231231934029,SAT,511,10728d70e0641a69:0xa8a0f,18403
v1,1791231231941987,UNSAT,197,10728d70e0641a69:0xa904a,18600
v1,1791231231942794,SAT,501,10728d70e0641a69:0xa904a,19101
v1,1791231231948779,UNSAT,200,10728d70e0641a69:0x6e1b4,19301
v1,1791231231949238,SAT,162,10728d70e0641a69:0x6e1b4,19463
v1,1791231231953271,UNSAT,208,10728d70e0641a69:0x7b73b,19671
v1,1791231231954308,SAT,731,10728d70e0641a69:0x7b73b,20402
v1,1791231231958463,UNSAT,217,10728d70e0641a69:0x7b746,20619
v1,1791231231959455,SAT,704,10728d70e0641a69:0x7b746,21323
v1,1791231231963924,UNSAT,204,10728d70e0641a69:0x7b74f,21527
v1,1791231231964389,SAT,169,10728d70e0641a69:0x7b74f,21696
v1,1791231231970148,UNSAT,200,10728d70e0641a69:0x7b76c,21896
v1,1791231231970627,SAT,166,10728d70e0641a69:0x7b76c,22062
v1,1791231231976068,UNSAT,193,10728d70e0641a69:0x7b76c,22255
v1,1791231231976525,SAT,157,10728d70e0641a69:0x7b76c,22412
v1,1791231231981631,UNSAT,193,10728d70e0641a69:0x7b76c,22605
v1,1791231231982395,SAT,476,10728d70e0641a69:0x7b76c,23081
v1,1791231231987679,UNSAT,193,10728d70e0641a69:0x7b782,23274
v1,1791231231988098,UNSAT,145,10728d70e0641a69:0x7b782,23419
v1,1791231231993091,UNSAT,201,10728d70e0641a69:0x6e283,23620
v1,1791231231993521,UNSAT,137,10728d70e0641a69:0x6e283,23757
v1,1791231231999465,UNSAT,210,10728d70e0641a69:0x5db32,23967
v1,1791231231999963,UNSAT,159,10728d70e0641a69:0x5db32,24126
v1,1791231232006835,UNSAT,196,10728d70e0641a69:0x6cd2,24322
v1,1791231232007581,SAT,470,10728d70e0641a69:0x6cd2,24792
v1,1791231232012816,UNSAT,204,10728d70e0641a69:0x6d9b,24996
v1,1791231232013336,SAT,182,10728d70e0641a69:0x6d9b,25178
v1,1791231232018902,UNSAT,203,10728d70e0641a69:0x6dee,25381
v1,1791231232019374,SAT,174,10728d70e0641a69:0x6dee,25555
v1,1791231232025114,UNSAT,209,10728d70e0641a69:0x115a2d,25764
v1,1791231232025571,SAT,153,10728d70e0641a69:0x115a2d,25917
v1,1791231232031252,UNSAT,209,10728d70e0641a69:0x1167a4,26126
v1,1791231232032053,SAT,492,10728d70e0641a69:0x1167a4,26618
v1,1791231232037136,UNSAT,185,10728d70e0641a69:0x1167a4,26803
v1,1791231232042005,UNSAT,189,10728d70e0641a69:0x1167a4,26992
v1,1791231232046929,UNSAT,190,10728d70e0641a69:0x1167a4,27182
v1,1791231232051872,UNSAT,185,10728d70e0641a69:0x1167a4,27367
v1,1791231232056898,UNSAT,178,10728d70e0641a69:0x1167a4,27545
v1,1791231232061994,UNSAT,179,10728d70e0641a69:0x1167a4,27724
v1,1791231232067200,UNSAT,199,10728d70e0641a69:0x1167a4,27923
v1,1791231232072519,UNSAT,200,10728d70e0641a69:0x1167a4,28123
v1,1791231232079172,UNSAT,211,10728d70e0641a69:0x1168c7,28334
v1,1791231232080534,SAT,1076,10728d70e0641a69:0x1168c7,29410
v1,1791231232089269,UNSAT,206,10728d70e0641a69:0x1168c7,29616
v1,1791231232096135,UNSAT,209,10728d70e0641a69:0x1168c7,29825
v1,1791231232103132,UNSAT,213,10728d70e0641a69:0x1168c7,30038
v1,1791231232110236,UNSAT,209,10728d70e0641a69:0x1168c7,30247
v1,1791231232117620,UNSAT,216,10728d70e0641a69:0x1168c7,30463
v1,1791231232125099,UNSAT,215,10728d70e0641a69:0x1168c7,30678
v1,1791231232132545,UNSAT,209,10728d70e0641a69:0x1168c7,30887
v1,1791231232140828,UNSAT,237,10728d70e0641a69:0x1168c7,31124
v1,1791231232146032,UNSAT,205,10728d70e0641a69:0x1168c7,31329
v1,1791231232147542,SAT,1213,10728d70e0641a69:0x1168c7,32542
v1,1791231232152610,UNSAT,196,10728d70e0641a69:0x116947,32738
v1,1791231232153356,SAT,459,10728d70e0641a69:0x116947,33197
v1,1791231232156871,UNSAT,179,10728d70e0641a69:0x116947,33376
v1,1791231232160148,UNSAT,187,10728d70e0641a69:0x116947,33563
v1,1791231232164920,UNSAT,752,10728d70e0641a69:0x1169b7,34315
v1,1791231232165907,SAT,490,10728d70e0641a69:0x1169b7,34805
v1,1791231232170470,UNSAT,203,10728d70e0641a69:0x1169fb,35008
v1,1791231232171221,SAT,456,10728d70e0641a69:0x1169fb,35464
v1,1791231232175805,UNSAT,225,10728d70e0641a69:0x116a40,35689
v1,1791231232176607,SAT,479,10728d70e0641a69:0x116a40,36168
v1,1791231232181376,UNSAT,205,10728d70e0641a69:0x116a84,36373
v1,1791231232182154,SAT,477,10728d70e0641a69:0x116a84,36850
v1,1791231232188440,UNSAT,230,10728d70e0641a69:0x116a84,37080
v1,1791231232192338,UNSAT,188,10728d70e0641a69:0x116a84,37268
v1,1791231232196418,UNSAT,198,10728d70e0641a69:0x116a84,37466
v1,1791231232200377,UNSAT,175,10728d70e0641a69:0x116a84,37641
v1,1791231232205359,UNSAT,203,10728d70e0641a69:0x116e00,37844
v1,1791231232206103,SAT,460,10728d70e0641a69:0x116e00,38304
v1,1791231232211785,UNSAT,201,10728d70e0641a69:0x6e7d,38505
v1,1791231232212228,UNSAT,161,10728d70e0641a69:0x6e7d,38666
v1,1791231232222166,UNSAT,206,10728d70e0641a69:0xa93cd,38872
v1,1791231232223043,SAT,583,10728d70e0641a69:0xa93cd,39455
v1,1791231232240798,UNSAT,210,10728d70e0641a69:0x7b733,39665
v1,1791231232241987,SAT,894,10728d70e0641a69:0x7b733,40559
v1,1791231232247708,UNSAT,198,10728d70e0641a69:0x7b73b,40757
v1,1791231232250818,SAT,2822,10728d70e0641a69:0x7b73b,43579
v1,1791231232256275,UNSAT,635,10728d70e0641a69:0x7b73b,44214
v1,1791231232261110,UNSAT,190,10728d70e0641a69:0x7b73b,44404
v1,1791231232265914,UNSAT,182,10728d70e0641a69:0x7b73b,44586
v1,1791231232270893,UNSAT,183,10728d70e0641a69:0x7b73b,44769
v1,1791231232280894,UNSAT,220,10728d70e0641a69:0xa94e7,44989
v1,1791231232281419,SAT,188,10728d70e0641a69:0xa94e7,45177
v1,1791231232291874,UNSAT,212,10728d70e0641a69:0xa9539,45389
v1,1791231232292648,SAT,476,10728d70e0641a69:0xa9539,45865
v1,1791231232320910,UNSAT,214,10728d70e0641a69:0x290c3,46079
v1,1791231232321687,SAT,472,10728d70e0641a69:0x290c3,46551
v1,1791231232332455,UNSAT,237,10728d70e0641a69:0x2910c,46788
v1,1791231232333268,SAT,511,10728d70e0641a69:0x2910c,47299
v1,1791231232350139,UNSAT,205,10728d70e0641a69:0x2919f,47504
v1,1791231232350965,SAT,498,10728d70e0641a69:0x2919f,48002
v1,1791231232361844,UNSAT,211,10728d70e0641a69:0x291e6,48213
v1,1791231232362594,SAT,465,10728d70e0641a69:0x291e6,48678
v1,1791231232380201,UNSAT,260,10728d70e0641a69:0x29277,48938
v1,1791231232381075,SAT,535,10728d70e0641a69:0x29277,49473
v1,1791231232393569,UNSAT,209,10728d70e0641a69:0x292be,49682
v1,1791231232394314,SAT,449,10728d70e0641a69:0x292be,50131
v1,1791231232409666,UNSAT,225,10728d70e0641a69:0x2934c,50356
v1,1791231232410486,SAT,521,10728d70e0641a69:0x2934c,50877
v1,1791231232422172,UNSAT,211,10728d70e0641a69:0x29394,51088
v1,1791231232422912,SAT,429,10728d70e0641a69:0x29394,51517
v1,1791231232488352,UNSAT,233,10728d70e0641a69:0x2e2bf,51750
v1,1791231232488853,SAT,169,10728d70e0641a69:0x2e2bf,51919
v1,1791231232790879,UNSAT,227,10728d70e0641a69:0x2fde4,52146
v1,1791231232791351,SAT,171,10728d70e0641a69:0x2fde4,52317
v1,1791231232875282,UNSAT,267,10728d70e0641a69:0x8451c,52584
v1,1791231232875781,UNSAT,156,10728d70e0641a69:0x8451c,52740
v1,1791231232885243,UNSAT,206,10728d70e0641a69:0x84527,52946
v1,1791231232885685,UNSAT,142,10728d70e0641a69:0x84527,53088
v1,1791231232900218,UNSAT,211,10728d70e0641a69:0x7fd7c,53299
v1,1791231232905621,UNSAT,5091,10728d70e0641a69:0x7fd7c,58390
v1,1791231232915029,UNSAT,209,10728d70e0641a69:0x7fd90,58599
v1,1791231232916253,SAT,904,10728d70e0641a69:0x7fd90,59503
v1,1791231232926317,UNSAT,223,10728d70e0641a69:0x7fd98,59726
v1,1791231232926780,UNSAT,165,10728d70e0641a69:0x7fd98,59891
v1,1791231232937691,UNSAT,215,10728d70e0641a69:0x7fda5,60106
v1,1791231232938865,SAT,843,10728d70e0641a69:0x7fda5,60949
v1,1791231232947584,UNSAT,206,10728d70e0641a69:0x7fda5,61155
v1,1791231232956825,UNSAT,208,10728d70e0641a69:0x7fdb7,61363
v1,1791231232958536,SAT,1419,10728d70e0641a69:0x7fdb7,62782
v1,1791231232968929,UNSAT,208,10728d70e0641a69:0x7fdc8,62990
v1,1791231232971805,SAT,2584,10728d70e0641a69:0x7fdc8,65574
v1,1791231232983900,UNSAT,686,10728d70e0641a69:0x7fdc8,66260
v1,1791231233000165,UNSAT,210,10728d70e0641a69:0x804d3,66470
v1,1791231233001468,SAT,967,10728d70e0641a69:0x804d3,67437
v1,1791231233024800,UNSAT,216,10728d70e0641a69:0x7b733,67653
v1,1791231233026077,SAT,966,10728d70e0641a69:0x7b733,68619
v1,1791231233035337,UNSAT,213,10728d70e0641a69:0x7b73b,68832
v1,1791231233038177,SAT,2527,10728d70e0641a69:0x7b73b,71359
v1,1791231233047064,UNSAT,218,10728d70e0641a69:0x7b73b,71577
v1,1791231233055782,UNSAT,227,10728d70e0641a69:0x7b73b,71804
v1,1791231233064556,UNSAT,261,10728d70e0641a69:0x7b73b,72065
v1,1791231233075971,UNSAT,209,10728d70e0641a69:0x7b73b,72274
v1,1791231233085190,UNSAT,209,10728d70e0641a69:0x7b73b,72483
v1,1791231233094195,UNSAT,207,10728d70e0641a69:0x7b73b,72690
v1,1791231233103326,UNSAT,250,10728d70e0641a69:0x7b73b,72940
v1,1791231233112322,UNSAT,212,10728d70e0641a69:0x7b73b,73152
v1,1791231233114665,SAT,867,10728d70e0641a69:0xa817c,74019
v1,1791231233116325,UNSAT,237,10728d70e0641a69:0x1159e5,74256
v1,1791231233116833,UNSAT,154,10728d70e0641a69:0x1159e5,74410
v1,1791231233118556,SAT,540,10728d70e0641a69:0x6cd2,74950
v1,1791231233120375,SAT,537,10728d70e0641a69:0x115a2d,75487
v1,1791231233121320,UNSAT,181,10728d70e0641a69:0x115a2d,75668
v1,1791231233122094,UNSAT,151,10728d70e0641a69:0x115a2d,75819
v1,1791231233122787,UNSAT,145,10728d70e0641a69:0x115a2d,75964
v1,1791231233123481,UNSAT,138,10728d70e0641a69:0x115a2d,76102
v1,1791231233125419,SAT,690,10728d70e0641a69:0xa81f9,76792
v1,1791231233140806,SAT,692,10728d70e0641a69:0x290c3,77484
v1,1791231233143791,SAT,1014,10728d70e0641a69:0x2910c,78498
v1,1791231233147412,SAT,1121,10728d70e0641a69:0x2910c,79619
v1,1791231233148164,SAT,78,10728d70e0641a69:0x2910c,79697
v1,1791231233148565,UNSAT,214,10728d70e0641a69:0x2910c,79911
v1,1791231233148722,SAT,66,10728d70e0641a69:0x2910c,79977
v1,1791231233149009,SAT,186,10728d70e0641a69:0x2910c,80163
v1,1791231233149282,SAT,180,10728d70e0641a69:0x2910c,80343
v1,1791231233149511,UNSAT,141,10728d70e0641a69:0x2910c,80484
v1,1791231233149705,SAT,95,10728d70e0641a69:0x2910c,80579
v1,1791231233149995,SAT,109,10728d70e0641a69:0x2910c,80688
v1,1791231233152379,SAT,975,10728d70e0641a69:0x2910c,81663
v1,1791231233153119,SAT,64,10728d70e0641a69:0x2910c,81727
v1,1791231233153533,SAT,241,10728d70e0641a69:0x2910c,81968
v1,1791231233153826,UNSAT,174,10728d70e0641a69:0x2910c,82142
v1,1791231233153958,SAT,31,10728d70e0641a69:0x2910c,82173
v1,1791231233154224,SAT,174,10728d70e0641a69:0x2910c,82347
v1,1791231233154530,SAT,184,10728d70e0641a69:0x2910c,82531
v1,1791231233154804,UNSAT,177,10728d70e0641a69:0x2910c,82708
v1,1791231233155018,SAT,96,10728d70e0641a69:0x2910c,82804
v1,1791231233155328,SAT,127,10728d70e0641a69:0x2910c,82931
v1,1791231233160134,SAT,696,10728d70e0641a69:0x2919f,83627
v1,1791231233165429,SAT,1433,10728d70e0641a69:0x2919f,85060
v1,1791231233165963,SAT,93,10728d70e0641a69:0x2919f,85153
v1,1791231233166348,UNSAT,211,10728d70e0641a69:0x2919f,85364
v1,1791231233166463,SAT,39,10728d70e0641a69:0x2919f,85403
v1,1791231233166750,SAT,179,10728d70e0641a69:0x2919f,85582
v1,1791231233167011,SAT,163,10728d70e0641a69:0x2919f,85745
v1,1791231233167264,SAT,165,10728d70e0641a69:0x2919f,85910
v1,1791231233167534,SAT,181,10728d70e0641a69:0x2919f,86091
v1,1791231233167749,UNSAT,138,10728d70e0641a69:0x2919f,86229
v1,1791231233167920,SAT,89,10728d70e0641a69:0x2919f,86318
v1,1791231233168143,SAT,95,10728d70e0641a69:0x2919f,86413
v1,1791231233170482,SAT,1131,10728d70e0641a69:0x2919f,87544
v1,1791231233171507,SAT,79,10728d70e0641a69:0x2919f,87623
v1,1791231233171886,SAT,230,10728d70e0641a69:0x2919f,87853
v1,1791231233172178,SAT,183,10728d70e0641a69:0x2919f,88036
v1,1791231233172437,UNSAT,161,10728d70e0641a69:0x2919f,88197
v1,1791231233172595,SAT,36,10728d70e0641a69:0x2919f,88233
v1,1791231233172862,SAT,170,10728d70e0641a69:0x2919f,88403
v1,1791231233173105,SAT,155,10728d70e0641a69:0x2919f,88558
v1,1791231233173374,SAT,185,10728d70e0641a69:0x2919f,88743
v1,1791231233173620,UNSAT,153,10728d70e0641a69:0x2919f,88896
v1,1791231233173830,SAT,93,10728d70e0641a69:0x2919f,88989
v1,1791231233174109,SAT,100,10728d70e0641a69:0x2919f,89089
v1,1791231233179757,SAT,608,10728d70e0641a69:0x29277,89697
v1,1791231233183455,SAT,909,10728d70e0641a69:0x29277,90606
v1,1791231233183987,SAT,108,10728d70e0641a69:0x29277,90714
v1,1791231233184390,UNSAT,198,10728d70e0641a69:0x29277,90912
v1,1791231233184496,SAT,37,10728d70e0641a69:0x29277,90949
v1,1791231233184831,SAT,220,10728d70e0641a69:0x29277,91169
v1,1791231233185109,SAT,171,10728d70e0641a69:0x29277,91340
v1,1791231233185390,SAT,192,10728d70e0641a69:0x29277,91532
v1,1791231233185648,SAT,167,10728d70e0641a69:0x29277,91699
v1,1791231233185870,UNSAT,144,10728d70e0641a69:0x29277,91843
v1,1791231233186089,SAT,126,10728d70e0641a69:0x29277,91969
v1,1791231233186371,SAT,124,10728d70e0641a69:0x29277,92093
v1,1791231233189571,SAT,1256,10728d70e0641a69:0x29277,93349
v1,1791231233190870,SAT,83,10728d70e0641a69:0x29277,93432
v1,1791231233191250,SAT,225,10728d70e0641a69:0x29277,93657
v1,1791231233191583,SAT,194,10728d70e0641a69:0x29277,93851
v1,1791231233191857,SAT,175,10728d70e0641a69:0x29277,94026
v1,1791231233192112,UNSAT,160,10728d70e0641a69:0x29277,94186
v1,1791231233192294,SAT,51,10728d70e0641a69:0x29277,94237
v1,1791231233192603,SAT,190,10728d70e0641a69:0x29277,94427
v1,1791231233192856,SAT,158,10728d70e0641a69:0x29277,94585
v1,1791231233193092,UNSAT,150,10728d70e0641a69:0x29277,94735
v1,1791231233193325,SAT,106,10728d70e0641a69:0x29277,94841
v1,1791231233193636,SAT,113,10728d70e0641a69:0x29277,94954
v1,1791231233199924,UNSAT,750,10728d70e0641a69:0x2934c,95704
v1,1791231233200827,SAT,491,10728d70e0641a69:0x2934c,96195
v1,1791231233204618,SAT,774,10728d70e0641a69:0x2934c,96969
v1,1791231233205138,SAT,94,10728d70e0641a69:0x2934c,97063
v1,1791231233205509,UNSAT,196,10728d70e0641a69:0x2934c,97259
v1,1791231233205649,SAT,44,10728d70e0641a69:0x2934c,97303
v1,1791231233205987,SAT,208,10728d70e0641a69:0x2934c,97511
v1,1791231233206278,SAT,187,10728d70e0641a69:0x2934c,97698
v1,1791231233206574,SAT,190,10728d70e0641a69:0x2934c,97888
v1,1791231233206859,SAT,183,10728d70e0641a69:0x2934c,98071
v1,1791231233207097,UNSAT,149,10728d70e0641a69:0x2934c,98220
v1,1791231233207298,SAT,114,10728d70e0641a69:0x2934c,98334
v1,1791231233207577,SAT,123,10728d70e0641a69:0x2934c,98457
v1,1791231233211120,SAT,1611,10728d70e0641a69:0x2934c,100068
v1,1791231233212740,SAT,95,10728d70e0641a69:0x2934c,100163
v1,1791231233213154,SAT,240,10728d70e0641a69:0x2934c,100403
v1,1791231233213475,SAT,191,10728d70e0641a69:0x2934c,100594
v1,1791231233213742,UNSAT,157,10728d70e0641a69:0x2934c,100751
v1,1791231233213942,SAT,32,10728d70e0641a69:0x2934c,100783
v1,1791231233214230,SAT,175,10728d70e0641a69:0x2934c,100958
v1,1791231233214510,SAT,168,10728d70e0641a69:0x2934c,101126
v1,1791231233214795,SAT,178,10728d70e0641a69:0x2934c,101304
v1,1791231233215042,UNSAT,148,10728d70e0641a69:0x2934c,101452
v1,1791231233215295,SAT,102,10728d70e0641a69:0x2934c,101554
v1,1791231233215619,SAT,97,10728d70e0641a69:0x2934c,101651
v1,1791231233408826,UNSAT,227,10728d70e0641a69:0x802cf,101878
v1,1791231233409448,UNSAT,300,10728d70e0641a69:0x802cf,102178
v1,1791231233422924,UNSAT,222,10728d70e0641a69:0x802cf,102400
v1,1791231233435748,UNSAT,225,10728d70e0641a69:0x808ee,102625
v1,1791231233443725,UNSAT,7660,10728d70e0641a69:0x808ee,110285
v1,1791231233462555,UNSAT,212,10728d70e0641a69:0x7ffc4,110497
v1,1791231233463158,UNSAT,289,10728d70e0641a69:0x7ffc4,110786
v1,1791231233588302,UNSAT,229,10728d70e0641a69:0x802cf,111015
v1,1791231233588950,UNSAT,310,10728d70e0641a69:0x802cf,111325
v1,1791231233601424,UNSAT,225,10728d70e0641a69:0x802cf,111550
v1,1791231233615638,UNSAT,219,10728d70e0641a69:0x808ee,111769
v1,1791231233624709,UNSAT,8770,10728d70e0641a69:0x808ee,120539
v1,1791231233638341,UNSAT,218,10728d70e0641a69:0x7ffc4,120757
v1,1791231233638955,UNSAT,288,10728d70e0641a69:0x7ffc4,121045
v1,1791231233873325,UNSAT,242,10728d70e0641a69:0x783b7,121287
v1,1791231233873833,SAT,168,10728d70e0641a69:0x783b7,121455
v1,1791231233895472,UNSAT,227,10728d70e0641a69:0x7782e,121682
v1,1791231233896101,UNSAT,319,10728d70e0641a69:0x7782e,122001
v1,1791231233913336,UNSAT,230,10728d70e0641a69:0x77834,122231
v1,1791231233914809,SAT,1154,10728d70e0641a69:0x77834,123385
v1,1791231233934161,UNSAT,221,10728d70e0641a69:0x783e9,123606
v1,1791231233934653,UNSAT,152,10728d70e0641a69:0x783e9,123758
v1,1791231240918649,UNSAT,245,10728d70e0641a69:0xb6f9b,245
v1,1791231240919782,SAT,318,10728d70e0641a69:0xb6f9b,563
v1,1791231240933321,UNSAT,219,10728d70e0641a69:0xb6fe6,782
v1,1791231240933849,SAT,210,10728d70e0641a69:0xb6fe6,992
v1,1791231240946242,UNSAT,204,10728d70e0641a69:0xb702a,1196
v1,1791231240947180,SAT,584,10728d70e0641a69:0xb702a,1780
v1,1791231240960056,UNSAT,214,10728d70e0641a69:0xb7073,1994
v1,1791231240960588,SAT,178,10728d70e0641a69:0xb7073,2172
v1,1791231240973464,UNSAT,274,10728d70e0641a69:0xb70b8,2446
v1,1791231240974361,SAT,502,10728d70e0641a69:0xb70b8,2948
v1,1791231240987045,UNSAT,214,10728d70e0641a69:0xb70fc,3162
v1,1791231240987860,SAT,492,10728d70e0641a69:0xb70fc,3654
v1,1791231240999565,UNSAT,217,10728d70e0641a69:0xb7140,3871
v1,1791231241000385,SAT,497,10728d70e0641a69:0xb7140,4368
v1,1791231241013144,UNSAT,213,10728d70e0641a69:0xb7456,4581
v1,1791231241013623,SAT,162,10728d70e0641a69:0xb7456,4743
v1,1791231241029091,UNSAT,213,10728d70e0641a69:0xb74d6,4956
v1,1791231241029582,SAT,162,10728d70e0641a69:0xb74d6,5118
v1,1791231241044648,UNSAT,212,10728d70e0641a69:0xb7551,5330
v1,1791231241045502,SAT,523,10728d70e0641a69:0xb7551,5853
v1,1791231241059073,UNSAT,211,10728d70e0641a69:0xb783a,6064
v1,1791231241059897,SAT,491,10728d70e0641a69:0xb783a,6555
v1,1791231241086455,UNSAT,264,10728d70e0641a69:0x290c3,6819
v1,1791231241087306,SAT,519,10728d70e0641a69:0x290c3,7338
v1,1791231241100478,UNSAT,224,10728d70e0641a69:0x2910c,7562
v1,1791231241101292,SAT,502,10728d70e0641a69:0x2910c,8064
v1,1791231241118576,UNSAT,210,10728d70e0641a69:0x2919f,8274
v1,1791231241119391,SAT,494,10728d70e0641a69:0x2919f,8768
v1,1791231241133129,UNSAT,211,10728d70e0641a69:0x291e6,8979
v1,1791231241133905,SAT,446,10728d70e0641a69:0x291e6,9425
v1,1791231241151603,UNSAT,225,10728d70e0641a69:0x29277,9650
v1,1791231241152440,SAT,503,10728d70e0641a69:0x29277,10153
v1,1791231241166777,UNSAT,228,10728d70e0641a69:0x292be,10381
v1,1791231241167629,SAT,465,10728d70e0641a69:0x292be,10846
v1,1791231241185454,UNSAT,239,10728d70e0641a69:0x2934c,11085
v1,1791231241186284,SAT,497,10728d70e0641a69:0x2934c,11582
v1,1791231241200836,UNSAT,207,10728d70e0641a69:0x29394,11789
v1,1791231241201621,SAT,457,10728d70e0641a69:0x29394,12246
v1,1791231241270466,UNSAT,218,10728d70e0641a69:0x2fde4,12464
v1,1791231241270945,SAT,161,10728d70e0641a69:0x2fde4,12625
v1,1791231241563077,UNSAT,224,10728d70e0641a69:0x7b733,12849
v1,1791231241564292,SAT,889,10728d70e0641a69:0x7b733,13738
v1,1791231241575774,UNSAT,210,10728d70e0641a69:0x7b73b,13948
v1,1791231241578612,SAT,2509,10728d70e0641a69:0x7b73b,16457
v1,1791231241588385,UNSAT,215,10728d70e0641a69:0x7b73b,16672
v1,1791231241598157,UNSAT,212,10728d70e0641a69:0x7b73b,16884
v1,1791231241608255,UNSAT,210,10728d70e0641a69:0x7b73b,17094
v1,1791231241618582,UNSAT,222,10728d70e0641a69:0x7b73b,17316
v1,1791231241629042,UNSAT,205,10728d70e0641a69:0x7b73b,17521
v1,1791231241639680,UNSAT,227,10728d70e0641a69:0x7b73b,17748
v1,1791231241650400,UNSAT,214,10728d70e0641a69:0x7b73b,17962
v1,1791231241661287,UNSAT,219,10728d70e0641a69:0x7b73b,18181
v1,1791231241663095,SAT,595,10728d70e0641a69:0xa817c,18776
v1,1791231241664647,UNSAT,158,10728d70e0641a69:0x1159e5,18934
v1,1791231241665035,UNSAT,150,10728d70e0641a69:0x1159e5,19084
v1,1791231241666550,SAT,527,10728d70e0641a69:0x6cd2,19611
v1,1791231241668316,SAT,512,10728d70e0641a69:0x115a2d,20123
v1,1791231241669195,UNSAT,164,10728d70e0641a69:0x115a2d,20287
v1,1791231241669919,UNSAT,142,10728d70e0641a69:0x115a2d,20429
v1,1791231241670586,UNSAT,135,10728d70e0641a69:0x115a2d,20564
v1,1791231241671241,UNSAT,133,10728d70e0641a69:0x115a2d,20697
v1,1791231241672915,SAT,560,10728d70e0641a69:0xa81f9,21257
v1,1791231241674652,SAT,590,10728d70e0641a69:0xa8240,21847
v1,1791231241676220,SAT,460,10728d70e0641a69:0xa828b,22307
v1,1791231241678184,SAT,788,10728d70e0641a69:0xa82d2,23095
v1,1791231241679845,SAT,469,10728d70e0641a69:0xa831e,23564
v1,1791231241682560,SAT,843,10728d70e0641a69:0xa8362,24407
v1,1791231241684210,SAT,521,10728d70e0641a69:0xa83af,24928
v1,1791231241685980,SAT,568,10728d70e0641a69:0xa83f8,25496
v1,1791231241688124,UNSAT,366,10728d70e0641a69:0xa856e,25862
v1,1791231241688771,SAT,232,10728d70e0641a69:0xa856e,26094
v1,1791231241690899,UNSAT,205,10728d70e0641a69:0xa85ea,26299
v1,1791231241691780,SAT,510,10728d70e0641a69:0xa85ea,26809
v1,1791231241693928,UNSAT,242,10728d70e0641a69:0x3e5dd,27051
v1,1791231241694404,SAT,179,10728d70e0641a69:0x3e5dd,27230
v1,1791231241697030,UNSAT,405,10728d70e0641a69:0x3e6a2,27635
v1,1791231241697630,SAT,192,10728d70e0641a69:0x3e6a2,27827
v1,1791231241699749,UNSAT,269,10728d70e0641a69:0x3e6e6,28096
v1,1791231241700179,SAT,156,10728d70e0641a69:0x3e6e6,28252
v1,1791231241702925,UNSAT,191,10728d70e0641a69:0x3e730,28443
v1,1791231241703354,UNSAT,159,10728d70e0641a69:0x3e730,28602
v1,1791231241705689,UNSAT,284,10728d70e0641a69:0x3e9ce,28886
v1,1791231241706139,SAT,161,10728d70e0641a69:0x3e9ce,29047
v1,1791231241708498,UNSAT,266,10728d70e0641a69:0x3ea12,29313
v1,1791231241708935,SAT,159,10728d70e0641a69:0x3ea12,29472
v1,1791231241711590,SAT,300,10728d70e0641a69:0x3ea56,29772
v1,1791231241718320,SAT,2823,10728d70e0641a69:0x3ea9a,32595
v1,1791231241735082,UNSAT,239,10728d70e0641a69:0xac76b,32834
v1,1791231241736329,SAT,843,10728d70e0641a69:0xac76b,33677
v1,1791231241756249,UNSAT,218,10728d70e0641a69:0x8f435,33895
v1,1791231241757062,SAT,489,10728d70e0641a69:0x8f435,34384
v1,1791231241770027,UNSAT,222,10728d70e0641a69:0x8f435,34606
v1,1791231241783901,UNSAT,222,10728d70e0641a69:0x8f44f,34828
v1,1791231241784710,SAT,508,10728d70e0641a69:0x8f44f,35336
v1,1791231241797560,UNSAT,232,10728d70e0641a69:0x8f44f,35568
v1,1791231241812366,UNSAT,220,10728d70e0641a69:0x8f44f,35788
v1,1791231241813187,SAT,522,10728d70e0641a69:0x8f44f,36310
v1,1791231241827718,UNSAT,209,10728d70e0641a69:0x8f467,36519
v1,1791231241828297,UNSAT,252,10728d70e0641a69:0x8f467,36771
v1,1791231241843145,UNSAT,221,10728d70e0641a69:0x8f46e,36992
v1,1791231241843601,UNSAT,139,10728d70e0641a69:0x8f46e,37131
v1,1791231241858689,UNSAT,215,10728d70e0641a69:0x8f4d3,37346
v1,1791231241859166,UNSAT,148,10728d70e0641a69:0x8f4d3,37494
v1,1791231241874747,UNSAT,222,10728d70e0641a69:0x8f3b9,37716
v1,1791231241875560,SAT,499,10728d70e0641a69:0x8f3b9,38215
v1,1791231241889847,UNSAT,217,10728d70e0641a69:0x8f3b9,38432
v1,1791231241905572,UNSAT,223,10728d70e0641a69:0x8f3c9,38655
v1,1791231241906408,SAT,529,10728d70e0641a69:0x8f3c9,39184
v1,1791231241921228,UNSAT,220,10728d70e0641a69:0x8f3dc,39404
v1,1791231241922076,SAT,508,10728d70e0641a69:0x8f3dc,39912
v1,1791231241934842,UNSAT,507,10728d70e0641a69:0x8f3ed,40419
v1,1791231241935323,UNSAT,155,10728d70e0641a69:0x8f3ed,40574
v1,1791231241946497,UNSAT,214,10728d70e0641a69:0x8f3ed,40788
v1,1791231241959374,UNSAT,228,10728d70e0641a69:0x8f406,41016
v1,1791231241959811,UNSAT,153,10728d70e0641a69:0x8f406,41169
v1,1791231241971665,UNSAT,201,10728d70e0641a69:0x8f406,41370
v1,1791231241983264,UNSAT,218,10728d70e0641a69:0x8f406,41588
v1,1791231241997068,UNSAT,212,10728d70e0641a69:0x8f429,41800
v1,1791231241997500,UNSAT,138,10728d70e0641a69:0x8f429,41938
v1,1791231242017848,UNSAT,265,10728d70e0641a69:0xa6db7,42203
v1,1791231242018665,SAT,539,10728d70e0641a69:0xa6db7,42742
v1,1791231242035684,UNSAT,218,10728d70e0641a69:0xa6ec6,42960
v1,1791231242036533,SAT,520,10728d70e0641a69:0xa6ec6,43480
v1,1791231242060721,UNSAT,239,10728d70e0641a69:0xac92b,43719
v1,1791231242061582,SAT,532,10728d70e0641a69:0xac92b,44251
v1,1791231242078837,UNSAT,217,10728d70e0641a69:0xac953,44468
v1,1791231242079690,SAT,532,10728d70e0641a69:0xac953,45000
v1,1791231242096280,UNSAT,220,10728d70e0641a69:0xac962,45220
v1,1791231242097125,SAT,520,10728d70e0641a69:0xac962,45740
v1,1791231242115191,UNSAT,221,10728d70e0641a69:0xac98c,45961
v1,1791231242116034,SAT,513,10728d70e0641a69:0xac98c,46474
v1,1791231242131788,UNSAT,232,10728d70e0641a69:0xac992,46706
v1,1791231242132631,SAT,525,10728d70e0641a69:0xac992,47231
v1,1791231242151401,UNSAT,231,10728d70e0641a69:0xac9c5,47462
v1,1791231242152261,SAT,531,10728d70e0641a69:0xac9c5,47993
v1,1791231242168837,UNSAT,220,10728d70e0641a69:0xac9cf,48213
v1,1791231242169670,SAT,509,10728d70e0641a69:0xac9cf,48722
v1,1791231242190922,UNSAT,215,10728d70e0641a69:0xac9fc,48937
v1,1791231242191789,SAT,538,10728d70e0641a69:0xac9fc,49475
v1,1791231242208860,UNSAT,216,10728d70e0641a69:0xaca06,49691
v1,1791231242209722,SAT,533,10728d70e0641a69:0xaca06,50224
v1,1791231242229673,UNSAT,234,10728d70e0641a69:0xaca2e,50458
v1,1791231242230545,SAT,527,10728d70e0641a69:0xaca2e,50985
v1,1791231242243267,UNSAT,220,10728d70e0641a69:0xaca32,51205
v1,1791231242244128,SAT,537,10728d70e0641a69:0xaca32,51742
v1,1791231242261013,UNSAT,212,10728d70e0641a69:0xaca68,51954
v1,1791231242261868,SAT,514,10728d70e0641a69:0xaca68,52468
v1,1791231242275600,UNSAT,216,10728d70e0641a69:0xaca72,52684
v1,1791231242276440,SAT,521,10728d70e0641a69:0xaca72,53205
v1,1791231242292952,UNSAT,213,10728d70e0641a69:0xaca8c,53418
v1,1791231242293777,SAT,488,10728d70e0641a69:0xaca8c,53906
v1,1791231242313411,UNSAT,234,10728d70e0641a69:0xacad3,54140
v1,1791231242314235,SAT,491,10728d70e0641a69:0xacad3,54631
v1,1791231242348668,UNSAT,218,10728d70e0641a69:0x1b2f6,54849
v1,1791231242349460,SAT,461,10728d70e0641a69:0x1b2f6,55310
v1,1791231242368350,UNSAT,257,10728d70e0641a69:0x1b33c,55567
v1,1791231242369221,SAT,527,10728d70e0641a69:0x1b33c,56094
v1,1791231242388927,UNSAT,215,10728d70e0641a69:0x1b38a,56309
v1,1791231242389871,SAT,628,10728d70e0641a69:0x1b38a,56937
v1,1791231242409614,UNSAT,240,10728d70e0641a69:0x1b3d1,57177
v1,1791231242410426,SAT,468,10728d70e0641a69:0x1b3d1,57645
v1,1791231242430224,UNSAT,226,10728d70e0641a69:0x1b417,57871
v1,1791231242431089,SAT,525,10728d70e0641a69:0x1b417,58396
v1,1791231242451684,UNSAT,222,10728d70e0641a69:0x1b45f,58618
v1,1791231242452581,SAT,577,10728d70e0641a69:0x1b45f,59195
v1,1791231242472776,UNSAT,225,10728d70e0641a69:0x1b4a9,59420
v1,1791231242473624,SAT,504,10728d70e0641a69:0x1b4a9,59924
v1,1791231242494510,UNSAT,216,10728d70e0641a69:0x1b4ef,60140
v1,1791231242495337,SAT,519,10728d70e0641a69:0x1b4ef,60659
v1,1791231242516293,UNSAT,234,10728d70e0641a69:0x1b535,60893
v1,1791231242517208,SAT,586,10728d70e0641a69:0x1b535,61479
v1,1791231242538633,UNSAT,231,10728d70e0641a69:0x1b57f,61710
v1,1791231242539690,SAT,635,10728d70e0641a69:0x1b57f,62345
v1,1791231242561566,UNSAT,224,10728d70e0641a69:0x1b5c8,62569
v1,1791231242562474,SAT,559,10728d70e0641a69:0x1b5c8,63128
v1,1791231242584517,UNSAT,215,10728d70e0641a69:0x1b614,63343
v1,1791231242585427,SAT,578,10728d70e0641a69:0x1b614,63921
v1,1791231242603691,UNSAT,218,10728d70e0641a69:0x1b659,64139
v1,1791231242604195,SAT,169,10728d70e0641a69:0x1b659,64308
v1,1791231242622074,UNSAT,218,10728d70e0641a69:0x1b696,64526
v1,1791231242622570,SAT,165,10728d70e0641a69:0x1b696,64691
v1,1791231242689103,UNSAT,222,10728d70e0641a69:0x1b756,64913
v1,1791231242689603,SAT,169,10728d70e0641a69:0x1b756,65082
v1,1791231242708703,UNSAT,219,10728d70e0641a69:0x1b792,65301
v1,1791231242709220,SAT,170,10728d70e0641a69:0x1b792,65471
v1,1791231242743093,UNSAT,222,10728d70e0641a69:0x1b85c,65693
v1,1791231242743616,SAT,188,10728d70e0641a69:0x1b85c,65881
v1,1791231242763090,UNSAT,224,10728d70e0641a69:0x1b89a,66105
v1,1791231242763623,SAT,177,10728d70e0641a69:0x1b89a,66282
v1,1791231242791111,UNSAT,230,10728d70e0641a69:0x1b95e,66512
v1,1791231242791734,SAT,200,10728d70e0641a69:0x1b95e,66712
v1,1791231242811786,UNSAT,217,10728d70e0641a69:0x1b99a,66929
v1,1791231242812291,SAT,173,10728d70e0641a69:0x1b99a,67102
v1,1791231242848529,UNSAT,235,10728d70e0641a69:0x1625e,67337
v1,1791231242849097,SAT,165,10728d70e0641a69:0x1625e,67502
v1,1791231242895768,UNSAT,226,10728d70e0641a69:0x1bab5,67728
v1,1791231242896646,SAT,547,10728d70e0641a69:0x1bab5,68275
v1,1791231242921617,UNSAT,216,10728d70e0641a69:0x1bb00,68491
v1,1791231242922108,SAT,164,10728d70e0641a69:0x1bb00,68655
v1,1791231242942688,UNSAT,271,10728d70e0641a69:0x1bb3e,68926
v1,1791231242943265,SAT,181,10728d70e0641a69:0x1bb3e,69107
v1,1791231242973354,UNSAT,228,10728d70e0641a69:0x1bc05,69335
v1,1791231242973858,SAT,173,10728d70e0641a69:0x1bc05,69508
v1,1791231242994690,UNSAT,221,10728d70e0641a69:0x1bc42,69729
v1,1791231242995198,SAT,173,10728d70e0641a69:0x1bc42,69902
v1,1791231243031320,UNSAT,227,10728d70e0641a69:0x1bd5d,70129
v1,1791231243032163,SAT,523,10728d70e0641a69:0x1bd5d,70652
v1,1791231243079445,UNSAT,247,10728d70e0641a69:0x1be4a,70899
v1,1791231243079973,SAT,169,10728d70e0641a69:0x1be4a,71068
v1,1791231243115408,UNSAT,226,10728d70e0641a69:0x1bece,71294
v1,1791231243115917,SAT,161,10728d70e0641a69:0x1bece,71455
v1,1791231243151825,UNSAT,219,10728d70e0641a69:0x1bf5e,71674
v1,1791231243152717,SAT,538,10728d70e0641a69:0x1bf5e,72212
v1,1791231243185240,UNSAT,221,10728d70e0641a69:0x1c026,72433
v1,1791231243185748,SAT,162,10728d70e0641a69:0x1c026,72595
v1,1791231243221034,UNSAT,249,10728d70e0641a69:0x1c0aa,72844
v1,1791231243221566,SAT,168,10728d70e0641a69:0x1c0aa,73012
v1,1791231243254840,UNSAT,217,10728d70e0641a69:0x1c136,73229
v1,1791231243255756,SAT,573,10728d70e0641a69:0x1c136,73802
v1,1791231243284065,UNSAT,216,10728d70e0641a69:0x1c1b9,74018
v1,1791231243284578,SAT,166,10728d70e0641a69:0x1c1b9,74184
v1,1791231243309662,UNSAT,248,10728d70e0641a69:0x1c23d,74432
v1,1791231243310588,SAT,273,10728d70e0641a69:0x1c23d,74705
v1,1791231243338767,UNSAT,260,10728d70e0641a69:0x1c2cd,74965
v1,1791231243339669,SAT,544,10728d70e0641a69:0x1c2cd,75509
v1,1791231243519097,UNSAT,244,10728d70e0641a69:0x1c8ae,75753
v1,1791231243520006,SAT,570,10728d70e0641a69:0x1c8ae,76323
v1,1791231243540349,UNSAT,243,10728d70e0641a69:0x1c8f2,76566
v1,1791231243541209,SAT,531,10728d70e0641a69:0x1c8f2,77097
v1,1791231243562921,UNSAT,233,10728d70e0641a69:0x1c93f,77330
v1,1791231243563781,SAT,518,10728d70e0641a69:0x1c93f,77848
v1,1791231243585343,UNSAT,234,10728d70e0641a69:0x1c987,78082
v1,1791231243586195,SAT,514,10728d70e0641a69:0x1c987,78596
v1,1791231243608388,UNSAT,227,10728d70e0641a69:0x1c9d6,78823
v1,1791231243609212,SAT,506,10728d70e0641a69:0x1c9d6,79329
v1,1791231243630820,UNSAT,226,10728d70e0641a69:0x1ca1b,79555
v1,1791231243631667,SAT,524,10728d70e0641a69:0x1ca1b,80079
v1,1791231243654247,UNSAT,228,10728d70e0641a69:0x1ca6c,80307
v1,1791231243655110,SAT,531,10728d70e0641a69:0x1ca6c,80838
v1,1791231243677794,UNSAT,232,10728d70e0641a69:0x1cab3,81070
v1,1791231243678630,SAT,513,10728d70e0641a69:0x1cab3,81583
v1,1791231243701946,UNSAT,226,10728d70e0641a69:0x1cb00,81809
v1,1791231243702835,SAT,559,10728d70e0641a69:0x1cb00,82368
v1,1791231243726191,UNSAT,232,10728d70e0641a69:0x1cb45,82600
v1,1791231243727036,SAT,510,10728d70e0641a69:0x1cb45,83110
v1,1791231243750871,UNSAT,227,10728d70e0641a69:0x1cb94,83337
v1,1791231243751737,SAT,544,10728d70e0641a69:0x1cb94,83881
v1,1791231243775994,UNSAT,226,10728d70e0641a69:0x1cbdb,84107
v1,1791231243776840,SAT,508,10728d70e0641a69:0x1cbdb,84615
v1,1791231243803216,UNSAT,220,10728d70e0641a69:0x1cc2d,84835
v1,1791231243804071,SAT,525,10728d70e0641a69:0x1cc2d,85360
v1,1791231243825012,UNSAT,223,10728d70e0641a69:0x1cc73,85583
v1,1791231243825842,SAT,497,10728d70e0641a69:0x1cc73,86080
v1,1791231243846398,UNSAT,220,10728d70e0641a69:0x1ccc4,86300
v1,1791231243847265,SAT,522,10728d70e0641a69:0x1ccc4,86822
v1,1791231243868167,UNSAT,224,10728d70e0641a69:0x1cd11,87046
v1,1791231243869022,SAT,506,10728d70e0641a69:0x1cd11,87552
v1,1791231243903228,UNSAT,224,10728d70e0641a69:0x1d0d4,87776
v1,1791231243904409,SAT,829,10728d70e0641a69:0x1d0d4,88605
v1,1791231243925474,UNSAT,236,10728d70e0641a69:0x1d121,88841
v1,1791231243926604,SAT,789,10728d70e0641a69:0x1d121,89630
v1,1791231243948050,UNSAT,228,10728d70e0641a69:0x1d172,89858
v1,1791231243949175,SAT,784,10728d70e0641a69:0x1d172,90642
v1,1791231243970890,UNSAT,225,10728d70e0641a69:0x1d1c2,90867
v1,1791231243971944,SAT,713,10728d70e0641a69:0x1d1c2,91580
v1,1791231243994627,UNSAT,218,10728d70e0641a69:0x1d20f,91798
v1,1791231243995779,SAT,823,10728d70e0641a69:0x1d20f,92621
v1,1791231244018543,UNSAT,288,10728d70e0641a69:0x1d262,92909
v1,1791231244019690,SAT,804,10728d70e0641a69:0x1d262,93713
v1,1791231244042689,UNSAT,224,10728d70e0641a69:0x1d2b2,93937
v1,1791231244043828,SAT,795,10728d70e0641a69:0x1d2b2,94732
v1,1791231244067253,UNSAT,235,10728d70e0641a69:0x1d2ff,94967
v1,1791231244068481,SAT,877,10728d70e0641a69:0x1d2ff,95844
v1,1791231244121463,SAT,579,10728d70e0641a69:0xa817c,96423
v1,1791231244724173,UNSAT,226,10728d70e0641a69:0x783b7,96649
v1,1791231244724728,SAT,173,10728d70e0641a69:0x783b7,96822
v1,1791231244752029,UNSAT,235,10728d70e0641a69:0x7782e,97057
v1,1791231244752784,UNSAT,331,10728d70e0641a69:0x7782e,97388
v1,1791231244773475,UNSAT,244,10728d70e0641a69:0x77834,97632
v1,1791231244774934,SAT,1090,10728d70e0641a69:0x77834,98722
v1,1791231244799096,UNSAT,231,10728d70e0641a69:0x783e9,98953
v1,1791231244799624,UNSAT,159,10728d70e0641a69:0x783e9,99112
v1,1791231251180208,UNSAT,239,10728d70e0641a69:0xb100e,239
v1,1791231251181341,SAT,643,10728d70e0641a69:0xb100e,882
v1,1791231251188495,UNSAT,215,10728d70e0641a69:0xb1055,1097
v1,1791231251189731,SAT,754,10728d70e0641a69:0xb1055,1851
v1,1791231251196833,UNSAT,196,10728d70e0641a69:0xb1098,2047
v1,1791231251197581,SAT,467,10728d70e0641a69:0xb1098,2514
v1,1791231251206443,UNSAT,209,10728d70e0641a69:0x6cd2,2723
v1,1791231251207162,SAT,450,10728d70e0641a69:0x6cd2,3173
v1,1791231251219248,UNSAT,196,10728d70e0641a69:0xb127b,3369
v1,1791231251220025,SAT,483,10728d70e0641a69:0xb127b,3852
v1,1791231251227535,UNSAT,185,10728d70e0641a69:0xa6db7,4037
v1,1791231251228238,SAT,445,10728d70e0641a69:0xa6db7,4482
v1,1791231251240146,UNSAT,198,10728d70e0641a69:0xa6ec6,4680
v1,1791231251240596,SAT,168,10728d70e0641a69:0xa6ec6,4848
v1,1791231251248205,UNSAT,195,10728d70e0641a69:0xa6f12,5043
v1,1791231251248946,SAT,457,10728d70e0641a69:0xa6f12,5500
v1,1791231251274496,UNSAT,203,10728d70e0641a69:0x290c3,5703
v1,1791231251275235,SAT,449,10728d70e0641a69:0x290c3,6152
v1,1791231251282951,UNSAT,191,10728d70e0641a69:0x2910c,6343
v1,1791231251283704,SAT,475,10728d70e0641a69:0x2910c,6818
v1,1791231251295335,UNSAT,205,10728d70e0641a69:0x2919f,7023
v1,1791231251296093,SAT,476,10728d70e0641a69:0x2919f,7499
v1,1791231251303860,UNSAT,191,10728d70e0641a69:0x291e6,7690
v1,1791231251304542,SAT,408,10728d70e0641a69:0x291e6,8098
v1,1791231251317015,UNSAT,191,10728d70e0641a69:0x29277,8289
v1,1791231251317783,SAT,475,10728d70e0641a69:0x29277,8764
v1,1791231251326176,UNSAT,199,10728d70e0641a69:0x292be,8963
v1,1791231251326860,SAT,391,10728d70e0641a69:0x292be,9354
v1,1791231251338686,UNSAT,218,10728d70e0641a69:0x2934c,9572
v1,1791231251339443,SAT,466,10728d70e0641a69:0x2934c,10038
v1,1791231251347743,UNSAT,201,10728d70e0641a69:0x29394,10239
v1,1791231251348422,SAT,399,10728d70e0641a69:0x29394,10638
v1,1791231251409694,UNSAT,204,10728d70e0641a69:0x2e2bf,10842
v1,1791231251410133,SAT,164,10728d70e0641a69:0x2e2bf,11006
v1,1791231251759412,SAT,574,10728d70e0641a69:0xa817c,11580
v1,1791231251760792,UNSAT,164,10728d70e0641a69:0x1159e5,11744
v1,1791231251761164,UNSAT,140,10728d70e0641a69:0x1159e5,11884
v1,1791231251762847,SAT,632,10728d70e0641a69:0x6cd2,12516
v1,1791231251764722,SAT,566,10728d70e0641a69:0x115a2d,13082
v1,1791231251765793,UNSAT,163,10728d70e0641a69:0x115a2d,13245
v1,1791231251766569,UNSAT,148,10728d70e0641a69:0x115a2d,13393
v1,1791231251767249,UNSAT,139,10728d70e0641a69:0x115a2d,13532
v1,1791231251767955,UNSAT,151,10728d70e0641a69:0x115a2d,13683
v1,1791231251770151,SAT,870,10728d70e0641a69:0xa81f9,14553
v1,1791231251785866,SAT,980,10728d70e0641a69:0x2910c,15533
v1,1791231251789132,SAT,959,10728d70e0641a69:0x2910c,16492
v1,1791231251789881,SAT,69,10728d70e0641a69:0x2910c,16561
v1,1791231251790212,UNSAT,191,10728d70e0641a69:0x2910c,16752
v1,1791231251790414,SAT,108,10728d70e0641a69:0x2910c,16860
v1,1791231251790733,SAT,195,10728d70e0641a69:0x2910c,17055
v1,1791231251790988,SAT,171,10728d70e0641a69:0x2910c,17226
v1,1791231251791206,UNSAT,140,10728d70e0641a69:0x2910c,17366
v1,1791231251791415,SAT,102,10728d70e0641a69:0x2910c,17468
v1,1791231251791672,SAT,99,10728d70e0641a69:0x2910c,17567
v1,1791231251793967,SAT,921,10728d70e0641a69:0x2910c,18488
v1,1791231251794839,SAT,63,10728d70e0641a69:0x2910c,18551
v1,1791231251795220,SAT,234,10728d70e0641a69:0x2910c,18785
v1,1791231251795499,UNSAT,170,10728d70e0641a69:0x2910c,18955
v1,1791231251795620,SAT,34,10728d70e0641a69:0x2910c,18989
v1,1791231251795893,SAT,182,10728d70e0641a69:0x2910c,19171
v1,1791231251796148,SAT,166,10728d70e0641a69:0x2910c,19337
v1,1791231251796412,UNSAT,170,10728d70e0641a69:0x2910c,19507
v1,1791231251796614,SAT,87,10728d70e0641a69:0x2910c,19594
v1,1791231251796879,SAT,95,10728d70e0641a69:0x2910c,19689
v1,1791231251802464,SAT,1033,10728d70e0641a69:0x291e6,20722
v1,1791231251804883,SAT,862,10728d70e0641a69:0x29277,21584
v1,1791231251808274,SAT,631,10728d70e0641a69:0x29277,22215
v1,1791231251808764,SAT,82,10728d70e0641a69:0x29277,22297
v1,1791231251809082,UNSAT,176,10728d70e0641a69:0x29277,22473
v1,1791231251809184,SAT,46,10728d70e0641a69:0x29277,22519
v1,1791231251809465,SAT,167,10728d70e0641a69:0x29277,22686
v1,1791231251809699,SAT,149,10728d70e0641a69:0x29277,22835
v1,1791231251809933,SAT,158,10728d70e0641a69:0x29277,22993
v1,1791231251810167,SAT,154,10728d70e0641a69:0x29277,23147
v1,1791231251810390,UNSAT,147,10728d70e0641a69:0x29277,23294
v1,1791231251810568,SAT,93,10728d70e0641a69:0x29277,23387
v1,1791231251810809,SAT,101,10728d70e0641a69:0x29277,23488
v1,1791231251813923,SAT,1392,10728d70e0641a69:0x29277,24880
v1,1791231251815174,SAT,106,10728d70e0641a69:0x29277,24986
v1,1791231251815610,SAT,237,10728d70e0641a69:0x29277,25223
v1,1791231251816205,SAT,355,10728d70e0641a69:0x29277,25578
v1,1791231251816706,SAT,297,10728d70e0641a69:0x29277,25875
v1,1791231251817104,UNSAT,197,10728d70e0641a69:0x29277,26072
v1,1791231251817302,SAT,57,10728d70e0641a69:0x29277,26129
v1,1791231251817600,SAT,185,10728d70e0641a69:0x29277,26314
v1,1791231251817865,SAT,165,10728d70e0641a69:0x29277,26479
v1,1791231251818133,SAT,172,10728d70e0641a69:0x29277,26651
v1,1791231251818401,SAT,177,10728d70e0641a69:0x29277,26828
v1,1791231251818660,SAT,165,10728d70e0641a69:0x29277,26993
v1,1791231251818939,SAT,180,10728d70e0641a69:0x29277,27173
v1,1791231251819215,SAT,180,10728d70e0641a69:0x29277,27353
v1,1791231251819484,UNSAT,151,10728d70e0641a69:0x29277,27504
v1,1791231251819720,SAT,96,10728d70e0641a69:0x29277,27600
v1,1791231251820026,SAT,101,10728d70e0641a69:0x29277,27701
v1,1791231251825774,UNSAT,815,10728d70e0641a69:0x2934c,28516
v1,1791231251826529,SAT,463,10728d70e0641a69:0x2934c,28979
v1,1791231251830133,SAT,599,10728d70e0641a69:0x2934c,29578
v1,1791231251830674,SAT,86,10728d70e0641a69:0x2934c,29664
v1,1791231251830994,UNSAT,172,10728d70e0641a69:0x2934c,29836
v1,1791231251831085,SAT,37,10728d70e0641a69:0x2934c,29873
v1,1791231251831358,SAT,178,10728d70e0641a69:0x2934c,30051
v1,1791231251831602,SAT,153,10728d70e0641a69:0x2934c,30204
v1,1791231251831845,SAT,158,10728d70e0641a69:0x2934c,30362
v1,1791231251832082,SAT,160,10728d70e0641a69:0x2934c,30522
v1,1791231251832305,UNSAT,144,10728d70e0641a69:0x2934c,30666
v1,1791231251832483,SAT,95,10728d70e0641a69:0x2934c,30761
v1,1791231251832725,SAT,99,10728d70e0641a69:0x2934c,30860
v1,1791231251836028,SAT,1551,10728d70e0641a69:0x2934c,32411
v1,1791231251837450,SAT,91,10728d70e0641a69:0x2934c,32502
v1,1791231251837849,SAT,239,10728d70e0641a69:0x2934c,32741
v1,1791231251838136,UNSAT,171,10728d70e0641a69:0x2934c,32912
v1,1791231251838314,SAT,41,10728d70e0641a69:0x2934c,32953
v1,1791231251838612,SAT,192,10728d70e0641a69:0x2934c,33145
v1,1791231251838904,SAT,191,10728d70e0641a69:0x2934c,33336
v1,1791231251839208,SAT,189,10728d70e0641a69:0x2934c,33525
v1,1791231251839515,SAT,180,10728d70e0641a69:0x2934c,33705
v1,1791231251839800,SAT,186,10728d70e0641a69:0x2934c,33891
v1,1791231251840058,UNSAT,154,10728d70e0641a69:0x2934c,34045
v1,1791231251840325,SAT,113,10728d70e0641a69:0x2934c,34158
v1,1791231251840662,SAT,111,10728d70e0641a69:0x2934c,34269
v1,1791231259517828,UNSAT,235,10728d70e0641a69:0xa6ec6,235
v1,1791231259518977,SAT,672,10728d70e0641a69:0xa6ec6,907
v1,1791231259539521,UNSAT,206,10728d70e0641a69:0x3ce63,1113
v1,1791231259540027,SAT,170,10728d70e0641a69:0x3ce63,1283
v1,1791231259543228,UNSAT,213,10728d70e0641a69:0x81b84,1496
v1,1791231259543808,UNSAT,299,10728d70e0641a69:0x81b84,1795
v1,1791231259548312,UNSAT,276,10728d70e0641a69:0x81bb5,2071
v1,1791231259550913,SAT,2185,10728d70e0641a69:0x81bb5,4256
v1,1791231259593809,UNSAT,206,10728d70e0641a69:0x9f830,4462
v1,1791231259597182,UNSAT,3076,10728d70e0641a69:0x9f830,7538
v1,1791231259605059,UNSAT,207,10728d70e0641a69:0x9f83a,7745
v1,1791231259605870,SAT,450,10728d70e0641a69:0x9f83a,8195
v1,1791231259614002,UNSAT,198,10728d70e0641a69:0x9f9ce,8393
v1,1791231259614815,SAT,507,10728d70e0641a69:0x9f9ce,8900
v1,1791231259622487,UNSAT,202,10728d70e0641a69:0x9f9d3,9102
v1,1791231259623299,SAT,518,10728d70e0641a69:0x9f9d3,9620
v1,1791231259630845,UNSAT,201,10728d70e0641a69:0x9f9d8,9821
v1,1791231259631300,SAT,162,10728d70e0641a69:0x9f9d8,9983
v1,1791231259639782,UNSAT,205,10728d70e0641a69:0x9f9e6,10188
v1,1791231259640600,SAT,513,10728d70e0641a69:0x9f9e6,10701
v1,1791231259647653,UNSAT,208,10728d70e0641a69:0x9f9e6,10909
v1,1791231259654457,UNSAT,228,10728d70e0641a69:0x9f9e6,11137
v1,1791231259812184,SAT,597,10728d70e0641a69:0xa817c,11734
v1,1791231259813907,UNSAT,275,10728d70e0641a69:0x1159e5,12009
v1,1791231259814364,UNSAT,207,10728d70e0641a69:0x1159e5,12216
v1,1791231259816049,SAT,530,10728d70e0641a69:0x6cd2,12746
v1,1791231259817937,SAT,537,10728d70e0641a69:0x115a2d,13283
v1,1791231259818825,UNSAT,152,10728d70e0641a69:0x115a2d,13435
v1,1791231259819580,UNSAT,157,10728d70e0641a69:0x115a2d,13592
v1,1791231259820263,UNSAT,145,10728d70e0641a69:0x115a2d,13737
v1,1791231259820956,UNSAT,143,10728d70e0641a69:0x115a2d,13880
v1,1791231259822715,SAT,575,10728d70e0641a69:0xa81f9,14455
v1,1791231259843200,SAT,570,10728d70e0641a69:0x290c3,15025
v1,1791231259849487,SAT,876,10728d70e0641a69:0x2910c,15901
v1,1791231259852803,SAT,992,10728d70e0641a69:0x2910c,16893
v1,1791231259853558,SAT,64,10728d70e0641a69:0x2910c,16957
v1,1791231259853886,UNSAT,188,10728d70e0641a69:0x2910c,17145
v1,1791231259854042,SAT,68,10728d70e0641a69:0x2910c,17213
v1,1791231259854351,SAT,214,10728d70e0641a69:0x2910c,17427
v1,1791231259854612,SAT,172,10728d70e0641a69:0x2910c,17599
v1,1791231259854842,UNSAT,145,10728d70e0641a69:0x2910c,17744
v1,1791231259855038,SAT,92,10728d70e0641a69:0x2910c,17836
v1,1791231259855307,SAT,117,10728d70e0641a69:0x2910c,17953
v1,1791231259857550,SAT,789,10728d70e0641a69:0x2910c,18742
v1,1791231259858277,SAT,58,10728d70e0641a69:0x2910c,18800
v1,1791231259858632,SAT,225,10728d70e0641a69:0x2910c,19025
v1,1791231259858882,UNSAT,160,10728d70e0641a69:0x2910c,19185
v1,1791231259859008,SAT,35,10728d70e0641a69:0x2910c,19220
v1,1791231259859273,SAT,180,10728d70e0641a69:0x2910c,19400
v1,1791231259859516,SAT,162,10728d70e0641a69:0x2910c,19562
v1,1791231259859751,UNSAT,159,10728d70e0641a69:0x2910c,19721
v1,1791231259859954,SAT,97,10728d70e0641a69:0x2910c,19818
v1,1791231259860201,SAT,87,10728d70e0641a69:0x2910c,19905
v1,1791231259868095,SAT,902,10728d70e0641a69:0x2919f,20807
v1,1791231259876609,SAT,884,10728d70e0641a69:0x291e6,21691
v1,1791231259888520,SAT,735,10728d70e0641a69:0x29277,22426
v1,1791231259891793,SAT,631,10728d70e0641a69:0x29277,23057
v1,1791231259892268,SAT,78,10728d70e0641a69:0x29277,23135
v1,1791231259892602,UNSAT,186,10728d70e0641a69:0x29277,23321
v1,1791231259892695,SAT,37,10728d70e0641a69:0x29277,23358
v1,1791231259892967,SAT,172,10728d70e0641a69:0x29277,23530
v1,1791231259893233,SAT,161,10728d70e0641a69:0x29277,23691
v1,1791231259893487,SAT,164,10728d70e0641a69:0x29277,23855
v1,1791231259893724,SAT,158,10728d70e0641a69:0x29277,24013
v1,1791231259893959,UNSAT,154,10728d70e0641a69:0x29277,24167
v1,1791231259894138,SAT,97,10728d70e0641a69:0x29277,24264
v1,1791231259894384,SAT,99,10728d70e0641a69:0x29277,24363
v1,1791231259897292,SAT,1229,10728d70e0641a69:0x29277,25592
v1,1791231259898451,SAT,111,10728d70e0641a69:0x29277,25703
v1,1791231259898827,SAT,226,10728d70e0641a69:0x29277,25929
v1,1791231259899117,SAT,183,10728d70e0641a69:0x29277,26112
v1,1791231259899429,SAT,216,10728d70e0641a69:0x29277,26328
v1,1791231259899694,UNSAT,164,10728d70e0641a69:0x29277,26492
v1,1791231259899867,SAT,46,10728d70e0641a69:0x29277,26538
v1,1791231259900153,SAT,184,10728d70e0641a69:0x29277,26722
v1,1791231259900431,SAT,183,10728d70e0641a69:0x29277,26905
v1,1791231259900698,SAT,172,10728d70e0641a69:0x29277,27077
v1,1791231259900968,SAT,179,10728d70e0641a69:0x29277,27256
v1,1791231259901423,SAT,252,10728d70e0641a69:0x29277,27508
v1,1791231259901734,SAT,189,10728d70e0641a69:0x29277,27697
v1,1791231259902055,SAT,190,10728d70e0641a69:0x29277,27887
v1,1791231259902329,UNSAT,167,10728d70e0641a69:0x29277,28054
v1,1791231259902572,SAT,97,10728d70e0641a69:0x29277,28151
v1,1791231259902882,SAT,104,10728d70e0641a69:0x29277,28255
v1,1791231259911138,UNSAT,855,10728d70e0641a69:0x2934c,29110
v1,1791231259911937,SAT,485,10728d70e0641a69:0x2934c,29595
v1,1791231259915671,SAT,652,10728d70e0641a69:0x2934c,30247
v1,1791231259916231,SAT,89,10728d70e0641a69:0x2934c,30336
v1,1791231259916585,UNSAT,192,10728d70e0641a69:0x2934c,30528
v1,1791231259916685,SAT,41,10728d70e0641a69:0x2934c,30569
v1,1791231259916963,SAT,176,10728d70e0641a69:0x2934c,30745
v1,1791231259917215,SAT,156,10728d70e0641a69:0x2934c,30901
v1,1791231259917474,SAT,165,10728d70e0641a69:0x2934c,31066
v1,1791231259917730,SAT,171,10728d70e0641a69:0x2934c,31237
v1,1791231259917970,UNSAT,151,10728d70e0641a69:0x2934c,31388
v1,1791231259918163,SAT,106,10728d70e0641a69:0x2934c,31494
v1,1791231259918509,SAT,141,10728d70e0641a69:0x2934c,31635
v1,1791231259922100,SAT,1677,10728d70e0641a69:0x2934c,33312
v1,1791231259923578,SAT,91,10728d70e0641a69:0x2934c,33403
v1,1791231259924007,SAT,260,10728d70e0641a69:0x2934c,33663
v1,1791231259924347,UNSAT,214,10728d70e0641a69:0x2934c,33877
v1,1791231259924545,SAT,43,10728d70e0641a69:0x2934c,33920
v1,1791231259924861,SAT,192,10728d70e0641a69:0x2934c,34112
v1,1791231259925191,SAT,218,10728d70e0641a69:0x2934c,34330
v1,1791231259925605,SAT,223,10728d70e0641a69:0x2934c,34553
v1,1791231259925944,SAT,213,10728d70e0641a69:0x2934c,34766
v1,1791231259926247,SAT,191,10728d70e0641a69:0x2934c,34957
v1,1791231259926559,UNSAT,164,10728d70e0641a69:0x2934c,35121
v1,1791231259926824,SAT,102,10728d70e0641a69:0x2934c,35223
v1,1791231259927161,SAT,97,10728d70e0641a69:0x2934c,35320
v1,1791231266797314,UNSAT,280,10728d70e0641a69:0xb1055,280
v1,1791231266798496,SAT,654,10728d70e0641a69:0xb1055,934
v1,1791231266805741,UNSAT,194,10728d70e0641a69:0xb15cf,1128
v1,1791231266806503,SAT,487,10728d70e0641a69:0xb15cf,1615
v1,1791231266816311,UNSAT,240,10728d70e0641a69:0xa6db7,1855
v1,1791231266817089,SAT,492,10728d70e0641a69:0xa6db7,2347
v1,1791231266828718,UNSAT,222,10728d70e0641a69:0xa6ec6,2569
v1,1791231266829154,SAT,163,10728d70e0641a69:0xa6ec6,2732
v1,1791231266837241,UNSAT,193,10728d70e0641a69:0xa6f12,2925
v1,1791231266838078,SAT,456,10728d70e0641a69:0xa6f12,3381
v1,1791231266862667,UNSAT,191,10728d70e0641a69:0x290c3,3572
v1,1791231266863437,SAT,494,10728d70e0641a69:0x290c3,4066
v1,1791231266870585,UNSAT,208,10728d70e0641a69:0x2910c,4274
v1,1791231266871342,SAT,474,10728d70e0641a69:0x2910c,4748
v1,1791231266882494,UNSAT,198,10728d70e0641a69:0x2919f,4946
v1,1791231266883221,SAT,447,10728d70e0641a69:0x2919f,5393
v1,1791231266890693,UNSAT,221,10728d70e0641a69:0x291e6,5614
v1,1791231266891374,SAT,398,10728d70e0641a69:0x291e6,6012
v1,1791231266903126,UNSAT,203,10728d70e0641a69:0x29277,6215
v1,1791231266903935,SAT,483,10728d70e0641a69:0x29277,6698
v1,1791231266911934,UNSAT,194,10728d70e0641a69:0x292be,6892
v1,1791231266912658,SAT,425,10728d70e0641a69:0x292be,7317
v1,1791231266923870,UNSAT,195,10728d70e0641a69:0x2934c,7512
v1,1791231266924616,SAT,461,10728d70e0641a69:0x2934c,7973
v1,1791231266932288,UNSAT,215,10728d70e0641a69:0x29394,8188
v1,1791231266932995,SAT,416,10728d70e0641a69:0x29394,8604
v1,1791231266993316,UNSAT,218,10728d70e0641a69:0x2e2bf,8822
v1,1791231266993743,SAT,157,10728d70e0641a69:0x2e2bf,8979
v1,1791231267343014,SAT,590,10728d70e0641a69:0xa817c,9569
v1,1791231267344560,UNSAT,178,10728d70e0641a69:0x1159e5,9747
v1,1791231267344951,UNSAT,145,10728d70e0641a69:0x1159e5,9892
v1,1791231267347075,SAT,782,10728d70e0641a69:0x6cd2,10674
v1,1791231267349025,SAT,523,10728d70e0641a69:0x115a2d,11197
v1,1791231267349925,UNSAT,154,10728d70e0641a69:0x115a2d,11351
v1,1791231267350676,UNSAT,147,10728d70e0641a69:0x115a2d,11498
v1,1791231267351354,UNSAT,148,10728d70e0641a69:0x115a2d,11646
v1,1791231267352053,UNSAT,141,10728d70e0641a69:0x115a2d,11787
v1,1791231267353746,SAT,496,10728d70e0641a69:0xa81f9,12283
v1,1791231267369828,SAT,1058,10728d70e0641a69:0x2910c,13341
v1,1791231267373157,SAT,994,10728d70e0641a69:0x2910c,14335
v1,1791231267373985,SAT,66,10728d70e0641a69:0x2910c,14401
v1,1791231267374327,UNSAT,198,10728d70e0641a69:0x2910c,14599
v1,1791231267374486,SAT,65,10728d70e0641a69:0x2910c,14664
v1,1791231267374788,SAT,196,10728d70e0641a69:0x2910c,14860
v1,1791231267375057,SAT,173,10728d70e0641a69:0x2910c,15033
v1,1791231267375293,UNSAT,150,10728d70e0641a69:0x2910c,15183
v1,1791231267375483,SAT,92,10728d70e0641a69:0x2910c,15275
v1,1791231267375732,SAT,93,10728d70e0641a69:0x2910c,15368
v1,1791231267377979,SAT,835,10728d70e0641a69:0x2910c,16203
v1,1791231267378746,SAT,61,10728d70e0641a69:0x2910c,16264
v1,1791231267379078,SAT,196,10728d70e0641a69:0x2910c,16460
v1,1791231267379349,UNSAT,176,10728d70e0641a69:0x2910c,16636
v1,1791231267379474,SAT,31,10728d70e0641a69:0x2910c,16667
v1,1791231267379726,SAT,169,10728d70e0641a69:0x2910c,16836
v1,1791231267379999,SAT,172,10728d70e0641a69:0x2910c,17008
v1,1791231267380230,UNSAT,156,10728d70e0641a69:0x2910c,17164
v1,1791231267380447,SAT,101,10728d70e0641a69:0x2910c,17265
v1,1791231267380712,SAT,94,10728d70e0641a69:0x2910c,17359
v1,1791231267385839,SAT,804,10728d70e0641a69:0x2919f,18163
v1,1791231267389827,SAT,654,10728d70e0641a69:0x2919f,18817
v1,1791231267390325,SAT,85,10728d70e0641a69:0x2919f,18902
v1,1791231267390648,UNSAT,175,10728d70e0641a69:0x2919f,19077
v1,1791231267390753,SAT,41,10728d70e0641a69:0x2919f,19118
v1,1791231267391027,SAT,177,10728d70e0641a69:0x2919f,19295
v1,1791231267391284,SAT,168,10728d70e0641a69:0x2919f,19463
v1,1791231267391530,SAT,166,10728d70e0641a69:0x2919f,19629
v1,1791231267391770,SAT,161,10728d70e0641a69:0x2919f,19790
v1,1791231267391990,UNSAT,134,10728d70e0641a69:0x2919f,19924
v1,1791231267392162,SAT,89,10728d70e0641a69:0x2919f,20013
v1,1791231267392409,SAT,106,10728d70e0641a69:0x2919f,20119
v1,1791231267394715,SAT,1086,10728d70e0641a69:0x2919f,21205
v1,1791231267395785,SAT,72,10728d70e0641a69:0x2919f,21277
v1,1791231267396229,SAT,285,10728d70e0641a69:0x2919f,21562
v1,1791231267396566,SAT,195,10728d70e0641a69:0x2919f,21757
v1,1791231267397114,UNSAT,448,10728d70e0641a69:0x2919f,22205
v1,1791231267397318,SAT,78,10728d70e0641a69:0x2919f,22283
v1,1791231267397695,SAT,203,10728d70e0641a69:0x2919f,22486
v1,1791231267398035,SAT,196,10728d70e0641a69:0x2919f,22682
v1,1791231267398325,SAT,185,10728d70e0641a69:0x2919f,22867
v1,1791231267398579,UNSAT,157,10728d70e0641a69:0x2919f,23024
v1,1791231267398798,SAT,92,10728d70e0641a69:0x2919f,23116
v1,1791231267399076,SAT,94,10728d70e0641a69:0x2919f,23210
v1,1791231267405176,SAT,784,10728d70e0641a69:0x29277,23994
v1,1791231267406865,SAT,574,10728d70e0641a69:0x292be,24568
v1,1791231267408864,UNSAT,686,10728d70e0641a69:0x2934c,25254
v1,1791231267409608,SAT,457,10728d70e0641a69:0x2934c,25711
v1,1791231267413178,SAT,600,10728d70e0641a69:0x2934c,26311
v1,1791231267413689,SAT,77,10728d70e0641a69:0x2934c,26388
v1,1791231267414021,UNSAT,184,10728d70e0641a69:0x2934c,26572
v1,1791231267414119,SAT,41,10728d70e0641a69:0x2934c,26613
v1,1791231267414466,SAT,248,10728d70e0641a69:0x2934c,26861
v1,1791231267414729,SAT,164,10728d70e0641a69:0x2934c,27025
v1,1791231267415029,SAT,176,10728d70e0641a69:0x2934c,27201
v1,1791231267415306,SAT,179,10728d70e0641a69:0x2934c,27380
v1,1791231267415554,UNSAT,148,10728d70e0641a69:0x2934c,27528
v1,1791231267415737,SAT,96,10728d70e0641a69:0x2934c,27624
v1,1791231267415981,SAT,101,10728d70e0641a69:0x2934c,27725
v1,1791231267419356,SAT,1571,10728d70e0641a69:0x2934c,29296
v1,1791231267420861,SAT,117,10728d70e0641a69:0x2934c,29413
v1,1791231267421287,SAT,254,10728d70e0641a69:0x2934c,29667
v1,1791231267421582,UNSAT,175,10728d70e0641a69:0x2934c,29842
v1,1791231267421766,SAT,37,10728d70e0641a69:0x2934c,29879
v1,1791231267422073,SAT,193,10728d70e0641a69:0x2934c,30072
v1,1791231267422358,UNSAT,185,10728d70e0641a69:0x2934c,30257
v1,1791231267422591,SAT,93,10728d70e0641a69:0x2934c,30350
v1,1791231267422901,SAT,101,10728d70e0641a69:0x2934c,30451
v1,1791231274154644,UNSAT,266,10728d70e0641a69:0xb0f41,266
v1,1791231274155863,SAT,686,10728d70e0641a69:0xb0f41,952
v1,1791231274168999,UNSAT,237,10728d70e0641a69:0xb0fc4,1189
v1,1791231274170005,SAT,678,10728d70e0641a69:0xb0fc4,1867
v1,1791231274177855,UNSAT,215,10728d70e0641a69:0xb100e,2082
v1,1791231274178649,SAT,484,10728d70e0641a69:0xb100e,2566
v1,1791231274187021,UNSAT,187,10728d70e0641a69:0xb1055,2753
v1,1791231274187767,SAT,459,10728d70e0641a69:0xb1055,3212
v1,1791231274195641,UNSAT,203,10728d70e0641a69:0xb1098,3415
v1,1791231274196420,SAT,482,10728d70e0641a69:0xb1098,3897
v1,1791231274215733,UNSAT,203,10728d70e0641a69:0xb127b,4100
v1,1791231274216180,SAT,156,10728d70e0641a69:0xb127b,4256
v1,1791231274226486,UNSAT,203,10728d70e0641a69:0x6cd2,4459
v1,1791231274227237,SAT,474,10728d70e0641a69:0x6cd2,4933
v1,1791231274231276,UNSAT,216,10728d70e0641a69:0x115a2d,5149
v1,1791231274231691,SAT,142,10728d70e0641a69:0x115a2d,5291
v1,1791231274235040,UNSAT,160,10728d70e0641a69:0x115a2d,5451
v1,1791231274250077,UNSAT,194,10728d70e0641a69:0x6cd2,5645
v1,1791231274250808,SAT,458,10728d70e0641a69:0x6cd2,6103
v1,1791231274266493,UNSAT,209,10728d70e0641a69:0x6cd2,6312
v1,1791231274267221,SAT,454,10728d70e0641a69:0x6cd2,6766
v1,1791231274283548,UNSAT,199,10728d70e0641a69:0x115a2d,6965
v1,1791231274283952,SAT,137,10728d70e0641a69:0x115a2d,7102
v1,1791231274287994,UNSAT,179,10728d70e0641a69:0x115a2d,7281
v1,1791231274304533,UNSAT,218,10728d70e0641a69:0xb15cf,7499
v1,1791231274304977,SAT,157,10728d70e0641a69:0xb15cf,7656
v1,1791231274313197,UNSAT,198,10728d70e0641a69:0x6cd2,7854
v1,1791231274313938,SAT,451,10728d70e0641a69:0x6cd2,8305
v1,1791231274322483,UNSAT,195,10728d70e0641a69:0xb15cf,8500
v1,1791231274322941,SAT,158,10728d70e0641a69:0xb15cf,8658
v1,1791231274329317,UNSAT,198,10728d70e0641a69:0x6cd2,8856
v1,1791231274330056,SAT,461,10728d70e0641a69:0x6cd2,9317
v1,1791231274338576,UNSAT,210,10728d70e0641a69:0x6cd2,9527
v1,1791231274339337,SAT,473,10728d70e0641a69:0x6cd2,10000
v1,1791231274347820,UNSAT,220,10728d70e0641a69:0x115a2d,10220
v1,1791231274348253,SAT,139,10728d70e0641a69:0x115a2d,10359
v1,1791231274355291,UNSAT,205,10728d70e0641a69:0x115a2d,10564
v1,1791231274368811,UNSAT,213,10728d70e0641a69:0xb15cf,10777
v1,1791231274369292,SAT,189,10728d70e0641a69:0xb15cf,10966
v1,1791231274379192,UNSAT,208,10728d70e0641a69:0x6cd2,11174
v1,1791231274379940,SAT,450,10728d70e0641a69:0x6cd2,11624
v1,1791231274398970,UNSAT,213,10728d70e0641a69:0xb15cf,11837
v1,1791231274399782,SAT,499,10728d70e0641a69:0xb15cf,12336
v1,1791231274417805,UNSAT,213,10728d70e0641a69:0xa6db7,12549
v1,1791231274418552,SAT,455,10728d70e0641a69:0xa6db7,13004
v1,1791231274439868,UNSAT,206,10728d70e0641a69:0xa6ec6,13210
v1,1791231274440323,SAT,164,10728d70e0641a69:0xa6ec6,13374
v1,1791231274456937,UNSAT,205,10728d70e0641a69:0xa6f12,13579
v1,1791231274457745,SAT,517,10728d70e0641a69:0xa6f12,14096
v1,1791231274493638,UNSAT,282,10728d70e0641a69:0x290c3,14378
v1,1791231274494495,SAT,543,10728d70e0641a69:0x290c3,14921
v1,1791231274511963,UNSAT,211,10728d70e0641a69:0x2910c,15132
v1,1791231274512765,SAT,476,10728d70e0641a69:0x2910c,15608
v1,1791231274527796,UNSAT,209,10728d70e0641a69:0x2919f,15817
v1,1791231274528590,SAT,474,10728d70e0641a69:0x2919f,16291
v1,1791231274539830,UNSAT,211,10728d70e0641a69:0x291e6,16502
v1,1791231274540529,SAT,406,10728d70e0641a69:0x291e6,16908
v1,1791231274556195,UNSAT,238,10728d70e0641a69:0x29277,17146
v1,1791231274556973,SAT,466,10728d70e0641a69:0x29277,17612
v1,1791231274569436,UNSAT,214,10728d70e0641a69:0x292be,17826
v1,1791231274570123,SAT,400,10728d70e0641a69:0x292be,18226
v1,1791231274590591,UNSAT,211,10728d70e0641a69:0x29394,18437
v1,1791231274591314,SAT,424,10728d70e0641a69:0x29394,18861
v1,1791231274659373,UNSAT,216,10728d70e0641a69:0x2e2bf,19077
v1,1791231274659921,SAT,257,10728d70e0641a69:0x2e2bf,19334
v1,1791231274997848,UNSAT,224,10728d70e0641a69:0x8451c,19558
v1,1791231274998308,UNSAT,148,10728d70e0641a69:0x8451c,19706
v1,1791231275013334,UNSAT,231,10728d70e0641a69:0x84527,19937
v1,1791231275014094,UNSAT,224,10728d70e0641a69:0x84527,20161
v1,1791231275035083,UNSAT,227,10728d70e0641a69:0x7fd7c,20388
v1,1791231275040173,UNSAT,4772,10728d70e0641a69:0x7fd7c,25160
v1,1791231275056528,UNSAT,233,10728d70e0641a69:0x7fd90,25393
v1,1791231275057897,SAT,1013,10728d70e0641a69:0x7fd90,26406
v1,1791231275075136,UNSAT,226,10728d70e0641a69:0x7fd98,26632
v1,1791231275075592,UNSAT,145,10728d70e0641a69:0x7fd98,26777
v1,1791231275093080,UNSAT,214,10728d70e0641a69:0x7fda5,26991
v1,1791231275094338,SAT,883,10728d70e0641a69:0x7fda5,27874
v1,1791231275110886,UNSAT,219,10728d70e0641a69:0x7fda5,28093
v1,1791231275128722,UNSAT,226,10728d70e0641a69:0x7fdb7,28319
v1,1791231275130440,SAT,1419,10728d70e0641a69:0x7fdb7,29738
v1,1791231275145404,UNSAT,258,10728d70e0641a69:0x7fdc8,29996
v1,1791231275148328,SAT,2599,10728d70e0641a69:0x7fdc8,32595
v1,1791231275164872,UNSAT,263,10728d70e0641a69:0x7fdc8,32858
v1,1791231275187235,UNSAT,247,10728d70e0641a69:0x804d3,33105
v1,1791231275188381,SAT,808,10728d70e0641a69:0x804d3,33913
v1,1791231275204708,SAT,583,10728d70e0641a69:0xa817c,34496
v1,1791231275206298,UNSAT,172,10728d70e0641a69:0x1159e5,34668
v1,1791231275206707,UNSAT,135,10728d70e0641a69:0x1159e5,34803
v1,1791231275208546,SAT,617,10728d70e0641a69:0x6cd2,35420
v1,1791231275211181,UNSAT,200,10728d70e0641a69:0xa81f9,35620
v1,1791231275212148,SAT,670,10728d70e0641a69:0xa81f9,36290
v1,1791231275227978,UNSAT,195,10728d70e0641a69:0x2910c,36485
v1,1791231275229016,SAT,742,10728d70e0641a69:0x2910c,37227
v1,1791231275232081,UNSAT,190,10728d70e0641a69:0x2910c,37417
v1,1791231275233763,UNSAT,177,10728d70e0641a69:0x2910c,37594
v1,1791231275238050,UNSAT,191,10728d70e0641a69:0x2919f,37785
v1,1791231275238881,SAT,544,10728d70e0641a69:0x2919f,38329
v1,1791231275242562,UNSAT,181,10728d70e0641a69:0x2919f,38510
v1,1791231275244016,UNSAT,160,10728d70e0641a69:0x2919f,38670
v1,1791231275249468,UNSAT,194,10728d70e0641a69:0x29277,38864
v1,1791231275250324,SAT,577,10728d70e0641a69:0x29277,39441
v1,1791231275253820,UNSAT,181,10728d70e0641a69:0x29277,39622
v1,1791231275255820,UNSAT,163,10728d70e0641a69:0x29277,39785
v1,1791231275261453,UNSAT,207,10728d70e0641a69:0x2934c,39992
v1,1791231275262238,SAT,516,10728d70e0641a69:0x2934c,40508
v1,1791231275266085,UNSAT,192,10728d70e0641a69:0x2934c,40700
v1,1791231275268100,UNSAT,164,10728d70e0641a69:0x2934c,40864
v1,1791231275503017,UNSAT,223,10728d70e0641a69:0x802cf,41087
v1,1791231275503656,UNSAT,304,10728d70e0641a69:0x802cf,41391
v1,1791231275522236,UNSAT,225,10728d70e0641a69:0x802cf,41616
v1,1791231275540440,UNSAT,223,10728d70e0641a69:0x808ee,41839
v1,1791231275551758,UNSAT,11009,10728d70e0641a69:0x808ee,52848
v1,1791231275575802,UNSAT,217,10728d70e0641a69:0x7ffc4,53065
v1,1791231275576480,UNSAT,354,10728d70e0641a69:0x7ffc4,53419
v1,1791231282516006,UNSAT,281,10728d70e0641a69:0x8247c,281
v1,1791231282517385,SAT,900,10728d70e0641a69:0x8247c,1181
v1,1791231282521557,UNSAT,183,10728d70e0641a69:0x8216e,1364
v1,1791231282522486,SAT,658,10728d70e0641a69:0x8216e,2022
v1,1791231282524375,UNSAT,169,10728d70e0641a69:0x8216e,2191
v1,1791231282526961,UNSAT,233,10728d70e0641a69:0x82320,2424
v1,1791231282528708,SAT,1457,10728d70e0641a69:0x82320,3881
v1,1791231282530605,UNSAT,178,10728d70e0641a69:0x82320,4059
v1,1791231282533209,UNSAT,182,10728d70e0641a69:0x82198,4241
v1,1791231282534283,UNSAT,802,10728d70e0641a69:0x82198,5043
v1,1791231282537020,UNSAT,193,10728d70e0641a69:0x821dc,5236
v1,1791231282538318,UNSAT,1012,10728d70e0641a69:0x821dc,6248
v1,1791231282540902,UNSAT,177,10728d70e0641a69:0x8222e,6425
v1,1791231282542349,SAT,1166,10728d70e0641a69:0x8222e,7591
v1,1791231282544561,UNSAT,159,10728d70e0641a69:0x8222e,7750
v1,1791231282547207,UNSAT,168,10728d70e0641a69:0x841c9,7918
v1,1791231282547608,UNSAT,143,10728d70e0641a69:0x841c9,8061
v1,1791231282550255,UNSAT,180,10728d70e0641a69:0x841d4,8241
v1,1791231282550662,UNSAT,134,10728d70e0641a69:0x841d4,8375
v1,1791231282561890,UNSAT,199,10728d70e0641a69:0x6cd2,8574
v1,1791231282562736,SAT,560,10728d70e0641a69:0x6cd2,9134
v1,1791231282565898,UNSAT,188,10728d70e0641a69:0x115a2d,9322
v1,1791231282566314,SAT,140,10728d70e0641a69:0x115a2d,9462
v1,1791231282568791,UNSAT,167,10728d70e0641a69:0x115a2d,9629
v1,1791231282575079,UNSAT,187,10728d70e0641a69:0xb0f41,9816
v1,1791231282575810,SAT,451,10728d70e0641a69:0xb0f41,10267
v1,1791231282588638,UNSAT,200,10728d70e0641a69:0xb0fc4,10467
v1,1791231282589578,SAT,659,10728d70e0641a69:0xb0fc4,11126
v1,1791231282597854,UNSAT,198,10728d70e0641a69:0xb100e,11324
v1,1791231282598625,SAT,484,10728d70e0641a69:0xb100e,11808
v1,1791231282606520,UNSAT,196,10728d70e0641a69:0xb1055,12004
v1,1791231282607306,SAT,499,10728d70e0641a69:0xb1055,12503
v1,1791231282614745,UNSAT,193,10728d70e0641a69:0xb1098,12696
v1,1791231282615515,SAT,486,10728d70e0641a69:0xb1098,13182
v1,1791231282625233,UNSAT,206,10728d70e0641a69:0x6cd2,13388
v1,1791231282626024,SAT,478,10728d70e0641a69:0x6cd2,13866
v1,1791231282644609,UNSAT,216,10728d70e0641a69:0x115a2d,14082
v1,1791231282645115,SAT,164,10728d70e0641a69:0x115a2d,14246
v1,1791231282648705,UNSAT,179,10728d70e0641a69:0x115a2d,14425
v1,1791231282661793,UNSAT,191,10728d70e0641a69:0xb127b,14616
v1,1791231282662246,SAT,163,10728d70e0641a69:0xb127b,14779
v1,1791231282718944,UNSAT,223,10728d70e0641a69:0xb15cf,15002
v1,1791231282719559,SAT,193,10728d70e0641a69:0xb15cf,15195
v1,1791231282746840,UNSAT,243,10728d70e0641a69:0x6cd2,15438
v1,1791231282747680,SAT,488,10728d70e0641a69:0x6cd2,15926
v1,1791231282768457,UNSAT,218,10728d70e0641a69:0x115a2d,16144
v1,1791231282768890,SAT,137,10728d70e0641a69:0x115a2d,16281
v1,1791231282779952,UNSAT,213,10728d70e0641a69:0x115a2d,16494
v1,1791231283219175,UNSAT,228,10728d70e0641a69:0x8451c,16722
v1,1791231283219648,UNSAT,159,10728d70e0641a69:0x8451c,16881
v1,1791231283242773,UNSAT,230,10728d70e0641a69:0x84527,17111
v1,1791231283243248,UNSAT,142,10728d70e0641a69:0x84527,17253
v1,1791231283267649,UNSAT,221,10728d70e0641a69:0x7fd7c,17474
v1,1791231283272727,UNSAT,4757,10728d70e0641a69:0x7fd7c,22231
v1,1791231283293362,UNSAT,229,10728d70e0641a69:0x7fd90,22460
v1,1791231283294525,SAT,821,10728d70e0641a69:0x7fd90,23281
v1,1791231283316121,UNSAT,229,10728d70e0641a69:0x7fd98,23510
v1,1791231283316577,UNSAT,133,10728d70e0641a69:0x7fd98,23643
v1,1791231283335446,UNSAT,242,10728d70e0641a69:0x7fda5,23885
v1,1791231283336544,SAT,738,10728d70e0641a69:0x7fda5,24623
v1,1791231283355437,UNSAT,217,10728d70e0641a69:0x7feba,24840
v1,1791231283355888,UNSAT,139,10728d70e0641a69:0x7feba,24979
v1,1791231283378827,UNSAT,227,10728d70e0641a69:0x802cf,25206
v1,1791231283379897,UNSAT,745,10728d70e0641a69:0x802cf,25951
v1,1791231283401178,UNSAT,221,10728d70e0641a69:0x802cf,26172
v1,1791231283422551,UNSAT,219,10728d70e0641a69:0x808ee,26391
v1,1791231283426922,SAT,4071,10728d70e0641a69:0x808ee,30462
v1,1791231283448874,UNSAT,232,10728d70e0641a69:0x808ee,30694
v1,1791231283471659,UNSAT,227,10728d70e0641a69:0x7fef8,30921
v1,1791231283472088,UNSAT,143,10728d70e0641a69:0x7fef8,31064
v1,1791231283496469,UNSAT,231,10728d70e0641a69:0x7ff09,31295
v1,1791231283498289,SAT,1475,10728d70e0641a69:0x7ff09,32770
v1,1791231283524075,UNSAT,229,10728d70e0641a69:0x7ff16,32999
v1,1791231283526925,SAT,2512,10728d70e0641a69:0x7ff16,35511
v1,1791231283558144,UNSAT,262,10728d70e0641a69:0x7ff2e,35773
v1,1791231283558628,UNSAT,144,10728d70e0641a69:0x7ff2e,35917
v1,1791231283582671,UNSAT,226,10728d70e0641a69:0x7ffc4,36143
v1,1791231283583150,UNSAT,149,10728d70e0641a69:0x7ffc4,36292
v1,1791231283603694,UNSAT,223,10728d70e0641a69:0x80072,36515
v1,1791231283606450,UNSAT,2412,10728d70e0641a69:0x80072,38927
v1,1791231283628178,UNSAT,225,10728d70e0641a69:0x8099c,39152
v1,1791231283637047,UNSAT,8517,10728d70e0641a69:0x8099c,47669
v1,1791231290267097,UNSAT,251,10728d70e0641a69:0xb1811,251
v1,1791231290268266,SAT,671,10728d70e0641a69:0xb1811,922
v1,1791231290278187,UNSAT,193,10728d70e0641a69:0x6cd2,1115
v1,1791231290279188,SAT,478,10728d70e0641a69:0x6cd2,1593
v1,1791231290294084,UNSAT,191,10728d70e0641a69:0x115a2d,1784
v1,1791231290294510,SAT,139,10728d70e0641a69:0x115a2d,1923
v1,1791231290297336,UNSAT,167,10728d70e0641a69:0x115a2d,2090
v1,1791231290321492,UNSAT,198,10728d70e0641a69:0xb15cf,2288
v1,1791231290321942,SAT,163,10728d70e0641a69:0xb15cf,2451
v1,1791231290349039,UNSAT,220,10728d70e0641a69:0xb15cf,2671
v1,1791231290349904,SAT,510,10728d70e0641a69:0xb15cf,3181
v1,1791231290364587,UNSAT,204,10728d70e0641a69:0xa6db7,3385
v1,1791231290365372,SAT,489,10728d70e0641a69:0xa6db7,3874
v1,1791231290383179,UNSAT,227,10728d70e0641a69:0xa6ec6,4101
v1,1791231290383665,SAT,171,10728d70e0641a69:0xa6ec6,4272
v1,1791231290396541,UNSAT,250,10728d70e0641a69:0xa6f12,4522
v1,1791231290397358,SAT,499,10728d70e0641a69:0xa6f12,5021
v1,1791231290427441,UNSAT,225,10728d70e0641a69:0x290c3,5246
v1,1791231290428199,SAT,447,10728d70e0641a69:0x290c3,5693
v1,1791231290441167,UNSAT,213,10728d70e0641a69:0x2910c,5906
v1,1791231290441986,SAT,508,10728d70e0641a69:0x2910c,6414
v1,1791231290459281,UNSAT,231,10728d70e0641a69:0x2919f,6645
v1,1791231290460050,SAT,458,10728d70e0641a69:0x2919f,7103
v1,1791231290473840,UNSAT,217,10728d70e0641a69:0x291e6,7320
v1,1791231290474553,SAT,408,10728d70e0641a69:0x291e6,7728
v1,1791231290492681,UNSAT,230,10728d70e0641a69:0x29277,7958
v1,1791231290493530,SAT,494,10728d70e0641a69:0x29277,8452
v1,1791231290508531,UNSAT,212,10728d70e0641a69:0x292be,8664
v1,1791231290509239,SAT,410,10728d70e0641a69:0x292be,9074
v1,1791231290528354,UNSAT,232,10728d70e0641a69:0x2934c,9306
v1,1791231290529184,SAT,495,10728d70e0641a69:0x2934c,9801
v1,1791231290544617,UNSAT,242,10728d70e0641a69:0x29394,10043
v1,1791231290545393,SAT,433,10728d70e0641a69:0x29394,10476
v1,1791231290617571,UNSAT,231,10728d70e0641a69:0x2e2bf,10707
v1,1791231290618123,SAT,175,10728d70e0641a69:0x2e2bf,10882
v1,1791231290954850,UNSAT,224,10728d70e0641a69:0x7fd7c,11106
v1,1791231290960321,UNSAT,5111,10728d70e0641a69:0x7fd7c,16217
v1,1791231290975197,UNSAT,214,10728d70e0641a69:0x7fd90,16431
v1,1791231290976535,SAT,1002,10728d70e0641a69:0x7fd90,17433
v1,1791231290992196,UNSAT,214,10728d70e0641a69:0x7fd98,17647
v1,1791231290992659,UNSAT,154,10728d70e0641a69:0x7fd98,17801
v1,1791231291007854,UNSAT,226,10728d70e0641a69:0x7fda5,18027
v1,1791231291009115,SAT,918,10728d70e0641a69:0x7fda5,18945
v1,1791231291024128,UNSAT,217,10728d70e0641a69:0x7fda5,19162
v1,1791231291039892,UNSAT,236,10728d70e0641a69:0x7fdb7,19398
v1,1791231291041693,SAT,1489,10728d70e0641a69:0x7fdb7,20887
v1,1791231291058903,UNSAT,286,10728d70e0641a69:0x7fdc8,21173
v1,1791231291061828,SAT,2548,10728d70e0641a69:0x7fdc8,23721
v1,1791231291080411,UNSAT,243,10728d70e0641a69:0x7fdc8,23964
v1,1791231291102926,SAT,580,10728d70e0641a69:0xa817c,24544
v1,1791231291104553,UNSAT,167,10728d70e0641a69:0x1159e5,24711
v1,1791231291104945,UNSAT,154,10728d70e0641a69:0x1159e5,24865
v1,1791231291107067,SAT,720,10728d70e0641a69:0x6cd2,25585
v1,1791231291110609,UNSAT,558,10728d70e0641a69:0xa81f9,26143
v1,1791231291111846,SAT,799,10728d70e0641a69:0xa81f9,26942
v1,1791231291127719,UNSAT,272,10728d70e0641a69:0x2910c,27214
v1,1791231291128941,SAT,711,10728d70e0641a69:0x2910c,27925
v1,1791231291132017,UNSAT,172,10728d70e0641a69:0x2910c,28097
v1,1791231291133840,UNSAT,368,10728d70e0641a69:0x2910c,28465
v1,1791231291138558,UNSAT,279,10728d70e0641a69:0x2919f,28744
v1,1791231291139357,SAT,507,10728d70e0641a69:0x2919f,29251
v1,1791231291143030,UNSAT,188,10728d70e0641a69:0x2919f,29439
v1,1791231291144483,UNSAT,162,10728d70e0641a69:0x2919f,29601
v1,1791231291149802,UNSAT,205,10728d70e0641a69:0x29277,29806
v1,1791231291150735,SAT,549,10728d70e0641a69:0x29277,30355
v1,1791231291154248,UNSAT,168,10728d70e0641a69:0x29277,30523
v1,1791231291156292,UNSAT,167,10728d70e0641a69:0x29277,30690
v1,1791231291161888,UNSAT,190,10728d70e0641a69:0x2934c,30880
v1,1791231291162830,SAT,561,10728d70e0641a69:0x2934c,31441
v1,1791231291166689,UNSAT,185,10728d70e0641a69:0x2934c,31626
v1,1791231291169022,UNSAT,179,10728d70e0641a69:0x2934c,31805
v1,1791231291404493,UNSAT,224,10728d70e0641a69:0x802cf,32029
v1,1791231291405115,UNSAT,296,10728d70e0641a69:0x802cf,32325
v1,1791231291424454,UNSAT,243,10728d70e0641a69:0x802cf,32568
v1,1791231291439752,UNSAT,223,10728d70e0641a69:0x808ee,32791
v1,1791231291450505,UNSAT,10440,10728d70e0641a69:0x808ee,43231
v1,1791231291471731,UNSAT,258,10728d70e0641a69:0x7ffc4,43489
v1,1791231291472356,UNSAT,301,10728d70e0641a69:0x7ffc4,43790
v1,1791231297837809,UNSAT,236,10728d70e0641a69:0x3ee96,236
v1,1791231297839166,SAT,668,10728d70e0641a69:0x3ee96,904
v1,1791231297875851,UNSAT,193,10728d70e0641a69:0x3c23b,1097
v1,1791231297876300,SAT,169,10728d70e0641a69:0x3c23b,1266
v1,1791231297879973,UNSAT,241,10728d70e0641a69:0x81b84,1507
v1,1791231297880820,UNSAT,450,10728d70e0641a69:0x81b84,1957
v1,1791231297884757,UNSAT,264,10728d70e0641a69:0x81bb5,2221
v1,1791231297886862,SAT,1679,10728d70e0641a69:0x81bb5,3900
v1,1791231297921483,UNSAT,230,10728d70e0641a69:0x8f258,4130
v1,1791231297922202,SAT,393,10728d70e0641a69:0x8f258,4523
v1,1791231297929862,UNSAT,205,10728d70e0641a69:0x8f25e,4728
v1,1791231297930569,SAT,383,10728d70e0641a69:0x8f25e,5111
v1,1791231297939016,UNSAT,201,10728d70e0641a69:0x8f2fb,5312
v1,1791231297939813,SAT,480,10728d70e0641a69:0x8f2fb,5792
v1,1791231297947248,UNSAT,211,10728d70e0641a69:0x8f2fb,6003
v1,1791231297959339,UNSAT,229,10728d70e0641a69:0x6e1b4,6232
v1,1791231297959826,SAT,184,10728d70e0641a69:0x6e1b4,6416
v1,1791231297966119,UNSAT,203,10728d70e0641a69:0x7b73b,6619
v1,1791231297966937,SAT,487,10728d70e0641a69:0x7b73b,7106
v1,1791231297973233,UNSAT,199,10728d70e0641a69:0x7b746,7305
v1,1791231297973958,SAT,401,10728d70e0641a69:0x7b746,7706
v1,1791231297980319,UNSAT,252,10728d70e0641a69:0x7b74f,7958
v1,1791231297980993,SAT,213,10728d70e0641a69:0x7b74f,8171
v1,1791231297988133,UNSAT,212,10728d70e0641a69:0x7b76c,8383
v1,1791231297988636,SAT,164,10728d70e0641a69:0x7b76c,8547
v1,1791231297996118,UNSAT,209,10728d70e0641a69:0x7b76c,8756
v1,1791231297996925,SAT,493,10728d70e0641a69:0x7b76c,9249
v1,1791231298004669,UNSAT,207,10728d70e0641a69:0x7b782,9456
v1,1791231298005149,UNSAT,149,10728d70e0641a69:0x7b782,9605
v1,1791231298013084,UNSAT,213,10728d70e0641a69:0x6e283,9818
v1,1791231298013550,UNSAT,146,10728d70e0641a69:0x6e283,9964
v1,1791231298020712,UNSAT,217,10728d70e0641a69:0x5db32,10181
v1,1791231298021145,UNSAT,134,10728d70e0641a69:0x5db32,10315
v1,1791231298030391,UNSAT,214,10728d70e0641a69:0x6cd2,10529
v1,1791231298031202,SAT,498,10728d70e0641a69:0x6cd2,11027
v1,1791231298038608,UNSAT,193,10728d70e0641a69:0x6d9b,11220
v1,1791231298039072,SAT,160,10728d70e0641a69:0x6d9b,11380
v1,1791231298046690,UNSAT,195,10728d70e0641a69:0x6dee,11575
v1,1791231298047154,SAT,157,10728d70e0641a69:0x6dee,11732
v1,1791231298055224,UNSAT,207,10728d70e0641a69:0x115a2d,11939
v1,1791231298055660,SAT,139,10728d70e0641a69:0x115a2d,12078
v1,1791231298063739,UNSAT,211,10728d70e0641a69:0x1167a4,12289
v1,1791231298064554,SAT,501,10728d70e0641a69:0x1167a4,12790
v1,1791231298072970,UNSAT,250,10728d70e0641a69:0x116947,13040
v1,1791231298073579,SAT,195,10728d70e0641a69:0x116947,13235
v1,1791231298081515,UNSAT,207,10728d70e0641a69:0x116947,13442
v1,1791231298090262,UNSAT,223,10728d70e0641a69:0x1169fb,13665
v1,1791231298091051,SAT,491,10728d70e0641a69:0x1169fb,14156
v1,1791231298099857,UNSAT,230,10728d70e0641a69:0x116a40,14386
v1,1791231298100946,SAT,766,10728d70e0641a69:0x116a40,15152
v1,1791231298109976,UNSAT,224,10728d70e0641a69:0x116a84,15376
v1,1791231298110803,SAT,504,10728d70e0641a69:0x116a84,15880
v1,1791231298120103,UNSAT,204,10728d70e0641a69:0x116ac8,16084
v1,1791231298120949,SAT,512,10728d70e0641a69:0x116ac8,16596
v1,1791231298129658,UNSAT,339,10728d70e0641a69:0x116ac8,16935
v1,1791231298138271,UNSAT,222,10728d70e0641a69:0x116ac8,17157
v1,1791231298147157,UNSAT,211,10728d70e0641a69:0x116ac8,17368
v1,1791231298157213,UNSAT,213,10728d70e0641a69:0x6e7d,17581
v1,1791231298157646,UNSAT,136,10728d70e0641a69:0x6e7d,17717
v1,1791231298168989,UNSAT,220,10728d70e0641a69:0xa6db7,17937
v1,1791231298169815,SAT,501,10728d70e0641a69:0xa6db7,18438
v1,1791231298189580,UNSAT,224,10728d70e0641a69:0xa6ec6,18662
v1,1791231298190063,SAT,169,10728d70e0641a69:0xa6ec6,18831
v1,1791231298205557,UNSAT,223,10728d70e0641a69:0xa6f12,19054
v1,1791231298206411,SAT,535,10728d70e0641a69:0xa6f12,19589
v1,1791231298333656,UNSAT,221,10728d70e0641a69:0x2e2bf,19810
v1,1791231298334120,SAT,158,10728d70e0641a69:0x2e2bf,19968
v1,1791231298616163,SAT,597,10728d70e0641a69:0xa817c,20565
v1,1791231298617690,UNSAT,172,10728d70e0641a69:0x1159e5,20737
v1,1791231298618160,UNSAT,173,10728d70e0641a69:0x1159e5,20910
v1,1791231298620862,UNSAT,177,10728d70e0641a69:0xa81f9,21087
v1,1791231298621676,SAT,539,10728d70e0641a69:0xa81f9,21626
v1,1791231298623419,UNSAT,185,10728d70e0641a69:0xa828b,21811
v1,1791231298624095,SAT,408,10728d70e0641a69:0xa828b,22219
v1,1791231298625993,UNSAT,201,10728d70e0641a69:0xa82d2,22420
v1,1791231298626824,SAT,495,10728d70e0641a69:0xa82d2,22915
v1,1791231298628657,UNSAT,172,10728d70e0641a69:0xa831e,23087
v1,1791231298629374,SAT,444,10728d70e0641a69:0xa831e,23531
v1,1791231298631836,UNSAT,247,10728d70e0641a69:0xa8362,23778
v1,1791231298632688,SAT,498,10728d70e0641a69:0xa8362,24276
v1,1791231298634534,UNSAT,168,10728d70e0641a69:0xa83af,24444
v1,1791231298635359,SAT,566,10728d70e0641a69:0xa83af,25010
v1,1791231298637294,UNSAT,217,10728d70e0641a69:0xa83f8,25227
v1,1791231298637981,SAT,412,10728d70e0641a69:0xa83f8,25639
v1,1791231298640111,UNSAT,191,10728d70e0641a69:0xa856e,25830
v1,1791231298640543,SAT,159,10728d70e0641a69:0xa856e,25989
v1,1791231298643031,UNSAT,212,10728d70e0641a69:0x3e5dd,26201
v1,1791231298643485,SAT,157,10728d70e0641a69:0x3e5dd,26358
v1,1791231298646007,UNSAT,182,10728d70e0641a69:0x3e6a2,26540
v1,1791231298646459,SAT,169,10728d70e0641a69:0x3e6a2,26709
v1,1791231298648899,UNSAT,185,10728d70e0641a69:0x3e6e6,26894
v1,1791231298649336,SAT,170,10728d70e0641a69:0x3e6e6,27064
v1,1791231298652026,UNSAT,187,10728d70e0641a69:0x3e730,27251
v1,1791231298652441,UNSAT,140,10728d70e0641a69:0x3e730,27391
v1,1791231298655101,UNSAT,180,10728d70e0641a69:0x3ea12,27571
v1,1791231298655533,SAT,160,10728d70e0641a69:0x3ea12,27731
v1,1791231298658642,UNSAT,194,10728d70e0641a69:0x3ea56,27925
v1,1791231298659106,SAT,181,10728d70e0641a69:0x3ea56,28106
v1,1791231298662127,UNSAT,183,10728d70e0641a69:0x3ea9a,28289
v1,1791231298662925,SAT,510,10728d70e0641a69:0x3ea9a,28799
v1,1791231298681026,UNSAT,303,10728d70e0641a69:0xac76b,29102
v1,1791231298681864,SAT,500,10728d70e0641a69:0xac76b,29602
v1,1791231298699675,UNSAT,211,10728d70e0641a69:0x8f435,29813
v1,1791231298700498,SAT,508,10728d70e0641a69:0x8f435,30321
v1,1791231298711976,UNSAT,219,10728d70e0641a69:0x8f435,30540
v1,1791231298724542,UNSAT,220,10728d70e0641a69:0x8f44f,30760
v1,1791231298725322,SAT,484,10728d70e0641a69:0x8f44f,31244
v1,1791231298737116,UNSAT,207,10728d70e0641a69:0x8f44f,31451
v1,1791231298751400,UNSAT,214,10728d70e0641a69:0x8f467,31665
v1,1791231298751957,UNSAT,251,10728d70e0641a69:0x8f467,31916
v1,1791231298766184,UNSAT,216,10728d70e0641a69:0x8f46e,32132
v1,1791231298766672,UNSAT,143,10728d70e0641a69:0x8f46e,32275
v1,1791231298780868,UNSAT,238,10728d70e0641a69:0x8f4d3,32513
v1,1791231298781358,UNSAT,169,10728d70e0641a69:0x8f4d3,32682
v1,1791231298797001,UNSAT,213,10728d70e0641a69:0x8f3b9,32895
v1,1791231298797782,SAT,457,10728d70e0641a69:0x8f3b9,33352
v1,1791231298811704,UNSAT,218,10728d70e0641a69:0x8f3b9,33570
v1,1791231298828237,UNSAT,212,10728d70e0641a69:0x8f3c9,33782
v1,1791231298829079,SAT,519,10728d70e0641a69:0x8f3c9,34301
v1,1791231298845369,UNSAT,223,10728d70e0641a69:0x8f3dc,34524
v1,1791231298846205,SAT,516,10728d70e0641a69:0x8f3dc,35040
v1,1791231298862234,UNSAT,235,10728d70e0641a69:0x8f3ed,35275
v1,1791231298862712,UNSAT,153,10728d70e0641a69:0x8f3ed,35428
v1,1791231298877872,UNSAT,231,10728d70e0641a69:0x8f3ed,35659
v1,1791231298894984,UNSAT,325,10728d70e0641a69:0x8f406,35984
v1,1791231298895543,UNSAT,183,10728d70e0641a69:0x8f406,36167
v1,1791231298907108,UNSAT,217,10728d70e0641a69:0x8f406,36384
v1,1791231298918856,UNSAT,238,10728d70e0641a69:0x8f406,36622
v1,1791231298932467,UNSAT,230,10728d70e0641a69:0x8f429,36852
v1,1791231298932918,UNSAT,148,10728d70e0641a69:0x8f429,37000
v1,1791231298980220,UNSAT,221,10728d70e0641a69:0xac92b,37221
v1,1791231298981065,SAT,513,10728d70e0641a69:0xac92b,37734
v1,1791231298999690,UNSAT,220,10728d70e0641a69:0xac962,37954
v1,1791231299000527,SAT,515,10728d70e0641a69:0xac962,38469
v1,1791231299019470,UNSAT,231,10728d70e0641a69:0xac992,38700
v1,1791231299020365,SAT,555,10728d70e0641a69:0xac992,39255
v1,1791231299039666,UNSAT,233,10728d70e0641a69:0xac9c5,39488
v1,1791231299040532,SAT,538,10728d70e0641a69:0xac9c5,40026
v1,1791231299057947,UNSAT,232,10728d70e0641a69:0xac9cf,40258
v1,1791231299058810,SAT,515,10728d70e0641a69:0xac9cf,40773
v1,1791231299080500,UNSAT,245,10728d70e0641a69:0xac9fc,41018
v1,1791231299081352,SAT,517,10728d70e0641a69:0xac9fc,41535
v1,1791231299100220,UNSAT,223,10728d70e0641a69:0xaca06,41758
v1,1791231299101055,SAT,518,10728d70e0641a69:0xaca06,42276
v1,1791231299122590,UNSAT,211,10728d70e0641a69:0xaca32,42487
v1,1791231299123426,SAT,518,10728d70e0641a69:0xaca32,43005
v1,1791231299145411,UNSAT,224,10728d70e0641a69:0xaca68,43229
v1,1791231299146240,SAT,513,10728d70e0641a69:0xaca68,43742
v1,1791231299166141,UNSAT,237,10728d70e0641a69:0xaca72,43979
v1,1791231299167320,SAT,837,10728d70e0641a69:0xaca72,44816
v1,1791231299192938,UNSAT,228,10728d70e0641a69:0xacad3,45044
v1,1791231299193805,SAT,531,10728d70e0641a69:0xacad3,45575
v1,1791231299228806,UNSAT,225,10728d70e0641a69:0x1b2f6,45800
v1,1791231299229599,SAT,449,10728d70e0641a69:0x1b2f6,46249
v1,1791231299248224,UNSAT,223,10728d70e0641a69:0x1b33c,46472
v1,1791231299249094,SAT,549,10728d70e0641a69:0x1b33c,47021
v1,1791231299268731,UNSAT,230,10728d70e0641a69:0x1b38a,47251
v1,1791231299269624,SAT,571,10728d70e0641a69:0x1b38a,47822
v1,1791231299297430,UNSAT,319,10728d70e0641a69:0x1b417,48141
v1,1791231299298795,SAT,841,10728d70e0641a69:0x1b417,48982
v1,1791231299320500,UNSAT,246,10728d70e0641a69:0x1b45f,49228
v1,1791231299321450,SAT,608,10728d70e0641a69:0x1b45f,49836
v1,1791231299342242,UNSAT,218,10728d70e0641a69:0x1b4a9,50054
v1,1791231299343031,SAT,443,10728d70e0641a69:0x1b4a9,50497
v1,1791231299364142,UNSAT,216,10728d70e0641a69:0x1b4ef,50713
v1,1791231299365038,SAT,548,10728d70e0641a69:0x1b4ef,51261
v1,1791231299386681,UNSAT,228,10728d70e0641a69:0x1b535,51489
v1,1791231299387552,SAT,544,10728d70e0641a69:0x1b535,52033
v1,1791231299409769,UNSAT,224,10728d70e0641a69:0x1b57f,52257
v1,1791231299410557,SAT,455,10728d70e0641a69:0x1b57f,52712
v1,1791231299433131,UNSAT,239,10728d70e0641a69:0x1b5c8,52951
v1,1791231299433972,SAT,506,10728d70e0641a69:0x1b5c8,53457
v1,1791231299461371,UNSAT,621,10728d70e0641a69:0x1b659,54078
v1,1791231299461899,SAT,184,10728d70e0641a69:0x1b659,54262
v1,1791231299486777,UNSAT,217,10728d70e0641a69:0x1b696,54479
v1,1791231299487287,SAT,177,10728d70e0641a69:0x1b696,54656
v1,1791231299556516,UNSAT,310,10728d70e0641a69:0x1b756,54966
v1,1791231299557050,SAT,182,10728d70e0641a69:0x1b756,55148
v1,1791231299577663,UNSAT,220,10728d70e0641a69:0x1b792,55368
v1,1791231299578181,SAT,177,10728d70e0641a69:0x1b792,55545
v1,1791231299612709,UNSAT,233,10728d70e0641a69:0x1b85c,55778
v1,1791231299613438,SAT,191,10728d70e0641a69:0x1b85c,55969
v1,1791231299634541,UNSAT,230,10728d70e0641a69:0x1b89a,56199
v1,1791231299635062,SAT,186,10728d70e0641a69:0x1b89a,56385
v1,1791231299665613,UNSAT,228,10728d70e0641a69:0x1b95e,56613
v1,1791231299666175,SAT,217,10728d70e0641a69:0x1b95e,56830
v1,1791231299709564,UNSAT,215,10728d70e0641a69:0x1625e,57045
v1,1791231299710060,SAT,163,10728d70e0641a69:0x1625e,57208
v1,1791231299757550,UNSAT,218,10728d70e0641a69:0x1bab5,57426
v1,1791231299758386,SAT,512,10728d70e0641a69:0x1bab5,57938
v1,1791231299779728,UNSAT,224,10728d70e0641a69:0x1bb00,58162
v1,1791231299780221,SAT,166,10728d70e0641a69:0x1bb00,58328
v1,1791231299801139,UNSAT,230,10728d70e0641a69:0x1bb3e,58558
v1,1791231299801663,SAT,168,10728d70e0641a69:0x1bb3e,58726
v1,1791231299832139,UNSAT,219,10728d70e0641a69:0x1bc05,58945
v1,1791231299832634,SAT,167,10728d70e0641a69:0x1bc05,59112
v1,1791231299854907,UNSAT,220,10728d70e0641a69:0x1bc42,59332
v1,1791231299855434,SAT,179,10728d70e0641a69:0x1bc42,59511
v1,1791231299922685,UNSAT,226,10728d70e0641a69:0x1be4a,59737
v1,1791231299923198,SAT,159,10728d70e0641a69:0x1be4a,59896
v1,1791231299958848,UNSAT,235,10728d70e0641a69:0x1bece,60131
v1,1791231299959370,SAT,175,10728d70e0641a69:0x1bece,60306
v1,1791231299995759,UNSAT,253,10728d70e0641a69:0x1bf5e,60559
v1,1791231299996667,SAT,538,10728d70e0641a69:0x1bf5e,61097
v1,1791231300029847,UNSAT,233,10728d70e0641a69:0x1c026,61330
v1,1791231300030369,SAT,175,10728d70e0641a69:0x1c026,61505
v1,1791231300067046,UNSAT,237,10728d70e0641a69:0x1c0aa,61742
v1,1791231300067568,SAT,165,10728d70e0641a69:0x1c0aa,61907
v1,1791231300102408,UNSAT,233,10728d70e0641a69:0x1c136,62140
v1,1791231300103303,SAT,552,10728d70e0641a69:0x1c136,62692
v1,1791231300136190,UNSAT,223,10728d70e0641a69:0x1c1b9,62915
v1,1791231300136690,SAT,159,10728d70e0641a69:0x1c1b9,63074
v1,1791231300168787,UNSAT,219,10728d70e0641a69:0x1c23d,63293
v1,1791231300169307,SAT,174,10728d70e0641a69:0x1c23d,63467
v1,1791231300197729,UNSAT,230,10728d70e0641a69:0x1c2cd,63697
v1,1791231300198737,SAT,671,10728d70e0641a69:0x1c2cd,64368
v1,1791231300378058,UNSAT,235,10728d70e0641a69:0x1c8ae,64603
v1,1791231300378942,SAT,544,10728d70e0641a69:0x1c8ae,65147
v1,1791231300400690,UNSAT,257,10728d70e0641a69:0x1c8f2,65404
v1,1791231300401582,SAT,545,10728d70e0641a69:0x1c8f2,65949
v1,1791231300428063,UNSAT,227,10728d70e0641a69:0x1c987,66176
v1,1791231300428931,SAT,507,10728d70e0641a69:0x1c987,66683
v1,1791231300451950,UNSAT,232,10728d70e0641a69:0x1c9d6,66915
v1,1791231300452822,SAT,522,10728d70e0641a69:0x1c9d6,67437
v1,1791231300481144,UNSAT,214,10728d70e0641a69:0x1ca6c,67651
v1,1791231300482042,SAT,522,10728d70e0641a69:0x1ca6c,68173
v1,1791231300505876,UNSAT,253,10728d70e0641a69:0x1cab3,68426
v1,1791231300506929,SAT,600,10728d70e0641a69:0x1cab3,69026
v1,1791231300543816,UNSAT,231,10728d70e0641a69:0x1cbdb,69257
v1,1791231300544674,SAT,522,10728d70e0641a69:0x1cbdb,69779
v1,1791231300569879,UNSAT,230,10728d70e0641a69:0x1cc2d,70009
v1,1791231300570774,SAT,549,10728d70e0641a69:0x1cc2d,70558
v1,1791231300597974,UNSAT,217,10728d70e0641a69:0x1cc73,70775
v1,1791231300598852,SAT,544,10728d70e0641a69:0x1cc73,71319
v1,1791231300625084,UNSAT,239,10728d70e0641a69:0x1ccc4,71558
v1,1791231300625972,SAT,513,10728d70e0641a69:0x1ccc4,72071
v1,1791231300652986,UNSAT,237,10728d70e0641a69:0x1cd11,72308
v1,1791231300653864,SAT,518,10728d70e0641a69:0x1cd11,72826
v1,1791231300699315,UNSAT,230,10728d70e0641a69:0x1d121,73056
v1,1791231300700472,SAT,813,10728d70e0641a69:0x1d121,73869
v1,1791231300722093,UNSAT,216,10728d70e0641a69:0x1d172,74085
v1,1791231300723205,SAT,778,10728d70e0641a69:0x1d172,74863
v1,1791231300747646,UNSAT,220,10728d70e0641a69:0x1d1c2,75083
v1,1791231300748700,SAT,708,10728d70e0641a69:0x1d1c2,75791
v1,1791231300772676,UNSAT,239,10728d70e0641a69:0x1d20f,76030
v1,1791231300773864,SAT,806,10728d70e0641a69:0x1d20f,76836
v1,1791231300796972,UNSAT,225,10728d70e0641a69:0x1d262,77061
v1,1791231300798175,SAT,844,10728d70e0641a69:0x1d262,77905
v1,1791231300822365,UNSAT,224,10728d70e0641a69:0x1d2b2,78129
v1,1791231300823539,SAT,823,10728d70e0641a69:0x1d2b2,78952
v1,1791231300847581,UNSAT,220,10728d70e0641a69:0x1d2ff,79172
v1,1791231300848797,SAT,868,10728d70e0641a69:0x1d2ff,80040
v1,1791231300901386,SAT,579,10728d70e0641a69:0xa817c,80619
v1,1791231301507895,UNSAT,225,10728d70e0641a69:0x783b7,80844
v1,1791231301508454,SAT,171,10728d70e0641a69:0x783b7,81015
v1,1791231301541473,UNSAT,235,10728d70e0641a69:0x783e9,81250
v1,1791231301541972,UNSAT,144,10728d70e0641a69:0x783e9,81394
v1,1791231307060825,UNSAT,266,10728d70e0641a69:0x3ee52,266
v1,1791231307061997,SAT,650,10728d70e0641a69:0x3ee52,916
v1,1791231307094241,UNSAT,215,10728d70e0641a69:0xafb7d,1131
v1,1791231307094737,SAT,175,10728d70e0641a69:0xafb7d,1306
v1,1791231307099286,UNSAT,202,10728d70e0641a69:0xafcf3,1508
v1,1791231307099738,SAT,176,10728d70e0641a69:0xafcf3,1684
v1,1791231307106743,UNSAT,202,10728d70e0641a69:0xafd37,1886
v1,1791231307107178,SAT,157,10728d70e0641a69:0xafd37,2043
v1,1791231307117468,UNSAT,189,10728d70e0641a69:0xa897f,2232
v1,1791231307117892,SAT,154,10728d70e0641a69:0xa897f,2386
v1,1791231307128469,UNSAT,222,10728d70e0641a69:0xa8a0f,2608
v1,1791231307129313,SAT,504,10728d70e0641a69:0xa8a0f,3112
v1,1791231307136125,UNSAT,190,10728d70e0641a69:0xa904a,3302
v1,1791231307136897,SAT,484,10728d70e0641a69:0xa904a,3786
v1,1791231307141569,UNSAT,194,10728d70e0641a69:0x6e1b4,3980
v1,1791231307142007,SAT,160,10728d70e0641a69:0x6e1b4,4140
v1,1791231307145105,UNSAT,189,10728d70e0641a69:0x7b73b,4329
v1,1791231307145885,SAT,488,10728d70e0641a69:0x7b73b,4817
v1,1791231307148998,UNSAT,203,10728d70e0641a69:0x7b746,5020
v1,1791231307149757,SAT,450,10728d70e0641a69:0x7b746,5470
v1,1791231307152938,UNSAT,189,10728d70e0641a69:0x7b74f,5659
v1,1791231307153381,SAT,169,10728d70e0641a69:0x7b74f,5828
v1,1791231307157053,UNSAT,185,10728d70e0641a69:0x7b76c,6013
v1,1791231307157518,SAT,165,10728d70e0641a69:0x7b76c,6178
v1,1791231307160771,UNSAT,177,10728d70e0641a69:0x7b76c,6355
v1,1791231307161521,SAT,472,10728d70e0641a69:0x7b76c,6827
v1,1791231307165039,UNSAT,188,10728d70e0641a69:0x7b782,7015
v1,1791231307165488,UNSAT,138,10728d70e0641a69:0x7b782,7153
v1,1791231307169138,UNSAT,188,10728d70e0641a69:0x6e283,7341
v1,1791231307169554,UNSAT,132,10728d70e0641a69:0x6e283,7473
v1,1791231307173026,UNSAT,172,10728d70e0641a69:0x5db32,7645
v1,1791231307173448,UNSAT,146,10728d70e0641a69:0x5db32,7791
v1,1791231307179526,UNSAT,199,10728d70e0641a69:0x6cd2,7990
v1,1791231307180290,SAT,475,10728d70e0641a69:0x6cd2,8465
v1,1791231307184060,UNSAT,183,10728d70e0641a69:0x6d9b,8648
v1,1791231307184513,SAT,171,10728d70e0641a69:0x6d9b,8819
v1,1791231307188490,UNSAT,244,10728d70e0641a69:0x6dee,9063
v1,1791231307188915,SAT,152,10728d70e0641a69:0x6dee,9215
v1,1791231307193399,UNSAT,226,10728d70e0641a69:0x115a2d,9441
v1,1791231307193883,SAT,157,10728d70e0641a69:0x115a2d,9598
v1,1791231307198633,UNSAT,200,10728d70e0641a69:0x1167a4,9798
v1,1791231307199416,SAT,481,10728d70e0641a69:0x1167a4,10279
v1,1791231307204881,UNSAT,193,10728d70e0641a69:0x116947,10472
v1,1791231307205329,SAT,164,10728d70e0641a69:0x116947,10636
v1,1791231307209144,UNSAT,211,10728d70e0641a69:0x116947,10847
v1,1791231307213572,UNSAT,183,10728d70e0641a69:0x1169b7,11030
v1,1791231307214004,SAT,159,10728d70e0641a69:0x1169b7,11189
v1,1791231307219209,UNSAT,225,10728d70e0641a69:0x1169fb,11414
v1,1791231307220448,SAT,738,10728d70e0641a69:0x1169fb,12152
v1,1791231307225359,UNSAT,221,10728d70e0641a69:0x116a40,12373
v1,1791231307226108,SAT,464,10728d70e0641a69:0x116a40,12837
v1,1791231307232104,UNSAT,200,10728d70e0641a69:0x116a84,13037
v1,1791231307232862,SAT,459,10728d70e0641a69:0x116a84,13496
v1,1791231307238010,UNSAT,197,10728d70e0641a69:0x116ac8,13693
v1,1791231307238768,SAT,469,10728d70e0641a69:0x116ac8,14162
v1,1791231307243180,UNSAT,176,10728d70e0641a69:0x116ac8,14338
v1,1791231307247567,UNSAT,166,10728d70e0641a69:0x116ac8,14504
v1,1791231307252076,UNSAT,184,10728d70e0641a69:0x116ac8,14688
v1,1791231307257453,UNSAT,214,10728d70e0641a69:0x116e00,14902
v1,1791231307258236,SAT,498,10728d70e0641a69:0x116e00,15400
v1,1791231307265191,UNSAT,207,10728d70e0641a69:0x6e7d,15607
v1,1791231307265648,UNSAT,156,10728d70e0641a69:0x6e7d,15763
v1,1791231307276309,UNSAT,201,10728d70e0641a69:0xa93cd,15964
v1,1791231307277062,SAT,468,10728d70e0641a69:0xa93cd,16432
v1,1791231307294751,UNSAT,219,10728d70e0641a69:0x7b733,16651
v1,1791231307296064,SAT,1030,10728d70e0641a69:0x7b733,17681
v1,1791231307307142,UNSAT,209,10728d70e0641a69:0xa94e7,17890
v1,1791231307307604,SAT,170,10728d70e0641a69:0xa94e7,18060
v1,1791231307319335,UNSAT,233,10728d70e0641a69:0xa9539,18293
v1,1791231307320126,SAT,489,10728d70e0641a69:0xa9539,18782
v1,1791231307349529,UNSAT,376,10728d70e0641a69:0x290c3,19158
v1,1791231307350491,SAT,546,10728d70e0641a69:0x290c3,19704
v1,1791231307362359,UNSAT,218,10728d70e0641a69:0x2910c,19922
v1,1791231307363317,SAT,641,10728d70e0641a69:0x2910c,20563
v1,1791231307378398,UNSAT,212,10728d70e0641a69:0x2919f,20775
v1,1791231307379346,SAT,652,10728d70e0641a69:0x2919f,21427
v1,1791231307390864,UNSAT,209,10728d70e0641a69:0x291e6,21636
v1,1791231307391619,SAT,460,10728d70e0641a69:0x291e6,22096
v1,1791231307407034,UNSAT,214,10728d70e0641a69:0x29277,22310
v1,1791231307407958,SAT,619,10728d70e0641a69:0x29277,22929
v1,1791231307420752,UNSAT,208,10728d70e0641a69:0x292be,23137
v1,1791231307421508,SAT,446,10728d70e0641a69:0x292be,23583
v1,1791231307437187,UNSAT,206,10728d70e0641a69:0x2934c,23789
v1,1791231307438094,SAT,600,10728d70e0641a69:0x2934c,24389
v1,1791231307449734,UNSAT,207,10728d70e0641a69:0x29394,24596
v1,1791231307450458,SAT,436,10728d70e0641a69:0x29394,25032
v1,1791231307516682,UNSAT,238,10728d70e0641a69:0x2e2bf,25270
v1,1791231307517204,SAT,168,10728d70e0641a69:0x2e2bf,25438
v1,1791231307816961,UNSAT,209,10728d70e0641a69:0x2fde4,25647
v1,1791231307817433,SAT,165,10728d70e0641a69:0x2fde4,25812
v1,1791231307865653,SAT,587,10728d70e0641a69:0xa817c,26399
v1,1791231307867194,UNSAT,225,10728d70e0641a69:0x1159e5,26624
v1,1791231307868153,UNSAT,686,10728d70e0641a69:0x1159e5,27310
v1,1791231307871304,UNSAT,214,10728d70e0641a69:0xa81f9,27524
v1,1791231307872159,SAT,549,10728d70e0641a69:0xa81f9,28073
v1,1791231307874310,UNSAT,168,10728d70e0641a69:0xa8240,28241
v1,1791231307874956,SAT,394,10728d70e0641a69:0xa8240,28635
v1,1791231307877948,UNSAT,255,10728d70e0641a69:0xa828b,28890
v1,1791231307878873,SAT,521,10728d70e0641a69:0xa828b,29411
v1,1791231307880693,UNSAT,174,10728d70e0641a69:0xa82d2,29585
v1,1791231307881500,SAT,537,10728d70e0641a69:0xa82d2,30122
v1,1791231307883406,UNSAT,319,10728d70e0641a69:0xa831e,30441
v1,1791231307884323,SAT,489,10728d70e0641a69:0xa831e,30930
v1,1791231307886395,UNSAT,196,10728d70e0641a69:0xa8362,31126
v1,1791231307887189,SAT,482,10728d70e0641a69:0xa8362,31608
v1,1791231307889557,UNSAT,182,10728d70e0641a69:0xa83af,31790
v1,1791231307890313,SAT,489,10728d70e0641a69:0xa83af,32279
v1,1791231307892805,UNSAT,188,10728d70e0641a69:0xa83f8,32467
v1,1791231307893507,SAT,423,10728d70e0641a69:0xa83f8,32890
v1,1791231307896354,UNSAT,261,10728d70e0641a69:0xa856e,33151
v1,1791231307896801,SAT,157,10728d70e0641a69:0xa856e,33308
v1,1791231307898970,UNSAT,193,10728d70e0641a69:0xa85ea,33501
v1,1791231307899804,SAT,518,10728d70e0641a69:0xa85ea,34019
v1,1791231307902212,UNSAT,203,10728d70e0641a69:0x3e5dd,34222
v1,1791231307902696,SAT,176,10728d70e0641a69:0x3e5dd,34398
v1,1791231307905712,UNSAT,179,10728d70e0641a69:0x3e6a2,34577
v1,1791231307906130,SAT,151,10728d70e0641a69:0x3e6a2,34728
v1,1791231307909138,UNSAT,189,10728d70e0641a69:0x3e6e6,34917
v1,1791231307909626,SAT,174,10728d70e0641a69:0x3e6e6,35091
v1,1791231307912497,UNSAT,220,10728d70e0641a69:0x3e730,35311
v1,1791231307912977,UNSAT,168,10728d70e0641a69:0x3e730,35479
v1,1791231307916297,UNSAT,282,10728d70e0641a69:0x3e9ce,35761
v1,1791231307916972,SAT,230,10728d70e0641a69:0x3e9ce,35991
v1,1791231307920653,UNSAT,206,10728d70e0641a69:0x3ea12,36197
v1,1791231307921167,SAT,178,10728d70e0641a69:0x3ea12,36375
v1,1791231307924143,UNSAT,182,10728d70e0641a69:0x3ea56,36557
v1,1791231307924585,SAT,160,10728d70e0641a69:0x3ea56,36717
v1,1791231307927411,UNSAT,183,10728d70e0641a69:0x3ea9a,36900
v1,1791231307928154,SAT,474,10728d70e0641a69:0x3ea9a,37374
v1,1791231307945383,UNSAT,217,10728d70e0641a69:0xac76b,37591
v1,1791231307946154,SAT,457,10728d70e0641a69:0xac76b,38048
v1,1791231307954959,UNSAT,210,10728d70e0641a69:0x8f435,38258
v1,1791231307955746,SAT,473,10728d70e0641a69:0x8f435,38731
v1,1791231307962045,UNSAT,195,10728d70e0641a69:0x8f435,38926
v1,1791231307970208,UNSAT,210,10728d70e0641a69:0x8f44f,39136
v1,1791231307970989,SAT,489,10728d70e0641a69:0x8f44f,39625
v1,1791231307977172,UNSAT,213,10728d70e0641a69:0x8f44f,39838
v1,1791231307985174,UNSAT,209,10728d70e0641a69:0x8f44f,40047
v1,1791231307985965,SAT,500,10728d70e0641a69:0x8f44f,40547
v1,1791231307994566,UNSAT,213,10728d70e0641a69:0x8f467,40760
v1,1791231307995101,UNSAT,236,10728d70e0641a69:0x8f467,40996
v1,1791231308003297,UNSAT,219,10728d70e0641a69:0x8f46e,41215
v1,1791231308003755,UNSAT,164,10728d70e0641a69:0x8f46e,41379
v1,1791231308011353,UNSAT,216,10728d70e0641a69:0x8f4d3,41595
v1,1791231308011800,UNSAT,143,10728d70e0641a69:0x8f4d3,41738
v1,1791231308021627,UNSAT,208,10728d70e0641a69:0x8f3b9,41946
v1,1791231308022418,SAT,487,10728d70e0641a69:0x8f3b9,42433
v1,1791231308030368,UNSAT,219,10728d70e0641a69:0x8f3b9,42652
v1,1791231308040146,UNSAT,214,10728d70e0641a69:0x8f3c9,42866
v1,1791231308040936,SAT,478,10728d70e0641a69:0x8f3c9,43344
v1,1791231308051595,UNSAT,217,10728d70e0641a69:0x8f3dc,43561
v1,1791231308052434,SAT,537,10728d70e0641a69:0x8f3dc,44098
v1,1791231308063374,UNSAT,226,10728d70e0641a69:0x8f3ed,44324
v1,1791231308063968,UNSAT,158,10728d70e0641a69:0x8f3ed,44482
v1,1791231308072953,UNSAT,207,10728d70e0641a69:0x8f3ed,44689
v1,1791231308083646,UNSAT,218,10728d70e0641a69:0x8f406,44907
v1,1791231308084076,UNSAT,144,10728d70e0641a69:0x8f406,45051
v1,1791231308093559,UNSAT,207,10728d70e0641a69:0x8f406,45258
v1,1791231308103032,UNSAT,210,10728d70e0641a69:0x8f406,45468
v1,1791231308114801,UNSAT,207,10728d70e0641a69:0x8f429,45675
v1,1791231308115225,UNSAT,144,10728d70e0641a69:0x8f429,45819
v1,1791231308139546,UNSAT,302,10728d70e0641a69:0xa6db7,46121
v1,1791231308140347,SAT,496,10728d70e0641a69:0xa6db7,46617
v1,1791231308153559,UNSAT,342,10728d70e0641a69:0xa6ec6,46959
v1,1791231308154346,SAT,470,10728d70e0641a69:0xa6ec6,47429
v1,1791231308167986,UNSAT,205,10728d70e0641a69:0xac92b,47634
v1,1791231308168804,SAT,524,10728d70e0641a69:0xac92b,48158
v1,1791231308175115,UNSAT,208,10728d70e0641a69:0xac953,48366
v1,1791231308175955,SAT,520,10728d70e0641a69:0xac953,48886
v1,1791231308180675,UNSAT,204,10728d70e0641a69:0xac962,49090
v1,1791231308181467,SAT,509,10728d70e0641a69:0xac962,49599
v1,1791231308187701,UNSAT,191,10728d70e0641a69:0xac98c,49790
v1,1791231308188463,SAT,486,10728d70e0641a69:0xac98c,50276
v1,1791231308192858,UNSAT,199,10728d70e0641a69:0xac992,50475
v1,1791231308193655,SAT,507,10728d70e0641a69:0xac992,50982
v1,1791231308200465,UNSAT,193,10728d70e0641a69:0xac9c5,51175
v1,1791231308201255,SAT,510,10728d70e0641a69:0xac9c5,51685
v1,1791231308205859,UNSAT,197,10728d70e0641a69:0xac9cf,51882
v1,1791231308206663,SAT,524,10728d70e0641a69:0xac9cf,52406
v1,1791231308215560,UNSAT,209,10728d70e0641a69:0xac9fc,52615
v1,1791231308216407,SAT,553,10728d70e0641a69:0xac9fc,53168
v1,1791231308220971,UNSAT,198,10728d70e0641a69:0xaca06,53366
v1,1791231308221780,SAT,514,10728d70e0641a69:0xaca06,53880
v1,1791231308229603,UNSAT,206,10728d70e0641a69:0xaca2e,54086
v1,1791231308230416,SAT,514,10728d70e0641a69:0xaca2e,54600
v1,1791231308233660,UNSAT,198,10728d70e0641a69:0xaca32,54798
v1,1791231308234427,SAT,488,10728d70e0641a69:0xaca32,55286
v1,1791231308240626,UNSAT,193,10728d70e0641a69:0xaca68,55479
v1,1791231308241395,SAT,494,10728d70e0641a69:0xaca68,55973
v1,1791231308245968,UNSAT,203,10728d70e0641a69:0xaca72,56176
v1,1791231308246804,SAT,534,10728d70e0641a69:0xaca72,56710
v1,1791231308252513,UNSAT,210,10728d70e0641a69:0xaca8c,56920
v1,1791231308253896,SAT,1083,10728d70e0641a69:0xaca8c,58003
v1,1791231308261389,UNSAT,199,10728d70e0641a69:0xacad3,58202
v1,1791231308262207,SAT,525,10728d70e0641a69:0xacad3,58727
v1,1791231308284494,UNSAT,199,10728d70e0641a69:0x1b2f6,58926
v1,1791231308285214,SAT,427,10728d70e0641a69:0x1b2f6,59353
v1,1791231308293550,UNSAT,223,10728d70e0641a69:0x1b33c,59576
v1,1791231308294408,SAT,521,10728d70e0641a69:0x1b33c,60097
v1,1791231308302963,UNSAT,201,10728d70e0641a69:0x1b38a,60298
v1,1791231308303902,SAT,592,10728d70e0641a69:0x1b38a,60890
v1,1791231308311983,UNSAT,204,10728d70e0641a69:0x1b3d1,61094
v1,1791231308312797,SAT,470,10728d70e0641a69:0x1b3d1,61564
v1,1791231308320929,UNSAT,204,10728d70e0641a69:0x1b417,61768
v1,1791231308321745,SAT,519,10728d70e0641a69:0x1b417,62287
v1,1791231308329948,UNSAT,197,10728d70e0641a69:0x1b45f,62484
v1,1791231308330805,SAT,568,10728d70e0641a69:0x1b45f,63052
v1,1791231308338846,UNSAT,207,10728d70e0641a69:0x1b4a9,63259
v1,1791231308339614,SAT,472,10728d70e0641a69:0x1b4a9,63731
v1,1791231308347713,UNSAT,218,10728d70e0641a69:0x1b4ef,63949
v1,1791231308348517,SAT,520,10728d70e0641a69:0x1b4ef,64469
v1,1791231308356707,UNSAT,249,10728d70e0641a69:0x1b535,64718
v1,1791231308357564,SAT,552,10728d70e0641a69:0x1b535,65270
v1,1791231308365858,UNSAT,203,10728d70e0641a69:0x1b57f,65473
v1,1791231308366554,SAT,405,10728d70e0641a69:0x1b57f,65878
v1,1791231308374852,UNSAT,199,10728d70e0641a69:0x1b5c8,66077
v1,1791231308375636,SAT,499,10728d70e0641a69:0x1b5c8,66576
v1,1791231308384241,UNSAT,199,10728d70e0641a69:0x1b614,66775
v1,1791231308385081,SAT,547,10728d70e0641a69:0x1b614,67322
v1,1791231308395635,UNSAT,280,10728d70e0641a69:0x1b659,67602
v1,1791231308396356,SAT,266,10728d70e0641a69:0x1b659,67868
v1,1791231308405126,UNSAT,204,10728d70e0641a69:0x1b696,68072
v1,1791231308405600,SAT,168,10728d70e0641a69:0x1b696,68240
v1,1791231308471058,UNSAT,233,10728d70e0641a69:0x1b756,68473
v1,1791231308471563,SAT,168,10728d70e0641a69:0x1b756,68641
v1,1791231308487481,UNSAT,218,10728d70e0641a69:0x1b792,68859
v1,1791231308487985,SAT,181,10728d70e0641a69:0x1b792,69040
v1,1791231308517873,UNSAT,222,10728d70e0641a69:0x1b85c,69262
v1,1791231308518371,SAT,179,10728d70e0641a69:0x1b85c,69441
v1,1791231308534954,UNSAT,229,10728d70e0641a69:0x1b89a,69670
v1,1791231308535463,SAT,180,10728d70e0641a69:0x1b89a,69850
v1,1791231308561513,UNSAT,223,10728d70e0641a69:0x1b95e,70073
v1,1791231308562007,SAT,174,10728d70e0641a69:0x1b95e,70247
v1,1791231308579569,UNSAT,271,10728d70e0641a69:0x1b99a,70518
v1,1791231308580125,SAT,174,10728d70e0641a69:0x1b99a,70692
v1,1791231308614959,UNSAT,227,10728d70e0641a69:0x1625e,70919
v1,1791231308615470,SAT,172,10728d70e0641a69:0x1625e,71091
v1,1791231308661972,UNSAT,272,10728d70e0641a69:0x1bab5,71363
v1,1791231308662842,SAT,529,10728d70e0641a69:0x1bab5,71892
v1,1791231308682884,UNSAT,213,10728d70e0641a69:0x1bb00,72105
v1,1791231308683374,SAT,169,10728d70e0641a69:0x1bb00,72274
v1,1791231308702930,UNSAT,222,10728d70e0641a69:0x1bb3e,72496
v1,1791231308703437,SAT,171,10728d70e0641a69:0x1bb3e,72667
v1,1791231308732788,UNSAT,219,10728d70e0641a69:0x1bc05,72886
v1,1791231308733278,SAT,173,10728d70e0641a69:0x1bc05,73059
v1,1791231308753817,UNSAT,248,10728d70e0641a69:0x1bc42,73307
v1,1791231308754328,SAT,175,10728d70e0641a69:0x1bc42,73482
v1,1791231308790128,UNSAT,215,10728d70e0641a69:0x1bd5d,73697
v1,1791231308790977,SAT,517,10728d70e0641a69:0x1bd5d,74214
v1,1791231308837735,UNSAT,216,10728d70e0641a69:0x1be4a,74430
v1,1791231308838230,SAT,170,10728d70e0641a69:0x1be4a,74600
v1,1791231308872363,UNSAT,239,10728d70e0641a69:0x1bece,74839
v1,1791231308872873,SAT,176,10728d70e0641a69:0x1bece,75015
v1,1791231308902747,UNSAT,218,10728d70e0641a69:0x1bf5e,75233
v1,1791231308903625,SAT,535,10728d70e0641a69:0x1bf5e,75768
v1,1791231308929804,UNSAT,234,10728d70e0641a69:0x1c026,76002
v1,1791231308930321,SAT,177,10728d70e0641a69:0x1c026,76179
v1,1791231308959662,UNSAT,223,10728d70e0641a69:0x1c0aa,76402
v1,1791231308960156,SAT,167,10728d70e0641a69:0x1c0aa,76569
v1,1791231308988302,UNSAT,321,10728d70e0641a69:0x1c136,76890
v1,1791231308989235,SAT,531,10728d70e0641a69:0x1c136,77421
v1,1791231309013648,UNSAT,225,10728d70e0641a69:0x1c1b9,77646
v1,1791231309014132,SAT,158,10728d70e0641a69:0x1c1b9,77804
v1,1791231309038801,UNSAT,222,10728d70e0641a69:0x1c23d,78026
v1,1791231309039298,SAT,168,10728d70e0641a69:0x1c23d,78194
v1,1791231309064721,UNSAT,220,10728d70e0641a69:0x1c2cd,78414
v1,1791231309065584,SAT,539,10728d70e0641a69:0x1c2cd,78953
v1,1791231309250164,UNSAT,233,10728d70e0641a69:0x1c8ae,79186
v1,1791231309251034,SAT,519,10728d70e0641a69:0x1c8ae,79705
v1,1791231309271484,UNSAT,214,10728d70e0641a69:0x1c8f2,79919
v1,1791231309272305,SAT,509,10728d70e0641a69:0x1c8f2,80428
v1,1791231309294075,UNSAT,239,10728d70e0641a69:0x1c93f,80667
v1,1791231309294987,SAT,567,10728d70e0641a69:0x1c93f,81234
v1,1791231309316473,UNSAT,225,10728d70e0641a69:0x1c987,81459
v1,1791231309317323,SAT,524,10728d70e0641a69:0x1c987,81983
v1,1791231309339745,UNSAT,226,10728d70e0641a69:0x1c9d6,82209
v1,1791231309340619,SAT,539,10728d70e0641a69:0x1c9d6,82748
v1,1791231309362750,UNSAT,214,10728d70e0641a69:0x1ca1b,82962
v1,1791231309363598,SAT,531,10728d70e0641a69:0x1ca1b,83493
v1,1791231309381692,UNSAT,228,10728d70e0641a69:0x1ca6c,83721
v1,1791231309382578,SAT,552,10728d70e0641a69:0x1ca6c,84273
v1,1791231309401298,UNSAT,224,10728d70e0641a69:0x1cab3,84497
v1,1791231309402136,SAT,514,10728d70e0641a69:0x1cab3,85011
v1,1791231309420166,UNSAT,217,10728d70e0641a69:0x1cb00,85228
v1,1791231309421285,SAT,773,10728d70e0641a69:0x1cb00,86001
v1,1791231309439490,UNSAT,228,10728d70e0641a69:0x1cb45,86229
v1,1791231309440326,SAT,507,10728d70e0641a69:0x1cb45,86736
v1,1791231309459502,UNSAT,227,10728d70e0641a69:0x1cb94,86963
v1,1791231309460342,SAT,517,10728d70e0641a69:0x1cb94,87480
v1,1791231309479843,UNSAT,427,10728d70e0641a69:0x1cbdb,87907
v1,1791231309480731,SAT,540,10728d70e0641a69:0x1cbdb,88447
v1,1791231309501608,UNSAT,218,10728d70e0641a69:0x1cc2d,88665
v1,1791231309502440,SAT,517,10728d70e0641a69:0x1cc2d,89182
v1,1791231309522559,UNSAT,221,10728d70e0641a69:0x1cc73,89403
v1,1791231309523424,SAT,529,10728d70e0641a69:0x1cc73,89932
v1,1791231309545670,UNSAT,239,10728d70e0641a69:0x1ccc4,90171
v1,1791231309546587,SAT,571,10728d70e0641a69:0x1ccc4,90742
v1,1791231309569303,UNSAT,235,10728d70e0641a69:0x1cd11,90977
v1,1791231309570266,SAT,627,10728d70e0641a69:0x1cd11,91604
v1,1791231309606819,UNSAT,227,10728d70e0641a69:0x1d0d4,91831
v1,1791231309607990,SAT,839,10728d70e0641a69:0x1d0d4,92670
v1,1791231309630451,UNSAT,228,10728d70e0641a69:0x1d121,92898
v1,1791231309631593,SAT,805,10728d70e0641a69:0x1d121,93703
v1,1791231309655243,UNSAT,218,10728d70e0641a69:0x1d172,93921
v1,1791231309656404,SAT,800,10728d70e0641a69:0x1d172,94721
v1,1791231309674070,UNSAT,242,10728d70e0641a69:0x1d1c2,94963
v1,1791231309675698,SAT,1031,10728d70e0641a69:0x1d1c2,95994
v1,1791231309694636,UNSAT,235,10728d70e0641a69:0x1d20f,96229
v1,1791231309695802,SAT,815,10728d70e0641a69:0x1d20f,97044
v1,1791231309715236,UNSAT,237,10728d70e0641a69:0x1d262,97281
v1,1791231309716441,SAT,833,10728d70e0641a69:0x1d262,98114
v1,1791231309736948,UNSAT,217,10728d70e0641a69:0x1d2b2,98331
v1,1791231309738045,SAT,765,10728d70e0641a69:0x1d2b2,99096
v1,1791231309757485,UNSAT,334,10728d70e0641a69:0x1d2ff,99430
v1,1791231309758700,SAT,831,10728d70e0641a69:0x1d2ff,100261
v1,1791231309812696,SAT,592,10728d70e0641a69:0xa817c,100853
v1,1791231310389165,UNSAT,230,10728d70e0641a69:0x783b7,101083
v1,1791231310389694,SAT,170,10728d70e0641a69:0x783b7,101253
v1,1791231310414556,UNSAT,480,10728d70e0641a69:0x7782e,101733
v1,1791231310415267,UNSAT,336,10728d70e0641a69:0x7782e,102069
v1,1791231310434840,UNSAT,231,10728d70e0641a69:0x77834,102300
v1,1791231310436312,SAT,1123,10728d70e0641a69:0x77834,103423
v1,1791231310457901,UNSAT,238,10728d70e0641a69:0x783e9,103661
v1,1791231310458421,UNSAT,166,10728d70e0641a69:0x783e9,103827
v1,1791231316041814,UNSAT,330,10728d70e0641a69:0x3c23b,330
v1,1791231316042988,SAT,659,10728d70e0641a69:0x3c23b,989
v1,1791231316055484,UNSAT,200,10728d70e0641a69:0xa897f,1189
v1,1791231316056239,SAT,470,10728d70e0641a69:0xa897f,1659
v1,1791231316063813,UNSAT,202,10728d70e0641a69:0xa9c40,1861
v1,1791231316064544,SAT,457,10728d70e0641a69:0xa9c40,2318
v1,1791231316080597,UNSAT,277,10728d70e0641a69:0xa94e7,2595
v1,1791231316081418,SAT,365,10728d70e0641a69:0xa94e7,2960
v1,1791231316088204,UNSAT,184,10728d70e0641a69:0xa9539,3144
v1,1791231316088911,SAT,437,10728d70e0641a69:0xa9539,3581
v1,1791231316113557,UNSAT,187,10728d70e0641a69:0x290c3,3768
v1,1791231316114292,SAT,467,10728d70e0641a69:0x290c3,4235
v1,1791231316121290,UNSAT,200,10728d70e0641a69:0x2910c,4435
v1,1791231316122035,SAT,475,10728d70e0641a69:0x2910c,4910
v1,1791231316134623,UNSAT,370,10728d70e0641a69:0x2919f,5280
v1,1791231316135676,SAT,611,10728d70e0641a69:0x2919f,5891
v1,1791231316155658,UNSAT,196,10728d70e0641a69:0x292be,6087
v1,1791231316156346,SAT,400,10728d70e0641a69:0x292be,6487
v1,1791231316169001,UNSAT,192,10728d70e0641a69:0x2934c,6679
v1,1791231316169771,SAT,472,10728d70e0641a69:0x2934c,7151
v1,1791231316178047,UNSAT,197,10728d70e0641a69:0x29394,7348
v1,1791231316178743,SAT,411,10728d70e0641a69:0x29394,7759
v1,1791231316539578,UNSAT,205,10728d70e0641a69:0x2fde4,7964
v1,1791231316540029,SAT,165,10728d70e0641a69:0x2fde4,8129
v1,1791231316573839,SAT,552,10728d70e0641a69:0xa817c,8681
v1,1791231316575536,UNSAT,172,10728d70e0641a69:0x1159e5,8853
v1,1791231316575972,UNSAT,181,10728d70e0641a69:0x1159e5,9034
v1,1791231316577588,SAT,477,10728d70e0641a69:0x6cd2,9511
v1,1791231316579585,SAT,549,10728d70e0641a69:0x115a2d,10060
v1,1791231316580527,UNSAT,160,10728d70e0641a69:0x115a2d,10220
v1,1791231316581270,UNSAT,145,10728d70e0641a69:0x115a2d,10365
v1,1791231316581949,UNSAT,138,10728d70e0641a69:0x115a2d,10503
v1,1791231316582650,UNSAT,155,10728d70e0641a69:0x115a2d,10658
v1,1791231316584604,SAT,623,10728d70e0641a69:0xa81f9,11281
v1,1791231316600288,SAT,1005,10728d70e0641a69:0x2910c,12286
v1,1791231316603773,SAT,1092,10728d70e0641a69:0x2910c,13378
v1,1791231316604586,SAT,68,10728d70e0641a69:0x2910c,13446
v1,1791231316604930,UNSAT,189,10728d70e0641a69:0x2910c,13635
v1,1791231316605083,SAT,67,10728d70e0641a69:0x2910c,13702
v1,1791231316605368,SAT,191,10728d70e0641a69:0x2910c,13893
v1,1791231316605629,SAT,176,10728d70e0641a69:0x2910c,14069
v1,1791231316605853,UNSAT,150,10728d70e0641a69:0x2910c,14219
v1,1791231316606043,SAT,94,10728d70e0641a69:0x2910c,14313
v1,1791231316606342,SAT,153,10728d70e0641a69:0x2910c,14466
v1,1791231316608537,SAT,828,10728d70e0641a69:0x2910c,15294
v1,1791231316609291,SAT,75,10728d70e0641a69:0x2910c,15369
v1,1791231316609635,SAT,207,10728d70e0641a69:0x2910c,15576
v1,1791231316609899,UNSAT,175,10728d70e0641a69:0x2910c,15751
v1,1791231316610018,SAT,36,10728d70e0641a69:0x2910c,15787
v1,1791231316610287,SAT,190,10728d70e0641a69:0x2910c,15977
v1,1791231316610631,SAT,258,10728d70e0641a69:0x2910c,16235
v1,1791231316610972,UNSAT,204,10728d70e0641a69:0x2910c,16439
v1,1791231316611213,SAT,115,10728d70e0641a69:0x2910c,16554
v1,1791231316611551,SAT,109,10728d70e0641a69:0x2910c,16663
v1,1791231316616285,SAT,582,10728d70e0641a69:0x2919f,17245
v1,1791231316620122,SAT,693,10728d70e0641a69:0x2919f,17938
v1,1791231316620636,SAT,78,10728d70e0641a69:0x2919f,18016
v1,1791231316620941,UNSAT,163,10728d70e0641a69:0x2919f,18179
v1,1791231316621033,SAT,32,10728d70e0641a69:0x2919f,18211
v1,1791231316621317,SAT,172,10728d70e0641a69:0x2919f,18383
v1,1791231316621552,SAT,146,10728d70e0641a69:0x2919f,18529
v1,1791231316621794,SAT,163,10728d70e0641a69:0x2919f,18692
v1,1791231316622032,SAT,161,10728d70e0641a69:0x2919f,18853
v1,1791231316622237,UNSAT,133,10728d70e0641a69:0x2919f,18986
v1,1791231316622472,SAT,123,10728d70e0641a69:0x2919f,19109
v1,1791231316622775,SAT,130,10728d70e0641a69:0x2919f,19239
v1,1791231316625380,SAT,1235,10728d70e0641a69:0x2919f,20474
v1,1791231316626481,SAT,72,10728d70e0641a69:0x2919f,20546
v1,1791231316626840,SAT,213,10728d70e0641a69:0x2919f,20759
v1,1791231316627107,UNSAT,165,10728d70e0641a69:0x2919f,20924
v1,1791231316627280,SAT,46,10728d70e0641a69:0x2919f,20970
v1,1791231316627558,SAT,182,10728d70e0641a69:0x2919f,21152
v1,1791231316627812,SAT,169,10728d70e0641a69:0x2919f,21321
v1,1791231316628059,SAT,163,10728d70e0641a69:0x2919f,21484
v1,1791231316628288,UNSAT,149,10728d70e0641a69:0x2919f,21633
v1,1791231316628491,SAT,87,10728d70e0641a69:0x2919f,21720
v1,1791231316628750,SAT,88,10728d70e0641a69:0x2919f,21808
v1,1791231316634238,SAT,643,10728d70e0641a69:0x29277,22451
v1,1791231316637638,SAT,689,10728d70e0641a69:0x29277,23140
v1,1791231316638148,SAT,83,10728d70e0641a69:0x29277,23223
v1,1791231316638491,UNSAT,179,10728d70e0641a69:0x29277,23402
v1,1791231316638590,SAT,35,10728d70e0641a69:0x29277,23437
v1,1791231316638855,SAT,171,10728d70e0641a69:0x29277,23608
v1,1791231316639087,SAT,148,10728d70e0641a69:0x29277,23756
v1,1791231316639331,SAT,170,10728d70e0641a69:0x29277,23926
v1,1791231316639568,SAT,154,10728d70e0641a69:0x29277,24080
v1,1791231316639783,UNSAT,141,10728d70e0641a69:0x29277,24221
v1,1791231316639960,SAT,98,10728d70e0641a69:0x29277,24319
v1,1791231316640215,SAT,102,10728d70e0641a69:0x29277,24421
v1,1791231316643334,SAT,1361,10728d70e0641a69:0x29277,25782
v1,1791231316644819,SAT,97,10728d70e0641a69:0x29277,25879
v1,1791231316645245,SAT,237,10728d70e0641a69:0x29277,26116
v1,1791231316645539,UNSAT,166,10728d70e0641a69:0x29277,26282
v1,1791231316645697,SAT,36,10728d70e0641a69:0x29277,26318
v1,1791231316645976,SAT,171,10728d70e0641a69:0x29277,26489
v1,1791231316646275,SAT,199,10728d70e0641a69:0x29277,26688
v1,1791231316646552,SAT,177,10728d70e0641a69:0x29277,26865
v1,1791231316646791,UNSAT,149,10728d70e0641a69:0x29277,27014
v1,1791231316647016,SAT,96,10728d70e0641a69:0x29277,27110
v1,1791231316647310,SAT,99,10728d70e0641a69:0x29277,27209
v1,1791231316654367,UNSAT,1303,10728d70e0641a69:0x2934c,28512
v1,1791231316655518,SAT,707,10728d70e0641a69:0x2934c,29219
v1,1791231316659571,SAT,690,10728d70e0641a69:0x2934c,29909
v1,1791231316660085,SAT,80,10728d70e0641a69:0x2934c,29989
v1,1791231316660422,UNSAT,180,10728d70e0641a69:0x2934c,30169
v1,1791231316660515,SAT,32,10728d70e0641a69:0x2934c,30201
v1,1791231316660890,SAT,278,10728d70e0641a69:0x2934c,30479
v1,1791231316661149,SAT,157,10728d70e0641a69:0x2934c,30636
v1,1791231316661408,SAT,167,10728d70e0641a69:0x2934c,30803
v1,1791231316661655,SAT,158,10728d70e0641a69:0x2934c,30961
v1,1791231316661894,UNSAT,142,10728d70e0641a69:0x2934c,31103
v1,1791231316662063,SAT,87,10728d70e0641a69:0x2934c,31190
v1,1791231316662323,SAT,115,10728d70e0641a69:0x2934c,31305
v1,1791231316665655,SAT,1497,10728d70e0641a69:0x2934c,32802
v1,1791231316667203,SAT,88,10728d70e0641a69:0x2934c,32890
v1,1791231316667626,SAT,224,10728d70e0641a69:0x2934c,33114
v1,1791231316667899,UNSAT,163,10728d70e0641a69:0x2934c,33277
v1,1791231316668080,SAT,31,10728d70e0641a69:0x2934c,33308
v1,1791231316668383,SAT,198,10728d70e0641a69:0x2934c,33506
v1,1791231316668712,SAT,190,10728d70e0641a69:0x2934c,33696
v1,1791231316668982,SAT,170,10728d70e0641a69:0x2934c,33866
v1,1791231316669230,UNSAT,158,10728d70e0641a69:0x2934c,34024
v1,1791231316669489,SAT,92,10728d70e0641a69:0x2934c,34116
v1,1791231316669838,SAT,103,10728d70e0641a69:0x2934c,34219
v1,1791231323339228,SAT,899,10728d70e0641a69:0x6cd2,899
v1,1791231323344122,UNSAT,318,10728d70e0641a69:0xa856e,1217
v1,1791231323345385,SAT,758,10728d70e0641a69:0xa856e,1975
v1,1791231323359783,UNSAT,215,10728d70e0641a69:0xa86d8,2190
v1,1791231323396935,SAT,36799,10728d70e0641a69:0xa86d8,38989
v1,1791231323406550,UNSAT,219,10728d70e0641a69:0xa875f,39208
v1,1791231323409695,SAT,2789,10728d70e0641a69:0xa875f,41997
v1,1791231323415496,UNSAT,203,10728d70e0641a69:0xa877c,42200
v1,1791231324030806,SAT,614999,10728d70e0641a69:0xa877c,657199
v1,1791231324035744,UNSAT,202,10728d70e0641a69:0xa8783,657401
