[0;36mafl-fuzz [1;97m2.52b[0m by <lcamtuf@google.com>
[1;92m[+] [0mLooks like we're not running on a tty, so I'll be a bit less verbose.[0m
[1;92m[+] [0mYou have 12 CPU cores and 6 runnable tasks (utilization: 50%).[0m
[1;92m[+] [0mTry parallel jobs - see docs/parallel_fuzzing.txt.[0m
[1;93m[!] [1;97mWARNING: [0mNot binding to a CPU core (AFL_NO_AFFINITY set).[0m
[1;94m[*] [0mChecking core_pattern...[0m

[1;91m[-] [0mHmm, your system is configured to send core dump notifications to an
    external utility. This will cause issues: there will be an extended delay
    between stumbling upon a crash and having this information relayed to the
    fuzzer via the standard waitpid() API.

    To avoid having crashes misinterpreted as timeouts, please log in as root
    and temporarily modify /proc/sys/kernel/core_pattern, like so:

    echo core >/proc/sys/kernel/core_pattern
[1;94m[*] [0mSetting up output directories...[0m
[1;94m[*] [0mScanning '/workspace/builds/libpng/gcc-O2/seeds'...[0m
[1;92m[+] [0mNo auto-generated dictionary tokens to reuse.[0m
[1;94m[*] [0mCreating hard links for all input files...[0m
[1;94m[*] [0mValidating target binary...[0m
[1;94m[*] [0mAttempting dry run with 'id:000000,orig:s1.png'...[0m
[1;94m[*] [0mSpinning up the fork server...[0m
[1;92m[+] [0mAll right - fork server is up.[0m
[1;90m    len = 8759, map size = 2082, exec speed = 1324 us
[0m[1;94m[*] [0mAttempting dry run with 'id:000001,orig:s2.png'...[0m
[1;90m    len = 2399, map size = 1273, exec speed = 872 us
[0m[1;94m[*] [0mAttempting dry run with 'id:000002,orig:s3.png'...[0m
[1;90m    len = 2069, map size = 1545, exec speed = 545 us
[0m[1;94m[*] [0mAttempting dry run with 'id:000003,orig:s4.png'...[0m
[1;90m    len = 100, map size = 350, exec speed = 294 us
[0m[1;94m[*] [0mAttempting dry run with 'id:000004,orig:s5.png'...[0m
[1;90m    len = 16, map size = 187, exec speed = 293 us
[0m[1;92m[+] [0mAll test cases processed.[0m

[1;92m[+] [0mHere are some useful stats:

[1;90m    Test case count : [0m5 favored, 0 variable, 5 total
[1;90m       Bitmap range : [0m187 to 2082 bits (average: 1087.40 bits)
[1;90m        Exec timing : [0m293 to 1324 us (average: 666 us)
[0m
[1;94m[*] [0mNo -t option specified, so I'll use exec timeout of 20 ms.[0m
[1;92m[+] [0mAll set and ready to roll![0m
[1;94m[*] [0mEntering queue cycle 1.[0m
[1;94m[*] [0mFuzzing test case #0 (5 total, 0 uniq crashes found)...[0m
[1;94m[*] [0mFuzzing test case #1 (375 total, 0 uniq crashes found)...[0m
[1;94m[*] [0mFuzzing test case #2 (411 total, 0 uniq crashes found)...[0m
[1;94m[*] [0mFuzzing test case #3 (452 total, 0 uniq crashes found)...[0m
[1;94m[*] [0mFuzzing test case #11 (455 total, 0 uniq crashes found)...[0m
[1;94m[*] [0mFuzzing test case #14 (455 total, 0 uniq crashes found)...[0m
[1;94m[*] [0mFuzzing test case #25 (457 total, 0 uniq crashes found)...[0m
[1;94m[*] [0mFuzzing test case #30 (476 total, 0 uniq crashes found)...[0m
[1;94m[*] [0mFuzzing test case #32 (476 total, 0 uniq crashes found)...[0m
[1;94m[*] [0mFuzzing test case #35 (477 total, 0 uniq crashes found)...[0m
[1;94m[*] [0mFuzzing test case #37 (477 total, 0 uniq crashes found)...[0m
[1;94m[*] [0mFuzzing test case #38 (493 total, 0 uniq crashes found)...[0m
[1;94m[*] [0mFuzzing test case #44 (493 total, 0 uniq crashes found)...[0m
[1;94m[*] [0mFuzzing test case #46 (496 total, 0 uniq crashes found)...[0m
[1;94m[*] [0mFuzzing test case #49 (496 total, 0 uniq crashes found)...[0m
[1;94m[*] [0mFuzzing test case #75 (499 total, 0 uniq crashes found)...[0m
[1;94m[*] [0mFuzzing test case #78 (501 total, 0 uniq crashes found)...[0m
[1;94m[*] [0mFuzzing test case #80 (502 total, 0 uniq crashes found)...[0m
[1;94m[*] [0mFuzzing test case #83 (502 total, 0 uniq crashes found)...[0m
[1;94m[*] [0mFuzzing test case #86 (502 total, 0 uniq crashes found)...[0m
[1;94m[*] [0mFuzzing test case #88 (502 total, 0 uniq crashes found)...[0m
[1;94m[*] [0mFuzzing test case #103 (503 total, 0 uniq crashes found)...[0m
[1;94m[*] [0mFuzzing test case #104 (505 total, 0 uniq crashes found)...[0m
[1;94m[*] [0mFuzzing test case #107 (507 total, 0 uniq crashes found)...[0m
[1;94m[*] [0mFuzzing test case #113 (508 total, 0 uniq crashes found)...[0m
[1;94m[*] [0mFuzzing test case #119 (508 total, 0 uniq crashes found)...[0m
[1;94m[*] [0mFuzzing test case #125 (508 total, 0 uniq crashes found)...[0m
[1;94m[*] [0mFuzzing test case #163 (508 total, 0 uniq crashes found)...[0m
[1;94m[*] [0mFuzzing test case #167 (530 total, 0 uniq crashes found)...[0m
[1;94m[*] [0mFuzzing test case #170 (532 total, 0 uniq crashes found)...[0m
[1;94m[*] [0mFuzzing test case #172 (532 total, 0 uniq crashes found)...[0m
[1;94m[*] [0mFuzzing test case #176 (533 total, 0 uniq crashes found)...[0m
[1;94m[*] [0mFuzzing test case #178 (533 total, 0 uniq crashes found)...[0m
[1;94m[*] [0mFuzzing test case #182 (534 total, 0 uniq crashes found)...[0m
[1;94m[*] [0mFuzzing test case #183 (534 total, 0 uniq crashes found)...[0m
[1;94m[*] [0mFuzzing test case #184 (534 total, 0 uniq crashes found)...[0m
[1;94m[*] [0mFuzzing test case #187 (542 total, 0 uniq crashes found)...[0m
[1;94m[*] [0mFuzzing test case #191 (542 total, 0 uniq crashes found)...[0m
[1;94m[*] [0mFuzzing test case #193 (542 total, 0 uniq crashes found)...[0m
[1;94m[*] [0mFuzzing test case #194 (542 total, 0 uniq crashes found)...[0m
[1;94m[*] [0mFuzzing test case #198 (542 total, 0 uniq crashes found)...[0m
[1;94m[*] [0mFuzzing test case #202 (543 total, 0 uniq crashes found)...[0m
[1;94m[*] [0mFuzzing test case #203 (547 total, 0 uniq crashes found)...[0m
[1;94m[*] [0mFuzzing test case #206 (547 total, 0 uniq crashes found)...[0m
[1;94m[*] [0mFuzzing test case #211 (547 total, 0 uniq crashes found)...[0m
[1;94m[*] [0mFuzzing test case #212 (547 total, 0 uniq crashes found)...[0m
[1;94m[*] [0mFuzzing test case #215 (548 total, 0 uniq crashes found)...[0m
[1;94m[*] [0mFuzzing test case #216 (548 total, 0 uniq crashes found)...[0m
[1;94m[*] [0mFuzzing test case #220 (548 total, 0 uniq crashes found)...[0m
[1;94m[*] [0mFuzzing test case #223 (548 total, 0 uniq crashes found)...[0m
[1;94m[*] [0mFuzzing test case #225 (549 total, 0 uniq crashes found)...[0m
[1;94m[*] [0mFuzzing test case #227 (557 total, 0 uniq crashes found)...[0m
[1;94m[*] [0mFuzzing test case #233 (557 total, 0 uniq crashes found)...[0m
[1;94m[*] [0mFuzzing test case #234 (558 total, 0 uniq crashes found)...[0m
[1;94m[*] [0mFuzzing test case #237 (559 total, 0 uniq crashes found)...[0m
[1;94m[*] [0mFuzzing test case #240 (559 total, 0 uniq crashes found)...[0m
[1;94m[*] [0mFuzzing test case #246 (560 total, 0 uniq crashes found)...[0m
[1;94m[*] [0mFuzzing test case #253 (560 total, 0 uniq crashes found)...[0m
[1;94m[*] [0mFuzzing test case #256 (561 total, 0 uniq crashes found)...[0m
[1;94m[*] [0mFuzzing test case #262 (562 total, 0 uniq crashes found)...[0m
[1;94m[*] [0mFuzzing test case #266 (564 total, 0 uniq crashes found)...[0m
[1;94m[*] [0mFuzzing test case #268 (569 total, 0 uniq crashes found)...[0m
[1;94m[*] [0mFuzzing test case #269 (570 total, 0 uniq crashes found)...[0m
[1;94m[*] [0mFuzzing test case #272 (570 total, 0 uniq crashes found)...[0m
[1;94m[*] [0mFuzzing test case #273 (570 total, 0 uniq crashes found)...[0m
[1;94m[*] [0mFuzzing test case #274 (570 total, 0 uniq crashes found)...[0m
[1;94m[*] [0mFuzzing test case #275 (573 total, 0 uniq crashes found)...[0m
[1;94m[*] [0mFuzzing test case #276 (574 total, 0 uniq crashes found)...[0m
[1;94m[*] [0mFuzzing test case #279 (575 total, 0 uniq crashes found)...[0m
[1;94m[*] [0mFuzzing test case #281 (575 total, 0 uniq crashes found)...[0m
[1;94m[*] [0mFuzzing test case #283 (575 total, 0 uniq crashes found)...[0m
[1;94m[*] [0mFuzzing test case #285 (579 total, 0 uniq crashes found)...[0m
[1;94m[*] [0mFuzzing test case #292 (579 total, 0 uniq crashes found)...[0m
[1;94m[*] [0mFuzzing test case #301 (579 total, 0 uniq crashes found)...[0m
[1;94m[*] [0mFuzzing test case #305 (580 total, 0 uniq crashes found)...[0m
[1;94m[*] [0mFuzzing test case #306 (580 total, 0 uniq crashes found)...[0m
[1;94m[*] [0mFuzzing test case #309 (581 total, 0 uniq crashes found)...[0m
[1;94m[*] [0mFuzzing test case #313 (581 total, 0 uniq crashes found)...[0m
[1;94m[*] [0mFuzzing test case #319 (581 total, 0 uniq crashes found)...[0m
[1;94m[*] [0mFuzzing test case #322 (584 total, 0 uniq crashes found)...[0m
[1;94m[*] [0mFuzzing test case #325 (585 total, 0 uniq crashes found)...[0m
[1;94m[*] [0mFuzzing test case #328 (586 total, 0 uniq crashes found)...[0m
[1;94m[*] [0mFuzzing test case #329 (587 total, 0 uniq crashes found)...[0m
[1;94m[*] [0mFuzzing test case #332 (587 total, 0 uniq crashes found)...[0m
[1;94m[*] [0mFuzzing test case #334 (587 total, 0 uniq crashes found)...[0m
[1;94m[*] [0mFuzzing test case #335 (587 total, 0 uniq crashes found)...[0m
[1;94m[*] [0mFuzzing test case #344 (589 total, 0 uniq crashes found)...[0m
[1;94m[*] [0mFuzzing test case #346 (589 total, 0 uniq crashes found)...[0m
[1;94m[*] [0mFuzzing test case #348 (590 total, 0 uniq crashes found)...[0m
[1;94m[*] [0mFuzzing test case #351 (591 total, 0 uniq crashes found)...[0m
[1;94m[*] [0mFuzzing test case #353 (592 total, 0 uniq crashes found)...[0m
[1;94m[*] [0mFuzzing test case #354 (593 total, 0 uniq crashes found)...[0m
[1;94m[*] [0mFuzzing test case #355 (593 total, 0 uniq crashes found)...[0m
[1;94m[*] [0mFuzzing test case #356 (593 total, 0 uniq crashes found)...[0m
[1;94m[*] [0mFuzzing test case #357 (593 total, 0 uniq crashes found)...[0m
[1;94m[*] [0mFuzzing test case #358 (593 total, 0 uniq crashes found)...[0m
[1;94m[*] [0mFuzzing test case #359 (596 total, 0 uniq crashes found)...[0m
[1;94m[*] [0mFuzzing test case #360 (597 total, 0 uniq crashes found)...[0m
[1;94m[*] [0mFuzzing test case #378 (597 total, 0 uniq crashes found)...[0m
[1;94m[*] [0mFuzzing test case #380 (598 total, 0 uniq crashes found)...[0m
[1;94m[*] [0mFuzzing test case #382 (599 total, 0 uniq crashes found)...[0m
[1;94m[*] [0mFuzzing test case #383 (600 total, 0 uniq crashes found)...[0m
[1;94m[*] [0mFuzzing test case #385 (601 total, 0 uniq crashes found)...[0m
[1;94m[*] [0mFuzzing test case #386 (601 total, 0 uniq crashes found)...[0m
[1;94m[*] [0mFuzzing test case #388 (602 total, 0 uniq crashes found)...[0m
[1;94m[*] [0mFuzzing test case #393 (602 total, 0 uniq crashes found)...[0m
[1;94m[*] [0mFuzzing test case #394 (613 total, 0 uniq crashes found)...[0m
[1;94m[*] [0mFuzzing test case #395 (613 total, 0 uniq crashes found)...[0m
[1;94m[*] [0mFuzzing test case #397 (614 total, 0 uniq crashes found)...[0m
[1;94m[*] [0mFuzzing test case #398 (615 total, 0 uniq crashes found)...[0m
[1;94m[*] [0mFuzzing test case #399 (615 total, 0 uniq crashes found)...[0m
[1;94m[*] [0mFuzzing test case #400 (616 total, 0 uniq crashes found)...[0m
[1;94m[*] [0mFuzzing test case #401 (616 total, 0 uniq crashes found)...[0m
[1;94m[*] [0mFuzzing test case #402 (616 total, 0 uniq crashes found)...[0m
[1;94m[*] [0mFuzzing test case #403 (617 total, 0 uniq crashes found)...[0m
[1;94m[*] [0mFuzzing test case #406 (617 total, 0 uniq crashes found)...[0m
[1;94m[*] [0mFuzzing test case #407 (617 total, 0 uniq crashes found)...[0m
[1;94m[*] [0mFuzzing test case #408 (618 total, 0 uniq crashes found)...[0m
[1;94m[*] [0mFuzzing test case #415 (618 total, 0 uniq crashes found)...[0m
[1;94m[*] [0mFuzzing test case #417 (619 total, 0 uniq crashes found)...[0m
[1;94m[*] [0mFuzzing test case #423 (619 total, 0 uniq crashes found)...[0m
[1;94m[*] [0mFuzzing test case #426 (619 total, 0 uniq crashes found)...[0m
[1;94m[*] [0mFuzzing test case #429 (619 total, 0 uniq crashes found)...[0m
[1;94m[*] [0mFuzzing test case #430 (619 total, 0 uniq crashes found)...[0m
[1;94m[*] [0mFuzzing test case #431 (620 total, 0 uniq crashes found)...[0m
[1;94m[*] [0mFuzzing test case #433 (621 total, 0 uniq crashes found)...[0m
[1;94m[*] [0mFuzzing test case #434 (621 total, 0 uniq crashes found)...[0m
[1;94m[*] [0mFuzzing test case #435 (621 total, 0 uniq crashes found)...[0m
[1;94m[*] [0mFuzzing test case #436 (621 total, 0 uniq crashes found)...[0m
[1;94m[*] [0mFuzzing test case #438 (621 total, 0 uniq crashes found)...[0m
[1;94m[*] [0mFuzzing test case #440 (621 total, 0 uniq crashes found)...[0m
[1;94m[*] [0mFuzzing test case #441 (621 total, 0 uniq crashes found)...[0m
[1;94m[*] [0mFuzzing test case #442 (621 total, 0 uniq crashes found)...[0m
[1;94m[*] [0mFuzzing test case #448 (621 total, 0 uniq crashes found)...[0m
[1;94m[*] [0mFuzzing test case #450 (621 total, 0 uniq crashes found)...[0m
[1;94m[*] [0mFuzzing test case #452 (623 total, 0 uniq crashes found)...[0m
[1;94m[*] [0mFuzzing test case #454 (623 total, 0 uniq crashes found)...[0m
[1;94m[*] [0mFuzzing test case #458 (624 total, 0 uniq crashes found)...[0m
[1;94m[*] [0mFuzzing test case #459 (624 total, 0 uniq crashes found)...[0m
[1;94m[*] [0mFuzzing test case #465 (624 total, 0 uniq crashes found)...[0m
[1;94m[*] [0mFuzzing test case #467 (624 total, 0 uniq crashes found)...[0m
[1;94m[*] [0mFuzzing test case #468 (625 total, 0 uniq crashes found)...[0m
[1;94m[*] [0mFuzzing test case #470 (625 total, 0 uniq crashes found)...[0m
[1;94m[*] [0mFuzzing test case #477 (626 total, 0 uniq crashes found)...[0m
[1;94m[*] [0mFuzzing test case #478 (626 total, 0 uniq crashes found)...[0m
[1;94m[*] [0mFuzzing test case #482 (626 total, 0 uniq crashes found)...[0m
[1;94m[*] [0mFuzzing test case #483 (626 total, 0 uniq crashes found)...[0m
[1;94m[*] [0mFuzzing test case #484 (626 total, 0 uniq crashes found)...[0m
[1;94m[*] [0mFuzzing test case #485 (626 total, 0 uniq crashes found)...[0m
[1;94m[*] [0mFuzzing test case #486 (626 total, 0 uniq crashes found)...[0m
[1;94m[*] [0mFuzzing test case #487 (633 total, 0 uniq crashes found)...[0m
[1;94m[*] [0mFuzzing test case #488 (634 total, 0 uniq crashes found)...[0m
[1;94m[*] [0mFuzzing test case #490 (635 total, 0 uniq crashes found)...[0m
[1;94m[*] [0mFuzzing test case #491 (636 total, 0 uniq crashes found)...[0m
[1;94m[*] [0mFuzzing test case #492 (637 total, 0 uniq crashes found)...[0m
[1;94m[*] [0mFuzzing test case #497 (639 total, 0 uniq crashes found)...[0m
[1;94m[*] [0mFuzzing test case #504 (639 total, 0 uniq crashes found)...[0m
[1;94m[*] [0mFuzzing test case #505 (639 total, 0 uniq crashes found)...[0m
[1;94m[*] [0mFuzzing test case #506 (640 total, 0 uniq crashes found)...[0m
[1;94m[*] [0mFuzzing test case #507 (640 total, 0 uniq crashes found)...[0m
[1;94m[*] [0mFuzzing test case #508 (641 total, 0 uniq crashes found)...[0m
[1;94m[*] [0mFuzzing test case #512 (641 total, 0 uniq crashes found)...[0m
[1;94m[*] [0mFuzzing test case #515 (641 total, 0 uniq crashes found)...[0m
[1;94m[*] [0mFuzzing test case #516 (641 total, 0 uniq crashes found)...[0m
[1;94m[*] [0mFuzzing test case #517 (641 total, 0 uniq crashes found)...[0m
[1;94m[*] [0mFuzzing test case #522 (641 total, 0 uniq crashes found)...[0m
[1;94m[*] [0mFuzzing test case #524 (641 total, 0 uniq crashes found)...[0m
[1;94m[*] [0mFuzzing test case #525 (641 total, 0 uniq crashes found)...[0m
[1;94m[*] [0mFuzzing test case #527 (642 total, 0 uniq crashes found)...[0m
[1;94m[*] [0mFuzzing test case #536 (642 total, 0 uniq crashes found)...[0m
[1;94m[*] [0mFuzzing test case #540 (642 total, 0 uniq crashes found)...[0m
[1;94m[*] [0mFuzzing test case #541 (642 total, 0 uniq crashes found)...[0m
[1;94m[*] [0mFuzzing test case #542 (642 total, 0 uniq crashes found)...[0m
[1;94m[*] [0mFuzzing test case #544 (642 total, 0 uniq crashes found)...[0m
[1;94m[*] [0mFuzzing test case #545 (642 total, 0 uniq crashes found)...[0m
[1;94m[*] [0mFuzzing test case #546 (644 total, 0 uniq crashes found)...[0m
[1;94m[*] [0mFuzzing test case #549 (649 total, 0 uniq crashes found)...[0m
[1;94m[*] [0mFuzzing test case #550 (649 total, 0 uniq crashes found)...[0m
[1;94m[*] [0mFuzzing test case #551 (651 total, 0 uniq crashes found)...[0m
[1;94m[*] [0mFuzzing test case #552 (651 total, 0 uniq crashes found)...[0m
[1;94m[*] [0mFuzzing test case #553 (651 total, 0 uniq crashes found)...[0m
[1;94m[*] [0mFuzzing test case #554 (651 total, 0 uniq crashes found)...[0m
[1;94m[*] [0mFuzzing test case #555 (652 total, 0 uniq crashes found)...[0m
[1;94m[*] [0mFuzzing test case #556 (652 total, 0 uniq crashes found)...[0m
[1;94m[*] [0mFuzzing test case #557 (652 total, 0 uniq crashes found)...[0m
[1;94m[*] [0mFuzzing test case #560 (652 total, 0 uniq crashes found)...[0m
[1;94m[*] [0mFuzzing test case #564 (652 total, 0 uniq crashes found)...[0m
[1;94m[*] [0mFuzzing test case #566 (653 total, 0 uniq crashes found)...[0m
[1;94m[*] [0mFuzzing test case #567 (653 total, 0 uniq crashes found)...[0m
[1;94m[*] [0mFuzzing test case #570 (653 total, 0 uniq crashes found)...[0m
[1;94m[*] [0mFuzzing test case #574 (654 total, 0 uniq crashes found)...[0m
[1;94m[*] [0mFuzzing test case #578 (654 total, 0 uniq crashes found)...[0m
[1;94m[*] [0mFuzzing test case #579 (654 total, 0 uniq crashes found)...[0m
[1;94m[*] [0mFuzzing test case #580 (654 total, 0 uniq crashes found)...[0m
[1;94m[*] [0mFuzzing test case #582 (654 total, 0 uniq crashes found)...[0m
[1;94m[*] [0mFuzzing test case #583 (654 total, 0 uniq crashes found)...[0m
[1;94m[*] [0mFuzzing test case #584 (655 total, 0 uniq crashes found)...[0m
[1;94m[*] [0mFuzzing test case #585 (655 total, 0 uniq crashes found)...[0m
[1;94m[*] [0mFuzzing test case #587 (655 total, 0 uniq crashes found)...[0m
[1;94m[*] [0mFuzzing test case #588 (655 total, 0 uniq crashes found)...[0m
[1;94m[*] [0mFuzzing test case #591 (655 total, 0 uniq crashes found)...[0m
[1;94m[*] [0mFuzzing test case #592 (657 total, 0 uniq crashes found)...[0m
[1;94m[*] [0mFuzzing test case #594 (657 total, 0 uniq crashes found)...[0m
[1;94m[*] [0mFuzzing test case #595 (657 total, 0 uniq crashes found)...[0m
[1;94m[*] [0mFuzzing test case #596 (657 total, 0 uniq crashes found)...[0m
[1;94m[*] [0mFuzzing test case #599 (659 total, 0 uniq crashes found)...[0m
[1;94m[*] [0mFuzzing test case #600 (666 total, 0 uniq crashes found)...[0m
[1;94m[*] [0mFuzzing test case #601 (666 total, 0 uniq crashes found)...[0m
[1;94m[*] [0mFuzzing test case #606 (666 total, 0 uniq crashes found)...[0m
[1;94m[*] [0mFuzzing test case #608 (666 total, 0 uniq crashes found)...[0m
[1;94m[*] [0mFuzzing test case #609 (666 total, 0 uniq crashes found)...[0m
[1;94m[*] [0mFuzzing test case #610 (666 total, 0 uniq crashes found)...[0m
[1;94m[*] [0mFuzzing test case #612 (666 total, 0 uniq crashes found)...[0m
[1;94m[*] [0mFuzzing test case #613 (666 total, 0 uniq crashes found)...[0m
[1;94m[*] [0mFuzzing test case #615 (667 total, 0 uniq crashes found)...[0m
[1;94m[*] [0mFuzzing test case #617 (667 total, 0 uniq crashes found)...[0m
[1;94m[*] [0mFuzzing test case #618 (668 total, 0 uniq crashes found)...[0m
[1;94m[*] [0mFuzzing test case #619 (668 total, 0 uniq crashes found)...[0m
[1;94m[*] [0mFuzzing test case #621 (669 total, 0 uniq crashes found)...[0m
[1;94m[*] [0mFuzzing test case #622 (669 total, 0 uniq crashes found)...[0m
[1;94m[*] [0mFuzzing test case #623 (669 total, 0 uniq crashes found)...[0m
[1;94m[*] [0mFuzzing test case #626 (669 total, 0 uniq crashes found)...[0m
[1;94m[*] [0mFuzzing test case #630 (669 total, 0 uniq crashes found)...[0m
[1;94m[*] [0mFuzzing test case #631 (669 total, 0 uniq crashes found)...[0m
[1;94m[*] [0mFuzzing test case #632 (670 total, 0 uniq crashes found)...[0m
[1;94m[*] [0mFuzzing test case #633 (670 total, 0 uniq crashes found)...[0m
[1;94m[*] [0mFuzzing test case #634 (670 total, 0 uniq crashes found)...[0m
[1;94m[*] [0mFuzzing test case #635 (670 total, 0 uniq crashes found)...[0m
[1;94m[*] [0mFuzzing test case #636 (670 total, 0 uniq crashes found)...[0m
[1;94m[*] [0mFuzzing test case #646 (672 total, 0 uniq crashes found)...[0m
[1;94m[*] [0mFuzzing test case #648 (673 total, 0 uniq crashes found)...[0m
[1;94m[*] [0mFuzzing test case #649 (673 total, 0 uniq crashes found)...[0m
[1;94m[*] [0mFuzzing test case #650 (673 total, 0 uniq crashes found)...[0m
[1;94m[*] [0mFuzzing test case #651 (673 total, 0 uniq crashes found)...[0m
[1;94m[*] [0mFuzzing test case #653 (673 total, 0 uniq crashes found)...[0m
[1;94m[*] [0mFuzzing test case #654 (674 total, 0 uniq crashes found)...[0m
[1;94m[*] [0mFuzzing test case #656 (674 total, 0 uniq crashes found)...[0m
[1;94m[*] [0mFuzzing test case #657 (674 total, 0 uniq crashes found)...[0m
[1;94m[*] [0mFuzzing test case #658 (674 total, 0 uniq crashes found)...[0m
[1;94m[*] [0mFuzzing test case #659 (674 total, 0 uniq crashes found)...[0m
[1;94m[*] [0mFuzzing test case #660 (674 total, 0 uniq crashes found)...[0m
[1;94m[*] [0mFuzzing test case #664 (676 total, 0 uniq crashes found)...[0m
[1;94m[*] [0mFuzzing test case #667 (676 total, 0 uniq crashes found)...[0m
[1;94m[*] [0mFuzzing test case #669 (678 total, 0 uniq crashes found)...[0m
[1;94m[*] [0mFuzzing test case #670 (678 total, 0 uniq crashes found)...[0m
[1;94m[*] [0mFuzzing test case #671 (679 total, 0 uniq crashes found)...[0m
[1;94m[*] [0mFuzzing test case #676 (683 total, 0 uniq crashes found)...[0m
[1;94m[*] [0mFuzzing test case #677 (683 total, 0 uniq crashes found)...[0m
[1;94m[*] [0mFuzzing test case #678 (683 total, 0 uniq crashes found)...[0m
[1;94m[*] [0mFuzzing test case #679 (684 total, 0 uniq crashes found)...[0m
[1;94m[*] [0mFuzzing test case #680 (684 total, 0 uniq crashes found)...[0m
[1;94m[*] [0mFuzzing test case #681 (684 total, 0 uniq crashes found)...[0m
[1;94m[*] [0mFuzzing test case #683 (685 total, 0 uniq crashes found)...[0m
[1;94m[*] [0mFuzzing test case #685 (690 total, 0 uniq crashes found)...[0m
[1;94m[*] [0mFuzzing test case #687 (697 total, 0 uniq crashes found)...[0m
[1;94m[*] [0mFuzzing test case #691 (697 total, 0 uniq crashes found)...[0m
[1;94m[*] [0mFuzzing test case #692 (700 total, 0 uniq crashes found)...[0m
[1;94m[*] [0mFuzzing test case #693 (700 total, 0 uniq crashes found)...[0m
[1;94m[*] [0mFuzzing test case #694 (701 total, 0 uniq crashes found)...[0m
[1;94m[*] [0mFuzzing test case #695 (701 total, 0 uniq crashes found)...[0m
[1;94m[*] [0mFuzzing test case #697 (701 total, 0 uniq crashes found)...[0m
[1;94m[*] [0mFuzzing test case #698 (701 total, 0 uniq crashes found)...[0m
[1;94m[*] [0mFuzzing test case #699 (701 total, 0 uniq crashes found)...[0m
[1;94m[*] [0mFuzzing test case #700 (701 total, 0 uniq crashes found)...[0m
[1;94m[*] [0mFuzzing test case #701 (702 total, 0 uniq crashes found)...[0m
[1;94m[*] [0mEntering queue cycle 2.[0m
[1;94m[*] [0mFuzzing test case #46 (702 total, 0 uniq crashes found)...[0m
[1;94m[*] [0mFuzzing test case #59 (702 total, 0 uniq crashes found)...[0m
[1;94m[*] [0mFuzzing test case #112 (702 total, 0 uniq crashes found)...[0m
[1;94m[*] [0mFuzzing test case #168 (702 total, 0 uniq crashes found)...[0m
[1;94m[*] [0mFuzzing test case #170 (702 total, 0 uniq crashes found)...[0m
[1;94m[*] [0mFuzzing test case #171 (702 total, 0 uniq crashes found)...[0m
[1;94m[*] [0mFuzzing test case #172 (702 total, 0 uniq crashes found)...[0m
[1;94m[*] [0mFuzzing test case #173 (702 total, 0 uniq crashes found)...[0m
[1;94m[*] [0mFuzzing test case #176 (702 total, 0 uniq crashes found)...[0m
[1;94m[*] [0mFuzzing test case #178 (703 total, 0 uniq crashes found)...[0m
[1;94m[*] [0mFuzzing test case #179 (703 total, 0 uniq crashes found)...[0m
[1;94m[*] [0mFuzzing test case #215 (706 total, 0 uniq crashes found)...[0m
[1;94m[*] [0mFuzzing test case #253 (706 total, 0 uniq crashes found)...[0m
[1;94m[*] [0mFuzzing test case #356 (706 total, 0 uniq crashes found)...[0m
[1;94m[*] [0mFuzzing test case #379 (706 total, 0 uniq crashes found)...[0m
[1;94m[*] [0mFuzzing test case #519 (706 total, 0 uniq crashes found)...[0m
[1;94m[*] [0mFuzzing test case #566 (706 total, 0 uniq crashes found)...[0m
[1;94m[*] [0mFuzzing test case #704 (707 total, 0 uniq crashes found)...[0m
[1;94m[*] [0mFuzzing test case #705 (707 total, 0 uniq crashes found)...[0m
[1;94m[*] [0mEntering queue cycle 3.[0m
[1;94m[*] [0mFuzzing test case #2 (707 total, 0 uniq crashes found)...[0m
[1;94m[*] [0mFuzzing test case #8 (707 total, 0 uniq crashes found)...[0m
[1;94m[*] [0mFuzzing test case #10 (707 total, 0 uniq crashes found)...[0m
[1;94m[*] [0mFuzzing test case #11 (707 total, 0 uniq crashes found)...[0m
[1;94m[*] [0mFuzzing test case #12 (707 total, 0 uniq crashes found)...[0m
[1;94m[*] [0mFuzzing test case #13 (707 total, 0 uniq crashes found)...[0m
[1;94m[*] [0mFuzzing test case #14 (707 total, 0 uniq crashes found)...[0m
[1;94m[*] [0mFuzzing test case #17 (707 total, 0 uniq crashes found)...[0m
[1;94m[*] [0mFuzzing test case #20 (707 total, 0 uniq crashes found)...[0m
[1;94m[*] [0mFuzzing test case #25 (707 total, 0 uniq crashes found)...[0m
[1;94m[*] [0mFuzzing test case #27 (707 total, 0 uniq crashes found)...[0m
[1;94m[*] [0mFuzzing test case #165 (709 total, 0 uniq crashes found)...[0m
[1;94m[*] [0mFuzzing test case #474 (709 total, 0 uniq crashes found)...[0m
[1;94m[*] [0mFuzzing test case #707 (709 total, 0 uniq crashes found)...[0m
[1;94m[*] [0mFuzzing test case #708 (710 total, 0 uniq crashes found)...[0m
[1;94m[*] [0mEntering queue cycle 4.[0m
[1;94m[*] [0mFuzzing test case #2 (710 total, 0 uniq crashes found)...[0m
[1;94m[*] [0mFuzzing test case #7 (710 total, 0 uniq crashes found)...[0m
[1;94m[*] [0mFuzzing test case #11 (710 total, 0 uniq crashes found)...[0m
[1;94m[*] [0mFuzzing test case #14 (710 total, 0 uniq crashes found)...[0m
[1;94m[*] [0mFuzzing test case #19 (710 total, 0 uniq crashes found)...[0m
[1;94m[*] [0mFuzzing test case #23 (710 total, 0 uniq crashes found)...[0m
[1;94m[*] [0mFuzzing test case #25 (710 total, 0 uniq crashes found)...[0m
[1;94m[*] [0mFuzzing test case #30 (710 total, 0 uniq crashes found)...[0m
[1;94m[*] [0mFuzzing test case #32 (710 total, 0 uniq crashes found)...[0m
[1;94m[*] [0mFuzzing test case #38 (710 total, 0 uniq crashes found)...[0m
[1;94m[*] [0mFuzzing test case #44 (710 total, 0 uniq crashes found)...[0m
[1;94m[*] [0mFuzzing test case #46 (710 total, 0 uniq crashes found)...[0m
[1;94m[*] [0mFuzzing test case #53 (710 total, 0 uniq crashes found)...[0m
[1;94m[*] [0mFuzzing test case #62 (710 total, 0 uniq crashes found)...[0m
[1;94m[*] [0mFuzzing test case #65 (710 total, 0 uniq crashes found)...[0m
[1;94m[*] [0mFuzzing test case #67 (710 total, 0 uniq crashes found)...[0m
[1;94m[*] [0mFuzzing test case #70 (710 total, 0 uniq crashes found)...[0m
[1;94m[*] [0mFuzzing test case #72 (710 total, 0 uniq crashes found)...[0m
[1;94m[*] [0mFuzzing test case #74 (710 total, 0 uniq crashes found)...[0m
[1;94m[*] [0mFuzzing test case #78 (710 total, 0 uniq crashes found)...[0m
[1;94m[*] [0mFuzzing test case #79 (710 total, 0 uniq crashes found)...[0m
[1;94m[*] [0mFuzzing test case #80 (710 total, 0 uniq crashes found)...[0m
[1;94m[*] [0mFuzzing test case #81 (710 total, 0 uniq crashes found)...[0m
[1;94m[*] [0mFuzzing test case #83 (710 total, 0 uniq crashes found)...[0m
[1;94m[*] [0mFuzzing test case #103 (710 total, 0 uniq crashes found)...[0m
[1;94m[*] [0mFuzzing test case #104 (710 total, 0 uniq crashes found)...[0m
[1;94m[*] [0mFuzzing test case #107 (710 total, 0 uniq crashes found)...[0m
[1;94m[*] [0mFuzzing test case #111 (711 total, 0 uniq crashes found)...[0m
[1;94m[*] [0mFuzzing test case #113 (711 total, 0 uniq crashes found)...[0m
[1;94m[*] [0mFuzzing test case #116 (711 total, 0 uniq crashes found)...[0m
[1;94m[*] [0mFuzzing test case #118 (711 total, 0 uniq crashes found)...[0m
[1;94m[*] [0mFuzzing test case #119 (711 total, 0 uniq crashes found)...[0m
[1;94m[*] [0mFuzzing test case #125 (711 total, 0 uniq crashes found)...[0m
[1;94m[*] [0mFuzzing test case #127 (711 total, 0 uniq crashes found)...[0m
[1;94m[*] [0mFuzzing test case #130 (711 total, 0 uniq crashes found)...[0m
[1;94m[*] [0mFuzzing test case #135 (711 total, 0 uniq crashes found)...[0m
[1;94m[*] [0mFuzzing test case #142 (711 total, 0 uniq crashes found)...[0m
[1;94m[*] [0mFuzzing test case #224 (713 total, 0 uniq crashes found)...[0m
[1;94m[*] [0mFuzzing test case #309 (713 total, 0 uniq crashes found)...[0m
[1;94m[*] [0mFuzzing test case #353 (713 total, 0 uniq crashes found)...[0m
[1;94m[*] [0mFuzzing test case #495 (713 total, 0 uniq crashes found)...[0m
[1;94m[*] [0mFuzzing test case #517 (713 total, 0 uniq crashes found)...[0m
[1;94m[*] [0mFuzzing test case #634 (713 total, 0 uniq crashes found)...[0m
[1;94m[*] [0mFuzzing test case #711 (713 total, 0 uniq crashes found)...[0m
[1;94m[*] [0mFuzzing test case #712 (714 total, 0 uniq crashes found)...[0m
[1;94m[*] [0mEntering queue cycle 5.[0m
[1;94m[*] [0mFuzzing test case #2 (714 total, 0 uniq crashes found)...[0m
[1;94m[*] [0mFuzzing test case #6 (714 total, 0 uniq crashes found)...[0m
[1;94m[*] [0mFuzzing test case #455 (716 total, 0 uniq crashes found)...[0m
[1;94m[*] [0mFuzzing test case #526 (716 total, 0 uniq crashes found)...[0m
[1;94m[*] [0mFuzzing test case #532 (716 total, 0 uniq crashes found)...[0m
[1;94m[*] [0mFuzzing test case #580 (716 total, 0 uniq crashes found)...[0m
[1;94m[*] [0mFuzzing test case #671 (716 total, 0 uniq crashes found)...[0m
[1;94m[*] [0mFuzzing test case #714 (716 total, 0 uniq crashes found)...[0m
[1;94m[*] [0mEntering queue cycle 6.[0m
[1;94m[*] [0mFuzzing test case #2 (717 total, 0 uniq crashes found)...[0m
[1;94m[*] [0mFuzzing test case #11 (719 total, 0 uniq crashes found)...[0m
[1;94m[*] [0mFuzzing test case #14 (719 total, 0 uniq crashes found)...[0m
[1;94m[*] [0mFuzzing test case #15 (719 total, 0 uniq crashes found)...[0m
[1;94m[*] [0mFuzzing test case #23 (719 total, 0 uniq crashes found)...[0m
[1;94m[*] [0mFuzzing test case #25 (719 total, 0 uniq crashes found)...[0m
[1;94m[*] [0mFuzzing test case #28 (719 total, 0 uniq crashes found)...[0m
[1;94m[*] [0mFuzzing test case #30 (719 total, 0 uniq crashes found)...[0m
[1;94m[*] [0mFuzzing test case #31 (719 total, 0 uniq crashes found)...[0m
[1;94m[*] [0mFuzzing test case #32 (719 total, 0 uniq crashes found)...[0m
[1;94m[*] [0mFuzzing test case #38 (719 total, 0 uniq crashes found)...[0m
[1;94m[*] [0mFuzzing test case #39 (719 total, 0 uniq crashes found)...[0m
[1;94m[*] [0mFuzzing test case #41 (719 total, 0 uniq crashes found)...[0m
[1;94m[*] [0mFuzzing test case #42 (719 total, 0 uniq crashes found)...[0m
[1;94m[*] [0mFuzzing test case #44 (719 total, 0 uniq crashes found)...[0m
[1;94m[*] [0mFuzzing test case #45 (719 total, 0 uniq crashes found)...[0m
[1;94m[*] [0mFuzzing test case #46 (719 total, 0 uniq crashes found)...[0m
[1;94m[*] [0mFuzzing test case #50 (719 total, 0 uniq crashes found)...[0m
[1;94m[*] [0mFuzzing test case #52 (719 total, 0 uniq crashes found)...[0m
[1;94m[*] [0mFuzzing test case #54 (719 total, 0 uniq crashes found)...[0m
[1;94m[*] [0mFuzzing test case #55 (719 total, 0 uniq crashes found)...[0m
[1;94m[*] [0mFuzzing test case #59 (719 total, 0 uniq crashes found)...[0m
[1;94m[*] [0mFuzzing test case #69 (719 total, 0 uniq crashes found)...[0m
[1;94m[*] [0mFuzzing test case #78 (719 total, 0 uniq crashes found)...[0m
[1;94m[*] [0mFuzzing test case #79 (719 total, 0 uniq crashes found)...[0m
[1;94m[*] [0mFuzzing test case #80 (720 total, 0 uniq crashes found)...[0m
[1;94m[*] [0mFuzzing test case #83 (720 total, 0 uniq crashes found)...[0m
[1;94m[*] [0mFuzzing test case #97 (720 total, 0 uniq crashes found)...[0m
[1;94m[*] [0mFuzzing test case #99 (720 total, 0 uniq crashes found)...[0m
[1;94m[*] [0mFuzzing test case #100 (720 total, 0 uniq crashes found)...[0m
[1;94m[*] [0mFuzzing test case #104 (720 total, 0 uniq crashes found)...[0m
[1;94m[*] [0mFuzzing test case #107 (720 total, 0 uniq crashes found)...[0m
[1;94m[*] [0mFuzzing test case #119 (721 total, 0 uniq crashes found)...[0m
[1;94m[*] [0mFuzzing test case #145 (721 total, 0 uniq crashes found)...[0m
[1;94m[*] [0mFuzzing test case #251 (721 total, 0 uniq crashes found)...[0m
[1;94m[*] [0mFuzzing test case #569 (721 total, 0 uniq crashes found)...[0m
[1;94m[*] [0mFuzzing test case #716 (721 total, 0 uniq crashes found)...[0m
[1;94m[*] [0mFuzzing test case #720 (721 total, 0 uniq crashes found)...[0m
[1;94m[*] [0mEntering queue cycle 7.[0m
[1;94m[*] [0mFuzzing test case #2 (721 total, 0 uniq crashes found)...[0m
[1;94m[*] [0mFuzzing test case #11 (721 total, 0 uniq crashes found)...[0m
[1;94m[*] [0mFuzzing test case #14 (721 total, 0 uniq crashes found)...[0m
[1;94m[*] [0mFuzzing test case #23 (721 total, 0 uniq crashes found)...[0m
[1;94m[*] [0mFuzzing test case #25 (721 total, 0 uniq crashes found)...[0m
[1;94m[*] [0mFuzzing test case #29 (721 total, 0 uniq crashes found)...[0m
[1;94m[*] [0mFuzzing test case #30 (721 total, 0 uniq crashes found)...[0m
[1;94m[*] [0mFuzzing test case #32 (721 total, 0 uniq crashes found)...[0m
[1;94m[*] [0mFuzzing test case #33 (721 total, 0 uniq crashes found)...[0m
[1;94m[*] [0mFuzzing test case #34 (721 total, 0 uniq crashes found)...[0m
[1;94m[*] [0mFuzzing test case #38 (721 total, 0 uniq crashes found)...[0m
[1;94m[*] [0mFuzzing test case #40 (721 total, 0 uniq crashes found)...[0m
[1;94m[*] [0mFuzzing test case #44 (721 total, 0 uniq crashes found)...[0m
[1;94m[*] [0mFuzzing test case #52 (722 total, 0 uniq crashes found)...[0m
[1;94m[*] [0mFuzzing test case #152 (722 total, 0 uniq crashes found)...[0m
[1;94m[*] [0mFuzzing test case #415 (722 total, 0 uniq crashes found)...[0m
[1;94m[*] [0mFuzzing test case #544 (722 total, 0 uniq crashes found)...[0m
[1;94m[*] [0mFuzzing test case #547 (722 total, 0 uniq crashes found)...[0m
[1;94m[*] [0mFuzzing test case #721 (722 total, 0 uniq crashes found)...[0m
[1;94m[*] [0mFuzzing test case #722 (724 total, 0 uniq crashes found)...[0m
[1;94m[*] [0mEntering queue cycle 8.[0m
[1;94m[*] [0mFuzzing test case #2 (724 total, 0 uniq crashes found)...[0m
[1;94m[*] [0mFuzzing test case #11 (724 total, 0 uniq crashes found)...[0m
[1;94m[*] [0mFuzzing test case #14 (724 total, 0 uniq crashes found)...[0m
[1;94m[*] [0mFuzzing test case #18 (724 total, 0 uniq crashes found)...[0m
[1;94m[*] [0mFuzzing test case #23 (724 total, 0 uniq crashes found)...[0m
[1;94m[*] [0mFuzzing test case #25 (724 total, 0 uniq crashes found)...[0m
[1;94m[*] [0mFuzzing test case #30 (724 total, 0 uniq crashes found)...[0m
[1;94m[*] [0mFuzzing test case #32 (724 total, 0 uniq crashes found)...[0m
[1;94m[*] [0mFuzzing test case #34 (724 total, 0 uniq crashes found)...[0m
[1;94m[*] [0mFuzzing test case #38 (724 total, 0 uniq crashes found)...[0m
[1;94m[*] [0mFuzzing test case #44 (724 total, 0 uniq crashes found)...[0m
[1;94m[*] [0mFuzzing test case #46 (724 total, 0 uniq crashes found)...[0m
[1;94m[*] [0mFuzzing test case #47 (724 total, 0 uniq crashes found)...[0m
[1;94m[*] [0mFuzzing test case #51 (724 total, 0 uniq crashes found)...[0m
[1;94m[*] [0mFuzzing test case #53 (724 total, 0 uniq crashes found)...[0m
[1;94m[*] [0mFuzzing test case #58 (724 total, 0 uniq crashes found)...[0m
[1;94m[*] [0mFuzzing test case #136 (729 total, 0 uniq crashes found)...[0m
[1;94m[*] [0mFuzzing test case #160 (729 total, 0 uniq crashes found)...[0m
[1;94m[*] [0mFuzzing test case #431 (729 total, 0 uniq crashes found)...[0m
[1;94m[*] [0mFuzzing test case #580 (729 total, 0 uniq crashes found)...[0m
[1;94m[*] [0mFuzzing test case #724 (729 total, 0 uniq crashes found)...[0m
[1;94m[*] [0mFuzzing test case #725 (729 total, 0 uniq crashes found)...[0m
[1;94m[*] [0mFuzzing test case #726 (729 total, 0 uniq crashes found)...[0m
[1;94m[*] [0mFuzzing test case #727 (729 total, 0 uniq crashes found)...[0m
[1;94m[*] [0mFuzzing test case #728 (729 total, 0 uniq crashes found)...[0m
[1;94m[*] [0mEntering queue cycle 9.[0m
[1;94m[*] [0mFuzzing test case #2 (729 total, 0 uniq crashes found)...[0m
[1;94m[*] [0mFuzzing test case #9 (729 total, 0 uniq crashes found)...[0m
[1;94m[*] [0mFuzzing test case #11 (729 total, 0 uniq crashes found)...[0m
[1;94m[*] [0mFuzzing test case #13 (729 total, 0 uniq crashes found)...[0m
[1;94m[*] [0mFuzzing test case #14 (729 total, 0 uniq crashes found)...[0m
[1;94m[*] [0mFuzzing test case #16 (729 total, 0 uniq crashes found)...[0m
[1;94m[*] [0mFuzzing test case #21 (729 total, 0 uniq crashes found)...[0m
[1;94m[*] [0mFuzzing test case #23 (729 total, 0 uniq crashes found)...[0m
[1;94m[*] [0mFuzzing test case #25 (729 total, 0 uniq crashes found)...[0m
[1;94m[*] [0mFuzzing test case #30 (729 total, 0 uniq crashes found)...[0m
[1;94m[*] [0mFuzzing test case #32 (729 total, 0 uniq crashes found)...[0m
[1;94m[*] [0mFuzzing test case #37 (729 total, 0 uniq crashes found)...[0m
[1;94m[*] [0mFuzzing test case #38 (729 total, 0 uniq crashes found)...[0m
[1;94m[*] [0mFuzzing test case #44 (729 total, 0 uniq crashes found)...[0m
[1;94m[*] [0mFuzzing test case #46 (729 total, 0 uniq crashes found)...[0m
[1;94m[*] [0mFuzzing test case #57 (729 total, 0 uniq crashes found)...[0m
[1;94m[*] [0mFuzzing test case #64 (729 total, 0 uniq crashes found)...[0m
[1;94m[*] [0mFuzzing test case #66 (729 total, 0 uniq crashes found)...[0m
[1;94m[*] [0mFuzzing test case #68 (729 total, 0 uniq crashes found)...[0m
[1;94m[*] [0mFuzzing test case #78 (729 total, 0 uniq crashes found)...[0m
[1;94m[*] [0mFuzzing test case #80 (730 total, 0 uniq crashes found)...[0m
[1;94m[*] [0mFuzzing test case #83 (730 total, 0 uniq crashes found)...[0m
[1;94m[*] [0mFuzzing test case #92 (730 total, 0 uniq crashes found)...[0m
[1;94m[*] [0mFuzzing test case #143 (731 total, 0 uniq crashes found)...[0m
[1;94m[*] [0mFuzzing test case #208 (732 total, 0 uniq crashes found)...[0m
[1;94m[*] [0mFuzzing test case #230 (732 total, 0 uniq crashes found)...[0m
[1;94m[*] [0mFuzzing test case #305 (734 total, 0 uniq crashes found)...[0m
[1;94m[*] [0mFuzzing test case #314 (734 total, 0 uniq crashes found)...[0m
[1;94m[*] [0mFuzzing test case #395 (734 total, 0 uniq crashes found)...[0m
[1;94m[*] [0mFuzzing test case #455 (734 total, 0 uniq crashes found)...[0m
[1;94m[*] [0mFuzzing test case #730 (734 total, 0 uniq crashes found)...[0m
[1;94m[*] [0mFuzzing test case #731 (734 total, 0 uniq crashes found)...[0m
[1;94m[*] [0mFuzzing test case #733 (740 total, 0 uniq crashes found)...[0m
[1;94m[*] [0mFuzzing test case #734 (740 total, 0 uniq crashes found)...[0m
[1;94m[*] [0mFuzzing test case #735 (742 total, 0 uniq crashes found)...[0m
[1;94m[*] [0mFuzzing test case #736 (744 total, 0 uniq crashes found)...[0m
[1;94m[*] [0mFuzzing test case #739 (745 total, 0 uniq crashes found)...[0m
[1;94m[*] [0mFuzzing test case #740 (748 total, 0 uniq crashes found)...[0m
[1;94m[*] [0mFuzzing test case #742 (750 total, 0 uniq crashes found)...[0m
[1;94m[*] [0mFuzzing test case #747 (757 total, 0 uniq crashes found)...[0m
[1;94m[*] [0mFuzzing test case #750 (757 total, 0 uniq crashes found)...[0m
[1;94m[*] [0mFuzzing test case #751 (759 total, 0 uniq crashes found)...[0m
[1;94m[*] [0mFuzzing test case #752 (759 total, 0 uniq crashes found)...[0m
[1;94m[*] [0mFuzzing test case #756 (762 total, 0 uniq crashes found)...[0m
[1;94m[*] [0mFuzzing test case #757 (762 total, 0 uniq crashes found)...[0m
[1;94m[*] [0mFuzzing test case #759 (763 total, 0 uniq crashes found)...[0m
[1;94m[*] [0mFuzzing test case #760 (763 total, 0 uniq crashes found)...[0m
[1;94m[*] [0mFuzzing test case #761 (763 total, 0 uniq crashes found)...[0m
[1;94m[*] [0mEntering queue cycle 10.[0m
[1;94m[*] [0mFuzzing test case #1 (763 total, 0 uniq crashes found)...[0m
[1;94m[*] [0mFuzzing test case #2 (764 total, 0 uniq crashes found)...[0m
[1;94m[*] [0mFuzzing test case #11 (764 total, 0 uniq crashes found)...[0m
[1;94m[*] [0mFuzzing test case #14 (764 total, 0 uniq crashes found)...[0m
[1;94m[*] [0mFuzzing test case #23 (764 total, 0 uniq crashes found)...[0m
[1;94m[*] [0mFuzzing test case #24 (764 total, 0 uniq crashes found)...[0m
[1;94m[*] [0mFuzzing test case #25 (764 total, 0 uniq crashes found)...[0m
[1;94m[*] [0mFuzzing test case #32 (764 total, 0 uniq crashes found)...[0m
[1;94m[*] [0mFuzzing test case #37 (764 total, 0 uniq crashes found)...[0m
[1;94m[*] [0mFuzzing test case #38 (764 total, 0 uniq crashes found)...[0m
[1;94m[*] [0mFuzzing test case #44 (764 total, 0 uniq crashes found)...[0m
[1;94m[*] [0mFuzzing test case #46 (764 total, 0 uniq crashes found)...[0m
[1;94m[*] [0mFuzzing test case #67 (764 total, 0 uniq crashes found)...[0m
[1;94m[*] [0mFuzzing test case #77 (765 total, 0 uniq crashes found)...[0m
[1;94m[*] [0mFuzzing test case #78 (765 total, 0 uniq crashes found)...[0m
[1;94m[*] [0mFuzzing test case #80 (765 total, 0 uniq crashes found)...[0m
[1;94m[*] [0mFuzzing test case #82 (765 total, 0 uniq crashes found)...[0m
[1;94m[*] [0mFuzzing test case #83 (765 total, 0 uniq crashes found)...[0m
[1;94m[*] [0mFuzzing test case #85 (765 total, 0 uniq crashes found)...[0m
[1;94m[*] [0mFuzzing test case #90 (765 total, 0 uniq crashes found)...[0m
[1;94m[*] [0mFuzzing test case #93 (765 total, 0 uniq crashes found)...[0m
[1;94m[*] [0mFuzzing test case #97 (765 total, 0 uniq crashes found)...[0m
[1;94m[*] [0mFuzzing test case #104 (765 total, 0 uniq crashes found)...[0m
[1;94m[*] [0mFuzzing test case #106 (765 total, 0 uniq crashes found)...[0m
[1;94m[*] [0mFuzzing test case #107 (765 total, 0 uniq crashes found)...[0m
[1;94m[*] [0mFuzzing test case #108 (765 total, 0 uniq crashes found)...[0m
[1;94m[*] [0mFuzzing test case #113 (765 total, 0 uniq crashes found)...[0m
[1;94m[*] [0mFuzzing test case #115 (765 total, 0 uniq crashes found)...[0m
[1;94m[*] [0mFuzzing test case #119 (765 total, 0 uniq crashes found)...[0m
[1;94m[*] [0mFuzzing test case #123 (765 total, 0 uniq crashes found)...[0m
[1;94m[*] [0mFuzzing test case #125 (765 total, 0 uniq crashes found)...[0m
[1;94m[*] [0mFuzzing test case #126 (765 total, 0 uniq crashes found)...[0m
[1;94m[*] [0mFuzzing test case #129 (765 total, 0 uniq crashes found)...[0m
[1;94m[*] [0mFuzzing test case #134 (765 total, 0 uniq crashes found)...[0m
[1;94m[*] [0mFuzzing test case #137 (765 total, 0 uniq crashes found)...[0m
[1;94m[*] [0mFuzzing test case #142 (765 total, 0 uniq crashes found)...[0m
[1;94m[*] [0mFuzzing test case #144 (765 total, 0 uniq crashes found)...[0m
[1;94m[*] [0mFuzzing test case #146 (765 total, 0 uniq crashes found)...[0m
[1;94m[*] [0mFuzzing test case #161 (765 total, 0 uniq crashes found)...[0m
[1;94m[*] [0mFuzzing test case #167 (765 total, 0 uniq crashes found)...[0m
[1;94m[*] [0mFuzzing test case #168 (765 total, 0 uniq crashes found)...[0m
[1;94m[*] [0mFuzzing test case #170 (765 total, 0 uniq crashes found)...[0m
[1;94m[*] [0mFuzzing test case #172 (766 total, 0 uniq crashes found)...[0m
[1;94m[*] [0mFuzzing test case #176 (766 total, 0 uniq crashes found)...[0m
[1;94m[*] [0mFuzzing test case #178 (766 total, 0 uniq crashes found)...[0m
[1;94m[*] [0mFuzzing test case #182 (766 total, 0 uniq crashes found)...[0m
[1;94m[*] [0mFuzzing test case #183 (766 total, 0 uniq crashes found)...[0m
[1;94m[*] [0mFuzzing test case #185 (766 total, 0 uniq crashes found)...[0m
[1;94m[*] [0mFuzzing test case #193 (766 total, 0 uniq crashes found)...[0m
[1;94m[*] [0mFuzzing test case #194 (766 total, 0 uniq crashes found)...[0m
[1;94m[*] [0mFuzzing test case #198 (766 total, 0 uniq crashes found)...[0m
[1;94m[*] [0mFuzzing test case #199 (766 total, 0 uniq crashes found)...[0m
[1;94m[*] [0mFuzzing test case #203 (766 total, 0 uniq crashes found)...[0m
[1;94m[*] [0mFuzzing test case #207 (766 total, 0 uniq crashes found)...[0m
[1;94m[*] [0mFuzzing test case #208 (766 total, 0 uniq crashes found)...[0m
[1;94m[*] [0mFuzzing test case #209 (766 total, 0 uniq crashes found)...[0m
[1;94m[*] [0mFuzzing test case #211 (766 total, 0 uniq crashes found)...[0m
[1;94m[*] [0mFuzzing test case #212 (766 total, 0 uniq crashes found)...[0m
[1;94m[*] [0mFuzzing test case #213 (766 total, 0 uniq crashes found)...[0m
[1;94m[*] [0mFuzzing test case #215 (766 total, 0 uniq crashes found)...[0m
[1;94m[*] [0mFuzzing test case #428 (767 total, 0 uniq crashes found)...[0m
[1;94m[*] [0mFuzzing test case #766 (767 total, 0 uniq crashes found)...[0m
[1;94m[*] [0mEntering queue cycle 11.[0m
[1;94m[*] [0mFuzzing test case #2 (767 total, 0 uniq crashes found)...[0m
[1;94m[*] [0mFuzzing test case #4 (767 total, 0 uniq crashes found)...[0m
[1;94m[*] [0mFuzzing test case #6 (767 total, 0 uniq crashes found)...[0m
[1;94m[*] [0mFuzzing test case #11 (767 total, 0 uniq crashes found)...[0m
[1;94m[*] [0mFuzzing test case #14 (767 total, 0 uniq crashes found)...[0m
[1;94m[*] [0mFuzzing test case #23 (767 total, 0 uniq crashes found)...[0m
[1;94m[*] [0mFuzzing test case #25 (767 total, 0 uniq crashes found)...[0m
[1;94m[*] [0mFuzzing test case #26 (767 total, 0 uniq crashes found)...[0m
[1;94m[*] [0mFuzzing test case #32 (767 total, 0 uniq crashes found)...[0m
[1;94m[*] [0mFuzzing test case #36 (767 total, 0 uniq crashes found)...[0m
[1;94m[*] [0mFuzzing test case #38 (767 total, 0 uniq crashes found)...[0m
[1;94m[*] [0mFuzzing test case #44 (767 total, 0 uniq crashes found)...[0m
[1;94m[*] [0mFuzzing test case #46 (767 total, 0 uniq crashes found)...[0m
[1;94m[*] [0mFuzzing test case #50 (767 total, 0 uniq crashes found)...[0m
[1;94m[*] [0mFuzzing test case #56 (767 total, 0 uniq crashes found)...[0m
[1;94m[*] [0mFuzzing test case #62 (767 total, 0 uniq crashes found)...[0m
[1;94m[*] [0mFuzzing test case #70 (767 total, 0 uniq crashes found)...[0m
[1;94m[*] [0mFuzzing test case #76 (767 total, 0 uniq crashes found)...[0m
[1;94m[*] [0mFuzzing test case #78 (767 total, 0 uniq crashes found)...[0m
[1;94m[*] [0mFuzzing test case #80 (767 total, 0 uniq crashes found)...[0m
[1;94m[*] [0mFuzzing test case #83 (767 total, 0 uniq crashes found)...[0m
[1;94m[*] [0mFuzzing test case #87 (767 total, 0 uniq crashes found)...[0m
[1;94m[*] [0mFuzzing test case #91 (768 total, 0 uniq crashes found)...[0m
[1;94m[*] [0mFuzzing test case #96 (768 total, 0 uniq crashes found)...[0m
[1;94m[*] [0mFuzzing test case #98 (768 total, 0 uniq crashes found)...[0m
[1;94m[*] [0mFuzzing test case #104 (769 total, 0 uniq crashes found)...[0m
[1;94m[*] [0mFuzzing test case #107 (769 total, 0 uniq crashes found)...[0m
[1;94m[*] [0mFuzzing test case #112 (769 total, 0 uniq crashes found)...[0m
[1;94m[*] [0mFuzzing test case #113 (769 total, 0 uniq crashes found)...[0m
[1;94m[*] [0mFuzzing test case #119 (769 total, 0 uniq crashes found)...[0m
[1;94m[*] [0mFuzzing test case #122 (769 total, 0 uniq crashes found)...[0m
[1;94m[*] [0mFuzzing test case #125 (769 total, 0 uniq crashes found)...[0m
[1;94m[*] [0mFuzzing test case #131 (769 total, 0 uniq crashes found)...[0m
[1;94m[*] [0mFuzzing test case #138 (769 total, 0 uniq crashes found)...[0m
[1;94m[*] [0mFuzzing test case #140 (769 total, 0 uniq crashes found)...[0m
[1;94m[*] [0mFuzzing test case #142 (769 total, 0 uniq crashes found)...[0m
[1;94m[*] [0mFuzzing test case #148 (769 total, 0 uniq crashes found)...[0m
[1;94m[*] [0mFuzzing test case #153 (769 total, 0 uniq crashes found)...[0m
[1;94m[*] [0mFuzzing test case #161 (769 total, 0 uniq crashes found)...[0m
[1;94m[*] [0mFuzzing test case #166 (769 total, 0 uniq crashes found)...[0m
[1;94m[*] [0mFuzzing test case #167 (769 total, 0 uniq crashes found)...[0m
[1;94m[*] [0mFuzzing test case #170 (769 total, 0 uniq crashes found)...[0m
[1;94m[*] [0mFuzzing test case #172 (769 total, 0 uniq crashes found)...[0m
[1;94m[*] [0mFuzzing test case #174 (769 total, 0 uniq crashes found)...[0m
[1;94m[*] [0mFuzzing test case #176 (769 total, 0 uniq crashes found)...[0m
[1;94m[*] [0mFuzzing test case #177 (769 total, 0 uniq crashes found)...[0m
[1;94m[*] [0mFuzzing test case #178 (769 total, 0 uniq crashes found)...[0m
[1;94m[*] [0mFuzzing test case #182 (769 total, 0 uniq crashes found)...[0m
[1;94m[*] [0mFuzzing test case #183 (769 total, 0 uniq crashes found)...[0m
[1;94m[*] [0mFuzzing test case #184 (769 total, 0 uniq crashes found)...[0m
[1;94m[*] [0mFuzzing test case #186 (769 total, 0 uniq crashes found)...[0m
[1;94m[*] [0mFuzzing test case #188 (769 total, 0 uniq crashes found)...[0m
[1;94m[*] [0mFuzzing test case #193 (769 total, 0 uniq crashes found)...[0m
[1;94m[*] [0mFuzzing test case #194 (769 total, 0 uniq crashes found)...[0m
[1;94m[*] [0mFuzzing test case #198 (769 total, 0 uniq crashes found)...[0m
[1;94m[*] [0mFuzzing test case #203 (769 total, 0 uniq crashes found)...[0m
[1;94m[*] [0mFuzzing test case #208 (769 total, 0 uniq crashes found)...[0m
[1;94m[*] [0mFuzzing test case #211 (769 total, 0 uniq crashes found)...[0m
[1;94m[*] [0mFuzzing test case #212 (769 total, 0 uniq crashes found)...[0m
[1;94m[*] [0mFuzzing test case #215 (769 total, 0 uniq crashes found)...[0m
[1;94m[*] [0mFuzzing test case #217 (769 total, 0 uniq crashes found)...[0m
[1;94m[*] [0mFuzzing test case #218 (770 total, 0 uniq crashes found)...[0m
[1;94m[*] [0mFuzzing test case #219 (770 total, 0 uniq crashes found)...[0m
[1;94m[*] [0mFuzzing test case #220 (770 total, 0 uniq crashes found)...[0m
[1;94m[*] [0mFuzzing test case #225 (770 total, 0 uniq crashes found)...[0m
[1;94m[*] [0mFuzzing test case #227 (770 total, 0 uniq crashes found)...[0m
[1;94m[*] [0mFuzzing test case #234 (770 total, 0 uniq crashes found)...[0m
[1;94m[*] [0mFuzzing test case #237 (770 total, 0 uniq crashes found)...[0m
[1;94m[*] [0mFuzzing test case #239 (770 total, 0 uniq crashes found)...[0m
[1;94m[*] [0mFuzzing test case #240 (770 total, 0 uniq crashes found)...[0m
[1;94m[*] [0mFuzzing test case #245 (770 total, 0 uniq crashes found)...[0m
[1;94m[*] [0mFuzzing test case #246 (770 total, 0 uniq crashes found)...[0m
[1;94m[*] [0mFuzzing test case #247 (770 total, 0 uniq crashes found)...[0m
[1;94m[*] [0mFuzzing test case #253 (771 total, 0 uniq crashes found)...[0m
[1;94m[*] [0mFuzzing test case #256 (771 total, 0 uniq crashes found)...[0m
[1;94m[*] [0mFuzzing test case #258 (771 total, 0 uniq crashes found)...[0m
[1;94m[*] [0mFuzzing test case #262 (771 total, 0 uniq crashes found)...[0m
[1;94m[*] [0mFuzzing test case #265 (771 total, 0 uniq crashes found)...[0m
[1;94m[*] [0mFuzzing test case #266 (771 total, 0 uniq crashes found)...[0m
[1;94m[*] [0mFuzzing test case #269 (771 total, 0 uniq crashes found)...[0m
[1;94m[*] [0mFuzzing test case #271 (771 total, 0 uniq crashes found)...[0m
[1;94m[*] [0mFuzzing test case #273 (771 total, 0 uniq crashes found)...[0m
[1;94m[*] [0mFuzzing test case #275 (771 total, 0 uniq crashes found)...[0m
[1;94m[*] [0mFuzzing test case #279 (771 total, 0 uniq crashes found)...[0m
[1;94m[*] [0mFuzzing test case #281 (771 total, 0 uniq crashes found)...[0m
[1;94m[*] [0mFuzzing test case #283 (771 total, 0 uniq crashes found)...[0m
[1;94m[*] [0mFuzzing test case #285 (771 total, 0 uniq crashes found)...[0m
[1;94m[*] [0mFuzzing test case #287 (771 total, 0 uniq crashes found)...[0m
[1;94m[*] [0mFuzzing test case #292 (771 total, 0 uniq crashes found)...[0m
[1;94m[*] [0mFuzzing test case #294 (771 total, 0 uniq crashes found)...[0m
[1;94m[*] [0mFuzzing test case #300 (771 total, 0 uniq crashes found)...[0m
[1;94m[*] [0mFuzzing test case #302 (771 total, 0 uniq crashes found)...[0m
[1;94m[*] [0mFuzzing test case #305 (771 total, 0 uniq crashes found)...[0m
[1;94m[*] [0mFuzzing test case #306 (771 total, 0 uniq crashes found)...[0m
[1;94m[*] [0mFuzzing test case #307 (771 total, 0 uniq crashes found)...[0m
[1;94m[*] [0mFuzzing test case #309 (771 total, 0 uniq crashes found)...[0m
[1;94m[*] [0mFuzzing test case #313 (771 total, 0 uniq crashes found)...[0m
[1;94m[*] [0mFuzzing test case #320 (771 total, 0 uniq crashes found)...[0m
[1;94m[*] [0mFuzzing test case #321 (771 total, 0 uniq crashes found)...[0m
[1;94m[*] [0mFuzzing test case #326 (772 total, 0 uniq crashes found)...[0m
[1;94m[*] [0mFuzzing test case #328 (772 total, 0 uniq crashes found)...[0m
[1;94m[*] [0mFuzzing test case #329 (772 total, 0 uniq crashes found)...[0m
[1;94m[*] [0mFuzzing test case #335 (772 total, 0 uniq crashes found)...[0m
[1;94m[*] [0mFuzzing test case #344 (773 total, 0 uniq crashes found)...[0m
[1;94m[*] [0mFuzzing test case #447 (773 total, 0 uniq crashes found)...[0m
[1;94m[*] [0mFuzzing test case #470 (773 total, 0 uniq crashes found)...[0m
[1;94m[*] [0mFuzzing test case #564 (773 total, 0 uniq crashes found)...[0m
[1;94m[*] [0mFuzzing test case #579 (773 total, 0 uniq crashes found)...[0m
[1;94m[*] [0mFuzzing test case #632 (773 total, 0 uniq crashes found)...[0m
[1;94m[*] [0mFuzzing test case #738 (773 total, 0 uniq crashes found)...[0m
[1;94m[*] [0mFuzzing test case #772 (773 total, 0 uniq crashes found)...[0m
[1;94m[*] [0mEntering queue cycle 12.[0m
[1;94m[*] [0mFuzzing test case #2 (773 total, 0 uniq crashes found)...[0m
[1;94m[*] [0mFuzzing test case #5 (773 total, 0 uniq crashes found)...[0m
[1;94m[*] [0mFuzzing test case #11 (773 total, 0 uniq crashes found)...[0m
[1;94m[*] [0mFuzzing test case #14 (773 total, 0 uniq crashes found)...[0m
[1;94m[*] [0mFuzzing test case #23 (773 total, 0 uniq crashes found)...[0m
[1;94m[*] [0mFuzzing test case #25 (773 total, 0 uniq crashes found)...[0m
[1;94m[*] [0mFuzzing test case #32 (773 total, 0 uniq crashes found)...[0m
[1;94m[*] [0mFuzzing test case #38 (773 total, 0 uniq crashes found)...[0m
[1;94m[*] [0mFuzzing test case #44 (773 total, 0 uniq crashes found)...[0m
[1;94m[*] [0mFuzzing test case #46 (773 total, 0 uniq crashes found)...[0m
[1;94m[*] [0mFuzzing test case #48 (773 total, 0 uniq crashes found)...[0m
[1;94m[*] [0mFuzzing test case #58 (773 total, 0 uniq crashes found)...[0m
[1;94m[*] [0mFuzzing test case #61 (773 total, 0 uniq crashes found)...[0m
[1;94m[*] [0mFuzzing test case #75 (773 total, 0 uniq crashes found)...[0m
[1;94m[*] [0mFuzzing test case #155 (774 total, 0 uniq crashes found)...[0m
[1;94m[*] [0mFuzzing test case #260 (774 total, 0 uniq crashes found)...[0m
[1;94m[*] [0mFuzzing test case #301 (775 total, 0 uniq crashes found)...[0m
[1;94m[*] [0mFuzzing test case #419 (775 total, 0 uniq crashes found)...[0m
[1;94m[*] [0mFuzzing test case #571 (775 total, 0 uniq crashes found)...[0m
[1;94m[*] [0mFuzzing test case #594 (775 total, 0 uniq crashes found)...[0m
[1;94m[*] [0mFuzzing test case #658 (775 total, 0 uniq crashes found)...[0m
[1;94m[*] [0mFuzzing test case #752 (775 total, 0 uniq crashes found)...[0m
[1;94m[*] [0mFuzzing test case #773 (775 total, 0 uniq crashes found)...[0m
[1;94m[*] [0mFuzzing test case #774 (777 total, 0 uniq crashes found)...[0m
[1;94m[*] [0mEntering queue cycle 13.[0m
[1;94m[*] [0mFuzzing test case #2 (777 total, 0 uniq crashes found)...[0m
[1;94m[*] [0mFuzzing test case #11 (777 total, 0 uniq crashes found)...[0m
[1;94m[*] [0mFuzzing test case #14 (777 total, 0 uniq crashes found)...[0m
[1;94m[*] [0mFuzzing test case #23 (777 total, 0 uniq crashes found)...[0m
[1;94m[*] [0mFuzzing test case #25 (777 total, 0 uniq crashes found)...[0m
[1;94m[*] [0mFuzzing test case #32 (777 total, 0 uniq crashes found)...[0m
[1;94m[*] [0mFuzzing test case #37 (777 total, 0 uniq crashes found)...[0m
[1;94m[*] [0mFuzzing test case #38 (777 total, 0 uniq crashes found)...[0m
[1;94m[*] [0mFuzzing test case #44 (777 total, 0 uniq crashes found)...[0m
[1;94m[*] [0mFuzzing test case #46 (777 total, 0 uniq crashes found)...[0m
[1;94m[*] [0mFuzzing test case #52 (777 total, 0 uniq crashes found)...[0m
[1;94m[*] [0mFuzzing test case #71 (777 total, 0 uniq crashes found)...[0m
[1;94m[*] [0mFuzzing test case #78 (777 total, 0 uniq crashes found)...[0m
[1;94m[*] [0mFuzzing test case #80 (777 total, 0 uniq crashes found)...[0m
[1;94m[*] [0mFuzzing test case #159 (778 total, 0 uniq crashes found)...[0m
[1;94m[*] [0mFuzzing test case #262 (778 total, 0 uniq crashes found)...[0m
[1;94m[*] [0mFuzzing test case #495 (778 total, 0 uniq crashes found)...[0m
[1;94m[*] [0mFuzzing test case #630 (778 total, 0 uniq crashes found)...[0m
[1;94m[*] [0mFuzzing test case #645 (779 total, 0 uniq crashes found)...[0m
[1;94m[*] [0mFuzzing test case #777 (779 total, 0 uniq crashes found)...[0m
[1;94m[*] [0mFuzzing test case #779 (781 total, 0 uniq crashes found)...[0m
[1;94m[*] [0mFuzzing test case #781 (783 total, 0 uniq crashes found)...[0m
[1;94m[*] [0mFuzzing test case #782 (784 total, 0 uniq crashes found)...[0m
[1;94m[*] [0mFuzzing test case #783 (785 total, 0 uniq crashes found)...[0m
[1;94m[*] [0mFuzzing test case #784 (788 total, 0 uniq crashes found)...[0m
[1;94m[*] [0mFuzzing test case #786 (792 total, 0 uniq crashes found)...[0m
[1;94m[*] [0mFuzzing test case #787 (792 total, 0 uniq crashes found)...[0m
[1;94m[*] [0mFuzzing test case #792 (793 total, 0 uniq crashes found)...[0m
[1;94m[*] [0mEntering queue cycle 14.[0m
[1;94m[*] [0mFuzzing test case #2 (793 total, 0 uniq crashes found)...[0m
[1;94m[*] [0mFuzzing test case #11 (793 total, 0 uniq crashes found)...[0m
[1;94m[*] [0mFuzzing test case #14 (793 total, 0 uniq crashes found)...[0m
[1;94m[*] [0mFuzzing test case #23 (793 total, 0 uniq crashes found)...[0m
[1;94m[*] [0mFuzzing test case #25 (793 total, 0 uniq crashes found)...[0m
[1;94m[*] [0mFuzzing test case #32 (793 total, 0 uniq crashes found)...[0m
[1;94m[*] [0mFuzzing test case #38 (793 total, 0 uniq crashes found)...[0m
[1;94m[*] [0mFuzzing test case #44 (793 total, 0 uniq crashes found)...[0m
[1;94m[*] [0mFuzzing test case #46 (793 total, 0 uniq crashes found)...[0m
[1;94m[*] [0mFuzzing test case #52 (793 total, 0 uniq crashes found)...[0m
[1;94m[*] [0mFuzzing test case #60 (793 total, 0 uniq crashes found)...[0m
[1;94m[*] [0mFuzzing test case #73 (793 total, 0 uniq crashes found)...[0m
[1;94m[*] [0mFuzzing test case #75 (793 total, 0 uniq crashes found)...[0m
[1;94m[*] [0mFuzzing test case #119 (795 total, 0 uniq crashes found)...[0m
[1;94m[*] [0mFuzzing test case #178 (795 total, 0 uniq crashes found)...[0m
[1;94m[*] [0mFuzzing test case #207 (795 total, 0 uniq crashes found)...[0m
[1;94m[*] [0mFuzzing test case #229 (795 total, 0 uniq crashes found)...[0m
[1;94m[*] [0mFuzzing test case #281 (795 total, 0 uniq crashes found)...[0m
[1;94m[*] [0mFuzzing test case #437 (795 total, 0 uniq crashes found)...[0m
[1;94m[*] [0mFuzzing test case #453 (795 total, 0 uniq crashes found)...[0m
[1;94m[*] [0mFuzzing test case #498 (795 total, 0 uniq crashes found)...[0m
[1;94m[*] [0mFuzzing test case #557 (800 total, 0 uniq crashes found)...[0m
[1;94m[*] [0mFuzzing test case #759 (800 total, 0 uniq crashes found)...[0m
[1;94m[*] [0mFuzzing test case #793 (800 total, 0 uniq crashes found)...[0m
[1;94m[*] [0mFuzzing test case #794 (800 total, 0 uniq crashes found)...[0m
[1;94m[*] [0mFuzzing test case #795 (800 total, 0 uniq crashes found)...[0m
[1;94m[*] [0mFuzzing test case #796 (800 total, 0 uniq crashes found)...[0m
[1;94m[*] [0mEntering queue cycle 15.[0m
[1;94m[*] [0mFuzzing test case #2 (800 total, 0 uniq crashes found)...[0m
[1;94m[*] [0mFuzzing test case #7 (800 total, 0 uniq crashes found)...[0m
[1;94m[*] [0mFuzzing test case #11 (800 total, 0 uniq crashes found)...[0m
[1;94m[*] [0mFuzzing test case #14 (800 total, 0 uniq crashes found)...[0m
[1;94m[*] [0mFuzzing test case #18 (800 total, 0 uniq crashes found)...[0m
[1;94m[*] [0mFuzzing test case #22 (800 total, 0 uniq crashes found)...[0m
[1;94m[*] [0mFuzzing test case #23 (800 total, 0 uniq crashes found)...[0m
[1;94m[*] [0mFuzzing test case #25 (800 total, 0 uniq crashes found)...[0m
[1;94m[*] [0mFuzzing test case #32 (800 total, 0 uniq crashes found)...[0m
[1;94m[*] [0mFuzzing test case #38 (800 total, 0 uniq crashes found)...[0m
[1;94m[*] [0mFuzzing test case #39 (800 total, 0 uniq crashes found)...[0m
[1;94m[*] [0mFuzzing test case #44 (800 total, 0 uniq crashes found)...[0m
[1;94m[*] [0mFuzzing test case #46 (800 total, 0 uniq crashes found)...[0m
[1;94m[*] [0mFuzzing test case #47 (800 total, 0 uniq crashes found)...[0m
[1;94m[*] [0mFuzzing test case #63 (800 total, 0 uniq crashes found)...[0m
[1;94m[*] [0mFuzzing test case #71 (800 total, 0 uniq crashes found)...[0m
[1;94m[*] [0mFuzzing test case #78 (800 total, 0 uniq crashes found)...[0m
[1;94m[*] [0mFuzzing test case #80 (800 total, 0 uniq crashes found)...[0m
[1;94m[*] [0mFuzzing test case #83 (800 total, 0 uniq crashes found)...[0m
[1;94m[*] [0mFuzzing test case #84 (800 total, 0 uniq crashes found)...[0m
[1;94m[*] [0mFuzzing test case #90 (800 total, 0 uniq crashes found)...[0m
[1;94m[*] [0mFuzzing test case #98 (800 total, 0 uniq crashes found)...[0m
[1;94m[*] [0mFuzzing test case #101 (800 total, 0 uniq crashes found)...[0m
[1;94m[*] [0mFuzzing test case #104 (800 total, 0 uniq crashes found)...[0m
[1;94m[*] [0mFuzzing test case #107 (800 total, 0 uniq crashes found)...[0m
[1;94m[*] [0mFuzzing test case #108 (800 total, 0 uniq crashes found)...[0m
[1;94m[*] [0mFuzzing test case #109 (800 total, 0 uniq crashes found)...[0m
[1;94m[*] [0mFuzzing test case #110 (800 total, 0 uniq crashes found)...[0m
[1;94m[*] [0mFuzzing test case #113 (800 total, 0 uniq crashes found)...[0m
[1;94m[*] [0mFuzzing test case #117 (800 total, 0 uniq crashes found)...[0m
[1;94m[*] [0mFuzzing test case #119 (800 total, 0 uniq crashes found)...[0m
[1;94m[*] [0mFuzzing test case #125 (800 total, 0 uniq crashes found)...[0m
[1;94m[*] [0mFuzzing test case #127 (800 total, 0 uniq crashes found)...[0m
[1;94m[*] [0mFuzzing test case #142 (800 total, 0 uniq crashes found)...[0m
[1;94m[*] [0mFuzzing test case #151 (800 total, 0 uniq crashes found)...[0m
[1;94m[*] [0mFuzzing test case #157 (800 total, 0 uniq crashes found)...[0m
[1;94m[*] [0mFuzzing test case #158 (800 total, 0 uniq crashes found)...[0m
[1;94m[*] [0mFuzzing test case #164 (800 total, 0 uniq crashes found)...[0m
[1;94m[*] [0mFuzzing test case #167 (800 total, 0 uniq crashes found)...[0m
[1;94m[*] [0mFuzzing test case #168 (800 total, 0 uniq crashes found)...[0m
[1;94m[*] [0mFuzzing test case #170 (800 total, 0 uniq crashes found)...[0m
[1;94m[*] [0mFuzzing test case #172 (800 total, 0 uniq crashes found)...[0m
[1;94m[*] [0mFuzzing test case #176 (800 total, 0 uniq crashes found)...[0m
[1;94m[*] [0mFuzzing test case #178 (800 total, 0 uniq crashes found)...[0m
[1;94m[*] [0mFuzzing test case #179 (800 total, 0 uniq crashes found)...[0m
[1;94m[*] [0mFuzzing test case #182 (800 total, 0 uniq crashes found)...[0m
[1;94m[*] [0mFuzzing test case #183 (800 total, 0 uniq crashes found)...[0m
[1;94m[*] [0mFuzzing test case #193 (800 total, 0 uniq crashes found)...[0m
[1;94m[*] [0mFuzzing test case #194 (800 total, 0 uniq crashes found)...[0m
[1;94m[*] [0mFuzzing test case #195 (800 total, 0 uniq crashes found)...[0m
[1;94m[*] [0mFuzzing test case #198 (800 total, 0 uniq crashes found)...[0m
[1;94m[*] [0mFuzzing test case #203 (800 total, 0 uniq crashes found)...[0m
[1;94m[*] [0mFuzzing test case #208 (800 total, 0 uniq crashes found)...[0m
[1;94m[*] [0mFuzzing test case #211 (800 total, 0 uniq crashes found)...[0m
[1;94m[*] [0mFuzzing test case #212 (800 total, 0 uniq crashes found)...[0m
[1;94m[*] [0mFuzzing test case #215 (800 total, 0 uniq crashes found)...[0m
[1;94m[*] [0mFuzzing test case #220 (800 total, 0 uniq crashes found)...[0m
[1;94m[*] [0mFuzzing test case #222 (800 total, 0 uniq crashes found)...[0m
[1;94m[*] [0mFuzzing test case #225 (800 total, 0 uniq crashes found)...[0m
[1;94m[*] [0mFuzzing test case #227 (800 total, 0 uniq crashes found)...[0m
[1;94m[*] [0mFuzzing test case #234 (800 total, 0 uniq crashes found)...[0m
[1;94m[*] [0mFuzzing test case #235 (800 total, 0 uniq crashes found)...[0m
[1;94m[*] [0mFuzzing test case #237 (800 total, 0 uniq crashes found)...[0m
[1;94m[*] [0mFuzzing test case #240 (800 total, 0 uniq crashes found)...[0m
[1;94m[*] [0mFuzzing test case #246 (800 total, 0 uniq crashes found)...[0m
[1;94m[*] [0mFuzzing test case #252 (800 total, 0 uniq crashes found)...[0m
[1;94m[*] [0mFuzzing test case #253 (800 total, 0 uniq crashes found)...[0m
[1;94m[*] [0mFuzzing test case #255 (800 total, 0 uniq crashes found)...[0m
[1;94m[*] [0mFuzzing test case #256 (800 total, 0 uniq crashes found)...[0m
[1;94m[*] [0mFuzzing test case #259 (800 total, 0 uniq crashes found)...[0m
[1;94m[*] [0mFuzzing test case #262 (800 total, 0 uniq crashes found)...[0m
[1;94m[*] [0mFuzzing test case #264 (800 total, 0 uniq crashes found)...[0m
[1;94m[*] [0mFuzzing test case #266 (800 total, 0 uniq crashes found)...[0m
[1;94m[*] [0mFuzzing test case #267 (800 total, 0 uniq crashes found)...[0m
[1;94m[*] [0mFuzzing test case #269 (800 total, 0 uniq crashes found)...[0m
[1;94m[*] [0mFuzzing test case #270 (800 total, 0 uniq crashes found)...[0m
[1;94m[*] [0mFuzzing test case #273 (800 total, 0 uniq crashes found)...[0m
[1;94m[*] [0mFuzzing test case #275 (800 total, 0 uniq crashes found)...[0m
[1;94m[*] [0mFuzzing test case #277 (800 total, 0 uniq crashes found)...[0m
[1;94m[*] [0mFuzzing test case #279 (800 total, 0 uniq crashes found)...[0m
[1;94m[*] [0mFuzzing test case #280 (800 total, 0 uniq crashes found)...[0m
[1;94m[*] [0mFuzzing test case #281 (800 total, 0 uniq crashes found)...[0m
[1;94m[*] [0mFuzzing test case #283 (801 total, 0 uniq crashes found)...[0m
[1;94m[*] [0mFuzzing test case #285 (801 total, 0 uniq crashes found)...[0m
[1;94m[*] [0mFuzzing test case #289 (801 total, 0 uniq crashes found)...[0m
[1;94m[*] [0mFuzzing test case #290 (801 total, 0 uniq crashes found)...[0m
[1;94m[*] [0mFuzzing test case #296 (801 total, 0 uniq crashes found)...[0m
[1;94m[*] [0mFuzzing test case #297 (801 total, 0 uniq crashes found)...[0m
[1;94m[*] [0mFuzzing test case #305 (801 total, 0 uniq crashes found)...[0m
[1;94m[*] [0mFuzzing test case #306 (801 total, 0 uniq crashes found)...[0m
[1;94m[*] [0mFuzzing test case #309 (801 total, 0 uniq crashes found)...[0m
[1;94m[*] [0mFuzzing test case #464 (802 total, 0 uniq crashes found)...[0m
[1;94m[*] [0mFuzzing test case #513 (803 total, 0 uniq crashes found)...[0m
[1;94m[*] [0mFuzzing test case #549 (803 total, 0 uniq crashes found)...[0m
[1;94m[*] [0mFuzzing test case #552 (804 total, 0 uniq crashes found)...[0m
[1;94m[*] [0mFuzzing test case #638 (804 total, 0 uniq crashes found)...[0m
[1;94m[*] [0mFuzzing test case #801 (804 total, 0 uniq crashes found)...[0m
[1;94m[*] [0mEntering queue cycle 16.[0m
[1;94m[*] [0mFuzzing test case #2 (804 total, 0 uniq crashes found)...[0m
[1;94m[*] [0mFuzzing test case #11 (804 total, 0 uniq crashes found)...[0m
[1;94m[*] [0mFuzzing test case #14 (804 total, 0 uniq crashes found)...[0m
[1;94m[*] [0mFuzzing test case #23 (804 total, 0 uniq crashes found)...[0m
[1;94m[*] [0mFuzzing test case #25 (804 total, 0 uniq crashes found)...[0m
[1;94m[*] [0mFuzzing test case #32 (804 total, 0 uniq crashes found)...[0m
[1;94m[*] [0mFuzzing test case #38 (804 total, 0 uniq crashes found)...[0m
[1;94m[*] [0mFuzzing test case #44 (804 total, 0 uniq crashes found)...[0m
[1;94m[*] [0mFuzzing test case #46 (804 total, 0 uniq crashes found)...[0m
[1;94m[*] [0mFuzzing test case #66 (804 total, 0 uniq crashes found)...[0m
[1;94m[*] [0mFuzzing test case #76 (804 total, 0 uniq crashes found)...[0m
[1;94m[*] [0mFuzzing test case #78 (804 total, 0 uniq crashes found)...[0m
[1;94m[*] [0mFuzzing test case #80 (804 total, 0 uniq crashes found)...[0m
[1;94m[*] [0mFuzzing test case #83 (804 total, 0 uniq crashes found)...[0m
[1;94m[*] [0mFuzzing test case #104 (804 total, 0 uniq crashes found)...[0m
[1;94m[*] [0mFuzzing test case #107 (804 total, 0 uniq crashes found)...[0m
[1;94m[*] [0mFuzzing test case #113 (804 total, 0 uniq crashes found)...[0m
[1;94m[*] [0mFuzzing test case #119 (804 total, 0 uniq crashes found)...[0m
[1;94m[*] [0mFuzzing test case #125 (804 total, 0 uniq crashes found)...[0m
[1;94m[*] [0mFuzzing test case #135 (804 total, 0 uniq crashes found)...[0m
[1;94m[*] [0mFuzzing test case #142 (804 total, 0 uniq crashes found)...[0m
[1;94m[*] [0mFuzzing test case #146 (804 total, 0 uniq crashes found)...[0m
[1;94m[*] [0mFuzzing test case #149 (804 total, 0 uniq crashes found)...[0m
[1;94m[*] [0mFuzzing test case #150 (804 total, 0 uniq crashes found)...[0m
[1;94m[*] [0mFuzzing test case #167 (804 total, 0 uniq crashes found)...[0m
[1;94m[*] [0mFuzzing test case #170 (804 total, 0 uniq crashes found)...[0m
[1;94m[*] [0mFuzzing test case #172 (804 total, 0 uniq crashes found)...[0m
[1;94m[*] [0mFuzzing test case #174 (804 total, 0 uniq crashes found)...[0m
[1;94m[*] [0mFuzzing test case #176 (804 total, 0 uniq crashes found)...[0m
[1;94m[*] [0mFuzzing test case #178 (804 total, 0 uniq crashes found)...[0m
[1;94m[*] [0mFuzzing test case #182 (804 total, 0 uniq crashes found)...[0m
[1;94m[*] [0mFuzzing test case #183 (804 total, 0 uniq crashes found)...[0m
[1;94m[*] [0mFuzzing test case #193 (804 total, 0 uniq crashes found)...[0m
[1;94m[*] [0mFuzzing test case #194 (804 total, 0 uniq crashes found)...[0m
[1;94m[*] [0mFuzzing test case #198 (804 total, 0 uniq crashes found)...[0m
[1;94m[*] [0mFuzzing test case #201 (804 total, 0 uniq crashes found)...[0m
[1;94m[*] [0mFuzzing test case #203 (804 total, 0 uniq crashes found)...[0m
[1;94m[*] [0mFuzzing test case #208 (804 total, 0 uniq crashes found)...[0m
[1;94m[*] [0mFuzzing test case #211 (804 total, 0 uniq crashes found)...[0m
[1;94m[*] [0mFuzzing test case #212 (804 total, 0 uniq crashes found)...[0m
[1;94m[*] [0mFuzzing test case #215 (804 total, 0 uniq crashes found)...[0m
[1;94m[*] [0mFuzzing test case #220 (804 total, 0 uniq crashes found)...[0m
[1;94m[*] [0mFuzzing test case #225 (805 total, 0 uniq crashes found)...[0m
[1;94m[*] [0mFuzzing test case #226 (805 total, 0 uniq crashes found)...[0m
[1;94m[*] [0mFuzzing test case #227 (805 total, 0 uniq crashes found)...[0m
[1;94m[*] [0mFuzzing test case #232 (805 total, 0 uniq crashes found)...[0m
[1;94m[*] [0mFuzzing test case #234 (805 total, 0 uniq crashes found)...[0m
[1;94m[*] [0mFuzzing test case #237 (805 total, 0 uniq crashes found)...[0m
[1;94m[*] [0mFuzzing test case #238 (805 total, 0 uniq crashes found)...[0m
[1;94m[*] [0mFuzzing test case #240 (805 total, 0 uniq crashes found)...[0m
[1;94m[*] [0mFuzzing test case #243 (805 total, 0 uniq crashes found)...[0m
[1;94m[*] [0mFuzzing test case #244 (805 total, 0 uniq crashes found)...[0m
[1;94m[*] [0mFuzzing test case #246 (805 total, 0 uniq crashes found)...[0m
[1;94m[*] [0mFuzzing test case #253 (805 total, 0 uniq crashes found)...[0m
[1;94m[*] [0mFuzzing test case #256 (805 total, 0 uniq crashes found)...[0m
[1;94m[*] [0mFuzzing test case #262 (805 total, 0 uniq crashes found)...[0m
[1;94m[*] [0mFuzzing test case #266 (805 total, 0 uniq crashes found)...[0m
[1;94m[*] [0mFuzzing test case #268 (805 total, 0 uniq crashes found)...[0m
[1;94m[*] [0mFuzzing test case #269 (805 total, 0 uniq crashes found)...[0m
[1;94m[*] [0mFuzzing test case #273 (805 total, 0 uniq crashes found)...[0m
[1;94m[*] [0mFuzzing test case #275 (805 total, 0 uniq crashes found)...[0m
[1;94m[*] [0mFuzzing test case #279 (805 total, 0 uniq crashes found)...[0m
[1;94m[*] [0mFuzzing test case #281 (805 total, 0 uniq crashes found)...[0m
[1;94m[*] [0mFuzzing test case #282 (805 total, 0 uniq crashes found)...[0m
[1;94m[*] [0mFuzzing test case #283 (805 total, 0 uniq crashes found)...[0m
[1;94m[*] [0mFuzzing test case #285 (805 total, 0 uniq crashes found)...[0m
[1;94m[*] [0mFuzzing test case #286 (805 total, 0 uniq crashes found)...[0m
[1;94m[*] [0mFuzzing test case #290 (805 total, 0 uniq crashes found)...[0m
[1;94m[*] [0mFuzzing test case #293 (805 total, 0 uniq crashes found)...[0m
[1;94m[*] [0mFuzzing test case #298 (805 total, 0 uniq crashes found)...[0m
[1;94m[*] [0mFuzzing test case #303 (805 total, 0 uniq crashes found)...[0m
[1;94m[*] [0mFuzzing test case #305 (805 total, 0 uniq crashes found)...[0m
[1;94m[*] [0mFuzzing test case #306 (805 total, 0 uniq crashes found)...[0m
[1;94m[*] [0mFuzzing test case #309 (805 total, 0 uniq crashes found)...[0m
[1;94m[*] [0mFuzzing test case #331 (806 total, 0 uniq crashes found)...[0m
[1;94m[*] [0mFuzzing test case #361 (806 total, 0 uniq crashes found)...[0m
[1;94m[*] [0mFuzzing test case #463 (806 total, 0 uniq crashes found)...[0m
[1;94m[*] [0mFuzzing test case #511 (806 total, 0 uniq crashes found)...[0m
[1;94m[*] [0mFuzzing test case #524 (806 total, 0 uniq crashes found)...[0m
[1;94m[*] [0mFuzzing test case #713 (806 total, 0 uniq crashes found)...[0m
[1;94m[*] [0mFuzzing test case #729 (807 total, 0 uniq crashes found)...[0m
[1;94m[*] [0mFuzzing test case #776 (807 total, 0 uniq crashes found)...[0m
[1;94m[*] [0mFuzzing test case #783 (807 total, 0 uniq crashes found)...[0m
[1;94m[*] [0mFuzzing test case #805 (807 total, 0 uniq crashes found)...[0m
[1;94m[*] [0mEntering queue cycle 17.[0m
[1;94m[*] [0mFuzzing test case #2 (807 total, 0 uniq crashes found)...[0m
[1;94m[*] [0mFuzzing test case #11 (807 total, 0 uniq crashes found)...[0m
[1;94m[*] [0mFuzzing test case #14 (807 total, 0 uniq crashes found)...[0m
[1;94m[*] [0mFuzzing test case #23 (807 total, 0 uniq crashes found)...[0m
[1;94m[*] [0mFuzzing test case #25 (807 total, 0 uniq crashes found)...[0m
[1;94m[*] [0mFuzzing test case #32 (807 total, 0 uniq crashes found)...[0m
[1;94m[*] [0mFuzzing test case #38 (807 total, 0 uniq crashes found)...[0m
[1;94m[*] [0mFuzzing test case #40 (807 total, 0 uniq crashes found)...[0m
[1;94m[*] [0mFuzzing test case #44 (807 total, 0 uniq crashes found)...[0m
[1;94m[*] [0mFuzzing test case #66 (808 total, 0 uniq crashes found)...[0m
[1;94m[*] [0mFuzzing test case #111 (808 total, 0 uniq crashes found)...[0m
[1;94m[*] [0mFuzzing test case #123 (808 total, 0 uniq crashes found)...[0m
[1;94m[*] [0mFuzzing test case #167 (808 total, 0 uniq crashes found)...[0m
[1;94m[*] [0mFuzzing test case #222 (808 total, 0 uniq crashes found)...[0m
[1;94m[*] [0mFuzzing test case #235 (808 total, 0 uniq crashes found)...[0m
[1;94m[*] [0mFuzzing test case #280 (808 total, 0 uniq crashes found)...[0m
[1;94m[*] [0mFuzzing test case #339 (808 total, 0 uniq crashes found)...[0m
[1;94m[*] [0mFuzzing test case #401 (808 total, 0 uniq crashes found)...[0m
[1;94m[*] [0mFuzzing test case #550 (808 total, 0 uniq crashes found)...[0m
[1;94m[*] [0mFuzzing test case #552 (808 total, 0 uniq crashes found)...[0m
[1;94m[*] [0mFuzzing test case #598 (808 total, 0 uniq crashes found)...[0m
[1;94m[*] [0mFuzzing test case #783 (808 total, 0 uniq crashes found)...[0m
[1;94m[*] [0mFuzzing test case #807 (808 total, 0 uniq crashes found)...[0m
[1;94m[*] [0mEntering queue cycle 18.[0m
[1;94m[*] [0mFuzzing test case #2 (808 total, 0 uniq crashes found)...[0m
[1;94m[*] [0mFuzzing test case #11 (808 total, 0 uniq crashes found)...[0m
[1;94m[*] [0mFuzzing test case #12 (808 total, 0 uniq crashes found)...[0m
[1;94m[*] [0mFuzzing test case #14 (808 total, 0 uniq crashes found)...[0m
[1;94m[*] [0mFuzzing test case #17 (808 total, 0 uniq crashes found)...[0m
[1;94m[*] [0mFuzzing test case #23 (808 total, 0 uniq crashes found)...[0m
[1;94m[*] [0mFuzzing test case #25 (808 total, 0 uniq crashes found)...[0m
[1;94m[*] [0mFuzzing test case #32 (808 total, 0 uniq crashes found)...[0m
[1;94m[*] [0mFuzzing test case #38 (808 total, 0 uniq crashes found)...[0m
[1;94m[*] [0mFuzzing test case #44 (808 total, 0 uniq crashes found)...[0m
[1;94m[*] [0mFuzzing test case #46 (808 total, 0 uniq crashes found)...[0m
[1;94m[*] [0mFuzzing test case #50 (808 total, 0 uniq crashes found)...[0m
[1;94m[*] [0mFuzzing test case #72 (808 total, 0 uniq crashes found)...[0m
[1;94m[*] [0mFuzzing test case #78 (808 total, 0 uniq crashes found)...[0m
[1;94m[*] [0mFuzzing test case #80 (808 total, 0 uniq crashes found)...[0m
[1;94m[*] [0mFuzzing test case #82 (808 total, 0 uniq crashes found)...[0m
[1;94m[*] [0mFuzzing test case #83 (808 total, 0 uniq crashes found)...[0m
[1;94m[*] [0mFuzzing test case #94 (808 total, 0 uniq crashes found)...[0m
[1;94m[*] [0mFuzzing test case #102 (808 total, 0 uniq crashes found)...[0m
[1;94m[*] [0mFuzzing test case #104 (808 total, 0 uniq crashes found)...[0m
[1;94m[*] [0mFuzzing test case #107 (808 total, 0 uniq crashes found)...[0m
[1;94m[*] [0mFuzzing test case #113 (808 total, 0 uniq crashes found)...[0m
[1;94m[*] [0mFuzzing test case #114 (808 total, 0 uniq crashes found)...[0m
[1;94m[*] [0mFuzzing test case #119 (808 total, 0 uniq crashes found)...[0m
[1;94m[*] [0mFuzzing test case #124 (808 total, 0 uniq crashes found)...[0m
[1;94m[*] [0mFuzzing test case #125 (808 total, 0 uniq crashes found)...[0m
[1;94m[*] [0mFuzzing test case #128 (808 total, 0 uniq crashes found)...[0m
[1;94m[*] [0mFuzzing test case #132 (808 total, 0 uniq crashes found)...[0m
[1;94m[*] [0mFuzzing test case #133 (808 total, 0 uniq crashes found)...[0m
[1;94m[*] [0mFuzzing test case #134 (808 total, 0 uniq crashes found)...[0m
[1;94m[*] [0mFuzzing test case #139 (808 total, 0 uniq crashes found)...[0m
[1;94m[*] [0mFuzzing test case #150 (808 total, 0 uniq crashes found)...[0m
[1;94m[*] [0mFuzzing test case #167 (808 total, 0 uniq crashes found)...[0m
[1;94m[*] [0mFuzzing test case #170 (808 total, 0 uniq crashes found)...[0m
[1;94m[*] [0mFuzzing test case #172 (808 total, 0 uniq crashes found)...[0m
[1;94m[*] [0mFuzzing test case #176 (808 total, 0 uniq crashes found)...[0m
[1;94m[*] [0mFuzzing test case #178 (808 total, 0 uniq crashes found)...[0m
[1;94m[*] [0mFuzzing test case #182 (808 total, 0 uniq crashes found)...[0m
[1;94m[*] [0mFuzzing test case #183 (808 total, 0 uniq crashes found)...[0m
[1;94m[*] [0mFuzzing test case #189 (808 total, 0 uniq crashes found)...[0m
[1;94m[*] [0mFuzzing test case #190 (808 total, 0 uniq crashes found)...[0m
[1;94m[*] [0mFuzzing test case #193 (808 total, 0 uniq crashes found)...[0m
[1;94m[*] [0mFuzzing test case #194 (808 total, 0 uniq crashes found)...[0m
[1;94m[*] [0mFuzzing test case #198 (808 total, 0 uniq crashes found)...[0m
[1;94m[*] [0mFuzzing test case #200 (808 total, 0 uniq crashes found)...[0m
[1;94m[*] [0mFuzzing test case #203 (808 total, 0 uniq crashes found)...[0m
[1;94m[*] [0mFuzzing test case #204 (808 total, 0 uniq crashes found)...[0m
[1;94m[*] [0mFuzzing test case #255 (809 total, 0 uniq crashes found)...[0m
[1;94m[*] [0mFuzzing test case #314 (810 total, 0 uniq crashes found)...[0m
[1;94m[*] [0mFuzzing test case #324 (810 total, 0 uniq crashes found)...[0m
[1;94m[*] [0mFuzzing test case #363 (810 total, 0 uniq crashes found)...[0m
[1;94m[*] [0mFuzzing test case #418 (810 total, 0 uniq crashes found)...[0m
[1;94m[*] [0mFuzzing test case #516 (810 total, 0 uniq crashes found)...[0m
[1;94m[*] [0mFuzzing test case #577 (810 total, 0 uniq crashes found)...[0m
[1;94m[*] [0mFuzzing test case #629 (810 total, 0 uniq crashes found)...[0m
[1;94m[*] [0mFuzzing test case #808 (810 total, 0 uniq crashes found)...[0m
[1;94m[*] [0mFuzzing test case #809 (811 total, 0 uniq crashes found)...[0m
[1;94m[*] [0mFuzzing test case #811 (813 total, 0 uniq crashes found)...[0m
[1;94m[*] [0mFuzzing test case #812 (813 total, 0 uniq crashes found)...[0m
[1;94m[*] [0mEntering queue cycle 19.[0m
[1;94m[*] [0mFuzzing test case #2 (813 total, 0 uniq crashes found)...[0m
[1;94m[*] [0mFuzzing test case #11 (813 total, 0 uniq crashes found)...[0m
[1;94m[*] [0mFuzzing test case #14 (813 total, 0 uniq crashes found)...[0m
[1;94m[*] [0mFuzzing test case #23 (813 total, 0 uniq crashes found)...[0m
[1;94m[*] [0mFuzzing test case #25 (813 total, 0 uniq crashes found)...[0m
[1;94m[*] [0mFuzzing test case #32 (813 total, 0 uniq crashes found)...[0m
[1;94m[*] [0mFuzzing test case #38 (813 total, 0 uniq crashes found)...[0m
[1;94m[*] [0mFuzzing test case #43 (813 total, 0 uniq crashes found)...[0m
[1;94m[*] [0mFuzzing test case #44 (813 total, 0 uniq crashes found)...[0m
[1;94m[*] [0mFuzzing test case #46 (813 total, 0 uniq crashes found)...[0m
[1;94m[*] [0mFuzzing test case #50 (813 total, 0 uniq crashes found)...[0m
[1;94m[*] [0mFuzzing test case #78 (813 total, 0 uniq crashes found)...[0m
[1;94m[*] [0mFuzzing test case #79 (813 total, 0 uniq crashes found)...[0m
[1;94m[*] [0mFuzzing test case #80 (813 total, 0 uniq crashes found)...[0m
[1;94m[*] [0mFuzzing test case #83 (813 total, 0 uniq crashes found)...[0m
[1;94m[*] [0mFuzzing test case #84 (813 total, 0 uniq crashes found)...[0m
[1;94m[*] [0mFuzzing test case #89 (813 total, 0 uniq crashes found)...[0m
[1;94m[*] [0mFuzzing test case #96 (813 total, 0 uniq crashes found)...[0m
[1;94m[*] [0mFuzzing test case #104 (813 total, 0 uniq crashes found)...[0m
[1;94m[*] [0mFuzzing test case #107 (813 total, 0 uniq crashes found)...[0m
[1;94m[*] [0mFuzzing test case #111 (813 total, 0 uniq crashes found)...[0m
[1;94m[*] [0mFuzzing test case #113 (813 total, 0 uniq crashes found)...[0m
[1;94m[*] [0mFuzzing test case #119 (813 total, 0 uniq crashes found)...[0m
[1;94m[*] [0mFuzzing test case #121 (813 total, 0 uniq crashes found)...[0m
[1;94m[*] [0mFuzzing test case #125 (813 total, 0 uniq crashes found)...[0m
[1;94m[*] [0mFuzzing test case #147 (813 total, 0 uniq crashes found)...[0m
[1;94m[*] [0mFuzzing test case #162 (813 total, 0 uniq crashes found)...[0m
[1;94m[*] [0mFuzzing test case #167 (813 total, 0 uniq crashes found)...[0m
[1;94m[*] [0mFuzzing test case #170 (813 total, 0 uniq crashes found)...[0m
[1;94m[*] [0mFuzzing test case #171 (813 total, 0 uniq crashes found)...[0m
[1;94m[*] [0mFuzzing test case #172 (813 total, 0 uniq crashes found)...[0m
[1;94m[*] [0mFuzzing test case #175 (813 total, 0 uniq crashes found)...[0m
[1;94m[*] [0mFuzzing test case #176 (813 total, 0 uniq crashes found)...[0m
[1;94m[*] [0mFuzzing test case #178 (813 total, 0 uniq crashes found)...[0m
[1;94m[*] [0mFuzzing test case #180 (813 total, 0 uniq crashes found)...[0m
[1;94m[*] [0mFuzzing test case #182 (813 total, 0 uniq crashes found)...[0m
[1;94m[*] [0mFuzzing test case #183 (813 total, 0 uniq crashes found)...[0m
[1;94m[*] [0mFuzzing test case #192 (813 total, 0 uniq crashes found)...[0m
[1;94m[*] [0mFuzzing test case #193 (813 total, 0 uniq crashes found)...[0m
[1;94m[*] [0mFuzzing test case #194 (813 total, 0 uniq crashes found)...[0m
[1;94m[*] [0mFuzzing test case #198 (813 total, 0 uniq crashes found)...[0m
[1;94m[*] [0mFuzzing test case #203 (813 total, 0 uniq crashes found)...[0m
[1;94m[*] [0mFuzzing test case #208 (813 total, 0 uniq crashes found)...[0m
[1;94m[*] [0mFuzzing test case #210 (813 total, 0 uniq crashes found)...[0m
[1;94m[*] [0mFuzzing test case #211 (813 total, 0 uniq crashes found)...[0m
[1;94m[*] [0mFuzzing test case #212 (813 total, 0 uniq crashes found)...[0m
[1;94m[*] [0mFuzzing test case #215 (813 total, 0 uniq crashes found)...[0m
[1;94m[*] [0mFuzzing test case #220 (813 total, 0 uniq crashes found)...[0m
[1;94m[*] [0mFuzzing test case #225 (813 total, 0 uniq crashes found)...[0m
[1;94m[*] [0mFuzzing test case #227 (813 total, 0 uniq crashes found)...[0m
[1;94m[*] [0mFuzzing test case #234 (813 total, 0 uniq crashes found)...[0m
[1;94m[*] [0mFuzzing test case #237 (813 total, 0 uniq crashes found)...[0m
[1;94m[*] [0mFuzzing test case #240 (813 total, 0 uniq crashes found)...[0m
[1;94m[*] [0mFuzzing test case #241 (813 total, 0 uniq crashes found)...[0m
[1;94m[*] [0mFuzzing test case #246 (813 total, 0 uniq crashes found)...[0m
[1;94m[*] [0mFuzzing test case #249 (813 total, 0 uniq crashes found)...[0m
[1;94m[*] [0mFuzzing test case #253 (813 total, 0 uniq crashes found)...[0m
[1;94m[*] [0mFuzzing test case #256 (813 total, 0 uniq crashes found)...[0m
[1;94m[*] [0mFuzzing test case #261 (813 total, 0 uniq crashes found)...[0m
[1;94m[*] [0mFuzzing test case #262 (813 total, 0 uniq crashes found)...[0m
[1;94m[*] [0mFuzzing test case #266 (813 total, 0 uniq crashes found)...[0m
[1;94m[*] [0mFuzzing test case #269 (813 total, 0 uniq crashes found)...[0m
[1;94m[*] [0mFuzzing test case #273 (813 total, 0 uniq crashes found)...[0m
[1;94m[*] [0mFuzzing test case #275 (813 total, 0 uniq crashes found)...[0m
[1;94m[*] [0mFuzzing test case #279 (813 total, 0 uniq crashes found)...[0m
[1;94m[*] [0mFuzzing test case #281 (813 total, 0 uniq crashes found)...[0m
[1;94m[*] [0mFuzzing test case #283 (813 total, 0 uniq crashes found)...[0m
[1;94m[*] [0mFuzzing test case #285 (813 total, 0 uniq crashes found)...[0m
[1;94m[*] [0mFuzzing test case #286 (813 total, 0 uniq crashes found)...[0m
[1;94m[*] [0mFuzzing test case #297 (813 total, 0 uniq crashes found)...[0m
[1;94m[*] [0mFuzzing test case #305 (813 total, 0 uniq crashes found)...[0m
[1;94m[*] [0mFuzzing test case #306 (813 total, 0 uniq crashes found)...[0m
[1;94m[*] [0mFuzzing test case #308 (813 total, 0 uniq crashes found)...[0m
[1;94m[*] [0mFuzzing test case #309 (813 total, 0 uniq crashes found)...[0m
[1;94m[*] [0mFuzzing test case #313 (813 total, 0 uniq crashes found)...[0m
[1;94m[*] [0mFuzzing test case #316 (813 total, 0 uniq crashes found)...[0m
[1;94m[*] [0mFuzzing test case #319 (813 total, 0 uniq crashes found)...[0m
[1;94m[*] [0mFuzzing test case #328 (813 total, 0 uniq crashes found)...[0m
[1;94m[*] [0mFuzzing test case #329 (813 total, 0 uniq crashes found)...[0m
[1;94m[*] [0mFuzzing test case #344 (813 total, 0 uniq crashes found)...[0m
[1;94m[*] [0mFuzzing test case #346 (813 total, 0 uniq crashes found)...[0m
[1;94m[*] [0mFuzzing test case #348 (813 total, 0 uniq crashes found)...[0m
[1;94m[*] [0mFuzzing test case #350 (813 total, 0 uniq crashes found)...[0m
[1;94m[*] [0mFuzzing test case #351 (813 total, 0 uniq crashes found)...[0m
[1;94m[*] [0mFuzzing test case #353 (813 total, 0 uniq crashes found)...[0m
[1;94m[*] [0mFuzzing test case #354 (813 total, 0 uniq crashes found)...[0m
[1;94m[*] [0mFuzzing test case #356 (813 total, 0 uniq crashes found)...[0m
[1;94m[*] [0mFuzzing test case #358 (813 total, 0 uniq crashes found)...[0m
[1;94m[*] [0mFuzzing test case #359 (813 total, 0 uniq crashes found)...[0m
[1;94m[*] [0mFuzzing test case #360 (813 total, 0 uniq crashes found)...[0m
[1;94m[*] [0mFuzzing test case #365 (813 total, 0 uniq crashes found)...[0m
[1;94m[*] [0mFuzzing test case #369 (813 total, 0 uniq crashes found)...[0m
[1;94m[*] [0mFuzzing test case #378 (813 total, 0 uniq crashes found)...[0m
[1;94m[*] [0mFuzzing test case #380 (813 total, 0 uniq crashes found)...[0m
[1;94m[*] [0mFuzzing test case #383 (813 total, 0 uniq crashes found)...[0m
[1;94m[*] [0mFuzzing test case #385 (813 total, 0 uniq crashes found)...[0m
[1;94m[*] [0mFuzzing test case #386 (813 total, 0 uniq crashes found)...[0m
[1;94m[*] [0mFuzzing test case #388 (813 total, 0 uniq crashes found)...[0m
[1;94m[*] [0mFuzzing test case #393 (813 total, 0 uniq crashes found)...[0m
[1;94m[*] [0mFuzzing test case #394 (813 total, 0 uniq crashes found)...[0m
[1;94m[*] [0mFuzzing test case #395 (813 total, 0 uniq crashes found)...[0m
[1;94m[*] [0mFuzzing test case #397 (813 total, 0 uniq crashes found)...[0m
[1;94m[*] [0mFuzzing test case #398 (813 total, 0 uniq crashes found)...[0m
[1;94m[*] [0mFuzzing test case #399 (813 total, 0 uniq crashes found)...[0m
[1;94m[*] [0mFuzzing test case #400 (813 total, 0 uniq crashes found)...[0m
[1;94m[*] [0mFuzzing test case #417 (814 total, 0 uniq crashes found)...[0m
[1;94m[*] [0mFuzzing test case #454 (815 total, 0 uniq crashes found)...[0m
[1;94m[*] [0mFuzzing test case #478 (815 total, 0 uniq crashes found)...[0m
[1;94m[*] [0mFuzzing test case #479 (815 total, 0 uniq crashes found)...[0m
[1;94m[*] [0mFuzzing test case #546 (815 total, 0 uniq crashes found)...[0m
[1;94m[*] [0mFuzzing test case #550 (815 total, 0 uniq crashes found)...[0m
[1;94m[*] [0mFuzzing test case #722 (815 total, 0 uniq crashes found)...[0m
[1;94m[*] [0mFuzzing test case #795 (815 total, 0 uniq crashes found)...[0m
[1;94m[*] [0mFuzzing test case #806 (816 total, 0 uniq crashes found)...[0m
[1;94m[*] [0mFuzzing test case #813 (816 total, 0 uniq crashes found)...[0m
[1;94m[*] [0mFuzzing test case #814 (816 total, 0 uniq crashes found)...[0m
[1;94m[*] [0mFuzzing test case #815 (816 total, 0 uniq crashes found)...[0m
[1;94m[*] [0mFuzzing test case #817 (829 total, 0 uniq crashes found)...[0m
[1;94m[*] [0mFuzzing test case #825 (830 total, 0 uniq crashes found)...[0m
[1;94m[*] [0mFuzzing test case #826 (834 total, 0 uniq crashes found)...[0m
[1;94m[*] [0mFuzzing test case #829 (838 total, 0 uniq crashes found)...[0m
[1;94m[*] [0mFuzzing test case #831 (839 total, 0 uniq crashes found)...[0m
[1;94m[*] [0mFuzzing test case #834 (840 total, 0 uniq crashes found)...[0m
[1;94m[*] [0mFuzzing test case #835 (840 total, 0 uniq crashes found)...[0m
[1;94m[*] [0mFuzzing test case #840 (845 total, 0 uniq crashes found)...[0m
[1;94m[*] [0mFuzzing test case #846 (847 total, 0 uniq crashes found)...[0m
[1;94m[*] [0mEntering queue cycle 20.[0m
[1;94m[*] [0mFuzzing test case #2 (847 total, 0 uniq crashes found)...[0m
[1;94m[*] [0mFuzzing test case #11 (847 total, 0 uniq crashes found)...[0m
[1;94m[*] [0mFuzzing test case #12 (847 total, 0 uniq crashes found)...[0m
[1;94m[*] [0mFuzzing test case #14 (847 total, 0 uniq crashes found)...[0m
[1;94m[*] [0mFuzzing test case #17 (847 total, 0 uniq crashes found)...[0m
[1;94m[*] [0mFuzzing test case #22 (847 total, 0 uniq crashes found)...[0m
[1;94m[*] [0mFuzzing test case #23 (847 total, 0 uniq crashes found)...[0m
[1;94m[*] [0mFuzzing test case #25 (847 total, 0 uniq crashes found)...[0m
[1;94m[*] [0mFuzzing test case #26 (847 total, 0 uniq crashes found)...[0m
[1;94m[*] [0mFuzzing test case #32 (847 total, 0 uniq crashes found)...[0m
[1;94m[*] [0mFuzzing test case #38 (847 total, 0 uniq crashes found)...[0m
[1;94m[*] [0mFuzzing test case #41 (847 total, 0 uniq crashes found)...[0m
[1;94m[*] [0mFuzzing test case #42 (849 total, 0 uniq crashes found)...[0m
[1;94m[*] [0mFuzzing test case #59 (849 total, 0 uniq crashes found)...[0m
[1;94m[*] [0mFuzzing test case #206 (849 total, 0 uniq crashes found)...[0m
[1;94m[*] [0mFuzzing test case #281 (849 total, 0 uniq crashes found)...[0m
[1;94m[*] [0mFuzzing test case #287 (849 total, 0 uniq crashes found)...[0m
[1;94m[*] [0mFuzzing test case #379 (849 total, 0 uniq crashes found)...[0m
[1;94m[*] [0mFuzzing test case #643 (849 total, 0 uniq crashes found)...[0m
[1;94m[*] [0mFuzzing test case #723 (850 total, 0 uniq crashes found)...[0m
[1;94m[*] [0mFuzzing test case #845 (851 total, 0 uniq crashes found)...[0m
[1;94m[*] [0mFuzzing test case #847 (856 total, 0 uniq crashes found)...[0m
[1;94m[*] [0mFuzzing test case #850 (857 total, 0 uniq crashes found)...[0m
[1;94m[*] [0mFuzzing test case #857 (865 total, 0 uniq crashes found)...[0m
[1;94m[*] [0mFuzzing test case #858 (867 total, 0 uniq crashes found)...[0m
[1;94m[*] [0mFuzzing test case #860 (867 total, 0 uniq crashes found)...[0m
[1;94m[*] [0mFuzzing test case #862 (867 total, 0 uniq crashes found)...[0m
[1;94m[*] [0mFuzzing test case #863 (867 total, 0 uniq crashes found)...[0m
[1;94m[*] [0mFuzzing test case #865 (871 total, 0 uniq crashes found)...[0m
[1;94m[*] [0mFuzzing test case #866 (871 total, 0 uniq crashes found)...[0m
[1;94m[*] [0mFuzzing test case #868 (871 total, 0 uniq crashes found)...[0m
[1;94m[*] [0mFuzzing test case #869 (872 total, 0 uniq crashes found)...[0m
[1;94m[*] [0mFuzzing test case #870 (873 total, 0 uniq crashes found)...[0m
[1;94m[*] [0mFuzzing test case #872 (874 total, 0 uniq crashes found)...[0m
[1;94m[*] [0mFuzzing test case #874 (876 total, 0 uniq crashes found)...[0m
[1;94m[*] [0mFuzzing test case #875 (878 total, 0 uniq crashes found)...[0m
[1;94m[*] [0mFuzzing test case #876 (881 total, 0 uniq crashes found)...[0m
[1;94m[*] [0mFuzzing test case #883 (884 total, 0 uniq crashes found)...[0m
[1;94m[*] [0mFuzzing test case #884 (886 total, 0 uniq crashes found)...[0m
[1;94m[*] [0mFuzzing test case #885 (893 total, 0 uniq crashes found)...[0m
[1;94m[*] [0mFuzzing test case #887 (894 total, 0 uniq crashes found)...[0m
[1;94m[*] [0mEntering queue cycle 21.[0m
[1;94m[*] [0mFuzzing test case #2 (894 total, 0 uniq crashes found)...[0m
[1;94m[*] [0mFuzzing test case #5 (894 total, 0 uniq crashes found)...[0m
[1;94m[*] [0mFuzzing test case #11 (894 total, 0 uniq crashes found)...[0m
[1;94m[*] [0mFuzzing test case #14 (894 total, 0 uniq crashes found)...[0m
[1;94m[*] [0mFuzzing test case #23 (894 total, 0 uniq crashes found)...[0m
[1;94m[*] [0mFuzzing test case #25 (894 total, 0 uniq crashes found)...[0m
[1;94m[*] [0mFuzzing test case #32 (894 total, 0 uniq crashes found)...[0m
[1;94m[*] [0mFuzzing test case #38 (894 total, 0 uniq crashes found)...[0m
[1;94m[*] [0mFuzzing test case #46 (894 total, 0 uniq crashes found)...[0m
[1;94m[*] [0mFuzzing test case #61 (894 total, 0 uniq crashes found)...[0m
[1;94m[*] [0mFuzzing test case #64 (894 total, 0 uniq crashes found)...[0m
[1;94m[*] [0mFuzzing test case #65 (894 total, 0 uniq crashes found)...[0m
[1;94m[*] [0mFuzzing test case #78 (894 total, 0 uniq crashes found)...[0m
[1;94m[*] [0mFuzzing test case #80 (894 total, 0 uniq crashes found)...[0m
[1;94m[*] [0mFuzzing test case #83 (894 total, 0 uniq crashes found)...[0m
[1;94m[*] [0mFuzzing test case #86 (894 total, 0 uniq crashes found)...[0m
[1;94m[*] [0mFuzzing test case #89 (894 total, 0 uniq crashes found)...[0m
[1;94m[*] [0mFuzzing test case #90 (894 total, 0 uniq crashes found)...[0m
[1;94m[*] [0mFuzzing test case #92 (894 total, 0 uniq crashes found)...[0m
[1;94m[*] [0mFuzzing test case #95 (894 total, 0 uniq crashes found)...[0m
[1;94m[*] [0mFuzzing test case #104 (894 total, 0 uniq crashes found)...[0m
[1;94m[*] [0mFuzzing test case #105 (894 total, 0 uniq crashes found)...[0m
[1;94m[*] [0mFuzzing test case #107 (894 total, 0 uniq crashes found)...[0m
[1;94m[*] [0mFuzzing test case #113 (895 total, 0 uniq crashes found)...[0m
[1;94m[*] [0mFuzzing test case #119 (895 total, 0 uniq crashes found)...[0m
[1;94m[*] [0mFuzzing test case #125 (895 total, 0 uniq crashes found)...[0m
[1;94m[*] [0mFuzzing test case #163 (895 total, 0 uniq crashes found)...[0m
[1;94m[*] [0mFuzzing test case #167 (895 total, 0 uniq crashes found)...[0m
[1;94m[*] [0mFuzzing test case #170 (895 total, 0 uniq crashes found)...[0m
[1;94m[*] [0mFuzzing test case #172 (895 total, 0 uniq crashes found)...[0m
[1;94m[*] [0mFuzzing test case #176 (895 total, 0 uniq crashes found)...[0m
[1;94m[*] [0mFuzzing test case #178 (895 total, 0 uniq crashes found)...[0m
[1;94m[*] [0mFuzzing test case #181 (895 total, 0 uniq crashes found)...[0m
[1;94m[*] [0mFuzzing test case #182 (895 total, 0 uniq crashes found)...[0m
[1;94m[*] [0mFuzzing test case #183 (895 total, 0 uniq crashes found)...[0m
[1;94m[*] [0mFuzzing test case #186 (895 total, 0 uniq crashes found)...[0m
[1;94m[*] [0mFuzzing test case #187 (895 total, 0 uniq crashes found)...[0m
[1;94m[*] [0mFuzzing test case #193 (895 total, 0 uniq crashes found)...[0m
[1;94m[*] [0mFuzzing test case #194 (895 total, 0 uniq crashes found)...[0m
[1;94m[*] [0mFuzzing test case #198 (895 total, 0 uniq crashes found)...[0m
[1;94m[*] [0mFuzzing test case #199 (895 total, 0 uniq crashes found)...[0m
[1;94m[*] [0mFuzzing test case #203 (895 total, 0 uniq crashes found)...[0m
[1;94m[*] [0mFuzzing test case #204 (895 total, 0 uniq crashes found)...[0m
[1;94m[*] [0mFuzzing test case #208 (895 total, 0 uniq crashes found)...[0m
[1;94m[*] [0mFuzzing test case #211 (895 total, 0 uniq crashes found)...[0m
[1;94m[*] [0mFuzzing test case #212 (895 total, 0 uniq crashes found)...[0m
[1;94m[*] [0mFuzzing test case #214 (895 total, 0 uniq crashes found)...[0m
[1;94m[*] [0mFuzzing test case #215 (895 total, 0 uniq crashes found)...[0m
[1;94m[*] [0mFuzzing test case #216 (895 total, 0 uniq crashes found)...[0m
[1;94m[*] [0mFuzzing test case #220 (895 total, 0 uniq crashes found)...[0m
[1;94m[*] [0mFuzzing test case #225 (895 total, 0 uniq crashes found)...[0m
[1;94m[*] [0mFuzzing test case #227 (895 total, 0 uniq crashes found)...[0m
[1;94m[*] [0mFuzzing test case #231 (895 total, 0 uniq crashes found)...[0m
[1;94m[*] [0mFuzzing test case #234 (895 total, 0 uniq crashes found)...[0m
[1;94m[*] [0mFuzzing test case #237 (895 total, 0 uniq crashes found)...[0m
[1;94m[*] [0mFuzzing test case #239 (895 total, 0 uniq crashes found)...[0m
[1;94m[*] [0mFuzzing test case #240 (895 total, 0 uniq crashes found)...[0m
[1;94m[*] [0mFuzzing test case #242 (895 total, 0 uniq crashes found)...[0m
[1;94m[*] [0mFuzzing test case #243 (895 total, 0 uniq crashes found)...[0m
[1;94m[*] [0mFuzzing test case #250 (895 total, 0 uniq crashes found)...[0m
[1;94m[*] [0mFuzzing test case #253 (895 total, 0 uniq crashes found)...[0m
[1;94m[*] [0mFuzzing test case #256 (895 total, 0 uniq crashes found)...[0m
[1;94m[*] [0mFuzzing test case #262 (895 total, 0 uniq crashes found)...[0m
[1;94m[*] [0mFuzzing test case #266 (895 total, 0 uniq crashes found)...[0m
[1;94m[*] [0mFuzzing test case #269 (895 total, 0 uniq crashes found)...[0m
[1;94m[*] [0mFuzzing test case #273 (895 total, 0 uniq crashes found)...[0m
[1;94m[*] [0mFuzzing test case #275 (895 total, 0 uniq crashes found)...[0m
[1;94m[*] [0mFuzzing test case #278 (895 total, 0 uniq crashes found)...[0m
[1;94m[*] [0mFuzzing test case #279 (895 total, 0 uniq crashes found)...[0m
[1;94m[*] [0mFuzzing test case #281 (895 total, 0 uniq crashes found)...[0m
[1;94m[*] [0mFuzzing test case #283 (895 total, 0 uniq crashes found)...[0m
[1;94m[*] [0mFuzzing test case #285 (895 total, 0 uniq crashes found)...[0m
[1;94m[*] [0mFuzzing test case #286 (895 total, 0 uniq crashes found)...[0m
[1;94m[*] [0mFuzzing test case #290 (895 total, 0 uniq crashes found)...[0m
[1;94m[*] [0mFuzzing test case #305 (895 total, 0 uniq crashes found)...[0m
[1;94m[*] [0mFuzzing test case #306 (895 total, 0 uniq crashes found)...[0m
[1;94m[*] [0mFuzzing test case #308 (895 total, 0 uniq crashes found)...[0m
[1;94m[*] [0mFuzzing test case #309 (895 total, 0 uniq crashes found)...[0m
[1;94m[*] [0mFuzzing test case #313 (895 total, 0 uniq crashes found)...[0m
[1;94m[*] [0mFuzzing test case #316 (895 total, 0 uniq crashes found)...[0m
[1;94m[*] [0mFuzzing test case #317 (895 total, 0 uniq crashes found)...[0m
[1;94m[*] [0mFuzzing test case #328 (895 total, 0 uniq crashes found)...[0m
[1;94m[*] [0mFuzzing test case #643 (897 total, 0 uniq crashes found)...[0m
[1;94m[*] [0mFuzzing test case #747 (897 total, 0 uniq crashes found)...[0m
[1;94m[*] [0mFuzzing test case #813 (897 total, 0 uniq crashes found)...[0m
[1;94m[*] [0mFuzzing test case #848 (898 total, 0 uniq crashes found)...[0m
[1;94m[*] [0mFuzzing test case #896 (898 total, 0 uniq crashes found)...[0m
[1;94m[*] [0mFuzzing test case #897 (898 total, 0 uniq crashes found)...[0m
[1;94m[*] [0mFuzzing test case #898 (899 total, 0 uniq crashes found)...[0m
[1;94m[*] [0mEntering queue cycle 22.[0m
[1;94m[*] [0mFuzzing test case #1 (899 total, 0 uniq crashes found)...[0m
[1;94m[*] [0mFuzzing test case #2 (899 total, 0 uniq crashes found)...[0m
[1;94m[*] [0mFuzzing test case #11 (899 total, 0 uniq crashes found)...[0m
[1;94m[*] [0mFuzzing test case #14 (899 total, 0 uniq crashes found)...[0m
[1;94m[*] [0mFuzzing test case #16 (899 total, 0 uniq crashes found)...[0m
[1;94m[*] [0mFuzzing test case #23 (899 total, 0 uniq crashes found)...[0m
[1;94m[*] [0mFuzzing test case #25 (899 total, 0 uniq crashes found)...[0m
[1;94m[*] [0mFuzzing test case #32 (899 total, 0 uniq crashes found)...[0m
[1;94m[*] [0mFuzzing test case #38 (899 total, 0 uniq crashes found)...[0m
[1;94m[*] [0mFuzzing test case #46 (899 total, 0 uniq crashes found)...[0m
[1;94m[*] [0mFuzzing test case #55 (899 total, 0 uniq crashes found)...[0m
[1;94m[*] [0mFuzzing test case #58 (899 total, 0 uniq crashes found)...[0m
[1;94m[*] [0mFuzzing test case #78 (899 total, 0 uniq crashes found)...[0m
[1;94m[*] [0mFuzzing test case #80 (899 total, 0 uniq crashes found)...[0m
[1;94m[*] [0mFuzzing test case #83 (899 total, 0 uniq crashes found)...[0m
[1;94m[*] [0mFuzzing test case #104 (899 total, 0 uniq crashes found)...[0m
[1;94m[*] [0mFuzzing test case #107 (899 total, 0 uniq crashes found)...[0m
[1;94m[*] [0mFuzzing test case #113 (899 total, 0 uniq crashes found)...[0m
[1;94m[*] [0mFuzzing test case #119 (899 total, 0 uniq crashes found)...[0m
[1;94m[*] [0mFuzzing test case #125 (899 total, 0 uniq crashes found)...[0m
[1;94m[*] [0mFuzzing test case #143 (899 total, 0 uniq crashes found)...[0m
[1;94m[*] [0mFuzzing test case #156 (899 total, 0 uniq crashes found)...[0m
[1;94m[*] [0mFuzzing test case #190 (900 total, 0 uniq crashes found)...[0m
[1;94m[*] [0mFuzzing test case #197 (900 total, 0 uniq crashes found)...[0m
[1;94m[*] [0mFuzzing test case #236 (900 total, 0 uniq crashes found)...[0m
[1;94m[*] [0mFuzzing test case #242 (902 total, 0 uniq crashes found)...[0m
[1;94m[*] [0mFuzzing test case #254 (902 total, 0 uniq crashes found)...[0m
[1;94m[*] [0mFuzzing test case #256 (902 total, 0 uniq crashes found)...[0m
[1;94m[*] [0mFuzzing test case #332 (902 total, 0 uniq crashes found)...[0m
[1;94m[*] [0mFuzzing test case #365 (902 total, 0 uniq crashes found)...[0m
[1;94m[*] [0mFuzzing test case #381 (902 total, 0 uniq crashes found)...[0m
[1;94m[*] [0mFuzzing test case #433 (902 total, 0 uniq crashes found)...[0m
[1;94m[*] [0mFuzzing test case #603 (902 total, 0 uniq crashes found)...[0m
[1;94m[*] [0mFuzzing test case #772 (902 total, 0 uniq crashes found)...[0m
[1;94m[*] [0mFuzzing test case #787 (902 total, 0 uniq crashes found)...[0m
[1;94m[*] [0mFuzzing test case #805 (902 total, 0 uniq crashes found)...[0m
[1;94m[*] [0mFuzzing test case #899 (902 total, 0 uniq crashes found)...[0m
[1;94m[*] [0mFuzzing test case #902 (903 total, 0 uniq crashes found)...[0m
[1;94m[*] [0mEntering queue cycle 23.[0m
[1;94m[*] [0mFuzzing test case #2 (904 total, 0 uniq crashes found)...[0m
[1;94m[*] [0mFuzzing test case #4 (904 total, 0 uniq crashes found)...[0m
[1;94m[*] [0mFuzzing test case #11 (904 total, 0 uniq crashes found)...[0m
[1;94m[*] [0mFuzzing test case #14 (904 total, 0 uniq crashes found)...[0m
[1;94m[*] [0mFuzzing test case #23 (904 total, 0 uniq crashes found)...[0m
[1;94m[*] [0mFuzzing test case #25 (904 total, 0 uniq crashes found)...[0m
[1;94m[*] [0mFuzzing test case #30 (904 total, 0 uniq crashes found)...[0m
[1;94m[*] [0mFuzzing test case #32 (904 total, 0 uniq crashes found)...[0m
[1;94m[*] [0mFuzzing test case #38 (904 total, 0 uniq crashes found)...[0m
[1;94m[*] [0mFuzzing test case #41 (904 total, 0 uniq crashes found)...[0m
[1;94m[*] [0mFuzzing test case #46 (904 total, 0 uniq crashes found)...[0m
[1;94m[*] [0mFuzzing test case #59 (904 total, 0 uniq crashes found)...[0m
[1;94m[*] [0mFuzzing test case #74 (904 total, 0 uniq crashes found)...[0m
[1;94m[*] [0mFuzzing test case #78 (904 total, 0 uniq crashes found)...[0m
[1;94m[*] [0mFuzzing test case #79 (904 total, 0 uniq crashes found)...[0m
[1;94m[*] [0mFuzzing test case #80 (904 total, 0 uniq crashes found)...[0m
[1;94m[*] [0mFuzzing test case #83 (904 total, 0 uniq crashes found)...[0m
[1;94m[*] [0mFuzzing test case #96 (904 total, 0 uniq crashes found)...[0m
[1;94m[*] [0mFuzzing test case #104 (904 total, 0 uniq crashes found)...[0m
[1;94m[*] [0mFuzzing test case #107 (904 total, 0 uniq crashes found)...[0m
[1;94m[*] [0mFuzzing test case #113 (904 total, 0 uniq crashes found)...[0m
[1;94m[*] [0mFuzzing test case #119 (904 total, 0 uniq crashes found)...[0m
[1;94m[*] [0mFuzzing test case #123 (905 total, 0 uniq crashes found)...[0m
[1;94m[*] [0mFuzzing test case #125 (905 total, 0 uniq crashes found)...[0m
[1;94m[*] [0mFuzzing test case #141 (905 total, 0 uniq crashes found)...[0m
[1;94m[*] [0mFuzzing test case #166 (905 total, 0 uniq crashes found)...[0m
[1;94m[*] [0mFuzzing test case #167 (905 total, 0 uniq crashes found)...[0m
[1;94m[*] [0mFuzzing test case #169 (905 total, 0 uniq crashes found)...[0m
[1;94m[*] [0mFuzzing test case #170 (905 total, 0 uniq crashes found)...[0m
[1;94m[*] [0mFuzzing test case #172 (905 total, 0 uniq crashes found)...[0m
[1;94m[*] [0mFuzzing test case #173 (905 total, 0 uniq crashes found)...[0m
[1;94m[*] [0mFuzzing test case #176 (905 total, 0 uniq crashes found)...[0m
[1;94m[*] [0mFuzzing test case #178 (905 total, 0 uniq crashes found)...[0m
[1;94m[*] [0mFuzzing test case #182 (905 total, 0 uniq crashes found)...[0m
[1;94m[*] [0mFuzzing test case #183 (905 total, 0 uniq crashes found)...[0m
[1;94m[*] [0mFuzzing test case #193 (905 total, 0 uniq crashes found)...[0m
[1;94m[*] [0mFuzzing test case #194 (905 total, 0 uniq crashes found)...[0m
[1;94m[*] [0mFuzzing test case #197 (905 total, 0 uniq crashes found)...[0m
[1;94m[*] [0mFuzzing test case #198 (905 total, 0 uniq crashes found)...[0m
[1;94m[*] [0mFuzzing test case #203 (905 total, 0 uniq crashes found)...[0m
[1;94m[*] [0mFuzzing test case #208 (905 total, 0 uniq crashes found)...[0m
[1;94m[*] [0mFuzzing test case #211 (905 total, 0 uniq crashes found)...[0m
[1;94m[*] [0mFuzzing test case #212 (905 total, 0 uniq crashes found)...[0m
[1;94m[*] [0mFuzzing test case #215 (906 total, 0 uniq crashes found)...[0m
[1;94m[*] [0mFuzzing test case #220 (906 total, 0 uniq crashes found)...[0m
[1;94m[*] [0mFuzzing test case #225 (906 total, 0 uniq crashes found)...[0m
[1;94m[*] [0mFuzzing test case #227 (906 total, 0 uniq crashes found)...[0m
[1;94m[*] [0mFuzzing test case #234 (906 total, 0 uniq crashes found)...[0m
[1;94m[*] [0mFuzzing test case #237 (906 total, 0 uniq crashes found)...[0m
[1;94m[*] [0mFuzzing test case #240 (906 total, 0 uniq crashes found)...[0m
[1;94m[*] [0mFuzzing test case #242 (906 total, 0 uniq crashes found)...[0m
[1;94m[*] [0mFuzzing test case #248 (906 total, 0 uniq crashes found)...[0m
[1;94m[*] [0mFuzzing test case #253 (906 total, 0 uniq crashes found)...[0m
[1;94m[*] [0mFuzzing test case #256 (906 total, 0 uniq crashes found)...[0m
[1;94m[*] [0mFuzzing test case #262 (907 total, 0 uniq crashes found)...[0m
[1;94m[*] [0mFuzzing test case #266 (907 total, 0 uniq crashes found)...[0m
[1;94m[*] [0mFuzzing test case #269 (907 total, 0 uniq crashes found)...[0m
[1;94m[*] [0mFuzzing test case #271 (907 total, 0 uniq crashes found)...[0m
[1;94m[*] [0mFuzzing test case #273 (907 total, 0 uniq crashes found)...[0m
[1;94m[*] [0mFuzzing test case #275 (907 total, 0 uniq crashes found)...[0m
[1;94m[*] [0mFuzzing test case #279 (907 total, 0 uniq crashes found)...[0m
[1;94m[*] [0mFuzzing test case #281 (907 total, 0 uniq crashes found)...[0m
[1;94m[*] [0mFuzzing test case #283 (907 total, 0 uniq crashes found)...[0m
[1;94m[*] [0mFuzzing test case #285 (907 total, 0 uniq crashes found)...[0m
[1;94m[*] [0mFuzzing test case #286 (907 total, 0 uniq crashes found)...[0m
[1;94m[*] [0mFuzzing test case #288 (907 total, 0 uniq crashes found)...[0m
[1;94m[*] [0mFuzzing test case #302 (907 total, 0 uniq crashes found)...[0m
[1;94m[*] [0mFuzzing test case #305 (907 total, 0 uniq crashes found)...[0m
[1;94m[*] [0mFuzzing test case #306 (907 total, 0 uniq crashes found)...[0m
[1;94m[*] [0mFuzzing test case #309 (907 total, 0 uniq crashes found)...[0m
[1;94m[*] [0mFuzzing test case #311 (907 total, 0 uniq crashes found)...[0m
[1;94m[*] [0mFuzzing test case #313 (907 total, 0 uniq crashes found)...[0m
[1;94m[*] [0mFuzzing test case #315 (907 total, 0 uniq crashes found)...[0m
[1;94m[*] [0mFuzzing test case #316 (907 total, 0 uniq crashes found)...[0m
[1;94m[*] [0mFuzzing test case #318 (907 total, 0 uniq crashes found)...[0m
[1;94m[*] [0mFuzzing test case #324 (907 total, 0 uniq crashes found)...[0m
[1;94m[*] [0mFuzzing test case #328 (907 total, 0 uniq crashes found)...[0m
[1;94m[*] [0mFuzzing test case #329 (907 total, 0 uniq crashes found)...[0m
[1;94m[*] [0mFuzzing test case #335 (907 total, 0 uniq crashes found)...[0m
[1;94m[*] [0mFuzzing test case #340 (907 total, 0 uniq crashes found)...[0m
[1;94m[*] [0mFuzzing test case #344 (907 total, 0 uniq crashes found)...[0m
[1;94m[*] [0mFuzzing test case #346 (907 total, 0 uniq crashes found)...[0m
[1;94m[*] [0mFuzzing test case #347 (908 total, 0 uniq crashes found)...[0m
[1;94m[*] [0mFuzzing test case #348 (908 total, 0 uniq crashes found)...[0m
[1;94m[*] [0mFuzzing test case #351 (908 total, 0 uniq crashes found)...[0m
[1;94m[*] [0mFuzzing test case #353 (908 total, 0 uniq crashes found)...[0m
[1;94m[*] [0mFuzzing test case #354 (908 total, 0 uniq crashes found)...[0m
[1;94m[*] [0mFuzzing test case #356 (908 total, 0 uniq crashes found)...[0m
[1;94m[*] [0mFuzzing test case #358 (908 total, 0 uniq crashes found)...[0m
[1;94m[*] [0mFuzzing test case #359 (908 total, 0 uniq crashes found)...[0m
[1;94m[*] [0mFuzzing test case #360 (908 total, 0 uniq crashes found)...[0m
[1;94m[*] [0mFuzzing test case #363 (908 total, 0 uniq crashes found)...[0m
[1;94m[*] [0mFuzzing test case #366 (908 total, 0 uniq crashes found)...[0m
[1;94m[*] [0mFuzzing test case #373 (908 total, 0 uniq crashes found)...[0m
[1;94m[*] [0mFuzzing test case #378 (908 total, 0 uniq crashes found)...[0m
[1;94m[*] [0mFuzzing test case #380 (908 total, 0 uniq crashes found)...[0m
[1;94m[*] [0mFuzzing test case #384 (908 total, 0 uniq crashes found)...[0m
[1;94m[*] [0mFuzzing test case #385 (908 total, 0 uniq crashes found)...[0m
[1;94m[*] [0mFuzzing test case #386 (908 total, 0 uniq crashes found)...[0m
[1;94m[*] [0mFuzzing test case #388 (908 total, 0 uniq crashes found)...[0m
[1;94m[*] [0mFuzzing test case #389 (908 total, 0 uniq crashes found)...[0m
[1;94m[*] [0mFuzzing test case #391 (908 total, 0 uniq crashes found)...[0m
[1;94m[*] [0mFuzzing test case #392 (908 total, 0 uniq crashes found)...[0m
[1;94m[*] [0mFuzzing test case #393 (908 total, 0 uniq crashes found)...[0m
[1;94m[*] [0mFuzzing test case #427 (909 total, 0 uniq crashes found)...[0m
[1;94m[*] [0mFuzzing test case #549 (910 total, 0 uniq crashes found)...[0m
[1;94m[*] [0mFuzzing test case #595 (910 total, 0 uniq crashes found)...[0m
[1;94m[*] [0mFuzzing test case #908 (910 total, 0 uniq crashes found)...[0m
[1;94m[*] [0mEntering queue cycle 24.[0m
[1;94m[*] [0mFuzzing test case #0 (911 total, 0 uniq crashes found)...[0m
[1;94m[*] [0mFuzzing test case #1 (911 total, 0 uniq crashes found)...[0m
[1;94m[*] [0mFuzzing test case #2 (911 total, 0 uniq crashes found)...[0m
[1;94m[*] [0mFuzzing test case #11 (911 total, 0 uniq crashes found)...[0m
[1;94m[*] [0mFuzzing test case #12 (911 total, 0 uniq crashes found)...[0m
[1;94m[*] [0mFuzzing test case #14 (911 total, 0 uniq crashes found)...[0m
[1;94m[*] [0mFuzzing test case #23 (911 total, 0 uniq crashes found)...[0m
[1;94m[*] [0mFuzzing test case #25 (911 total, 0 uniq crashes found)...[0m
[1;94m[*] [0mFuzzing test case #32 (911 total, 0 uniq crashes found)...[0m
[1;94m[*] [0mFuzzing test case #38 (911 total, 0 uniq crashes found)...[0m
[1;94m[*] [0mFuzzing test case #46 (911 total, 0 uniq crashes found)...[0m
[1;94m[*] [0mFuzzing test case #50 (911 total, 0 uniq crashes found)...[0m
[1;94m[*] [0mFuzzing test case #60 (911 total, 0 uniq crashes found)...[0m
[1;94m[*] [0mFuzzing test case #76 (911 total, 0 uniq crashes found)...[0m
[1;94m[*] [0mFuzzing test case #78 (911 total, 0 uniq crashes found)...[0m
[1;94m[*] [0mFuzzing test case #80 (911 total, 0 uniq crashes found)...[0m
[1;94m[*] [0mFuzzing test case #83 (911 total, 0 uniq crashes found)...[0m
[1;94m[*] [0mFuzzing test case #104 (911 total, 0 uniq crashes found)...[0m
[1;94m[*] [0mFuzzing test case #107 (911 total, 0 uniq crashes found)...[0m
[1;94m[*] [0mFuzzing test case #113 (911 total, 0 uniq crashes found)...[0m
[1;94m[*] [0mFuzzing test case #116 (911 total, 0 uniq crashes found)...[0m
[1;94m[*] [0mFuzzing test case #119 (911 total, 0 uniq crashes found)...[0m
[1;94m[*] [0mFuzzing test case #125 (911 total, 0 uniq crashes found)...[0m
[1;94m[*] [0mFuzzing test case #139 (911 total, 0 uniq crashes found)...[0m
[1;94m[*] [0mFuzzing test case #142 (911 total, 0 uniq crashes found)...[0m
[1;94m[*] [0mFuzzing test case #154 (911 total, 0 uniq crashes found)...[0m
[1;94m[*] [0mFuzzing test case #167 (911 total, 0 uniq crashes found)...[0m
[1;94m[*] [0mFuzzing test case #170 (911 total, 0 uniq crashes found)...[0m
[1;94m[*] [0mFuzzing test case #172 (911 total, 0 uniq crashes found)...[0m
[1;94m[*] [0mFuzzing test case #176 (911 total, 0 uniq crashes found)...[0m
[1;94m[*] [0mFuzzing test case #177 (911 total, 0 uniq crashes found)...[0m
[1;94m[*] [0mFuzzing test case #178 (911 total, 0 uniq crashes found)...[0m
[1;94m[*] [0mFuzzing test case #182 (911 total, 0 uniq crashes found)...[0m
[1;94m[*] [0mFuzzing test case #183 (911 total, 0 uniq crashes found)...[0m
[1;94m[*] [0mFuzzing test case #193 (911 total, 0 uniq crashes found)...[0m
[1;94m[*] [0mFuzzing test case #194 (911 total, 0 uniq crashes found)...[0m
[1;94m[*] [0mFuzzing test case #198 (911 total, 0 uniq crashes found)...[0m
[1;94m[*] [0mFuzzing test case #202 (911 total, 0 uniq crashes found)...[0m
[1;94m[*] [0mFuzzing test case #203 (911 total, 0 uniq crashes found)...[0m
[1;94m[*] [0mFuzzing test case #208 (911 total, 0 uniq crashes found)...[0m
[1;94m[*] [0mFuzzing test case #211 (911 total, 0 uniq crashes found)...[0m
[1;94m[*] [0mFuzzing test case #212 (911 total, 0 uniq crashes found)...[0m
[1;94m[*] [0mFuzzing test case #215 (911 total, 0 uniq crashes found)...[0m
[1;94m[*] [0mFuzzing test case #220 (911 total, 0 uniq crashes found)...[0m
[1;94m[*] [0mFuzzing test case #221 (911 total, 0 uniq crashes found)...[0m
[1;94m[*] [0mFuzzing test case #225 (912 total, 0 uniq crashes found)...[0m
[1;94m[*] [0mFuzzing test case #227 (912 total, 0 uniq crashes found)...[0m
[1;94m[*] [0mFuzzing test case #234 (912 total, 0 uniq crashes found)...[0m
[1;94m[*] [0mFuzzing test case #237 (912 total, 0 uniq crashes found)...[0m
[1;94m[*] [0mFuzzing test case #240 (912 total, 0 uniq crashes found)...[0m
[1;94m[*] [0mFuzzing test case #241 (912 total, 0 uniq crashes found)...[0m
[1;94m[*] [0mFuzzing test case #242 (912 total, 0 uniq crashes found)...[0m
[1;94m[*] [0mFuzzing test case #253 (912 total, 0 uniq crashes found)...[0m
[1;94m[*] [0mFuzzing test case #256 (912 total, 0 uniq crashes found)...[0m
[1;94m[*] [0mFuzzing test case #260 (912 total, 0 uniq crashes found)...[0m
[1;94m[*] [0mFuzzing test case #262 (912 total, 0 uniq crashes found)...[0m
[1;94m[*] [0mFuzzing test case #266 (912 total, 0 uniq crashes found)...[0m
[1;94m[*] [0mFuzzing test case #267 (912 total, 0 uniq crashes found)...[0m
[1;94m[*] [0mFuzzing test case #269 (912 total, 0 uniq crashes found)...[0m
[1;94m[*] [0mFuzzing test case #273 (912 total, 0 uniq crashes found)...[0m
[1;94m[*] [0mFuzzing test case #275 (912 total, 0 uniq crashes found)...[0m
[1;94m[*] [0mFuzzing test case #279 (912 total, 0 uniq crashes found)...[0m
[1;94m[*] [0mFuzzing test case #281 (912 total, 0 uniq crashes found)...[0m
[1;94m[*] [0mFuzzing test case #283 (912 total, 0 uniq crashes found)...[0m
[1;94m[*] [0mFuzzing test case #285 (912 total, 0 uniq crashes found)...[0m
[1;94m[*] [0mFuzzing test case #286 (912 total, 0 uniq crashes found)...[0m
[1;94m[*] [0mFuzzing test case #287 (912 total, 0 uniq crashes found)...[0m
[1;94m[*] [0mFuzzing test case #288 (912 total, 0 uniq crashes found)...[0m
[1;94m[*] [0mFuzzing test case #295 (913 total, 0 uniq crashes found)...[0m
[1;94m[*] [0mFuzzing test case #304 (913 total, 0 uniq crashes found)...[0m
[1;94m[*] [0mFuzzing test case #305 (913 total, 0 uniq crashes found)...[0m
[1;94m[*] [0mFuzzing test case #306 (913 total, 0 uniq crashes found)...[0m
[1;94m[*] [0mFuzzing test case #309 (913 total, 0 uniq crashes found)...[0m
[1;94m[*] [0mFuzzing test case #313 (913 total, 0 uniq crashes found)...[0m
[1;94m[*] [0mFuzzing test case #328 (913 total, 0 uniq crashes found)...[0m
[1;94m[*] [0mFuzzing test case #329 (913 total, 0 uniq crashes found)...[0m
[1;94m[*] [0mFuzzing test case #333 (913 total, 0 uniq crashes found)...[0m
[1;94m[*] [0mFuzzing test case #335 (913 total, 0 uniq crashes found)...[0m
[1;94m[*] [0mFuzzing test case #342 (913 total, 0 uniq crashes found)...[0m
[1;94m[*] [0mFuzzing test case #343 (913 total, 0 uniq crashes found)...[0m
[1;94m[*] [0mFuzzing test case #344 (913 total, 0 uniq crashes found)...[0m
[1;94m[*] [0mFuzzing test case #346 (913 total, 0 uniq crashes found)...[0m
[1;94m[*] [0mFuzzing test case #347 (913 total, 0 uniq crashes found)...[0m
[1;94m[*] [0mFuzzing test case #348 (913 total, 0 uniq crashes found)...[0m
[1;94m[*] [0mFuzzing test case #351 (913 total, 0 uniq crashes found)...[0m
[1;94m[*] [0mFuzzing test case #353 (913 total, 0 uniq crashes found)...[0m
[1;94m[*] [0mFuzzing test case #354 (913 total, 0 uniq crashes found)...[0m
[1;94m[*] [0mFuzzing test case #356 (913 total, 0 uniq crashes found)...[0m
[1;94m[*] [0mFuzzing test case #358 (913 total, 0 uniq crashes found)...[0m
[1;94m[*] [0mFuzzing test case #359 (913 total, 0 uniq crashes found)...[0m
[1;94m[*] [0mFuzzing test case #360 (913 total, 0 uniq crashes found)...[0m
[1;94m[*] [0mFuzzing test case #362 (913 total, 0 uniq crashes found)...[0m
[1;94m[*] [0mFuzzing test case #370 (913 total, 0 uniq crashes found)...[0m
[1;94m[*] [0mFuzzing test case #374 (913 total, 0 uniq crashes found)...[0m
[1;94m[*] [0mFuzzing test case #377 (913 total, 0 uniq crashes found)...[0m
[1;94m[*] [0mFuzzing test case #378 (913 total, 0 uniq crashes found)...[0m
[1;94m[*] [0mFuzzing test case #380 (913 total, 0 uniq crashes found)...[0m
[1;94m[*] [0mFuzzing test case #385 (913 total, 0 uniq crashes found)...[0m
[1;94m[*] [0mFuzzing test case #386 (913 total, 0 uniq crashes found)...[0m
[1;94m[*] [0mFuzzing test case #388 (913 total, 0 uniq crashes found)...[0m
[1;94m[*] [0mFuzzing test case #393 (913 total, 0 uniq crashes found)...[0m
[1;94m[*] [0mFuzzing test case #394 (913 total, 0 uniq crashes found)...[0m
[1;94m[*] [0mFuzzing test case #395 (913 total, 0 uniq crashes found)...[0m
[1;94m[*] [0mFuzzing test case #397 (913 total, 0 uniq crashes found)...[0m
[1;94m[*] [0mFuzzing test case #398 (914 total, 0 uniq crashes found)...[0m
[1;94m[*] [0mFuzzing test case #401 (914 total, 0 uniq crashes found)...[0m
[1;94m[*] [0mFuzzing test case #402 (914 total, 0 uniq crashes found)...[0m
[1;94m[*] [0mFuzzing test case #403 (914 total, 0 uniq crashes found)...[0m
[1;94m[*] [0mFuzzing test case #405 (914 total, 0 uniq crashes found)...[0m
[1;94m[*] [0mFuzzing test case #407 (914 total, 0 uniq crashes found)...[0m
[1;94m[*] [0mFuzzing test case #408 (914 total, 0 uniq crashes found)...[0m
[1;94m[*] [0mFuzzing test case #410 (914 total, 0 uniq crashes found)...[0m
[1;94m[*] [0mFuzzing test case #411 (914 total, 0 uniq crashes found)...[0m
[1;94m[*] [0mFuzzing test case #414 (914 total, 0 uniq crashes found)...[0m
[1;94m[*] [0mFuzzing test case #417 (914 total, 0 uniq crashes found)...[0m
[1;94m[*] [0mFuzzing test case #421 (914 total, 0 uniq crashes found)...[0m
[1;94m[*] [0mFuzzing test case #423 (914 total, 0 uniq crashes found)...[0m
[1;94m[*] [0mFuzzing test case #426 (914 total, 0 uniq crashes found)...[0m
[1;94m[*] [0mFuzzing test case #429 (915 total, 0 uniq crashes found)...[0m
[1;94m[*] [0mFuzzing test case #430 (915 total, 0 uniq crashes found)...[0m
[1;94m[*] [0mFuzzing test case #431 (915 total, 0 uniq crashes found)...[0m
[1;94m[*] [0mFuzzing test case #432 (915 total, 0 uniq crashes found)...[0m
[1;94m[*] [0mFuzzing test case #433 (915 total, 0 uniq crashes found)...[0m
[1;94m[*] [0mFuzzing test case #434 (915 total, 0 uniq crashes found)...[0m
[1;94m[*] [0mFuzzing test case #436 (915 total, 0 uniq crashes found)...[0m
[1;94m[*] [0mFuzzing test case #438 (915 total, 0 uniq crashes found)...[0m
[1;94m[*] [0mFuzzing test case #440 (915 total, 0 uniq crashes found)...[0m
[1;94m[*] [0mFuzzing test case #441 (915 total, 0 uniq crashes found)...[0m
[1;94m[*] [0mFuzzing test case #442 (915 total, 0 uniq crashes found)...[0m
[1;94m[*] [0mFuzzing test case #448 (915 total, 0 uniq crashes found)...[0m
[1;94m[*] [0mFuzzing test case #449 (915 total, 0 uniq crashes found)...[0m
[1;94m[*] [0mFuzzing test case #450 (915 total, 0 uniq crashes found)...[0m
[1;94m[*] [0mFuzzing test case #451 (915 total, 0 uniq crashes found)...[0m
[1;94m[*] [0mFuzzing test case #452 (915 total, 0 uniq crashes found)...[0m
[1;94m[*] [0mFuzzing test case #456 (915 total, 0 uniq crashes found)...[0m
[1;94m[*] [0mFuzzing test case #458 (915 total, 0 uniq crashes found)...[0m
[1;94m[*] [0mFuzzing test case #459 (915 total, 0 uniq crashes found)...[0m
[1;94m[*] [0mFuzzing test case #465 (915 total, 0 uniq crashes found)...[0m
[1;94m[*] [0mFuzzing test case #468 (915 total, 0 uniq crashes found)...[0m
[1;94m[*] [0mFuzzing test case #470 (915 total, 0 uniq crashes found)...[0m
[1;94m[*] [0mFuzzing test case #477 (915 total, 0 uniq crashes found)...[0m
[1;94m[*] [0mFuzzing test case #480 (917 total, 0 uniq crashes found)...[0m
[1;94m[*] [0mFuzzing test case #482 (917 total, 0 uniq crashes found)...[0m
[1;94m[*] [0mFuzzing test case #483 (917 total, 0 uniq crashes found)...[0m
[1;94m[*] [0mFuzzing test case #484 (917 total, 0 uniq crashes found)...[0m
[1;94m[*] [0mFuzzing test case #485 (917 total, 0 uniq crashes found)...[0m
[1;94m[*] [0mFuzzing test case #486 (917 total, 0 uniq crashes found)...[0m
[1;94m[*] [0mFuzzing test case #487 (917 total, 0 uniq crashes found)...[0m
[1;94m[*] [0mFuzzing test case #488 (917 total, 0 uniq crashes found)...[0m
[1;94m[*] [0mFuzzing test case #489 (917 total, 0 uniq crashes found)...[0m
[1;94m[*] [0mFuzzing test case #490 (917 total, 0 uniq crashes found)...[0m
[1;94m[*] [0mFuzzing test case #491 (917 total, 0 uniq crashes found)...[0m
[1;94m[*] [0mFuzzing test case #492 (917 total, 0 uniq crashes found)...[0m
[1;94m[*] [0mFuzzing test case #497 (917 total, 0 uniq crashes found)...[0m
[1;94m[*] [0mFuzzing test case #505 (917 total, 0 uniq crashes found)...[0m
[1;94m[*] [0mFuzzing test case #508 (917 total, 0 uniq crashes found)...[0m
[1;94m[*] [0mFuzzing test case #512 (917 total, 0 uniq crashes found)...[0m
[1;94m[*] [0mFuzzing test case #515 (918 total, 0 uniq crashes found)...[0m
[1;94m[*] [0mFuzzing test case #516 (919 total, 0 uniq crashes found)...[0m
[1;94m[*] [0mFuzzing test case #517 (919 total, 0 uniq crashes found)...[0m
[1;94m[*] [0mFuzzing test case #518 (919 total, 0 uniq crashes found)...[0m
[1;94m[*] [0mFuzzing test case #521 (920 total, 0 uniq crashes found)...[0m
[1;94m[*] [0mFuzzing test case #522 (920 total, 0 uniq crashes found)...[0m
[1;94m[*] [0mFuzzing test case #663 (921 total, 0 uniq crashes found)...[0m
[1;94m[*] [0mFuzzing test case #717 (921 total, 0 uniq crashes found)...[0m
[1;94m[*] [0mFuzzing test case #731 (921 total, 0 uniq crashes found)...[0m
[1;94m[*] [0mFuzzing test case #736 (921 total, 0 uniq crashes found)...[0m
[1;94m[*] [0mFuzzing test case #739 (922 total, 0 uniq crashes found)...[0m
[1;94m[*] [0mFuzzing test case #865 (922 total, 0 uniq crashes found)...[0m
[1;94m[*] [0mFuzzing test case #920 (922 total, 0 uniq crashes found)...[0m
[1;94m[*] [0mFuzzing test case #922 (925 total, 0 uniq crashes found)...[0m
[1;94m[*] [0mFuzzing test case #923 (925 total, 0 uniq crashes found)...[0m
[1;94m[*] [0mFuzzing test case #925 (926 total, 0 uniq crashes found)...[0m
[1;94m[*] [0mEntering queue cycle 25.[0m
[1;94m[*] [0mFuzzing test case #0 (926 total, 0 uniq crashes found)...[0m
[1;94m[*] [0mFuzzing test case #2 (926 total, 0 uniq crashes found)...[0m
[1;94m[*] [0mFuzzing test case #11 (926 total, 0 uniq crashes found)...[0m
[1;94m[*] [0mFuzzing test case #14 (926 total, 0 uniq crashes found)...[0m
[1;94m[*] [0mFuzzing test case #20 (926 total, 0 uniq crashes found)...[0m
[1;94m[*] [0mFuzzing test case #23 (926 total, 0 uniq crashes found)...[0m
[1;94m[*] [0mFuzzing test case #24 (926 total, 0 uniq crashes found)...[0m
[1;94m[*] [0mFuzzing test case #25 (926 total, 0 uniq crashes found)...[0m
[1;94m[*] [0mFuzzing test case #32 (926 total, 0 uniq crashes found)...[0m
[1;94m[*] [0mFuzzing test case #38 (926 total, 0 uniq crashes found)...[0m
[1;94m[*] [0mFuzzing test case #44 (926 total, 0 uniq crashes found)...[0m
[1;94m[*] [0mFuzzing test case #46 (926 total, 0 uniq crashes found)...[0m
[1;94m[*] [0mFuzzing test case #78 (926 total, 0 uniq crashes found)...[0m
[1;94m[*] [0mFuzzing test case #80 (926 total, 0 uniq crashes found)...[0m
[1;94m[*] [0mFuzzing test case #83 (926 total, 0 uniq crashes found)...[0m
[1;94m[*] [0mFuzzing test case #104 (926 total, 0 uniq crashes found)...[0m
[1;94m[*] [0mFuzzing test case #107 (926 total, 0 uniq crashes found)...[0m
[1;94m[*] [0mFuzzing test case #113 (926 total, 0 uniq crashes found)...[0m
[1;94m[*] [0mFuzzing test case #119 (926 total, 0 uniq crashes found)...[0m
[1;94m[*] [0mFuzzing test case #120 (926 total, 0 uniq crashes found)...[0m
[1;94m[*] [0mFuzzing test case #125 (926 total, 0 uniq crashes found)...[0m
[1;94m[*] [0mFuzzing test case #159 (926 total, 0 uniq crashes found)...[0m
[1;94m[*] [0mFuzzing test case #161 (926 total, 0 uniq crashes found)...[0m
[1;94m[*] [0mFuzzing test case #167 (926 total, 0 uniq crashes found)...[0m
[1;94m[*] [0mFuzzing test case #170 (926 total, 0 uniq crashes found)...[0m
[1;94m[*] [0mFuzzing test case #172 (926 total, 0 uniq crashes found)...[0m
[1;94m[*] [0mFuzzing test case #176 (926 total, 0 uniq crashes found)...[0m
[1;94m[*] [0mFuzzing test case #178 (926 total, 0 uniq crashes found)...[0m
[1;94m[*] [0mFuzzing test case #182 (926 total, 0 uniq crashes found)...[0m
[1;94m[*] [0mFuzzing test case #183 (926 total, 0 uniq crashes found)...[0m
[1;94m[*] [0mFuzzing test case #187 (926 total, 0 uniq crashes found)...[0m
[1;94m[*] [0mFuzzing test case #193 (926 total, 0 uniq crashes found)...[0m
[1;94m[*] [0mFuzzing test case #194 (926 total, 0 uniq crashes found)...[0m
[1;94m[*] [0mFuzzing test case #198 (926 total, 0 uniq crashes found)...[0m
[1;94m[*] [0mFuzzing test case #200 (926 total, 0 uniq crashes found)...[0m
[1;94m[*] [0mFuzzing test case #203 (926 total, 0 uniq crashes found)...[0m
[1;94m[*] [0mFuzzing test case #208 (926 total, 0 uniq crashes found)...[0m
[1;94m[*] [0mFuzzing test case #211 (926 total, 0 uniq crashes found)...[0m
[1;94m[*] [0mFuzzing test case #212 (926 total, 0 uniq crashes found)...[0m
[1;94m[*] [0mFuzzing test case #215 (926 total, 0 uniq crashes found)...[0m
[1;94m[*] [0mFuzzing test case #217 (926 total, 0 uniq crashes found)...[0m
[1;94m[*] [0mFuzzing test case #220 (926 total, 0 uniq crashes found)...[0m
[1;94m[*] [0mFuzzing test case #225 (926 total, 0 uniq crashes found)...[0m
[1;94m[*] [0mFuzzing test case #262 (927 total, 0 uniq crashes found)...[0m
[1;94m[*] [0mFuzzing test case #307 (927 total, 0 uniq crashes found)...[0m
[1;94m[*] [0mFuzzing test case #622 (927 total, 0 uniq crashes found)...[0m
[1;94m[*] [0mFuzzing test case #773 (927 total, 0 uniq crashes found)...[0m
[1;94m[*] [0mFuzzing test case #864 (927 total, 0 uniq crashes found)...[0m
[1;94m[*] [0mFuzzing test case #926 (928 total, 0 uniq crashes found)...[0m
[1;94m[*] [0mFuzzing test case #928 (929 total, 0 uniq crashes found)...[0m
[1;94m[*] [0mEntering queue cycle 26.[0m
[1;94m[*] [0mFuzzing test case #2 (930 total, 0 uniq crashes found)...[0m
[1;94m[*] [0mFuzzing test case #11 (930 total, 0 uniq crashes found)...[0m
[1;94m[*] [0mFuzzing test case #14 (930 total, 0 uniq crashes found)...[0m
[1;94m[*] [0mFuzzing test case #23 (930 total, 0 uniq crashes found)...[0m
[1;94m[*] [0mFuzzing test case #25 (930 total, 0 uniq crashes found)...[0m
[1;94m[*] [0mFuzzing test case #32 (930 total, 0 uniq crashes found)...[0m
[1;94m[*] [0mFuzzing test case #38 (930 total, 0 uniq crashes found)...[0m
[1;94m[*] [0mFuzzing test case #46 (930 total, 0 uniq crashes found)...[0m
[1;94m[*] [0mFuzzing test case #53 (930 total, 0 uniq crashes found)...[0m
[1;94m[*] [0mFuzzing test case #76 (930 total, 0 uniq crashes found)...[0m
[1;94m[*] [0mFuzzing test case #78 (930 total, 0 uniq crashes found)...[0m
[1;94m[*] [0mFuzzing test case #80 (930 total, 0 uniq crashes found)...[0m
[1;94m[*] [0mFuzzing test case #109 (931 total, 0 uniq crashes found)...[0m
[1;94m[*] [0mFuzzing test case #115 (931 total, 0 uniq crashes found)...[0m
[1;94m[*] [0mFuzzing test case #319 (931 total, 0 uniq crashes found)...[0m
[1;94m[*] [0mFuzzing test case #326 (931 total, 0 uniq crashes found)...[0m
[1;94m[*] [0mFuzzing test case #440 (931 total, 0 uniq crashes found)...[0m
[1;94m[*] [0mFuzzing test case #637 (931 total, 0 uniq crashes found)...[0m
[1;94m[*] [0mFuzzing test case #694 (932 total, 0 uniq crashes found)...[0m
[1;94m[*] [0mFuzzing test case #919 (932 total, 0 uniq crashes found)...[0m
[1;94m[*] [0mFuzzing test case #930 (935 total, 0 uniq crashes found)...[0m
[1;94m[*] [0mFuzzing test case #931 (935 total, 0 uniq crashes found)...[0m
[1;94m[*] [0mFuzzing test case #935 (941 total, 0 uniq crashes found)...[0m
[1;94m[*] [0mFuzzing test case #943 (949 total, 0 uniq crashes found)...[0m
[1;94m[*] [0mFuzzing test case #948 (978 total, 0 uniq crashes found)...[0m
[1;94m[*] [0mFuzzing test case #951 (1040 total, 0 uniq crashes found)...[0m
[1;94m[*] [0mFuzzing test case #953 (1044 total, 0 uniq crashes found)...[0m
[1;94m[*] [0mFuzzing test case #954 (1044 total, 0 uniq crashes found)...[0m
[1;94m[*] [0mFuzzing test case #958 (1049 total, 0 uniq crashes found)...[0m
[1;94m[*] [0mFuzzing test case #964 (1052 total, 0 uniq crashes found)...[0m
[1;94m[*] [0mFuzzing test case #968 (1053 total, 0 uniq crashes found)...[0m
[1;94m[*] [0mFuzzing test case #970 (1054 total, 0 uniq crashes found)...[0m
[1;94m[*] [0mFuzzing test case #971 (1058 total, 0 uniq crashes found)...[0m
[1;94m[*] [0mFuzzing test case #1003 (1058 total, 0 uniq crashes found)...[0m
[1;94m[*] [0mFuzzing test case #1004 (1067 total, 0 uniq crashes found)...[0m
[1;94m[*] [0mFuzzing test case #1040 (1123 total, 0 uniq crashes found)...[0m
[1;94m[*] [0mFuzzing test case #1047 (1124 total, 0 uniq crashes found)...[0m
[1;94m[*] [0mFuzzing test case #1050 (1124 total, 0 uniq crashes found)...[0m
[1;94m[*] [0mFuzzing test case #1052 (1127 total, 0 uniq crashes found)...[0m
[1;94m[*] [0mFuzzing test case #1053 (1127 total, 0 uniq crashes found)...[0m
[1;94m[*] [0mFuzzing test case #1057 (1134 total, 0 uniq crashes found)...[0m
[1;94m[*] [0mFuzzing test case #1058 (1134 total, 0 uniq crashes found)...[0m
[1;94m[*] [0mFuzzing test case #1061 (1142 total, 0 uniq crashes found)...[0m
[1;94m[*] [0mFuzzing test case #1068 (1187 total, 0 uniq crashes found)...[0m
[1;94m[*] [0mFuzzing test case #1069 (1188 total, 0 uniq crashes found)...[0m
[1;94m[*] [0mFuzzing test case #1070 (1209 total, 0 uniq crashes found)...[0m
[1;94m[*] [0mFuzzing test case #1071 (1216 total, 0 uniq crashes found)...[0m
[1;94m[*] [0mFuzzing test case #1072 (1218 total, 0 uniq crashes found)...[0m
[1;94m[*] [0mFuzzing test case #1073 (1218 total, 0 uniq crashes found)...[0m
[1;94m[*] [0mFuzzing test case #1076 (1219 total, 0 uniq crashes found)...[0m
[1;94m[*] [0mFuzzing test case #1079 (1235 total, 0 uniq crashes found)...[0m
[1;94m[*] [0mFuzzing test case #1084 (1235 total, 0 uniq crashes found)...[0m
[1;94m[*] [0mFuzzing test case #1085 (1241 total, 0 uniq crashes found)...[0m
[1;94m[*] [0mFuzzing test case #1088 (1252 total, 0 uniq crashes found)...[0m
[1;94m[*] [0mFuzzing test case #1092 (1260 total, 0 uniq crashes found)...[0m
[1;94m[*] [0mFuzzing test case #1096 (1260 total, 0 uniq crashes found)...[0m
[1;94m[*] [0mFuzzing test case #1099 (1281 total, 0 uniq crashes found)...[0m
[1;94m[*] [0mFuzzing test case #1118 (1287 total, 0 uniq crashes found)...[0m
[1;94m[*] [0mFuzzing test case #1122 (1298 total, 0 uniq crashes found)...[0m
[1;94m[*] [0mFuzzing test case #1125 (1298 total, 0 uniq crashes found)...[0m
[1;94m[*] [0mFuzzing test case #1126 (1298 total, 0 uniq crashes found)...[0m
[1;94m[*] [0mFuzzing test case #1127 (1315 total, 0 uniq crashes found)...[0m
[1;94m[*] [0mFuzzing test case #1128 (1317 total, 0 uniq crashes found)...[0m
[1;94m[*] [0mFuzzing test case #1129 (1321 total, 0 uniq crashes found)...[0m
[1;94m[*] [0mFuzzing test case #1130 (1322 total, 0 uniq crashes found)...[0m
[1;94m[*] [0mFuzzing test case #1131 (1322 total, 0 uniq crashes found)...[0m
[1;94m[*] [0mFuzzing test case #1132 (1322 total, 0 uniq crashes found)...[0m
[1;94m[*] [0mFuzzing test case #1153 (1322 total, 0 uniq crashes found)...[0m
[1;94m[*] [0mFuzzing test case #1174 (1327 total, 0 uniq crashes found)...[0m
[1;94m[*] [0mFuzzing test case #1176 (1328 total, 0 uniq crashes found)...[0m
[1;94m[*] [0mFuzzing test case #1177 (1328 total, 0 uniq crashes found)...[0m
[1;94m[*] [0mFuzzing test case #1178 (1332 total, 0 uniq crashes found)...[0m
[1;94m[*] [0mFuzzing test case #1181 (1332 total, 0 uniq crashes found)...[0m
[1;94m[*] [0mFuzzing test case #1183 (1333 total, 0 uniq crashes found)...[0m
[1;94m[*] [0mFuzzing test case #1184 (1333 total, 0 uniq crashes found)...[0m
[1;94m[*] [0mFuzzing test case #1186 (1334 total, 0 uniq crashes found)...[0m
[1;94m[*] [0mFuzzing test case #1190 (1334 total, 0 uniq crashes found)...[0m
[1;94m[*] [0mFuzzing test case #1191 (1339 total, 0 uniq crashes found)...[0m
[1;94m[*] [0mFuzzing test case #1220 (1341 total, 0 uniq crashes found)...[0m
[1;94m[*] [0mFuzzing test case #1224 (1350 total, 0 uniq crashes found)...[0m
[1;94m[*] [0mFuzzing test case #1230 (1355 total, 0 uniq crashes found)...[0m
[1;94m[*] [0mFuzzing test case #1237 (1357 total, 0 uniq crashes found)...[0m
[1;94m[*] [0mFuzzing test case #1247 (1357 total, 0 uniq crashes found)...[0m
[1;94m[*] [0mFuzzing test case #1250 (1357 total, 0 uniq crashes found)...[0m
[1;94m[*] [0mFuzzing test case #1251 (1357 total, 0 uniq crashes found)...[0m
[1;94m[*] [0mFuzzing test case #1255 (1357 total, 0 uniq crashes found)...[0m
[1;94m[*] [0mFuzzing test case #1259 (1357 total, 0 uniq crashes found)...[0m
[1;94m[*] [0mFuzzing test case #1261 (1369 total, 0 uniq crashes found)...[0m
[1;94m[*] [0mFuzzing test case #1262 (1374 total, 0 uniq crashes found)...[0m
[1;94m[*] [0mFuzzing test case #1263 (1379 total, 0 uniq crashes found)...[0m
[1;94m[*] [0mFuzzing test case #1264 (1379 total, 0 uniq crashes found)...[0m
[1;94m[*] [0mFuzzing test case #1265 (1382 total, 0 uniq crashes found)...[0m
[1;94m[*] [0mFuzzing test case #1266 (1382 total, 0 uniq crashes found)...[0m
[1;94m[*] [0mFuzzing test case #1267 (1402 total, 0 uniq crashes found)...[0m
[1;94m[*] [0mFuzzing test case #1268 (1409 total, 0 uniq crashes found)...[0m
[1;94m[*] [0mFuzzing test case #1287 (1410 total, 0 uniq crashes found)...[0m
[1;94m[*] [0mFuzzing test case #1290 (1410 total, 0 uniq crashes found)...[0m
[1;94m[*] [0mFuzzing test case #1291 (1414 total, 0 uniq crashes found)...[0m
[1;94m[*] [0mFuzzing test case #1293 (1430 total, 0 uniq crashes found)...[0m
[1;94m[*] [0mFuzzing test case #1294 (1432 total, 0 uniq crashes found)...[0m
[1;94m[*] [0mFuzzing test case #1296 (1434 total, 0 uniq crashes found)...[0m
[1;94m[*] [0mFuzzing test case #1312 (1440 total, 0 uniq crashes found)...[0m
[1;94m[*] [0mFuzzing test case #1315 (1440 total, 0 uniq crashes found)...[0m
[1;94m[*] [0mFuzzing test case #1319 (1444 total, 0 uniq crashes found)...[0m
[1;94m[*] [0mFuzzing test case #1323 (1449 total, 0 uniq crashes found)...[0m
[1;94m[*] [0mFuzzing test case #1324 (1449 total, 0 uniq crashes found)...[0m
[1;94m[*] [0mFuzzing test case #1325 (1450 total, 0 uniq crashes found)...[0m
[1;94m[*] [0mFuzzing test case #1326 (1454 total, 0 uniq crashes found)...[0m
[1;94m[*] [0mFuzzing test case #1327 (1459 total, 0 uniq crashes found)...[0m
[1;94m[*] [0mFuzzing test case #1332 (1460 total, 0 uniq crashes found)...[0m
[1;94m[*] [0mFuzzing test case #1336 (1462 total, 0 uniq crashes found)...[0m
[1;94m[*] [0mFuzzing test case #1340 (1464 total, 0 uniq crashes found)...[0m
[1;94m[*] [0mFuzzing test case #1368 (1464 total, 0 uniq crashes found)...[0m
[1;94m[*] [0mFuzzing test case #1369 (1473 total, 0 uniq crashes found)...[0m
[1;94m[*] [0mFuzzing test case #1370 (1493 total, 0 uniq crashes found)...[0m
[1;94m[*] [0mFuzzing test case #1371 (1498 total, 0 uniq crashes found)...[0m
[1;94m[*] [0mFuzzing test case #1372 (1499 total, 0 uniq crashes found)...[0m
[1;94m[*] [0mFuzzing test case #1373 (1503 total, 0 uniq crashes found)...[0m
[1;94m[*] [0mFuzzing test case #1381 (1504 total, 0 uniq crashes found)...[0m
[1;94m[*] [0mFuzzing test case #1384 (1507 total, 0 uniq crashes found)...[0m
[1;94m[*] [0mFuzzing test case #1386 (1508 total, 0 uniq crashes found)...[0m
[1;94m[*] [0mFuzzing test case #1388 (1508 total, 0 uniq crashes found)...[0m
[1;94m[*] [0mFuzzing test case #1389 (1509 total, 0 uniq crashes found)...[0m
[1;94m[*] [0mFuzzing test case #1390 (1509 total, 0 uniq crashes found)...[0m
[1;94m[*] [0mFuzzing test case #1391 (1524 total, 0 uniq crashes found)...[0m
[1;94m[*] [0mFuzzing test case #1392 (1524 total, 0 uniq crashes found)...[0m
[1;94m[*] [0mFuzzing test case #1394 (1524 total, 0 uniq crashes found)...[0m
[1;94m[*] [0mFuzzing test case #1398 (1525 total, 0 uniq crashes found)...[0m
[1;94m[*] [0mFuzzing test case #1399 (1525 total, 0 uniq crashes found)...[0m
[1;94m[*] [0mFuzzing test case #1400 (1526 total, 0 uniq crashes found)...[0m
[1;94m[*] [0mFuzzing test case #1401 (1529 total, 0 uniq crashes found)...[0m
[1;94m[*] [0mFuzzing test case #1402 (1535 total, 0 uniq crashes found)...[0m
[1;94m[*] [0mFuzzing test case #1403 (1536 total, 0 uniq crashes found)...[0m
[1;94m[*] [0mFuzzing test case #1404 (1536 total, 0 uniq crashes found)...[0m
[1;94m[*] [0mFuzzing test case #1405 (1541 total, 0 uniq crashes found)...[0m
[1;94m[*] [0mFuzzing test case #1406 (1541 total, 0 uniq crashes found)...[0m
[1;94m[*] [0mFuzzing test case #1407 (1541 total, 0 uniq crashes found)...[0m
[1;94m[*] [0mFuzzing test case #1408 (1541 total, 0 uniq crashes found)...[0m
[1;94m[*] [0mFuzzing test case #1409 (1544 total, 0 uniq crashes found)...[0m
[1;94m[*] [0mFuzzing test case #1414 (1545 total, 0 uniq crashes found)...[0m
[1;94m[*] [0mFuzzing test case #1416 (1547 total, 0 uniq crashes found)...[0m
[1;94m[*] [0mFuzzing test case #1429 (1548 total, 0 uniq crashes found)...[0m
[1;94m[*] [0mFuzzing test case #1431 (1551 total, 0 uniq crashes found)...[0m
[1;94m[*] [0mFuzzing test case #1433 (1552 total, 0 uniq crashes found)...[0m
[1;94m[*] [0mFuzzing test case #1437 (1552 total, 0 uniq crashes found)...[0m
[1;94m[*] [0mFuzzing test case #1443 (1567 total, 0 uniq crashes found)...[0m
[1;94m[*] [0mFuzzing test case #1444 (1567 total, 0 uniq crashes found)...[0m
[1;94m[*] [0mFuzzing test case #1448 (1567 total, 0 uniq crashes found)...[0m
[1;94m[*] [0mFuzzing test case #1450 (1567 total, 0 uniq crashes found)...[0m
[1;94m[*] [0mFuzzing test case #1451 (1567 total, 0 uniq crashes found)...[0m
[1;94m[*] [0mFuzzing test case #1453 (1568 total, 0 uniq crashes found)...[0m
[1;94m[*] [0mFuzzing test case #1454 (1568 total, 0 uniq crashes found)...[0m
[1;94m[*] [0mFuzzing test case #1455 (1568 total, 0 uniq crashes found)...[0m
[1;94m[*] [0mFuzzing test case #1456 (1570 total, 0 uniq crashes found)...[0m
[1;94m[*] [0mFuzzing test case #1461 (1570 total, 0 uniq crashes found)...[0m
[1;94m[*] [0mFuzzing test case #1462 (1570 total, 0 uniq crashes found)...[0m
[1;94m[*] [0mFuzzing test case #1463 (1570 total, 0 uniq crashes found)...[0m
[1;94m[*] [0mFuzzing test case #1465 (1570 total, 0 uniq crashes found)...[0m
[1;94m[*] [0mFuzzing test case #1472 (1580 total, 0 uniq crashes found)...[0m
[1;94m[*] [0mFuzzing test case #1485 (1580 total, 0 uniq crashes found)...[0m
[1;94m[*] [0mFuzzing test case #1493 (1580 total, 0 uniq crashes found)...[0m
[1;94m[*] [0mFuzzing test case #1502 (1580 total, 0 uniq crashes found)...[0m
[1;94m[*] [0mFuzzing test case #1503 (1580 total, 0 uniq crashes found)...[0m
[1;94m[*] [0mFuzzing test case #1504 (1581 total, 0 uniq crashes found)...[0m
[1;94m[*] [0mFuzzing test case #1505 (1581 total, 0 uniq crashes found)...[0m
[1;94m[*] [0mFuzzing test case #1506 (1589 total, 0 uniq crashes found)...[0m
[1;94m[*] [0mFuzzing test case #1524 (1589 total, 0 uniq crashes found)...[0m
[1;94m[*] [0mFuzzing test case #1525 (1589 total, 0 uniq crashes found)...[0m
[1;94m[*] [0mFuzzing test case #1526 (1601 total, 0 uniq crashes found)...[0m
[1;94m[*] [0mFuzzing test case #1535 (1602 total, 0 uniq crashes found)...[0m
[1;94m[*] [0mFuzzing test case #1536 (1602 total, 0 uniq crashes found)...[0m
[1;94m[*] [0mFuzzing test case #1544 (1602 total, 0 uniq crashes found)...[0m
[1;94m[*] [0mFuzzing test case #1547 (1602 total, 0 uniq crashes found)...[0m
[1;94m[*] [0mFuzzing test case #1548 (1607 total, 0 uniq crashes found)...[0m
[1;94m[*] [0mFuzzing test case #1549 (1607 total, 0 uniq crashes found)...[0m
[1;94m[*] [0mFuzzing test case #1550 (1610 total, 0 uniq crashes found)...[0m
[1;94m[*] [0mFuzzing test case #1551 (1610 total, 0 uniq crashes found)...[0m
[1;94m[*] [0mFuzzing test case #1555 (1610 total, 0 uniq crashes found)...[0m
[1;94m[*] [0mFuzzing test case #1570 (1611 total, 0 uniq crashes found)...[0m
[1;94m[*] [0mFuzzing test case #1571 (1611 total, 0 uniq crashes found)...[0m
[1;94m[*] [0mFuzzing test case #1578 (1612 total, 0 uniq crashes found)...[0m
[1;94m[*] [0mFuzzing test case #1580 (1612 total, 0 uniq crashes found)...[0m
[1;94m[*] [0mFuzzing test case #1598 (1613 total, 0 uniq crashes found)...[0m
[1;94m[*] [0mFuzzing test case #1600 (1613 total, 0 uniq crashes found)...[0m
[1;94m[*] [0mFuzzing test case #1602 (1613 total, 0 uniq crashes found)...[0m
[1;94m[*] [0mFuzzing test case #1603 (1613 total, 0 uniq crashes found)...[0m
[1;94m[*] [0mFuzzing test case #1604 (1613 total, 0 uniq crashes found)...[0m
[1;94m[*] [0mFuzzing test case #1605 (1613 total, 0 uniq crashes found)...[0m
[1;94m[*] [0mFuzzing test case #1606 (1613 total, 0 uniq crashes found)...[0m
[1;94m[*] [0mFuzzing test case #1612 (1613 total, 0 uniq crashes found)...[0m
[1;94m[*] [0mFuzzing test case #1613 (1614 total, 0 uniq crashes found)...[0m
[1;94m[*] [0mEntering queue cycle 27.[0m
[1;94m[*] [0mFuzzing test case #13 (1614 total, 0 uniq crashes found)...[0m
[1;94m[*] [0mFuzzing test case #107 (1614 total, 0 uniq crashes found)...[0m
[1;94m[*] [0mFuzzing test case #269 (1614 total, 0 uniq crashes found)...[0m
[1;94m[*] [0mFuzzing test case #501 (1614 total, 0 uniq crashes found)...[0m
[1;94m[*] [0mFuzzing test case #522 (1615 total, 0 uniq crashes found)...[0m
[1;94m[*] [0mFuzzing test case #598 (1615 total, 0 uniq crashes found)...[0m
[1;94m[*] [0mFuzzing test case #624 (1615 total, 0 uniq crashes found)...[0m
[1;94m[*] [0mFuzzing test case #956 (1615 total, 0 uniq crashes found)...[0m
[1;94m[*] [0mFuzzing test case #1108 (1615 total, 0 uniq crashes found)...[0m
[1;94m[*] [0mFuzzing test case #1118 (1615 total, 0 uniq crashes found)...[0m
[1;94m[*] [0mFuzzing test case #1222 (1615 total, 0 uniq crashes found)...[0m
[1;94m[*] [0mFuzzing test case #1242 (1615 total, 0 uniq crashes found)...[0m
[1;94m[*] [0mFuzzing test case #1259 (1617 total, 0 uniq crashes found)...[0m
[1;94m[*] [0mFuzzing test case #1271 (1617 total, 0 uniq crashes found)...[0m
[1;94m[*] [0mFuzzing test case #1393 (1617 total, 0 uniq crashes found)...[0m
[1;94m[*] [0mFuzzing test case #1394 (1617 total, 0 uniq crashes found)...[0m
[1;94m[*] [0mFuzzing test case #1395 (1619 total, 0 uniq crashes found)...[0m
[1;94m[*] [0mFuzzing test case #1397 (1619 total, 0 uniq crashes found)...[0m
[1;94m[*] [0mFuzzing test case #1398 (1619 total, 0 uniq crashes found)...[0m
[1;94m[*] [0mFuzzing test case #1399 (1619 total, 0 uniq crashes found)...[0m
[1;94m[*] [0mFuzzing test case #1400 (1619 total, 0 uniq crashes found)...[0m
[1;94m[*] [0mFuzzing test case #1401 (1619 total, 0 uniq crashes found)...[0m
[1;94m[*] [0mFuzzing test case #1403 (1619 total, 0 uniq crashes found)...[0m
[1;94m[*] [0mFuzzing test case #1404 (1619 total, 0 uniq crashes found)...[0m
[1;94m[*] [0mFuzzing test case #1405 (1619 total, 0 uniq crashes found)...[0m
[1;94m[*] [0mFuzzing test case #1406 (1621 total, 0 uniq crashes found)...[0m
[1;94m[*] [0mFuzzing test case #1407 (1621 total, 0 uniq crashes found)...[0m
[1;94m[*] [0mFuzzing test case #1408 (1621 total, 0 uniq crashes found)...[0m
[?25h[1;91m

+++ Testing aborted by user +++
[0m[1;92m[+] [0mWe're done here. Have a nice day!
[0m
