schema_version,timestamp_us,result,elapsed_us,branch_id,cum_solving_time_us
v1,1790758511109593,UNSAT,322,10728d70e0641a69:0x7b7dc,322
v1,1790758511112488,UNSAT,164,10728d70e0641a69:0x7b7dc,486
v1,1790758511255036,SAT,2663,10728d70e0641a69:0x8eccc,3149
v1,1790758511281512,SAT,975,10728d70e0641a69:0xa817c,4124
v1,1790758511319286,UNSAT,194,10728d70e0641a69:0x1159e5,4318
v1,1790758511319693,UNSAT,163,10728d70e0641a69:0x1159e5,4481
v1,1790758511330878,SAT,509,10728d70e0641a69:0x6cd2,4990
v1,1790758511349647,SAT,587,10728d70e0641a69:0x115a2d,5577
v1,1790758511367087,UNSAT,185,10728d70e0641a69:0x115a2d,5762
v1,1790758511386995,UNSAT,190,10728d70e0641a69:0x115a2d,5952
v1,1790758511392366,UNSAT,198,10728d70e0641a69:0x115a2d,6150
v1,1790758511397839,UNSAT,185,10728d70e0641a69:0x115a2d,6335
v1,1790758511414624,SAT,576,10728d70e0641a69:0xa81f9,6911
v1,1790758511420077,SAT,559,10728d70e0641a69:0xa8240,7470
v1,1790758511426531,SAT,464,10728d70e0641a69:0xa828b,7934
v1,1790758511432698,SAT,933,10728d70e0641a69:0xa82d2,8867
v1,1790758511438895,SAT,450,10728d70e0641a69:0xa831e,9317
v1,1790758511444822,SAT,1026,10728d70e0641a69:0xa8362,10343
v1,1790758511450663,SAT,515,10728d70e0641a69:0xa83af,10858
v1,1790758511455953,SAT,608,10728d70e0641a69:0xa83f8,11466
v1,1790758511463131,SAT,284,10728d70e0641a69:0xa856e,11750
v1,1790758511471563,UNSAT,181,10728d70e0641a69:0xa85ea,11931
v1,1790758511472277,SAT,430,10728d70e0641a69:0xa85ea,12361
v1,1790758511484261,UNSAT,453,10728d70e0641a69:0x3e5dd,12814
v1,1790758511484910,SAT,222,10728d70e0641a69:0x3e5dd,13036
v1,1790758511495905,SAT,2187,10728d70e0641a69:0x3e6a2,15223
v1,1790758511509718,UNSAT,189,10728d70e0641a69:0xaa573,15412
v1,1790758511510479,SAT,506,10728d70e0641a69:0xaa573,15918
v1,1790758511518426,UNSAT,228,10728d70e0641a69:0x6cd2,16146
v1,1790758511519244,SAT,547,10728d70e0641a69:0x6cd2,16693
v1,1790758511520992,UNSAT,186,10728d70e0641a69:0x115a2d,16879
v1,1790758511521481,SAT,172,10728d70e0641a69:0x115a2d,17051
v1,1790758511529611,UNSAT,176,10728d70e0641a69:0x115a2d,17227
v1,1790758511531965,UNSAT,164,10728d70e0641a69:0x115a2d,17391
v1,1790758511534304,UNSAT,180,10728d70e0641a69:0x115a2d,17571
v1,1790758511536619,UNSAT,170,10728d70e0641a69:0x115a2d,17741
v1,1790758511538947,UNSAT,168,10728d70e0641a69:0x115a2d,17909
v1,1790758511541311,UNSAT,186,10728d70e0641a69:0x115a2d,18095
v1,1790758511543832,UNSAT,173,10728d70e0641a69:0x115a2d,18268
v1,1790758511546241,UNSAT,164,10728d70e0641a69:0x115a2d,18432
v1,1790758511553013,UNSAT,168,10728d70e0641a69:0x115a2d,18600
v1,1790758511562701,UNSAT,181,10728d70e0641a69:0x115a2d,18781
v1,1790758511565184,UNSAT,171,10728d70e0641a69:0x115a2d,18952
v1,1790758511566472,UNSAT,141,10728d70e0641a69:0x115a2d,19093
v1,1790758511567760,UNSAT,143,10728d70e0641a69:0x115a2d,19236
v1,1790758511575713,UNSAT,208,10728d70e0641a69:0xa6db7,19444
v1,1790758511576542,SAT,577,10728d70e0641a69:0xa6db7,20021
v1,1790758511588387,UNSAT,227,10728d70e0641a69:0xa6ec6,20248
v1,1790758511589289,SAT,550,10728d70e0641a69:0xa6ec6,20798
v1,1790758511605899,SAT,570,10728d70e0641a69:0xaa60f,21368
v1,1790758511614549,SAT,596,10728d70e0641a69:0xaa680,21964
v1,1790758511622544,SAT,287,10728d70e0641a69:0xaa713,22251
v1,1790758511628273,SAT,213,10728d70e0641a69:0xaa758,22464
v1,1790758511633530,SAT,206,10728d70e0641a69:0xaa79c,22670
v1,1790758511642984,SAT,538,10728d70e0641a69:0xaa82b,23208
v1,1790758511697703,SAT,632,10728d70e0641a69:0xf247,23840
v1,1790758511716013,SAT,6517,10728d70e0641a69:0xf30f,30357
v1,1790758511724056,SAT,251,10728d70e0641a69:0xf38b,30608
v1,1790758511739996,SAT,866,10728d70e0641a69:0xf483,31474
v1,1790758511752984,SAT,4547,10728d70e0641a69:0xf500,36021
v1,1790758511761823,SAT,396,10728d70e0641a69:0xf5cf,36417
v1,1790758511767820,SAT,643,10728d70e0641a69:0xf613,37060
v1,1790758511777121,SAT,1180,10728d70e0641a69:0xf68f,38240
v1,1790758511788871,UNSAT,252,10728d70e0641a69:0xf74c,38492
v1,1790758511791144,SAT,1830,10728d70e0641a69:0xf74c,40322
v1,1790758511796486,UNSAT,210,10728d70e0641a69:0xf78f,40532
v1,1790758511796904,SAT,156,10728d70e0641a69:0xf78f,40688
v1,1790758511805235,SAT,539,10728d70e0641a69:0xf80c,41227
v1,1790758511811486,SAT,599,10728d70e0641a69:0xf89a,41826
v1,1790758511828445,SAT,560,10728d70e0641a69:0xf9a6,42386
v1,1790758511837789,UNSAT,216,10728d70e0641a69:0xc4116,42602
v1,1790758511838665,SAT,602,10728d70e0641a69:0xc4116,43204
v1,1790758511845633,UNSAT,221,10728d70e0641a69:0xc4268,43425
v1,1790758511846510,SAT,612,10728d70e0641a69:0xc4268,44037
v1,1790758511866295,SAT,590,10728d70e0641a69:0xa817c,44627
v1,1790758511867567,UNSAT,189,10728d70e0641a69:0x1159e5,44816
v1,1790758511867931,UNSAT,143,10728d70e0641a69:0x1159e5,44959
v1,1790758511869310,SAT,564,10728d70e0641a69:0x6cd2,45523
v1,1790758511880127,SAT,568,10728d70e0641a69:0x115a2d,46091
v1,1790758511881140,UNSAT,175,10728d70e0641a69:0x115a2d,46266
v1,1790758511881909,UNSAT,146,10728d70e0641a69:0x115a2d,46412
v1,1790758511882634,UNSAT,159,10728d70e0641a69:0x115a2d,46571
v1,1790758511883336,UNSAT,150,10728d70e0641a69:0x115a2d,46721
v1,1790758511884808,SAT,671,10728d70e0641a69:0xa81f9,47392
v1,1790758511886621,SAT,780,10728d70e0641a69:0xa8240,48172
v1,1790758511888354,SAT,606,10728d70e0641a69:0xa828b,48778
v1,1790758511890198,SAT,890,10728d70e0641a69:0xa82d2,49668
v1,1790758511891910,SAT,555,10728d70e0641a69:0xa831e,50223
v1,1790758511894280,SAT,1063,10728d70e0641a69:0xa8362,51286
v1,1790758511895952,SAT,648,10728d70e0641a69:0xa83af,51934
v1,1790758511897692,SAT,676,10728d70e0641a69:0xa83f8,52610
v1,1790758511899392,UNSAT,277,10728d70e0641a69:0xa856e,52887
v1,1790758511899833,SAT,162,10728d70e0641a69:0xa856e,53049
v1,1790758511901306,UNSAT,186,10728d70e0641a69:0xa85ea,53235
v1,1790758511902088,SAT,531,10728d70e0641a69:0xa85ea,53766
v1,1790758511903711,UNSAT,244,10728d70e0641a69:0x3e5dd,54010
v1,1790758511904145,SAT,169,10728d70e0641a69:0x3e5dd,54179
v1,1790758511905636,UNSAT,246,10728d70e0641a69:0x3e6a2,54425
v1,1790758511906175,SAT,182,10728d70e0641a69:0x3e6a2,54607
v1,1790758511911908,UNSAT,298,10728d70e0641a69:0x3e6e6,54905
v1,1790758511912644,SAT,451,10728d70e0641a69:0x3e6e6,55356
v1,1790758511939334,UNSAT,239,10728d70e0641a69:0x3e730,55595
v1,1790758511939800,UNSAT,151,10728d70e0641a69:0x3e730,55746
v1,1790758511942780,UNSAT,302,10728d70e0641a69:0x3e9ce,56048
v1,1790758511943245,SAT,180,10728d70e0641a69:0x3e9ce,56228
v1,1790758511949645,UNSAT,454,10728d70e0641a69:0x3ea12,56682
v1,1790758511950418,SAT,289,10728d70e0641a69:0x3ea12,56971
v1,1790758511958776,SAT,326,10728d70e0641a69:0x3ea56,57297
v1,1790758511965459,SAT,393,10728d70e0641a69:0x3ea9a,57690
v1,1790758511972421,SAT,357,10728d70e0641a69:0x3eade,58047
v1,1790758511982180,SAT,3198,10728d70e0641a69:0x3eb22,61245
v1,1790758511998648,UNSAT,224,10728d70e0641a69:0xabb3b,61469
v1,1790758511999501,SAT,566,10728d70e0641a69:0xabb3b,62035
v1,1790758512006061,UNSAT,339,10728d70e0641a69:0x6cd2,62374
v1,1790758512006865,SAT,479,10728d70e0641a69:0x6cd2,62853
v1,1790758512008621,UNSAT,197,10728d70e0641a69:0x115a2d,63050
v1,1790758512009001,SAT,133,10728d70e0641a69:0x115a2d,63183
v1,1790758512010267,UNSAT,171,10728d70e0641a69:0x115a2d,63354
v1,1790758512011402,UNSAT,173,10728d70e0641a69:0x115a2d,63527
v1,1790758512012526,UNSAT,177,10728d70e0641a69:0x115a2d,63704
v1,1790758512013672,UNSAT,162,10728d70e0641a69:0x115a2d,63866
v1,1790758512017826,UNSAT,272,10728d70e0641a69:0xa6db7,64138
v1,1790758512018599,SAT,493,10728d70e0641a69:0xa6db7,64631
v1,1790758512029364,UNSAT,216,10728d70e0641a69:0xa6ec6,64847
v1,1790758512031307,SAT,1669,10728d70e0641a69:0xa6ec6,66516
v1,1790758512040797,SAT,753,10728d70e0641a69:0xabcdc,67269
v1,1790758512048973,SAT,1271,10728d70e0641a69:0xabc8,68540
v1,1790758512106841,SAT,611,10728d70e0641a69:0xa817c,69151
v1,1790758512108497,UNSAT,180,10728d70e0641a69:0x1159e5,69331
v1,1790758512108910,UNSAT,167,10728d70e0641a69:0x1159e5,69498
v1,1790758512110829,SAT,841,10728d70e0641a69:0x6cd2,70339
v1,1790758512113542,SAT,862,10728d70e0641a69:0x115a2d,71201
v1,1790758512114888,UNSAT,218,10728d70e0641a69:0x115a2d,71419
v1,1790758512115802,UNSAT,184,10728d70e0641a69:0x115a2d,71603
v1,1790758512116550,UNSAT,162,10728d70e0641a69:0x115a2d,71765
v1,1790758512117361,UNSAT,174,10728d70e0641a69:0x115a2d,71939
v1,1790758512119007,SAT,653,10728d70e0641a69:0xa81f9,72592
v1,1790758512122074,SAT,688,10728d70e0641a69:0xa8240,73280
v1,1790758512123681,SAT,629,10728d70e0641a69:0xa828b,73909
v1,1790758512126617,SAT,1681,10728d70e0641a69:0xa82d2,75590
v1,1790758512128674,SAT,590,10728d70e0641a69:0xa831e,76180
v1,1790758512131498,SAT,1410,10728d70e0641a69:0xa8362,77590
v1,1790758512134091,SAT,1004,10728d70e0641a69:0xa83af,78594
v1,1790758512136347,SAT,746,10728d70e0641a69:0xa83f8,79340
v1,1790758512138179,UNSAT,257,10728d70e0641a69:0xa856e,79597
v1,1790758512138642,SAT,182,10728d70e0641a69:0xa856e,79779
v1,1790758512140215,UNSAT,184,10728d70e0641a69:0xa85ea,79963
v1,1790758512141041,SAT,532,10728d70e0641a69:0xa85ea,80495
v1,1790758512142768,UNSAT,230,10728d70e0641a69:0x3e5dd,80725
v1,1790758512143202,SAT,172,10728d70e0641a69:0x3e5dd,80897
v1,1790758512145001,UNSAT,270,10728d70e0641a69:0x3e6a2,81167
v1,1790758512145474,SAT,175,10728d70e0641a69:0x3e6a2,81342
v1,1790758512147277,UNSAT,279,10728d70e0641a69:0x3e6e6,81621
v1,1790758512147714,SAT,164,10728d70e0641a69:0x3e6e6,81785
v1,1790758512150477,UNSAT,289,10728d70e0641a69:0x3e730,82074
v1,1790758512151142,UNSAT,224,10728d70e0641a69:0x3e730,82298
v1,1790758512153272,UNSAT,430,10728d70e0641a69:0x3e9ce,82728
v1,1790758512153902,SAT,190,10728d70e0641a69:0x3e9ce,82918
v1,1790758512156896,UNSAT,462,10728d70e0641a69:0x3ea12,83380
v1,1790758512157580,SAT,211,10728d70e0641a69:0x3ea12,83591
v1,1790758512160043,SAT,321,10728d70e0641a69:0x3ea56,83912
v1,1790758512163935,SAT,332,10728d70e0641a69:0x3ea9a,84244
v1,1790758512168035,SAT,347,10728d70e0641a69:0x3eade,84591
v1,1790758512170847,SAT,344,10728d70e0641a69:0x3eb22,84935
v1,1790758512177874,SAT,354,10728d70e0641a69:0x3eb66,85289
v1,1790758512185044,SAT,360,10728d70e0641a69:0x3ebaa,85649
v1,1790758512192559,SAT,367,10728d70e0641a69:0x3ebee,86016
v1,1790758512200197,SAT,400,10728d70e0641a69:0x3ec32,86416
v1,1790758512208671,SAT,404,10728d70e0641a69:0x3ec76,86820
v1,1790758512216901,SAT,430,10728d70e0641a69:0x3ecba,87250
v1,1790758512228854,SAT,4037,10728d70e0641a69:0x3ecfe,91287
v1,1790758512244788,UNSAT,197,10728d70e0641a69:0xacdeb,91484
v1,1790758512245605,SAT,557,10728d70e0641a69:0xacdeb,92041
v1,1790758512257738,UNSAT,322,10728d70e0641a69:0x6cd2,92363
v1,1790758512258567,SAT,531,10728d70e0641a69:0x6cd2,92894
v1,1790758512260276,UNSAT,184,10728d70e0641a69:0x115a2d,93078
v1,1790758512260905,SAT,220,10728d70e0641a69:0x115a2d,93298
v1,1790758512262278,UNSAT,181,10728d70e0641a69:0x115a2d,93479
v1,1790758512270259,UNSAT,512,10728d70e0641a69:0xa6db7,93991
v1,1790758512271686,SAT,903,10728d70e0641a69:0xa6db7,94894
v1,1790758512274482,UNSAT,241,10728d70e0641a69:0xa6ec6,95135
v1,1790758512275398,SAT,574,10728d70e0641a69:0xa6ec6,95709
v1,1790758512296407,SAT,580,10728d70e0641a69:0xb594,96289
v1,1790758512317952,UNSAT,232,10728d70e0641a69:0xb7f4,96521
v1,1790758512318405,SAT,185,10728d70e0641a69:0xb7f4,96706
v1,1790758512380077,SAT,600,10728d70e0641a69:0xa817c,97306
v1,1790758512381645,UNSAT,182,10728d70e0641a69:0x1159e5,97488
v1,1790758512382045,UNSAT,138,10728d70e0641a69:0x1159e5,97626
v1,1790758512384347,SAT,870,10728d70e0641a69:0x115a2d,98496
v1,1790758512385833,UNSAT,244,10728d70e0641a69:0x115a2d,98740
v1,1790758512386920,UNSAT,176,10728d70e0641a69:0x115a2d,98916
v1,1790758512387683,UNSAT,157,10728d70e0641a69:0x115a2d,99073
v1,1790758512388442,UNSAT,161,10728d70e0641a69:0x115a2d,99234
v1,1790758512390179,UNSAT,211,10728d70e0641a69:0xa85ea,99445
v1,1790758512391655,SAT,957,10728d70e0641a69:0xa85ea,100402
v1,1790758512421847,UNSAT,229,10728d70e0641a69:0xaac9f,100631
v1,1790758512422683,SAT,501,10728d70e0641a69:0xaac9f,101132
v1,1790758512429846,UNSAT,772,10728d70e0641a69:0xaace6,101904
v1,1790758512431264,SAT,759,10728d70e0641a69:0xaace6,102663
v1,1790758512444266,UNSAT,222,10728d70e0641a69:0xa897f,102885
v1,1790758512444795,SAT,184,10728d70e0641a69:0xa897f,103069
v1,1790758512454876,UNSAT,215,10728d70e0641a69:0xa8a0f,103284
v1,1790758512455762,SAT,592,10728d70e0641a69:0xa8a0f,103876
v1,1790758512461989,UNSAT,216,10728d70e0641a69:0xa904a,104092
v1,1790758512462823,SAT,533,10728d70e0641a69:0xa904a,104625
v1,1790758512498229,UNSAT,208,10728d70e0641a69:0x115a2d,104833
v1,1790758512498656,UNSAT,141,10728d70e0641a69:0x115a2d,104974
v1,1790758512517072,UNSAT,230,10728d70e0641a69:0x115a2d,105204
v1,1790758512518914,UNSAT,191,10728d70e0641a69:0x115a2d,105395
v1,1790758512520978,UNSAT,190,10728d70e0641a69:0x115a2d,105585
v1,1790758512523049,UNSAT,204,10728d70e0641a69:0x115a2d,105789
v1,1790758512525880,UNSAT,213,10728d70e0641a69:0x115a2d,106002
v1,1790758512528810,UNSAT,199,10728d70e0641a69:0x115a2d,106201
v1,1790758512529840,SAT,371,10728d70e0641a69:0x115a2d,106572
v1,1790758512529903,SAT,28,10728d70e0641a69:0x115a2d,106600
v1,1790758512530186,UNSAT,99,10728d70e0641a69:0x115a2d,106699
v1,1790758512530228,SAT,28,10728d70e0641a69:0x115a2d,106727
v1,1790758512530845,UNSAT,491,10728d70e0641a69:0x115a2d,107218
v1,1790758512531034,SAT,119,10728d70e0641a69:0x115a2d,107337
v1,1790758512531379,SAT,112,10728d70e0641a69:0x115a2d,107449
v1,1790758512533173,SAT,490,10728d70e0641a69:0x115a2d,107939
v1,1790758512533991,SAT,764,10728d70e0641a69:0x115a2d,108703
v1,1790758512534534,UNSAT,172,10728d70e0641a69:0x115a2d,108875
v1,1790758512534625,SAT,45,10728d70e0641a69:0x115a2d,108920
v1,1790758512534974,UNSAT,129,10728d70e0641a69:0x115a2d,109049
v1,1790758512535116,SAT,99,10728d70e0641a69:0x115a2d,109148
v1,1790758512535435,SAT,112,10728d70e0641a69:0x115a2d,109260
v1,1790758512538767,UNSAT,275,10728d70e0641a69:0x115a2d,109535
v1,1790758512542033,SAT,592,10728d70e0641a69:0x115a2d,110127
v1,1790758512542118,SAT,32,10728d70e0641a69:0x115a2d,110159
v1,1790758512542439,UNSAT,111,10728d70e0641a69:0x115a2d,110270
v1,1790758512542479,SAT,25,10728d70e0641a69:0x115a2d,110295
v1,1790758512542695,UNSAT,85,10728d70e0641a69:0x115a2d,110380
v1,1790758512542774,SAT,59,10728d70e0641a69:0x115a2d,110439
v1,1790758512542943,SAT,65,10728d70e0641a69:0x115a2d,110504
v1,1790758512544689,SAT,459,10728d70e0641a69:0x115a2d,110963
v1,1790758512544766,SAT,34,10728d70e0641a69:0x115a2d,110997
v1,1790758512545030,UNSAT,97,10728d70e0641a69:0x115a2d,111094
v1,1790758512545075,SAT,31,10728d70e0641a69:0x115a2d,111125
v1,1790758512545280,UNSAT,94,10728d70e0641a69:0x115a2d,111219
v1,1790758512545369,SAT,68,10728d70e0641a69:0x115a2d,111287
v1,1790758512545545,SAT,70,10728d70e0641a69:0x115a2d,111357
v1,1790758512547469,UNSAT,196,10728d70e0641a69:0x115a2d,111553
v1,1790758512549267,SAT,593,10728d70e0641a69:0x115a2d,112146
v1,1790758512549366,SAT,40,10728d70e0641a69:0x115a2d,112186
v1,1790758512549773,UNSAT,178,10728d70e0641a69:0x115a2d,112364
v1,1790758512549866,SAT,50,10728d70e0641a69:0x115a2d,112414
v1,1790758512550230,UNSAT,134,10728d70e0641a69:0x115a2d,112548
v1,1790758512550409,SAT,115,10728d70e0641a69:0x115a2d,112663
v1,1790758512550694,SAT,81,10728d70e0641a69:0x115a2d,112744
v1,1790758512555205,SAT,442,10728d70e0641a69:0x115a2d,113186
v1,1790758512555322,SAT,43,10728d70e0641a69:0x115a2d,113229
v1,1790758512555639,UNSAT,115,10728d70e0641a69:0x115a2d,113344
v1,1790758512555683,SAT,27,10728d70e0641a69:0x115a2d,113371
v1,1790758512555905,UNSAT,87,10728d70e0641a69:0x115a2d,113458
v1,1790758512555991,SAT,63,10728d70e0641a69:0x115a2d,113521
v1,1790758512556176,SAT,72,10728d70e0641a69:0x115a2d,113593
v1,1790758512557786,SAT,431,10728d70e0641a69:0x115a2d,114024
v1,1790758512557865,SAT,35,10728d70e0641a69:0x115a2d,114059
v1,1790758512558152,UNSAT,119,10728d70e0641a69:0x115a2d,114178
v1,1790758512558215,SAT,42,10728d70e0641a69:0x115a2d,114220
v1,1790758512558855,UNSAT,504,10728d70e0641a69:0x115a2d,114724
v1,1790758512559049,SAT,119,10728d70e0641a69:0x115a2d,114843
v1,1790758512559401,SAT,118,10728d70e0641a69:0x115a2d,114961
v1,1790758512561489,SAT,429,10728d70e0641a69:0x115a2d,115390
v1,1790758512561564,SAT,32,10728d70e0641a69:0x115a2d,115422
v1,1790758512561829,UNSAT,98,10728d70e0641a69:0x115a2d,115520
v1,1790758512561872,SAT,31,10728d70e0641a69:0x115a2d,115551
v1,1790758512562059,UNSAT,79,10728d70e0641a69:0x115a2d,115630
v1,1790758512562139,SAT,61,10728d70e0641a69:0x115a2d,115691
v1,1790758512562310,SAT,70,10728d70e0641a69:0x115a2d,115761
v1,1790758512563816,SAT,438,10728d70e0641a69:0x115a2d,116199
v1,1790758512563900,SAT,41,10728d70e0641a69:0x115a2d,116240
v1,1790758512564289,UNSAT,143,10728d70e0641a69:0x115a2d,116383
v1,1790758512564345,SAT,39,10728d70e0641a69:0x115a2d,116422
v1,1790758512564564,UNSAT,86,10728d70e0641a69:0x115a2d,116508
v1,1790758512564676,SAT,91,10728d70e0641a69:0x115a2d,116599
v1,1790758512564873,SAT,73,10728d70e0641a69:0x115a2d,116672
v1,1790758512566086,SAT,419,10728d70e0641a69:0x115a2d,117091
v1,1790758512566165,SAT,37,10728d70e0641a69:0x115a2d,117128
v1,1790758512566438,UNSAT,104,10728d70e0641a69:0x115a2d,117232
v1,1790758512566486,SAT,32,10728d70e0641a69:0x115a2d,117264
v1,1790758512566772,UNSAT,171,10728d70e0641a69:0x115a2d,117435
v1,1790758512566945,SAT,147,10728d70e0641a69:0x115a2d,117582
v1,1790758512567444,SAT,228,10728d70e0641a69:0x115a2d,117810
v1,1790758512569979,SAT,445,10728d70e0641a69:0x115a2d,118255
v1,1790758512570102,SAT,45,10728d70e0641a69:0x115a2d,118300
v1,1790758512570402,UNSAT,98,10728d70e0641a69:0x115a2d,118398
v1,1790758512571263,SAT,844,10728d70e0641a69:0x115a2d,119242
v1,1790758512571718,UNSAT,160,10728d70e0641a69:0x115a2d,119402
v1,1790758512571875,SAT,107,10728d70e0641a69:0x115a2d,119509
v1,1790758512572195,SAT,109,10728d70e0641a69:0x115a2d,119618
v1,1790758512574427,SAT,621,10728d70e0641a69:0x115a2d,120239
v1,1790758512574551,SAT,58,10728d70e0641a69:0x115a2d,120297
v1,1790758512574957,UNSAT,144,10728d70e0641a69:0x115a2d,120441
v1,1790758512575037,SAT,47,10728d70e0641a69:0x115a2d,120488
v1,1790758512575451,UNSAT,208,10728d70e0641a69:0x115a2d,120696
v1,1790758512575596,SAT,99,10728d70e0641a69:0x115a2d,120795
v1,1790758512575896,SAT,102,10728d70e0641a69:0x115a2d,120897
v1,1790758512578110,SAT,591,10728d70e0641a69:0x115a2d,121488
v1,1790758512578224,SAT,55,10728d70e0641a69:0x115a2d,121543
v1,1790758512578630,UNSAT,142,10728d70e0641a69:0x115a2d,121685
v1,1790758512578708,SAT,47,10728d70e0641a69:0x115a2d,121732
v1,1790758512579023,UNSAT,123,10728d70e0641a69:0x115a2d,121855
v1,1790758512579170,SAT,104,10728d70e0641a69:0x115a2d,121959
v1,1790758512579488,SAT,109,10728d70e0641a69:0x115a2d,122068
v1,1790758512582039,SAT,575,10728d70e0641a69:0x115a2d,122643
v1,1790758512582165,SAT,60,10728d70e0641a69:0x115a2d,122703
v1,1790758512582581,UNSAT,110,10728d70e0641a69:0x115a2d,122813
v1,1790758512582626,SAT,23,10728d70e0641a69:0x115a2d,122836
v1,1790758512582841,UNSAT,89,10728d70e0641a69:0x115a2d,122925
v1,1790758512582926,SAT,65,10728d70e0641a69:0x115a2d,122990
v1,1790758512583108,SAT,70,10728d70e0641a69:0x115a2d,123060
v1,1790758512585170,SAT,454,10728d70e0641a69:0x115a2d,123514
v1,1790758512585257,SAT,42,10728d70e0641a69:0x115a2d,123556
v1,1790758512585526,UNSAT,90,10728d70e0641a69:0x115a2d,123646
v1,1790758512585561,SAT,20,10728d70e0641a69:0x115a2d,123666
v1,1790758512585750,UNSAT,82,10728d70e0641a69:0x115a2d,123748
v1,1790758512585925,SAT,129,10728d70e0641a69:0x115a2d,123877
v1,1790758512586297,SAT,119,10728d70e0641a69:0x115a2d,123996
v1,1790758512587734,SAT,609,10728d70e0641a69:0x115a2d,124605
v1,1790758512587862,SAT,60,10728d70e0641a69:0x115a2d,124665
v1,1790758512588296,UNSAT,171,10728d70e0641a69:0x115a2d,124836
v1,1790758512588378,SAT,44,10728d70e0641a69:0x115a2d,124880
v1,1790758512588740,UNSAT,123,10728d70e0641a69:0x115a2d,125003
v1,1790758512588889,SAT,107,10728d70e0641a69:0x115a2d,125110
v1,1790758512589189,SAT,108,10728d70e0641a69:0x115a2d,125218
v1,1790758512591027,SAT,595,10728d70e0641a69:0x115a2d,125813
v1,1790758512591154,SAT,60,10728d70e0641a69:0x115a2d,125873
v1,1790758512591583,UNSAT,147,10728d70e0641a69:0x115a2d,126020
v1,1790758512591659,SAT,41,10728d70e0641a69:0x115a2d,126061
v1,1790758512591984,UNSAT,127,10728d70e0641a69:0x115a2d,126188
v1,1790758512592121,SAT,96,10728d70e0641a69:0x115a2d,126284
v1,1790758512592440,SAT,114,10728d70e0641a69:0x115a2d,126398
v1,1790758512594655,SAT,607,10728d70e0641a69:0x115a2d,127005
v1,1790758512594749,SAT,36,10728d70e0641a69:0x115a2d,127041
v1,1790758512595071,UNSAT,116,10728d70e0641a69:0x115a2d,127157
v1,1790758512595122,SAT,31,10728d70e0641a69:0x115a2d,127188
v1,1790758512595366,UNSAT,89,10728d70e0641a69:0x115a2d,127277
v1,1790758512595461,SAT,67,10728d70e0641a69:0x115a2d,127344
v1,1790758512595664,SAT,87,10728d70e0641a69:0x115a2d,127431
v1,1790758512597540,SAT,475,10728d70e0641a69:0x115a2d,127906
v1,1790758512597621,SAT,35,10728d70e0641a69:0x115a2d,127941
v1,1790758512597900,UNSAT,108,10728d70e0641a69:0x115a2d,128049
v1,1790758512597944,SAT,30,10728d70e0641a69:0x115a2d,128079
v1,1790758512598151,UNSAT,83,10728d70e0641a69:0x115a2d,128162
v1,1790758512598232,SAT,62,10728d70e0641a69:0x115a2d,128224
v1,1790758512598400,SAT,63,10728d70e0641a69:0x115a2d,128287
v1,1790758512600139,SAT,468,10728d70e0641a69:0x115a2d,128755
v1,1790758512600218,SAT,30,10728d70e0641a69:0x115a2d,128785
v1,1790758512600518,UNSAT,94,10728d70e0641a69:0x115a2d,128879
v1,1790758512600609,SAT,76,10728d70e0641a69:0x115a2d,128955
v1,1790758512600807,UNSAT,75,10728d70e0641a69:0x115a2d,129030
v1,1790758512600887,SAT,61,10728d70e0641a69:0x115a2d,129091
v1,1790758512601059,SAT,69,10728d70e0641a69:0x115a2d,129160
v1,1790758512602726,SAT,426,10728d70e0641a69:0x115a2d,129586
v1,1790758512602805,SAT,40,10728d70e0641a69:0x115a2d,129626
v1,1790758512603078,UNSAT,93,10728d70e0641a69:0x115a2d,129719
v1,1790758512603116,SAT,23,10728d70e0641a69:0x115a2d,129742
v1,1790758512603312,UNSAT,90,10728d70e0641a69:0x115a2d,129832
v1,1790758512603394,SAT,64,10728d70e0641a69:0x115a2d,129896
v1,1790758512603574,SAT,67,10728d70e0641a69:0x115a2d,129963
v1,1790758512605067,SAT,412,10728d70e0641a69:0x115a2d,130375
v1,1790758512605136,SAT,32,10728d70e0641a69:0x115a2d,130407
v1,1790758512605411,UNSAT,102,10728d70e0641a69:0x115a2d,130509
v1,1790758512605450,SAT,26,10728d70e0641a69:0x115a2d,130535
v1,1790758512605643,UNSAT,74,10728d70e0641a69:0x115a2d,130609
v1,1790758512605720,SAT,59,10728d70e0641a69:0x115a2d,130668
v1,1790758512605911,SAT,91,10728d70e0641a69:0x115a2d,130759
v1,1790758512607354,SAT,426,10728d70e0641a69:0x115a2d,131185
v1,1790758512607430,SAT,37,10728d70e0641a69:0x115a2d,131222
v1,1790758512607697,UNSAT,96,10728d70e0641a69:0x115a2d,131318
v1,1790758512607735,SAT,24,10728d70e0641a69:0x115a2d,131342
v1,1790758512607909,UNSAT,70,10728d70e0641a69:0x115a2d,131412
v1,1790758512607996,SAT,69,10728d70e0641a69:0x115a2d,131481
v1,1790758512608163,SAT,77,10728d70e0641a69:0x115a2d,131558
v1,1790758512610077,SAT,419,10728d70e0641a69:0x115a2d,131977
v1,1790758512610179,SAT,65,10728d70e0641a69:0x115a2d,132042
v1,1790758512610491,UNSAT,98,10728d70e0641a69:0x115a2d,132140
v1,1790758512610530,SAT,27,10728d70e0641a69:0x115a2d,132167
v1,1790758512610710,UNSAT,70,10728d70e0641a69:0x115a2d,132237
v1,1790758512610793,SAT,67,10728d70e0641a69:0x115a2d,132304
v1,1790758512610949,SAT,63,10728d70e0641a69:0x115a2d,132367
v1,1790758512612158,SAT,419,10728d70e0641a69:0x115a2d,132786
v1,1790758512612217,SAT,28,10728d70e0641a69:0x115a2d,132814
v1,1790758512612503,UNSAT,100,10728d70e0641a69:0x115a2d,132914
v1,1790758512612545,SAT,29,10728d70e0641a69:0x115a2d,132943
v1,1790758512612723,UNSAT,71,10728d70e0641a69:0x115a2d,133014
v1,1790758512612797,SAT,55,10728d70e0641a69:0x115a2d,133069
v1,1790758512612965,SAT,69,10728d70e0641a69:0x115a2d,133138
v1,1790758512614557,SAT,419,10728d70e0641a69:0x115a2d,133557
v1,1790758512614853,SAT,259,10728d70e0641a69:0x115a2d,133816
v1,1790758512615125,UNSAT,95,10728d70e0641a69:0x115a2d,133911
v1,1790758512615172,SAT,35,10728d70e0641a69:0x115a2d,133946
v1,1790758512615360,UNSAT,73,10728d70e0641a69:0x115a2d,134019
v1,1790758512615437,SAT,60,10728d70e0641a69:0x115a2d,134079
v1,1790758512615611,SAT,70,10728d70e0641a69:0x115a2d,134149
v1,1790758512618033,SAT,431,10728d70e0641a69:0x115a2d,134580
v1,1790758512618109,SAT,35,10728d70e0641a69:0x115a2d,134615
v1,1790758512618391,UNSAT,99,10728d70e0641a69:0x115a2d,134714
v1,1790758512618430,SAT,24,10728d70e0641a69:0x115a2d,134738
v1,1790758512618613,UNSAT,71,10728d70e0641a69:0x115a2d,134809
v1,1790758512618688,SAT,57,10728d70e0641a69:0x115a2d,134866
v1,1790758512618874,SAT,66,10728d70e0641a69:0x115a2d,134932
v1,1790758512619996,SAT,403,10728d70e0641a69:0x115a2d,135335
v1,1790758512620062,SAT,26,10728d70e0641a69:0x115a2d,135361
v1,1790758512620304,UNSAT,96,10728d70e0641a69:0x115a2d,135457
v1,1790758512620338,SAT,22,10728d70e0641a69:0x115a2d,135479
v1,1790758512620524,UNSAT,70,10728d70e0641a69:0x115a2d,135549
v1,1790758512620597,SAT,56,10728d70e0641a69:0x115a2d,135605
v1,1790758512620754,SAT,66,10728d70e0641a69:0x115a2d,135671
v1,1790758512622082,SAT,393,10728d70e0641a69:0x115a2d,136064
v1,1790758512622142,SAT,25,10728d70e0641a69:0x115a2d,136089
v1,1790758512622388,UNSAT,87,10728d70e0641a69:0x115a2d,136176
v1,1790758512622432,SAT,32,10728d70e0641a69:0x115a2d,136208
v1,1790758512622613,UNSAT,72,10728d70e0641a69:0x115a2d,136280
v1,1790758512622687,SAT,58,10728d70e0641a69:0x115a2d,136338
v1,1790758512622836,SAT,58,10728d70e0641a69:0x115a2d,136396
v1,1790758512624979,SAT,421,10728d70e0641a69:0x115a2d,136817
v1,1790758512625054,SAT,35,10728d70e0641a69:0x115a2d,136852
v1,1790758512625334,UNSAT,110,10728d70e0641a69:0x115a2d,136962
v1,1790758512625378,SAT,29,10728d70e0641a69:0x115a2d,136991
v1,1790758512625562,UNSAT,72,10728d70e0641a69:0x115a2d,137063
v1,1790758512625643,SAT,64,10728d70e0641a69:0x115a2d,137127
v1,1790758512625806,SAT,69,10728d70e0641a69:0x115a2d,137196
v1,1790758512627202,SAT,409,10728d70e0641a69:0x115a2d,137605
v1,1790758512627275,SAT,36,10728d70e0641a69:0x115a2d,137641
v1,1790758512627524,UNSAT,95,10728d70e0641a69:0x115a2d,137736
v1,1790758512627559,SAT,21,10728d70e0641a69:0x115a2d,137757
v1,1790758512627727,UNSAT,68,10728d70e0641a69:0x115a2d,137825
v1,1790758512627804,SAT,60,10728d70e0641a69:0x115a2d,137885
v1,1790758512627957,SAT,66,10728d70e0641a69:0x115a2d,137951
v1,1790758512628884,SAT,392,10728d70e0641a69:0x115a2d,138343
v1,1790758512628952,SAT,32,10728d70e0641a69:0x115a2d,138375
v1,1790758512629176,UNSAT,85,10728d70e0641a69:0x115a2d,138460
v1,1790758512629207,SAT,20,10728d70e0641a69:0x115a2d,138480
v1,1790758512629429,UNSAT,77,10728d70e0641a69:0x115a2d,138557
v1,1790758512629533,SAT,81,10728d70e0641a69:0x115a2d,138638
v1,1790758512629880,SAT,117,10728d70e0641a69:0x115a2d,138755
v1,1790758512637325,SAT,464,10728d70e0641a69:0x115a2d,139219
v1,1790758512637415,SAT,36,10728d70e0641a69:0x115a2d,139255
v1,1790758512637794,UNSAT,143,10728d70e0641a69:0x115a2d,139398
v1,1790758512637850,SAT,40,10728d70e0641a69:0x115a2d,139438
v1,1790758512638120,UNSAT,111,10728d70e0641a69:0x115a2d,139549
v1,1790758512638224,SAT,59,10728d70e0641a69:0x115a2d,139608
v1,1790758512638445,SAT,68,10728d70e0641a69:0x115a2d,139676
v1,1790758512639647,SAT,426,10728d70e0641a69:0x115a2d,140102
v1,1790758512639713,SAT,28,10728d70e0641a69:0x115a2d,140130
v1,1790758512639952,UNSAT,87,10728d70e0641a69:0x115a2d,140217
v1,1790758512640006,SAT,42,10728d70e0641a69:0x115a2d,140259
v1,1790758512640181,UNSAT,74,10728d70e0641a69:0x115a2d,140333
v1,1790758512640262,SAT,65,10728d70e0641a69:0x115a2d,140398
v1,1790758512640439,SAT,72,10728d70e0641a69:0x115a2d,140470
v1,1790758512643652,SAT,1819,10728d70e0641a69:0x115a2d,142289
v1,1790758512645344,SAT,62,10728d70e0641a69:0x115a2d,142351
v1,1790758512645772,UNSAT,146,10728d70e0641a69:0x115a2d,142497
v1,1790758512645816,SAT,27,10728d70e0641a69:0x115a2d,142524
v1,1790758512646094,UNSAT,105,10728d70e0641a69:0x115a2d,142629
v1,1790758512646202,SAT,60,10728d70e0641a69:0x115a2d,142689
v1,1790758512646441,SAT,74,10728d70e0641a69:0x115a2d,142763
v1,1790758512651025,SAT,3335,10728d70e0641a69:0x115a2d,146098
v1,1790758512654232,SAT,64,10728d70e0641a69:0x115a2d,146162
v1,1790758512654662,UNSAT,135,10728d70e0641a69:0x115a2d,146297
v1,1790758512654704,SAT,24,10728d70e0641a69:0x115a2d,146321
v1,1790758512654981,UNSAT,105,10728d70e0641a69:0x115a2d,146426
v1,1790758512655083,SAT,57,10728d70e0641a69:0x115a2d,146483
v1,1790758512655311,SAT,92,10728d70e0641a69:0x115a2d,146575
v1,1790758512662050,SAT,4845,10728d70e0641a69:0x115a2d,151420
v1,1790758512666739,SAT,86,10728d70e0641a69:0x115a2d,151506
v1,1790758512667145,UNSAT,131,10728d70e0641a69:0x115a2d,151637
v1,1790758512667189,SAT,25,10728d70e0641a69:0x115a2d,151662
v1,1790758512667504,UNSAT,127,10728d70e0641a69:0x115a2d,151789
v1,1790758512667616,SAT,63,10728d70e0641a69:0x115a2d,151852
v1,1790758512667834,SAT,73,10728d70e0641a69:0x115a2d,151925
v1,1790758512670040,SAT,433,10728d70e0641a69:0x115a2d,152358
v1,1790758512670113,SAT,30,10728d70e0641a69:0x115a2d,152388
v1,1790758512670395,UNSAT,93,10728d70e0641a69:0x115a2d,152481
v1,1790758512670454,SAT,46,10728d70e0641a69:0x115a2d,152527
v1,1790758512670634,UNSAT,73,10728d70e0641a69:0x115a2d,152600
v1,1790758512670720,SAT,68,10728d70e0641a69:0x115a2d,152668
v1,1790758512670890,SAT,62,10728d70e0641a69:0x115a2d,152730
v1,1790758512671846,SAT,396,10728d70e0641a69:0x115a2d,153126
v1,1790758512671914,SAT,30,10728d70e0641a69:0x115a2d,153156
v1,1790758512672255,UNSAT,143,10728d70e0641a69:0x115a2d,153299
v1,1790758512672310,SAT,35,10728d70e0641a69:0x115a2d,153334
v1,1790758512672585,UNSAT,114,10728d70e0641a69:0x115a2d,153448
v1,1790758512672700,SAT,63,10728d70e0641a69:0x115a2d,153511
v1,1790758512672921,SAT,75,10728d70e0641a69:0x115a2d,153586
v1,1790758512674163,SAT,422,10728d70e0641a69:0x115a2d,154008
v1,1790758512674242,SAT,37,10728d70e0641a69:0x115a2d,154045
v1,1790758512674528,UNSAT,107,10728d70e0641a69:0x115a2d,154152
v1,1790758512674634,SAT,51,10728d70e0641a69:0x115a2d,154203
v1,1790758512675043,UNSAT,161,10728d70e0641a69:0x115a2d,154364
v1,1790758512675213,SAT,121,10728d70e0641a69:0x115a2d,154485
v1,1790758512675583,SAT,123,10728d70e0641a69:0x115a2d,154608
v1,1790758512677007,SAT,455,10728d70e0641a69:0x115a2d,155063
v1,1790758512677093,SAT,33,10728d70e0641a69:0x115a2d,155096
v1,1790758512677432,UNSAT,138,10728d70e0641a69:0x115a2d,155234
v1,1790758512677490,SAT,28,10728d70e0641a69:0x115a2d,155262
v1,1790758512677713,UNSAT,90,10728d70e0641a69:0x115a2d,155352
v1,1790758512677802,SAT,65,10728d70e0641a69:0x115a2d,155417
v1,1790758512677990,SAT,68,10728d70e0641a69:0x115a2d,155485
v1,1790758512681677,SAT,1902,10728d70e0641a69:0x115a2d,157387
v1,1790758512683454,SAT,83,10728d70e0641a69:0x115a2d,157470
v1,1790758512684126,UNSAT,169,10728d70e0641a69:0x115a2d,157639
v1,1790758512684189,SAT,35,10728d70e0641a69:0x115a2d,157674
v1,1790758512684705,UNSAT,167,10728d70e0641a69:0x115a2d,157841
v1,1790758512684860,SAT,84,10728d70e0641a69:0x115a2d,157925
v1,1790758512685178,SAT,96,10728d70e0641a69:0x115a2d,158021
v1,1790758512690501,SAT,3517,10728d70e0641a69:0x115a2d,161538
v1,1790758512693734,SAT,63,10728d70e0641a69:0x115a2d,161601
v1,1790758512694164,UNSAT,141,10728d70e0641a69:0x115a2d,161742
v1,1790758512694212,SAT,27,10728d70e0641a69:0x115a2d,161769
v1,1790758512694519,UNSAT,113,10728d70e0641a69:0x115a2d,161882
v1,1790758512694645,SAT,74,10728d70e0641a69:0x115a2d,161956
v1,1790758512694862,SAT,67,10728d70e0641a69:0x115a2d,162023
v1,1790758512695888,SAT,409,10728d70e0641a69:0x115a2d,162432
v1,1790758512695953,SAT,31,10728d70e0641a69:0x115a2d,162463
v1,1790758512696186,UNSAT,87,10728d70e0641a69:0x115a2d,162550
v1,1790758512696233,SAT,33,10728d70e0641a69:0x115a2d,162583
v1,1790758512696424,UNSAT,71,10728d70e0641a69:0x115a2d,162654
v1,1790758512696498,SAT,55,10728d70e0641a69:0x115a2d,162709
v1,1790758512696650,SAT,62,10728d70e0641a69:0x115a2d,162771
v1,1790758512702961,SAT,4854,10728d70e0641a69:0x115a2d,167625
v1,1790758512707683,SAT,69,10728d70e0641a69:0x115a2d,167694
v1,1790758512708096,UNSAT,137,10728d70e0641a69:0x115a2d,167831
v1,1790758512708144,SAT,24,10728d70e0641a69:0x115a2d,167855
v1,1790758512708494,UNSAT,120,10728d70e0641a69:0x115a2d,167975
v1,1790758512708625,SAT,76,10728d70e0641a69:0x115a2d,168051
v1,1790758512708851,SAT,68,10728d70e0641a69:0x115a2d,168119
v1,1790758512710230,SAT,449,10728d70e0641a69:0x115a2d,168568
v1,1790758512710333,SAT,48,10728d70e0641a69:0x115a2d,168616
v1,1790758512710744,UNSAT,154,10728d70e0641a69:0x115a2d,168770
v1,1790758512710797,SAT,33,10728d70e0641a69:0x115a2d,168803
v1,1790758512711015,UNSAT,86,10728d70e0641a69:0x115a2d,168889
v1,1790758512711101,SAT,65,10728d70e0641a69:0x115a2d,168954
v1,1790758512711286,SAT,85,10728d70e0641a69:0x115a2d,169039
v1,1790758512712785,SAT,424,10728d70e0641a69:0x115a2d,169463
v1,1790758512712859,SAT,34,10728d70e0641a69:0x115a2d,169497
v1,1790758512713122,UNSAT,97,10728d70e0641a69:0x115a2d,169594
v1,1790758512713163,SAT,25,10728d70e0641a69:0x115a2d,169619
v1,1790758512713360,UNSAT,79,10728d70e0641a69:0x115a2d,169698
v1,1790758512713440,SAT,63,10728d70e0641a69:0x115a2d,169761
v1,1790758512713646,SAT,71,10728d70e0641a69:0x115a2d,169832
v1,1790758512715032,SAT,412,10728d70e0641a69:0x115a2d,170244
v1,1790758512715113,SAT,41,10728d70e0641a69:0x115a2d,170285
v1,1790758512715384,UNSAT,99,10728d70e0641a69:0x115a2d,170384
v1,1790758512715430,SAT,32,10728d70e0641a69:0x115a2d,170416
v1,1790758512715627,UNSAT,80,10728d70e0641a69:0x115a2d,170496
v1,1790758512715713,SAT,68,10728d70e0641a69:0x115a2d,170564
v1,1790758512715875,SAT,63,10728d70e0641a69:0x115a2d,170627
v1,1790758512716848,SAT,398,10728d70e0641a69:0x115a2d,171025
v1,1790758512716917,SAT,30,10728d70e0641a69:0x115a2d,171055
v1,1790758512717237,UNSAT,114,10728d70e0641a69:0x115a2d,171169
v1,1790758512717286,SAT,27,10728d70e0641a69:0x115a2d,171196
v1,1790758512717531,UNSAT,98,10728d70e0641a69:0x115a2d,171294
v1,1790758512717633,SAT,65,10728d70e0641a69:0x115a2d,171359
v1,1790758512717822,SAT,66,10728d70e0641a69:0x115a2d,171425
v1,1790758512721246,SAT,436,10728d70e0641a69:0x115a2d,171861
v1,1790758512721334,SAT,35,10728d70e0641a69:0x115a2d,171896
v1,1790758512721606,UNSAT,93,10728d70e0641a69:0x115a2d,171989
v1,1790758512721638,SAT,21,10728d70e0641a69:0x115a2d,172010
v1,1790758512721815,UNSAT,72,10728d70e0641a69:0x115a2d,172082
v1,1790758512721891,SAT,59,10728d70e0641a69:0x115a2d,172141
v1,1790758512722040,SAT,58,10728d70e0641a69:0x115a2d,172199
v1,1790758512727043,SAT,2122,10728d70e0641a69:0x115a2d,174321
v1,1790758512728959,SAT,96,10728d70e0641a69:0x115a2d,174417
v1,1790758512729388,UNSAT,145,10728d70e0641a69:0x115a2d,174562
v1,1790758512729428,SAT,21,10728d70e0641a69:0x115a2d,174583
v1,1790758512729712,UNSAT,118,10728d70e0641a69:0x115a2d,174701
v1,1790758512729832,SAT,74,10728d70e0641a69:0x115a2d,174775
v1,1790758512730047,SAT,75,10728d70e0641a69:0x115a2d,174850
v1,1790758512734984,SAT,3522,10728d70e0641a69:0x115a2d,178372
v1,1790758512738276,SAT,99,10728d70e0641a69:0x115a2d,178471
v1,1790758512738668,UNSAT,122,10728d70e0641a69:0x115a2d,178593
v1,1790758512738704,SAT,21,10728d70e0641a69:0x115a2d,178614
v1,1790758512738960,UNSAT,104,10728d70e0641a69:0x115a2d,178718
v1,1790758512739061,SAT,60,10728d70e0641a69:0x115a2d,178778
v1,1790758512739286,SAT,89,10728d70e0641a69:0x115a2d,178867
v1,1790758512745641,SAT,4867,10728d70e0641a69:0x115a2d,183734
v1,1790758512750388,SAT,66,10728d70e0641a69:0x115a2d,183800
v1,1790758512750812,UNSAT,157,10728d70e0641a69:0x115a2d,183957
v1,1790758512751595,SAT,740,10728d70e0641a69:0x115a2d,184697
v1,1790758512752200,UNSAT,207,10728d70e0641a69:0x115a2d,184904
v1,1790758512752427,SAT,121,10728d70e0641a69:0x115a2d,185025
v1,1790758512752887,SAT,127,10728d70e0641a69:0x115a2d,185152
v1,1790758512755147,SAT,463,10728d70e0641a69:0x115a2d,185615
v1,1790758512755221,SAT,32,10728d70e0641a69:0x115a2d,185647
v1,1790758512755529,UNSAT,109,10728d70e0641a69:0x115a2d,185756
v1,1790758512755631,SAT,83,10728d70e0641a69:0x115a2d,185839
v1,1790758512755837,UNSAT,79,10728d70e0641a69:0x115a2d,185918
v1,1790758512755938,SAT,82,10728d70e0641a69:0x115a2d,186000
v1,1790758512756310,SAT,130,10728d70e0641a69:0x115a2d,186130
v1,1790758512758546,SAT,507,10728d70e0641a69:0x115a2d,186637
v1,1790758512758640,SAT,36,10728d70e0641a69:0x115a2d,186673
v1,1790758512758930,UNSAT,101,10728d70e0641a69:0x115a2d,186774
v1,1790758512758984,SAT,41,10728d70e0641a69:0x115a2d,186815
v1,1790758512759187,UNSAT,81,10728d70e0641a69:0x115a2d,186896
v1,1790758512759273,SAT,69,10728d70e0641a69:0x115a2d,186965
v1,1790758512759430,SAT,62,10728d70e0641a69:0x115a2d,187027
v1,1790758512760389,SAT,407,10728d70e0641a69:0x115a2d,187434
v1,1790758512760457,SAT,29,10728d70e0641a69:0x115a2d,187463
v1,1790758512760759,UNSAT,115,10728d70e0641a69:0x115a2d,187578
v1,1790758512760792,SAT,22,10728d70e0641a69:0x115a2d,187600
v1,1790758512761035,UNSAT,111,10728d70e0641a69:0x115a2d,187711
v1,1790758512761143,SAT,67,10728d70e0641a69:0x115a2d,187778
v1,1790758512761355,SAT,76,10728d70e0641a69:0x115a2d,187854
v1,1790758512762574,SAT,426,10728d70e0641a69:0x115a2d,188280
v1,1790758512762652,SAT,38,10728d70e0641a69:0x115a2d,188318
v1,1790758512762908,UNSAT,95,10728d70e0641a69:0x115a2d,188413
v1,1790758512762945,SAT,25,10728d70e0641a69:0x115a2d,188438
v1,1790758512763129,UNSAT,78,10728d70e0641a69:0x115a2d,188516
v1,1790758512763207,SAT,61,10728d70e0641a69:0x115a2d,188577
v1,1790758512763387,SAT,68,10728d70e0641a69:0x115a2d,188645
v1,1790758512764846,SAT,433,10728d70e0641a69:0x115a2d,189078
v1,1790758512764922,SAT,35,10728d70e0641a69:0x115a2d,189113
v1,1790758512765181,UNSAT,98,10728d70e0641a69:0x115a2d,189211
v1,1790758512765218,SAT,23,10728d70e0641a69:0x115a2d,189234
v1,1790758512765441,UNSAT,88,10728d70e0641a69:0x115a2d,189322
v1,1790758512765528,SAT,69,10728d70e0641a69:0x115a2d,189391
v1,1790758512765708,SAT,65,10728d70e0641a69:0x115a2d,189456
v1,1790758512769168,SAT,1857,10728d70e0641a69:0x115a2d,191313
v1,1790758512770856,SAT,51,10728d70e0641a69:0x115a2d,191364
v1,1790758512771242,UNSAT,132,10728d70e0641a69:0x115a2d,191496
v1,1790758512771296,SAT,27,10728d70e0641a69:0x115a2d,191523
v1,1790758512771561,UNSAT,108,10728d70e0641a69:0x115a2d,191631
v1,1790758512771664,SAT,62,10728d70e0641a69:0x115a2d,191693
v1,1790758512771863,SAT,68,10728d70e0641a69:0x115a2d,191761
v1,1790758512776965,SAT,3342,10728d70e0641a69:0x115a2d,195103
v1,1790758512780199,SAT,79,10728d70e0641a69:0x115a2d,195182
v1,1790758512780610,UNSAT,137,10728d70e0641a69:0x115a2d,195319
v1,1790758512780647,SAT,21,10728d70e0641a69:0x115a2d,195340
v1,1790758512780899,UNSAT,99,10728d70e0641a69:0x115a2d,195439
v1,1790758512781002,SAT,62,10728d70e0641a69:0x115a2d,195501
v1,1790758512781202,SAT,62,10728d70e0641a69:0x115a2d,195563
v1,1790758512787834,SAT,4924,10728d70e0641a69:0x115a2d,200487
v1,1790758512792593,SAT,90,10728d70e0641a69:0x115a2d,200577
v1,1790758512792993,UNSAT,131,10728d70e0641a69:0x115a2d,200708
v1,1790758512793032,SAT,23,10728d70e0641a69:0x115a2d,200731
v1,1790758512793300,UNSAT,112,10728d70e0641a69:0x115a2d,200843
v1,1790758512793401,SAT,58,10728d70e0641a69:0x115a2d,200901
v1,1790758512793621,SAT,71,10728d70e0641a69:0x115a2d,200972
v1,1790758512795180,SAT,410,10728d70e0641a69:0x115a2d,201382
v1,1790758512795246,SAT,27,10728d70e0641a69:0x115a2d,201409
v1,1790758512795502,UNSAT,91,10728d70e0641a69:0x115a2d,201500
v1,1790758512795537,SAT,21,10728d70e0641a69:0x115a2d,201521
v1,1790758512795743,UNSAT,75,10728d70e0641a69:0x115a2d,201596
v1,1790758512795816,SAT,55,10728d70e0641a69:0x115a2d,201651
v1,1790758512795978,SAT,70,10728d70e0641a69:0x115a2d,201721
v1,1790758512797365,SAT,422,10728d70e0641a69:0x115a2d,202143
v1,1790758512797434,SAT,30,10728d70e0641a69:0x115a2d,202173
v1,1790758512797669,UNSAT,97,10728d70e0641a69:0x115a2d,202270
v1,1790758512797719,SAT,36,10728d70e0641a69:0x115a2d,202306
v1,1790758512797889,UNSAT,71,10728d70e0641a69:0x115a2d,202377
v1,1790758512797968,SAT,64,10728d70e0641a69:0x115a2d,202441
v1,1790758512798119,SAT,63,10728d70e0641a69:0x115a2d,202504
v1,1790758512799949,SAT,396,10728d70e0641a69:0x115a2d,202900
v1,1790758512800016,SAT,27,10728d70e0641a69:0x115a2d,202927
v1,1790758512800343,UNSAT,137,10728d70e0641a69:0x115a2d,203064
v1,1790758512800380,SAT,23,10728d70e0641a69:0x115a2d,203087
v1,1790758512800634,UNSAT,108,10728d70e0641a69:0x115a2d,203195
v1,1790758512800735,SAT,60,10728d70e0641a69:0x115a2d,203255
v1,1790758512800928,SAT,60,10728d70e0641a69:0x115a2d,203315
v1,1790758512802108,SAT,396,10728d70e0641a69:0x115a2d,203711
v1,1790758512802165,SAT,25,10728d70e0641a69:0x115a2d,203736
v1,1790758512802404,UNSAT,82,10728d70e0641a69:0x115a2d,203818
v1,1790758512802438,SAT,21,10728d70e0641a69:0x115a2d,203839
v1,1790758512802605,UNSAT,68,10728d70e0641a69:0x115a2d,203907
v1,1790758512802675,SAT,54,10728d70e0641a69:0x115a2d,203961
v1,1790758512802823,SAT,58,10728d70e0641a69:0x115a2d,204019
v1,1790758512806127,SAT,1845,10728d70e0641a69:0x115a2d,205864
v1,1790758512807855,SAT,76,10728d70e0641a69:0x115a2d,205940
v1,1790758512808246,UNSAT,123,10728d70e0641a69:0x115a2d,206063
v1,1790758512808294,SAT,24,10728d70e0641a69:0x115a2d,206087
v1,1790758512808566,UNSAT,112,10728d70e0641a69:0x115a2d,206199
v1,1790758512808678,SAT,64,10728d70e0641a69:0x115a2d,206263
v1,1790758512808881,SAT,67,10728d70e0641a69:0x115a2d,206330
v1,1790758512810178,SAT,400,10728d70e0641a69:0x115a2d,206730
v1,1790758512810241,SAT,26,10728d70e0641a69:0x115a2d,206756
v1,1790758512810497,UNSAT,91,10728d70e0641a69:0x115a2d,206847
v1,1790758512810533,SAT,24,10728d70e0641a69:0x115a2d,206871
v1,1790758512810713,UNSAT,78,10728d70e0641a69:0x115a2d,206949
v1,1790758512810791,SAT,61,10728d70e0641a69:0x115a2d,207010
v1,1790758512810946,SAT,58,10728d70e0641a69:0x115a2d,207068
v1,1790758512815393,SAT,3337,10728d70e0641a69:0x115a2d,210405
v1,1790758512818613,SAT,81,10728d70e0641a69:0x115a2d,210486
v1,1790758512819230,UNSAT,167,10728d70e0641a69:0x115a2d,210653
v1,1790758512819298,SAT,33,10728d70e0641a69:0x115a2d,210686
v1,1790758512819671,UNSAT,148,10728d70e0641a69:0x115a2d,210834
v1,1790758512819794,SAT,68,10728d70e0641a69:0x115a2d,210902
v1,1790758512820007,SAT,69,10728d70e0641a69:0x115a2d,210971
v1,1790758512826269,SAT,4845,10728d70e0641a69:0x115a2d,215816
v1,1790758512830975,SAT,72,10728d70e0641a69:0x115a2d,215888
v1,1790758512831426,UNSAT,139,10728d70e0641a69:0x115a2d,216027
v1,1790758512831469,SAT,25,10728d70e0641a69:0x115a2d,216052
v1,1790758512831766,UNSAT,117,10728d70e0641a69:0x115a2d,216169
v1,1790758512831874,SAT,65,10728d70e0641a69:0x115a2d,216234
v1,1790758512832086,SAT,73,10728d70e0641a69:0x115a2d,216307
v1,1790758512835262,SAT,443,10728d70e0641a69:0x115a2d,216750
v1,1790758512835344,SAT,35,10728d70e0641a69:0x115a2d,216785
v1,1790758512835636,UNSAT,104,10728d70e0641a69:0x115a2d,216889
v1,1790758512835681,SAT,26,10728d70e0641a69:0x115a2d,216915
v1,1790758512835892,UNSAT,80,10728d70e0641a69:0x115a2d,216995
v1,1790758512835979,SAT,66,10728d70e0641a69:0x115a2d,217061
v1,1790758512836154,SAT,68,10728d70e0641a69:0x115a2d,217129
v1,1790758512837505,SAT,407,10728d70e0641a69:0x115a2d,217536
v1,1790758512837561,SAT,24,10728d70e0641a69:0x115a2d,217560
v1,1790758512837780,UNSAT,84,10728d70e0641a69:0x115a2d,217644
v1,1790758512837809,SAT,18,10728d70e0641a69:0x115a2d,217662
v1,1790758512837966,UNSAT,64,10728d70e0641a69:0x115a2d,217726
v1,1790758512838036,SAT,55,10728d70e0641a69:0x115a2d,217781
v1,1790758512838189,SAT,58,10728d70e0641a69:0x115a2d,217839
v1,1790758512839058,SAT,382,10728d70e0641a69:0x115a2d,218221
v1,1790758512839115,SAT,25,10728d70e0641a69:0x115a2d,218246
v1,1790758512839340,UNSAT,97,10728d70e0641a69:0x115a2d,218343
v1,1790758512839373,SAT,21,10728d70e0641a69:0x115a2d,218364
v1,1790758512839533,UNSAT,65,10728d70e0641a69:0x115a2d,218429
v1,1790758512839605,SAT,56,10728d70e0641a69:0x115a2d,218485
v1,1790758512839755,SAT,62,10728d70e0641a69:0x115a2d,218547
v1,1790758512841324,SAT,470,10728d70e0641a69:0x115a2d,219017
v1,1790758512841413,SAT,37,10728d70e0641a69:0x115a2d,219054
v1,1790758512841768,UNSAT,141,10728d70e0641a69:0x115a2d,219195
v1,1790758512841812,SAT,28,10728d70e0641a69:0x115a2d,219223
v1,1790758512842077,UNSAT,107,10728d70e0641a69:0x115a2d,219330
v1,1790758512842186,SAT,64,10728d70e0641a69:0x115a2d,219394
v1,1790758512842413,SAT,70,10728d70e0641a69:0x115a2d,219464
v1,1790758512842949,SAT,370,10728d70e0641a69:0x115a2d,219834
v1,1790758512843005,SAT,28,10728d70e0641a69:0x115a2d,219862
v1,1790758512843209,UNSAT,83,10728d70e0641a69:0x115a2d,219945
v1,1790758512843260,SAT,40,10728d70e0641a69:0x115a2d,219985
v1,1790758512843428,UNSAT,75,10728d70e0641a69:0x115a2d,220060
v1,1790758512843503,SAT,59,10728d70e0641a69:0x115a2d,220119
v1,1790758512843654,SAT,56,10728d70e0641a69:0x115a2d,220175
v1,1790758512845908,SAT,1779,10728d70e0641a69:0x115a2d,221954
v1,1790758512847600,SAT,53,10728d70e0641a69:0x115a2d,222007
v1,1790758512847981,UNSAT,129,10728d70e0641a69:0x115a2d,222136
v1,1790758512848023,SAT,26,10728d70e0641a69:0x115a2d,222162
v1,1790758512848322,UNSAT,141,10728d70e0641a69:0x115a2d,222303
v1,1790758512848442,SAT,68,10728d70e0641a69:0x115a2d,222371
v1,1790758512848676,SAT,68,10728d70e0641a69:0x115a2d,222439
v1,1790758512852555,SAT,3320,10728d70e0641a69:0x115a2d,225759
v1,1790758512855738,SAT,63,10728d70e0641a69:0x115a2d,225822
v1,1790758512856108,UNSAT,120,10728d70e0641a69:0x115a2d,225942
v1,1790758512856142,SAT,20,10728d70e0641a69:0x115a2d,225962
v1,1790758512856416,UNSAT,104,10728d70e0641a69:0x115a2d,226066
v1,1790758512856528,SAT,65,10728d70e0641a69:0x115a2d,226131
v1,1790758512856734,SAT,68,10728d70e0641a69:0x115a2d,226199
v1,1790758512862190,SAT,4804,10728d70e0641a69:0x115a2d,231003
v1,1790758512866865,SAT,60,10728d70e0641a69:0x115a2d,231063
v1,1790758512867271,UNSAT,143,10728d70e0641a69:0x115a2d,231206
v1,1790758512867313,SAT,23,10728d70e0641a69:0x115a2d,231229
v1,1790758512867603,UNSAT,115,10728d70e0641a69:0x115a2d,231344
v1,1790758512867722,SAT,70,10728d70e0641a69:0x115a2d,231414
v1,1790758512867945,SAT,70,10728d70e0641a69:0x115a2d,231484
v1,1790758512868651,SAT,392,10728d70e0641a69:0x115a2d,231876
v1,1790758512868712,SAT,26,10728d70e0641a69:0x115a2d,231902
v1,1790758512868932,UNSAT,85,10728d70e0641a69:0x115a2d,231987
v1,1790758512868963,SAT,20,10728d70e0641a69:0x115a2d,232007
v1,1790758512869140,UNSAT,69,10728d70e0641a69:0x115a2d,232076
v1,1790758512869223,SAT,65,10728d70e0641a69:0x115a2d,232141
v1,1790758512869401,SAT,64,10728d70e0641a69:0x115a2d,232205
v1,1790758512869924,SAT,365,10728d70e0641a69:0x115a2d,232570
v1,1790758512869986,SAT,23,10728d70e0641a69:0x115a2d,232593
v1,1790758512870320,UNSAT,130,10728d70e0641a69:0x115a2d,232723
v1,1790758512870365,SAT,31,10728d70e0641a69:0x115a2d,232754
v1,1790758512870634,UNSAT,115,10728d70e0641a69:0x115a2d,232869
v1,1790758512870740,SAT,59,10728d70e0641a69:0x115a2d,232928
v1,1790758512870929,SAT,68,10728d70e0641a69:0x115a2d,232996
v1,1790758512871474,SAT,382,10728d70e0641a69:0x115a2d,233378
v1,1790758512871545,SAT,36,10728d70e0641a69:0x115a2d,233414
v1,1790758512871794,UNSAT,98,10728d70e0641a69:0x115a2d,233512
v1,1790758512871831,SAT,22,10728d70e0641a69:0x115a2d,233534
v1,1790758512872016,UNSAT,71,10728d70e0641a69:0x115a2d,233605
v1,1790758512872089,SAT,57,10728d70e0641a69:0x115a2d,233662
v1,1790758512872238,SAT,58,10728d70e0641a69:0x115a2d,233720
v1,1790758512872824,SAT,417,10728d70e0641a69:0x115a2d,234137
v1,1790758512872880,SAT,24,10728d70e0641a69:0x115a2d,234161
v1,1790758512873104,UNSAT,87,10728d70e0641a69:0x115a2d,234248
v1,1790758512873149,SAT,32,10728d70e0641a69:0x115a2d,234280
v1,1790758512873347,UNSAT,74,10728d70e0641a69:0x115a2d,234354
v1,1790758512873448,SAT,76,10728d70e0641a69:0x115a2d,234430
v1,1790758512873644,SAT,65,10728d70e0641a69:0x115a2d,234495
v1,1790758512876266,SAT,2019,10728d70e0641a69:0x115a2d,236514
v1,1790758512878434,SAT,68,10728d70e0641a69:0x115a2d,236582
v1,1790758512878831,UNSAT,144,10728d70e0641a69:0x115a2d,236726
v1,1790758512878875,SAT,27,10728d70e0641a69:0x115a2d,236753
v1,1790758512879148,UNSAT,106,10728d70e0641a69:0x115a2d,236859
v1,1790758512879267,SAT,74,10728d70e0641a69:0x115a2d,236933
v1,1790758512879482,SAT,74,10728d70e0641a69:0x115a2d,237007
v1,1790758512883447,SAT,3399,10728d70e0641a69:0x115a2d,240406
v1,1790758512886828,SAT,71,10728d70e0641a69:0x115a2d,240477
v1,1790758512887235,UNSAT,136,10728d70e0641a69:0x115a2d,240613
v1,1790758512887294,SAT,32,10728d70e0641a69:0x115a2d,240645
v1,1790758512887630,UNSAT,130,10728d70e0641a69:0x115a2d,240775
v1,1790758512887763,SAT,72,10728d70e0641a69:0x115a2d,240847
v1,1790758512888016,SAT,75,10728d70e0641a69:0x115a2d,240922
v1,1790758512888634,SAT,422,10728d70e0641a69:0x115a2d,241344
v1,1790758512888694,SAT,30,10728d70e0641a69:0x115a2d,241374
v1,1790758512888931,UNSAT,93,10728d70e0641a69:0x115a2d,241467
v1,1790758512888977,SAT,31,10728d70e0641a69:0x115a2d,241498
v1,1790758512889175,UNSAT,84,10728d70e0641a69:0x115a2d,241582
v1,1790758512889272,SAT,77,10728d70e0641a69:0x115a2d,241659
v1,1790758512889449,SAT,69,10728d70e0641a69:0x115a2d,241728
v1,1790758512895156,SAT,5102,10728d70e0641a69:0x115a2d,246830
v1,1790758512901459,SAT,69,10728d70e0641a69:0x115a2d,246899
v1,1790758512901942,UNSAT,165,10728d70e0641a69:0x115a2d,247064
v1,1790758512902007,SAT,37,10728d70e0641a69:0x115a2d,247101
v1,1790758512902437,UNSAT,226,10728d70e0641a69:0x115a2d,247327
v1,1790758512902649,SAT,103,10728d70e0641a69:0x115a2d,247430
v1,1790758512903007,SAT,102,10728d70e0641a69:0x115a2d,247532
v1,1790758512903818,SAT,470,10728d70e0641a69:0x115a2d,248002
v1,1790758512903890,SAT,29,10728d70e0641a69:0x115a2d,248031
v1,1790758512904190,UNSAT,139,10728d70e0641a69:0x115a2d,248170
v1,1790758512904278,SAT,48,10728d70e0641a69:0x115a2d,248218
v1,1790758512904641,UNSAT,143,10728d70e0641a69:0x115a2d,248361
v1,1790758512904784,SAT,107,10728d70e0641a69:0x115a2d,248468
v1,1790758512905090,SAT,119,10728d70e0641a69:0x115a2d,248587
v1,1790758512906094,SAT,614,10728d70e0641a69:0x115a2d,249201
v1,1790758512906228,SAT,64,10728d70e0641a69:0x115a2d,249265
v1,1790758512906692,UNSAT,169,10728d70e0641a69:0x115a2d,249434
v1,1790758512906777,SAT,50,10728d70e0641a69:0x115a2d,249484
v1,1790758512907136,UNSAT,138,10728d70e0641a69:0x115a2d,249622
v1,1790758512907352,SAT,171,10728d70e0641a69:0x115a2d,249793
v1,1790758512907656,SAT,94,10728d70e0641a69:0x115a2d,249887
v1,1790758512908331,SAT,473,10728d70e0641a69:0x115a2d,250360
v1,1790758512908407,SAT,38,10728d70e0641a69:0x115a2d,250398
v1,1790758512908659,UNSAT,94,10728d70e0641a69:0x115a2d,250492
v1,1790758512908705,SAT,31,10728d70e0641a69:0x115a2d,250523
v1,1790758512908907,UNSAT,81,10728d70e0641a69:0x115a2d,250604
v1,1790758512909008,SAT,68,10728d70e0641a69:0x115a2d,250672
v1,1790758512909190,SAT,67,10728d70e0641a69:0x115a2d,250739
v1,1790758512909939,SAT,506,10728d70e0641a69:0x115a2d,251245
v1,1790758512910026,SAT,34,10728d70e0641a69:0x115a2d,251279
v1,1790758512910379,UNSAT,138,10728d70e0641a69:0x115a2d,251417
v1,1790758512910426,SAT,31,10728d70e0641a69:0x115a2d,251448
v1,1790758512910700,UNSAT,108,10728d70e0641a69:0x115a2d,251556
v1,1790758512910815,SAT,72,10728d70e0641a69:0x115a2d,251628
v1,1790758512911029,SAT,71,10728d70e0641a69:0x115a2d,251699
v1,1790758512911622,SAT,401,10728d70e0641a69:0x115a2d,252100
v1,1790758512911696,SAT,38,10728d70e0641a69:0x115a2d,252138
v1,1790758512911952,UNSAT,106,10728d70e0641a69:0x115a2d,252244
v1,1790758512911991,SAT,24,10728d70e0641a69:0x115a2d,252268
v1,1790758512912202,UNSAT,78,10728d70e0641a69:0x115a2d,252346
v1,1790758512912291,SAT,67,10728d70e0641a69:0x115a2d,252413
v1,1790758512912470,SAT,66,10728d70e0641a69:0x115a2d,252479
v1,1790758512914921,SAT,1861,10728d70e0641a69:0x115a2d,254340
v1,1790758512916822,SAT,70,10728d70e0641a69:0x115a2d,254410
v1,1790758512917373,UNSAT,243,10728d70e0641a69:0x115a2d,254653
v1,1790758512917435,SAT,33,10728d70e0641a69:0x115a2d,254686
v1,1790758512917819,UNSAT,138,10728d70e0641a69:0x115a2d,254824
v1,1790758512917979,SAT,108,10728d70e0641a69:0x115a2d,254932
v1,1790758512918412,SAT,111,10728d70e0641a69:0x115a2d,255043
v1,1790758512922880,SAT,3591,10728d70e0641a69:0x115a2d,258634
v1,1790758512927192,SAT,107,10728d70e0641a69:0x115a2d,258741
v1,1790758512927661,UNSAT,155,10728d70e0641a69:0x115a2d,258896
v1,1790758512927716,SAT,31,10728d70e0641a69:0x115a2d,258927
v1,1790758512928032,UNSAT,120,10728d70e0641a69:0x115a2d,259047
v1,1790758512928149,SAT,67,10728d70e0641a69:0x115a2d,259114
v1,1790758512928396,SAT,74,10728d70e0641a69:0x115a2d,259188
v1,1790758512934631,SAT,5637,10728d70e0641a69:0x115a2d,264825
v1,1790758512939622,SAT,62,10728d70e0641a69:0x115a2d,264887
v1,1790758512940032,UNSAT,140,10728d70e0641a69:0x115a2d,265027
v1,1790758512940097,SAT,45,10728d70e0641a69:0x115a2d,265072
v1,1790758512940405,UNSAT,111,10728d70e0641a69:0x115a2d,265183
v1,1790758512940514,SAT,66,10728d70e0641a69:0x115a2d,265249
v1,1790758512940718,SAT,70,10728d70e0641a69:0x115a2d,265319
v1,1790758512941415,SAT,451,10728d70e0641a69:0x115a2d,265770
v1,1790758512941478,SAT,26,10728d70e0641a69:0x115a2d,265796
v1,1790758512941858,UNSAT,236,10728d70e0641a69:0x115a2d,266032
v1,1790758512941903,SAT,29,10728d70e0641a69:0x115a2d,266061
v1,1790758512942096,UNSAT,77,10728d70e0641a69:0x115a2d,266138
v1,1790758512942188,SAT,75,10728d70e0641a69:0x115a2d,266213
v1,1790758512942494,SAT,72,10728d70e0641a69:0x115a2d,266285
v1,1790758512943205,SAT,370,10728d70e0641a69:0x115a2d,266655
v1,1790758512943267,SAT,35,10728d70e0641a69:0x115a2d,266690
v1,1790758512943470,UNSAT,86,10728d70e0641a69:0x115a2d,266776
v1,1790758512943511,SAT,27,10728d70e0641a69:0x115a2d,266803
v1,1790758512943675,UNSAT,71,10728d70e0641a69:0x115a2d,266874
v1,1790758512943747,SAT,58,10728d70e0641a69:0x115a2d,266932
v1,1790758512943896,SAT,59,10728d70e0641a69:0x115a2d,266991
v1,1790758512944372,SAT,348,10728d70e0641a69:0x115a2d,267339
v1,1790758512944431,SAT,27,10728d70e0641a69:0x115a2d,267366
v1,1790758512944700,UNSAT,111,10728d70e0641a69:0x115a2d,267477
v1,1790758512944734,SAT,23,10728d70e0641a69:0x115a2d,267500
v1,1790758512944950,UNSAT,96,10728d70e0641a69:0x115a2d,267596
v1,1790758512945045,SAT,56,10728d70e0641a69:0x115a2d,267652
v1,1790758512945216,SAT,60,10728d70e0641a69:0x115a2d,267712
v1,1790758512945696,SAT,337,10728d70e0641a69:0x115a2d,268049
v1,1790758512945743,SAT,25,10728d70e0641a69:0x115a2d,268074
v1,1790758512945924,UNSAT,74,10728d70e0641a69:0x115a2d,268148
v1,1790758512945951,SAT,19,10728d70e0641a69:0x115a2d,268167
v1,1790758512946116,UNSAT,70,10728d70e0641a69:0x115a2d,268237
v1,1790758512946185,SAT,55,10728d70e0641a69:0x115a2d,268292
v1,1790758512946347,SAT,66,10728d70e0641a69:0x115a2d,268358
v1,1790758512946800,SAT,324,10728d70e0641a69:0x115a2d,268682
v1,1790758512946844,SAT,23,10728d70e0641a69:0x115a2d,268705
v1,1790758512947011,UNSAT,72,10728d70e0641a69:0x115a2d,268777
v1,1790758512947044,SAT,23,10728d70e0641a69:0x115a2d,268800
v1,1790758512947195,UNSAT,66,10728d70e0641a69:0x115a2d,268866
v1,1790758512947269,SAT,61,10728d70e0641a69:0x115a2d,268927
v1,1790758512947420,SAT,58,10728d70e0641a69:0x115a2d,268985
v1,1790758512949673,SAT,1833,10728d70e0641a69:0x115a2d,270818
v1,1790758512951358,SAT,47,10728d70e0641a69:0x115a2d,270865
v1,1790758512951715,UNSAT,117,10728d70e0641a69:0x115a2d,270982
v1,1790758512951752,SAT,22,10728d70e0641a69:0x115a2d,271004
v1,1790758512952011,UNSAT,101,10728d70e0641a69:0x115a2d,271105
v1,1790758512952116,SAT,65,10728d70e0641a69:0x115a2d,271170
v1,1790758512952341,SAT,76,10728d70e0641a69:0x115a2d,271246
v1,1790758512956488,SAT,3556,10728d70e0641a69:0x115a2d,274802
v1,1790758512959724,SAT,80,10728d70e0641a69:0x115a2d,274882
v1,1790758512960104,UNSAT,126,10728d70e0641a69:0x115a2d,275008
v1,1790758512960139,SAT,21,10728d70e0641a69:0x115a2d,275029
v1,1790758512960409,UNSAT,116,10728d70e0641a69:0x115a2d,275145
v1,1790758512960511,SAT,60,10728d70e0641a69:0x115a2d,275205
v1,1790758512960709,SAT,64,10728d70e0641a69:0x115a2d,275269
v1,1790758512966081,SAT,4776,10728d70e0641a69:0x115a2d,280045
v1,1790758512970742,SAT,51,10728d70e0641a69:0x115a2d,280096
v1,1790758512971105,UNSAT,127,10728d70e0641a69:0x115a2d,280223
v1,1790758512971149,SAT,28,10728d70e0641a69:0x115a2d,280251
v1,1790758512971425,UNSAT,110,10728d70e0641a69:0x115a2d,280361
v1,1790758512971528,SAT,62,10728d70e0641a69:0x115a2d,280423
v1,1790758512971738,SAT,71,10728d70e0641a69:0x115a2d,280494
v1,1790758512972360,SAT,372,10728d70e0641a69:0x115a2d,280866
v1,1790758512972430,SAT,36,10728d70e0641a69:0x115a2d,280902
v1,1790758512972651,UNSAT,86,10728d70e0641a69:0x115a2d,280988
v1,1790758512972688,SAT,25,10728d70e0641a69:0x115a2d,281013
v1,1790758512972866,UNSAT,81,10728d70e0641a69:0x115a2d,281094
v1,1790758512972951,SAT,65,10728d70e0641a69:0x115a2d,281159
v1,1790758512973179,SAT,65,10728d70e0641a69:0x115a2d,281224
v1,1790758512973706,SAT,363,10728d70e0641a69:0x115a2d,281587
v1,1790758512973762,SAT,30,10728d70e0641a69:0x115a2d,281617
v1,1790758512973972,UNSAT,81,10728d70e0641a69:0x115a2d,281698
v1,1790758512974004,SAT,20,10728d70e0641a69:0x115a2d,281718
v1,1790758512974211,UNSAT,74,10728d70e0641a69:0x115a2d,281792
v1,1790758512974296,SAT,66,10728d70e0641a69:0x115a2d,281858
v1,1790758512974474,SAT,69,10728d70e0641a69:0x115a2d,281927
v1,1790758512975137,SAT,341,10728d70e0641a69:0x115a2d,282268
v1,1790758512975198,SAT,28,10728d70e0641a69:0x115a2d,282296
v1,1790758512975492,UNSAT,121,10728d70e0641a69:0x115a2d,282417
v1,1790758512975525,SAT,22,10728d70e0641a69:0x115a2d,282439
v1,1790758512975750,UNSAT,101,10728d70e0641a69:0x115a2d,282540
v1,1790758512975847,SAT,59,10728d70e0641a69:0x115a2d,282599
v1,1790758512976025,SAT,64,10728d70e0641a69:0x115a2d,282663
v1,1790758512976566,SAT,342,10728d70e0641a69:0x115a2d,283005
v1,1790758512976611,SAT,21,10728d70e0641a69:0x115a2d,283026
v1,1790758512976789,UNSAT,77,10728d70e0641a69:0x115a2d,283103
v1,1790758512976817,SAT,20,10728d70e0641a69:0x115a2d,283123
v1,1790758512976965,UNSAT,62,10728d70e0641a69:0x115a2d,283185
v1,1790758512977032,SAT,54,10728d70e0641a69:0x115a2d,283239
v1,1790758512977172,SAT,55,10728d70e0641a69:0x115a2d,283294
v1,1790758512979332,SAT,1769,10728d70e0641a69:0x115a2d,285063
v1,1790758512980977,SAT,44,10728d70e0641a69:0x115a2d,285107
v1,1790758512981323,UNSAT,128,10728d70e0641a69:0x115a2d,285235
v1,1790758512981361,SAT,23,10728d70e0641a69:0x115a2d,285258
v1,1790758512981607,UNSAT,100,10728d70e0641a69:0x115a2d,285358
v1,1790758512981708,SAT,56,10728d70e0641a69:0x115a2d,285414
v1,1790758512981894,SAT,61,10728d70e0641a69:0x115a2d,285475
v1,1790758512982463,SAT,366,10728d70e0641a69:0x115a2d,285841
v1,1790758512982522,SAT,33,10728d70e0641a69:0x115a2d,285874
v1,1790758512982720,UNSAT,82,10728d70e0641a69:0x115a2d,285956
v1,1790758512982777,SAT,45,10728d70e0641a69:0x115a2d,286001
v1,1790758512982944,UNSAT,74,10728d70e0641a69:0x115a2d,286075
v1,1790758512983020,SAT,61,10728d70e0641a69:0x115a2d,286136
v1,1790758512983159,SAT,56,10728d70e0641a69:0x115a2d,286192
v1,1790758512986924,SAT,3302,10728d70e0641a69:0x115a2d,289494
v1,1790758512990079,SAT,51,10728d70e0641a69:0x115a2d,289545
v1,1790758512990437,UNSAT,124,10728d70e0641a69:0x115a2d,289669
v1,1790758512990482,SAT,30,10728d70e0641a69:0x115a2d,289699
v1,1790758512990735,UNSAT,102,10728d70e0641a69:0x115a2d,289801
v1,1790758512990833,SAT,58,10728d70e0641a69:0x115a2d,289859
v1,1790758512991033,SAT,63,10728d70e0641a69:0x115a2d,289922
v1,1790758512996371,SAT,4769,10728d70e0641a69:0x115a2d,294691
v1,1790758513001044,SAT,57,10728d70e0641a69:0x115a2d,294748
v1,1790758513001432,UNSAT,127,10728d70e0641a69:0x115a2d,294875
v1,1790758513001481,SAT,33,10728d70e0641a69:0x115a2d,294908
v1,1790758513001737,UNSAT,104,10728d70e0641a69:0x115a2d,295012
v1,1790758513001845,SAT,64,10728d70e0641a69:0x115a2d,295076
v1,1790758513002060,SAT,73,10728d70e0641a69:0x115a2d,295149
v1,1790758513002758,SAT,370,10728d70e0641a69:0x115a2d,295519
v1,1790758513002819,SAT,32,10728d70e0641a69:0x115a2d,295551
v1,1790758513003011,UNSAT,80,10728d70e0641a69:0x115a2d,295631
v1,1790758513003056,SAT,35,10728d70e0641a69:0x115a2d,295666
v1,1790758513003222,UNSAT,73,10728d70e0641a69:0x115a2d,295739
v1,1790758513003307,SAT,71,10728d70e0641a69:0x115a2d,295810
v1,1790758513003460,SAT,59,10728d70e0641a69:0x115a2d,295869
v1,1790758513003940,SAT,336,10728d70e0641a69:0x115a2d,296205
v1,1790758513003990,SAT,27,10728d70e0641a69:0x115a2d,296232
v1,1790758513004168,UNSAT,78,10728d70e0641a69:0x115a2d,296310
v1,1790758513004204,SAT,27,10728d70e0641a69:0x115a2d,296337
v1,1790758513004368,UNSAT,74,10728d70e0641a69:0x115a2d,296411
v1,1790758513004453,SAT,66,10728d70e0641a69:0x115a2d,296477
v1,1790758513004616,SAT,61,10728d70e0641a69:0x115a2d,296538
v1,1790758513005105,SAT,350,10728d70e0641a69:0x115a2d,296888
v1,1790758513005155,SAT,27,10728d70e0641a69:0x115a2d,296915
v1,1790758513005338,UNSAT,76,10728d70e0641a69:0x115a2d,296991
v1,1790758513005374,SAT,26,10728d70e0641a69:0x115a2d,297017
v1,1790758513005541,UNSAT,69,10728d70e0641a69:0x115a2d,297086
v1,1790758513005613,SAT,56,10728d70e0641a69:0x115a2d,297142
v1,1790758513005761,SAT,64,10728d70e0641a69:0x115a2d,297206
v1,1790758513006605,SAT,361,10728d70e0641a69:0x115a2d,297567
v1,1790758513006664,SAT,25,10728d70e0641a69:0x115a2d,297592
v1,1790758513007284,UNSAT,456,10728d70e0641a69:0x115a2d,298048
v1,1790758513007320,SAT,22,10728d70e0641a69:0x115a2d,298070
v1,1790758513007539,UNSAT,93,10728d70e0641a69:0x115a2d,298163
v1,1790758513007643,SAT,64,10728d70e0641a69:0x115a2d,298227
v1,1790758513007854,SAT,66,10728d70e0641a69:0x115a2d,298293
v1,1790758513008342,SAT,347,10728d70e0641a69:0x115a2d,298640
v1,1790758513008397,SAT,32,10728d70e0641a69:0x115a2d,298672
v1,1790758513008575,UNSAT,77,10728d70e0641a69:0x115a2d,298749
v1,1790758513008618,SAT,33,10728d70e0641a69:0x115a2d,298782
v1,1790758513008773,UNSAT,66,10728d70e0641a69:0x115a2d,298848
v1,1790758513008849,SAT,58,10728d70e0641a69:0x115a2d,298906
v1,1790758513008996,SAT,62,10728d70e0641a69:0x115a2d,298968
v1,1790758513011208,SAT,1746,10728d70e0641a69:0x115a2d,300714
v1,1790758513012862,SAT,43,10728d70e0641a69:0x115a2d,300757
v1,1790758513013213,UNSAT,132,10728d70e0641a69:0x115a2d,300889
v1,1790758513013288,SAT,52,10728d70e0641a69:0x115a2d,300941
v1,1790758513013566,UNSAT,107,10728d70e0641a69:0x115a2d,301048
v1,1790758513013667,SAT,59,10728d70e0641a69:0x115a2d,301107
v1,1790758513013860,SAT,62,10728d70e0641a69:0x115a2d,301169
v1,1790758513017762,SAT,3347,10728d70e0641a69:0x115a2d,304516
v1,1790758513020931,SAT,53,10728d70e0641a69:0x115a2d,304569
v1,1790758513021298,UNSAT,128,10728d70e0641a69:0x115a2d,304697
v1,1790758513021337,SAT,21,10728d70e0641a69:0x115a2d,304718
v1,1790758513021622,UNSAT,103,10728d70e0641a69:0x115a2d,304821
v1,1790758513021731,SAT,64,10728d70e0641a69:0x115a2d,304885
v1,1790758513021951,SAT,69,10728d70e0641a69:0x115a2d,304954
v1,1790758513027402,SAT,4849,10728d70e0641a69:0x115a2d,309803
v1,1790758513032139,SAT,82,10728d70e0641a69:0x115a2d,309885
v1,1790758513032550,UNSAT,124,10728d70e0641a69:0x115a2d,310009
v1,1790758513032590,SAT,23,10728d70e0641a69:0x115a2d,310032
v1,1790758513032870,UNSAT,119,10728d70e0641a69:0x115a2d,310151
v1,1790758513032968,SAT,58,10728d70e0641a69:0x115a2d,310209
v1,1790758513033159,SAT,63,10728d70e0641a69:0x115a2d,310272
v1,1790758513033852,SAT,384,10728d70e0641a69:0x115a2d,310656
v1,1790758513033910,SAT,29,10728d70e0641a69:0x115a2d,310685
v1,1790758513034112,UNSAT,80,10728d70e0641a69:0x115a2d,310765
v1,1790758513034146,SAT,22,10728d70e0641a69:0x115a2d,310787
v1,1790758513034320,UNSAT,76,10728d70e0641a69:0x115a2d,310863
v1,1790758513034392,SAT,56,10728d70e0641a69:0x115a2d,310919
v1,1790758513034538,SAT,57,10728d70e0641a69:0x115a2d,310976
v1,1790758513035043,SAT,352,10728d70e0641a69:0x115a2d,311328
v1,1790758513035107,SAT,31,10728d70e0641a69:0x115a2d,311359
v1,1790758513035416,UNSAT,130,10728d70e0641a69:0x115a2d,311489
v1,1790758513035449,SAT,22,10728d70e0641a69:0x115a2d,311511
v1,1790758513035698,UNSAT,118,10728d70e0641a69:0x115a2d,311629
v1,1790758513035836,SAT,73,10728d70e0641a69:0x115a2d,311702
v1,1790758513036049,SAT,66,10728d70e0641a69:0x115a2d,311768
v1,1790758513036602,SAT,389,10728d70e0641a69:0x115a2d,312157
v1,1790758513036656,SAT,28,10728d70e0641a69:0x115a2d,312185
v1,1790758513036856,UNSAT,75,10728d70e0641a69:0x115a2d,312260
v1,1790758513036884,SAT,18,10728d70e0641a69:0x115a2d,312278
v1,1790758513037033,UNSAT,67,10728d70e0641a69:0x115a2d,312345
v1,1790758513037101,SAT,54,10728d70e0641a69:0x115a2d,312399
v1,1790758513037243,SAT,57,10728d70e0641a69:0x115a2d,312456
v1,1790758513037737,SAT,340,10728d70e0641a69:0x115a2d,312796
v1,1790758513037782,SAT,21,10728d70e0641a69:0x115a2d,312817
v1,1790758513037969,UNSAT,84,10728d70e0641a69:0x115a2d,312901
v1,1790758513038000,SAT,22,10728d70e0641a69:0x115a2d,312923
v1,1790758513038148,UNSAT,63,10728d70e0641a69:0x115a2d,312986
v1,1790758513038213,SAT,52,10728d70e0641a69:0x115a2d,313038
v1,1790758513038372,SAT,58,10728d70e0641a69:0x115a2d,313096
v1,1790758513040721,SAT,1799,10728d70e0641a69:0x115a2d,314895
v1,1790758513042391,SAT,48,10728d70e0641a69:0x115a2d,314943
v1,1790758513042777,UNSAT,131,10728d70e0641a69:0x115a2d,315074
v1,1790758513042814,SAT,24,10728d70e0641a69:0x115a2d,315098
v1,1790758513043082,UNSAT,116,10728d70e0641a69:0x115a2d,315214
v1,1790758513043195,SAT,59,10728d70e0641a69:0x115a2d,315273
v1,1790758513043415,SAT,63,10728d70e0641a69:0x115a2d,315336
v1,1790758513047509,SAT,3532,10728d70e0641a69:0x115a2d,318868
v1,1790758513050751,SAT,85,10728d70e0641a69:0x115a2d,318953
v1,1790758513051212,UNSAT,146,10728d70e0641a69:0x115a2d,319099
v1,1790758513051304,SAT,74,10728d70e0641a69:0x115a2d,319173
v1,1790758513051613,UNSAT,131,10728d70e0641a69:0x115a2d,319304
v1,1790758513051736,SAT,67,10728d70e0641a69:0x115a2d,319371
v1,1790758513051953,SAT,67,10728d70e0641a69:0x115a2d,319438
v1,1790758513052536,SAT,404,10728d70e0641a69:0x115a2d,319842
v1,1790758513052617,SAT,47,10728d70e0641a69:0x115a2d,319889
v1,1790758513052819,UNSAT,81,10728d70e0641a69:0x115a2d,319970
v1,1790758513052850,SAT,21,10728d70e0641a69:0x115a2d,319991
v1,1790758513053007,UNSAT,66,10728d70e0641a69:0x115a2d,320057
v1,1790758513053082,SAT,55,10728d70e0641a69:0x115a2d,320112
v1,1790758513053234,SAT,57,10728d70e0641a69:0x115a2d,320169
v1,1790758513058716,SAT,4852,10728d70e0641a69:0x115a2d,325021
v1,1790758513063461,SAT,76,10728d70e0641a69:0x115a2d,325097
v1,1790758513063911,UNSAT,143,10728d70e0641a69:0x115a2d,325240
v1,1790758513063954,SAT,25,10728d70e0641a69:0x115a2d,325265
v1,1790758513064256,UNSAT,120,10728d70e0641a69:0x115a2d,325385
v1,1790758513064375,SAT,63,10728d70e0641a69:0x115a2d,325448
v1,1790758513064586,SAT,62,10728d70e0641a69:0x115a2d,325510
v1,1790758513065282,SAT,406,10728d70e0641a69:0x115a2d,325916
v1,1790758513065358,SAT,40,10728d70e0641a69:0x115a2d,325956
v1,1790758513065577,UNSAT,91,10728d70e0641a69:0x115a2d,326047
v1,1790758513065622,SAT,35,10728d70e0641a69:0x115a2d,326082
v1,1790758513065797,UNSAT,71,10728d70e0641a69:0x115a2d,326153
v1,1790758513065876,SAT,63,10728d70e0641a69:0x115a2d,326216
v1,1790758513066158,SAT,191,10728d70e0641a69:0x115a2d,326407
v1,1790758513066736,SAT,354,10728d70e0641a69:0x115a2d,326761
v1,1790758513066791,SAT,27,10728d70e0641a69:0x115a2d,326788
v1,1790758513066983,UNSAT,74,10728d70e0641a69:0x115a2d,326862
v1,1790758513067011,SAT,19,10728d70e0641a69:0x115a2d,326881
v1,1790758513067157,UNSAT,63,10728d70e0641a69:0x115a2d,326944
v1,1790758513067226,SAT,55,10728d70e0641a69:0x115a2d,326999
v1,1790758513067404,SAT,75,10728d70e0641a69:0x115a2d,327074
v1,1790758513067912,SAT,355,10728d70e0641a69:0x115a2d,327429
v1,1790758513067967,SAT,29,10728d70e0641a69:0x115a2d,327458
v1,1790758513068151,UNSAT,81,10728d70e0641a69:0x115a2d,327539
v1,1790758513068194,SAT,28,10728d70e0641a69:0x115a2d,327567
v1,1790758513068358,UNSAT,69,10728d70e0641a69:0x115a2d,327636
v1,1790758513068432,SAT,59,10728d70e0641a69:0x115a2d,327695
v1,1790758513068580,SAT,59,10728d70e0641a69:0x115a2d,327754
v1,1790758513069116,SAT,343,10728d70e0641a69:0x115a2d,328097
v1,1790758513069170,SAT,23,10728d70e0641a69:0x115a2d,328120
v1,1790758513069453,UNSAT,118,10728d70e0641a69:0x115a2d,328238
v1,1790758513069488,SAT,25,10728d70e0641a69:0x115a2d,328263
v1,1790758513069709,UNSAT,94,10728d70e0641a69:0x115a2d,328357
v1,1790758513069801,SAT,55,10728d70e0641a69:0x115a2d,328412
v1,1790758513069977,SAT,60,10728d70e0641a69:0x115a2d,328472
v1,1790758513070506,SAT,384,10728d70e0641a69:0x115a2d,328856
v1,1790758513070554,SAT,23,10728d70e0641a69:0x115a2d,328879
v1,1790758513070741,UNSAT,80,10728d70e0641a69:0x115a2d,328959
v1,1790758513070785,SAT,33,10728d70e0641a69:0x115a2d,328992
v1,1790758513070958,UNSAT,76,10728d70e0641a69:0x115a2d,329068
v1,1790758513071030,SAT,57,10728d70e0641a69:0x115a2d,329125
v1,1790758513071181,SAT,61,10728d70e0641a69:0x115a2d,329186
v1,1790758513073530,SAT,1813,10728d70e0641a69:0x115a2d,330999
v1,1790758513075243,SAT,72,10728d70e0641a69:0x115a2d,331071
v1,1790758513075645,UNSAT,118,10728d70e0641a69:0x115a2d,331189
v1,1790758513075692,SAT,32,10728d70e0641a69:0x115a2d,331221
v1,1790758513075966,UNSAT,109,10728d70e0641a69:0x115a2d,331330
v1,1790758513076069,SAT,60,10728d70e0641a69:0x115a2d,331390
v1,1790758513076279,SAT,78,10728d70e0641a69:0x115a2d,331468
v1,1790758513080153,SAT,3367,10728d70e0641a69:0x115a2d,334835
v1,1790758513083462,SAT,136,10728d70e0641a69:0x115a2d,334971
v1,1790758513083902,UNSAT,130,10728d70e0641a69:0x115a2d,335101
v1,1790758513083956,SAT,35,10728d70e0641a69:0x115a2d,335136
v1,1790758513084302,UNSAT,175,10728d70e0641a69:0x115a2d,335311
v1,1790758513084527,SAT,76,10728d70e0641a69:0x115a2d,335387
v1,1790758513084778,SAT,80,10728d70e0641a69:0x115a2d,335467
v1,1790758513090234,SAT,4820,10728d70e0641a69:0x115a2d,340287
v1,1790758513094992,SAT,89,10728d70e0641a69:0x115a2d,340376
v1,1790758513095409,UNSAT,124,10728d70e0641a69:0x115a2d,340500
v1,1790758513095446,SAT,21,10728d70e0641a69:0x115a2d,340521
v1,1790758513095709,UNSAT,101,10728d70e0641a69:0x115a2d,340622
v1,1790758513095821,SAT,67,10728d70e0641a69:0x115a2d,340689
v1,1790758513096051,SAT,67,10728d70e0641a69:0x115a2d,340756
v1,1790758513096706,SAT,378,10728d70e0641a69:0x115a2d,341134
v1,1790758513096764,SAT,28,10728d70e0641a69:0x115a2d,341162
v1,1790758513097005,UNSAT,102,10728d70e0641a69:0x115a2d,341264
v1,1790758513097040,SAT,20,10728d70e0641a69:0x115a2d,341284
v1,1790758513097211,UNSAT,68,10728d70e0641a69:0x115a2d,341352
v1,1790758513097325,SAT,99,10728d70e0641a69:0x115a2d,341451
v1,1790758513097483,SAT,59,10728d70e0641a69:0x115a2d,341510
v1,1790758513098109,SAT,363,10728d70e0641a69:0x115a2d,341873
v1,1790758513098166,SAT,26,10728d70e0641a69:0x115a2d,341899
v1,1790758513098397,UNSAT,90,10728d70e0641a69:0x115a2d,341989
v1,1790758513098429,SAT,21,10728d70e0641a69:0x115a2d,342010
v1,1790758513098610,UNSAT,74,10728d70e0641a69:0x115a2d,342084
v1,1790758513098684,SAT,59,10728d70e0641a69:0x115a2d,342143
v1,1790758513098833,SAT,62,10728d70e0641a69:0x115a2d,342205
v1,1790758513099329,SAT,361,10728d70e0641a69:0x115a2d,342566
v1,1790758513099392,SAT,31,10728d70e0641a69:0x115a2d,342597
v1,1790758513099654,UNSAT,110,10728d70e0641a69:0x115a2d,342707
v1,1790758513099690,SAT,25,10728d70e0641a69:0x115a2d,342732
v1,1790758513099915,UNSAT,90,10728d70e0641a69:0x115a2d,342822
v1,1790758513100006,SAT,56,10728d70e0641a69:0x115a2d,342878
v1,1790758513100177,SAT,58,10728d70e0641a69:0x115a2d,342936
v1,1790758513100688,SAT,353,10728d70e0641a69:0x115a2d,343289
v1,1790758513100743,SAT,25,10728d70e0641a69:0x115a2d,343314
v1,1790758513100924,UNSAT,79,10728d70e0641a69:0x115a2d,343393
v1,1790758513100954,SAT,20,10728d70e0641a69:0x115a2d,343413
v1,1790758513101104,UNSAT,62,10728d70e0641a69:0x115a2d,343475
v1,1790758513101173,SAT,56,10728d70e0641a69:0x115a2d,343531
v1,1790758513101354,SAT,72,10728d70e0641a69:0x115a2d,343603
v1,1790758513101855,SAT,352,10728d70e0641a69:0x115a2d,343955
v1,1790758513101916,SAT,36,10728d70e0641a69:0x115a2d,343991
v1,1790758513102104,UNSAT,86,10728d70e0641a69:0x115a2d,344077
v1,1790758513102145,SAT,31,10728d70e0641a69:0x115a2d,344108
v1,1790758513102316,UNSAT,80,10728d70e0641a69:0x115a2d,344188
v1,1790758513102394,SAT,63,10728d70e0641a69:0x115a2d,344251
v1,1790758513102553,SAT,63,10728d70e0641a69:0x115a2d,344314
v1,1790758513104948,SAT,1919,10728d70e0641a69:0x115a2d,346233
v1,1790758513106683,SAT,66,10728d70e0641a69:0x115a2d,346299
v1,1790758513107092,UNSAT,134,10728d70e0641a69:0x115a2d,346433
v1,1790758513107138,SAT,30,10728d70e0641a69:0x115a2d,346463
v1,1790758513107430,UNSAT,110,10728d70e0641a69:0x115a2d,346573
v1,1790758513107536,SAT,66,10728d70e0641a69:0x115a2d,346639
v1,1790758513107766,SAT,75,10728d70e0641a69:0x115a2d,346714
v1,1790758513111650,SAT,3304,10728d70e0641a69:0x115a2d,350018
v1,1790758513114899,SAT,65,10728d70e0641a69:0x115a2d,350083
v1,1790758513115306,UNSAT,133,10728d70e0641a69:0x115a2d,350216
v1,1790758513115353,SAT,32,10728d70e0641a69:0x115a2d,350248
v1,1790758513115607,UNSAT,98,10728d70e0641a69:0x115a2d,350346
v1,1790758513115711,SAT,67,10728d70e0641a69:0x115a2d,350413
v1,1790758513115908,SAT,67,10728d70e0641a69:0x115a2d,350480
v1,1790758513121353,SAT,4808,10728d70e0641a69:0x115a2d,355288
v1,1790758513126036,SAT,59,10728d70e0641a69:0x115a2d,355347
v1,1790758513126418,UNSAT,122,10728d70e0641a69:0x115a2d,355469
v1,1790758513126474,SAT,41,10728d70e0641a69:0x115a2d,355510
v1,1790758513126730,UNSAT,99,10728d70e0641a69:0x115a2d,355609
v1,1790758513126831,SAT,64,10728d70e0641a69:0x115a2d,355673
v1,1790758513127028,SAT,69,10728d70e0641a69:0x115a2d,355742
v1,1790758513127636,SAT,370,10728d70e0641a69:0x115a2d,356112
v1,1790758513127696,SAT,34,10728d70e0641a69:0x115a2d,356146
v1,1790758513127896,UNSAT,80,10728d70e0641a69:0x115a2d,356226
v1,1790758513127940,SAT,33,10728d70e0641a69:0x115a2d,356259
v1,1790758513128098,UNSAT,65,10728d70e0641a69:0x115a2d,356324
v1,1790758513128169,SAT,56,10728d70e0641a69:0x115a2d,356380
v1,1790758513128324,SAT,60,10728d70e0641a69:0x115a2d,356440
v1,1790758513128820,SAT,343,10728d70e0641a69:0x115a2d,356783
v1,1790758513128867,SAT,24,10728d70e0641a69:0x115a2d,356807
v1,1790758513129036,UNSAT,71,10728d70e0641a69:0x115a2d,356878
v1,1790758513129067,SAT,19,10728d70e0641a69:0x115a2d,356897
v1,1790758513129225,UNSAT,67,10728d70e0641a69:0x115a2d,356964
v1,1790758513129309,SAT,69,10728d70e0641a69:0x115a2d,357033
v1,1790758513129478,SAT,68,10728d70e0641a69:0x115a2d,357101
v1,1790758513130097,SAT,357,10728d70e0641a69:0x115a2d,357458
v1,1790758513130151,SAT,23,10728d70e0641a69:0x115a2d,357481
v1,1790758513130428,UNSAT,108,10728d70e0641a69:0x115a2d,357589
v1,1790758513130459,SAT,20,10728d70e0641a69:0x115a2d,357609
v1,1790758513130682,UNSAT,95,10728d70e0641a69:0x115a2d,357704
v1,1790758513130779,SAT,58,10728d70e0641a69:0x115a2d,357762
v1,1790758513130970,SAT,61,10728d70e0641a69:0x115a2d,357823
v1,1790758513131517,SAT,357,10728d70e0641a69:0x115a2d,358180
v1,1790758513131578,SAT,35,10728d70e0641a69:0x115a2d,358215
v1,1790758513131763,UNSAT,75,10728d70e0641a69:0x115a2d,358290
v1,1790758513131794,SAT,21,10728d70e0641a69:0x115a2d,358311
v1,1790758513131945,UNSAT,63,10728d70e0641a69:0x115a2d,358374
v1,1790758513132036,SAT,76,10728d70e0641a69:0x115a2d,358450
v1,1790758513132230,SAT,66,10728d70e0641a69:0x115a2d,358516
v1,1790758513134474,SAT,1806,10728d70e0641a69:0x115a2d,360322
v1,1790758513136174,SAT,59,10728d70e0641a69:0x115a2d,360381
v1,1790758513136595,UNSAT,133,10728d70e0641a69:0x115a2d,360514
v1,1790758513136645,SAT,34,10728d70e0641a69:0x115a2d,360548
v1,1790758513136903,UNSAT,104,10728d70e0641a69:0x115a2d,360652
v1,1790758513137007,SAT,63,10728d70e0641a69:0x115a2d,360715
v1,1790758513137201,SAT,62,10728d70e0641a69:0x115a2d,360777
v1,1790758513137806,SAT,373,10728d70e0641a69:0x115a2d,361150
v1,1790758513137862,SAT,27,10728d70e0641a69:0x115a2d,361177
v1,1790758513138072,UNSAT,88,10728d70e0641a69:0x115a2d,361265
v1,1790758513138110,SAT,23,10728d70e0641a69:0x115a2d,361288
v1,1790758513138298,UNSAT,84,10728d70e0641a69:0x115a2d,361372
v1,1790758513138372,SAT,57,10728d70e0641a69:0x115a2d,361429
v1,1790758513138520,SAT,56,10728d70e0641a69:0x115a2d,361485
v1,1790758513142310,SAT,3326,10728d70e0641a69:0x115a2d,364811
v1,1790758513145544,SAT,51,10728d70e0641a69:0x115a2d,364862
v1,1790758513145912,UNSAT,123,10728d70e0641a69:0x115a2d,364985
v1,1790758513145949,SAT,23,10728d70e0641a69:0x115a2d,365008
v1,1790758513146208,UNSAT,104,10728d70e0641a69:0x115a2d,365112
v1,1790758513146315,SAT,58,10728d70e0641a69:0x115a2d,365170
v1,1790758513146507,SAT,59,10728d70e0641a69:0x115a2d,365229
v1,1790758513151854,SAT,4833,10728d70e0641a69:0x115a2d,370062
v1,1790758513156547,SAT,64,10728d70e0641a69:0x115a2d,370126
v1,1790758513156991,UNSAT,149,10728d70e0641a69:0x115a2d,370275
v1,1790758513157038,SAT,28,10728d70e0641a69:0x115a2d,370303
v1,1790758513157351,UNSAT,142,10728d70e0641a69:0x115a2d,370445
v1,1790758513157474,SAT,77,10728d70e0641a69:0x115a2d,370522
v1,1790758513157693,SAT,66,10728d70e0641a69:0x115a2d,370588
v1,1790758513158408,SAT,394,10728d70e0641a69:0x115a2d,370982
v1,1790758513158474,SAT,32,10728d70e0641a69:0x115a2d,371014
v1,1790758513158674,UNSAT,79,10728d70e0641a69:0x115a2d,371093
v1,1790758513158720,SAT,35,10728d70e0641a69:0x115a2d,371128
v1,1790758513158885,UNSAT,66,10728d70e0641a69:0x115a2d,371194
v1,1790758513158956,SAT,55,10728d70e0641a69:0x115a2d,371249
v1,1790758513159103,SAT,59,10728d70e0641a69:0x115a2d,371308
v1,1790758513159634,SAT,362,10728d70e0641a69:0x115a2d,371670
v1,1790758513159686,SAT,23,10728d70e0641a69:0x115a2d,371693
v1,1790758513159868,UNSAT,74,10728d70e0641a69:0x115a2d,371767
v1,1790758513159900,SAT,23,10728d70e0641a69:0x115a2d,371790
v1,1790758513160054,UNSAT,64,10728d70e0641a69:0x115a2d,371854
v1,1790758513160121,SAT,53,10728d70e0641a69:0x115a2d,371907
v1,1790758513160269,SAT,61,10728d70e0641a69:0x115a2d,371968
v1,1790758513160762,SAT,349,10728d70e0641a69:0x115a2d,372317
v1,1790758513160823,SAT,32,10728d70e0641a69:0x115a2d,372349
v1,1790758513161213,UNSAT,137,10728d70e0641a69:0x115a2d,372486
v1,1790758513161290,SAT,47,10728d70e0641a69:0x115a2d,372533
v1,1790758513161619,UNSAT,131,10728d70e0641a69:0x115a2d,372664
v1,1790758513161772,SAT,111,10728d70e0641a69:0x115a2d,372775
v1,1790758513162114,SAT,123,10728d70e0641a69:0x115a2d,372898
v1,1790758513163561,SAT,621,10728d70e0641a69:0x115a2d,373519
v1,1790758513163958,SAT,319,10728d70e0641a69:0x115a2d,373838
v1,1790758513164477,UNSAT,191,10728d70e0641a69:0x115a2d,374029
v1,1790758513164562,SAT,47,10728d70e0641a69:0x115a2d,374076
v1,1790758513165031,UNSAT,187,10728d70e0641a69:0x115a2d,374263
v1,1790758513165222,SAT,102,10728d70e0641a69:0x115a2d,374365
v1,1790758513165681,SAT,108,10728d70e0641a69:0x115a2d,374473
v1,1790758513166514,SAT,551,10728d70e0641a69:0x115a2d,375024
v1,1790758513166615,SAT,51,10728d70e0641a69:0x115a2d,375075
v1,1790758513166948,UNSAT,126,10728d70e0641a69:0x115a2d,375201
v1,1790758513167014,SAT,39,10728d70e0641a69:0x115a2d,375240
v1,1790758513167359,UNSAT,133,10728d70e0641a69:0x115a2d,375373
v1,1790758513167494,SAT,94,10728d70e0641a69:0x115a2d,375467
v1,1790758513167787,SAT,106,10728d70e0641a69:0x115a2d,375573
v1,1790758513170600,SAT,2076,10728d70e0641a69:0x115a2d,377649
v1,1790758513172323,SAT,43,10728d70e0641a69:0x115a2d,377692
v1,1790758513172670,UNSAT,119,10728d70e0641a69:0x115a2d,377811
v1,1790758513172711,SAT,26,10728d70e0641a69:0x115a2d,377837
v1,1790758513172971,UNSAT,110,10728d70e0641a69:0x115a2d,377947
v1,1790758513173079,SAT,66,10728d70e0641a69:0x115a2d,378013
v1,1790758513173290,SAT,73,10728d70e0641a69:0x115a2d,378086
v1,1790758513177189,SAT,3378,10728d70e0641a69:0x115a2d,381464
v1,1790758513180376,SAT,40,10728d70e0641a69:0x115a2d,381504
v1,1790758513180718,UNSAT,115,10728d70e0641a69:0x115a2d,381619
v1,1790758513180753,SAT,22,10728d70e0641a69:0x115a2d,381641
v1,1790758513180996,UNSAT,99,10728d70e0641a69:0x115a2d,381740
v1,1790758513181089,SAT,54,10728d70e0641a69:0x115a2d,381794
v1,1790758513181285,SAT,69,10728d70e0641a69:0x115a2d,381863
v1,1790758513186686,SAT,4828,10728d70e0641a69:0x115a2d,386691
v1,1790758513191334,SAT,47,10728d70e0641a69:0x115a2d,386738
v1,1790758513191703,UNSAT,121,10728d70e0641a69:0x115a2d,386859
v1,1790758513191761,SAT,43,10728d70e0641a69:0x115a2d,386902
v1,1790758513192015,UNSAT,102,10728d70e0641a69:0x115a2d,387004
v1,1790758513192116,SAT,62,10728d70e0641a69:0x115a2d,387066
v1,1790758513192330,SAT,65,10728d70e0641a69:0x115a2d,387131
v1,1790758513192996,SAT,360,10728d70e0641a69:0x115a2d,387491
v1,1790758513193051,SAT,32,10728d70e0641a69:0x115a2d,387523
v1,1790758513193241,UNSAT,78,10728d70e0641a69:0x115a2d,387601
v1,1790758513193282,SAT,24,10728d70e0641a69:0x115a2d,387625
v1,1790758513193446,UNSAT,68,10728d70e0641a69:0x115a2d,387693
v1,1790758513193517,SAT,56,10728d70e0641a69:0x115a2d,387749
v1,1790758513193679,SAT,69,10728d70e0641a69:0x115a2d,387818
v1,1790758513194156,SAT,346,10728d70e0641a69:0x115a2d,388164
v1,1790758513194209,SAT,24,10728d70e0641a69:0x115a2d,388188
v1,1790758513194499,UNSAT,116,10728d70e0641a69:0x115a2d,388304
v1,1790758513194532,SAT,22,10728d70e0641a69:0x115a2d,388326
v1,1790758513194757,UNSAT,93,10728d70e0641a69:0x115a2d,388419
v1,1790758513194854,SAT,59,10728d70e0641a69:0x115a2d,388478
v1,1790758513195027,SAT,62,10728d70e0641a69:0x115a2d,388540
v1,1790758513195502,SAT,345,10728d70e0641a69:0x115a2d,388885
v1,1790758513195564,SAT,39,10728d70e0641a69:0x115a2d,388924
v1,1790758513195740,UNSAT,72,10728d70e0641a69:0x115a2d,388996
v1,1790758513195770,SAT,21,10728d70e0641a69:0x115a2d,389017
v1,1790758513195921,UNSAT,63,10728d70e0641a69:0x115a2d,389080
v1,1790758513196002,SAT,68,10728d70e0641a69:0x115a2d,389148
v1,1790758513196144,SAT,55,10728d70e0641a69:0x115a2d,389203
v1,1790758513196608,SAT,331,10728d70e0641a69:0x115a2d,389534
v1,1790758513196658,SAT,30,10728d70e0641a69:0x115a2d,389564
v1,1790758513196831,UNSAT,75,10728d70e0641a69:0x115a2d,389639
v1,1790758513196862,SAT,22,10728d70e0641a69:0x115a2d,389661
v1,1790758513197028,UNSAT,72,10728d70e0641a69:0x115a2d,389733
v1,1790758513197106,SAT,62,10728d70e0641a69:0x115a2d,389795
v1,1790758513197246,SAT,58,10728d70e0641a69:0x115a2d,389853
v1,1790758513199514,SAT,1752,10728d70e0641a69:0x115a2d,391605
v1,1790758513201142,SAT,38,10728d70e0641a69:0x115a2d,391643
v1,1790758513201474,UNSAT,113,10728d70e0641a69:0x115a2d,391756
v1,1790758513201507,SAT,19,10728d70e0641a69:0x115a2d,391775
v1,1790758513201755,UNSAT,99,10728d70e0641a69:0x115a2d,391874
v1,1790758513201857,SAT,58,10728d70e0641a69:0x115a2d,391932
v1,1790758513202592,SAT,595,10728d70e0641a69:0x115a2d,392527
v1,1790758513207346,SAT,3799,10728d70e0641a69:0x115a2d,396326
v1,1790758513210692,SAT,50,10728d70e0641a69:0x115a2d,396376
v1,1790758513211073,UNSAT,138,10728d70e0641a69:0x115a2d,396514
v1,1790758513211124,SAT,35,10728d70e0641a69:0x115a2d,396549
v1,1790758513211394,UNSAT,106,10728d70e0641a69:0x115a2d,396655
v1,1790758513211496,SAT,61,10728d70e0641a69:0x115a2d,396716
v1,1790758513211707,SAT,76,10728d70e0641a69:0x115a2d,396792
v1,1790758513212271,SAT,381,10728d70e0641a69:0x115a2d,397173
v1,1790758513212325,SAT,28,10728d70e0641a69:0x115a2d,397201
v1,1790758513212624,UNSAT,173,10728d70e0641a69:0x115a2d,397374
v1,1790758513212664,SAT,23,10728d70e0641a69:0x115a2d,397397
v1,1790758513212862,UNSAT,77,10728d70e0641a69:0x115a2d,397474
v1,1790758513212952,SAT,72,10728d70e0641a69:0x115a2d,397546
v1,1790758513213169,SAT,78,10728d70e0641a69:0x115a2d,397624
v1,1790758513218611,SAT,4886,10728d70e0641a69:0x115a2d,402510
v1,1790758513223344,SAT,51,10728d70e0641a69:0x115a2d,402561
v1,1790758513223811,UNSAT,129,10728d70e0641a69:0x115a2d,402690
v1,1790758513223848,SAT,21,10728d70e0641a69:0x115a2d,402711
v1,1790758513224095,UNSAT,96,10728d70e0641a69:0x115a2d,402807
v1,1790758513224194,SAT,60,10728d70e0641a69:0x115a2d,402867
v1,1790758513224386,SAT,59,10728d70e0641a69:0x115a2d,402926
v1,1790758513224963,SAT,350,10728d70e0641a69:0x115a2d,403276
v1,1790758513225010,SAT,24,10728d70e0641a69:0x115a2d,403300
v1,1790758513225187,UNSAT,72,10728d70e0641a69:0x115a2d,403372
v1,1790758513225216,SAT,21,10728d70e0641a69:0x115a2d,403393
v1,1790758513225386,UNSAT,67,10728d70e0641a69:0x115a2d,403460
v1,1790758513225454,SAT,54,10728d70e0641a69:0x115a2d,403514
v1,1790758513225596,SAT,56,10728d70e0641a69:0x115a2d,403570
v1,1790758513226108,SAT,321,10728d70e0641a69:0x115a2d,403891
v1,1790758513226152,SAT,24,10728d70e0641a69:0x115a2d,403915
v1,1790758513226326,UNSAT,69,10728d70e0641a69:0x115a2d,403984
v1,1790758513226354,SAT,19,10728d70e0641a69:0x115a2d,404003
v1,1790758513226514,UNSAT,67,10728d70e0641a69:0x115a2d,404070
v1,1790758513226580,SAT,52,10728d70e0641a69:0x115a2d,404122
v1,1790758513226720,SAT,55,10728d70e0641a69:0x115a2d,404177
v1,1790758513227184,SAT,338,10728d70e0641a69:0x115a2d,404515
v1,1790758513227226,SAT,21,10728d70e0641a69:0x115a2d,404536
v1,1790758513227445,UNSAT,75,10728d70e0641a69:0x115a2d,404611
v1,1790758513227487,SAT,31,10728d70e0641a69:0x115a2d,404642
v1,1790758513227639,UNSAT,65,10728d70e0641a69:0x115a2d,404707
v1,1790758513227721,SAT,66,10728d70e0641a69:0x115a2d,404773
v1,1790758513227869,SAT,61,10728d70e0641a69:0x115a2d,404834
v1,1790758513228401,SAT,348,10728d70e0641a69:0x115a2d,405182
v1,1790758513228459,SAT,29,10728d70e0641a69:0x115a2d,405211
v1,1790758513228712,UNSAT,103,10728d70e0641a69:0x115a2d,405314
v1,1790758513228747,SAT,25,10728d70e0641a69:0x115a2d,405339
v1,1790758513228960,UNSAT,91,10728d70e0641a69:0x115a2d,405430
v1,1790758513229056,SAT,61,10728d70e0641a69:0x115a2d,405491
v1,1790758513229237,SAT,61,10728d70e0641a69:0x115a2d,405552
v1,1790758513229745,SAT,353,10728d70e0641a69:0x115a2d,405905
v1,1790758513229820,SAT,53,10728d70e0641a69:0x115a2d,405958
v1,1790758513229992,UNSAT,72,10728d70e0641a69:0x115a2d,406030
v1,1790758513230035,SAT,34,10728d70e0641a69:0x115a2d,406064
v1,1790758513230182,UNSAT,64,10728d70e0641a69:0x115a2d,406128
v1,1790758513230256,SAT,60,10728d70e0641a69:0x115a2d,406188
v1,1790758513230406,SAT,61,10728d70e0641a69:0x115a2d,406249
v1,1790758513232670,SAT,1785,10728d70e0641a69:0x115a2d,408034
v1,1790758513234337,SAT,36,10728d70e0641a69:0x115a2d,408070
v1,1790758513234676,UNSAT,114,10728d70e0641a69:0x115a2d,408184
v1,1790758513234713,SAT,23,10728d70e0641a69:0x115a2d,408207
v1,1790758513234953,UNSAT,97,10728d70e0641a69:0x115a2d,408304
v1,1790758513235048,SAT,58,10728d70e0641a69:0x115a2d,408362
v1,1790758513235239,SAT,67,10728d70e0641a69:0x115a2d,408429
v1,1790758513238999,SAT,3277,10728d70e0641a69:0x115a2d,411706
v1,1790758513242182,SAT,56,10728d70e0641a69:0x115a2d,411762
v1,1790758513242537,UNSAT,114,10728d70e0641a69:0x115a2d,411876
v1,1790758513242584,SAT,32,10728d70e0641a69:0x115a2d,411908
v1,1790758513242831,UNSAT,101,10728d70e0641a69:0x115a2d,412009
v1,1790758513242929,SAT,61,10728d70e0641a69:0x115a2d,412070
v1,1790758513243115,SAT,64,10728d70e0641a69:0x115a2d,412134
v1,1790758513248426,SAT,4763,10728d70e0641a69:0x115a2d,416897
v1,1790758513253090,SAT,75,10728d70e0641a69:0x115a2d,416972
v1,1790758513253448,UNSAT,121,10728d70e0641a69:0x115a2d,417093
v1,1790758513253485,SAT,21,10728d70e0641a69:0x115a2d,417114
v1,1790758513253735,UNSAT,107,10728d70e0641a69:0x115a2d,417221
v1,1790758513253838,SAT,65,10728d70e0641a69:0x115a2d,417286
v1,1790758513254027,SAT,61,10728d70e0641a69:0x115a2d,417347
v1,1790758513254620,SAT,374,10728d70e0641a69:0x115a2d,417721
v1,1790758513254666,SAT,22,10728d70e0641a69:0x115a2d,417743
v1,1790758513254854,UNSAT,75,10728d70e0641a69:0x115a2d,417818
v1,1790758513254881,SAT,17,10728d70e0641a69:0x115a2d,417835
v1,1790758513255037,UNSAT,66,10728d70e0641a69:0x115a2d,417901
v1,1790758513255105,SAT,55,10728d70e0641a69:0x115a2d,417956
v1,1790758513255281,SAT,87,10728d70e0641a69:0x115a2d,418043
v1,1790758513255876,SAT,346,10728d70e0641a69:0x115a2d,418389
v1,1790758513255938,SAT,41,10728d70e0641a69:0x115a2d,418430
v1,1790758513256155,UNSAT,86,10728d70e0641a69:0x115a2d,418516
v1,1790758513256187,SAT,21,10728d70e0641a69:0x115a2d,418537
v1,1790758513256364,UNSAT,69,10728d70e0641a69:0x115a2d,418606
v1,1790758513256442,SAT,60,10728d70e0641a69:0x115a2d,418666
v1,1790758513256595,SAT,57,10728d70e0641a69:0x115a2d,418723
v1,1790758513257117,SAT,366,10728d70e0641a69:0x115a2d,419089
v1,1790758513257172,SAT,27,10728d70e0641a69:0x115a2d,419116
v1,1790758513257450,UNSAT,121,10728d70e0641a69:0x115a2d,419237
v1,1790758513257485,SAT,24,10728d70e0641a69:0x115a2d,419261
v1,1790758513257718,UNSAT,106,10728d70e0641a69:0x115a2d,419367
v1,1790758513257814,SAT,57,10728d70e0641a69:0x115a2d,419424
v1,1790758513257984,SAT,55,10728d70e0641a69:0x115a2d,419479
v1,1790758513258472,SAT,354,10728d70e0641a69:0x115a2d,419833
v1,1790758513258521,SAT,27,10728d70e0641a69:0x115a2d,419860
v1,1790758513258694,UNSAT,73,10728d70e0641a69:0x115a2d,419933
v1,1790758513258721,SAT,19,10728d70e0641a69:0x115a2d,419952
v1,1790758513258864,UNSAT,63,10728d70e0641a69:0x115a2d,420015
v1,1790758513258936,SAT,58,10728d70e0641a69:0x115a2d,420073
v1,1790758513259074,SAT,55,10728d70e0641a69:0x115a2d,420128
v1,1790758513259542,SAT,351,10728d70e0641a69:0x115a2d,420479
v1,1790758513259594,SAT,29,10728d70e0641a69:0x115a2d,420508
v1,1790758513259775,UNSAT,74,10728d70e0641a69:0x115a2d,420582
v1,1790758513259803,SAT,19,10728d70e0641a69:0x115a2d,420601
v1,1790758513259954,UNSAT,61,10728d70e0641a69:0x115a2d,420662
v1,1790758513260025,SAT,57,10728d70e0641a69:0x115a2d,420719
v1,1790758513260172,SAT,62,10728d70e0641a69:0x115a2d,420781
v1,1790758513262357,SAT,1735,10728d70e0641a69:0x115a2d,422516
v1,1790758513264005,SAT,46,10728d70e0641a69:0x115a2d,422562
v1,1790758513264352,UNSAT,127,10728d70e0641a69:0x115a2d,422689
v1,1790758513264395,SAT,29,10728d70e0641a69:0x115a2d,422718
v1,1790758513264668,UNSAT,109,10728d70e0641a69:0x115a2d,422827
v1,1790758513264774,SAT,63,10728d70e0641a69:0x115a2d,422890
v1,1790758513264979,SAT,63,10728d70e0641a69:0x115a2d,422953
v1,1790758513268848,SAT,3324,10728d70e0641a69:0x115a2d,426277
v1,1790758513272016,SAT,43,10728d70e0641a69:0x115a2d,426320
v1,1790758513272352,UNSAT,119,10728d70e0641a69:0x115a2d,426439
v1,1790758513272409,SAT,40,10728d70e0641a69:0x115a2d,426479
v1,1790758513272674,UNSAT,110,10728d70e0641a69:0x115a2d,426589
v1,1790758513272785,SAT,62,10728d70e0641a69:0x115a2d,426651
v1,1790758513272983,SAT,65,10728d70e0641a69:0x115a2d,426716
v1,1790758513278616,SAT,5051,10728d70e0641a69:0x115a2d,431767
v1,1790758513283340,SAT,53,10728d70e0641a69:0x115a2d,431820
v1,1790758513283719,UNSAT,127,10728d70e0641a69:0x115a2d,431947
v1,1790758513283798,SAT,64,10728d70e0641a69:0x115a2d,432011
v1,1790758513284069,UNSAT,105,10728d70e0641a69:0x115a2d,432116
v1,1790758513284185,SAT,75,10728d70e0641a69:0x115a2d,432191
v1,1790758513284488,SAT,82,10728d70e0641a69:0x115a2d,432273
v1,1790758513285100,SAT,363,10728d70e0641a69:0x115a2d,432636
v1,1790758513285147,SAT,22,10728d70e0641a69:0x115a2d,432658
v1,1790758513285344,UNSAT,79,10728d70e0641a69:0x115a2d,432737
v1,1790758513285378,SAT,22,10728d70e0641a69:0x115a2d,432759
v1,1790758513285546,UNSAT,68,10728d70e0641a69:0x115a2d,432827
v1,1790758513285625,SAT,62,10728d70e0641a69:0x115a2d,432889
v1,1790758513285784,SAT,64,10728d70e0641a69:0x115a2d,432953
v1,1790758513286258,SAT,338,10728d70e0641a69:0x115a2d,433291
v1,1790758513286305,SAT,23,10728d70e0641a69:0x115a2d,433314
v1,1790758513286486,UNSAT,74,10728d70e0641a69:0x115a2d,433388
v1,1790758513286516,SAT,21,10728d70e0641a69:0x115a2d,433409
v1,1790758513286684,UNSAT,76,10728d70e0641a69:0x115a2d,433485
v1,1790758513286769,SAT,69,10728d70e0641a69:0x115a2d,433554
v1,1790758513286921,SAT,63,10728d70e0641a69:0x115a2d,433617
v1,1790758513287502,SAT,344,10728d70e0641a69:0x115a2d,433961
v1,1790758513287552,SAT,22,10728d70e0641a69:0x115a2d,433983
v1,1790758513287803,UNSAT,104,10728d70e0641a69:0x115a2d,434087
v1,1790758513288356,SAT,540,10728d70e0641a69:0x115a2d,434627
v1,1790758513288831,UNSAT,179,10728d70e0641a69:0x115a2d,434806
v1,1790758513289015,SAT,97,10728d70e0641a69:0x115a2d,434903
v1,1790758513289391,SAT,110,10728d70e0641a69:0x115a2d,435013
v1,1790758513290286,SAT,553,10728d70e0641a69:0x115a2d,435566
v1,1790758513290381,SAT,46,10728d70e0641a69:0x115a2d,435612
v1,1790758513290708,UNSAT,133,10728d70e0641a69:0x115a2d,435745
v1,1790758513290787,SAT,51,10728d70e0641a69:0x115a2d,435796
v1,1790758513291148,UNSAT,137,10728d70e0641a69:0x115a2d,435933
v1,1790758513291341,SAT,147,10728d70e0641a69:0x115a2d,436080
v1,1790758513291654,SAT,102,10728d70e0641a69:0x115a2d,436182
v1,1790758513294975,SAT,2636,10728d70e0641a69:0x115a2d,438818
v1,1790758513296782,SAT,50,10728d70e0641a69:0x115a2d,438868
v1,1790758513297140,UNSAT,132,10728d70e0641a69:0x115a2d,439000
v1,1790758513297184,SAT,28,10728d70e0641a69:0x115a2d,439028
v1,1790758513297455,UNSAT,109,10728d70e0641a69:0x115a2d,439137
v1,1790758513297557,SAT,57,10728d70e0641a69:0x115a2d,439194
v1,1790758513297760,SAT,69,10728d70e0641a69:0x115a2d,439263
v1,1790758513298337,SAT,366,10728d70e0641a69:0x115a2d,439629
v1,1790758513298386,SAT,23,10728d70e0641a69:0x115a2d,439652
v1,1790758513298614,UNSAT,80,10728d70e0641a69:0x115a2d,439732
v1,1790758513298843,SAT,217,10728d70e0641a69:0x115a2d,439949
v1,1790758513299037,UNSAT,72,10728d70e0641a69:0x115a2d,440021
v1,1790758513299128,SAT,72,10728d70e0641a69:0x115a2d,440093
v1,1790758513299291,SAT,69,10728d70e0641a69:0x115a2d,440162
v1,1790758513303043,SAT,3297,10728d70e0641a69:0x115a2d,443459
v1,1790758513306317,SAT,53,10728d70e0641a69:0x115a2d,443512
v1,1790758513306676,UNSAT,121,10728d70e0641a69:0x115a2d,443633
v1,1790758513306715,SAT,24,10728d70e0641a69:0x115a2d,443657
v1,1790758513306973,UNSAT,104,10728d70e0641a69:0x115a2d,443761
v1,1790758513307073,SAT,59,10728d70e0641a69:0x115a2d,443820
v1,1790758513307279,SAT,73,10728d70e0641a69:0x115a2d,443893
v1,1790758513312584,SAT,4786,10728d70e0641a69:0x115a2d,448679
v1,1790758513317281,SAT,54,10728d70e0641a69:0x115a2d,448733
v1,1790758513317643,UNSAT,123,10728d70e0641a69:0x115a2d,448856
v1,1790758513317678,SAT,21,10728d70e0641a69:0x115a2d,448877
v1,1790758513317931,UNSAT,99,10728d70e0641a69:0x115a2d,448976
v1,1790758513318025,SAT,54,10728d70e0641a69:0x115a2d,449030
v1,1790758513318226,SAT,73,10728d70e0641a69:0x115a2d,449103
v1,1790758513318939,SAT,362,10728d70e0641a69:0x115a2d,449465
v1,1790758513318984,SAT,23,10728d70e0641a69:0x115a2d,449488
v1,1790758513319164,UNSAT,73,10728d70e0641a69:0x115a2d,449561
v1,1790758513319206,SAT,33,10728d70e0641a69:0x115a2d,449594
v1,1790758513319372,UNSAT,68,10728d70e0641a69:0x115a2d,449662
v1,1790758513319441,SAT,55,10728d70e0641a69:0x115a2d,449717
v1,1790758513319582,SAT,55,10728d70e0641a69:0x115a2d,449772
v1,1790758513320045,SAT,330,10728d70e0641a69:0x115a2d,450102
v1,1790758513320091,SAT,26,10728d70e0641a69:0x115a2d,450128
v1,1790758513320272,UNSAT,82,10728d70e0641a69:0x115a2d,450210
v1,1790758513320303,SAT,19,10728d70e0641a69:0x115a2d,450229
v1,1790758513320464,UNSAT,65,10728d70e0641a69:0x115a2d,450294
v1,1790758513320544,SAT,65,10728d70e0641a69:0x115a2d,450359
v1,1790758513320705,SAT,61,10728d70e0641a69:0x115a2d,450420
v1,1790758513321177,SAT,347,10728d70e0641a69:0x115a2d,450767
v1,1790758513321228,SAT,31,10728d70e0641a69:0x115a2d,450798
v1,1790758513321416,UNSAT,80,10728d70e0641a69:0x115a2d,450878
v1,1790758513321918,SAT,68,10728d70e0641a69:0x115a2d,450946
v1,1790758513322297,UNSAT,106,10728d70e0641a69:0x115a2d,451052
v1,1790758513322389,SAT,67,10728d70e0641a69:0x115a2d,451119
v1,1790758513322608,SAT,80,10728d70e0641a69:0x115a2d,451199
v1,1790758513323540,SAT,411,10728d70e0641a69:0x115a2d,451610
v1,1790758513323607,SAT,28,10728d70e0641a69:0x115a2d,451638
v1,1790758513324033,UNSAT,144,10728d70e0641a69:0x115a2d,451782
v1,1790758513324083,SAT,28,10728d70e0641a69:0x115a2d,451810
v1,1790758513324371,UNSAT,126,10728d70e0641a69:0x115a2d,451936
v1,1790758513324490,SAT,66,10728d70e0641a69:0x115a2d,452002
v1,1790758513324688,SAT,68,10728d70e0641a69:0x115a2d,452070
v1,1790758513325198,SAT,355,10728d70e0641a69:0x115a2d,452425
v1,1790758513325253,SAT,32,10728d70e0641a69:0x115a2d,452457
v1,1790758513325435,UNSAT,77,10728d70e0641a69:0x115a2d,452534
v1,1790758513325467,SAT,23,10728d70e0641a69:0x115a2d,452557
v1,1790758513325617,UNSAT,63,10728d70e0641a69:0x115a2d,452620
v1,1790758513325694,SAT,63,10728d70e0641a69:0x115a2d,452683
v1,1790758513325842,SAT,58,10728d70e0641a69:0x115a2d,452741
v1,1790758513328083,SAT,1805,10728d70e0641a69:0x115a2d,454546
v1,1790758513329757,SAT,39,10728d70e0641a69:0x115a2d,454585
v1,1790758513330071,UNSAT,111,10728d70e0641a69:0x115a2d,454696
v1,1790758513330106,SAT,21,10728d70e0641a69:0x115a2d,454717
v1,1790758513330350,UNSAT,96,10728d70e0641a69:0x115a2d,454813
v1,1790758513330457,SAT,68,10728d70e0641a69:0x115a2d,454881
v1,1790758513330646,SAT,63,10728d70e0641a69:0x115a2d,454944
v1,1790758513334471,SAT,3328,10728d70e0641a69:0x115a2d,458272
v1,1790758513337672,SAT,67,10728d70e0641a69:0x115a2d,458339
v1,1790758513338025,UNSAT,124,10728d70e0641a69:0x115a2d,458463
v1,1790758513338068,SAT,28,10728d70e0641a69:0x115a2d,458491
v1,1790758513338317,UNSAT,107,10728d70e0641a69:0x115a2d,458598
v1,1790758513338413,SAT,57,10728d70e0641a69:0x115a2d,458655
v1,1790758513338597,SAT,58,10728d70e0641a69:0x115a2d,458713
v1,1790758513343957,SAT,4807,10728d70e0641a69:0x115a2d,463520
v1,1790758513348596,SAT,53,10728d70e0641a69:0x115a2d,463573
v1,1790758513348953,UNSAT,120,10728d70e0641a69:0x115a2d,463693
v1,1790758513349010,SAT,43,10728d70e0641a69:0x115a2d,463736
v1,1790758513349267,UNSAT,111,10728d70e0641a69:0x115a2d,463847
v1,1790758513349364,SAT,57,10728d70e0641a69:0x115a2d,463904
v1,1790758513349560,SAT,61,10728d70e0641a69:0x115a2d,463965
v1,1790758513350191,SAT,356,10728d70e0641a69:0x115a2d,464321
v1,1790758513350259,SAT,44,10728d70e0641a69:0x115a2d,464365
v1,1790758513350463,UNSAT,83,10728d70e0641a69:0x115a2d,464448
v1,1790758513350500,SAT,23,10728d70e0641a69:0x115a2d,464471
v1,1790758513350658,UNSAT,68,10728d70e0641a69:0x115a2d,464539
v1,1790758513350727,SAT,55,10728d70e0641a69:0x115a2d,464594
v1,1790758513350862,SAT,54,10728d70e0641a69:0x115a2d,464648
v1,1790758513351343,SAT,353,10728d70e0641a69:0x115a2d,465001
v1,1790758513351403,SAT,32,10728d70e0641a69:0x115a2d,465033
v1,1790758513351654,UNSAT,105,10728d70e0641a69:0x115a2d,465138
v1,1790758513351686,SAT,19,10728d70e0641a69:0x115a2d,465157
v1,1790758513351911,UNSAT,99,10728d70e0641a69:0x115a2d,465256
v1,1790758513352016,SAT,63,10728d70e0641a69:0x115a2d,465319
v1,1790758513352297,SAT,154,10728d70e0641a69:0x115a2d,465473
v1,1790758513352829,SAT,384,10728d70e0641a69:0x115a2d,465857
v1,1790758513352878,SAT,24,10728d70e0641a69:0x115a2d,465881
v1,1790758513353054,UNSAT,72,10728d70e0641a69:0x115a2d,465953
v1,1790758513353083,SAT,19,10728d70e0641a69:0x115a2d,465972
v1,1790758513353257,UNSAT,83,10728d70e0641a69:0x115a2d,466055
v1,1790758513353333,SAT,60,10728d70e0641a69:0x115a2d,466115
v1,1790758513353488,SAT,62,10728d70e0641a69:0x115a2d,466177
v1,1790758513353995,SAT,373,10728d70e0641a69:0x115a2d,466550
v1,1790758513354053,SAT,27,10728d70e0641a69:0x115a2d,466577
v1,1790758513354237,UNSAT,78,10728d70e0641a69:0x115a2d,466655
v1,1790758513354276,SAT,23,10728d70e0641a69:0x115a2d,466678
v1,1790758513354435,UNSAT,68,10728d70e0641a69:0x115a2d,466746
v1,1790758513354512,SAT,62,10728d70e0641a69:0x115a2d,466808
v1,1790758513354657,SAT,60,10728d70e0641a69:0x115a2d,466868
v1,1790758513356943,SAT,1769,10728d70e0641a69:0x115a2d,468637
v1,1790758513358573,SAT,35,10728d70e0641a69:0x115a2d,468672
v1,1790758513358904,UNSAT,120,10728d70e0641a69:0x115a2d,468792
v1,1790758513358955,SAT,33,10728d70e0641a69:0x115a2d,468825
v1,1790758513359203,UNSAT,105,10728d70e0641a69:0x115a2d,468930
v1,1790758513359326,SAT,81,10728d70e0641a69:0x115a2d,469011
v1,1790758513359532,SAT,68,10728d70e0641a69:0x115a2d,469079
v1,1790758513363310,SAT,3271,10728d70e0641a69:0x115a2d,472350
v1,1790758513366488,SAT,42,10728d70e0641a69:0x115a2d,472392
v1,1790758513366833,UNSAT,120,10728d70e0641a69:0x115a2d,472512
v1,1790758513366878,SAT,32,10728d70e0641a69:0x115a2d,472544
v1,1790758513367134,UNSAT,104,10728d70e0641a69:0x115a2d,472648
v1,1790758513367236,SAT,61,10728d70e0641a69:0x115a2d,472709
v1,1790758513367440,SAT,64,10728d70e0641a69:0x115a2d,472773
v1,1790758513367957,SAT,361,10728d70e0641a69:0x115a2d,473134
v1,1790758513368013,SAT,32,10728d70e0641a69:0x115a2d,473166
v1,1790758513368219,UNSAT,79,10728d70e0641a69:0x115a2d,473245
v1,1790758513368256,SAT,26,10728d70e0641a69:0x115a2d,473271
v1,1790758513368417,UNSAT,67,10728d70e0641a69:0x115a2d,473338
v1,1790758513368489,SAT,56,10728d70e0641a69:0x115a2d,473394
v1,1790758513368641,SAT,60,10728d70e0641a69:0x115a2d,473454
v1,1790758513373980,SAT,4822,10728d70e0641a69:0x115a2d,478276
v1,1790758513378642,SAT,64,10728d70e0641a69:0x115a2d,478340
v1,1790758513379012,UNSAT,122,10728d70e0641a69:0x115a2d,478462
v1,1790758513379050,SAT,23,10728d70e0641a69:0x115a2d,478485
v1,1790758513379332,UNSAT,122,10728d70e0641a69:0x115a2d,478607
v1,1790758513379437,SAT,61,10728d70e0641a69:0x115a2d,478668
v1,1790758513379639,SAT,65,10728d70e0641a69:0x115a2d,478733
v1,1790758513380236,SAT,366,10728d70e0641a69:0x115a2d,479099
v1,1790758513380305,SAT,35,10728d70e0641a69:0x115a2d,479134
v1,1790758513380503,UNSAT,80,10728d70e0641a69:0x115a2d,479214
v1,1790758513380536,SAT,23,10728d70e0641a69:0x115a2d,479237
v1,1790758513380692,UNSAT,66,10728d70e0641a69:0x115a2d,479303
v1,1790758513380764,SAT,57,10728d70e0641a69:0x115a2d,479360
v1,1790758513380922,SAT,66,10728d70e0641a69:0x115a2d,479426
v1,1790758513381466,SAT,355,10728d70e0641a69:0x115a2d,479781
v1,1790758513381514,SAT,25,10728d70e0641a69:0x115a2d,479806
v1,1790758513381689,UNSAT,74,10728d70e0641a69:0x115a2d,479880
v1,1790758513381718,SAT,20,10728d70e0641a69:0x115a2d,479900
v1,1790758513381866,UNSAT,64,10728d70e0641a69:0x115a2d,479964
v1,1790758513381935,SAT,55,10728d70e0641a69:0x115a2d,480019
v1,1790758513382074,SAT,54,10728d70e0641a69:0x115a2d,480073
v1,1790758513382573,SAT,370,10728d70e0641a69:0x115a2d,480443
v1,1790758513382618,SAT,22,10728d70e0641a69:0x115a2d,480465
v1,1790758513382799,UNSAT,74,10728d70e0641a69:0x115a2d,480539
v1,1790758513382830,SAT,20,10728d70e0641a69:0x115a2d,480559
v1,1790758513382989,UNSAT,66,10728d70e0641a69:0x115a2d,480625
v1,1790758513383056,SAT,53,10728d70e0641a69:0x115a2d,480678
v1,1790758513383206,SAT,64,10728d70e0641a69:0x115a2d,480742
v1,1790758513383750,SAT,350,10728d70e0641a69:0x115a2d,481092
v1,1790758513383809,SAT,30,10728d70e0641a69:0x115a2d,481122
v1,1790758513384081,UNSAT,107,10728d70e0641a69:0x115a2d,481229
v1,1790758513384113,SAT,21,10728d70e0641a69:0x115a2d,481250
v1,1790758513384342,UNSAT,107,10728d70e0641a69:0x115a2d,481357
v1,1790758513384440,SAT,55,10728d70e0641a69:0x115a2d,481412
v1,1790758513384621,SAT,57,10728d70e0641a69:0x115a2d,481469
v1,1790758513385076,SAT,329,10728d70e0641a69:0x115a2d,481798
v1,1790758513385120,SAT,22,10728d70e0641a69:0x115a2d,481820
v1,1790758513385292,UNSAT,77,10728d70e0641a69:0x115a2d,481897
v1,1790758513385323,SAT,21,10728d70e0641a69:0x115a2d,481918
v1,1790758513385491,UNSAT,67,10728d70e0641a69:0x115a2d,481985
v1,1790758513385575,SAT,67,10728d70e0641a69:0x115a2d,482052
v1,1790758513385719,SAT,61,10728d70e0641a69:0x115a2d,482113
v1,1790758513387954,SAT,1771,10728d70e0641a69:0x115a2d,483884
v1,1790758513389722,SAT,61,10728d70e0641a69:0x115a2d,483945
v1,1790758513390087,UNSAT,126,10728d70e0641a69:0x115a2d,484071
v1,1790758513390128,SAT,27,10728d70e0641a69:0x115a2d,484098
v1,1790758513390438,UNSAT,108,10728d70e0641a69:0x115a2d,484206
v1,1790758513390543,SAT,62,10728d70e0641a69:0x115a2d,484268
v1,1790758513390764,SAT,70,10728d70e0641a69:0x115a2d,484338
v1,1790758513394572,SAT,3336,10728d70e0641a69:0x115a2d,487674
v1,1790758513397738,SAT,56,10728d70e0641a69:0x115a2d,487730
v1,1790758513398089,UNSAT,125,10728d70e0641a69:0x115a2d,487855
v1,1790758513398128,SAT,26,10728d70e0641a69:0x115a2d,487881
v1,1790758513398385,UNSAT,102,10728d70e0641a69:0x115a2d,487983
v1,1790758513398485,SAT,58,10728d70e0641a69:0x115a2d,488041
v1,1790758513398680,SAT,68,10728d70e0641a69:0x115a2d,488109
v1,1790758513404004,SAT,4758,10728d70e0641a69:0x115a2d,492867
v1,1790758513408674,SAT,50,10728d70e0641a69:0x115a2d,492917
v1,1790758513409043,UNSAT,120,10728d70e0641a69:0x115a2d,493037
v1,1790758513409083,SAT,26,10728d70e0641a69:0x115a2d,493063
v1,1790758513409367,UNSAT,124,10728d70e0641a69:0x115a2d,493187
v1,1790758513409474,SAT,64,10728d70e0641a69:0x115a2d,493251
v1,1790758513409686,SAT,66,10728d70e0641a69:0x115a2d,493317
v1,1790758513410282,SAT,365,10728d70e0641a69:0x115a2d,493682
v1,1790758513410331,SAT,25,10728d70e0641a69:0x115a2d,493707
v1,1790758513410517,UNSAT,79,10728d70e0641a69:0x115a2d,493786
v1,1790758513410555,SAT,28,10728d70e0641a69:0x115a2d,493814
v1,1790758513410710,UNSAT,66,10728d70e0641a69:0x115a2d,493880
v1,1790758513410781,SAT,57,10728d70e0641a69:0x115a2d,493937
v1,1790758513410923,SAT,60,10728d70e0641a69:0x115a2d,493997
v1,1790758513411491,SAT,338,10728d70e0641a69:0x115a2d,494335
v1,1790758513411536,SAT,24,10728d70e0641a69:0x115a2d,494359
v1,1790758513411709,UNSAT,71,10728d70e0641a69:0x115a2d,494430
v1,1790758513411741,SAT,22,10728d70e0641a69:0x115a2d,494452
v1,1790758513411901,UNSAT,64,10728d70e0641a69:0x115a2d,494516
v1,1790758513411972,SAT,53,10728d70e0641a69:0x115a2d,494569
v1,1790758513412111,SAT,54,10728d70e0641a69:0x115a2d,494623
v1,1790758513412582,SAT,337,10728d70e0641a69:0x115a2d,494960
v1,1790758513412637,SAT,28,10728d70e0641a69:0x115a2d,494988
v1,1790758513412875,UNSAT,102,10728d70e0641a69:0x115a2d,495090
v1,1790758513412909,SAT,24,10728d70e0641a69:0x115a2d,495114
v1,1790758513413150,UNSAT,96,10728d70e0641a69:0x115a2d,495210
v1,1790758513413242,SAT,58,10728d70e0641a69:0x115a2d,495268
v1,1790758513413434,SAT,61,10728d70e0641a69:0x115a2d,495329
v1,1790758513413899,SAT,333,10728d70e0641a69:0x115a2d,495662
v1,1790758513413953,SAT,33,10728d70e0641a69:0x115a2d,495695
v1,1790758513414129,UNSAT,71,10728d70e0641a69:0x115a2d,495766
v1,1790758513414159,SAT,21,10728d70e0641a69:0x115a2d,495787
v1,1790758513414323,UNSAT,79,10728d70e0641a69:0x115a2d,495866
v1,1790758513414397,SAT,60,10728d70e0641a69:0x115a2d,495926
v1,1790758513414547,SAT,60,10728d70e0641a69:0x115a2d,495986
v1,1790758513415018,SAT,343,10728d70e0641a69:0x115a2d,496329
v1,1790758513415087,SAT,46,10728d70e0641a69:0x115a2d,496375
v1,1790758513415277,UNSAT,83,10728d70e0641a69:0x115a2d,496458
v1,1790758513415307,SAT,20,10728d70e0641a69:0x115a2d,496478
v1,1790758513415464,UNSAT,71,10728d70e0641a69:0x115a2d,496549
v1,1790758513415539,SAT,61,10728d70e0641a69:0x115a2d,496610
v1,1790758513415685,SAT,57,10728d70e0641a69:0x115a2d,496667
v1,1790758513417936,SAT,1810,10728d70e0641a69:0x115a2d,498477
v1,1790758513419584,SAT,51,10728d70e0641a69:0x115a2d,498528
v1,1790758513419917,UNSAT,112,10728d70e0641a69:0x115a2d,498640
v1,1790758513419956,SAT,24,10728d70e0641a69:0x115a2d,498664
v1,1790758513420194,UNSAT,100,10728d70e0641a69:0x115a2d,498764
v1,1790758513420300,SAT,70,10728d70e0641a69:0x115a2d,498834
v1,1790758513420502,SAT,64,10728d70e0641a69:0x115a2d,498898
v1,1790758513424434,SAT,3418,10728d70e0641a69:0x115a2d,502316
v1,1790758513427802,SAT,68,10728d70e0641a69:0x115a2d,502384
v1,1790758513428186,UNSAT,127,10728d70e0641a69:0x115a2d,502511
v1,1790758513428237,SAT,29,10728d70e0641a69:0x115a2d,502540
v1,1790758513428528,UNSAT,113,10728d70e0641a69:0x115a2d,502653
v1,1790758513428637,SAT,68,10728d70e0641a69:0x115a2d,502721
v1,1790758513428838,SAT,67,10728d70e0641a69:0x115a2d,502788
v1,1790758513434245,SAT,4802,10728d70e0641a69:0x115a2d,507590
v1,1790758513438920,SAT,50,10728d70e0641a69:0x115a2d,507640
v1,1790758513439278,UNSAT,125,10728d70e0641a69:0x115a2d,507765
v1,1790758513439324,SAT,30,10728d70e0641a69:0x115a2d,507795
v1,1790758513439572,UNSAT,105,10728d70e0641a69:0x115a2d,507900
v1,1790758513439665,SAT,57,10728d70e0641a69:0x115a2d,507957
v1,1790758513439853,SAT,63,10728d70e0641a69:0x115a2d,508020
v1,1790758513440453,SAT,375,10728d70e0641a69:0x115a2d,508395
v1,1790758513440508,SAT,29,10728d70e0641a69:0x115a2d,508424
v1,1790758513440704,UNSAT,80,10728d70e0641a69:0x115a2d,508504
v1,1790758513440737,SAT,23,10728d70e0641a69:0x115a2d,508527
v1,1790758513440901,UNSAT,68,10728d70e0641a69:0x115a2d,508595
v1,1790758513440973,SAT,57,10728d70e0641a69:0x115a2d,508652
v1,1790758513441119,SAT,59,10728d70e0641a69:0x115a2d,508711
v1,1790758513441578,SAT,325,10728d70e0641a69:0x115a2d,509036
v1,1790758513441639,SAT,41,10728d70e0641a69:0x115a2d,509077
v1,1790758513441803,UNSAT,70,10728d70e0641a69:0x115a2d,509147
v1,1790758513441829,SAT,17,10728d70e0641a69:0x115a2d,509164
v1,1790758513441974,UNSAT,60,10728d70e0641a69:0x115a2d,509224
v1,1790758513442041,SAT,53,10728d70e0641a69:0x115a2d,509277
v1,1790758513442182,SAT,55,10728d70e0641a69:0x115a2d,509332
v1,1790758513442764,SAT,345,10728d70e0641a69:0x115a2d,509677
v1,1790758513442833,SAT,38,10728d70e0641a69:0x115a2d,509715
v1,1790758513443096,UNSAT,109,10728d70e0641a69:0x115a2d,509824
v1,1790758513443146,SAT,39,10728d70e0641a69:0x115a2d,509863
v1,1790758513443387,UNSAT,99,10728d70e0641a69:0x115a2d,509962
v1,1790758513443497,SAT,69,10728d70e0641a69:0x115a2d,510031
v1,1790758513443690,SAT,63,10728d70e0641a69:0x115a2d,510094
v1,1790758513444209,SAT,343,10728d70e0641a69:0x115a2d,510437
v1,1790758513444263,SAT,32,10728d70e0641a69:0x115a2d,510469
v1,1790758513444442,UNSAT,80,10728d70e0641a69:0x115a2d,510549
v1,1790758513444476,SAT,24,10728d70e0641a69:0x115a2d,510573
v1,1790758513444625,UNSAT,67,10728d70e0641a69:0x115a2d,510640
v1,1790758513444697,SAT,58,10728d70e0641a69:0x115a2d,510698
v1,1790758513444847,SAT,63,10728d70e0641a69:0x115a2d,510761
v1,1790758513447344,SAT,2076,10728d70e0641a69:0x115a2d,512837
v1,1790758513449021,SAT,55,10728d70e0641a69:0x115a2d,512892
v1,1790758513449388,UNSAT,124,10728d70e0641a69:0x115a2d,513016
v1,1790758513449466,SAT,61,10728d70e0641a69:0x115a2d,513077
v1,1790758513449728,UNSAT,105,10728d70e0641a69:0x115a2d,513182
v1,1790758513449830,SAT,59,10728d70e0641a69:0x115a2d,513241
v1,1790758513450025,SAT,62,10728d70e0641a69:0x115a2d,513303
v1,1790758513450624,SAT,392,10728d70e0641a69:0x115a2d,513695
v1,1790758513450679,SAT,28,10728d70e0641a69:0x115a2d,513723
v1,1790758513450864,UNSAT,74,10728d70e0641a69:0x115a2d,513797
v1,1790758513450896,SAT,20,10728d70e0641a69:0x115a2d,513817
v1,1790758513451048,UNSAT,63,10728d70e0641a69:0x115a2d,513880
v1,1790758513451119,SAT,55,10728d70e0641a69:0x115a2d,513935
v1,1790758513451281,SAT,74,10728d70e0641a69:0x115a2d,514009
v1,1790758513455062,SAT,3333,10728d70e0641a69:0x115a2d,517342
v1,1790758513458233,SAT,63,10728d70e0641a69:0x115a2d,517405
v1,1790758513458618,UNSAT,131,10728d70e0641a69:0x115a2d,517536
v1,1790758513458677,SAT,41,10728d70e0641a69:0x115a2d,517577
v1,1790758513458962,UNSAT,121,10728d70e0641a69:0x115a2d,517698
v1,1790758513459073,SAT,65,10728d70e0641a69:0x115a2d,517763
v1,1790758513459287,SAT,74,10728d70e0641a69:0x115a2d,517837
v1,1790758513464593,SAT,4780,10728d70e0641a69:0x115a2d,522617
v1,1790758513469302,SAT,62,10728d70e0641a69:0x115a2d,522679
v1,1790758513469684,UNSAT,129,10728d70e0641a69:0x115a2d,522808
v1,1790758513469730,SAT,28,10728d70e0641a69:0x115a2d,522836
v1,1790758513469997,UNSAT,113,10728d70e0641a69:0x115a2d,522949
v1,1790758513470112,SAT,71,10728d70e0641a69:0x115a2d,523020
v1,1790758513470316,SAT,70,10728d70e0641a69:0x115a2d,523090
v1,1790758513471000,SAT,366,10728d70e0641a69:0x115a2d,523456
v1,1790758513471059,SAT,31,10728d70e0641a69:0x115a2d,523487
v1,1790758513471271,UNSAT,94,10728d70e0641a69:0x115a2d,523581
v1,1790758513471309,SAT,25,10728d70e0641a69:0x115a2d,523606
v1,1790758513471474,UNSAT,69,10728d70e0641a69:0x115a2d,523675
v1,1790758513471548,SAT,57,10728d70e0641a69:0x115a2d,523732
v1,1790758513471697,SAT,58,10728d70e0641a69:0x115a2d,523790
v1,1790758513472176,SAT,333,10728d70e0641a69:0x115a2d,524123
v1,1790758513472220,SAT,22,10728d70e0641a69:0x115a2d,524145
v1,1790758513472410,UNSAT,82,10728d70e0641a69:0x115a2d,524227
v1,1790758513472447,SAT,25,10728d70e0641a69:0x115a2d,524252
v1,1790758513472632,UNSAT,81,10728d70e0641a69:0x115a2d,524333
v1,1790758513472708,SAT,60,10728d70e0641a69:0x115a2d,524393
v1,1790758513472860,SAT,61,10728d70e0641a69:0x115a2d,524454
v1,1790758513473333,SAT,345,10728d70e0641a69:0x115a2d,524799
v1,1790758513473389,SAT,32,10728d70e0641a69:0x115a2d,524831
v1,1790758513473575,UNSAT,78,10728d70e0641a69:0x115a2d,524909
v1,1790758513473612,SAT,25,10728d70e0641a69:0x115a2d,524934
v1,1790758513473779,UNSAT,70,10728d70e0641a69:0x115a2d,525004
v1,1790758513473855,SAT,59,10728d70e0641a69:0x115a2d,525063
v1,1790758513474028,SAT,68,10728d70e0641a69:0x115a2d,525131
v1,1790758513474870,SAT,351,10728d70e0641a69:0x115a2d,525482
v1,1790758513474944,SAT,40,10728d70e0641a69:0x115a2d,525522
v1,1790758513475239,UNSAT,122,10728d70e0641a69:0x115a2d,525644
v1,1790758513475290,SAT,28,10728d70e0641a69:0x115a2d,525672
v1,1790758513475530,UNSAT,96,10728d70e0641a69:0x115a2d,525768
v1,1790758513475627,SAT,56,10728d70e0641a69:0x115a2d,525824
v1,1790758513475821,SAT,71,10728d70e0641a69:0x115a2d,525895
v1,1790758513476299,SAT,340,10728d70e0641a69:0x115a2d,526235
v1,1790758513476342,SAT,23,10728d70e0641a69:0x115a2d,526258
v1,1790758513476511,UNSAT,71,10728d70e0641a69:0x115a2d,526329
v1,1790758513476541,SAT,21,10728d70e0641a69:0x115a2d,526350
v1,1790758513476686,UNSAT,60,10728d70e0641a69:0x115a2d,526410
v1,1790758513476752,SAT,53,10728d70e0641a69:0x115a2d,526463
v1,1790758513476899,SAT,55,10728d70e0641a69:0x115a2d,526518
v1,1790758513479075,SAT,1752,10728d70e0641a69:0x115a2d,528270
v1,1790758513480741,SAT,48,10728d70e0641a69:0x115a2d,528318
v1,1790758513481067,UNSAT,117,10728d70e0641a69:0x115a2d,528435
v1,1790758513481118,SAT,36,10728d70e0641a69:0x115a2d,528471
v1,1790758513481411,UNSAT,106,10728d70e0641a69:0x115a2d,528577
v1,1790758513481514,SAT,59,10728d70e0641a69:0x115a2d,528636
v1,1790758513481714,SAT,62,10728d70e0641a69:0x115a2d,528698
v1,1790758513485470,SAT,3266,10728d70e0641a69:0x115a2d,531964
v1,1790758513488639,SAT,52,10728d70e0641a69:0x115a2d,532016
v1,1790758513488973,UNSAT,121,10728d70e0641a69:0x115a2d,532137
v1,1790758513489023,SAT,35,10728d70e0641a69:0x115a2d,532172
v1,1790758513489335,UNSAT,162,10728d70e0641a69:0x115a2d,532334
v1,1790758513489450,SAT,66,10728d70e0641a69:0x115a2d,532400
v1,1790758513489678,SAT,73,10728d70e0641a69:0x115a2d,532473
v1,1790758513495058,SAT,4818,10728d70e0641a69:0x115a2d,537291
v1,1790758513499733,SAT,67,10728d70e0641a69:0x115a2d,537358
v1,1790758513500105,UNSAT,125,10728d70e0641a69:0x115a2d,537483
v1,1790758513500155,SAT,33,10728d70e0641a69:0x115a2d,537516
v1,1790758513500439,UNSAT,118,10728d70e0641a69:0x115a2d,537634
v1,1790758513500548,SAT,64,10728d70e0641a69:0x115a2d,537698
v1,1790758513500770,SAT,75,10728d70e0641a69:0x115a2d,537773
v1,1790758513501433,SAT,375,10728d70e0641a69:0x115a2d,538148
v1,1790758513501495,SAT,34,10728d70e0641a69:0x115a2d,538182
v1,1790758513501703,UNSAT,91,10728d70e0641a69:0x115a2d,538273
v1,1790758513501741,SAT,25,10728d70e0641a69:0x115a2d,538298
v1,1790758513501919,UNSAT,78,10728d70e0641a69:0x115a2d,538376
v1,1790758513502002,SAT,65,10728d70e0641a69:0x115a2d,538441
v1,1790758513502192,SAT,84,10728d70e0641a69:0x115a2d,538525
v1,1790758513502724,SAT,358,10728d70e0641a69:0x115a2d,538883
v1,1790758513502794,SAT,37,10728d70e0641a69:0x115a2d,538920
v1,1790758513503071,UNSAT,111,10728d70e0641a69:0x115a2d,539031
v1,1790758513503127,SAT,40,10728d70e0641a69:0x115a2d,539071
v1,1790758513503368,UNSAT,100,10728d70e0641a69:0x115a2d,539171
v1,1790758513503469,SAT,57,10728d70e0641a69:0x115a2d,539228
v1,1790758513503662,SAT,61,10728d70e0641a69:0x115a2d,539289
v1,1790758513504138,SAT,332,10728d70e0641a69:0x115a2d,539621
v1,1790758513504188,SAT,26,10728d70e0641a69:0x115a2d,539647
v1,1790758513504382,UNSAT,78,10728d70e0641a69:0x115a2d,539725
v1,1790758513504417,SAT,24,10728d70e0641a69:0x115a2d,539749
v1,1790758513504571,UNSAT,66,10728d70e0641a69:0x115a2d,539815
v1,1790758513504643,SAT,56,10728d70e0641a69:0x115a2d,539871
v1,1790758513504787,SAT,57,10728d70e0641a69:0x115a2d,539928
v1,1790758513505244,SAT,338,10728d70e0641a69:0x115a2d,540266
v1,1790758513505307,SAT,29,10728d70e0641a69:0x115a2d,540295
v1,1790758513505482,UNSAT,73,10728d70e0641a69:0x115a2d,540368
v1,1790758513505524,SAT,31,10728d70e0641a69:0x115a2d,540399
v1,1790758513505693,UNSAT,72,10728d70e0641a69:0x115a2d,540471
v1,1790758513505770,SAT,61,10728d70e0641a69:0x115a2d,540532
v1,1790758513505928,SAT,66,10728d70e0641a69:0x115a2d,540598
v1,1790758513508212,SAT,1764,10728d70e0641a69:0x115a2d,542362
v1,1790758513509889,SAT,59,10728d70e0641a69:0x115a2d,542421
v1,1790758513510279,UNSAT,137,10728d70e0641a69:0x115a2d,542558
v1,1790758513510325,SAT,29,10728d70e0641a69:0x115a2d,542587
v1,1790758513510576,UNSAT,101,10728d70e0641a69:0x115a2d,542688
v1,1790758513510679,SAT,58,10728d70e0641a69:0x115a2d,542746
v1,1790758513510873,SAT,61,10728d70e0641a69:0x115a2d,542807
v1,1790758513514999,SAT,3362,10728d70e0641a69:0x115a2d,546169
v1,1790758513518223,SAT,72,10728d70e0641a69:0x115a2d,546241
v1,1790758513518590,UNSAT,120,10728d70e0641a69:0x115a2d,546361
v1,1790758513518640,SAT,33,10728d70e0641a69:0x115a2d,546394
v1,1790758513518900,UNSAT,104,10728d70e0641a69:0x115a2d,546498
v1,1790758513519008,SAT,65,10728d70e0641a69:0x115a2d,546563
v1,1790758513519210,SAT,64,10728d70e0641a69:0x115a2d,546627
v1,1790758513519745,SAT,367,10728d70e0641a69:0x115a2d,546994
v1,1790758513519800,SAT,27,10728d70e0641a69:0x115a2d,547021
v1,1790758513519992,UNSAT,78,10728d70e0641a69:0x115a2d,547099
v1,1790758513520024,SAT,20,10728d70e0641a69:0x115a2d,547119
v1,1790758513520184,UNSAT,66,10728d70e0641a69:0x115a2d,547185
v1,1790758513520262,SAT,62,10728d70e0641a69:0x115a2d,547247
v1,1790758513520412,SAT,59,10728d70e0641a69:0x115a2d,547306
v1,1790758513525736,SAT,4794,10728d70e0641a69:0x115a2d,552100
v1,1790758513530364,SAT,47,10728d70e0641a69:0x115a2d,552147
v1,1790758513530723,UNSAT,126,10728d70e0641a69:0x115a2d,552273
v1,1790758513530785,SAT,47,10728d70e0641a69:0x115a2d,552320
v1,1790758513531056,UNSAT,105,10728d70e0641a69:0x115a2d,552425
v1,1790758513531160,SAT,60,10728d70e0641a69:0x115a2d,552485
v1,1790758513531378,SAT,68,10728d70e0641a69:0x115a2d,552553
v1,1790758513532012,SAT,380,10728d70e0641a69:0x115a2d,552933
v1,1790758513532069,SAT,28,10728d70e0641a69:0x115a2d,552961
v1,1790758513532305,UNSAT,119,10728d70e0641a69:0x115a2d,553080
v1,1790758513532347,SAT,29,10728d70e0641a69:0x115a2d,553109
v1,1790758513532532,UNSAT,76,10728d70e0641a69:0x115a2d,553185
v1,1790758513532606,SAT,58,10728d70e0641a69:0x115a2d,553243
v1,1790758513532763,SAT,64,10728d70e0641a69:0x115a2d,553307
v1,1790758513533310,SAT,359,10728d70e0641a69:0x115a2d,553666
v1,1790758513533361,SAT,24,10728d70e0641a69:0x115a2d,553690
v1,1790758513533569,UNSAT,81,10728d70e0641a69:0x115a2d,553771
v1,1790758513533614,SAT,34,10728d70e0641a69:0x115a2d,553805
v1,1790758513533787,UNSAT,78,10728d70e0641a69:0x115a2d,553883
v1,1790758513534103,SAT,300,10728d70e0641a69:0x115a2d,554183
v1,1790758513534292,SAT,78,10728d70e0641a69:0x115a2d,554261
v1,1790758513534793,SAT,356,10728d70e0641a69:0x115a2d,554617
v1,1790758513534839,SAT,23,10728d70e0641a69:0x115a2d,554640
v1,1790758513535013,UNSAT,74,10728d70e0641a69:0x115a2d,554714
v1,1790758513535050,SAT,27,10728d70e0641a69:0x115a2d,554741
v1,1790758513535212,UNSAT,65,10728d70e0641a69:0x115a2d,554806
v1,1790758513535293,SAT,65,10728d70e0641a69:0x115a2d,554871
v1,1790758513535454,SAT,70,10728d70e0641a69:0x115a2d,554941
v1,1790758513535988,SAT,349,10728d70e0641a69:0x115a2d,555290
v1,1790758513536045,SAT,23,10728d70e0641a69:0x115a2d,555313
v1,1790758513536326,UNSAT,120,10728d70e0641a69:0x115a2d,555433
v1,1790758513536360,SAT,23,10728d70e0641a69:0x115a2d,555456
v1,1790758513536586,UNSAT,96,10728d70e0641a69:0x115a2d,555552
v1,1790758513536684,SAT,56,10728d70e0641a69:0x115a2d,555608
v1,1790758513536869,SAT,60,10728d70e0641a69:0x115a2d,555668
v1,1790758513537381,SAT,378,10728d70e0641a69:0x115a2d,556046
v1,1790758513537433,SAT,27,10728d70e0641a69:0x115a2d,556073
v1,1790758513537635,UNSAT,82,10728d70e0641a69:0x115a2d,556155
v1,1790758513537666,SAT,21,10728d70e0641a69:0x115a2d,556176
v1,1790758513537829,UNSAT,73,10728d70e0641a69:0x115a2d,556249
v1,1790758513537902,SAT,58,10728d70e0641a69:0x115a2d,556307
v1,1790758513538040,SAT,57,10728d70e0641a69:0x115a2d,556364
v1,1790758513540285,SAT,1744,10728d70e0641a69:0x115a2d,558108
v1,1790758513541973,SAT,71,10728d70e0641a69:0x115a2d,558179
v1,1790758513542323,UNSAT,132,10728d70e0641a69:0x115a2d,558311
v1,1790758513542360,SAT,23,10728d70e0641a69:0x115a2d,558334
v1,1790758513542612,UNSAT,104,10728d70e0641a69:0x115a2d,558438
v1,1790758513542714,SAT,57,10728d70e0641a69:0x115a2d,558495
v1,1790758513542909,SAT,59,10728d70e0641a69:0x115a2d,558554
v1,1790758513546709,SAT,3332,10728d70e0641a69:0x115a2d,561886
v1,1790758513549913,SAT,75,10728d70e0641a69:0x115a2d,561961
v1,1790758513550266,UNSAT,128,10728d70e0641a69:0x115a2d,562089
v1,1790758513550308,SAT,26,10728d70e0641a69:0x115a2d,562115
v1,1790758513550576,UNSAT,102,10728d70e0641a69:0x115a2d,562217
v1,1790758513550684,SAT,66,10728d70e0641a69:0x115a2d,562283
v1,1790758513550881,SAT,61,10728d70e0641a69:0x115a2d,562344
v1,1790758513556200,SAT,4757,10728d70e0641a69:0x115a2d,567101
v1,1790758513560889,SAT,78,10728d70e0641a69:0x115a2d,567179
v1,1790758513561260,UNSAT,127,10728d70e0641a69:0x115a2d,567306
v1,1790758513561310,SAT,34,10728d70e0641a69:0x115a2d,567340
v1,1790758513561584,UNSAT,105,10728d70e0641a69:0x115a2d,567445
v1,1790758513561689,SAT,63,10728d70e0641a69:0x115a2d,567508
v1,1790758513561894,SAT,62,10728d70e0641a69:0x115a2d,567570
v1,1790758513562514,SAT,374,10728d70e0641a69:0x115a2d,567944
v1,1790758513562571,SAT,29,10728d70e0641a69:0x115a2d,567973
v1,1790758513562774,UNSAT,79,10728d70e0641a69:0x115a2d,568052
v1,1790758513562804,SAT,19,10728d70e0641a69:0x115a2d,568071
v1,1790758513562969,UNSAT,68,10728d70e0641a69:0x115a2d,568139
v1,1790758513563040,SAT,54,10728d70e0641a69:0x115a2d,568193
v1,1790758513563217,SAT,72,10728d70e0641a69:0x115a2d,568265
v1,1790758513563875,SAT,389,10728d70e0641a69:0x115a2d,568654
v1,1790758513563947,SAT,36,10728d70e0641a69:0x115a2d,568690
v1,1790758513564182,UNSAT,89,10728d70e0641a69:0x115a2d,568779
v1,1790758513564222,SAT,28,10728d70e0641a69:0x115a2d,568807
v1,1790758513564440,UNSAT,81,10728d70e0641a69:0x115a2d,568888
v1,1790758513564526,SAT,65,10728d70e0641a69:0x115a2d,568953
v1,1790758513564711,SAT,63,10728d70e0641a69:0x115a2d,569016
v1,1790758513565238,SAT,369,10728d70e0641a69:0x115a2d,569385
v1,1790758513565310,SAT,30,10728d70e0641a69:0x115a2d,569415
v1,1790758513565620,UNSAT,134,10728d70e0641a69:0x115a2d,569549
v1,1790758513565662,SAT,27,10728d70e0641a69:0x115a2d,569576
v1,1790758513566054,UNSAT,118,10728d70e0641a69:0x115a2d,569694
v1,1790758513566178,SAT,64,10728d70e0641a69:0x115a2d,569758
v1,1790758513566385,SAT,68,10728d70e0641a69:0x115a2d,569826
v1,1790758513566886,SAT,350,10728d70e0641a69:0x115a2d,570176
v1,1790758513566935,SAT,24,10728d70e0641a69:0x115a2d,570200
v1,1790758513567123,UNSAT,80,10728d70e0641a69:0x115a2d,570280
v1,1790758513567162,SAT,28,10728d70e0641a69:0x115a2d,570308
v1,1790758513567328,UNSAT,69,10728d70e0641a69:0x115a2d,570377
v1,1790758513567406,SAT,62,10728d70e0641a69:0x115a2d,570439
v1,1790758513567573,SAT,67,10728d70e0641a69:0x115a2d,570506
v1,1790758513568055,SAT,345,10728d70e0641a69:0x115a2d,570851
v1,1790758513568142,SAT,64,10728d70e0641a69:0x115a2d,570915
v1,1790758513568338,UNSAT,84,10728d70e0641a69:0x115a2d,570999
v1,1790758513568378,SAT,28,10728d70e0641a69:0x115a2d,571027
v1,1790758513568539,UNSAT,68,10728d70e0641a69:0x115a2d,571095
v1,1790758513568619,SAT,61,10728d70e0641a69:0x115a2d,571156
v1,1790758513568772,SAT,59,10728d70e0641a69:0x115a2d,571215
v1,1790758513571003,SAT,1766,10728d70e0641a69:0x115a2d,572981
v1,1790758513572688,SAT,72,10728d70e0641a69:0x115a2d,573053
v1,1790758513573047,UNSAT,129,10728d70e0641a69:0x115a2d,573182
v1,1790758513573086,SAT,22,10728d70e0641a69:0x115a2d,573204
v1,1790758513573365,UNSAT,120,10728d70e0641a69:0x115a2d,573324
v1,1790758513573478,SAT,66,10728d70e0641a69:0x115a2d,573390
v1,1790758513573690,SAT,66,10728d70e0641a69:0x115a2d,573456
v1,1790758513577520,SAT,3286,10728d70e0641a69:0x115a2d,576742
v1,1790758513580747,SAT,70,10728d70e0641a69:0x115a2d,576812
v1,1790758513581133,UNSAT,128,10728d70e0641a69:0x115a2d,576940
v1,1790758513581189,SAT,38,10728d70e0641a69:0x115a2d,576978
v1,1790758513581553,UNSAT,124,10728d70e0641a69:0x115a2d,577102
v1,1790758513581674,SAT,68,10728d70e0641a69:0x115a2d,577170
v1,1790758513581903,SAT,69,10728d70e0641a69:0x115a2d,577239
v1,1790758513587338,SAT,4830,10728d70e0641a69:0x115a2d,582069
v1,1790758513591990,SAT,72,10728d70e0641a69:0x115a2d,582141
v1,1790758513592403,UNSAT,157,10728d70e0641a69:0x115a2d,582298
v1,1790758513592464,SAT,42,10728d70e0641a69:0x115a2d,582340
v1,1790758513592747,UNSAT,108,10728d70e0641a69:0x115a2d,582448
v1,1790758513592872,SAT,74,10728d70e0641a69:0x115a2d,582522
v1,1790758513593082,SAT,62,10728d70e0641a69:0x115a2d,582584
v1,1790758513593698,SAT,360,10728d70e0641a69:0x115a2d,582944
v1,1790758513593750,SAT,25,10728d70e0641a69:0x115a2d,582969
v1,1790758513593952,UNSAT,80,10728d70e0641a69:0x115a2d,583049
v1,1790758513593984,SAT,21,10728d70e0641a69:0x115a2d,583070
v1,1790758513594150,UNSAT,67,10728d70e0641a69:0x115a2d,583137
v1,1790758513594223,SAT,54,10728d70e0641a69:0x115a2d,583191
v1,1790758513594392,SAT,59,10728d70e0641a69:0x115a2d,583250
v1,1790758513594878,SAT,343,10728d70e0641a69:0x115a2d,583593
v1,1790758513594938,SAT,35,10728d70e0641a69:0x115a2d,583628
v1,1790758513595121,UNSAT,76,10728d70e0641a69:0x115a2d,583704
v1,1790758513595157,SAT,25,10728d70e0641a69:0x115a2d,583729
v1,1790758513595327,UNSAT,67,10728d70e0641a69:0x115a2d,583796
v1,1790758513595399,SAT,53,10728d70e0641a69:0x115a2d,583849
v1,1790758513595550,SAT,55,10728d70e0641a69:0x115a2d,583904
v1,1790758513596132,SAT,339,10728d70e0641a69:0x115a2d,584243
v1,1790758513596191,SAT,25,10728d70e0641a69:0x115a2d,584268
v1,1790758513596475,UNSAT,108,10728d70e0641a69:0x115a2d,584376
v1,1790758513596512,SAT,24,10728d70e0641a69:0x115a2d,584400
v1,1790758513596731,UNSAT,91,10728d70e0641a69:0x115a2d,584491
v1,1790758513596827,SAT,55,10728d70e0641a69:0x115a2d,584546
v1,1790758513597013,SAT,60,10728d70e0641a69:0x115a2d,584606
v1,1790758513597558,SAT,354,10728d70e0641a69:0x115a2d,584960
v1,1790758513597625,SAT,40,10728d70e0641a69:0x115a2d,585000
v1,1790758513597831,UNSAT,85,10728d70e0641a69:0x115a2d,585085
v1,1790758513597871,SAT,28,10728d70e0641a69:0x115a2d,585113
v1,1790758513598035,UNSAT,66,10728d70e0641a69:0x115a2d,585179
v1,1790758513598109,SAT,55,10728d70e0641a69:0x115a2d,585234
v1,1790758513598271,SAT,68,10728d70e0641a69:0x115a2d,585302
v1,1790758513600434,SAT,1766,10728d70e0641a69:0x115a2d,587068
v1,1790758513602098,SAT,44,10728d70e0641a69:0x115a2d,587112
v1,1790758513602419,UNSAT,113,10728d70e0641a69:0x115a2d,587225
v1,1790758513602461,SAT,26,10728d70e0641a69:0x115a2d,587251
v1,1790758513602712,UNSAT,95,10728d70e0641a69:0x115a2d,587346
v1,1790758513602810,SAT,57,10728d70e0641a69:0x115a2d,587403
v1,1790758513603005,SAT,61,10728d70e0641a69:0x115a2d,587464
v1,1790758513603584,SAT,364,10728d70e0641a69:0x115a2d,587828
v1,1790758513603668,SAT,55,10728d70e0641a69:0x115a2d,587883
v1,1790758513603863,UNSAT,75,10728d70e0641a69:0x115a2d,587958
v1,1790758513603895,SAT,21,10728d70e0641a69:0x115a2d,587979
v1,1790758513604079,UNSAT,66,10728d70e0641a69:0x115a2d,588045
v1,1790758513604163,SAT,62,10728d70e0641a69:0x115a2d,588107
v1,1790758513604334,SAT,59,10728d70e0641a69:0x115a2d,588166
v1,1790758513608113,SAT,3339,10728d70e0641a69:0x115a2d,591505
v1,1790758513611320,SAT,52,10728d70e0641a69:0x115a2d,591557
v1,1790758513611696,UNSAT,129,10728d70e0641a69:0x115a2d,591686
v1,1790758513611747,SAT,27,10728d70e0641a69:0x115a2d,591713
v1,1790758513611999,UNSAT,99,10728d70e0641a69:0x115a2d,591812
v1,1790758513612099,SAT,64,10728d70e0641a69:0x115a2d,591876
v1,1790758513612294,SAT,75,10728d70e0641a69:0x115a2d,591951
v1,1790758513617604,SAT,4816,10728d70e0641a69:0x115a2d,596767
v1,1790758513622315,SAT,66,10728d70e0641a69:0x115a2d,596833
v1,1790758513622858,UNSAT,184,10728d70e0641a69:0x115a2d,597017
v1,1790758513622924,SAT,38,10728d70e0641a69:0x115a2d,597055
v1,1790758513623210,UNSAT,109,10728d70e0641a69:0x115a2d,597164
v1,1790758513623355,SAT,94,10728d70e0641a69:0x115a2d,597258
v1,1790758513623665,SAT,97,10728d70e0641a69:0x115a2d,597355
v1,1790758513624457,SAT,382,10728d70e0641a69:0x115a2d,597737
v1,1790758513624511,SAT,26,10728d70e0641a69:0x115a2d,597763
v1,1790758513624714,UNSAT,81,10728d70e0641a69:0x115a2d,597844
v1,1790758513625099,SAT,374,10728d70e0641a69:0x115a2d,598218
v1,1790758513625348,UNSAT,83,10728d70e0641a69:0x115a2d,598301
v1,1790758513625420,SAT,53,10728d70e0641a69:0x115a2d,598354
v1,1790758513625589,SAT,67,10728d70e0641a69:0x115a2d,598421
v1,1790758513626091,SAT,346,10728d70e0641a69:0x115a2d,598767
v1,1790758513626141,SAT,26,10728d70e0641a69:0x115a2d,598793
v1,1790758513627285,UNSAT,1017,10728d70e0641a69:0x115a2d,599810
v1,1790758513627331,SAT,23,10728d70e0641a69:0x115a2d,599833
v1,1790758513627510,UNSAT,76,10728d70e0641a69:0x115a2d,599909
v1,1790758513627594,SAT,67,10728d70e0641a69:0x115a2d,599976
v1,1790758513627741,SAT,57,10728d70e0641a69:0x115a2d,600033
v1,1790758513628213,SAT,337,10728d70e0641a69:0x115a2d,600370
v1,1790758513628262,SAT,28,10728d70e0641a69:0x115a2d,600398
v1,1790758513628444,UNSAT,76,10728d70e0641a69:0x115a2d,600474
v1,1790758513628480,SAT,26,10728d70e0641a69:0x115a2d,600500
v1,1790758513628690,UNSAT,107,10728d70e0641a69:0x115a2d,600607
v1,1790758513628772,SAT,63,10728d70e0641a69:0x115a2d,600670
v1,1790758513628940,SAT,72,10728d70e0641a69:0x115a2d,600742
v1,1790758513630233,SAT,540,10728d70e0641a69:0x115a2d,601282
v1,1790758513630369,SAT,49,10728d70e0641a69:0x115a2d,601331
v1,1790758513630858,UNSAT,201,10728d70e0641a69:0x115a2d,601532
v1,1790758513630938,SAT,48,10728d70e0641a69:0x115a2d,601580
v1,1790758513631350,UNSAT,180,10728d70e0641a69:0x115a2d,601760
v1,1790758513631547,SAT,96,10728d70e0641a69:0x115a2d,601856
v1,1790758513631841,SAT,77,10728d70e0641a69:0x115a2d,601933
v1,1790758513632357,SAT,360,10728d70e0641a69:0x115a2d,602293
v1,1790758513632407,SAT,25,10728d70e0641a69:0x115a2d,602318
v1,1790758513632604,UNSAT,88,10728d70e0641a69:0x115a2d,602406
v1,1790758513632653,SAT,35,10728d70e0641a69:0x115a2d,602441
v1,1790758513632839,UNSAT,75,10728d70e0641a69:0x115a2d,602516
v1,1790758513632920,SAT,60,10728d70e0641a69:0x115a2d,602576
v1,1790758513633103,SAT,77,10728d70e0641a69:0x115a2d,602653
v1,1790758513635654,SAT,1877,10728d70e0641a69:0x115a2d,604530
v1,1790758513637329,SAT,37,10728d70e0641a69:0x115a2d,604567
v1,1790758513637683,UNSAT,135,10728d70e0641a69:0x115a2d,604702
v1,1790758513637738,SAT,37,10728d70e0641a69:0x115a2d,604739
v1,1790758513638008,UNSAT,107,10728d70e0641a69:0x115a2d,604846
v1,1790758513638118,SAT,60,10728d70e0641a69:0x115a2d,604906
v1,1790758513638343,SAT,63,10728d70e0641a69:0x115a2d,604969
v1,1790758513642208,SAT,3337,10728d70e0641a69:0x115a2d,608306
v1,1790758513645379,SAT,44,10728d70e0641a69:0x115a2d,608350
v1,1790758513645753,UNSAT,121,10728d70e0641a69:0x115a2d,608471
v1,1790758513645828,SAT,53,10728d70e0641a69:0x115a2d,608524
v1,1790758513646110,UNSAT,112,10728d70e0641a69:0x115a2d,608636
v1,1790758513646220,SAT,62,10728d70e0641a69:0x115a2d,608698
v1,1790758513646448,SAT,68,10728d70e0641a69:0x115a2d,608766
v1,1790758513651821,SAT,4786,10728d70e0641a69:0x115a2d,613552
v1,1790758513656613,SAT,68,10728d70e0641a69:0x115a2d,613620
v1,1790758513657086,UNSAT,152,10728d70e0641a69:0x115a2d,613772
v1,1790758513657159,SAT,51,10728d70e0641a69:0x115a2d,613823
v1,1790758513657510,UNSAT,138,10728d70e0641a69:0x115a2d,613961
v1,1790758513657649,SAT,83,10728d70e0641a69:0x115a2d,614044
v1,1790758513657873,SAT,69,10728d70e0641a69:0x115a2d,614113
v1,1790758513658548,SAT,375,10728d70e0641a69:0x115a2d,614488
v1,1790758513658625,SAT,35,10728d70e0641a69:0x115a2d,614523
v1,1790758513658855,UNSAT,87,10728d70e0641a69:0x115a2d,614610
v1,1790758513658893,SAT,27,10728d70e0641a69:0x115a2d,614637
v1,1790758513659069,UNSAT,72,10728d70e0641a69:0x115a2d,614709
v1,1790758513659141,SAT,57,10728d70e0641a69:0x115a2d,614766
v1,1790758513659308,SAT,73,10728d70e0641a69:0x115a2d,614839
v1,1790758513659807,SAT,351,10728d70e0641a69:0x115a2d,615190
v1,1790758513659863,SAT,28,10728d70e0641a69:0x115a2d,615218
v1,1790758513660117,UNSAT,109,10728d70e0641a69:0x115a2d,615327
v1,1790758513660151,SAT,23,10728d70e0641a69:0x115a2d,615350
v1,1790758513660407,UNSAT,101,10728d70e0641a69:0x115a2d,615451
v1,1790758513660504,SAT,59,10728d70e0641a69:0x115a2d,615510
v1,1790758513660694,SAT,63,10728d70e0641a69:0x115a2d,615573
v1,1790758513661173,SAT,346,10728d70e0641a69:0x115a2d,615919
v1,1790758513661231,SAT,34,10728d70e0641a69:0x115a2d,615953
v1,1790758513661425,UNSAT,76,10728d70e0641a69:0x115a2d,616029
v1,1790758513661459,SAT,23,10728d70e0641a69:0x115a2d,616052
v1,1790758513661614,UNSAT,65,10728d70e0641a69:0x115a2d,616117
v1,1790758513661695,SAT,65,10728d70e0641a69:0x115a2d,616182
v1,1790758513661855,SAT,64,10728d70e0641a69:0x115a2d,616246
v1,1790758513662344,SAT,354,10728d70e0641a69:0x115a2d,616600
v1,1790758513662421,SAT,40,10728d70e0641a69:0x115a2d,616640
v1,1790758513662625,UNSAT,85,10728d70e0641a69:0x115a2d,616725
v1,1790758513662669,SAT,34,10728d70e0641a69:0x115a2d,616759
v1,1790758513662825,UNSAT,66,10728d70e0641a69:0x115a2d,616825
v1,1790758513662895,SAT,56,10728d70e0641a69:0x115a2d,616881
v1,1790758513663037,SAT,60,10728d70e0641a69:0x115a2d,616941
v1,1790758513665318,SAT,1779,10728d70e0641a69:0x115a2d,618720
v1,1790758513667002,SAT,56,10728d70e0641a69:0x115a2d,618776
v1,1790758513667331,UNSAT,123,10728d70e0641a69:0x115a2d,618899
v1,1790758513667370,SAT,26,10728d70e0641a69:0x115a2d,618925
v1,1790758513667603,UNSAT,95,10728d70e0641a69:0x115a2d,619020
v1,1790758513667697,SAT,56,10728d70e0641a69:0x115a2d,619076
v1,1790758513667892,SAT,63,10728d70e0641a69:0x115a2d,619139
v1,1790758513671657,SAT,3257,10728d70e0641a69:0x115a2d,622396
v1,1790758513674852,SAT,68,10728d70e0641a69:0x115a2d,622464
v1,1790758513675187,UNSAT,116,10728d70e0641a69:0x115a2d,622580
v1,1790758513675226,SAT,25,10728d70e0641a69:0x115a2d,622605
v1,1790758513675476,UNSAT,97,10728d70e0641a69:0x115a2d,622702
v1,1790758513675573,SAT,59,10728d70e0641a69:0x115a2d,622761
v1,1790758513675758,SAT,61,10728d70e0641a69:0x115a2d,622822
v1,1790758513676284,SAT,373,10728d70e0641a69:0x115a2d,623195
v1,1790758513676337,SAT,26,10728d70e0641a69:0x115a2d,623221
v1,1790758513676523,UNSAT,80,10728d70e0641a69:0x115a2d,623301
v1,1790758513676555,SAT,22,10728d70e0641a69:0x115a2d,623323
v1,1790758513676713,UNSAT,70,10728d70e0641a69:0x115a2d,623393
v1,1790758513676790,SAT,62,10728d70e0641a69:0x115a2d,623455
v1,1790758513676934,SAT,59,10728d70e0641a69:0x115a2d,623514
v1,1790758513682322,SAT,4847,10728d70e0641a69:0x115a2d,628361
v1,1790758513687036,SAT,73,10728d70e0641a69:0x115a2d,628434
v1,1790758513687398,UNSAT,114,10728d70e0641a69:0x115a2d,628548
v1,1790758513687432,SAT,19,10728d70e0641a69:0x115a2d,628567
v1,1790758513687687,UNSAT,103,10728d70e0641a69:0x115a2d,628670
v1,1790758513687790,SAT,64,10728d70e0641a69:0x115a2d,628734
v1,1790758513687987,SAT,60,10728d70e0641a69:0x115a2d,628794
v1,1790758513688594,SAT,374,10728d70e0641a69:0x115a2d,629168
v1,1790758513688647,SAT,28,10728d70e0641a69:0x115a2d,629196
v1,1790758513688840,UNSAT,84,10728d70e0641a69:0x115a2d,629280
v1,1790758513688874,SAT,21,10728d70e0641a69:0x115a2d,629301
v1,1790758513689053,UNSAT,76,10728d70e0641a69:0x115a2d,629377
v1,1790758513689130,SAT,61,10728d70e0641a69:0x115a2d,629438
v1,1790758513689299,SAT,81,10728d70e0641a69:0x115a2d,629519
v1,1790758513689962,SAT,380,10728d70e0641a69:0x115a2d,629899
v1,1790758513690083,SAT,57,10728d70e0641a69:0x115a2d,629956
v1,1790758513690465,UNSAT,142,10728d70e0641a69:0x115a2d,630098
v1,1790758513690543,SAT,43,10728d70e0641a69:0x115a2d,630141
v1,1790758513690889,UNSAT,125,10728d70e0641a69:0x115a2d,630266
v1,1790758513691028,SAT,99,10728d70e0641a69:0x115a2d,630365
v1,1790758513691372,SAT,149,10728d70e0641a69:0x115a2d,630514
v1,1790758513692026,SAT,423,10728d70e0641a69:0x115a2d,630937
v1,1790758513692083,SAT,25,10728d70e0641a69:0x115a2d,630962
v1,1790758513692307,UNSAT,102,10728d70e0641a69:0x115a2d,631064
v1,1790758513692340,SAT,21,10728d70e0641a69:0x115a2d,631085
v1,1790758513692499,UNSAT,65,10728d70e0641a69:0x115a2d,631150
v1,1790758513692569,SAT,55,10728d70e0641a69:0x115a2d,631205
v1,1790758513692716,SAT,56,10728d70e0641a69:0x115a2d,631261
v1,1790758513693237,SAT,330,10728d70e0641a69:0x115a2d,631591
v1,1790758513693307,SAT,32,10728d70e0641a69:0x115a2d,631623
v1,1790758513693596,UNSAT,114,10728d70e0641a69:0x115a2d,631737
v1,1790758513693633,SAT,25,10728d70e0641a69:0x115a2d,631762
v1,1790758513693879,UNSAT,118,10728d70e0641a69:0x115a2d,631880
v1,1790758513693996,SAT,74,10728d70e0641a69:0x115a2d,631954
v1,1790758513694195,SAT,62,10728d70e0641a69:0x115a2d,632016
v1,1790758513694714,SAT,353,10728d70e0641a69:0x115a2d,632369
v1,1790758513694766,SAT,28,10728d70e0641a69:0x115a2d,632397
v1,1790758513694960,UNSAT,87,10728d70e0641a69:0x115a2d,632484
v1,1790758513694994,SAT,24,10728d70e0641a69:0x115a2d,632508
v1,1790758513695164,UNSAT,73,10728d70e0641a69:0x115a2d,632581
v1,1790758513695239,SAT,59,10728d70e0641a69:0x115a2d,632640
v1,1790758513695419,SAT,66,10728d70e0641a69:0x115a2d,632706
v1,1790758513697740,SAT,1793,10728d70e0641a69:0x115a2d,634499
v1,1790758513699467,SAT,45,10728d70e0641a69:0x115a2d,634544
v1,1790758513699799,UNSAT,115,10728d70e0641a69:0x115a2d,634659
v1,1790758513699833,SAT,20,10728d70e0641a69:0x115a2d,634679
v1,1790758513700212,UNSAT,127,10728d70e0641a69:0x115a2d,634806
v1,1790758513700343,SAT,73,10728d70e0641a69:0x115a2d,634879
v1,1790758513700560,SAT,69,10728d70e0641a69:0x115a2d,634948
v1,1790758513704312,SAT,3291,10728d70e0641a69:0x115a2d,638239
v1,1790758513708647,SAT,1122,10728d70e0641a69:0x115a2d,639361
v1,1790758513709029,UNSAT,142,10728d70e0641a69:0x115a2d,639503
v1,1790758513709084,SAT,39,10728d70e0641a69:0x115a2d,639542
v1,1790758513709367,UNSAT,108,10728d70e0641a69:0x115a2d,639650
v1,1790758513710078,SAT,666,10728d70e0641a69:0x115a2d,640316
v1,1790758513710510,SAT,93,10728d70e0641a69:0x115a2d,640409
v1,1790758513716415,SAT,5242,10728d70e0641a69:0x115a2d,645651
v1,1790758513721226,SAT,73,10728d70e0641a69:0x115a2d,645724
v1,1790758513721634,UNSAT,133,10728d70e0641a69:0x115a2d,645857
v1,1790758513721674,SAT,23,10728d70e0641a69:0x115a2d,645880
v1,1790758513721936,UNSAT,103,10728d70e0641a69:0x115a2d,645983
v1,1790758513722037,SAT,59,10728d70e0641a69:0x115a2d,646042
v1,1790758513722281,SAT,90,10728d70e0641a69:0x115a2d,646132
v1,1790758513722890,SAT,367,10728d70e0641a69:0x115a2d,646499
v1,1790758513722953,SAT,36,10728d70e0641a69:0x115a2d,646535
v1,1790758513723157,UNSAT,94,10728d70e0641a69:0x115a2d,646629
v1,1790758513723209,SAT,31,10728d70e0641a69:0x115a2d,646660
v1,1790758513723417,UNSAT,79,10728d70e0641a69:0x115a2d,646739
v1,1790758513723498,SAT,63,10728d70e0641a69:0x115a2d,646802
v1,1790758513723660,SAT,64,10728d70e0641a69:0x115a2d,646866
v1,1790758513724258,SAT,352,10728d70e0641a69:0x115a2d,647218
v1,1790758513724309,SAT,27,10728d70e0641a69:0x115a2d,647245
v1,1790758513724492,UNSAT,73,10728d70e0641a69:0x115a2d,647318
v1,1790758513724520,SAT,19,10728d70e0641a69:0x115a2d,647337
v1,1790758513724666,UNSAT,63,10728d70e0641a69:0x115a2d,647400
v1,1790758513724733,SAT,53,10728d70e0641a69:0x115a2d,647453
v1,1790758513724871,SAT,55,10728d70e0641a69:0x115a2d,647508
v1,1790758513725335,SAT,335,10728d70e0641a69:0x115a2d,647843
v1,1790758513725390,SAT,24,10728d70e0641a69:0x115a2d,647867
v1,1790758513725640,UNSAT,104,10728d70e0641a69:0x115a2d,647971
v1,1790758513725670,SAT,20,10728d70e0641a69:0x115a2d,647991
v1,1790758513725896,UNSAT,95,10728d70e0641a69:0x115a2d,648086
v1,1790758513725992,SAT,57,10728d70e0641a69:0x115a2d,648143
v1,1790758513726163,SAT,58,10728d70e0641a69:0x115a2d,648201
v1,1790758513726636,SAT,326,10728d70e0641a69:0x115a2d,648527
v1,1790758513726686,SAT,26,10728d70e0641a69:0x115a2d,648553
v1,1790758513726867,UNSAT,71,10728d70e0641a69:0x115a2d,648624
v1,1790758513726894,SAT,18,10728d70e0641a69:0x115a2d,648642
v1,1790758513727051,UNSAT,67,10728d70e0641a69:0x115a2d,648709
v1,1790758513727128,SAT,63,10728d70e0641a69:0x115a2d,648772
v1,1790758513727289,SAT,68,10728d70e0641a69:0x115a2d,648840
v1,1790758513727755,SAT,336,10728d70e0641a69:0x115a2d,649176
v1,1790758513727815,SAT,37,10728d70e0641a69:0x115a2d,649213
v1,1790758513727979,UNSAT,72,10728d70e0641a69:0x115a2d,649285
v1,1790758513728011,SAT,22,10728d70e0641a69:0x115a2d,649307
v1,1790758513728163,UNSAT,67,10728d70e0641a69:0x115a2d,649374
v1,1790758513728232,SAT,54,10728d70e0641a69:0x115a2d,649428
v1,1790758513728398,SAT,57,10728d70e0641a69:0x115a2d,649485
v1,1790758513730589,SAT,1756,10728d70e0641a69:0x115a2d,651241
v1,1790758513732222,SAT,44,10728d70e0641a69:0x115a2d,651285
v1,1790758513732598,UNSAT,124,10728d70e0641a69:0x115a2d,651409
v1,1790758513732635,SAT,21,10728d70e0641a69:0x115a2d,651430
v1,1790758513732912,UNSAT,108,10728d70e0641a69:0x115a2d,651538
v1,1790758513733012,SAT,59,10728d70e0641a69:0x115a2d,651597
v1,1790758513733211,SAT,66,10728d70e0641a69:0x115a2d,651663
v1,1790758513737021,SAT,3301,10728d70e0641a69:0x115a2d,654964
v1,1790758513740228,SAT,45,10728d70e0641a69:0x115a2d,655009
v1,1790758513740587,UNSAT,123,10728d70e0641a69:0x115a2d,655132
v1,1790758513740633,SAT,32,10728d70e0641a69:0x115a2d,655164
v1,1790758513740891,UNSAT,100,10728d70e0641a69:0x115a2d,655264
v1,1790758513740993,SAT,61,10728d70e0641a69:0x115a2d,655325
v1,1790758513741187,SAT,67,10728d70e0641a69:0x115a2d,655392
v1,1790758513746513,SAT,4764,10728d70e0641a69:0x115a2d,660156
v1,1790758513751263,SAT,85,10728d70e0641a69:0x115a2d,660241
v1,1790758513751632,UNSAT,124,10728d70e0641a69:0x115a2d,660365
v1,1790758513751706,SAT,60,10728d70e0641a69:0x115a2d,660425
v1,1790758513751961,UNSAT,95,10728d70e0641a69:0x115a2d,660520
v1,1790758513752058,SAT,56,10728d70e0641a69:0x115a2d,660576
v1,1790758513752259,SAT,65,10728d70e0641a69:0x115a2d,660641
v1,1790758513752845,SAT,348,10728d70e0641a69:0x115a2d,660989
v1,1790758513752910,SAT,40,10728d70e0641a69:0x115a2d,661029
v1,1790758513753108,UNSAT,84,10728d70e0641a69:0x115a2d,661113
v1,1790758513753143,SAT,22,10728d70e0641a69:0x115a2d,661135
v1,1790758513753305,UNSAT,71,10728d70e0641a69:0x115a2d,661206
v1,1790758513753374,SAT,54,10728d70e0641a69:0x115a2d,661260
v1,1790758513753516,SAT,55,10728d70e0641a69:0x115a2d,661315
v1,1790758513753984,SAT,331,10728d70e0641a69:0x115a2d,661646
v1,1790758513754027,SAT,21,10728d70e0641a69:0x115a2d,661667
v1,1790758513754201,UNSAT,68,10728d70e0641a69:0x115a2d,661735
v1,1790758513754230,SAT,20,10728d70e0641a69:0x115a2d,661755
v1,1790758513754409,UNSAT,86,10728d70e0641a69:0x115a2d,661841
v1,1790758513754526,SAT,99,10728d70e0641a69:0x115a2d,661940
v1,1790758513754675,SAT,59,10728d70e0641a69:0x115a2d,661999
v1,1790758513755235,SAT,334,10728d70e0641a69:0x115a2d,662333
v1,1790758513755298,SAT,29,10728d70e0641a69:0x115a2d,662362
v1,1790758513755550,UNSAT,103,10728d70e0641a69:0x115a2d,662465
v1,1790758513755577,SAT,18,10728d70e0641a69:0x115a2d,662483
v1,1790758513755787,UNSAT,90,10728d70e0641a69:0x115a2d,662573
v1,1790758513755881,SAT,54,10728d70e0641a69:0x115a2d,662627
v1,1790758513756060,SAT,58,10728d70e0641a69:0x115a2d,662685
v1,1790758513756576,SAT,341,10728d70e0641a69:0x115a2d,663026
v1,1790758513756617,SAT,20,10728d70e0641a69:0x115a2d,663046
v1,1790758513756785,UNSAT,69,10728d70e0641a69:0x115a2d,663115
v1,1790758513756835,SAT,42,10728d70e0641a69:0x115a2d,663157
v1,1790758513756985,UNSAT,60,10728d70e0641a69:0x115a2d,663217
v1,1790758513757055,SAT,57,10728d70e0641a69:0x115a2d,663274
v1,1790758513757186,SAT,53,10728d70e0641a69:0x115a2d,663327
v1,1790758513759350,SAT,1764,10728d70e0641a69:0x115a2d,665091
v1,1790758513761001,SAT,47,10728d70e0641a69:0x115a2d,665138
v1,1790758513761338,UNSAT,122,10728d70e0641a69:0x115a2d,665260
v1,1790758513761379,SAT,26,10728d70e0641a69:0x115a2d,665286
v1,1790758513761632,UNSAT,102,10728d70e0641a69:0x115a2d,665388
v1,1790758513761741,SAT,63,10728d70e0641a69:0x115a2d,665451
v1,1790758513761948,SAT,69,10728d70e0641a69:0x115a2d,665520
v1,1790758513762521,SAT,367,10728d70e0641a69:0x115a2d,665887
v1,1790758513762573,SAT,27,10728d70e0641a69:0x115a2d,665914
v1,1790758513762757,UNSAT,80,10728d70e0641a69:0x115a2d,665994
v1,1790758513762791,SAT,23,10728d70e0641a69:0x115a2d,666017
v1,1790758513762941,UNSAT,67,10728d70e0641a69:0x115a2d,666084
v1,1790758513763012,SAT,57,10728d70e0641a69:0x115a2d,666141
v1,1790758513763164,SAT,68,10728d70e0641a69:0x115a2d,666209
v1,1790758513766961,SAT,3288,10728d70e0641a69:0x115a2d,669497
v1,1790758513770140,SAT,48,10728d70e0641a69:0x115a2d,669545
v1,1790758513770504,UNSAT,123,10728d70e0641a69:0x115a2d,669668
v1,1790758513770546,SAT,28,10728d70e0641a69:0x115a2d,669696
v1,1790758513770810,UNSAT,106,10728d70e0641a69:0x115a2d,669802
v1,1790758513770909,SAT,58,10728d70e0641a69:0x115a2d,669860
v1,1790758513771098,SAT,58,10728d70e0641a69:0x115a2d,669918
v1,1790758513776401,SAT,4779,10728d70e0641a69:0x115a2d,674697
v1,1790758513781072,SAT,77,10728d70e0641a69:0x115a2d,674774
v1,1790758513781462,UNSAT,130,10728d70e0641a69:0x115a2d,674904
v1,1790758513781500,SAT,23,10728d70e0641a69:0x115a2d,674927
v1,1790758513781762,UNSAT,101,10728d70e0641a69:0x115a2d,675028
v1,1790758513781859,SAT,55,10728d70e0641a69:0x115a2d,675083
v1,1790758513782050,SAT,59,10728d70e0641a69:0x115a2d,675142
v1,1790758513782733,SAT,375,10728d70e0641a69:0x115a2d,675517
v1,1790758513782780,SAT,23,10728d70e0641a69:0x115a2d,675540
v1,1790758513782956,UNSAT,71,10728d70e0641a69:0x115a2d,675611
v1,1790758513782985,SAT,19,10728d70e0641a69:0x115a2d,675630
v1,1790758513783132,UNSAT,63,10728d70e0641a69:0x115a2d,675693
v1,1790758513783199,SAT,53,10728d70e0641a69:0x115a2d,675746
v1,1790758513783347,SAT,57,10728d70e0641a69:0x115a2d,675803
v1,1790758513783814,SAT,328,10728d70e0641a69:0x115a2d,676131
v1,1790758513783861,SAT,25,10728d70e0641a69:0x115a2d,676156
v1,1790758513784043,UNSAT,71,10728d70e0641a69:0x115a2d,676227
v1,1790758513784070,SAT,18,10728d70e0641a69:0x115a2d,676245
v1,1790758513784235,UNSAT,63,10728d70e0641a69:0x115a2d,676308
v1,1790758513784314,SAT,58,10728d70e0641a69:0x115a2d,676366
v1,1790758513784468,SAT,59,10728d70e0641a69:0x115a2d,676425
v1,1790758513784922,SAT,333,10728d70e0641a69:0x115a2d,676758
v1,1790758513784972,SAT,29,10728d70e0641a69:0x115a2d,676787
v1,1790758513785135,UNSAT,69,10728d70e0641a69:0x115a2d,676856
v1,1790758513785161,SAT,18,10728d70e0641a69:0x115a2d,676874
v1,1790758513785323,UNSAT,70,10728d70e0641a69:0x115a2d,676944
v1,1790758513785391,SAT,55,10728d70e0641a69:0x115a2d,676999
v1,1790758513785549,SAT,69,10728d70e0641a69:0x115a2d,677068
v1,1790758513786361,SAT,345,10728d70e0641a69:0x115a2d,677413
v1,1790758513786413,SAT,23,10728d70e0641a69:0x115a2d,677436
v1,1790758513786683,UNSAT,111,10728d70e0641a69:0x115a2d,677547
v1,1790758513786717,SAT,23,10728d70e0641a69:0x115a2d,677570
v1,1790758513786948,UNSAT,98,10728d70e0641a69:0x115a2d,677668
v1,1790758513787049,SAT,56,10728d70e0641a69:0x115a2d,677724
v1,1790758513787230,SAT,60,10728d70e0641a69:0x115a2d,677784
v1,1790758513787717,SAT,349,10728d70e0641a69:0x115a2d,678133
v1,1790758513787762,SAT,24,10728d70e0641a69:0x115a2d,678157
v1,1790758513787937,UNSAT,76,10728d70e0641a69:0x115a2d,678233
v1,1790758513787965,SAT,17,10728d70e0641a69:0x115a2d,678250
v1,1790758513788118,UNSAT,62,10728d70e0641a69:0x115a2d,678312
v1,1790758513788183,SAT,52,10728d70e0641a69:0x115a2d,678364
v1,1790758513788328,SAT,55,10728d70e0641a69:0x115a2d,678419
v1,1790758513790521,SAT,1772,10728d70e0641a69:0x115a2d,680191
v1,1790758513792179,SAT,62,10728d70e0641a69:0x115a2d,680253
v1,1790758513792546,UNSAT,121,10728d70e0641a69:0x115a2d,680374
v1,1790758513792580,SAT,21,10728d70e0641a69:0x115a2d,680395
v1,1790758513792834,UNSAT,104,10728d70e0641a69:0x115a2d,680499
v1,1790758513792941,SAT,59,10728d70e0641a69:0x115a2d,680558
v1,1790758513793135,SAT,60,10728d70e0641a69:0x115a2d,680618
v1,1790758513796919,SAT,3268,10728d70e0641a69:0x115a2d,683886
v1,1790758513800077,SAT,45,10728d70e0641a69:0x115a2d,683931
v1,1790758513800454,UNSAT,126,10728d70e0641a69:0x115a2d,684057
v1,1790758513800494,SAT,22,10728d70e0641a69:0x115a2d,684079
v1,1790758513800749,UNSAT,101,10728d70e0641a69:0x115a2d,684180
v1,1790758513800851,SAT,56,10728d70e0641a69:0x115a2d,684236
v1,1790758513801043,SAT,63,10728d70e0641a69:0x115a2d,684299
v1,1790758513806392,SAT,4754,10728d70e0641a69:0x115a2d,689053
v1,1790758513811098,SAT,74,10728d70e0641a69:0x115a2d,689127
v1,1790758513811502,UNSAT,139,10728d70e0641a69:0x115a2d,689266
v1,1790758513811550,SAT,33,10728d70e0641a69:0x115a2d,689299
v1,1790758513811831,UNSAT,105,10728d70e0641a69:0x115a2d,689404
v1,1790758513811934,SAT,57,10728d70e0641a69:0x115a2d,689461
v1,1790758513812133,SAT,60,10728d70e0641a69:0x115a2d,689521
v1,1790758513812767,SAT,365,10728d70e0641a69:0x115a2d,689886
v1,1790758513812831,SAT,41,10728d70e0641a69:0x115a2d,689927
v1,1790758513813025,UNSAT,80,10728d70e0641a69:0x115a2d,690007
v1,1790758513813058,SAT,23,10728d70e0641a69:0x115a2d,690030
v1,1790758513813220,UNSAT,74,10728d70e0641a69:0x115a2d,690104
v1,1790758513813302,SAT,68,10728d70e0641a69:0x115a2d,690172
v1,1790758513813456,SAT,65,10728d70e0641a69:0x115a2d,690237
v1,1790758513813915,SAT,331,10728d70e0641a69:0x115a2d,690568
v1,1790758513813962,SAT,22,10728d70e0641a69:0x115a2d,690590
v1,1790758513814208,UNSAT,100,10728d70e0641a69:0x115a2d,690690
v1,1790758513814240,SAT,22,10728d70e0641a69:0x115a2d,690712
v1,1790758513814467,UNSAT,97,10728d70e0641a69:0x115a2d,690809
v1,1790758513814570,SAT,66,10728d70e0641a69:0x115a2d,690875
v1,1790758513814746,SAT,64,10728d70e0641a69:0x115a2d,690939
v1,1790758513815224,SAT,332,10728d70e0641a69:0x115a2d,691271
v1,1790758513815412,SAT,167,10728d70e0641a69:0x115a2d,691438
v1,1790758513815601,UNSAT,84,10728d70e0641a69:0x115a2d,691522
v1,1790758513815633,SAT,22,10728d70e0641a69:0x115a2d,691544
v1,1790758513815802,UNSAT,69,10728d70e0641a69:0x115a2d,691613
v1,1790758513815878,SAT,58,10728d70e0641a69:0x115a2d,691671
v1,1790758513816044,SAT,76,10728d70e0641a69:0x115a2d,691747
v1,1790758513816549,SAT,365,10728d70e0641a69:0x115a2d,692112
v1,1790758513816600,SAT,26,10728d70e0641a69:0x115a2d,692138
v1,1790758513816827,UNSAT,105,10728d70e0641a69:0x115a2d,692243
v1,1790758513816865,SAT,24,10728d70e0641a69:0x115a2d,692267
v1,1790758513817031,UNSAT,66,10728d70e0641a69:0x115a2d,692333
v1,1790758513817101,SAT,53,10728d70e0641a69:0x115a2d,692386
v1,1790758513817258,SAT,64,10728d70e0641a69:0x115a2d,692450
v1,1790758513819672,SAT,1863,10728d70e0641a69:0x115a2d,694313
v1,1790758513821330,SAT,42,10728d70e0641a69:0x115a2d,694355
v1,1790758513821670,UNSAT,122,10728d70e0641a69:0x115a2d,694477
v1,1790758513821712,SAT,30,10728d70e0641a69:0x115a2d,694507
v1,1790758513821944,UNSAT,97,10728d70e0641a69:0x115a2d,694604
v1,1790758513822040,SAT,58,10728d70e0641a69:0x115a2d,694662
v1,1790758513822289,SAT,102,10728d70e0641a69:0x115a2d,694764
v1,1790758513826075,SAT,3273,10728d70e0641a69:0x115a2d,698037
v1,1790758513829239,SAT,73,10728d70e0641a69:0x115a2d,698110
v1,1790758513829594,UNSAT,111,10728d70e0641a69:0x115a2d,698221
v1,1790758513829629,SAT,20,10728d70e0641a69:0x115a2d,698241
v1,1790758513829884,UNSAT,99,10728d70e0641a69:0x115a2d,698340
v1,1790758513829987,SAT,63,10728d70e0641a69:0x115a2d,698403
v1,1790758513830196,SAT,61,10728d70e0641a69:0x115a2d,698464
v1,1790758513830709,SAT,346,10728d70e0641a69:0x115a2d,698810
v1,1790758513830770,SAT,39,10728d70e0641a69:0x115a2d,698849
v1,1790758513830968,UNSAT,79,10728d70e0641a69:0x115a2d,698928
v1,1790758513831010,SAT,33,10728d70e0641a69:0x115a2d,698961
v1,1790758513831175,UNSAT,68,10728d70e0641a69:0x115a2d,699029
v1,1790758513831245,SAT,55,10728d70e0641a69:0x115a2d,699084
v1,1790758513831412,SAT,71,10728d70e0641a69:0x115a2d,699155
v1,1790758513836713,SAT,4777,10728d70e0641a69:0x115a2d,703932
v1,1790758513841381,SAT,54,10728d70e0641a69:0x115a2d,703986
v1,1790758513841742,UNSAT,124,10728d70e0641a69:0x115a2d,704110
v1,1790758513841783,SAT,25,10728d70e0641a69:0x115a2d,704135
v1,1790758513842037,UNSAT,100,10728d70e0641a69:0x115a2d,704235
v1,1790758513842136,SAT,60,10728d70e0641a69:0x115a2d,704295
v1,1790758513842347,SAT,70,10728d70e0641a69:0x115a2d,704365
v1,1790758513842944,SAT,359,10728d70e0641a69:0x115a2d,704724
v1,1790758513842989,SAT,23,10728d70e0641a69:0x115a2d,704747
v1,1790758513843165,UNSAT,72,10728d70e0641a69:0x115a2d,704819
v1,1790758513843191,SAT,17,10728d70e0641a69:0x115a2d,704836
v1,1790758513843361,UNSAT,76,10728d70e0641a69:0x115a2d,704912
v1,1790758513843435,SAT,59,10728d70e0641a69:0x115a2d,704971
v1,1790758513843582,SAT,60,10728d70e0641a69:0x115a2d,705031
v1,1790758513844129,SAT,351,10728d70e0641a69:0x115a2d,705382
v1,1790758513844180,SAT,26,10728d70e0641a69:0x115a2d,705408
v1,1790758513844396,UNSAT,92,10728d70e0641a69:0x115a2d,705500
v1,1790758513844437,SAT,29,10728d70e0641a69:0x115a2d,705529
v1,1790758513844614,UNSAT,70,10728d70e0641a69:0x115a2d,705599
v1,1790758513844693,SAT,63,10728d70e0641a69:0x115a2d,705662
v1,1790758513844847,SAT,64,10728d70e0641a69:0x115a2d,705726
v1,1790758513845350,SAT,361,10728d70e0641a69:0x115a2d,706087
v1,1790758513845412,SAT,37,10728d70e0641a69:0x115a2d,706124
v1,1790758513845606,UNSAT,83,10728d70e0641a69:0x115a2d,706207
v1,1790758513845641,SAT,25,10728d70e0641a69:0x115a2d,706232
v1,1790758513845799,UNSAT,72,10728d70e0641a69:0x115a2d,706304
v1,1790758513845885,SAT,67,10728d70e0641a69:0x115a2d,706371
v1,1790758513846048,SAT,65,10728d70e0641a69:0x115a2d,706436
v1,1790758513846611,SAT,366,10728d70e0641a69:0x115a2d,706802
v1,1790758513846668,SAT,24,10728d70e0641a69:0x115a2d,706826
v1,1790758513846938,UNSAT,106,10728d70e0641a69:0x115a2d,706932
v1,1790758513846988,SAT,40,10728d70e0641a69:0x115a2d,706972
v1,1790758513847205,UNSAT,94,10728d70e0641a69:0x115a2d,707066
v1,1790758513847321,SAT,77,10728d70e0641a69:0x115a2d,707143
v1,1790758513847537,SAT,69,10728d70e0641a69:0x115a2d,707212
v1,1790758513848040,SAT,359,10728d70e0641a69:0x115a2d,707571
v1,1790758513848088,SAT,25,10728d70e0641a69:0x115a2d,707596
v1,1790758513848270,UNSAT,84,10728d70e0641a69:0x115a2d,707680
v1,1790758513848317,SAT,37,10728d70e0641a69:0x115a2d,707717
v1,1790758513848479,UNSAT,71,10728d70e0641a69:0x115a2d,707788
v1,1790758513848554,SAT,60,10728d70e0641a69:0x115a2d,707848
v1,1790758513848706,SAT,69,10728d70e0641a69:0x115a2d,707917
v1,1790758513850981,SAT,1778,10728d70e0641a69:0x115a2d,709695
v1,1790758513852644,SAT,49,10728d70e0641a69:0x115a2d,709744
v1,1790758513852960,UNSAT,116,10728d70e0641a69:0x115a2d,709860
v1,1790758513852994,SAT,21,10728d70e0641a69:0x115a2d,709881
v1,1790758513853239,UNSAT,100,10728d70e0641a69:0x115a2d,709981
v1,1790758513853341,SAT,56,10728d70e0641a69:0x115a2d,710037
v1,1790758513853526,SAT,58,10728d70e0641a69:0x115a2d,710095
v1,1790758513857295,SAT,3316,10728d70e0641a69:0x115a2d,713411
v1,1790758513860477,SAT,52,10728d70e0641a69:0x115a2d,713463
v1,1790758513860828,UNSAT,121,10728d70e0641a69:0x115a2d,713584
v1,1790758513860865,SAT,24,10728d70e0641a69:0x115a2d,713608
v1,1790758513861113,UNSAT,99,10728d70e0641a69:0x115a2d,713707
v1,1790758513861213,SAT,62,10728d70e0641a69:0x115a2d,713769
v1,1790758513861421,SAT,65,10728d70e0641a69:0x115a2d,713834
v1,1790758513866738,SAT,4768,10728d70e0641a69:0x115a2d,718602
v1,1790758513871383,SAT,51,10728d70e0641a69:0x115a2d,718653
v1,1790758513871744,UNSAT,121,10728d70e0641a69:0x115a2d,718774
v1,1790758513871784,SAT,24,10728d70e0641a69:0x115a2d,718798
v1,1790758513872044,UNSAT,102,10728d70e0641a69:0x115a2d,718900
v1,1790758513872145,SAT,62,10728d70e0641a69:0x115a2d,718962
v1,1790758513872371,SAT,63,10728d70e0641a69:0x115a2d,719025
v1,1790758513872988,SAT,375,10728d70e0641a69:0x115a2d,719400
v1,1790758513873048,SAT,35,10728d70e0641a69:0x115a2d,719435
v1,1790758513873239,UNSAT,79,10728d70e0641a69:0x115a2d,719514
v1,1790758513873284,SAT,24,10728d70e0641a69:0x115a2d,719538
v1,1790758513873452,UNSAT,72,10728d70e0641a69:0x115a2d,719610
v1,1790758513873525,SAT,58,10728d70e0641a69:0x115a2d,719668
v1,1790758513873671,SAT,58,10728d70e0641a69:0x115a2d,719726
v1,1790758513874256,SAT,345,10728d70e0641a69:0x115a2d,720071
v1,1790758513874305,SAT,27,10728d70e0641a69:0x115a2d,720098
v1,1790758513874474,UNSAT,72,10728d70e0641a69:0x115a2d,720170
v1,1790758513874501,SAT,18,10728d70e0641a69:0x115a2d,720188
v1,1790758513874652,UNSAT,62,10728d70e0641a69:0x115a2d,720250
v1,1790758513874723,SAT,53,10728d70e0641a69:0x115a2d,720303
v1,1790758513874865,SAT,59,10728d70e0641a69:0x115a2d,720362
v1,1790758513875348,SAT,356,10728d70e0641a69:0x115a2d,720718
v1,1790758513875407,SAT,27,10728d70e0641a69:0x115a2d,720745
v1,1790758513875669,UNSAT,107,10728d70e0641a69:0x115a2d,720852
v1,1790758513875718,SAT,40,10728d70e0641a69:0x115a2d,720892
v1,1790758513875935,UNSAT,96,10728d70e0641a69:0x115a2d,720988
v1,1790758513876034,SAT,61,10728d70e0641a69:0x115a2d,721049
v1,1790758513876217,SAT,62,10728d70e0641a69:0x115a2d,721111
v1,1790758513876710,SAT,343,10728d70e0641a69:0x115a2d,721454
v1,1790758513876759,SAT,26,10728d70e0641a69:0x115a2d,721480
v1,1790758513876968,UNSAT,95,10728d70e0641a69:0x115a2d,721575
v1,1790758513877004,SAT,24,10728d70e0641a69:0x115a2d,721599
v1,1790758513877240,UNSAT,133,10728d70e0641a69:0x115a2d,721732
v1,1790758513877330,SAT,67,10728d70e0641a69:0x115a2d,721799
v1,1790758513877528,SAT,75,10728d70e0641a69:0x115a2d,721874
v1,1790758513878036,SAT,367,10728d70e0641a69:0x115a2d,722241
v1,1790758513878091,SAT,29,10728d70e0641a69:0x115a2d,722270
v1,1790758513878306,UNSAT,97,10728d70e0641a69:0x115a2d,722367
v1,1790758513878344,SAT,26,10728d70e0641a69:0x115a2d,722393
v1,1790758513878518,UNSAT,71,10728d70e0641a69:0x115a2d,722464
v1,1790758513878589,SAT,55,10728d70e0641a69:0x115a2d,722519
v1,1790758513878739,SAT,58,10728d70e0641a69:0x115a2d,722577
v1,1790758513880986,SAT,1788,10728d70e0641a69:0x115a2d,724365
v1,1790758513882693,SAT,53,10728d70e0641a69:0x115a2d,724418
v1,1790758513883029,UNSAT,116,10728d70e0641a69:0x115a2d,724534
v1,1790758513883075,SAT,32,10728d70e0641a69:0x115a2d,724566
v1,1790758513883371,UNSAT,137,10728d70e0641a69:0x115a2d,724703
v1,1790758513883477,SAT,63,10728d70e0641a69:0x115a2d,724766
v1,1790758513883670,SAT,64,10728d70e0641a69:0x115a2d,724830
v1,1790758513887497,SAT,3321,10728d70e0641a69:0x115a2d,728151
v1,1790758513890658,SAT,50,10728d70e0641a69:0x115a2d,728201
v1,1790758513890988,UNSAT,118,10728d70e0641a69:0x115a2d,728319
v1,1790758513891023,SAT,20,10728d70e0641a69:0x115a2d,728339
v1,1790758513891283,UNSAT,112,10728d70e0641a69:0x115a2d,728451
v1,1790758513891391,SAT,66,10728d70e0641a69:0x115a2d,728517
v1,1790758513891594,SAT,69,10728d70e0641a69:0x115a2d,728586
v1,1790758513896937,SAT,4792,10728d70e0641a69:0x115a2d,733378
v1,1790758513901604,SAT,53,10728d70e0641a69:0x115a2d,733431
v1,1790758513901959,UNSAT,117,10728d70e0641a69:0x115a2d,733548
v1,1790758513902000,SAT,26,10728d70e0641a69:0x115a2d,733574
v1,1790758513902264,UNSAT,105,10728d70e0641a69:0x115a2d,733679
v1,1790758513902369,SAT,61,10728d70e0641a69:0x115a2d,733740
v1,1790758513902566,SAT,61,10728d70e0641a69:0x115a2d,733801
v1,1790758513903146,SAT,360,10728d70e0641a69:0x115a2d,734161
v1,1790758513903194,SAT,24,10728d70e0641a69:0x115a2d,734185
v1,1790758513903402,UNSAT,76,10728d70e0641a69:0x115a2d,734261
v1,1790758513903431,SAT,19,10728d70e0641a69:0x115a2d,734280
v1,1790758513903597,UNSAT,71,10728d70e0641a69:0x115a2d,734351
v1,1790758513903673,SAT,61,10728d70e0641a69:0x115a2d,734412
v1,1790758513903842,SAT,67,10728d70e0641a69:0x115a2d,734479
v1,1790758513904307,SAT,332,10728d70e0641a69:0x115a2d,734811
v1,1790758513904352,SAT,23,10728d70e0641a69:0x115a2d,734834
v1,1790758513904518,UNSAT,69,10728d70e0641a69:0x115a2d,734903
v1,1790758513904546,SAT,19,10728d70e0641a69:0x115a2d,734922
v1,1790758513904697,UNSAT,63,10728d70e0641a69:0x115a2d,734985
v1,1790758513904762,SAT,52,10728d70e0641a69:0x115a2d,735037
v1,1790758513904903,SAT,54,10728d70e0641a69:0x115a2d,735091
v1,1790758513905463,SAT,333,10728d70e0641a69:0x115a2d,735424
v1,1790758513905512,SAT,23,10728d70e0641a69:0x115a2d,735447
v1,1790758513905755,UNSAT,99,10728d70e0641a69:0x115a2d,735546
v1,1790758513905805,SAT,41,10728d70e0641a69:0x115a2d,735587
v1,1790758513906020,UNSAT,96,10728d70e0641a69:0x115a2d,735683
v1,1790758513906112,SAT,55,10728d70e0641a69:0x115a2d,735738
v1,1790758513906294,SAT,69,10728d70e0641a69:0x115a2d,735807
v1,1790758513906819,SAT,333,10728d70e0641a69:0x115a2d,736140
v1,1790758513906868,SAT,25,10728d70e0641a69:0x115a2d,736165
v1,1790758513907060,UNSAT,81,10728d70e0641a69:0x115a2d,736246
v1,1790758513907092,SAT,22,10728d70e0641a69:0x115a2d,736268
v1,1790758513907266,UNSAT,85,10728d70e0641a69:0x115a2d,736353
v1,1790758513907343,SAT,60,10728d70e0641a69:0x115a2d,736413
v1,1790758513907517,SAT,58,10728d70e0641a69:0x115a2d,736471
v1,1790758513909711,SAT,1781,10728d70e0641a69:0x115a2d,738252
v1,1790758513911364,SAT,41,10728d70e0641a69:0x115a2d,738293
v1,1790758513911683,UNSAT,109,10728d70e0641a69:0x115a2d,738402
v1,1790758513911719,SAT,23,10728d70e0641a69:0x115a2d,738425
v1,1790758513911954,UNSAT,94,10728d70e0641a69:0x115a2d,738519
v1,1790758513912056,SAT,63,10728d70e0641a69:0x115a2d,738582
v1,1790758513912253,SAT,70,10728d70e0641a69:0x115a2d,738652
v1,1790758513912823,SAT,358,10728d70e0641a69:0x115a2d,739010
v1,1790758513912870,SAT,23,10728d70e0641a69:0x115a2d,739033
v1,1790758513913053,UNSAT,73,10728d70e0641a69:0x115a2d,739106
v1,1790758513913080,SAT,18,10728d70e0641a69:0x115a2d,739124
v1,1790758513913232,UNSAT,65,10728d70e0641a69:0x115a2d,739189
v1,1790758513913309,SAT,56,10728d70e0641a69:0x115a2d,739245
v1,1790758513913462,SAT,66,10728d70e0641a69:0x115a2d,739311
v1,1790758513917207,SAT,3318,10728d70e0641a69:0x115a2d,742629
v1,1790758513920375,SAT,46,10728d70e0641a69:0x115a2d,742675
v1,1790758513920702,UNSAT,107,10728d70e0641a69:0x115a2d,742782
v1,1790758513920738,SAT,21,10728d70e0641a69:0x115a2d,742803
v1,1790758513920979,UNSAT,93,10728d70e0641a69:0x115a2d,742896
v1,1790758513921081,SAT,62,10728d70e0641a69:0x115a2d,742958
v1,1790758513921290,SAT,78,10728d70e0641a69:0x115a2d,743036
v1,1790758513926558,SAT,4771,10728d70e0641a69:0x115a2d,747807
v1,1790758513931213,SAT,69,10728d70e0641a69:0x115a2d,747876
v1,1790758513931569,UNSAT,113,10728d70e0641a69:0x115a2d,747989
v1,1790758513931603,SAT,20,10728d70e0641a69:0x115a2d,748009
v1,1790758513931851,UNSAT,97,10728d70e0641a69:0x115a2d,748106
v1,1790758513931949,SAT,60,10728d70e0641a69:0x115a2d,748166
v1,1790758513932135,SAT,58,10728d70e0641a69:0x115a2d,748224
v1,1790758513932816,SAT,364,10728d70e0641a69:0x115a2d,748588
v1,1790758513932869,SAT,27,10728d70e0641a69:0x115a2d,748615
v1,1790758513933067,UNSAT,80,10728d70e0641a69:0x115a2d,748695
v1,1790758513933127,SAT,43,10728d70e0641a69:0x115a2d,748738
v1,1790758513933311,UNSAT,85,10728d70e0641a69:0x115a2d,748823
v1,1790758513933396,SAT,66,10728d70e0641a69:0x115a2d,748889
v1,1790758513933553,SAT,59,10728d70e0641a69:0x115a2d,748948
v1,1790758513934317,SAT,361,10728d70e0641a69:0x115a2d,749309
v1,1790758513934382,SAT,39,10728d70e0641a69:0x115a2d,749348
v1,1790758513934566,UNSAT,75,10728d70e0641a69:0x115a2d,749423
v1,1790758513934595,SAT,19,10728d70e0641a69:0x115a2d,749442
v1,1790758513934763,UNSAT,65,10728d70e0641a69:0x115a2d,749507
v1,1790758513934832,SAT,55,10728d70e0641a69:0x115a2d,749562
v1,1790758513934975,SAT,56,10728d70e0641a69:0x115a2d,749618
v1,1790758513935476,SAT,371,10728d70e0641a69:0x115a2d,749989
v1,1790758513935542,SAT,35,10728d70e0641a69:0x115a2d,750024
v1,1790758513935799,UNSAT,104,10728d70e0641a69:0x115a2d,750128
v1,1790758513935837,SAT,26,10728d70e0641a69:0x115a2d,750154
v1,1790758513936032,UNSAT,87,10728d70e0641a69:0x115a2d,750241
v1,1790758513936129,SAT,82,10728d70e0641a69:0x115a2d,750323
v1,1790758513936330,SAT,73,10728d70e0641a69:0x115a2d,750396
v1,1790758513938201,SAT,398,10728d70e0641a69:0x115a2d,750794
v1,1790758513938283,SAT,39,10728d70e0641a69:0x115a2d,750833
v1,1790758513938622,UNSAT,130,10728d70e0641a69:0x115a2d,750963
v1,1790758513938659,SAT,26,10728d70e0641a69:0x115a2d,750989
v1,1790758513938896,UNSAT,113,10728d70e0641a69:0x115a2d,751102
v1,1790758513939009,SAT,61,10728d70e0641a69:0x115a2d,751163
v1,1790758513939192,SAT,59,10728d70e0641a69:0x115a2d,751222
v1,1790758513939719,SAT,373,10728d70e0641a69:0x115a2d,751595
v1,1790758513939773,SAT,30,10728d70e0641a69:0x115a2d,751625
v1,1790758513939983,UNSAT,83,10728d70e0641a69:0x115a2d,751708
v1,1790758513940020,SAT,26,10728d70e0641a69:0x115a2d,751734
v1,1790758513940181,UNSAT,68,10728d70e0641a69:0x115a2d,751802
v1,1790758513940261,SAT,63,10728d70e0641a69:0x115a2d,751865
v1,1790758513940429,SAT,64,10728d70e0641a69:0x115a2d,751929
v1,1790758513942640,SAT,1769,10728d70e0641a69:0x115a2d,753698
v1,1790758513944327,SAT,42,10728d70e0641a69:0x115a2d,753740
v1,1790758513944675,UNSAT,125,10728d70e0641a69:0x115a2d,753865
v1,1790758513944735,SAT,46,10728d70e0641a69:0x115a2d,753911
v1,1790758513944990,UNSAT,104,10728d70e0641a69:0x115a2d,754015
v1,1790758513945096,SAT,57,10728d70e0641a69:0x115a2d,754072
v1,1790758513945295,SAT,66,10728d70e0641a69:0x115a2d,754138
v1,1790758513949142,SAT,3315,10728d70e0641a69:0x115a2d,757453
v1,1790758513952343,SAT,49,10728d70e0641a69:0x115a2d,757502
v1,1790758513952722,UNSAT,129,10728d70e0641a69:0x115a2d,757631
v1,1790758513952757,SAT,22,10728d70e0641a69:0x115a2d,757653
v1,1790758513953027,UNSAT,110,10728d70e0641a69:0x115a2d,757763
v1,1790758513953132,SAT,61,10728d70e0641a69:0x115a2d,757824
v1,1790758513953334,SAT,66,10728d70e0641a69:0x115a2d,757890
v1,1790758513958775,SAT,4846,10728d70e0641a69:0x115a2d,762736
v1,1790758513963453,SAT,48,10728d70e0641a69:0x115a2d,762784
v1,1790758513963828,UNSAT,129,10728d70e0641a69:0x115a2d,762913
v1,1790758513963869,SAT,25,10728d70e0641a69:0x115a2d,762938
v1,1790758513964134,UNSAT,107,10728d70e0641a69:0x115a2d,763045
v1,1790758513964242,SAT,59,10728d70e0641a69:0x115a2d,763104
v1,1790758513964454,SAT,61,10728d70e0641a69:0x115a2d,763165
v1,1790758513965102,SAT,385,10728d70e0641a69:0x115a2d,763550
v1,1790758513965159,SAT,31,10728d70e0641a69:0x115a2d,763581
v1,1790758513965364,UNSAT,76,10728d70e0641a69:0x115a2d,763657
v1,1790758513965399,SAT,24,10728d70e0641a69:0x115a2d,763681
v1,1790758513965559,UNSAT,64,10728d70e0641a69:0x115a2d,763745
v1,1790758513965627,SAT,54,10728d70e0641a69:0x115a2d,763799
v1,1790758513965767,SAT,55,10728d70e0641a69:0x115a2d,763854
v1,1790758513966246,SAT,346,10728d70e0641a69:0x115a2d,764200
v1,1790758513966326,SAT,33,10728d70e0641a69:0x115a2d,764233
v1,1790758513966586,UNSAT,105,10728d70e0641a69:0x115a2d,764338
v1,1790758513966631,SAT,35,10728d70e0641a69:0x115a2d,764373
v1,1790758513966841,UNSAT,92,10728d70e0641a69:0x115a2d,764465
v1,1790758513966932,SAT,54,10728d70e0641a69:0x115a2d,764519
v1,1790758513967100,SAT,56,10728d70e0641a69:0x115a2d,764575
v1,1790758513967569,SAT,342,10728d70e0641a69:0x115a2d,764917
v1,1790758513967627,SAT,33,10728d70e0641a69:0x115a2d,764950
v1,1790758513967817,UNSAT,84,10728d70e0641a69:0x115a2d,765034
v1,1790758513967847,SAT,19,10728d70e0641a69:0x115a2d,765053
v1,1790758513968008,UNSAT,62,10728d70e0641a69:0x115a2d,765115
v1,1790758513968087,SAT,62,10728d70e0641a69:0x115a2d,765177
v1,1790758513968257,SAT,81,10728d70e0641a69:0x115a2d,765258
v1,1790758513968753,SAT,343,10728d70e0641a69:0x115a2d,765601
v1,1790758513968800,SAT,27,10728d70e0641a69:0x115a2d,765628
v1,1790758513968980,UNSAT,73,10728d70e0641a69:0x115a2d,765701
v1,1790758513969010,SAT,21,10728d70e0641a69:0x115a2d,765722
v1,1790758513969171,UNSAT,73,10728d70e0641a69:0x115a2d,765795
v1,1790758513969240,SAT,55,10728d70e0641a69:0x115a2d,765850
v1,1790758513969409,SAT,65,10728d70e0641a69:0x115a2d,765915
v1,1790758513971684,SAT,1778,10728d70e0641a69:0x115a2d,767693
v1,1790758513973355,SAT,52,10728d70e0641a69:0x115a2d,767745
v1,1790758513973706,UNSAT,118,10728d70e0641a69:0x115a2d,767863
v1,1790758513973743,SAT,24,10728d70e0641a69:0x115a2d,767887
v1,1790758513974006,UNSAT,100,10728d70e0641a69:0x115a2d,767987
v1,1790758513974100,SAT,56,10728d70e0641a69:0x115a2d,768043
v1,1790758513974306,SAT,75,10728d70e0641a69:0x115a2d,768118
v1,1790758513978200,SAT,3359,10728d70e0641a69:0x115a2d,771477
v1,1790758513981365,SAT,42,10728d70e0641a69:0x115a2d,771519
v1,1790758513981745,UNSAT,121,10728d70e0641a69:0x115a2d,771640
v1,1790758513981796,SAT,35,10728d70e0641a69:0x115a2d,771675
v1,1790758513982060,UNSAT,105,10728d70e0641a69:0x115a2d,771780
v1,1790758513982158,SAT,58,10728d70e0641a69:0x115a2d,771838
v1,1790758513982378,SAT,61,10728d70e0641a69:0x115a2d,771899
v1,1790758513982903,SAT,358,10728d70e0641a69:0x115a2d,772257
v1,1790758513982955,SAT,29,10728d70e0641a69:0x115a2d,772286
v1,1790758513983143,UNSAT,78,10728d70e0641a69:0x115a2d,772364
v1,1790758513983177,SAT,21,10728d70e0641a69:0x115a2d,772385
v1,1790758513983352,UNSAT,69,10728d70e0641a69:0x115a2d,772454
v1,1790758513983434,SAT,67,10728d70e0641a69:0x115a2d,772521
v1,1790758513983645,SAT,91,10728d70e0641a69:0x115a2d,772612
v1,1790758513989268,SAT,4986,10728d70e0641a69:0x115a2d,777598
v1,1790758513994025,SAT,81,10728d70e0641a69:0x115a2d,777679
v1,1790758513994415,UNSAT,128,10728d70e0641a69:0x115a2d,777807
v1,1790758513994454,SAT,23,10728d70e0641a69:0x115a2d,777830
v1,1790758513994704,UNSAT,97,10728d70e0641a69:0x115a2d,777927
v1,1790758513994798,SAT,56,10728d70e0641a69:0x115a2d,777983
v1,1790758513994995,SAT,63,10728d70e0641a69:0x115a2d,778046
v1,1790758513995586,SAT,371,10728d70e0641a69:0x115a2d,778417
v1,1790758513995646,SAT,35,10728d70e0641a69:0x115a2d,778452
v1,1790758513995836,UNSAT,77,10728d70e0641a69:0x115a2d,778529
v1,1790758513995872,SAT,26,10728d70e0641a69:0x115a2d,778555
v1,1790758513996030,UNSAT,65,10728d70e0641a69:0x115a2d,778620
v1,1790758513996101,SAT,56,10728d70e0641a69:0x115a2d,778676
v1,1790758513996241,SAT,57,10728d70e0641a69:0x115a2d,778733
v1,1790758513996769,SAT,332,10728d70e0641a69:0x115a2d,779065
v1,1790758513996841,SAT,50,10728d70e0641a69:0x115a2d,779115
v1,1790758513997045,UNSAT,93,10728d70e0641a69:0x115a2d,779208
v1,1790758513997084,SAT,23,10728d70e0641a69:0x115a2d,779231
v1,1790758513997266,UNSAT,79,10728d70e0641a69:0x115a2d,779310
v1,1790758513997336,SAT,55,10728d70e0641a69:0x115a2d,779365
v1,1790758513997492,SAT,56,10728d70e0641a69:0x115a2d,779421
v1,1790758513997983,SAT,347,10728d70e0641a69:0x115a2d,779768
v1,1790758513998028,SAT,24,10728d70e0641a69:0x115a2d,779792
v1,1790758513998208,UNSAT,83,10728d70e0641a69:0x115a2d,779875
v1,1790758513998245,SAT,24,10728d70e0641a69:0x115a2d,779899
v1,1790758513998443,UNSAT,84,10728d70e0641a69:0x115a2d,779983
v1,1790758513998527,SAT,60,10728d70e0641a69:0x115a2d,780043
v1,1790758513998681,SAT,59,10728d70e0641a69:0x115a2d,780102
v1,1790758513999212,SAT,349,10728d70e0641a69:0x115a2d,780451
v1,1790758513999275,SAT,33,10728d70e0641a69:0x115a2d,780484
v1,1790758513999599,UNSAT,117,10728d70e0641a69:0x115a2d,780601
v1,1790758513999634,SAT,24,10728d70e0641a69:0x115a2d,780625
v1,1790758513999885,UNSAT,98,10728d70e0641a69:0x115a2d,780723
v1,1790758513999980,SAT,54,10728d70e0641a69:0x115a2d,780777
v1,1790758514000167,SAT,70,10728d70e0641a69:0x115a2d,780847
v1,1790758514000663,SAT,357,10728d70e0641a69:0x115a2d,781204
v1,1790758514000722,SAT,36,10728d70e0641a69:0x115a2d,781240
v1,1790758514000903,UNSAT,76,10728d70e0641a69:0x115a2d,781316
v1,1790758514000934,SAT,22,10728d70e0641a69:0x115a2d,781338
v1,1790758514001088,UNSAT,67,10728d70e0641a69:0x115a2d,781405
v1,1790758514001158,SAT,56,10728d70e0641a69:0x115a2d,781461
v1,1790758514001308,SAT,66,10728d70e0641a69:0x115a2d,781527
v1,1790758514003586,SAT,1793,10728d70e0641a69:0x115a2d,783320
v1,1790758514005236,SAT,49,10728d70e0641a69:0x115a2d,783369
v1,1790758514005566,UNSAT,118,10728d70e0641a69:0x115a2d,783487
v1,1790758514005611,SAT,32,10728d70e0641a69:0x115a2d,783519
v1,1790758514005847,UNSAT,99,10728d70e0641a69:0x115a2d,783618
v1,1790758514005944,SAT,55,10728d70e0641a69:0x115a2d,783673
v1,1790758514006132,SAT,59,10728d70e0641a69:0x115a2d,783732
v1,1790758514009924,SAT,3336,10728d70e0641a69:0x115a2d,787068
v1,1790758514013137,SAT,72,10728d70e0641a69:0x115a2d,787140
v1,1790758514013512,UNSAT,132,10728d70e0641a69:0x115a2d,787272
v1,1790758514013553,SAT,26,10728d70e0641a69:0x115a2d,787298
v1,1790758514013808,UNSAT,98,10728d70e0641a69:0x115a2d,787396
v1,1790758514013906,SAT,57,10728d70e0641a69:0x115a2d,787453
v1,1790758514014092,SAT,60,10728d70e0641a69:0x115a2d,787513
v1,1790758514019409,SAT,4766,10728d70e0641a69:0x115a2d,792279
v1,1790758514024093,SAT,78,10728d70e0641a69:0x115a2d,792357
v1,1790758514024488,UNSAT,123,10728d70e0641a69:0x115a2d,792480
v1,1790758514024543,SAT,38,10728d70e0641a69:0x115a2d,792518
v1,1790758514024882,UNSAT,126,10728d70e0641a69:0x115a2d,792644
v1,1790758514024987,SAT,59,10728d70e0641a69:0x115a2d,792703
v1,1790758514025184,SAT,60,10728d70e0641a69:0x115a2d,792763
v1,1790758514025829,SAT,372,10728d70e0641a69:0x115a2d,793135
v1,1790758514025903,SAT,41,10728d70e0641a69:0x115a2d,793176
v1,1790758514026102,UNSAT,84,10728d70e0641a69:0x115a2d,793260
v1,1790758514026134,SAT,21,10728d70e0641a69:0x115a2d,793281
v1,1790758514026317,UNSAT,86,10728d70e0641a69:0x115a2d,793367
v1,1790758514026394,SAT,61,10728d70e0641a69:0x115a2d,793428
v1,1790758514026544,SAT,63,10728d70e0641a69:0x115a2d,793491
v1,1790758514027114,SAT,338,10728d70e0641a69:0x115a2d,793829
v1,1790758514027163,SAT,27,10728d70e0641a69:0x115a2d,793856
v1,1790758514027348,UNSAT,75,10728d70e0641a69:0x115a2d,793931
v1,1790758514027378,SAT,20,10728d70e0641a69:0x115a2d,793951
v1,1790758514027562,UNSAT,65,10728d70e0641a69:0x115a2d,794016
v1,1790758514027631,SAT,54,10728d70e0641a69:0x115a2d,794070
v1,1790758514027776,SAT,56,10728d70e0641a69:0x115a2d,794126
v1,1790758514028231,SAT,327,10728d70e0641a69:0x115a2d,794453
v1,1790758514028293,SAT,26,10728d70e0641a69:0x115a2d,794479
v1,1790758514028581,UNSAT,112,10728d70e0641a69:0x115a2d,794591
v1,1790758514028622,SAT,30,10728d70e0641a69:0x115a2d,794621
v1,1790758514028850,UNSAT,101,10728d70e0641a69:0x115a2d,794722
v1,1790758514028949,SAT,57,10728d70e0641a69:0x115a2d,794779
v1,1790758514029138,SAT,60,10728d70e0641a69:0x115a2d,794839
v1,1790758514029603,SAT,329,10728d70e0641a69:0x115a2d,795168
v1,1790758514029646,SAT,22,10728d70e0641a69:0x115a2d,795190
v1,1790758514029817,UNSAT,70,10728d70e0641a69:0x115a2d,795260
v1,1790758514029847,SAT,20,10728d70e0641a69:0x115a2d,795280
v1,1790758514029991,UNSAT,61,10728d70e0641a69:0x115a2d,795341
v1,1790758514030056,SAT,52,10728d70e0641a69:0x115a2d,795393
v1,1790758514030190,SAT,56,10728d70e0641a69:0x115a2d,795449
v1,1790758514030631,SAT,313,10728d70e0641a69:0x115a2d,795762
v1,1790758514030671,SAT,21,10728d70e0641a69:0x115a2d,795783
v1,1790758514030835,UNSAT,68,10728d70e0641a69:0x115a2d,795851
v1,1790758514030862,SAT,19,10728d70e0641a69:0x115a2d,795870
v1,1790758514031010,UNSAT,61,10728d70e0641a69:0x115a2d,795931
v1,1790758514031078,SAT,54,10728d70e0641a69:0x115a2d,795985
v1,1790758514031226,SAT,60,10728d70e0641a69:0x115a2d,796045
v1,1790758514033450,SAT,1777,10728d70e0641a69:0x115a2d,797822
v1,1790758514035142,SAT,75,10728d70e0641a69:0x115a2d,797897
v1,1790758514035501,UNSAT,135,10728d70e0641a69:0x115a2d,798032
v1,1790758514035536,SAT,21,10728d70e0641a69:0x115a2d,798053
v1,1790758514035792,UNSAT,104,10728d70e0641a69:0x115a2d,798157
v1,1790758514035902,SAT,59,10728d70e0641a69:0x115a2d,798216
v1,1790758514036105,SAT,69,10728d70e0641a69:0x115a2d,798285
v1,1790758514039951,SAT,3313,10728d70e0641a69:0x115a2d,801598
v1,1790758514043096,SAT,50,10728d70e0641a69:0x115a2d,801648
v1,1790758514043512,UNSAT,122,10728d70e0641a69:0x115a2d,801770
v1,1790758514043565,SAT,37,10728d70e0641a69:0x115a2d,801807
v1,1790758514043828,UNSAT,109,10728d70e0641a69:0x115a2d,801916
v1,1790758514043940,SAT,69,10728d70e0641a69:0x115a2d,801985
v1,1790758514044142,SAT,69,10728d70e0641a69:0x115a2d,802054
v1,1790758514049631,SAT,4919,10728d70e0641a69:0x115a2d,806973
v1,1790758514054336,SAT,52,10728d70e0641a69:0x115a2d,807025
v1,1790758514054717,UNSAT,133,10728d70e0641a69:0x115a2d,807158
v1,1790758514054752,SAT,20,10728d70e0641a69:0x115a2d,807178
v1,1790758514055049,UNSAT,128,10728d70e0641a69:0x115a2d,807306
v1,1790758514055196,SAT,68,10728d70e0641a69:0x115a2d,807374
v1,1790758514055459,SAT,86,10728d70e0641a69:0x115a2d,807460
v1,1790758514056204,SAT,367,10728d70e0641a69:0x115a2d,807827
v1,1790758514056322,SAT,85,10728d70e0641a69:0x115a2d,807912
v1,1790758514056526,UNSAT,80,10728d70e0641a69:0x115a2d,807992
v1,1790758514056573,SAT,36,10728d70e0641a69:0x115a2d,808028
v1,1790758514056769,UNSAT,76,10728d70e0641a69:0x115a2d,808104
v1,1790758514056844,SAT,58,10728d70e0641a69:0x115a2d,808162
v1,1790758514057022,SAT,74,10728d70e0641a69:0x115a2d,808236
v1,1790758514057575,SAT,382,10728d70e0641a69:0x115a2d,808618
v1,1790758514057625,SAT,22,10728d70e0641a69:0x115a2d,808640
v1,1790758514057841,UNSAT,96,10728d70e0641a69:0x115a2d,808736
v1,1790758514057875,SAT,23,10728d70e0641a69:0x115a2d,808759
v1,1790758514058054,UNSAT,71,10728d70e0641a69:0x115a2d,808830
v1,1790758514058129,SAT,57,10728d70e0641a69:0x115a2d,808887
v1,1790758514058297,SAT,68,10728d70e0641a69:0x115a2d,808955
v1,1790758514058967,SAT,399,10728d70e0641a69:0x115a2d,809354
v1,1790758514059036,SAT,34,10728d70e0641a69:0x115a2d,809388
v1,1790758514059369,UNSAT,157,10728d70e0641a69:0x115a2d,809545
v1,1790758514059409,SAT,27,10728d70e0641a69:0x115a2d,809572
v1,1790758514059664,UNSAT,117,10728d70e0641a69:0x115a2d,809689
v1,1790758514059800,SAT,79,10728d70e0641a69:0x115a2d,809768
v1,1790758514060021,SAT,82,10728d70e0641a69:0x115a2d,809850
v1,1790758514060612,SAT,370,10728d70e0641a69:0x115a2d,810220
v1,1790758514060666,SAT,27,10728d70e0641a69:0x115a2d,810247
v1,1790758514060870,UNSAT,77,10728d70e0641a69:0x115a2d,810324
v1,1790758514060900,SAT,20,10728d70e0641a69:0x115a2d,810344
v1,1790758514061065,UNSAT,70,10728d70e0641a69:0x115a2d,810414
v1,1790758514061142,SAT,62,10728d70e0641a69:0x115a2d,810476
v1,1790758514061298,SAT,66,10728d70e0641a69:0x115a2d,810542
v1,1790758514063488,SAT,1772,10728d70e0641a69:0x115a2d,812314
v1,1790758514065175,SAT,63,10728d70e0641a69:0x115a2d,812377
v1,1790758514065533,UNSAT,121,10728d70e0641a69:0x115a2d,812498
v1,1790758514065582,SAT,35,10728d70e0641a69:0x115a2d,812533
v1,1790758514065832,UNSAT,101,10728d70e0641a69:0x115a2d,812634
v1,1790758514065933,SAT,58,10728d70e0641a69:0x115a2d,812692
v1,1790758514066129,SAT,66,10728d70e0641a69:0x115a2d,812758
v1,1790758514066705,SAT,358,10728d70e0641a69:0x115a2d,813116
v1,1790758514066755,SAT,25,10728d70e0641a69:0x115a2d,813141
v1,1790758514066954,UNSAT,77,10728d70e0641a69:0x115a2d,813218
v1,1790758514066986,SAT,22,10728d70e0641a69:0x115a2d,813240
v1,1790758514067153,UNSAT,73,10728d70e0641a69:0x115a2d,813313
v1,1790758514067225,SAT,57,10728d70e0641a69:0x115a2d,813370
v1,1790758514067374,SAT,56,10728d70e0641a69:0x115a2d,813426
v1,1790758514071165,SAT,3353,10728d70e0641a69:0x115a2d,816779
v1,1790758514074351,SAT,47,10728d70e0641a69:0x115a2d,816826
v1,1790758514074708,UNSAT,122,10728d70e0641a69:0x115a2d,816948
v1,1790758514074744,SAT,21,10728d70e0641a69:0x115a2d,816969
v1,1790758514075013,UNSAT,104,10728d70e0641a69:0x115a2d,817073
v1,1790758514075112,SAT,58,10728d70e0641a69:0x115a2d,817131
v1,1790758514075308,SAT,68,10728d70e0641a69:0x115a2d,817199
v1,1790758514080588,SAT,4768,10728d70e0641a69:0x115a2d,821967
v1,1790758514085268,SAT,94,10728d70e0641a69:0x115a2d,822061
v1,1790758514085651,UNSAT,127,10728d70e0641a69:0x115a2d,822188
v1,1790758514085689,SAT,23,10728d70e0641a69:0x115a2d,822211
v1,1790758514085956,UNSAT,104,10728d70e0641a69:0x115a2d,822315
v1,1790758514086055,SAT,57,10728d70e0641a69:0x115a2d,822372
v1,1790758514086272,SAT,75,10728d70e0641a69:0x115a2d,822447
v1,1790758514086950,SAT,368,10728d70e0641a69:0x115a2d,822815
v1,1790758514087007,SAT,30,10728d70e0641a69:0x115a2d,822845
v1,1790758514087210,UNSAT,87,10728d70e0641a69:0x115a2d,822932
v1,1790758514087239,SAT,19,10728d70e0641a69:0x115a2d,822951
v1,1790758514087402,UNSAT,69,10728d70e0641a69:0x115a2d,823020
v1,1790758514087479,SAT,62,10728d70e0641a69:0x115a2d,823082
v1,1790758514087640,SAT,62,10728d70e0641a69:0x115a2d,823144
v1,1790758514088101,SAT,324,10728d70e0641a69:0x115a2d,823468
v1,1790758514088147,SAT,24,10728d70e0641a69:0x115a2d,823492
v1,1790758514088322,UNSAT,71,10728d70e0641a69:0x115a2d,823563
v1,1790758514088349,SAT,18,10728d70e0641a69:0x115a2d,823581
v1,1790758514088495,UNSAT,61,10728d70e0641a69:0x115a2d,823642
v1,1790758514088559,SAT,51,10728d70e0641a69:0x115a2d,823693
v1,1790758514088713,SAT,65,10728d70e0641a69:0x115a2d,823758
v1,1790758514089172,SAT,326,10728d70e0641a69:0x115a2d,824084
v1,1790758514089215,SAT,22,10728d70e0641a69:0x115a2d,824106
v1,1790758514089388,UNSAT,71,10728d70e0641a69:0x115a2d,824177
v1,1790758514089418,SAT,21,10728d70e0641a69:0x115a2d,824198
v1,1790758514089574,UNSAT,69,10728d70e0641a69:0x115a2d,824267
v1,1790758514089642,SAT,55,10728d70e0641a69:0x115a2d,824322
v1,1790758514089785,SAT,57,10728d70e0641a69:0x115a2d,824379
v1,1790758514090602,SAT,345,10728d70e0641a69:0x115a2d,824724
v1,1790758514090663,SAT,28,10728d70e0641a69:0x115a2d,824752
v1,1790758514090916,UNSAT,100,10728d70e0641a69:0x115a2d,824852
v1,1790758514090953,SAT,27,10728d70e0641a69:0x115a2d,824879
v1,1790758514091169,UNSAT,98,10728d70e0641a69:0x115a2d,824977
v1,1790758514091281,SAT,78,10728d70e0641a69:0x115a2d,825055
v1,1790758514091493,SAT,69,10728d70e0641a69:0x115a2d,825124
v1,1790758514091964,SAT,331,10728d70e0641a69:0x115a2d,825455
v1,1790758514092016,SAT,30,10728d70e0641a69:0x115a2d,825485
v1,1790758514092214,UNSAT,83,10728d70e0641a69:0x115a2d,825568
v1,1790758514092261,SAT,36,10728d70e0641a69:0x115a2d,825604
v1,1790758514092429,UNSAT,68,10728d70e0641a69:0x115a2d,825672
v1,1790758514092503,SAT,59,10728d70e0641a69:0x115a2d,825731
v1,1790758514092659,SAT,62,10728d70e0641a69:0x115a2d,825793
v1,1790758514094845,SAT,1758,10728d70e0641a69:0x115a2d,827551
v1,1790758514096510,SAT,41,10728d70e0641a69:0x115a2d,827592
v1,1790758514096817,UNSAT,106,10728d70e0641a69:0x115a2d,827698
v1,1790758514097069,SAT,239,10728d70e0641a69:0x115a2d,827937
v1,1790758514097345,UNSAT,102,10728d70e0641a69:0x115a2d,828039
v1,1790758514097442,SAT,59,10728d70e0641a69:0x115a2d,828098
v1,1790758514097653,SAT,65,10728d70e0641a69:0x115a2d,828163
v1,1790758514101579,SAT,3415,10728d70e0641a69:0x115a2d,831578
v1,1790758514104749,SAT,59,10728d70e0641a69:0x115a2d,831637
v1,1790758514105115,UNSAT,121,10728d70e0641a69:0x115a2d,831758
v1,1790758514105173,SAT,43,10728d70e0641a69:0x115a2d,831801
v1,1790758514105427,UNSAT,96,10728d70e0641a69:0x115a2d,831897
v1,1790758514105520,SAT,57,10728d70e0641a69:0x115a2d,831954
v1,1790758514105715,SAT,62,10728d70e0641a69:0x115a2d,832016
v1,1790758514111068,SAT,4786,10728d70e0641a69:0x115a2d,836802
v1,1790758514115802,SAT,131,10728d70e0641a69:0x115a2d,836933
v1,1790758514116162,UNSAT,128,10728d70e0641a69:0x115a2d,837061
v1,1790758514116198,SAT,21,10728d70e0641a69:0x115a2d,837082
v1,1790758514116448,UNSAT,94,10728d70e0641a69:0x115a2d,837176
v1,1790758514116552,SAT,67,10728d70e0641a69:0x115a2d,837243
v1,1790758514116749,SAT,73,10728d70e0641a69:0x115a2d,837316
v1,1790758514117378,SAT,366,10728d70e0641a69:0x115a2d,837682
v1,1790758514117441,SAT,37,10728d70e0641a69:0x115a2d,837719
v1,1790758514117646,UNSAT,80,10728d70e0641a69:0x115a2d,837799
v1,1790758514117674,SAT,18,10728d70e0641a69:0x115a2d,837817
v1,1790758514117833,UNSAT,63,10728d70e0641a69:0x115a2d,837880
v1,1790758514117913,SAT,66,10728d70e0641a69:0x115a2d,837946
v1,1790758514118062,SAT,56,10728d70e0641a69:0x115a2d,838002
v1,1790758514118538,SAT,344,10728d70e0641a69:0x115a2d,838346
v1,1790758514118591,SAT,25,10728d70e0641a69:0x115a2d,838371
v1,1790758514118843,UNSAT,110,10728d70e0641a69:0x115a2d,838481
v1,1790758514118877,SAT,24,10728d70e0641a69:0x115a2d,838505
v1,1790758514119100,UNSAT,104,10728d70e0641a69:0x115a2d,838609
v1,1790758514119198,SAT,59,10728d70e0641a69:0x115a2d,838668
v1,1790758514119390,SAT,63,10728d70e0641a69:0x115a2d,838731
v1,1790758514119865,SAT,340,10728d70e0641a69:0x115a2d,839071
v1,1790758514119913,SAT,26,10728d70e0641a69:0x115a2d,839097
v1,1790758514120086,UNSAT,78,10728d70e0641a69:0x115a2d,839175
v1,1790758514120122,SAT,26,10728d70e0641a69:0x115a2d,839201
v1,1790758514120295,UNSAT,89,10728d70e0641a69:0x115a2d,839290
v1,1790758514120368,SAT,58,10728d70e0641a69:0x115a2d,839348
v1,1790758514120524,SAT,67,10728d70e0641a69:0x115a2d,839415
v1,1790758514120971,SAT,328,10728d70e0641a69:0x115a2d,839743
v1,1790758514121014,SAT,23,10728d70e0641a69:0x115a2d,839766
v1,1790758514121183,UNSAT,69,10728d70e0641a69:0x115a2d,839835
v1,1790758514121211,SAT,20,10728d70e0641a69:0x115a2d,839855
v1,1790758514121367,UNSAT,62,10728d70e0641a69:0x115a2d,839917
v1,1790758514121435,SAT,53,10728d70e0641a69:0x115a2d,839970
v1,1790758514121584,SAT,57,10728d70e0641a69:0x115a2d,840027
v1,1790758514123850,SAT,1770,10728d70e0641a69:0x115a2d,841797
v1,1790758514125491,SAT,35,10728d70e0641a69:0x115a2d,841832
v1,1790758514125812,UNSAT,122,10728d70e0641a69:0x115a2d,841954
v1,1790758514125848,SAT,23,10728d70e0641a69:0x115a2d,841977
v1,1790758514126086,UNSAT,98,10728d70e0641a69:0x115a2d,842075
v1,1790758514126189,SAT,60,10728d70e0641a69:0x115a2d,842135
v1,1790758514126383,SAT,60,10728d70e0641a69:0x115a2d,842195
v1,1790758514130130,SAT,3245,10728d70e0641a69:0x115a2d,845440
v1,1790758514133300,SAT,77,10728d70e0641a69:0x115a2d,845517
v1,1790758514133636,UNSAT,115,10728d70e0641a69:0x115a2d,845632
v1,1790758514133669,SAT,20,10728d70e0641a69:0x115a2d,845652
v1,1790758514133913,UNSAT,96,10728d70e0641a69:0x115a2d,845748
v1,1790758514134009,SAT,58,10728d70e0641a69:0x115a2d,845806
v1,1790758514134216,SAT,68,10728d70e0641a69:0x115a2d,845874
v1,1790758514134735,SAT,362,10728d70e0641a69:0x115a2d,846236
v1,1790758514134809,SAT,51,10728d70e0641a69:0x115a2d,846287
v1,1790758514134999,UNSAT,81,10728d70e0641a69:0x115a2d,846368
v1,1790758514135029,SAT,20,10728d70e0641a69:0x115a2d,846388
v1,1790758514135194,UNSAT,75,10728d70e0641a69:0x115a2d,846463
v1,1790758514135279,SAT,70,10728d70e0641a69:0x115a2d,846533
v1,1790758514135435,SAT,64,10728d70e0641a69:0x115a2d,846597
v1,1790758514140842,SAT,4870,10728d70e0641a69:0x115a2d,851467
v1,1790758514145528,SAT,72,10728d70e0641a69:0x115a2d,851539
v1,1790758514145895,UNSAT,118,10728d70e0641a69:0x115a2d,851657
v1,1790758514145966,SAT,57,10728d70e0641a69:0x115a2d,851714
v1,1790758514146225,UNSAT,99,10728d70e0641a69:0x115a2d,851813
v1,1790758514146339,SAT,66,10728d70e0641a69:0x115a2d,851879
v1,1790758514146535,SAT,63,10728d70e0641a69:0x115a2d,851942
v1,1790758514147140,SAT,370,10728d70e0641a69:0x115a2d,852312
v1,1790758514147206,SAT,41,10728d70e0641a69:0x115a2d,852353
v1,1790758514147405,UNSAT,87,10728d70e0641a69:0x115a2d,852440
v1,1790758514147442,SAT,27,10728d70e0641a69:0x115a2d,852467
v1,1790758514147691,UNSAT,155,10728d70e0641a69:0x115a2d,852622
v1,1790758514147772,SAT,65,10728d70e0641a69:0x115a2d,852687
v1,1790758514147933,SAT,63,10728d70e0641a69:0x115a2d,852750
v1,1790758514148492,SAT,363,10728d70e0641a69:0x115a2d,853113
v1,1790758514148545,SAT,27,10728d70e0641a69:0x115a2d,853140
v1,1790758514148728,UNSAT,72,10728d70e0641a69:0x115a2d,853212
v1,1790758514148757,SAT,18,10728d70e0641a69:0x115a2d,853230
v1,1790758514148945,UNSAT,75,10728d70e0641a69:0x115a2d,853305
v1,1790758514149020,SAT,60,10728d70e0641a69:0x115a2d,853365
v1,1790758514149172,SAT,63,10728d70e0641a69:0x115a2d,853428
v1,1790758514149635,SAT,328,10728d70e0641a69:0x115a2d,853756
v1,1790758514149683,SAT,27,10728d70e0641a69:0x115a2d,853783
v1,1790758514149857,UNSAT,72,10728d70e0641a69:0x115a2d,853855
v1,1790758514149891,SAT,25,10728d70e0641a69:0x115a2d,853880
v1,1790758514150035,UNSAT,61,10728d70e0641a69:0x115a2d,853941
v1,1790758514150103,SAT,55,10728d70e0641a69:0x115a2d,853996
v1,1790758514150243,SAT,56,10728d70e0641a69:0x115a2d,854052
v1,1790758514150772,SAT,345,10728d70e0641a69:0x115a2d,854397
v1,1790758514150858,SAT,56,10728d70e0641a69:0x115a2d,854453
v1,1790758514151127,UNSAT,111,10728d70e0641a69:0x115a2d,854564
v1,1790758514151162,SAT,25,10728d70e0641a69:0x115a2d,854589
v1,1790758514151412,UNSAT,101,10728d70e0641a69:0x115a2d,854690
v1,1790758514151518,SAT,64,10728d70e0641a69:0x115a2d,854754
v1,1790758514151714,SAT,69,10728d70e0641a69:0x115a2d,854823
v1,1790758514152200,SAT,341,10728d70e0641a69:0x115a2d,855164
v1,1790758514152256,SAT,33,10728d70e0641a69:0x115a2d,855197
v1,1790758514152441,UNSAT,74,10728d70e0641a69:0x115a2d,855271
v1,1790758514152470,SAT,20,10728d70e0641a69:0x115a2d,855291
v1,1790758514152627,UNSAT,62,10728d70e0641a69:0x115a2d,855353
v1,1790758514152694,SAT,53,10728d70e0641a69:0x115a2d,855406
v1,1790758514152835,SAT,56,10728d70e0641a69:0x115a2d,855462
v1,1790758514155134,SAT,1767,10728d70e0641a69:0x115a2d,857229
v1,1790758514156788,SAT,46,10728d70e0641a69:0x115a2d,857275
v1,1790758514157118,UNSAT,116,10728d70e0641a69:0x115a2d,857391
v1,1790758514157151,SAT,19,10728d70e0641a69:0x115a2d,857410
v1,1790758514157452,UNSAT,112,10728d70e0641a69:0x115a2d,857522
v1,1790758514157556,SAT,60,10728d70e0641a69:0x115a2d,857582
v1,1790758514157750,SAT,65,10728d70e0641a69:0x115a2d,857647
v1,1790758514161472,SAT,3278,10728d70e0641a69:0x115a2d,860925
v1,1790758514164630,SAT,74,10728d70e0641a69:0x115a2d,860999
v1,1790758514164964,UNSAT,115,10728d70e0641a69:0x115a2d,861114
v1,1790758514165001,SAT,21,10728d70e0641a69:0x115a2d,861135
v1,1790758514165287,UNSAT,125,10728d70e0641a69:0x115a2d,861260
v1,1790758514165385,SAT,57,10728d70e0641a69:0x115a2d,861317
v1,1790758514165590,SAT,69,10728d70e0641a69:0x115a2d,861386
v1,1790758514170943,SAT,4811,10728d70e0641a69:0x115a2d,866197
v1,1790758514175614,SAT,70,10728d70e0641a69:0x115a2d,866267
v1,1790758514175994,UNSAT,122,10728d70e0641a69:0x115a2d,866389
v1,1790758514176054,SAT,45,10728d70e0641a69:0x115a2d,866434
v1,1790758514176333,UNSAT,112,10728d70e0641a69:0x115a2d,866546
v1,1790758514176443,SAT,67,10728d70e0641a69:0x115a2d,866613
v1,1790758514177245,SAT,636,10728d70e0641a69:0x115a2d,867249
v1,1790758514177947,SAT,410,10728d70e0641a69:0x115a2d,867659
v1,1790758514178020,SAT,41,10728d70e0641a69:0x115a2d,867700
v1,1790758514178298,UNSAT,114,10728d70e0641a69:0x115a2d,867814
v1,1790758514178338,SAT,25,10728d70e0641a69:0x115a2d,867839
v1,1790758514178524,UNSAT,78,10728d70e0641a69:0x115a2d,867917
v1,1790758514178616,SAT,70,10728d70e0641a69:0x115a2d,867987
v1,1790758514178806,SAT,73,10728d70e0641a69:0x115a2d,868060
v1,1790758514179464,SAT,373,10728d70e0641a69:0x115a2d,868433
v1,1790758514179533,SAT,39,10728d70e0641a69:0x115a2d,868472
v1,1790758514179774,UNSAT,94,10728d70e0641a69:0x115a2d,868566
v1,1790758514179993,SAT,41,10728d70e0641a69:0x115a2d,868607
v1,1790758514180256,UNSAT,90,10728d70e0641a69:0x115a2d,868697
v1,1790758514180453,SAT,123,10728d70e0641a69:0x115a2d,868820
v1,1790758514180780,SAT,109,10728d70e0641a69:0x115a2d,868929
v1,1790758514181510,SAT,454,10728d70e0641a69:0x115a2d,869383
v1,1790758514181589,SAT,38,10728d70e0641a69:0x115a2d,869421
v1,1790758514181889,UNSAT,105,10728d70e0641a69:0x115a2d,869526
v1,1790758514181925,SAT,24,10728d70e0641a69:0x115a2d,869550
v1,1790758514182152,UNSAT,98,10728d70e0641a69:0x115a2d,869648
v1,1790758514182309,SAT,118,10728d70e0641a69:0x115a2d,869766
v1,1790758514182601,SAT,93,10728d70e0641a69:0x115a2d,869859
v1,1790758514183125,SAT,350,10728d70e0641a69:0x115a2d,870209
v1,1790758514183176,SAT,25,10728d70e0641a69:0x115a2d,870234
v1,1790758514183375,UNSAT,84,10728d70e0641a69:0x115a2d,870318
v1,1790758514183416,SAT,30,10728d70e0641a69:0x115a2d,870348
v1,1790758514183583,UNSAT,76,10728d70e0641a69:0x115a2d,870424
v1,1790758514183653,SAT,55,10728d70e0641a69:0x115a2d,870479
v1,1790758514183810,SAT,62,10728d70e0641a69:0x115a2d,870541
v1,1790758514184318,SAT,354,10728d70e0641a69:0x115a2d,870895
v1,1790758514184412,SAT,68,10728d70e0641a69:0x115a2d,870963
v1,1790758514184604,UNSAT,82,10728d70e0641a69:0x115a2d,871045
v1,1790758514184676,SAT,39,10728d70e0641a69:0x115a2d,871084
v1,1790758514184907,UNSAT,87,10728d70e0641a69:0x115a2d,871171
v1,1790758514184996,SAT,70,10728d70e0641a69:0x115a2d,871241
v1,1790758514185168,SAT,65,10728d70e0641a69:0x115a2d,871306
v1,1790758514187587,SAT,1888,10728d70e0641a69:0x115a2d,873194
v1,1790758514189347,SAT,43,10728d70e0641a69:0x115a2d,873237
v1,1790758514189727,UNSAT,140,10728d70e0641a69:0x115a2d,873377
v1,1790758514190305,SAT,560,10728d70e0641a69:0x115a2d,873937
v1,1790758514190648,UNSAT,122,10728d70e0641a69:0x115a2d,874059
v1,1790758514190766,SAT,75,10728d70e0641a69:0x115a2d,874134
v1,1790758514191074,SAT,92,10728d70e0641a69:0x115a2d,874226
v1,1790758514195173,SAT,3499,10728d70e0641a69:0x115a2d,877725
v1,1790758514198446,SAT,45,10728d70e0641a69:0x115a2d,877770
v1,1790758514198793,UNSAT,114,10728d70e0641a69:0x115a2d,877884
v1,1790758514198899,SAT,91,10728d70e0641a69:0x115a2d,877975
v1,1790758514199314,UNSAT,257,10728d70e0641a69:0x115a2d,878232
v1,1790758514199523,SAT,110,10728d70e0641a69:0x115a2d,878342
v1,1790758514199904,SAT,105,10728d70e0641a69:0x115a2d,878447
v1,1790758514205442,SAT,4836,10728d70e0641a69:0x115a2d,883283
v1,1790758514210199,SAT,70,10728d70e0641a69:0x115a2d,883353
v1,1790758514210573,UNSAT,117,10728d70e0641a69:0x115a2d,883470
v1,1790758514210615,SAT,25,10728d70e0641a69:0x115a2d,883495
v1,1790758514210859,UNSAT,96,10728d70e0641a69:0x115a2d,883591
v1,1790758514210956,SAT,59,10728d70e0641a69:0x115a2d,883650
v1,1790758514211156,SAT,68,10728d70e0641a69:0x115a2d,883718
v1,1790758514211769,SAT,368,10728d70e0641a69:0x115a2d,884086
v1,1790758514211857,SAT,55,10728d70e0641a69:0x115a2d,884141
v1,1790758514212063,UNSAT,91,10728d70e0641a69:0x115a2d,884232
v1,1790758514212345,SAT,271,10728d70e0641a69:0x115a2d,884503
v1,1790758514212672,UNSAT,127,10728d70e0641a69:0x115a2d,884630
v1,1790758514212784,SAT,85,10728d70e0641a69:0x115a2d,884715
v1,1790758514213027,SAT,98,10728d70e0641a69:0x115a2d,884813
v1,1790758514213679,SAT,447,10728d70e0641a69:0x115a2d,885260
v1,1790758514213746,SAT,31,10728d70e0641a69:0x115a2d,885291
v1,1790758514213941,UNSAT,76,10728d70e0641a69:0x115a2d,885367
v1,1790758514213975,SAT,23,10728d70e0641a69:0x115a2d,885390
v1,1790758514214152,UNSAT,79,10728d70e0641a69:0x115a2d,885469
v1,1790758514214221,SAT,54,10728d70e0641a69:0x115a2d,885523
v1,1790758514214391,SAT,58,10728d70e0641a69:0x115a2d,885581
v1,1790758514214977,SAT,341,10728d70e0641a69:0x115a2d,885922
v1,1790758514215031,SAT,22,10728d70e0641a69:0x115a2d,885944
v1,1790758514215324,UNSAT,127,10728d70e0641a69:0x115a2d,886071
v1,1790758514215382,SAT,31,10728d70e0641a69:0x115a2d,886102
v1,1790758514215634,UNSAT,104,10728d70e0641a69:0x115a2d,886206
v1,1790758514215736,SAT,58,10728d70e0641a69:0x115a2d,886264
v1,1790758514215918,SAT,58,10728d70e0641a69:0x115a2d,886322
v1,1790758514216471,SAT,372,10728d70e0641a69:0x115a2d,886694
v1,1790758514217364,SAT,862,10728d70e0641a69:0x115a2d,887556
v1,1790758514217776,UNSAT,136,10728d70e0641a69:0x115a2d,887692
v1,1790758514217848,SAT,42,10728d70e0641a69:0x115a2d,887734
v1,1790758514218160,UNSAT,123,10728d70e0641a69:0x115a2d,887857
v1,1790758514218339,SAT,142,10728d70e0641a69:0x115a2d,887999
v1,1790758514218570,SAT,75,10728d70e0641a69:0x115a2d,888074
v1,1790758514220824,SAT,1797,10728d70e0641a69:0x115a2d,889871
v1,1790758514222546,SAT,49,10728d70e0641a69:0x115a2d,889920
v1,1790758514222916,UNSAT,127,10728d70e0641a69:0x115a2d,890047
v1,1790758514222965,SAT,37,10728d70e0641a69:0x115a2d,890084
v1,1790758514223234,UNSAT,114,10728d70e0641a69:0x115a2d,890198
v1,1790758514223352,SAT,64,10728d70e0641a69:0x115a2d,890262
v1,1790758514223559,SAT,65,10728d70e0641a69:0x115a2d,890327
v1,1790758514224149,SAT,364,10728d70e0641a69:0x115a2d,890691
v1,1790758514224204,SAT,27,10728d70e0641a69:0x115a2d,890718
v1,1790758514224431,UNSAT,87,10728d70e0641a69:0x115a2d,890805
v1,1790758514224474,SAT,30,10728d70e0641a69:0x115a2d,890835
v1,1790758514224648,UNSAT,73,10728d70e0641a69:0x115a2d,890908
v1,1790758514224773,SAT,110,10728d70e0641a69:0x115a2d,891018
v1,1790758514224991,SAT,81,10728d70e0641a69:0x115a2d,891099
v1,1790758514229001,SAT,3357,10728d70e0641a69:0x115a2d,894456
v1,1790758514232266,SAT,91,10728d70e0641a69:0x115a2d,894547
v1,1790758514232717,UNSAT,142,10728d70e0641a69:0x115a2d,894689
v1,1790758514232768,SAT,33,10728d70e0641a69:0x115a2d,894722
v1,1790758514233047,UNSAT,113,10728d70e0641a69:0x115a2d,894835
v1,1790758514233209,SAT,114,10728d70e0641a69:0x115a2d,894949
v1,1790758514233431,SAT,66,10728d70e0641a69:0x115a2d,895015
v1,1790758514238900,SAT,4921,10728d70e0641a69:0x115a2d,899936
v1,1790758514243748,SAT,72,10728d70e0641a69:0x115a2d,900008
v1,1790758514244182,UNSAT,149,10728d70e0641a69:0x115a2d,900157
v1,1790758514244230,SAT,30,10728d70e0641a69:0x115a2d,900187
v1,1790758514244510,UNSAT,110,10728d70e0641a69:0x115a2d,900297
v1,1790758514244622,SAT,66,10728d70e0641a69:0x115a2d,900363
v1,1790758514244823,SAT,66,10728d70e0641a69:0x115a2d,900429
v1,1790758514245514,SAT,380,10728d70e0641a69:0x115a2d,900809
v1,1790758514245566,SAT,25,10728d70e0641a69:0x115a2d,900834
v1,1790758514245756,UNSAT,80,10728d70e0641a69:0x115a2d,900914
v1,1790758514245788,SAT,23,10728d70e0641a69:0x115a2d,900937
v1,1790758514245950,UNSAT,66,10728d70e0641a69:0x115a2d,901003
v1,1790758514246019,SAT,54,10728d70e0641a69:0x115a2d,901057
v1,1790758514246176,SAT,66,10728d70e0641a69:0x115a2d,901123
v1,1790758514246665,SAT,341,10728d70e0641a69:0x115a2d,901464
v1,1790758514246718,SAT,29,10728d70e0641a69:0x115a2d,901493
v1,1790758514246898,UNSAT,78,10728d70e0641a69:0x115a2d,901571
v1,1790758514246936,SAT,28,10728d70e0641a69:0x115a2d,901599
v1,1790758514247092,UNSAT,69,10728d70e0641a69:0x115a2d,901668
v1,1790758514247169,SAT,59,10728d70e0641a69:0x115a2d,901727
v1,1790758514247350,SAT,62,10728d70e0641a69:0x115a2d,901789
v1,1790758514247827,SAT,343,10728d70e0641a69:0x115a2d,902132
v1,1790758514247877,SAT,24,10728d70e0641a69:0x115a2d,902156
v1,1790758514248054,UNSAT,76,10728d70e0641a69:0x115a2d,902232
v1,1790758514248088,SAT,24,10728d70e0641a69:0x115a2d,902256
v1,1790758514248237,UNSAT,66,10728d70e0641a69:0x115a2d,902322
v1,1790758514248317,SAT,58,10728d70e0641a69:0x115a2d,902380
v1,1790758514248467,SAT,60,10728d70e0641a69:0x115a2d,902440
v1,1790758514249307,SAT,368,10728d70e0641a69:0x115a2d,902808
v1,1790758514249368,SAT,24,10728d70e0641a69:0x115a2d,902832
v1,1790758514249629,UNSAT,105,10728d70e0641a69:0x115a2d,902937
v1,1790758514249684,SAT,43,10728d70e0641a69:0x115a2d,902980
v1,1790758514249902,UNSAT,95,10728d70e0641a69:0x115a2d,903075
v1,1790758514249995,SAT,58,10728d70e0641a69:0x115a2d,903133
v1,1790758514250174,SAT,62,10728d70e0641a69:0x115a2d,903195
v1,1790758514250667,SAT,343,10728d70e0641a69:0x115a2d,903538
v1,1790758514250713,SAT,24,10728d70e0641a69:0x115a2d,903562
v1,1790758514250895,UNSAT,75,10728d70e0641a69:0x115a2d,903637
v1,1790758514250931,SAT,26,10728d70e0641a69:0x115a2d,903663
v1,1790758514251086,UNSAT,66,10728d70e0641a69:0x115a2d,903729
v1,1790758514251157,SAT,57,10728d70e0641a69:0x115a2d,903786
v1,1790758514251312,SAT,66,10728d70e0641a69:0x115a2d,903852
v1,1790758514253516,SAT,1780,10728d70e0641a69:0x115a2d,905632
v1,1790758514255168,SAT,51,10728d70e0641a69:0x115a2d,905683
v1,1790758514255507,UNSAT,112,10728d70e0641a69:0x115a2d,905795
v1,1790758514255543,SAT,22,10728d70e0641a69:0x115a2d,905817
v1,1790758514255783,UNSAT,97,10728d70e0641a69:0x115a2d,905914
v1,1790758514255879,SAT,59,10728d70e0641a69:0x115a2d,905973
v1,1790758514256066,SAT,62,10728d70e0641a69:0x115a2d,906035
v1,1790758514259955,SAT,3349,10728d70e0641a69:0x115a2d,909384
v1,1790758514263140,SAT,58,10728d70e0641a69:0x115a2d,909442
v1,1790758514263492,UNSAT,117,10728d70e0641a69:0x115a2d,909559
v1,1790758514263539,SAT,29,10728d70e0641a69:0x115a2d,909588
v1,1790758514263799,UNSAT,99,10728d70e0641a69:0x115a2d,909687
v1,1790758514263899,SAT,62,10728d70e0641a69:0x115a2d,909749
v1,1790758514264085,SAT,62,10728d70e0641a69:0x115a2d,909811
v1,1790758514269506,SAT,4844,10728d70e0641a69:0x115a2d,914655
v1,1790758514274260,SAT,141,10728d70e0641a69:0x115a2d,914796
v1,1790758514274646,UNSAT,120,10728d70e0641a69:0x115a2d,914916
v1,1790758514274701,SAT,40,10728d70e0641a69:0x115a2d,914956
v1,1790758514274964,UNSAT,104,10728d70e0641a69:0x115a2d,915060
v1,1790758514275062,SAT,61,10728d70e0641a69:0x115a2d,915121
v1,1790758514275274,SAT,81,10728d70e0641a69:0x115a2d,915202
v1,1790758514275922,SAT,369,10728d70e0641a69:0x115a2d,915571
v1,1790758514275975,SAT,28,10728d70e0641a69:0x115a2d,915599
v1,1790758514276168,UNSAT,84,10728d70e0641a69:0x115a2d,915683
v1,1790758514276201,SAT,23,10728d70e0641a69:0x115a2d,915706
v1,1790758514276361,UNSAT,68,10728d70e0641a69:0x115a2d,915774
v1,1790758514276432,SAT,57,10728d70e0641a69:0x115a2d,915831
v1,1790758514276588,SAT,68,10728d70e0641a69:0x115a2d,915899
v1,1790758514277068,SAT,343,10728d70e0641a69:0x115a2d,916242
v1,1790758514277116,SAT,22,10728d70e0641a69:0x115a2d,916264
v1,1790758514277371,UNSAT,107,10728d70e0641a69:0x115a2d,916371
v1,1790758514277405,SAT,24,10728d70e0641a69:0x115a2d,916395
v1,1790758514277624,UNSAT,93,10728d70e0641a69:0x115a2d,916488
v1,1790758514277719,SAT,54,10728d70e0641a69:0x115a2d,916542
v1,1790758514277937,SAT,70,10728d70e0641a69:0x115a2d,916612
v1,1790758514278427,SAT,353,10728d70e0641a69:0x115a2d,916965
v1,1790758514278471,SAT,22,10728d70e0641a69:0x115a2d,916987
v1,1790758514278648,UNSAT,80,10728d70e0641a69:0x115a2d,917067
v1,1790758514278681,SAT,23,10728d70e0641a69:0x115a2d,917090
v1,1790758514278829,UNSAT,63,10728d70e0641a69:0x115a2d,917153
v1,1790758514278899,SAT,56,10728d70e0641a69:0x115a2d,917209
v1,1790758514279038,SAT,56,10728d70e0641a69:0x115a2d,917265
v1,1790758514279522,SAT,358,10728d70e0641a69:0x115a2d,917623
v1,1790758514279575,SAT,28,10728d70e0641a69:0x115a2d,917651
v1,1790758514279756,UNSAT,77,10728d70e0641a69:0x115a2d,917728
v1,1790758514279785,SAT,20,10728d70e0641a69:0x115a2d,917748
v1,1790758514279939,UNSAT,67,10728d70e0641a69:0x115a2d,917815
v1,1790758514280010,SAT,57,10728d70e0641a69:0x115a2d,917872
v1,1790758514280155,SAT,59,10728d70e0641a69:0x115a2d,917931
v1,1790758514282428,SAT,1755,10728d70e0641a69:0x115a2d,919686
v1,1790758514284081,SAT,49,10728d70e0641a69:0x115a2d,919735
v1,1790758514284436,UNSAT,117,10728d70e0641a69:0x115a2d,919852
v1,1790758514284473,SAT,24,10728d70e0641a69:0x115a2d,919876
v1,1790758514284733,UNSAT,106,10728d70e0641a69:0x115a2d,919982
v1,1790758514284834,SAT,60,10728d70e0641a69:0x115a2d,920042
v1,1790758514285025,SAT,64,10728d70e0641a69:0x115a2d,920106
v1,1790758514288843,SAT,3274,10728d70e0641a69:0x115a2d,923380
v1,1790758514292130,SAT,81,10728d70e0641a69:0x115a2d,923461
v1,1790758514292553,UNSAT,133,10728d70e0641a69:0x115a2d,923594
v1,1790758514292594,SAT,26,10728d70e0641a69:0x115a2d,923620
v1,1790758514292871,UNSAT,106,10728d70e0641a69:0x115a2d,923726
v1,1790758514292977,SAT,63,10728d70e0641a69:0x115a2d,923789
v1,1790758514293172,SAT,63,10728d70e0641a69:0x115a2d,923852
v1,1790758514293723,SAT,368,10728d70e0641a69:0x115a2d,924220
v1,1790758514293778,SAT,28,10728d70e0641a69:0x115a2d,924248
v1,1790758514293968,UNSAT,81,10728d70e0641a69:0x115a2d,924329
v1,1790758514294001,SAT,23,10728d70e0641a69:0x115a2d,924352
v1,1790758514294159,UNSAT,66,10728d70e0641a69:0x115a2d,924418
v1,1790758514294232,SAT,57,10728d70e0641a69:0x115a2d,924475
v1,1790758514294392,SAT,62,10728d70e0641a69:0x115a2d,924537
v1,1790758514299694,SAT,4745,10728d70e0641a69:0x115a2d,929282
v1,1790758514304401,SAT,67,10728d70e0641a69:0x115a2d,929349
v1,1790758514304815,UNSAT,137,10728d70e0641a69:0x115a2d,929486
v1,1790758514304858,SAT,26,10728d70e0641a69:0x115a2d,929512
v1,1790758514305136,UNSAT,108,10728d70e0641a69:0x115a2d,929620
v1,1790758514305240,SAT,59,10728d70e0641a69:0x115a2d,929679
v1,1790758514305459,SAT,69,10728d70e0641a69:0x115a2d,929748
v1,1790758514306092,SAT,383,10728d70e0641a69:0x115a2d,930131
v1,1790758514306191,SAT,65,10728d70e0641a69:0x115a2d,930196
v1,1790758514306401,UNSAT,80,10728d70e0641a69:0x115a2d,930276
v1,1790758514306438,SAT,27,10728d70e0641a69:0x115a2d,930303
v1,1790758514306600,UNSAT,68,10728d70e0641a69:0x115a2d,930371
v1,1790758514306672,SAT,58,10728d70e0641a69:0x115a2d,930429
v1,1790758514306827,SAT,61,10728d70e0641a69:0x115a2d,930490
v1,1790758514307371,SAT,361,10728d70e0641a69:0x115a2d,930851
v1,1790758514307420,SAT,26,10728d70e0641a69:0x115a2d,930877
v1,1790758514307594,UNSAT,73,10728d70e0641a69:0x115a2d,930950
v1,1790758514307623,SAT,21,10728d70e0641a69:0x115a2d,930971
v1,1790758514307774,UNSAT,64,10728d70e0641a69:0x115a2d,931035
v1,1790758514308238,SAT,451,10728d70e0641a69:0x115a2d,931486
v1,1790758514308491,SAT,75,10728d70e0641a69:0x115a2d,931561
v1,1790758514309049,SAT,397,10728d70e0641a69:0x115a2d,931958
v1,1790758514309120,SAT,38,10728d70e0641a69:0x115a2d,931996
v1,1790758514309349,UNSAT,90,10728d70e0641a69:0x115a2d,932086
v1,1790758514309386,SAT,25,10728d70e0641a69:0x115a2d,932111
v1,1790758514309568,UNSAT,72,10728d70e0641a69:0x115a2d,932183
v1,1790758514309645,SAT,61,10728d70e0641a69:0x115a2d,932244
v1,1790758514309806,SAT,61,10728d70e0641a69:0x115a2d,932305
v1,1790758514310385,SAT,387,10728d70e0641a69:0x115a2d,932692
v1,1790758514310444,SAT,26,10728d70e0641a69:0x115a2d,932718
v1,1790758514310726,UNSAT,118,10728d70e0641a69:0x115a2d,932836
v1,1790758514310772,SAT,33,10728d70e0641a69:0x115a2d,932869
v1,1790758514310996,UNSAT,94,10728d70e0641a69:0x115a2d,932963
v1,1790758514311091,SAT,58,10728d70e0641a69:0x115a2d,933021
v1,1790758514311821,SAT,76,10728d70e0641a69:0x115a2d,933097
v1,1790758514312323,SAT,355,10728d70e0641a69:0x115a2d,933452
v1,1790758514312372,SAT,26,10728d70e0641a69:0x115a2d,933478
v1,1790758514312547,UNSAT,73,10728d70e0641a69:0x115a2d,933551
v1,1790758514312579,SAT,23,10728d70e0641a69:0x115a2d,933574
v1,1790758514312740,UNSAT,64,10728d70e0641a69:0x115a2d,933638
v1,1790758514312809,SAT,55,10728d70e0641a69:0x115a2d,933693
v1,1790758514312946,SAT,55,10728d70e0641a69:0x115a2d,933748
v1,1790758514315176,SAT,1747,10728d70e0641a69:0x115a2d,935495
v1,1790758514316887,SAT,94,10728d70e0641a69:0x115a2d,935589
v1,1790758514317253,UNSAT,118,10728d70e0641a69:0x115a2d,935707
v1,1790758514317376,SAT,107,10728d70e0641a69:0x115a2d,935814
v1,1790758514317641,UNSAT,97,10728d70e0641a69:0x115a2d,935911
v1,1790758514317735,SAT,57,10728d70e0641a69:0x115a2d,935968
v1,1790758514317927,SAT,61,10728d70e0641a69:0x115a2d,936029
v1,1790758514321728,SAT,3317,10728d70e0641a69:0x115a2d,939346
v1,1790758514324997,SAT,82,10728d70e0641a69:0x115a2d,939428
v1,1790758514325392,UNSAT,118,10728d70e0641a69:0x115a2d,939546
v1,1790758514325428,SAT,20,10728d70e0641a69:0x115a2d,939566
v1,1790758514325675,UNSAT,96,10728d70e0641a69:0x115a2d,939662
v1,1790758514325769,SAT,57,10728d70e0641a69:0x115a2d,939719
v1,1790758514325973,SAT,64,10728d70e0641a69:0x115a2d,939783
v1,1790758514331370,SAT,4825,10728d70e0641a69:0x115a2d,944608
v1,1790758514336142,SAT,61,10728d70e0641a69:0x115a2d,944669
v1,1790758514336528,UNSAT,119,10728d70e0641a69:0x115a2d,944788
v1,1790758514336577,SAT,34,10728d70e0641a69:0x115a2d,944822
v1,1790758514336837,UNSAT,102,10728d70e0641a69:0x115a2d,944924
v1,1790758514336934,SAT,62,10728d70e0641a69:0x115a2d,944986
v1,1790758514337124,SAT,62,10728d70e0641a69:0x115a2d,945048
v1,1790758514337738,SAT,364,10728d70e0641a69:0x115a2d,945412
v1,1790758514337789,SAT,26,10728d70e0641a69:0x115a2d,945438
v1,1790758514337983,UNSAT,76,10728d70e0641a69:0x115a2d,945514
v1,1790758514338025,SAT,32,10728d70e0641a69:0x115a2d,945546
v1,1790758514338188,UNSAT,72,10728d70e0641a69:0x115a2d,945618
v1,1790758514338378,SAT,176,10728d70e0641a69:0x115a2d,945794
v1,1790758514338535,SAT,61,10728d70e0641a69:0x115a2d,945855
v1,1790758514339119,SAT,342,10728d70e0641a69:0x115a2d,946197
v1,1790758514339170,SAT,28,10728d70e0641a69:0x115a2d,946225
v1,1790758514339366,UNSAT,77,10728d70e0641a69:0x115a2d,946302
v1,1790758514339400,SAT,24,10728d70e0641a69:0x115a2d,946326
v1,1790758514339554,UNSAT,64,10728d70e0641a69:0x115a2d,946390
v1,1790758514339629,SAT,61,10728d70e0641a69:0x115a2d,946451
v1,1790758514339776,SAT,60,10728d70e0641a69:0x115a2d,946511
v1,1790758514340239,SAT,336,10728d70e0641a69:0x115a2d,946847
v1,1790758514340297,SAT,24,10728d70e0641a69:0x115a2d,946871
v1,1790758514340576,UNSAT,122,10728d70e0641a69:0x115a2d,946993
v1,1790758514340612,SAT,26,10728d70e0641a69:0x115a2d,947019
v1,1790758514340839,UNSAT,104,10728d70e0641a69:0x115a2d,947123
v1,1790758514340941,SAT,61,10728d70e0641a69:0x115a2d,947184
v1,1790758514341125,SAT,61,10728d70e0641a69:0x115a2d,947245
v1,1790758514341618,SAT,341,10728d70e0641a69:0x115a2d,947586
v1,1790758514341674,SAT,35,10728d70e0641a69:0x115a2d,947621
v1,1790758514341840,UNSAT,69,10728d70e0641a69:0x115a2d,947690
v1,1790758514341867,SAT,18,10728d70e0641a69:0x115a2d,947708
v1,1790758514342008,UNSAT,59,10728d70e0641a69:0x115a2d,947767
v1,1790758514342074,SAT,52,10728d70e0641a69:0x115a2d,947819
v1,1790758514342223,SAT,62,10728d70e0641a69:0x115a2d,947881
v1,1790758514342831,SAT,453,10728d70e0641a69:0x115a2d,948334
v1,1790758514342885,SAT,23,10728d70e0641a69:0x115a2d,948357
v1,1790758514343075,UNSAT,75,10728d70e0641a69:0x115a2d,948432
v1,1790758514343117,SAT,33,10728d70e0641a69:0x115a2d,948465
v1,1790758514343299,UNSAT,79,10728d70e0641a69:0x115a2d,948544
v1,1790758514343371,SAT,56,10728d70e0641a69:0x115a2d,948600
v1,1790758514343521,SAT,59,10728d70e0641a69:0x115a2d,948659
v1,1790758514345941,SAT,1916,10728d70e0641a69:0x115a2d,950575
v1,1790758514347658,SAT,72,10728d70e0641a69:0x115a2d,950647
v1,1790758514348066,UNSAT,125,10728d70e0641a69:0x115a2d,950772
v1,1790758514348104,SAT,23,10728d70e0641a69:0x115a2d,950795
v1,1790758514348380,UNSAT,105,10728d70e0641a69:0x115a2d,950900
v1,1790758514348485,SAT,61,10728d70e0641a69:0x115a2d,950961
v1,1790758514348694,SAT,66,10728d70e0641a69:0x115a2d,951027
v1,1790758514352560,SAT,3315,10728d70e0641a69:0x115a2d,954342
v1,1790758514355726,SAT,74,10728d70e0641a69:0x115a2d,954416
v1,1790758514356074,UNSAT,125,10728d70e0641a69:0x115a2d,954541
v1,1790758514356122,SAT,29,10728d70e0641a69:0x115a2d,954570
v1,1790758514356406,UNSAT,107,10728d70e0641a69:0x115a2d,954677
v1,1790758514356508,SAT,59,10728d70e0641a69:0x115a2d,954736
v1,1790758514356711,SAT,64,10728d70e0641a69:0x115a2d,954800
v1,1790758514362105,SAT,4810,10728d70e0641a69:0x115a2d,959610
v1,1790758514366812,SAT,126,10728d70e0641a69:0x115a2d,959736
v1,1790758514367182,UNSAT,130,10728d70e0641a69:0x115a2d,959866
v1,1790758514367235,SAT,38,10728d70e0641a69:0x115a2d,959904
v1,1790758514367524,UNSAT,110,10728d70e0641a69:0x115a2d,960014
v1,1790758514367628,SAT,62,10728d70e0641a69:0x115a2d,960076
v1,1790758514367825,SAT,65,10728d70e0641a69:0x115a2d,960141
v1,1790758514368486,SAT,409,10728d70e0641a69:0x115a2d,960550
v1,1790758514368548,SAT,32,10728d70e0641a69:0x115a2d,960582
v1,1790758514368751,UNSAT,84,10728d70e0641a69:0x115a2d,960666
v1,1790758514368793,SAT,31,10728d70e0641a69:0x115a2d,960697
v1,1790758514368955,UNSAT,71,10728d70e0641a69:0x115a2d,960768
v1,1790758514369030,SAT,60,10728d70e0641a69:0x115a2d,960828
v1,1790758514369186,SAT,62,10728d70e0641a69:0x115a2d,960890
v1,1790758514369708,SAT,355,10728d70e0641a69:0x115a2d,961245
v1,1790758514369760,SAT,28,10728d70e0641a69:0x115a2d,961273
v1,1790758514369944,UNSAT,77,10728d70e0641a69:0x115a2d,961350
v1,1790758514369975,SAT,21,10728d70e0641a69:0x115a2d,961371
v1,1790758514370143,UNSAT,72,10728d70e0641a69:0x115a2d,961443
v1,1790758514370215,SAT,57,10728d70e0641a69:0x115a2d,961500
v1,1790758514370375,SAT,62,10728d70e0641a69:0x115a2d,961562
v1,1790758514370959,SAT,337,10728d70e0641a69:0x115a2d,961899
v1,1790758514371018,SAT,27,10728d70e0641a69:0x115a2d,961926
v1,1790758514371310,UNSAT,118,10728d70e0641a69:0x115a2d,962044
v1,1790758514371346,SAT,25,10728d70e0641a69:0x115a2d,962069
v1,1790758514371597,UNSAT,99,10728d70e0641a69:0x115a2d,962168
v1,1790758514371696,SAT,58,10728d70e0641a69:0x115a2d,962226
v1,1790758514371879,SAT,63,10728d70e0641a69:0x115a2d,962289
v1,1790758514372439,SAT,362,10728d70e0641a69:0x115a2d,962651
v1,1790758514372491,SAT,28,10728d70e0641a69:0x115a2d,962679
v1,1790758514372677,UNSAT,76,10728d70e0641a69:0x115a2d,962755
v1,1790758514372713,SAT,27,10728d70e0641a69:0x115a2d,962782
v1,1790758514372891,UNSAT,70,10728d70e0641a69:0x115a2d,962852
v1,1790758514372961,SAT,56,10728d70e0641a69:0x115a2d,962908
v1,1790758514373103,SAT,58,10728d70e0641a69:0x115a2d,962966
v1,1790758514375294,SAT,1782,10728d70e0641a69:0x115a2d,964748
v1,1790758514376916,SAT,40,10728d70e0641a69:0x115a2d,964788
v1,1790758514377221,UNSAT,112,10728d70e0641a69:0x115a2d,964900
v1,1790758514377263,SAT,30,10728d70e0641a69:0x115a2d,964930
v1,1790758514377509,UNSAT,100,10728d70e0641a69:0x115a2d,965030
v1,1790758514377613,SAT,62,10728d70e0641a69:0x115a2d,965092
v1,1790758514377823,SAT,73,10728d70e0641a69:0x115a2d,965165
v1,1790758514378424,SAT,396,10728d70e0641a69:0x115a2d,965561
v1,1790758514378480,SAT,28,10728d70e0641a69:0x115a2d,965589
v1,1790758514378704,UNSAT,102,10728d70e0641a69:0x115a2d,965691
v1,1790758514378751,SAT,32,10728d70e0641a69:0x115a2d,965723
v1,1790758514378976,UNSAT,116,10728d70e0641a69:0x115a2d,965839
v1,1790758514379062,SAT,68,10728d70e0641a69:0x115a2d,965907
v1,1790758514379246,SAT,74,10728d70e0641a69:0x115a2d,965981
v1,1790758514383062,SAT,3326,10728d70e0641a69:0x115a2d,969307
v1,1790758514387872,SAT,80,10728d70e0641a69:0x115a2d,969387
v1,1790758514388456,UNSAT,191,10728d70e0641a69:0x115a2d,969578
v1,1790758514388510,SAT,28,10728d70e0641a69:0x115a2d,969606
v1,1790758514388836,UNSAT,125,10728d70e0641a69:0x115a2d,969731
v1,1790758514388949,SAT,66,10728d70e0641a69:0x115a2d,969797
v1,1790758514389160,SAT,67,10728d70e0641a69:0x115a2d,969864
v1,1790758514394618,SAT,4923,10728d70e0641a69:0x115a2d,974787
v1,1790758514399364,SAT,48,10728d70e0641a69:0x115a2d,974835
v1,1790758514399795,UNSAT,150,10728d70e0641a69:0x115a2d,974985
v1,1790758514399844,SAT,31,10728d70e0641a69:0x115a2d,975016
v1,1790758514400152,UNSAT,118,10728d70e0641a69:0x115a2d,975134
v1,1790758514400271,SAT,74,10728d70e0641a69:0x115a2d,975208
v1,1790758514400488,SAT,65,10728d70e0641a69:0x115a2d,975273
v1,1790758514401199,SAT,374,10728d70e0641a69:0x115a2d,975647
v1,1790758514401271,SAT,34,10728d70e0641a69:0x115a2d,975681
v1,1790758514401473,UNSAT,80,10728d70e0641a69:0x115a2d,975761
v1,1790758514401511,SAT,27,10728d70e0641a69:0x115a2d,975788
v1,1790758514401673,UNSAT,68,10728d70e0641a69:0x115a2d,975856
v1,1790758514401743,SAT,56,10728d70e0641a69:0x115a2d,975912
v1,1790758514401889,SAT,59,10728d70e0641a69:0x115a2d,975971
v1,1790758514402381,SAT,352,10728d70e0641a69:0x115a2d,976323
v1,1790758514402439,SAT,31,10728d70e0641a69:0x115a2d,976354
v1,1790758514402621,UNSAT,78,10728d70e0641a69:0x115a2d,976432
v1,1790758514402657,SAT,27,10728d70e0641a69:0x115a2d,976459
v1,1790758514402851,UNSAT,70,10728d70e0641a69:0x115a2d,976529
v1,1790758514402925,SAT,59,10728d70e0641a69:0x115a2d,976588
v1,1790758514403078,SAT,63,10728d70e0641a69:0x115a2d,976651
v1,1790758514403556,SAT,346,10728d70e0641a69:0x115a2d,976997
v1,1790758514403610,SAT,31,10728d70e0641a69:0x115a2d,977028
v1,1790758514403804,UNSAT,79,10728d70e0641a69:0x115a2d,977107
v1,1790758514403841,SAT,27,10728d70e0641a69:0x115a2d,977134
v1,1790758514404001,UNSAT,67,10728d70e0641a69:0x115a2d,977201
v1,1790758514404075,SAT,59,10728d70e0641a69:0x115a2d,977260
v1,1790758514404217,SAT,59,10728d70e0641a69:0x115a2d,977319
v1,1790758514405169,SAT,456,10728d70e0641a69:0x115a2d,977775
v1,1790758514405241,SAT,33,10728d70e0641a69:0x115a2d,977808
v1,1790758514405826,UNSAT,187,10728d70e0641a69:0x115a2d,977995
v1,1790758514405900,SAT,40,10728d70e0641a69:0x115a2d,978035
v1,1790758514406318,UNSAT,179,10728d70e0641a69:0x115a2d,978214
v1,1790758514406499,SAT,79,10728d70e0641a69:0x115a2d,978293
v1,1790758514406744,SAT,68,10728d70e0641a69:0x115a2d,978361
v1,1790758514407278,SAT,377,10728d70e0641a69:0x115a2d,978738
v1,1790758514407329,SAT,26,10728d70e0641a69:0x115a2d,978764
v1,1790758514407520,UNSAT,81,10728d70e0641a69:0x115a2d,978845
v1,1790758514407559,SAT,29,10728d70e0641a69:0x115a2d,978874
v1,1790758514407728,UNSAT,73,10728d70e0641a69:0x115a2d,978947
v1,1790758514407807,SAT,63,10728d70e0641a69:0x115a2d,979010
v1,1790758514407984,SAT,67,10728d70e0641a69:0x115a2d,979077
v1,1790758514410339,SAT,1854,10728d70e0641a69:0x115a2d,980931
v1,1790758514412057,SAT,57,10728d70e0641a69:0x115a2d,980988
v1,1790758514412427,UNSAT,126,10728d70e0641a69:0x115a2d,981114
v1,1790758514412468,SAT,27,10728d70e0641a69:0x115a2d,981141
v1,1790758514412710,UNSAT,97,10728d70e0641a69:0x115a2d,981238
v1,1790758514412807,SAT,60,10728d70e0641a69:0x115a2d,981298
v1,1790758514412999,SAT,61,10728d70e0641a69:0x115a2d,981359
v1,1790758514416760,SAT,3243,10728d70e0641a69:0x115a2d,984602
v1,1790758514419926,SAT,65,10728d70e0641a69:0x115a2d,984667
v1,1790758514421307,UNSAT,1143,10728d70e0641a69:0x115a2d,985810
v1,1790758514421375,SAT,33,10728d70e0641a69:0x115a2d,985843
v1,1790758514421695,UNSAT,118,10728d70e0641a69:0x115a2d,985961
v1,1790758514421806,SAT,63,10728d70e0641a69:0x115a2d,986024
v1,1790758514422027,SAT,66,10728d70e0641a69:0x115a2d,986090
v1,1790758514427580,SAT,4943,10728d70e0641a69:0x115a2d,991033
v1,1790758514432315,SAT,69,10728d70e0641a69:0x115a2d,991102
v1,1790758514432729,UNSAT,129,10728d70e0641a69:0x115a2d,991231
v1,1790758514432781,SAT,33,10728d70e0641a69:0x115a2d,991264
v1,1790758514433050,UNSAT,104,10728d70e0641a69:0x115a2d,991368
v1,1790758514433148,SAT,59,10728d70e0641a69:0x115a2d,991427
v1,1790758514433364,SAT,67,10728d70e0641a69:0x115a2d,991494
v1,1790758514434007,SAT,365,10728d70e0641a69:0x115a2d,991859
v1,1790758514434062,SAT,28,10728d70e0641a69:0x115a2d,991887
v1,1790758514434430,UNSAT,81,10728d70e0641a69:0x115a2d,991968
v1,1790758514434467,SAT,27,10728d70e0641a69:0x115a2d,991995
v1,1790758514434633,UNSAT,72,10728d70e0641a69:0x115a2d,992067
v1,1790758514434705,SAT,58,10728d70e0641a69:0x115a2d,992125
v1,1790758514434845,SAT,57,10728d70e0641a69:0x115a2d,992182
v1,1790758514435331,SAT,352,10728d70e0641a69:0x115a2d,992534
v1,1790758514435400,SAT,37,10728d70e0641a69:0x115a2d,992571
v1,1790758514435689,UNSAT,115,10728d70e0641a69:0x115a2d,992686
v1,1790758514435722,SAT,21,10728d70e0641a69:0x115a2d,992707
v1,1790758514436067,UNSAT,121,10728d70e0641a69:0x115a2d,992828
v1,1790758514436174,SAT,59,10728d70e0641a69:0x115a2d,992887
v1,1790758514436455,SAT,100,10728d70e0641a69:0x115a2d,992987
v1,1790758514437102,SAT,437,10728d70e0641a69:0x115a2d,993424
v1,1790758514437310,SAT,78,10728d70e0641a69:0x115a2d,993502
v1,1790758514437638,UNSAT,100,10728d70e0641a69:0x115a2d,993602
v1,1790758514437696,SAT,39,10728d70e0641a69:0x115a2d,993641
v1,1790758514438068,UNSAT,136,10728d70e0641a69:0x115a2d,993777
v1,1790758514438211,SAT,99,10728d70e0641a69:0x115a2d,993876
v1,1790758514438565,SAT,116,10728d70e0641a69:0x115a2d,993992
v1,1790758514439429,SAT,579,10728d70e0641a69:0x115a2d,994571
v1,1790758514439526,SAT,48,10728d70e0641a69:0x115a2d,994619
v1,1790758514440582,UNSAT,118,10728d70e0641a69:0x115a2d,994737
v1,1790758514440639,SAT,34,10728d70e0641a69:0x115a2d,994771
v1,1790758514440849,UNSAT,80,10728d70e0641a69:0x115a2d,994851
v1,1790758514440943,SAT,76,10728d70e0641a69:0x115a2d,994927
v1,1790758514441133,SAT,69,10728d70e0641a69:0x115a2d,994996
v1,1790758514443560,SAT,1824,10728d70e0641a69:0x115a2d,996820
v1,1790758514445252,SAT,57,10728d70e0641a69:0x115a2d,996877
v1,1790758514445622,UNSAT,129,10728d70e0641a69:0x115a2d,997006
v1,1790758514445661,SAT,25,10728d70e0641a69:0x115a2d,997031
v1,1790758514445920,UNSAT,105,10728d70e0641a69:0x115a2d,997136
v1,1790758514446028,SAT,63,10728d70e0641a69:0x115a2d,997199
v1,1790758514446231,SAT,63,10728d70e0641a69:0x115a2d,997262
v1,1790758514450115,SAT,3336,10728d70e0641a69:0x115a2d,1000598
v1,1790758514453313,SAT,60,10728d70e0641a69:0x115a2d,1000658
v1,1790758514453697,UNSAT,127,10728d70e0641a69:0x115a2d,1000785
v1,1790758514453760,SAT,48,10728d70e0641a69:0x115a2d,1000833
v1,1790758514454036,UNSAT,107,10728d70e0641a69:0x115a2d,1000940
v1,1790758514454139,SAT,58,10728d70e0641a69:0x115a2d,1000998
v1,1790758514454377,SAT,65,10728d70e0641a69:0x115a2d,1001063
v1,1790758514454912,SAT,358,10728d70e0641a69:0x115a2d,1001421
v1,1790758514454964,SAT,28,10728d70e0641a69:0x115a2d,1001449
v1,1790758514455147,UNSAT,72,10728d70e0641a69:0x115a2d,1001521
v1,1790758514455175,SAT,19,10728d70e0641a69:0x115a2d,1001540
v1,1790758514455339,UNSAT,67,10728d70e0641a69:0x115a2d,1001607
v1,1790758514455411,SAT,56,10728d70e0641a69:0x115a2d,1001663
v1,1790758514455566,SAT,58,10728d70e0641a69:0x115a2d,1001721
v1,1790758514461071,SAT,4949,10728d70e0641a69:0x115a2d,1006670
v1,1790758514466362,SAT,86,10728d70e0641a69:0x115a2d,1006756
v1,1790758514466969,UNSAT,212,10728d70e0641a69:0x115a2d,1006968
v1,1790758514467051,SAT,50,10728d70e0641a69:0x115a2d,1007018
v1,1790758514467542,UNSAT,188,10728d70e0641a69:0x115a2d,1007206
v1,1790758514467736,SAT,100,10728d70e0641a69:0x115a2d,1007306
v1,1790758514468092,SAT,104,10728d70e0641a69:0x115a2d,1007410
v1,1790758514469029,SAT,554,10728d70e0641a69:0x115a2d,1007964
v1,1790758514469129,SAT,50,10728d70e0641a69:0x115a2d,1008014
v1,1790758514469463,UNSAT,118,10728d70e0641a69:0x115a2d,1008132
v1,1790758514469525,SAT,38,10728d70e0641a69:0x115a2d,1008170
v1,1790758514469806,UNSAT,111,10728d70e0641a69:0x115a2d,1008281
v1,1790758514469942,SAT,100,10728d70e0641a69:0x115a2d,1008381
v1,1790758514470221,SAT,102,10728d70e0641a69:0x115a2d,1008483
v1,1790758514471042,SAT,512,10728d70e0641a69:0x115a2d,1008995
v1,1790758514471131,SAT,45,10728d70e0641a69:0x115a2d,1009040
v1,1790758514471448,UNSAT,119,10728d70e0641a69:0x115a2d,1009159
v1,1790758514471510,SAT,37,10728d70e0641a69:0x115a2d,1009196
v1,1790758514471777,UNSAT,104,10728d70e0641a69:0x115a2d,1009300
v1,1790758514471900,SAT,88,10728d70e0641a69:0x115a2d,1009388
v1,1790758514472191,SAT,105,10728d70e0641a69:0x115a2d,1009493
v1,1790758514472923,SAT,488,10728d70e0641a69:0x115a2d,1009981
v1,1790758514473005,SAT,42,10728d70e0641a69:0x115a2d,1010023
v1,1790758514473332,UNSAT,132,10728d70e0641a69:0x115a2d,1010155
v1,1790758514473402,SAT,42,10728d70e0641a69:0x115a2d,1010197
v1,1790758514473692,UNSAT,109,10728d70e0641a69:0x115a2d,1010306
v1,1790758514473814,SAT,87,10728d70e0641a69:0x115a2d,1010393
v1,1790758514474089,SAT,99,10728d70e0641a69:0x115a2d,1010492
v1,1790758514474901,SAT,495,10728d70e0641a69:0x115a2d,1010987
v1,1790758514475009,SAT,50,10728d70e0641a69:0x115a2d,1011037
v1,1790758514475448,UNSAT,161,10728d70e0641a69:0x115a2d,1011198
v1,1790758514475523,SAT,49,10728d70e0641a69:0x115a2d,1011247
v1,1790758514475904,UNSAT,158,10728d70e0641a69:0x115a2d,1011405
v1,1790758514476067,SAT,91,10728d70e0641a69:0x115a2d,1011496
v1,1790758514476401,SAT,104,10728d70e0641a69:0x115a2d,1011600
v1,1790758514477135,SAT,501,10728d70e0641a69:0x115a2d,1012101
v1,1790758514477225,SAT,43,10728d70e0641a69:0x115a2d,1012144
v1,1790758514477592,UNSAT,126,10728d70e0641a69:0x115a2d,1012270
v1,1790758514477665,SAT,46,10728d70e0641a69:0x115a2d,1012316
v1,1790758514477961,UNSAT,117,10728d70e0641a69:0x115a2d,1012433
v1,1790758514478111,SAT,108,10728d70e0641a69:0x115a2d,1012541
v1,1790758514478441,SAT,110,10728d70e0641a69:0x115a2d,1012651
v1,1790758514482019,SAT,2785,10728d70e0641a69:0x115a2d,1015436
v1,1790758514484608,SAT,90,10728d70e0641a69:0x115a2d,1015526
v1,1790758514485125,UNSAT,168,10728d70e0641a69:0x115a2d,1015694
v1,1790758514485181,SAT,32,10728d70e0641a69:0x115a2d,1015726
v1,1790758514485504,UNSAT,125,10728d70e0641a69:0x115a2d,1015851
v1,1790758514485624,SAT,71,10728d70e0641a69:0x115a2d,1015922
v1,1790758514485853,SAT,74,10728d70e0641a69:0x115a2d,1015996
v1,1790758514489904,SAT,3504,10728d70e0641a69:0x115a2d,1019500
v1,1790758514493136,SAT,52,10728d70e0641a69:0x115a2d,1019552
v1,1790758514493507,UNSAT,119,10728d70e0641a69:0x115a2d,1019671
v1,1790758514493547,SAT,25,10728d70e0641a69:0x115a2d,1019696
v1,1790758514493796,UNSAT,101,10728d70e0641a69:0x115a2d,1019797
v1,1790758514493898,SAT,63,10728d70e0641a69:0x115a2d,1019860
v1,1790758514494091,SAT,64,10728d70e0641a69:0x115a2d,1019924
v1,1790758514499640,SAT,4926,10728d70e0641a69:0x115a2d,1024850
v1,1790758514504330,SAT,57,10728d70e0641a69:0x115a2d,1024907
v1,1790758514504698,UNSAT,121,10728d70e0641a69:0x115a2d,1025028
v1,1790758514504735,SAT,21,10728d70e0641a69:0x115a2d,1025049
v1,1790758514504997,UNSAT,99,10728d70e0641a69:0x115a2d,1025148
v1,1790758514505093,SAT,56,10728d70e0641a69:0x115a2d,1025204
v1,1790758514505299,SAT,73,10728d70e0641a69:0x115a2d,1025277
v1,1790758514505878,SAT,349,10728d70e0641a69:0x115a2d,1025626
v1,1790758514505923,SAT,21,10728d70e0641a69:0x115a2d,1025647
v1,1790758514506103,UNSAT,73,10728d70e0641a69:0x115a2d,1025720
v1,1790758514506131,SAT,18,10728d70e0641a69:0x115a2d,1025738
v1,1790758514506294,UNSAT,73,10728d70e0641a69:0x115a2d,1025811
v1,1790758514506361,SAT,51,10728d70e0641a69:0x115a2d,1025862
v1,1790758514506512,SAT,56,10728d70e0641a69:0x115a2d,1025918
v1,1790758514507093,SAT,350,10728d70e0641a69:0x115a2d,1026268
v1,1790758514507143,SAT,26,10728d70e0641a69:0x115a2d,1026294
v1,1790758514507337,UNSAT,80,10728d70e0641a69:0x115a2d,1026374
v1,1790758514507367,SAT,20,10728d70e0641a69:0x115a2d,1026394
v1,1790758514507515,UNSAT,61,10728d70e0641a69:0x115a2d,1026455
v1,1790758514507586,SAT,57,10728d70e0641a69:0x115a2d,1026512
v1,1790758514507724,SAT,54,10728d70e0641a69:0x115a2d,1026566
v1,1790758514508180,SAT,334,10728d70e0641a69:0x115a2d,1026900
v1,1790758514508232,SAT,26,10728d70e0641a69:0x115a2d,1026926
v1,1790758514508509,UNSAT,110,10728d70e0641a69:0x115a2d,1027036
v1,1790758514508543,SAT,22,10728d70e0641a69:0x115a2d,1027058
v1,1790758514508761,UNSAT,96,10728d70e0641a69:0x115a2d,1027154
v1,1790758514508861,SAT,63,10728d70e0641a69:0x115a2d,1027217
v1,1790758514509037,SAT,61,10728d70e0641a69:0x115a2d,1027278
v1,1790758514509510,SAT,347,10728d70e0641a69:0x115a2d,1027625
v1,1790758514509559,SAT,24,10728d70e0641a69:0x115a2d,1027649
v1,1790758514509746,UNSAT,75,10728d70e0641a69:0x115a2d,1027724
v1,1790758514509773,SAT,18,10728d70e0641a69:0x115a2d,1027742
v1,1790758514509932,UNSAT,69,10728d70e0641a69:0x115a2d,1027811
v1,1790758514510000,SAT,54,10728d70e0641a69:0x115a2d,1027865
v1,1790758514510142,SAT,57,10728d70e0641a69:0x115a2d,1027922
v1,1790758514510588,SAT,313,10728d70e0641a69:0x115a2d,1028235
v1,1790758514510650,SAT,39,10728d70e0641a69:0x115a2d,1028274
v1,1790758514510823,UNSAT,69,10728d70e0641a69:0x115a2d,1028343
v1,1790758514510853,SAT,21,10728d70e0641a69:0x115a2d,1028364
v1,1790758514511012,UNSAT,66,10728d70e0641a69:0x115a2d,1028430
v1,1790758514511084,SAT,54,10728d70e0641a69:0x115a2d,1028484
v1,1790758514511236,SAT,57,10728d70e0641a69:0x115a2d,1028541
v1,1790758514513425,SAT,1745,10728d70e0641a69:0x115a2d,1030286
v1,1790758514515092,SAT,60,10728d70e0641a69:0x115a2d,1030346
v1,1790758514515408,UNSAT,111,10728d70e0641a69:0x115a2d,1030457
v1,1790758514515459,SAT,38,10728d70e0641a69:0x115a2d,1030495
v1,1790758514515707,UNSAT,99,10728d70e0641a69:0x115a2d,1030594
v1,1790758514515801,SAT,56,10728d70e0641a69:0x115a2d,1030650
v1,1790758514515988,SAT,63,10728d70e0641a69:0x115a2d,1030713
v1,1790758514519854,SAT,3364,10728d70e0641a69:0x115a2d,1034077
v1,1790758514523056,SAT,71,10728d70e0641a69:0x115a2d,1034148
v1,1790758514523433,UNSAT,121,10728d70e0641a69:0x115a2d,1034269
v1,1790758514523473,SAT,23,10728d70e0641a69:0x115a2d,1034292
v1,1790758514523736,UNSAT,96,10728d70e0641a69:0x115a2d,1034388
v1,1790758514523830,SAT,55,10728d70e0641a69:0x115a2d,1034443
v1,1790758514524031,SAT,59,10728d70e0641a69:0x115a2d,1034502
v1,1790758514529374,SAT,4786,10728d70e0641a69:0x115a2d,1039288
v1,1790758514534137,SAT,132,10728d70e0641a69:0x115a2d,1039420
v1,1790758514534521,UNSAT,129,10728d70e0641a69:0x115a2d,1039549
v1,1790758514534643,SAT,106,10728d70e0641a69:0x115a2d,1039655
v1,1790758514534897,UNSAT,95,10728d70e0641a69:0x115a2d,1039750
v1,1790758514534992,SAT,56,10728d70e0641a69:0x115a2d,1039806
v1,1790758514535202,SAT,72,10728d70e0641a69:0x115a2d,1039878
v1,1790758514535806,SAT,359,10728d70e0641a69:0x115a2d,1040237
v1,1790758514535854,SAT,24,10728d70e0641a69:0x115a2d,1040261
v1,1790758514536056,UNSAT,74,10728d70e0641a69:0x115a2d,1040335
v1,1790758514536091,SAT,25,10728d70e0641a69:0x115a2d,1040360
v1,1790758514536257,UNSAT,68,10728d70e0641a69:0x115a2d,1040428
v1,1790758514536330,SAT,58,10728d70e0641a69:0x115a2d,1040486
v1,1790758514536476,SAT,56,10728d70e0641a69:0x115a2d,1040542
v1,1790758514536925,SAT,323,10728d70e0641a69:0x115a2d,1040865
v1,1790758514536975,SAT,30,10728d70e0641a69:0x115a2d,1040895
v1,1790758514537137,UNSAT,68,10728d70e0641a69:0x115a2d,1040963
v1,1790758514537163,SAT,18,10728d70e0641a69:0x115a2d,1040981
v1,1790758514537328,UNSAT,63,10728d70e0641a69:0x115a2d,1041044
v1,1790758514537395,SAT,53,10728d70e0641a69:0x115a2d,1041097
v1,1790758514537535,SAT,53,10728d70e0641a69:0x115a2d,1041150
v1,1790758514538090,SAT,330,10728d70e0641a69:0x115a2d,1041480
v1,1790758514538145,SAT,27,10728d70e0641a69:0x115a2d,1041507
v1,1790758514538425,UNSAT,116,10728d70e0641a69:0x115a2d,1041623
v1,1790758514538458,SAT,21,10728d70e0641a69:0x115a2d,1041644
v1,1790758514538696,UNSAT,103,10728d70e0641a69:0x115a2d,1041747
v1,1790758514538799,SAT,64,10728d70e0641a69:0x115a2d,1041811
v1,1790758514538983,SAT,62,10728d70e0641a69:0x115a2d,1041873
v1,1790758514539519,SAT,351,10728d70e0641a69:0x115a2d,1042224
v1,1790758514539582,SAT,39,10728d70e0641a69:0x115a2d,1042263
v1,1790758514539769,UNSAT,75,10728d70e0641a69:0x115a2d,1042338
v1,1790758514539806,SAT,27,10728d70e0641a69:0x115a2d,1042365
v1,1790758514539970,UNSAT,70,10728d70e0641a69:0x115a2d,1042435
v1,1790758514540043,SAT,58,10728d70e0641a69:0x115a2d,1042493
v1,1790758514540192,SAT,58,10728d70e0641a69:0x115a2d,1042551
v1,1790758514542349,SAT,1759,10728d70e0641a69:0x115a2d,1044310
v1,1790758514544015,SAT,54,10728d70e0641a69:0x115a2d,1044364
v1,1790758514544337,UNSAT,120,10728d70e0641a69:0x115a2d,1044484
v1,1790758514544377,SAT,24,10728d70e0641a69:0x115a2d,1044508
v1,1790758514544624,UNSAT,99,10728d70e0641a69:0x115a2d,1044607
v1,1790758514544734,SAT,69,10728d70e0641a69:0x115a2d,1044676
v1,1790758514544928,SAT,64,10728d70e0641a69:0x115a2d,1044740
v1,1790758514545502,SAT,377,10728d70e0641a69:0x115a2d,1045117
v1,1790758514545553,SAT,25,10728d70e0641a69:0x115a2d,1045142
v1,1790758514545741,UNSAT,78,10728d70e0641a69:0x115a2d,1045220
v1,1790758514545774,SAT,23,10728d70e0641a69:0x115a2d,1045243
v1,1790758514545934,UNSAT,67,10728d70e0641a69:0x115a2d,1045310
v1,1790758514546007,SAT,57,10728d70e0641a69:0x115a2d,1045367
v1,1790758514546151,SAT,58,10728d70e0641a69:0x115a2d,1045425
v1,1790758514549920,SAT,3323,10728d70e0641a69:0x115a2d,1048748
v1,1790758514553125,SAT,80,10728d70e0641a69:0x115a2d,1048828
v1,1790758514553476,UNSAT,120,10728d70e0641a69:0x115a2d,1048948
v1,1790758514553527,SAT,36,10728d70e0641a69:0x115a2d,1048984
v1,1790758514553801,UNSAT,109,10728d70e0641a69:0x115a2d,1049093
v1,1790758514553901,SAT,58,10728d70e0641a69:0x115a2d,1049151
v1,1790758514554099,SAT,65,10728d70e0641a69:0x115a2d,1049216
v1,1790758514559494,SAT,4823,10728d70e0641a69:0x115a2d,1054039
v1,1790758514564180,SAT,63,10728d70e0641a69:0x115a2d,1054102
v1,1790758514564566,UNSAT,124,10728d70e0641a69:0x115a2d,1054226
v1,1790758514564605,SAT,24,10728d70e0641a69:0x115a2d,1054250
v1,1790758514564858,UNSAT,101,10728d70e0641a69:0x115a2d,1054351
v1,1790758514564955,SAT,57,10728d70e0641a69:0x115a2d,1054408
v1,1790758514565150,SAT,63,10728d70e0641a69:0x115a2d,1054471
v1,1790758514565841,SAT,369,10728d70e0641a69:0x115a2d,1054840
v1,1790758514565891,SAT,26,10728d70e0641a69:0x115a2d,1054866
v1,1790758514566081,UNSAT,77,10728d70e0641a69:0x115a2d,1054943
v1,1790758514566110,SAT,19,10728d70e0641a69:0x115a2d,1054962
v1,1790758514566297,UNSAT,86,10728d70e0641a69:0x115a2d,1055048
v1,1790758514566376,SAT,62,10728d70e0641a69:0x115a2d,1055110
v1,1790758514566525,SAT,59,10728d70e0641a69:0x115a2d,1055169
v1,1790758514567016,SAT,352,10728d70e0641a69:0x115a2d,1055521
v1,1790758514567065,SAT,26,10728d70e0641a69:0x115a2d,1055547
v1,1790758514567245,UNSAT,76,10728d70e0641a69:0x115a2d,1055623
v1,1790758514567295,SAT,30,10728d70e0641a69:0x115a2d,1055653
v1,1790758514568000,UNSAT,104,10728d70e0641a69:0x115a2d,1055757
v1,1790758514568128,SAT,108,10728d70e0641a69:0x115a2d,1055865
v1,1790758514568487,SAT,125,10728d70e0641a69:0x115a2d,1055990
v1,1790758514569231,SAT,418,10728d70e0641a69:0x115a2d,1056408
v1,1790758514569301,SAT,27,10728d70e0641a69:0x115a2d,1056435
v1,1790758514569552,UNSAT,94,10728d70e0641a69:0x115a2d,1056529
v1,1790758514569649,SAT,81,10728d70e0641a69:0x115a2d,1056610
v1,1790758514569891,UNSAT,92,10728d70e0641a69:0x115a2d,1056702
v1,1790758514570078,SAT,122,10728d70e0641a69:0x115a2d,1056824
v1,1790758514570308,SAT,88,10728d70e0641a69:0x115a2d,1056912
v1,1790758514571682,SAT,578,10728d70e0641a69:0x115a2d,1057490
v1,1790758514571815,SAT,63,10728d70e0641a69:0x115a2d,1057553
v1,1790758514572319,UNSAT,198,10728d70e0641a69:0x115a2d,1057751
v1,1790758514572406,SAT,55,10728d70e0641a69:0x115a2d,1057806
v1,1790758514572778,UNSAT,131,10728d70e0641a69:0x115a2d,1057937
v1,1790758514572918,SAT,80,10728d70e0641a69:0x115a2d,1058017
v1,1790758514573264,SAT,90,10728d70e0641a69:0x115a2d,1058107
v1,1790758514573832,SAT,358,10728d70e0641a69:0x115a2d,1058465
v1,1790758514573890,SAT,28,10728d70e0641a69:0x115a2d,1058493
v1,1790758514574086,UNSAT,82,10728d70e0641a69:0x115a2d,1058575
v1,1790758514574128,SAT,30,10728d70e0641a69:0x115a2d,1058605
v1,1790758514574316,UNSAT,84,10728d70e0641a69:0x115a2d,1058689
v1,1790758514574403,SAT,70,10728d70e0641a69:0x115a2d,1058759
v1,1790758514574562,SAT,64,10728d70e0641a69:0x115a2d,1058823
v1,1790758514577346,SAT,2326,10728d70e0641a69:0x115a2d,1061149
v1,1790758514579257,SAT,216,10728d70e0641a69:0x115a2d,1061365
v1,1790758514579775,UNSAT,198,10728d70e0641a69:0x115a2d,1061563
v1,1790758514579835,SAT,38,10728d70e0641a69:0x115a2d,1061601
v1,1790758514580262,UNSAT,255,10728d70e0641a69:0x115a2d,1061856
v1,1790758514580431,SAT,84,10728d70e0641a69:0x115a2d,1061940
v1,1790758514580697,SAT,89,10728d70e0641a69:0x115a2d,1062029
v1,1790758514584574,SAT,3341,10728d70e0641a69:0x115a2d,1065370
v1,1790758514587775,SAT,49,10728d70e0641a69:0x115a2d,1065419
v1,1790758514588124,UNSAT,123,10728d70e0641a69:0x115a2d,1065542
v1,1790758514588201,SAT,62,10728d70e0641a69:0x115a2d,1065604
v1,1790758514588466,UNSAT,107,10728d70e0641a69:0x115a2d,1065711
v1,1790758514588570,SAT,63,10728d70e0641a69:0x115a2d,1065774
v1,1790758514588756,SAT,57,10728d70e0641a69:0x115a2d,1065831
v1,1790758514594132,SAT,4808,10728d70e0641a69:0x115a2d,1070639
v1,1790758514598779,SAT,52,10728d70e0641a69:0x115a2d,1070691
v1,1790758514599146,UNSAT,121,10728d70e0641a69:0x115a2d,1070812
v1,1790758514599285,SAT,119,10728d70e0641a69:0x115a2d,1070931
v1,1790758514599545,UNSAT,99,10728d70e0641a69:0x115a2d,1071030
v1,1790758514599640,SAT,57,10728d70e0641a69:0x115a2d,1071087
v1,1790758514599825,SAT,58,10728d70e0641a69:0x115a2d,1071145
v1,1790758514600472,SAT,370,10728d70e0641a69:0x115a2d,1071515
v1,1790758514600541,SAT,42,10728d70e0641a69:0x115a2d,1071557
v1,1790758514600732,UNSAT,75,10728d70e0641a69:0x115a2d,1071632
v1,1790758514600762,SAT,19,10728d70e0641a69:0x115a2d,1071651
v1,1790758514600918,UNSAT,65,10728d70e0641a69:0x115a2d,1071716
v1,1790758514600985,SAT,53,10728d70e0641a69:0x115a2d,1071769
v1,1790758514601125,SAT,56,10728d70e0641a69:0x115a2d,1071825
v1,1790758514601625,SAT,350,10728d70e0641a69:0x115a2d,1072175
v1,1790758514601679,SAT,25,10728d70e0641a69:0x115a2d,1072200
v1,1790758514601955,UNSAT,119,10728d70e0641a69:0x115a2d,1072319
v1,1790758514601999,SAT,33,10728d70e0641a69:0x115a2d,1072352
v1,1790758514602277,UNSAT,127,10728d70e0641a69:0x115a2d,1072479
v1,1790758514602389,SAT,63,10728d70e0641a69:0x115a2d,1072542
v1,1790758514602598,SAT,74,10728d70e0641a69:0x115a2d,1072616
v1,1790758514603094,SAT,347,10728d70e0641a69:0x115a2d,1072963
v1,1790758514603141,SAT,25,10728d70e0641a69:0x115a2d,1072988
v1,1790758514603348,UNSAT,83,10728d70e0641a69:0x115a2d,1073071
v1,1790758514603377,SAT,19,10728d70e0641a69:0x115a2d,1073090
v1,1790758514603532,UNSAT,65,10728d70e0641a69:0x115a2d,1073155
v1,1790758514603599,SAT,53,10728d70e0641a69:0x115a2d,1073208
v1,1790758514603741,SAT,56,10728d70e0641a69:0x115a2d,1073264
v1,1790758514604215,SAT,349,10728d70e0641a69:0x115a2d,1073613
v1,1790758514604307,SAT,71,10728d70e0641a69:0x115a2d,1073684
v1,1790758514604489,UNSAT,80,10728d70e0641a69:0x115a2d,1073764
v1,1790758514604525,SAT,26,10728d70e0641a69:0x115a2d,1073790
v1,1790758514604678,UNSAT,64,10728d70e0641a69:0x115a2d,1073854
v1,1790758514604745,SAT,53,10728d70e0641a69:0x115a2d,1073907
v1,1790758514604887,SAT,58,10728d70e0641a69:0x115a2d,1073965
v1,1790758514607194,SAT,1783,10728d70e0641a69:0x115a2d,1075748
v1,1790758514608860,SAT,76,10728d70e0641a69:0x115a2d,1075824
v1,1790758514609228,UNSAT,130,10728d70e0641a69:0x115a2d,1075954
v1,1790758514609276,SAT,34,10728d70e0641a69:0x115a2d,1075988
v1,1790758514609552,UNSAT,111,10728d70e0641a69:0x115a2d,1076099
v1,1790758514609666,SAT,65,10728d70e0641a69:0x115a2d,1076164
v1,1790758514609870,SAT,66,10728d70e0641a69:0x115a2d,1076230
v1,1790758514613674,SAT,3259,10728d70e0641a69:0x115a2d,1079489
v1,1790758514616819,SAT,58,10728d70e0641a69:0x115a2d,1079547
v1,1790758514617192,UNSAT,135,10728d70e0641a69:0x115a2d,1079682
v1,1790758514617234,SAT,28,10728d70e0641a69:0x115a2d,1079710
v1,1790758514617507,UNSAT,107,10728d70e0641a69:0x115a2d,1079817
v1,1790758514617615,SAT,60,10728d70e0641a69:0x115a2d,1079877
v1,1790758514617817,SAT,65,10728d70e0641a69:0x115a2d,1079942
v1,1790758514618361,SAT,387,10728d70e0641a69:0x115a2d,1080329
v1,1790758514618419,SAT,31,10728d70e0641a69:0x115a2d,1080360
v1,1790758514618608,UNSAT,73,10728d70e0641a69:0x115a2d,1080433
v1,1790758514618636,SAT,18,10728d70e0641a69:0x115a2d,1080451
v1,1790758514618800,UNSAT,74,10728d70e0641a69:0x115a2d,1080525
v1,1790758514618873,SAT,59,10728d70e0641a69:0x115a2d,1080584
v1,1790758514619025,SAT,65,10728d70e0641a69:0x115a2d,1080649
v1,1790758514624331,SAT,4757,10728d70e0641a69:0x115a2d,1085406
v1,1790758514628977,SAT,66,10728d70e0641a69:0x115a2d,1085472
v1,1790758514629380,UNSAT,140,10728d70e0641a69:0x115a2d,1085612
v1,1790758514629419,SAT,22,10728d70e0641a69:0x115a2d,1085634
v1,1790758514629693,UNSAT,107,10728d70e0641a69:0x115a2d,1085741
v1,1790758514629805,SAT,65,10728d70e0641a69:0x115a2d,1085806
v1,1790758514630004,SAT,61,10728d70e0641a69:0x115a2d,1085867
v1,1790758514630584,SAT,356,10728d70e0641a69:0x115a2d,1086223
v1,1790758514630632,SAT,24,10728d70e0641a69:0x115a2d,1086247
v1,1790758514630855,UNSAT,85,10728d70e0641a69:0x115a2d,1086332
v1,1790758514630893,SAT,27,10728d70e0641a69:0x115a2d,1086359
v1,1790758514631070,UNSAT,75,10728d70e0641a69:0x115a2d,1086434
v1,1790758514631140,SAT,55,10728d70e0641a69:0x115a2d,1086489
v1,1790758514631297,SAT,68,10728d70e0641a69:0x115a2d,1086557
v1,1790758514631834,SAT,339,10728d70e0641a69:0x115a2d,1086896
v1,1790758514631878,SAT,22,10728d70e0641a69:0x115a2d,1086918
v1,1790758514632050,UNSAT,69,10728d70e0641a69:0x115a2d,1086987
v1,1790758514632078,SAT,19,10728d70e0641a69:0x115a2d,1087006
v1,1790758514632241,UNSAT,65,10728d70e0641a69:0x115a2d,1087071
v1,1790758514632317,SAT,55,10728d70e0641a69:0x115a2d,1087126
v1,1790758514632470,SAT,62,10728d70e0641a69:0x115a2d,1087188
v1,1790758514632916,SAT,317,10728d70e0641a69:0x115a2d,1087505
v1,1790758514632961,SAT,25,10728d70e0641a69:0x115a2d,1087530
v1,1790758514633131,UNSAT,69,10728d70e0641a69:0x115a2d,1087599
v1,1790758514633157,SAT,18,10728d70e0641a69:0x115a2d,1087617
v1,1790758514633321,UNSAT,80,10728d70e0641a69:0x115a2d,1087697
v1,1790758514633389,SAT,54,10728d70e0641a69:0x115a2d,1087751
v1,1790758514633535,SAT,59,10728d70e0641a69:0x115a2d,1087810
v1,1790758514634059,SAT,334,10728d70e0641a69:0x115a2d,1088144
v1,1790758514634131,SAT,46,10728d70e0641a69:0x115a2d,1088190
v1,1790758514634392,UNSAT,103,10728d70e0641a69:0x115a2d,1088293
v1,1790758514634422,SAT,20,10728d70e0641a69:0x115a2d,1088313
v1,1790758514634646,UNSAT,90,10728d70e0641a69:0x115a2d,1088403
v1,1790758514634738,SAT,53,10728d70e0641a69:0x115a2d,1088456
v1,1790758514634922,SAT,59,10728d70e0641a69:0x115a2d,1088515
v1,1790758514635403,SAT,348,10728d70e0641a69:0x115a2d,1088863
v1,1790758514635559,SAT,130,10728d70e0641a69:0x115a2d,1088993
v1,1790758514635755,UNSAT,81,10728d70e0641a69:0x115a2d,1089074
v1,1790758514635789,SAT,24,10728d70e0641a69:0x115a2d,1089098
v1,1790758514635950,UNSAT,71,10728d70e0641a69:0x115a2d,1089169
v1,1790758514636021,SAT,56,10728d70e0641a69:0x115a2d,1089225
v1,1790758514636173,SAT,60,10728d70e0641a69:0x115a2d,1089285
v1,1790758514638444,SAT,1766,10728d70e0641a69:0x115a2d,1091051
v1,1790758514640107,SAT,49,10728d70e0641a69:0x115a2d,1091100
v1,1790758514640441,UNSAT,113,10728d70e0641a69:0x115a2d,1091213
v1,1790758514640475,SAT,20,10728d70e0641a69:0x115a2d,1091233
v1,1790758514640729,UNSAT,105,10728d70e0641a69:0x115a2d,1091338
v1,1790758514640835,SAT,64,10728d70e0641a69:0x115a2d,1091402
v1,1790758514641039,SAT,67,10728d70e0641a69:0x115a2d,1091469
v1,1790758514644844,SAT,3345,10728d70e0641a69:0x115a2d,1094814
v1,1790758514648089,SAT,74,10728d70e0641a69:0x115a2d,1094888
v1,1790758514648487,UNSAT,135,10728d70e0641a69:0x115a2d,1095023
v1,1790758514648535,SAT,32,10728d70e0641a69:0x115a2d,1095055
v1,1790758514648794,UNSAT,100,10728d70e0641a69:0x115a2d,1095155
v1,1790758514648896,SAT,60,10728d70e0641a69:0x115a2d,1095215
v1,1790758514649100,SAT,61,10728d70e0641a69:0x115a2d,1095276
v1,1790758514654524,SAT,4842,10728d70e0641a69:0x115a2d,1100118
v1,1790758514659229,SAT,75,10728d70e0641a69:0x115a2d,1100193
v1,1790758514659619,UNSAT,118,10728d70e0641a69:0x115a2d,1100311
v1,1790758514659671,SAT,36,10728d70e0641a69:0x115a2d,1100347
v1,1790758514659939,UNSAT,106,10728d70e0641a69:0x115a2d,1100453
v1,1790758514660045,SAT,62,10728d70e0641a69:0x115a2d,1100515
v1,1790758514660260,SAT,70,10728d70e0641a69:0x115a2d,1100585
v1,1790758514660849,SAT,353,10728d70e0641a69:0x115a2d,1100938
v1,1790758514660896,SAT,23,10728d70e0641a69:0x115a2d,1100961
v1,1790758514661082,UNSAT,79,10728d70e0641a69:0x115a2d,1101040
v1,1790758514661112,SAT,20,10728d70e0641a69:0x115a2d,1101060
v1,1790758514661286,UNSAT,74,10728d70e0641a69:0x115a2d,1101134
v1,1790758514661354,SAT,54,10728d70e0641a69:0x115a2d,1101188
v1,1790758514661498,SAT,57,10728d70e0641a69:0x115a2d,1101245
v1,1790758514662071,SAT,346,10728d70e0641a69:0x115a2d,1101591
v1,1790758514662124,SAT,30,10728d70e0641a69:0x115a2d,1101621
v1,1790758514662334,UNSAT,75,10728d70e0641a69:0x115a2d,1101696
v1,1790758514662367,SAT,23,10728d70e0641a69:0x115a2d,1101719
v1,1790758514662524,UNSAT,62,10728d70e0641a69:0x115a2d,1101781
v1,1790758514662591,SAT,53,10728d70e0641a69:0x115a2d,1101834
v1,1790758514662743,SAT,56,10728d70e0641a69:0x115a2d,1101890
v1,1790758514663191,SAT,327,10728d70e0641a69:0x115a2d,1102217
v1,1790758514663241,SAT,23,10728d70e0641a69:0x115a2d,1102240
v1,1790758514663543,UNSAT,113,10728d70e0641a69:0x115a2d,1102353
v1,1790758514663577,SAT,19,10728d70e0641a69:0x115a2d,1102372
v1,1790758514663804,UNSAT,96,10728d70e0641a69:0x115a2d,1102468
v1,1790758514663906,SAT,58,10728d70e0641a69:0x115a2d,1102526
v1,1790758514664134,SAT,68,10728d70e0641a69:0x115a2d,1102594
v1,1790758514664626,SAT,342,10728d70e0641a69:0x115a2d,1102936
v1,1790758514664671,SAT,23,10728d70e0641a69:0x115a2d,1102959
v1,1790758514664847,UNSAT,72,10728d70e0641a69:0x115a2d,1103031
v1,1790758514664875,SAT,18,10728d70e0641a69:0x115a2d,1103049
v1,1790758514665030,UNSAT,66,10728d70e0641a69:0x115a2d,1103115
v1,1790758514665096,SAT,52,10728d70e0641a69:0x115a2d,1103167
v1,1790758514665233,SAT,54,10728d70e0641a69:0x115a2d,1103221
v1,1790758514665709,SAT,330,10728d70e0641a69:0x115a2d,1103551
v1,1790758514665755,SAT,24,10728d70e0641a69:0x115a2d,1103575
v1,1790758514665954,UNSAT,76,10728d70e0641a69:0x115a2d,1103651
v1,1790758514665982,SAT,18,10728d70e0641a69:0x115a2d,1103669
v1,1790758514666141,UNSAT,66,10728d70e0641a69:0x115a2d,1103735
v1,1790758514666213,SAT,58,10728d70e0641a69:0x115a2d,1103793
v1,1790758514666368,SAT,57,10728d70e0641a69:0x115a2d,1103850
v1,1790758514668596,SAT,1768,10728d70e0641a69:0x115a2d,1105618
v1,1790758514670252,SAT,48,10728d70e0641a69:0x115a2d,1105666
v1,1790758514670599,UNSAT,127,10728d70e0641a69:0x115a2d,1105793
v1,1790758514670642,SAT,29,10728d70e0641a69:0x115a2d,1105822
v1,1790758514670895,UNSAT,107,10728d70e0641a69:0x115a2d,1105929
v1,1790758514671002,SAT,61,10728d70e0641a69:0x115a2d,1105990
v1,1790758514671207,SAT,70,10728d70e0641a69:0x115a2d,1106060
v1,1790758514675071,SAT,3328,10728d70e0641a69:0x115a2d,1109388
v1,1790758514678244,SAT,65,10728d70e0641a69:0x115a2d,1109453
v1,1790758514678666,UNSAT,135,10728d70e0641a69:0x115a2d,1109588
v1,1790758514678703,SAT,20,10728d70e0641a69:0x115a2d,1109608
v1,1790758514678965,UNSAT,102,10728d70e0641a69:0x115a2d,1109710
v1,1790758514679066,SAT,56,10728d70e0641a69:0x115a2d,1109766
v1,1790758514679285,SAT,76,10728d70e0641a69:0x115a2d,1109842
v1,1790758514684767,SAT,4901,10728d70e0641a69:0x115a2d,1114743
v1,1790758514689468,SAT,56,10728d70e0641a69:0x115a2d,1114799
v1,1790758514689851,UNSAT,131,10728d70e0641a69:0x115a2d,1114930
v1,1790758514689890,SAT,24,10728d70e0641a69:0x115a2d,1114954
v1,1790758514690161,UNSAT,113,10728d70e0641a69:0x115a2d,1115067
v1,1790758514690275,SAT,68,10728d70e0641a69:0x115a2d,1115135
v1,1790758514690569,SAT,98,10728d70e0641a69:0x115a2d,1115233
v1,1790758514691714,SAT,820,10728d70e0641a69:0x115a2d,1116053
v1,1790758514691821,SAT,47,10728d70e0641a69:0x115a2d,1116100
v1,1790758514692198,UNSAT,144,10728d70e0641a69:0x115a2d,1116244
v1,1790758514692279,SAT,52,10728d70e0641a69:0x115a2d,1116296
v1,1790758514692607,UNSAT,123,10728d70e0641a69:0x115a2d,1116419
v1,1790758514692741,SAT,95,10728d70e0641a69:0x115a2d,1116514
v1,1790758514693575,SAT,84,10728d70e0641a69:0x115a2d,1116598
v1,1790758514694310,SAT,509,10728d70e0641a69:0x115a2d,1117107
v1,1790758514694459,SAT,62,10728d70e0641a69:0x115a2d,1117169
v1,1790758514694817,UNSAT,136,10728d70e0641a69:0x115a2d,1117305
v1,1790758514694880,SAT,38,10728d70e0641a69:0x115a2d,1117343
v1,1790758514695179,UNSAT,119,10728d70e0641a69:0x115a2d,1117462
v1,1790758514695375,SAT,150,10728d70e0641a69:0x115a2d,1117612
v1,1790758514695597,SAT,70,10728d70e0641a69:0x115a2d,1117682
v1,1790758514696255,SAT,368,10728d70e0641a69:0x115a2d,1118050
v1,1790758514696312,SAT,24,10728d70e0641a69:0x115a2d,1118074
v1,1790758514696609,UNSAT,107,10728d70e0641a69:0x115a2d,1118181
v1,1790758514696657,SAT,35,10728d70e0641a69:0x115a2d,1118216
v1,1790758514696918,UNSAT,124,10728d70e0641a69:0x115a2d,1118340
v1,1790758514697018,SAT,59,10728d70e0641a69:0x115a2d,1118399
v1,1790758514697231,SAT,84,10728d70e0641a69:0x115a2d,1118483
v1,1790758514697811,SAT,384,10728d70e0641a69:0x115a2d,1118867
v1,1790758514697864,SAT,28,10728d70e0641a69:0x115a2d,1118895
v1,1790758514698137,UNSAT,93,10728d70e0641a69:0x115a2d,1118988
v1,1790758514698182,SAT,24,10728d70e0641a69:0x115a2d,1119012
v1,1790758514698385,UNSAT,75,10728d70e0641a69:0x115a2d,1119087
v1,1790758514698473,SAT,66,10728d70e0641a69:0x115a2d,1119153
v1,1790758514698642,SAT,64,10728d70e0641a69:0x115a2d,1119217
v1,1790758514700891,SAT,1812,10728d70e0641a69:0x115a2d,1121029
v1,1790758514702694,SAT,76,10728d70e0641a69:0x115a2d,1121105
v1,1790758514703035,UNSAT,111,10728d70e0641a69:0x115a2d,1121216
v1,1790758514703112,SAT,61,10728d70e0641a69:0x115a2d,1121277
v1,1790758514703383,UNSAT,111,10728d70e0641a69:0x115a2d,1121388
v1,1790758514703490,SAT,66,10728d70e0641a69:0x115a2d,1121454
v1,1790758514703699,SAT,67,10728d70e0641a69:0x115a2d,1121521
v1,1790758514704284,SAT,376,10728d70e0641a69:0x115a2d,1121897
v1,1790758514704401,SAT,57,10728d70e0641a69:0x115a2d,1121954
v1,1790758514704724,UNSAT,110,10728d70e0641a69:0x115a2d,1122064
v1,1790758514704786,SAT,43,10728d70e0641a69:0x115a2d,1122107
v1,1790758514704982,UNSAT,77,10728d70e0641a69:0x115a2d,1122184
v1,1790758514705054,SAT,56,10728d70e0641a69:0x115a2d,1122240
v1,1790758514705229,SAT,66,10728d70e0641a69:0x115a2d,1122306
v1,1790758514709021,SAT,3344,10728d70e0641a69:0x115a2d,1125650
v1,1790758514712236,SAT,73,10728d70e0641a69:0x115a2d,1125723
v1,1790758514712645,UNSAT,126,10728d70e0641a69:0x115a2d,1125849
v1,1790758514712683,SAT,22,10728d70e0641a69:0x115a2d,1125871
v1,1790758514712946,UNSAT,99,10728d70e0641a69:0x115a2d,1125970
v1,1790758514713043,SAT,59,10728d70e0641a69:0x115a2d,1126029
v1,1790758514713240,SAT,64,10728d70e0641a69:0x115a2d,1126093
v1,1790758514718559,SAT,4804,10728d70e0641a69:0x115a2d,1130897
v1,1790758514723340,SAT,60,10728d70e0641a69:0x115a2d,1130957
v1,1790758514723716,UNSAT,130,10728d70e0641a69:0x115a2d,1131087
v1,1790758514723756,SAT,25,10728d70e0641a69:0x115a2d,1131112
v1,1790758514724020,UNSAT,110,10728d70e0641a69:0x115a2d,1131222
v1,1790758514724124,SAT,61,10728d70e0641a69:0x115a2d,1131283
v1,1790758514724328,SAT,67,10728d70e0641a69:0x115a2d,1131350
v1,1790758514725008,SAT,362,10728d70e0641a69:0x115a2d,1131712
v1,1790758514725091,SAT,59,10728d70e0641a69:0x115a2d,1131771
v1,1790758514725289,UNSAT,83,10728d70e0641a69:0x115a2d,1131854
v1,1790758514725319,SAT,19,10728d70e0641a69:0x115a2d,1131873
v1,1790758514725488,UNSAT,72,10728d70e0641a69:0x115a2d,1131945
v1,1790758514725565,SAT,61,10728d70e0641a69:0x115a2d,1132006
v1,1790758514725715,SAT,65,10728d70e0641a69:0x115a2d,1132071
v1,1790758514726185,SAT,331,10728d70e0641a69:0x115a2d,1132402
v1,1790758514726227,SAT,21,10728d70e0641a69:0x115a2d,1132423
v1,1790758514726399,UNSAT,70,10728d70e0641a69:0x115a2d,1132493
v1,1790758514726428,SAT,20,10728d70e0641a69:0x115a2d,1132513
v1,1790758514726577,UNSAT,62,10728d70e0641a69:0x115a2d,1132575
v1,1790758514726642,SAT,51,10728d70e0641a69:0x115a2d,1132626
v1,1790758514726804,SAT,63,10728d70e0641a69:0x115a2d,1132689
v1,1790758514727239,SAT,311,10728d70e0641a69:0x115a2d,1133000
v1,1790758514727298,SAT,30,10728d70e0641a69:0x115a2d,1133030
v1,1790758514727481,UNSAT,81,10728d70e0641a69:0x115a2d,1133111
v1,1790758514727511,SAT,21,10728d70e0641a69:0x115a2d,1133132
v1,1790758514727660,UNSAT,66,10728d70e0641a69:0x115a2d,1133198
v1,1790758514727730,SAT,56,10728d70e0641a69:0x115a2d,1133254
v1,1790758514727865,SAT,56,10728d70e0641a69:0x115a2d,1133310
v1,1790758514728665,SAT,332,10728d70e0641a69:0x115a2d,1133642
v1,1790758514728726,SAT,32,10728d70e0641a69:0x115a2d,1133674
v1,1790758514728992,UNSAT,111,10728d70e0641a69:0x115a2d,1133785
v1,1790758514729027,SAT,25,10728d70e0641a69:0x115a2d,1133810
v1,1790758514729278,UNSAT,110,10728d70e0641a69:0x115a2d,1133920
v1,1790758514729378,SAT,59,10728d70e0641a69:0x115a2d,1133979
v1,1790758514729561,SAT,62,10728d70e0641a69:0x115a2d,1134041
v1,1790758514730024,SAT,329,10728d70e0641a69:0x115a2d,1134370
v1,1790758514730074,SAT,30,10728d70e0641a69:0x115a2d,1134400
v1,1790758514730243,UNSAT,74,10728d70e0641a69:0x115a2d,1134474
v1,1790758514730278,SAT,21,10728d70e0641a69:0x115a2d,1134495
v1,1790758514730425,UNSAT,61,10728d70e0641a69:0x115a2d,1134556
v1,1790758514730494,SAT,55,10728d70e0641a69:0x115a2d,1134611
v1,1790758514730654,SAT,56,10728d70e0641a69:0x115a2d,1134667
v1,1790758514732835,SAT,1757,10728d70e0641a69:0x115a2d,1136424
v1,1790758514734480,SAT,36,10728d70e0641a69:0x115a2d,1136460
v1,1790758514734798,UNSAT,114,10728d70e0641a69:0x115a2d,1136574
v1,1790758514734870,SAT,56,10728d70e0641a69:0x115a2d,1136630
v1,1790758514735126,UNSAT,106,10728d70e0641a69:0x115a2d,1136736
v1,1790758514735231,SAT,62,10728d70e0641a69:0x115a2d,1136798
v1,1790758514735444,SAT,66,10728d70e0641a69:0x115a2d,1136864
v1,1790758514739322,SAT,3344,10728d70e0641a69:0x115a2d,1140208
v1,1790758514742476,SAT,48,10728d70e0641a69:0x115a2d,1140256
v1,1790758514742832,UNSAT,122,10728d70e0641a69:0x115a2d,1140378
v1,1790758514742877,SAT,30,10728d70e0641a69:0x115a2d,1140408
v1,1790758514743147,UNSAT,104,10728d70e0641a69:0x115a2d,1140512
v1,1790758514743254,SAT,64,10728d70e0641a69:0x115a2d,1140576
v1,1790758514743456,SAT,68,10728d70e0641a69:0x115a2d,1140644
v1,1790758514748837,SAT,4808,10728d70e0641a69:0x115a2d,1145452
v1,1790758514753524,SAT,50,10728d70e0641a69:0x115a2d,1145502
v1,1790758514753907,UNSAT,135,10728d70e0641a69:0x115a2d,1145637
v1,1790758514753947,SAT,24,10728d70e0641a69:0x115a2d,1145661
v1,1790758514754229,UNSAT,107,10728d70e0641a69:0x115a2d,1145768
v1,1790758514754336,SAT,58,10728d70e0641a69:0x115a2d,1145826
v1,1790758514754530,SAT,60,10728d70e0641a69:0x115a2d,1145886
v1,1790758514755151,SAT,348,10728d70e0641a69:0x115a2d,1146234
v1,1790758514755201,SAT,27,10728d70e0641a69:0x115a2d,1146261
v1,1790758514755393,UNSAT,75,10728d70e0641a69:0x115a2d,1146336
v1,1790758514755422,SAT,20,10728d70e0641a69:0x115a2d,1146356
v1,1790758514755592,UNSAT,73,10728d70e0641a69:0x115a2d,1146429
v1,1790758514755670,SAT,62,10728d70e0641a69:0x115a2d,1146491
v1,1790758514755818,SAT,57,10728d70e0641a69:0x115a2d,1146548
v1,1790758514756273,SAT,332,10728d70e0641a69:0x115a2d,1146880
v1,1790758514756326,SAT,24,10728d70e0641a69:0x115a2d,1146904
v1,1790758514756574,UNSAT,103,10728d70e0641a69:0x115a2d,1147007
v1,1790758514756603,SAT,18,10728d70e0641a69:0x115a2d,1147025
v1,1790758514756823,UNSAT,89,10728d70e0641a69:0x115a2d,1147114
v1,1790758514756916,SAT,57,10728d70e0641a69:0x115a2d,1147171
v1,1790758514757100,SAT,58,10728d70e0641a69:0x115a2d,1147229
v1,1790758514757579,SAT,346,10728d70e0641a69:0x115a2d,1147575
v1,1790758514757643,SAT,41,10728d70e0641a69:0x115a2d,1147616
v1,1790758514757821,UNSAT,71,10728d70e0641a69:0x115a2d,1147687
v1,1790758514757849,SAT,19,10728d70e0641a69:0x115a2d,1147706
v1,1790758514757999,UNSAT,62,10728d70e0641a69:0x115a2d,1147768
v1,1790758514758071,SAT,58,10728d70e0641a69:0x115a2d,1147826
v1,1790758514758208,SAT,56,10728d70e0641a69:0x115a2d,1147882
v1,1790758514758668,SAT,329,10728d70e0641a69:0x115a2d,1148211
v1,1790758514758714,SAT,27,10728d70e0641a69:0x115a2d,1148238
v1,1790758514758894,UNSAT,80,10728d70e0641a69:0x115a2d,1148318
v1,1790758514758927,SAT,24,10728d70e0641a69:0x115a2d,1148342
v1,1790758514759123,UNSAT,100,10728d70e0641a69:0x115a2d,1148442
v1,1790758514759227,SAT,78,10728d70e0641a69:0x115a2d,1148520
v1,1790758514759435,SAT,63,10728d70e0641a69:0x115a2d,1148583
v1,1790758514761748,SAT,1785,10728d70e0641a69:0x115a2d,1150368
v1,1790758514763384,SAT,35,10728d70e0641a69:0x115a2d,1150403
v1,1790758514763703,UNSAT,113,10728d70e0641a69:0x115a2d,1150516
v1,1790758514763744,SAT,28,10728d70e0641a69:0x115a2d,1150544
v1,1790758514763982,UNSAT,92,10728d70e0641a69:0x115a2d,1150636
v1,1790758514764074,SAT,55,10728d70e0641a69:0x115a2d,1150691
v1,1790758514764284,SAT,66,10728d70e0641a69:0x115a2d,1150757
v1,1790758514768098,SAT,3316,10728d70e0641a69:0x115a2d,1154073
v1,1790758514771305,SAT,64,10728d70e0641a69:0x115a2d,1154137
v1,1790758514771659,UNSAT,115,10728d70e0641a69:0x115a2d,1154252
v1,1790758514771708,SAT,35,10728d70e0641a69:0x115a2d,1154287
v1,1790758514771972,UNSAT,108,10728d70e0641a69:0x115a2d,1154395
v1,1790758514772067,SAT,57,10728d70e0641a69:0x115a2d,1154452
v1,1790758514772306,SAT,104,10728d70e0641a69:0x115a2d,1154556
v1,1790758514772840,SAT,371,10728d70e0641a69:0x115a2d,1154927
v1,1790758514772892,SAT,29,10728d70e0641a69:0x115a2d,1154956
v1,1790758514773093,UNSAT,90,10728d70e0641a69:0x115a2d,1155046
v1,1790758514773128,SAT,24,10728d70e0641a69:0x115a2d,1155070
v1,1790758514773291,UNSAT,74,10728d70e0641a69:0x115a2d,1155144
v1,1790758514773367,SAT,59,10728d70e0641a69:0x115a2d,1155203
v1,1790758514773522,SAT,63,10728d70e0641a69:0x115a2d,1155266
v1,1790758514778862,SAT,4813,10728d70e0641a69:0x115a2d,1160079
v1,1790758514783542,SAT,46,10728d70e0641a69:0x115a2d,1160125
v1,1790758514783896,UNSAT,116,10728d70e0641a69:0x115a2d,1160241
v1,1790758514783933,SAT,22,10728d70e0641a69:0x115a2d,1160263
v1,1790758514784181,UNSAT,98,10728d70e0641a69:0x115a2d,1160361
v1,1790758514784295,SAT,77,10728d70e0641a69:0x115a2d,1160438
v1,1790758514784501,SAT,62,10728d70e0641a69:0x115a2d,1160500
v1,1790758514785117,SAT,381,10728d70e0641a69:0x115a2d,1160881
v1,1790758514785172,SAT,25,10728d70e0641a69:0x115a2d,1160906
v1,1790758514785373,UNSAT,81,10728d70e0641a69:0x115a2d,1160987
v1,1790758514785407,SAT,23,10728d70e0641a69:0x115a2d,1161010
v1,1790758514785576,UNSAT,70,10728d70e0641a69:0x115a2d,1161080
v1,1790758514785660,SAT,69,10728d70e0641a69:0x115a2d,1161149
v1,1790758514785823,SAT,60,10728d70e0641a69:0x115a2d,1161209
v1,1790758514786362,SAT,352,10728d70e0641a69:0x115a2d,1161561
v1,1790758514786421,SAT,33,10728d70e0641a69:0x115a2d,1161594
v1,1790758514786605,UNSAT,78,10728d70e0641a69:0x115a2d,1161672
v1,1790758514786637,SAT,22,10728d70e0641a69:0x115a2d,1161694
v1,1790758514786795,UNSAT,65,10728d70e0641a69:0x115a2d,1161759
v1,1790758514786872,SAT,63,10728d70e0641a69:0x115a2d,1161822
v1,1790758514787024,SAT,62,10728d70e0641a69:0x115a2d,1161884
v1,1790758514787506,SAT,345,10728d70e0641a69:0x115a2d,1162229
v1,1790758514787559,SAT,31,10728d70e0641a69:0x115a2d,1162260
v1,1790758514787769,UNSAT,85,10728d70e0641a69:0x115a2d,1162345
v1,1790758514787805,SAT,26,10728d70e0641a69:0x115a2d,1162371
v1,1790758514787960,UNSAT,65,10728d70e0641a69:0x115a2d,1162436
v1,1790758514788026,SAT,53,10728d70e0641a69:0x115a2d,1162489
v1,1790758514788182,SAT,61,10728d70e0641a69:0x115a2d,1162550
v1,1790758514788715,SAT,348,10728d70e0641a69:0x115a2d,1162898
v1,1790758514788770,SAT,24,10728d70e0641a69:0x115a2d,1162922
v1,1790758514789038,UNSAT,114,10728d70e0641a69:0x115a2d,1163036
v1,1790758514789089,SAT,40,10728d70e0641a69:0x115a2d,1163076
v1,1790758514789315,UNSAT,96,10728d70e0641a69:0x115a2d,1163172
v1,1790758514789408,SAT,56,10728d70e0641a69:0x115a2d,1163228
v1,1790758514789589,SAT,56,10728d70e0641a69:0x115a2d,1163284
v1,1790758514790077,SAT,359,10728d70e0641a69:0x115a2d,1163643
v1,1790758514790122,SAT,22,10728d70e0641a69:0x115a2d,1163665
v1,1790758514790316,UNSAT,91,10728d70e0641a69:0x115a2d,1163756
v1,1790758514790366,SAT,38,10728d70e0641a69:0x115a2d,1163794
v1,1790758514790594,UNSAT,81,10728d70e0641a69:0x115a2d,1163875
v1,1790758514790696,SAT,79,10728d70e0641a69:0x115a2d,1163954
v1,1790758514790869,SAT,67,10728d70e0641a69:0x115a2d,1164021
v1,1790758514793279,SAT,1868,10728d70e0641a69:0x115a2d,1165889
v1,1790758514795046,SAT,83,10728d70e0641a69:0x115a2d,1165972
v1,1790758514795458,UNSAT,149,10728d70e0641a69:0x115a2d,1166121
v1,1790758514795499,SAT,23,10728d70e0641a69:0x115a2d,1166144
v1,1790758514795769,UNSAT,113,10728d70e0641a69:0x115a2d,1166257
v1,1790758514795877,SAT,68,10728d70e0641a69:0x115a2d,1166325
v1,1790758514796076,SAT,60,10728d70e0641a69:0x115a2d,1166385
v1,1790758514800415,SAT,3710,10728d70e0641a69:0x115a2d,1170095
v1,1790758514804075,SAT,82,10728d70e0641a69:0x115a2d,1170177
v1,1790758514804730,UNSAT,188,10728d70e0641a69:0x115a2d,1170365
v1,1790758514804813,SAT,45,10728d70e0641a69:0x115a2d,1170410
v1,1790758514805168,UNSAT,121,10728d70e0641a69:0x115a2d,1170531
v1,1790758514805295,SAT,79,10728d70e0641a69:0x115a2d,1170610
v1,1790758514805509,SAT,67,10728d70e0641a69:0x115a2d,1170677
v1,1790758514810935,SAT,4870,10728d70e0641a69:0x115a2d,1175547
v1,1790758514815916,SAT,347,10728d70e0641a69:0x115a2d,1175894
v1,1790758514816715,UNSAT,553,10728d70e0641a69:0x115a2d,1176447
v1,1790758514816799,SAT,61,10728d70e0641a69:0x115a2d,1176508
v1,1790758514817118,UNSAT,109,10728d70e0641a69:0x115a2d,1176617
v1,1790758514817229,SAT,70,10728d70e0641a69:0x115a2d,1176687
v1,1790758514817458,SAT,71,10728d70e0641a69:0x115a2d,1176758
v1,1790758514818058,SAT,357,10728d70e0641a69:0x115a2d,1177115
v1,1790758514818129,SAT,44,10728d70e0641a69:0x115a2d,1177159
v1,1790758514818335,UNSAT,96,10728d70e0641a69:0x115a2d,1177255
v1,1790758514818368,SAT,21,10728d70e0641a69:0x115a2d,1177276
v1,1790758514818530,UNSAT,70,10728d70e0641a69:0x115a2d,1177346
v1,1790758514818599,SAT,55,10728d70e0641a69:0x115a2d,1177401
v1,1790758514818742,SAT,56,10728d70e0641a69:0x115a2d,1177457
v1,1790758514819315,SAT,337,10728d70e0641a69:0x115a2d,1177794
v1,1790758514819362,SAT,24,10728d70e0641a69:0x115a2d,1177818
v1,1790758514819540,UNSAT,81,10728d70e0641a69:0x115a2d,1177899
v1,1790758514819580,SAT,26,10728d70e0641a69:0x115a2d,1177925
v1,1790758514819736,UNSAT,65,10728d70e0641a69:0x115a2d,1177990
v1,1790758514819804,SAT,54,10728d70e0641a69:0x115a2d,1178044
v1,1790758514819956,SAT,61,10728d70e0641a69:0x115a2d,1178105
v1,1790758514820410,SAT,334,10728d70e0641a69:0x115a2d,1178439
v1,1790758514820462,SAT,24,10728d70e0641a69:0x115a2d,1178463
v1,1790758514820714,UNSAT,102,10728d70e0641a69:0x115a2d,1178565
v1,1790758514820750,SAT,26,10728d70e0641a69:0x115a2d,1178591
v1,1790758514820962,UNSAT,90,10728d70e0641a69:0x115a2d,1178681
v1,1790758514821051,SAT,53,10728d70e0641a69:0x115a2d,1178734
v1,1790758514821218,SAT,55,10728d70e0641a69:0x115a2d,1178789
v1,1790758514821696,SAT,330,10728d70e0641a69:0x115a2d,1179119
v1,1790758514821749,SAT,29,10728d70e0641a69:0x115a2d,1179148
v1,1790758514821925,UNSAT,73,10728d70e0641a69:0x115a2d,1179221
v1,1790758514821955,SAT,19,10728d70e0641a69:0x115a2d,1179240
v1,1790758514822114,UNSAT,63,10728d70e0641a69:0x115a2d,1179303
v1,1790758514822182,SAT,54,10728d70e0641a69:0x115a2d,1179357
v1,1790758514822344,SAT,69,10728d70e0641a69:0x115a2d,1179426
v1,1790758514822807,SAT,332,10728d70e0641a69:0x115a2d,1179758
v1,1790758514822858,SAT,29,10728d70e0641a69:0x115a2d,1179787
v1,1790758514823025,UNSAT,71,10728d70e0641a69:0x115a2d,1179858
v1,1790758514823054,SAT,19,10728d70e0641a69:0x115a2d,1179877
v1,1790758514823195,UNSAT,59,10728d70e0641a69:0x115a2d,1179936
v1,1790758514823274,SAT,65,10728d70e0641a69:0x115a2d,1180001
v1,1790758514823421,SAT,57,10728d70e0641a69:0x115a2d,1180058
v1,1790758514825671,SAT,1805,10728d70e0641a69:0x115a2d,1181863
v1,1790758514827332,SAT,46,10728d70e0641a69:0x115a2d,1181909
v1,1790758514827653,UNSAT,108,10728d70e0641a69:0x115a2d,1182017
v1,1790758514827686,SAT,19,10728d70e0641a69:0x115a2d,1182036
v1,1790758514827953,UNSAT,106,10728d70e0641a69:0x115a2d,1182142
v1,1790758514828061,SAT,64,10728d70e0641a69:0x115a2d,1182206
v1,1790758514828265,SAT,75,10728d70e0641a69:0x115a2d,1182281
v1,1790758514832092,SAT,3318,10728d70e0641a69:0x115a2d,1185599
v1,1790758514835282,SAT,81,10728d70e0641a69:0x115a2d,1185680
v1,1790758514835637,UNSAT,130,10728d70e0641a69:0x115a2d,1185810
v1,1790758514835672,SAT,21,10728d70e0641a69:0x115a2d,1185831
v1,1790758514835910,UNSAT,95,10728d70e0641a69:0x115a2d,1185926
v1,1790758514836012,SAT,64,10728d70e0641a69:0x115a2d,1185990
v1,1790758514836195,SAT,57,10728d70e0641a69:0x115a2d,1186047
v1,1790758514841580,SAT,4815,10728d70e0641a69:0x115a2d,1190862
v1,1790758514846235,SAT,47,10728d70e0641a69:0x115a2d,1190909
v1,1790758514846589,UNSAT,115,10728d70e0641a69:0x115a2d,1191024
v1,1790758514846628,SAT,23,10728d70e0641a69:0x115a2d,1191047
v1,1790758514846880,UNSAT,103,10728d70e0641a69:0x115a2d,1191150
v1,1790758514846982,SAT,63,10728d70e0641a69:0x115a2d,1191213
v1,1790758514847172,SAT,61,10728d70e0641a69:0x115a2d,1191274
v1,1790758514847765,SAT,355,10728d70e0641a69:0x115a2d,1191629
v1,1790758514847846,SAT,55,10728d70e0641a69:0x115a2d,1191684
v1,1790758514848035,UNSAT,80,10728d70e0641a69:0x115a2d,1191764
v1,1790758514848066,SAT,20,10728d70e0641a69:0x115a2d,1191784
v1,1790758514848230,UNSAT,73,10728d70e0641a69:0x115a2d,1191857
v1,1790758514848307,SAT,61,10728d70e0641a69:0x115a2d,1191918
v1,1790758514848468,SAT,60,10728d70e0641a69:0x115a2d,1191978
v1,1790758514849008,SAT,399,10728d70e0641a69:0x115a2d,1192377
v1,1790758514849078,SAT,32,10728d70e0641a69:0x115a2d,1192409
v1,1790758514849330,UNSAT,98,10728d70e0641a69:0x115a2d,1192507
v1,1790758514849368,SAT,23,10728d70e0641a69:0x115a2d,1192530
v1,1790758514849548,UNSAT,66,10728d70e0641a69:0x115a2d,1192596
v1,1790758514849622,SAT,55,10728d70e0641a69:0x115a2d,1192651
v1,1790758514849785,SAT,68,10728d70e0641a69:0x115a2d,1192719
v1,1790758514850445,SAT,371,10728d70e0641a69:0x115a2d,1193090
v1,1790758514850514,SAT,33,10728d70e0641a69:0x115a2d,1193123
v1,1790758514850852,UNSAT,124,10728d70e0641a69:0x115a2d,1193247
v1,1790758514850889,SAT,24,10728d70e0641a69:0x115a2d,1193271
v1,1790758514851121,UNSAT,93,10728d70e0641a69:0x115a2d,1193364
v1,1790758514851217,SAT,55,10728d70e0641a69:0x115a2d,1193419
v1,1790758514851413,SAT,68,10728d70e0641a69:0x115a2d,1193487
v1,1790758514851960,SAT,350,10728d70e0641a69:0x115a2d,1193837
v1,1790758514852037,SAT,53,10728d70e0641a69:0x115a2d,1193890
v1,1790758514852245,UNSAT,78,10728d70e0641a69:0x115a2d,1193968
v1,1790758514852293,SAT,18,10728d70e0641a69:0x115a2d,1193986
v1,1790758514852484,UNSAT,83,10728d70e0641a69:0x115a2d,1194069
v1,1790758514852566,SAT,60,10728d70e0641a69:0x115a2d,1194129
v1,1790758514852740,SAT,60,10728d70e0641a69:0x115a2d,1194189
v1,1790758514855094,SAT,1902,10728d70e0641a69:0x115a2d,1196091
v1,1790758514856914,SAT,51,10728d70e0641a69:0x115a2d,1196142
v1,1790758514857272,UNSAT,125,10728d70e0641a69:0x115a2d,1196267
v1,1790758514857324,SAT,35,10728d70e0641a69:0x115a2d,1196302
v1,1790758514857607,UNSAT,106,10728d70e0641a69:0x115a2d,1196408
v1,1790758514857709,SAT,59,10728d70e0641a69:0x115a2d,1196467
v1,1790758514857934,SAT,65,10728d70e0641a69:0x115a2d,1196532
v1,1790758514858569,SAT,404,10728d70e0641a69:0x115a2d,1196936
v1,1790758514858624,SAT,25,10728d70e0641a69:0x115a2d,1196961
v1,1790758514858839,UNSAT,95,10728d70e0641a69:0x115a2d,1197056
v1,1790758514858875,SAT,22,10728d70e0641a69:0x115a2d,1197078
v1,1790758514859044,UNSAT,70,10728d70e0641a69:0x115a2d,1197148
v1,1790758514859120,SAT,61,10728d70e0641a69:0x115a2d,1197209
v1,1790758514859314,SAT,75,10728d70e0641a69:0x115a2d,1197284
v1,1790758514863293,SAT,3501,10728d70e0641a69:0x115a2d,1200785
v1,1790758514866539,SAT,51,10728d70e0641a69:0x115a2d,1200836
v1,1790758514866920,UNSAT,131,10728d70e0641a69:0x115a2d,1200967
v1,1790758514866993,SAT,42,10728d70e0641a69:0x115a2d,1201009
v1,1790758514867329,UNSAT,129,10728d70e0641a69:0x115a2d,1201138
v1,1790758514867439,SAT,65,10728d70e0641a69:0x115a2d,1201203
v1,1790758514867654,SAT,68,10728d70e0641a69:0x115a2d,1201271
v1,1790758514873145,SAT,4968,10728d70e0641a69:0x115a2d,1206239
v1,1790758514877804,SAT,47,10728d70e0641a69:0x115a2d,1206286
v1,1790758514878346,UNSAT,129,10728d70e0641a69:0x115a2d,1206415
v1,1790758514878398,SAT,34,10728d70e0641a69:0x115a2d,1206449
v1,1790758514878701,UNSAT,130,10728d70e0641a69:0x115a2d,1206579
v1,1790758514878809,SAT,63,10728d70e0641a69:0x115a2d,1206642
v1,1790758514879029,SAT,65,10728d70e0641a69:0x115a2d,1206707
v1,1790758514879766,SAT,387,10728d70e0641a69:0x115a2d,1207094
v1,1790758514879819,SAT,27,10728d70e0641a69:0x115a2d,1207121
v1,1790758514880012,UNSAT,78,10728d70e0641a69:0x115a2d,1207199
v1,1790758514880056,SAT,30,10728d70e0641a69:0x115a2d,1207229
v1,1790758514880224,UNSAT,69,10728d70e0641a69:0x115a2d,1207298
v1,1790758514880316,SAT,77,10728d70e0641a69:0x115a2d,1207375
v1,1790758514880476,SAT,60,10728d70e0641a69:0x115a2d,1207435
v1,1790758514880990,SAT,371,10728d70e0641a69:0x115a2d,1207806
v1,1790758514881037,SAT,24,10728d70e0641a69:0x115a2d,1207830
v1,1790758514881231,UNSAT,87,10728d70e0641a69:0x115a2d,1207917
v1,1790758514881275,SAT,33,10728d70e0641a69:0x115a2d,1207950
v1,1790758514881444,UNSAT,71,10728d70e0641a69:0x115a2d,1208021
v1,1790758514881526,SAT,62,10728d70e0641a69:0x115a2d,1208083
v1,1790758514881678,SAT,56,10728d70e0641a69:0x115a2d,1208139
v1,1790758514882174,SAT,347,10728d70e0641a69:0x115a2d,1208486
v1,1790758514882240,SAT,44,10728d70e0641a69:0x115a2d,1208530
v1,1790758514882442,UNSAT,82,10728d70e0641a69:0x115a2d,1208612
v1,1790758514882472,SAT,20,10728d70e0641a69:0x115a2d,1208632
v1,1790758514882636,UNSAT,68,10728d70e0641a69:0x115a2d,1208700
v1,1790758514882704,SAT,54,10728d70e0641a69:0x115a2d,1208754
v1,1790758514882852,SAT,61,10728d70e0641a69:0x115a2d,1208815
v1,1790758514883662,SAT,341,10728d70e0641a69:0x115a2d,1209156
v1,1790758514883728,SAT,30,10728d70e0641a69:0x115a2d,1209186
v1,1790758514883993,UNSAT,108,10728d70e0641a69:0x115a2d,1209294
v1,1790758514884021,SAT,18,10728d70e0641a69:0x115a2d,1209312
v1,1790758514884241,UNSAT,93,10728d70e0641a69:0x115a2d,1209405
v1,1790758514884354,SAT,57,10728d70e0641a69:0x115a2d,1209462
v1,1790758514884533,SAT,63,10728d70e0641a69:0x115a2d,1209525
v1,1790758514885015,SAT,352,10728d70e0641a69:0x115a2d,1209877
v1,1790758514885058,SAT,22,10728d70e0641a69:0x115a2d,1209899
v1,1790758514885253,UNSAT,94,10728d70e0641a69:0x115a2d,1209993
v1,1790758514885297,SAT,30,10728d70e0641a69:0x115a2d,1210023
v1,1790758514885481,UNSAT,74,10728d70e0641a69:0x115a2d,1210097
v1,1790758514885557,SAT,60,10728d70e0641a69:0x115a2d,1210157
v1,1790758514885707,SAT,62,10728d70e0641a69:0x115a2d,1210219
v1,1790758514887918,SAT,1773,10728d70e0641a69:0x115a2d,1211992
v1,1790758514889555,SAT,39,10728d70e0641a69:0x115a2d,1212031
v1,1790758514889873,UNSAT,118,10728d70e0641a69:0x115a2d,1212149
v1,1790758514889910,SAT,23,10728d70e0641a69:0x115a2d,1212172
v1,1790758514890153,UNSAT,97,10728d70e0641a69:0x115a2d,1212269
v1,1790758514890260,SAT,65,10728d70e0641a69:0x115a2d,1212334
v1,1790758514890458,SAT,60,10728d70e0641a69:0x115a2d,1212394
v1,1790758514894286,SAT,3317,10728d70e0641a69:0x115a2d,1215711
v1,1790758514897445,SAT,43,10728d70e0641a69:0x115a2d,1215754
v1,1790758514897809,UNSAT,119,10728d70e0641a69:0x115a2d,1215873
v1,1790758514897852,SAT,28,10728d70e0641a69:0x115a2d,1215901
v1,1790758514898113,UNSAT,98,10728d70e0641a69:0x115a2d,1215999
v1,1790758514898212,SAT,57,10728d70e0641a69:0x115a2d,1216056
v1,1790758514898418,SAT,62,10728d70e0641a69:0x115a2d,1216118
v1,1790758514903870,SAT,4875,10728d70e0641a69:0x115a2d,1220993
v1,1790758514908518,SAT,50,10728d70e0641a69:0x115a2d,1221043
v1,1790758514908897,UNSAT,128,10728d70e0641a69:0x115a2d,1221171
v1,1790758514908931,SAT,19,10728d70e0641a69:0x115a2d,1221190
v1,1790758514909202,UNSAT,109,10728d70e0641a69:0x115a2d,1221299
v1,1790758514909326,SAT,82,10728d70e0641a69:0x115a2d,1221381
v1,1790758514909564,SAT,73,10728d70e0641a69:0x115a2d,1221454
v1,1790758514910213,SAT,362,10728d70e0641a69:0x115a2d,1221816
v1,1790758514910324,SAT,85,10728d70e0641a69:0x115a2d,1221901
v1,1790758514910509,UNSAT,74,10728d70e0641a69:0x115a2d,1221975
v1,1790758514910535,SAT,17,10728d70e0641a69:0x115a2d,1221992
v1,1790758514910695,UNSAT,71,10728d70e0641a69:0x115a2d,1222063
v1,1790758514910765,SAT,54,10728d70e0641a69:0x115a2d,1222117
v1,1790758514910912,SAT,54,10728d70e0641a69:0x115a2d,1222171
v1,1790758514911394,SAT,352,10728d70e0641a69:0x115a2d,1222523
v1,1790758514911446,SAT,23,10728d70e0641a69:0x115a2d,1222546
v1,1790758514911702,UNSAT,101,10728d70e0641a69:0x115a2d,1222647
v1,1790758514911732,SAT,19,10728d70e0641a69:0x115a2d,1222666
v1,1790758514911937,UNSAT,88,10728d70e0641a69:0x115a2d,1222754
v1,1790758514912026,SAT,54,10728d70e0641a69:0x115a2d,1222808
v1,1790758514912195,SAT,55,10728d70e0641a69:0x115a2d,1222863
v1,1790758514912656,SAT,329,10728d70e0641a69:0x115a2d,1223192
v1,1790758514912696,SAT,20,10728d70e0641a69:0x115a2d,1223212
v1,1790758514912869,UNSAT,75,10728d70e0641a69:0x115a2d,1223287
v1,1790758514912896,SAT,18,10728d70e0641a69:0x115a2d,1223305
v1,1790758514913046,UNSAT,62,10728d70e0641a69:0x115a2d,1223367
v1,1790758514913111,SAT,51,10728d70e0641a69:0x115a2d,1223418
v1,1790758514913262,SAT,67,10728d70e0641a69:0x115a2d,1223485
v1,1790758514913720,SAT,331,10728d70e0641a69:0x115a2d,1223816
v1,1790758514913774,SAT,29,10728d70e0641a69:0x115a2d,1223845
v1,1790758514913946,UNSAT,74,10728d70e0641a69:0x115a2d,1223919
v1,1790758514913976,SAT,21,10728d70e0641a69:0x115a2d,1223940
v1,1790758514914125,UNSAT,65,10728d70e0641a69:0x115a2d,1224005
v1,1790758514914193,SAT,54,10728d70e0641a69:0x115a2d,1224059
v1,1790758514914338,SAT,55,10728d70e0641a69:0x115a2d,1224114
v1,1790758514916561,SAT,1746,10728d70e0641a69:0x115a2d,1225860
v1,1790758514918179,SAT,42,10728d70e0641a69:0x115a2d,1225902
v1,1790758514918486,UNSAT,107,10728d70e0641a69:0x115a2d,1226009
v1,1790758514918521,SAT,20,10728d70e0641a69:0x115a2d,1226029
v1,1790758514918749,UNSAT,92,10728d70e0641a69:0x115a2d,1226121
v1,1790758514918846,SAT,60,10728d70e0641a69:0x115a2d,1226181
v1,1790758514919041,SAT,68,10728d70e0641a69:0x115a2d,1226249
v1,1790758514922825,SAT,3232,10728d70e0641a69:0x115a2d,1229481
v1,1790758514926040,SAT,72,10728d70e0641a69:0x115a2d,1229553
v1,1790758514926406,UNSAT,117,10728d70e0641a69:0x115a2d,1229670
v1,1790758514926443,SAT,23,10728d70e0641a69:0x115a2d,1229693
v1,1790758514926684,UNSAT,96,10728d70e0641a69:0x115a2d,1229789
v1,1790758514926778,SAT,58,10728d70e0641a69:0x115a2d,1229847
v1,1790758514926968,SAT,59,10728d70e0641a69:0x115a2d,1229906
v1,1790758514927491,SAT,365,10728d70e0641a69:0x115a2d,1230271
v1,1790758514927540,SAT,23,10728d70e0641a69:0x115a2d,1230294
v1,1790758514927730,UNSAT,83,10728d70e0641a69:0x115a2d,1230377
v1,1790758514927762,SAT,22,10728d70e0641a69:0x115a2d,1230399
v1,1790758514927910,UNSAT,62,10728d70e0641a69:0x115a2d,1230461
v1,1790758514927978,SAT,54,10728d70e0641a69:0x115a2d,1230515
v1,1790758514928128,SAT,60,10728d70e0641a69:0x115a2d,1230575
v1,1790758514933407,SAT,4760,10728d70e0641a69:0x115a2d,1235335
v1,1790758514938056,SAT,49,10728d70e0641a69:0x115a2d,1235384
v1,1790758514938419,UNSAT,118,10728d70e0641a69:0x115a2d,1235502
v1,1790758514938460,SAT,22,10728d70e0641a69:0x115a2d,1235524
v1,1790758514938728,UNSAT,102,10728d70e0641a69:0x115a2d,1235626
v1,1790758514938829,SAT,63,10728d70e0641a69:0x115a2d,1235689
v1,1790758514939032,SAT,61,10728d70e0641a69:0x115a2d,1235750
v1,1790758514939630,SAT,360,10728d70e0641a69:0x115a2d,1236110
v1,1790758514939686,SAT,32,10728d70e0641a69:0x115a2d,1236142
v1,1790758514939868,UNSAT,74,10728d70e0641a69:0x115a2d,1236216
v1,1790758514939897,SAT,19,10728d70e0641a69:0x115a2d,1236235
v1,1790758514940048,UNSAT,62,10728d70e0641a69:0x115a2d,1236297
v1,1790758514940114,SAT,51,10728d70e0641a69:0x115a2d,1236348
v1,1790758514940256,SAT,59,10728d70e0641a69:0x115a2d,1236407
v1,1790758514940781,SAT,336,10728d70e0641a69:0x115a2d,1236743
v1,1790758514940835,SAT,33,10728d70e0641a69:0x115a2d,1236776
v1,1790758514941013,UNSAT,76,10728d70e0641a69:0x115a2d,1236852
v1,1790758514941044,SAT,22,10728d70e0641a69:0x115a2d,1236874
v1,1790758514941193,UNSAT,67,10728d70e0641a69:0x115a2d,1236941
v1,1790758514941282,SAT,75,10728d70e0641a69:0x115a2d,1237016
v1,1790758514941440,SAT,64,10728d70e0641a69:0x115a2d,1237080
v1,1790758514941915,SAT,339,10728d70e0641a69:0x115a2d,1237419
v1,1790758514941963,SAT,29,10728d70e0641a69:0x115a2d,1237448
v1,1790758514942128,UNSAT,71,10728d70e0641a69:0x115a2d,1237519
v1,1790758514942158,SAT,21,10728d70e0641a69:0x115a2d,1237540
v1,1790758514942311,UNSAT,70,10728d70e0641a69:0x115a2d,1237610
v1,1790758514942390,SAT,54,10728d70e0641a69:0x115a2d,1237664
v1,1790758514942552,SAT,70,10728d70e0641a69:0x115a2d,1237734
v1,1790758514943063,SAT,334,10728d70e0641a69:0x115a2d,1238068
v1,1790758514943112,SAT,21,10728d70e0641a69:0x115a2d,1238089
v1,1790758514943398,UNSAT,116,10728d70e0641a69:0x115a2d,1238205
v1,1790758514943428,SAT,20,10728d70e0641a69:0x115a2d,1238225
v1,1790758514943660,UNSAT,105,10728d70e0641a69:0x115a2d,1238330
v1,1790758514943765,SAT,59,10728d70e0641a69:0x115a2d,1238389
v1,1790758514943940,SAT,57,10728d70e0641a69:0x115a2d,1238446
v1,1790758514944404,SAT,339,10728d70e0641a69:0x115a2d,1238785
v1,1790758514944448,SAT,24,10728d70e0641a69:0x115a2d,1238809
v1,1790758514944614,UNSAT,71,10728d70e0641a69:0x115a2d,1238880
v1,1790758514944642,SAT,19,10728d70e0641a69:0x115a2d,1238899
v1,1790758514944788,UNSAT,63,10728d70e0641a69:0x115a2d,1238962
v1,1790758514944854,SAT,53,10728d70e0641a69:0x115a2d,1239015
v1,1790758514944995,SAT,56,10728d70e0641a69:0x115a2d,1239071
v1,1790758514947311,SAT,1817,10728d70e0641a69:0x115a2d,1240888
v1,1790758514948953,SAT,52,10728d70e0641a69:0x115a2d,1240940
v1,1790758514949293,UNSAT,122,10728d70e0641a69:0x115a2d,1241062
v1,1790758514949329,SAT,22,10728d70e0641a69:0x115a2d,1241084
v1,1790758514949585,UNSAT,100,10728d70e0641a69:0x115a2d,1241184
v1,1790758514949691,SAT,63,10728d70e0641a69:0x115a2d,1241247
v1,1790758514949883,SAT,63,10728d70e0641a69:0x115a2d,1241310
v1,1790758514953667,SAT,3307,10728d70e0641a69:0x115a2d,1244617
v1,1790758514956850,SAT,78,10728d70e0641a69:0x115a2d,1244695
v1,1790758514957212,UNSAT,124,10728d70e0641a69:0x115a2d,1244819
v1,1790758514957252,SAT,25,10728d70e0641a69:0x115a2d,1244844
v1,1790758514957518,UNSAT,100,10728d70e0641a69:0x115a2d,1244944
v1,1790758514957629,SAT,69,10728d70e0641a69:0x115a2d,1245013
v1,1790758514957836,SAT,63,10728d70e0641a69:0x115a2d,1245076
v1,1790758514963217,SAT,4797,10728d70e0641a69:0x115a2d,1249873
v1,1790758514967883,SAT,67,10728d70e0641a69:0x115a2d,1249940
v1,1790758514968272,UNSAT,146,10728d70e0641a69:0x115a2d,1250086
v1,1790758514968309,SAT,23,10728d70e0641a69:0x115a2d,1250109
v1,1790758514968590,UNSAT,115,10728d70e0641a69:0x115a2d,1250224
v1,1790758514968700,SAT,62,10728d70e0641a69:0x115a2d,1250286
v1,1790758514968901,SAT,67,10728d70e0641a69:0x115a2d,1250353
v1,1790758514969505,SAT,366,10728d70e0641a69:0x115a2d,1250719
v1,1790758514969554,SAT,25,10728d70e0641a69:0x115a2d,1250744
v1,1790758514969730,UNSAT,71,10728d70e0641a69:0x115a2d,1250815
v1,1790758514969758,SAT,19,10728d70e0641a69:0x115a2d,1250834
v1,1790758514969914,UNSAT,72,10728d70e0641a69:0x115a2d,1250906
v1,1790758514969986,SAT,58,10728d70e0641a69:0x115a2d,1250964
v1,1790758514970158,SAT,65,10728d70e0641a69:0x115a2d,1251029
v1,1790758514970740,SAT,342,10728d70e0641a69:0x115a2d,1251371
v1,1790758514970786,SAT,23,10728d70e0641a69:0x115a2d,1251394
v1,1790758514970955,UNSAT,71,10728d70e0641a69:0x115a2d,1251465
v1,1790758514970982,SAT,18,10728d70e0641a69:0x115a2d,1251483
v1,1790758514971139,UNSAT,69,10728d70e0641a69:0x115a2d,1251552
v1,1790758514971223,SAT,69,10728d70e0641a69:0x115a2d,1251621
v1,1790758514971387,SAT,64,10728d70e0641a69:0x115a2d,1251685
v1,1790758514971850,SAT,333,10728d70e0641a69:0x115a2d,1252018
v1,1790758514971913,SAT,30,10728d70e0641a69:0x115a2d,1252048
v1,1790758514972189,UNSAT,121,10728d70e0641a69:0x115a2d,1252169
v1,1790758514972226,SAT,27,10728d70e0641a69:0x115a2d,1252196
v1,1790758514972477,UNSAT,100,10728d70e0641a69:0x115a2d,1252296
v1,1790758514972578,SAT,58,10728d70e0641a69:0x115a2d,1252354
v1,1790758514972767,SAT,66,10728d70e0641a69:0x115a2d,1252420
v1,1790758514973298,SAT,386,10728d70e0641a69:0x115a2d,1252806
v1,1790758514973350,SAT,25,10728d70e0641a69:0x115a2d,1252831
v1,1790758514973542,UNSAT,78,10728d70e0641a69:0x115a2d,1252909
v1,1790758514973571,SAT,19,10728d70e0641a69:0x115a2d,1252928
v1,1790758514973732,UNSAT,66,10728d70e0641a69:0x115a2d,1252994
v1,1790758514973800,SAT,54,10728d70e0641a69:0x115a2d,1253048
v1,1790758514973939,SAT,56,10728d70e0641a69:0x115a2d,1253104
v1,1790758514974427,SAT,348,10728d70e0641a69:0x115a2d,1253452
v1,1790758514974474,SAT,25,10728d70e0641a69:0x115a2d,1253477
v1,1790758514974655,UNSAT,76,10728d70e0641a69:0x115a2d,1253553
v1,1790758514974691,SAT,27,10728d70e0641a69:0x115a2d,1253580
v1,1790758514974851,UNSAT,66,10728d70e0641a69:0x115a2d,1253646
v1,1790758514974923,SAT,57,10728d70e0641a69:0x115a2d,1253703
v1,1790758514975078,SAT,58,10728d70e0641a69:0x115a2d,1253761
v1,1790758514977316,SAT,1774,10728d70e0641a69:0x115a2d,1255535
v1,1790758514978984,SAT,66,10728d70e0641a69:0x115a2d,1255601
v1,1790758514979322,UNSAT,116,10728d70e0641a69:0x115a2d,1255717
v1,1790758514979363,SAT,27,10728d70e0641a69:0x115a2d,1255744
v1,1790758514979613,UNSAT,108,10728d70e0641a69:0x115a2d,1255852
v1,1790758514979712,SAT,56,10728d70e0641a69:0x115a2d,1255908
v1,1790758514979911,SAT,61,10728d70e0641a69:0x115a2d,1255969
v1,1790758514984049,SAT,3614,10728d70e0641a69:0x115a2d,1259583
v1,1790758514987370,SAT,56,10728d70e0641a69:0x115a2d,1259639
v1,1790758514987916,UNSAT,289,10728d70e0641a69:0x115a2d,1259928
v1,1790758514987974,SAT,42,10728d70e0641a69:0x115a2d,1259970
v1,1790758514988231,UNSAT,101,10728d70e0641a69:0x115a2d,1260071
v1,1790758514988336,SAT,57,10728d70e0641a69:0x115a2d,1260128
v1,1790758514988539,SAT,66,10728d70e0641a69:0x115a2d,1260194
v1,1790758514993870,SAT,4758,10728d70e0641a69:0x115a2d,1264952
v1,1790758514998478,SAT,44,10728d70e0641a69:0x115a2d,1264996
v1,1790758514998860,UNSAT,127,10728d70e0641a69:0x115a2d,1265123
v1,1790758514998905,SAT,26,10728d70e0641a69:0x115a2d,1265149
v1,1790758514999187,UNSAT,106,10728d70e0641a69:0x115a2d,1265255
v1,1790758514999305,SAT,75,10728d70e0641a69:0x115a2d,1265330
v1,1790758514999507,SAT,66,10728d70e0641a69:0x115a2d,1265396
v1,1790758515000108,SAT,368,10728d70e0641a69:0x115a2d,1265764
v1,1790758515000159,SAT,25,10728d70e0641a69:0x115a2d,1265789
v1,1790758515000363,UNSAT,78,10728d70e0641a69:0x115a2d,1265867
v1,1790758515000395,SAT,21,10728d70e0641a69:0x115a2d,1265888
v1,1790758515000570,UNSAT,74,10728d70e0641a69:0x115a2d,1265962
v1,1790758515000652,SAT,66,10728d70e0641a69:0x115a2d,1266028
v1,1790758515000807,SAT,61,10728d70e0641a69:0x115a2d,1266089
v1,1790758515001313,SAT,361,10728d70e0641a69:0x115a2d,1266450
v1,1790758515001368,SAT,28,10728d70e0641a69:0x115a2d,1266478
v1,1790758515001545,UNSAT,74,10728d70e0641a69:0x115a2d,1266552
v1,1790758515001582,SAT,27,10728d70e0641a69:0x115a2d,1266579
v1,1790758515001741,UNSAT,63,10728d70e0641a69:0x115a2d,1266642
v1,1790758515001811,SAT,56,10728d70e0641a69:0x115a2d,1266698
v1,1790758515001949,SAT,58,10728d70e0641a69:0x115a2d,1266756
v1,1790758515002541,SAT,358,10728d70e0641a69:0x115a2d,1267114
v1,1790758515002606,SAT,30,10728d70e0641a69:0x115a2d,1267144
v1,1790758515002880,UNSAT,111,10728d70e0641a69:0x115a2d,1267255
v1,1790758515002920,SAT,29,10728d70e0641a69:0x115a2d,1267284
v1,1790758515003157,UNSAT,98,10728d70e0641a69:0x115a2d,1267382
v1,1790758515003293,SAT,96,10728d70e0641a69:0x115a2d,1267478
v1,1790758515003481,SAT,63,10728d70e0641a69:0x115a2d,1267541
v1,1790758515004021,SAT,350,10728d70e0641a69:0x115a2d,1267891
v1,1790758515004070,SAT,28,10728d70e0641a69:0x115a2d,1267919
v1,1790758515004252,UNSAT,80,10728d70e0641a69:0x115a2d,1267999
v1,1790758515004285,SAT,23,10728d70e0641a69:0x115a2d,1268022
v1,1790758515004437,UNSAT,67,10728d70e0641a69:0x115a2d,1268089
v1,1790758515004506,SAT,55,10728d70e0641a69:0x115a2d,1268144
v1,1790758515004657,SAT,61,10728d70e0641a69:0x115a2d,1268205
v1,1790758515006790,SAT,1751,10728d70e0641a69:0x115a2d,1269956
v1,1790758515008447,SAT,35,10728d70e0641a69:0x115a2d,1269991
v1,1790758515008785,UNSAT,126,10728d70e0641a69:0x115a2d,1270117
v1,1790758515008824,SAT,23,10728d70e0641a69:0x115a2d,1270140
v1,1790758515009071,UNSAT,105,10728d70e0641a69:0x115a2d,1270245
v1,1790758515009175,SAT,62,10728d70e0641a69:0x115a2d,1270307
v1,1790758515009396,SAT,60,10728d70e0641a69:0x115a2d,1270367
v1,1790758515010008,SAT,370,10728d70e0641a69:0x115a2d,1270737
v1,1790758515010067,SAT,28,10728d70e0641a69:0x115a2d,1270765
v1,1790758515010262,UNSAT,84,10728d70e0641a69:0x115a2d,1270849
v1,1790758515010293,SAT,20,10728d70e0641a69:0x115a2d,1270869
v1,1790758515010456,UNSAT,73,10728d70e0641a69:0x115a2d,1270942
v1,1790758515010533,SAT,61,10728d70e0641a69:0x115a2d,1271003
v1,1790758515010684,SAT,61,10728d70e0641a69:0x115a2d,1271064
v1,1790758515014462,SAT,3336,10728d70e0641a69:0x115a2d,1274400
v1,1790758515017626,SAT,47,10728d70e0641a69:0x115a2d,1274447
v1,1790758515017969,UNSAT,114,10728d70e0641a69:0x115a2d,1274561
v1,1790758515018002,SAT,19,10728d70e0641a69:0x115a2d,1274580
v1,1790758515018244,UNSAT,95,10728d70e0641a69:0x115a2d,1274675
v1,1790758515018354,SAT,60,10728d70e0641a69:0x115a2d,1274735
v1,1790758515018542,SAT,57,10728d70e0641a69:0x115a2d,1274792
v1,1790758515023826,SAT,4778,10728d70e0641a69:0x115a2d,1279570
v1,1790758515028463,SAT,44,10728d70e0641a69:0x115a2d,1279614
v1,1790758515028882,UNSAT,186,10728d70e0641a69:0x115a2d,1279800
v1,1790758515028930,SAT,34,10728d70e0641a69:0x115a2d,1279834
v1,1790758515029184,UNSAT,103,10728d70e0641a69:0x115a2d,1279937
v1,1790758515029297,SAT,72,10728d70e0641a69:0x115a2d,1280009
v1,1790758515029503,SAT,69,10728d70e0641a69:0x115a2d,1280078
v1,1790758515030174,SAT,349,10728d70e0641a69:0x115a2d,1280427
v1,1790758515030219,SAT,21,10728d70e0641a69:0x115a2d,1280448
v1,1790758515030416,UNSAT,73,10728d70e0641a69:0x115a2d,1280521
v1,1790758515030451,SAT,25,10728d70e0641a69:0x115a2d,1280546
v1,1790758515030607,UNSAT,70,10728d70e0641a69:0x115a2d,1280616
v1,1790758515030688,SAT,64,10728d70e0641a69:0x115a2d,1280680
v1,1790758515030844,SAT,66,10728d70e0641a69:0x115a2d,1280746
v1,1790758515031331,SAT,349,10728d70e0641a69:0x115a2d,1281095
v1,1790758515031389,SAT,29,10728d70e0641a69:0x115a2d,1281124
v1,1790758515031573,UNSAT,80,10728d70e0641a69:0x115a2d,1281204
v1,1790758515031617,SAT,32,10728d70e0641a69:0x115a2d,1281236
v1,1790758515031778,UNSAT,73,10728d70e0641a69:0x115a2d,1281309
v1,1790758515031849,SAT,56,10728d70e0641a69:0x115a2d,1281365
v1,1790758515031991,SAT,57,10728d70e0641a69:0x115a2d,1281422
v1,1790758515032452,SAT,332,10728d70e0641a69:0x115a2d,1281754
v1,1790758515032494,SAT,21,10728d70e0641a69:0x115a2d,1281775
v1,1790758515032655,UNSAT,68,10728d70e0641a69:0x115a2d,1281843
v1,1790758515032682,SAT,19,10728d70e0641a69:0x115a2d,1281862
v1,1790758515032824,UNSAT,61,10728d70e0641a69:0x115a2d,1281923
v1,1790758515032890,SAT,53,10728d70e0641a69:0x115a2d,1281976
v1,1790758515033027,SAT,55,10728d70e0641a69:0x115a2d,1282031
v1,1790758515033845,SAT,342,10728d70e0641a69:0x115a2d,1282373
v1,1790758515033902,SAT,28,10728d70e0641a69:0x115a2d,1282401
v1,1790758515034173,UNSAT,112,10728d70e0641a69:0x115a2d,1282513
v1,1790758515034207,SAT,23,10728d70e0641a69:0x115a2d,1282536
v1,1790758515034437,UNSAT,95,10728d70e0641a69:0x115a2d,1282631
v1,1790758515034536,SAT,57,10728d70e0641a69:0x115a2d,1282688
v1,1790758515034717,SAT,57,10728d70e0641a69:0x115a2d,1282745
v1,1790758515035185,SAT,339,10728d70e0641a69:0x115a2d,1283084
v1,1790758515035231,SAT,25,10728d70e0641a69:0x115a2d,1283109
v1,1790758515035422,UNSAT,74,10728d70e0641a69:0x115a2d,1283183
v1,1790758515035462,SAT,30,10728d70e0641a69:0x115a2d,1283213
v1,1790758515035617,UNSAT,66,10728d70e0641a69:0x115a2d,1283279
v1,1790758515035695,SAT,64,10728d70e0641a69:0x115a2d,1283343
v1,1790758515035836,SAT,58,10728d70e0641a69:0x115a2d,1283401
v1,1790758515037998,SAT,1732,10728d70e0641a69:0x115a2d,1285133
v1,1790758515039656,SAT,41,10728d70e0641a69:0x115a2d,1285174
v1,1790758515039962,UNSAT,112,10728d70e0641a69:0x115a2d,1285286
v1,1790758515040016,SAT,37,10728d70e0641a69:0x115a2d,1285323
v1,1790758515040280,UNSAT,112,10728d70e0641a69:0x115a2d,1285435
v1,1790758515040382,SAT,60,10728d70e0641a69:0x115a2d,1285495
v1,1790758515040587,SAT,74,10728d70e0641a69:0x115a2d,1285569
v1,1790758515044420,SAT,3319,10728d70e0641a69:0x115a2d,1288888
v1,1790758515047585,SAT,52,10728d70e0641a69:0x115a2d,1288940
v1,1790758515047942,UNSAT,120,10728d70e0641a69:0x115a2d,1289060
v1,1790758515047983,SAT,25,10728d70e0641a69:0x115a2d,1289085
v1,1790758515048244,UNSAT,109,10728d70e0641a69:0x115a2d,1289194
v1,1790758515048354,SAT,62,10728d70e0641a69:0x115a2d,1289256
v1,1790758515048551,SAT,65,10728d70e0641a69:0x115a2d,1289321
v1,1790758515053929,SAT,4812,10728d70e0641a69:0x115a2d,1294133
v1,1790758515058616,SAT,74,10728d70e0641a69:0x115a2d,1294207
v1,1790758515058964,UNSAT,121,10728d70e0641a69:0x115a2d,1294328
v1,1790758515058999,SAT,19,10728d70e0641a69:0x115a2d,1294347
v1,1790758515059270,UNSAT,120,10728d70e0641a69:0x115a2d,1294467
v1,1790758515059376,SAT,62,10728d70e0641a69:0x115a2d,1294529
v1,1790758515059582,SAT,70,10728d70e0641a69:0x115a2d,1294599
v1,1790758515060229,SAT,367,10728d70e0641a69:0x115a2d,1294966
v1,1790758515060291,SAT,30,10728d70e0641a69:0x115a2d,1294996
v1,1790758515060500,UNSAT,85,10728d70e0641a69:0x115a2d,1295081
v1,1790758515060539,SAT,28,10728d70e0641a69:0x115a2d,1295109
v1,1790758515060701,UNSAT,67,10728d70e0641a69:0x115a2d,1295176
v1,1790758515060775,SAT,59,10728d70e0641a69:0x115a2d,1295235
v1,1790758515060926,SAT,63,10728d70e0641a69:0x115a2d,1295298
v1,1790758515061449,SAT,359,10728d70e0641a69:0x115a2d,1295657
v1,1790758515061513,SAT,32,10728d70e0641a69:0x115a2d,1295689
v1,1790758515061793,UNSAT,115,10728d70e0641a69:0x115a2d,1295804
v1,1790758515061833,SAT,28,10728d70e0641a69:0x115a2d,1295832
v1,1790758515062081,UNSAT,101,10728d70e0641a69:0x115a2d,1295933
v1,1790758515062190,SAT,63,10728d70e0641a69:0x115a2d,1295996
v1,1790758515062397,SAT,63,10728d70e0641a69:0x115a2d,1296059
v1,1790758515062877,SAT,349,10728d70e0641a69:0x115a2d,1296408
v1,1790758515062928,SAT,29,10728d70e0641a69:0x115a2d,1296437
v1,1790758515063267,UNSAT,101,10728d70e0641a69:0x115a2d,1296538
v1,1790758515064265,SAT,40,10728d70e0641a69:0x115a2d,1296578
v1,1790758515064462,UNSAT,79,10728d70e0641a69:0x115a2d,1296657
v1,1790758515064538,SAT,59,10728d70e0641a69:0x115a2d,1296716
v1,1790758515064769,SAT,130,10728d70e0641a69:0x115a2d,1296846
v1,1790758515065375,SAT,415,10728d70e0641a69:0x115a2d,1297261
v1,1790758515065490,SAT,53,10728d70e0641a69:0x115a2d,1297314
v1,1790758515065884,UNSAT,144,10728d70e0641a69:0x115a2d,1297458
v1,1790758515065955,SAT,42,10728d70e0641a69:0x115a2d,1297500
v1,1790758515066297,UNSAT,130,10728d70e0641a69:0x115a2d,1297630
v1,1790758515066442,SAT,103,10728d70e0641a69:0x115a2d,1297733
v1,1790758515066769,SAT,123,10728d70e0641a69:0x115a2d,1297856
v1,1790758515069208,SAT,1821,10728d70e0641a69:0x115a2d,1299677
v1,1790758515070955,SAT,54,10728d70e0641a69:0x115a2d,1299731
v1,1790758515071330,UNSAT,141,10728d70e0641a69:0x115a2d,1299872
v1,1790758515071382,SAT,34,10728d70e0641a69:0x115a2d,1299906
v1,1790758515071648,UNSAT,106,10728d70e0641a69:0x115a2d,1300012
v1,1790758515071749,SAT,59,10728d70e0641a69:0x115a2d,1300071
v1,1790758515071952,SAT,63,10728d70e0641a69:0x115a2d,1300134
v1,1790758515075797,SAT,3308,10728d70e0641a69:0x115a2d,1303442
v1,1790758515079050,SAT,56,10728d70e0641a69:0x115a2d,1303498
v1,1790758515079450,UNSAT,137,10728d70e0641a69:0x115a2d,1303635
v1,1790758515079501,SAT,35,10728d70e0641a69:0x115a2d,1303670
v1,1790758515079762,UNSAT,106,10728d70e0641a69:0x115a2d,1303776
v1,1790758515079864,SAT,60,10728d70e0641a69:0x115a2d,1303836
v1,1790758515080068,SAT,73,10728d70e0641a69:0x115a2d,1303909
v1,1790758515080610,SAT,364,10728d70e0641a69:0x115a2d,1304273
v1,1790758515080670,SAT,33,10728d70e0641a69:0x115a2d,1304306
v1,1790758515080859,UNSAT,74,10728d70e0641a69:0x115a2d,1304380
v1,1790758515080893,SAT,24,10728d70e0641a69:0x115a2d,1304404
v1,1790758515081056,UNSAT,71,10728d70e0641a69:0x115a2d,1304475
v1,1790758515081137,SAT,66,10728d70e0641a69:0x115a2d,1304541
v1,1790758515081303,SAT,74,10728d70e0641a69:0x115a2d,1304615
v1,1790758515086714,SAT,4840,10728d70e0641a69:0x115a2d,1309455
v1,1790758515091468,SAT,54,10728d70e0641a69:0x115a2d,1309509
v1,1790758515091859,UNSAT,136,10728d70e0641a69:0x115a2d,1309645
v1,1790758515091900,SAT,24,10728d70e0641a69:0x115a2d,1309669
v1,1790758515092176,UNSAT,101,10728d70e0641a69:0x115a2d,1309770
v1,1790758515092287,SAT,68,10728d70e0641a69:0x115a2d,1309838
v1,1790758515092511,SAT,73,10728d70e0641a69:0x115a2d,1309911
v1,1790758515093128,SAT,367,10728d70e0641a69:0x115a2d,1310278
v1,1790758515093182,SAT,29,10728d70e0641a69:0x115a2d,1310307
v1,1790758515093379,UNSAT,80,10728d70e0641a69:0x115a2d,1310387
v1,1790758515093414,SAT,24,10728d70e0641a69:0x115a2d,1310411
v1,1790758515093574,UNSAT,70,10728d70e0641a69:0x115a2d,1310481
v1,1790758515093651,SAT,59,10728d70e0641a69:0x115a2d,1310540
v1,1790758515093803,SAT,62,10728d70e0641a69:0x115a2d,1310602
v1,1790758515094352,SAT,353,10728d70e0641a69:0x115a2d,1310955
v1,1790758515094413,SAT,31,10728d70e0641a69:0x115a2d,1310986
v1,1790758515094598,UNSAT,76,10728d70e0641a69:0x115a2d,1311062
v1,1790758515094626,SAT,18,10728d70e0641a69:0x115a2d,1311080
v1,1790758515094782,UNSAT,65,10728d70e0641a69:0x115a2d,1311145
v1,1790758515094850,SAT,53,10728d70e0641a69:0x115a2d,1311198
v1,1790758515094984,SAT,54,10728d70e0641a69:0x115a2d,1311252
v1,1790758515095449,SAT,341,10728d70e0641a69:0x115a2d,1311593
v1,1790758515095496,SAT,24,10728d70e0641a69:0x115a2d,1311617
v1,1790758515095684,UNSAT,78,10728d70e0641a69:0x115a2d,1311695
v1,1790758515095713,SAT,19,10728d70e0641a69:0x115a2d,1311714
v1,1790758515095879,UNSAT,70,10728d70e0641a69:0x115a2d,1311784
v1,1790758515095949,SAT,56,10728d70e0641a69:0x115a2d,1311840
v1,1790758515096106,SAT,63,10728d70e0641a69:0x115a2d,1311903
v1,1790758515096634,SAT,336,10728d70e0641a69:0x115a2d,1312239
v1,1790758515096684,SAT,23,10728d70e0641a69:0x115a2d,1312262
v1,1790758515096940,UNSAT,107,10728d70e0641a69:0x115a2d,1312369
v1,1790758515096970,SAT,19,10728d70e0641a69:0x115a2d,1312388
v1,1790758515097229,UNSAT,107,10728d70e0641a69:0x115a2d,1312495
v1,1790758515097349,SAT,64,10728d70e0641a69:0x115a2d,1312559
v1,1790758515097550,SAT,75,10728d70e0641a69:0x115a2d,1312634
v1,1790758515098034,SAT,343,10728d70e0641a69:0x115a2d,1312977
v1,1790758515098107,SAT,50,10728d70e0641a69:0x115a2d,1313027
v1,1790758515098304,UNSAT,82,10728d70e0641a69:0x115a2d,1313109
v1,1790758515098337,SAT,22,10728d70e0641a69:0x115a2d,1313131
v1,1790758515098493,UNSAT,69,10728d70e0641a69:0x115a2d,1313200
v1,1790758515098564,SAT,56,10728d70e0641a69:0x115a2d,1313256
v1,1790758515098725,SAT,64,10728d70e0641a69:0x115a2d,1313320
v1,1790758515100982,SAT,1773,10728d70e0641a69:0x115a2d,1315093
v1,1790758515102653,SAT,46,10728d70e0641a69:0x115a2d,1315139
v1,1790758515102969,UNSAT,116,10728d70e0641a69:0x115a2d,1315255
v1,1790758515103007,SAT,25,10728d70e0641a69:0x115a2d,1315280
v1,1790758515103271,UNSAT,107,10728d70e0641a69:0x115a2d,1315387
v1,1790758515103377,SAT,65,10728d70e0641a69:0x115a2d,1315452
v1,1790758515103577,SAT,65,10728d70e0641a69:0x115a2d,1315517
v1,1790758515107383,SAT,3347,10728d70e0641a69:0x115a2d,1318864
v1,1790758515110662,SAT,81,10728d70e0641a69:0x115a2d,1318945
v1,1790758515111022,UNSAT,123,10728d70e0641a69:0x115a2d,1319068
v1,1790758515111061,SAT,24,10728d70e0641a69:0x115a2d,1319092
v1,1790758515111518,UNSAT,186,10728d70e0641a69:0x115a2d,1319278
v1,1790758515111720,SAT,111,10728d70e0641a69:0x115a2d,1319389
v1,1790758515112120,SAT,118,10728d70e0641a69:0x115a2d,1319507
v1,1790758515117785,SAT,4834,10728d70e0641a69:0x115a2d,1324341
v1,1790758515122513,SAT,50,10728d70e0641a69:0x115a2d,1324391
v1,1790758515122927,UNSAT,121,10728d70e0641a69:0x115a2d,1324512
v1,1790758515122975,SAT,29,10728d70e0641a69:0x115a2d,1324541
v1,1790758515123253,UNSAT,116,10728d70e0641a69:0x115a2d,1324657
v1,1790758515123366,SAT,67,10728d70e0641a69:0x115a2d,1324724
v1,1790758515123602,SAT,91,10728d70e0641a69:0x115a2d,1324815
v1,1790758515124454,SAT,444,10728d70e0641a69:0x115a2d,1325259
v1,1790758515124523,SAT,33,10728d70e0641a69:0x115a2d,1325292
v1,1790758515124747,UNSAT,87,10728d70e0641a69:0x115a2d,1325379
v1,1790758515124782,SAT,24,10728d70e0641a69:0x115a2d,1325403
v1,1790758515124981,UNSAT,82,10728d70e0641a69:0x115a2d,1325485
v1,1790758515125061,SAT,61,10728d70e0641a69:0x115a2d,1325546
v1,1790758515125228,SAT,66,10728d70e0641a69:0x115a2d,1325612
v1,1790758515125864,SAT,378,10728d70e0641a69:0x115a2d,1325990
v1,1790758515125921,SAT,29,10728d70e0641a69:0x115a2d,1326019
v1,1790758515126112,UNSAT,78,10728d70e0641a69:0x115a2d,1326097
v1,1790758515126141,SAT,19,10728d70e0641a69:0x115a2d,1326116
v1,1790758515126295,UNSAT,70,10728d70e0641a69:0x115a2d,1326186
v1,1790758515126373,SAT,61,10728d70e0641a69:0x115a2d,1326247
v1,1790758515126527,SAT,59,10728d70e0641a69:0x115a2d,1326306
v1,1790758515127022,SAT,364,10728d70e0641a69:0x115a2d,1326670
v1,1790758515127094,SAT,31,10728d70e0641a69:0x115a2d,1326701
v1,1790758515127373,UNSAT,105,10728d70e0641a69:0x115a2d,1326806
v1,1790758515127403,SAT,18,10728d70e0641a69:0x115a2d,1326824
v1,1790758515127618,UNSAT,90,10728d70e0641a69:0x115a2d,1326914
v1,1790758515127711,SAT,57,10728d70e0641a69:0x115a2d,1326971
v1,1790758515127896,SAT,63,10728d70e0641a69:0x115a2d,1327034
v1,1790758515128430,SAT,394,10728d70e0641a69:0x115a2d,1327428
v1,1790758515128482,SAT,24,10728d70e0641a69:0x115a2d,1327452
v1,1790758515128677,UNSAT,77,10728d70e0641a69:0x115a2d,1327529
v1,1790758515128707,SAT,20,10728d70e0641a69:0x115a2d,1327549
v1,1790758515128858,UNSAT,64,10728d70e0641a69:0x115a2d,1327613
v1,1790758515128925,SAT,53,10728d70e0641a69:0x115a2d,1327666
v1,1790758515129066,SAT,55,10728d70e0641a69:0x115a2d,1327721
v1,1790758515129533,SAT,343,10728d70e0641a69:0x115a2d,1328064
v1,1790758515129589,SAT,26,10728d70e0641a69:0x115a2d,1328090
v1,1790758515129773,UNSAT,73,10728d70e0641a69:0x115a2d,1328163
v1,1790758515129801,SAT,19,10728d70e0641a69:0x115a2d,1328182
v1,1790758515129950,UNSAT,62,10728d70e0641a69:0x115a2d,1328244
v1,1790758515130017,SAT,52,10728d70e0641a69:0x115a2d,1328296
v1,1790758515130171,SAT,58,10728d70e0641a69:0x115a2d,1328354
v1,1790758515132458,SAT,1798,10728d70e0641a69:0x115a2d,1330152
v1,1790758515134148,SAT,47,10728d70e0641a69:0x115a2d,1330199
v1,1790758515134492,UNSAT,120,10728d70e0641a69:0x115a2d,1330319
v1,1790758515134532,SAT,24,10728d70e0641a69:0x115a2d,1330343
v1,1790758515134789,UNSAT,101,10728d70e0641a69:0x115a2d,1330444
v1,1790758515134893,SAT,64,10728d70e0641a69:0x115a2d,1330508
v1,1790758515135098,SAT,65,10728d70e0641a69:0x115a2d,1330573
v1,1790758515138965,SAT,3345,10728d70e0641a69:0x115a2d,1333918
v1,1790758515142117,SAT,64,10728d70e0641a69:0x115a2d,1333982
v1,1790758515142487,UNSAT,122,10728d70e0641a69:0x115a2d,1334104
v1,1790758515142527,SAT,25,10728d70e0641a69:0x115a2d,1334129
v1,1790758515142786,UNSAT,97,10728d70e0641a69:0x115a2d,1334226
v1,1790758515142883,SAT,58,10728d70e0641a69:0x115a2d,1334284
v1,1790758515143091,SAT,69,10728d70e0641a69:0x115a2d,1334353
v1,1790758515148963,SAT,5148,10728d70e0641a69:0x115a2d,1339501
v1,1790758515154329,SAT,98,10728d70e0641a69:0x115a2d,1339599
v1,1790758515154848,UNSAT,193,10728d70e0641a69:0x115a2d,1339792
v1,1790758515154925,SAT,48,10728d70e0641a69:0x115a2d,1339840
v1,1790758515155453,UNSAT,278,10728d70e0641a69:0x115a2d,1340118
v1,1790758515155624,SAT,102,10728d70e0641a69:0x115a2d,1340220
v1,1790758515155881,SAT,77,10728d70e0641a69:0x115a2d,1340297
v1,1790758515156577,SAT,413,10728d70e0641a69:0x115a2d,1340710
v1,1790758515156663,SAT,40,10728d70e0641a69:0x115a2d,1340750
v1,1790758515156916,UNSAT,95,10728d70e0641a69:0x115a2d,1340845
v1,1790758515156958,SAT,26,10728d70e0641a69:0x115a2d,1340871
v1,1790758515157156,UNSAT,84,10728d70e0641a69:0x115a2d,1340955
v1,1790758515157239,SAT,60,10728d70e0641a69:0x115a2d,1341015
v1,1790758515157434,SAT,72,10728d70e0641a69:0x115a2d,1341087
v1,1790758515157963,SAT,359,10728d70e0641a69:0x115a2d,1341446
v1,1790758515158034,SAT,38,10728d70e0641a69:0x115a2d,1341484
v1,1790758515158269,UNSAT,95,10728d70e0641a69:0x115a2d,1341579
v1,1790758515158315,SAT,31,10728d70e0641a69:0x115a2d,1341610
v1,1790758515158508,UNSAT,81,10728d70e0641a69:0x115a2d,1341691
v1,1790758515158592,SAT,64,10728d70e0641a69:0x115a2d,1341755
v1,1790758515158772,SAT,68,10728d70e0641a69:0x115a2d,1341823
v1,1790758515159471,SAT,414,10728d70e0641a69:0x115a2d,1342237
v1,1790758515159550,SAT,30,10728d70e0641a69:0x115a2d,1342267
v1,1790758515159902,UNSAT,144,10728d70e0641a69:0x115a2d,1342411
v1,1790758515159950,SAT,33,10728d70e0641a69:0x115a2d,1342444
v1,1790758515160241,UNSAT,111,10728d70e0641a69:0x115a2d,1342555
v1,1790758515160356,SAT,62,10728d70e0641a69:0x115a2d,1342617
v1,1790758515160567,SAT,69,10728d70e0641a69:0x115a2d,1342686
v1,1790758515161223,SAT,380,10728d70e0641a69:0x115a2d,1343066
v1,1790758515161287,SAT,28,10728d70e0641a69:0x115a2d,1343094
v1,1790758515161563,UNSAT,117,10728d70e0641a69:0x115a2d,1343211
v1,1790758515161606,SAT,25,10728d70e0641a69:0x115a2d,1343236
v1,1790758515161780,UNSAT,67,10728d70e0641a69:0x115a2d,1343303
v1,1790758515161864,SAT,69,10728d70e0641a69:0x115a2d,1343372
v1,1790758515162044,SAT,68,10728d70e0641a69:0x115a2d,1343440
v1,1790758515164474,SAT,1957,10728d70e0641a69:0x115a2d,1345397
v1,1790758515166262,SAT,74,10728d70e0641a69:0x115a2d,1345471
v1,1790758515166694,UNSAT,141,10728d70e0641a69:0x115a2d,1345612
v1,1790758515166743,SAT,30,10728d70e0641a69:0x115a2d,1345642
v1,1790758515167025,UNSAT,112,10728d70e0641a69:0x115a2d,1345754
v1,1790758515167130,SAT,61,10728d70e0641a69:0x115a2d,1345815
v1,1790758515167336,SAT,65,10728d70e0641a69:0x115a2d,1345880
v1,1790758515167960,SAT,374,10728d70e0641a69:0x115a2d,1346254
v1,1790758515168048,SAT,62,10728d70e0641a69:0x115a2d,1346316
v1,1790758515168233,UNSAT,77,10728d70e0641a69:0x115a2d,1346393
v1,1790758515168271,SAT,28,10728d70e0641a69:0x115a2d,1346421
v1,1790758515168449,UNSAT,68,10728d70e0641a69:0x115a2d,1346489
v1,1790758515168522,SAT,57,10728d70e0641a69:0x115a2d,1346546
v1,1790758515168674,SAT,60,10728d70e0641a69:0x115a2d,1346606
v1,1790758515172440,SAT,3322,10728d70e0641a69:0x115a2d,1349928
v1,1790758515175640,SAT,77,10728d70e0641a69:0x115a2d,1350005
v1,1790758515176064,UNSAT,159,10728d70e0641a69:0x115a2d,1350164
v1,1790758515176117,SAT,37,10728d70e0641a69:0x115a2d,1350201
v1,1790758515177275,UNSAT,987,10728d70e0641a69:0x115a2d,1351188
v1,1790758515177422,SAT,77,10728d70e0641a69:0x115a2d,1351265
v1,1790758515177665,SAT,69,10728d70e0641a69:0x115a2d,1351334
v1,1790758515183054,SAT,4838,10728d70e0641a69:0x115a2d,1356172
v1,1790758515187725,SAT,80,10728d70e0641a69:0x115a2d,1356252
v1,1790758515188109,UNSAT,130,10728d70e0641a69:0x115a2d,1356382
v1,1790758515188164,SAT,41,10728d70e0641a69:0x115a2d,1356423
v1,1790758515188447,UNSAT,114,10728d70e0641a69:0x115a2d,1356537
v1,1790758515188704,SAT,121,10728d70e0641a69:0x115a2d,1356658
v1,1790758515189139,SAT,130,10728d70e0641a69:0x115a2d,1356788
v1,1790758515189985,SAT,380,10728d70e0641a69:0x115a2d,1357168
v1,1790758515190064,SAT,47,10728d70e0641a69:0x115a2d,1357215
v1,1790758515190291,UNSAT,94,10728d70e0641a69:0x115a2d,1357309
v1,1790758515190361,SAT,56,10728d70e0641a69:0x115a2d,1357365
v1,1790758515190554,UNSAT,88,10728d70e0641a69:0x115a2d,1357453
v1,1790758515190691,SAT,88,10728d70e0641a69:0x115a2d,1357541
v1,1790758515190890,SAT,69,10728d70e0641a69:0x115a2d,1357610
v1,1790758515191481,SAT,410,10728d70e0641a69:0x115a2d,1358020
v1,1790758515191545,SAT,30,10728d70e0641a69:0x115a2d,1358050
v1,1790758515191752,UNSAT,80,10728d70e0641a69:0x115a2d,1358130
v1,1790758515191783,SAT,21,10728d70e0641a69:0x115a2d,1358151
v1,1790758515191945,UNSAT,67,10728d70e0641a69:0x115a2d,1358218
v1,1790758515192015,SAT,56,10728d70e0641a69:0x115a2d,1358274
v1,1790758515192162,SAT,57,10728d70e0641a69:0x115a2d,1358331
v1,1790758515192653,SAT,351,10728d70e0641a69:0x115a2d,1358682
v1,1790758515192697,SAT,21,10728d70e0641a69:0x115a2d,1358703
v1,1790758515192879,UNSAT,78,10728d70e0641a69:0x115a2d,1358781
v1,1790758515192909,SAT,19,10728d70e0641a69:0x115a2d,1358800
v1,1790758515193059,UNSAT,63,10728d70e0641a69:0x115a2d,1358863
v1,1790758515193125,SAT,52,10728d70e0641a69:0x115a2d,1358915
v1,1790758515193268,SAT,60,10728d70e0641a69:0x115a2d,1358975
v1,1790758515194104,SAT,349,10728d70e0641a69:0x115a2d,1359324
v1,1790758515194168,SAT,33,10728d70e0641a69:0x115a2d,1359357
v1,1790758515194460,UNSAT,117,10728d70e0641a69:0x115a2d,1359474
v1,1790758515194494,SAT,23,10728d70e0641a69:0x115a2d,1359497
v1,1790758515194731,UNSAT,102,10728d70e0641a69:0x115a2d,1359599
v1,1790758515194838,SAT,65,10728d70e0641a69:0x115a2d,1359664
v1,1790758515195025,SAT,60,10728d70e0641a69:0x115a2d,1359724
v1,1790758515195540,SAT,371,10728d70e0641a69:0x115a2d,1360095
v1,1790758515195588,SAT,24,10728d70e0641a69:0x115a2d,1360119
v1,1790758515195764,UNSAT,73,10728d70e0641a69:0x115a2d,1360192
v1,1790758515195791,SAT,18,10728d70e0641a69:0x115a2d,1360210
v1,1790758515195939,UNSAT,60,10728d70e0641a69:0x115a2d,1360270
v1,1790758515196005,SAT,53,10728d70e0641a69:0x115a2d,1360323
v1,1790758515196159,SAT,58,10728d70e0641a69:0x115a2d,1360381
v1,1790758515198379,SAT,1783,10728d70e0641a69:0x115a2d,1362164
v1,1790758515200028,SAT,45,10728d70e0641a69:0x115a2d,1362209
v1,1790758515200374,UNSAT,131,10728d70e0641a69:0x115a2d,1362340
v1,1790758515200410,SAT,23,10728d70e0641a69:0x115a2d,1362363
v1,1790758515200661,UNSAT,98,10728d70e0641a69:0x115a2d,1362461
v1,1790758515200759,SAT,56,10728d70e0641a69:0x115a2d,1362517
v1,1790758515200964,SAT,73,10728d70e0641a69:0x115a2d,1362590
v1,1790758515204801,SAT,3311,10728d70e0641a69:0x115a2d,1365901
v1,1790758515208025,SAT,71,10728d70e0641a69:0x115a2d,1365972
v1,1790758515208428,UNSAT,126,10728d70e0641a69:0x115a2d,1366098
v1,1790758515208465,SAT,21,10728d70e0641a69:0x115a2d,1366119
v1,1790758515208719,UNSAT,102,10728d70e0641a69:0x115a2d,1366221
v1,1790758515208817,SAT,56,10728d70e0641a69:0x115a2d,1366277
v1,1790758515209010,SAT,60,10728d70e0641a69:0x115a2d,1366337
v1,1790758515214347,SAT,4743,10728d70e0641a69:0x115a2d,1371080
v1,1790758515219044,SAT,57,10728d70e0641a69:0x115a2d,1371137
v1,1790758515219430,UNSAT,123,10728d70e0641a69:0x115a2d,1371260
v1,1790758515219471,SAT,25,10728d70e0641a69:0x115a2d,1371285
v1,1790758515219735,UNSAT,102,10728d70e0641a69:0x115a2d,1371387
v1,1790758515219848,SAT,71,10728d70e0641a69:0x115a2d,1371458
v1,1790758515220048,SAT,64,10728d70e0641a69:0x115a2d,1371522
v1,1790758515220716,SAT,373,10728d70e0641a69:0x115a2d,1371895
v1,1790758515220790,SAT,46,10728d70e0641a69:0x115a2d,1371941
v1,1790758515220981,UNSAT,84,10728d70e0641a69:0x115a2d,1372025
v1,1790758515221010,SAT,19,10728d70e0641a69:0x115a2d,1372044
v1,1790758515221165,UNSAT,69,10728d70e0641a69:0x115a2d,1372113
v1,1790758515221276,SAT,96,10728d70e0641a69:0x115a2d,1372209
v1,1790758515221448,SAT,64,10728d70e0641a69:0x115a2d,1372273
v1,1790758515221950,SAT,344,10728d70e0641a69:0x115a2d,1372617
v1,1790758515222013,SAT,30,10728d70e0641a69:0x115a2d,1372647
v1,1790758515222299,UNSAT,120,10728d70e0641a69:0x115a2d,1372767
v1,1790758515222330,SAT,18,10728d70e0641a69:0x115a2d,1372785
v1,1790758515222566,UNSAT,103,10728d70e0641a69:0x115a2d,1372888
v1,1790758515222665,SAT,56,10728d70e0641a69:0x115a2d,1372944
v1,1790758515222845,SAT,63,10728d70e0641a69:0x115a2d,1373007
v1,1790758515223326,SAT,351,10728d70e0641a69:0x115a2d,1373358
v1,1790758515223373,SAT,25,10728d70e0641a69:0x115a2d,1373383
v1,1790758515223543,UNSAT,69,10728d70e0641a69:0x115a2d,1373452
v1,1790758515223571,SAT,18,10728d70e0641a69:0x115a2d,1373470
v1,1790758515223723,UNSAT,62,10728d70e0641a69:0x115a2d,1373532
v1,1790758515223791,SAT,53,10728d70e0641a69:0x115a2d,1373585
v1,1790758515223933,SAT,54,10728d70e0641a69:0x115a2d,1373639
v1,1790758515224378,SAT,329,10728d70e0641a69:0x115a2d,1373968
v1,1790758515224423,SAT,25,10728d70e0641a69:0x115a2d,1373993
v1,1790758515224597,UNSAT,80,10728d70e0641a69:0x115a2d,1374073
v1,1790758515224632,SAT,25,10728d70e0641a69:0x115a2d,1374098
v1,1790758515224784,UNSAT,69,10728d70e0641a69:0x115a2d,1374167
v1,1790758515224852,SAT,53,10728d70e0641a69:0x115a2d,1374220
v1,1790758515224992,SAT,60,10728d70e0641a69:0x115a2d,1374280
v1,1790758515227315,SAT,1774,10728d70e0641a69:0x115a2d,1376054
v1,1790758515228957,SAT,43,10728d70e0641a69:0x115a2d,1376097
v1,1790758515229309,UNSAT,134,10728d70e0641a69:0x115a2d,1376231
v1,1790758515229364,SAT,41,10728d70e0641a69:0x115a2d,1376272
v1,1790758515229637,UNSAT,119,10728d70e0641a69:0x115a2d,1376391
v1,1790758515229743,SAT,61,10728d70e0641a69:0x115a2d,1376452
v1,1790758515229939,SAT,65,10728d70e0641a69:0x115a2d,1376517
v1,1790758515233742,SAT,3259,10728d70e0641a69:0x115a2d,1379776
v1,1790758515236934,SAT,77,10728d70e0641a69:0x115a2d,1379853
v1,1790758515237332,UNSAT,149,10728d70e0641a69:0x115a2d,1380002
v1,1790758515237373,SAT,23,10728d70e0641a69:0x115a2d,1380025
v1,1790758515237656,UNSAT,118,10728d70e0641a69:0x115a2d,1380143
v1,1790758515237760,SAT,59,10728d70e0641a69:0x115a2d,1380202
v1,1790758515237967,SAT,73,10728d70e0641a69:0x115a2d,1380275
v1,1790758515238506,SAT,378,10728d70e0641a69:0x115a2d,1380653
v1,1790758515238562,SAT,29,10728d70e0641a69:0x115a2d,1380682
v1,1790758515238756,UNSAT,80,10728d70e0641a69:0x115a2d,1380762
v1,1790758515238795,SAT,28,10728d70e0641a69:0x115a2d,1380790
v1,1790758515238956,UNSAT,67,10728d70e0641a69:0x115a2d,1380857
v1,1790758515239026,SAT,56,10728d70e0641a69:0x115a2d,1380913
v1,1790758515239168,SAT,57,10728d70e0641a69:0x115a2d,1380970
v1,1790758515244603,SAT,4841,10728d70e0641a69:0x115a2d,1385811
v1,1790758515249282,SAT,89,10728d70e0641a69:0x115a2d,1385900
v1,1790758515249674,UNSAT,129,10728d70e0641a69:0x115a2d,1386029
v1,1790758515249710,SAT,21,10728d70e0641a69:0x115a2d,1386050
v1,1790758515249976,UNSAT,103,10728d70e0641a69:0x115a2d,1386153
v1,1790758515250076,SAT,56,10728d70e0641a69:0x115a2d,1386209
v1,1790758515250295,SAT,87,10728d70e0641a69:0x115a2d,1386296
v1,1790758515250888,SAT,361,10728d70e0641a69:0x115a2d,1386657
v1,1790758515250948,SAT,34,10728d70e0641a69:0x115a2d,1386691
v1,1790758515251140,UNSAT,80,10728d70e0641a69:0x115a2d,1386771
v1,1790758515251170,SAT,20,10728d70e0641a69:0x115a2d,1386791
v1,1790758515251340,UNSAT,72,10728d70e0641a69:0x115a2d,1386863
v1,1790758515251415,SAT,59,10728d70e0641a69:0x115a2d,1386922
v1,1790758515251571,SAT,63,10728d70e0641a69:0x115a2d,1386985
v1,1790758515252086,SAT,334,10728d70e0641a69:0x115a2d,1387319
v1,1790758515252130,SAT,22,10728d70e0641a69:0x115a2d,1387341
v1,1790758515252326,UNSAT,84,10728d70e0641a69:0x115a2d,1387425
v1,1790758515252355,SAT,20,10728d70e0641a69:0x115a2d,1387445
v1,1790758515252555,UNSAT,109,10728d70e0641a69:0x115a2d,1387554
v1,1790758515252630,SAT,57,10728d70e0641a69:0x115a2d,1387611
v1,1790758515252811,SAT,85,10728d70e0641a69:0x115a2d,1387696
v1,1790758515253311,SAT,357,10728d70e0641a69:0x115a2d,1388053
v1,1790758515253358,SAT,24,10728d70e0641a69:0x115a2d,1388077
v1,1790758515253539,UNSAT,79,10728d70e0641a69:0x115a2d,1388156
v1,1790758515253571,SAT,23,10728d70e0641a69:0x115a2d,1388179
v1,1790758515253732,UNSAT,62,10728d70e0641a69:0x115a2d,1388241
v1,1790758515253799,SAT,54,10728d70e0641a69:0x115a2d,1388295
v1,1790758515253936,SAT,54,10728d70e0641a69:0x115a2d,1388349
v1,1790758515254454,SAT,334,10728d70e0641a69:0x115a2d,1388683
v1,1790758515254502,SAT,22,10728d70e0641a69:0x115a2d,1388705
v1,1790758515254773,UNSAT,113,10728d70e0641a69:0x115a2d,1388818
v1,1790758515254809,SAT,26,10728d70e0641a69:0x115a2d,1388844
v1,1790758515255041,UNSAT,94,10728d70e0641a69:0x115a2d,1388938
v1,1790758515255139,SAT,57,10728d70e0641a69:0x115a2d,1388995
v1,1790758515255322,SAT,58,10728d70e0641a69:0x115a2d,1389053
v1,1790758515255782,SAT,325,10728d70e0641a69:0x115a2d,1389378
v1,1790758515255826,SAT,23,10728d70e0641a69:0x115a2d,1389401
v1,1790758515255996,UNSAT,72,10728d70e0641a69:0x115a2d,1389473
v1,1790758515256035,SAT,30,10728d70e0641a69:0x115a2d,1389503
v1,1790758515256188,UNSAT,64,10728d70e0641a69:0x115a2d,1389567
v1,1790758515256266,SAT,64,10728d70e0641a69:0x115a2d,1389631
v1,1790758515256425,SAT,60,10728d70e0641a69:0x115a2d,1389691
v1,1790758515258676,SAT,1758,10728d70e0641a69:0x115a2d,1391449
v1,1790758515260324,SAT,45,10728d70e0641a69:0x115a2d,1391494
v1,1790758515260672,UNSAT,122,10728d70e0641a69:0x115a2d,1391616
v1,1790758515260707,SAT,21,10728d70e0641a69:0x115a2d,1391637
v1,1790758515260960,UNSAT,102,10728d70e0641a69:0x115a2d,1391739
v1,1790758515261058,SAT,56,10728d70e0641a69:0x115a2d,1391795
v1,1790758515261253,SAT,65,10728d70e0641a69:0x115a2d,1391860
v1,1790758515265048,SAT,3332,10728d70e0641a69:0x115a2d,1395192
v1,1790758515268169,SAT,49,10728d70e0641a69:0x115a2d,1395241
v1,1790758515268520,UNSAT,123,10728d70e0641a69:0x115a2d,1395364
v1,1790758515268568,SAT,32,10728d70e0641a69:0x115a2d,1395396
v1,1790758515268837,UNSAT,104,10728d70e0641a69:0x115a2d,1395500
v1,1790758515268935,SAT,56,10728d70e0641a69:0x115a2d,1395556
v1,1790758515269130,SAT,59,10728d70e0641a69:0x115a2d,1395615
v1,1790758515274454,SAT,4771,10728d70e0641a69:0x115a2d,1400386
v1,1790758515279094,SAT,49,10728d70e0641a69:0x115a2d,1400435
v1,1790758515279465,UNSAT,122,10728d70e0641a69:0x115a2d,1400557
v1,1790758515279509,SAT,30,10728d70e0641a69:0x115a2d,1400587
v1,1790758515279778,UNSAT,104,10728d70e0641a69:0x115a2d,1400691
v1,1790758515279876,SAT,56,10728d70e0641a69:0x115a2d,1400747
v1,1790758515280076,SAT,64,10728d70e0641a69:0x115a2d,1400811
v1,1790758515280686,SAT,355,10728d70e0641a69:0x115a2d,1401166
v1,1790758515280731,SAT,23,10728d70e0641a69:0x115a2d,1401189
v1,1790758515280912,UNSAT,72,10728d70e0641a69:0x115a2d,1401261
v1,1790758515280944,SAT,21,10728d70e0641a69:0x115a2d,1401282
v1,1790758515281105,UNSAT,65,10728d70e0641a69:0x115a2d,1401347
v1,1790758515281187,SAT,68,10728d70e0641a69:0x115a2d,1401415
v1,1790758515281352,SAT,65,10728d70e0641a69:0x115a2d,1401480
v1,1790758515281986,SAT,386,10728d70e0641a69:0x115a2d,1401866
v1,1790758515282049,SAT,33,10728d70e0641a69:0x115a2d,1401899
v1,1790758515282245,UNSAT,77,10728d70e0641a69:0x115a2d,1401976
v1,1790758515282300,SAT,35,10728d70e0641a69:0x115a2d,1402011
v1,1790758515282476,UNSAT,73,10728d70e0641a69:0x115a2d,1402084
v1,1790758515282547,SAT,56,10728d70e0641a69:0x115a2d,1402140
v1,1790758515282747,SAT,78,10728d70e0641a69:0x115a2d,1402218
v1,1790758515283307,SAT,410,10728d70e0641a69:0x115a2d,1402628
v1,1790758515283367,SAT,27,10728d70e0641a69:0x115a2d,1402655
v1,1790758515283633,UNSAT,103,10728d70e0641a69:0x115a2d,1402758
v1,1790758515283662,SAT,18,10728d70e0641a69:0x115a2d,1402776
v1,1790758515283878,UNSAT,86,10728d70e0641a69:0x115a2d,1402862
v1,1790758515283968,SAT,56,10728d70e0641a69:0x115a2d,1402918
v1,1790758515284156,SAT,72,10728d70e0641a69:0x115a2d,1402990
v1,1790758515284681,SAT,361,10728d70e0641a69:0x115a2d,1403351
v1,1790758515284745,SAT,29,10728d70e0641a69:0x115a2d,1403380
v1,1790758515284978,UNSAT,101,10728d70e0641a69:0x115a2d,1403481
v1,1790758515285020,SAT,27,10728d70e0641a69:0x115a2d,1403508
v1,1790758515285232,UNSAT,89,10728d70e0641a69:0x115a2d,1403597
v1,1790758515285338,SAT,80,10728d70e0641a69:0x115a2d,1403677
v1,1790758515285520,SAT,75,10728d70e0641a69:0x115a2d,1403752
v1,1790758515286027,SAT,345,10728d70e0641a69:0x115a2d,1404097
v1,1790758515286077,SAT,26,10728d70e0641a69:0x115a2d,1404123
v1,1790758515286295,UNSAT,92,10728d70e0641a69:0x115a2d,1404215
v1,1790758515286338,SAT,27,10728d70e0641a69:0x115a2d,1404242
v1,1790758515286558,UNSAT,81,10728d70e0641a69:0x115a2d,1404323
v1,1790758515286638,SAT,63,10728d70e0641a69:0x115a2d,1404386
v1,1790758515286800,SAT,63,10728d70e0641a69:0x115a2d,1404449
v1,1790758515289063,SAT,1770,10728d70e0641a69:0x115a2d,1406219
v1,1790758515290727,SAT,69,10728d70e0641a69:0x115a2d,1406288
v1,1790758515291062,UNSAT,114,10728d70e0641a69:0x115a2d,1406402
v1,1790758515291103,SAT,28,10728d70e0641a69:0x115a2d,1406430
v1,1790758515291356,UNSAT,110,10728d70e0641a69:0x115a2d,1406540
v1,1790758515291451,SAT,60,10728d70e0641a69:0x115a2d,1406600
v1,1790758515291659,SAT,73,10728d70e0641a69:0x115a2d,1406673
v1,1790758515295500,SAT,3320,10728d70e0641a69:0x115a2d,1409993
v1,1790758515298638,SAT,76,10728d70e0641a69:0x115a2d,1410069
v1,1790758515298972,UNSAT,114,10728d70e0641a69:0x115a2d,1410183
v1,1790758515299020,SAT,30,10728d70e0641a69:0x115a2d,1410213
v1,1790758515299328,UNSAT,136,10728d70e0641a69:0x115a2d,1410349
v1,1790758515299437,SAT,67,10728d70e0641a69:0x115a2d,1410416
v1,1790758515299653,SAT,70,10728d70e0641a69:0x115a2d,1410486
v1,1790758515305387,SAT,5154,10728d70e0641a69:0x115a2d,1415640
v1,1790758515310493,SAT,73,10728d70e0641a69:0x115a2d,1415713
v1,1790758515310929,UNSAT,150,10728d70e0641a69:0x115a2d,1415863
v1,1790758515310980,SAT,32,10728d70e0641a69:0x115a2d,1415895
v1,1790758515311279,UNSAT,117,10728d70e0641a69:0x115a2d,1416012
v1,1790758515311731,SAT,413,10728d70e0641a69:0x115a2d,1416425
v1,1790758515312033,SAT,94,10728d70e0641a69:0x115a2d,1416519
v1,1790758515312693,SAT,373,10728d70e0641a69:0x115a2d,1416892
v1,1790758515312750,SAT,28,10728d70e0641a69:0x115a2d,1416920
v1,1790758515312993,UNSAT,98,10728d70e0641a69:0x115a2d,1417018
v1,1790758515313034,SAT,25,10728d70e0641a69:0x115a2d,1417043
v1,1790758515313223,UNSAT,81,10728d70e0641a69:0x115a2d,1417124
v1,1790758515313311,SAT,70,10728d70e0641a69:0x115a2d,1417194
v1,1790758515313487,SAT,78,10728d70e0641a69:0x115a2d,1417272
v1,1790758515314063,SAT,400,10728d70e0641a69:0x115a2d,1417672
v1,1790758515314135,SAT,37,10728d70e0641a69:0x115a2d,1417709
v1,1790758515314390,UNSAT,97,10728d70e0641a69:0x115a2d,1417806
v1,1790758515314428,SAT,23,10728d70e0641a69:0x115a2d,1417829
v1,1790758515314856,UNSAT,291,10728d70e0641a69:0x115a2d,1418120
v1,1790758515315061,SAT,134,10728d70e0641a69:0x115a2d,1418254
v1,1790758515315470,SAT,127,10728d70e0641a69:0x115a2d,1418381
v1,1790758515316781,SAT,730,10728d70e0641a69:0x115a2d,1419111
v1,1790758515316943,SAT,68,10728d70e0641a69:0x115a2d,1419179
v1,1790758515317856,UNSAT,521,10728d70e0641a69:0x115a2d,1419700
v1,1790758515317982,SAT,61,10728d70e0641a69:0x115a2d,1419761
v1,1790758515318509,UNSAT,191,10728d70e0641a69:0x115a2d,1419952
v1,1790758515318727,SAT,122,10728d70e0641a69:0x115a2d,1420074
v1,1790758515319149,SAT,95,10728d70e0641a69:0x115a2d,1420169
v1,1790758515319829,SAT,398,10728d70e0641a69:0x115a2d,1420567
v1,1790758515319914,SAT,42,10728d70e0641a69:0x115a2d,1420609
v1,1790758515320175,UNSAT,106,10728d70e0641a69:0x115a2d,1420715
v1,1790758515320218,SAT,26,10728d70e0641a69:0x115a2d,1420741
v1,1790758515320453,UNSAT,83,10728d70e0641a69:0x115a2d,1420824
v1,1790758515320540,SAT,63,10728d70e0641a69:0x115a2d,1420887
v1,1790758515320751,SAT,81,10728d70e0641a69:0x115a2d,1420968
v1,1790758515323139,SAT,1858,10728d70e0641a69:0x115a2d,1422826
v1,1790758515325110,SAT,91,10728d70e0641a69:0x115a2d,1422917
v1,1790758515325788,UNSAT,220,10728d70e0641a69:0x115a2d,1423137
v1,1790758515325888,SAT,51,10728d70e0641a69:0x115a2d,1423188
v1,1790758515326399,UNSAT,202,10728d70e0641a69:0x115a2d,1423390
v1,1790758515326592,SAT,103,10728d70e0641a69:0x115a2d,1423493
v1,1790758515326996,SAT,123,10728d70e0641a69:0x115a2d,1423616
v1,1790758515328004,SAT,575,10728d70e0641a69:0x115a2d,1424191
v1,1790758515328109,SAT,52,10728d70e0641a69:0x115a2d,1424243
v1,1790758515328477,UNSAT,107,10728d70e0641a69:0x115a2d,1424350
v1,1790758515328529,SAT,30,10728d70e0641a69:0x115a2d,1424380
v1,1790758515328763,UNSAT,89,10728d70e0641a69:0x115a2d,1424469
v1,1790758515328862,SAT,72,10728d70e0641a69:0x115a2d,1424541
v1,1790758515329065,SAT,77,10728d70e0641a69:0x115a2d,1424618
v1,1790758515332978,SAT,3380,10728d70e0641a69:0x115a2d,1427998
v1,1790758515336362,SAT,67,10728d70e0641a69:0x115a2d,1428065
v1,1790758515336806,UNSAT,149,10728d70e0641a69:0x115a2d,1428214
v1,1790758515336872,SAT,42,10728d70e0641a69:0x115a2d,1428256
v1,1790758515337156,UNSAT,114,10728d70e0641a69:0x115a2d,1428370
v1,1790758515337272,SAT,73,10728d70e0641a69:0x115a2d,1428443
v1,1790758515337482,SAT,72,10728d70e0641a69:0x115a2d,1428515
v1,1790758515343385,SAT,5369,10728d70e0641a69:0x115a2d,1433884
v1,1790758515348163,SAT,56,10728d70e0641a69:0x115a2d,1433940
v1,1790758515348592,UNSAT,143,10728d70e0641a69:0x115a2d,1434083
v1,1790758515348645,SAT,33,10728d70e0641a69:0x115a2d,1434116
v1,1790758515348921,UNSAT,107,10728d70e0641a69:0x115a2d,1434223
v1,1790758515349022,SAT,61,10728d70e0641a69:0x115a2d,1434284
v1,1790758515349232,SAT,70,10728d70e0641a69:0x115a2d,1434354
v1,1790758515349991,SAT,373,10728d70e0641a69:0x115a2d,1434727
v1,1790758515350044,SAT,26,10728d70e0641a69:0x115a2d,1434753
v1,1790758515350232,UNSAT,81,10728d70e0641a69:0x115a2d,1434834
v1,1790758515350277,SAT,34,10728d70e0641a69:0x115a2d,1434868
v1,1790758515350455,UNSAT,81,10728d70e0641a69:0x115a2d,1434949
v1,1790758515350536,SAT,66,10728d70e0641a69:0x115a2d,1435015
v1,1790758515350694,SAT,64,10728d70e0641a69:0x115a2d,1435079
v1,1790758515351191,SAT,353,10728d70e0641a69:0x115a2d,1435432
v1,1790758515351242,SAT,28,10728d70e0641a69:0x115a2d,1435460
v1,1790758515351482,UNSAT,86,10728d70e0641a69:0x115a2d,1435546
v1,1790758515351525,SAT,30,10728d70e0641a69:0x115a2d,1435576
v1,1790758515351735,UNSAT,103,10728d70e0641a69:0x115a2d,1435679
v1,1790758515351822,SAT,65,10728d70e0641a69:0x115a2d,1435744
v1,1790758515351995,SAT,70,10728d70e0641a69:0x115a2d,1435814
v1,1790758515352497,SAT,362,10728d70e0641a69:0x115a2d,1436176
v1,1790758515352551,SAT,26,10728d70e0641a69:0x115a2d,1436202
v1,1790758515352738,UNSAT,76,10728d70e0641a69:0x115a2d,1436278
v1,1790758515352772,SAT,21,10728d70e0641a69:0x115a2d,1436299
v1,1790758515352951,UNSAT,77,10728d70e0641a69:0x115a2d,1436376
v1,1790758515353029,SAT,60,10728d70e0641a69:0x115a2d,1436436
v1,1790758515353193,SAT,71,10728d70e0641a69:0x115a2d,1436507
v1,1790758515354061,SAT,360,10728d70e0641a69:0x115a2d,1436867
v1,1790758515354133,SAT,34,10728d70e0641a69:0x115a2d,1436901
v1,1790758515354442,UNSAT,123,10728d70e0641a69:0x115a2d,1437024
v1,1790758515354485,SAT,30,10728d70e0641a69:0x115a2d,1437054
v1,1790758515354727,UNSAT,104,10728d70e0641a69:0x115a2d,1437158
v1,1790758515354834,SAT,64,10728d70e0641a69:0x115a2d,1437222
v1,1790758515355034,SAT,63,10728d70e0641a69:0x115a2d,1437285
v1,1790758515355537,SAT,360,10728d70e0641a69:0x115a2d,1437645
v1,1790758515355593,SAT,27,10728d70e0641a69:0x115a2d,1437672
v1,1790758515355790,UNSAT,78,10728d70e0641a69:0x115a2d,1437750
v1,1790758515355824,SAT,23,10728d70e0641a69:0x115a2d,1437773
v1,1790758515355983,UNSAT,68,10728d70e0641a69:0x115a2d,1437841
v1,1790758515356055,SAT,56,10728d70e0641a69:0x115a2d,1437897
v1,1790758515356202,SAT,59,10728d70e0641a69:0x115a2d,1437956
v1,1790758515359161,SAT,2476,10728d70e0641a69:0x115a2d,1440432
v1,1790758515361390,SAT,58,10728d70e0641a69:0x115a2d,1440490
v1,1790758515361842,UNSAT,152,10728d70e0641a69:0x115a2d,1440642
v1,1790758515361920,SAT,58,10728d70e0641a69:0x115a2d,1440700
v1,1790758515362463,UNSAT,188,10728d70e0641a69:0x115a2d,1440888
v1,1790758515362655,SAT,108,10728d70e0641a69:0x115a2d,1440996
v1,1790758515363147,SAT,138,10728d70e0641a69:0x115a2d,1441134
v1,1790758515367344,SAT,3466,10728d70e0641a69:0x115a2d,1444600
v1,1790758515370554,SAT,48,10728d70e0641a69:0x115a2d,1444648
v1,1790758515370976,UNSAT,139,10728d70e0641a69:0x115a2d,1444787
v1,1790758515371024,SAT,28,10728d70e0641a69:0x115a2d,1444815
v1,1790758515371338,UNSAT,146,10728d70e0641a69:0x115a2d,1444961
v1,1790758515371461,SAT,66,10728d70e0641a69:0x115a2d,1445027
v1,1790758515371688,SAT,75,10728d70e0641a69:0x115a2d,1445102
v1,1790758515377326,SAT,5007,10728d70e0641a69:0x115a2d,1450109
v1,1790758515382131,SAT,68,10728d70e0641a69:0x115a2d,1450177
v1,1790758515382590,UNSAT,146,10728d70e0641a69:0x115a2d,1450323
v1,1790758515382643,SAT,32,10728d70e0641a69:0x115a2d,1450355
v1,1790758515382974,UNSAT,132,10728d70e0641a69:0x115a2d,1450487
v1,1790758515383103,SAT,77,10728d70e0641a69:0x115a2d,1450564
v1,1790758515383363,SAT,90,10728d70e0641a69:0x115a2d,1450654
v1,1790758515384088,SAT,395,10728d70e0641a69:0x115a2d,1451049
v1,1790758515384158,SAT,31,10728d70e0641a69:0x115a2d,1451080
v1,1790758515384442,UNSAT,102,10728d70e0641a69:0x115a2d,1451182
v1,1790758515384501,SAT,42,10728d70e0641a69:0x115a2d,1451224
v1,1790758515384700,UNSAT,78,10728d70e0641a69:0x115a2d,1451302
v1,1790758515384785,SAT,65,10728d70e0641a69:0x115a2d,1451367
v1,1790758515384954,SAT,66,10728d70e0641a69:0x115a2d,1451433
v1,1790758515385519,SAT,389,10728d70e0641a69:0x115a2d,1451822
v1,1790758515385605,SAT,44,10728d70e0641a69:0x115a2d,1451866
v1,1790758515386001,UNSAT,152,10728d70e0641a69:0x115a2d,1452018
v1,1790758515386086,SAT,46,10728d70e0641a69:0x115a2d,1452064
v1,1790758515386629,UNSAT,238,10728d70e0641a69:0x115a2d,1452302
v1,1790758515386862,SAT,126,10728d70e0641a69:0x115a2d,1452428
v1,1790758515387204,SAT,95,10728d70e0641a69:0x115a2d,1452523
v1,1790758515387961,SAT,509,10728d70e0641a69:0x115a2d,1453032
v1,1790758515388045,SAT,35,10728d70e0641a69:0x115a2d,1453067
v1,1790758515388399,UNSAT,160,10728d70e0641a69:0x115a2d,1453227
v1,1790758515388468,SAT,38,10728d70e0641a69:0x115a2d,1453265
v1,1790758515388720,UNSAT,99,10728d70e0641a69:0x115a2d,1453364
v1,1790758515388815,SAT,68,10728d70e0641a69:0x115a2d,1453432
v1,1790758515389071,SAT,107,10728d70e0641a69:0x115a2d,1453539
v1,1790758515389895,SAT,491,10728d70e0641a69:0x115a2d,1454030
v1,1790758515389991,SAT,45,10728d70e0641a69:0x115a2d,1454075
v1,1790758515390318,UNSAT,128,10728d70e0641a69:0x115a2d,1454203
v1,1790758515390387,SAT,38,10728d70e0641a69:0x115a2d,1454241
v1,1790758515390617,UNSAT,89,10728d70e0641a69:0x115a2d,1454330
v1,1790758515390704,SAT,62,10728d70e0641a69:0x115a2d,1454392
v1,1790758515390921,SAT,74,10728d70e0641a69:0x115a2d,1454466
v1,1790758515393541,SAT,1890,10728d70e0641a69:0x115a2d,1456356
v1,1790758515395255,SAT,60,10728d70e0641a69:0x115a2d,1456416
v1,1790758515395664,UNSAT,140,10728d70e0641a69:0x115a2d,1456556
v1,1790758515395710,SAT,28,10728d70e0641a69:0x115a2d,1456584
v1,1790758515396022,UNSAT,130,10728d70e0641a69:0x115a2d,1456714
v1,1790758515396126,SAT,59,10728d70e0641a69:0x115a2d,1456773
v1,1790758515396361,SAT,64,10728d70e0641a69:0x115a2d,1456837
v1,1790758515400387,SAT,3480,10728d70e0641a69:0x115a2d,1460317
v1,1790758515403617,SAT,65,10728d70e0641a69:0x115a2d,1460382
v1,1790758515404034,UNSAT,133,10728d70e0641a69:0x115a2d,1460515
v1,1790758515404071,SAT,21,10728d70e0641a69:0x115a2d,1460536
v1,1790758515404398,UNSAT,120,10728d70e0641a69:0x115a2d,1460656
v1,1790758515404515,SAT,69,10728d70e0641a69:0x115a2d,1460725
v1,1790758515404740,SAT,68,10728d70e0641a69:0x115a2d,1460793
v1,1790758515405346,SAT,423,10728d70e0641a69:0x115a2d,1461216
v1,1790758515405429,SAT,36,10728d70e0641a69:0x115a2d,1461252
v1,1790758515405646,UNSAT,84,10728d70e0641a69:0x115a2d,1461336
v1,1790758515405679,SAT,20,10728d70e0641a69:0x115a2d,1461356
v1,1790758515405854,UNSAT,80,10728d70e0641a69:0x115a2d,1461436
v1,1790758515405938,SAT,66,10728d70e0641a69:0x115a2d,1461502
v1,1790758515406114,SAT,68,10728d70e0641a69:0x115a2d,1461570
v1,1790758515411808,SAT,5084,10728d70e0641a69:0x115a2d,1466654
v1,1790758515416550,SAT,64,10728d70e0641a69:0x115a2d,1466718
v1,1790758515417000,UNSAT,155,10728d70e0641a69:0x115a2d,1466873
v1,1790758515417056,SAT,32,10728d70e0641a69:0x115a2d,1466905
v1,1790758515417343,UNSAT,118,10728d70e0641a69:0x115a2d,1467023
v1,1790758515417455,SAT,65,10728d70e0641a69:0x115a2d,1467088
v1,1790758515417664,SAT,73,10728d70e0641a69:0x115a2d,1467161
v1,1790758515418328,SAT,412,10728d70e0641a69:0x115a2d,1467573
v1,1790758515418399,SAT,32,10728d70e0641a69:0x115a2d,1467605
v1,1790758515418632,UNSAT,90,10728d70e0641a69:0x115a2d,1467695
v1,1790758515418673,SAT,28,10728d70e0641a69:0x115a2d,1467723
v1,1790758515418852,UNSAT,78,10728d70e0641a69:0x115a2d,1467801
v1,1790758515418931,SAT,60,10728d70e0641a69:0x115a2d,1467861
v1,1790758515419098,SAT,66,10728d70e0641a69:0x115a2d,1467927
v1,1790758515419671,SAT,348,10728d70e0641a69:0x115a2d,1468275
v1,1790758515419729,SAT,32,10728d70e0641a69:0x115a2d,1468307
v1,1790758515419917,UNSAT,74,10728d70e0641a69:0x115a2d,1468381
v1,1790758515419947,SAT,20,10728d70e0641a69:0x115a2d,1468401
v1,1790758515420102,UNSAT,63,10728d70e0641a69:0x115a2d,1468464
v1,1790758515420170,SAT,54,10728d70e0641a69:0x115a2d,1468518
v1,1790758515420333,SAT,65,10728d70e0641a69:0x115a2d,1468583
v1,1790758515420823,SAT,332,10728d70e0641a69:0x115a2d,1468915
v1,1790758515420865,SAT,21,10728d70e0641a69:0x115a2d,1468936
v1,1790758515421052,UNSAT,83,10728d70e0641a69:0x115a2d,1469019
v1,1790758515421082,SAT,19,10728d70e0641a69:0x115a2d,1469038
v1,1790758515421238,UNSAT,62,10728d70e0641a69:0x115a2d,1469100
v1,1790758515421318,SAT,60,10728d70e0641a69:0x115a2d,1469160
v1,1790758515421473,SAT,56,10728d70e0641a69:0x115a2d,1469216
v1,1790758515422188,SAT,537,10728d70e0641a69:0x115a2d,1469753
v1,1790758515422279,SAT,44,10728d70e0641a69:0x115a2d,1469797
v1,1790758515422696,UNSAT,174,10728d70e0641a69:0x115a2d,1469971
v1,1790758515422740,SAT,28,10728d70e0641a69:0x115a2d,1469999
v1,1790758515423084,UNSAT,148,10728d70e0641a69:0x115a2d,1470147
v1,1790758515423220,SAT,67,10728d70e0641a69:0x115a2d,1470214
v1,1790758515423448,SAT,62,10728d70e0641a69:0x115a2d,1470276
v1,1790758515423956,SAT,345,10728d70e0641a69:0x115a2d,1470621
v1,1790758515424011,SAT,33,10728d70e0641a69:0x115a2d,1470654
v1,1790758515424206,UNSAT,84,10728d70e0641a69:0x115a2d,1470738
v1,1790758515424242,SAT,25,10728d70e0641a69:0x115a2d,1470763
v1,1790758515424422,UNSAT,72,10728d70e0641a69:0x115a2d,1470835
v1,1790758515424500,SAT,62,10728d70e0641a69:0x115a2d,1470897
v1,1790758515424662,SAT,66,10728d70e0641a69:0x115a2d,1470963
v1,1790758515426975,SAT,1800,10728d70e0641a69:0x115a2d,1472763
v1,1790758515428704,SAT,51,10728d70e0641a69:0x115a2d,1472814
v1,1790758515429070,UNSAT,116,10728d70e0641a69:0x115a2d,1472930
v1,1790758515429109,SAT,24,10728d70e0641a69:0x115a2d,1472954
v1,1790758515429393,UNSAT,116,10728d70e0641a69:0x115a2d,1473070
v1,1790758515429498,SAT,62,10728d70e0641a69:0x115a2d,1473132
v1,1790758515429743,SAT,92,10728d70e0641a69:0x115a2d,1473224
v1,1790758515434149,SAT,3849,10728d70e0641a69:0x115a2d,1477073
v1,1790758515437566,SAT,92,10728d70e0641a69:0x115a2d,1477165
v1,1790758515438027,UNSAT,155,10728d70e0641a69:0x115a2d,1477320
v1,1790758515438087,SAT,30,10728d70e0641a69:0x115a2d,1477350
v1,1790758515438449,UNSAT,129,10728d70e0641a69:0x115a2d,1477479
v1,1790758515438613,SAT,99,10728d70e0641a69:0x115a2d,1477578
v1,1790758515438932,SAT,84,10728d70e0641a69:0x115a2d,1477662
v1,1790758515444865,SAT,5139,10728d70e0641a69:0x115a2d,1482801
v1,1790758515450038,SAT,100,10728d70e0641a69:0x115a2d,1482901
v1,1790758515450681,UNSAT,243,10728d70e0641a69:0x115a2d,1483144
v1,1790758515450759,SAT,41,10728d70e0641a69:0x115a2d,1483185
v1,1790758515451192,UNSAT,141,10728d70e0641a69:0x115a2d,1483326
v1,1790758515451339,SAT,76,10728d70e0641a69:0x115a2d,1483402
v1,1790758515451605,SAT,74,10728d70e0641a69:0x115a2d,1483476
v1,1790758515452326,SAT,420,10728d70e0641a69:0x115a2d,1483896
v1,1790758515452409,SAT,37,10728d70e0641a69:0x115a2d,1483933
v1,1790758515452649,UNSAT,92,10728d70e0641a69:0x115a2d,1484025
v1,1790758515452698,SAT,32,10728d70e0641a69:0x115a2d,1484057
v1,1790758515452894,UNSAT,81,10728d70e0641a69:0x115a2d,1484138
v1,1790758515452978,SAT,60,10728d70e0641a69:0x115a2d,1484198
v1,1790758515453164,SAT,69,10728d70e0641a69:0x115a2d,1484267
v1,1790758515453838,SAT,373,10728d70e0641a69:0x115a2d,1484640
v1,1790758515453911,SAT,35,10728d70e0641a69:0x115a2d,1484675
v1,1790758515454148,UNSAT,90,10728d70e0641a69:0x115a2d,1484765
v1,1790758515454187,SAT,25,10728d70e0641a69:0x115a2d,1484790
v1,1790758515454379,UNSAT,78,10728d70e0641a69:0x115a2d,1484868
v1,1790758515454463,SAT,64,10728d70e0641a69:0x115a2d,1484932
v1,1790758515454648,SAT,69,10728d70e0641a69:0x115a2d,1485001
v1,1790758515455241,SAT,410,10728d70e0641a69:0x115a2d,1485411
v1,1790758515455330,SAT,34,10728d70e0641a69:0x115a2d,1485445
v1,1790758515455653,UNSAT,123,10728d70e0641a69:0x115a2d,1485568
v1,1790758515455691,SAT,25,10728d70e0641a69:0x115a2d,1485593
v1,1790758515455945,UNSAT,105,10728d70e0641a69:0x115a2d,1485698
v1,1790758515456049,SAT,60,10728d70e0641a69:0x115a2d,1485758
v1,1790758515456260,SAT,76,10728d70e0641a69:0x115a2d,1485834
v1,1790758515456818,SAT,375,10728d70e0641a69:0x115a2d,1486209
v1,1790758515456882,SAT,31,10728d70e0641a69:0x115a2d,1486240
v1,1790758515457128,UNSAT,103,10728d70e0641a69:0x115a2d,1486343
v1,1790758515457172,SAT,25,10728d70e0641a69:0x115a2d,1486368
v1,1790758515457376,UNSAT,81,10728d70e0641a69:0x115a2d,1486449
v1,1790758515457458,SAT,62,10728d70e0641a69:0x115a2d,1486511
v1,1790758515457637,SAT,71,10728d70e0641a69:0x115a2d,1486582
v1,1790758515458194,SAT,375,10728d70e0641a69:0x115a2d,1486957
v1,1790758515458263,SAT,38,10728d70e0641a69:0x115a2d,1486995
v1,1790758515458478,UNSAT,90,10728d70e0641a69:0x115a2d,1487085
v1,1790758515458518,SAT,24,10728d70e0641a69:0x115a2d,1487109
v1,1790758515458710,UNSAT,82,10728d70e0641a69:0x115a2d,1487191
v1,1790758515458792,SAT,64,10728d70e0641a69:0x115a2d,1487255
v1,1790758515458972,SAT,78,10728d70e0641a69:0x115a2d,1487333
v1,1790758515461518,SAT,1867,10728d70e0641a69:0x115a2d,1489200
v1,1790758515463270,SAT,86,10728d70e0641a69:0x115a2d,1489286
v1,1790758515463713,UNSAT,157,10728d70e0641a69:0x115a2d,1489443
v1,1790758515463759,SAT,26,10728d70e0641a69:0x115a2d,1489469
v1,1790758515464100,UNSAT,159,10728d70e0641a69:0x115a2d,1489628
v1,1790758515464238,SAT,73,10728d70e0641a69:0x115a2d,1489701
v1,1790758515464507,SAT,75,10728d70e0641a69:0x115a2d,1489776
v1,1790758515468796,SAT,3581,10728d70e0641a69:0x115a2d,1493357
v1,1790758515472271,SAT,102,10728d70e0641a69:0x115a2d,1493459
v1,1790758515472803,UNSAT,153,10728d70e0641a69:0x115a2d,1493612
v1,1790758515472866,SAT,38,10728d70e0641a69:0x115a2d,1493650
v1,1790758515473243,UNSAT,134,10728d70e0641a69:0x115a2d,1493784
v1,1790758515473411,SAT,74,10728d70e0641a69:0x115a2d,1493858
v1,1790758515473657,SAT,76,10728d70e0641a69:0x115a2d,1493934
v1,1790758515479160,SAT,4863,10728d70e0641a69:0x115a2d,1498797
v1,1790758515483888,SAT,69,10728d70e0641a69:0x115a2d,1498866
v1,1790758515484333,UNSAT,163,10728d70e0641a69:0x115a2d,1499029
v1,1790758515484384,SAT,32,10728d70e0641a69:0x115a2d,1499061
v1,1790758515484694,UNSAT,121,10728d70e0641a69:0x115a2d,1499182
v1,1790758515484809,SAT,68,10728d70e0641a69:0x115a2d,1499250
v1,1790758515485047,SAT,70,10728d70e0641a69:0x115a2d,1499320
v1,1790758515485702,SAT,375,10728d70e0641a69:0x115a2d,1499695
v1,1790758515485760,SAT,29,10728d70e0641a69:0x115a2d,1499724
v1,1790758515485977,UNSAT,89,10728d70e0641a69:0x115a2d,1499813
v1,1790758515486008,SAT,18,10728d70e0641a69:0x115a2d,1499831
v1,1790758515486193,UNSAT,84,10728d70e0641a69:0x115a2d,1499915
v1,1790758515486285,SAT,72,10728d70e0641a69:0x115a2d,1499987
v1,1790758515486461,SAT,66,10728d70e0641a69:0x115a2d,1500053
v1,1790758515486969,SAT,350,10728d70e0641a69:0x115a2d,1500403
v1,1790758515487043,SAT,39,10728d70e0641a69:0x115a2d,1500442
v1,1790758515487264,UNSAT,96,10728d70e0641a69:0x115a2d,1500538
v1,1790758515487314,SAT,33,10728d70e0641a69:0x115a2d,1500571
v1,1790758515487513,UNSAT,77,10728d70e0641a69:0x115a2d,1500648
v1,1790758515487596,SAT,64,10728d70e0641a69:0x115a2d,1500712
v1,1790758515487780,SAT,70,10728d70e0641a69:0x115a2d,1500782
v1,1790758515488536,SAT,469,10728d70e0641a69:0x115a2d,1501251
v1,1790758515488648,SAT,46,10728d70e0641a69:0x115a2d,1501297
v1,1790758515489042,UNSAT,140,10728d70e0641a69:0x115a2d,1501437
v1,1790758515489087,SAT,29,10728d70e0641a69:0x115a2d,1501466
v1,1790758515489386,UNSAT,122,10728d70e0641a69:0x115a2d,1501588
v1,1790758515489520,SAT,67,10728d70e0641a69:0x115a2d,1501655
v1,1790758515489739,SAT,69,10728d70e0641a69:0x115a2d,1501724
v1,1790758515490365,SAT,386,10728d70e0641a69:0x115a2d,1502110
v1,1790758515490425,SAT,29,10728d70e0641a69:0x115a2d,1502139
v1,1790758515490646,UNSAT,88,10728d70e0641a69:0x115a2d,1502227
v1,1790758515490681,SAT,25,10728d70e0641a69:0x115a2d,1502252
v1,1790758515490889,UNSAT,92,10728d70e0641a69:0x115a2d,1502344
v1,1790758515490989,SAT,74,10728d70e0641a69:0x115a2d,1502418
v1,1790758515491171,SAT,68,10728d70e0641a69:0x115a2d,1502486
v1,1790758515493618,SAT,1953,10728d70e0641a69:0x115a2d,1504439
v1,1790758515495520,SAT,70,10728d70e0641a69:0x115a2d,1504509
v1,1790758515495935,UNSAT,135,10728d70e0641a69:0x115a2d,1504644
v1,1790758515495976,SAT,23,10728d70e0641a69:0x115a2d,1504667
v1,1790758515496288,UNSAT,143,10728d70e0641a69:0x115a2d,1504810
v1,1790758515496415,SAT,70,10728d70e0641a69:0x115a2d,1504880
v1,1790758515496647,SAT,75,10728d70e0641a69:0x115a2d,1504955
v1,1790758515497303,SAT,408,10728d70e0641a69:0x115a2d,1505363
v1,1790758515497370,SAT,34,10728d70e0641a69:0x115a2d,1505397
v1,1790758515497612,UNSAT,91,10728d70e0641a69:0x115a2d,1505488
v1,1790758515497662,SAT,35,10728d70e0641a69:0x115a2d,1505523
v1,1790758515497846,UNSAT,74,10728d70e0641a69:0x115a2d,1505597
v1,1790758515497934,SAT,70,10728d70e0641a69:0x115a2d,1505667
v1,1790758515498128,SAT,87,10728d70e0641a69:0x115a2d,1505754
v1,1790758515502411,SAT,3568,10728d70e0641a69:0x115a2d,1509322
v1,1790758515505893,SAT,59,10728d70e0641a69:0x115a2d,1509381
v1,1790758515506299,UNSAT,137,10728d70e0641a69:0x115a2d,1509518
v1,1790758515506354,SAT,33,10728d70e0641a69:0x115a2d,1509551
v1,1790758515506662,UNSAT,115,10728d70e0641a69:0x115a2d,1509666
v1,1790758515506774,SAT,64,10728d70e0641a69:0x115a2d,1509730
v1,1790758515506989,SAT,63,10728d70e0641a69:0x115a2d,1509793
v1,1790758515512426,SAT,4883,10728d70e0641a69:0x115a2d,1514676
v1,1790758515517384,SAT,58,10728d70e0641a69:0x115a2d,1514734
v1,1790758515517809,UNSAT,133,10728d70e0641a69:0x115a2d,1514867
v1,1790758515517865,SAT,34,10728d70e0641a69:0x115a2d,1514901
v1,1790758515518310,UNSAT,254,10728d70e0641a69:0x115a2d,1515155
v1,1790758515518560,SAT,115,10728d70e0641a69:0x115a2d,1515270
v1,1790758515518960,SAT,112,10728d70e0641a69:0x115a2d,1515382
v1,1790758515520045,SAT,551,10728d70e0641a69:0x115a2d,1515933
v1,1790758515520147,SAT,53,10728d70e0641a69:0x115a2d,1515986
v1,1790758515520588,UNSAT,221,10728d70e0641a69:0x115a2d,1516207
v1,1790758515520672,SAT,48,10728d70e0641a69:0x115a2d,1516255
v1,1790758515520996,UNSAT,120,10728d70e0641a69:0x115a2d,1516375
v1,1790758515521143,SAT,110,10728d70e0641a69:0x115a2d,1516485
v1,1790758515521366,SAT,71,10728d70e0641a69:0x115a2d,1516556
v1,1790758515521904,SAT,376,10728d70e0641a69:0x115a2d,1516932
v1,1790758515521958,SAT,27,10728d70e0641a69:0x115a2d,1516959
v1,1790758515522168,UNSAT,81,10728d70e0641a69:0x115a2d,1517040
v1,1790758515522199,SAT,19,10728d70e0641a69:0x115a2d,1517059
v1,1790758515522401,UNSAT,72,10728d70e0641a69:0x115a2d,1517131
v1,1790758515522498,SAT,80,10728d70e0641a69:0x115a2d,1517211
v1,1790758515522750,SAT,90,10728d70e0641a69:0x115a2d,1517301
v1,1790758515523302,SAT,383,10728d70e0641a69:0x115a2d,1517684
v1,1790758515523364,SAT,30,10728d70e0641a69:0x115a2d,1517714
v1,1790758515523584,UNSAT,91,10728d70e0641a69:0x115a2d,1517805
v1,1790758515523619,SAT,23,10728d70e0641a69:0x115a2d,1517828
v1,1790758515523824,UNSAT,79,10728d70e0641a69:0x115a2d,1517907
v1,1790758515524009,SAT,122,10728d70e0641a69:0x115a2d,1518029
v1,1790758515524352,SAT,121,10728d70e0641a69:0x115a2d,1518150
v1,1790758515525703,SAT,583,10728d70e0641a69:0x115a2d,1518733
v1,1790758515525818,SAT,52,10728d70e0641a69:0x115a2d,1518785
v1,1790758515526229,UNSAT,126,10728d70e0641a69:0x115a2d,1518911
v1,1790758515526317,SAT,71,10728d70e0641a69:0x115a2d,1518982
v1,1790758515526812,UNSAT,198,10728d70e0641a69:0x115a2d,1519180
v1,1790758515527015,SAT,107,10728d70e0641a69:0x115a2d,1519287
v1,1790758515527406,SAT,115,10728d70e0641a69:0x115a2d,1519402
v1,1790758515528595,SAT,890,10728d70e0641a69:0x115a2d,1520292
v1,1790758515528694,SAT,35,10728d70e0641a69:0x115a2d,1520327
v1,1790758515528952,UNSAT,97,10728d70e0641a69:0x115a2d,1520424
v1,1790758515528998,SAT,33,10728d70e0641a69:0x115a2d,1520457
v1,1790758515529174,UNSAT,70,10728d70e0641a69:0x115a2d,1520527
v1,1790758515529245,SAT,55,10728d70e0641a69:0x115a2d,1520582
v1,1790758515529444,SAT,83,10728d70e0641a69:0x115a2d,1520665
v1,1790758515531856,SAT,1900,10728d70e0641a69:0x115a2d,1522565
v1,1790758515534483,SAT,94,10728d70e0641a69:0x115a2d,1522659
v1,1790758515535074,UNSAT,196,10728d70e0641a69:0x115a2d,1522855
v1,1790758515535172,SAT,59,10728d70e0641a69:0x115a2d,1522914
v1,1790758515535702,UNSAT,191,10728d70e0641a69:0x115a2d,1523105
v1,1790758515535907,SAT,107,10728d70e0641a69:0x115a2d,1523212
v1,1790758515536360,SAT,181,10728d70e0641a69:0x115a2d,1523393
v1,1790758515540417,SAT,3428,10728d70e0641a69:0x115a2d,1526821
v1,1790758515543659,SAT,73,10728d70e0641a69:0x115a2d,1526894
v1,1790758515544210,UNSAT,228,10728d70e0641a69:0x115a2d,1527122
v1,1790758515544269,SAT,34,10728d70e0641a69:0x115a2d,1527156
v1,1790758515544606,UNSAT,123,10728d70e0641a69:0x115a2d,1527279
v1,1790758515544726,SAT,68,10728d70e0641a69:0x115a2d,1527347
v1,1790758515544960,SAT,68,10728d70e0641a69:0x115a2d,1527415
v1,1790758515550439,SAT,4863,10728d70e0641a69:0x115a2d,1532278
v1,1790758515556016,SAT,63,10728d70e0641a69:0x115a2d,1532341
v1,1790758515556478,UNSAT,146,10728d70e0641a69:0x115a2d,1532487
v1,1790758515556546,SAT,49,10728d70e0641a69:0x115a2d,1532536
v1,1790758515557720,UNSAT,942,10728d70e0641a69:0x115a2d,1533478
v1,1790758515557967,SAT,112,10728d70e0641a69:0x115a2d,1533590
v1,1790758515558375,SAT,111,10728d70e0641a69:0x115a2d,1533701
v1,1790758515559176,SAT,412,10728d70e0641a69:0x115a2d,1534113
v1,1790758515559262,SAT,40,10728d70e0641a69:0x115a2d,1534153
v1,1790758515559550,UNSAT,111,10728d70e0641a69:0x115a2d,1534264
v1,1790758515559595,SAT,27,10728d70e0641a69:0x115a2d,1534291
v1,1790758515559802,UNSAT,87,10728d70e0641a69:0x115a2d,1534378
v1,1790758515559888,SAT,66,10728d70e0641a69:0x115a2d,1534444
v1,1790758515560047,SAT,62,10728d70e0641a69:0x115a2d,1534506
v1,1790758515560590,SAT,385,10728d70e0641a69:0x115a2d,1534891
v1,1790758515561340,SAT,710,10728d70e0641a69:0x115a2d,1535601
v1,1790758515561862,UNSAT,206,10728d70e0641a69:0x115a2d,1535807
v1,1790758515561970,SAT,78,10728d70e0641a69:0x115a2d,1535885
v1,1790758515562286,UNSAT,121,10728d70e0641a69:0x115a2d,1536006
v1,1790758515562387,SAT,57,10728d70e0641a69:0x115a2d,1536063
v1,1790758515562606,SAT,73,10728d70e0641a69:0x115a2d,1536136
v1,1790758515563132,SAT,365,10728d70e0641a69:0x115a2d,1536501
v1,1790758515563192,SAT,34,10728d70e0641a69:0x115a2d,1536535
v1,1790758515563428,UNSAT,92,10728d70e0641a69:0x115a2d,1536627
v1,1790758515563474,SAT,31,10728d70e0641a69:0x115a2d,1536658
v1,1790758515563651,UNSAT,75,10728d70e0641a69:0x115a2d,1536733
v1,1790758515563733,SAT,63,10728d70e0641a69:0x115a2d,1536796
v1,1790758515563887,SAT,64,10728d70e0641a69:0x115a2d,1536860
v1,1790758515564411,SAT,382,10728d70e0641a69:0x115a2d,1537242
v1,1790758515564469,SAT,25,10728d70e0641a69:0x115a2d,1537267
v1,1790758515564665,UNSAT,79,10728d70e0641a69:0x115a2d,1537346
v1,1790758515564702,SAT,24,10728d70e0641a69:0x115a2d,1537370
v1,1790758515564870,UNSAT,69,10728d70e0641a69:0x115a2d,1537439
v1,1790758515564983,SAT,93,10728d70e0641a69:0x115a2d,1537532
v1,1790758515565180,SAT,69,10728d70e0641a69:0x115a2d,1537601
v1,1790758515567505,SAT,1782,10728d70e0641a69:0x115a2d,1539383
v1,1790758515569216,SAT,71,10728d70e0641a69:0x115a2d,1539454
v1,1790758515569598,UNSAT,124,10728d70e0641a69:0x115a2d,1539578
v1,1790758515569640,SAT,26,10728d70e0641a69:0x115a2d,1539604
v1,1790758515569894,UNSAT,94,10728d70e0641a69:0x115a2d,1539698
v1,1790758515570004,SAT,73,10728d70e0641a69:0x115a2d,1539771
v1,1790758515570265,SAT,81,10728d70e0641a69:0x115a2d,1539852
v1,1790758515574228,SAT,3384,10728d70e0641a69:0x115a2d,1543236
v1,1790758515577591,SAT,79,10728d70e0641a69:0x115a2d,1543315
v1,1790758515577981,UNSAT,120,10728d70e0641a69:0x115a2d,1543435
v1,1790758515578032,SAT,30,10728d70e0641a69:0x115a2d,1543465
v1,1790758515578317,UNSAT,116,10728d70e0641a69:0x115a2d,1543581
v1,1790758515578447,SAT,80,10728d70e0641a69:0x115a2d,1543661
v1,1790758515578672,SAT,73,10728d70e0641a69:0x115a2d,1543734
v1,1790758515579266,SAT,391,10728d70e0641a69:0x115a2d,1544125
v1,1790758515579347,SAT,33,10728d70e0641a69:0x115a2d,1544158
v1,1790758515579579,UNSAT,93,10728d70e0641a69:0x115a2d,1544251
v1,1790758515579623,SAT,28,10728d70e0641a69:0x115a2d,1544279
v1,1790758515579811,UNSAT,79,10728d70e0641a69:0x115a2d,1544358
v1,1790758515579896,SAT,62,10728d70e0641a69:0x115a2d,1544420
v1,1790758515580069,SAT,73,10728d70e0641a69:0x115a2d,1544493
v1,1790758515585628,SAT,4976,10728d70e0641a69:0x115a2d,1549469
v1,1790758515590400,SAT,67,10728d70e0641a69:0x115a2d,1549536
v1,1790758515590845,UNSAT,140,10728d70e0641a69:0x115a2d,1549676
v1,1790758515590893,SAT,27,10728d70e0641a69:0x115a2d,1549703
v1,1790758515591180,UNSAT,108,10728d70e0641a69:0x115a2d,1549811
v1,1790758515591304,SAT,82,10728d70e0641a69:0x115a2d,1549893
v1,1790758515591530,SAT,74,10728d70e0641a69:0x115a2d,1549967
v1,1790758515592194,SAT,395,10728d70e0641a69:0x115a2d,1550362
v1,1790758515592282,SAT,44,10728d70e0641a69:0x115a2d,1550406
v1,1790758515592502,UNSAT,90,10728d70e0641a69:0x115a2d,1550496
v1,1790758515592537,SAT,21,10728d70e0641a69:0x115a2d,1550517
v1,1790758515592716,UNSAT,78,10728d70e0641a69:0x115a2d,1550595
v1,1790758515592794,SAT,60,10728d70e0641a69:0x115a2d,1550655
v1,1790758515592960,SAT,62,10728d70e0641a69:0x115a2d,1550717
v1,1790758515593526,SAT,354,10728d70e0641a69:0x115a2d,1551071
v1,1790758515593586,SAT,33,10728d70e0641a69:0x115a2d,1551104
v1,1790758515593771,UNSAT,74,10728d70e0641a69:0x115a2d,1551178
v1,1790758515593801,SAT,19,10728d70e0641a69:0x115a2d,1551197
v1,1790758515593954,UNSAT,66,10728d70e0641a69:0x115a2d,1551263
v1,1790758515594041,SAT,70,10728d70e0641a69:0x115a2d,1551333
v1,1790758515594190,SAT,62,10728d70e0641a69:0x115a2d,1551395
v1,1790758515594675,SAT,340,10728d70e0641a69:0x115a2d,1551735
v1,1790758515594729,SAT,26,10728d70e0641a69:0x115a2d,1551761
v1,1790758515594924,UNSAT,84,10728d70e0641a69:0x115a2d,1551845
v1,1790758515594962,SAT,22,10728d70e0641a69:0x115a2d,1551867
v1,1790758515595133,UNSAT,67,10728d70e0641a69:0x115a2d,1551934
v1,1790758515595207,SAT,56,10728d70e0641a69:0x115a2d,1551990
v1,1790758515595376,SAT,68,10728d70e0641a69:0x115a2d,1552058
v1,1790758515595939,SAT,360,10728d70e0641a69:0x115a2d,1552418
v1,1790758515596006,SAT,31,10728d70e0641a69:0x115a2d,1552449
v1,1790758515596313,UNSAT,137,10728d70e0641a69:0x115a2d,1552586
v1,1790758515596359,SAT,29,10728d70e0641a69:0x115a2d,1552615
v1,1790758515596610,UNSAT,105,10728d70e0641a69:0x115a2d,1552720
v1,1790758515596715,SAT,61,10728d70e0641a69:0x115a2d,1552781
v1,1790758515596906,SAT,62,10728d70e0641a69:0x115a2d,1552843
v1,1790758515597430,SAT,362,10728d70e0641a69:0x115a2d,1553205
v1,1790758515597502,SAT,46,10728d70e0641a69:0x115a2d,1553251
v1,1790758515597698,UNSAT,80,10728d70e0641a69:0x115a2d,1553331
v1,1790758515597733,SAT,22,10728d70e0641a69:0x115a2d,1553353
v1,1790758515597903,UNSAT,80,10728d70e0641a69:0x115a2d,1553433
v1,1790758515597983,SAT,63,10728d70e0641a69:0x115a2d,1553496
v1,1790758515598142,SAT,71,10728d70e0641a69:0x115a2d,1553567
v1,1790758515600521,SAT,1834,10728d70e0641a69:0x115a2d,1555401
v1,1790758515602241,SAT,55,10728d70e0641a69:0x115a2d,1555456
v1,1790758515602645,UNSAT,133,10728d70e0641a69:0x115a2d,1555589
v1,1790758515602710,SAT,44,10728d70e0641a69:0x115a2d,1555633
v1,1790758515602997,UNSAT,112,10728d70e0641a69:0x115a2d,1555745
v1,1790758515603109,SAT,66,10728d70e0641a69:0x115a2d,1555811
v1,1790758515603333,SAT,72,10728d70e0641a69:0x115a2d,1555883
v1,1790758515607194,SAT,3354,10728d70e0641a69:0x115a2d,1559237
v1,1790758515610491,SAT,74,10728d70e0641a69:0x115a2d,1559311
v1,1790758515611902,UNSAT,1106,10728d70e0641a69:0x115a2d,1560417
v1,1790758515612008,SAT,56,10728d70e0641a69:0x115a2d,1560473
v1,1790758515612473,UNSAT,167,10728d70e0641a69:0x115a2d,1560640
v1,1790758515612625,SAT,86,10728d70e0641a69:0x115a2d,1560726
v1,1790758515613288,SAT,408,10728d70e0641a69:0x115a2d,1561134
v1,1790758515618807,SAT,4850,10728d70e0641a69:0x115a2d,1565984
v1,1790758515623526,SAT,64,10728d70e0641a69:0x115a2d,1566048
v1,1790758515624003,UNSAT,173,10728d70e0641a69:0x115a2d,1566221
v1,1790758515624081,SAT,46,10728d70e0641a69:0x115a2d,1566267
v1,1790758515624491,UNSAT,140,10728d70e0641a69:0x115a2d,1566407
v1,1790758515624608,SAT,65,10728d70e0641a69:0x115a2d,1566472
v1,1790758515624883,SAT,116,10728d70e0641a69:0x115a2d,1566588
v1,1790758515625558,SAT,394,10728d70e0641a69:0x115a2d,1566982
v1,1790758515625617,SAT,29,10728d70e0641a69:0x115a2d,1567011
v1,1790758515625844,UNSAT,91,10728d70e0641a69:0x115a2d,1567102
v1,1790758515625876,SAT,21,10728d70e0641a69:0x115a2d,1567123
v1,1790758515626044,UNSAT,67,10728d70e0641a69:0x115a2d,1567190
v1,1790758515626115,SAT,56,10728d70e0641a69:0x115a2d,1567246
v1,1790758515626474,SAT,261,10728d70e0641a69:0x115a2d,1567507
v1,1790758515627100,SAT,357,10728d70e0641a69:0x115a2d,1567864
v1,1790758515627159,SAT,32,10728d70e0641a69:0x115a2d,1567896
v1,1790758515627350,UNSAT,75,10728d70e0641a69:0x115a2d,1567971
v1,1790758515627382,SAT,21,10728d70e0641a69:0x115a2d,1567992
v1,1790758515627546,UNSAT,74,10728d70e0641a69:0x115a2d,1568066
v1,1790758515627621,SAT,60,10728d70e0641a69:0x115a2d,1568126
v1,1790758515627787,SAT,67,10728d70e0641a69:0x115a2d,1568193
v1,1790758515628276,SAT,352,10728d70e0641a69:0x115a2d,1568545
v1,1790758515628340,SAT,31,10728d70e0641a69:0x115a2d,1568576
v1,1790758515628629,UNSAT,115,10728d70e0641a69:0x115a2d,1568691
v1,1790758515628666,SAT,23,10728d70e0641a69:0x115a2d,1568714
v1,1790758515628925,UNSAT,126,10728d70e0641a69:0x115a2d,1568840
v1,1790758515629027,SAT,60,10728d70e0641a69:0x115a2d,1568900
v1,1790758515629217,SAT,66,10728d70e0641a69:0x115a2d,1568966
v1,1790758515629740,SAT,346,10728d70e0641a69:0x115a2d,1569312
v1,1790758515629798,SAT,32,10728d70e0641a69:0x115a2d,1569344
v1,1790758515629982,UNSAT,79,10728d70e0641a69:0x115a2d,1569423
v1,1790758515630015,SAT,23,10728d70e0641a69:0x115a2d,1569446
v1,1790758515630170,UNSAT,66,10728d70e0641a69:0x115a2d,1569512
v1,1790758515630242,SAT,57,10728d70e0641a69:0x115a2d,1569569
v1,1790758515630530,SAT,130,10728d70e0641a69:0x115a2d,1569699
v1,1790758515631368,SAT,527,10728d70e0641a69:0x115a2d,1570226
v1,1790758515632538,SAT,1133,10728d70e0641a69:0x115a2d,1571359
v1,1790758515633023,UNSAT,174,10728d70e0641a69:0x115a2d,1571533
v1,1790758515633104,SAT,45,10728d70e0641a69:0x115a2d,1571578
v1,1790758515633538,UNSAT,139,10728d70e0641a69:0x115a2d,1571717
v1,1790758515633672,SAT,84,10728d70e0641a69:0x115a2d,1571801
v1,1790758515633880,SAT,73,10728d70e0641a69:0x115a2d,1571874
v1,1790758515636295,SAT,1844,10728d70e0641a69:0x115a2d,1573718
v1,1790758515638032,SAT,50,10728d70e0641a69:0x115a2d,1573768
v1,1790758515638428,UNSAT,136,10728d70e0641a69:0x115a2d,1573904
v1,1790758515638487,SAT,34,10728d70e0641a69:0x115a2d,1573938
v1,1790758515638791,UNSAT,114,10728d70e0641a69:0x115a2d,1574052
v1,1790758515638895,SAT,63,10728d70e0641a69:0x115a2d,1574115
v1,1790758515639098,SAT,68,10728d70e0641a69:0x115a2d,1574183
v1,1790758515642959,SAT,3327,10728d70e0641a69:0x115a2d,1577510
v1,1790758515646174,SAT,81,10728d70e0641a69:0x115a2d,1577591
v1,1790758515646561,UNSAT,114,10728d70e0641a69:0x115a2d,1577705
v1,1790758515646598,SAT,22,10728d70e0641a69:0x115a2d,1577727
v1,1790758515646851,UNSAT,96,10728d70e0641a69:0x115a2d,1577823
v1,1790758515646959,SAT,68,10728d70e0641a69:0x115a2d,1577891
v1,1790758515647198,SAT,84,10728d70e0641a69:0x115a2d,1577975
v1,1790758515652731,SAT,4947,10728d70e0641a69:0x115a2d,1582922
v1,1790758515658683,SAT,1280,10728d70e0641a69:0x115a2d,1584202
v1,1790758515659315,UNSAT,207,10728d70e0641a69:0x115a2d,1584409
v1,1790758515659396,SAT,46,10728d70e0641a69:0x115a2d,1584455
v1,1790758515659831,UNSAT,167,10728d70e0641a69:0x115a2d,1584622
v1,1790758515660023,SAT,112,10728d70e0641a69:0x115a2d,1584734
v1,1790758515660405,SAT,107,10728d70e0641a69:0x115a2d,1584841
v1,1790758515661542,SAT,693,10728d70e0641a69:0x115a2d,1585534
v1,1790758515661682,SAT,64,10728d70e0641a69:0x115a2d,1585598
v1,1790758515662081,UNSAT,142,10728d70e0641a69:0x115a2d,1585740
v1,1790758515662195,SAT,86,10728d70e0641a69:0x115a2d,1585826
v1,1790758515662551,UNSAT,130,10728d70e0641a69:0x115a2d,1585956
v1,1790758515662692,SAT,99,10728d70e0641a69:0x115a2d,1586055
v1,1790758515662991,SAT,108,10728d70e0641a69:0x115a2d,1586163
v1,1790758515663837,SAT,549,10728d70e0641a69:0x115a2d,1586712
v1,1790758515663949,SAT,60,10728d70e0641a69:0x115a2d,1586772
v1,1790758515664313,UNSAT,137,10728d70e0641a69:0x115a2d,1586909
v1,1790758515664384,SAT,44,10728d70e0641a69:0x115a2d,1586953
v1,1790758515664679,UNSAT,112,10728d70e0641a69:0x115a2d,1587065
v1,1790758515664814,SAT,98,10728d70e0641a69:0x115a2d,1587163
v1,1790758515665123,SAT,106,10728d70e0641a69:0x115a2d,1587269
v1,1790758515666149,SAT,527,10728d70e0641a69:0x115a2d,1587796
v1,1790758515666258,SAT,52,10728d70e0641a69:0x115a2d,1587848
v1,1790758515666743,UNSAT,183,10728d70e0641a69:0x115a2d,1588031
v1,1790758515666815,SAT,44,10728d70e0641a69:0x115a2d,1588075
v1,1790758515667210,UNSAT,166,10728d70e0641a69:0x115a2d,1588241
v1,1790758515667410,SAT,103,10728d70e0641a69:0x115a2d,1588344
v1,1790758515667765,SAT,112,10728d70e0641a69:0x115a2d,1588456
v1,1790758515668671,SAT,569,10728d70e0641a69:0x115a2d,1589025
v1,1790758515668763,SAT,47,10728d70e0641a69:0x115a2d,1589072
v1,1790758515669086,UNSAT,132,10728d70e0641a69:0x115a2d,1589204
v1,1790758515669153,SAT,40,10728d70e0641a69:0x115a2d,1589244
v1,1790758515669488,UNSAT,123,10728d70e0641a69:0x115a2d,1589367
v1,1790758515669624,SAT,95,10728d70e0641a69:0x115a2d,1589462
v1,1790758515669919,SAT,107,10728d70e0641a69:0x115a2d,1589569
v1,1790758515673409,SAT,2806,10728d70e0641a69:0x115a2d,1592375
v1,1790758515675989,SAT,90,10728d70e0641a69:0x115a2d,1592465
v1,1790758515676657,UNSAT,205,10728d70e0641a69:0x115a2d,1592670
v1,1790758515676748,SAT,51,10728d70e0641a69:0x115a2d,1592721
v1,1790758515677209,UNSAT,178,10728d70e0641a69:0x115a2d,1592899
v1,1790758515677459,SAT,123,10728d70e0641a69:0x115a2d,1593022
v1,1790758515677884,SAT,120,10728d70e0641a69:0x115a2d,1593142
v1,1790758515678914,SAT,591,10728d70e0641a69:0x115a2d,1593733
v1,1790758515679037,SAT,64,10728d70e0641a69:0x115a2d,1593797
v1,1790758515679461,UNSAT,159,10728d70e0641a69:0x115a2d,1593956
v1,1790758515679537,SAT,41,10728d70e0641a69:0x115a2d,1593997
v1,1790758515679906,UNSAT,111,10728d70e0641a69:0x115a2d,1594108
v1,1790758515680025,SAT,92,10728d70e0641a69:0x115a2d,1594200
v1,1790758515680257,SAT,84,10728d70e0641a69:0x115a2d,1594284
v1,1790758515684285,SAT,3482,10728d70e0641a69:0x115a2d,1597766
v1,1790758515687808,SAT,92,10728d70e0641a69:0x115a2d,1597858
v1,1790758515688366,UNSAT,207,10728d70e0641a69:0x115a2d,1598065
v1,1790758515688430,SAT,37,10728d70e0641a69:0x115a2d,1598102
v1,1790758515688824,UNSAT,169,10728d70e0641a69:0x115a2d,1598271
v1,1790758515689009,SAT,113,10728d70e0641a69:0x115a2d,1598384
v1,1790758515689414,SAT,221,10728d70e0641a69:0x115a2d,1598605
v1,1790758515697786,SAT,7368,10728d70e0641a69:0x115a2d,1605973
v1,1790758515703615,SAT,92,10728d70e0641a69:0x115a2d,1606065
v1,1790758515704040,UNSAT,139,10728d70e0641a69:0x115a2d,1606204
v1,1790758515704077,SAT,20,10728d70e0641a69:0x115a2d,1606224
v1,1790758515704362,UNSAT,120,10728d70e0641a69:0x115a2d,1606344
v1,1790758515704462,SAT,57,10728d70e0641a69:0x115a2d,1606401
v1,1790758515704685,SAT,65,10728d70e0641a69:0x115a2d,1606466
v1,1790758515705421,SAT,385,10728d70e0641a69:0x115a2d,1606851
v1,1790758515705481,SAT,29,10728d70e0641a69:0x115a2d,1606880
v1,1790758515705894,UNSAT,286,10728d70e0641a69:0x115a2d,1607166
v1,1790758515705935,SAT,22,10728d70e0641a69:0x115a2d,1607188
v1,1790758515706128,UNSAT,80,10728d70e0641a69:0x115a2d,1607268
v1,1790758515706212,SAT,68,10728d70e0641a69:0x115a2d,1607336
v1,1790758515706412,SAT,76,10728d70e0641a69:0x115a2d,1607412
v1,1790758515706918,SAT,352,10728d70e0641a69:0x115a2d,1607764
v1,1790758515706971,SAT,31,10728d70e0641a69:0x115a2d,1607795
v1,1790758515707152,UNSAT,78,10728d70e0641a69:0x115a2d,1607873
v1,1790758515707187,SAT,24,10728d70e0641a69:0x115a2d,1607897
v1,1790758515707367,UNSAT,79,10728d70e0641a69:0x115a2d,1607976
v1,1790758515707445,SAT,62,10728d70e0641a69:0x115a2d,1608038
v1,1790758515707620,SAT,66,10728d70e0641a69:0x115a2d,1608104
v1,1790758515708126,SAT,359,10728d70e0641a69:0x115a2d,1608463
v1,1790758515708189,SAT,32,10728d70e0641a69:0x115a2d,1608495
v1,1790758515708411,UNSAT,91,10728d70e0641a69:0x115a2d,1608586
v1,1790758515708449,SAT,21,10728d70e0641a69:0x115a2d,1608607
v1,1790758515708639,UNSAT,78,10728d70e0641a69:0x115a2d,1608685
v1,1790758515709209,SAT,254,10728d70e0641a69:0x115a2d,1608939
v1,1790758515709496,SAT,93,10728d70e0641a69:0x115a2d,1609032
v1,1790758515710756,SAT,543,10728d70e0641a69:0x115a2d,1609575
v1,1790758515710853,SAT,42,10728d70e0641a69:0x115a2d,1609617
v1,1790758515711318,UNSAT,186,10728d70e0641a69:0x115a2d,1609803
v1,1790758515711366,SAT,28,10728d70e0641a69:0x115a2d,1609831
v1,1790758515711746,UNSAT,157,10728d70e0641a69:0x115a2d,1609988
v1,1790758515711910,SAT,96,10728d70e0641a69:0x115a2d,1610084
v1,1790758515712177,SAT,77,10728d70e0641a69:0x115a2d,1610161
v1,1790758515713091,SAT,558,10728d70e0641a69:0x115a2d,1610719
v1,1790758515713209,SAT,56,10728d70e0641a69:0x115a2d,1610775
v1,1790758515713619,UNSAT,133,10728d70e0641a69:0x115a2d,1610908
v1,1790758515713690,SAT,42,10728d70e0641a69:0x115a2d,1610950
v1,1790758515713995,UNSAT,120,10728d70e0641a69:0x115a2d,1611070
v1,1790758515714135,SAT,97,10728d70e0641a69:0x115a2d,1611167
v1,1790758515714443,SAT,105,10728d70e0641a69:0x115a2d,1611272
v1,1790758515718012,SAT,2821,10728d70e0641a69:0x115a2d,1614093
v1,1790758515720653,SAT,96,10728d70e0641a69:0x115a2d,1614189
v1,1790758515721304,UNSAT,217,10728d70e0641a69:0x115a2d,1614406
v1,1790758515721393,SAT,52,10728d70e0641a69:0x115a2d,1614458
v1,1790758515721883,UNSAT,195,10728d70e0641a69:0x115a2d,1614653
v1,1790758515722090,SAT,111,10728d70e0641a69:0x115a2d,1614764
v1,1790758515722515,SAT,121,10728d70e0641a69:0x115a2d,1614885
v1,1790758515728792,SAT,5350,10728d70e0641a69:0x115a2d,1620235
v1,1790758515733966,SAT,128,10728d70e0641a69:0x115a2d,1620363
v1,1790758515734769,UNSAT,253,10728d70e0641a69:0x115a2d,1620616
v1,1790758515734938,SAT,121,10728d70e0641a69:0x115a2d,1620737
v1,1790758515735602,UNSAT,261,10728d70e0641a69:0x115a2d,1620998
v1,1790758515735849,SAT,136,10728d70e0641a69:0x115a2d,1621134
v1,1790758515736408,SAT,166,10728d70e0641a69:0x115a2d,1621300
v1,1790758515745213,SAT,7603,10728d70e0641a69:0x115a2d,1628903
v1,1790758515753288,SAT,826,10728d70e0641a69:0x115a2d,1629729
v1,1790758515754048,UNSAT,280,10728d70e0641a69:0x115a2d,1630009
v1,1790758515754154,SAT,49,10728d70e0641a69:0x115a2d,1630058
v1,1790758515754814,UNSAT,205,10728d70e0641a69:0x115a2d,1630263
v1,1790758515755078,SAT,132,10728d70e0641a69:0x115a2d,1630395
v1,1790758515755597,SAT,137,10728d70e0641a69:0x115a2d,1630532
v1,1790758515756741,SAT,602,10728d70e0641a69:0x115a2d,1631134
v1,1790758515756862,SAT,57,10728d70e0641a69:0x115a2d,1631191
v1,1790758515757255,UNSAT,150,10728d70e0641a69:0x115a2d,1631341
v1,1790758515757347,SAT,52,10728d70e0641a69:0x115a2d,1631393
v1,1790758515757714,UNSAT,130,10728d70e0641a69:0x115a2d,1631523
v1,1790758515757858,SAT,98,10728d70e0641a69:0x115a2d,1631621
v1,1790758515758168,SAT,110,10728d70e0641a69:0x115a2d,1631731
v1,1790758515759020,SAT,554,10728d70e0641a69:0x115a2d,1632285
v1,1790758515759145,SAT,59,10728d70e0641a69:0x115a2d,1632344
v1,1790758515759692,UNSAT,205,10728d70e0641a69:0x115a2d,1632549
v1,1790758515759797,SAT,68,10728d70e0641a69:0x115a2d,1632617
v1,1790758515760310,UNSAT,214,10728d70e0641a69:0x115a2d,1632831
v1,1790758515760535,SAT,120,10728d70e0641a69:0x115a2d,1632951
v1,1790758515760973,SAT,123,10728d70e0641a69:0x115a2d,1633074
v1,1790758515761761,SAT,442,10728d70e0641a69:0x115a2d,1633516
v1,1790758515761845,SAT,31,10728d70e0641a69:0x115a2d,1633547
v1,1790758515762158,UNSAT,118,10728d70e0641a69:0x115a2d,1633665
v1,1790758515762212,SAT,28,10728d70e0641a69:0x115a2d,1633693
v1,1790758515762455,UNSAT,84,10728d70e0641a69:0x115a2d,1633777
v1,1790758515762566,SAT,86,10728d70e0641a69:0x115a2d,1633863
v1,1790758515762766,SAT,72,10728d70e0641a69:0x115a2d,1633935
v1,1790758515763412,SAT,439,10728d70e0641a69:0x115a2d,1634374
v1,1790758515763484,SAT,31,10728d70e0641a69:0x115a2d,1634405
v1,1790758515763767,UNSAT,110,10728d70e0641a69:0x115a2d,1634515
v1,1790758515763877,SAT,60,10728d70e0641a69:0x115a2d,1634575
v1,1790758515764310,UNSAT,174,10728d70e0641a69:0x115a2d,1634749
v1,1790758515764496,SAT,133,10728d70e0641a69:0x115a2d,1634882
v1,1790758515764897,SAT,140,10728d70e0641a69:0x115a2d,1635022
v1,1790758515767615,SAT,1971,10728d70e0641a69:0x115a2d,1636993
v1,1790758515769404,SAT,83,10728d70e0641a69:0x115a2d,1637076
v1,1790758515770089,UNSAT,217,10728d70e0641a69:0x115a2d,1637293
v1,1790758515770174,SAT,44,10728d70e0641a69:0x115a2d,1637337
v1,1790758515770714,UNSAT,192,10728d70e0641a69:0x115a2d,1637529
v1,1790758515770922,SAT,112,10728d70e0641a69:0x115a2d,1637641
v1,1790758515771322,SAT,125,10728d70e0641a69:0x115a2d,1637766
v1,1790758515776466,SAT,4177,10728d70e0641a69:0x115a2d,1641943
v1,1790758515780047,SAT,85,10728d70e0641a69:0x115a2d,1642028
v1,1790758515781235,UNSAT,782,10728d70e0641a69:0x115a2d,1642810
v1,1790758515781332,SAT,47,10728d70e0641a69:0x115a2d,1642857
v1,1790758515781822,UNSAT,201,10728d70e0641a69:0x115a2d,1643058
v1,1790758515781974,SAT,93,10728d70e0641a69:0x115a2d,1643151
v1,1790758515782368,SAT,151,10728d70e0641a69:0x115a2d,1643302
v1,1790758515783227,SAT,489,10728d70e0641a69:0x115a2d,1643791
v1,1790758515783323,SAT,34,10728d70e0641a69:0x115a2d,1643825
v1,1790758515783603,UNSAT,110,10728d70e0641a69:0x115a2d,1643935
v1,1790758515783658,SAT,35,10728d70e0641a69:0x115a2d,1643970
v1,1790758515783891,UNSAT,95,10728d70e0641a69:0x115a2d,1644065
v1,1790758515784082,SAT,119,10728d70e0641a69:0x115a2d,1644184
v1,1790758515784428,SAT,89,10728d70e0641a69:0x115a2d,1644273
v1,1790758515791178,SAT,5991,10728d70e0641a69:0x115a2d,1650264
v1,1790758515798773,SAT,112,10728d70e0641a69:0x115a2d,1650376
v1,1790758515799576,UNSAT,254,10728d70e0641a69:0x115a2d,1650630
v1,1790758515799683,SAT,53,10728d70e0641a69:0x115a2d,1650683
v1,1790758515800334,UNSAT,257,10728d70e0641a69:0x115a2d,1650940
v1,1790758515800564,SAT,121,10728d70e0641a69:0x115a2d,1651061
v1,1790758515801044,SAT,135,10728d70e0641a69:0x115a2d,1651196
v1,1790758515802222,SAT,623,10728d70e0641a69:0x115a2d,1651819
v1,1790758515802365,SAT,64,10728d70e0641a69:0x115a2d,1651883
v1,1790758515802827,UNSAT,189,10728d70e0641a69:0x115a2d,1652072
v1,1790758515802902,SAT,36,10728d70e0641a69:0x115a2d,1652108
v1,1790758515803191,UNSAT,101,10728d70e0641a69:0x115a2d,1652209
v1,1790758515803337,SAT,126,10728d70e0641a69:0x115a2d,1652335
v1,1790758515803712,SAT,141,10728d70e0641a69:0x115a2d,1652476
v1,1790758515804638,SAT,488,10728d70e0641a69:0x115a2d,1652964
v1,1790758515804729,SAT,42,10728d70e0641a69:0x115a2d,1653006
v1,1790758515804989,UNSAT,92,10728d70e0641a69:0x115a2d,1653098
v1,1790758515805029,SAT,25,10728d70e0641a69:0x115a2d,1653123
v1,1790758515805246,UNSAT,88,10728d70e0641a69:0x115a2d,1653211
v1,1790758515805431,SAT,113,10728d70e0641a69:0x115a2d,1653324
v1,1790758515805764,SAT,106,10728d70e0641a69:0x115a2d,1653430
v1,1790758515806665,SAT,585,10728d70e0641a69:0x115a2d,1654015
v1,1790758515806795,SAT,57,10728d70e0641a69:0x115a2d,1654072
v1,1790758515807190,UNSAT,143,10728d70e0641a69:0x115a2d,1654215
v1,1790758515807345,SAT,125,10728d70e0641a69:0x115a2d,1654340
v1,1790758515807706,UNSAT,131,10728d70e0641a69:0x115a2d,1654471
v1,1790758515807849,SAT,101,10728d70e0641a69:0x115a2d,1654572
v1,1790758515808157,SAT,107,10728d70e0641a69:0x115a2d,1654679
v1,1790758515809097,SAT,558,10728d70e0641a69:0x115a2d,1655237
v1,1790758515809235,SAT,66,10728d70e0641a69:0x115a2d,1655303
v1,1790758515809672,UNSAT,158,10728d70e0641a69:0x115a2d,1655461
v1,1790758515809740,SAT,35,10728d70e0641a69:0x115a2d,1655496
v1,1790758515810261,UNSAT,231,10728d70e0641a69:0x115a2d,1655727
v1,1790758515810470,SAT,105,10728d70e0641a69:0x115a2d,1655832
v1,1790758515810896,SAT,125,10728d70e0641a69:0x115a2d,1655957
v1,1790758515811817,SAT,599,10728d70e0641a69:0x115a2d,1656556
v1,1790758515811952,SAT,60,10728d70e0641a69:0x115a2d,1656616
v1,1790758515812373,UNSAT,142,10728d70e0641a69:0x115a2d,1656758
v1,1790758515812424,SAT,26,10728d70e0641a69:0x115a2d,1656784
v1,1790758515812695,UNSAT,99,10728d70e0641a69:0x115a2d,1656883
v1,1790758515812810,SAT,77,10728d70e0641a69:0x115a2d,1656960
v1,1790758515813038,SAT,74,10728d70e0641a69:0x115a2d,1657034
v1,1790758515815499,SAT,1853,10728d70e0641a69:0x115a2d,1658887
v1,1790758515817286,SAT,73,10728d70e0641a69:0x115a2d,1658960
v1,1790758515817719,UNSAT,130,10728d70e0641a69:0x115a2d,1659090
v1,1790758515818371,SAT,52,10728d70e0641a69:0x115a2d,1659142
v1,1790758515818989,UNSAT,231,10728d70e0641a69:0x115a2d,1659373
v1,1790758515819217,SAT,118,10728d70e0641a69:0x115a2d,1659491
v1,1790758515819916,SAT,342,10728d70e0641a69:0x115a2d,1659833
v1,1790758515826211,SAT,5260,10728d70e0641a69:0x115a2d,1665093
v1,1790758515831350,SAT,126,10728d70e0641a69:0x115a2d,1665219
v1,1790758515832056,UNSAT,231,10728d70e0641a69:0x115a2d,1665450
v1,1790758515832159,SAT,57,10728d70e0641a69:0x115a2d,1665507
v1,1790758515832710,UNSAT,198,10728d70e0641a69:0x115a2d,1665705
v1,1790758515832909,SAT,102,10728d70e0641a69:0x115a2d,1665807
v1,1790758515833347,SAT,150,10728d70e0641a69:0x115a2d,1665957
v1,1790758515840389,SAT,6097,10728d70e0641a69:0x115a2d,1672054
v1,1790758515845230,SAT,76,10728d70e0641a69:0x115a2d,1672130
v1,1790758515845636,UNSAT,133,10728d70e0641a69:0x115a2d,1672263
v1,1790758515845675,SAT,22,10728d70e0641a69:0x115a2d,1672285
v1,1790758515845962,UNSAT,118,10728d70e0641a69:0x115a2d,1672403
v1,1790758515846066,SAT,58,10728d70e0641a69:0x115a2d,1672461
v1,1790758515846290,SAT,77,10728d70e0641a69:0x115a2d,1672538
v1,1790758515846932,SAT,394,10728d70e0641a69:0x115a2d,1672932
v1,1790758515846990,SAT,31,10728d70e0641a69:0x115a2d,1672963
v1,1790758515847187,UNSAT,84,10728d70e0641a69:0x115a2d,1673047
v1,1790758515847221,SAT,23,10728d70e0641a69:0x115a2d,1673070
v1,1790758515847390,UNSAT,70,10728d70e0641a69:0x115a2d,1673140
v1,1790758515847468,SAT,61,10728d70e0641a69:0x115a2d,1673201
v1,1790758515847627,SAT,63,10728d70e0641a69:0x115a2d,1673264
v1,1790758515848200,SAT,341,10728d70e0641a69:0x115a2d,1673605
v1,1790758515848246,SAT,23,10728d70e0641a69:0x115a2d,1673628
v1,1790758515848454,UNSAT,81,10728d70e0641a69:0x115a2d,1673709
v1,1790758515848489,SAT,25,10728d70e0641a69:0x115a2d,1673734
v1,1790758515848661,UNSAT,77,10728d70e0641a69:0x115a2d,1673811
v1,1790758515848734,SAT,58,10728d70e0641a69:0x115a2d,1673869
v1,1790758515848873,SAT,56,10728d70e0641a69:0x115a2d,1673925
v1,1790758515849346,SAT,346,10728d70e0641a69:0x115a2d,1674271
v1,1790758515849396,SAT,24,10728d70e0641a69:0x115a2d,1674295
v1,1790758515849635,UNSAT,97,10728d70e0641a69:0x115a2d,1674392
v1,1790758515849865,SAT,220,10728d70e0641a69:0x115a2d,1674612
v1,1790758515850149,UNSAT,122,10728d70e0641a69:0x115a2d,1674734
v1,1790758515850257,SAT,66,10728d70e0641a69:0x115a2d,1674800
v1,1790758515850454,SAT,66,10728d70e0641a69:0x115a2d,1674866
v1,1790758515850957,SAT,351,10728d70e0641a69:0x115a2d,1675217
v1,1790758515851004,SAT,24,10728d70e0641a69:0x115a2d,1675241
v1,1790758515851186,UNSAT,82,10728d70e0641a69:0x115a2d,1675323
v1,1790758515851219,SAT,23,10728d70e0641a69:0x115a2d,1675346
v1,1790758515851382,UNSAT,66,10728d70e0641a69:0x115a2d,1675412
v1,1790758515851462,SAT,65,10728d70e0641a69:0x115a2d,1675477
v1,1790758515851612,SAT,59,10728d70e0641a69:0x115a2d,1675536
v1,1790758515852083,SAT,341,10728d70e0641a69:0x115a2d,1675877
v1,1790758515852128,SAT,25,10728d70e0641a69:0x115a2d,1675902
v1,1790758515852302,UNSAT,77,10728d70e0641a69:0x115a2d,1675979
v1,1790758515852335,SAT,23,10728d70e0641a69:0x115a2d,1676002
v1,1790758515852503,UNSAT,76,10728d70e0641a69:0x115a2d,1676078
v1,1790758515852572,SAT,54,10728d70e0641a69:0x115a2d,1676132
v1,1790758515852724,SAT,63,10728d70e0641a69:0x115a2d,1676195
v1,1790758515854931,SAT,1768,10728d70e0641a69:0x115a2d,1677963
v1,1790758515856600,SAT,66,10728d70e0641a69:0x115a2d,1678029
v1,1790758515856929,UNSAT,121,10728d70e0641a69:0x115a2d,1678150
v1,1790758515856967,SAT,24,10728d70e0641a69:0x115a2d,1678174
v1,1790758515857239,UNSAT,105,10728d70e0641a69:0x115a2d,1678279
v1,1790758515857353,SAT,61,10728d70e0641a69:0x115a2d,1678340
v1,1790758515857553,SAT,69,10728d70e0641a69:0x115a2d,1678409
v1,1790758515861427,SAT,3352,10728d70e0641a69:0x115a2d,1681761
v1,1790758515864619,SAT,56,10728d70e0641a69:0x115a2d,1681817
v1,1790758515864990,UNSAT,118,10728d70e0641a69:0x115a2d,1681935
v1,1790758515865033,SAT,27,10728d70e0641a69:0x115a2d,1681962
v1,1790758515865289,UNSAT,108,10728d70e0641a69:0x115a2d,1682070
v1,1790758515865386,SAT,60,10728d70e0641a69:0x115a2d,1682130
v1,1790758515865582,SAT,65,10728d70e0641a69:0x115a2d,1682195
v1,1790758515870958,SAT,4811,10728d70e0641a69:0x115a2d,1687006
v1,1790758515875636,SAT,77,10728d70e0641a69:0x115a2d,1687083
v1,1790758515876006,UNSAT,128,10728d70e0641a69:0x115a2d,1687211
v1,1790758515876055,SAT,33,10728d70e0641a69:0x115a2d,1687244
v1,1790758515876357,UNSAT,147,10728d70e0641a69:0x115a2d,1687391
v1,1790758515876461,SAT,64,10728d70e0641a69:0x115a2d,1687455
v1,1790758515876671,SAT,64,10728d70e0641a69:0x115a2d,1687519
v1,1790758515877273,SAT,364,10728d70e0641a69:0x115a2d,1687883
v1,1790758515877321,SAT,22,10728d70e0641a69:0x115a2d,1687905
v1,1790758515877502,UNSAT,74,10728d70e0641a69:0x115a2d,1687979
v1,1790758515877534,SAT,22,10728d70e0641a69:0x115a2d,1688001
v1,1790758515877695,UNSAT,65,10728d70e0641a69:0x115a2d,1688066
v1,1790758515877763,SAT,54,10728d70e0641a69:0x115a2d,1688120
v1,1790758515877912,SAT,65,10728d70e0641a69:0x115a2d,1688185
v1,1790758515878422,SAT,383,10728d70e0641a69:0x115a2d,1688568
v1,1790758515878476,SAT,26,10728d70e0641a69:0x115a2d,1688594
v1,1790758515878669,UNSAT,77,10728d70e0641a69:0x115a2d,1688671
v1,1790758515878703,SAT,21,10728d70e0641a69:0x115a2d,1688692
v1,1790758515878870,UNSAT,71,10728d70e0641a69:0x115a2d,1688763
v1,1790758515878939,SAT,55,10728d70e0641a69:0x115a2d,1688818
v1,1790758515879086,SAT,58,10728d70e0641a69:0x115a2d,1688876
v1,1790758515879670,SAT,338,10728d70e0641a69:0x115a2d,1689214
v1,1790758515879744,SAT,36,10728d70e0641a69:0x115a2d,1689250
v1,1790758515880033,UNSAT,127,10728d70e0641a69:0x115a2d,1689377
v1,1790758515880090,SAT,33,10728d70e0641a69:0x115a2d,1689410
v1,1790758515880357,UNSAT,115,10728d70e0641a69:0x115a2d,1689525
v1,1790758515880462,SAT,65,10728d70e0641a69:0x115a2d,1689590
v1,1790758515880704,SAT,71,10728d70e0641a69:0x115a2d,1689661
v1,1790758515881289,SAT,382,10728d70e0641a69:0x115a2d,1690043
v1,1790758515881343,SAT,29,10728d70e0641a69:0x115a2d,1690072
v1,1790758515881540,UNSAT,79,10728d70e0641a69:0x115a2d,1690151
v1,1790758515881587,SAT,34,10728d70e0641a69:0x115a2d,1690185
v1,1790758515881861,UNSAT,154,10728d70e0641a69:0x115a2d,1690339
v1,1790758515882018,SAT,102,10728d70e0641a69:0x115a2d,1690441
v1,1790758515882446,SAT,145,10728d70e0641a69:0x115a2d,1690586
v1,1790758515884828,SAT,1851,10728d70e0641a69:0x115a2d,1692437
v1,1790758515886555,SAT,54,10728d70e0641a69:0x115a2d,1692491
v1,1790758515886948,UNSAT,125,10728d70e0641a69:0x115a2d,1692616
v1,1790758515887001,SAT,36,10728d70e0641a69:0x115a2d,1692652
v1,1790758515887294,UNSAT,132,10728d70e0641a69:0x115a2d,1692784
v1,1790758515887408,SAT,65,10728d70e0641a69:0x115a2d,1692849
v1,1790758515887651,SAT,71,10728d70e0641a69:0x115a2d,1692920
v1,1790758515888308,SAT,410,10728d70e0641a69:0x115a2d,1693330
v1,1790758515888387,SAT,40,10728d70e0641a69:0x115a2d,1693370
v1,1790758515888615,UNSAT,95,10728d70e0641a69:0x115a2d,1693465
v1,1790758515888657,SAT,30,10728d70e0641a69:0x115a2d,1693495
v1,1790758515888833,UNSAT,73,10728d70e0641a69:0x115a2d,1693568
v1,1790758515888909,SAT,60,10728d70e0641a69:0x115a2d,1693628
v1,1790758515889057,SAT,61,10728d70e0641a69:0x115a2d,1693689
v1,1790758515893058,SAT,3520,10728d70e0641a69:0x115a2d,1697209
v1,1790758515896307,SAT,50,10728d70e0641a69:0x115a2d,1697259
v1,1790758515896677,UNSAT,122,10728d70e0641a69:0x115a2d,1697381
v1,1790758515896724,SAT,29,10728d70e0641a69:0x115a2d,1697410
v1,1790758515896976,UNSAT,102,10728d70e0641a69:0x115a2d,1697512
v1,1790758515897075,SAT,59,10728d70e0641a69:0x115a2d,1697571
v1,1790758515897281,SAT,72,10728d70e0641a69:0x115a2d,1697643
v1,1790758515902617,SAT,4797,10728d70e0641a69:0x115a2d,1702440
v1,1790758515907342,SAT,56,10728d70e0641a69:0x115a2d,1702496
v1,1790758515907722,UNSAT,129,10728d70e0641a69:0x115a2d,1702625
v1,1790758515907769,SAT,31,10728d70e0641a69:0x115a2d,1702656
v1,1790758515908031,UNSAT,104,10728d70e0641a69:0x115a2d,1702760
v1,1790758515908149,SAT,77,10728d70e0641a69:0x115a2d,1702837
v1,1790758515908369,SAT,65,10728d70e0641a69:0x115a2d,1702902
v1,1790758515909047,SAT,353,10728d70e0641a69:0x115a2d,1703255
v1,1790758515909105,SAT,33,10728d70e0641a69:0x115a2d,1703288
v1,1790758515909470,UNSAT,255,10728d70e0641a69:0x115a2d,1703543
v1,1790758515909504,SAT,24,10728d70e0641a69:0x115a2d,1703567
v1,1790758515909660,UNSAT,64,10728d70e0641a69:0x115a2d,1703631
v1,1790758515909730,SAT,55,10728d70e0641a69:0x115a2d,1703686
v1,1790758515909888,SAT,68,10728d70e0641a69:0x115a2d,1703754
v1,1790758515910387,SAT,362,10728d70e0641a69:0x115a2d,1704116
v1,1790758515910439,SAT,25,10728d70e0641a69:0x115a2d,1704141
v1,1790758515910630,UNSAT,82,10728d70e0641a69:0x115a2d,1704223
v1,1790758515910666,SAT,24,10728d70e0641a69:0x115a2d,1704247
v1,1790758515910828,UNSAT,66,10728d70e0641a69:0x115a2d,1704313
v1,1790758515910896,SAT,54,10728d70e0641a69:0x115a2d,1704367
v1,1790758515911043,SAT,59,10728d70e0641a69:0x115a2d,1704426
v1,1790758515911525,SAT,348,10728d70e0641a69:0x115a2d,1704774
v1,1790758515911573,SAT,27,10728d70e0641a69:0x115a2d,1704801
v1,1790758515911759,UNSAT,78,10728d70e0641a69:0x115a2d,1704879
v1,1790758515911796,SAT,27,10728d70e0641a69:0x115a2d,1704906
v1,1790758515911967,UNSAT,79,10728d70e0641a69:0x115a2d,1704985
v1,1790758515912152,SAT,166,10728d70e0641a69:0x115a2d,1705151
v1,1790758515912390,SAT,78,10728d70e0641a69:0x115a2d,1705229
v1,1790758515913261,SAT,360,10728d70e0641a69:0x115a2d,1705589
v1,1790758515913323,SAT,26,10728d70e0641a69:0x115a2d,1705615
v1,1790758515913621,UNSAT,121,10728d70e0641a69:0x115a2d,1705736
v1,1790758515913663,SAT,28,10728d70e0641a69:0x115a2d,1705764
v1,1790758515913901,UNSAT,106,10728d70e0641a69:0x115a2d,1705870
v1,1790758515914010,SAT,63,10728d70e0641a69:0x115a2d,1705933
v1,1790758515914197,SAT,62,10728d70e0641a69:0x115a2d,1705995
v1,1790758515914688,SAT,351,10728d70e0641a69:0x115a2d,1706346
v1,1790758515914738,SAT,26,10728d70e0641a69:0x115a2d,1706372
v1,1790758515914920,UNSAT,78,10728d70e0641a69:0x115a2d,1706450
v1,1790758515914954,SAT,25,10728d70e0641a69:0x115a2d,1706475
v1,1790758515915112,UNSAT,67,10728d70e0641a69:0x115a2d,1706542
v1,1790758515915186,SAT,59,10728d70e0641a69:0x115a2d,1706601
v1,1790758515915351,SAT,68,10728d70e0641a69:0x115a2d,1706669
v1,1790758515917556,SAT,1763,10728d70e0641a69:0x115a2d,1708432
v1,1790758515919182,SAT,38,10728d70e0641a69:0x115a2d,1708470
v1,1790758515919533,UNSAT,125,10728d70e0641a69:0x115a2d,1708595
v1,1790758515919576,SAT,30,10728d70e0641a69:0x115a2d,1708625
v1,1790758515919843,UNSAT,109,10728d70e0641a69:0x115a2d,1708734
v1,1790758515919951,SAT,62,10728d70e0641a69:0x115a2d,1708796
v1,1790758515920157,SAT,62,10728d70e0641a69:0x115a2d,1708858
v1,1790758515924016,SAT,3299,10728d70e0641a69:0x115a2d,1712157
v1,1790758515927478,SAT,56,10728d70e0641a69:0x115a2d,1712213
v1,1790758515927886,UNSAT,140,10728d70e0641a69:0x115a2d,1712353
v1,1790758515927932,SAT,27,10728d70e0641a69:0x115a2d,1712380
v1,1790758515928292,UNSAT,154,10728d70e0641a69:0x115a2d,1712534
v1,1790758515928411,SAT,65,10728d70e0641a69:0x115a2d,1712599
v1,1790758515928653,SAT,70,10728d70e0641a69:0x115a2d,1712669
v1,1790758515934199,SAT,4878,10728d70e0641a69:0x115a2d,1717547
v1,1790758515939000,SAT,79,10728d70e0641a69:0x115a2d,1717626
v1,1790758515939428,UNSAT,142,10728d70e0641a69:0x115a2d,1717768
v1,1790758515939482,SAT,37,10728d70e0641a69:0x115a2d,1717805
v1,1790758515939773,UNSAT,116,10728d70e0641a69:0x115a2d,1717921
v1,1790758515939879,SAT,59,10728d70e0641a69:0x115a2d,1717980
v1,1790758515940090,SAT,67,10728d70e0641a69:0x115a2d,1718047
v1,1790758515940757,SAT,373,10728d70e0641a69:0x115a2d,1718420
v1,1790758515940808,SAT,24,10728d70e0641a69:0x115a2d,1718444
v1,1790758515941002,UNSAT,76,10728d70e0641a69:0x115a2d,1718520
v1,1790758515941065,SAT,51,10728d70e0641a69:0x115a2d,1718571
v1,1790758515941239,UNSAT,75,10728d70e0641a69:0x115a2d,1718646
v1,1790758515941325,SAT,59,10728d70e0641a69:0x115a2d,1718705
v1,1790758515941506,SAT,65,10728d70e0641a69:0x115a2d,1718770
v1,1790758515942044,SAT,362,10728d70e0641a69:0x115a2d,1719132
v1,1790758515942107,SAT,31,10728d70e0641a69:0x115a2d,1719163
v1,1790758515942384,UNSAT,113,10728d70e0641a69:0x115a2d,1719276
v1,1790758515942420,SAT,24,10728d70e0641a69:0x115a2d,1719300
v1,1790758515942643,UNSAT,99,10728d70e0641a69:0x115a2d,1719399
v1,1790758515942740,SAT,59,10728d70e0641a69:0x115a2d,1719458
v1,1790758515942924,SAT,61,10728d70e0641a69:0x115a2d,1719519
v1,1790758515943456,SAT,389,10728d70e0641a69:0x115a2d,1719908
v1,1790758515943509,SAT,27,10728d70e0641a69:0x115a2d,1719935
v1,1790758515943699,UNSAT,76,10728d70e0641a69:0x115a2d,1720011
v1,1790758515943732,SAT,23,10728d70e0641a69:0x115a2d,1720034
v1,1790758515943893,UNSAT,70,10728d70e0641a69:0x115a2d,1720104
v1,1790758515943963,SAT,54,10728d70e0641a69:0x115a2d,1720158
v1,1790758515944105,SAT,56,10728d70e0641a69:0x115a2d,1720214
v1,1790758515944566,SAT,336,10728d70e0641a69:0x115a2d,1720550
v1,1790758515944615,SAT,26,10728d70e0641a69:0x115a2d,1720576
v1,1790758515944796,UNSAT,82,10728d70e0641a69:0x115a2d,1720658
v1,1790758515944825,SAT,19,10728d70e0641a69:0x115a2d,1720677
v1,1790758515944983,UNSAT,64,10728d70e0641a69:0x115a2d,1720741
v1,1790758515945052,SAT,54,10728d70e0641a69:0x115a2d,1720795
v1,1790758515945192,SAT,55,10728d70e0641a69:0x115a2d,1720850
v1,1790758515947452,SAT,1753,10728d70e0641a69:0x115a2d,1722603
v1,1790758515949114,SAT,69,10728d70e0641a69:0x115a2d,1722672
v1,1790758515949572,UNSAT,239,10728d70e0641a69:0x115a2d,1722911
v1,1790758515949673,SAT,84,10728d70e0641a69:0x115a2d,1722995
v1,1790758515950000,UNSAT,156,10728d70e0641a69:0x115a2d,1723151
v1,1790758515950217,SAT,163,10728d70e0641a69:0x115a2d,1723314
v1,1790758515950475,SAT,83,10728d70e0641a69:0x115a2d,1723397
v1,1790758515954345,SAT,3330,10728d70e0641a69:0x115a2d,1726727
v1,1790758515957570,SAT,59,10728d70e0641a69:0x115a2d,1726786
v1,1790758515957940,UNSAT,128,10728d70e0641a69:0x115a2d,1726914
v1,1790758515957980,SAT,25,10728d70e0641a69:0x115a2d,1726939
v1,1790758515958227,UNSAT,96,10728d70e0641a69:0x115a2d,1727035
v1,1790758515958334,SAT,62,10728d70e0641a69:0x115a2d,1727097
v1,1790758515958530,SAT,62,10728d70e0641a69:0x115a2d,1727159
v1,1790758515959049,SAT,358,10728d70e0641a69:0x115a2d,1727517
v1,1790758515959094,SAT,22,10728d70e0641a69:0x115a2d,1727539
v1,1790758515959297,UNSAT,81,10728d70e0641a69:0x115a2d,1727620
v1,1790758515959328,SAT,20,10728d70e0641a69:0x115a2d,1727640
v1,1790758515959493,UNSAT,73,10728d70e0641a69:0x115a2d,1727713
v1,1790758515959573,SAT,65,10728d70e0641a69:0x115a2d,1727778
v1,1790758515959718,SAT,61,10728d70e0641a69:0x115a2d,1727839
v1,1790758515965076,SAT,4831,10728d70e0641a69:0x115a2d,1732670
v1,1790758515969762,SAT,44,10728d70e0641a69:0x115a2d,1732714
v1,1790758515970130,UNSAT,120,10728d70e0641a69:0x115a2d,1732834
v1,1790758515970194,SAT,48,10728d70e0641a69:0x115a2d,1732882
v1,1790758515970477,UNSAT,107,10728d70e0641a69:0x115a2d,1732989
v1,1790758515970572,SAT,56,10728d70e0641a69:0x115a2d,1733045
v1,1790758515970784,SAT,63,10728d70e0641a69:0x115a2d,1733108
v1,1790758515971369,SAT,361,10728d70e0641a69:0x115a2d,1733469
v1,1790758515971416,SAT,23,10728d70e0641a69:0x115a2d,1733492
v1,1790758515971609,UNSAT,86,10728d70e0641a69:0x115a2d,1733578
v1,1790758515971647,SAT,28,10728d70e0641a69:0x115a2d,1733606
v1,1790758515971810,UNSAT,68,10728d70e0641a69:0x115a2d,1733674
v1,1790758515971879,SAT,55,10728d70e0641a69:0x115a2d,1733729
v1,1790758515972030,SAT,56,10728d70e0641a69:0x115a2d,1733785
v1,1790758515972569,SAT,348,10728d70e0641a69:0x115a2d,1734133
v1,1790758515972618,SAT,24,10728d70e0641a69:0x115a2d,1734157
v1,1790758515972812,UNSAT,75,10728d70e0641a69:0x115a2d,1734232
v1,1790758515972839,SAT,18,10728d70e0641a69:0x115a2d,1734250
v1,1790758515973015,UNSAT,81,10728d70e0641a69:0x115a2d,1734331
v1,1790758515973088,SAT,55,10728d70e0641a69:0x115a2d,1734386
v1,1790758515973257,SAT,73,10728d70e0641a69:0x115a2d,1734459
v1,1790758515973763,SAT,356,10728d70e0641a69:0x115a2d,1734815
v1,1790758515973815,SAT,23,10728d70e0641a69:0x115a2d,1734838
v1,1790758515974014,UNSAT,85,10728d70e0641a69:0x115a2d,1734923
v1,1790758515974050,SAT,26,10728d70e0641a69:0x115a2d,1734949
v1,1790758515974216,UNSAT,74,10728d70e0641a69:0x115a2d,1735023
v1,1790758515974311,SAT,76,10728d70e0641a69:0x115a2d,1735099
v1,1790758515974473,SAT,61,10728d70e0641a69:0x115a2d,1735160
v1,1790758515975023,SAT,349,10728d70e0641a69:0x115a2d,1735509
v1,1790758515975074,SAT,22,10728d70e0641a69:0x115a2d,1735531
v1,1790758515975366,UNSAT,125,10728d70e0641a69:0x115a2d,1735656
v1,1790758515975403,SAT,25,10728d70e0641a69:0x115a2d,1735681
v1,1790758515975640,UNSAT,101,10728d70e0641a69:0x115a2d,1735782
v1,1790758515975736,SAT,56,10728d70e0641a69:0x115a2d,1735838
v1,1790758515975929,SAT,68,10728d70e0641a69:0x115a2d,1735906
v1,1790758515976433,SAT,354,10728d70e0641a69:0x115a2d,1736260
v1,1790758515976483,SAT,26,10728d70e0641a69:0x115a2d,1736286
v1,1790758515976664,UNSAT,80,10728d70e0641a69:0x115a2d,1736366
v1,1790758515976696,SAT,22,10728d70e0641a69:0x115a2d,1736388
v1,1790758515976845,UNSAT,62,10728d70e0641a69:0x115a2d,1736450
v1,1790758515976915,SAT,54,10728d70e0641a69:0x115a2d,1736504
v1,1790758515977055,SAT,59,10728d70e0641a69:0x115a2d,1736563
v1,1790758515979366,SAT,1756,10728d70e0641a69:0x115a2d,1738319
v1,1790758515981031,SAT,59,10728d70e0641a69:0x115a2d,1738378
v1,1790758515981373,UNSAT,119,10728d70e0641a69:0x115a2d,1738497
v1,1790758515981410,SAT,22,10728d70e0641a69:0x115a2d,1738519
v1,1790758515981662,UNSAT,100,10728d70e0641a69:0x115a2d,1738619
v1,1790758515981769,SAT,65,10728d70e0641a69:0x115a2d,1738684
v1,1790758515981977,SAT,64,10728d70e0641a69:0x115a2d,1738748
v1,1790758515985733,SAT,3268,10728d70e0641a69:0x115a2d,1742016
v1,1790758515988891,SAT,41,10728d70e0641a69:0x115a2d,1742057
v1,1790758515989309,UNSAT,190,10728d70e0641a69:0x115a2d,1742247
v1,1790758515989359,SAT,32,10728d70e0641a69:0x115a2d,1742279
v1,1790758515989646,UNSAT,120,10728d70e0641a69:0x115a2d,1742399
v1,1790758515989754,SAT,64,10728d70e0641a69:0x115a2d,1742463
v1,1790758515989964,SAT,67,10728d70e0641a69:0x115a2d,1742530
v1,1790758515995353,SAT,4819,10728d70e0641a69:0x115a2d,1747349
v1,1790758516000021,SAT,74,10728d70e0641a69:0x115a2d,1747423
v1,1790758516000396,UNSAT,127,10728d70e0641a69:0x115a2d,1747550
v1,1790758516000434,SAT,22,10728d70e0641a69:0x115a2d,1747572
v1,1790758516000711,UNSAT,105,10728d70e0641a69:0x115a2d,1747677
v1,1790758516000819,SAT,65,10728d70e0641a69:0x115a2d,1747742
v1,1790758516001014,SAT,62,10728d70e0641a69:0x115a2d,1747804
v1,1790758516001624,SAT,359,10728d70e0641a69:0x115a2d,1748163
v1,1790758516001680,SAT,27,10728d70e0641a69:0x115a2d,1748190
v1,1790758516002055,UNSAT,259,10728d70e0641a69:0x115a2d,1748449
v1,1790758516002101,SAT,31,10728d70e0641a69:0x115a2d,1748480
v1,1790758516002329,UNSAT,102,10728d70e0641a69:0x115a2d,1748582
v1,1790758516002422,SAT,66,10728d70e0641a69:0x115a2d,1748648
v1,1790758516002616,SAT,73,10728d70e0641a69:0x115a2d,1748721
v1,1790758516003341,SAT,428,10728d70e0641a69:0x115a2d,1749149
v1,1790758516003422,SAT,42,10728d70e0641a69:0x115a2d,1749191
v1,1790758516003681,UNSAT,97,10728d70e0641a69:0x115a2d,1749288
v1,1790758516003719,SAT,25,10728d70e0641a69:0x115a2d,1749313
v1,1790758516003915,UNSAT,89,10728d70e0641a69:0x115a2d,1749402
v1,1790758516004024,SAT,81,10728d70e0641a69:0x115a2d,1749483
v1,1790758516004229,SAT,69,10728d70e0641a69:0x115a2d,1749552
v1,1790758516004748,SAT,348,10728d70e0641a69:0x115a2d,1749900
v1,1790758516004807,SAT,27,10728d70e0641a69:0x115a2d,1749927
v1,1790758516005073,UNSAT,109,10728d70e0641a69:0x115a2d,1750036
v1,1790758516005103,SAT,20,10728d70e0641a69:0x115a2d,1750056
v1,1790758516005341,UNSAT,109,10728d70e0641a69:0x115a2d,1750165
v1,1790758516005446,SAT,66,10728d70e0641a69:0x115a2d,1750231
v1,1790758516005655,SAT,66,10728d70e0641a69:0x115a2d,1750297
v1,1790758516006136,SAT,338,10728d70e0641a69:0x115a2d,1750635
v1,1790758516006208,SAT,52,10728d70e0641a69:0x115a2d,1750687
v1,1790758516006391,UNSAT,76,10728d70e0641a69:0x115a2d,1750763
v1,1790758516006420,SAT,17,10728d70e0641a69:0x115a2d,1750780
v1,1790758516006577,UNSAT,67,10728d70e0641a69:0x115a2d,1750847
v1,1790758516006645,SAT,54,10728d70e0641a69:0x115a2d,1750901
v1,1790758516006800,SAT,61,10728d70e0641a69:0x115a2d,1750962
v1,1790758516007272,SAT,338,10728d70e0641a69:0x115a2d,1751300
v1,1790758516007323,SAT,29,10728d70e0641a69:0x115a2d,1751329
v1,1790758516007496,UNSAT,76,10728d70e0641a69:0x115a2d,1751405
v1,1790758516007537,SAT,29,10728d70e0641a69:0x115a2d,1751434
v1,1790758516007689,UNSAT,64,10728d70e0641a69:0x115a2d,1751498
v1,1790758516007759,SAT,56,10728d70e0641a69:0x115a2d,1751554
v1,1790758516007903,SAT,56,10728d70e0641a69:0x115a2d,1751610
v1,1790758516010113,SAT,1760,10728d70e0641a69:0x115a2d,1753370
v1,1790758516011777,SAT,44,10728d70e0641a69:0x115a2d,1753414
v1,1790758516012102,UNSAT,115,10728d70e0641a69:0x115a2d,1753529
v1,1790758516012150,SAT,34,10728d70e0641a69:0x115a2d,1753563
v1,1790758516012426,UNSAT,105,10728d70e0641a69:0x115a2d,1753668
v1,1790758516012525,SAT,58,10728d70e0641a69:0x115a2d,1753726
v1,1790758516012738,SAT,72,10728d70e0641a69:0x115a2d,1753798
v1,1790758516016553,SAT,3295,10728d70e0641a69:0x115a2d,1757093
v1,1790758516019781,SAT,78,10728d70e0641a69:0x115a2d,1757171
v1,1790758516020150,UNSAT,136,10728d70e0641a69:0x115a2d,1757307
v1,1790758516020190,SAT,25,10728d70e0641a69:0x115a2d,1757332
v1,1790758516020461,UNSAT,103,10728d70e0641a69:0x115a2d,1757435
v1,1790758516020565,SAT,65,10728d70e0641a69:0x115a2d,1757500
v1,1790758516020752,SAT,61,10728d70e0641a69:0x115a2d,1757561
v1,1790758516026149,SAT,4815,10728d70e0641a69:0x115a2d,1762376
v1,1790758516030826,SAT,71,10728d70e0641a69:0x115a2d,1762447
v1,1790758516031193,UNSAT,125,10728d70e0641a69:0x115a2d,1762572
v1,1790758516031234,SAT,27,10728d70e0641a69:0x115a2d,1762599
v1,1790758516031512,UNSAT,110,10728d70e0641a69:0x115a2d,1762709
v1,1790758516031612,SAT,60,10728d70e0641a69:0x115a2d,1762769
v1,1790758516031821,SAT,68,10728d70e0641a69:0x115a2d,1762837
v1,1790758516032425,SAT,371,10728d70e0641a69:0x115a2d,1763208
v1,1790758516032474,SAT,26,10728d70e0641a69:0x115a2d,1763234
v1,1790758516032644,UNSAT,73,10728d70e0641a69:0x115a2d,1763307
v1,1790758516032673,SAT,20,10728d70e0641a69:0x115a2d,1763327
v1,1790758516032837,UNSAT,66,10728d70e0641a69:0x115a2d,1763393
v1,1790758516032910,SAT,58,10728d70e0641a69:0x115a2d,1763451
v1,1790758516033075,SAT,64,10728d70e0641a69:0x115a2d,1763515
v1,1790758516033572,SAT,358,10728d70e0641a69:0x115a2d,1763873
v1,1790758516033628,SAT,30,10728d70e0641a69:0x115a2d,1763903
v1,1790758516033817,UNSAT,78,10728d70e0641a69:0x115a2d,1763981
v1,1790758516033852,SAT,25,10728d70e0641a69:0x115a2d,1764006
v1,1790758516034003,UNSAT,63,10728d70e0641a69:0x115a2d,1764069
v1,1790758516034069,SAT,53,10728d70e0641a69:0x115a2d,1764122
v1,1790758516034209,SAT,55,10728d70e0641a69:0x115a2d,1764177
v1,1790758516034772,SAT,324,10728d70e0641a69:0x115a2d,1764501
v1,1790758516034823,SAT,23,10728d70e0641a69:0x115a2d,1764524
v1,1790758516035084,UNSAT,102,10728d70e0641a69:0x115a2d,1764626
v1,1790758516035111,SAT,18,10728d70e0641a69:0x115a2d,1764644
v1,1790758516035386,UNSAT,114,10728d70e0641a69:0x115a2d,1764758
v1,1790758516035489,SAT,62,10728d70e0641a69:0x115a2d,1764820
v1,1790758516035686,SAT,65,10728d70e0641a69:0x115a2d,1764885
v1,1790758516036201,SAT,333,10728d70e0641a69:0x115a2d,1765218
v1,1790758516036257,SAT,33,10728d70e0641a69:0x115a2d,1765251
v1,1790758516036453,UNSAT,73,10728d70e0641a69:0x115a2d,1765324
v1,1790758516036482,SAT,18,10728d70e0641a69:0x115a2d,1765342
v1,1790758516036635,UNSAT,61,10728d70e0641a69:0x115a2d,1765403
v1,1790758516036702,SAT,53,10728d70e0641a69:0x115a2d,1765456
v1,1790758516036841,SAT,57,10728d70e0641a69:0x115a2d,1765513
v1,1790758516039015,SAT,1775,10728d70e0641a69:0x115a2d,1767288
v1,1790758516040663,SAT,41,10728d70e0641a69:0x115a2d,1767329
v1,1790758516040983,UNSAT,113,10728d70e0641a69:0x115a2d,1767442
v1,1790758516041044,SAT,45,10728d70e0641a69:0x115a2d,1767487
v1,1790758516041389,UNSAT,123,10728d70e0641a69:0x115a2d,1767610
v1,1790758516041498,SAT,63,10728d70e0641a69:0x115a2d,1767673
v1,1790758516041722,SAT,69,10728d70e0641a69:0x115a2d,1767742
v1,1790758516042312,SAT,370,10728d70e0641a69:0x115a2d,1768112
v1,1790758516042368,SAT,31,10728d70e0641a69:0x115a2d,1768143
v1,1790758516042564,UNSAT,75,10728d70e0641a69:0x115a2d,1768218
v1,1790758516042598,SAT,24,10728d70e0641a69:0x115a2d,1768242
v1,1790758516042759,UNSAT,70,10728d70e0641a69:0x115a2d,1768312
v1,1790758516042836,SAT,61,10728d70e0641a69:0x115a2d,1768373
v1,1790758516042987,SAT,62,10728d70e0641a69:0x115a2d,1768435
v1,1790758516046787,SAT,3354,10728d70e0641a69:0x115a2d,1771789
v1,1790758516050043,SAT,70,10728d70e0641a69:0x115a2d,1771859
v1,1790758516050453,UNSAT,121,10728d70e0641a69:0x115a2d,1771980
v1,1790758516050498,SAT,29,10728d70e0641a69:0x115a2d,1772009
v1,1790758516050750,UNSAT,98,10728d70e0641a69:0x115a2d,1772107
v1,1790758516050858,SAT,65,10728d70e0641a69:0x115a2d,1772172
v1,1790758516051078,SAT,73,10728d70e0641a69:0x115a2d,1772245
v1,1790758516056476,SAT,4874,10728d70e0641a69:0x115a2d,1777119
v1,1790758516061280,SAT,58,10728d70e0641a69:0x115a2d,1777177
v1,1790758516061688,UNSAT,134,10728d70e0641a69:0x115a2d,1777311
v1,1790758516061731,SAT,25,10728d70e0641a69:0x115a2d,1777336
v1,1790758516062005,UNSAT,110,10728d70e0641a69:0x115a2d,1777446
v1,1790758516062103,SAT,58,10728d70e0641a69:0x115a2d,1777504
v1,1790758516062316,SAT,63,10728d70e0641a69:0x115a2d,1777567
v1,1790758516063009,SAT,370,10728d70e0641a69:0x115a2d,1777937
v1,1790758516063067,SAT,30,10728d70e0641a69:0x115a2d,1777967
v1,1790758516063280,UNSAT,97,10728d70e0641a69:0x115a2d,1778064
v1,1790758516063321,SAT,29,10728d70e0641a69:0x115a2d,1778093
v1,1790758516063492,UNSAT,74,10728d70e0641a69:0x115a2d,1778167
v1,1790758516063582,SAT,71,10728d70e0641a69:0x115a2d,1778238
v1,1790758516063778,SAT,72,10728d70e0641a69:0x115a2d,1778310
v1,1790758516064343,SAT,381,10728d70e0641a69:0x115a2d,1778691
v1,1790758516064425,SAT,31,10728d70e0641a69:0x115a2d,1778722
v1,1790758516064695,UNSAT,119,10728d70e0641a69:0x115a2d,1778841
v1,1790758516064735,SAT,26,10728d70e0641a69:0x115a2d,1778867
v1,1790758516064942,UNSAT,98,10728d70e0641a69:0x115a2d,1778965
v1,1790758516065022,SAT,61,10728d70e0641a69:0x115a2d,1779026
v1,1790758516065219,SAT,85,10728d70e0641a69:0x115a2d,1779111
v1,1790758516065782,SAT,389,10728d70e0641a69:0x115a2d,1779500
v1,1790758516065841,SAT,26,10728d70e0641a69:0x115a2d,1779526
v1,1790758516066050,UNSAT,79,10728d70e0641a69:0x115a2d,1779605
v1,1790758516066090,SAT,28,10728d70e0641a69:0x115a2d,1779633
v1,1790758516066291,UNSAT,89,10728d70e0641a69:0x115a2d,1779722
v1,1790758516066383,SAT,69,10728d70e0641a69:0x115a2d,1779791
v1,1790758516066572,SAT,67,10728d70e0641a69:0x115a2d,1779858
v1,1790758516067546,SAT,404,10728d70e0641a69:0x115a2d,1780262
v1,1790758516067629,SAT,32,10728d70e0641a69:0x115a2d,1780294
v1,1790758516067995,UNSAT,126,10728d70e0641a69:0x115a2d,1780420
v1,1790758516068043,SAT,32,10728d70e0641a69:0x115a2d,1780452
v1,1790758516068350,UNSAT,120,10728d70e0641a69:0x115a2d,1780572
v1,1790758516068470,SAT,66,10728d70e0641a69:0x115a2d,1780638
v1,1790758516068720,SAT,95,10728d70e0641a69:0x115a2d,1780733
v1,1790758516069293,SAT,388,10728d70e0641a69:0x115a2d,1781121
v1,1790758516069376,SAT,45,10728d70e0641a69:0x115a2d,1781166
v1,1790758516069597,UNSAT,90,10728d70e0641a69:0x115a2d,1781256
v1,1790758516069631,SAT,21,10728d70e0641a69:0x115a2d,1781277
v1,1790758516069805,UNSAT,70,10728d70e0641a69:0x115a2d,1781347
v1,1790758516069885,SAT,59,10728d70e0641a69:0x115a2d,1781406
v1,1790758516070059,SAT,59,10728d70e0641a69:0x115a2d,1781465
v1,1790758516072634,SAT,2065,10728d70e0641a69:0x115a2d,1783530
v1,1790758516074412,SAT,51,10728d70e0641a69:0x115a2d,1783581
v1,1790758516074814,UNSAT,134,10728d70e0641a69:0x115a2d,1783715
v1,1790758516074881,SAT,46,10728d70e0641a69:0x115a2d,1783761
v1,1790758516075183,UNSAT,117,10728d70e0641a69:0x115a2d,1783878
v1,1790758516075315,SAT,81,10728d70e0641a69:0x115a2d,1783959
v1,1790758516075583,SAT,82,10728d70e0641a69:0x115a2d,1784041
v1,1790758516079461,SAT,3322,10728d70e0641a69:0x115a2d,1787363
v1,1790758516082634,SAT,49,10728d70e0641a69:0x115a2d,1787412
v1,1790758516082998,UNSAT,121,10728d70e0641a69:0x115a2d,1787533
v1,1790758516083047,SAT,28,10728d70e0641a69:0x115a2d,1787561
v1,1790758516083323,UNSAT,111,10728d70e0641a69:0x115a2d,1787672
v1,1790758516083431,SAT,58,10728d70e0641a69:0x115a2d,1787730
v1,1790758516083646,SAT,63,10728d70e0641a69:0x115a2d,1787793
v1,1790758516089038,SAT,4813,10728d70e0641a69:0x115a2d,1792606
v1,1790758516093733,SAT,67,10728d70e0641a69:0x115a2d,1792673
v1,1790758516094133,UNSAT,132,10728d70e0641a69:0x115a2d,1792805
v1,1790758516094178,SAT,27,10728d70e0641a69:0x115a2d,1792832
v1,1790758516094465,UNSAT,104,10728d70e0641a69:0x115a2d,1792936
v1,1790758516094583,SAT,67,10728d70e0641a69:0x115a2d,1793003
v1,1790758516094810,SAT,75,10728d70e0641a69:0x115a2d,1793078
v1,1790758516095505,SAT,388,10728d70e0641a69:0x115a2d,1793466
v1,1790758516095563,SAT,27,10728d70e0641a69:0x115a2d,1793493
v1,1790758516095767,UNSAT,84,10728d70e0641a69:0x115a2d,1793577
v1,1790758516095804,SAT,24,10728d70e0641a69:0x115a2d,1793601
v1,1790758516095981,UNSAT,75,10728d70e0641a69:0x115a2d,1793676
v1,1790758516096057,SAT,57,10728d70e0641a69:0x115a2d,1793733
v1,1790758516096219,SAT,61,10728d70e0641a69:0x115a2d,1793794
v1,1790758516096731,SAT,342,10728d70e0641a69:0x115a2d,1794136
v1,1790758516096798,SAT,32,10728d70e0641a69:0x115a2d,1794168
v1,1790758516097075,UNSAT,108,10728d70e0641a69:0x115a2d,1794276
v1,1790758516097111,SAT,22,10728d70e0641a69:0x115a2d,1794298
v1,1790758516097357,UNSAT,100,10728d70e0641a69:0x115a2d,1794398
v1,1790758516097463,SAT,57,10728d70e0641a69:0x115a2d,1794455
v1,1790758516097660,SAT,64,10728d70e0641a69:0x115a2d,1794519
v1,1790758516098144,SAT,341,10728d70e0641a69:0x115a2d,1794860
v1,1790758516098193,SAT,23,10728d70e0641a69:0x115a2d,1794883
v1,1790758516098382,UNSAT,74,10728d70e0641a69:0x115a2d,1794957
v1,1790758516098414,SAT,20,10728d70e0641a69:0x115a2d,1794977
v1,1790758516098574,UNSAT,65,10728d70e0641a69:0x115a2d,1795042
v1,1790758516098650,SAT,56,10728d70e0641a69:0x115a2d,1795098
v1,1790758516098799,SAT,56,10728d70e0641a69:0x115a2d,1795154
v1,1790758516099292,SAT,340,10728d70e0641a69:0x115a2d,1795494
v1,1790758516099342,SAT,23,10728d70e0641a69:0x115a2d,1795517
v1,1790758516099543,UNSAT,85,10728d70e0641a69:0x115a2d,1795602
v1,1790758516099581,SAT,26,10728d70e0641a69:0x115a2d,1795628
v1,1790758516099752,UNSAT,65,10728d70e0641a69:0x115a2d,1795693
v1,1790758516099826,SAT,55,10728d70e0641a69:0x115a2d,1795748
v1,1790758516099980,SAT,56,10728d70e0641a69:0x115a2d,1795804
v1,1790758516102349,SAT,1859,10728d70e0641a69:0x115a2d,1797663
v1,1790758516104038,SAT,73,10728d70e0641a69:0x115a2d,1797736
v1,1790758516104400,UNSAT,120,10728d70e0641a69:0x115a2d,1797856
v1,1790758516104444,SAT,28,10728d70e0641a69:0x115a2d,1797884
v1,1790758516104713,UNSAT,105,10728d70e0641a69:0x115a2d,1797989
v1,1790758516104819,SAT,58,10728d70e0641a69:0x115a2d,1798047
v1,1790758516105022,SAT,62,10728d70e0641a69:0x115a2d,1798109
v1,1790758516108854,SAT,3278,10728d70e0641a69:0x115a2d,1801387
v1,1790758516112026,SAT,54,10728d70e0641a69:0x115a2d,1801441
v1,1790758516112397,UNSAT,136,10728d70e0641a69:0x115a2d,1801577
v1,1790758516112450,SAT,35,10728d70e0641a69:0x115a2d,1801612
v1,1790758516112756,UNSAT,127,10728d70e0641a69:0x115a2d,1801739
v1,1790758516112920,SAT,64,10728d70e0641a69:0x115a2d,1801803
v1,1790758516113130,SAT,62,10728d70e0641a69:0x115a2d,1801865
v1,1790758516113687,SAT,366,10728d70e0641a69:0x115a2d,1802231
v1,1790758516113752,SAT,31,10728d70e0641a69:0x115a2d,1802262
v1,1790758516113980,UNSAT,95,10728d70e0641a69:0x115a2d,1802357
v1,1790758516114016,SAT,23,10728d70e0641a69:0x115a2d,1802380
v1,1790758516114193,UNSAT,74,10728d70e0641a69:0x115a2d,1802454
v1,1790758516114317,SAT,103,10728d70e0641a69:0x115a2d,1802557
v1,1790758516114696,SAT,232,10728d70e0641a69:0x115a2d,1802789
v1,1790758516120341,SAT,4784,10728d70e0641a69:0x115a2d,1807573
v1,1790758516124996,SAT,53,10728d70e0641a69:0x115a2d,1807626
v1,1790758516125379,UNSAT,133,10728d70e0641a69:0x115a2d,1807759
v1,1790758516125437,SAT,37,10728d70e0641a69:0x115a2d,1807796
v1,1790758516125724,UNSAT,107,10728d70e0641a69:0x115a2d,1807903
v1,1790758516125840,SAT,62,10728d70e0641a69:0x115a2d,1807965
v1,1790758516126054,SAT,65,10728d70e0641a69:0x115a2d,1808030
v1,1790758516126681,SAT,376,10728d70e0641a69:0x115a2d,1808406
v1,1790758516126744,SAT,35,10728d70e0641a69:0x115a2d,1808441
v1,1790758516126945,UNSAT,82,10728d70e0641a69:0x115a2d,1808523
v1,1790758516126981,SAT,24,10728d70e0641a69:0x115a2d,1808547
v1,1790758516127179,UNSAT,79,10728d70e0641a69:0x115a2d,1808626
v1,1790758516127286,SAT,87,10728d70e0641a69:0x115a2d,1808713
v1,1790758516127472,SAT,70,10728d70e0641a69:0x115a2d,1808783
v1,1790758516128046,SAT,365,10728d70e0641a69:0x115a2d,1809148
v1,1790758516128102,SAT,28,10728d70e0641a69:0x115a2d,1809176
v1,1790758516128316,UNSAT,103,10728d70e0641a69:0x115a2d,1809279
v1,1790758516128354,SAT,23,10728d70e0641a69:0x115a2d,1809302
v1,1790758516128527,UNSAT,73,10728d70e0641a69:0x115a2d,1809375
v1,1790758516128608,SAT,61,10728d70e0641a69:0x115a2d,1809436
v1,1790758516128763,SAT,59,10728d70e0641a69:0x115a2d,1809495
v1,1790758516129253,SAT,349,10728d70e0641a69:0x115a2d,1809844
v1,1790758516129314,SAT,32,10728d70e0641a69:0x115a2d,1809876
v1,1790758516129517,UNSAT,84,10728d70e0641a69:0x115a2d,1809960
v1,1790758516129560,SAT,31,10728d70e0641a69:0x115a2d,1809991
v1,1790758516129748,UNSAT,76,10728d70e0641a69:0x115a2d,1810067
v1,1790758516129827,SAT,59,10728d70e0641a69:0x115a2d,1810126
v1,1790758516129990,SAT,69,10728d70e0641a69:0x115a2d,1810195
v1,1790758516130537,SAT,362,10728d70e0641a69:0x115a2d,1810557
v1,1790758516130597,SAT,24,10728d70e0641a69:0x115a2d,1810581
v1,1790758516130850,UNSAT,103,10728d70e0641a69:0x115a2d,1810684
v1,1790758516130886,SAT,23,10728d70e0641a69:0x115a2d,1810707
v1,1790758516131112,UNSAT,89,10728d70e0641a69:0x115a2d,1810796
v1,1790758516131207,SAT,56,10728d70e0641a69:0x115a2d,1810852
v1,1790758516131406,SAT,62,10728d70e0641a69:0x115a2d,1810914
v1,1790758516131914,SAT,365,10728d70e0641a69:0x115a2d,1811279
v1,1790758516131964,SAT,24,10728d70e0641a69:0x115a2d,1811303
v1,1790758516132148,UNSAT,73,10728d70e0641a69:0x115a2d,1811376
v1,1790758516132181,SAT,21,10728d70e0641a69:0x115a2d,1811397
v1,1790758516132359,UNSAT,67,10728d70e0641a69:0x115a2d,1811464
v1,1790758516132436,SAT,57,10728d70e0641a69:0x115a2d,1811521
v1,1790758516132608,SAT,69,10728d70e0641a69:0x115a2d,1811590
v1,1790758516134939,SAT,1823,10728d70e0641a69:0x115a2d,1813413
v1,1790758516136621,SAT,53,10728d70e0641a69:0x115a2d,1813466
v1,1790758516136927,UNSAT,106,10728d70e0641a69:0x115a2d,1813572
v1,1790758516136986,SAT,43,10728d70e0641a69:0x115a2d,1813615
v1,1790758516137237,UNSAT,107,10728d70e0641a69:0x115a2d,1813722
v1,1790758516137489,SAT,201,10728d70e0641a69:0x115a2d,1813923
v1,1790758516137696,SAT,69,10728d70e0641a69:0x115a2d,1813992
v1,1790758516141835,SAT,3660,10728d70e0641a69:0x115a2d,1817652
v1,1790758516145062,SAT,84,10728d70e0641a69:0x115a2d,1817736
v1,1790758516145649,UNSAT,197,10728d70e0641a69:0x115a2d,1817933
v1,1790758516145759,SAT,73,10728d70e0641a69:0x115a2d,1818006
v1,1790758516146230,UNSAT,173,10728d70e0641a69:0x115a2d,1818179
v1,1790758516146451,SAT,109,10728d70e0641a69:0x115a2d,1818288
v1,1790758516146836,SAT,110,10728d70e0641a69:0x115a2d,1818398
v1,1790758516153052,SAT,5269,10728d70e0641a69:0x115a2d,1823667
v1,1790758516157951,SAT,143,10728d70e0641a69:0x115a2d,1823810
v1,1790758516158397,UNSAT,170,10728d70e0641a69:0x115a2d,1823980
v1,1790758516158454,SAT,34,10728d70e0641a69:0x115a2d,1824014
v1,1790758516158775,UNSAT,117,10728d70e0641a69:0x115a2d,1824131
v1,1790758516158884,SAT,72,10728d70e0641a69:0x115a2d,1824203
v1,1790758516159090,SAT,65,10728d70e0641a69:0x115a2d,1824268
v1,1790758516159777,SAT,429,10728d70e0641a69:0x115a2d,1824697
v1,1790758516159839,SAT,32,10728d70e0641a69:0x115a2d,1824729
v1,1790758516160055,UNSAT,89,10728d70e0641a69:0x115a2d,1824818
v1,1790758516160088,SAT,22,10728d70e0641a69:0x115a2d,1824840
v1,1790758516160316,UNSAT,109,10728d70e0641a69:0x115a2d,1824949
v1,1790758516160413,SAT,76,10728d70e0641a69:0x115a2d,1825025
v1,1790758516160608,SAT,70,10728d70e0641a69:0x115a2d,1825095
v1,1790758516161330,SAT,438,10728d70e0641a69:0x115a2d,1825533
v1,1790758516161486,SAT,69,10728d70e0641a69:0x115a2d,1825602
v1,1790758516161951,UNSAT,166,10728d70e0641a69:0x115a2d,1825768
v1,1790758516162045,SAT,57,10728d70e0641a69:0x115a2d,1825825
v1,1790758516162419,UNSAT,136,10728d70e0641a69:0x115a2d,1825961
v1,1790758516162574,SAT,112,10728d70e0641a69:0x115a2d,1826073
v1,1790758516162872,SAT,103,10728d70e0641a69:0x115a2d,1826176
v1,1790758516163686,SAT,552,10728d70e0641a69:0x115a2d,1826728
v1,1790758516163789,SAT,49,10728d70e0641a69:0x115a2d,1826777
v1,1790758516164239,UNSAT,178,10728d70e0641a69:0x115a2d,1826955
v1,1790758516164320,SAT,45,10728d70e0641a69:0x115a2d,1827000
v1,1790758516164748,UNSAT,175,10728d70e0641a69:0x115a2d,1827175
v1,1790758516164934,SAT,99,10728d70e0641a69:0x115a2d,1827274
v1,1790758516165346,SAT,168,10728d70e0641a69:0x115a2d,1827442
v1,1790758516166201,SAT,560,10728d70e0641a69:0x115a2d,1828002
v1,1790758516166321,SAT,52,10728d70e0641a69:0x115a2d,1828054
v1,1790758516166707,UNSAT,168,10728d70e0641a69:0x115a2d,1828222
v1,1790758516166784,SAT,46,10728d70e0641a69:0x115a2d,1828268
v1,1790758516167102,UNSAT,120,10728d70e0641a69:0x115a2d,1828388
v1,1790758516167246,SAT,103,10728d70e0641a69:0x115a2d,1828491
v1,1790758516167583,SAT,116,10728d70e0641a69:0x115a2d,1828607
v1,1790758516168504,SAT,612,10728d70e0641a69:0x115a2d,1829219
v1,1790758516168625,SAT,46,10728d70e0641a69:0x115a2d,1829265
v1,1790758516168946,UNSAT,125,10728d70e0641a69:0x115a2d,1829390
v1,1790758516168990,SAT,28,10728d70e0641a69:0x115a2d,1829418
v1,1790758516169185,UNSAT,73,10728d70e0641a69:0x115a2d,1829491
v1,1790758516169267,SAT,65,10728d70e0641a69:0x115a2d,1829556
v1,1790758516169454,SAT,63,10728d70e0641a69:0x115a2d,1829619
v1,1790758516171879,SAT,1911,10728d70e0641a69:0x115a2d,1831530
v1,1790758516173591,SAT,45,10728d70e0641a69:0x115a2d,1831575
v1,1790758516173963,UNSAT,133,10728d70e0641a69:0x115a2d,1831708
v1,1790758516174014,SAT,31,10728d70e0641a69:0x115a2d,1831739
v1,1790758516174369,UNSAT,167,10728d70e0641a69:0x115a2d,1831906
v1,1790758516174620,SAT,116,10728d70e0641a69:0x115a2d,1832022
v1,1790758516174903,SAT,87,10728d70e0641a69:0x115a2d,1832109
v1,1790758516179022,SAT,3467,10728d70e0641a69:0x115a2d,1835576
v1,1790758516182356,SAT,84,10728d70e0641a69:0x115a2d,1835660
v1,1790758516182758,UNSAT,150,10728d70e0641a69:0x115a2d,1835810
v1,1790758516182820,SAT,40,10728d70e0641a69:0x115a2d,1835850
v1,1790758516183119,UNSAT,125,10728d70e0641a69:0x115a2d,1835975
v1,1790758516183260,SAT,88,10728d70e0641a69:0x115a2d,1836063
v1,1790758516183654,SAT,137,10728d70e0641a69:0x115a2d,1836200
v1,1790758516191213,SAT,6523,10728d70e0641a69:0x115a2d,1842723
v1,1790758516197880,SAT,72,10728d70e0641a69:0x115a2d,1842795
v1,1790758516198333,UNSAT,175,10728d70e0641a69:0x115a2d,1842970
v1,1790758516198384,SAT,32,10728d70e0641a69:0x115a2d,1843002
v1,1790758516198676,UNSAT,121,10728d70e0641a69:0x115a2d,1843123
v1,1790758516198802,SAT,69,10728d70e0641a69:0x115a2d,1843192
v1,1790758516199024,SAT,73,10728d70e0641a69:0x115a2d,1843265
v1,1790758516199785,SAT,440,10728d70e0641a69:0x115a2d,1843705
v1,1790758516199853,SAT,31,10728d70e0641a69:0x115a2d,1843736
v1,1790758516200098,UNSAT,92,10728d70e0641a69:0x115a2d,1843828
v1,1790758516200134,SAT,24,10728d70e0641a69:0x115a2d,1843852
v1,1790758516200321,UNSAT,87,10728d70e0641a69:0x115a2d,1843939
v1,1790758516200470,SAT,71,10728d70e0641a69:0x115a2d,1844010
v1,1790758516200805,SAT,115,10728d70e0641a69:0x115a2d,1844125
v1,1790758516201652,SAT,566,10728d70e0641a69:0x115a2d,1844691
v1,1790758516201751,SAT,51,10728d70e0641a69:0x115a2d,1844742
v1,1790758516202082,UNSAT,137,10728d70e0641a69:0x115a2d,1844879
v1,1790758516202167,SAT,50,10728d70e0641a69:0x115a2d,1844929
v1,1790758516202504,UNSAT,128,10728d70e0641a69:0x115a2d,1845057
v1,1790758516202640,SAT,96,10728d70e0641a69:0x115a2d,1845153
v1,1790758516202936,SAT,108,10728d70e0641a69:0x115a2d,1845261
v1,1790758516203897,SAT,562,10728d70e0641a69:0x115a2d,1845823
v1,1790758516204006,SAT,52,10728d70e0641a69:0x115a2d,1845875
v1,1790758516204540,UNSAT,182,10728d70e0641a69:0x115a2d,1846057
v1,1790758516204622,SAT,37,10728d70e0641a69:0x115a2d,1846094
v1,1790758516204929,UNSAT,118,10728d70e0641a69:0x115a2d,1846212
v1,1790758516205062,SAT,81,10728d70e0641a69:0x115a2d,1846293
v1,1790758516205351,SAT,109,10728d70e0641a69:0x115a2d,1846402
v1,1790758516206008,SAT,371,10728d70e0641a69:0x115a2d,1846773
v1,1790758516206068,SAT,29,10728d70e0641a69:0x115a2d,1846802
v1,1790758516206282,UNSAT,98,10728d70e0641a69:0x115a2d,1846900
v1,1790758516206326,SAT,30,10728d70e0641a69:0x115a2d,1846930
v1,1790758516206513,UNSAT,76,10728d70e0641a69:0x115a2d,1847006
v1,1790758516206613,SAT,83,10728d70e0641a69:0x115a2d,1847089
v1,1790758516206779,SAT,66,10728d70e0641a69:0x115a2d,1847155
v1,1790758516209082,SAT,1882,10728d70e0641a69:0x115a2d,1849037
v1,1790758516210778,SAT,49,10728d70e0641a69:0x115a2d,1849086
v1,1790758516211158,UNSAT,121,10728d70e0641a69:0x115a2d,1849207
v1,1790758516211197,SAT,24,10728d70e0641a69:0x115a2d,1849231
v1,1790758516211468,UNSAT,105,10728d70e0641a69:0x115a2d,1849336
v1,1790758516211569,SAT,55,10728d70e0641a69:0x115a2d,1849391
v1,1790758516211781,SAT,69,10728d70e0641a69:0x115a2d,1849460
v1,1790758516212501,SAT,504,10728d70e0641a69:0x115a2d,1849964
v1,1790758516212561,SAT,25,10728d70e0641a69:0x115a2d,1849989
v1,1790758516212765,UNSAT,80,10728d70e0641a69:0x115a2d,1850069
v1,1790758516212797,SAT,22,10728d70e0641a69:0x115a2d,1850091
v1,1790758516212962,UNSAT,74,10728d70e0641a69:0x115a2d,1850165
v1,1790758516213201,SAT,92,10728d70e0641a69:0x115a2d,1850257
v1,1790758516213388,SAT,66,10728d70e0641a69:0x115a2d,1850323
v1,1790758516217225,SAT,3365,10728d70e0641a69:0x115a2d,1853688
v1,1790758516220550,SAT,62,10728d70e0641a69:0x115a2d,1853750
v1,1790758516220952,UNSAT,128,10728d70e0641a69:0x115a2d,1853878
v1,1790758516221005,SAT,37,10728d70e0641a69:0x115a2d,1853915
v1,1790758516221286,UNSAT,122,10728d70e0641a69:0x115a2d,1854037
v1,1790758516221390,SAT,59,10728d70e0641a69:0x115a2d,1854096
v1,1790758516221593,SAT,60,10728d70e0641a69:0x115a2d,1854156
v1,1790758516226939,SAT,4819,10728d70e0641a69:0x115a2d,1858975
v1,1790758516231623,SAT,51,10728d70e0641a69:0x115a2d,1859026
v1,1790758516232022,UNSAT,145,10728d70e0641a69:0x115a2d,1859171
v1,1790758516232067,SAT,31,10728d70e0641a69:0x115a2d,1859202
v1,1790758516232358,UNSAT,128,10728d70e0641a69:0x115a2d,1859330
v1,1790758516232480,SAT,70,10728d70e0641a69:0x115a2d,1859400
v1,1790758516232697,SAT,74,10728d70e0641a69:0x115a2d,1859474
v1,1790758516233392,SAT,365,10728d70e0641a69:0x115a2d,1859839
v1,1790758516233454,SAT,36,10728d70e0641a69:0x115a2d,1859875
v1,1790758516233882,UNSAT,187,10728d70e0641a69:0x115a2d,1860062
v1,1790758516233959,SAT,47,10728d70e0641a69:0x115a2d,1860109
v1,1790758516234275,UNSAT,125,10728d70e0641a69:0x115a2d,1860234
v1,1790758516234413,SAT,99,10728d70e0641a69:0x115a2d,1860333
v1,1790758516234693,SAT,103,10728d70e0641a69:0x115a2d,1860436
v1,1790758516235519,SAT,567,10728d70e0641a69:0x115a2d,1861003
v1,1790758516235621,SAT,67,10728d70e0641a69:0x115a2d,1861070
v1,1790758516236371,UNSAT,610,10728d70e0641a69:0x115a2d,1861680
v1,1790758516236425,SAT,37,10728d70e0641a69:0x115a2d,1861717
v1,1790758516236620,UNSAT,74,10728d70e0641a69:0x115a2d,1861791
v1,1790758516236696,SAT,59,10728d70e0641a69:0x115a2d,1861850
v1,1790758516236875,SAT,71,10728d70e0641a69:0x115a2d,1861921
v1,1790758516237374,SAT,353,10728d70e0641a69:0x115a2d,1862274
v1,1790758516237438,SAT,40,10728d70e0641a69:0x115a2d,1862314
v1,1790758516237621,UNSAT,79,10728d70e0641a69:0x115a2d,1862393
v1,1790758516237660,SAT,28,10728d70e0641a69:0x115a2d,1862421
v1,1790758516237816,UNSAT,66,10728d70e0641a69:0x115a2d,1862487
v1,1790758516237887,SAT,57,10728d70e0641a69:0x115a2d,1862544
v1,1790758516238028,SAT,59,10728d70e0641a69:0x115a2d,1862603
v1,1790758516238869,SAT,350,10728d70e0641a69:0x115a2d,1862953
v1,1790758516238928,SAT,27,10728d70e0641a69:0x115a2d,1862980
v1,1790758516239209,UNSAT,111,10728d70e0641a69:0x115a2d,1863091
v1,1790758516239284,SAT,65,10728d70e0641a69:0x115a2d,1863156
v1,1790758516239561,UNSAT,102,10728d70e0641a69:0x115a2d,1863258
v1,1790758516239659,SAT,53,10728d70e0641a69:0x115a2d,1863311
v1,1790758516239865,SAT,61,10728d70e0641a69:0x115a2d,1863372
v1,1790758516240387,SAT,376,10728d70e0641a69:0x115a2d,1863748
v1,1790758516240443,SAT,25,10728d70e0641a69:0x115a2d,1863773
v1,1790758516240638,UNSAT,91,10728d70e0641a69:0x115a2d,1863864
v1,1790758516240670,SAT,21,10728d70e0641a69:0x115a2d,1863885
v1,1790758516240843,UNSAT,72,10728d70e0641a69:0x115a2d,1863957
v1,1790758516240930,SAT,68,10728d70e0641a69:0x115a2d,1864025
v1,1790758516241085,SAT,57,10728d70e0641a69:0x115a2d,1864082
v1,1790758516243458,SAT,1889,10728d70e0641a69:0x115a2d,1865971
v1,1790758516245272,SAT,48,10728d70e0641a69:0x115a2d,1866019
v1,1790758516245643,UNSAT,119,10728d70e0641a69:0x115a2d,1866138
v1,1790758516245695,SAT,37,10728d70e0641a69:0x115a2d,1866175
v1,1790758516245975,UNSAT,107,10728d70e0641a69:0x115a2d,1866282
v1,1790758516246104,SAT,68,10728d70e0641a69:0x115a2d,1866350
v1,1790758516246342,SAT,72,10728d70e0641a69:0x115a2d,1866422
v1,1790758516250382,SAT,3473,10728d70e0641a69:0x115a2d,1869895
v1,1790758516253549,SAT,40,10728d70e0641a69:0x115a2d,1869935
v1,1790758516253902,UNSAT,125,10728d70e0641a69:0x115a2d,1870060
v1,1790758516253940,SAT,24,10728d70e0641a69:0x115a2d,1870084
v1,1790758516254209,UNSAT,110,10728d70e0641a69:0x115a2d,1870194
v1,1790758516254343,SAT,65,10728d70e0641a69:0x115a2d,1870259
v1,1790758516254543,SAT,61,10728d70e0641a69:0x115a2d,1870320
v1,1790758516259936,SAT,4807,10728d70e0641a69:0x115a2d,1875127
v1,1790758516264609,SAT,62,10728d70e0641a69:0x115a2d,1875189
v1,1790758516264982,UNSAT,128,10728d70e0641a69:0x115a2d,1875317
v1,1790758516265018,SAT,21,10728d70e0641a69:0x115a2d,1875338
v1,1790758516265287,UNSAT,107,10728d70e0641a69:0x115a2d,1875445
v1,1790758516265388,SAT,57,10728d70e0641a69:0x115a2d,1875502
v1,1790758516265577,SAT,58,10728d70e0641a69:0x115a2d,1875560
v1,1790758516266229,SAT,363,10728d70e0641a69:0x115a2d,1875923
v1,1790758516266299,SAT,27,10728d70e0641a69:0x115a2d,1875950
v1,1790758516266503,UNSAT,87,10728d70e0641a69:0x115a2d,1876037
v1,1790758516266542,SAT,23,10728d70e0641a69:0x115a2d,1876060
v1,1790758516266704,UNSAT,68,10728d70e0641a69:0x115a2d,1876128
v1,1790758516266781,SAT,61,10728d70e0641a69:0x115a2d,1876189
v1,1790758516266939,SAT,57,10728d70e0641a69:0x115a2d,1876246
v1,1790758516267421,SAT,344,10728d70e0641a69:0x115a2d,1876590
v1,1790758516267475,SAT,26,10728d70e0641a69:0x115a2d,1876616
v1,1790758516267733,UNSAT,110,10728d70e0641a69:0x115a2d,1876726
v1,1790758516267775,SAT,31,10728d70e0641a69:0x115a2d,1876757
v1,1790758516268002,UNSAT,100,10728d70e0641a69:0x115a2d,1876857
v1,1790758516268105,SAT,62,10728d70e0641a69:0x115a2d,1876919
v1,1790758516268288,SAT,66,10728d70e0641a69:0x115a2d,1876985
v1,1790758516268763,SAT,337,10728d70e0641a69:0x115a2d,1877322
v1,1790758516268808,SAT,24,10728d70e0641a69:0x115a2d,1877346
v1,1790758516268976,UNSAT,68,10728d70e0641a69:0x115a2d,1877414
v1,1790758516269005,SAT,20,10728d70e0641a69:0x115a2d,1877434
v1,1790758516269151,UNSAT,61,10728d70e0641a69:0x115a2d,1877495
v1,1790758516269217,SAT,53,10728d70e0641a69:0x115a2d,1877548
v1,1790758516269361,SAT,55,10728d70e0641a69:0x115a2d,1877603
v1,1790758516269820,SAT,337,10728d70e0641a69:0x115a2d,1877940
v1,1790758516269870,SAT,29,10728d70e0641a69:0x115a2d,1877969
v1,1790758516270044,UNSAT,72,10728d70e0641a69:0x115a2d,1878041
v1,1790758516270081,SAT,27,10728d70e0641a69:0x115a2d,1878068
v1,1790758516270256,UNSAT,73,10728d70e0641a69:0x115a2d,1878141
v1,1790758516270329,SAT,56,10728d70e0641a69:0x115a2d,1878197
v1,1790758516270472,SAT,56,10728d70e0641a69:0x115a2d,1878253
v1,1790758516272709,SAT,1746,10728d70e0641a69:0x115a2d,1879999
v1,1790758516274370,SAT,37,10728d70e0641a69:0x115a2d,1880036
v1,1790758516274695,UNSAT,120,10728d70e0641a69:0x115a2d,1880156
v1,1790758516274734,SAT,26,10728d70e0641a69:0x115a2d,1880182
v1,1790758516274983,UNSAT,102,10728d70e0641a69:0x115a2d,1880284
v1,1790758516275094,SAT,63,10728d70e0641a69:0x115a2d,1880347
v1,1790758516275317,SAT,91,10728d70e0641a69:0x115a2d,1880438
v1,1790758516279090,SAT,3261,10728d70e0641a69:0x115a2d,1883699
v1,1790758516282293,SAT,61,10728d70e0641a69:0x115a2d,1883760
v1,1790758516282682,UNSAT,140,10728d70e0641a69:0x115a2d,1883900
v1,1790758516282722,SAT,21,10728d70e0641a69:0x115a2d,1883921
v1,1790758516282984,UNSAT,99,10728d70e0641a69:0x115a2d,1884020
v1,1790758516283083,SAT,56,10728d70e0641a69:0x115a2d,1884076
v1,1790758516283308,SAT,84,10728d70e0641a69:0x115a2d,1884160
v1,1790758516283876,SAT,372,10728d70e0641a69:0x115a2d,1884532
v1,1790758516283954,SAT,52,10728d70e0641a69:0x115a2d,1884584
v1,1790758516284151,UNSAT,84,10728d70e0641a69:0x115a2d,1884668
v1,1790758516284180,SAT,19,10728d70e0641a69:0x115a2d,1884687
v1,1790758516284349,UNSAT,68,10728d70e0641a69:0x115a2d,1884755
v1,1790758516284417,SAT,53,10728d70e0641a69:0x115a2d,1884808
v1,1790758516284569,SAT,64,10728d70e0641a69:0x115a2d,1884872
v1,1790758516289875,SAT,4772,10728d70e0641a69:0x115a2d,1889644
v1,1790758516294521,SAT,54,10728d70e0641a69:0x115a2d,1889698
v1,1790758516294905,UNSAT,128,10728d70e0641a69:0x115a2d,1889826
v1,1790758516294944,SAT,24,10728d70e0641a69:0x115a2d,1889850
v1,1790758516295203,UNSAT,102,10728d70e0641a69:0x115a2d,1889952
v1,1790758516295313,SAT,68,10728d70e0641a69:0x115a2d,1890020
v1,1790758516295527,SAT,70,10728d70e0641a69:0x115a2d,1890090
v1,1790758516296116,SAT,357,10728d70e0641a69:0x115a2d,1890447
v1,1790758516296185,SAT,46,10728d70e0641a69:0x115a2d,1890493
v1,1790758516296391,UNSAT,79,10728d70e0641a69:0x115a2d,1890572
v1,1790758516296426,SAT,23,10728d70e0641a69:0x115a2d,1890595
v1,1790758516296597,UNSAT,69,10728d70e0641a69:0x115a2d,1890664
v1,1790758516296670,SAT,56,10728d70e0641a69:0x115a2d,1890720
v1,1790758516296828,SAT,62,10728d70e0641a69:0x115a2d,1890782
v1,1790758516297359,SAT,348,10728d70e0641a69:0x115a2d,1891130
v1,1790758516297412,SAT,25,10728d70e0641a69:0x115a2d,1891155
v1,1790758516297611,UNSAT,86,10728d70e0641a69:0x115a2d,1891241
v1,1790758516297647,SAT,24,10728d70e0641a69:0x115a2d,1891265
v1,1790758516297816,UNSAT,74,10728d70e0641a69:0x115a2d,1891339
v1,1790758516297893,SAT,61,10728d70e0641a69:0x115a2d,1891400
v1,1790758516298050,SAT,66,10728d70e0641a69:0x115a2d,1891466
v1,1790758516298530,SAT,344,10728d70e0641a69:0x115a2d,1891810
v1,1790758516298581,SAT,25,10728d70e0641a69:0x115a2d,1891835
v1,1790758516298772,UNSAT,76,10728d70e0641a69:0x115a2d,1891911
v1,1790758516298807,SAT,24,10728d70e0641a69:0x115a2d,1891935
v1,1790758516298979,UNSAT,67,10728d70e0641a69:0x115a2d,1892002
v1,1790758516299056,SAT,59,10728d70e0641a69:0x115a2d,1892061
v1,1790758516299203,SAT,56,10728d70e0641a69:0x115a2d,1892117
v1,1790758516299716,SAT,323,10728d70e0641a69:0x115a2d,1892440
v1,1790758516299779,SAT,33,10728d70e0641a69:0x115a2d,1892473
v1,1790758516300032,UNSAT,112,10728d70e0641a69:0x115a2d,1892585
v1,1790758516300078,SAT,33,10728d70e0641a69:0x115a2d,1892618
v1,1790758516300322,UNSAT,107,10728d70e0641a69:0x115a2d,1892725
v1,1790758516300425,SAT,61,10728d70e0641a69:0x115a2d,1892786
v1,1790758516300613,SAT,63,10728d70e0641a69:0x115a2d,1892849
v1,1790758516301100,SAT,335,10728d70e0641a69:0x115a2d,1893184
v1,1790758516301152,SAT,29,10728d70e0641a69:0x115a2d,1893213
v1,1790758516301339,UNSAT,80,10728d70e0641a69:0x115a2d,1893293
v1,1790758516301373,SAT,22,10728d70e0641a69:0x115a2d,1893315
v1,1790758516301547,UNSAT,70,10728d70e0641a69:0x115a2d,1893385
v1,1790758516301621,SAT,57,10728d70e0641a69:0x115a2d,1893442
v1,1790758516301770,SAT,58,10728d70e0641a69:0x115a2d,1893500
v1,1790758516304054,SAT,1810,10728d70e0641a69:0x115a2d,1895310
v1,1790758516305738,SAT,80,10728d70e0641a69:0x115a2d,1895390
v1,1790758516306062,UNSAT,112,10728d70e0641a69:0x115a2d,1895502
v1,1790758516306102,SAT,23,10728d70e0641a69:0x115a2d,1895525
v1,1790758516306367,UNSAT,107,10728d70e0641a69:0x115a2d,1895632
v1,1790758516306479,SAT,69,10728d70e0641a69:0x115a2d,1895701
v1,1790758516306686,SAT,64,10728d70e0641a69:0x115a2d,1895765
v1,1790758516310502,SAT,3367,10728d70e0641a69:0x115a2d,1899132
v1,1790758516313657,SAT,49,10728d70e0641a69:0x115a2d,1899181
v1,1790758516313998,UNSAT,112,10728d70e0641a69:0x115a2d,1899293
v1,1790758516314068,SAT,54,10728d70e0641a69:0x115a2d,1899347
v1,1790758516314325,UNSAT,103,10728d70e0641a69:0x115a2d,1899450
v1,1790758516314432,SAT,67,10728d70e0641a69:0x115a2d,1899517
v1,1790758516314628,SAT,66,10728d70e0641a69:0x115a2d,1899583
v1,1790758516319983,SAT,4828,10728d70e0641a69:0x115a2d,1904411
v1,1790758516324610,SAT,51,10728d70e0641a69:0x115a2d,1904462
v1,1790758516324970,UNSAT,114,10728d70e0641a69:0x115a2d,1904576
v1,1790758516325009,SAT,22,10728d70e0641a69:0x115a2d,1904598
v1,1790758516325291,UNSAT,118,10728d70e0641a69:0x115a2d,1904716
v1,1790758516325398,SAT,66,10728d70e0641a69:0x115a2d,1904782
v1,1790758516325602,SAT,69,10728d70e0641a69:0x115a2d,1904851
v1,1790758516326192,SAT,357,10728d70e0641a69:0x115a2d,1905208
v1,1790758516326273,SAT,55,10728d70e0641a69:0x115a2d,1905263
v1,1790758516326477,UNSAT,86,10728d70e0641a69:0x115a2d,1905349
v1,1790758516326523,SAT,34,10728d70e0641a69:0x115a2d,1905383
v1,1790758516326700,UNSAT,81,10728d70e0641a69:0x115a2d,1905464
v1,1790758516326778,SAT,61,10728d70e0641a69:0x115a2d,1905525
v1,1790758516326945,SAT,68,10728d70e0641a69:0x115a2d,1905593
v1,1790758516327524,SAT,346,10728d70e0641a69:0x115a2d,1905939
v1,1790758516327579,SAT,26,10728d70e0641a69:0x115a2d,1905965
v1,1790758516327757,UNSAT,76,10728d70e0641a69:0x115a2d,1906041
v1,1790758516327795,SAT,23,10728d70e0641a69:0x115a2d,1906064
v1,1790758516327966,UNSAT,67,10728d70e0641a69:0x115a2d,1906131
v1,1790758516328039,SAT,56,10728d70e0641a69:0x115a2d,1906187
v1,1790758516328199,SAT,65,10728d70e0641a69:0x115a2d,1906252
v1,1790758516328683,SAT,344,10728d70e0641a69:0x115a2d,1906596
v1,1790758516328742,SAT,28,10728d70e0641a69:0x115a2d,1906624
v1,1790758516329012,UNSAT,112,10728d70e0641a69:0x115a2d,1906736
v1,1790758516329050,SAT,25,10728d70e0641a69:0x115a2d,1906761
v1,1790758516329299,UNSAT,120,10728d70e0641a69:0x115a2d,1906881
v1,1790758516329407,SAT,62,10728d70e0641a69:0x115a2d,1906943
v1,1790758516329607,SAT,64,10728d70e0641a69:0x115a2d,1907007
v1,1790758516330104,SAT,342,10728d70e0641a69:0x115a2d,1907349
v1,1790758516330152,SAT,24,10728d70e0641a69:0x115a2d,1907373
v1,1790758516330351,UNSAT,81,10728d70e0641a69:0x115a2d,1907454
v1,1790758516330442,SAT,57,10728d70e0641a69:0x115a2d,1907511
v1,1790758516330798,UNSAT,128,10728d70e0641a69:0x115a2d,1907639
v1,1790758516330942,SAT,104,10728d70e0641a69:0x115a2d,1907743
v1,1790758516331237,SAT,105,10728d70e0641a69:0x115a2d,1907848
v1,1790758516332141,SAT,527,10728d70e0641a69:0x115a2d,1908375
v1,1790758516332225,SAT,40,10728d70e0641a69:0x115a2d,1908415
v1,1790758516332559,UNSAT,127,10728d70e0641a69:0x115a2d,1908542
v1,1790758516332629,SAT,43,10728d70e0641a69:0x115a2d,1908585
v1,1790758516332918,UNSAT,111,10728d70e0641a69:0x115a2d,1908696
v1,1790758516333042,SAT,90,10728d70e0641a69:0x115a2d,1908786
v1,1790758516333335,SAT,115,10728d70e0641a69:0x115a2d,1908901
v1,1790758516336808,SAT,2763,10728d70e0641a69:0x115a2d,1911664
v1,1790758516339449,SAT,71,10728d70e0641a69:0x115a2d,1911735
v1,1790758516339856,UNSAT,138,10728d70e0641a69:0x115a2d,1911873
v1,1790758516339902,SAT,29,10728d70e0641a69:0x115a2d,1911902
v1,1790758516340192,UNSAT,117,10728d70e0641a69:0x115a2d,1912019
v1,1790758516340325,SAT,85,10728d70e0641a69:0x115a2d,1912104
v1,1790758516340684,SAT,90,10728d70e0641a69:0x115a2d,1912194
v1,1790758516344632,SAT,3373,10728d70e0641a69:0x115a2d,1915567
v1,1790758516347913,SAT,71,10728d70e0641a69:0x115a2d,1915638
v1,1790758516348296,UNSAT,143,10728d70e0641a69:0x115a2d,1915781
v1,1790758516348344,SAT,31,10728d70e0641a69:0x115a2d,1915812
v1,1790758516348625,UNSAT,114,10728d70e0641a69:0x115a2d,1915926
v1,1790758516348728,SAT,60,10728d70e0641a69:0x115a2d,1915986
v1,1790758516348939,SAT,74,10728d70e0641a69:0x115a2d,1916060
v1,1790758516354335,SAT,4814,10728d70e0641a69:0x115a2d,1920874
v1,1790758516359039,SAT,75,10728d70e0641a69:0x115a2d,1920949
v1,1790758516359442,UNSAT,131,10728d70e0641a69:0x115a2d,1921080
v1,1790758516359485,SAT,26,10728d70e0641a69:0x115a2d,1921106
v1,1790758516359742,UNSAT,100,10728d70e0641a69:0x115a2d,1921206
v1,1790758516359844,SAT,59,10728d70e0641a69:0x115a2d,1921265
v1,1790758516360050,SAT,69,10728d70e0641a69:0x115a2d,1921334
v1,1790758516360652,SAT,364,10728d70e0641a69:0x115a2d,1921698
v1,1790758516360710,SAT,31,10728d70e0641a69:0x115a2d,1921729
v1,1790758516360928,UNSAT,83,10728d70e0641a69:0x115a2d,1921812
v1,1790758516360968,SAT,27,10728d70e0641a69:0x115a2d,1921839
v1,1790758516361136,UNSAT,67,10728d70e0641a69:0x115a2d,1921906
v1,1790758516361207,SAT,55,10728d70e0641a69:0x115a2d,1921961
v1,1790758516361368,SAT,58,10728d70e0641a69:0x115a2d,1922019
v1,1790758516361829,SAT,329,10728d70e0641a69:0x115a2d,1922348
v1,1790758516361870,SAT,21,10728d70e0641a69:0x115a2d,1922369
v1,1790758516362044,UNSAT,69,10728d70e0641a69:0x115a2d,1922438
v1,1790758516362073,SAT,21,10728d70e0641a69:0x115a2d,1922459
v1,1790758516362223,UNSAT,61,10728d70e0641a69:0x115a2d,1922520
v1,1790758516362315,SAT,77,10728d70e0641a69:0x115a2d,1922597
v1,1790758516362470,SAT,66,10728d70e0641a69:0x115a2d,1922663
v1,1790758516363067,SAT,349,10728d70e0641a69:0x115a2d,1923012
v1,1790758516365560,SAT,67,10728d70e0641a69:0x115a2d,1923079
v1,1790758516366388,UNSAT,277,10728d70e0641a69:0x115a2d,1923356
v1,1790758516366494,SAT,41,10728d70e0641a69:0x115a2d,1923397
v1,1790758516367021,UNSAT,187,10728d70e0641a69:0x115a2d,1923584
v1,1790758516367193,SAT,90,10728d70e0641a69:0x115a2d,1923674
v1,1790758516367522,SAT,104,10728d70e0641a69:0x115a2d,1923778
v1,1790758516368191,SAT,373,10728d70e0641a69:0x115a2d,1924151
v1,1790758516368242,SAT,23,10728d70e0641a69:0x115a2d,1924174
v1,1790758516368525,UNSAT,118,10728d70e0641a69:0x115a2d,1924292
v1,1790758516368563,SAT,22,10728d70e0641a69:0x115a2d,1924314
v1,1790758516368735,UNSAT,67,10728d70e0641a69:0x115a2d,1924381
v1,1790758516368805,SAT,55,10728d70e0641a69:0x115a2d,1924436
v1,1790758516368952,SAT,55,10728d70e0641a69:0x115a2d,1924491
v1,1790758516371150,SAT,1785,10728d70e0641a69:0x115a2d,1926276
v1,1790758516372827,SAT,55,10728d70e0641a69:0x115a2d,1926331
v1,1790758516373156,UNSAT,123,10728d70e0641a69:0x115a2d,1926454
v1,1790758516373194,SAT,24,10728d70e0641a69:0x115a2d,1926478
v1,1790758516373462,UNSAT,101,10728d70e0641a69:0x115a2d,1926579
v1,1790758516373567,SAT,62,10728d70e0641a69:0x115a2d,1926641
v1,1790758516373763,SAT,63,10728d70e0641a69:0x115a2d,1926704
v1,1790758516374310,SAT,349,10728d70e0641a69:0x115a2d,1927053
v1,1790758516374359,SAT,25,10728d70e0641a69:0x115a2d,1927078
v1,1790758516374558,UNSAT,75,10728d70e0641a69:0x115a2d,1927153
v1,1790758516374588,SAT,20,10728d70e0641a69:0x115a2d,1927173
v1,1790758516374742,UNSAT,63,10728d70e0641a69:0x115a2d,1927236
v1,1790758516374808,SAT,52,10728d70e0641a69:0x115a2d,1927288
v1,1790758516374960,SAT,56,10728d70e0641a69:0x115a2d,1927344
v1,1790758516378714,SAT,3317,10728d70e0641a69:0x115a2d,1930661
v1,1790758516381860,SAT,47,10728d70e0641a69:0x115a2d,1930708
v1,1790758516382199,UNSAT,119,10728d70e0641a69:0x115a2d,1930827
v1,1790758516382236,SAT,22,10728d70e0641a69:0x115a2d,1930849
v1,1790758516382505,UNSAT,104,10728d70e0641a69:0x115a2d,1930953
v1,1790758516382607,SAT,58,10728d70e0641a69:0x115a2d,1931011
v1,1790758516382802,SAT,59,10728d70e0641a69:0x115a2d,1931070
v1,1790758516388097,SAT,4790,10728d70e0641a69:0x115a2d,1935860
v1,1790758516392737,SAT,50,10728d70e0641a69:0x115a2d,1935910
v1,1790758516393105,UNSAT,124,10728d70e0641a69:0x115a2d,1936034
v1,1790758516393140,SAT,20,10728d70e0641a69:0x115a2d,1936054
v1,1790758516393420,UNSAT,113,10728d70e0641a69:0x115a2d,1936167
v1,1790758516393537,SAT,68,10728d70e0641a69:0x115a2d,1936235
v1,1790758516393742,SAT,65,10728d70e0641a69:0x115a2d,1936300
v1,1790758516394430,SAT,385,10728d70e0641a69:0x115a2d,1936685
v1,1790758516394479,SAT,24,10728d70e0641a69:0x115a2d,1936709
v1,1790758516394660,UNSAT,74,10728d70e0641a69:0x115a2d,1936783
v1,1790758516394688,SAT,18,10728d70e0641a69:0x115a2d,1936801
v1,1790758516394841,UNSAT,62,10728d70e0641a69:0x115a2d,1936863
v1,1790758516394945,SAT,88,10728d70e0641a69:0x115a2d,1936951
v1,1790758516395108,SAT,62,10728d70e0641a69:0x115a2d,1937013
v1,1790758516395598,SAT,359,10728d70e0641a69:0x115a2d,1937372
v1,1790758516395644,SAT,24,10728d70e0641a69:0x115a2d,1937396
v1,1790758516395812,UNSAT,72,10728d70e0641a69:0x115a2d,1937468
v1,1790758516395842,SAT,21,10728d70e0641a69:0x115a2d,1937489
v1,1790758516395991,UNSAT,65,10728d70e0641a69:0x115a2d,1937554
v1,1790758516396060,SAT,56,10728d70e0641a69:0x115a2d,1937610
v1,1790758516396239,SAT,72,10728d70e0641a69:0x115a2d,1937682
v1,1790758516396732,SAT,333,10728d70e0641a69:0x115a2d,1938015
v1,1790758516396778,SAT,26,10728d70e0641a69:0x115a2d,1938041
v1,1790758516396979,UNSAT,87,10728d70e0641a69:0x115a2d,1938128
v1,1790758516397017,SAT,26,10728d70e0641a69:0x115a2d,1938154
v1,1790758516397190,UNSAT,76,10728d70e0641a69:0x115a2d,1938230
v1,1790758516397264,SAT,59,10728d70e0641a69:0x115a2d,1938289
v1,1790758516397417,SAT,59,10728d70e0641a69:0x115a2d,1938348
v1,1790758516408775,SAT,417,10728d70e0641a69:0x115a2d,1938765
v1,1790758516408882,SAT,57,10728d70e0641a69:0x115a2d,1938822
v1,1790758516409238,UNSAT,126,10728d70e0641a69:0x115a2d,1938948
v1,1790758516409304,SAT,28,10728d70e0641a69:0x115a2d,1938976
v1,1790758516409638,UNSAT,158,10728d70e0641a69:0x115a2d,1939134
v1,1790758516409757,SAT,65,10728d70e0641a69:0x115a2d,1939199
v1,1790758516409970,SAT,70,10728d70e0641a69:0x115a2d,1939269
v1,1790758516413589,SAT,1828,10728d70e0641a69:0x115a2d,1941097
v1,1790758516415292,SAT,47,10728d70e0641a69:0x115a2d,1941144
v1,1790758516415743,UNSAT,175,10728d70e0641a69:0x115a2d,1941319
v1,1790758516415795,SAT,37,10728d70e0641a69:0x115a2d,1941356
v1,1790758516416146,UNSAT,148,10728d70e0641a69:0x115a2d,1941504
v1,1790758516416297,SAT,67,10728d70e0641a69:0x115a2d,1941571
v1,1790758516416556,SAT,70,10728d70e0641a69:0x115a2d,1941641
v1,1790758516421798,SAT,3407,10728d70e0641a69:0x115a2d,1945048
v1,1790758516425029,SAT,59,10728d70e0641a69:0x115a2d,1945107
v1,1790758516425580,UNSAT,211,10728d70e0641a69:0x115a2d,1945318
v1,1790758516425650,SAT,54,10728d70e0641a69:0x115a2d,1945372
v1,1790758516426081,UNSAT,184,10728d70e0641a69:0x115a2d,1945556
v1,1790758516426264,SAT,64,10728d70e0641a69:0x115a2d,1945620
v1,1790758516426546,SAT,62,10728d70e0641a69:0x115a2d,1945682
v1,1790758516433298,SAT,4823,10728d70e0641a69:0x115a2d,1950505
v1,1790758516437959,SAT,62,10728d70e0641a69:0x115a2d,1950567
v1,1790758516438614,UNSAT,252,10728d70e0641a69:0x115a2d,1950819
v1,1790758516438663,SAT,32,10728d70e0641a69:0x115a2d,1950851
v1,1790758516439168,UNSAT,222,10728d70e0641a69:0x115a2d,1951073
v1,1790758516439386,SAT,63,10728d70e0641a69:0x115a2d,1951136
v1,1790758516439709,SAT,69,10728d70e0641a69:0x115a2d,1951205
v1,1790758516448185,SAT,6346,10728d70e0641a69:0x115a2d,1957551
v1,1790758516454342,SAT,51,10728d70e0641a69:0x115a2d,1957602
v1,1790758516455055,UNSAT,312,10728d70e0641a69:0x115a2d,1957914
v1,1790758516455103,SAT,28,10728d70e0641a69:0x115a2d,1957942
v1,1790758516455681,UNSAT,277,10728d70e0641a69:0x115a2d,1958219
v1,1790758516455943,SAT,68,10728d70e0641a69:0x115a2d,1958287
v1,1790758516456354,SAT,74,10728d70e0641a69:0x115a2d,1958361
v1,1790758516466627,SAT,7774,10728d70e0641a69:0x115a2d,1966135
v1,1790758516474192,SAT,51,10728d70e0641a69:0x115a2d,1966186
v1,1790758516474987,UNSAT,370,10728d70e0641a69:0x115a2d,1966556
v1,1790758516475060,SAT,54,10728d70e0641a69:0x115a2d,1966610
v1,1790758516475672,UNSAT,306,10728d70e0641a69:0x115a2d,1966916
v1,1790758516475971,SAT,62,10728d70e0641a69:0x115a2d,1966978
v1,1790758516476381,SAT,67,10728d70e0641a69:0x115a2d,1967045
v1,1790758516490552,SAT,11579,10728d70e0641a69:0x115a2d,1978624
v1,1790758516499952,SAT,66,10728d70e0641a69:0x115a2d,1978690
v1,1790758516500874,UNSAT,418,10728d70e0641a69:0x115a2d,1979108
v1,1790758516500946,SAT,49,10728d70e0641a69:0x115a2d,1979157
v1,1790758516501754,UNSAT,393,10728d70e0641a69:0x115a2d,1979550
v1,1790758516502127,SAT,80,10728d70e0641a69:0x115a2d,1979630
v1,1790758516502609,SAT,83,10728d70e0641a69:0x115a2d,1979713
v1,1790758516516468,SAT,10979,10728d70e0641a69:0x115a2d,1990692
v1,1790758516527177,SAT,70,10728d70e0641a69:0x115a2d,1990762
v1,1790758516528111,UNSAT,477,10728d70e0641a69:0x115a2d,1991239
v1,1790758516528167,SAT,35,10728d70e0641a69:0x115a2d,1991274
v1,1790758516528906,UNSAT,401,10728d70e0641a69:0x115a2d,1991675
v1,1790758516529303,SAT,78,10728d70e0641a69:0x115a2d,1991753
v1,1790758516529825,SAT,77,10728d70e0641a69:0x115a2d,1991830
v1,1790758516545563,SAT,12344,10728d70e0641a69:0x115a2d,2004174
v1,1790758516557724,SAT,81,10728d70e0641a69:0x115a2d,2004255
v1,1790758516558696,UNSAT,596,10728d70e0641a69:0x115a2d,2004851
v1,1790758516558787,SAT,60,10728d70e0641a69:0x115a2d,2004911
v1,1790758516559553,UNSAT,507,10728d70e0641a69:0x115a2d,2005418
v1,1790758516560020,SAT,67,10728d70e0641a69:0x115a2d,2005485
v1,1790758516560630,SAT,75,10728d70e0641a69:0x115a2d,2005560
v1,1790758516577927,SAT,13821,10728d70e0641a69:0x115a2d,2019381
v1,1790758516591520,SAT,56,10728d70e0641a69:0x115a2d,2019437
v1,1790758516592566,UNSAT,640,10728d70e0641a69:0x115a2d,2020077
v1,1790758516592647,SAT,59,10728d70e0641a69:0x115a2d,2020136
v1,1790758516593506,UNSAT,542,10728d70e0641a69:0x115a2d,2020678
v1,1790758516594045,SAT,71,10728d70e0641a69:0x115a2d,2020749
v1,1790758516594706,SAT,74,10728d70e0641a69:0x115a2d,2020823
v1,1790758516613939,SAT,15331,10728d70e0641a69:0x115a2d,2036154
v1,1790758516629030,SAT,56,10728d70e0641a69:0x115a2d,2036210
v1,1790758516630203,UNSAT,666,10728d70e0641a69:0x115a2d,2036876
v1,1790758516630261,SAT,37,10728d70e0641a69:0x115a2d,2036913
v1,1790758516631223,UNSAT,598,10728d70e0641a69:0x115a2d,2037511
v1,1790758516631799,SAT,75,10728d70e0641a69:0x115a2d,2037586
v1,1790758516632503,SAT,83,10728d70e0641a69:0x115a2d,2037669
v1,1790758516654280,SAT,17408,10728d70e0641a69:0x115a2d,2055077
v1,1790758516670837,SAT,60,10728d70e0641a69:0x115a2d,2055137
v1,1790758516672066,UNSAT,704,10728d70e0641a69:0x115a2d,2055841
v1,1790758516672116,SAT,29,10728d70e0641a69:0x115a2d,2055870
v1,1790758516673130,UNSAT,612,10728d70e0641a69:0x115a2d,2056482
v1,1790758516673757,SAT,86,10728d70e0641a69:0x115a2d,2056568
v1,1790758516674470,SAT,75,10728d70e0641a69:0x115a2d,2056643
v1,1790758516699651,SAT,18356,10728d70e0641a69:0x115a2d,2074999
v1,1790758516717998,SAT,152,10728d70e0641a69:0x115a2d,2075151
v1,1790758516719334,UNSAT,808,10728d70e0641a69:0x115a2d,2075959
v1,1790758516719389,SAT,31,10728d70e0641a69:0x115a2d,2075990
v1,1790758516720502,UNSAT,715,10728d70e0641a69:0x115a2d,2076705
v1,1790758516721171,SAT,76,10728d70e0641a69:0x115a2d,2076781
v1,1790758516722004,SAT,75,10728d70e0641a69:0x115a2d,2076856
v1,1790758516747276,SAT,19955,10728d70e0641a69:0x115a2d,2096811
v1,1790758516767061,SAT,64,10728d70e0641a69:0x115a2d,2096875
v1,1790758516768502,UNSAT,801,10728d70e0641a69:0x115a2d,2097676
v1,1790758516768638,SAT,110,10728d70e0641a69:0x115a2d,2097786
v1,1790758516769947,UNSAT,770,10728d70e0641a69:0x115a2d,2098556
v1,1790758516770674,SAT,91,10728d70e0641a69:0x115a2d,2098647
v1,1790758516771534,SAT,81,10728d70e0641a69:0x115a2d,2098728
v1,1790758516801488,SAT,23408,10728d70e0641a69:0x115a2d,2122136
v1,1790758516823694,SAT,93,10728d70e0641a69:0x115a2d,2122229
v1,1790758516825157,UNSAT,806,10728d70e0641a69:0x115a2d,2123035
v1,1790758516825207,SAT,26,10728d70e0641a69:0x115a2d,2123061
v1,1790758516826415,UNSAT,716,10728d70e0641a69:0x115a2d,2123777
v1,1790758516827126,SAT,83,10728d70e0641a69:0x115a2d,2123860
v1,1790758516827969,SAT,75,10728d70e0641a69:0x115a2d,2123935
v1,1790758516858000,SAT,22910,10728d70e0641a69:0x115a2d,2146845
v1,1790758516880940,SAT,94,10728d70e0641a69:0x115a2d,2146939
v1,1790758516882460,UNSAT,848,10728d70e0641a69:0x115a2d,2147787
v1,1790758516882538,SAT,53,10728d70e0641a69:0x115a2d,2147840
v1,1790758516884062,UNSAT,892,10728d70e0641a69:0x115a2d,2148732
v1,1790758516884911,SAT,90,10728d70e0641a69:0x115a2d,2148822
v1,1790758516885874,SAT,87,10728d70e0641a69:0x115a2d,2148909
v1,1790758516917890,SAT,24393,10728d70e0641a69:0x115a2d,2173302
v1,1790758516941989,SAT,87,10728d70e0641a69:0x115a2d,2173389
v1,1790758516943415,UNSAT,972,10728d70e0641a69:0x115a2d,2174361
v1,1790758516943475,SAT,32,10728d70e0641a69:0x115a2d,2174393
v1,1790758516944664,UNSAT,865,10728d70e0641a69:0x115a2d,2175258
v1,1790758516945506,SAT,79,10728d70e0641a69:0x115a2d,2175337
v1,1790758516946462,SAT,82,10728d70e0641a69:0x115a2d,2175419
v1,1790758516980177,SAT,25787,10728d70e0641a69:0x115a2d,2201206
v1,1790758517005784,SAT,75,10728d70e0641a69:0x115a2d,2201281
v1,1790758517007290,UNSAT,1025,10728d70e0641a69:0x115a2d,2202306
v1,1790758517007353,SAT,35,10728d70e0641a69:0x115a2d,2202341
v1,1790758517008638,UNSAT,917,10728d70e0641a69:0x115a2d,2203258
v1,1790758517009548,SAT,85,10728d70e0641a69:0x115a2d,2203343
v1,1790758517010595,SAT,83,10728d70e0641a69:0x115a2d,2203426
v1,1790758517047056,SAT,27726,10728d70e0641a69:0x115a2d,2231152
v1,1790758517074142,SAT,66,10728d70e0641a69:0x115a2d,2231218
v1,1790758517075781,UNSAT,1101,10728d70e0641a69:0x115a2d,2232319
v1,1790758517075851,SAT,39,10728d70e0641a69:0x115a2d,2232358
v1,1790758517077287,UNSAT,1003,10728d70e0641a69:0x115a2d,2233361
v1,1790758517078196,SAT,83,10728d70e0641a69:0x115a2d,2233444
v1,1790758517079311,SAT,85,10728d70e0641a69:0x115a2d,2233529
v1,1790758517117650,SAT,28890,10728d70e0641a69:0x115a2d,2262419
v1,1790758517146120,SAT,85,10728d70e0641a69:0x115a2d,2262504
v1,1790758517147764,UNSAT,1068,10728d70e0641a69:0x115a2d,2263572
v1,1790758517147824,SAT,30,10728d70e0641a69:0x115a2d,2263602
v1,1790758517149306,UNSAT,992,10728d70e0641a69:0x115a2d,2264594
v1,1790758517150251,SAT,91,10728d70e0641a69:0x115a2d,2264685
v1,1790758517151361,SAT,80,10728d70e0641a69:0x115a2d,2264765
v1,1790758517192125,SAT,30528,10728d70e0641a69:0x115a2d,2295293
v1,1790758517222272,SAT,92,10728d70e0641a69:0x115a2d,2295385
v1,1790758517223929,UNSAT,1089,10728d70e0641a69:0x115a2d,2296474
v1,1790758517223984,SAT,29,10728d70e0641a69:0x115a2d,2296503
v1,1790758517225452,UNSAT,1008,10728d70e0641a69:0x115a2d,2297511
v1,1790758517226838,SAT,114,10728d70e0641a69:0x115a2d,2297625
v1,1790758517228179,SAT,95,10728d70e0641a69:0x115a2d,2297720
v1,1790758517271619,SAT,31881,10728d70e0641a69:0x115a2d,2329601
v1,1790758517303454,SAT,120,10728d70e0641a69:0x115a2d,2329721
v1,1790758517305200,UNSAT,1127,10728d70e0641a69:0x115a2d,2330848
v1,1790758517305267,SAT,45,10728d70e0641a69:0x115a2d,2330893
v1,1790758517306788,UNSAT,1032,10728d70e0641a69:0x115a2d,2331925
v1,1790758517307764,SAT,76,10728d70e0641a69:0x115a2d,2332001
v1,1790758517308989,SAT,131,10728d70e0641a69:0x115a2d,2332132
v1,1790758517354839,SAT,33919,10728d70e0641a69:0x115a2d,2366051
v1,1790758517388067,SAT,62,10728d70e0641a69:0x115a2d,2366113
v1,1790758517389913,UNSAT,1170,10728d70e0641a69:0x115a2d,2367283
v1,1790758517390002,SAT,63,10728d70e0641a69:0x115a2d,2367346
v1,1790758517391581,UNSAT,1052,10728d70e0641a69:0x115a2d,2368398
v1,1790758517392614,SAT,80,10728d70e0641a69:0x115a2d,2368478
v1,1790758517393798,SAT,78,10728d70e0641a69:0x115a2d,2368556
v1,1790758517442114,SAT,35075,10728d70e0641a69:0x115a2d,2403631
v1,1790758517476771,SAT,78,10728d70e0641a69:0x115a2d,2403709
v1,1790758517478823,UNSAT,1289,10728d70e0641a69:0x115a2d,2404998
v1,1790758517478906,SAT,47,10728d70e0641a69:0x115a2d,2405045
v1,1790758517480790,UNSAT,1223,10728d70e0641a69:0x115a2d,2406268
v1,1790758517481962,SAT,114,10728d70e0641a69:0x115a2d,2406382
v1,1790758517483348,SAT,118,10728d70e0641a69:0x115a2d,2406500
v1,1790758517534813,SAT,36783,10728d70e0641a69:0x115a2d,2443283
v1,1790758517570943,SAT,72,10728d70e0641a69:0x115a2d,2443355
v1,1790758517572815,UNSAT,1376,10728d70e0641a69:0x115a2d,2444731
v1,1790758517572885,SAT,33,10728d70e0641a69:0x115a2d,2444764
v1,1790758517574568,UNSAT,1263,10728d70e0641a69:0x115a2d,2446027
v1,1790758517576324,SAT,150,10728d70e0641a69:0x115a2d,2446177
v1,1790758517577914,SAT,118,10728d70e0641a69:0x115a2d,2446295
v1,1790758517631396,SAT,38032,10728d70e0641a69:0x115a2d,2484327
v1,1790758517668905,SAT,67,10728d70e0641a69:0x115a2d,2484394
v1,1790758517670819,UNSAT,1340,10728d70e0641a69:0x115a2d,2485734
v1,1790758517670894,SAT,48,10728d70e0641a69:0x115a2d,2485782
v1,1790758517672588,UNSAT,1250,10728d70e0641a69:0x115a2d,2487032
v1,1790758517673828,SAT,94,10728d70e0641a69:0x115a2d,2487126
v1,1790758517675235,SAT,84,10728d70e0641a69:0x115a2d,2487210
v1,1790758517733429,SAT,39609,10728d70e0641a69:0x115a2d,2526819
v1,1790758517772509,SAT,73,10728d70e0641a69:0x115a2d,2526892
v1,1790758517775009,UNSAT,1853,10728d70e0641a69:0x115a2d,2528745
v1,1790758517775120,SAT,70,10728d70e0641a69:0x115a2d,2528815
v1,1790758517776982,UNSAT,1308,10728d70e0641a69:0x115a2d,2530123
v1,1790758517778221,SAT,94,10728d70e0641a69:0x115a2d,2530217
v1,1790758517779718,SAT,102,10728d70e0641a69:0x115a2d,2530319
v1,1790758517837739,SAT,41076,10728d70e0641a69:0x115a2d,2571395
v1,1790758517878287,SAT,73,10728d70e0641a69:0x115a2d,2571468
v1,1790758517880482,UNSAT,1533,10728d70e0641a69:0x115a2d,2573001
v1,1790758517880561,SAT,39,10728d70e0641a69:0x115a2d,2573040
v1,1790758517882613,UNSAT,1434,10728d70e0641a69:0x115a2d,2574474
v1,1790758517883943,SAT,100,10728d70e0641a69:0x115a2d,2574574
v1,1790758517885509,SAT,93,10728d70e0641a69:0x115a2d,2574667
v1,1790758517946224,SAT,42715,10728d70e0641a69:0x115a2d,2617382
v1,1790758517988488,SAT,63,10728d70e0641a69:0x115a2d,2617445
v1,1790758517990643,UNSAT,1498,10728d70e0641a69:0x115a2d,2618943
v1,1790758517990710,SAT,41,10728d70e0641a69:0x115a2d,2618984
v1,1790758517992528,UNSAT,1298,10728d70e0641a69:0x115a2d,2620282
v1,1790758517993833,SAT,90,10728d70e0641a69:0x115a2d,2620372
v1,1790758517995337,SAT,108,10728d70e0641a69:0x115a2d,2620480
v1,1790758518060403,SAT,44476,10728d70e0641a69:0x115a2d,2664956
v1,1790758518103945,SAT,164,10728d70e0641a69:0x115a2d,2665120
v1,1790758518106166,UNSAT,1500,10728d70e0641a69:0x115a2d,2666620
v1,1790758518106229,SAT,39,10728d70e0641a69:0x115a2d,2666659
v1,1790758518108160,UNSAT,1362,10728d70e0641a69:0x115a2d,2668021
v1,1790758518109488,SAT,91,10728d70e0641a69:0x115a2d,2668112
v1,1790758518111030,SAT,84,10728d70e0641a69:0x115a2d,2668196
v1,1790758518176817,SAT,45525,10728d70e0641a69:0x115a2d,2713721
v1,1790758518221849,SAT,89,10728d70e0641a69:0x115a2d,2713810
v1,1790758518224158,UNSAT,1522,10728d70e0641a69:0x115a2d,2715332
v1,1790758518224215,SAT,26,10728d70e0641a69:0x115a2d,2715358
v1,1790758518226295,UNSAT,1459,10728d70e0641a69:0x115a2d,2716817
v1,1790758518227713,SAT,95,10728d70e0641a69:0x115a2d,2716912
v1,1790758518229300,SAT,89,10728d70e0641a69:0x115a2d,2717001
v1,1790758518299997,SAT,48234,10728d70e0641a69:0x115a2d,2765235
v1,1790758518347042,SAT,90,10728d70e0641a69:0x115a2d,2765325
v1,1790758518349507,UNSAT,1661,10728d70e0641a69:0x115a2d,2766986
v1,1790758518349577,SAT,43,10728d70e0641a69:0x115a2d,2767029
v1,1790758518351729,UNSAT,1501,10728d70e0641a69:0x115a2d,2768530
v1,1790758518353164,SAT,87,10728d70e0641a69:0x115a2d,2768617
v1,1790758518354831,SAT,88,10728d70e0641a69:0x115a2d,2768705
v1,1790758518426542,SAT,48827,10728d70e0641a69:0x115a2d,2817532
v1,1790758518475330,SAT,154,10728d70e0641a69:0x115a2d,2817686
v1,1790758518477585,UNSAT,1724,10728d70e0641a69:0x115a2d,2819410
v1,1790758518477650,SAT,35,10728d70e0641a69:0x115a2d,2819445
v1,1790758518479587,UNSAT,1522,10728d70e0641a69:0x115a2d,2820967
v1,1790758518481222,SAT,108,10728d70e0641a69:0x115a2d,2821075
v1,1790758518482962,SAT,97,10728d70e0641a69:0x115a2d,2821172
v1,1790758518557731,SAT,50048,10728d70e0641a69:0x115a2d,2871220
v1,1790758518607173,SAT,85,10728d70e0641a69:0x115a2d,2871305
v1,1790758518609502,UNSAT,1729,10728d70e0641a69:0x115a2d,2873034
v1,1790758518609576,SAT,44,10728d70e0641a69:0x115a2d,2873078
v1,1790758518611618,UNSAT,1551,10728d70e0641a69:0x115a2d,2874629
v1,1790758518613089,SAT,86,10728d70e0641a69:0x115a2d,2874715
v1,1790758518614805,SAT,81,10728d70e0641a69:0x115a2d,2874796
v1,1790758518691935,SAT,51438,10728d70e0641a69:0x115a2d,2926234
v1,1790758518742822,SAT,87,10728d70e0641a69:0x115a2d,2926321
v1,1790758518745277,UNSAT,1780,10728d70e0641a69:0x115a2d,2928101
v1,1790758518745426,SAT,120,10728d70e0641a69:0x115a2d,2928221
v1,1790758518747554,UNSAT,1595,10728d70e0641a69:0x115a2d,2929816
v1,1790758518749110,SAT,90,10728d70e0641a69:0x115a2d,2929906
v1,1790758518750877,SAT,84,10728d70e0641a69:0x115a2d,2929990
v1,1790758518830758,SAT,53184,10728d70e0641a69:0x115a2d,2983174
v1,1790758518883295,SAT,85,10728d70e0641a69:0x115a2d,2983259
v1,1790758518885828,UNSAT,1856,10728d70e0641a69:0x115a2d,2985115
v1,1790758518885898,SAT,40,10728d70e0641a69:0x115a2d,2985155
v1,1790758518888131,UNSAT,1670,10728d70e0641a69:0x115a2d,2986825
v1,1790758518889752,SAT,86,10728d70e0641a69:0x115a2d,2986911
v1,1790758518891596,SAT,88,10728d70e0641a69:0x115a2d,2986999
v1,1790758518975244,SAT,55353,10728d70e0641a69:0x115a2d,3042352
v1,1790758519029355,SAT,99,10728d70e0641a69:0x115a2d,3042451
v1,1790758519031984,UNSAT,1930,10728d70e0641a69:0x115a2d,3044381
v1,1790758519032047,SAT,30,10728d70e0641a69:0x115a2d,3044411
v1,1790758519034434,UNSAT,1807,10728d70e0641a69:0x115a2d,3046218
v1,1790758519036163,SAT,86,10728d70e0641a69:0x115a2d,3046304
v1,1790758519038089,SAT,84,10728d70e0641a69:0x115a2d,3046388
v1,1790758519126165,SAT,57704,10728d70e0641a69:0x115a2d,3104092
v1,1790758519181673,SAT,95,10728d70e0641a69:0x115a2d,3104187
v1,1790758519184419,UNSAT,1978,10728d70e0641a69:0x115a2d,3106165
v1,1790758519184496,SAT,36,10728d70e0641a69:0x115a2d,3106201
v1,1790758519187035,UNSAT,1858,10728d70e0641a69:0x115a2d,3108059
v1,1790758519188767,SAT,95,10728d70e0641a69:0x115a2d,3108154
v1,1790758519190691,SAT,89,10728d70e0641a69:0x115a2d,3108243
v1,1790758519280116,SAT,57804,10728d70e0641a69:0x115a2d,3166047
v1,1790758519337056,SAT,69,10728d70e0641a69:0x115a2d,3166116
v1,1790758519339820,UNSAT,1967,10728d70e0641a69:0x115a2d,3168083
v1,1790758519339880,SAT,31,10728d70e0641a69:0x115a2d,3168114
v1,1790758519342312,UNSAT,1794,10728d70e0641a69:0x115a2d,3169908
v1,1790758519344042,SAT,90,10728d70e0641a69:0x115a2d,3169998
v1,1790758519346037,SAT,97,10728d70e0641a69:0x115a2d,3170095
v1,1790758519439147,SAT,59198,10728d70e0641a69:0x115a2d,3229293
v1,1790758519497572,SAT,117,10728d70e0641a69:0x115a2d,3229410
v1,1790758519500361,UNSAT,1954,10728d70e0641a69:0x115a2d,3231364
v1,1790758519500419,SAT,29,10728d70e0641a69:0x115a2d,3231393
v1,1790758519502847,UNSAT,1777,10728d70e0641a69:0x115a2d,3233170
v1,1790758519504599,SAT,90,10728d70e0641a69:0x115a2d,3233260
v1,1790758519506586,SAT,95,10728d70e0641a69:0x115a2d,3233355
v1,1790758519602660,SAT,60629,10728d70e0641a69:0x115a2d,3293984
v1,1790758519662615,SAT,79,10728d70e0641a69:0x115a2d,3294063
v1,1790758519665175,UNSAT,2050,10728d70e0641a69:0x115a2d,3296113
v1,1790758519665271,SAT,66,10728d70e0641a69:0x115a2d,3296179
v1,1790758519667439,UNSAT,1794,10728d70e0641a69:0x115a2d,3297973
v1,1790758519669251,SAT,90,10728d70e0641a69:0x115a2d,3298063
v1,1790758519671300,SAT,97,10728d70e0641a69:0x115a2d,3298160
v1,1790758519768067,SAT,62033,10728d70e0641a69:0x115a2d,3360193
v1,1790758519829514,SAT,71,10728d70e0641a69:0x115a2d,3360264
v1,1790758519832056,UNSAT,2059,10728d70e0641a69:0x115a2d,3362323
v1,1790758519832117,SAT,30,10728d70e0641a69:0x115a2d,3362353
v1,1790758519834307,UNSAT,1803,10728d70e0641a69:0x115a2d,3364156
v1,1790758519836102,SAT,121,10728d70e0641a69:0x115a2d,3364277
v1,1790758519838091,SAT,86,10728d70e0641a69:0x115a2d,3364363
v1,1790758519938590,SAT,63522,10728d70e0641a69:0x115a2d,3427885
v1,1790758520001828,SAT,89,10728d70e0641a69:0x115a2d,3427974
v1,1790758520004425,UNSAT,2080,10728d70e0641a69:0x115a2d,3430054
v1,1790758520004489,SAT,33,10728d70e0641a69:0x115a2d,3430087
v1,1790758520006729,UNSAT,1822,10728d70e0641a69:0x115a2d,3431909
v1,1790758520008481,SAT,89,10728d70e0641a69:0x115a2d,3431998
v1,1790758520010479,SAT,93,10728d70e0641a69:0x115a2d,3432091
v1,1790758520115503,SAT,64902,10728d70e0641a69:0x115a2d,3496993
v1,1790758520179850,SAT,137,10728d70e0641a69:0x115a2d,3497130
v1,1790758520182435,UNSAT,2105,10728d70e0641a69:0x115a2d,3499235
v1,1790758520182501,SAT,35,10728d70e0641a69:0x115a2d,3499270
v1,1790758520184690,UNSAT,1806,10728d70e0641a69:0x115a2d,3501076
v1,1790758520186473,SAT,97,10728d70e0641a69:0x115a2d,3501173
v1,1790758520188580,SAT,104,10728d70e0641a69:0x115a2d,3501277
v1,1790758520294730,SAT,66565,10728d70e0641a69:0x115a2d,3567842
v1,1790758520360742,SAT,81,10728d70e0641a69:0x115a2d,3567923
v1,1790758520363288,UNSAT,2069,10728d70e0641a69:0x115a2d,3569992
v1,1790758520363401,SAT,82,10728d70e0641a69:0x115a2d,3570074
v1,1790758520365615,UNSAT,1822,10728d70e0641a69:0x115a2d,3571896
v1,1790758520367394,SAT,97,10728d70e0641a69:0x115a2d,3571993
v1,1790758520369360,SAT,88,10728d70e0641a69:0x115a2d,3572081
v1,1790758520479495,SAT,68111,10728d70e0641a69:0x115a2d,3640192
v1,1790758520546662,SAT,89,10728d70e0641a69:0x115a2d,3640281
v1,1790758520549221,UNSAT,2075,10728d70e0641a69:0x115a2d,3642356
v1,1790758520549293,SAT,37,10728d70e0641a69:0x115a2d,3642393
v1,1790758520551461,UNSAT,1784,10728d70e0641a69:0x115a2d,3644177
v1,1790758520553223,SAT,88,10728d70e0641a69:0x115a2d,3644265
v1,1790758520555236,SAT,94,10728d70e0641a69:0x115a2d,3644359
v1,1790758520668437,SAT,69436,10728d70e0641a69:0x115a2d,3713795
v1,1790758520737112,SAT,63,10728d70e0641a69:0x115a2d,3713858
v1,1790758520739679,UNSAT,2075,10728d70e0641a69:0x115a2d,3715933
v1,1790758520739734,SAT,26,10728d70e0641a69:0x115a2d,3715959
v1,1790758520741924,UNSAT,1812,10728d70e0641a69:0x115a2d,3717771
v1,1790758520743712,SAT,139,10728d70e0641a69:0x115a2d,3717910
v1,1790758520745697,SAT,82,10728d70e0641a69:0x115a2d,3717992
v1,1790758520861822,SAT,71548,10728d70e0641a69:0x115a2d,3789540
v1,1790758520931940,SAT,76,10728d70e0641a69:0x115a2d,3789616
v1,1790758520934518,UNSAT,2063,10728d70e0641a69:0x115a2d,3791679
v1,1790758520934581,SAT,34,10728d70e0641a69:0x115a2d,3791713
v1,1790758520936752,UNSAT,1784,10728d70e0641a69:0x115a2d,3793497
v1,1790758520938508,SAT,87,10728d70e0641a69:0x115a2d,3793584
v1,1790758520940528,SAT,125,10728d70e0641a69:0x115a2d,3793709
v1,1790758521062735,SAT,72986,10728d70e0641a69:0x115a2d,3866695
v1,1790758521134794,SAT,73,10728d70e0641a69:0x115a2d,3866768
v1,1790758521137358,UNSAT,2075,10728d70e0641a69:0x115a2d,3868843
v1,1790758521137439,SAT,45,10728d70e0641a69:0x115a2d,3868888
v1,1790758521139678,UNSAT,1824,10728d70e0641a69:0x115a2d,3870712
v1,1790758521141469,SAT,90,10728d70e0641a69:0x115a2d,3870802
v1,1790758521143473,SAT,85,10728d70e0641a69:0x115a2d,3870887
v1,1790758521266703,SAT,74318,10728d70e0641a69:0x115a2d,3945205
v1,1790758521340155,SAT,76,10728d70e0641a69:0x115a2d,3945281
v1,1790758521342784,UNSAT,2089,10728d70e0641a69:0x115a2d,3947370
v1,1790758521342864,SAT,51,10728d70e0641a69:0x115a2d,3947421
v1,1790758521345126,UNSAT,1841,10728d70e0641a69:0x115a2d,3949262
v1,1790758521346895,SAT,94,10728d70e0641a69:0x115a2d,3949356
v1,1790758521348965,SAT,87,10728d70e0641a69:0x115a2d,3949443
v1,1790758521474940,SAT,75376,10728d70e0641a69:0x115a2d,4024819
v1,1790758521549638,SAT,81,10728d70e0641a69:0x115a2d,4024900
v1,1790758521552241,UNSAT,2076,10728d70e0641a69:0x115a2d,4026976
v1,1790758521552309,SAT,33,10728d70e0641a69:0x115a2d,4027009
v1,1790758521554558,UNSAT,1822,10728d70e0641a69:0x115a2d,4028831
v1,1790758521556330,SAT,90,10728d70e0641a69:0x115a2d,4028921
v1,1790758521558435,SAT,90,10728d70e0641a69:0x115a2d,4029011
v1,1790758521689096,SAT,77158,10728d70e0641a69:0x115a2d,4106169
v1,1790758521765142,SAT,87,10728d70e0641a69:0x115a2d,4106256
v1,1790758521767765,UNSAT,2079,10728d70e0641a69:0x115a2d,4108335
v1,1790758521767841,SAT,46,10728d70e0641a69:0x115a2d,4108381
v1,1790758521770086,UNSAT,1810,10728d70e0641a69:0x115a2d,4110191
v1,1790758521771894,SAT,90,10728d70e0641a69:0x115a2d,4110281
v1,1790758521773952,SAT,96,10728d70e0641a69:0x115a2d,4110377
v1,1790758521907124,SAT,79034,10728d70e0641a69:0x115a2d,4189411
v1,1790758521984961,SAT,75,10728d70e0641a69:0x115a2d,4189486
v1,1790758521987632,UNSAT,2109,10728d70e0641a69:0x115a2d,4191595
v1,1790758521987708,SAT,47,10728d70e0641a69:0x115a2d,4191642
v1,1790758521989961,UNSAT,1813,10728d70e0641a69:0x115a2d,4193455
v1,1790758521991735,SAT,86,10728d70e0641a69:0x115a2d,4193541
v1,1790758521993803,SAT,82,10728d70e0641a69:0x115a2d,4193623
v1,1790758522130161,SAT,79825,10728d70e0641a69:0x115a2d,4273448
v1,1790758522209116,SAT,77,10728d70e0641a69:0x115a2d,4273525
v1,1790758522211854,UNSAT,2154,10728d70e0641a69:0x115a2d,4275679
v1,1790758522211923,SAT,34,10728d70e0641a69:0x115a2d,4275713
v1,1790758522214213,UNSAT,1824,10728d70e0641a69:0x115a2d,4277537
v1,1790758522215994,SAT,88,10728d70e0641a69:0x115a2d,4277625
v1,1790758522218054,SAT,88,10728d70e0641a69:0x115a2d,4277713
v1,1790758522358615,SAT,82029,10728d70e0641a69:0x115a2d,4359742
v1,1790758522439693,SAT,80,10728d70e0641a69:0x115a2d,4359822
v1,1790758522442348,UNSAT,2131,10728d70e0641a69:0x115a2d,4361953
v1,1790758522442418,SAT,32,10728d70e0641a69:0x115a2d,4361985
v1,1790758522444674,UNSAT,1822,10728d70e0641a69:0x115a2d,4363807
v1,1790758522446443,SAT,88,10728d70e0641a69:0x115a2d,4363895
v1,1790758522448500,SAT,82,10728d70e0641a69:0x115a2d,4363977
v1,1790758522590047,SAT,83213,10728d70e0641a69:0x115a2d,4447190
v1,1790758522672298,SAT,72,10728d70e0641a69:0x115a2d,4447262
v1,1790758522674918,UNSAT,2065,10728d70e0641a69:0x115a2d,4449327
v1,1790758522674995,SAT,46,10728d70e0641a69:0x115a2d,4449373
v1,1790758522677299,UNSAT,1841,10728d70e0641a69:0x115a2d,4451214
v1,1790758522679096,SAT,90,10728d70e0641a69:0x115a2d,4451304
v1,1790758522681176,SAT,100,10728d70e0641a69:0x115a2d,4451404
v1,1790758522826716,SAT,84563,10728d70e0641a69:0x115a2d,4535967
v1,1790758522910502,SAT,74,10728d70e0641a69:0x115a2d,4536041
v1,1790758522913194,UNSAT,2110,10728d70e0641a69:0x115a2d,4538151
v1,1790758522913262,SAT,38,10728d70e0641a69:0x115a2d,4538189
v1,1790758522915678,UNSAT,1904,10728d70e0641a69:0x115a2d,4540093
v1,1790758522917486,SAT,90,10728d70e0641a69:0x115a2d,4540183
v1,1790758522919594,SAT,95,10728d70e0641a69:0x115a2d,4540278
v1,1790758523068599,SAT,86111,10728d70e0641a69:0x115a2d,4626389
v1,1790758523154198,SAT,90,10728d70e0641a69:0x115a2d,4626479
v1,1790758523157003,UNSAT,2233,10728d70e0641a69:0x115a2d,4628712
v1,1790758523157100,SAT,66,10728d70e0641a69:0x115a2d,4628778
v1,1790758523159577,UNSAT,2005,10728d70e0641a69:0x115a2d,4630783
v1,1790758523161430,SAT,98,10728d70e0641a69:0x115a2d,4630881
v1,1790758523163544,SAT,93,10728d70e0641a69:0x115a2d,4630974
v1,1790758523317229,SAT,87925,10728d70e0641a69:0x115a2d,4718899
v1,1790758523403880,SAT,75,10728d70e0641a69:0x115a2d,4718974
v1,1790758523406568,UNSAT,2115,10728d70e0641a69:0x115a2d,4721089
v1,1790758523406649,SAT,51,10728d70e0641a69:0x115a2d,4721140
v1,1790758523408971,UNSAT,1868,10728d70e0641a69:0x115a2d,4723008
v1,1790758523410781,SAT,97,10728d70e0641a69:0x115a2d,4723105
v1,1790758523412905,SAT,101,10728d70e0641a69:0x115a2d,4723206
v1,1790758523567389,SAT,89035,10728d70e0641a69:0x115a2d,4812241
v1,1790758523655984,SAT,160,10728d70e0641a69:0x115a2d,4812401
v1,1790758523658784,UNSAT,2235,10728d70e0641a69:0x115a2d,4814636
v1,1790758523658866,SAT,52,10728d70e0641a69:0x115a2d,4814688
v1,1790758523661299,UNSAT,1958,10728d70e0641a69:0x115a2d,4816646
v1,1790758523663191,SAT,85,10728d70e0641a69:0x115a2d,4816731
v1,1790758523665302,SAT,94,10728d70e0641a69:0x115a2d,4816825
v1,1790758523823433,SAT,90443,10728d70e0641a69:0x115a2d,4907268
v1,1790758523913322,SAT,154,10728d70e0641a69:0x115a2d,4907422
v1,1790758523916012,UNSAT,2102,10728d70e0641a69:0x115a2d,4909524
v1,1790758523916074,SAT,34,10728d70e0641a69:0x115a2d,4909558
v1,1790758523918467,UNSAT,1903,10728d70e0641a69:0x115a2d,4911461
v1,1790758523920350,SAT,162,10728d70e0641a69:0x115a2d,4911623
v1,1790758523922468,SAT,95,10728d70e0641a69:0x115a2d,4911718
v1,1790758524083111,SAT,91930,10728d70e0641a69:0x115a2d,5003648
v1,1790758524174605,SAT,84,10728d70e0641a69:0x115a2d,5003732
v1,1790758524177266,UNSAT,2087,10728d70e0641a69:0x115a2d,5005819
v1,1790758524177336,SAT,39,10728d70e0641a69:0x115a2d,5005858
v1,1790758524180012,UNSAT,2188,10728d70e0641a69:0x115a2d,5008046
v1,1790758524181915,SAT,102,10728d70e0641a69:0x115a2d,5008148
v1,1790758524184068,SAT,87,10728d70e0641a69:0x115a2d,5008235
v1,1790758524347618,SAT,93524,10728d70e0641a69:0x115a2d,5101759
v1,1790758524440313,SAT,85,10728d70e0641a69:0x115a2d,5101844
v1,1790758524443164,UNSAT,2245,10728d70e0641a69:0x115a2d,5104089
v1,1790758524443277,SAT,80,10728d70e0641a69:0x115a2d,5104169
v1,1790758524445808,UNSAT,1968,10728d70e0641a69:0x115a2d,5106137
v1,1790758524447703,SAT,95,10728d70e0641a69:0x115a2d,5106232
v1,1790758524449868,SAT,97,10728d70e0641a69:0x115a2d,5106329
v1,1790758524615847,SAT,94961,10728d70e0641a69:0x115a2d,5201290
v1,1790758524709912,SAT,75,10728d70e0641a69:0x115a2d,5201365
v1,1790758524712641,UNSAT,2135,10728d70e0641a69:0x115a2d,5203500
v1,1790758524712742,SAT,67,10728d70e0641a69:0x115a2d,5203567
v1,1790758524715108,UNSAT,1864,10728d70e0641a69:0x115a2d,5205431
v1,1790758524716911,SAT,93,10728d70e0641a69:0x115a2d,5205524
v1,1790758524719067,SAT,89,10728d70e0641a69:0x115a2d,5205613
v1,1790758524724065,UNSAT,208,10728d70e0641a69:0xa90b0,5205821
v1,1790758524724627,SAT,178,10728d70e0641a69:0xa90b0,5205999
v1,1790758524813355,UNSAT,233,10728d70e0641a69:0x115a2d,5206232
v1,1790758524813793,UNSAT,137,10728d70e0641a69:0x115a2d,5206369
v1,1790758524985800,SAT,97344,10728d70e0641a69:0x115a2d,5303713
v1,1790758525081242,SAT,143,10728d70e0641a69:0x115a2d,5303856
v1,1790758525081806,UNSAT,166,10728d70e0641a69:0x115a2d,5304022
v1,1790758525081851,SAT,24,10728d70e0641a69:0x115a2d,5304046
v1,1790758525082278,UNSAT,115,10728d70e0641a69:0x115a2d,5304161
v1,1790758525082405,SAT,74,10728d70e0641a69:0x115a2d,5304235
v1,1790758525082810,SAT,80,10728d70e0641a69:0x115a2d,5304315
v1,1790758525255857,SAT,98090,10728d70e0641a69:0x115a2d,5402405
v1,1790758525353502,SAT,86,10728d70e0641a69:0x115a2d,5402491
v1,1790758525354106,UNSAT,179,10728d70e0641a69:0x115a2d,5402670
v1,1790758525354151,SAT,24,10728d70e0641a69:0x115a2d,5402694
v1,1790758525354597,UNSAT,118,10728d70e0641a69:0x115a2d,5402812
v1,1790758525354712,SAT,64,10728d70e0641a69:0x115a2d,5402876
v1,1790758525355091,SAT,75,10728d70e0641a69:0x115a2d,5402951
v1,1790758525527921,SAT,99411,10728d70e0641a69:0x115a2d,5502362
v1,1790758525626304,SAT,96,10728d70e0641a69:0x115a2d,5502458
v1,1790758525626896,UNSAT,166,10728d70e0641a69:0x115a2d,5502624
v1,1790758525626944,SAT,26,10728d70e0641a69:0x115a2d,5502650
v1,1790758525627403,UNSAT,118,10728d70e0641a69:0x115a2d,5502768
v1,1790758525627529,SAT,62,10728d70e0641a69:0x115a2d,5502830
v1,1790758525627897,SAT,67,10728d70e0641a69:0x115a2d,5502897
v1,1790758525803722,SAT,100873,10728d70e0641a69:0x115a2d,5603770
v1,1790758525903833,SAT,99,10728d70e0641a69:0x115a2d,5603869
v1,1790758525904441,UNSAT,181,10728d70e0641a69:0x115a2d,5604050
v1,1790758525904492,SAT,29,10728d70e0641a69:0x115a2d,5604079
v1,1790758525904961,UNSAT,117,10728d70e0641a69:0x115a2d,5604196
v1,1790758525905073,SAT,60,10728d70e0641a69:0x115a2d,5604256
v1,1790758525905499,SAT,68,10728d70e0641a69:0x115a2d,5604324
v1,1790758526082569,SAT,102528,10728d70e0641a69:0x115a2d,5706852
v1,1790758526184091,SAT,89,10728d70e0641a69:0x115a2d,5706941
v1,1790758526184689,UNSAT,172,10728d70e0641a69:0x115a2d,5707113
v1,1790758526184747,SAT,37,10728d70e0641a69:0x115a2d,5707150
v1,1790758526185199,UNSAT,117,10728d70e0641a69:0x115a2d,5707267
v1,1790758526185906,SAT,649,10728d70e0641a69:0x115a2d,5707916
v1,1790758526186341,SAT,79,10728d70e0641a69:0x115a2d,5707995
v1,1790758526365999,SAT,104531,10728d70e0641a69:0x115a2d,5812526
v1,1790758526469215,SAT,93,10728d70e0641a69:0x115a2d,5812619
v1,1790758526469825,UNSAT,179,10728d70e0641a69:0x115a2d,5812798
v1,1790758526469902,SAT,56,10728d70e0641a69:0x115a2d,5812854
v1,1790758526470373,UNSAT,117,10728d70e0641a69:0x115a2d,5812971
v1,1790758526470490,SAT,67,10728d70e0641a69:0x115a2d,5813038
v1,1790758526470892,SAT,76,10728d70e0641a69:0x115a2d,5813114
v1,1790758526471813,SAT,373,10728d70e0641a69:0x115a2d,5813487
v1,1790758526471868,SAT,27,10728d70e0641a69:0x115a2d,5813514
v1,1790758526472071,UNSAT,76,10728d70e0641a69:0x115a2d,5813590
v1,1790758526472100,SAT,19,10728d70e0641a69:0x115a2d,5813609
v1,1790758526472260,UNSAT,67,10728d70e0641a69:0x115a2d,5813676
v1,1790758526472330,SAT,55,10728d70e0641a69:0x115a2d,5813731
v1,1790758526472485,SAT,63,10728d70e0641a69:0x115a2d,5813794
v1,1790758526472966,SAT,342,10728d70e0641a69:0x115a2d,5814136
v1,1790758526473032,SAT,44,10728d70e0641a69:0x115a2d,5814180
v1,1790758526473205,UNSAT,69,10728d70e0641a69:0x115a2d,5814249
v1,1790758526473243,SAT,27,10728d70e0641a69:0x115a2d,5814276
v1,1790758526473425,UNSAT,85,10728d70e0641a69:0x115a2d,5814361
v1,1790758526473583,SAT,98,10728d70e0641a69:0x115a2d,5814459
v1,1790758526473812,SAT,78,10728d70e0641a69:0x115a2d,5814537
v1,1790758526654655,SAT,105444,10728d70e0641a69:0x115a2d,5919981
v1,1790758526759923,SAT,804,10728d70e0641a69:0x115a2d,5920785
v1,1790758526760577,UNSAT,207,10728d70e0641a69:0x115a2d,5920992
v1,1790758526760645,SAT,36,10728d70e0641a69:0x115a2d,5921028
v1,1790758526761165,UNSAT,148,10728d70e0641a69:0x115a2d,5921176
v1,1790758526761289,SAT,69,10728d70e0641a69:0x115a2d,5921245
v1,1790758526761704,SAT,75,10728d70e0641a69:0x115a2d,5921320
v1,1790758526762770,SAT,416,10728d70e0641a69:0x115a2d,5921736
v1,1790758526762860,SAT,39,10728d70e0641a69:0x115a2d,5921775
v1,1790758526763099,UNSAT,91,10728d70e0641a69:0x115a2d,5921866
v1,1790758526763136,SAT,22,10728d70e0641a69:0x115a2d,5921888
v1,1790758526763314,UNSAT,74,10728d70e0641a69:0x115a2d,5921962
v1,1790758526763390,SAT,60,10728d70e0641a69:0x115a2d,5922022
v1,1790758526763547,SAT,60,10728d70e0641a69:0x115a2d,5922082
v1,1790758526764091,SAT,347,10728d70e0641a69:0x115a2d,5922429
v1,1790758526764140,SAT,26,10728d70e0641a69:0x115a2d,5922455
v1,1790758526764331,UNSAT,78,10728d70e0641a69:0x115a2d,5922533
v1,1790758526764387,SAT,43,10728d70e0641a69:0x115a2d,5922576
v1,1790758526764559,UNSAT,67,10728d70e0641a69:0x115a2d,5922643
v1,1790758526764629,SAT,56,10728d70e0641a69:0x115a2d,5922699
v1,1790758526764778,SAT,57,10728d70e0641a69:0x115a2d,5922756
v1,1790758526946688,SAT,106718,10728d70e0641a69:0x115a2d,6029474
v1,1790758527053319,SAT,81,10728d70e0641a69:0x115a2d,6029555
v1,1790758527053921,UNSAT,181,10728d70e0641a69:0x115a2d,6029736
v1,1790758527053969,SAT,27,10728d70e0641a69:0x115a2d,6029763
v1,1790758527054446,UNSAT,119,10728d70e0641a69:0x115a2d,6029882
v1,1790758527054560,SAT,61,10728d70e0641a69:0x115a2d,6029943
v1,1790758527054971,SAT,70,10728d70e0641a69:0x115a2d,6030013
v1,1790758527055941,SAT,362,10728d70e0641a69:0x115a2d,6030375
v1,1790758527055990,SAT,22,10728d70e0641a69:0x115a2d,6030397
v1,1790758527056200,UNSAT,77,10728d70e0641a69:0x115a2d,6030474
v1,1790758527056228,SAT,19,10728d70e0641a69:0x115a2d,6030493
v1,1790758527056402,UNSAT,73,10728d70e0641a69:0x115a2d,6030566
v1,1790758527056471,SAT,54,10728d70e0641a69:0x115a2d,6030620
v1,1790758527056619,SAT,62,10728d70e0641a69:0x115a2d,6030682
v1,1790758527057142,SAT,330,10728d70e0641a69:0x115a2d,6031012
v1,1790758527057186,SAT,22,10728d70e0641a69:0x115a2d,6031034
v1,1790758527057369,UNSAT,72,10728d70e0641a69:0x115a2d,6031106
v1,1790758527057407,SAT,28,10728d70e0641a69:0x115a2d,6031134
v1,1790758527057556,UNSAT,64,10728d70e0641a69:0x115a2d,6031198
v1,1790758527057625,SAT,51,10728d70e0641a69:0x115a2d,6031249
v1,1790758527057763,SAT,54,10728d70e0641a69:0x115a2d,6031303
v1,1790758527058267,SAT,331,10728d70e0641a69:0x115a2d,6031634
v1,1790758527058367,SAT,78,10728d70e0641a69:0x115a2d,6031712
v1,1790758527058613,UNSAT,133,10728d70e0641a69:0x115a2d,6031845
v1,1790758527058697,SAT,33,10728d70e0641a69:0x115a2d,6031878
v1,1790758527058941,UNSAT,96,10728d70e0641a69:0x115a2d,6031974
v1,1790758527059038,SAT,81,10728d70e0641a69:0x115a2d,6032055
v1,1790758527059201,SAT,65,10728d70e0641a69:0x115a2d,6032120
v1,1790758527059688,SAT,350,10728d70e0641a69:0x115a2d,6032470
v1,1790758527059740,SAT,29,10728d70e0641a69:0x115a2d,6032499
v1,1790758527059930,UNSAT,80,10728d70e0641a69:0x115a2d,6032579
v1,1790758527059989,SAT,33,10728d70e0641a69:0x115a2d,6032612
v1,1790758527060216,UNSAT,83,10728d70e0641a69:0x115a2d,6032695
v1,1790758527060306,SAT,71,10728d70e0641a69:0x115a2d,6032766
v1,1790758527060486,SAT,67,10728d70e0641a69:0x115a2d,6032833
v1,1790758527061025,SAT,348,10728d70e0641a69:0x115a2d,6033181
v1,1790758527061076,SAT,28,10728d70e0641a69:0x115a2d,6033209
v1,1790758527061302,UNSAT,122,10728d70e0641a69:0x115a2d,6033331
v1,1790758527061337,SAT,24,10728d70e0641a69:0x115a2d,6033355
v1,1790758527061497,UNSAT,69,10728d70e0641a69:0x115a2d,6033424
v1,1790758527061566,SAT,53,10728d70e0641a69:0x115a2d,6033477
v1,1790758527061711,SAT,59,10728d70e0641a69:0x115a2d,6033536
v1,1790758527062166,SAT,335,10728d70e0641a69:0x115a2d,6033871
v1,1790758527062212,SAT,24,10728d70e0641a69:0x115a2d,6033895
v1,1790758527062409,UNSAT,82,10728d70e0641a69:0x115a2d,6033977
v1,1790758527062444,SAT,23,10728d70e0641a69:0x115a2d,6034000
v1,1790758527062612,UNSAT,68,10728d70e0641a69:0x115a2d,6034068
v1,1790758527062685,SAT,58,10728d70e0641a69:0x115a2d,6034126
v1,1790758527062843,SAT,61,10728d70e0641a69:0x115a2d,6034187
v1,1790758527063433,SAT,358,10728d70e0641a69:0x115a2d,6034545
v1,1790758527063528,SAT,69,10728d70e0641a69:0x115a2d,6034614
v1,1790758527063711,UNSAT,76,10728d70e0641a69:0x115a2d,6034690
v1,1790758527063740,SAT,20,10728d70e0641a69:0x115a2d,6034710
v1,1790758527063903,UNSAT,69,10728d70e0641a69:0x115a2d,6034779
v1,1790758527063981,SAT,61,10728d70e0641a69:0x115a2d,6034840
v1,1790758527064126,SAT,58,10728d70e0641a69:0x115a2d,6034898
v1,1790758527064588,SAT,335,10728d70e0641a69:0x115a2d,6035233
v1,1790758527064637,SAT,28,10728d70e0641a69:0x115a2d,6035261
v1,1790758527064821,UNSAT,78,10728d70e0641a69:0x115a2d,6035339
v1,1790758527064853,SAT,21,10728d70e0641a69:0x115a2d,6035360
v1,1790758527065007,UNSAT,68,10728d70e0641a69:0x115a2d,6035428
v1,1790758527065076,SAT,55,10728d70e0641a69:0x115a2d,6035483
v1,1790758527065217,SAT,56,10728d70e0641a69:0x115a2d,6035539
v1,1790758527065759,SAT,342,10728d70e0641a69:0x115a2d,6035881
v1,1790758527065821,SAT,36,10728d70e0641a69:0x115a2d,6035917
v1,1790758527066014,UNSAT,76,10728d70e0641a69:0x115a2d,6035993
v1,1790758527066044,SAT,18,10728d70e0641a69:0x115a2d,6036011
v1,1790758527066236,UNSAT,99,10728d70e0641a69:0x115a2d,6036110
v1,1790758527066395,SAT,62,10728d70e0641a69:0x115a2d,6036172
v1,1790758527066642,SAT,124,10728d70e0641a69:0x115a2d,6036296
v1,1790758527067420,SAT,558,10728d70e0641a69:0x115a2d,6036854
v1,1790758527067481,SAT,30,10728d70e0641a69:0x115a2d,6036884
v1,1790758527067734,UNSAT,126,10728d70e0641a69:0x115a2d,6037010
v1,1790758527067782,SAT,28,10728d70e0641a69:0x115a2d,6037038
v1,1790758527068023,UNSAT,84,10728d70e0641a69:0x115a2d,6037122
v1,1790758527068103,SAT,62,10728d70e0641a69:0x115a2d,6037184
v1,1790758527068303,SAT,71,10728d70e0641a69:0x115a2d,6037255
v1,1790758527068979,SAT,364,10728d70e0641a69:0x115a2d,6037619
v1,1790758527069058,SAT,49,10728d70e0641a69:0x115a2d,6037668
v1,1790758527069271,UNSAT,89,10728d70e0641a69:0x115a2d,6037757
v1,1790758527069316,SAT,31,10728d70e0641a69:0x115a2d,6037788
v1,1790758527069513,UNSAT,88,10728d70e0641a69:0x115a2d,6037876
v1,1790758527069599,SAT,64,10728d70e0641a69:0x115a2d,6037940
v1,1790758527069766,SAT,64,10728d70e0641a69:0x115a2d,6038004
v1,1790758527070296,SAT,385,10728d70e0641a69:0x115a2d,6038389
v1,1790758527070375,SAT,41,10728d70e0641a69:0x115a2d,6038430
v1,1790758527070601,UNSAT,87,10728d70e0641a69:0x115a2d,6038517
v1,1790758527070646,SAT,23,10728d70e0641a69:0x115a2d,6038540
v1,1790758527070852,UNSAT,85,10728d70e0641a69:0x115a2d,6038625
v1,1790758527070927,SAT,59,10728d70e0641a69:0x115a2d,6038684
v1,1790758527071084,SAT,61,10728d70e0641a69:0x115a2d,6038745
v1,1790758527071552,SAT,341,10728d70e0641a69:0x115a2d,6039086
v1,1790758527071594,SAT,20,10728d70e0641a69:0x115a2d,6039106
v1,1790758527071776,UNSAT,79,10728d70e0641a69:0x115a2d,6039185
v1,1790758527071815,SAT,29,10728d70e0641a69:0x115a2d,6039214
v1,1790758527071984,UNSAT,71,10728d70e0641a69:0x115a2d,6039285
v1,1790758527072055,SAT,56,10728d70e0641a69:0x115a2d,6039341
v1,1790758527072205,SAT,58,10728d70e0641a69:0x115a2d,6039399
v1,1790758527072682,SAT,330,10728d70e0641a69:0x115a2d,6039729
v1,1790758527072725,SAT,22,10728d70e0641a69:0x115a2d,6039751
v1,1790758527072891,UNSAT,70,10728d70e0641a69:0x115a2d,6039821
v1,1790758527072920,SAT,20,10728d70e0641a69:0x115a2d,6039841
v1,1790758527073070,UNSAT,63,10728d70e0641a69:0x115a2d,6039904
v1,1790758527073140,SAT,56,10728d70e0641a69:0x115a2d,6039960
v1,1790758527073288,SAT,62,10728d70e0641a69:0x115a2d,6040022
v1,1790758527073803,SAT,331,10728d70e0641a69:0x115a2d,6040353
v1,1790758527073855,SAT,29,10728d70e0641a69:0x115a2d,6040382
v1,1790758527074030,UNSAT,72,10728d70e0641a69:0x115a2d,6040454
v1,1790758527074072,SAT,31,10728d70e0641a69:0x115a2d,6040485
v1,1790758527074230,UNSAT,67,10728d70e0641a69:0x115a2d,6040552
v1,1790758527074313,SAT,69,10728d70e0641a69:0x115a2d,6040621
v1,1790758527074466,SAT,62,10728d70e0641a69:0x115a2d,6040683
v1,1790758527074962,SAT,318,10728d70e0641a69:0x115a2d,6041001
v1,1790758527075005,SAT,23,10728d70e0641a69:0x115a2d,6041024
v1,1790758527075190,UNSAT,87,10728d70e0641a69:0x115a2d,6041111
v1,1790758527075222,SAT,22,10728d70e0641a69:0x115a2d,6041133
v1,1790758527075383,UNSAT,62,10728d70e0641a69:0x115a2d,6041195
v1,1790758527075447,SAT,50,10728d70e0641a69:0x115a2d,6041245
v1,1790758527075585,SAT,58,10728d70e0641a69:0x115a2d,6041303
v1,1790758527076088,SAT,325,10728d70e0641a69:0x115a2d,6041628
v1,1790758527076134,SAT,22,10728d70e0641a69:0x115a2d,6041650
v1,1790758527076321,UNSAT,86,10728d70e0641a69:0x115a2d,6041736
v1,1790758527076359,SAT,26,10728d70e0641a69:0x115a2d,6041762
v1,1790758527076516,UNSAT,68,10728d70e0641a69:0x115a2d,6041830
v1,1790758527076587,SAT,55,10728d70e0641a69:0x115a2d,6041885
v1,1790758527076733,SAT,59,10728d70e0641a69:0x115a2d,6041944
v1,1790758527077230,SAT,327,10728d70e0641a69:0x115a2d,6042271
v1,1790758527077287,SAT,30,10728d70e0641a69:0x115a2d,6042301
v1,1790758527077465,UNSAT,74,10728d70e0641a69:0x115a2d,6042375
v1,1790758527077495,SAT,21,10728d70e0641a69:0x115a2d,6042396
v1,1790758527077646,UNSAT,69,10728d70e0641a69:0x115a2d,6042465
v1,1790758527077716,SAT,55,10728d70e0641a69:0x115a2d,6042520
v1,1790758527077851,SAT,54,10728d70e0641a69:0x115a2d,6042574
v1,1790758527078293,SAT,326,10728d70e0641a69:0x115a2d,6042900
v1,1790758527078343,SAT,28,10728d70e0641a69:0x115a2d,6042928
v1,1790758527078527,UNSAT,75,10728d70e0641a69:0x115a2d,6043003
v1,1790758527078557,SAT,21,10728d70e0641a69:0x115a2d,6043024
v1,1790758527078712,UNSAT,67,10728d70e0641a69:0x115a2d,6043091
v1,1790758527078790,SAT,62,10728d70e0641a69:0x115a2d,6043153
v1,1790758527078956,SAT,58,10728d70e0641a69:0x115a2d,6043211
v1,1790758527079522,SAT,333,10728d70e0641a69:0x115a2d,6043544
v1,1790758527079567,SAT,20,10728d70e0641a69:0x115a2d,6043564
v1,1790758527079731,UNSAT,69,10728d70e0641a69:0x115a2d,6043633
v1,1790758527079755,SAT,16,10728d70e0641a69:0x115a2d,6043649
v1,1790758527079903,UNSAT,63,10728d70e0641a69:0x115a2d,6043712
v1,1790758527079969,SAT,52,10728d70e0641a69:0x115a2d,6043764
v1,1790758527080109,SAT,55,10728d70e0641a69:0x115a2d,6043819
v1,1790758527080613,SAT,330,10728d70e0641a69:0x115a2d,6044149
v1,1790758527080680,SAT,46,10728d70e0641a69:0x115a2d,6044195
v1,1790758527080845,UNSAT,69,10728d70e0641a69:0x115a2d,6044264
v1,1790758527080880,SAT,26,10728d70e0641a69:0x115a2d,6044290
v1,1790758527081025,UNSAT,60,10728d70e0641a69:0x115a2d,6044350
v1,1790758527081089,SAT,50,10728d70e0641a69:0x115a2d,6044400
v1,1790758527081227,SAT,54,10728d70e0641a69:0x115a2d,6044454
v1,1790758527081726,SAT,336,10728d70e0641a69:0x115a2d,6044790
v1,1790758527081773,SAT,24,10728d70e0641a69:0x115a2d,6044814
v1,1790758527081948,UNSAT,74,10728d70e0641a69:0x115a2d,6044888
v1,1790758527081978,SAT,22,10728d70e0641a69:0x115a2d,6044910
v1,1790758527082126,UNSAT,65,10728d70e0641a69:0x115a2d,6044975
v1,1790758527082194,SAT,55,10728d70e0641a69:0x115a2d,6045030
v1,1790758527082348,SAT,66,10728d70e0641a69:0x115a2d,6045096
v1,1790758527082828,SAT,316,10728d70e0641a69:0x115a2d,6045412
v1,1790758527082871,SAT,21,10728d70e0641a69:0x115a2d,6045433
v1,1790758527083031,UNSAT,66,10728d70e0641a69:0x115a2d,6045499
v1,1790758527083056,SAT,17,10728d70e0641a69:0x115a2d,6045516
v1,1790758527083203,UNSAT,61,10728d70e0641a69:0x115a2d,6045577
v1,1790758527083275,SAT,59,10728d70e0641a69:0x115a2d,6045636
v1,1790758527083426,SAT,63,10728d70e0641a69:0x115a2d,6045699
v1,1790758527083870,SAT,321,10728d70e0641a69:0x115a2d,6046020
v1,1790758527083916,SAT,27,10728d70e0641a69:0x115a2d,6046047
v1,1790758527084088,UNSAT,73,10728d70e0641a69:0x115a2d,6046120
v1,1790758527084116,SAT,18,10728d70e0641a69:0x115a2d,6046138
v1,1790758527084270,UNSAT,70,10728d70e0641a69:0x115a2d,6046208
v1,1790758527084337,SAT,52,10728d70e0641a69:0x115a2d,6046260
v1,1790758527084483,SAT,55,10728d70e0641a69:0x115a2d,6046315
v1,1790758527084913,SAT,311,10728d70e0641a69:0x115a2d,6046626
v1,1790758527084950,SAT,19,10728d70e0641a69:0x115a2d,6046645
v1,1790758527085122,UNSAT,74,10728d70e0641a69:0x115a2d,6046719
v1,1790758527085156,SAT,24,10728d70e0641a69:0x115a2d,6046743
v1,1790758527085314,UNSAT,74,10728d70e0641a69:0x115a2d,6046817
v1,1790758527085381,SAT,53,10728d70e0641a69:0x115a2d,6046870
v1,1790758527085524,SAT,60,10728d70e0641a69:0x115a2d,6046930
v1,1790758527086104,SAT,321,10728d70e0641a69:0x115a2d,6047251
v1,1790758527086148,SAT,23,10728d70e0641a69:0x115a2d,6047274
v1,1790758527086388,UNSAT,77,10728d70e0641a69:0x115a2d,6047351
v1,1790758527086432,SAT,31,10728d70e0641a69:0x115a2d,6047382
v1,1790758527086601,UNSAT,70,10728d70e0641a69:0x115a2d,6047452
v1,1790758527086676,SAT,57,10728d70e0641a69:0x115a2d,6047509
v1,1790758527086826,SAT,57,10728d70e0641a69:0x115a2d,6047566
v1,1790758527087259,SAT,315,10728d70e0641a69:0x115a2d,6047881
v1,1790758527087300,SAT,21,10728d70e0641a69:0x115a2d,6047902
v1,1790758527087466,UNSAT,72,10728d70e0641a69:0x115a2d,6047974
v1,1790758527087496,SAT,21,10728d70e0641a69:0x115a2d,6047995
v1,1790758527087651,UNSAT,65,10728d70e0641a69:0x115a2d,6048060
v1,1790758527087724,SAT,58,10728d70e0641a69:0x115a2d,6048118
v1,1790758527087862,SAT,56,10728d70e0641a69:0x115a2d,6048174
v1,1790758527088300,SAT,326,10728d70e0641a69:0x115a2d,6048500
v1,1790758527088348,SAT,27,10728d70e0641a69:0x115a2d,6048527
v1,1790758527088518,UNSAT,73,10728d70e0641a69:0x115a2d,6048600
v1,1790758527088549,SAT,22,10728d70e0641a69:0x115a2d,6048622
v1,1790758527088691,UNSAT,62,10728d70e0641a69:0x115a2d,6048684
v1,1790758527088759,SAT,54,10728d70e0641a69:0x115a2d,6048738
v1,1790758527088907,SAT,59,10728d70e0641a69:0x115a2d,6048797
v1,1790758527089690,SAT,336,10728d70e0641a69:0x115a2d,6049133
v1,1790758527089742,SAT,22,10728d70e0641a69:0x115a2d,6049155
v1,1790758527090018,UNSAT,111,10728d70e0641a69:0x115a2d,6049266
v1,1790758527090050,SAT,21,10728d70e0641a69:0x115a2d,6049287
v1,1790758527090324,UNSAT,142,10728d70e0641a69:0x115a2d,6049429
v1,1790758527090429,SAT,59,10728d70e0641a69:0x115a2d,6049488
v1,1790758527090621,SAT,62,10728d70e0641a69:0x115a2d,6049550
v1,1790758527091077,SAT,327,10728d70e0641a69:0x115a2d,6049877
v1,1790758527091124,SAT,25,10728d70e0641a69:0x115a2d,6049902
v1,1790758527091309,UNSAT,83,10728d70e0641a69:0x115a2d,6049985
v1,1790758527091345,SAT,24,10728d70e0641a69:0x115a2d,6050009
v1,1790758527091520,UNSAT,76,10728d70e0641a69:0x115a2d,6050085
v1,1790758527091591,SAT,57,10728d70e0641a69:0x115a2d,6050142
v1,1790758527091734,SAT,61,10728d70e0641a69:0x115a2d,6050203
v1,1790758527093891,SAT,1744,10728d70e0641a69:0x115a2d,6051947
v1,1790758527095535,SAT,38,10728d70e0641a69:0x115a2d,6051985
v1,1790758527095854,UNSAT,122,10728d70e0641a69:0x115a2d,6052107
v1,1790758527095897,SAT,27,10728d70e0641a69:0x115a2d,6052134
v1,1790758527096164,UNSAT,110,10728d70e0641a69:0x115a2d,6052244
v1,1790758527096312,SAT,97,10728d70e0641a69:0x115a2d,6052341
v1,1790758527096523,SAT,65,10728d70e0641a69:0x115a2d,6052406
v1,1790758527100394,SAT,3353,10728d70e0641a69:0x115a2d,6055759
v1,1790758527103547,SAT,41,10728d70e0641a69:0x115a2d,6055800
v1,1790758527103918,UNSAT,131,10728d70e0641a69:0x115a2d,6055931
v1,1790758527103964,SAT,28,10728d70e0641a69:0x115a2d,6055959
v1,1790758527104232,UNSAT,105,10728d70e0641a69:0x115a2d,6056064
v1,1790758527104340,SAT,58,10728d70e0641a69:0x115a2d,6056122
v1,1790758527104544,SAT,64,10728d70e0641a69:0x115a2d,6056186
v1,1790758527109878,SAT,4765,10728d70e0641a69:0x115a2d,6060951
v1,1790758527114558,SAT,45,10728d70e0641a69:0x115a2d,6060996
v1,1790758527114910,UNSAT,121,10728d70e0641a69:0x115a2d,6061117
v1,1790758527114947,SAT,23,10728d70e0641a69:0x115a2d,6061140
v1,1790758527115209,UNSAT,105,10728d70e0641a69:0x115a2d,6061245
v1,1790758527115334,SAT,68,10728d70e0641a69:0x115a2d,6061313
v1,1790758527115549,SAT,68,10728d70e0641a69:0x115a2d,6061381
v1,1790758527116180,SAT,361,10728d70e0641a69:0x115a2d,6061742
v1,1790758527116230,SAT,26,10728d70e0641a69:0x115a2d,6061768
v1,1790758527116419,UNSAT,77,10728d70e0641a69:0x115a2d,6061845
v1,1790758527116452,SAT,21,10728d70e0641a69:0x115a2d,6061866
v1,1790758527116613,UNSAT,70,10728d70e0641a69:0x115a2d,6061936
v1,1790758527116687,SAT,60,10728d70e0641a69:0x115a2d,6061996
v1,1790758527116837,SAT,60,10728d70e0641a69:0x115a2d,6062056
v1,1790758527117404,SAT,363,10728d70e0641a69:0x115a2d,6062419
v1,1790758527117460,SAT,23,10728d70e0641a69:0x115a2d,6062442
v1,1790758527117728,UNSAT,115,10728d70e0641a69:0x115a2d,6062557
v1,1790758527117771,SAT,28,10728d70e0641a69:0x115a2d,6062585
v1,1790758527118026,UNSAT,99,10728d70e0641a69:0x115a2d,6062684
v1,1790758527118122,SAT,55,10728d70e0641a69:0x115a2d,6062739
v1,1790758527118313,SAT,60,10728d70e0641a69:0x115a2d,6062799
v1,1790758527118794,SAT,331,10728d70e0641a69:0x115a2d,6063130
v1,1790758527118847,SAT,28,10728d70e0641a69:0x115a2d,6063158
v1,1790758527119029,UNSAT,82,10728d70e0641a69:0x115a2d,6063240
v1,1790758527119069,SAT,28,10728d70e0641a69:0x115a2d,6063268
v1,1790758527119939,UNSAT,756,10728d70e0641a69:0x115a2d,6064024
v1,1790758527120069,SAT,82,10728d70e0641a69:0x115a2d,6064106
v1,1790758527120307,SAT,113,10728d70e0641a69:0x115a2d,6064219
v1,1790758527120839,SAT,348,10728d70e0641a69:0x115a2d,6064567
v1,1790758527120898,SAT,33,10728d70e0641a69:0x115a2d,6064600
v1,1790758527121115,UNSAT,107,10728d70e0641a69:0x115a2d,6064707
v1,1790758527121172,SAT,25,10728d70e0641a69:0x115a2d,6064732
v1,1790758527121368,UNSAT,78,10728d70e0641a69:0x115a2d,6064810
v1,1790758527121456,SAT,70,10728d70e0641a69:0x115a2d,6064880
v1,1790758527121678,SAT,79,10728d70e0641a69:0x115a2d,6064959
v1,1790758527124018,SAT,1802,10728d70e0641a69:0x115a2d,6066761
v1,1790758527125699,SAT,33,10728d70e0641a69:0x115a2d,6066794
v1,1790758527126025,UNSAT,113,10728d70e0641a69:0x115a2d,6066907
v1,1790758527126063,SAT,24,10728d70e0641a69:0x115a2d,6066931
v1,1790758527126316,UNSAT,103,10728d70e0641a69:0x115a2d,6067034
v1,1790758527126413,SAT,57,10728d70e0641a69:0x115a2d,6067091
v1,1790758527126606,SAT,61,10728d70e0641a69:0x115a2d,6067152
v1,1790758527130425,SAT,3323,10728d70e0641a69:0x115a2d,6070475
v1,1790758527133584,SAT,57,10728d70e0641a69:0x115a2d,6070532
v1,1790758527133915,UNSAT,114,10728d70e0641a69:0x115a2d,6070646
v1,1790758527133954,SAT,25,10728d70e0641a69:0x115a2d,6070671
v1,1790758527134220,UNSAT,105,10728d70e0641a69:0x115a2d,6070776
v1,1790758527134860,SAT,122,10728d70e0641a69:0x115a2d,6070898
v1,1790758527135261,SAT,111,10728d70e0641a69:0x115a2d,6071009
v1,1790758527136179,SAT,601,10728d70e0641a69:0x115a2d,6071610
v1,1790758527136268,SAT,44,10728d70e0641a69:0x115a2d,6071654
v1,1790758527136573,UNSAT,97,10728d70e0641a69:0x115a2d,6071751
v1,1790758527136610,SAT,21,10728d70e0641a69:0x115a2d,6071772
v1,1790758527136834,UNSAT,105,10728d70e0641a69:0x115a2d,6071877
v1,1790758527136925,SAT,71,10728d70e0641a69:0x115a2d,6071948
v1,1790758527137101,SAT,68,10728d70e0641a69:0x115a2d,6072016
v1,1790758527142883,SAT,5108,10728d70e0641a69:0x115a2d,6077124
v1,1790758527147643,SAT,52,10728d70e0641a69:0x115a2d,6077176
v1,1790758527148034,UNSAT,142,10728d70e0641a69:0x115a2d,6077318
v1,1790758527148124,SAT,37,10728d70e0641a69:0x115a2d,6077355
v1,1790758527148496,UNSAT,130,10728d70e0641a69:0x115a2d,6077485
v1,1790758527148623,SAT,79,10728d70e0641a69:0x115a2d,6077564
v1,1790758527148844,SAT,69,10728d70e0641a69:0x115a2d,6077633
v1,1790758527149478,SAT,388,10728d70e0641a69:0x115a2d,6078021
v1,1790758527149532,SAT,27,10728d70e0641a69:0x115a2d,6078048
v1,1790758527149734,UNSAT,84,10728d70e0641a69:0x115a2d,6078132
v1,1790758527149810,SAT,64,10728d70e0641a69:0x115a2d,6078196
v1,1790758527150047,UNSAT,139,10728d70e0641a69:0x115a2d,6078335
v1,1790758527150128,SAT,62,10728d70e0641a69:0x115a2d,6078397
v1,1790758527150295,SAT,72,10728d70e0641a69:0x115a2d,6078469
v1,1790758527150838,SAT,342,10728d70e0641a69:0x115a2d,6078811
v1,1790758527150914,SAT,53,10728d70e0641a69:0x115a2d,6078864
v1,1790758527151095,UNSAT,71,10728d70e0641a69:0x115a2d,6078935
v1,1790758527151122,SAT,18,10728d70e0641a69:0x115a2d,6078953
v1,1790758527151282,UNSAT,70,10728d70e0641a69:0x115a2d,6079023
v1,1790758527151353,SAT,55,10728d70e0641a69:0x115a2d,6079078
v1,1790758527151511,SAT,59,10728d70e0641a69:0x115a2d,6079137
v1,1790758527151989,SAT,346,10728d70e0641a69:0x115a2d,6079483
v1,1790758527152039,SAT,29,10728d70e0641a69:0x115a2d,6079512
v1,1790758527152213,UNSAT,75,10728d70e0641a69:0x115a2d,6079587
v1,1790758527152242,SAT,20,10728d70e0641a69:0x115a2d,6079607
v1,1790758527152417,UNSAT,69,10728d70e0641a69:0x115a2d,6079676
v1,1790758527152492,SAT,60,10728d70e0641a69:0x115a2d,6079736
v1,1790758527152634,SAT,57,10728d70e0641a69:0x115a2d,6079793
v1,1790758527153139,SAT,335,10728d70e0641a69:0x115a2d,6080128
v1,1790758527153204,SAT,37,10728d70e0641a69:0x115a2d,6080165
v1,1790758527153491,UNSAT,116,10728d70e0641a69:0x115a2d,6080281
v1,1790758527153531,SAT,26,10728d70e0641a69:0x115a2d,6080307
v1,1790758527153770,UNSAT,97,10728d70e0641a69:0x115a2d,6080404
v1,1790758527153868,SAT,58,10728d70e0641a69:0x115a2d,6080462
v1,1790758527154059,SAT,65,10728d70e0641a69:0x115a2d,6080527
v1,1790758527154558,SAT,350,10728d70e0641a69:0x115a2d,6080877
v1,1790758527154606,SAT,25,10728d70e0641a69:0x115a2d,6080902
v1,1790758527154781,UNSAT,77,10728d70e0641a69:0x115a2d,6080979
v1,1790758527154815,SAT,25,10728d70e0641a69:0x115a2d,6081004
v1,1790758527154969,UNSAT,68,10728d70e0641a69:0x115a2d,6081072
v1,1790758527155039,SAT,56,10728d70e0641a69:0x115a2d,6081128
v1,1790758527155176,SAT,57,10728d70e0641a69:0x115a2d,6081185
v1,1790758527157447,SAT,1793,10728d70e0641a69:0x115a2d,6082978
v1,1790758527159102,SAT,65,10728d70e0641a69:0x115a2d,6083043
v1,1790758527159414,UNSAT,109,10728d70e0641a69:0x115a2d,6083152
v1,1790758527159447,SAT,21,10728d70e0641a69:0x115a2d,6083173
v1,1790758527159685,UNSAT,95,10728d70e0641a69:0x115a2d,6083268
v1,1790758527159782,SAT,55,10728d70e0641a69:0x115a2d,6083323
v1,1790758527159964,SAT,56,10728d70e0641a69:0x115a2d,6083379
v1,1790758527163756,SAT,3328,10728d70e0641a69:0x115a2d,6086707
v1,1790758527167114,SAT,279,10728d70e0641a69:0x115a2d,6086986
v1,1790758527167475,UNSAT,132,10728d70e0641a69:0x115a2d,6087118
v1,1790758527167522,SAT,29,10728d70e0641a69:0x115a2d,6087147
v1,1790758527167779,UNSAT,104,10728d70e0641a69:0x115a2d,6087251
v1,1790758527167880,SAT,59,10728d70e0641a69:0x115a2d,6087310
v1,1790758527168081,SAT,65,10728d70e0641a69:0x115a2d,6087375
v1,1790758527173440,SAT,4806,10728d70e0641a69:0x115a2d,6092181
v1,1790758527178059,SAT,67,10728d70e0641a69:0x115a2d,6092248
v1,1790758527178412,UNSAT,120,10728d70e0641a69:0x115a2d,6092368
v1,1790758527178458,SAT,32,10728d70e0641a69:0x115a2d,6092400
v1,1790758527178734,UNSAT,104,10728d70e0641a69:0x115a2d,6092504
v1,1790758527178837,SAT,60,10728d70e0641a69:0x115a2d,6092564
v1,1790758527179034,SAT,60,10728d70e0641a69:0x115a2d,6092624
v1,1790758527179628,SAT,363,10728d70e0641a69:0x115a2d,6092987
v1,1790758527179682,SAT,28,10728d70e0641a69:0x115a2d,6093015
v1,1790758527179862,UNSAT,76,10728d70e0641a69:0x115a2d,6093091
v1,1790758527179894,SAT,22,10728d70e0641a69:0x115a2d,6093113
v1,1790758527180048,UNSAT,62,10728d70e0641a69:0x115a2d,6093175
v1,1790758527180117,SAT,54,10728d70e0641a69:0x115a2d,6093229
v1,1790758527180272,SAT,66,10728d70e0641a69:0x115a2d,6093295
v1,1790758527180828,SAT,336,10728d70e0641a69:0x115a2d,6093631
v1,1790758527180873,SAT,23,10728d70e0641a69:0x115a2d,6093654
v1,1790758527181051,UNSAT,70,10728d70e0641a69:0x115a2d,6093724
v1,1790758527181078,SAT,18,10728d70e0641a69:0x115a2d,6093742
v1,1790758527181252,UNSAT,68,10728d70e0641a69:0x115a2d,6093810
v1,1790758527181327,SAT,60,10728d70e0641a69:0x115a2d,6093870
v1,1790758527181477,SAT,61,10728d70e0641a69:0x115a2d,6093931
v1,1790758527181922,SAT,321,10728d70e0641a69:0x115a2d,6094252
v1,1790758527181970,SAT,22,10728d70e0641a69:0x115a2d,6094274
v1,1790758527182208,UNSAT,100,10728d70e0641a69:0x115a2d,6094374
v1,1790758527182240,SAT,22,10728d70e0641a69:0x115a2d,6094396
v1,1790758527182474,UNSAT,98,10728d70e0641a69:0x115a2d,6094494
v1,1790758527182580,SAT,68,10728d70e0641a69:0x115a2d,6094562
v1,1790758527182760,SAT,62,10728d70e0641a69:0x115a2d,6094624
v1,1790758527183230,SAT,340,10728d70e0641a69:0x115a2d,6094964
v1,1790758527183314,SAT,58,10728d70e0641a69:0x115a2d,6095022
v1,1790758527183488,UNSAT,71,10728d70e0641a69:0x115a2d,6095093
v1,1790758527183522,SAT,25,10728d70e0641a69:0x115a2d,6095118
v1,1790758527183676,UNSAT,69,10728d70e0641a69:0x115a2d,6095187
v1,1790758527183754,SAT,64,10728d70e0641a69:0x115a2d,6095251
v1,1790758527183903,SAT,60,10728d70e0641a69:0x115a2d,6095311
v1,1790758527184372,SAT,350,10728d70e0641a69:0x115a2d,6095661
v1,1790758527184421,SAT,27,10728d70e0641a69:0x115a2d,6095688
v1,1790758527184595,UNSAT,70,10728d70e0641a69:0x115a2d,6095758
v1,1790758527184629,SAT,24,10728d70e0641a69:0x115a2d,6095782
v1,1790758527184783,UNSAT,65,10728d70e0641a69:0x115a2d,6095847
v1,1790758527184851,SAT,54,10728d70e0641a69:0x115a2d,6095901
v1,1790758527184997,SAT,61,10728d70e0641a69:0x115a2d,6095962
v1,1790758527187169,SAT,1745,10728d70e0641a69:0x115a2d,6097707
v1,1790758527188844,SAT,48,10728d70e0641a69:0x115a2d,6097755
v1,1790758527189152,UNSAT,111,10728d70e0641a69:0x115a2d,6097866
v1,1790758527189197,SAT,32,10728d70e0641a69:0x115a2d,6097898
v1,1790758527189448,UNSAT,101,10728d70e0641a69:0x115a2d,6097999
v1,1790758527189550,SAT,63,10728d70e0641a69:0x115a2d,6098062
v1,1790758527189747,SAT,63,10728d70e0641a69:0x115a2d,6098125
v1,1790758527193541,SAT,3300,10728d70e0641a69:0x115a2d,6101425
v1,1790758527196710,SAT,70,10728d70e0641a69:0x115a2d,6101495
v1,1790758527197051,UNSAT,117,10728d70e0641a69:0x115a2d,6101612
v1,1790758527197087,SAT,21,10728d70e0641a69:0x115a2d,6101633
v1,1790758527197341,UNSAT,101,10728d70e0641a69:0x115a2d,6101734
v1,1790758527197434,SAT,54,10728d70e0641a69:0x115a2d,6101788
v1,1790758527197615,SAT,58,10728d70e0641a69:0x115a2d,6101846
v1,1790758527202855,SAT,4716,10728d70e0641a69:0x115a2d,6106562
v1,1790758527207497,SAT,38,10728d70e0641a69:0x115a2d,6106600
v1,1790758527207840,UNSAT,110,10728d70e0641a69:0x115a2d,6106710
v1,1790758527207877,SAT,22,10728d70e0641a69:0x115a2d,6106732
v1,1790758527208125,UNSAT,97,10728d70e0641a69:0x115a2d,6106829
v1,1790758527208218,SAT,54,10728d70e0641a69:0x115a2d,6106883
v1,1790758527208437,SAT,62,10728d70e0641a69:0x115a2d,6106945
v1,1790758527209019,SAT,349,10728d70e0641a69:0x115a2d,6107294
v1,1790758527209062,SAT,20,10728d70e0641a69:0x115a2d,6107314
v1,1790758527209243,UNSAT,71,10728d70e0641a69:0x115a2d,6107385
v1,1790758527209302,SAT,43,10728d70e0641a69:0x115a2d,6107428
v1,1790758527209471,UNSAT,69,10728d70e0641a69:0x115a2d,6107497
v1,1790758527209546,SAT,60,10728d70e0641a69:0x115a2d,6107557
v1,1790758527209692,SAT,58,10728d70e0641a69:0x115a2d,6107615
v1,1790758527210154,SAT,328,10728d70e0641a69:0x115a2d,6107943
v1,1790758527210197,SAT,22,10728d70e0641a69:0x115a2d,6107965
v1,1790758527210376,UNSAT,72,10728d70e0641a69:0x115a2d,6108037
v1,1790758527210406,SAT,21,10728d70e0641a69:0x115a2d,6108058
v1,1790758527210555,UNSAT,63,10728d70e0641a69:0x115a2d,6108121
v1,1790758527210624,SAT,55,10728d70e0641a69:0x115a2d,6108176
v1,1790758527210769,SAT,56,10728d70e0641a69:0x115a2d,6108232
v1,1790758527211314,SAT,322,10728d70e0641a69:0x115a2d,6108554
v1,1790758527211364,SAT,24,10728d70e0641a69:0x115a2d,6108578
v1,1790758527211629,UNSAT,118,10728d70e0641a69:0x115a2d,6108696
v1,1790758527211658,SAT,19,10728d70e0641a69:0x115a2d,6108715
v1,1790758527211882,UNSAT,102,10728d70e0641a69:0x115a2d,6108817
v1,1790758527211983,SAT,60,10728d70e0641a69:0x115a2d,6108877
v1,1790758527212165,SAT,64,10728d70e0641a69:0x115a2d,6108941
v1,1790758527212680,SAT,329,10728d70e0641a69:0x115a2d,6109270
v1,1790758527212728,SAT,27,10728d70e0641a69:0x115a2d,6109297
v1,1790758527212906,UNSAT,77,10728d70e0641a69:0x115a2d,6109374
v1,1790758527212939,SAT,21,10728d70e0641a69:0x115a2d,6109395
v1,1790758527213091,UNSAT,65,10728d70e0641a69:0x115a2d,6109460
v1,1790758527213165,SAT,60,10728d70e0641a69:0x115a2d,6109520
v1,1790758527213313,SAT,58,10728d70e0641a69:0x115a2d,6109578
v1,1790758527215446,SAT,1747,10728d70e0641a69:0x115a2d,6111325
v1,1790758527217088,SAT,66,10728d70e0641a69:0x115a2d,6111391
v1,1790758527217413,UNSAT,110,10728d70e0641a69:0x115a2d,6111501
v1,1790758527217445,SAT,19,10728d70e0641a69:0x115a2d,6111520
v1,1790758527217683,UNSAT,96,10728d70e0641a69:0x115a2d,6111616
v1,1790758527217785,SAT,60,10728d70e0641a69:0x115a2d,6111676
v1,1790758527217980,SAT,64,10728d70e0641a69:0x115a2d,6111740
v1,1790758527218514,SAT,344,10728d70e0641a69:0x115a2d,6112084
v1,1790758527218579,SAT,44,10728d70e0641a69:0x115a2d,6112128
v1,1790758527218746,UNSAT,70,10728d70e0641a69:0x115a2d,6112198
v1,1790758527218781,SAT,27,10728d70e0641a69:0x115a2d,6112225
v1,1790758527218928,UNSAT,61,10728d70e0641a69:0x115a2d,6112286
v1,1790758527218995,SAT,53,10728d70e0641a69:0x115a2d,6112339
v1,1790758527219154,SAT,56,10728d70e0641a69:0x115a2d,6112395
v1,1790758527222835,SAT,3259,10728d70e0641a69:0x115a2d,6115654
v1,1790758527225962,SAT,41,10728d70e0641a69:0x115a2d,6115695
v1,1790758527226302,UNSAT,131,10728d70e0641a69:0x115a2d,6115826
v1,1790758527226346,SAT,26,10728d70e0641a69:0x115a2d,6115852
v1,1790758527226618,UNSAT,110,10728d70e0641a69:0x115a2d,6115962
v1,1790758527226719,SAT,57,10728d70e0641a69:0x115a2d,6116019
v1,1790758527226908,SAT,62,10728d70e0641a69:0x115a2d,6116081
v1,1790758527232169,SAT,4741,10728d70e0641a69:0x115a2d,6120822
v1,1790758527236810,SAT,72,10728d70e0641a69:0x115a2d,6120894
v1,1790758527237155,UNSAT,111,10728d70e0641a69:0x115a2d,6121005
v1,1790758527237188,SAT,19,10728d70e0641a69:0x115a2d,6121024
v1,1790758527237453,UNSAT,102,10728d70e0641a69:0x115a2d,6121126
v1,1790758527237549,SAT,55,10728d70e0641a69:0x115a2d,6121181
v1,1790758527237747,SAT,59,10728d70e0641a69:0x115a2d,6121240
v1,1790758527238405,SAT,357,10728d70e0641a69:0x115a2d,6121597
v1,1790758527238450,SAT,21,10728d70e0641a69:0x115a2d,6121618
v1,1790758527238637,UNSAT,72,10728d70e0641a69:0x115a2d,6121690
v1,1790758527238670,SAT,22,10728d70e0641a69:0x115a2d,6121712
v1,1790758527238836,UNSAT,70,10728d70e0641a69:0x115a2d,6121782
v1,1790758527238914,SAT,64,10728d70e0641a69:0x115a2d,6121846
v1,1790758527239066,SAT,58,10728d70e0641a69:0x115a2d,6121904
v1,1790758527239553,SAT,346,10728d70e0641a69:0x115a2d,6122250
v1,1790758527239602,SAT,28,10728d70e0641a69:0x115a2d,6122278
v1,1790758527239779,UNSAT,74,10728d70e0641a69:0x115a2d,6122352
v1,1790758527239808,SAT,19,10728d70e0641a69:0x115a2d,6122371
v1,1790758527239961,UNSAT,62,10728d70e0641a69:0x115a2d,6122433
v1,1790758527240042,SAT,66,10728d70e0641a69:0x115a2d,6122499
v1,1790758527240688,SAT,125,10728d70e0641a69:0x115a2d,6122624
v1,1790758527241524,SAT,547,10728d70e0641a69:0x115a2d,6123171
v1,1790758527241635,SAT,54,10728d70e0641a69:0x115a2d,6123225
v1,1790758527241993,UNSAT,134,10728d70e0641a69:0x115a2d,6123359
v1,1790758527242063,SAT,42,10728d70e0641a69:0x115a2d,6123401
v1,1790758527242390,UNSAT,133,10728d70e0641a69:0x115a2d,6123534
v1,1790758527242595,SAT,153,10728d70e0641a69:0x115a2d,6123687
v1,1790758527243015,SAT,76,10728d70e0641a69:0x115a2d,6123763
v1,1790758527243915,SAT,374,10728d70e0641a69:0x115a2d,6124137
v1,1790758527243976,SAT,29,10728d70e0641a69:0x115a2d,6124166
v1,1790758527244241,UNSAT,108,10728d70e0641a69:0x115a2d,6124274
v1,1790758527244312,SAT,53,10728d70e0641a69:0x115a2d,6124327
v1,1790758527244553,UNSAT,107,10728d70e0641a69:0x115a2d,6124434
v1,1790758527244651,SAT,60,10728d70e0641a69:0x115a2d,6124494
v1,1790758527244836,SAT,62,10728d70e0641a69:0x115a2d,6124556
v1,1790758527245338,SAT,364,10728d70e0641a69:0x115a2d,6124920
v1,1790758527245401,SAT,26,10728d70e0641a69:0x115a2d,6124946
v1,1790758527245634,UNSAT,94,10728d70e0641a69:0x115a2d,6125040
v1,1790758527245683,SAT,36,10728d70e0641a69:0x115a2d,6125076
v1,1790758527245874,UNSAT,82,10728d70e0641a69:0x115a2d,6125158
v1,1790758527245985,SAT,75,10728d70e0641a69:0x115a2d,6125233
v1,1790758527246177,SAT,66,10728d70e0641a69:0x115a2d,6125299
v1,1790758527248416,SAT,1792,10728d70e0641a69:0x115a2d,6127091
v1,1790758527250117,SAT,38,10728d70e0641a69:0x115a2d,6127129
v1,1790758527250458,UNSAT,114,10728d70e0641a69:0x115a2d,6127243
v1,1790758527250501,SAT,26,10728d70e0641a69:0x115a2d,6127269
v1,1790758527250751,UNSAT,98,10728d70e0641a69:0x115a2d,6127367
v1,1790758527250846,SAT,59,10728d70e0641a69:0x115a2d,6127426
v1,1790758527251037,SAT,67,10728d70e0641a69:0x115a2d,6127493
v1,1790758527254793,SAT,3253,10728d70e0641a69:0x115a2d,6130746
v1,1790758527258007,SAT,40,10728d70e0641a69:0x115a2d,6130786
v1,1790758527258343,UNSAT,114,10728d70e0641a69:0x115a2d,6130900
v1,1790758527258378,SAT,21,10728d70e0641a69:0x115a2d,6130921
v1,1790758527258625,UNSAT,101,10728d70e0641a69:0x115a2d,6131022
v1,1790758527258717,SAT,57,10728d70e0641a69:0x115a2d,6131079
v1,1790758527258898,SAT,66,10728d70e0641a69:0x115a2d,6131145
v1,1790758527259472,SAT,359,10728d70e0641a69:0x115a2d,6131504
v1,1790758527259523,SAT,25,10728d70e0641a69:0x115a2d,6131529
v1,1790758527259701,UNSAT,72,10728d70e0641a69:0x115a2d,6131601
v1,1790758527259727,SAT,17,10728d70e0641a69:0x115a2d,6131618
v1,1790758527259876,UNSAT,61,10728d70e0641a69:0x115a2d,6131679
v1,1790758527259943,SAT,53,10728d70e0641a69:0x115a2d,6131732
v1,1790758527260097,SAT,61,10728d70e0641a69:0x115a2d,6131793
v1,1790758527260667,SAT,338,10728d70e0641a69:0x115a2d,6132131
v1,1790758527260722,SAT,33,10728d70e0641a69:0x115a2d,6132164
v1,1790758527260889,UNSAT,70,10728d70e0641a69:0x115a2d,6132234
v1,1790758527260916,SAT,18,10728d70e0641a69:0x115a2d,6132252
v1,1790758527261071,UNSAT,69,10728d70e0641a69:0x115a2d,6132321
v1,1790758527261138,SAT,52,10728d70e0641a69:0x115a2d,6132373
v1,1790758527261288,SAT,63,10728d70e0641a69:0x115a2d,6132436
v1,1790758527261765,SAT,342,10728d70e0641a69:0x115a2d,6132778
v1,1790758527261814,SAT,23,10728d70e0641a69:0x115a2d,6132801
v1,1790758527262080,UNSAT,112,10728d70e0641a69:0x115a2d,6132913
v1,1790758527262110,SAT,19,10728d70e0641a69:0x115a2d,6132932
v1,1790758527262357,UNSAT,112,10728d70e0641a69:0x115a2d,6133044
v1,1790758527262453,SAT,56,10728d70e0641a69:0x115a2d,6133100
v1,1790758527262644,SAT,57,10728d70e0641a69:0x115a2d,6133157
v1,1790758527263092,SAT,321,10728d70e0641a69:0x115a2d,6133478
v1,1790758527263142,SAT,30,10728d70e0641a69:0x115a2d,6133508
v1,1790758527263323,UNSAT,79,10728d70e0641a69:0x115a2d,6133587
v1,1790758527263349,SAT,17,10728d70e0641a69:0x115a2d,6133604
v1,1790758527263513,UNSAT,69,10728d70e0641a69:0x115a2d,6133673
v1,1790758527263585,SAT,56,10728d70e0641a69:0x115a2d,6133729
v1,1790758527263738,SAT,62,10728d70e0641a69:0x115a2d,6133791
v1,1790758527264173,SAT,320,10728d70e0641a69:0x115a2d,6134111
v1,1790758527264216,SAT,23,10728d70e0641a69:0x115a2d,6134134
v1,1790758527264382,UNSAT,67,10728d70e0641a69:0x115a2d,6134201
v1,1790758527264408,SAT,17,10728d70e0641a69:0x115a2d,6134218
v1,1790758527264552,UNSAT,59,10728d70e0641a69:0x115a2d,6134277
v1,1790758527264617,SAT,52,10728d70e0641a69:0x115a2d,6134329
v1,1790758527264751,SAT,52,10728d70e0641a69:0x115a2d,6134381
v1,1790758527267032,SAT,1794,10728d70e0641a69:0x115a2d,6136175
v1,1790758527268700,SAT,47,10728d70e0641a69:0x115a2d,6136222
v1,1790758527269026,UNSAT,112,10728d70e0641a69:0x115a2d,6136334
v1,1790758527269058,SAT,19,10728d70e0641a69:0x115a2d,6136353
v1,1790758527269338,UNSAT,128,10728d70e0641a69:0x115a2d,6136481
v1,1790758527269445,SAT,63,10728d70e0641a69:0x115a2d,6136544
v1,1790758527269644,SAT,63,10728d70e0641a69:0x115a2d,6136607
v1,1790758527273401,SAT,3257,10728d70e0641a69:0x115a2d,6139864
v1,1790758527276572,SAT,50,10728d70e0641a69:0x115a2d,6139914
v1,1790758527276910,UNSAT,124,10728d70e0641a69:0x115a2d,6140038
v1,1790758527276953,SAT,29,10728d70e0641a69:0x115a2d,6140067
v1,1790758527277201,UNSAT,95,10728d70e0641a69:0x115a2d,6140162
v1,1790758527277305,SAT,64,10728d70e0641a69:0x115a2d,6140226
v1,1790758527277513,SAT,66,10728d70e0641a69:0x115a2d,6140292
v1,1790758527278030,SAT,362,10728d70e0641a69:0x115a2d,6140654
v1,1790758527278098,SAT,30,10728d70e0641a69:0x115a2d,6140684
v1,1790758527278359,UNSAT,127,10728d70e0641a69:0x115a2d,6140811
v1,1790758527278396,SAT,18,10728d70e0641a69:0x115a2d,6140829
v1,1790758527278586,UNSAT,76,10728d70e0641a69:0x115a2d,6140905
v1,1790758527278669,SAT,67,10728d70e0641a69:0x115a2d,6140972
v1,1790758527278835,SAT,65,10728d70e0641a69:0x115a2d,6141037
v1,1790758527284297,SAT,4920,10728d70e0641a69:0x115a2d,6145957
v1,1790758527289007,SAT,74,10728d70e0641a69:0x115a2d,6146031
v1,1790758527289457,UNSAT,162,10728d70e0641a69:0x115a2d,6146193
v1,1790758527289556,SAT,48,10728d70e0641a69:0x115a2d,6146241
v1,1790758527289912,UNSAT,146,10728d70e0641a69:0x115a2d,6146387
v1,1790758527290022,SAT,63,10728d70e0641a69:0x115a2d,6146450
v1,1790758527290286,SAT,112,10728d70e0641a69:0x115a2d,6146562
v1,1790758527290893,SAT,353,10728d70e0641a69:0x115a2d,6146915
v1,1790758527290940,SAT,23,10728d70e0641a69:0x115a2d,6146938
v1,1790758527291136,UNSAT,81,10728d70e0641a69:0x115a2d,6147019
v1,1790758527291172,SAT,23,10728d70e0641a69:0x115a2d,6147042
v1,1790758527291341,UNSAT,69,10728d70e0641a69:0x115a2d,6147111
v1,1790758527291417,SAT,59,10728d70e0641a69:0x115a2d,6147170
v1,1790758527291577,SAT,62,10728d70e0641a69:0x115a2d,6147232
v1,1790758527292100,SAT,340,10728d70e0641a69:0x115a2d,6147572
v1,1790758527292143,SAT,22,10728d70e0641a69:0x115a2d,6147594
v1,1790758527292346,UNSAT,84,10728d70e0641a69:0x115a2d,6147678
v1,1790758527292386,SAT,25,10728d70e0641a69:0x115a2d,6147703
v1,1790758527292555,UNSAT,64,10728d70e0641a69:0x115a2d,6147767
v1,1790758527292623,SAT,54,10728d70e0641a69:0x115a2d,6147821
v1,1790758527292767,SAT,55,10728d70e0641a69:0x115a2d,6147876
v1,1790758527293232,SAT,328,10728d70e0641a69:0x115a2d,6148204
v1,1790758527293284,SAT,23,10728d70e0641a69:0x115a2d,6148227
v1,1790758527293451,UNSAT,68,10728d70e0641a69:0x115a2d,6148295
v1,1790758527293483,SAT,22,10728d70e0641a69:0x115a2d,6148317
v1,1790758527293634,UNSAT,66,10728d70e0641a69:0x115a2d,6148383
v1,1790758527293700,SAT,52,10728d70e0641a69:0x115a2d,6148435
v1,1790758527293846,SAT,54,10728d70e0641a69:0x115a2d,6148489
v1,1790758527294363,SAT,338,10728d70e0641a69:0x115a2d,6148827
v1,1790758527294983,SAT,591,10728d70e0641a69:0x115a2d,6149418
v1,1790758527295289,UNSAT,124,10728d70e0641a69:0x115a2d,6149542
v1,1790758527296339,SAT,1035,10728d70e0641a69:0x115a2d,6150577
v1,1790758527296603,UNSAT,105,10728d70e0641a69:0x115a2d,6150682
v1,1790758527296715,SAT,67,10728d70e0641a69:0x115a2d,6150749
v1,1790758527296919,SAT,71,10728d70e0641a69:0x115a2d,6150820
v1,1790758527297418,SAT,355,10728d70e0641a69:0x115a2d,6151175
v1,1790758527297469,SAT,28,10728d70e0641a69:0x115a2d,6151203
v1,1790758527297647,UNSAT,78,10728d70e0641a69:0x115a2d,6151281
v1,1790758527297676,SAT,19,10728d70e0641a69:0x115a2d,6151300
v1,1790758527297837,UNSAT,69,10728d70e0641a69:0x115a2d,6151369
v1,1790758527297907,SAT,57,10728d70e0641a69:0x115a2d,6151426
v1,1790758527298057,SAT,68,10728d70e0641a69:0x115a2d,6151494
v1,1790758527300409,SAT,1821,10728d70e0641a69:0x115a2d,6153315
v1,1790758527302096,SAT,38,10728d70e0641a69:0x115a2d,6153353
v1,1790758527302553,UNSAT,145,10728d70e0641a69:0x115a2d,6153498
v1,1790758527302603,SAT,33,10728d70e0641a69:0x115a2d,6153531
v1,1790758527302879,UNSAT,107,10728d70e0641a69:0x115a2d,6153638
v1,1790758527302991,SAT,70,10728d70e0641a69:0x115a2d,6153708
v1,1790758527303201,SAT,66,10728d70e0641a69:0x115a2d,6153774
v1,1790758527307186,SAT,3493,10728d70e0641a69:0x115a2d,6157267
v1,1790758527310958,SAT,54,10728d70e0641a69:0x115a2d,6157321
v1,1790758527311346,UNSAT,130,10728d70e0641a69:0x115a2d,6157451
v1,1790758527311392,SAT,30,10728d70e0641a69:0x115a2d,6157481
v1,1790758527311651,UNSAT,101,10728d70e0641a69:0x115a2d,6157582
v1,1790758527311749,SAT,57,10728d70e0641a69:0x115a2d,6157639
v1,1790758527311956,SAT,64,10728d70e0641a69:0x115a2d,6157703
v1,1790758527317290,SAT,4757,10728d70e0641a69:0x115a2d,6162460
v1,1790758527321900,SAT,44,10728d70e0641a69:0x115a2d,6162504
v1,1790758527322243,UNSAT,116,10728d70e0641a69:0x115a2d,6162620
v1,1790758527322280,SAT,20,10728d70e0641a69:0x115a2d,6162640
v1,1790758527322548,UNSAT,103,10728d70e0641a69:0x115a2d,6162743
v1,1790758527322645,SAT,56,10728d70e0641a69:0x115a2d,6162799
v1,1790758527322842,SAT,60,10728d70e0641a69:0x115a2d,6162859
v1,1790758527323451,SAT,375,10728d70e0641a69:0x115a2d,6163234
v1,1790758527323505,SAT,30,10728d70e0641a69:0x115a2d,6163264
v1,1790758527323699,UNSAT,83,10728d70e0641a69:0x115a2d,6163347
v1,1790758527323739,SAT,28,10728d70e0641a69:0x115a2d,6163375
v1,1790758527323900,UNSAT,64,10728d70e0641a69:0x115a2d,6163439
v1,1790758527323978,SAT,63,10728d70e0641a69:0x115a2d,6163502
v1,1790758527324126,SAT,57,10728d70e0641a69:0x115a2d,6163559
v1,1790758527324693,SAT,332,10728d70e0641a69:0x115a2d,6163891
v1,1790758527324760,SAT,46,10728d70e0641a69:0x115a2d,6163937
v1,1790758527324934,UNSAT,72,10728d70e0641a69:0x115a2d,6164009
v1,1790758527324971,SAT,29,10728d70e0641a69:0x115a2d,6164038
v1,1790758527325131,UNSAT,68,10728d70e0641a69:0x115a2d,6164106
v1,1790758527325212,SAT,66,10728d70e0641a69:0x115a2d,6164172
v1,1790758527325368,SAT,62,10728d70e0641a69:0x115a2d,6164234
v1,1790758527325846,SAT,337,10728d70e0641a69:0x115a2d,6164571
v1,1790758527325898,SAT,23,10728d70e0641a69:0x115a2d,6164594
v1,1790758527326163,UNSAT,106,10728d70e0641a69:0x115a2d,6164700
v1,1790758527326192,SAT,19,10728d70e0641a69:0x115a2d,6164719
v1,1790758527326442,UNSAT,100,10728d70e0641a69:0x115a2d,6164819
v1,1790758527326543,SAT,60,10728d70e0641a69:0x115a2d,6164879
v1,1790758527326732,SAT,68,10728d70e0641a69:0x115a2d,6164947
v1,1790758527327197,SAT,332,10728d70e0641a69:0x115a2d,6165279
v1,1790758527327244,SAT,26,10728d70e0641a69:0x115a2d,6165305
v1,1790758527327462,UNSAT,83,10728d70e0641a69:0x115a2d,6165388
v1,1790758527327497,SAT,24,10728d70e0641a69:0x115a2d,6165412
v1,1790758527327655,UNSAT,67,10728d70e0641a69:0x115a2d,6165479
v1,1790758527327725,SAT,56,10728d70e0641a69:0x115a2d,6165535
v1,1790758527327871,SAT,62,10728d70e0641a69:0x115a2d,6165597
v1,1790758527328332,SAT,328,10728d70e0641a69:0x115a2d,6165925
v1,1790758527328376,SAT,25,10728d70e0641a69:0x115a2d,6165950
v1,1790758527328552,UNSAT,75,10728d70e0641a69:0x115a2d,6166025
v1,1790758527328585,SAT,24,10728d70e0641a69:0x115a2d,6166049
v1,1790758527328733,UNSAT,60,10728d70e0641a69:0x115a2d,6166109
v1,1790758527328799,SAT,53,10728d70e0641a69:0x115a2d,6166162
v1,1790758527328953,SAT,68,10728d70e0641a69:0x115a2d,6166230
v1,1790758527331683,SAT,1863,10728d70e0641a69:0x115a2d,6168093
v1,1790758527333350,SAT,39,10728d70e0641a69:0x115a2d,6168132
v1,1790758527333695,UNSAT,126,10728d70e0641a69:0x115a2d,6168258
v1,1790758527333748,SAT,35,10728d70e0641a69:0x115a2d,6168293
v1,1790758527334015,UNSAT,110,10728d70e0641a69:0x115a2d,6168403
v1,1790758527334126,SAT,67,10728d70e0641a69:0x115a2d,6168470
v1,1790758527334360,SAT,73,10728d70e0641a69:0x115a2d,6168543
v1,1790758527338225,SAT,3317,10728d70e0641a69:0x115a2d,6171860
v1,1790758527341399,SAT,49,10728d70e0641a69:0x115a2d,6171909
v1,1790758527341790,UNSAT,128,10728d70e0641a69:0x115a2d,6172037
v1,1790758527341835,SAT,27,10728d70e0641a69:0x115a2d,6172064
v1,1790758527342115,UNSAT,109,10728d70e0641a69:0x115a2d,6172173
v1,1790758527342222,SAT,64,10728d70e0641a69:0x115a2d,6172237
v1,1790758527342452,SAT,73,10728d70e0641a69:0x115a2d,6172310
v1,1790758527347862,SAT,4822,10728d70e0641a69:0x115a2d,6177132
v1,1790758527352537,SAT,52,10728d70e0641a69:0x115a2d,6177184
v1,1790758527352905,UNSAT,125,10728d70e0641a69:0x115a2d,6177309
v1,1790758527352983,SAT,59,10728d70e0641a69:0x115a2d,6177368
v1,1790758527353254,UNSAT,112,10728d70e0641a69:0x115a2d,6177480
v1,1790758527353380,SAT,80,10728d70e0641a69:0x115a2d,6177560
v1,1790758527353605,SAT,69,10728d70e0641a69:0x115a2d,6177629
v1,1790758527354196,SAT,358,10728d70e0641a69:0x115a2d,6177987
v1,1790758527354269,SAT,47,10728d70e0641a69:0x115a2d,6178034
v1,1790758527354482,UNSAT,95,10728d70e0641a69:0x115a2d,6178129
v1,1790758527354528,SAT,27,10728d70e0641a69:0x115a2d,6178156
v1,1790758527354706,UNSAT,72,10728d70e0641a69:0x115a2d,6178228
v1,1790758527354785,SAT,62,10728d70e0641a69:0x115a2d,6178290
v1,1790758527354946,SAT,62,10728d70e0641a69:0x115a2d,6178352
v1,1790758527355430,SAT,341,10728d70e0641a69:0x115a2d,6178693
v1,1790758527355482,SAT,28,10728d70e0641a69:0x115a2d,6178721
v1,1790758527355665,UNSAT,82,10728d70e0641a69:0x115a2d,6178803
v1,1790758527355701,SAT,24,10728d70e0641a69:0x115a2d,6178827
v1,1790758527355866,UNSAT,70,10728d70e0641a69:0x115a2d,6178897
v1,1790758527355939,SAT,58,10728d70e0641a69:0x115a2d,6178955
v1,1790758527356094,SAT,64,10728d70e0641a69:0x115a2d,6179019
v1,1790758527356650,SAT,332,10728d70e0641a69:0x115a2d,6179351
v1,1790758527356728,SAT,51,10728d70e0641a69:0x115a2d,6179402
v1,1790758527357000,UNSAT,118,10728d70e0641a69:0x115a2d,6179520
v1,1790758527357035,SAT,22,10728d70e0641a69:0x115a2d,6179542
v1,1790758527357282,UNSAT,107,10728d70e0641a69:0x115a2d,6179649
v1,1790758527357386,SAT,58,10728d70e0641a69:0x115a2d,6179707
v1,1790758527357571,SAT,59,10728d70e0641a69:0x115a2d,6179766
v1,1790758527358095,SAT,343,10728d70e0641a69:0x115a2d,6180109
v1,1790758527358143,SAT,24,10728d70e0641a69:0x115a2d,6180133
v1,1790758527358340,UNSAT,84,10728d70e0641a69:0x115a2d,6180217
v1,1790758527358382,SAT,31,10728d70e0641a69:0x115a2d,6180248
v1,1790758527358552,UNSAT,74,10728d70e0641a69:0x115a2d,6180322
v1,1790758527358628,SAT,60,10728d70e0641a69:0x115a2d,6180382
v1,1790758527358780,SAT,64,10728d70e0641a69:0x115a2d,6180446
v1,1790758527360938,SAT,1756,10728d70e0641a69:0x115a2d,6182202
v1,1790758527362588,SAT,47,10728d70e0641a69:0x115a2d,6182249
v1,1790758527362939,UNSAT,125,10728d70e0641a69:0x115a2d,6182374
v1,1790758527362980,SAT,24,10728d70e0641a69:0x115a2d,6182398
v1,1790758527363236,UNSAT,107,10728d70e0641a69:0x115a2d,6182505
v1,1790758527363367,SAT,68,10728d70e0641a69:0x115a2d,6182573
v1,1790758527363586,SAT,73,10728d70e0641a69:0x115a2d,6182646
v1,1790758527364151,SAT,354,10728d70e0641a69:0x115a2d,6183000
v1,1790758527364218,SAT,43,10728d70e0641a69:0x115a2d,6183043
v1,1790758527364409,UNSAT,74,10728d70e0641a69:0x115a2d,6183117
v1,1790758527364442,SAT,21,10728d70e0641a69:0x115a2d,6183138
v1,1790758527364603,UNSAT,68,10728d70e0641a69:0x115a2d,6183206
v1,1790758527364675,SAT,56,10728d70e0641a69:0x115a2d,6183262
v1,1790758527364834,SAT,58,10728d70e0641a69:0x115a2d,6183320
v1,1790758527368564,SAT,3269,10728d70e0641a69:0x115a2d,6186589
v1,1790758527371817,SAT,55,10728d70e0641a69:0x115a2d,6186644
v1,1790758527372230,UNSAT,146,10728d70e0641a69:0x115a2d,6186790
v1,1790758527372287,SAT,32,10728d70e0641a69:0x115a2d,6186822
v1,1790758527372569,UNSAT,110,10728d70e0641a69:0x115a2d,6186932
v1,1790758527372674,SAT,59,10728d70e0641a69:0x115a2d,6186991
v1,1790758527372896,SAT,66,10728d70e0641a69:0x115a2d,6187057
v1,1790758527378654,SAT,5205,10728d70e0641a69:0x115a2d,6192262
v1,1790758527383661,SAT,64,10728d70e0641a69:0x115a2d,6192326
v1,1790758527384164,UNSAT,164,10728d70e0641a69:0x115a2d,6192490
v1,1790758527384238,SAT,49,10728d70e0641a69:0x115a2d,6192539
v1,1790758527384598,UNSAT,149,10728d70e0641a69:0x115a2d,6192688
v1,1790758527384841,SAT,114,10728d70e0641a69:0x115a2d,6192802
v1,1790758527385193,SAT,103,10728d70e0641a69:0x115a2d,6192905
v1,1790758527386215,SAT,549,10728d70e0641a69:0x115a2d,6193454
v1,1790758527386304,SAT,41,10728d70e0641a69:0x115a2d,6193495
v1,1790758527386626,UNSAT,130,10728d70e0641a69:0x115a2d,6193625
v1,1790758527386674,SAT,25,10728d70e0641a69:0x115a2d,6193650
v1,1790758527386881,UNSAT,81,10728d70e0641a69:0x115a2d,6193731
v1,1790758527386963,SAT,62,10728d70e0641a69:0x115a2d,6193793
v1,1790758527387148,SAT,70,10728d70e0641a69:0x115a2d,6193863
v1,1790758527387745,SAT,402,10728d70e0641a69:0x115a2d,6194265
v1,1790758527387808,SAT,30,10728d70e0641a69:0x115a2d,6194295
v1,1790758527388035,UNSAT,91,10728d70e0641a69:0x115a2d,6194386
v1,1790758527388077,SAT,27,10728d70e0641a69:0x115a2d,6194413
v1,1790758527388294,UNSAT,101,10728d70e0641a69:0x115a2d,6194514
v1,1790758527388382,SAT,64,10728d70e0641a69:0x115a2d,6194578
v1,1790758527388559,SAT,66,10728d70e0641a69:0x115a2d,6194644
v1,1790758527389068,SAT,354,10728d70e0641a69:0x115a2d,6194998
v1,1790758527389129,SAT,35,10728d70e0641a69:0x115a2d,6195033
v1,1790758527389350,UNSAT,87,10728d70e0641a69:0x115a2d,6195120
v1,1790758527389388,SAT,27,10728d70e0641a69:0x115a2d,6195147
v1,1790758527389581,UNSAT,86,10728d70e0641a69:0x115a2d,6195233
v1,1790758527389665,SAT,66,10728d70e0641a69:0x115a2d,6195299
v1,1790758527389823,SAT,59,10728d70e0641a69:0x115a2d,6195358
v1,1790758527390711,SAT,373,10728d70e0641a69:0x115a2d,6195731
v1,1790758527390797,SAT,40,10728d70e0641a69:0x115a2d,6195771
v1,1790758527391156,UNSAT,138,10728d70e0641a69:0x115a2d,6195909
v1,1790758527391205,SAT,33,10728d70e0641a69:0x115a2d,6195942
v1,1790758527391492,UNSAT,114,10728d70e0641a69:0x115a2d,6196056
v1,1790758527391609,SAT,67,10728d70e0641a69:0x115a2d,6196123
v1,1790758527391820,SAT,64,10728d70e0641a69:0x115a2d,6196187
v1,1790758527392351,SAT,370,10728d70e0641a69:0x115a2d,6196557
v1,1790758527392415,SAT,36,10728d70e0641a69:0x115a2d,6196593
v1,1790758527392626,UNSAT,80,10728d70e0641a69:0x115a2d,6196673
v1,1790758527392667,SAT,30,10728d70e0641a69:0x115a2d,6196703
v1,1790758527392840,UNSAT,67,10728d70e0641a69:0x115a2d,6196770
v1,1790758527392917,SAT,61,10728d70e0641a69:0x115a2d,6196831
v1,1790758527393097,SAT,82,10728d70e0641a69:0x115a2d,6196913
v1,1790758527395496,SAT,1886,10728d70e0641a69:0x115a2d,6198799
v1,1790758527397222,SAT,55,10728d70e0641a69:0x115a2d,6198854
v1,1790758527397637,UNSAT,131,10728d70e0641a69:0x115a2d,6198985
v1,1790758527397685,SAT,30,10728d70e0641a69:0x115a2d,6199015
v1,1790758527397953,UNSAT,103,10728d70e0641a69:0x115a2d,6199118
v1,1790758527398063,SAT,60,10728d70e0641a69:0x115a2d,6199178
v1,1790758527398284,SAT,86,10728d70e0641a69:0x115a2d,6199264
v1,1790758527402349,SAT,3483,10728d70e0641a69:0x115a2d,6202747
v1,1790758527405600,SAT,56,10728d70e0641a69:0x115a2d,6202803
v1,1790758527405995,UNSAT,139,10728d70e0641a69:0x115a2d,6202942
v1,1790758527406040,SAT,30,10728d70e0641a69:0x115a2d,6202972
v1,1790758527406321,UNSAT,115,10728d70e0641a69:0x115a2d,6203087
v1,1790758527406429,SAT,64,10728d70e0641a69:0x115a2d,6203151
v1,1790758527406642,SAT,68,10728d70e0641a69:0x115a2d,6203219
v1,1790758527412062,SAT,4783,10728d70e0641a69:0x115a2d,6208002
v1,1790758527416772,SAT,72,10728d70e0641a69:0x115a2d,6208074
v1,1790758527417152,UNSAT,138,10728d70e0641a69:0x115a2d,6208212
v1,1790758527417189,SAT,21,10728d70e0641a69:0x115a2d,6208233
v1,1790758527417489,UNSAT,121,10728d70e0641a69:0x115a2d,6208354
v1,1790758527417596,SAT,63,10728d70e0641a69:0x115a2d,6208417
v1,1790758527417794,SAT,61,10728d70e0641a69:0x115a2d,6208478
v1,1790758527418429,SAT,361,10728d70e0641a69:0x115a2d,6208839
v1,1790758527418491,SAT,37,10728d70e0641a69:0x115a2d,6208876
v1,1790758527418682,UNSAT,76,10728d70e0641a69:0x115a2d,6208952
v1,1790758527418715,SAT,22,10728d70e0641a69:0x115a2d,6208974
v1,1790758527418872,UNSAT,64,10728d70e0641a69:0x115a2d,6209038
v1,1790758527418942,SAT,55,10728d70e0641a69:0x115a2d,6209093
v1,1790758527419111,SAT,76,10728d70e0641a69:0x115a2d,6209169
v1,1790758527419675,SAT,358,10728d70e0641a69:0x115a2d,6209527
v1,1790758527419740,SAT,28,10728d70e0641a69:0x115a2d,6209555
v1,1790758527420041,UNSAT,120,10728d70e0641a69:0x115a2d,6209675
v1,1790758527420073,SAT,20,10728d70e0641a69:0x115a2d,6209695
v1,1790758527420333,UNSAT,120,10728d70e0641a69:0x115a2d,6209815
v1,1790758527420437,SAT,60,10728d70e0641a69:0x115a2d,6209875
v1,1790758527420625,SAT,57,10728d70e0641a69:0x115a2d,6209932
v1,1790758527421101,SAT,336,10728d70e0641a69:0x115a2d,6210268
v1,1790758527421153,SAT,32,10728d70e0641a69:0x115a2d,6210300
v1,1790758527421330,UNSAT,78,10728d70e0641a69:0x115a2d,6210378
v1,1790758527421361,SAT,21,10728d70e0641a69:0x115a2d,6210399
v1,1790758527421527,UNSAT,70,10728d70e0641a69:0x115a2d,6210469
v1,1790758527421601,SAT,60,10728d70e0641a69:0x115a2d,6210529
v1,1790758527421744,SAT,59,10728d70e0641a69:0x115a2d,6210588
v1,1790758527422194,SAT,327,10728d70e0641a69:0x115a2d,6210915
v1,1790758527422236,SAT,23,10728d70e0641a69:0x115a2d,6210938
v1,1790758527422422,UNSAT,78,10728d70e0641a69:0x115a2d,6211016
v1,1790758527422461,SAT,30,10728d70e0641a69:0x115a2d,6211046
v1,1790758527422625,UNSAT,70,10728d70e0641a69:0x115a2d,6211116
v1,1790758527422693,SAT,54,10728d70e0641a69:0x115a2d,6211170
v1,1790758527422829,SAT,54,10728d70e0641a69:0x115a2d,6211224
v1,1790758527425079,SAT,1741,10728d70e0641a69:0x115a2d,6212965
v1,1790758527426711,SAT,54,10728d70e0641a69:0x115a2d,6213019
v1,1790758527427018,UNSAT,113,10728d70e0641a69:0x115a2d,6213132
v1,1790758527427052,SAT,21,10728d70e0641a69:0x115a2d,6213153
v1,1790758527427315,UNSAT,108,10728d70e0641a69:0x115a2d,6213261
v1,1790758527427425,SAT,64,10728d70e0641a69:0x115a2d,6213325
v1,1790758527427634,SAT,66,10728d70e0641a69:0x115a2d,6213391
v1,1790758527431458,SAT,3269,10728d70e0641a69:0x115a2d,6216660
v1,1790758527434643,SAT,74,10728d70e0641a69:0x115a2d,6216734
v1,1790758527434999,UNSAT,125,10728d70e0641a69:0x115a2d,6216859
v1,1790758527435072,SAT,59,10728d70e0641a69:0x115a2d,6216918
v1,1790758527435353,UNSAT,116,10728d70e0641a69:0x115a2d,6217034
v1,1790758527435459,SAT,61,10728d70e0641a69:0x115a2d,6217095
v1,1790758527435663,SAT,67,10728d70e0641a69:0x115a2d,6217162
v1,1790758527436184,SAT,354,10728d70e0641a69:0x115a2d,6217516
v1,1790758527436232,SAT,26,10728d70e0641a69:0x115a2d,6217542
v1,1790758527436416,UNSAT,72,10728d70e0641a69:0x115a2d,6217614
v1,1790758527436449,SAT,23,10728d70e0641a69:0x115a2d,6217637
v1,1790758527436600,UNSAT,68,10728d70e0641a69:0x115a2d,6217705
v1,1790758527436678,SAT,57,10728d70e0641a69:0x115a2d,6217762
v1,1790758527437022,SAT,88,10728d70e0641a69:0x115a2d,6217850
v1,1790758527443111,SAT,5417,10728d70e0641a69:0x115a2d,6223267
v1,1790758527447967,SAT,69,10728d70e0641a69:0x115a2d,6223336
v1,1790758527448433,UNSAT,148,10728d70e0641a69:0x115a2d,6223484
v1,1790758527448484,SAT,29,10728d70e0641a69:0x115a2d,6223513
v1,1790758527448798,UNSAT,117,10728d70e0641a69:0x115a2d,6223630
v1,1790758527448911,SAT,59,10728d70e0641a69:0x115a2d,6223689
v1,1790758527449134,SAT,66,10728d70e0641a69:0x115a2d,6223755
v1,1790758527449783,SAT,371,10728d70e0641a69:0x115a2d,6224126
v1,1790758527449843,SAT,26,10728d70e0641a69:0x115a2d,6224152
v1,1790758527450052,UNSAT,79,10728d70e0641a69:0x115a2d,6224231
v1,1790758527450085,SAT,21,10728d70e0641a69:0x115a2d,6224252
v1,1790758527450255,UNSAT,72,10728d70e0641a69:0x115a2d,6224324
v1,1790758527450338,SAT,63,10728d70e0641a69:0x115a2d,6224387
v1,1790758527450494,SAT,58,10728d70e0641a69:0x115a2d,6224445
v1,1790758527451059,SAT,352,10728d70e0641a69:0x115a2d,6224797
v1,1790758527451110,SAT,22,10728d70e0641a69:0x115a2d,6224819
v1,1790758527451318,UNSAT,95,10728d70e0641a69:0x115a2d,6224914
v1,1790758527451372,SAT,40,10728d70e0641a69:0x115a2d,6224954
v1,1790758527451556,UNSAT,71,10728d70e0641a69:0x115a2d,6225025
v1,1790758527451634,SAT,58,10728d70e0641a69:0x115a2d,6225083
v1,1790758527451808,SAT,72,10728d70e0641a69:0x115a2d,6225155
v1,1790758527452319,SAT,359,10728d70e0641a69:0x115a2d,6225514
v1,1790758527452407,SAT,55,10728d70e0641a69:0x115a2d,6225569
v1,1790758527452697,UNSAT,104,10728d70e0641a69:0x115a2d,6225673
v1,1790758527452782,SAT,47,10728d70e0641a69:0x115a2d,6225720
v1,1790758527453128,UNSAT,128,10728d70e0641a69:0x115a2d,6225848
v1,1790758527453283,SAT,113,10728d70e0641a69:0x115a2d,6225961
v1,1790758527453616,SAT,120,10728d70e0641a69:0x115a2d,6226081
v1,1790758527454519,SAT,544,10728d70e0641a69:0x115a2d,6226625
v1,1790758527454601,SAT,30,10728d70e0641a69:0x115a2d,6226655
v1,1790758527454933,UNSAT,126,10728d70e0641a69:0x115a2d,6226781
v1,1790758527454970,SAT,22,10728d70e0641a69:0x115a2d,6226803
v1,1790758527455263,UNSAT,132,10728d70e0641a69:0x115a2d,6226935
v1,1790758527455473,SAT,111,10728d70e0641a69:0x115a2d,6227046
v1,1790758527455751,SAT,83,10728d70e0641a69:0x115a2d,6227129
v1,1790758527456322,SAT,388,10728d70e0641a69:0x115a2d,6227517
v1,1790758527456401,SAT,31,10728d70e0641a69:0x115a2d,6227548
v1,1790758527456617,UNSAT,86,10728d70e0641a69:0x115a2d,6227634
v1,1790758527456674,SAT,45,10728d70e0641a69:0x115a2d,6227679
v1,1790758527456872,UNSAT,85,10728d70e0641a69:0x115a2d,6227764
v1,1790758527457040,SAT,113,10728d70e0641a69:0x115a2d,6227877
v1,1790758527457203,SAT,64,10728d70e0641a69:0x115a2d,6227941
v1,1790758527459620,SAT,1856,10728d70e0641a69:0x115a2d,6229797
v1,1790758527461382,SAT,56,10728d70e0641a69:0x115a2d,6229853
v1,1790758527461764,UNSAT,133,10728d70e0641a69:0x115a2d,6229986
v1,1790758527461804,SAT,23,10728d70e0641a69:0x115a2d,6230009
v1,1790758527462071,UNSAT,102,10728d70e0641a69:0x115a2d,6230111
v1,1790758527462172,SAT,57,10728d70e0641a69:0x115a2d,6230168
v1,1790758527462385,SAT,64,10728d70e0641a69:0x115a2d,6230232
v1,1790758527466201,SAT,3322,10728d70e0641a69:0x115a2d,6233554
v1,1790758527469379,SAT,64,10728d70e0641a69:0x115a2d,6233618
v1,1790758527469781,UNSAT,130,10728d70e0641a69:0x115a2d,6233748
v1,1790758527469822,SAT,24,10728d70e0641a69:0x115a2d,6233772
v1,1790758527470098,UNSAT,112,10728d70e0641a69:0x115a2d,6233884
v1,1790758527470199,SAT,57,10728d70e0641a69:0x115a2d,6233941
v1,1790758527470424,SAT,64,10728d70e0641a69:0x115a2d,6234005
v1,1790758527475773,SAT,4772,10728d70e0641a69:0x115a2d,6238777
v1,1790758527480411,SAT,48,10728d70e0641a69:0x115a2d,6238825
v1,1790758527480767,UNSAT,123,10728d70e0641a69:0x115a2d,6238948
v1,1790758527480814,SAT,32,10728d70e0641a69:0x115a2d,6238980
v1,1790758527481090,UNSAT,109,10728d70e0641a69:0x115a2d,6239089
v1,1790758527481193,SAT,63,10728d70e0641a69:0x115a2d,6239152
v1,1790758527481409,SAT,67,10728d70e0641a69:0x115a2d,6239219
v1,1790758527481991,SAT,351,10728d70e0641a69:0x115a2d,6239570
v1,1790758527482040,SAT,24,10728d70e0641a69:0x115a2d,6239594
v1,1790758527482228,UNSAT,77,10728d70e0641a69:0x115a2d,6239671
v1,1790758527482270,SAT,28,10728d70e0641a69:0x115a2d,6239699
v1,1790758527482438,UNSAT,64,10728d70e0641a69:0x115a2d,6239763
v1,1790758527482510,SAT,55,10728d70e0641a69:0x115a2d,6239818
v1,1790758527482656,SAT,56,10728d70e0641a69:0x115a2d,6239874
v1,1790758527483205,SAT,331,10728d70e0641a69:0x115a2d,6240205
v1,1790758527483253,SAT,27,10728d70e0641a69:0x115a2d,6240232
v1,1790758527483430,UNSAT,76,10728d70e0641a69:0x115a2d,6240308
v1,1790758527483458,SAT,19,10728d70e0641a69:0x115a2d,6240327
v1,1790758527483621,UNSAT,68,10728d70e0641a69:0x115a2d,6240395
v1,1790758527483688,SAT,53,10728d70e0641a69:0x115a2d,6240448
v1,1790758527483847,SAT,64,10728d70e0641a69:0x115a2d,6240512
v1,1790758527484320,SAT,346,10728d70e0641a69:0x115a2d,6240858
v1,1790758527484378,SAT,26,10728d70e0641a69:0x115a2d,6240884
v1,1790758527484659,UNSAT,116,10728d70e0641a69:0x115a2d,6241000
v1,1790758527484695,SAT,25,10728d70e0641a69:0x115a2d,6241025
v1,1790758527484950,UNSAT,99,10728d70e0641a69:0x115a2d,6241124
v1,1790758527485053,SAT,60,10728d70e0641a69:0x115a2d,6241184
v1,1790758527485252,SAT,74,10728d70e0641a69:0x115a2d,6241258
v1,1790758527485735,SAT,335,10728d70e0641a69:0x115a2d,6241593
v1,1790758527485780,SAT,23,10728d70e0641a69:0x115a2d,6241616
v1,1790758527485958,UNSAT,70,10728d70e0641a69:0x115a2d,6241686
v1,1790758527485988,SAT,21,10728d70e0641a69:0x115a2d,6241707
v1,1790758527486141,UNSAT,63,10728d70e0641a69:0x115a2d,6241770
v1,1790758527486209,SAT,54,10728d70e0641a69:0x115a2d,6241824
v1,1790758527486374,SAT,66,10728d70e0641a69:0x115a2d,6241890
v1,1790758527486813,SAT,317,10728d70e0641a69:0x115a2d,6242207
v1,1790758527486858,SAT,25,10728d70e0641a69:0x115a2d,6242232
v1,1790758527487024,UNSAT,70,10728d70e0641a69:0x115a2d,6242302
v1,1790758527487051,SAT,18,10728d70e0641a69:0x115a2d,6242320
v1,1790758527487206,UNSAT,69,10728d70e0641a69:0x115a2d,6242389
v1,1790758527487294,SAT,71,10728d70e0641a69:0x115a2d,6242460
v1,1790758527487451,SAT,59,10728d70e0641a69:0x115a2d,6242519
v1,1790758527489678,SAT,1762,10728d70e0641a69:0x115a2d,6244281
v1,1790758527491302,SAT,42,10728d70e0641a69:0x115a2d,6244323
v1,1790758527491619,UNSAT,124,10728d70e0641a69:0x115a2d,6244447
v1,1790758527491658,SAT,26,10728d70e0641a69:0x115a2d,6244473
v1,1790758527491914,UNSAT,104,10728d70e0641a69:0x115a2d,6244577
v1,1790758527492020,SAT,64,10728d70e0641a69:0x115a2d,6244641
v1,1790758527492213,SAT,59,10728d70e0641a69:0x115a2d,6244700
v1,1790758527495991,SAT,3265,10728d70e0641a69:0x115a2d,6247965
v1,1790758527499188,SAT,65,10728d70e0641a69:0x115a2d,6248030
v1,1790758527499544,UNSAT,126,10728d70e0641a69:0x115a2d,6248156
v1,1790758527499592,SAT,34,10728d70e0641a69:0x115a2d,6248190
v1,1790758527499860,UNSAT,108,10728d70e0641a69:0x115a2d,6248298
v1,1790758527499967,SAT,64,10728d70e0641a69:0x115a2d,6248362
v1,1790758527500163,SAT,61,10728d70e0641a69:0x115a2d,6248423
v1,1790758527505518,SAT,4786,10728d70e0641a69:0x115a2d,6253209
v1,1790758527510160,SAT,45,10728d70e0641a69:0x115a2d,6253254
v1,1790758527510505,UNSAT,117,10728d70e0641a69:0x115a2d,6253371
v1,1790758527510541,SAT,22,10728d70e0641a69:0x115a2d,6253393
v1,1790758527510815,UNSAT,113,10728d70e0641a69:0x115a2d,6253506
v1,1790758527510915,SAT,57,10728d70e0641a69:0x115a2d,6253563
v1,1790758527511121,SAT,63,10728d70e0641a69:0x115a2d,6253626
v1,1790758527511696,SAT,349,10728d70e0641a69:0x115a2d,6253975
v1,1790758527511740,SAT,21,10728d70e0641a69:0x115a2d,6253996
v1,1790758527511912,UNSAT,69,10728d70e0641a69:0x115a2d,6254065
v1,1790758527511952,SAT,31,10728d70e0641a69:0x115a2d,6254096
v1,1790758527512099,UNSAT,62,10728d70e0641a69:0x115a2d,6254158
v1,1790758527512173,SAT,58,10728d70e0641a69:0x115a2d,6254216
v1,1790758527512347,SAT,64,10728d70e0641a69:0x115a2d,6254280
v1,1790758527512824,SAT,342,10728d70e0641a69:0x115a2d,6254622
v1,1790758527512883,SAT,37,10728d70e0641a69:0x115a2d,6254659
v1,1790758527513065,UNSAT,80,10728d70e0641a69:0x115a2d,6254739
v1,1790758527513096,SAT,21,10728d70e0641a69:0x115a2d,6254760
v1,1790758527513274,UNSAT,84,10728d70e0641a69:0x115a2d,6254844
v1,1790758527513350,SAT,60,10728d70e0641a69:0x115a2d,6254904
v1,1790758527513501,SAT,58,10728d70e0641a69:0x115a2d,6254962
v1,1790758527514064,SAT,330,10728d70e0641a69:0x115a2d,6255292
v1,1790758527514118,SAT,24,10728d70e0641a69:0x115a2d,6255316
v1,1790758527514381,UNSAT,109,10728d70e0641a69:0x115a2d,6255425
v1,1790758527514416,SAT,24,10728d70e0641a69:0x115a2d,6255449
v1,1790758527514652,UNSAT,100,10728d70e0641a69:0x115a2d,6255549
v1,1790758527514751,SAT,60,10728d70e0641a69:0x115a2d,6255609
v1,1790758527514939,SAT,63,10728d70e0641a69:0x115a2d,6255672
v1,1790758527515463,SAT,351,10728d70e0641a69:0x115a2d,6256023
v1,1790758527515528,SAT,35,10728d70e0641a69:0x115a2d,6256058
v1,1790758527515746,UNSAT,83,10728d70e0641a69:0x115a2d,6256141
v1,1790758527515780,SAT,22,10728d70e0641a69:0x115a2d,6256163
v1,1790758527515941,UNSAT,69,10728d70e0641a69:0x115a2d,6256232
v1,1790758527516012,SAT,56,10728d70e0641a69:0x115a2d,6256288
v1,1790758527516155,SAT,55,10728d70e0641a69:0x115a2d,6256343
v1,1790758527518354,SAT,1785,10728d70e0641a69:0x115a2d,6258128
v1,1790758527520122,SAT,70,10728d70e0641a69:0x115a2d,6258198
v1,1790758527520455,UNSAT,122,10728d70e0641a69:0x115a2d,6258320
v1,1790758527520494,SAT,25,10728d70e0641a69:0x115a2d,6258345
v1,1790758527520739,UNSAT,103,10728d70e0641a69:0x115a2d,6258448
v1,1790758527520854,SAT,72,10728d70e0641a69:0x115a2d,6258520
v1,1790758527521051,SAT,65,10728d70e0641a69:0x115a2d,6258585
v1,1790758527521621,SAT,360,10728d70e0641a69:0x115a2d,6258945
v1,1790758527521681,SAT,33,10728d70e0641a69:0x115a2d,6258978
v1,1790758527521884,UNSAT,77,10728d70e0641a69:0x115a2d,6259055
v1,1790758527521924,SAT,31,10728d70e0641a69:0x115a2d,6259086
v1,1790758527522102,UNSAT,83,10728d70e0641a69:0x115a2d,6259169
v1,1790758527522177,SAT,60,10728d70e0641a69:0x115a2d,6259229
v1,1790758527522330,SAT,61,10728d70e0641a69:0x115a2d,6259290
v1,1790758527526080,SAT,3307,10728d70e0641a69:0x115a2d,6262597
v1,1790758527529309,SAT,90,10728d70e0641a69:0x115a2d,6262687
v1,1790758527529646,UNSAT,125,10728d70e0641a69:0x115a2d,6262812
v1,1790758527529690,SAT,29,10728d70e0641a69:0x115a2d,6262841
v1,1790758527529957,UNSAT,107,10728d70e0641a69:0x115a2d,6262948
v1,1790758527530062,SAT,65,10728d70e0641a69:0x115a2d,6263013
v1,1790758527530293,SAT,74,10728d70e0641a69:0x115a2d,6263087
v1,1790758527535570,SAT,4773,10728d70e0641a69:0x115a2d,6267860
v1,1790758527540231,SAT,48,10728d70e0641a69:0x115a2d,6267908
v1,1790758527540587,UNSAT,129,10728d70e0641a69:0x115a2d,6268037
v1,1790758527540627,SAT,25,10728d70e0641a69:0x115a2d,6268062
v1,1790758527540881,UNSAT,102,10728d70e0641a69:0x115a2d,6268164
v1,1790758527540983,SAT,62,10728d70e0641a69:0x115a2d,6268226
v1,1790758527541237,SAT,122,10728d70e0641a69:0x115a2d,6268348
v1,1790758527541923,SAT,361,10728d70e0641a69:0x115a2d,6268709
v1,1790758527541972,SAT,25,10728d70e0641a69:0x115a2d,6268734
v1,1790758527542148,UNSAT,74,10728d70e0641a69:0x115a2d,6268808
v1,1790758527542174,SAT,17,10728d70e0641a69:0x115a2d,6268825
v1,1790758527542338,UNSAT,65,10728d70e0641a69:0x115a2d,6268890
v1,1790758527542406,SAT,54,10728d70e0641a69:0x115a2d,6268944
v1,1790758527542551,SAT,56,10728d70e0641a69:0x115a2d,6269000
v1,1790758527543013,SAT,328,10728d70e0641a69:0x115a2d,6269328
v1,1790758527543054,SAT,21,10728d70e0641a69:0x115a2d,6269349
v1,1790758527543229,UNSAT,74,10728d70e0641a69:0x115a2d,6269423
v1,1790758527543269,SAT,28,10728d70e0641a69:0x115a2d,6269451
v1,1790758527543434,UNSAT,67,10728d70e0641a69:0x115a2d,6269518
v1,1790758527543502,SAT,54,10728d70e0641a69:0x115a2d,6269572
v1,1790758527543644,SAT,58,10728d70e0641a69:0x115a2d,6269630
v1,1790758527544081,SAT,327,10728d70e0641a69:0x115a2d,6269957
v1,1790758527544122,SAT,21,10728d70e0641a69:0x115a2d,6269978
v1,1790758527544300,UNSAT,78,10728d70e0641a69:0x115a2d,6270056
v1,1790758527544367,SAT,58,10728d70e0641a69:0x115a2d,6270114
v1,1790758527544524,UNSAT,68,10728d70e0641a69:0x115a2d,6270182
v1,1790758527544597,SAT,59,10728d70e0641a69:0x115a2d,6270241
v1,1790758527544740,SAT,60,10728d70e0641a69:0x115a2d,6270301
v1,1790758527545540,SAT,350,10728d70e0641a69:0x115a2d,6270651
v1,1790758527545731,SAT,160,10728d70e0641a69:0x115a2d,6270811
v1,1790758527546024,UNSAT,121,10728d70e0641a69:0x115a2d,6270932
v1,1790758527546160,SAT,122,10728d70e0641a69:0x115a2d,6271054
v1,1790758527546436,UNSAT,112,10728d70e0641a69:0x115a2d,6271166
v1,1790758527546641,SAT,75,10728d70e0641a69:0x115a2d,6271241
v1,1790758527546843,SAT,71,10728d70e0641a69:0x115a2d,6271312
v1,1790758527547376,SAT,371,10728d70e0641a69:0x115a2d,6271683
v1,1790758527547430,SAT,29,10728d70e0641a69:0x115a2d,6271712
v1,1790758527547634,UNSAT,79,10728d70e0641a69:0x115a2d,6271791
v1,1790758527547671,SAT,24,10728d70e0641a69:0x115a2d,6271815
v1,1790758527547870,UNSAT,79,10728d70e0641a69:0x115a2d,6271894
v1,1790758527548002,SAT,108,10728d70e0641a69:0x115a2d,6272002
v1,1790758527548296,SAT,107,10728d70e0641a69:0x115a2d,6272109
v1,1790758527550591,SAT,1795,10728d70e0641a69:0x115a2d,6273904
v1,1790758527552236,SAT,43,10728d70e0641a69:0x115a2d,6273947
v1,1790758527552583,UNSAT,127,10728d70e0641a69:0x115a2d,6274074
v1,1790758527552622,SAT,25,10728d70e0641a69:0x115a2d,6274099
v1,1790758527552878,UNSAT,107,10728d70e0641a69:0x115a2d,6274206
v1,1790758527552987,SAT,62,10728d70e0641a69:0x115a2d,6274268
v1,1790758527553182,SAT,63,10728d70e0641a69:0x115a2d,6274331
v1,1790758527557068,SAT,3293,10728d70e0641a69:0x115a2d,6277624
v1,1790758527560287,SAT,73,10728d70e0641a69:0x115a2d,6277697
v1,1790758527560655,UNSAT,128,10728d70e0641a69:0x115a2d,6277825
v1,1790758527560695,SAT,25,10728d70e0641a69:0x115a2d,6277850
v1,1790758527560946,UNSAT,100,10728d70e0641a69:0x115a2d,6277950
v1,1790758527561048,SAT,56,10728d70e0641a69:0x115a2d,6278006
v1,1790758527561240,SAT,59,10728d70e0641a69:0x115a2d,6278065
v1,1790758527566614,SAT,4762,10728d70e0641a69:0x115a2d,6282827
v1,1790758527571343,SAT,149,10728d70e0641a69:0x115a2d,6282976
v1,1790758527571717,UNSAT,126,10728d70e0641a69:0x115a2d,6283102
v1,1790758527571758,SAT,25,10728d70e0641a69:0x115a2d,6283127
v1,1790758527572039,UNSAT,110,10728d70e0641a69:0x115a2d,6283237
v1,1790758527572147,SAT,66,10728d70e0641a69:0x115a2d,6283303
v1,1790758527572376,SAT,80,10728d70e0641a69:0x115a2d,6283383
v1,1790758527572999,SAT,347,10728d70e0641a69:0x115a2d,6283730
v1,1790758527573045,SAT,22,10728d70e0641a69:0x115a2d,6283752
v1,1790758527573224,UNSAT,74,10728d70e0641a69:0x115a2d,6283826
v1,1790758527573258,SAT,25,10728d70e0641a69:0x115a2d,6283851
v1,1790758527573429,UNSAT,73,10728d70e0641a69:0x115a2d,6283924
v1,1790758527573501,SAT,57,10728d70e0641a69:0x115a2d,6283981
v1,1790758527573654,SAT,64,10728d70e0641a69:0x115a2d,6284045
v1,1790758527574111,SAT,332,10728d70e0641a69:0x115a2d,6284377
v1,1790758527574160,SAT,22,10728d70e0641a69:0x115a2d,6284399
v1,1790758527574421,UNSAT,110,10728d70e0641a69:0x115a2d,6284509
v1,1790758527574454,SAT,24,10728d70e0641a69:0x115a2d,6284533
v1,1790758527574670,UNSAT,96,10728d70e0641a69:0x115a2d,6284629
v1,1790758527574765,SAT,54,10728d70e0641a69:0x115a2d,6284683
v1,1790758527574966,SAT,66,10728d70e0641a69:0x115a2d,6284749
v1,1790758527575441,SAT,340,10728d70e0641a69:0x115a2d,6285089
v1,1790758527575494,SAT,30,10728d70e0641a69:0x115a2d,6285119
v1,1790758527575674,UNSAT,76,10728d70e0641a69:0x115a2d,6285195
v1,1790758527575715,SAT,29,10728d70e0641a69:0x115a2d,6285224
v1,1790758527575872,UNSAT,66,10728d70e0641a69:0x115a2d,6285290
v1,1790758527575940,SAT,54,10728d70e0641a69:0x115a2d,6285344
v1,1790758527576084,SAT,61,10728d70e0641a69:0x115a2d,6285405
v1,1790758527576558,SAT,349,10728d70e0641a69:0x115a2d,6285754
v1,1790758527576604,SAT,25,10728d70e0641a69:0x115a2d,6285779
v1,1790758527576780,UNSAT,74,10728d70e0641a69:0x115a2d,6285853
v1,1790758527576818,SAT,27,10728d70e0641a69:0x115a2d,6285880
v1,1790758527576975,UNSAT,72,10728d70e0641a69:0x115a2d,6285952
v1,1790758527577047,SAT,58,10728d70e0641a69:0x115a2d,6286010
v1,1790758527577190,SAT,57,10728d70e0641a69:0x115a2d,6286067
v1,1790758527579424,SAT,1735,10728d70e0641a69:0x115a2d,6287802
v1,1790758527581060,SAT,45,10728d70e0641a69:0x115a2d,6287847
v1,1790758527581380,UNSAT,114,10728d70e0641a69:0x115a2d,6287961
v1,1790758527581417,SAT,24,10728d70e0641a69:0x115a2d,6287985
v1,1790758527581665,UNSAT,99,10728d70e0641a69:0x115a2d,6288084
v1,1790758527581763,SAT,56,10728d70e0641a69:0x115a2d,6288140
v1,1790758527581965,SAT,60,10728d70e0641a69:0x115a2d,6288200
v1,1790758527585710,SAT,3228,10728d70e0641a69:0x115a2d,6291428
v1,1790758527588901,SAT,69,10728d70e0641a69:0x115a2d,6291497
v1,1790758527589356,UNSAT,232,10728d70e0641a69:0x115a2d,6291729
v1,1790758527589407,SAT,34,10728d70e0641a69:0x115a2d,6291763
v1,1790758527589682,UNSAT,111,10728d70e0641a69:0x115a2d,6291874
v1,1790758527589787,SAT,60,10728d70e0641a69:0x115a2d,6291934
v1,1790758527589990,SAT,67,10728d70e0641a69:0x115a2d,6292001
v1,1790758527590515,SAT,368,10728d70e0641a69:0x115a2d,6292369
v1,1790758527590578,SAT,37,10728d70e0641a69:0x115a2d,6292406
v1,1790758527590774,UNSAT,82,10728d70e0641a69:0x115a2d,6292488
v1,1790758527590806,SAT,21,10728d70e0641a69:0x115a2d,6292509
v1,1790758527590969,UNSAT,69,10728d70e0641a69:0x115a2d,6292578
v1,1790758527591044,SAT,61,10728d70e0641a69:0x115a2d,6292639
v1,1790758527591212,SAT,64,10728d70e0641a69:0x115a2d,6292703
v1,1790758527596549,SAT,4775,10728d70e0641a69:0x115a2d,6297478
v1,1790758527601221,SAT,73,10728d70e0641a69:0x115a2d,6297551
v1,1790758527601611,UNSAT,138,10728d70e0641a69:0x115a2d,6297689
v1,1790758527601653,SAT,26,10728d70e0641a69:0x115a2d,6297715
v1,1790758527601928,UNSAT,104,10728d70e0641a69:0x115a2d,6297819
v1,1790758527602028,SAT,56,10728d70e0641a69:0x115a2d,6297875
v1,1790758527602225,SAT,59,10728d70e0641a69:0x115a2d,6297934
v1,1790758527602814,SAT,346,10728d70e0641a69:0x115a2d,6298280
v1,1790758527602860,SAT,23,10728d70e0641a69:0x115a2d,6298303
v1,1790758527603038,UNSAT,76,10728d70e0641a69:0x115a2d,6298379
v1,1790758527603072,SAT,24,10728d70e0641a69:0x115a2d,6298403
v1,1790758527603219,UNSAT,61,10728d70e0641a69:0x115a2d,6298464
v1,1790758527603294,SAT,62,10728d70e0641a69:0x115a2d,6298526
v1,1790758527603454,SAT,66,10728d70e0641a69:0x115a2d,6298592
v1,1790758527603971,SAT,345,10728d70e0641a69:0x115a2d,6298937
v1,1790758527604028,SAT,36,10728d70e0641a69:0x115a2d,6298973
v1,1790758527604211,UNSAT,74,10728d70e0641a69:0x115a2d,6299047
v1,1790758527604265,SAT,44,10728d70e0641a69:0x115a2d,6299091
v1,1790758527604420,UNSAT,66,10728d70e0641a69:0x115a2d,6299157
v1,1790758527604499,SAT,64,10728d70e0641a69:0x115a2d,6299221
v1,1790758527604653,SAT,59,10728d70e0641a69:0x115a2d,6299280
v1,1790758527605099,SAT,321,10728d70e0641a69:0x115a2d,6299601
v1,1790758527605148,SAT,30,10728d70e0641a69:0x115a2d,6299631
v1,1790758527605319,UNSAT,77,10728d70e0641a69:0x115a2d,6299708
v1,1790758527605370,SAT,39,10728d70e0641a69:0x115a2d,6299747
v1,1790758527605525,UNSAT,67,10728d70e0641a69:0x115a2d,6299814
v1,1790758527605596,SAT,56,10728d70e0641a69:0x115a2d,6299870
v1,1790758527605747,SAT,59,10728d70e0641a69:0x115a2d,6299929
v1,1790758527606263,SAT,338,10728d70e0641a69:0x115a2d,6300267
v1,1790758527606320,SAT,27,10728d70e0641a69:0x115a2d,6300294
v1,1790758527606592,UNSAT,119,10728d70e0641a69:0x115a2d,6300413
v1,1790758527606628,SAT,24,10728d70e0641a69:0x115a2d,6300437
v1,1790758527606855,UNSAT,101,10728d70e0641a69:0x115a2d,6300538
v1,1790758527606958,SAT,58,10728d70e0641a69:0x115a2d,6300596
v1,1790758527607146,SAT,62,10728d70e0641a69:0x115a2d,6300658
v1,1790758527607615,SAT,337,10728d70e0641a69:0x115a2d,6300995
v1,1790758527607658,SAT,21,10728d70e0641a69:0x115a2d,6301016
v1,1790758527607824,UNSAT,70,10728d70e0641a69:0x115a2d,6301086
v1,1790758527607850,SAT,17,10728d70e0641a69:0x115a2d,6301103
v1,1790758527608018,UNSAT,74,10728d70e0641a69:0x115a2d,6301177
v1,1790758527608093,SAT,60,10728d70e0641a69:0x115a2d,6301237
v1,1790758527608240,SAT,63,10728d70e0641a69:0x115a2d,6301300
v1,1790758527610512,SAT,1778,10728d70e0641a69:0x115a2d,6303078
v1,1790758527612159,SAT,67,10728d70e0641a69:0x115a2d,6303145
v1,1790758527612482,UNSAT,124,10728d70e0641a69:0x115a2d,6303269
v1,1790758527612517,SAT,22,10728d70e0641a69:0x115a2d,6303291
v1,1790758527612764,UNSAT,101,10728d70e0641a69:0x115a2d,6303392
v1,1790758527612862,SAT,55,10728d70e0641a69:0x115a2d,6303447
v1,1790758527613049,SAT,58,10728d70e0641a69:0x115a2d,6303505
v1,1790758527616792,SAT,3280,10728d70e0641a69:0x115a2d,6306785
v1,1790758527619948,SAT,64,10728d70e0641a69:0x115a2d,6306849
v1,1790758527620297,UNSAT,131,10728d70e0641a69:0x115a2d,6306980
v1,1790758527620345,SAT,28,10728d70e0641a69:0x115a2d,6307008
v1,1790758527620615,UNSAT,108,10728d70e0641a69:0x115a2d,6307116
v1,1790758527620720,SAT,59,10728d70e0641a69:0x115a2d,6307175
v1,1790758527620913,SAT,59,10728d70e0641a69:0x115a2d,6307234
v1,1790758527626271,SAT,4746,10728d70e0641a69:0x115a2d,6311980
v1,1790758527630923,SAT,52,10728d70e0641a69:0x115a2d,6312032
v1,1790758527631283,UNSAT,124,10728d70e0641a69:0x115a2d,6312156
v1,1790758527631331,SAT,21,10728d70e0641a69:0x115a2d,6312177
v1,1790758527631595,UNSAT,101,10728d70e0641a69:0x115a2d,6312278
v1,1790758527631694,SAT,56,10728d70e0641a69:0x115a2d,6312334
v1,1790758527631895,SAT,69,10728d70e0641a69:0x115a2d,6312403
v1,1790758527632494,SAT,367,10728d70e0641a69:0x115a2d,6312770
v1,1790758527632545,SAT,25,10728d70e0641a69:0x115a2d,6312795
v1,1790758527632730,UNSAT,73,10728d70e0641a69:0x115a2d,6312868
v1,1790758527632756,SAT,17,10728d70e0641a69:0x115a2d,6312885
v1,1790758527632912,UNSAT,64,10728d70e0641a69:0x115a2d,6312949
v1,1790758527632978,SAT,51,10728d70e0641a69:0x115a2d,6313000
v1,1790758527633116,SAT,55,10728d70e0641a69:0x115a2d,6313055
v1,1790758527633690,SAT,342,10728d70e0641a69:0x115a2d,6313397
v1,1790758527633736,SAT,24,10728d70e0641a69:0x115a2d,6313421
v1,1790758527633920,UNSAT,76,10728d70e0641a69:0x115a2d,6313497
v1,1790758527633956,SAT,26,10728d70e0641a69:0x115a2d,6313523
v1,1790758527634108,UNSAT,63,10728d70e0641a69:0x115a2d,6313586
v1,1790758527634177,SAT,54,10728d70e0641a69:0x115a2d,6313640
v1,1790758527634330,SAT,63,10728d70e0641a69:0x115a2d,6313703
v1,1790758527634778,SAT,326,10728d70e0641a69:0x115a2d,6314029
v1,1790758527634837,SAT,30,10728d70e0641a69:0x115a2d,6314059
v1,1790758527635088,UNSAT,103,10728d70e0641a69:0x115a2d,6314162
v1,1790758527635157,SAT,57,10728d70e0641a69:0x115a2d,6314219
v1,1790758527635393,UNSAT,94,10728d70e0641a69:0x115a2d,6314313
v1,1790758527635485,SAT,55,10728d70e0641a69:0x115a2d,6314368
v1,1790758527635658,SAT,57,10728d70e0641a69:0x115a2d,6314425
v1,1790758527636128,SAT,325,10728d70e0641a69:0x115a2d,6314750
v1,1790758527636172,SAT,22,10728d70e0641a69:0x115a2d,6314772
v1,1790758527636355,UNSAT,72,10728d70e0641a69:0x115a2d,6314844
v1,1790758527636384,SAT,20,10728d70e0641a69:0x115a2d,6314864
v1,1790758527636540,UNSAT,65,10728d70e0641a69:0x115a2d,6314929
v1,1790758527636608,SAT,54,10728d70e0641a69:0x115a2d,6314983
v1,1790758527636754,SAT,55,10728d70e0641a69:0x115a2d,6315038
v1,1790758527637186,SAT,307,10728d70e0641a69:0x115a2d,6315345
v1,1790758527637223,SAT,19,10728d70e0641a69:0x115a2d,6315364
v1,1790758527637402,UNSAT,79,10728d70e0641a69:0x115a2d,6315443
v1,1790758527637433,SAT,21,10728d70e0641a69:0x115a2d,6315464
v1,1790758527637586,UNSAT,67,10728d70e0641a69:0x115a2d,6315531
v1,1790758527637659,SAT,59,10728d70e0641a69:0x115a2d,6315590
v1,1790758527637806,SAT,61,10728d70e0641a69:0x115a2d,6315651
v1,1790758527640115,SAT,1852,10728d70e0641a69:0x115a2d,6317503
v1,1790758527641755,SAT,43,10728d70e0641a69:0x115a2d,6317546
v1,1790758527642078,UNSAT,123,10728d70e0641a69:0x115a2d,6317669
v1,1790758527642132,SAT,40,10728d70e0641a69:0x115a2d,6317709
v1,1790758527642424,UNSAT,107,10728d70e0641a69:0x115a2d,6317816
v1,1790758527642525,SAT,61,10728d70e0641a69:0x115a2d,6317877
v1,1790758527642721,SAT,66,10728d70e0641a69:0x115a2d,6317943
v1,1790758527646530,SAT,3309,10728d70e0641a69:0x115a2d,6321252
v1,1790758527649710,SAT,71,10728d70e0641a69:0x115a2d,6321323
v1,1790758527650040,UNSAT,119,10728d70e0641a69:0x115a2d,6321442
v1,1790758527650076,SAT,22,10728d70e0641a69:0x115a2d,6321464
v1,1790758527650332,UNSAT,102,10728d70e0641a69:0x115a2d,6321566
v1,1790758527650438,SAT,65,10728d70e0641a69:0x115a2d,6321631
v1,1790758527650640,SAT,68,10728d70e0641a69:0x115a2d,6321699
v1,1790758527655950,SAT,4763,10728d70e0641a69:0x115a2d,6326462
v1,1790758527660601,SAT,52,10728d70e0641a69:0x115a2d,6326514
v1,1790758527660942,UNSAT,118,10728d70e0641a69:0x115a2d,6326632
v1,1790758527660977,SAT,21,10728d70e0641a69:0x115a2d,6326653
v1,1790758527661222,UNSAT,95,10728d70e0641a69:0x115a2d,6326748
v1,1790758527661335,SAT,65,10728d70e0641a69:0x115a2d,6326813
v1,1790758527661543,SAT,68,10728d70e0641a69:0x115a2d,6326881
v1,1790758527662131,SAT,353,10728d70e0641a69:0x115a2d,6327234
v1,1790758527662175,SAT,22,10728d70e0641a69:0x115a2d,6327256
v1,1790758527662360,UNSAT,78,10728d70e0641a69:0x115a2d,6327334
v1,1790758527662392,SAT,22,10728d70e0641a69:0x115a2d,6327356
v1,1790758527662543,UNSAT,64,10728d70e0641a69:0x115a2d,6327420
v1,1790758527662617,SAT,58,10728d70e0641a69:0x115a2d,6327478
v1,1790758527662758,SAT,56,10728d70e0641a69:0x115a2d,6327534
v1,1790758527663209,SAT,322,10728d70e0641a69:0x115a2d,6327856
v1,1790758527663262,SAT,35,10728d70e0641a69:0x115a2d,6327891
v1,1790758527663430,UNSAT,73,10728d70e0641a69:0x115a2d,6327964
v1,1790758527663461,SAT,21,10728d70e0641a69:0x115a2d,6327985
v1,1790758527663624,UNSAT,75,10728d70e0641a69:0x115a2d,6328060
v1,1790758527663690,SAT,52,10728d70e0641a69:0x115a2d,6328112
v1,1790758527663824,SAT,53,10728d70e0641a69:0x115a2d,6328165
v1,1790758527664390,SAT,341,10728d70e0641a69:0x115a2d,6328506
v1,1790758527664445,SAT,28,10728d70e0641a69:0x115a2d,6328534
v1,1790758527664709,UNSAT,108,10728d70e0641a69:0x115a2d,6328642
v1,1790758527664741,SAT,21,10728d70e0641a69:0x115a2d,6328663
v1,1790758527664987,UNSAT,96,10728d70e0641a69:0x115a2d,6328759
v1,1790758527665082,SAT,55,10728d70e0641a69:0x115a2d,6328814
v1,1790758527665277,SAT,67,10728d70e0641a69:0x115a2d,6328881
v1,1790758527665788,SAT,340,10728d70e0641a69:0x115a2d,6329221
v1,1790758527665831,SAT,23,10728d70e0641a69:0x115a2d,6329244
v1,1790758527666001,UNSAT,75,10728d70e0641a69:0x115a2d,6329319
v1,1790758527666031,SAT,21,10728d70e0641a69:0x115a2d,6329340
v1,1790758527666185,UNSAT,61,10728d70e0641a69:0x115a2d,6329401
v1,1790758527666257,SAT,58,10728d70e0641a69:0x115a2d,6329459
v1,1790758527666402,SAT,58,10728d70e0641a69:0x115a2d,6329517
v1,1790758527668524,SAT,1738,10728d70e0641a69:0x115a2d,6331255
v1,1790758527670156,SAT,57,10728d70e0641a69:0x115a2d,6331312
v1,1790758527670452,UNSAT,109,10728d70e0641a69:0x115a2d,6331421
v1,1790758527670482,SAT,18,10728d70e0641a69:0x115a2d,6331439
v1,1790758527670729,UNSAT,98,10728d70e0641a69:0x115a2d,6331537
v1,1790758527670825,SAT,55,10728d70e0641a69:0x115a2d,6331592
v1,1790758527671012,SAT,58,10728d70e0641a69:0x115a2d,6331650
v1,1790758527671556,SAT,354,10728d70e0641a69:0x115a2d,6332004
v1,1790758527671600,SAT,22,10728d70e0641a69:0x115a2d,6332026
v1,1790758527671784,UNSAT,74,10728d70e0641a69:0x115a2d,6332100
v1,1790758527671824,SAT,30,10728d70e0641a69:0x115a2d,6332130
v1,1790758527671982,UNSAT,63,10728d70e0641a69:0x115a2d,6332193
v1,1790758527672049,SAT,54,10728d70e0641a69:0x115a2d,6332247
v1,1790758527672210,SAT,68,10728d70e0641a69:0x115a2d,6332315
v1,1790758527675878,SAT,3233,10728d70e0641a69:0x115a2d,6335548
v1,1790758527679018,SAT,66,10728d70e0641a69:0x115a2d,6335614
v1,1790758527679346,UNSAT,123,10728d70e0641a69:0x115a2d,6335737
v1,1790758527679387,SAT,27,10728d70e0641a69:0x115a2d,6335764
v1,1790758527679656,UNSAT,103,10728d70e0641a69:0x115a2d,6335867
v1,1790758527679753,SAT,55,10728d70e0641a69:0x115a2d,6335922
v1,1790758527679946,SAT,61,10728d70e0641a69:0x115a2d,6335983
v1,1790758527685308,SAT,4814,10728d70e0641a69:0x115a2d,6340797
v1,1790758527689945,SAT,48,10728d70e0641a69:0x115a2d,6340845
v1,1790758527690288,UNSAT,125,10728d70e0641a69:0x115a2d,6340970
v1,1790758527690333,SAT,30,10728d70e0641a69:0x115a2d,6341000
v1,1790758527690591,UNSAT,99,10728d70e0641a69:0x115a2d,6341099
v1,1790758527690695,SAT,60,10728d70e0641a69:0x115a2d,6341159
v1,1790758527690888,SAT,59,10728d70e0641a69:0x115a2d,6341218
v1,1790758527691544,SAT,356,10728d70e0641a69:0x115a2d,6341574
v1,1790758527691599,SAT,31,10728d70e0641a69:0x115a2d,6341605
v1,1790758527691797,UNSAT,74,10728d70e0641a69:0x115a2d,6341679
v1,1790758527691824,SAT,18,10728d70e0641a69:0x115a2d,6341697
v1,1790758527691974,UNSAT,62,10728d70e0641a69:0x115a2d,6341759
v1,1790758527692043,SAT,54,10728d70e0641a69:0x115a2d,6341813
v1,1790758527692184,SAT,55,10728d70e0641a69:0x115a2d,6341868
v1,1790758527692669,SAT,351,10728d70e0641a69:0x115a2d,6342219
v1,1790758527692728,SAT,38,10728d70e0641a69:0x115a2d,6342257
v1,1790758527692896,UNSAT,69,10728d70e0641a69:0x115a2d,6342326
v1,1790758527692942,SAT,32,10728d70e0641a69:0x115a2d,6342358
v1,1790758527693097,UNSAT,66,10728d70e0641a69:0x115a2d,6342424
v1,1790758527693166,SAT,55,10728d70e0641a69:0x115a2d,6342479
v1,1790758527693312,SAT,59,10728d70e0641a69:0x115a2d,6342538
v1,1790758527693763,SAT,330,10728d70e0641a69:0x115a2d,6342868
v1,1790758527693809,SAT,27,10728d70e0641a69:0x115a2d,6342895
v1,1790758527693976,UNSAT,68,10728d70e0641a69:0x115a2d,6342963
v1,1790758527694001,SAT,17,10728d70e0641a69:0x115a2d,6342980
v1,1790758527694144,UNSAT,60,10728d70e0641a69:0x115a2d,6343040
v1,1790758527694209,SAT,52,10728d70e0641a69:0x115a2d,6343092
v1,1790758527694354,SAT,60,10728d70e0641a69:0x115a2d,6343152
v1,1790758527695143,SAT,335,10728d70e0641a69:0x115a2d,6343487
v1,1790758527695211,SAT,42,10728d70e0641a69:0x115a2d,6343529
v1,1790758527695481,UNSAT,109,10728d70e0641a69:0x115a2d,6343638
v1,1790758527695509,SAT,19,10728d70e0641a69:0x115a2d,6343657
v1,1790758527695754,UNSAT,104,10728d70e0641a69:0x115a2d,6343761
v1,1790758527695910,SAT,83,10728d70e0641a69:0x115a2d,6343844
v1,1790758527696122,SAT,64,10728d70e0641a69:0x115a2d,6343908
v1,1790758527696618,SAT,344,10728d70e0641a69:0x115a2d,6344252
v1,1790758527696660,SAT,21,10728d70e0641a69:0x115a2d,6344273
v1,1790758527696832,UNSAT,76,10728d70e0641a69:0x115a2d,6344349
v1,1790758527696870,SAT,28,10728d70e0641a69:0x115a2d,6344377
v1,1790758527697032,UNSAT,73,10728d70e0641a69:0x115a2d,6344450
v1,1790758527697128,SAT,73,10728d70e0641a69:0x115a2d,6344523
v1,1790758527697308,SAT,74,10728d70e0641a69:0x115a2d,6344597
v1,1790758527699605,SAT,1841,10728d70e0641a69:0x115a2d,6346438
v1,1790758527701311,SAT,44,10728d70e0641a69:0x115a2d,6346482
v1,1790758527701713,UNSAT,146,10728d70e0641a69:0x115a2d,6346628
v1,1790758527701759,SAT,29,10728d70e0641a69:0x115a2d,6346657
v1,1790758527702064,UNSAT,119,10728d70e0641a69:0x115a2d,6346776
v1,1790758527702172,SAT,62,10728d70e0641a69:0x115a2d,6346838
v1,1790758527702400,SAT,70,10728d70e0641a69:0x115a2d,6346908
v1,1790758527706422,SAT,3449,10728d70e0641a69:0x115a2d,6350357
v1,1790758527709718,SAT,49,10728d70e0641a69:0x115a2d,6350406
v1,1790758527710120,UNSAT,129,10728d70e0641a69:0x115a2d,6350535
v1,1790758527710171,SAT,37,10728d70e0641a69:0x115a2d,6350572
v1,1790758527710526,UNSAT,143,10728d70e0641a69:0x115a2d,6350715
v1,1790758527710638,SAT,62,10728d70e0641a69:0x115a2d,6350777
v1,1790758527710856,SAT,64,10728d70e0641a69:0x115a2d,6350841
v1,1790758527716390,SAT,4923,10728d70e0641a69:0x115a2d,6355764
v1,1790758527721197,SAT,64,10728d70e0641a69:0x115a2d,6355828
v1,1790758527721606,UNSAT,139,10728d70e0641a69:0x115a2d,6355967
v1,1790758527721656,SAT,31,10728d70e0641a69:0x115a2d,6355998
v1,1790758527721955,UNSAT,109,10728d70e0641a69:0x115a2d,6356107
v1,1790758527722060,SAT,59,10728d70e0641a69:0x115a2d,6356166
v1,1790758527722335,SAT,77,10728d70e0641a69:0x115a2d,6356243
v1,1790758527722996,SAT,355,10728d70e0641a69:0x115a2d,6356598
v1,1790758527723057,SAT,34,10728d70e0641a69:0x115a2d,6356632
v1,1790758527723256,UNSAT,81,10728d70e0641a69:0x115a2d,6356713
v1,1790758527723287,SAT,20,10728d70e0641a69:0x115a2d,6356733
v1,1790758527723478,UNSAT,78,10728d70e0641a69:0x115a2d,6356811
v1,1790758527723580,SAT,83,10728d70e0641a69:0x115a2d,6356894
v1,1790758527723746,SAT,63,10728d70e0641a69:0x115a2d,6356957
v1,1790758527724246,SAT,343,10728d70e0641a69:0x115a2d,6357300
v1,1790758527724309,SAT,30,10728d70e0641a69:0x115a2d,6357330
v1,1790758527724576,UNSAT,116,10728d70e0641a69:0x115a2d,6357446
v1,1790758527724612,SAT,23,10728d70e0641a69:0x115a2d,6357469
v1,1790758527724853,UNSAT,105,10728d70e0641a69:0x115a2d,6357574
v1,1790758527724959,SAT,60,10728d70e0641a69:0x115a2d,6357634
v1,1790758527725136,SAT,56,10728d70e0641a69:0x115a2d,6357690
v1,1790758527725645,SAT,346,10728d70e0641a69:0x115a2d,6358036
v1,1790758527725698,SAT,29,10728d70e0641a69:0x115a2d,6358065
v1,1790758527725887,UNSAT,77,10728d70e0641a69:0x115a2d,6358142
v1,1790758527725922,SAT,25,10728d70e0641a69:0x115a2d,6358167
v1,1790758527726089,UNSAT,70,10728d70e0641a69:0x115a2d,6358237
v1,1790758527726172,SAT,66,10728d70e0641a69:0x115a2d,6358303
v1,1790758527726329,SAT,61,10728d70e0641a69:0x115a2d,6358364
v1,1790758527726778,SAT,319,10728d70e0641a69:0x115a2d,6358683
v1,1790758527726835,SAT,38,10728d70e0641a69:0x115a2d,6358721
v1,1790758527727002,UNSAT,74,10728d70e0641a69:0x115a2d,6358795
v1,1790758527727035,SAT,23,10728d70e0641a69:0x115a2d,6358818
v1,1790758527727184,UNSAT,60,10728d70e0641a69:0x115a2d,6358878
v1,1790758527727301,SAT,103,10728d70e0641a69:0x115a2d,6358981
v1,1790758527727519,SAT,108,10728d70e0641a69:0x115a2d,6359089
v1,1790758527729882,SAT,1799,10728d70e0641a69:0x115a2d,6360888
v1,1790758527731555,SAT,43,10728d70e0641a69:0x115a2d,6360931
v1,1790758527731890,UNSAT,123,10728d70e0641a69:0x115a2d,6361054
v1,1790758527731930,SAT,26,10728d70e0641a69:0x115a2d,6361080
v1,1790758527732207,UNSAT,112,10728d70e0641a69:0x115a2d,6361192
v1,1790758527732332,SAT,68,10728d70e0641a69:0x115a2d,6361260
v1,1790758527732569,SAT,69,10728d70e0641a69:0x115a2d,6361329
v1,1790758527736404,SAT,3290,10728d70e0641a69:0x115a2d,6364619
v1,1790758527739563,SAT,37,10728d70e0641a69:0x115a2d,6364656
v1,1790758527739880,UNSAT,123,10728d70e0641a69:0x115a2d,6364779
v1,1790758527739919,SAT,26,10728d70e0641a69:0x115a2d,6364805
v1,1790758527740175,UNSAT,105,10728d70e0641a69:0x115a2d,6364910
v1,1790758527740287,SAT,65,10728d70e0641a69:0x115a2d,6364975
v1,1790758527740496,SAT,71,10728d70e0641a69:0x115a2d,6365046
v1,1790758527741005,SAT,355,10728d70e0641a69:0x115a2d,6365401
v1,1790758527741055,SAT,29,10728d70e0641a69:0x115a2d,6365430
v1,1790758527741232,UNSAT,75,10728d70e0641a69:0x115a2d,6365505
v1,1790758527741273,SAT,32,10728d70e0641a69:0x115a2d,6365537
v1,1790758527741453,UNSAT,70,10728d70e0641a69:0x115a2d,6365607
v1,1790758527741525,SAT,56,10728d70e0641a69:0x115a2d,6365663
v1,1790758527741680,SAT,62,10728d70e0641a69:0x115a2d,6365725
v1,1790758527746971,SAT,4763,10728d70e0641a69:0x115a2d,6370488
v1,1790758527751606,SAT,47,10728d70e0641a69:0x115a2d,6370535
v1,1790758527751959,UNSAT,123,10728d70e0641a69:0x115a2d,6370658
v1,1790758527752021,SAT,47,10728d70e0641a69:0x115a2d,6370705
v1,1790758527752276,UNSAT,108,10728d70e0641a69:0x115a2d,6370813
v1,1790758527752376,SAT,57,10728d70e0641a69:0x115a2d,6370870
v1,1790758527752574,SAT,69,10728d70e0641a69:0x115a2d,6370939
v1,1790758527753148,SAT,352,10728d70e0641a69:0x115a2d,6371291
v1,1790758527753207,SAT,38,10728d70e0641a69:0x115a2d,6371329
v1,1790758527753389,UNSAT,75,10728d70e0641a69:0x115a2d,6371404
v1,1790758527753416,SAT,18,10728d70e0641a69:0x115a2d,6371422
v1,1790758527753577,UNSAT,69,10728d70e0641a69:0x115a2d,6371491
v1,1790758527753651,SAT,60,10728d70e0641a69:0x115a2d,6371551
v1,1790758527753801,SAT,59,10728d70e0641a69:0x115a2d,6371610
v1,1790758527754315,SAT,337,10728d70e0641a69:0x115a2d,6371947
v1,1790758527754376,SAT,39,10728d70e0641a69:0x115a2d,6371986
v1,1790758527754557,UNSAT,71,10728d70e0641a69:0x115a2d,6372057
v1,1790758527754584,SAT,19,10728d70e0641a69:0x115a2d,6372076
v1,1790758527754734,UNSAT,66,10728d70e0641a69:0x115a2d,6372142
v1,1790758527754808,SAT,60,10728d70e0641a69:0x115a2d,6372202
v1,1790758527754944,SAT,57,10728d70e0641a69:0x115a2d,6372259
v1,1790758527755414,SAT,332,10728d70e0641a69:0x115a2d,6372591
v1,1790758527755468,SAT,33,10728d70e0641a69:0x115a2d,6372624
v1,1790758527755646,UNSAT,76,10728d70e0641a69:0x115a2d,6372700
v1,1790758527755684,SAT,28,10728d70e0641a69:0x115a2d,6372728
v1,1790758527755843,UNSAT,66,10728d70e0641a69:0x115a2d,6372794
v1,1790758527755912,SAT,55,10728d70e0641a69:0x115a2d,6372849
v1,1790758527756074,SAT,74,10728d70e0641a69:0x115a2d,6372923
v1,1790758527756568,SAT,329,10728d70e0641a69:0x115a2d,6373252
v1,1790758527756618,SAT,25,10728d70e0641a69:0x115a2d,6373277
v1,1790758527756900,UNSAT,113,10728d70e0641a69:0x115a2d,6373390
v1,1790758527756938,SAT,28,10728d70e0641a69:0x115a2d,6373418
v1,1790758527757175,UNSAT,102,10728d70e0641a69:0x115a2d,6373520
v1,1790758527757282,SAT,67,10728d70e0641a69:0x115a2d,6373587
v1,1790758527757464,SAT,58,10728d70e0641a69:0x115a2d,6373645
v1,1790758527757932,SAT,333,10728d70e0641a69:0x115a2d,6373978
v1,1790758527758000,SAT,46,10728d70e0641a69:0x115a2d,6374024
v1,1790758527758166,UNSAT,70,10728d70e0641a69:0x115a2d,6374094
v1,1790758527758193,SAT,17,10728d70e0641a69:0x115a2d,6374111
v1,1790758527758349,UNSAT,65,10728d70e0641a69:0x115a2d,6374176
v1,1790758527758431,SAT,59,10728d70e0641a69:0x115a2d,6374235
v1,1790758527758574,SAT,62,10728d70e0641a69:0x115a2d,6374297
v1,1790758527760874,SAT,1826,10728d70e0641a69:0x115a2d,6376123
v1,1790758527762523,SAT,39,10728d70e0641a69:0x115a2d,6376162
v1,1790758527762839,UNSAT,112,10728d70e0641a69:0x115a2d,6376274
v1,1790758527762878,SAT,27,10728d70e0641a69:0x115a2d,6376301
v1,1790758527763133,UNSAT,105,10728d70e0641a69:0x115a2d,6376406
v1,1790758527763243,SAT,70,10728d70e0641a69:0x115a2d,6376476
v1,1790758527763445,SAT,60,10728d70e0641a69:0x115a2d,6376536
v1,1790758527767132,SAT,3245,10728d70e0641a69:0x115a2d,6379781
v1,1790758527770316,SAT,67,10728d70e0641a69:0x115a2d,6379848
v1,1790758527770683,UNSAT,125,10728d70e0641a69:0x115a2d,6379973
v1,1790758527770721,SAT,25,10728d70e0641a69:0x115a2d,6379998
v1,1790758527771017,UNSAT,107,10728d70e0641a69:0x115a2d,6380105
v1,1790758527771160,SAT,94,10728d70e0641a69:0x115a2d,6380199
v1,1790758527771382,SAT,67,10728d70e0641a69:0x115a2d,6380266
v1,1790758527776928,SAT,4933,10728d70e0641a69:0x115a2d,6385199
v1,1790758527781567,SAT,48,10728d70e0641a69:0x115a2d,6385247
v1,1790758527781918,UNSAT,122,10728d70e0641a69:0x115a2d,6385369
v1,1790758527781988,SAT,56,10728d70e0641a69:0x115a2d,6385425
v1,1790758527782299,UNSAT,149,10728d70e0641a69:0x115a2d,6385574
v1,1790758527782407,SAT,64,10728d70e0641a69:0x115a2d,6385638
v1,1790758527782612,SAT,61,10728d70e0641a69:0x115a2d,6385699
v1,1790758527783189,SAT,351,10728d70e0641a69:0x115a2d,6386050
v1,1790758527783232,SAT,21,10728d70e0641a69:0x115a2d,6386071
v1,1790758527783409,UNSAT,71,10728d70e0641a69:0x115a2d,6386142
v1,1790758527783452,SAT,34,10728d70e0641a69:0x115a2d,6386176
v1,1790758527783603,UNSAT,61,10728d70e0641a69:0x115a2d,6386237
v1,1790758527783673,SAT,55,10728d70e0641a69:0x115a2d,6386292
v1,1790758527783848,SAT,73,10728d70e0641a69:0x115a2d,6386365
v1,1790758527784416,SAT,345,10728d70e0641a69:0x115a2d,6386710
v1,1790758527784467,SAT,29,10728d70e0641a69:0x115a2d,6386739
v1,1790758527784656,UNSAT,77,10728d70e0641a69:0x115a2d,6386816
v1,1790758527784697,SAT,31,10728d70e0641a69:0x115a2d,6386847
v1,1790758527784851,UNSAT,66,10728d70e0641a69:0x115a2d,6386913
v1,1790758527784920,SAT,55,10728d70e0641a69:0x115a2d,6386968
v1,1790758527785059,SAT,57,10728d70e0641a69:0x115a2d,6387025
v1,1790758527785513,SAT,335,10728d70e0641a69:0x115a2d,6387360
v1,1790758527785584,SAT,41,10728d70e0641a69:0x115a2d,6387401
v1,1790758527785844,UNSAT,110,10728d70e0641a69:0x115a2d,6387511
v1,1790758527785875,SAT,20,10728d70e0641a69:0x115a2d,6387531
v1,1790758527786114,UNSAT,103,10728d70e0641a69:0x115a2d,6387634
v1,1790758527786214,SAT,58,10728d70e0641a69:0x115a2d,6387692
v1,1790758527786413,SAT,60,10728d70e0641a69:0x115a2d,6387752
v1,1790758527786881,SAT,334,10728d70e0641a69:0x115a2d,6388086
v1,1790758527786938,SAT,36,10728d70e0641a69:0x115a2d,6388122
v1,1790758527787136,UNSAT,95,10728d70e0641a69:0x115a2d,6388217
v1,1790758527787171,SAT,26,10728d70e0641a69:0x115a2d,6388243
v1,1790758527787333,UNSAT,69,10728d70e0641a69:0x115a2d,6388312
v1,1790758527787403,SAT,55,10728d70e0641a69:0x115a2d,6388367
v1,1790758527787551,SAT,61,10728d70e0641a69:0x115a2d,6388428
v1,1790758527788025,SAT,340,10728d70e0641a69:0x115a2d,6388768
v1,1790758527788068,SAT,24,10728d70e0641a69:0x115a2d,6388792
v1,1790758527788237,UNSAT,69,10728d70e0641a69:0x115a2d,6388861
v1,1790758527788270,SAT,25,10728d70e0641a69:0x115a2d,6388886
v1,1790758527788424,UNSAT,62,10728d70e0641a69:0x115a2d,6388948
v1,1790758527788496,SAT,58,10728d70e0641a69:0x115a2d,6389006
v1,1790758527788640,SAT,60,10728d70e0641a69:0x115a2d,6389066
v1,1790758527790819,SAT,1752,10728d70e0641a69:0x115a2d,6390818
v1,1790758527792445,SAT,32,10728d70e0641a69:0x115a2d,6390850
v1,1790758527792766,UNSAT,123,10728d70e0641a69:0x115a2d,6390973
v1,1790758527792799,SAT,20,10728d70e0641a69:0x115a2d,6390993
v1,1790758527793053,UNSAT,102,10728d70e0641a69:0x115a2d,6391095
v1,1790758527793155,SAT,56,10728d70e0641a69:0x115a2d,6391151
v1,1790758527793353,SAT,61,10728d70e0641a69:0x115a2d,6391212
v1,1790758527797147,SAT,3297,10728d70e0641a69:0x115a2d,6394509
v1,1790758527800289,SAT,45,10728d70e0641a69:0x115a2d,6394554
v1,1790758527800627,UNSAT,116,10728d70e0641a69:0x115a2d,6394670
v1,1790758527800674,SAT,35,10728d70e0641a69:0x115a2d,6394705
v1,1790758527800932,UNSAT,104,10728d70e0641a69:0x115a2d,6394809
v1,1790758527801034,SAT,59,10728d70e0641a69:0x115a2d,6394868
v1,1790758527801227,SAT,58,10728d70e0641a69:0x115a2d,6394926
v1,1790758527806551,SAT,4764,10728d70e0641a69:0x115a2d,6399690
v1,1790758527811153,SAT,45,10728d70e0641a69:0x115a2d,6399735
v1,1790758527811513,UNSAT,120,10728d70e0641a69:0x115a2d,6399855
v1,1790758527811556,SAT,29,10728d70e0641a69:0x115a2d,6399884
v1,1790758527811814,UNSAT,102,10728d70e0641a69:0x115a2d,6399986
v1,1790758527811926,SAT,70,10728d70e0641a69:0x115a2d,6400056
v1,1790758527812131,SAT,66,10728d70e0641a69:0x115a2d,6400122
v1,1790758527812711,SAT,349,10728d70e0641a69:0x115a2d,6400471
v1,1790758527812756,SAT,22,10728d70e0641a69:0x115a2d,6400493
v1,1790758527812940,UNSAT,71,10728d70e0641a69:0x115a2d,6400564
v1,1790758527812967,SAT,17,10728d70e0641a69:0x115a2d,6400581
v1,1790758527813121,UNSAT,63,10728d70e0641a69:0x115a2d,6400644
v1,1790758527813197,SAT,62,10728d70e0641a69:0x115a2d,6400706
v1,1790758527813373,SAT,63,10728d70e0641a69:0x115a2d,6400769
v1,1790758527813821,SAT,320,10728d70e0641a69:0x115a2d,6401089
v1,1790758527813863,SAT,22,10728d70e0641a69:0x115a2d,6401111
v1,1790758527814035,UNSAT,70,10728d70e0641a69:0x115a2d,6401181
v1,1790758527814070,SAT,26,10728d70e0641a69:0x115a2d,6401207
v1,1790758527814231,UNSAT,68,10728d70e0641a69:0x115a2d,6401275
v1,1790758527814312,SAT,68,10728d70e0641a69:0x115a2d,6401343
v1,1790758527814469,SAT,64,10728d70e0641a69:0x115a2d,6401407
v1,1790758527815013,SAT,320,10728d70e0641a69:0x115a2d,6401727
v1,1790758527815065,SAT,26,10728d70e0641a69:0x115a2d,6401753
v1,1790758527815324,UNSAT,111,10728d70e0641a69:0x115a2d,6401864
v1,1790758527815367,SAT,30,10728d70e0641a69:0x115a2d,6401894
v1,1790758527815609,UNSAT,97,10728d70e0641a69:0x115a2d,6401991
v1,1790758527815707,SAT,58,10728d70e0641a69:0x115a2d,6402049
v1,1790758527815889,SAT,61,10728d70e0641a69:0x115a2d,6402110
v1,1790758527816415,SAT,355,10728d70e0641a69:0x115a2d,6402465
v1,1790758527816462,SAT,25,10728d70e0641a69:0x115a2d,6402490
v1,1790758527816635,UNSAT,73,10728d70e0641a69:0x115a2d,6402563
v1,1790758527816663,SAT,19,10728d70e0641a69:0x115a2d,6402582
v1,1790758527816827,UNSAT,68,10728d70e0641a69:0x115a2d,6402650
v1,1790758527816897,SAT,56,10728d70e0641a69:0x115a2d,6402706
v1,1790758527817036,SAT,56,10728d70e0641a69:0x115a2d,6402762
v1,1790758527819188,SAT,1769,10728d70e0641a69:0x115a2d,6404531
v1,1790758527820837,SAT,36,10728d70e0641a69:0x115a2d,6404567
v1,1790758527821141,UNSAT,107,10728d70e0641a69:0x115a2d,6404674
v1,1790758527821172,SAT,18,10728d70e0641a69:0x115a2d,6404692
v1,1790758527821411,UNSAT,94,10728d70e0641a69:0x115a2d,6404786
v1,1790758527821505,SAT,54,10728d70e0641a69:0x115a2d,6404840
v1,1790758527821710,SAT,59,10728d70e0641a69:0x115a2d,6404899
v1,1790758527822240,SAT,341,10728d70e0641a69:0x115a2d,6405240
v1,1790758527822337,SAT,24,10728d70e0641a69:0x115a2d,6405264
v1,1790758527822530,UNSAT,80,10728d70e0641a69:0x115a2d,6405344
v1,1790758527822565,SAT,25,10728d70e0641a69:0x115a2d,6405369
v1,1790758527822729,UNSAT,70,10728d70e0641a69:0x115a2d,6405439
v1,1790758527822799,SAT,56,10728d70e0641a69:0x115a2d,6405495
v1,1790758527822939,SAT,59,10728d70e0641a69:0x115a2d,6405554
v1,1790758527826625,SAT,3246,10728d70e0641a69:0x115a2d,6408800
v1,1790758527829738,SAT,58,10728d70e0641a69:0x115a2d,6408858
v1,1790758527830089,UNSAT,137,10728d70e0641a69:0x115a2d,6408995
v1,1790758527830141,SAT,37,10728d70e0641a69:0x115a2d,6409032
v1,1790758527830505,UNSAT,146,10728d70e0641a69:0x115a2d,6409178
v1,1790758527830659,SAT,86,10728d70e0641a69:0x115a2d,6409264
v1,1790758527830956,SAT,86,10728d70e0641a69:0x115a2d,6409350
v1,1790758527836307,SAT,4801,10728d70e0641a69:0x115a2d,6414151
v1,1790758527840932,SAT,39,10728d70e0641a69:0x115a2d,6414190
v1,1790758527841272,UNSAT,116,10728d70e0641a69:0x115a2d,6414306
v1,1790758527841305,SAT,19,10728d70e0641a69:0x115a2d,6414325
v1,1790758527841563,UNSAT,101,10728d70e0641a69:0x115a2d,6414426
v1,1790758527841658,SAT,56,10728d70e0641a69:0x115a2d,6414482
v1,1790758527841848,SAT,59,10728d70e0641a69:0x115a2d,6414541
v1,1790758527842506,SAT,358,10728d70e0641a69:0x115a2d,6414899
v1,1790758527842550,SAT,22,10728d70e0641a69:0x115a2d,6414921
v1,1790758527842736,UNSAT,73,10728d70e0641a69:0x115a2d,6414994
v1,1790758527842764,SAT,18,10728d70e0641a69:0x115a2d,6415012
v1,1790758527842922,UNSAT,70,10728d70e0641a69:0x115a2d,6415082
v1,1790758527842995,SAT,57,10728d70e0641a69:0x115a2d,6415139
v1,1790758527843137,SAT,57,10728d70e0641a69:0x115a2d,6415196
v1,1790758527843627,SAT,332,10728d70e0641a69:0x115a2d,6415528
v1,1790758527843678,SAT,30,10728d70e0641a69:0x115a2d,6415558
v1,1790758527843848,UNSAT,73,10728d70e0641a69:0x115a2d,6415631
v1,1790758527843887,SAT,30,10728d70e0641a69:0x115a2d,6415661
v1,1790758527844036,UNSAT,64,10728d70e0641a69:0x115a2d,6415725
v1,1790758527844110,SAT,60,10728d70e0641a69:0x115a2d,6415785
v1,1790758527844275,SAT,84,10728d70e0641a69:0x115a2d,6415869
v1,1790758527844714,SAT,321,10728d70e0641a69:0x115a2d,6416190
v1,1790758527844762,SAT,29,10728d70e0641a69:0x115a2d,6416219
v1,1790758527844928,UNSAT,71,10728d70e0641a69:0x115a2d,6416290
v1,1790758527844960,SAT,23,10728d70e0641a69:0x115a2d,6416313
v1,1790758527845108,UNSAT,61,10728d70e0641a69:0x115a2d,6416374
v1,1790758527845182,SAT,60,10728d70e0641a69:0x115a2d,6416434
v1,1790758527845336,SAT,56,10728d70e0641a69:0x115a2d,6416490
v1,1790758527846140,SAT,334,10728d70e0641a69:0x115a2d,6416824
v1,1790758527846191,SAT,26,10728d70e0641a69:0x115a2d,6416850
v1,1790758527846453,UNSAT,108,10728d70e0641a69:0x115a2d,6416958
v1,1790758527846483,SAT,20,10728d70e0641a69:0x115a2d,6416978
v1,1790758527846707,UNSAT,104,10728d70e0641a69:0x115a2d,6417082
v1,1790758527846803,SAT,56,10728d70e0641a69:0x115a2d,6417138
v1,1790758527846979,SAT,56,10728d70e0641a69:0x115a2d,6417194
v1,1790758527847446,SAT,338,10728d70e0641a69:0x115a2d,6417532
v1,1790758527847487,SAT,20,10728d70e0641a69:0x115a2d,6417552
v1,1790758527847676,UNSAT,70,10728d70e0641a69:0x115a2d,6417622
v1,1790758527847704,SAT,19,10728d70e0641a69:0x115a2d,6417641
v1,1790758527847861,UNSAT,68,10728d70e0641a69:0x115a2d,6417709
v1,1790758527847929,SAT,54,10728d70e0641a69:0x115a2d,6417763
v1,1790758527848077,SAT,61,10728d70e0641a69:0x115a2d,6417824
v1,1790758527850254,SAT,1742,10728d70e0641a69:0x115a2d,6419566
v1,1790758527851893,SAT,38,10728d70e0641a69:0x115a2d,6419604
v1,1790758527852193,UNSAT,116,10728d70e0641a69:0x115a2d,6419720
v1,1790758527852232,SAT,26,10728d70e0641a69:0x115a2d,6419746
v1,1790758527852481,UNSAT,107,10728d70e0641a69:0x115a2d,6419853
v1,1790758527852585,SAT,62,10728d70e0641a69:0x115a2d,6419915
v1,1790758527852769,SAT,57,10728d70e0641a69:0x115a2d,6419972
v1,1790758527856543,SAT,3270,10728d70e0641a69:0x115a2d,6423242
v1,1790758527859712,SAT,37,10728d70e0641a69:0x115a2d,6423279
v1,1790758527860039,UNSAT,114,10728d70e0641a69:0x115a2d,6423393
v1,1790758527860078,SAT,26,10728d70e0641a69:0x115a2d,6423419
v1,1790758527860350,UNSAT,113,10728d70e0641a69:0x115a2d,6423532
v1,1790758527860448,SAT,56,10728d70e0641a69:0x115a2d,6423588
v1,1790758527860636,SAT,59,10728d70e0641a69:0x115a2d,6423647
v1,1790758527866427,SAT,5222,10728d70e0641a69:0x115a2d,6428869
v1,1790758527871208,SAT,83,10728d70e0641a69:0x115a2d,6428952
v1,1790758527871612,UNSAT,131,10728d70e0641a69:0x115a2d,6429083
v1,1790758527871688,SAT,61,10728d70e0641a69:0x115a2d,6429144
v1,1790758527871988,UNSAT,115,10728d70e0641a69:0x115a2d,6429259
v1,1790758527872090,SAT,58,10728d70e0641a69:0x115a2d,6429317
v1,1790758527872289,SAT,63,10728d70e0641a69:0x115a2d,6429380
v1,1790758527872950,SAT,372,10728d70e0641a69:0x115a2d,6429752
v1,1790758527872998,SAT,23,10728d70e0641a69:0x115a2d,6429775
v1,1790758527873186,UNSAT,79,10728d70e0641a69:0x115a2d,6429854
v1,1790758527873214,SAT,17,10728d70e0641a69:0x115a2d,6429871
v1,1790758527873379,UNSAT,65,10728d70e0641a69:0x115a2d,6429936
v1,1790758527873448,SAT,54,10728d70e0641a69:0x115a2d,6429990
v1,1790758527873587,SAT,54,10728d70e0641a69:0x115a2d,6430044
v1,1790758527874040,SAT,323,10728d70e0641a69:0x115a2d,6430367
v1,1790758527874114,SAT,51,10728d70e0641a69:0x115a2d,6430418
v1,1790758527874364,UNSAT,107,10728d70e0641a69:0x115a2d,6430525
v1,1790758527874393,SAT,18,10728d70e0641a69:0x115a2d,6430543
v1,1790758527874603,UNSAT,95,10728d70e0641a69:0x115a2d,6430638
v1,1790758527874697,SAT,58,10728d70e0641a69:0x115a2d,6430696
v1,1790758527874869,SAT,58,10728d70e0641a69:0x115a2d,6430754
v1,1790758527875350,SAT,352,10728d70e0641a69:0x115a2d,6431106
v1,1790758527875401,SAT,29,10728d70e0641a69:0x115a2d,6431135
v1,1790758527875587,UNSAT,83,10728d70e0641a69:0x115a2d,6431218
v1,1790758527875623,SAT,26,10728d70e0641a69:0x115a2d,6431244
v1,1790758527875781,UNSAT,63,10728d70e0641a69:0x115a2d,6431307
v1,1790758527875848,SAT,53,10728d70e0641a69:0x115a2d,6431360
v1,1790758527876023,SAT,79,10728d70e0641a69:0x115a2d,6431439
v1,1790758527876517,SAT,351,10728d70e0641a69:0x115a2d,6431790
v1,1790758527876566,SAT,24,10728d70e0641a69:0x115a2d,6431814
v1,1790758527876741,UNSAT,70,10728d70e0641a69:0x115a2d,6431884
v1,1790758527876770,SAT,20,10728d70e0641a69:0x115a2d,6431904
v1,1790758527876913,UNSAT,59,10728d70e0641a69:0x115a2d,6431963
v1,1790758527876978,SAT,52,10728d70e0641a69:0x115a2d,6432015
v1,1790758527877114,SAT,52,10728d70e0641a69:0x115a2d,6432067
v1,1790758527879702,SAT,1930,10728d70e0641a69:0x115a2d,6433997
v1,1790758527881345,SAT,36,10728d70e0641a69:0x115a2d,6434033
v1,1790758527881667,UNSAT,113,10728d70e0641a69:0x115a2d,6434146
v1,1790758527881704,SAT,24,10728d70e0641a69:0x115a2d,6434170
v1,1790758527881940,UNSAT,93,10728d70e0641a69:0x115a2d,6434263
v1,1790758527882034,SAT,56,10728d70e0641a69:0x115a2d,6434319
v1,1790758527882222,SAT,58,10728d70e0641a69:0x115a2d,6434377
v1,1790758527885969,SAT,3243,10728d70e0641a69:0x115a2d,6437620
v1,1790758527889124,SAT,44,10728d70e0641a69:0x115a2d,6437664
v1,1790758527889441,UNSAT,109,10728d70e0641a69:0x115a2d,6437773
v1,1790758527889475,SAT,21,10728d70e0641a69:0x115a2d,6437794
v1,1790758527889718,UNSAT,93,10728d70e0641a69:0x115a2d,6437887
v1,1790758527889809,SAT,54,10728d70e0641a69:0x115a2d,6437941
v1,1790758527889988,SAT,57,10728d70e0641a69:0x115a2d,6437998
v1,1790758527890499,SAT,362,10728d70e0641a69:0x115a2d,6438360
v1,1790758527890549,SAT,26,10728d70e0641a69:0x115a2d,6438386
v1,1790758527890736,UNSAT,82,10728d70e0641a69:0x115a2d,6438468
v1,1790758527890851,SAT,106,10728d70e0641a69:0x115a2d,6438574
v1,1790758527891000,UNSAT,66,10728d70e0641a69:0x115a2d,6438640
v1,1790758527891077,SAT,63,10728d70e0641a69:0x115a2d,6438703
v1,1790758527891221,SAT,61,10728d70e0641a69:0x115a2d,6438764
v1,1790758527896548,SAT,4822,10728d70e0641a69:0x115a2d,6443586
v1,1790758527901187,SAT,44,10728d70e0641a69:0x115a2d,6443630
v1,1790758527901523,UNSAT,111,10728d70e0641a69:0x115a2d,6443741
v1,1790758527901556,SAT,18,10728d70e0641a69:0x115a2d,6443759
v1,1790758527901803,UNSAT,92,10728d70e0641a69:0x115a2d,6443851
v1,1790758527901907,SAT,65,10728d70e0641a69:0x115a2d,6443916
v1,1790758527902089,SAT,56,10728d70e0641a69:0x115a2d,6443972
v1,1790758527902676,SAT,349,10728d70e0641a69:0x115a2d,6444321
v1,1790758527902746,SAT,46,10728d70e0641a69:0x115a2d,6444367
v1,1790758527902933,UNSAT,77,10728d70e0641a69:0x115a2d,6444444
v1,1790758527902960,SAT,17,10728d70e0641a69:0x115a2d,6444461
v1,1790758527903127,UNSAT,69,10728d70e0641a69:0x115a2d,6444530
v1,1790758527903196,SAT,54,10728d70e0641a69:0x115a2d,6444584
v1,1790758527903347,SAT,61,10728d70e0641a69:0x115a2d,6444645
v1,1790758527903849,SAT,329,10728d70e0641a69:0x115a2d,6444974
v1,1790758527903895,SAT,26,10728d70e0641a69:0x115a2d,6445000
v1,1790758527904060,UNSAT,68,10728d70e0641a69:0x115a2d,6445068
v1,1790758527904106,SAT,37,10728d70e0641a69:0x115a2d,6445105
v1,1790758527904260,UNSAT,70,10728d70e0641a69:0x115a2d,6445175
v1,1790758527904332,SAT,57,10728d70e0641a69:0x115a2d,6445232
v1,1790758527904485,SAT,58,10728d70e0641a69:0x115a2d,6445290
v1,1790758527904937,SAT,326,10728d70e0641a69:0x115a2d,6445616
v1,1790758527904986,SAT,25,10728d70e0641a69:0x115a2d,6445641
v1,1790758527905149,UNSAT,71,10728d70e0641a69:0x115a2d,6445712
v1,1790758527905178,SAT,20,10728d70e0641a69:0x115a2d,6445732
v1,1790758527905348,UNSAT,77,10728d70e0641a69:0x115a2d,6445809
v1,1790758527905424,SAT,61,10728d70e0641a69:0x115a2d,6445870
v1,1790758527905570,SAT,55,10728d70e0641a69:0x115a2d,6445925
v1,1790758527906068,SAT,320,10728d70e0641a69:0x115a2d,6446245
v1,1790758527906121,SAT,28,10728d70e0641a69:0x115a2d,6446273
v1,1790758527906392,UNSAT,109,10728d70e0641a69:0x115a2d,6446382
v1,1790758527906421,SAT,19,10728d70e0641a69:0x115a2d,6446401
v1,1790758527906651,UNSAT,98,10728d70e0641a69:0x115a2d,6446499
v1,1790758527906755,SAT,66,10728d70e0641a69:0x115a2d,6446565
v1,1790758527906937,SAT,61,10728d70e0641a69:0x115a2d,6446626
v1,1790758527907398,SAT,332,10728d70e0641a69:0x115a2d,6446958
v1,1790758527907446,SAT,28,10728d70e0641a69:0x115a2d,6446986
v1,1790758527907623,UNSAT,79,10728d70e0641a69:0x115a2d,6447065
v1,1790758527907657,SAT,25,10728d70e0641a69:0x115a2d,6447090
v1,1790758527907806,UNSAT,67,10728d70e0641a69:0x115a2d,6447157
v1,1790758527907880,SAT,60,10728d70e0641a69:0x115a2d,6447217
v1,1790758527908032,SAT,71,10728d70e0641a69:0x115a2d,6447288
v1,1790758527910292,SAT,1776,10728d70e0641a69:0x115a2d,6449064
v1,1790758527911952,SAT,63,10728d70e0641a69:0x115a2d,6449127
v1,1790758527912284,UNSAT,144,10728d70e0641a69:0x115a2d,6449271
v1,1790758527912324,SAT,27,10728d70e0641a69:0x115a2d,6449298
v1,1790758527912561,UNSAT,95,10728d70e0641a69:0x115a2d,6449393
v1,1790758527912653,SAT,55,10728d70e0641a69:0x115a2d,6449448
v1,1790758527912857,SAT,76,10728d70e0641a69:0x115a2d,6449524
v1,1790758527916600,SAT,3292,10728d70e0641a69:0x115a2d,6452816
v1,1790758527919742,SAT,59,10728d70e0641a69:0x115a2d,6452875
v1,1790758527920057,UNSAT,110,10728d70e0641a69:0x115a2d,6452985
v1,1790758527920115,SAT,45,10728d70e0641a69:0x115a2d,6453030
v1,1790758527920375,UNSAT,101,10728d70e0641a69:0x115a2d,6453131
v1,1790758527920470,SAT,57,10728d70e0641a69:0x115a2d,6453188
v1,1790758527920663,SAT,68,10728d70e0641a69:0x115a2d,6453256
v1,1790758527926014,SAT,4820,10728d70e0641a69:0x115a2d,6458076
v1,1790758527930640,SAT,42,10728d70e0641a69:0x115a2d,6458118
v1,1790758527930969,UNSAT,108,10728d70e0641a69:0x115a2d,6458226
v1,1790758527931016,SAT,34,10728d70e0641a69:0x115a2d,6458260
v1,1790758527931290,UNSAT,115,10728d70e0641a69:0x115a2d,6458375
v1,1790758527931390,SAT,60,10728d70e0641a69:0x115a2d,6458435
v1,1790758527931589,SAT,62,10728d70e0641a69:0x115a2d,6458497
v1,1790758527932169,SAT,358,10728d70e0641a69:0x115a2d,6458855
v1,1790758527932216,SAT,25,10728d70e0641a69:0x115a2d,6458880
v1,1790758527932415,UNSAT,81,10728d70e0641a69:0x115a2d,6458961
v1,1790758527932453,SAT,27,10728d70e0641a69:0x115a2d,6458988
v1,1790758527932610,UNSAT,66,10728d70e0641a69:0x115a2d,6459054
v1,1790758527932679,SAT,55,10728d70e0641a69:0x115a2d,6459109
v1,1790758527932828,SAT,65,10728d70e0641a69:0x115a2d,6459174
v1,1790758527933379,SAT,334,10728d70e0641a69:0x115a2d,6459508
v1,1790758527933428,SAT,27,10728d70e0641a69:0x115a2d,6459535
v1,1790758527933597,UNSAT,69,10728d70e0641a69:0x115a2d,6459604
v1,1790758527933632,SAT,26,10728d70e0641a69:0x115a2d,6459630
v1,1790758527933841,UNSAT,96,10728d70e0641a69:0x115a2d,6459726
v1,1790758527933937,SAT,70,10728d70e0641a69:0x115a2d,6459796
v1,1790758527934102,SAT,61,10728d70e0641a69:0x115a2d,6459857
v1,1790758527934590,SAT,351,10728d70e0641a69:0x115a2d,6460208
v1,1790758527934646,SAT,25,10728d70e0641a69:0x115a2d,6460233
v1,1790758527934904,UNSAT,102,10728d70e0641a69:0x115a2d,6460335
v1,1790758527934934,SAT,19,10728d70e0641a69:0x115a2d,6460354
v1,1790758527935145,UNSAT,89,10728d70e0641a69:0x115a2d,6460443
v1,1790758527935235,SAT,54,10728d70e0641a69:0x115a2d,6460497
v1,1790758527935440,SAT,75,10728d70e0641a69:0x115a2d,6460572
v1,1790758527935936,SAT,350,10728d70e0641a69:0x115a2d,6460922
v1,1790758527935996,SAT,38,10728d70e0641a69:0x115a2d,6460960
v1,1790758527936180,UNSAT,80,10728d70e0641a69:0x115a2d,6461040
v1,1790758527936218,SAT,26,10728d70e0641a69:0x115a2d,6461066
v1,1790758527936387,UNSAT,71,10728d70e0641a69:0x115a2d,6461137
v1,1790758527936460,SAT,58,10728d70e0641a69:0x115a2d,6461195
v1,1790758527936610,SAT,64,10728d70e0641a69:0x115a2d,6461259
v1,1790758527937048,SAT,322,10728d70e0641a69:0x115a2d,6461581
v1,1790758527937094,SAT,24,10728d70e0641a69:0x115a2d,6461605
v1,1790758527937261,UNSAT,78,10728d70e0641a69:0x115a2d,6461683
v1,1790758527937300,SAT,29,10728d70e0641a69:0x115a2d,6461712
v1,1790758527937454,UNSAT,65,10728d70e0641a69:0x115a2d,6461777
v1,1790758527937522,SAT,55,10728d70e0641a69:0x115a2d,6461832
v1,1790758527937659,SAT,57,10728d70e0641a69:0x115a2d,6461889
v1,1790758527939852,SAT,1750,10728d70e0641a69:0x115a2d,6463639
v1,1790758527941499,SAT,39,10728d70e0641a69:0x115a2d,6463678
v1,1790758527941804,UNSAT,115,10728d70e0641a69:0x115a2d,6463793
v1,1790758527941842,SAT,24,10728d70e0641a69:0x115a2d,6463817
v1,1790758527942080,UNSAT,96,10728d70e0641a69:0x115a2d,6463913
v1,1790758527942175,SAT,58,10728d70e0641a69:0x115a2d,6463971
v1,1790758527942372,SAT,65,10728d70e0641a69:0x115a2d,6464036
v1,1790758527946163,SAT,3303,10728d70e0641a69:0x115a2d,6467339
v1,1790758527949302,SAT,41,10728d70e0641a69:0x115a2d,6467380
v1,1790758527949631,UNSAT,124,10728d70e0641a69:0x115a2d,6467504
v1,1790758527949670,SAT,26,10728d70e0641a69:0x115a2d,6467530
v1,1790758527949909,UNSAT,93,10728d70e0641a69:0x115a2d,6467623
v1,1790758527950005,SAT,58,10728d70e0641a69:0x115a2d,6467681
v1,1790758527950197,SAT,62,10728d70e0641a69:0x115a2d,6467743
v1,1790758527955531,SAT,4743,10728d70e0641a69:0x115a2d,6472486
v1,1790758527960161,SAT,53,10728d70e0641a69:0x115a2d,6472539
v1,1790758527960506,UNSAT,119,10728d70e0641a69:0x115a2d,6472658
v1,1790758527960540,SAT,20,10728d70e0641a69:0x115a2d,6472678
v1,1790758527960781,UNSAT,94,10728d70e0641a69:0x115a2d,6472772
v1,1790758527960874,SAT,55,10728d70e0641a69:0x115a2d,6472827
v1,1790758527961082,SAT,59,10728d70e0641a69:0x115a2d,6472886
v1,1790758527961685,SAT,368,10728d70e0641a69:0x115a2d,6473254
v1,1790758527961735,SAT,23,10728d70e0641a69:0x115a2d,6473277
v1,1790758527961914,UNSAT,72,10728d70e0641a69:0x115a2d,6473349
v1,1790758527961940,SAT,17,10728d70e0641a69:0x115a2d,6473366
v1,1790758527962093,UNSAT,62,10728d70e0641a69:0x115a2d,6473428
v1,1790758527962160,SAT,53,10728d70e0641a69:0x115a2d,6473481
v1,1790758527962310,SAT,65,10728d70e0641a69:0x115a2d,6473546
v1,1790758527962786,SAT,337,10728d70e0641a69:0x115a2d,6473883
v1,1790758527962839,SAT,32,10728d70e0641a69:0x115a2d,6473915
v1,1790758527963011,UNSAT,67,10728d70e0641a69:0x115a2d,6473982
v1,1790758527963039,SAT,19,10728d70e0641a69:0x115a2d,6474001
v1,1790758527963189,UNSAT,59,10728d70e0641a69:0x115a2d,6474060
v1,1790758527963282,SAT,80,10728d70e0641a69:0x115a2d,6474140
v1,1790758527963417,SAT,54,10728d70e0641a69:0x115a2d,6474194
v1,1790758527963967,SAT,329,10728d70e0641a69:0x115a2d,6474523
v1,1790758527964039,SAT,44,10728d70e0641a69:0x115a2d,6474567
v1,1790758527964328,UNSAT,125,10728d70e0641a69:0x115a2d,6474692
v1,1790758527964357,SAT,19,10728d70e0641a69:0x115a2d,6474711
v1,1790758527964581,UNSAT,95,10728d70e0641a69:0x115a2d,6474806
v1,1790758527964936,SAT,313,10728d70e0641a69:0x115a2d,6475119
v1,1790758527965133,SAT,57,10728d70e0641a69:0x115a2d,6475176
v1,1790758527965646,SAT,333,10728d70e0641a69:0x115a2d,6475509
v1,1790758527965689,SAT,20,10728d70e0641a69:0x115a2d,6475529
v1,1790758527965861,UNSAT,70,10728d70e0641a69:0x115a2d,6475599
v1,1790758527965887,SAT,16,10728d70e0641a69:0x115a2d,6475615
v1,1790758527966044,UNSAT,64,10728d70e0641a69:0x115a2d,6475679
v1,1790758527966124,SAT,66,10728d70e0641a69:0x115a2d,6475745
v1,1790758527966283,SAT,76,10728d70e0641a69:0x115a2d,6475821
v1,1790758527968424,SAT,1753,10728d70e0641a69:0x115a2d,6477574
v1,1790758527970079,SAT,64,10728d70e0641a69:0x115a2d,6477638
v1,1790758527970428,UNSAT,117,10728d70e0641a69:0x115a2d,6477755
v1,1790758527970464,SAT,20,10728d70e0641a69:0x115a2d,6477775
v1,1790758527970722,UNSAT,107,10728d70e0641a69:0x115a2d,6477882
v1,1790758527970827,SAT,61,10728d70e0641a69:0x115a2d,6477943
v1,1790758527971021,SAT,61,10728d70e0641a69:0x115a2d,6478004
v1,1790758527971563,SAT,354,10728d70e0641a69:0x115a2d,6478358
v1,1790758527971618,SAT,32,10728d70e0641a69:0x115a2d,6478390
v1,1790758527971803,UNSAT,79,10728d70e0641a69:0x115a2d,6478469
v1,1790758527971858,SAT,45,10728d70e0641a69:0x115a2d,6478514
v1,1790758527972019,UNSAT,66,10728d70e0641a69:0x115a2d,6478580
v1,1790758527972090,SAT,56,10728d70e0641a69:0x115a2d,6478636
v1,1790758527972243,SAT,58,10728d70e0641a69:0x115a2d,6478694
v1,1790758527975928,SAT,3258,10728d70e0641a69:0x115a2d,6481952
v1,1790758527979059,SAT,48,10728d70e0641a69:0x115a2d,6482000
v1,1790758527979401,UNSAT,127,10728d70e0641a69:0x115a2d,6482127
v1,1790758527979441,SAT,26,10728d70e0641a69:0x115a2d,6482153
v1,1790758527979696,UNSAT,113,10728d70e0641a69:0x115a2d,6482266
v1,1790758527979801,SAT,59,10728d70e0641a69:0x115a2d,6482325
v1,1790758527980009,SAT,65,10728d70e0641a69:0x115a2d,6482390
v1,1790758527985264,SAT,4764,10728d70e0641a69:0x115a2d,6487154
v1,1790758527989906,SAT,51,10728d70e0641a69:0x115a2d,6487205
v1,1790758527990251,UNSAT,126,10728d70e0641a69:0x115a2d,6487331
v1,1790758527990296,SAT,30,10728d70e0641a69:0x115a2d,6487361
v1,1790758527990556,UNSAT,103,10728d70e0641a69:0x115a2d,6487464
v1,1790758527990658,SAT,59,10728d70e0641a69:0x115a2d,6487523
v1,1790758527990854,SAT,63,10728d70e0641a69:0x115a2d,6487586
v1,1790758527991517,SAT,354,10728d70e0641a69:0x115a2d,6487940
v1,1790758527991564,SAT,23,10728d70e0641a69:0x115a2d,6487963
v1,1790758527991741,UNSAT,71,10728d70e0641a69:0x115a2d,6488034
v1,1790758527991767,SAT,17,10728d70e0641a69:0x115a2d,6488051
v1,1790758527991928,UNSAT,63,10728d70e0641a69:0x115a2d,6488114
v1,1790758527992006,SAT,60,10728d70e0641a69:0x115a2d,6488174
v1,1790758527992145,SAT,54,10728d70e0641a69:0x115a2d,6488228
v1,1790758527992603,SAT,323,10728d70e0641a69:0x115a2d,6488551
v1,1790758527992649,SAT,25,10728d70e0641a69:0x115a2d,6488576
v1,1790758527992813,UNSAT,69,10728d70e0641a69:0x115a2d,6488645
v1,1790758527992848,SAT,27,10728d70e0641a69:0x115a2d,6488672
v1,1790758527992998,UNSAT,64,10728d70e0641a69:0x115a2d,6488736
v1,1790758527993067,SAT,54,10728d70e0641a69:0x115a2d,6488790
v1,1790758527993205,SAT,56,10728d70e0641a69:0x115a2d,6488846
v1,1790758527993688,SAT,342,10728d70e0641a69:0x115a2d,6489188
v1,1790758527993742,SAT,32,10728d70e0641a69:0x115a2d,6489220
v1,1790758527994141,UNSAT,91,10728d70e0641a69:0x115a2d,6489311
v1,1790758527994184,SAT,28,10728d70e0641a69:0x115a2d,6489339
v1,1790758527994369,UNSAT,73,10728d70e0641a69:0x115a2d,6489412
v1,1790758527994448,SAT,61,10728d70e0641a69:0x115a2d,6489473
v1,1790758527994605,SAT,58,10728d70e0641a69:0x115a2d,6489531
v1,1790758527995438,SAT,351,10728d70e0641a69:0x115a2d,6489882
v1,1790758527995495,SAT,26,10728d70e0641a69:0x115a2d,6489908
v1,1790758527995811,UNSAT,124,10728d70e0641a69:0x115a2d,6490032
v1,1790758527995855,SAT,28,10728d70e0641a69:0x115a2d,6490060
v1,1790758527996120,UNSAT,101,10728d70e0641a69:0x115a2d,6490161
v1,1790758527996227,SAT,60,10728d70e0641a69:0x115a2d,6490221
v1,1790758527996442,SAT,67,10728d70e0641a69:0x115a2d,6490288
v1,1790758527996991,SAT,346,10728d70e0641a69:0x115a2d,6490634
v1,1790758527997043,SAT,28,10728d70e0641a69:0x115a2d,6490662
v1,1790758527997227,UNSAT,79,10728d70e0641a69:0x115a2d,6490741
v1,1790758527997286,SAT,48,10728d70e0641a69:0x115a2d,6490789
v1,1790758527997455,UNSAT,72,10728d70e0641a69:0x115a2d,6490861
v1,1790758527997533,SAT,62,10728d70e0641a69:0x115a2d,6490923
v1,1790758527997690,SAT,65,10728d70e0641a69:0x115a2d,6490988
v1,1790758527999902,SAT,1765,10728d70e0641a69:0x115a2d,6492753
v1,1790758528001557,SAT,41,10728d70e0641a69:0x115a2d,6492794
v1,1790758528001884,UNSAT,120,10728d70e0641a69:0x115a2d,6492914
v1,1790758528001928,SAT,30,10728d70e0641a69:0x115a2d,6492944
v1,1790758528002182,UNSAT,104,10728d70e0641a69:0x115a2d,6493048
v1,1790758528002323,SAT,95,10728d70e0641a69:0x115a2d,6493143
v1,1790758528002527,SAT,63,10728d70e0641a69:0x115a2d,6493206
v1,1790758528006291,SAT,3241,10728d70e0641a69:0x115a2d,6496447
v1,1790758528009418,SAT,42,10728d70e0641a69:0x115a2d,6496489
v1,1790758528009750,UNSAT,122,10728d70e0641a69:0x115a2d,6496611
v1,1790758528009791,SAT,23,10728d70e0641a69:0x115a2d,6496634
v1,1790758528010053,UNSAT,106,10728d70e0641a69:0x115a2d,6496740
v1,1790758528010173,SAT,73,10728d70e0641a69:0x115a2d,6496813
v1,1790758528010384,SAT,61,10728d70e0641a69:0x115a2d,6496874
v1,1790758528015764,SAT,4798,10728d70e0641a69:0x115a2d,6501672
v1,1790758528020403,SAT,47,10728d70e0641a69:0x115a2d,6501719
v1,1790758528020786,UNSAT,131,10728d70e0641a69:0x115a2d,6501850
v1,1790758528020856,SAT,53,10728d70e0641a69:0x115a2d,6501903
v1,1790758528021138,UNSAT,113,10728d70e0641a69:0x115a2d,6502016
v1,1790758528021262,SAT,78,10728d70e0641a69:0x115a2d,6502094
v1,1790758528021476,SAT,68,10728d70e0641a69:0x115a2d,6502162
v1,1790758528022115,SAT,364,10728d70e0641a69:0x115a2d,6502526
v1,1790758528022174,SAT,30,10728d70e0641a69:0x115a2d,6502556
v1,1790758528022372,UNSAT,82,10728d70e0641a69:0x115a2d,6502638
v1,1790758528022410,SAT,26,10728d70e0641a69:0x115a2d,6502664
v1,1790758528022580,UNSAT,74,10728d70e0641a69:0x115a2d,6502738
v1,1790758528022655,SAT,58,10728d70e0641a69:0x115a2d,6502796
v1,1790758528022805,SAT,60,10728d70e0641a69:0x115a2d,6502856
v1,1790758528023285,SAT,350,10728d70e0641a69:0x115a2d,6503206
v1,1790758528023348,SAT,30,10728d70e0641a69:0x115a2d,6503236
v1,1790758528023619,UNSAT,115,10728d70e0641a69:0x115a2d,6503351
v1,1790758528023653,SAT,22,10728d70e0641a69:0x115a2d,6503373
v1,1790758528023881,UNSAT,98,10728d70e0641a69:0x115a2d,6503471
v1,1790758528023980,SAT,56,10728d70e0641a69:0x115a2d,6503527
v1,1790758528024162,SAT,63,10728d70e0641a69:0x115a2d,6503590
v1,1790758528024645,SAT,346,10728d70e0641a69:0x115a2d,6503936
v1,1790758528024696,SAT,28,10728d70e0641a69:0x115a2d,6503964
v1,1790758528024880,UNSAT,78,10728d70e0641a69:0x115a2d,6504042
v1,1790758528024918,SAT,26,10728d70e0641a69:0x115a2d,6504068
v1,1790758528025083,UNSAT,71,10728d70e0641a69:0x115a2d,6504139
v1,1790758528025161,SAT,62,10728d70e0641a69:0x115a2d,6504201
v1,1790758528025317,SAT,63,10728d70e0641a69:0x115a2d,6504264
v1,1790758528025774,SAT,331,10728d70e0641a69:0x115a2d,6504595
v1,1790758528025821,SAT,23,10728d70e0641a69:0x115a2d,6504618
v1,1790758528025994,UNSAT,72,10728d70e0641a69:0x115a2d,6504690
v1,1790758528026030,SAT,25,10728d70e0641a69:0x115a2d,6504715
v1,1790758528026191,UNSAT,71,10728d70e0641a69:0x115a2d,6504786
v1,1790758528026274,SAT,67,10728d70e0641a69:0x115a2d,6504853
v1,1790758528026432,SAT,68,10728d70e0641a69:0x115a2d,6504921
v1,1790758528028714,SAT,1769,10728d70e0641a69:0x115a2d,6506690
v1,1790758528030376,SAT,44,10728d70e0641a69:0x115a2d,6506734
v1,1790758528030702,UNSAT,126,10728d70e0641a69:0x115a2d,6506860
v1,1790758528030742,SAT,25,10728d70e0641a69:0x115a2d,6506885
v1,1790758528031011,UNSAT,121,10728d70e0641a69:0x115a2d,6507006
v1,1790758528031123,SAT,67,10728d70e0641a69:0x115a2d,6507073
v1,1790758528031335,SAT,69,10728d70e0641a69:0x115a2d,6507142
v1,1790758528035164,SAT,3307,10728d70e0641a69:0x115a2d,6510449
v1,1790758528038302,SAT,57,10728d70e0641a69:0x115a2d,6510506
v1,1790758528038705,UNSAT,133,10728d70e0641a69:0x115a2d,6510639
v1,1790758528038756,SAT,29,10728d70e0641a69:0x115a2d,6510668
v1,1790758528039039,UNSAT,119,10728d70e0641a69:0x115a2d,6510787
v1,1790758528039144,SAT,59,10728d70e0641a69:0x115a2d,6510846
v1,1790758528039359,SAT,71,10728d70e0641a69:0x115a2d,6510917
v1,1790758528039899,SAT,364,10728d70e0641a69:0x115a2d,6511281
v1,1790758528039965,SAT,36,10728d70e0641a69:0x115a2d,6511317
v1,1790758528040167,UNSAT,88,10728d70e0641a69:0x115a2d,6511405
v1,1790758528040207,SAT,28,10728d70e0641a69:0x115a2d,6511433
v1,1790758528040384,UNSAT,78,10728d70e0641a69:0x115a2d,6511511
v1,1790758528040466,SAT,63,10728d70e0641a69:0x115a2d,6511574
v1,1790758528040625,SAT,65,10728d70e0641a69:0x115a2d,6511639
v1,1790758528045935,SAT,4757,10728d70e0641a69:0x115a2d,6516396
v1,1790758528050624,SAT,52,10728d70e0641a69:0x115a2d,6516448
v1,1790758528051037,UNSAT,144,10728d70e0641a69:0x115a2d,6516592
v1,1790758528051115,SAT,61,10728d70e0641a69:0x115a2d,6516653
v1,1790758528051515,UNSAT,221,10728d70e0641a69:0x115a2d,6516874
v1,1790758528051661,SAT,74,10728d70e0641a69:0x115a2d,6516948
v1,1790758528051900,SAT,68,10728d70e0641a69:0x115a2d,6517016
v1,1790758528052553,SAT,373,10728d70e0641a69:0x115a2d,6517389
v1,1790758528052609,SAT,28,10728d70e0641a69:0x115a2d,6517417
v1,1790758528052812,UNSAT,87,10728d70e0641a69:0x115a2d,6517504
v1,1790758528052848,SAT,25,10728d70e0641a69:0x115a2d,6517529
v1,1790758528053006,UNSAT,67,10728d70e0641a69:0x115a2d,6517596
v1,1790758528053077,SAT,55,10728d70e0641a69:0x115a2d,6517651
v1,1790758528053217,SAT,58,10728d70e0641a69:0x115a2d,6517709
v1,1790758528053763,SAT,337,10728d70e0641a69:0x115a2d,6518046
v1,1790758528053843,SAT,55,10728d70e0641a69:0x115a2d,6518101
v1,1790758528054033,UNSAT,77,10728d70e0641a69:0x115a2d,6518178
v1,1790758528054067,SAT,23,10728d70e0641a69:0x115a2d,6518201
v1,1790758528054243,UNSAT,78,10728d70e0641a69:0x115a2d,6518279
v1,1790758528054350,SAT,69,10728d70e0641a69:0x115a2d,6518348
v1,1790758528054546,SAT,77,10728d70e0641a69:0x115a2d,6518425
v1,1790758528055103,SAT,366,10728d70e0641a69:0x115a2d,6518791
v1,1790758528055151,SAT,21,10728d70e0641a69:0x115a2d,6518812
v1,1790758528055383,UNSAT,90,10728d70e0641a69:0x115a2d,6518902
v1,1790758528055574,SAT,171,10728d70e0641a69:0x115a2d,6519073
v1,1790758528055887,UNSAT,193,10728d70e0641a69:0x115a2d,6519266
v1,1790758528055994,SAT,82,10728d70e0641a69:0x115a2d,6519348
v1,1790758528056174,SAT,66,10728d70e0641a69:0x115a2d,6519414
v1,1790758528056767,SAT,368,10728d70e0641a69:0x115a2d,6519782
v1,1790758528056827,SAT,27,10728d70e0641a69:0x115a2d,6519809
v1,1790758528057114,UNSAT,126,10728d70e0641a69:0x115a2d,6519935
v1,1790758528057150,SAT,24,10728d70e0641a69:0x115a2d,6519959
v1,1790758528057405,UNSAT,98,10728d70e0641a69:0x115a2d,6520057
v1,1790758528057520,SAT,74,10728d70e0641a69:0x115a2d,6520131
v1,1790758528057733,SAT,74,10728d70e0641a69:0x115a2d,6520205
v1,1790758528058227,SAT,363,10728d70e0641a69:0x115a2d,6520568
v1,1790758528058281,SAT,25,10728d70e0641a69:0x115a2d,6520593
v1,1790758528058460,UNSAT,73,10728d70e0641a69:0x115a2d,6520666
v1,1790758528058488,SAT,19,10728d70e0641a69:0x115a2d,6520685
v1,1790758528058646,UNSAT,68,10728d70e0641a69:0x115a2d,6520753
v1,1790758528058715,SAT,54,10728d70e0641a69:0x115a2d,6520807
v1,1790758528058867,SAT,64,10728d70e0641a69:0x115a2d,6520871
v1,1790758528061123,SAT,1778,10728d70e0641a69:0x115a2d,6522649
v1,1790758528063160,SAT,402,10728d70e0641a69:0x115a2d,6523051
v1,1790758528063506,UNSAT,123,10728d70e0641a69:0x115a2d,6523174
v1,1790758528063557,SAT,37,10728d70e0641a69:0x115a2d,6523211
v1,1790758528063813,UNSAT,101,10728d70e0641a69:0x115a2d,6523312
v1,1790758528063914,SAT,61,10728d70e0641a69:0x115a2d,6523373
v1,1790758528064104,SAT,66,10728d70e0641a69:0x115a2d,6523439
v1,1790758528067918,SAT,3343,10728d70e0641a69:0x115a2d,6526782
v1,1790758528071142,SAT,60,10728d70e0641a69:0x115a2d,6526842
v1,1790758528071490,UNSAT,112,10728d70e0641a69:0x115a2d,6526954
v1,1790758528071524,SAT,20,10728d70e0641a69:0x115a2d,6526974
v1,1790758528071786,UNSAT,105,10728d70e0641a69:0x115a2d,6527079
v1,1790758528071881,SAT,56,10728d70e0641a69:0x115a2d,6527135
v1,1790758528072072,SAT,68,10728d70e0641a69:0x115a2d,6527203
v1,1790758528077413,SAT,4789,10728d70e0641a69:0x115a2d,6531992
v1,1790758528082074,SAT,43,10728d70e0641a69:0x115a2d,6532035
v1,1790758528082445,UNSAT,120,10728d70e0641a69:0x115a2d,6532155
v1,1790758528082488,SAT,26,10728d70e0641a69:0x115a2d,6532181
v1,1790758528082775,UNSAT,117,10728d70e0641a69:0x115a2d,6532298
v1,1790758528082921,SAT,84,10728d70e0641a69:0x115a2d,6532382
v1,1790758528083126,SAT,65,10728d70e0641a69:0x115a2d,6532447
v1,1790758528083738,SAT,363,10728d70e0641a69:0x115a2d,6532810
v1,1790758528083789,SAT,26,10728d70e0641a69:0x115a2d,6532836
v1,1790758528083973,UNSAT,75,10728d70e0641a69:0x115a2d,6532911
v1,1790758528084017,SAT,35,10728d70e0641a69:0x115a2d,6532946
v1,1790758528084174,UNSAT,67,10728d70e0641a69:0x115a2d,6533013
v1,1790758528084241,SAT,53,10728d70e0641a69:0x115a2d,6533066
v1,1790758528084394,SAT,63,10728d70e0641a69:0x115a2d,6533129
v1,1790758528084957,SAT,340,10728d70e0641a69:0x115a2d,6533469
v1,1790758528085007,SAT,23,10728d70e0641a69:0x115a2d,6533492
v1,1790758528085185,UNSAT,81,10728d70e0641a69:0x115a2d,6533573
v1,1790758528085213,SAT,18,10728d70e0641a69:0x115a2d,6533591
v1,1790758528085385,UNSAT,64,10728d70e0641a69:0x115a2d,6533655
v1,1790758528085459,SAT,61,10728d70e0641a69:0x115a2d,6533716
v1,1790758528085599,SAT,54,10728d70e0641a69:0x115a2d,6533770
v1,1790758528086057,SAT,336,10728d70e0641a69:0x115a2d,6534106
v1,1790758528086117,SAT,30,10728d70e0641a69:0x115a2d,6534136
v1,1790758528086373,UNSAT,104,10728d70e0641a69:0x115a2d,6534240
v1,1790758528086410,SAT,26,10728d70e0641a69:0x115a2d,6534266
v1,1790758528086634,UNSAT,96,10728d70e0641a69:0x115a2d,6534362
v1,1790758528086729,SAT,58,10728d70e0641a69:0x115a2d,6534420
v1,1790758528086897,SAT,59,10728d70e0641a69:0x115a2d,6534479
v1,1790758528087367,SAT,348,10728d70e0641a69:0x115a2d,6534827
v1,1790758528087421,SAT,29,10728d70e0641a69:0x115a2d,6534856
v1,1790758528087601,UNSAT,74,10728d70e0641a69:0x115a2d,6534930
v1,1790758528087671,SAT,60,10728d70e0641a69:0x115a2d,6534990
v1,1790758528087826,UNSAT,69,10728d70e0641a69:0x115a2d,6535059
v1,1790758528087897,SAT,57,10728d70e0641a69:0x115a2d,6535116
v1,1790758528088037,SAT,57,10728d70e0641a69:0x115a2d,6535173
v1,1790758528088498,SAT,348,10728d70e0641a69:0x115a2d,6535521
v1,1790758528088540,SAT,22,10728d70e0641a69:0x115a2d,6535543
v1,1790758528088706,UNSAT,71,10728d70e0641a69:0x115a2d,6535614
v1,1790758528088739,SAT,24,10728d70e0641a69:0x115a2d,6535638
v1,1790758528088898,UNSAT,71,10728d70e0641a69:0x115a2d,6535709
v1,1790758528088967,SAT,55,10728d70e0641a69:0x115a2d,6535764
v1,1790758528089109,SAT,58,10728d70e0641a69:0x115a2d,6535822
v1,1790758528091307,SAT,1762,10728d70e0641a69:0x115a2d,6537584
v1,1790758528092954,SAT,61,10728d70e0641a69:0x115a2d,6537645
v1,1790758528093241,UNSAT,105,10728d70e0641a69:0x115a2d,6537750
v1,1790758528093295,SAT,37,10728d70e0641a69:0x115a2d,6537787
v1,1790758528093539,UNSAT,97,10728d70e0641a69:0x115a2d,6537884
v1,1790758528093638,SAT,61,10728d70e0641a69:0x115a2d,6537945
v1,1790758528093826,SAT,64,10728d70e0641a69:0x115a2d,6538009
v1,1790758528097648,SAT,3322,10728d70e0641a69:0x115a2d,6541331
v1,1790758528100804,SAT,72,10728d70e0641a69:0x115a2d,6541403
v1,1790758528101128,UNSAT,110,10728d70e0641a69:0x115a2d,6541513
v1,1790758528101168,SAT,23,10728d70e0641a69:0x115a2d,6541536
v1,1790758528101426,UNSAT,100,10728d70e0641a69:0x115a2d,6541636
v1,1790758528101528,SAT,64,10728d70e0641a69:0x115a2d,6541700
v1,1790758528101760,SAT,81,10728d70e0641a69:0x115a2d,6541781
v1,1790758528107144,SAT,4777,10728d70e0641a69:0x115a2d,6546558
v1,1790758528111789,SAT,57,10728d70e0641a69:0x115a2d,6546615
v1,1790758528112130,UNSAT,113,10728d70e0641a69:0x115a2d,6546728
v1,1790758528112164,SAT,20,10728d70e0641a69:0x115a2d,6546748
v1,1790758528112421,UNSAT,96,10728d70e0641a69:0x115a2d,6546844
v1,1790758528112515,SAT,57,10728d70e0641a69:0x115a2d,6546901
v1,1790758528112707,SAT,58,10728d70e0641a69:0x115a2d,6546959
v1,1790758528113290,SAT,363,10728d70e0641a69:0x115a2d,6547322
v1,1790758528113355,SAT,37,10728d70e0641a69:0x115a2d,6547359
v1,1790758528113547,UNSAT,79,10728d70e0641a69:0x115a2d,6547438
v1,1790758528113584,SAT,28,10728d70e0641a69:0x115a2d,6547466
v1,1790758528113744,UNSAT,71,10728d70e0641a69:0x115a2d,6547537
v1,1790758528113816,SAT,58,10728d70e0641a69:0x115a2d,6547595
v1,1790758528113961,SAT,59,10728d70e0641a69:0x115a2d,6547654
v1,1790758528114416,SAT,328,10728d70e0641a69:0x115a2d,6547982
v1,1790758528114463,SAT,28,10728d70e0641a69:0x115a2d,6548010
v1,1790758528114633,UNSAT,74,10728d70e0641a69:0x115a2d,6548084
v1,1790758528114660,SAT,18,10728d70e0641a69:0x115a2d,6548102
v1,1790758528114828,UNSAT,66,10728d70e0641a69:0x115a2d,6548168
v1,1790758528114894,SAT,52,10728d70e0641a69:0x115a2d,6548220
v1,1790758528115032,SAT,55,10728d70e0641a69:0x115a2d,6548275
v1,1790758528115595,SAT,330,10728d70e0641a69:0x115a2d,6548605
v1,1790758528115643,SAT,21,10728d70e0641a69:0x115a2d,6548626
v1,1790758528115905,UNSAT,106,10728d70e0641a69:0x115a2d,6548732
v1,1790758528115935,SAT,19,10728d70e0641a69:0x115a2d,6548751
v1,1790758528116163,UNSAT,97,10728d70e0641a69:0x115a2d,6548848
v1,1790758528116275,SAT,64,10728d70e0641a69:0x115a2d,6548912
v1,1790758528116467,SAT,66,10728d70e0641a69:0x115a2d,6548978
v1,1790758528116969,SAT,335,10728d70e0641a69:0x115a2d,6549313
v1,1790758528117015,SAT,25,10728d70e0641a69:0x115a2d,6549338
v1,1790758528117187,UNSAT,70,10728d70e0641a69:0x115a2d,6549408
v1,1790758528117216,SAT,19,10728d70e0641a69:0x115a2d,6549427
v1,1790758528117383,UNSAT,66,10728d70e0641a69:0x115a2d,6549493
v1,1790758528117450,SAT,53,10728d70e0641a69:0x115a2d,6549546
v1,1790758528117589,SAT,53,10728d70e0641a69:0x115a2d,6549599
v1,1790758528119757,SAT,1794,10728d70e0641a69:0x115a2d,6551393
v1,1790758528121394,SAT,32,10728d70e0641a69:0x115a2d,6551425
v1,1790758528121707,UNSAT,112,10728d70e0641a69:0x115a2d,6551537
v1,1790758528121742,SAT,23,10728d70e0641a69:0x115a2d,6551560
v1,1790758528121984,UNSAT,100,10728d70e0641a69:0x115a2d,6551660
v1,1790758528122095,SAT,67,10728d70e0641a69:0x115a2d,6551727
v1,1790758528122304,SAT,71,10728d70e0641a69:0x115a2d,6551798
v1,1790758528122857,SAT,352,10728d70e0641a69:0x115a2d,6552150
v1,1790758528122913,SAT,34,10728d70e0641a69:0x115a2d,6552184
v1,1790758528123087,UNSAT,76,10728d70e0641a69:0x115a2d,6552260
v1,1790758528123118,SAT,21,10728d70e0641a69:0x115a2d,6552281
v1,1790758528123300,UNSAT,93,10728d70e0641a69:0x115a2d,6552374
v1,1790758528123376,SAT,60,10728d70e0641a69:0x115a2d,6552434
v1,1790758528123542,SAT,58,10728d70e0641a69:0x115a2d,6552492
v1,1790758528127277,SAT,3292,10728d70e0641a69:0x115a2d,6555784
v1,1790758528130474,SAT,58,10728d70e0641a69:0x115a2d,6555842
v1,1790758528130865,UNSAT,133,10728d70e0641a69:0x115a2d,6555975
v1,1790758528130905,SAT,25,10728d70e0641a69:0x115a2d,6556000
v1,1790758528131167,UNSAT,105,10728d70e0641a69:0x115a2d,6556105
v1,1790758528131325,SAT,115,10728d70e0641a69:0x115a2d,6556220
v1,1790758528131528,SAT,66,10728d70e0641a69:0x115a2d,6556286
v1,1790758528136856,SAT,4793,10728d70e0641a69:0x115a2d,6561079
v1,1790758528141550,SAT,51,10728d70e0641a69:0x115a2d,6561130
v1,1790758528141908,UNSAT,128,10728d70e0641a69:0x115a2d,6561258
v1,1790758528141947,SAT,24,10728d70e0641a69:0x115a2d,6561282
v1,1790758528142215,UNSAT,116,10728d70e0641a69:0x115a2d,6561398
v1,1790758528142328,SAT,62,10728d70e0641a69:0x115a2d,6561460
v1,1790758528142519,SAT,61,10728d70e0641a69:0x115a2d,6561521
v1,1790758528143178,SAT,349,10728d70e0641a69:0x115a2d,6561870
v1,1790758528143264,SAT,64,10728d70e0641a69:0x115a2d,6561934
v1,1790758528143449,UNSAT,81,10728d70e0641a69:0x115a2d,6562015
v1,1790758528143481,SAT,22,10728d70e0641a69:0x115a2d,6562037
v1,1790758528143647,UNSAT,67,10728d70e0641a69:0x115a2d,6562104
v1,1790758528143720,SAT,59,10728d70e0641a69:0x115a2d,6562163
v1,1790758528143860,SAT,58,10728d70e0641a69:0x115a2d,6562221
v1,1790758528144334,SAT,338,10728d70e0641a69:0x115a2d,6562559
v1,1790758528144381,SAT,26,10728d70e0641a69:0x115a2d,6562585
v1,1790758528144553,UNSAT,74,10728d70e0641a69:0x115a2d,6562659
v1,1790758528144591,SAT,29,10728d70e0641a69:0x115a2d,6562688
v1,1790758528144742,UNSAT,64,10728d70e0641a69:0x115a2d,6562752
v1,1790758528144810,SAT,54,10728d70e0641a69:0x115a2d,6562806
v1,1790758528144957,SAT,62,10728d70e0641a69:0x115a2d,6562868
v1,1790758528145410,SAT,331,10728d70e0641a69:0x115a2d,6563199
v1,1790758528145459,SAT,26,10728d70e0641a69:0x115a2d,6563225
v1,1790758528145640,UNSAT,80,10728d70e0641a69:0x115a2d,6563305
v1,1790758528145670,SAT,18,10728d70e0641a69:0x115a2d,6563323
v1,1790758528145833,UNSAT,67,10728d70e0641a69:0x115a2d,6563390
v1,1790758528145900,SAT,52,10728d70e0641a69:0x115a2d,6563442
v1,1790758528146059,SAT,66,10728d70e0641a69:0x115a2d,6563508
v1,1790758528146889,SAT,344,10728d70e0641a69:0x115a2d,6563852
v1,1790758528146956,SAT,35,10728d70e0641a69:0x115a2d,6563887
v1,1790758528147243,UNSAT,110,10728d70e0641a69:0x115a2d,6563997
v1,1790758528147288,SAT,29,10728d70e0641a69:0x115a2d,6564026
v1,1790758528147537,UNSAT,99,10728d70e0641a69:0x115a2d,6564125
v1,1790758528147645,SAT,67,10728d70e0641a69:0x115a2d,6564192
v1,1790758528147861,SAT,65,10728d70e0641a69:0x115a2d,6564257
v1,1790758528148359,SAT,357,10728d70e0641a69:0x115a2d,6564614
v1,1790758528148412,SAT,24,10728d70e0641a69:0x115a2d,6564638
v1,1790758528148601,UNSAT,81,10728d70e0641a69:0x115a2d,6564719
v1,1790758528148638,SAT,27,10728d70e0641a69:0x115a2d,6564746
v1,1790758528148799,UNSAT,68,10728d70e0641a69:0x115a2d,6564814
v1,1790758528148872,SAT,59,10728d70e0641a69:0x115a2d,6564873
v1,1790758528149012,SAT,57,10728d70e0641a69:0x115a2d,6564930
v1,1790758528151213,SAT,1758,10728d70e0641a69:0x115a2d,6566688
v1,1790758528152858,SAT,38,10728d70e0641a69:0x115a2d,6566726
v1,1790758528153168,UNSAT,116,10728d70e0641a69:0x115a2d,6566842
v1,1790758528153206,SAT,26,10728d70e0641a69:0x115a2d,6566868
v1,1790758528153493,UNSAT,100,10728d70e0641a69:0x115a2d,6566968
v1,1790758528153594,SAT,59,10728d70e0641a69:0x115a2d,6567027
v1,1790758528153779,SAT,58,10728d70e0641a69:0x115a2d,6567085
v1,1790758528157546,SAT,3260,10728d70e0641a69:0x115a2d,6570345
v1,1790758528160714,SAT,66,10728d70e0641a69:0x115a2d,6570411
v1,1790758528161029,UNSAT,115,10728d70e0641a69:0x115a2d,6570526
v1,1790758528161062,SAT,19,10728d70e0641a69:0x115a2d,6570545
v1,1790758528161341,UNSAT,119,10728d70e0641a69:0x115a2d,6570664
v1,1790758528161440,SAT,59,10728d70e0641a69:0x115a2d,6570723
v1,1790758528161633,SAT,66,10728d70e0641a69:0x115a2d,6570789
v1,1790758528166986,SAT,4792,10728d70e0641a69:0x115a2d,6575581
v1,1790758528171605,SAT,68,10728d70e0641a69:0x115a2d,6575649
v1,1790758528171936,UNSAT,120,10728d70e0641a69:0x115a2d,6575769
v1,1790758528171980,SAT,30,10728d70e0641a69:0x115a2d,6575799
v1,1790758528172260,UNSAT,116,10728d70e0641a69:0x115a2d,6575915
v1,1790758528172358,SAT,57,10728d70e0641a69:0x115a2d,6575972
v1,1790758528172562,SAT,70,10728d70e0641a69:0x115a2d,6576042
v1,1790758528173191,SAT,348,10728d70e0641a69:0x115a2d,6576390
v1,1790758528173246,SAT,32,10728d70e0641a69:0x115a2d,6576422
v1,1790758528173429,UNSAT,76,10728d70e0641a69:0x115a2d,6576498
v1,1790758528173463,SAT,24,10728d70e0641a69:0x115a2d,6576522
v1,1790758528173613,UNSAT,68,10728d70e0641a69:0x115a2d,6576590
v1,1790758528173690,SAT,64,10728d70e0641a69:0x115a2d,6576654
v1,1790758528173839,SAT,59,10728d70e0641a69:0x115a2d,6576713
v1,1790758528174315,SAT,348,10728d70e0641a69:0x115a2d,6577061
v1,1790758528174372,SAT,32,10728d70e0641a69:0x115a2d,6577093
v1,1790758528174622,UNSAT,103,10728d70e0641a69:0x115a2d,6577196
v1,1790758528174653,SAT,22,10728d70e0641a69:0x115a2d,6577218
v1,1790758528174857,UNSAT,90,10728d70e0641a69:0x115a2d,6577308
v1,1790758528174949,SAT,56,10728d70e0641a69:0x115a2d,6577364
v1,1790758528175118,SAT,59,10728d70e0641a69:0x115a2d,6577423
v1,1790758528175576,SAT,339,10728d70e0641a69:0x115a2d,6577762
v1,1790758528175620,SAT,23,10728d70e0641a69:0x115a2d,6577785
v1,1790758528175822,UNSAT,76,10728d70e0641a69:0x115a2d,6577861
v1,1790758528175860,SAT,29,10728d70e0641a69:0x115a2d,6577890
v1,1790758528176022,UNSAT,63,10728d70e0641a69:0x115a2d,6577953
v1,1790758528176096,SAT,60,10728d70e0641a69:0x115a2d,6578013
v1,1790758528176241,SAT,59,10728d70e0641a69:0x115a2d,6578072
v1,1790758528176715,SAT,331,10728d70e0641a69:0x115a2d,6578403
v1,1790758528176791,SAT,56,10728d70e0641a69:0x115a2d,6578459
v1,1790758528176963,UNSAT,68,10728d70e0641a69:0x115a2d,6578527
v1,1790758528176991,SAT,18,10728d70e0641a69:0x115a2d,6578545
v1,1790758528177139,UNSAT,59,10728d70e0641a69:0x115a2d,6578604
v1,1790758528177220,SAT,65,10728d70e0641a69:0x115a2d,6578669
v1,1790758528177366,SAT,58,10728d70e0641a69:0x115a2d,6578727
v1,1790758528179626,SAT,1766,10728d70e0641a69:0x115a2d,6580493
v1,1790758528181267,SAT,57,10728d70e0641a69:0x115a2d,6580550
v1,1790758528181571,UNSAT,109,10728d70e0641a69:0x115a2d,6580659
v1,1790758528181606,SAT,23,10728d70e0641a69:0x115a2d,6580682
v1,1790758528181837,UNSAT,92,10728d70e0641a69:0x115a2d,6580774
v1,1790758528181940,SAT,64,10728d70e0641a69:0x115a2d,6580838
v1,1790758528182126,SAT,57,10728d70e0641a69:0x115a2d,6580895
v1,1790758528185889,SAT,3241,10728d70e0641a69:0x115a2d,6584136
v1,1790758528189077,SAT,78,10728d70e0641a69:0x115a2d,6584214
v1,1790758528189414,UNSAT,116,10728d70e0641a69:0x115a2d,6584330
v1,1790758528189467,SAT,38,10728d70e0641a69:0x115a2d,6584368
v1,1790758528189727,UNSAT,105,10728d70e0641a69:0x115a2d,6584473
v1,1790758528189831,SAT,63,10728d70e0641a69:0x115a2d,6584536
v1,1790758528190027,SAT,65,10728d70e0641a69:0x115a2d,6584601
v1,1790758528190537,SAT,358,10728d70e0641a69:0x115a2d,6584959
v1,1790758528190587,SAT,25,10728d70e0641a69:0x115a2d,6584984
v1,1790758528190789,UNSAT,81,10728d70e0641a69:0x115a2d,6585065
v1,1790758528190829,SAT,30,10728d70e0641a69:0x115a2d,6585095
v1,1790758528190992,UNSAT,67,10728d70e0641a69:0x115a2d,6585162
v1,1790758528191063,SAT,57,10728d70e0641a69:0x115a2d,6585219
v1,1790758528191207,SAT,59,10728d70e0641a69:0x115a2d,6585278
v1,1790758528196511,SAT,4784,10728d70e0641a69:0x115a2d,6590062
v1,1790758528201266,SAT,149,10728d70e0641a69:0x115a2d,6590211
v1,1790758528201621,UNSAT,116,10728d70e0641a69:0x115a2d,6590327
v1,1790758528201656,SAT,19,10728d70e0641a69:0x115a2d,6590346
v1,1790758528201907,UNSAT,93,10728d70e0641a69:0x115a2d,6590439
v1,1790758528201999,SAT,55,10728d70e0641a69:0x115a2d,6590494
v1,1790758528202187,SAT,58,10728d70e0641a69:0x115a2d,6590552
v1,1790758528202776,SAT,358,10728d70e0641a69:0x115a2d,6590910
v1,1790758528202842,SAT,43,10728d70e0641a69:0x115a2d,6590953
v1,1790758528203023,UNSAT,72,10728d70e0641a69:0x115a2d,6591025
v1,1790758528203092,SAT,59,10728d70e0641a69:0x115a2d,6591084
v1,1790758528203260,UNSAT,73,10728d70e0641a69:0x115a2d,6591157
v1,1790758528203337,SAT,62,10728d70e0641a69:0x115a2d,6591219
v1,1790758528203479,SAT,59,10728d70e0641a69:0x115a2d,6591278
v1,1790758528203990,SAT,339,10728d70e0641a69:0x115a2d,6591617
v1,1790758528204033,SAT,22,10728d70e0641a69:0x115a2d,6591639
v1,1790758528204202,UNSAT,74,10728d70e0641a69:0x115a2d,6591713
v1,1790758528204240,SAT,30,10728d70e0641a69:0x115a2d,6591743
v1,1790758528204389,UNSAT,60,10728d70e0641a69:0x115a2d,6591803
v1,1790758528204465,SAT,60,10728d70e0641a69:0x115a2d,6591863
v1,1790758528204607,SAT,59,10728d70e0641a69:0x115a2d,6591922
v1,1790758528205048,SAT,326,10728d70e0641a69:0x115a2d,6592248
v1,1790758528205100,SAT,32,10728d70e0641a69:0x115a2d,6592280
v1,1790758528205336,UNSAT,141,10728d70e0641a69:0x115a2d,6592421
v1,1790758528205363,SAT,18,10728d70e0641a69:0x115a2d,6592439
v1,1790758528205519,UNSAT,65,10728d70e0641a69:0x115a2d,6592504
v1,1790758528205585,SAT,52,10728d70e0641a69:0x115a2d,6592556
v1,1790758528205721,SAT,54,10728d70e0641a69:0x115a2d,6592610
v1,1790758528206225,SAT,322,10728d70e0641a69:0x115a2d,6592932
v1,1790758528206298,SAT,42,10728d70e0641a69:0x115a2d,6592974
v1,1790758528206559,UNSAT,108,10728d70e0641a69:0x115a2d,6593082
v1,1790758528206591,SAT,21,10728d70e0641a69:0x115a2d,6593103
v1,1790758528206866,UNSAT,132,10728d70e0641a69:0x115a2d,6593235
v1,1790758528207007,SAT,77,10728d70e0641a69:0x115a2d,6593312
v1,1790758528207235,SAT,61,10728d70e0641a69:0x115a2d,6593373
v1,1790758528207728,SAT,345,10728d70e0641a69:0x115a2d,6593718
v1,1790758528207789,SAT,38,10728d70e0641a69:0x115a2d,6593756
v1,1790758528207969,UNSAT,71,10728d70e0641a69:0x115a2d,6593827
v1,1790758528207996,SAT,17,10728d70e0641a69:0x115a2d,6593844
v1,1790758528208157,UNSAT,63,10728d70e0641a69:0x115a2d,6593907
v1,1790758528208227,SAT,55,10728d70e0641a69:0x115a2d,6593962
v1,1790758528208381,SAT,54,10728d70e0641a69:0x115a2d,6594016
v1,1790758528210616,SAT,1762,10728d70e0641a69:0x115a2d,6595778
v1,1790758528212251,SAT,46,10728d70e0641a69:0x115a2d,6595824
v1,1790758528212554,UNSAT,111,10728d70e0641a69:0x115a2d,6595935
v1,1790758528212585,SAT,18,10728d70e0641a69:0x115a2d,6595953
v1,1790758528212836,UNSAT,96,10728d70e0641a69:0x115a2d,6596049
v1,1790758528212934,SAT,55,10728d70e0641a69:0x115a2d,6596104
v1,1790758528213116,SAT,56,10728d70e0641a69:0x115a2d,6596160
v1,1790758528216815,SAT,3246,10728d70e0641a69:0x115a2d,6599406
v1,1790758528219944,SAT,43,10728d70e0641a69:0x115a2d,6599449
v1,1790758528220281,UNSAT,126,10728d70e0641a69:0x115a2d,6599575
v1,1790758528220463,SAT,167,10728d70e0641a69:0x115a2d,6599742
v1,1790758528220733,UNSAT,107,10728d70e0641a69:0x115a2d,6599849
v1,1790758528220834,SAT,58,10728d70e0641a69:0x115a2d,6599907
v1,1790758528221037,SAT,66,10728d70e0641a69:0x115a2d,6599973
v1,1790758528226462,SAT,4849,10728d70e0641a69:0x115a2d,6604822
v1,1790758528231093,SAT,46,10728d70e0641a69:0x115a2d,6604868
v1,1790758528231511,UNSAT,164,10728d70e0641a69:0x115a2d,6605032
v1,1790758528231565,SAT,36,10728d70e0641a69:0x115a2d,6605068
v1,1790758528231840,UNSAT,106,10728d70e0641a69:0x115a2d,6605174
v1,1790758528231944,SAT,60,10728d70e0641a69:0x115a2d,6605234
v1,1790758528232152,SAT,64,10728d70e0641a69:0x115a2d,6605298
v1,1790758528232750,SAT,355,10728d70e0641a69:0x115a2d,6605653
v1,1790758528232811,SAT,36,10728d70e0641a69:0x115a2d,6605689
v1,1790758528232994,UNSAT,73,10728d70e0641a69:0x115a2d,6605762
v1,1790758528233026,SAT,21,10728d70e0641a69:0x115a2d,6605783
v1,1790758528233185,UNSAT,65,10728d70e0641a69:0x115a2d,6605848
v1,1790758528233258,SAT,59,10728d70e0641a69:0x115a2d,6605907
v1,1790758528233413,SAT,57,10728d70e0641a69:0x115a2d,6605964
v1,1790758528233947,SAT,319,10728d70e0641a69:0x115a2d,6606283
v1,1790758528233990,SAT,22,10728d70e0641a69:0x115a2d,6606305
v1,1790758528234155,UNSAT,69,10728d70e0641a69:0x115a2d,6606374
v1,1790758528234180,SAT,17,10728d70e0641a69:0x115a2d,6606391
v1,1790758528234331,UNSAT,61,10728d70e0641a69:0x115a2d,6606452
v1,1790758528234397,SAT,53,10728d70e0641a69:0x115a2d,6606505
v1,1790758528234541,SAT,53,10728d70e0641a69:0x115a2d,6606558
v1,1790758528234967,SAT,312,10728d70e0641a69:0x115a2d,6606870
v1,1790758528235010,SAT,19,10728d70e0641a69:0x115a2d,6606889
v1,1790758528235274,UNSAT,112,10728d70e0641a69:0x115a2d,6607001
v1,1790758528235309,SAT,25,10728d70e0641a69:0x115a2d,6607026
v1,1790758528235529,UNSAT,93,10728d70e0641a69:0x115a2d,6607119
v1,1790758528235619,SAT,56,10728d70e0641a69:0x115a2d,6607175
v1,1790758528235789,SAT,60,10728d70e0641a69:0x115a2d,6607235
v1,1790758528236241,SAT,323,10728d70e0641a69:0x115a2d,6607558
v1,1790758528236290,SAT,23,10728d70e0641a69:0x115a2d,6607581
v1,1790758528236472,UNSAT,80,10728d70e0641a69:0x115a2d,6607661
v1,1790758528236506,SAT,25,10728d70e0641a69:0x115a2d,6607686
v1,1790758528236656,UNSAT,64,10728d70e0641a69:0x115a2d,6607750
v1,1790758528236726,SAT,56,10728d70e0641a69:0x115a2d,6607806
v1,1790758528236869,SAT,53,10728d70e0641a69:0x115a2d,6607859
v1,1790758528237314,SAT,328,10728d70e0641a69:0x115a2d,6608187
v1,1790758528237359,SAT,24,10728d70e0641a69:0x115a2d,6608211
v1,1790758528237518,UNSAT,66,10728d70e0641a69:0x115a2d,6608277
v1,1790758528237544,SAT,17,10728d70e0641a69:0x115a2d,6608294
v1,1790758528237695,UNSAT,65,10728d70e0641a69:0x115a2d,6608359
v1,1790758528237761,SAT,53,10728d70e0641a69:0x115a2d,6608412
v1,1790758528237905,SAT,57,10728d70e0641a69:0x115a2d,6608469
v1,1790758528240169,SAT,1817,10728d70e0641a69:0x115a2d,6610286
v1,1790758528241830,SAT,51,10728d70e0641a69:0x115a2d,6610337
v1,1790758528242130,UNSAT,106,10728d70e0641a69:0x115a2d,6610443
v1,1790758528242160,SAT,18,10728d70e0641a69:0x115a2d,6610461
v1,1790758528242416,UNSAT,103,10728d70e0641a69:0x115a2d,6610564
v1,1790758528242511,SAT,59,10728d70e0641a69:0x115a2d,6610623
v1,1790758528242698,SAT,57,10728d70e0641a69:0x115a2d,6610680
v1,1790758528246453,SAT,3264,10728d70e0641a69:0x115a2d,6613944
v1,1790758528249619,SAT,45,10728d70e0641a69:0x115a2d,6613989
v1,1790758528249931,UNSAT,116,10728d70e0641a69:0x115a2d,6614105
v1,1790758528249978,SAT,35,10728d70e0641a69:0x115a2d,6614140
v1,1790758528250223,UNSAT,94,10728d70e0641a69:0x115a2d,6614234
v1,1790758528250329,SAT,66,10728d70e0641a69:0x115a2d,6614300
v1,1790758528250517,SAT,62,10728d70e0641a69:0x115a2d,6614362
v1,1790758528255947,SAT,4901,10728d70e0641a69:0x115a2d,6619263
v1,1790758528260670,SAT,67,10728d70e0641a69:0x115a2d,6619330
v1,1790758528261075,UNSAT,138,10728d70e0641a69:0x115a2d,6619468
v1,1790758528261129,SAT,36,10728d70e0641a69:0x115a2d,6619504
v1,1790758528261501,UNSAT,207,10728d70e0641a69:0x115a2d,6619711
v1,1790758528261597,SAT,58,10728d70e0641a69:0x115a2d,6619769
v1,1790758528261802,SAT,74,10728d70e0641a69:0x115a2d,6619843
v1,1790758528262436,SAT,387,10728d70e0641a69:0x115a2d,6620230
v1,1790758528262493,SAT,26,10728d70e0641a69:0x115a2d,6620256
v1,1790758528262698,UNSAT,81,10728d70e0641a69:0x115a2d,6620337
v1,1790758528262746,SAT,36,10728d70e0641a69:0x115a2d,6620373
v1,1790758528262922,UNSAT,74,10728d70e0641a69:0x115a2d,6620447
v1,1790758528262995,SAT,56,10728d70e0641a69:0x115a2d,6620503
v1,1790758528263141,SAT,57,10728d70e0641a69:0x115a2d,6620560
v1,1790758528263657,SAT,357,10728d70e0641a69:0x115a2d,6620917
v1,1790758528263715,SAT,31,10728d70e0641a69:0x115a2d,6620948
v1,1790758528263901,UNSAT,78,10728d70e0641a69:0x115a2d,6621026
v1,1790758528263943,SAT,30,10728d70e0641a69:0x115a2d,6621056
v1,1790758528264102,UNSAT,68,10728d70e0641a69:0x115a2d,6621124
v1,1790758528264174,SAT,56,10728d70e0641a69:0x115a2d,6621180
v1,1790758528264356,SAT,61,10728d70e0641a69:0x115a2d,6621241
v1,1790758528264956,SAT,341,10728d70e0641a69:0x115a2d,6621582
v1,1790758528265017,SAT,26,10728d70e0641a69:0x115a2d,6621608
v1,1790758528265296,UNSAT,125,10728d70e0641a69:0x115a2d,6621733
v1,1790758528265339,SAT,30,10728d70e0641a69:0x115a2d,6621763
v1,1790758528265558,UNSAT,94,10728d70e0641a69:0x115a2d,6621857
v1,1790758528265652,SAT,57,10728d70e0641a69:0x115a2d,6621914
v1,1790758528265829,SAT,60,10728d70e0641a69:0x115a2d,6621974
v1,1790758528266394,SAT,370,10728d70e0641a69:0x115a2d,6622344
v1,1790758528266451,SAT,25,10728d70e0641a69:0x115a2d,6622369
v1,1790758528266684,UNSAT,110,10728d70e0641a69:0x115a2d,6622479
v1,1790758528266730,SAT,27,10728d70e0641a69:0x115a2d,6622506
v1,1790758528266977,UNSAT,98,10728d70e0641a69:0x115a2d,6622604
v1,1790758528267065,SAT,69,10728d70e0641a69:0x115a2d,6622673
v1,1790758528267241,SAT,66,10728d70e0641a69:0x115a2d,6622739
v1,1790758528269542,SAT,1827,10728d70e0641a69:0x115a2d,6624566
v1,1790758528271291,SAT,72,10728d70e0641a69:0x115a2d,6624638
v1,1790758528271779,UNSAT,184,10728d70e0641a69:0x115a2d,6624822
v1,1790758528271848,SAT,44,10728d70e0641a69:0x115a2d,6624866
v1,1790758528272154,UNSAT,115,10728d70e0641a69:0x115a2d,6624981
v1,1790758528272257,SAT,65,10728d70e0641a69:0x115a2d,6625046
v1,1790758528272456,SAT,63,10728d70e0641a69:0x115a2d,6625109
v1,1790758528273044,SAT,355,10728d70e0641a69:0x115a2d,6625464
v1,1790758528273105,SAT,37,10728d70e0641a69:0x115a2d,6625501
v1,1790758528273315,UNSAT,89,10728d70e0641a69:0x115a2d,6625590
v1,1790758528273358,SAT,32,10728d70e0641a69:0x115a2d,6625622
v1,1790758528273513,UNSAT,65,10728d70e0641a69:0x115a2d,6625687
v1,1790758528273593,SAT,63,10728d70e0641a69:0x115a2d,6625750
v1,1790758528273739,SAT,62,10728d70e0641a69:0x115a2d,6625812
v1,1790758528277641,SAT,3445,10728d70e0641a69:0x115a2d,6629257
v1,1790758528280850,SAT,48,10728d70e0641a69:0x115a2d,6629305
v1,1790758528281212,UNSAT,120,10728d70e0641a69:0x115a2d,6629425
v1,1790758528281252,SAT,26,10728d70e0641a69:0x115a2d,6629451
v1,1790758528281505,UNSAT,104,10728d70e0641a69:0x115a2d,6629555
v1,1790758528281604,SAT,62,10728d70e0641a69:0x115a2d,6629617
v1,1790758528281800,SAT,68,10728d70e0641a69:0x115a2d,6629685
v1,1790758528287091,SAT,4766,10728d70e0641a69:0x115a2d,6634451
v1,1790758528291743,SAT,44,10728d70e0641a69:0x115a2d,6634495
v1,1790758528292085,UNSAT,118,10728d70e0641a69:0x115a2d,6634613
v1,1790758528292121,SAT,23,10728d70e0641a69:0x115a2d,6634636
v1,1790758528292395,UNSAT,101,10728d70e0641a69:0x115a2d,6634737
v1,1790758528292497,SAT,65,10728d70e0641a69:0x115a2d,6634802
v1,1790758528292702,SAT,69,10728d70e0641a69:0x115a2d,6634871
v1,1790758528293385,SAT,368,10728d70e0641a69:0x115a2d,6635239
v1,1790758528293435,SAT,27,10728d70e0641a69:0x115a2d,6635266
v1,1790758528293613,UNSAT,73,10728d70e0641a69:0x115a2d,6635339
v1,1790758528293641,SAT,18,10728d70e0641a69:0x115a2d,6635357
v1,1790758528293814,UNSAT,77,10728d70e0641a69:0x115a2d,6635434
v1,1790758528293919,SAT,84,10728d70e0641a69:0x115a2d,6635518
v1,1790758528294093,SAT,68,10728d70e0641a69:0x115a2d,6635586
v1,1790758528294586,SAT,350,10728d70e0641a69:0x115a2d,6635936
v1,1790758528294641,SAT,33,10728d70e0641a69:0x115a2d,6635969
v1,1790758528294845,UNSAT,103,10728d70e0641a69:0x115a2d,6636072
v1,1790758528294883,SAT,27,10728d70e0641a69:0x115a2d,6636099
v1,1790758528295063,UNSAT,73,10728d70e0641a69:0x115a2d,6636172
v1,1790758528295139,SAT,62,10728d70e0641a69:0x115a2d,6636234
v1,1790758528295304,SAT,64,10728d70e0641a69:0x115a2d,6636298
v1,1790758528295801,SAT,365,10728d70e0641a69:0x115a2d,6636663
v1,1790758528295869,SAT,34,10728d70e0641a69:0x115a2d,6636697
v1,1790758528296085,UNSAT,103,10728d70e0641a69:0x115a2d,6636800
v1,1790758528296120,SAT,23,10728d70e0641a69:0x115a2d,6636823
v1,1790758528296301,UNSAT,78,10728d70e0641a69:0x115a2d,6636901
v1,1790758528296379,SAT,63,10728d70e0641a69:0x115a2d,6636964
v1,1790758528296537,SAT,62,10728d70e0641a69:0x115a2d,6637026
v1,1790758528297459,SAT,397,10728d70e0641a69:0x115a2d,6637423
v1,1790758528297521,SAT,32,10728d70e0641a69:0x115a2d,6637455
v1,1790758528297825,UNSAT,133,10728d70e0641a69:0x115a2d,6637588
v1,1790758528297866,SAT,29,10728d70e0641a69:0x115a2d,6637617
v1,1790758528298102,UNSAT,100,10728d70e0641a69:0x115a2d,6637717
v1,1790758528298210,SAT,61,10728d70e0641a69:0x115a2d,6637778
v1,1790758528298402,SAT,60,10728d70e0641a69:0x115a2d,6637838
v1,1790758528298905,SAT,360,10728d70e0641a69:0x115a2d,6638198
v1,1790758528298956,SAT,28,10728d70e0641a69:0x115a2d,6638226
v1,1790758528299142,UNSAT,80,10728d70e0641a69:0x115a2d,6638306
v1,1790758528299174,SAT,21,10728d70e0641a69:0x115a2d,6638327
v1,1790758528299348,UNSAT,71,10728d70e0641a69:0x115a2d,6638398
v1,1790758528299429,SAT,67,10728d70e0641a69:0x115a2d,6638465
v1,1790758528299597,SAT,61,10728d70e0641a69:0x115a2d,6638526
v1,1790758528301829,SAT,1798,10728d70e0641a69:0x115a2d,6640324
v1,1790758528303465,SAT,39,10728d70e0641a69:0x115a2d,6640363
v1,1790758528303770,UNSAT,111,10728d70e0641a69:0x115a2d,6640474
v1,1790758528303803,SAT,21,10728d70e0641a69:0x115a2d,6640495
v1,1790758528304046,UNSAT,95,10728d70e0641a69:0x115a2d,6640590
v1,1790758528304145,SAT,59,10728d70e0641a69:0x115a2d,6640649
v1,1790758528304345,SAT,62,10728d70e0641a69:0x115a2d,6640711
v1,1790758528308107,SAT,3268,10728d70e0641a69:0x115a2d,6643979
v1,1790758528311286,SAT,56,10728d70e0641a69:0x115a2d,6644035
v1,1790758528311651,UNSAT,125,10728d70e0641a69:0x115a2d,6644160
v1,1790758528311703,SAT,37,10728d70e0641a69:0x115a2d,6644197
v1,1790758528311963,UNSAT,104,10728d70e0641a69:0x115a2d,6644301
v1,1790758528312067,SAT,62,10728d70e0641a69:0x115a2d,6644363
v1,1790758528312268,SAT,72,10728d70e0641a69:0x115a2d,6644435
v1,1790758528317792,SAT,4912,10728d70e0641a69:0x115a2d,6649347
v1,1790758528322567,SAT,49,10728d70e0641a69:0x115a2d,6649396
v1,1790758528322913,UNSAT,119,10728d70e0641a69:0x115a2d,6649515
v1,1790758528322989,SAT,61,10728d70e0641a69:0x115a2d,6649576
v1,1790758528323246,UNSAT,100,10728d70e0641a69:0x115a2d,6649676
v1,1790758528323355,SAT,61,10728d70e0641a69:0x115a2d,6649737
v1,1790758528323611,SAT,83,10728d70e0641a69:0x115a2d,6649820
v1,1790758528324264,SAT,371,10728d70e0641a69:0x115a2d,6650191
v1,1790758528324317,SAT,27,10728d70e0641a69:0x115a2d,6650218
v1,1790758528324501,UNSAT,74,10728d70e0641a69:0x115a2d,6650292
v1,1790758528324536,SAT,25,10728d70e0641a69:0x115a2d,6650317
v1,1790758528324689,UNSAT,66,10728d70e0641a69:0x115a2d,6650383
v1,1790758528324766,SAT,63,10728d70e0641a69:0x115a2d,6650446
v1,1790758528324943,SAT,61,10728d70e0641a69:0x115a2d,6650507
v1,1790758528325426,SAT,347,10728d70e0641a69:0x115a2d,6650854
v1,1790758528325474,SAT,23,10728d70e0641a69:0x115a2d,6650877
v1,1790758528325731,UNSAT,111,10728d70e0641a69:0x115a2d,6650988
v1,1790758528325765,SAT,24,10728d70e0641a69:0x115a2d,6651012
v1,1790758528325998,UNSAT,103,10728d70e0641a69:0x115a2d,6651115
v1,1790758528326123,SAT,65,10728d70e0641a69:0x115a2d,6651180
v1,1790758528326330,SAT,65,10728d70e0641a69:0x115a2d,6651245
v1,1790758528326803,SAT,336,10728d70e0641a69:0x115a2d,6651581
v1,1790758528326845,SAT,22,10728d70e0641a69:0x115a2d,6651603
v1,1790758528327022,UNSAT,72,10728d70e0641a69:0x115a2d,6651675
v1,1790758528327060,SAT,28,10728d70e0641a69:0x115a2d,6651703
v1,1790758528327218,UNSAT,73,10728d70e0641a69:0x115a2d,6651776
v1,1790758528327296,SAT,64,10728d70e0641a69:0x115a2d,6651840
v1,1790758528327470,SAT,59,10728d70e0641a69:0x115a2d,6651899
v1,1790758528327935,SAT,340,10728d70e0641a69:0x115a2d,6652239
v1,1790758528327991,SAT,32,10728d70e0641a69:0x115a2d,6652271
v1,1790758528328174,UNSAT,80,10728d70e0641a69:0x115a2d,6652351
v1,1790758528328209,SAT,23,10728d70e0641a69:0x115a2d,6652374
v1,1790758528328371,UNSAT,66,10728d70e0641a69:0x115a2d,6652440
v1,1790758528328440,SAT,54,10728d70e0641a69:0x115a2d,6652494
v1,1790758528328590,SAT,65,10728d70e0641a69:0x115a2d,6652559
v1,1790758528330907,SAT,1791,10728d70e0641a69:0x115a2d,6654350
v1,1790758528332594,SAT,43,10728d70e0641a69:0x115a2d,6654393
v1,1790758528332934,UNSAT,120,10728d70e0641a69:0x115a2d,6654513
v1,1790758528332972,SAT,24,10728d70e0641a69:0x115a2d,6654537
v1,1790758528333268,UNSAT,117,10728d70e0641a69:0x115a2d,6654654
v1,1790758528333374,SAT,62,10728d70e0641a69:0x115a2d,6654716
v1,1790758528333571,SAT,63,10728d70e0641a69:0x115a2d,6654779
v1,1790758528337449,SAT,3364,10728d70e0641a69:0x115a2d,6658143
v1,1790758528340765,SAT,57,10728d70e0641a69:0x115a2d,6658200
v1,1790758528341157,UNSAT,133,10728d70e0641a69:0x115a2d,6658333
v1,1790758528341199,SAT,25,10728d70e0641a69:0x115a2d,6658358
v1,1790758528341479,UNSAT,105,10728d70e0641a69:0x115a2d,6658463
v1,1790758528341583,SAT,64,10728d70e0641a69:0x115a2d,6658527
v1,1790758528341776,SAT,62,10728d70e0641a69:0x115a2d,6658589
v1,1790758528342368,SAT,389,10728d70e0641a69:0x115a2d,6658978
v1,1790758528342430,SAT,27,10728d70e0641a69:0x115a2d,6659005
v1,1790758528342647,UNSAT,86,10728d70e0641a69:0x115a2d,6659091
v1,1790758528342678,SAT,19,10728d70e0641a69:0x115a2d,6659110
v1,1790758528342840,UNSAT,65,10728d70e0641a69:0x115a2d,6659175
v1,1790758528342908,SAT,54,10728d70e0641a69:0x115a2d,6659229
v1,1790758528343059,SAT,62,10728d70e0641a69:0x115a2d,6659291
v1,1790758528348591,SAT,4943,10728d70e0641a69:0x115a2d,6664234
v1,1790758528353394,SAT,45,10728d70e0641a69:0x115a2d,6664279
v1,1790758528353761,UNSAT,134,10728d70e0641a69:0x115a2d,6664413
v1,1790758528353813,SAT,35,10728d70e0641a69:0x115a2d,6664448
v1,1790758528354089,UNSAT,101,10728d70e0641a69:0x115a2d,6664549
v1,1790758528354191,SAT,63,10728d70e0641a69:0x115a2d,6664612
v1,1790758528354390,SAT,65,10728d70e0641a69:0x115a2d,6664677
v1,1790758528354980,SAT,363,10728d70e0641a69:0x115a2d,6665040
v1,1790758528355038,SAT,33,10728d70e0641a69:0x115a2d,6665073
v1,1790758528355234,UNSAT,74,10728d70e0641a69:0x115a2d,6665147
v1,1790758528355277,SAT,32,10728d70e0641a69:0x115a2d,6665179
v1,1790758528355451,UNSAT,70,10728d70e0641a69:0x115a2d,6665249
v1,1790758528355525,SAT,59,10728d70e0641a69:0x115a2d,6665308
v1,1790758528355670,SAT,60,10728d70e0641a69:0x115a2d,6665368
v1,1790758528356181,SAT,336,10728d70e0641a69:0x115a2d,6665704
v1,1790758528356228,SAT,24,10728d70e0641a69:0x115a2d,6665728
v1,1790758528356431,UNSAT,77,10728d70e0641a69:0x115a2d,6665805
v1,1790758528356465,SAT,23,10728d70e0641a69:0x115a2d,6665828
v1,1790758528356633,UNSAT,73,10728d70e0641a69:0x115a2d,6665901
v1,1790758528356705,SAT,58,10728d70e0641a69:0x115a2d,6665959
v1,1790758528356847,SAT,57,10728d70e0641a69:0x115a2d,6666016
v1,1790758528357315,SAT,347,10728d70e0641a69:0x115a2d,6666363
v1,1790758528357365,SAT,30,10728d70e0641a69:0x115a2d,6666393
v1,1790758528357534,UNSAT,75,10728d70e0641a69:0x115a2d,6666468
v1,1790758528357564,SAT,21,10728d70e0641a69:0x115a2d,6666489
v1,1790758528357727,UNSAT,65,10728d70e0641a69:0x115a2d,6666554
v1,1790758528357799,SAT,58,10728d70e0641a69:0x115a2d,6666612
v1,1790758528357946,SAT,61,10728d70e0641a69:0x115a2d,6666673
v1,1790758528358462,SAT,340,10728d70e0641a69:0x115a2d,6667013
v1,1790758528358513,SAT,23,10728d70e0641a69:0x115a2d,6667036
v1,1790758528358777,UNSAT,112,10728d70e0641a69:0x115a2d,6667148
v1,1790758528358809,SAT,21,10728d70e0641a69:0x115a2d,6667169
v1,1790758528359033,UNSAT,97,10728d70e0641a69:0x115a2d,6667266
v1,1790758528359128,SAT,56,10728d70e0641a69:0x115a2d,6667322
v1,1790758528359316,SAT,73,10728d70e0641a69:0x115a2d,6667395
v1,1790758528359810,SAT,339,10728d70e0641a69:0x115a2d,6667734
v1,1790758528359856,SAT,24,10728d70e0641a69:0x115a2d,6667758
v1,1790758528360031,UNSAT,72,10728d70e0641a69:0x115a2d,6667830
v1,1790758528360065,SAT,25,10728d70e0641a69:0x115a2d,6667855
v1,1790758528360225,UNSAT,64,10728d70e0641a69:0x115a2d,6667919
v1,1790758528360305,SAT,65,10728d70e0641a69:0x115a2d,6667984
v1,1790758528360453,SAT,62,10728d70e0641a69:0x115a2d,6668046
v1,1790758528362691,SAT,1767,10728d70e0641a69:0x115a2d,6669813
v1,1790758528364380,SAT,40,10728d70e0641a69:0x115a2d,6669853
v1,1790758528364695,UNSAT,113,10728d70e0641a69:0x115a2d,6669966
v1,1790758528364734,SAT,25,10728d70e0641a69:0x115a2d,6669991
v1,1790758528364986,UNSAT,107,10728d70e0641a69:0x115a2d,6670098
v1,1790758528365092,SAT,64,10728d70e0641a69:0x115a2d,6670162
v1,1790758528365305,SAT,78,10728d70e0641a69:0x115a2d,6670240
v1,1790758528368994,SAT,3234,10728d70e0641a69:0x115a2d,6673474
v1,1790758528372197,SAT,45,10728d70e0641a69:0x115a2d,6673519
v1,1790758528372547,UNSAT,118,10728d70e0641a69:0x115a2d,6673637
v1,1790758528372584,SAT,24,10728d70e0641a69:0x115a2d,6673661
v1,1790758528372850,UNSAT,113,10728d70e0641a69:0x115a2d,6673774
v1,1790758528372954,SAT,63,10728d70e0641a69:0x115a2d,6673837
v1,1790758528373159,SAT,67,10728d70e0641a69:0x115a2d,6673904
v1,1790758528378507,SAT,4788,10728d70e0641a69:0x115a2d,6678692
v1,1790758528383196,SAT,76,10728d70e0641a69:0x115a2d,6678768
v1,1790758528383587,UNSAT,134,10728d70e0641a69:0x115a2d,6678902
v1,1790758528383666,SAT,61,10728d70e0641a69:0x115a2d,6678963
v1,1790758528383952,UNSAT,106,10728d70e0641a69:0x115a2d,6679069
v1,1790758528384054,SAT,61,10728d70e0641a69:0x115a2d,6679130
v1,1790758528384270,SAT,85,10728d70e0641a69:0x115a2d,6679215
v1,1790758528384857,SAT,353,10728d70e0641a69:0x115a2d,6679568
v1,1790758528384906,SAT,25,10728d70e0641a69:0x115a2d,6679593
v1,1790758528385101,UNSAT,76,10728d70e0641a69:0x115a2d,6679669
v1,1790758528385140,SAT,29,10728d70e0641a69:0x115a2d,6679698
v1,1790758528385306,UNSAT,75,10728d70e0641a69:0x115a2d,6679773
v1,1790758528385377,SAT,55,10728d70e0641a69:0x115a2d,6679828
v1,1790758528385530,SAT,59,10728d70e0641a69:0x115a2d,6679887
v1,1790758528386086,SAT,335,10728d70e0641a69:0x115a2d,6680222
v1,1790758528386147,SAT,41,10728d70e0641a69:0x115a2d,6680263
v1,1790758528386322,UNSAT,78,10728d70e0641a69:0x115a2d,6680341
v1,1790758528386363,SAT,32,10728d70e0641a69:0x115a2d,6680373
v1,1790758528386519,UNSAT,68,10728d70e0641a69:0x115a2d,6680441
v1,1790758528386589,SAT,56,10728d70e0641a69:0x115a2d,6680497
v1,1790758528386734,SAT,60,10728d70e0641a69:0x115a2d,6680557
v1,1790758528387170,SAT,324,10728d70e0641a69:0x115a2d,6680881
v1,1790758528387225,SAT,29,10728d70e0641a69:0x115a2d,6680910
v1,1790758528387516,UNSAT,117,10728d70e0641a69:0x115a2d,6681027
v1,1790758528387550,SAT,22,10728d70e0641a69:0x115a2d,6681049
v1,1790758528387787,UNSAT,99,10728d70e0641a69:0x115a2d,6681148
v1,1790758528387886,SAT,53,10728d70e0641a69:0x115a2d,6681201
v1,1790758528388066,SAT,56,10728d70e0641a69:0x115a2d,6681257
v1,1790758528388534,SAT,337,10728d70e0641a69:0x115a2d,6681594
v1,1790758528388605,SAT,45,10728d70e0641a69:0x115a2d,6681639
v1,1790758528388775,UNSAT,70,10728d70e0641a69:0x115a2d,6681709
v1,1790758528388807,SAT,23,10728d70e0641a69:0x115a2d,6681732
v1,1790758528388961,UNSAT,61,10728d70e0641a69:0x115a2d,6681793
v1,1790758528389028,SAT,52,10728d70e0641a69:0x115a2d,6681845
v1,1790758528389181,SAT,55,10728d70e0641a69:0x115a2d,6681900
v1,1790758528389643,SAT,327,10728d70e0641a69:0x115a2d,6682227
v1,1790758528389685,SAT,22,10728d70e0641a69:0x115a2d,6682249
v1,1790758528389848,UNSAT,69,10728d70e0641a69:0x115a2d,6682318
v1,1790758528389877,SAT,20,10728d70e0641a69:0x115a2d,6682338
v1,1790758528390027,UNSAT,67,10728d70e0641a69:0x115a2d,6682405
v1,1790758528390093,SAT,52,10728d70e0641a69:0x115a2d,6682457
v1,1790758528390241,SAT,63,10728d70e0641a69:0x115a2d,6682520
v1,1790758528392434,SAT,1737,10728d70e0641a69:0x115a2d,6684257
v1,1790758528394570,SAT,41,10728d70e0641a69:0x115a2d,6684298
v1,1790758528394919,UNSAT,122,10728d70e0641a69:0x115a2d,6684420
v1,1790758528394966,SAT,31,10728d70e0641a69:0x115a2d,6684451
v1,1790758528395228,UNSAT,103,10728d70e0641a69:0x115a2d,6684554
v1,1790758528395831,SAT,549,10728d70e0641a69:0x115a2d,6685103
v1,1790758528396056,SAT,71,10728d70e0641a69:0x115a2d,6685174
v1,1790758528399935,SAT,3353,10728d70e0641a69:0x115a2d,6688527
v1,1790758528403144,SAT,61,10728d70e0641a69:0x115a2d,6688588
v1,1790758528403513,UNSAT,125,10728d70e0641a69:0x115a2d,6688713
v1,1790758528403561,SAT,31,10728d70e0641a69:0x115a2d,6688744
v1,1790758528403828,UNSAT,107,10728d70e0641a69:0x115a2d,6688851
v1,1790758528403931,SAT,54,10728d70e0641a69:0x115a2d,6688905
v1,1790758528404137,SAT,73,10728d70e0641a69:0x115a2d,6688978
v1,1790758528409479,SAT,4760,10728d70e0641a69:0x115a2d,6693738
v1,1790758528414162,SAT,66,10728d70e0641a69:0x115a2d,6693804
v1,1790758528414555,UNSAT,142,10728d70e0641a69:0x115a2d,6693946
v1,1790758528414591,SAT,20,10728d70e0641a69:0x115a2d,6693966
v1,1790758528414853,UNSAT,100,10728d70e0641a69:0x115a2d,6694066
v1,1790758528414953,SAT,55,10728d70e0641a69:0x115a2d,6694121
v1,1790758528415144,SAT,58,10728d70e0641a69:0x115a2d,6694179
v1,1790758528415742,SAT,354,10728d70e0641a69:0x115a2d,6694533
v1,1790758528415787,SAT,21,10728d70e0641a69:0x115a2d,6694554
v1,1790758528415964,UNSAT,71,10728d70e0641a69:0x115a2d,6694625
v1,1790758528415992,SAT,17,10728d70e0641a69:0x115a2d,6694642
v1,1790758528416143,UNSAT,62,10728d70e0641a69:0x115a2d,6694704
v1,1790758528416209,SAT,52,10728d70e0641a69:0x115a2d,6694756
v1,1790758528416356,SAT,55,10728d70e0641a69:0x115a2d,6694811
v1,1790758528416808,SAT,333,10728d70e0641a69:0x115a2d,6695144
v1,1790758528416847,SAT,20,10728d70e0641a69:0x115a2d,6695164
v1,1790758528417011,UNSAT,65,10728d70e0641a69:0x115a2d,6695229
v1,1790758528417037,SAT,18,10728d70e0641a69:0x115a2d,6695247
v1,1790758528417175,UNSAT,59,10728d70e0641a69:0x115a2d,6695306
v1,1790758528417241,SAT,52,10728d70e0641a69:0x115a2d,6695358
v1,1790758528417383,SAT,56,10728d70e0641a69:0x115a2d,6695414
v1,1790758528417934,SAT,332,10728d70e0641a69:0x115a2d,6695746
v1,1790758528417979,SAT,20,10728d70e0641a69:0x115a2d,6695766
v1,1790758528418232,UNSAT,99,10728d70e0641a69:0x115a2d,6695865
v1,1790758528418266,SAT,24,10728d70e0641a69:0x115a2d,6695889
v1,1790758528418485,UNSAT,91,10728d70e0641a69:0x115a2d,6695980
v1,1790758528418577,SAT,54,10728d70e0641a69:0x115a2d,6696034
v1,1790758528418747,SAT,53,10728d70e0641a69:0x115a2d,6696087
v1,1790758528419333,SAT,423,10728d70e0641a69:0x115a2d,6696510
v1,1790758528419407,SAT,33,10728d70e0641a69:0x115a2d,6696543
v1,1790758528419674,UNSAT,103,10728d70e0641a69:0x115a2d,6696646
v1,1790758528419723,SAT,31,10728d70e0641a69:0x115a2d,6696677
v1,1790758528419960,UNSAT,105,10728d70e0641a69:0x115a2d,6696782
v1,1790758528420066,SAT,78,10728d70e0641a69:0x115a2d,6696860
v1,1790758528420348,SAT,141,10728d70e0641a69:0x115a2d,6697001
v1,1790758528423311,SAT,2312,10728d70e0641a69:0x115a2d,6699313
v1,1790758528425474,SAT,44,10728d70e0641a69:0x115a2d,6699357
v1,1790758528425845,UNSAT,130,10728d70e0641a69:0x115a2d,6699487
v1,1790758528425885,SAT,25,10728d70e0641a69:0x115a2d,6699512
v1,1790758528426152,UNSAT,104,10728d70e0641a69:0x115a2d,6699616
v1,1790758528426278,SAT,85,10728d70e0641a69:0x115a2d,6699701
v1,1790758528426586,SAT,88,10728d70e0641a69:0x115a2d,6699789
v1,1790758528427211,SAT,376,10728d70e0641a69:0x115a2d,6700165
v1,1790758528427301,SAT,63,10728d70e0641a69:0x115a2d,6700228
v1,1790758528427503,UNSAT,84,10728d70e0641a69:0x115a2d,6700312
v1,1790758528427549,SAT,35,10728d70e0641a69:0x115a2d,6700347
v1,1790758528427747,UNSAT,69,10728d70e0641a69:0x115a2d,6700416
v1,1790758528427816,SAT,54,10728d70e0641a69:0x115a2d,6700470
v1,1790758528427962,SAT,57,10728d70e0641a69:0x115a2d,6700527
v1,1790758528432057,SAT,3639,10728d70e0641a69:0x115a2d,6704166
v1,1790758528435243,SAT,39,10728d70e0641a69:0x115a2d,6704205
v1,1790758528435606,UNSAT,115,10728d70e0641a69:0x115a2d,6704320
v1,1790758528435654,SAT,33,10728d70e0641a69:0x115a2d,6704353
v1,1790758528435910,UNSAT,104,10728d70e0641a69:0x115a2d,6704457
v1,1790758528436016,SAT,65,10728d70e0641a69:0x115a2d,6704522
v1,1790758528436230,SAT,66,10728d70e0641a69:0x115a2d,6704588
v1,1790758528441517,SAT,4783,10728d70e0641a69:0x115a2d,6709371
v1,1790758528446194,SAT,42,10728d70e0641a69:0x115a2d,6709413
v1,1790758528446571,UNSAT,131,10728d70e0641a69:0x115a2d,6709544
v1,1790758528446612,SAT,24,10728d70e0641a69:0x115a2d,6709568
v1,1790758528446875,UNSAT,100,10728d70e0641a69:0x115a2d,6709668
v1,1790758528446981,SAT,58,10728d70e0641a69:0x115a2d,6709726
v1,1790758528447264,SAT,135,10728d70e0641a69:0x115a2d,6709861
v1,1790758528448023,SAT,369,10728d70e0641a69:0x115a2d,6710230
v1,1790758528448075,SAT,24,10728d70e0641a69:0x115a2d,6710254
v1,1790758528448292,UNSAT,97,10728d70e0641a69:0x115a2d,6710351
v1,1790758528448376,SAT,46,10728d70e0641a69:0x115a2d,6710397
v1,1790758528448709,UNSAT,125,10728d70e0641a69:0x115a2d,6710522
v1,1790758528448845,SAT,97,10728d70e0641a69:0x115a2d,6710619
v1,1790758528449139,SAT,109,10728d70e0641a69:0x115a2d,6710728
v1,1790758528449779,SAT,361,10728d70e0641a69:0x115a2d,6711089
v1,1790758528449831,SAT,22,10728d70e0641a69:0x115a2d,6711111
v1,1790758528450028,UNSAT,83,10728d70e0641a69:0x115a2d,6711194
v1,1790758528450060,SAT,22,10728d70e0641a69:0x115a2d,6711216
v1,1790758528450222,UNSAT,66,10728d70e0641a69:0x115a2d,6711282
v1,1790758528450303,SAT,67,10728d70e0641a69:0x115a2d,6711349
v1,1790758528450461,SAT,61,10728d70e0641a69:0x115a2d,6711410
v1,1790758528450908,SAT,328,10728d70e0641a69:0x115a2d,6711738
v1,1790758528450952,SAT,23,10728d70e0641a69:0x115a2d,6711761
v1,1790758528451127,UNSAT,74,10728d70e0641a69:0x115a2d,6711835
v1,1790758528451159,SAT,23,10728d70e0641a69:0x115a2d,6711858
v1,1790758528451314,UNSAT,62,10728d70e0641a69:0x115a2d,6711920
v1,1790758528451385,SAT,56,10728d70e0641a69:0x115a2d,6711976
v1,1790758528451525,SAT,53,10728d70e0641a69:0x115a2d,6712029
v1,1790758528452345,SAT,359,10728d70e0641a69:0x115a2d,6712388
v1,1790758528452402,SAT,29,10728d70e0641a69:0x115a2d,6712417
v1,1790758528452666,UNSAT,109,10728d70e0641a69:0x115a2d,6712526
v1,1790758528452696,SAT,20,10728d70e0641a69:0x115a2d,6712546
v1,1790758528452928,UNSAT,97,10728d70e0641a69:0x115a2d,6712643
v1,1790758528453024,SAT,56,10728d70e0641a69:0x115a2d,6712699
v1,1790758528453208,SAT,59,10728d70e0641a69:0x115a2d,6712758
v1,1790758528453706,SAT,353,10728d70e0641a69:0x115a2d,6713111
v1,1790758528453756,SAT,23,10728d70e0641a69:0x115a2d,6713134
v1,1790758528453938,UNSAT,76,10728d70e0641a69:0x115a2d,6713210
v1,1790758528453966,SAT,18,10728d70e0641a69:0x115a2d,6713228
v1,1790758528454114,UNSAT,61,10728d70e0641a69:0x115a2d,6713289
v1,1790758528454182,SAT,54,10728d70e0641a69:0x115a2d,6713343
v1,1790758528454346,SAT,57,10728d70e0641a69:0x115a2d,6713400
v1,1790758528456528,SAT,1764,10728d70e0641a69:0x115a2d,6715164
v1,1790758528458168,SAT,31,10728d70e0641a69:0x115a2d,6715195
v1,1790758528458475,UNSAT,113,10728d70e0641a69:0x115a2d,6715308
v1,1790758528458510,SAT,23,10728d70e0641a69:0x115a2d,6715331
v1,1790758528458753,UNSAT,98,10728d70e0641a69:0x115a2d,6715429
v1,1790758528458849,SAT,55,10728d70e0641a69:0x115a2d,6715484
v1,1790758528459037,SAT,58,10728d70e0641a69:0x115a2d,6715542
v1,1790758528462867,SAT,3336,10728d70e0641a69:0x115a2d,6718878
v1,1790758528466066,SAT,80,10728d70e0641a69:0x115a2d,6718958
v1,1790758528466423,UNSAT,135,10728d70e0641a69:0x115a2d,6719093
v1,1790758528466460,SAT,23,10728d70e0641a69:0x115a2d,6719116
v1,1790758528466723,UNSAT,106,10728d70e0641a69:0x115a2d,6719222
v1,1790758528466827,SAT,63,10728d70e0641a69:0x115a2d,6719285
v1,1790758528467024,SAT,64,10728d70e0641a69:0x115a2d,6719349
v1,1790758528472325,SAT,4736,10728d70e0641a69:0x115a2d,6724085
v1,1790758528476987,SAT,67,10728d70e0641a69:0x115a2d,6724152
v1,1790758528477332,UNSAT,127,10728d70e0641a69:0x115a2d,6724279
v1,1790758528477385,SAT,36,10728d70e0641a69:0x115a2d,6724315
v1,1790758528477642,UNSAT,106,10728d70e0641a69:0x115a2d,6724421
v1,1790758528477741,SAT,59,10728d70e0641a69:0x115a2d,6724480
v1,1790758528477935,SAT,63,10728d70e0641a69:0x115a2d,6724543
v1,1790758528478576,SAT,367,10728d70e0641a69:0x115a2d,6724910
v1,1790758528478639,SAT,37,10728d70e0641a69:0x115a2d,6724947
v1,1790758528478830,UNSAT,77,10728d70e0641a69:0x115a2d,6725024
v1,1790758528478866,SAT,22,10728d70e0641a69:0x115a2d,6725046
v1,1790758528479023,UNSAT,64,10728d70e0641a69:0x115a2d,6725110
v1,1790758528479091,SAT,54,10728d70e0641a69:0x115a2d,6725164
v1,1790758528479238,SAT,54,10728d70e0641a69:0x115a2d,6725218
v1,1790758528479733,SAT,360,10728d70e0641a69:0x115a2d,6725578
v1,1790758528479794,SAT,31,10728d70e0641a69:0x115a2d,6725609
v1,1790758528480049,UNSAT,108,10728d70e0641a69:0x115a2d,6725717
v1,1790758528480076,SAT,17,10728d70e0641a69:0x115a2d,6725734
v1,1790758528480290,UNSAT,96,10728d70e0641a69:0x115a2d,6725830
v1,1790758528480386,SAT,56,10728d70e0641a69:0x115a2d,6725886
v1,1790758528480591,SAT,62,10728d70e0641a69:0x115a2d,6725948
v1,1790758528481065,SAT,338,10728d70e0641a69:0x115a2d,6726286
v1,1790758528481111,SAT,24,10728d70e0641a69:0x115a2d,6726310
v1,1790758528481296,UNSAT,90,10728d70e0641a69:0x115a2d,6726400
v1,1790758528481328,SAT,18,10728d70e0641a69:0x115a2d,6726418
v1,1790758528481491,UNSAT,73,10728d70e0641a69:0x115a2d,6726491
v1,1790758528481563,SAT,58,10728d70e0641a69:0x115a2d,6726549
v1,1790758528481704,SAT,55,10728d70e0641a69:0x115a2d,6726604
v1,1790758528482146,SAT,326,10728d70e0641a69:0x115a2d,6726930
v1,1790758528482189,SAT,20,10728d70e0641a69:0x115a2d,6726950
v1,1790758528482381,UNSAT,81,10728d70e0641a69:0x115a2d,6727031
v1,1790758528482411,SAT,18,10728d70e0641a69:0x115a2d,6727049
v1,1790758528482577,UNSAT,73,10728d70e0641a69:0x115a2d,6727122
v1,1790758528482650,SAT,58,10728d70e0641a69:0x115a2d,6727180
v1,1790758528482801,SAT,60,10728d70e0641a69:0x115a2d,6727240
v1,1790758528485029,SAT,1744,10728d70e0641a69:0x115a2d,6728984
v1,1790758528486664,SAT,34,10728d70e0641a69:0x115a2d,6729018
v1,1790758528486973,UNSAT,113,10728d70e0641a69:0x115a2d,6729131
v1,1790758528487008,SAT,22,10728d70e0641a69:0x115a2d,6729153
v1,1790758528487266,UNSAT,113,10728d70e0641a69:0x115a2d,6729266
v1,1790758528487369,SAT,60,10728d70e0641a69:0x115a2d,6729326
v1,1790758528487560,SAT,62,10728d70e0641a69:0x115a2d,6729388
v1,1790758528491321,SAT,3264,10728d70e0641a69:0x115a2d,6732652
v1,1790758528494501,SAT,40,10728d70e0641a69:0x115a2d,6732692
v1,1790758528494833,UNSAT,115,10728d70e0641a69:0x115a2d,6732807
v1,1790758528494896,SAT,50,10728d70e0641a69:0x115a2d,6732857
v1,1790758528495151,UNSAT,99,10728d70e0641a69:0x115a2d,6732956
v1,1790758528495254,SAT,62,10728d70e0641a69:0x115a2d,6733018
v1,1790758528495456,SAT,70,10728d70e0641a69:0x115a2d,6733088
v1,1790758528495969,SAT,357,10728d70e0641a69:0x115a2d,6733445
v1,1790758528496015,SAT,23,10728d70e0641a69:0x115a2d,6733468
v1,1790758528496193,UNSAT,75,10728d70e0641a69:0x115a2d,6733543
v1,1790758528496225,SAT,22,10728d70e0641a69:0x115a2d,6733565
v1,1790758528496387,UNSAT,67,10728d70e0641a69:0x115a2d,6733632
v1,1790758528496459,SAT,57,10728d70e0641a69:0x115a2d,6733689
v1,1790758528496604,SAT,56,10728d70e0641a69:0x115a2d,6733745
v1,1790758528501971,SAT,4852,10728d70e0641a69:0x115a2d,6738597
v1,1790758528506605,SAT,40,10728d70e0641a69:0x115a2d,6738637
v1,1790758528506958,UNSAT,122,10728d70e0641a69:0x115a2d,6738759
v1,1790758528507001,SAT,29,10728d70e0641a69:0x115a2d,6738788
v1,1790758528507267,UNSAT,107,10728d70e0641a69:0x115a2d,6738895
v1,1790758528507368,SAT,60,10728d70e0641a69:0x115a2d,6738955
v1,1790758528507567,SAT,63,10728d70e0641a69:0x115a2d,6739018
v1,1790758528508150,SAT,360,10728d70e0641a69:0x115a2d,6739378
v1,1790758528508201,SAT,27,10728d70e0641a69:0x115a2d,6739405
v1,1790758528508423,UNSAT,88,10728d70e0641a69:0x115a2d,6739493
v1,1790758528508458,SAT,26,10728d70e0641a69:0x115a2d,6739519
v1,1790758528508623,UNSAT,72,10728d70e0641a69:0x115a2d,6739591
v1,1790758528508694,SAT,57,10728d70e0641a69:0x115a2d,6739648
v1,1790758528508842,SAT,61,10728d70e0641a69:0x115a2d,6739709
v1,1790758528509373,SAT,346,10728d70e0641a69:0x115a2d,6740055
v1,1790758528509428,SAT,33,10728d70e0641a69:0x115a2d,6740088
v1,1790758528509615,UNSAT,82,10728d70e0641a69:0x115a2d,6740170
v1,1790758528509644,SAT,21,10728d70e0641a69:0x115a2d,6740191
v1,1790758528509789,UNSAT,60,10728d70e0641a69:0x115a2d,6740251
v1,1790758528509855,SAT,52,10728d70e0641a69:0x115a2d,6740303
v1,1790758528509998,SAT,62,10728d70e0641a69:0x115a2d,6740365
v1,1790758528510454,SAT,341,10728d70e0641a69:0x115a2d,6740706
v1,1790758528510504,SAT,28,10728d70e0641a69:0x115a2d,6740734
v1,1790758528510680,UNSAT,76,10728d70e0641a69:0x115a2d,6740810
v1,1790758528510709,SAT,20,10728d70e0641a69:0x115a2d,6740830
v1,1790758528510874,UNSAT,70,10728d70e0641a69:0x115a2d,6740900
v1,1790758528510945,SAT,55,10728d70e0641a69:0x115a2d,6740955
v1,1790758528511092,SAT,58,10728d70e0641a69:0x115a2d,6741013
v1,1790758528511587,SAT,316,10728d70e0641a69:0x115a2d,6741329
v1,1790758528511632,SAT,20,10728d70e0641a69:0x115a2d,6741349
v1,1790758528511885,UNSAT,104,10728d70e0641a69:0x115a2d,6741453
v1,1790758528511913,SAT,17,10728d70e0641a69:0x115a2d,6741470
v1,1790758528512133,UNSAT,93,10728d70e0641a69:0x115a2d,6741563
v1,1790758528512226,SAT,52,10728d70e0641a69:0x115a2d,6741615
v1,1790758528512420,SAT,59,10728d70e0641a69:0x115a2d,6741674
v1,1790758528512867,SAT,320,10728d70e0641a69:0x115a2d,6741994
v1,1790758528512906,SAT,21,10728d70e0641a69:0x115a2d,6742015
v1,1790758528513071,UNSAT,67,10728d70e0641a69:0x115a2d,6742082
v1,1790758528513097,SAT,17,10728d70e0641a69:0x115a2d,6742099
v1,1790758528513260,UNSAT,66,10728d70e0641a69:0x115a2d,6742165
v1,1790758528513327,SAT,51,10728d70e0641a69:0x115a2d,6742216
v1,1790758528513466,SAT,54,10728d70e0641a69:0x115a2d,6742270
v1,1790758528515680,SAT,1761,10728d70e0641a69:0x115a2d,6744031
v1,1790758528517313,SAT,43,10728d70e0641a69:0x115a2d,6744074
v1,1790758528517623,UNSAT,120,10728d70e0641a69:0x115a2d,6744194
v1,1790758528517656,SAT,20,10728d70e0641a69:0x115a2d,6744214
v1,1790758528517914,UNSAT,103,10728d70e0641a69:0x115a2d,6744317
v1,1790758528518011,SAT,56,10728d70e0641a69:0x115a2d,6744373
v1,1790758528518224,SAT,69,10728d70e0641a69:0x115a2d,6744442
v1,1790758528521960,SAT,3283,10728d70e0641a69:0x115a2d,6747725
v1,1790758528525125,SAT,64,10728d70e0641a69:0x115a2d,6747789
v1,1790758528525504,UNSAT,115,10728d70e0641a69:0x115a2d,6747904
v1,1790758528525537,SAT,19,10728d70e0641a69:0x115a2d,6747923
v1,1790758528525797,UNSAT,95,10728d70e0641a69:0x115a2d,6748018
v1,1790758528525891,SAT,54,10728d70e0641a69:0x115a2d,6748072
v1,1790758528526072,SAT,57,10728d70e0641a69:0x115a2d,6748129
v1,1790758528531383,SAT,4776,10728d70e0641a69:0x115a2d,6752905
v1,1790758528536024,SAT,63,10728d70e0641a69:0x115a2d,6752968
v1,1790758528536370,UNSAT,115,10728d70e0641a69:0x115a2d,6753083
v1,1790758528536416,SAT,32,10728d70e0641a69:0x115a2d,6753115
v1,1790758528536681,UNSAT,105,10728d70e0641a69:0x115a2d,6753220
v1,1790758528536782,SAT,61,10728d70e0641a69:0x115a2d,6753281
v1,1790758528536988,SAT,63,10728d70e0641a69:0x115a2d,6753344
v1,1790758528537576,SAT,360,10728d70e0641a69:0x115a2d,6753704
v1,1790758528537623,SAT,22,10728d70e0641a69:0x115a2d,6753726
v1,1790758528537799,UNSAT,71,10728d70e0641a69:0x115a2d,6753797
v1,1790758528537827,SAT,17,10728d70e0641a69:0x115a2d,6753814
v1,1790758528537977,UNSAT,63,10728d70e0641a69:0x115a2d,6753877
v1,1790758528538044,SAT,53,10728d70e0641a69:0x115a2d,6753930
v1,1790758528538194,SAT,61,10728d70e0641a69:0x115a2d,6753991
v1,1790758528538744,SAT,324,10728d70e0641a69:0x115a2d,6754315
v1,1790758528538786,SAT,21,10728d70e0641a69:0x115a2d,6754336
v1,1790758528538956,UNSAT,71,10728d70e0641a69:0x115a2d,6754407
v1,1790758528538991,SAT,21,10728d70e0641a69:0x115a2d,6754428
v1,1790758528539142,UNSAT,64,10728d70e0641a69:0x115a2d,6754492
v1,1790758528539208,SAT,52,10728d70e0641a69:0x115a2d,6754544
v1,1790758528539362,SAT,58,10728d70e0641a69:0x115a2d,6754602
v1,1790758528539798,SAT,315,10728d70e0641a69:0x115a2d,6754917
v1,1790758528539843,SAT,19,10728d70e0641a69:0x115a2d,6754936
v1,1790758528540088,UNSAT,105,10728d70e0641a69:0x115a2d,6755041
v1,1790758528540118,SAT,21,10728d70e0641a69:0x115a2d,6755062
v1,1790758528540349,UNSAT,106,10728d70e0641a69:0x115a2d,6755168
v1,1790758528540446,SAT,55,10728d70e0641a69:0x115a2d,6755223
v1,1790758528540634,SAT,57,10728d70e0641a69:0x115a2d,6755280
v1,1790758528541092,SAT,324,10728d70e0641a69:0x115a2d,6755604
v1,1790758528541133,SAT,21,10728d70e0641a69:0x115a2d,6755625
v1,1790758528541311,UNSAT,78,10728d70e0641a69:0x115a2d,6755703
v1,1790758528541339,SAT,18,10728d70e0641a69:0x115a2d,6755721
v1,1790758528541490,UNSAT,61,10728d70e0641a69:0x115a2d,6755782
v1,1790758528541557,SAT,54,10728d70e0641a69:0x115a2d,6755836
v1,1790758528541697,SAT,54,10728d70e0641a69:0x115a2d,6755890
v1,1790758528542143,SAT,327,10728d70e0641a69:0x115a2d,6756217
v1,1790758528542196,SAT,29,10728d70e0641a69:0x115a2d,6756246
v1,1790758528542392,UNSAT,81,10728d70e0641a69:0x115a2d,6756327
v1,1790758528542424,SAT,22,10728d70e0641a69:0x115a2d,6756349
v1,1790758528542579,UNSAT,66,10728d70e0641a69:0x115a2d,6756415
v1,1790758528542647,SAT,54,10728d70e0641a69:0x115a2d,6756469
v1,1790758528542797,SAT,68,10728d70e0641a69:0x115a2d,6756537
v1,1790758528544985,SAT,1762,10728d70e0641a69:0x115a2d,6758299
v1,1790758528546625,SAT,42,10728d70e0641a69:0x115a2d,6758341
v1,1790758528546937,UNSAT,122,10728d70e0641a69:0x115a2d,6758463
v1,1790758528546977,SAT,28,10728d70e0641a69:0x115a2d,6758491
v1,1790758528547231,UNSAT,100,10728d70e0641a69:0x115a2d,6758591
v1,1790758528547340,SAT,56,10728d70e0641a69:0x115a2d,6758647
v1,1790758528547530,SAT,60,10728d70e0641a69:0x115a2d,6758707
v1,1790758528551264,SAT,3236,10728d70e0641a69:0x115a2d,6761943
v1,1790758528554410,SAT,44,10728d70e0641a69:0x115a2d,6761987
v1,1790758528554734,UNSAT,121,10728d70e0641a69:0x115a2d,6762108
v1,1790758528554771,SAT,23,10728d70e0641a69:0x115a2d,6762131
v1,1790758528555032,UNSAT,109,10728d70e0641a69:0x115a2d,6762240
v1,1790758528555135,SAT,59,10728d70e0641a69:0x115a2d,6762299
v1,1790758528555340,SAT,65,10728d70e0641a69:0x115a2d,6762364
v1,1790758528560611,SAT,4731,10728d70e0641a69:0x115a2d,6767095
v1,1790758528565314,SAT,49,10728d70e0641a69:0x115a2d,6767144
v1,1790758528565668,UNSAT,126,10728d70e0641a69:0x115a2d,6767270
v1,1790758528565706,SAT,23,10728d70e0641a69:0x115a2d,6767293
v1,1790758528565965,UNSAT,102,10728d70e0641a69:0x115a2d,6767395
v1,1790758528566071,SAT,62,10728d70e0641a69:0x115a2d,6767457
v1,1790758528566279,SAT,77,10728d70e0641a69:0x115a2d,6767534
v1,1790758528566850,SAT,353,10728d70e0641a69:0x115a2d,6767887
v1,1790758528566919,SAT,46,10728d70e0641a69:0x115a2d,6767933
v1,1790758528567098,UNSAT,72,10728d70e0641a69:0x115a2d,6768005
v1,1790758528567125,SAT,18,10728d70e0641a69:0x115a2d,6768023
v1,1790758528567294,UNSAT,75,10728d70e0641a69:0x115a2d,6768098
v1,1790758528567365,SAT,55,10728d70e0641a69:0x115a2d,6768153
v1,1790758528567520,SAT,65,10728d70e0641a69:0x115a2d,6768218
v1,1790758528567979,SAT,333,10728d70e0641a69:0x115a2d,6768551
v1,1790758528568023,SAT,24,10728d70e0641a69:0x115a2d,6768575
v1,1790758528568189,UNSAT,71,10728d70e0641a69:0x115a2d,6768646
v1,1790758528568219,SAT,21,10728d70e0641a69:0x115a2d,6768667
v1,1790758528568388,UNSAT,65,10728d70e0641a69:0x115a2d,6768732
v1,1790758528568781,SAT,111,10728d70e0641a69:0x115a2d,6768843
v1,1790758528569011,SAT,76,10728d70e0641a69:0x115a2d,6768919
v1,1790758528569757,SAT,427,10728d70e0641a69:0x115a2d,6769346
v1,1790758528569815,SAT,24,10728d70e0641a69:0x115a2d,6769370
v1,1790758528570206,UNSAT,155,10728d70e0641a69:0x115a2d,6769525
v1,1790758528570290,SAT,65,10728d70e0641a69:0x115a2d,6769590
v1,1790758528570603,UNSAT,133,10728d70e0641a69:0x115a2d,6769723
v1,1790758528570894,SAT,239,10728d70e0641a69:0x115a2d,6769962
v1,1790758528571183,SAT,82,10728d70e0641a69:0x115a2d,6770044
v1,1790758528571833,SAT,367,10728d70e0641a69:0x115a2d,6770411
v1,1790758528571894,SAT,34,10728d70e0641a69:0x115a2d,6770445
v1,1790758528572125,UNSAT,91,10728d70e0641a69:0x115a2d,6770536
v1,1790758528572168,SAT,31,10728d70e0641a69:0x115a2d,6770567
v1,1790758528572342,UNSAT,69,10728d70e0641a69:0x115a2d,6770636
v1,1790758528572417,SAT,60,10728d70e0641a69:0x115a2d,6770696
v1,1790758528572576,SAT,59,10728d70e0641a69:0x115a2d,6770755
v1,1790758528574774,SAT,1780,10728d70e0641a69:0x115a2d,6772535
v1,1790758528576452,SAT,34,10728d70e0641a69:0x115a2d,6772569
v1,1790758528576881,UNSAT,213,10728d70e0641a69:0x115a2d,6772782
v1,1790758528576938,SAT,40,10728d70e0641a69:0x115a2d,6772822
v1,1790758528577206,UNSAT,105,10728d70e0641a69:0x115a2d,6772927
v1,1790758528577320,SAT,64,10728d70e0641a69:0x115a2d,6772991
v1,1790758528577522,SAT,64,10728d70e0641a69:0x115a2d,6773055
v1,1790758528578066,SAT,343,10728d70e0641a69:0x115a2d,6773398
v1,1790758528578133,SAT,44,10728d70e0641a69:0x115a2d,6773442
v1,1790758528578326,UNSAT,83,10728d70e0641a69:0x115a2d,6773525
v1,1790758528578374,SAT,36,10728d70e0641a69:0x115a2d,6773561
v1,1790758528578601,UNSAT,93,10728d70e0641a69:0x115a2d,6773654
v1,1790758528578683,SAT,61,10728d70e0641a69:0x115a2d,6773715
v1,1790758528578847,SAT,62,10728d70e0641a69:0x115a2d,6773777
v1,1790758528582651,SAT,3341,10728d70e0641a69:0x115a2d,6777118
v1,1790758528585818,SAT,45,10728d70e0641a69:0x115a2d,6777163
v1,1790758528586159,UNSAT,114,10728d70e0641a69:0x115a2d,6777277
v1,1790758528586201,SAT,27,10728d70e0641a69:0x115a2d,6777304
v1,1790758528586466,UNSAT,100,10728d70e0641a69:0x115a2d,6777404
v1,1790758528586578,SAT,69,10728d70e0641a69:0x115a2d,6777473
v1,1790758528586768,SAT,60,10728d70e0641a69:0x115a2d,6777533
v1,1790758528592021,SAT,4752,10728d70e0641a69:0x115a2d,6782285
v1,1790758528596642,SAT,40,10728d70e0641a69:0x115a2d,6782325
v1,1790758528597025,UNSAT,161,10728d70e0641a69:0x115a2d,6782486
v1,1790758528597060,SAT,20,10728d70e0641a69:0x115a2d,6782506
v1,1790758528597353,UNSAT,136,10728d70e0641a69:0x115a2d,6782642
v1,1790758528597466,SAT,62,10728d70e0641a69:0x115a2d,6782704
v1,1790758528597663,SAT,59,10728d70e0641a69:0x115a2d,6782763
v1,1790758528598339,SAT,371,10728d70e0641a69:0x115a2d,6783134
v1,1790758528598393,SAT,30,10728d70e0641a69:0x115a2d,6783164
v1,1790758528598571,UNSAT,76,10728d70e0641a69:0x115a2d,6783240
v1,1790758528598606,SAT,26,10728d70e0641a69:0x115a2d,6783266
v1,1790758528598760,UNSAT,67,10728d70e0641a69:0x115a2d,6783333
v1,1790758528598830,SAT,56,10728d70e0641a69:0x115a2d,6783389
v1,1790758528598967,SAT,56,10728d70e0641a69:0x115a2d,6783445
v1,1790758528599476,SAT,379,10728d70e0641a69:0x115a2d,6783824
v1,1790758528599523,SAT,25,10728d70e0641a69:0x115a2d,6783849
v1,1790758528599720,UNSAT,87,10728d70e0641a69:0x115a2d,6783936
v1,1790758528599775,SAT,34,10728d70e0641a69:0x115a2d,6783970
v1,1790758528599988,UNSAT,81,10728d70e0641a69:0x115a2d,6784051
v1,1790758528600064,SAT,58,10728d70e0641a69:0x115a2d,6784109
v1,1790758528600215,SAT,59,10728d70e0641a69:0x115a2d,6784168
v1,1790758528600693,SAT,332,10728d70e0641a69:0x115a2d,6784500
v1,1790758528600743,SAT,28,10728d70e0641a69:0x115a2d,6784528
v1,1790758528600925,UNSAT,78,10728d70e0641a69:0x115a2d,6784606
v1,1790758528600966,SAT,27,10728d70e0641a69:0x115a2d,6784633
v1,1790758528601135,UNSAT,76,10728d70e0641a69:0x115a2d,6784709
v1,1790758528601224,SAT,61,10728d70e0641a69:0x115a2d,6784770
v1,1790758528601395,SAT,62,10728d70e0641a69:0x115a2d,6784832
v1,1790758528602185,SAT,327,10728d70e0641a69:0x115a2d,6785159
v1,1790758528602241,SAT,28,10728d70e0641a69:0x115a2d,6785187
v1,1790758528602513,UNSAT,117,10728d70e0641a69:0x115a2d,6785304
v1,1790758528602544,SAT,19,10728d70e0641a69:0x115a2d,6785323
v1,1790758528602760,UNSAT,93,10728d70e0641a69:0x115a2d,6785416
v1,1790758528602890,SAT,91,10728d70e0641a69:0x115a2d,6785507
v1,1790758528603066,SAT,61,10728d70e0641a69:0x115a2d,6785568
v1,1790758528603546,SAT,351,10728d70e0641a69:0x115a2d,6785919
v1,1790758528603594,SAT,26,10728d70e0641a69:0x115a2d,6785945
v1,1790758528603770,UNSAT,77,10728d70e0641a69:0x115a2d,6786022
v1,1790758528603811,SAT,31,10728d70e0641a69:0x115a2d,6786053
v1,1790758528603960,UNSAT,66,10728d70e0641a69:0x115a2d,6786119
v1,1790758528604030,SAT,56,10728d70e0641a69:0x115a2d,6786175
v1,1790758528604171,SAT,58,10728d70e0641a69:0x115a2d,6786233
v1,1790758528606351,SAT,1748,10728d70e0641a69:0x115a2d,6787981
v1,1790758528607973,SAT,38,10728d70e0641a69:0x115a2d,6788019
v1,1790758528608279,UNSAT,117,10728d70e0641a69:0x115a2d,6788136
v1,1790758528608315,SAT,24,10728d70e0641a69:0x115a2d,6788160
v1,1790758528608553,UNSAT,94,10728d70e0641a69:0x115a2d,6788254
v1,1790758528608655,SAT,63,10728d70e0641a69:0x115a2d,6788317
v1,1790758528608837,SAT,58,10728d70e0641a69:0x115a2d,6788375
v1,1790758528612567,SAT,3237,10728d70e0641a69:0x115a2d,6791612
v1,1790758528615695,SAT,49,10728d70e0641a69:0x115a2d,6791661
v1,1790758528616020,UNSAT,112,10728d70e0641a69:0x115a2d,6791773
v1,1790758528616064,SAT,30,10728d70e0641a69:0x115a2d,6791803
v1,1790758528616327,UNSAT,113,10728d70e0641a69:0x115a2d,6791916
v1,1790758528616432,SAT,62,10728d70e0641a69:0x115a2d,6791978
v1,1790758528616625,SAT,60,10728d70e0641a69:0x115a2d,6792038
v1,1790758528621949,SAT,4781,10728d70e0641a69:0x115a2d,6796819
v1,1790758528626544,SAT,42,10728d70e0641a69:0x115a2d,6796861
v1,1790758528626892,UNSAT,118,10728d70e0641a69:0x115a2d,6796979
v1,1790758528626932,SAT,26,10728d70e0641a69:0x115a2d,6797005
v1,1790758528627192,UNSAT,103,10728d70e0641a69:0x115a2d,6797108
v1,1790758528627295,SAT,64,10728d70e0641a69:0x115a2d,6797172
v1,1790758528627491,SAT,61,10728d70e0641a69:0x115a2d,6797233
v1,1790758528628144,SAT,359,10728d70e0641a69:0x115a2d,6797592
v1,1790758528628209,SAT,42,10728d70e0641a69:0x115a2d,6797634
v1,1790758528628414,UNSAT,87,10728d70e0641a69:0x115a2d,6797721
v1,1790758528628461,SAT,38,10728d70e0641a69:0x115a2d,6797759
v1,1790758528628617,UNSAT,66,10728d70e0641a69:0x115a2d,6797825
v1,1790758528628687,SAT,56,10728d70e0641a69:0x115a2d,6797881
v1,1790758528628830,SAT,58,10728d70e0641a69:0x115a2d,6797939
v1,1790758528629302,SAT,347,10728d70e0641a69:0x115a2d,6798286
v1,1790758528629354,SAT,26,10728d70e0641a69:0x115a2d,6798312
v1,1790758528629615,UNSAT,106,10728d70e0641a69:0x115a2d,6798418
v1,1790758528629685,SAT,60,10728d70e0641a69:0x115a2d,6798478
v1,1790758528629906,UNSAT,93,10728d70e0641a69:0x115a2d,6798571
v1,1790758528629999,SAT,53,10728d70e0641a69:0x115a2d,6798624
v1,1790758528630174,SAT,62,10728d70e0641a69:0x115a2d,6798686
v1,1790758528630693,SAT,384,10728d70e0641a69:0x115a2d,6799070
v1,1790758528630898,SAT,184,10728d70e0641a69:0x115a2d,6799254
v1,1790758528631075,UNSAT,81,10728d70e0641a69:0x115a2d,6799335
v1,1790758528631132,SAT,47,10728d70e0641a69:0x115a2d,6799382
v1,1790758528631333,UNSAT,110,10728d70e0641a69:0x115a2d,6799492
v1,1790758528631421,SAT,65,10728d70e0641a69:0x115a2d,6799557
v1,1790758528631582,SAT,62,10728d70e0641a69:0x115a2d,6799619
v1,1790758528632059,SAT,339,10728d70e0641a69:0x115a2d,6799958
v1,1790758528632106,SAT,22,10728d70e0641a69:0x115a2d,6799980
v1,1790758528632304,UNSAT,96,10728d70e0641a69:0x115a2d,6800076
v1,1790758528632347,SAT,31,10728d70e0641a69:0x115a2d,6800107
v1,1790758528632699,UNSAT,131,10728d70e0641a69:0x115a2d,6800238
v1,1790758528632847,SAT,86,10728d70e0641a69:0x115a2d,6800324
v1,1790758528633047,SAT,69,10728d70e0641a69:0x115a2d,6800393
v1,1790758528635394,SAT,1806,10728d70e0641a69:0x115a2d,6802199
v1,1790758528637089,SAT,60,10728d70e0641a69:0x115a2d,6802259
v1,1790758528637417,UNSAT,114,10728d70e0641a69:0x115a2d,6802373
v1,1790758528637467,SAT,32,10728d70e0641a69:0x115a2d,6802405
v1,1790758528637727,UNSAT,105,10728d70e0641a69:0x115a2d,6802510
v1,1790758528637838,SAT,66,10728d70e0641a69:0x115a2d,6802576
v1,1790758528638048,SAT,66,10728d70e0641a69:0x115a2d,6802642
v1,1790758528642021,SAT,3467,10728d70e0641a69:0x115a2d,6806109
v1,1790758528645238,SAT,64,10728d70e0641a69:0x115a2d,6806173
v1,1790758528645605,UNSAT,119,10728d70e0641a69:0x115a2d,6806292
v1,1790758528645649,SAT,29,10728d70e0641a69:0x115a2d,6806321
v1,1790758528645919,UNSAT,106,10728d70e0641a69:0x115a2d,6806427
v1,1790758528646023,SAT,61,10728d70e0641a69:0x115a2d,6806488
v1,1790758528646226,SAT,64,10728d70e0641a69:0x115a2d,6806552
v1,1790758528646783,SAT,377,10728d70e0641a69:0x115a2d,6806929
v1,1790758528646832,SAT,23,10728d70e0641a69:0x115a2d,6806952
v1,1790758528647027,UNSAT,79,10728d70e0641a69:0x115a2d,6807031
v1,1790758528647060,SAT,24,10728d70e0641a69:0x115a2d,6807055
v1,1790758528647215,UNSAT,63,10728d70e0641a69:0x115a2d,6807118
v1,1790758528647298,SAT,68,10728d70e0641a69:0x115a2d,6807186
v1,1790758528647450,SAT,65,10728d70e0641a69:0x115a2d,6807251
v1,1790758528652771,SAT,4812,10728d70e0641a69:0x115a2d,6812063
v1,1790758528657417,SAT,42,10728d70e0641a69:0x115a2d,6812105
v1,1790758528657778,UNSAT,118,10728d70e0641a69:0x115a2d,6812223
v1,1790758528657815,SAT,23,10728d70e0641a69:0x115a2d,6812246
v1,1790758528658088,UNSAT,101,10728d70e0641a69:0x115a2d,6812347
v1,1790758528658186,SAT,56,10728d70e0641a69:0x115a2d,6812403
v1,1790758528658435,SAT,63,10728d70e0641a69:0x115a2d,6812466
v1,1790758528659006,SAT,345,10728d70e0641a69:0x115a2d,6812811
v1,1790758528659051,SAT,22,10728d70e0641a69:0x115a2d,6812833
v1,1790758528659235,UNSAT,70,10728d70e0641a69:0x115a2d,6812903
v1,1790758528659295,SAT,41,10728d70e0641a69:0x115a2d,6812944
v1,1790758528659463,UNSAT,64,10728d70e0641a69:0x115a2d,6813008
v1,1790758528659529,SAT,51,10728d70e0641a69:0x115a2d,6813059
v1,1790758528659664,SAT,52,10728d70e0641a69:0x115a2d,6813111
v1,1790758528660167,SAT,334,10728d70e0641a69:0x115a2d,6813445
v1,1790758528660228,SAT,39,10728d70e0641a69:0x115a2d,6813484
v1,1790758528660442,UNSAT,83,10728d70e0641a69:0x115a2d,6813567
v1,1790758528660477,SAT,23,10728d70e0641a69:0x115a2d,6813590
v1,1790758528660627,UNSAT,62,10728d70e0641a69:0x115a2d,6813652
v1,1790758528660692,SAT,51,10728d70e0641a69:0x115a2d,6813703
v1,1790758528660830,SAT,55,10728d70e0641a69:0x115a2d,6813758
v1,1790758528661261,SAT,314,10728d70e0641a69:0x115a2d,6814072
v1,1790758528661311,SAT,30,10728d70e0641a69:0x115a2d,6814102
v1,1790758528661552,UNSAT,86,10728d70e0641a69:0x115a2d,6814188
v1,1790758528661595,SAT,31,10728d70e0641a69:0x115a2d,6814219
v1,1790758528661764,UNSAT,68,10728d70e0641a69:0x115a2d,6814287
v1,1790758528661833,SAT,54,10728d70e0641a69:0x115a2d,6814341
v1,1790758528661977,SAT,55,10728d70e0641a69:0x115a2d,6814396
v1,1790758528662527,SAT,369,10728d70e0641a69:0x115a2d,6814765
v1,1790758528662589,SAT,26,10728d70e0641a69:0x115a2d,6814791
v1,1790758528662865,UNSAT,106,10728d70e0641a69:0x115a2d,6814897
v1,1790758528662900,SAT,21,10728d70e0641a69:0x115a2d,6814918
v1,1790758528663117,UNSAT,94,10728d70e0641a69:0x115a2d,6815012
v1,1790758528663210,SAT,54,10728d70e0641a69:0x115a2d,6815066
v1,1790758528663427,SAT,67,10728d70e0641a69:0x115a2d,6815133
v1,1790758528663896,SAT,331,10728d70e0641a69:0x115a2d,6815464
v1,1790758528663946,SAT,28,10728d70e0641a69:0x115a2d,6815492
v1,1790758528664160,UNSAT,92,10728d70e0641a69:0x115a2d,6815584
v1,1790758528664190,SAT,19,10728d70e0641a69:0x115a2d,6815603
v1,1790758528664362,UNSAT,71,10728d70e0641a69:0x115a2d,6815674
v1,1790758528664434,SAT,58,10728d70e0641a69:0x115a2d,6815732
v1,1790758528664579,SAT,59,10728d70e0641a69:0x115a2d,6815791
v1,1790758528666799,SAT,1741,10728d70e0641a69:0x115a2d,6817532
v1,1790758528668447,SAT,39,10728d70e0641a69:0x115a2d,6817571
v1,1790758528668769,UNSAT,119,10728d70e0641a69:0x115a2d,6817690
v1,1790758528668805,SAT,22,10728d70e0641a69:0x115a2d,6817712
v1,1790758528669049,UNSAT,101,10728d70e0641a69:0x115a2d,6817813
v1,1790758528669150,SAT,61,10728d70e0641a69:0x115a2d,6817874
v1,1790758528669352,SAT,68,10728d70e0641a69:0x115a2d,6817942
v1,1790758528673102,SAT,3307,10728d70e0641a69:0x115a2d,6821249
v1,1790758528676270,SAT,68,10728d70e0641a69:0x115a2d,6821317
v1,1790758528676606,UNSAT,111,10728d70e0641a69:0x115a2d,6821428
v1,1790758528676639,SAT,19,10728d70e0641a69:0x115a2d,6821447
v1,1790758528676876,UNSAT,90,10728d70e0641a69:0x115a2d,6821537
v1,1790758528676987,SAT,72,10728d70e0641a69:0x115a2d,6821609
v1,1790758528677170,SAT,57,10728d70e0641a69:0x115a2d,6821666
v1,1790758528682568,SAT,4855,10728d70e0641a69:0x115a2d,6826521
v1,1790758528687232,SAT,53,10728d70e0641a69:0x115a2d,6826574
v1,1790758528687611,UNSAT,118,10728d70e0641a69:0x115a2d,6826692
v1,1790758528687681,SAT,55,10728d70e0641a69:0x115a2d,6826747
v1,1790758528687947,UNSAT,105,10728d70e0641a69:0x115a2d,6826852
v1,1790758528688047,SAT,59,10728d70e0641a69:0x115a2d,6826911
v1,1790758528688238,SAT,62,10728d70e0641a69:0x115a2d,6826973
v1,1790758528688835,SAT,356,10728d70e0641a69:0x115a2d,6827329
v1,1790758528688890,SAT,31,10728d70e0641a69:0x115a2d,6827360
v1,1790758528689067,UNSAT,72,10728d70e0641a69:0x115a2d,6827432
v1,1790758528689109,SAT,33,10728d70e0641a69:0x115a2d,6827465
v1,1790758528689279,UNSAT,76,10728d70e0641a69:0x115a2d,6827541
v1,1790758528689350,SAT,56,10728d70e0641a69:0x115a2d,6827597
v1,1790758528689493,SAT,59,10728d70e0641a69:0x115a2d,6827656
v1,1790758528690053,SAT,332,10728d70e0641a69:0x115a2d,6827988
v1,1790758528690108,SAT,35,10728d70e0641a69:0x115a2d,6828023
v1,1790758528690289,UNSAT,80,10728d70e0641a69:0x115a2d,6828103
v1,1790758528690338,SAT,39,10728d70e0641a69:0x115a2d,6828142
v1,1790758528690496,UNSAT,64,10728d70e0641a69:0x115a2d,6828206
v1,1790758528690567,SAT,55,10728d70e0641a69:0x115a2d,6828261
v1,1790758528690711,SAT,54,10728d70e0641a69:0x115a2d,6828315
v1,1790758528691153,SAT,322,10728d70e0641a69:0x115a2d,6828637
v1,1790758528691203,SAT,23,10728d70e0641a69:0x115a2d,6828660
v1,1790758528691471,UNSAT,104,10728d70e0641a69:0x115a2d,6828764
v1,1790758528691500,SAT,19,10728d70e0641a69:0x115a2d,6828783
v1,1790758528691710,UNSAT,90,10728d70e0641a69:0x115a2d,6828873
v1,1790758528691812,SAT,63,10728d70e0641a69:0x115a2d,6828936
v1,1790758528691995,SAT,61,10728d70e0641a69:0x115a2d,6828997
v1,1790758528692466,SAT,345,10728d70e0641a69:0x115a2d,6829342
v1,1790758528692510,SAT,24,10728d70e0641a69:0x115a2d,6829366
v1,1790758528692679,UNSAT,72,10728d70e0641a69:0x115a2d,6829438
v1,1790758528692710,SAT,22,10728d70e0641a69:0x115a2d,6829460
v1,1790758528692921,UNSAT,122,10728d70e0641a69:0x115a2d,6829582
v1,1790758528693079,SAT,57,10728d70e0641a69:0x115a2d,6829639
v1,1790758528693237,SAT,60,10728d70e0641a69:0x115a2d,6829699
v1,1790758528693713,SAT,322,10728d70e0641a69:0x115a2d,6830021
v1,1790758528693756,SAT,23,10728d70e0641a69:0x115a2d,6830044
v1,1790758528693919,UNSAT,67,10728d70e0641a69:0x115a2d,6830111
v1,1790758528693947,SAT,19,10728d70e0641a69:0x115a2d,6830130
v1,1790758528694089,UNSAT,58,10728d70e0641a69:0x115a2d,6830188
v1,1790758528694157,SAT,53,10728d70e0641a69:0x115a2d,6830241
v1,1790758528694312,SAT,58,10728d70e0641a69:0x115a2d,6830299
v1,1790758528696590,SAT,1831,10728d70e0641a69:0x115a2d,6832130
v1,1790758528698311,SAT,72,10728d70e0641a69:0x115a2d,6832202
v1,1790758528698639,UNSAT,120,10728d70e0641a69:0x115a2d,6832322
v1,1790758528698677,SAT,26,10728d70e0641a69:0x115a2d,6832348
v1,1790758528698918,UNSAT,100,10728d70e0641a69:0x115a2d,6832448
v1,1790758528699036,SAT,77,10728d70e0641a69:0x115a2d,6832525
v1,1790758528699229,SAT,63,10728d70e0641a69:0x115a2d,6832588
v1,1790758528703041,SAT,3292,10728d70e0641a69:0x115a2d,6835880
v1,1790758528706216,SAT,61,10728d70e0641a69:0x115a2d,6835941
v1,1790758528706553,UNSAT,118,10728d70e0641a69:0x115a2d,6836059
v1,1790758528706590,SAT,23,10728d70e0641a69:0x115a2d,6836082
v1,1790758528706847,UNSAT,100,10728d70e0641a69:0x115a2d,6836182
v1,1790758528706945,SAT,58,10728d70e0641a69:0x115a2d,6836240
v1,1790758528707135,SAT,62,10728d70e0641a69:0x115a2d,6836302
v1,1790758528712430,SAT,4742,10728d70e0641a69:0x115a2d,6841044
v1,1790758528717107,SAT,65,10728d70e0641a69:0x115a2d,6841109
v1,1790758528717450,UNSAT,121,10728d70e0641a69:0x115a2d,6841230
v1,1790758528717492,SAT,28,10728d70e0641a69:0x115a2d,6841258
v1,1790758528717742,UNSAT,102,10728d70e0641a69:0x115a2d,6841360
v1,1790758528718061,SAT,280,10728d70e0641a69:0x115a2d,6841640
v1,1790758528718277,SAT,89,10728d70e0641a69:0x115a2d,6841729
v1,1790758528718864,SAT,360,10728d70e0641a69:0x115a2d,6842089
v1,1790758528718917,SAT,28,10728d70e0641a69:0x115a2d,6842117
v1,1790758528719109,UNSAT,79,10728d70e0641a69:0x115a2d,6842196
v1,1790758528719161,SAT,42,10728d70e0641a69:0x115a2d,6842238
v1,1790758528719332,UNSAT,73,10728d70e0641a69:0x115a2d,6842311
v1,1790758528719404,SAT,55,10728d70e0641a69:0x115a2d,6842366
v1,1790758528719550,SAT,60,10728d70e0641a69:0x115a2d,6842426
v1,1790758528720008,SAT,332,10728d70e0641a69:0x115a2d,6842758
v1,1790758528720047,SAT,20,10728d70e0641a69:0x115a2d,6842778
v1,1790758528720224,UNSAT,76,10728d70e0641a69:0x115a2d,6842854
v1,1790758528720293,SAT,60,10728d70e0641a69:0x115a2d,6842914
v1,1790758528720451,UNSAT,65,10728d70e0641a69:0x115a2d,6842979
v1,1790758528720523,SAT,57,10728d70e0641a69:0x115a2d,6843036
v1,1790758528720661,SAT,56,10728d70e0641a69:0x115a2d,6843092
v1,1790758528721232,SAT,354,10728d70e0641a69:0x115a2d,6843446
v1,1790758528721296,SAT,30,10728d70e0641a69:0x115a2d,6843476
v1,1790758528721577,UNSAT,118,10728d70e0641a69:0x115a2d,6843594
v1,1790758528721613,SAT,25,10728d70e0641a69:0x115a2d,6843619
v1,1790758528721858,UNSAT,115,10728d70e0641a69:0x115a2d,6843734
v1,1790758528721964,SAT,59,10728d70e0641a69:0x115a2d,6843793
v1,1790758528722149,SAT,64,10728d70e0641a69:0x115a2d,6843857
v1,1790758528722665,SAT,336,10728d70e0641a69:0x115a2d,6844193
v1,1790758528722717,SAT,31,10728d70e0641a69:0x115a2d,6844224
v1,1790758528722893,UNSAT,70,10728d70e0641a69:0x115a2d,6844294
v1,1790758528722928,SAT,19,10728d70e0641a69:0x115a2d,6844313
v1,1790758528723093,UNSAT,70,10728d70e0641a69:0x115a2d,6844383
v1,1790758528723165,SAT,57,10728d70e0641a69:0x115a2d,6844440
v1,1790758528723316,SAT,60,10728d70e0641a69:0x115a2d,6844500
v1,1790758528725444,SAT,1732,10728d70e0641a69:0x115a2d,6846232
v1,1790758528727073,SAT,62,10728d70e0641a69:0x115a2d,6846294
v1,1790758528727400,UNSAT,123,10728d70e0641a69:0x115a2d,6846417
v1,1790758528727449,SAT,36,10728d70e0641a69:0x115a2d,6846453
v1,1790758528727718,UNSAT,108,10728d70e0641a69:0x115a2d,6846561
v1,1790758528727831,SAT,66,10728d70e0641a69:0x115a2d,6846627
v1,1790758528728021,SAT,59,10728d70e0641a69:0x115a2d,6846686
v1,1790758528728548,SAT,344,10728d70e0641a69:0x115a2d,6847030
v1,1790758528728620,SAT,51,10728d70e0641a69:0x115a2d,6847081
v1,1790758528728816,UNSAT,98,10728d70e0641a69:0x115a2d,6847179
v1,1790758528728845,SAT,18,10728d70e0641a69:0x115a2d,6847197
v1,1790758528728998,UNSAT,64,10728d70e0641a69:0x115a2d,6847261
v1,1790758528729065,SAT,53,10728d70e0641a69:0x115a2d,6847314
v1,1790758528729211,SAT,61,10728d70e0641a69:0x115a2d,6847375
v1,1790758528732956,SAT,3246,10728d70e0641a69:0x115a2d,6850621
v1,1790758528736075,SAT,36,10728d70e0641a69:0x115a2d,6850657
v1,1790758528736427,UNSAT,127,10728d70e0641a69:0x115a2d,6850784
v1,1790758528736465,SAT,25,10728d70e0641a69:0x115a2d,6850809
v1,1790758528736726,UNSAT,116,10728d70e0641a69:0x115a2d,6850925
v1,1790758528736838,SAT,57,10728d70e0641a69:0x115a2d,6850982
v1,1790758528737029,SAT,61,10728d70e0641a69:0x115a2d,6851043
v1,1790758528742319,SAT,4785,10728d70e0641a69:0x115a2d,6855828
v1,1790758528746959,SAT,60,10728d70e0641a69:0x115a2d,6855888
v1,1790758528747346,UNSAT,144,10728d70e0641a69:0x115a2d,6856032
v1,1790758528747405,SAT,41,10728d70e0641a69:0x115a2d,6856073
v1,1790758528747679,UNSAT,112,10728d70e0641a69:0x115a2d,6856185
v1,1790758528747785,SAT,59,10728d70e0641a69:0x115a2d,6856244
v1,1790758528747997,SAT,61,10728d70e0641a69:0x115a2d,6856305
v1,1790758528748655,SAT,351,10728d70e0641a69:0x115a2d,6856656
v1,1790758528748710,SAT,31,10728d70e0641a69:0x115a2d,6856687
v1,1790758528748901,UNSAT,75,10728d70e0641a69:0x115a2d,6856762
v1,1790758528748936,SAT,26,10728d70e0641a69:0x115a2d,6856788
v1,1790758528749085,UNSAT,64,10728d70e0641a69:0x115a2d,6856852
v1,1790758528749155,SAT,57,10728d70e0641a69:0x115a2d,6856909
v1,1790758528749311,SAT,65,10728d70e0641a69:0x115a2d,6856974
v1,1790758528749766,SAT,328,10728d70e0641a69:0x115a2d,6857302
v1,1790758528749811,SAT,26,10728d70e0641a69:0x115a2d,6857328
v1,1790758528749968,UNSAT,69,10728d70e0641a69:0x115a2d,6857397
v1,1790758528750005,SAT,29,10728d70e0641a69:0x115a2d,6857426
v1,1790758528750166,UNSAT,79,10728d70e0641a69:0x115a2d,6857505
v1,1790758528750241,SAT,61,10728d70e0641a69:0x115a2d,6857566
v1,1790758528750396,SAT,59,10728d70e0641a69:0x115a2d,6857625
v1,1790758528750837,SAT,329,10728d70e0641a69:0x115a2d,6857954
v1,1790758528750888,SAT,30,10728d70e0641a69:0x115a2d,6857984
v1,1790758528751059,UNSAT,74,10728d70e0641a69:0x115a2d,6858058
v1,1790758528751090,SAT,21,10728d70e0641a69:0x115a2d,6858079
v1,1790758528751234,UNSAT,63,10728d70e0641a69:0x115a2d,6858142
v1,1790758528751311,SAT,58,10728d70e0641a69:0x115a2d,6858200
v1,1790758528751458,SAT,54,10728d70e0641a69:0x115a2d,6858254
v1,1790758528752236,SAT,323,10728d70e0641a69:0x115a2d,6858577
v1,1790758528752312,SAT,44,10728d70e0641a69:0x115a2d,6858621
v1,1790758528752566,UNSAT,103,10728d70e0641a69:0x115a2d,6858724
v1,1790758528752595,SAT,19,10728d70e0641a69:0x115a2d,6858743
v1,1790758528752816,UNSAT,95,10728d70e0641a69:0x115a2d,6858838
v1,1790758528752933,SAT,78,10728d70e0641a69:0x115a2d,6858916
v1,1790758528753113,SAT,57,10728d70e0641a69:0x115a2d,6858973
v1,1790758528753592,SAT,353,10728d70e0641a69:0x115a2d,6859326
v1,1790758528753634,SAT,20,10728d70e0641a69:0x115a2d,6859346
v1,1790758528753807,UNSAT,70,10728d70e0641a69:0x115a2d,6859416
v1,1790758528753844,SAT,28,10728d70e0641a69:0x115a2d,6859444
v1,1790758528753991,UNSAT,64,10728d70e0641a69:0x115a2d,6859508
v1,1790758528754060,SAT,54,10728d70e0641a69:0x115a2d,6859562
v1,1790758528754202,SAT,57,10728d70e0641a69:0x115a2d,6859619
v1,1790758528756427,SAT,1776,10728d70e0641a69:0x115a2d,6861395
v1,1790758528758079,SAT,34,10728d70e0641a69:0x115a2d,6861429
v1,1790758528758387,UNSAT,111,10728d70e0641a69:0x115a2d,6861540
v1,1790758528758427,SAT,27,10728d70e0641a69:0x115a2d,6861567
v1,1790758528758668,UNSAT,97,10728d70e0641a69:0x115a2d,6861664
v1,1790758528758771,SAT,62,10728d70e0641a69:0x115a2d,6861726
v1,1790758528758980,SAT,81,10728d70e0641a69:0x115a2d,6861807
v1,1790758528762750,SAT,3271,10728d70e0641a69:0x115a2d,6865078
v1,1790758528765874,SAT,40,10728d70e0641a69:0x115a2d,6865118
v1,1790758528766207,UNSAT,110,10728d70e0641a69:0x115a2d,6865228
v1,1790758528766443,SAT,223,10728d70e0641a69:0x115a2d,6865451
v1,1790758528766730,UNSAT,111,10728d70e0641a69:0x115a2d,6865562
v1,1790758528766838,SAT,65,10728d70e0641a69:0x115a2d,6865627
v1,1790758528767041,SAT,70,10728d70e0641a69:0x115a2d,6865697
v1,1790758528772307,SAT,4720,10728d70e0641a69:0x115a2d,6870417
v1,1790758528776975,SAT,41,10728d70e0641a69:0x115a2d,6870458
v1,1790758528777332,UNSAT,121,10728d70e0641a69:0x115a2d,6870579
v1,1790758528777383,SAT,36,10728d70e0641a69:0x115a2d,6870615
v1,1790758528777647,UNSAT,103,10728d70e0641a69:0x115a2d,6870718
v1,1790758528777753,SAT,64,10728d70e0641a69:0x115a2d,6870782
v1,1790758528777953,SAT,66,10728d70e0641a69:0x115a2d,6870848
v1,1790758528778586,SAT,368,10728d70e0641a69:0x115a2d,6871216
v1,1790758528778662,SAT,52,10728d70e0641a69:0x115a2d,6871268
v1,1790758528778843,UNSAT,73,10728d70e0641a69:0x115a2d,6871341
v1,1790758528778904,SAT,51,10728d70e0641a69:0x115a2d,6871392
v1,1790758528779055,UNSAT,63,10728d70e0641a69:0x115a2d,6871455
v1,1790758528779128,SAT,58,10728d70e0641a69:0x115a2d,6871513
v1,1790758528779281,SAT,71,10728d70e0641a69:0x115a2d,6871584
v1,1790758528779760,SAT,335,10728d70e0641a69:0x115a2d,6871919
v1,1790758528779807,SAT,21,10728d70e0641a69:0x115a2d,6871940
v1,1790758528780078,UNSAT,119,10728d70e0641a69:0x115a2d,6872059
v1,1790758528780111,SAT,22,10728d70e0641a69:0x115a2d,6872081
v1,1790758528780340,UNSAT,103,10728d70e0641a69:0x115a2d,6872184
v1,1790758528780436,SAT,54,10728d70e0641a69:0x115a2d,6872238
v1,1790758528780637,SAT,63,10728d70e0641a69:0x115a2d,6872301
v1,1790758528781098,SAT,338,10728d70e0641a69:0x115a2d,6872639
v1,1790758528781140,SAT,22,10728d70e0641a69:0x115a2d,6872661
v1,1790758528781355,UNSAT,96,10728d70e0641a69:0x115a2d,6872757
v1,1790758528781389,SAT,24,10728d70e0641a69:0x115a2d,6872781
v1,1790758528781546,UNSAT,65,10728d70e0641a69:0x115a2d,6872846
v1,1790758528781616,SAT,56,10728d70e0641a69:0x115a2d,6872902
v1,1790758528781751,SAT,55,10728d70e0641a69:0x115a2d,6872957
v1,1790758528782188,SAT,327,10728d70e0641a69:0x115a2d,6873284
v1,1790758528782228,SAT,21,10728d70e0641a69:0x115a2d,6873305
v1,1790758528782398,UNSAT,72,10728d70e0641a69:0x115a2d,6873377
v1,1790758528782426,SAT,19,10728d70e0641a69:0x115a2d,6873396
v1,1790758528782590,UNSAT,69,10728d70e0641a69:0x115a2d,6873465
v1,1790758528782659,SAT,55,10728d70e0641a69:0x115a2d,6873520
v1,1790758528782816,SAT,66,10728d70e0641a69:0x115a2d,6873586
v1,1790758528785060,SAT,1735,10728d70e0641a69:0x115a2d,6875321
v1,1790758528786731,SAT,49,10728d70e0641a69:0x115a2d,6875370
v1,1790758528787036,UNSAT,113,10728d70e0641a69:0x115a2d,6875483
v1,1790758528787069,SAT,20,10728d70e0641a69:0x115a2d,6875503
v1,1790758528787321,UNSAT,106,10728d70e0641a69:0x115a2d,6875609
v1,1790758528787437,SAT,71,10728d70e0641a69:0x115a2d,6875680
v1,1790758528787638,SAT,63,10728d70e0641a69:0x115a2d,6875743
v1,1790758528791497,SAT,3354,10728d70e0641a69:0x115a2d,6879097
v1,1790758528794673,SAT,45,10728d70e0641a69:0x115a2d,6879142
v1,1790758528795029,UNSAT,128,10728d70e0641a69:0x115a2d,6879270
v1,1790758528795071,SAT,28,10728d70e0641a69:0x115a2d,6879298
v1,1790758528795422,UNSAT,120,10728d70e0641a69:0x115a2d,6879418
v1,1790758528795536,SAT,67,10728d70e0641a69:0x115a2d,6879485
v1,1790758528795830,SAT,84,10728d70e0641a69:0x115a2d,6879569
v1,1790758528796389,SAT,392,10728d70e0641a69:0x115a2d,6879961
v1,1790758528796446,SAT,29,10728d70e0641a69:0x115a2d,6879990
v1,1790758528796651,UNSAT,76,10728d70e0641a69:0x115a2d,6880066
v1,1790758528796685,SAT,21,10728d70e0641a69:0x115a2d,6880087
v1,1790758528796835,UNSAT,65,10728d70e0641a69:0x115a2d,6880152
v1,1790758528796906,SAT,57,10728d70e0641a69:0x115a2d,6880209
v1,1790758528797048,SAT,56,10728d70e0641a69:0x115a2d,6880265
v1,1790758528802315,SAT,4737,10728d70e0641a69:0x115a2d,6885002
v1,1790758528806993,SAT,57,10728d70e0641a69:0x115a2d,6885059
v1,1790758528807364,UNSAT,128,10728d70e0641a69:0x115a2d,6885187
v1,1790758528807403,SAT,24,10728d70e0641a69:0x115a2d,6885211
v1,1790758528807682,UNSAT,107,10728d70e0641a69:0x115a2d,6885318
v1,1790758528807788,SAT,61,10728d70e0641a69:0x115a2d,6885379
v1,1790758528807987,SAT,63,10728d70e0641a69:0x115a2d,6885442
v1,1790758528808565,SAT,353,10728d70e0641a69:0x115a2d,6885795
v1,1790758528808611,SAT,23,10728d70e0641a69:0x115a2d,6885818
v1,1790758528808785,UNSAT,70,10728d70e0641a69:0x115a2d,6885888
v1,1790758528808812,SAT,18,10728d70e0641a69:0x115a2d,6885906
v1,1790758528808960,UNSAT,62,10728d70e0641a69:0x115a2d,6885968
v1,1790758528809025,SAT,51,10728d70e0641a69:0x115a2d,6886019
v1,1790758528809164,SAT,54,10728d70e0641a69:0x115a2d,6886073
v1,1790758528809661,SAT,321,10728d70e0641a69:0x115a2d,6886394
v1,1790758528809703,SAT,20,10728d70e0641a69:0x115a2d,6886414
v1,1790758528809891,UNSAT,83,10728d70e0641a69:0x115a2d,6886497
v1,1790758528809917,SAT,17,10728d70e0641a69:0x115a2d,6886514
v1,1790758528810073,UNSAT,63,10728d70e0641a69:0x115a2d,6886577
v1,1790758528810144,SAT,56,10728d70e0641a69:0x115a2d,6886633
v1,1790758528810304,SAT,72,10728d70e0641a69:0x115a2d,6886705
v1,1790758528810750,SAT,316,10728d70e0641a69:0x115a2d,6887021
v1,1790758528810793,SAT,23,10728d70e0641a69:0x115a2d,6887044
v1,1790758528810951,UNSAT,66,10728d70e0641a69:0x115a2d,6887110
v1,1790758528810976,SAT,17,10728d70e0641a69:0x115a2d,6887127
v1,1790758528811115,UNSAT,59,10728d70e0641a69:0x115a2d,6887186
v1,1790758528811180,SAT,52,10728d70e0641a69:0x115a2d,6887238
v1,1790758528811582,SAT,304,10728d70e0641a69:0x115a2d,6887542
v1,1790758528812082,SAT,317,10728d70e0641a69:0x115a2d,6887859
v1,1790758528812148,SAT,40,10728d70e0641a69:0x115a2d,6887899
v1,1790758528812409,UNSAT,109,10728d70e0641a69:0x115a2d,6888008
v1,1790758528812453,SAT,34,10728d70e0641a69:0x115a2d,6888042
v1,1790758528812669,UNSAT,94,10728d70e0641a69:0x115a2d,6888136
v1,1790758528812765,SAT,59,10728d70e0641a69:0x115a2d,6888195
v1,1790758528812939,SAT,57,10728d70e0641a69:0x115a2d,6888252
v1,1790758528813401,SAT,336,10728d70e0641a69:0x115a2d,6888588
v1,1790758528813446,SAT,24,10728d70e0641a69:0x115a2d,6888612
v1,1790758528813618,UNSAT,74,10728d70e0641a69:0x115a2d,6888686
v1,1790758528813654,SAT,26,10728d70e0641a69:0x115a2d,6888712
v1,1790758528813819,UNSAT,65,10728d70e0641a69:0x115a2d,6888777
v1,1790758528813887,SAT,54,10728d70e0641a69:0x115a2d,6888831
v1,1790758528814029,SAT,57,10728d70e0641a69:0x115a2d,6888888
v1,1790758528816232,SAT,1726,10728d70e0641a69:0x115a2d,6890614
v1,1790758528817865,SAT,41,10728d70e0641a69:0x115a2d,6890655
v1,1790758528818158,UNSAT,104,10728d70e0641a69:0x115a2d,6890759
v1,1790758528818189,SAT,19,10728d70e0641a69:0x115a2d,6890778
v1,1790758528818501,UNSAT,123,10728d70e0641a69:0x115a2d,6890901
v1,1790758528818610,SAT,67,10728d70e0641a69:0x115a2d,6890968
v1,1790758528818804,SAT,61,10728d70e0641a69:0x115a2d,6891029
v1,1790758528822492,SAT,3247,10728d70e0641a69:0x115a2d,6894276
v1,1790758528825620,SAT,38,10728d70e0641a69:0x115a2d,6894314
v1,1790758528825921,UNSAT,105,10728d70e0641a69:0x115a2d,6894419
v1,1790758528825973,SAT,40,10728d70e0641a69:0x115a2d,6894459
v1,1790758528826218,UNSAT,97,10728d70e0641a69:0x115a2d,6894556
v1,1790758528826328,SAT,62,10728d70e0641a69:0x115a2d,6894618
v1,1790758528826531,SAT,71,10728d70e0641a69:0x115a2d,6894689
v1,1790758528831825,SAT,4763,10728d70e0641a69:0x115a2d,6899452
v1,1790758528836459,SAT,44,10728d70e0641a69:0x115a2d,6899496
v1,1790758528836795,UNSAT,118,10728d70e0641a69:0x115a2d,6899614
v1,1790758528836833,SAT,23,10728d70e0641a69:0x115a2d,6899637
v1,1790758528837087,UNSAT,103,10728d70e0641a69:0x115a2d,6899740
v1,1790758528837205,SAT,77,10728d70e0641a69:0x115a2d,6899817
v1,1790758528837428,SAT,72,10728d70e0641a69:0x115a2d,6899889
v1,1790758528838016,SAT,346,10728d70e0641a69:0x115a2d,6900235
v1,1790758528838075,SAT,36,10728d70e0641a69:0x115a2d,6900271
v1,1790758528838262,UNSAT,76,10728d70e0641a69:0x115a2d,6900347
v1,1790758528838302,SAT,28,10728d70e0641a69:0x115a2d,6900375
v1,1790758528838464,UNSAT,74,10728d70e0641a69:0x115a2d,6900449
v1,1790758528838537,SAT,58,10728d70e0641a69:0x115a2d,6900507
v1,1790758528838679,SAT,54,10728d70e0641a69:0x115a2d,6900561
v1,1790758528839226,SAT,324,10728d70e0641a69:0x115a2d,6900885
v1,1790758528839276,SAT,24,10728d70e0641a69:0x115a2d,6900909
v1,1790758528839449,UNSAT,70,10728d70e0641a69:0x115a2d,6900979
v1,1790758528839479,SAT,19,10728d70e0641a69:0x115a2d,6900998
v1,1790758528839632,UNSAT,68,10728d70e0641a69:0x115a2d,6901066
v1,1790758528839703,SAT,57,10728d70e0641a69:0x115a2d,6901123
v1,1790758528839859,SAT,72,10728d70e0641a69:0x115a2d,6901195
v1,1790758528840307,SAT,328,10728d70e0641a69:0x115a2d,6901523
v1,1790758528840360,SAT,27,10728d70e0641a69:0x115a2d,6901550
v1,1790758528840622,UNSAT,106,10728d70e0641a69:0x115a2d,6901656
v1,1790758528840657,SAT,25,10728d70e0641a69:0x115a2d,6901681
v1,1790758528840875,UNSAT,95,10728d70e0641a69:0x115a2d,6901776
v1,1790758528840977,SAT,59,10728d70e0641a69:0x115a2d,6901835
v1,1790758528841160,SAT,62,10728d70e0641a69:0x115a2d,6901897
v1,1790758528841632,SAT,342,10728d70e0641a69:0x115a2d,6902239
v1,1790758528841680,SAT,28,10728d70e0641a69:0x115a2d,6902267
v1,1790758528841859,UNSAT,76,10728d70e0641a69:0x115a2d,6902343
v1,1790758528841892,SAT,23,10728d70e0641a69:0x115a2d,6902366
v1,1790758528842047,UNSAT,64,10728d70e0641a69:0x115a2d,6902430
v1,1790758528842324,SAT,60,10728d70e0641a69:0x115a2d,6902490
v1,1790758528842475,SAT,58,10728d70e0641a69:0x115a2d,6902548
v1,1790758528842947,SAT,350,10728d70e0641a69:0x115a2d,6902898
v1,1790758528842991,SAT,22,10728d70e0641a69:0x115a2d,6902920
v1,1790758528843179,UNSAT,78,10728d70e0641a69:0x115a2d,6902998
v1,1790758528843213,SAT,25,10728d70e0641a69:0x115a2d,6903023
v1,1790758528843372,UNSAT,63,10728d70e0641a69:0x115a2d,6903086
v1,1790758528843443,SAT,57,10728d70e0641a69:0x115a2d,6903143
v1,1790758528843585,SAT,55,10728d70e0641a69:0x115a2d,6903198
v1,1790758528845822,SAT,1778,10728d70e0641a69:0x115a2d,6904976
v1,1790758528847536,SAT,41,10728d70e0641a69:0x115a2d,6905017
v1,1790758528847878,UNSAT,124,10728d70e0641a69:0x115a2d,6905141
v1,1790758528847919,SAT,28,10728d70e0641a69:0x115a2d,6905169
v1,1790758528848173,UNSAT,100,10728d70e0641a69:0x115a2d,6905269
v1,1790758528848281,SAT,65,10728d70e0641a69:0x115a2d,6905334
v1,1790758528848495,SAT,62,10728d70e0641a69:0x115a2d,6905396
v1,1790758528852263,SAT,3266,10728d70e0641a69:0x115a2d,6908662
v1,1790758528855432,SAT,55,10728d70e0641a69:0x115a2d,6908717
v1,1790758528855770,UNSAT,123,10728d70e0641a69:0x115a2d,6908840
v1,1790758528855803,SAT,20,10728d70e0641a69:0x115a2d,6908860
v1,1790758528856066,UNSAT,101,10728d70e0641a69:0x115a2d,6908961
v1,1790758528856177,SAT,64,10728d70e0641a69:0x115a2d,6909025
v1,1790758528856441,SAT,72,10728d70e0641a69:0x115a2d,6909097
v1,1790758528861778,SAT,4774,10728d70e0641a69:0x115a2d,6913871
v1,1790758528866420,SAT,44,10728d70e0641a69:0x115a2d,6913915
v1,1790758528866768,UNSAT,118,10728d70e0641a69:0x115a2d,6914033
v1,1790758528866808,SAT,26,10728d70e0641a69:0x115a2d,6914059
v1,1790758528867071,UNSAT,105,10728d70e0641a69:0x115a2d,6914164
v1,1790758528867178,SAT,60,10728d70e0641a69:0x115a2d,6914224
v1,1790758528867389,SAT,61,10728d70e0641a69:0x115a2d,6914285
v1,1790758528867949,SAT,348,10728d70e0641a69:0x115a2d,6914633
v1,1790758528868012,SAT,40,10728d70e0641a69:0x115a2d,6914673
v1,1790758528868205,UNSAT,90,10728d70e0641a69:0x115a2d,6914763
v1,1790758528868234,SAT,19,10728d70e0641a69:0x115a2d,6914782
v1,1790758528868397,UNSAT,69,10728d70e0641a69:0x115a2d,6914851
v1,1790758528868471,SAT,60,10728d70e0641a69:0x115a2d,6914911
v1,1790758528868610,SAT,58,10728d70e0641a69:0x115a2d,6914969
v1,1790758528869061,SAT,319,10728d70e0641a69:0x115a2d,6915288
v1,1790758528869106,SAT,23,10728d70e0641a69:0x115a2d,6915311
v1,1790758528869283,UNSAT,79,10728d70e0641a69:0x115a2d,6915390
v1,1790758528869322,SAT,28,10728d70e0641a69:0x115a2d,6915418
v1,1790758528869471,UNSAT,62,10728d70e0641a69:0x115a2d,6915480
v1,1790758528869543,SAT,58,10728d70e0641a69:0x115a2d,6915538
v1,1790758528869684,SAT,57,10728d70e0641a69:0x115a2d,6915595
v1,1790758528870227,SAT,327,10728d70e0641a69:0x115a2d,6915922
v1,1790758528870297,SAT,29,10728d70e0641a69:0x115a2d,6915951
v1,1790758528870539,UNSAT,95,10728d70e0641a69:0x115a2d,6916046
v1,1790758528870586,SAT,35,10728d70e0641a69:0x115a2d,6916081
v1,1790758528870806,UNSAT,100,10728d70e0641a69:0x115a2d,6916181
v1,1790758528870898,SAT,56,10728d70e0641a69:0x115a2d,6916237
v1,1790758528871086,SAT,61,10728d70e0641a69:0x115a2d,6916298
v1,1790758528871607,SAT,341,10728d70e0641a69:0x115a2d,6916639
v1,1790758528871650,SAT,21,10728d70e0641a69:0x115a2d,6916660
v1,1790758528871836,UNSAT,74,10728d70e0641a69:0x115a2d,6916734
v1,1790758528871874,SAT,29,10728d70e0641a69:0x115a2d,6916763
v1,1790758528872021,UNSAT,62,10728d70e0641a69:0x115a2d,6916825
v1,1790758528872086,SAT,52,10728d70e0641a69:0x115a2d,6916877
v1,1790758528872237,SAT,60,10728d70e0641a69:0x115a2d,6916937
v1,1790758528874395,SAT,1765,10728d70e0641a69:0x115a2d,6918702
v1,1790758528876038,SAT,38,10728d70e0641a69:0x115a2d,6918740
v1,1790758528876337,UNSAT,118,10728d70e0641a69:0x115a2d,6918858
v1,1790758528876382,SAT,33,10728d70e0641a69:0x115a2d,6918891
v1,1790758528876627,UNSAT,107,10728d70e0641a69:0x115a2d,6918998
v1,1790758528876725,SAT,62,10728d70e0641a69:0x115a2d,6919060
v1,1790758528876904,SAT,60,10728d70e0641a69:0x115a2d,6919120
v1,1790758528877439,SAT,349,10728d70e0641a69:0x115a2d,6919469
v1,1790758528877487,SAT,25,10728d70e0641a69:0x115a2d,6919494
v1,1790758528877672,UNSAT,78,10728d70e0641a69:0x115a2d,6919572
v1,1790758528877711,SAT,30,10728d70e0641a69:0x115a2d,6919602
v1,1790758528877875,UNSAT,69,10728d70e0641a69:0x115a2d,6919671
v1,1790758528877946,SAT,55,10728d70e0641a69:0x115a2d,6919726
v1,1790758528878092,SAT,59,10728d70e0641a69:0x115a2d,6919785
v1,1790758528881801,SAT,3283,10728d70e0641a69:0x115a2d,6923068
v1,1790758528884966,SAT,68,10728d70e0641a69:0x115a2d,6923136
v1,1790758528885292,UNSAT,114,10728d70e0641a69:0x115a2d,6923250
v1,1790758528885328,SAT,22,10728d70e0641a69:0x115a2d,6923272
v1,1790758528885563,UNSAT,92,10728d70e0641a69:0x115a2d,6923364
v1,1790758528885677,SAT,76,10728d70e0641a69:0x115a2d,6923440
v1,1790758528885866,SAT,59,10728d70e0641a69:0x115a2d,6923499
v1,1790758528891114,SAT,4765,10728d70e0641a69:0x115a2d,6928264
v1,1790758528895758,SAT,62,10728d70e0641a69:0x115a2d,6928326
v1,1790758528896082,UNSAT,109,10728d70e0641a69:0x115a2d,6928435
v1,1790758528896150,SAT,56,10728d70e0641a69:0x115a2d,6928491
v1,1790758528896394,UNSAT,94,10728d70e0641a69:0x115a2d,6928585
v1,1790758528896491,SAT,59,10728d70e0641a69:0x115a2d,6928644
v1,1790758528896683,SAT,62,10728d70e0641a69:0x115a2d,6928706
v1,1790758528897345,SAT,361,10728d70e0641a69:0x115a2d,6929067
v1,1790758528897405,SAT,37,10728d70e0641a69:0x115a2d,6929104
v1,1790758528897782,UNSAT,139,10728d70e0641a69:0x115a2d,6929243
v1,1790758528897861,SAT,41,10728d70e0641a69:0x115a2d,6929284
v1,1790758528898190,UNSAT,123,10728d70e0641a69:0x115a2d,6929407
v1,1790758528898337,SAT,105,10728d70e0641a69:0x115a2d,6929512
v1,1790758528898628,SAT,103,10728d70e0641a69:0x115a2d,6929615
v1,1790758528899438,SAT,536,10728d70e0641a69:0x115a2d,6930151
v1,1790758528899532,SAT,46,10728d70e0641a69:0x115a2d,6930197
v1,1790758528899843,UNSAT,117,10728d70e0641a69:0x115a2d,6930314
v1,1790758528899906,SAT,37,10728d70e0641a69:0x115a2d,6930351
v1,1790758528900195,UNSAT,101,10728d70e0641a69:0x115a2d,6930452
v1,1790758528900287,SAT,69,10728d70e0641a69:0x115a2d,6930521
v1,1790758528900492,SAT,68,10728d70e0641a69:0x115a2d,6930589
v1,1790758528900995,SAT,351,10728d70e0641a69:0x115a2d,6930940
v1,1790758528901047,SAT,27,10728d70e0641a69:0x115a2d,6930967
v1,1790758528901237,UNSAT,85,10728d70e0641a69:0x115a2d,6931052
v1,1790758528901282,SAT,29,10728d70e0641a69:0x115a2d,6931081
v1,1790758528901463,UNSAT,69,10728d70e0641a69:0x115a2d,6931150
v1,1790758528901559,SAT,76,10728d70e0641a69:0x115a2d,6931226
v1,1790758528901712,SAT,58,10728d70e0641a69:0x115a2d,6931284
v1,1790758528902516,SAT,337,10728d70e0641a69:0x115a2d,6931621
v1,1790758528902587,SAT,41,10728d70e0641a69:0x115a2d,6931662
v1,1790758528902850,UNSAT,107,10728d70e0641a69:0x115a2d,6931769
v1,1790758528902879,SAT,17,10728d70e0641a69:0x115a2d,6931786
v1,1790758528903103,UNSAT,95,10728d70e0641a69:0x115a2d,6931881
v1,1790758528903197,SAT,56,10728d70e0641a69:0x115a2d,6931937
v1,1790758528903388,SAT,58,10728d70e0641a69:0x115a2d,6931995
v1,1790758528903868,SAT,342,10728d70e0641a69:0x115a2d,6932337
v1,1790758528903977,SAT,85,10728d70e0641a69:0x115a2d,6932422
v1,1790758528904180,UNSAT,89,10728d70e0641a69:0x115a2d,6932511
v1,1790758528904218,SAT,26,10728d70e0641a69:0x115a2d,6932537
v1,1790758528904388,UNSAT,71,10728d70e0641a69:0x115a2d,6932608
v1,1790758528904467,SAT,59,10728d70e0641a69:0x115a2d,6932667
v1,1790758528904622,SAT,62,10728d70e0641a69:0x115a2d,6932729
v1,1790758528906800,SAT,1758,10728d70e0641a69:0x115a2d,6934487
v1,1790758528908458,SAT,36,10728d70e0641a69:0x115a2d,6934523
v1,1790758528908775,UNSAT,108,10728d70e0641a69:0x115a2d,6934631
v1,1790758528908839,SAT,51,10728d70e0641a69:0x115a2d,6934682
v1,1790758528909077,UNSAT,92,10728d70e0641a69:0x115a2d,6934774
v1,1790758528909170,SAT,56,10728d70e0641a69:0x115a2d,6934830
v1,1790758528909372,SAT,62,10728d70e0641a69:0x115a2d,6934892
v1,1790758528913111,SAT,3258,10728d70e0641a69:0x115a2d,6938150
v1,1790758528916309,SAT,67,10728d70e0641a69:0x115a2d,6938217
v1,1790758528916636,UNSAT,112,10728d70e0641a69:0x115a2d,6938329
v1,1790758528916702,SAT,52,10728d70e0641a69:0x115a2d,6938381
v1,1790758528916940,UNSAT,93,10728d70e0641a69:0x115a2d,6938474
v1,1790758528917033,SAT,56,10728d70e0641a69:0x115a2d,6938530
v1,1790758528917226,SAT,66,10728d70e0641a69:0x115a2d,6938596
v1,1790758528922512,SAT,4736,10728d70e0641a69:0x115a2d,6943332
v1,1790758528927164,SAT,50,10728d70e0641a69:0x115a2d,6943382
v1,1790758528927513,UNSAT,116,10728d70e0641a69:0x115a2d,6943498
v1,1790758528927599,SAT,71,10728d70e0641a69:0x115a2d,6943569
v1,1790758528927877,UNSAT,122,10728d70e0641a69:0x115a2d,6943691
v1,1790758528927974,SAT,59,10728d70e0641a69:0x115a2d,6943750
v1,1790758528928170,SAT,64,10728d70e0641a69:0x115a2d,6943814
v1,1790758528929764,SAT,374,10728d70e0641a69:0x115a2d,6944188
v1,1790758528929899,SAT,106,10728d70e0641a69:0x115a2d,6944294
v1,1790758528930115,UNSAT,77,10728d70e0641a69:0x115a2d,6944371
v1,1790758528930166,SAT,41,10728d70e0641a69:0x115a2d,6944412
v1,1790758528930331,UNSAT,70,10728d70e0641a69:0x115a2d,6944482
v1,1790758528930402,SAT,55,10728d70e0641a69:0x115a2d,6944537
v1,1790758528930548,SAT,57,10728d70e0641a69:0x115a2d,6944594
v1,1790758528931009,SAT,334,10728d70e0641a69:0x115a2d,6944928
v1,1790758528931065,SAT,28,10728d70e0641a69:0x115a2d,6944956
v1,1790758528931322,UNSAT,110,10728d70e0641a69:0x115a2d,6945066
v1,1790758528931356,SAT,22,10728d70e0641a69:0x115a2d,6945088
v1,1790758528931593,UNSAT,99,10728d70e0641a69:0x115a2d,6945187
v1,1790758528931706,SAT,76,10728d70e0641a69:0x115a2d,6945263
v1,1790758528931897,SAT,61,10728d70e0641a69:0x115a2d,6945324
v1,1790758528932361,SAT,336,10728d70e0641a69:0x115a2d,6945660
v1,1790758528932411,SAT,29,10728d70e0641a69:0x115a2d,6945689
v1,1790758528932578,UNSAT,70,10728d70e0641a69:0x115a2d,6945759
v1,1790758528932606,SAT,19,10728d70e0641a69:0x115a2d,6945778
v1,1790758528932749,UNSAT,60,10728d70e0641a69:0x115a2d,6945838
v1,1790758528932817,SAT,53,10728d70e0641a69:0x115a2d,6945891
v1,1790758528932969,SAT,63,10728d70e0641a69:0x115a2d,6945954
v1,1790758528933425,SAT,330,10728d70e0641a69:0x115a2d,6946284
v1,1790758528933476,SAT,29,10728d70e0641a69:0x115a2d,6946313
v1,1790758528933650,UNSAT,75,10728d70e0641a69:0x115a2d,6946388
v1,1790758528933704,SAT,44,10728d70e0641a69:0x115a2d,6946432
v1,1790758528933861,UNSAT,66,10728d70e0641a69:0x115a2d,6946498
v1,1790758528933933,SAT,56,10728d70e0641a69:0x115a2d,6946554
v1,1790758528934093,SAT,72,10728d70e0641a69:0x115a2d,6946626
v1,1790758528936329,SAT,1761,10728d70e0641a69:0x115a2d,6948387
v1,1790758528937986,SAT,63,10728d70e0641a69:0x115a2d,6948450
v1,1790758528938307,UNSAT,118,10728d70e0641a69:0x115a2d,6948568
v1,1790758528938343,SAT,23,10728d70e0641a69:0x115a2d,6948591
v1,1790758528938596,UNSAT,113,10728d70e0641a69:0x115a2d,6948704
v1,1790758528938699,SAT,65,10728d70e0641a69:0x115a2d,6948769
v1,1790758528938882,SAT,61,10728d70e0641a69:0x115a2d,6948830
v1,1790758528942636,SAT,3234,10728d70e0641a69:0x115a2d,6952064
v1,1790758528945745,SAT,36,10728d70e0641a69:0x115a2d,6952100
v1,1790758528946064,UNSAT,112,10728d70e0641a69:0x115a2d,6952212
v1,1790758528946097,SAT,19,10728d70e0641a69:0x115a2d,6952231
v1,1790758528946345,UNSAT,104,10728d70e0641a69:0x115a2d,6952335
v1,1790758528946443,SAT,59,10728d70e0641a69:0x115a2d,6952394
v1,1790758528946627,SAT,58,10728d70e0641a69:0x115a2d,6952452
v1,1790758528947152,SAT,343,10728d70e0641a69:0x115a2d,6952795
v1,1790758528947197,SAT,23,10728d70e0641a69:0x115a2d,6952818
v1,1790758528947382,UNSAT,72,10728d70e0641a69:0x115a2d,6952890
v1,1790758528947412,SAT,19,10728d70e0641a69:0x115a2d,6952909
v1,1790758528947565,UNSAT,64,10728d70e0641a69:0x115a2d,6952973
v1,1790758528947633,SAT,54,10728d70e0641a69:0x115a2d,6953027
v1,1790758528947777,SAT,55,10728d70e0641a69:0x115a2d,6953082
v1,1790758528953082,SAT,4799,10728d70e0641a69:0x115a2d,6957881
v1,1790758528957700,SAT,49,10728d70e0641a69:0x115a2d,6957930
v1,1790758528958052,UNSAT,128,10728d70e0641a69:0x115a2d,6958058
v1,1790758528958092,SAT,25,10728d70e0641a69:0x115a2d,6958083
v1,1790758528958371,UNSAT,128,10728d70e0641a69:0x115a2d,6958211
v1,1790758528958481,SAT,69,10728d70e0641a69:0x115a2d,6958280
v1,1790758528958692,SAT,69,10728d70e0641a69:0x115a2d,6958349
v1,1790758528959292,SAT,360,10728d70e0641a69:0x115a2d,6958709
v1,1790758528959358,SAT,37,10728d70e0641a69:0x115a2d,6958746
v1,1790758528959544,UNSAT,77,10728d70e0641a69:0x115a2d,6958823
v1,1790758528959576,SAT,21,10728d70e0641a69:0x115a2d,6958844
v1,1790758528959735,UNSAT,69,10728d70e0641a69:0x115a2d,6958913
v1,1790758528959804,SAT,55,10728d70e0641a69:0x115a2d,6958968
v1,1790758528959948,SAT,58,10728d70e0641a69:0x115a2d,6959026
v1,1790758528960461,SAT,344,10728d70e0641a69:0x115a2d,6959370
v1,1790758528960513,SAT,28,10728d70e0641a69:0x115a2d,6959398
v1,1790758528960707,UNSAT,81,10728d70e0641a69:0x115a2d,6959479
v1,1790758528960745,SAT,28,10728d70e0641a69:0x115a2d,6959507
v1,1790758528960904,UNSAT,68,10728d70e0641a69:0x115a2d,6959575
v1,1790758528960976,SAT,58,10728d70e0641a69:0x115a2d,6959633
v1,1790758528961121,SAT,56,10728d70e0641a69:0x115a2d,6959689
v1,1790758528961569,SAT,330,10728d70e0641a69:0x115a2d,6960019
v1,1790758528961623,SAT,34,10728d70e0641a69:0x115a2d,6960053
v1,1790758528961791,UNSAT,70,10728d70e0641a69:0x115a2d,6960123
v1,1790758528961817,SAT,17,10728d70e0641a69:0x115a2d,6960140
v1,1790758528961962,UNSAT,61,10728d70e0641a69:0x115a2d,6960201
v1,1790758528962026,SAT,51,10728d70e0641a69:0x115a2d,6960252
v1,1790758528962165,SAT,56,10728d70e0641a69:0x115a2d,6960308
v1,1790758528962657,SAT,323,10728d70e0641a69:0x115a2d,6960631
v1,1790758528962729,SAT,45,10728d70e0641a69:0x115a2d,6960676
v1,1790758528962985,UNSAT,112,10728d70e0641a69:0x115a2d,6960788
v1,1790758528963020,SAT,24,10728d70e0641a69:0x115a2d,6960812
v1,1790758528963230,UNSAT,94,10728d70e0641a69:0x115a2d,6960906
v1,1790758528963326,SAT,57,10728d70e0641a69:0x115a2d,6960963
v1,1790758528963510,SAT,64,10728d70e0641a69:0x115a2d,6961027
v1,1790758528963966,SAT,327,10728d70e0641a69:0x115a2d,6961354
v1,1790758528964012,SAT,26,10728d70e0641a69:0x115a2d,6961380
v1,1790758528964186,UNSAT,74,10728d70e0641a69:0x115a2d,6961454
v1,1790758528964222,SAT,23,10728d70e0641a69:0x115a2d,6961477
v1,1790758528964383,UNSAT,67,10728d70e0641a69:0x115a2d,6961544
v1,1790758528964452,SAT,56,10728d70e0641a69:0x115a2d,6961600
v1,1790758528964599,SAT,59,10728d70e0641a69:0x115a2d,6961659
v1,1790758528966789,SAT,1740,10728d70e0641a69:0x115a2d,6963399
v1,1790758528968508,SAT,48,10728d70e0641a69:0x115a2d,6963447
v1,1790758528968845,UNSAT,125,10728d70e0641a69:0x115a2d,6963572
v1,1790758528968885,SAT,26,10728d70e0641a69:0x115a2d,6963598
v1,1790758528969130,UNSAT,97,10728d70e0641a69:0x115a2d,6963695
v1,1790758528969229,SAT,59,10728d70e0641a69:0x115a2d,6963754
v1,1790758528969426,SAT,63,10728d70e0641a69:0x115a2d,6963817
v1,1790758528973159,SAT,3274,10728d70e0641a69:0x115a2d,6967091
v1,1790758528976417,SAT,69,10728d70e0641a69:0x115a2d,6967160
v1,1790758528976844,UNSAT,124,10728d70e0641a69:0x115a2d,6967284
v1,1790758528976896,SAT,35,10728d70e0641a69:0x115a2d,6967319
v1,1790758528977158,UNSAT,104,10728d70e0641a69:0x115a2d,6967423
v1,1790758528977300,SAT,103,10728d70e0641a69:0x115a2d,6967526
v1,1790758528977632,SAT,76,10728d70e0641a69:0x115a2d,6967602
v1,1790758528982973,SAT,4785,10728d70e0641a69:0x115a2d,6972387
v1,1790758528987627,SAT,46,10728d70e0641a69:0x115a2d,6972433
v1,1790758528987964,UNSAT,118,10728d70e0641a69:0x115a2d,6972551
v1,1790758528988032,SAT,54,10728d70e0641a69:0x115a2d,6972605
v1,1790758528988296,UNSAT,109,10728d70e0641a69:0x115a2d,6972714
v1,1790758528988397,SAT,63,10728d70e0641a69:0x115a2d,6972777
v1,1790758528988590,SAT,63,10728d70e0641a69:0x115a2d,6972840
v1,1790758528989188,SAT,366,10728d70e0641a69:0x115a2d,6973206
v1,1790758528989235,SAT,21,10728d70e0641a69:0x115a2d,6973227
v1,1790758528989442,UNSAT,88,10728d70e0641a69:0x115a2d,6973315
v1,1790758528989485,SAT,30,10728d70e0641a69:0x115a2d,6973345
v1,1790758528989828,UNSAT,119,10728d70e0641a69:0x115a2d,6973464
v1,1790758528989929,SAT,71,10728d70e0641a69:0x115a2d,6973535
v1,1790758528990123,SAT,82,10728d70e0641a69:0x115a2d,6973617
v1,1790758528990886,SAT,398,10728d70e0641a69:0x115a2d,6974015
v1,1790758528990946,SAT,31,10728d70e0641a69:0x115a2d,6974046
v1,1790758528991169,UNSAT,85,10728d70e0641a69:0x115a2d,6974131
v1,1790758528991209,SAT,29,10728d70e0641a69:0x115a2d,6974160
v1,1790758528991409,UNSAT,80,10728d70e0641a69:0x115a2d,6974240
v1,1790758528991484,SAT,58,10728d70e0641a69:0x115a2d,6974298
v1,1790758528991650,SAT,73,10728d70e0641a69:0x115a2d,6974371
v1,1790758528992170,SAT,359,10728d70e0641a69:0x115a2d,6974730
v1,1790758528992234,SAT,30,10728d70e0641a69:0x115a2d,6974760
v1,1790758528992636,UNSAT,122,10728d70e0641a69:0x115a2d,6974882
v1,1790758528992673,SAT,24,10728d70e0641a69:0x115a2d,6974906
v1,1790758528992961,UNSAT,139,10728d70e0641a69:0x115a2d,6975045
v1,1790758528993079,SAT,67,10728d70e0641a69:0x115a2d,6975112
v1,1790758528993278,SAT,69,10728d70e0641a69:0x115a2d,6975181
v1,1790758528993858,SAT,421,10728d70e0641a69:0x115a2d,6975602
v1,1790758528993943,SAT,36,10728d70e0641a69:0x115a2d,6975638
v1,1790758528994160,UNSAT,85,10728d70e0641a69:0x115a2d,6975723
v1,1790758528994194,SAT,24,10728d70e0641a69:0x115a2d,6975747
v1,1790758528994372,UNSAT,76,10728d70e0641a69:0x115a2d,6975823
v1,1790758528994445,SAT,57,10728d70e0641a69:0x115a2d,6975880
v1,1790758528994604,SAT,71,10728d70e0641a69:0x115a2d,6975951
v1,1790758528995076,SAT,344,10728d70e0641a69:0x115a2d,6976295
v1,1790758528995138,SAT,39,10728d70e0641a69:0x115a2d,6976334
v1,1790758528995337,UNSAT,85,10728d70e0641a69:0x115a2d,6976419
v1,1790758528995422,SAT,73,10728d70e0641a69:0x115a2d,6976492
v1,1790758528995606,UNSAT,78,10728d70e0641a69:0x115a2d,6976570
v1,1790758528995731,SAT,72,10728d70e0641a69:0x115a2d,6976642
v1,1790758528995922,SAT,72,10728d70e0641a69:0x115a2d,6976714
v1,1790758528998141,SAT,1765,10728d70e0641a69:0x115a2d,6978479
v1,1790758528999842,SAT,39,10728d70e0641a69:0x115a2d,6978518
v1,1790758529000175,UNSAT,121,10728d70e0641a69:0x115a2d,6978639
v1,1790758529000220,SAT,28,10728d70e0641a69:0x115a2d,6978667
v1,1790758529000504,UNSAT,114,10728d70e0641a69:0x115a2d,6978781
v1,1790758529000608,SAT,60,10728d70e0641a69:0x115a2d,6978841
v1,1790758529000815,SAT,67,10728d70e0641a69:0x115a2d,6978908
v1,1790758529004742,SAT,3423,10728d70e0641a69:0x115a2d,6982331
v1,1790758529008020,SAT,46,10728d70e0641a69:0x115a2d,6982377
v1,1790758529008391,UNSAT,134,10728d70e0641a69:0x115a2d,6982511
v1,1790758529008435,SAT,30,10728d70e0641a69:0x115a2d,6982541
v1,1790758529008692,UNSAT,106,10728d70e0641a69:0x115a2d,6982647
v1,1790758529008829,SAT,72,10728d70e0641a69:0x115a2d,6982719
v1,1790758529009040,SAT,66,10728d70e0641a69:0x115a2d,6982785
v1,1790758529014529,SAT,4909,10728d70e0641a69:0x115a2d,6987694
v1,1790758529019328,SAT,52,10728d70e0641a69:0x115a2d,6987746
v1,1790758529019724,UNSAT,152,10728d70e0641a69:0x115a2d,6987898
v1,1790758529019884,SAT,143,10728d70e0641a69:0x115a2d,6988041
v1,1790758529020241,UNSAT,130,10728d70e0641a69:0x115a2d,6988171
v1,1790758529020358,SAT,64,10728d70e0641a69:0x115a2d,6988235
v1,1790758529020573,SAT,71,10728d70e0641a69:0x115a2d,6988306
v1,1790758529021163,SAT,360,10728d70e0641a69:0x115a2d,6988666
v1,1790758529021223,SAT,38,10728d70e0641a69:0x115a2d,6988704
v1,1790758529021411,UNSAT,76,10728d70e0641a69:0x115a2d,6988780
v1,1790758529021442,SAT,21,10728d70e0641a69:0x115a2d,6988801
v1,1790758529021597,UNSAT,64,10728d70e0641a69:0x115a2d,6988865
v1,1790758529021673,SAT,61,10728d70e0641a69:0x115a2d,6988926
v1,1790758529021815,SAT,55,10728d70e0641a69:0x115a2d,6988981
v1,1790758529022296,SAT,347,10728d70e0641a69:0x115a2d,6989328
v1,1790758529022359,SAT,36,10728d70e0641a69:0x115a2d,6989364
v1,1790758529022547,UNSAT,81,10728d70e0641a69:0x115a2d,6989445
v1,1790758529022581,SAT,24,10728d70e0641a69:0x115a2d,6989469
v1,1790758529022741,UNSAT,65,10728d70e0641a69:0x115a2d,6989534
v1,1790758529022819,SAT,64,10728d70e0641a69:0x115a2d,6989598
v1,1790758529022963,SAT,58,10728d70e0641a69:0x115a2d,6989656
v1,1790758529023531,SAT,344,10728d70e0641a69:0x115a2d,6990000
v1,1790758529023599,SAT,39,10728d70e0641a69:0x115a2d,6990039
v1,1790758529023886,UNSAT,116,10728d70e0641a69:0x115a2d,6990155
v1,1790758529023922,SAT,25,10728d70e0641a69:0x115a2d,6990180
v1,1790758529024148,UNSAT,98,10728d70e0641a69:0x115a2d,6990278
v1,1790758529024244,SAT,55,10728d70e0641a69:0x115a2d,6990333
v1,1790758529024451,SAT,71,10728d70e0641a69:0x115a2d,6990404
v1,1790758529024954,SAT,334,10728d70e0641a69:0x115a2d,6990738
v1,1790758529025000,SAT,24,10728d70e0641a69:0x115a2d,6990762
v1,1790758529025170,UNSAT,69,10728d70e0641a69:0x115a2d,6990831
v1,1790758529025196,SAT,17,10728d70e0641a69:0x115a2d,6990848
v1,1790758529025384,UNSAT,82,10728d70e0641a69:0x115a2d,6990930
v1,1790758529025459,SAT,57,10728d70e0641a69:0x115a2d,6990987
v1,1790758529025616,SAT,58,10728d70e0641a69:0x115a2d,6991045
v1,1790758529027800,SAT,1797,10728d70e0641a69:0x115a2d,6992842
v1,1790758529029437,SAT,31,10728d70e0641a69:0x115a2d,6992873
v1,1790758529029764,UNSAT,125,10728d70e0641a69:0x115a2d,6992998
v1,1790758529029892,SAT,113,10728d70e0641a69:0x115a2d,6993111
v1,1790758529030141,UNSAT,103,10728d70e0641a69:0x115a2d,6993214
v1,1790758529030240,SAT,57,10728d70e0641a69:0x115a2d,6993271
v1,1790758529030489,SAT,63,10728d70e0641a69:0x115a2d,6993334
v1,1790758529031051,SAT,358,10728d70e0641a69:0x115a2d,6993692
v1,1790758529031124,SAT,48,10728d70e0641a69:0x115a2d,6993740
v1,1790758529031313,UNSAT,85,10728d70e0641a69:0x115a2d,6993825
v1,1790758529031358,SAT,29,10728d70e0641a69:0x115a2d,6993854
v1,1790758529031515,UNSAT,67,10728d70e0641a69:0x115a2d,6993921
v1,1790758529031592,SAT,59,10728d70e0641a69:0x115a2d,6993980
v1,1790758529031738,SAT,60,10728d70e0641a69:0x115a2d,6994040
v1,1790758529035453,SAT,3281,10728d70e0641a69:0x115a2d,6997321
v1,1790758529038676,SAT,108,10728d70e0641a69:0x115a2d,6997429
v1,1790758529039023,UNSAT,128,10728d70e0641a69:0x115a2d,6997557
v1,1790758529039063,SAT,26,10728d70e0641a69:0x115a2d,6997583
v1,1790758529039331,UNSAT,115,10728d70e0641a69:0x115a2d,6997698
v1,1790758529039444,SAT,70,10728d70e0641a69:0x115a2d,6997768
v1,1790758529039654,SAT,68,10728d70e0641a69:0x115a2d,6997836
v1,1790758529044918,SAT,4765,10728d70e0641a69:0x115a2d,7002601
v1,1790758529049539,SAT,45,10728d70e0641a69:0x115a2d,7002646
v1,1790758529049903,UNSAT,125,10728d70e0641a69:0x115a2d,7002771
v1,1790758529049981,SAT,63,10728d70e0641a69:0x115a2d,7002834
v1,1790758529050241,UNSAT,106,10728d70e0641a69:0x115a2d,7002940
v1,1790758529050352,SAT,62,10728d70e0641a69:0x115a2d,7003002
v1,1790758529050554,SAT,65,10728d70e0641a69:0x115a2d,7003067
v1,1790758529051223,SAT,351,10728d70e0641a69:0x115a2d,7003418
v1,1790758529051302,SAT,40,10728d70e0641a69:0x115a2d,7003458
v1,1790758529051490,UNSAT,80,10728d70e0641a69:0x115a2d,7003538
v1,1790758529051528,SAT,26,10728d70e0641a69:0x115a2d,7003564
v1,1790758529051688,UNSAT,67,10728d70e0641a69:0x115a2d,7003631
v1,1790758529051761,SAT,58,10728d70e0641a69:0x115a2d,7003689
v1,1790758529051911,SAT,58,10728d70e0641a69:0x115a2d,7003747
v1,1790758529052383,SAT,344,10728d70e0641a69:0x115a2d,7004091
v1,1790758529052427,SAT,22,10728d70e0641a69:0x115a2d,7004113
v1,1790758529052608,UNSAT,71,10728d70e0641a69:0x115a2d,7004184
v1,1790758529052641,SAT,24,10728d70e0641a69:0x115a2d,7004208
v1,1790758529052797,UNSAT,65,10728d70e0641a69:0x115a2d,7004273
v1,1790758529052881,SAT,67,10728d70e0641a69:0x115a2d,7004340
v1,1790758529053037,SAT,67,10728d70e0641a69:0x115a2d,7004407
v1,1790758529053495,SAT,338,10728d70e0641a69:0x115a2d,7004745
v1,1790758529053545,SAT,30,10728d70e0641a69:0x115a2d,7004775
v1,1790758529053716,UNSAT,73,10728d70e0641a69:0x115a2d,7004848
v1,1790758529053762,SAT,36,10728d70e0641a69:0x115a2d,7004884
v1,1790758529053913,UNSAT,61,10728d70e0641a69:0x115a2d,7004945
v1,1790758529053983,SAT,56,10728d70e0641a69:0x115a2d,7005001
v1,1790758529054122,SAT,58,10728d70e0641a69:0x115a2d,7005059
v1,1790758529054904,SAT,345,10728d70e0641a69:0x115a2d,7005404
v1,1790758529054956,SAT,22,10728d70e0641a69:0x115a2d,7005426
v1,1790758529055213,UNSAT,102,10728d70e0641a69:0x115a2d,7005528
v1,1790758529055252,SAT,28,10728d70e0641a69:0x115a2d,7005556
v1,1790758529055466,UNSAT,92,10728d70e0641a69:0x115a2d,7005648
v1,1790758529055558,SAT,55,10728d70e0641a69:0x115a2d,7005703
v1,1790758529055736,SAT,57,10728d70e0641a69:0x115a2d,7005760
v1,1790758529056208,SAT,339,10728d70e0641a69:0x115a2d,7006099
v1,1790758529056256,SAT,27,10728d70e0641a69:0x115a2d,7006126
v1,1790758529056423,UNSAT,71,10728d70e0641a69:0x115a2d,7006197
v1,1790758529056456,SAT,24,10728d70e0641a69:0x115a2d,7006221
v1,1790758529056606,UNSAT,63,10728d70e0641a69:0x115a2d,7006284
v1,1790758529056673,SAT,54,10728d70e0641a69:0x115a2d,7006338
v1,1790758529056814,SAT,61,10728d70e0641a69:0x115a2d,7006399
v1,1790758529058969,SAT,1743,10728d70e0641a69:0x115a2d,7008142
v1,1790758529060579,SAT,36,10728d70e0641a69:0x115a2d,7008178
v1,1790758529060878,UNSAT,111,10728d70e0641a69:0x115a2d,7008289
v1,1790758529060918,SAT,28,10728d70e0641a69:0x115a2d,7008317
v1,1790758529061167,UNSAT,98,10728d70e0641a69:0x115a2d,7008415
v1,1790758529061275,SAT,70,10728d70e0641a69:0x115a2d,7008485
v1,1790758529061476,SAT,67,10728d70e0641a69:0x115a2d,7008552
v1,1790758529065184,SAT,3233,10728d70e0641a69:0x115a2d,7011785
v1,1790758529068349,SAT,46,10728d70e0641a69:0x115a2d,7011831
v1,1790758529068670,UNSAT,121,10728d70e0641a69:0x115a2d,7011952
v1,1790758529068710,SAT,27,10728d70e0641a69:0x115a2d,7011979
v1,1790758529068967,UNSAT,100,10728d70e0641a69:0x115a2d,7012079
v1,1790758529069063,SAT,58,10728d70e0641a69:0x115a2d,7012137
v1,1790758529069253,SAT,67,10728d70e0641a69:0x115a2d,7012204
v1,1790758529074555,SAT,4754,10728d70e0641a69:0x115a2d,7016958
v1,1790758529079181,SAT,72,10728d70e0641a69:0x115a2d,7017030
v1,1790758529079531,UNSAT,120,10728d70e0641a69:0x115a2d,7017150
v1,1790758529079578,SAT,32,10728d70e0641a69:0x115a2d,7017182
v1,1790758529079831,UNSAT,97,10728d70e0641a69:0x115a2d,7017279
v1,1790758529079928,SAT,57,10728d70e0641a69:0x115a2d,7017336
v1,1790758529080124,SAT,58,10728d70e0641a69:0x115a2d,7017394
v1,1790758529080766,SAT,367,10728d70e0641a69:0x115a2d,7017761
v1,1790758529080826,SAT,35,10728d70e0641a69:0x115a2d,7017796
v1,1790758529081027,UNSAT,73,10728d70e0641a69:0x115a2d,7017869
v1,1790758529081056,SAT,19,10728d70e0641a69:0x115a2d,7017888
v1,1790758529081210,UNSAT,62,10728d70e0641a69:0x115a2d,7017950
v1,1790758529081309,SAT,84,10728d70e0641a69:0x115a2d,7018034
v1,1790758529081469,SAT,64,10728d70e0641a69:0x115a2d,7018098
v1,1790758529081934,SAT,329,10728d70e0641a69:0x115a2d,7018427
v1,1790758529081993,SAT,31,10728d70e0641a69:0x115a2d,7018458
v1,1790758529082257,UNSAT,118,10728d70e0641a69:0x115a2d,7018576
v1,1790758529082293,SAT,24,10728d70e0641a69:0x115a2d,7018600
v1,1790758529082537,UNSAT,104,10728d70e0641a69:0x115a2d,7018704
v1,1790758529082639,SAT,61,10728d70e0641a69:0x115a2d,7018765
v1,1790758529082824,SAT,60,10728d70e0641a69:0x115a2d,7018825
v1,1790758529083302,SAT,347,10728d70e0641a69:0x115a2d,7019172
v1,1790758529083361,SAT,31,10728d70e0641a69:0x115a2d,7019203
v1,1790758529083541,UNSAT,74,10728d70e0641a69:0x115a2d,7019277
v1,1790758529083575,SAT,24,10728d70e0641a69:0x115a2d,7019301
v1,1790758529083735,UNSAT,74,10728d70e0641a69:0x115a2d,7019375
v1,1790758529083808,SAT,59,10728d70e0641a69:0x115a2d,7019434
v1,1790758529083951,SAT,58,10728d70e0641a69:0x115a2d,7019492
v1,1790758529084403,SAT,334,10728d70e0641a69:0x115a2d,7019826
v1,1790758529084445,SAT,23,10728d70e0641a69:0x115a2d,7019849
v1,1790758529084626,UNSAT,70,10728d70e0641a69:0x115a2d,7019919
v1,1790758529084653,SAT,17,10728d70e0641a69:0x115a2d,7019936
v1,1790758529084801,UNSAT,60,10728d70e0641a69:0x115a2d,7019996
v1,1790758529084868,SAT,53,10728d70e0641a69:0x115a2d,7020049
v1,1790758529085034,SAT,84,10728d70e0641a69:0x115a2d,7020133
v1,1790758529087296,SAT,1768,10728d70e0641a69:0x115a2d,7021901
v1,1790758529088942,SAT,45,10728d70e0641a69:0x115a2d,7021946
v1,1790758529089289,UNSAT,158,10728d70e0641a69:0x115a2d,7022104
v1,1790758529089331,SAT,28,10728d70e0641a69:0x115a2d,7022132
v1,1790758529089590,UNSAT,108,10728d70e0641a69:0x115a2d,7022240
v1,1790758529089694,SAT,61,10728d70e0641a69:0x115a2d,7022301
v1,1790758529089884,SAT,61,10728d70e0641a69:0x115a2d,7022362
v1,1790758529093668,SAT,3278,10728d70e0641a69:0x115a2d,7025640
v1,1790758529096833,SAT,64,10728d70e0641a69:0x115a2d,7025704
v1,1790758529097172,UNSAT,123,10728d70e0641a69:0x115a2d,7025827
v1,1790758529097215,SAT,30,10728d70e0641a69:0x115a2d,7025857
v1,1790758529097484,UNSAT,106,10728d70e0641a69:0x115a2d,7025963
v1,1790758529097592,SAT,65,10728d70e0641a69:0x115a2d,7026028
v1,1790758529097793,SAT,62,10728d70e0641a69:0x115a2d,7026090
v1,1790758529098319,SAT,368,10728d70e0641a69:0x115a2d,7026458
v1,1790758529098378,SAT,35,10728d70e0641a69:0x115a2d,7026493
v1,1790758529098568,UNSAT,86,10728d70e0641a69:0x115a2d,7026579
v1,1790758529098608,SAT,28,10728d70e0641a69:0x115a2d,7026607
v1,1790758529098764,UNSAT,66,10728d70e0641a69:0x115a2d,7026673
v1,1790758529098834,SAT,54,10728d70e0641a69:0x115a2d,7026727
v1,1790758529098992,SAT,58,10728d70e0641a69:0x115a2d,7026785
v1,1790758529104326,SAT,4783,10728d70e0641a69:0x115a2d,7031568
v1,1790758529108983,SAT,51,10728d70e0641a69:0x115a2d,7031619
v1,1790758529109365,UNSAT,139,10728d70e0641a69:0x115a2d,7031758
v1,1790758529109410,SAT,26,10728d70e0641a69:0x115a2d,7031784
v1,1790758529109685,UNSAT,113,10728d70e0641a69:0x115a2d,7031897
v1,1790758529109791,SAT,62,10728d70e0641a69:0x115a2d,7031959
v1,1790758529110226,SAT,291,10728d70e0641a69:0x115a2d,7032250
v1,1790758529110836,SAT,368,10728d70e0641a69:0x115a2d,7032618
v1,1790758529110897,SAT,36,10728d70e0641a69:0x115a2d,7032654
v1,1790758529111078,UNSAT,76,10728d70e0641a69:0x115a2d,7032730
v1,1790758529111106,SAT,17,10728d70e0641a69:0x115a2d,7032747
v1,1790758529111286,UNSAT,89,10728d70e0641a69:0x115a2d,7032836
v1,1790758529111370,SAT,69,10728d70e0641a69:0x115a2d,7032905
v1,1790758529111523,SAT,62,10728d70e0641a69:0x115a2d,7032967
v1,1790758529112056,SAT,340,10728d70e0641a69:0x115a2d,7033307
v1,1790758529112105,SAT,24,10728d70e0641a69:0x115a2d,7033331
v1,1790758529112285,UNSAT,82,10728d70e0641a69:0x115a2d,7033413
v1,1790758529112318,SAT,22,10728d70e0641a69:0x115a2d,7033435
v1,1790758529112480,UNSAT,65,10728d70e0641a69:0x115a2d,7033500
v1,1790758529112554,SAT,60,10728d70e0641a69:0x115a2d,7033560
v1,1790758529112707,SAT,58,10728d70e0641a69:0x115a2d,7033618
v1,1790758529113158,SAT,329,10728d70e0641a69:0x115a2d,7033947
v1,1790758529113202,SAT,22,10728d70e0641a69:0x115a2d,7033969
v1,1790758529113399,UNSAT,79,10728d70e0641a69:0x115a2d,7034048
v1,1790758529113435,SAT,24,10728d70e0641a69:0x115a2d,7034072
v1,1790758529113601,UNSAT,71,10728d70e0641a69:0x115a2d,7034143
v1,1790758529113672,SAT,54,10728d70e0641a69:0x115a2d,7034197
v1,1790758529113812,SAT,56,10728d70e0641a69:0x115a2d,7034253
v1,1790758529114309,SAT,325,10728d70e0641a69:0x115a2d,7034578
v1,1790758529114369,SAT,31,10728d70e0641a69:0x115a2d,7034609
v1,1790758529114633,UNSAT,105,10728d70e0641a69:0x115a2d,7034714
v1,1790758529114669,SAT,21,10728d70e0641a69:0x115a2d,7034735
v1,1790758529114899,UNSAT,98,10728d70e0641a69:0x115a2d,7034833
v1,1790758529114996,SAT,58,10728d70e0641a69:0x115a2d,7034891
v1,1790758529115166,SAT,58,10728d70e0641a69:0x115a2d,7034949
v1,1790758529115643,SAT,345,10728d70e0641a69:0x115a2d,7035294
v1,1790758529115699,SAT,27,10728d70e0641a69:0x115a2d,7035321
v1,1790758529115876,UNSAT,74,10728d70e0641a69:0x115a2d,7035395
v1,1790758529115905,SAT,20,10728d70e0641a69:0x115a2d,7035415
v1,1790758529116056,UNSAT,63,10728d70e0641a69:0x115a2d,7035478
v1,1790758529116123,SAT,54,10728d70e0641a69:0x115a2d,7035532
v1,1790758529116282,SAT,71,10728d70e0641a69:0x115a2d,7035603
v1,1790758529118517,SAT,1763,10728d70e0641a69:0x115a2d,7037366
v1,1790758529120162,SAT,41,10728d70e0641a69:0x115a2d,7037407
v1,1790758529120476,UNSAT,113,10728d70e0641a69:0x115a2d,7037520
v1,1790758529120511,SAT,23,10728d70e0641a69:0x115a2d,7037543
v1,1790758529120938,UNSAT,263,10728d70e0641a69:0x115a2d,7037806
v1,1790758529121071,SAT,87,10728d70e0641a69:0x115a2d,7037893
v1,1790758529121347,SAT,82,10728d70e0641a69:0x115a2d,7037975
v1,1790758529125439,SAT,3503,10728d70e0641a69:0x115a2d,7041478
v1,1790758529128855,SAT,79,10728d70e0641a69:0x115a2d,7041557
v1,1790758529129241,UNSAT,139,10728d70e0641a69:0x115a2d,7041696
v1,1790758529129298,SAT,36,10728d70e0641a69:0x115a2d,7041732
v1,1790758529129574,UNSAT,101,10728d70e0641a69:0x115a2d,7041833
v1,1790758529129689,SAT,66,10728d70e0641a69:0x115a2d,7041899
v1,1790758529129905,SAT,69,10728d70e0641a69:0x115a2d,7041968
v1,1790758529135341,SAT,4835,10728d70e0641a69:0x115a2d,7046803
v1,1790758529139986,SAT,49,10728d70e0641a69:0x115a2d,7046852
v1,1790758529140361,UNSAT,141,10728d70e0641a69:0x115a2d,7046993
v1,1790758529140405,SAT,29,10728d70e0641a69:0x115a2d,7047022
v1,1790758529140695,UNSAT,105,10728d70e0641a69:0x115a2d,7047127
v1,1790758529140801,SAT,62,10728d70e0641a69:0x115a2d,7047189
v1,1790758529141018,SAT,72,10728d70e0641a69:0x115a2d,7047261
v1,1790758529141645,SAT,362,10728d70e0641a69:0x115a2d,7047623
v1,1790758529141697,SAT,27,10728d70e0641a69:0x115a2d,7047650
v1,1790758529141887,UNSAT,81,10728d70e0641a69:0x115a2d,7047731
v1,1790758529141932,SAT,36,10728d70e0641a69:0x115a2d,7047767
v1,1790758529142094,UNSAT,66,10728d70e0641a69:0x115a2d,7047833
v1,1790758529142164,SAT,56,10728d70e0641a69:0x115a2d,7047889
v1,1790758529142334,SAT,60,10728d70e0641a69:0x115a2d,7047949
v1,1790758529142908,SAT,335,10728d70e0641a69:0x115a2d,7048284
v1,1790758529142979,SAT,47,10728d70e0641a69:0x115a2d,7048331
v1,1790758529143151,UNSAT,78,10728d70e0641a69:0x115a2d,7048409
v1,1790758529143182,SAT,22,10728d70e0641a69:0x115a2d,7048431
v1,1790758529143348,UNSAT,66,10728d70e0641a69:0x115a2d,7048497
v1,1790758529143422,SAT,59,10728d70e0641a69:0x115a2d,7048556
v1,1790758529143572,SAT,62,10728d70e0641a69:0x115a2d,7048618
v1,1790758529144022,SAT,329,10728d70e0641a69:0x115a2d,7048947
v1,1790758529144076,SAT,28,10728d70e0641a69:0x115a2d,7048975
v1,1790758529144338,UNSAT,119,10728d70e0641a69:0x115a2d,7049094
v1,1790758529144375,SAT,27,10728d70e0641a69:0x115a2d,7049121
v1,1790758529144587,UNSAT,91,10728d70e0641a69:0x115a2d,7049212
v1,1790758529144686,SAT,63,10728d70e0641a69:0x115a2d,7049275
v1,1790758529144865,SAT,66,10728d70e0641a69:0x115a2d,7049341
v1,1790758529145346,SAT,338,10728d70e0641a69:0x115a2d,7049679
v1,1790758529145396,SAT,29,10728d70e0641a69:0x115a2d,7049708
v1,1790758529145568,UNSAT,74,10728d70e0641a69:0x115a2d,7049782
v1,1790758529145594,SAT,16,10728d70e0641a69:0x115a2d,7049798
v1,1790758529145751,UNSAT,71,10728d70e0641a69:0x115a2d,7049869
v1,1790758529145819,SAT,53,10728d70e0641a69:0x115a2d,7049922
v1,1790758529145965,SAT,62,10728d70e0641a69:0x115a2d,7049984
v1,1790758529146427,SAT,347,10728d70e0641a69:0x115a2d,7050331
v1,1790758529146469,SAT,20,10728d70e0641a69:0x115a2d,7050351
v1,1790758529146645,UNSAT,76,10728d70e0641a69:0x115a2d,7050427
v1,1790758529146681,SAT,25,10728d70e0641a69:0x115a2d,7050452
v1,1790758529146836,UNSAT,68,10728d70e0641a69:0x115a2d,7050520
v1,1790758529146909,SAT,58,10728d70e0641a69:0x115a2d,7050578
v1,1790758529147055,SAT,55,10728d70e0641a69:0x115a2d,7050633
v1,1790758529149271,SAT,1786,10728d70e0641a69:0x115a2d,7052419
v1,1790758529150927,SAT,40,10728d70e0641a69:0x115a2d,7052459
v1,1790758529151232,UNSAT,117,10728d70e0641a69:0x115a2d,7052576
v1,1790758529151303,SAT,57,10728d70e0641a69:0x115a2d,7052633
v1,1790758529151583,UNSAT,108,10728d70e0641a69:0x115a2d,7052741
v1,1790758529151684,SAT,61,10728d70e0641a69:0x115a2d,7052802
v1,1790758529151879,SAT,63,10728d70e0641a69:0x115a2d,7052865
v1,1790758529155608,SAT,3227,10728d70e0641a69:0x115a2d,7056092
v1,1790758529158755,SAT,59,10728d70e0641a69:0x115a2d,7056151
v1,1790758529159065,UNSAT,109,10728d70e0641a69:0x115a2d,7056260
v1,1790758529159103,SAT,25,10728d70e0641a69:0x115a2d,7056285
v1,1790758529159369,UNSAT,103,10728d70e0641a69:0x115a2d,7056388
v1,1790758529159470,SAT,62,10728d70e0641a69:0x115a2d,7056450
v1,1790758529159667,SAT,61,10728d70e0641a69:0x115a2d,7056511
v1,1790758529164987,SAT,4781,10728d70e0641a69:0x115a2d,7061292
v1,1790758529169647,SAT,76,10728d70e0641a69:0x115a2d,7061368
v1,1790758529169995,UNSAT,130,10728d70e0641a69:0x115a2d,7061498
v1,1790758529170068,SAT,55,10728d70e0641a69:0x115a2d,7061553
v1,1790758529170327,UNSAT,106,10728d70e0641a69:0x115a2d,7061659
v1,1790758529170423,SAT,57,10728d70e0641a69:0x115a2d,7061716
v1,1790758529170622,SAT,66,10728d70e0641a69:0x115a2d,7061782
v1,1790758529171205,SAT,364,10728d70e0641a69:0x115a2d,7062146
v1,1790758529171327,SAT,98,10728d70e0641a69:0x115a2d,7062244
v1,1790758529171551,UNSAT,85,10728d70e0641a69:0x115a2d,7062329
v1,1790758529171587,SAT,25,10728d70e0641a69:0x115a2d,7062354
v1,1790758529171746,UNSAT,67,10728d70e0641a69:0x115a2d,7062421
v1,1790758529171816,SAT,56,10728d70e0641a69:0x115a2d,7062477
v1,1790758529171959,SAT,59,10728d70e0641a69:0x115a2d,7062536
v1,1790758529172435,SAT,350,10728d70e0641a69:0x115a2d,7062886
v1,1790758529172479,SAT,23,10728d70e0641a69:0x115a2d,7062909
v1,1790758529172653,UNSAT,76,10728d70e0641a69:0x115a2d,7062985
v1,1790758529172686,SAT,24,10728d70e0641a69:0x115a2d,7063009
v1,1790758529172839,UNSAT,67,10728d70e0641a69:0x115a2d,7063076
v1,1790758529172909,SAT,55,10728d70e0641a69:0x115a2d,7063131
v1,1790758529173048,SAT,56,10728d70e0641a69:0x115a2d,7063187
v1,1790758529173611,SAT,332,10728d70e0641a69:0x115a2d,7063519
v1,1790758529173663,SAT,27,10728d70e0641a69:0x115a2d,7063546
v1,1790758529173909,UNSAT,102,10728d70e0641a69:0x115a2d,7063648
v1,1790758529173974,SAT,54,10728d70e0641a69:0x115a2d,7063702
v1,1790758529174189,UNSAT,91,10728d70e0641a69:0x115a2d,7063793
v1,1790758529174290,SAT,66,10728d70e0641a69:0x115a2d,7063859
v1,1790758529174472,SAT,61,10728d70e0641a69:0x115a2d,7063920
v1,1790758529174986,SAT,340,10728d70e0641a69:0x115a2d,7064260
v1,1790758529175032,SAT,24,10728d70e0641a69:0x115a2d,7064284
v1,1790758529175216,UNSAT,75,10728d70e0641a69:0x115a2d,7064359
v1,1790758529175244,SAT,18,10728d70e0641a69:0x115a2d,7064377
v1,1790758529175405,UNSAT,64,10728d70e0641a69:0x115a2d,7064441
v1,1790758529175496,SAT,74,10728d70e0641a69:0x115a2d,7064515
v1,1790758529175647,SAT,57,10728d70e0641a69:0x115a2d,7064572
v1,1790758529177793,SAT,1773,10728d70e0641a69:0x115a2d,7066345
v1,1790758529179446,SAT,37,10728d70e0641a69:0x115a2d,7066382
v1,1790758529179746,UNSAT,108,10728d70e0641a69:0x115a2d,7066490
v1,1790758529179802,SAT,44,10728d70e0641a69:0x115a2d,7066534
v1,1790758529180037,UNSAT,98,10728d70e0641a69:0x115a2d,7066632
v1,1790758529180128,SAT,55,10728d70e0641a69:0x115a2d,7066687
v1,1790758529180312,SAT,60,10728d70e0641a69:0x115a2d,7066747
v1,1790758529180840,SAT,339,10728d70e0641a69:0x115a2d,7067086
v1,1790758529180882,SAT,21,10728d70e0641a69:0x115a2d,7067107
v1,1790758529181054,UNSAT,72,10728d70e0641a69:0x115a2d,7067179
v1,1790758529181082,SAT,19,10728d70e0641a69:0x115a2d,7067198
v1,1790758529181238,UNSAT,62,10728d70e0641a69:0x115a2d,7067260
v1,1790758529181317,SAT,60,10728d70e0641a69:0x115a2d,7067320
v1,1790758529181464,SAT,60,10728d70e0641a69:0x115a2d,7067380
v1,1790758529185096,SAT,3234,10728d70e0641a69:0x115a2d,7070614
v1,1790758529188238,SAT,45,10728d70e0641a69:0x115a2d,7070659
v1,1790758529188564,UNSAT,113,10728d70e0641a69:0x115a2d,7070772
v1,1790758529188607,SAT,25,10728d70e0641a69:0x115a2d,7070797
v1,1790758529188863,UNSAT,104,10728d70e0641a69:0x115a2d,7070901
v1,1790758529188957,SAT,55,10728d70e0641a69:0x115a2d,7070956
v1,1790758529189163,SAT,63,10728d70e0641a69:0x115a2d,7071019
v1,1790758529194396,SAT,4764,10728d70e0641a69:0x115a2d,7075783
v1,1790758529199118,SAT,114,10728d70e0641a69:0x115a2d,7075897
v1,1790758529199486,UNSAT,124,10728d70e0641a69:0x115a2d,7076021
v1,1790758529199525,SAT,24,10728d70e0641a69:0x115a2d,7076045
v1,1790758529199777,UNSAT,98,10728d70e0641a69:0x115a2d,7076143
v1,1790758529199873,SAT,59,10728d70e0641a69:0x115a2d,7076202
v1,1790758529200080,SAT,75,10728d70e0641a69:0x115a2d,7076277
v1,1790758529200765,SAT,354,10728d70e0641a69:0x115a2d,7076631
v1,1790758529200812,SAT,22,10728d70e0641a69:0x115a2d,7076653
v1,1790758529201001,UNSAT,80,10728d70e0641a69:0x115a2d,7076733
v1,1790758529201043,SAT,32,10728d70e0641a69:0x115a2d,7076765
v1,1790758529201202,UNSAT,67,10728d70e0641a69:0x115a2d,7076832
v1,1790758529201333,SAT,117,10728d70e0641a69:0x115a2d,7076949
v1,1790758529201481,SAT,59,10728d70e0641a69:0x115a2d,7077008
v1,1790758529201959,SAT,342,10728d70e0641a69:0x115a2d,7077350
v1,1790758529202011,SAT,29,10728d70e0641a69:0x115a2d,7077379
v1,1790758529202184,UNSAT,76,10728d70e0641a69:0x115a2d,7077455
v1,1790758529202212,SAT,18,10728d70e0641a69:0x115a2d,7077473
v1,1790758529202379,UNSAT,65,10728d70e0641a69:0x115a2d,7077538
v1,1790758529202447,SAT,54,10728d70e0641a69:0x115a2d,7077592
v1,1790758529202597,SAT,63,10728d70e0641a69:0x115a2d,7077655
v1,1790758529203042,SAT,325,10728d70e0641a69:0x115a2d,7077980
v1,1790758529203083,SAT,22,10728d70e0641a69:0x115a2d,7078002
v1,1790758529203252,UNSAT,73,10728d70e0641a69:0x115a2d,7078075
v1,1790758529203285,SAT,24,10728d70e0641a69:0x115a2d,7078099
v1,1790758529203439,UNSAT,67,10728d70e0641a69:0x115a2d,7078166
v1,1790758529203508,SAT,55,10728d70e0641a69:0x115a2d,7078221
v1,1790758529203644,SAT,56,10728d70e0641a69:0x115a2d,7078277
v1,1790758529204450,SAT,344,10728d70e0641a69:0x115a2d,7078621
v1,1790758529204505,SAT,25,10728d70e0641a69:0x115a2d,7078646
v1,1790758529204780,UNSAT,112,10728d70e0641a69:0x115a2d,7078758
v1,1790758529204810,SAT,20,10728d70e0641a69:0x115a2d,7078778
v1,1790758529205031,UNSAT,93,10728d70e0641a69:0x115a2d,7078871
v1,1790758529205129,SAT,56,10728d70e0641a69:0x115a2d,7078927
v1,1790758529205306,SAT,62,10728d70e0641a69:0x115a2d,7078989
v1,1790758529205767,SAT,327,10728d70e0641a69:0x115a2d,7079316
v1,1790758529205822,SAT,34,10728d70e0641a69:0x115a2d,7079350
v1,1790758529206003,UNSAT,81,10728d70e0641a69:0x115a2d,7079431
v1,1790758529206034,SAT,20,10728d70e0641a69:0x115a2d,7079451
v1,1790758529206221,UNSAT,70,10728d70e0641a69:0x115a2d,7079521
v1,1790758529206302,SAT,66,10728d70e0641a69:0x115a2d,7079587
v1,1790758529206449,SAT,57,10728d70e0641a69:0x115a2d,7079644
v1,1790758529208638,SAT,1771,10728d70e0641a69:0x115a2d,7081415
v1,1790758529210300,SAT,70,10728d70e0641a69:0x115a2d,7081485
v1,1790758529210605,UNSAT,113,10728d70e0641a69:0x115a2d,7081598
v1,1790758529210667,SAT,49,10728d70e0641a69:0x115a2d,7081647
v1,1790758529210926,UNSAT,101,10728d70e0641a69:0x115a2d,7081748
v1,1790758529211022,SAT,56,10728d70e0641a69:0x115a2d,7081804
v1,1790758529211226,SAT,65,10728d70e0641a69:0x115a2d,7081869
v1,1790758529215047,SAT,3271,10728d70e0641a69:0x115a2d,7085140
v1,1790758529218210,SAT,59,10728d70e0641a69:0x115a2d,7085199
v1,1790758529218542,UNSAT,119,10728d70e0641a69:0x115a2d,7085318
v1,1790758529218587,SAT,31,10728d70e0641a69:0x115a2d,7085349
v1,1790758529218850,UNSAT,103,10728d70e0641a69:0x115a2d,7085452
v1,1790758529218949,SAT,59,10728d70e0641a69:0x115a2d,7085511
v1,1790758529219142,SAT,65,10728d70e0641a69:0x115a2d,7085576
v1,1790758529224500,SAT,4792,10728d70e0641a69:0x115a2d,7090368
v1,1790758529229178,SAT,58,10728d70e0641a69:0x115a2d,7090426
v1,1790758529229533,UNSAT,115,10728d70e0641a69:0x115a2d,7090541
v1,1790758529229567,SAT,20,10728d70e0641a69:0x115a2d,7090561
v1,1790758529229828,UNSAT,101,10728d70e0641a69:0x115a2d,7090662
v1,1790758529229937,SAT,64,10728d70e0641a69:0x115a2d,7090726
v1,1790758529230133,SAT,60,10728d70e0641a69:0x115a2d,7090786
v1,1790758529230790,SAT,358,10728d70e0641a69:0x115a2d,7091144
v1,1790758529230844,SAT,30,10728d70e0641a69:0x115a2d,7091174
v1,1790758529231037,UNSAT,77,10728d70e0641a69:0x115a2d,7091251
v1,1790758529231071,SAT,24,10728d70e0641a69:0x115a2d,7091275
v1,1790758529231233,UNSAT,69,10728d70e0641a69:0x115a2d,7091344
v1,1790758529231314,SAT,61,10728d70e0641a69:0x115a2d,7091405
v1,1790758529231467,SAT,59,10728d70e0641a69:0x115a2d,7091464
v1,1790758529231929,SAT,330,10728d70e0641a69:0x115a2d,7091794
v1,1790758529231974,SAT,21,10728d70e0641a69:0x115a2d,7091815
v1,1790758529232206,UNSAT,96,10728d70e0641a69:0x115a2d,7091911
v1,1790758529232235,SAT,19,10728d70e0641a69:0x115a2d,7091930
v1,1790758529232457,UNSAT,91,10728d70e0641a69:0x115a2d,7092021
v1,1790758529232549,SAT,55,10728d70e0641a69:0x115a2d,7092076
v1,1790758529232725,SAT,59,10728d70e0641a69:0x115a2d,7092135
v1,1790758529233186,SAT,336,10728d70e0641a69:0x115a2d,7092471
v1,1790758529233224,SAT,19,10728d70e0641a69:0x115a2d,7092490
v1,1790758529233405,UNSAT,70,10728d70e0641a69:0x115a2d,7092560
v1,1790758529233432,SAT,18,10728d70e0641a69:0x115a2d,7092578
v1,1790758529233584,UNSAT,63,10728d70e0641a69:0x115a2d,7092641
v1,1790758529233663,SAT,64,10728d70e0641a69:0x115a2d,7092705
v1,1790758529233810,SAT,58,10728d70e0641a69:0x115a2d,7092763
v1,1790758529234266,SAT,336,10728d70e0641a69:0x115a2d,7093099
v1,1790758529234323,SAT,35,10728d70e0641a69:0x115a2d,7093134
v1,1790758529234499,UNSAT,75,10728d70e0641a69:0x115a2d,7093209
v1,1790758529234537,SAT,28,10728d70e0641a69:0x115a2d,7093237
v1,1790758529234695,UNSAT,63,10728d70e0641a69:0x115a2d,7093300
v1,1790758529234768,SAT,59,10728d70e0641a69:0x115a2d,7093359
v1,1790758529234920,SAT,61,10728d70e0641a69:0x115a2d,7093420
v1,1790758529237159,SAT,1743,10728d70e0641a69:0x115a2d,7095163
v1,1790758529238800,SAT,36,10728d70e0641a69:0x115a2d,7095199
v1,1790758529239095,UNSAT,108,10728d70e0641a69:0x115a2d,7095307
v1,1790758529239137,SAT,29,10728d70e0641a69:0x115a2d,7095336
v1,1790758529239394,UNSAT,107,10728d70e0641a69:0x115a2d,7095443
v1,1790758529239504,SAT,64,10728d70e0641a69:0x115a2d,7095507
v1,1790758529239710,SAT,73,10728d70e0641a69:0x115a2d,7095580
v1,1790758529243449,SAT,3246,10728d70e0641a69:0x115a2d,7098826
v1,1790758529246621,SAT,45,10728d70e0641a69:0x115a2d,7098871
v1,1790758529246941,UNSAT,111,10728d70e0641a69:0x115a2d,7098982
v1,1790758529246981,SAT,27,10728d70e0641a69:0x115a2d,7099009
v1,1790758529247214,UNSAT,93,10728d70e0641a69:0x115a2d,7099102
v1,1790758529247327,SAT,58,10728d70e0641a69:0x115a2d,7099160
v1,1790758529247522,SAT,65,10728d70e0641a69:0x115a2d,7099225
v1,1790758529248034,SAT,360,10728d70e0641a69:0x115a2d,7099585
v1,1790758529248095,SAT,39,10728d70e0641a69:0x115a2d,7099624
v1,1790758529248284,UNSAT,85,10728d70e0641a69:0x115a2d,7099709
v1,1790758529248317,SAT,23,10728d70e0641a69:0x115a2d,7099732
v1,1790758529248480,UNSAT,69,10728d70e0641a69:0x115a2d,7099801
v1,1790758529248550,SAT,55,10728d70e0641a69:0x115a2d,7099856
v1,1790758529248705,SAT,61,10728d70e0641a69:0x115a2d,7099917
v1,1790758529253986,SAT,4785,10728d70e0641a69:0x115a2d,7104702
v1,1790758529258612,SAT,47,10728d70e0641a69:0x115a2d,7104749
v1,1790758529258956,UNSAT,114,10728d70e0641a69:0x115a2d,7104863
v1,1790758529258989,SAT,19,10728d70e0641a69:0x115a2d,7104882
v1,1790758529259237,UNSAT,93,10728d70e0641a69:0x115a2d,7104975
v1,1790758529259341,SAT,58,10728d70e0641a69:0x115a2d,7105033
v1,1790758529259539,SAT,60,10728d70e0641a69:0x115a2d,7105093
v1,1790758529260112,SAT,350,10728d70e0641a69:0x115a2d,7105443
v1,1790758529260156,SAT,22,10728d70e0641a69:0x115a2d,7105465
v1,1790758529260359,UNSAT,75,10728d70e0641a69:0x115a2d,7105540
v1,1790758529260387,SAT,18,10728d70e0641a69:0x115a2d,7105558
v1,1790758529260569,UNSAT,68,10728d70e0641a69:0x115a2d,7105626
v1,1790758529260646,SAT,62,10728d70e0641a69:0x115a2d,7105688
v1,1790758529260791,SAT,58,10728d70e0641a69:0x115a2d,7105746
v1,1790758529261329,SAT,350,10728d70e0641a69:0x115a2d,7106096
v1,1790758529261380,SAT,27,10728d70e0641a69:0x115a2d,7106123
v1,1790758529261558,UNSAT,71,10728d70e0641a69:0x115a2d,7106194
v1,1790758529261594,SAT,26,10728d70e0641a69:0x115a2d,7106220
v1,1790758529261751,UNSAT,66,10728d70e0641a69:0x115a2d,7106286
v1,1790758529261839,SAT,73,10728d70e0641a69:0x115a2d,7106359
v1,1790758529262675,SAT,141,10728d70e0641a69:0x115a2d,7106500
v1,1790758529263243,SAT,364,10728d70e0641a69:0x115a2d,7106864
v1,1790758529263301,SAT,22,10728d70e0641a69:0x115a2d,7106886
v1,1790758529263519,UNSAT,83,10728d70e0641a69:0x115a2d,7106969
v1,1790758529263553,SAT,22,10728d70e0641a69:0x115a2d,7106991
v1,1790758529263732,UNSAT,73,10728d70e0641a69:0x115a2d,7107064
v1,1790758529263808,SAT,58,10728d70e0641a69:0x115a2d,7107122
v1,1790758529263967,SAT,61,10728d70e0641a69:0x115a2d,7107183
v1,1790758529264528,SAT,373,10728d70e0641a69:0x115a2d,7107556
v1,1790758529264585,SAT,24,10728d70e0641a69:0x115a2d,7107580
v1,1790758529264868,UNSAT,119,10728d70e0641a69:0x115a2d,7107699
v1,1790758529264905,SAT,26,10728d70e0641a69:0x115a2d,7107725
v1,1790758529265134,UNSAT,99,10728d70e0641a69:0x115a2d,7107824
v1,1790758529265240,SAT,67,10728d70e0641a69:0x115a2d,7107891
v1,1790758529265448,SAT,65,10728d70e0641a69:0x115a2d,7107956
v1,1790758529265925,SAT,339,10728d70e0641a69:0x115a2d,7108295
v1,1790758529265985,SAT,38,10728d70e0641a69:0x115a2d,7108333
v1,1790758529266166,UNSAT,75,10728d70e0641a69:0x115a2d,7108408
v1,1790758529266195,SAT,20,10728d70e0641a69:0x115a2d,7108428
v1,1790758529266363,UNSAT,66,10728d70e0641a69:0x115a2d,7108494
v1,1790758529266432,SAT,55,10728d70e0641a69:0x115a2d,7108549
v1,1790758529266584,SAT,57,10728d70e0641a69:0x115a2d,7108606
v1,1790758529268863,SAT,1807,10728d70e0641a69:0x115a2d,7110413
v1,1790758529270512,SAT,32,10728d70e0641a69:0x115a2d,7110445
v1,1790758529270847,UNSAT,114,10728d70e0641a69:0x115a2d,7110559
v1,1790758529270887,SAT,26,10728d70e0641a69:0x115a2d,7110585
v1,1790758529271129,UNSAT,98,10728d70e0641a69:0x115a2d,7110683
v1,1790758529271228,SAT,56,10728d70e0641a69:0x115a2d,7110739
v1,1790758529271430,SAT,61,10728d70e0641a69:0x115a2d,7110800
v1,1790758529275187,SAT,3305,10728d70e0641a69:0x115a2d,7114105
v1,1790758529278335,SAT,33,10728d70e0641a69:0x115a2d,7114138
v1,1790758529278686,UNSAT,133,10728d70e0641a69:0x115a2d,7114271
v1,1790758529278730,SAT,30,10728d70e0641a69:0x115a2d,7114301
v1,1790758529278984,UNSAT,107,10728d70e0641a69:0x115a2d,7114408
v1,1790758529279088,SAT,56,10728d70e0641a69:0x115a2d,7114464
v1,1790758529279296,SAT,78,10728d70e0641a69:0x115a2d,7114542
v1,1790758529284613,SAT,4756,10728d70e0641a69:0x115a2d,7119298
v1,1790758529289252,SAT,45,10728d70e0641a69:0x115a2d,7119343
v1,1790758529289617,UNSAT,129,10728d70e0641a69:0x115a2d,7119472
v1,1790758529289657,SAT,24,10728d70e0641a69:0x115a2d,7119496
v1,1790758529289953,UNSAT,140,10728d70e0641a69:0x115a2d,7119636
v1,1790758529290062,SAT,58,10728d70e0641a69:0x115a2d,7119694
v1,1790758529290286,SAT,91,10728d70e0641a69:0x115a2d,7119785
v1,1790758529290867,SAT,349,10728d70e0641a69:0x115a2d,7120134
v1,1790758529290917,SAT,23,10728d70e0641a69:0x115a2d,7120157
v1,1790758529291115,UNSAT,82,10728d70e0641a69:0x115a2d,7120239
v1,1790758529291147,SAT,22,10728d70e0641a69:0x115a2d,7120261
v1,1790758529291319,UNSAT,82,10728d70e0641a69:0x115a2d,7120343
v1,1790758529291389,SAT,55,10728d70e0641a69:0x115a2d,7120398
v1,1790758529291534,SAT,58,10728d70e0641a69:0x115a2d,7120456
v1,1790758529292089,SAT,331,10728d70e0641a69:0x115a2d,7120787
v1,1790758529292133,SAT,24,10728d70e0641a69:0x115a2d,7120811
v1,1790758529292308,UNSAT,75,10728d70e0641a69:0x115a2d,7120886
v1,1790758529292350,SAT,33,10728d70e0641a69:0x115a2d,7120919
v1,1790758529292505,UNSAT,63,10728d70e0641a69:0x115a2d,7120982
v1,1790758529292572,SAT,53,10728d70e0641a69:0x115a2d,7121035
v1,1790758529292712,SAT,54,10728d70e0641a69:0x115a2d,7121089
v1,1790758529293165,SAT,329,10728d70e0641a69:0x115a2d,7121418
v1,1790758529293212,SAT,21,10728d70e0641a69:0x115a2d,7121439
v1,1790758529293469,UNSAT,104,10728d70e0641a69:0x115a2d,7121543
v1,1790758529293495,SAT,17,10728d70e0641a69:0x115a2d,7121560
v1,1790758529293722,UNSAT,94,10728d70e0641a69:0x115a2d,7121654
v1,1790758529293834,SAT,63,10728d70e0641a69:0x115a2d,7121717
v1,1790758529294027,SAT,63,10728d70e0641a69:0x115a2d,7121780
v1,1790758529294503,SAT,344,10728d70e0641a69:0x115a2d,7122124
v1,1790758529294549,SAT,23,10728d70e0641a69:0x115a2d,7122147
v1,1790758529294726,UNSAT,76,10728d70e0641a69:0x115a2d,7122223
v1,1790758529294756,SAT,21,10728d70e0641a69:0x115a2d,7122244
v1,1790758529294926,UNSAT,68,10728d70e0641a69:0x115a2d,7122312
v1,1790758529294994,SAT,54,10728d70e0641a69:0x115a2d,7122366
v1,1790758529295140,SAT,58,10728d70e0641a69:0x115a2d,7122424
v1,1790758529295613,SAT,329,10728d70e0641a69:0x115a2d,7122753
v1,1790758529295659,SAT,24,10728d70e0641a69:0x115a2d,7122777
v1,1790758529295830,UNSAT,74,10728d70e0641a69:0x115a2d,7122851
v1,1790758529295864,SAT,25,10728d70e0641a69:0x115a2d,7122876
v1,1790758529296011,UNSAT,64,10728d70e0641a69:0x115a2d,7122940
v1,1790758529296089,SAT,65,10728d70e0641a69:0x115a2d,7123005
v1,1790758529296230,SAT,59,10728d70e0641a69:0x115a2d,7123064
v1,1790758529298391,SAT,1723,10728d70e0641a69:0x115a2d,7124787
v1,1790758529300096,SAT,70,10728d70e0641a69:0x115a2d,7124857
v1,1790758529300409,UNSAT,117,10728d70e0641a69:0x115a2d,7124974
v1,1790758529300453,SAT,31,10728d70e0641a69:0x115a2d,7125005
v1,1790758529300706,UNSAT,105,10728d70e0641a69:0x115a2d,7125110
v1,1790758529300809,SAT,60,10728d70e0641a69:0x115a2d,7125170
v1,1790758529301010,SAT,66,10728d70e0641a69:0x115a2d,7125236
v1,1790758529304813,SAT,3277,10728d70e0641a69:0x115a2d,7128513
v1,1790758529307951,SAT,36,10728d70e0641a69:0x115a2d,7128549
v1,1790758529308314,UNSAT,140,10728d70e0641a69:0x115a2d,7128689
v1,1790758529308359,SAT,31,10728d70e0641a69:0x115a2d,7128720
v1,1790758529308618,UNSAT,105,10728d70e0641a69:0x115a2d,7128825
v1,1790758529308726,SAT,64,10728d70e0641a69:0x115a2d,7128889
v1,1790758529308922,SAT,57,10728d70e0641a69:0x115a2d,7128946
v1,1790758529314658,SAT,4860,10728d70e0641a69:0x115a2d,7133806
v1,1790758529319353,SAT,42,10728d70e0641a69:0x115a2d,7133848
v1,1790758529319741,UNSAT,131,10728d70e0641a69:0x115a2d,7133979
v1,1790758529319782,SAT,26,10728d70e0641a69:0x115a2d,7134005
v1,1790758529320056,UNSAT,107,10728d70e0641a69:0x115a2d,7134112
v1,1790758529320161,SAT,61,10728d70e0641a69:0x115a2d,7134173
v1,1790758529320375,SAT,61,10728d70e0641a69:0x115a2d,7134234
v1,1790758529320960,SAT,354,10728d70e0641a69:0x115a2d,7134588
v1,1790758529321014,SAT,31,10728d70e0641a69:0x115a2d,7134619
v1,1790758529321198,UNSAT,74,10728d70e0641a69:0x115a2d,7134693
v1,1790758529321238,SAT,30,10728d70e0641a69:0x115a2d,7134723
v1,1790758529321411,UNSAT,69,10728d70e0641a69:0x115a2d,7134792
v1,1790758529321490,SAT,64,10728d70e0641a69:0x115a2d,7134856
v1,1790758529321643,SAT,60,10728d70e0641a69:0x115a2d,7134916
v1,1790758529322108,SAT,331,10728d70e0641a69:0x115a2d,7135247
v1,1790758529322150,SAT,21,10728d70e0641a69:0x115a2d,7135268
v1,1790758529322329,UNSAT,76,10728d70e0641a69:0x115a2d,7135344
v1,1790758529322367,SAT,28,10728d70e0641a69:0x115a2d,7135372
v1,1790758529322536,UNSAT,71,10728d70e0641a69:0x115a2d,7135443
v1,1790758529322627,SAT,73,10728d70e0641a69:0x115a2d,7135516
v1,1790758529322785,SAT,60,10728d70e0641a69:0x115a2d,7135576
v1,1790758529323378,SAT,363,10728d70e0641a69:0x115a2d,7135939
v1,1790758529323431,SAT,24,10728d70e0641a69:0x115a2d,7135963
v1,1790758529323731,UNSAT,125,10728d70e0641a69:0x115a2d,7136088
v1,1790758529323764,SAT,22,10728d70e0641a69:0x115a2d,7136110
v1,1790758529323998,UNSAT,97,10728d70e0641a69:0x115a2d,7136207
v1,1790758529324103,SAT,65,10728d70e0641a69:0x115a2d,7136272
v1,1790758529324311,SAT,85,10728d70e0641a69:0x115a2d,7136357
v1,1790758529324866,SAT,368,10728d70e0641a69:0x115a2d,7136725
v1,1790758529324917,SAT,28,10728d70e0641a69:0x115a2d,7136753
v1,1790758529325108,UNSAT,80,10728d70e0641a69:0x115a2d,7136833
v1,1790758529325142,SAT,24,10728d70e0641a69:0x115a2d,7136857
v1,1790758529325305,UNSAT,74,10728d70e0641a69:0x115a2d,7136931
v1,1790758529325376,SAT,56,10728d70e0641a69:0x115a2d,7136987
v1,1790758529325522,SAT,56,10728d70e0641a69:0x115a2d,7137043
v1,1790758529327687,SAT,1769,10728d70e0641a69:0x115a2d,7138812
v1,1790758529329336,SAT,36,10728d70e0641a69:0x115a2d,7138848
v1,1790758529329647,UNSAT,114,10728d70e0641a69:0x115a2d,7138962
v1,1790758529329685,SAT,24,10728d70e0641a69:0x115a2d,7138986
v1,1790758529329945,UNSAT,108,10728d70e0641a69:0x115a2d,7139094
v1,1790758529330044,SAT,57,10728d70e0641a69:0x115a2d,7139151
v1,1790758529330229,SAT,58,10728d70e0641a69:0x115a2d,7139209
v1,1790758529330779,SAT,346,10728d70e0641a69:0x115a2d,7139555
v1,1790758529330831,SAT,28,10728d70e0641a69:0x115a2d,7139583
v1,1790758529331012,UNSAT,81,10728d70e0641a69:0x115a2d,7139664
v1,1790758529331047,SAT,24,10728d70e0641a69:0x115a2d,7139688
v1,1790758529331201,UNSAT,64,10728d70e0641a69:0x115a2d,7139752
v1,1790758529331277,SAT,60,10728d70e0641a69:0x115a2d,7139812
v1,1790758529331433,SAT,59,10728d70e0641a69:0x115a2d,7139871
v1,1790758529335108,SAT,3243,10728d70e0641a69:0x115a2d,7143114
v1,1790758529338245,SAT,38,10728d70e0641a69:0x115a2d,7143152
v1,1790758529338578,UNSAT,122,10728d70e0641a69:0x115a2d,7143274
v1,1790758529338621,SAT,30,10728d70e0641a69:0x115a2d,7143304
v1,1790758529338875,UNSAT,105,10728d70e0641a69:0x115a2d,7143409
v1,1790758529338976,SAT,60,10728d70e0641a69:0x115a2d,7143469
v1,1790758529339169,SAT,61,10728d70e0641a69:0x115a2d,7143530
v1,1790758529344480,SAT,4769,10728d70e0641a69:0x115a2d,7148299
v1,1790758529349152,SAT,40,10728d70e0641a69:0x115a2d,7148339
v1,1790758529349536,UNSAT,123,10728d70e0641a69:0x115a2d,7148462
v1,1790758529349571,SAT,21,10728d70e0641a69:0x115a2d,7148483
v1,1790758529349822,UNSAT,97,10728d70e0641a69:0x115a2d,7148580
v1,1790758529349919,SAT,57,10728d70e0641a69:0x115a2d,7148637
v1,1790758529350110,SAT,57,10728d70e0641a69:0x115a2d,7148694
v1,1790758529350774,SAT,355,10728d70e0641a69:0x115a2d,7149049
v1,1790758529350840,SAT,44,10728d70e0641a69:0x115a2d,7149093
v1,1790758529351037,UNSAT,85,10728d70e0641a69:0x115a2d,7149178
v1,1790758529351069,SAT,22,10728d70e0641a69:0x115a2d,7149200
v1,1790758529351227,UNSAT,67,10728d70e0641a69:0x115a2d,7149267
v1,1790758529351316,SAT,74,10728d70e0641a69:0x115a2d,7149341
v1,1790758529351463,SAT,60,10728d70e0641a69:0x115a2d,7149401
v1,1790758529351928,SAT,331,10728d70e0641a69:0x115a2d,7149732
v1,1790758529351975,SAT,26,10728d70e0641a69:0x115a2d,7149758
v1,1790758529352165,UNSAT,80,10728d70e0641a69:0x115a2d,7149838
v1,1790758529352203,SAT,28,10728d70e0641a69:0x115a2d,7149866
v1,1790758529352371,UNSAT,65,10728d70e0641a69:0x115a2d,7149931
v1,1790758529352442,SAT,56,10728d70e0641a69:0x115a2d,7149987
v1,1790758529352587,SAT,60,10728d70e0641a69:0x115a2d,7150047
v1,1790758529353020,SAT,317,10728d70e0641a69:0x115a2d,7150364
v1,1790758529353063,SAT,23,10728d70e0641a69:0x115a2d,7150387
v1,1790758529353496,UNSAT,312,10728d70e0641a69:0x115a2d,7150699
v1,1790758529353535,SAT,27,10728d70e0641a69:0x115a2d,7150726
v1,1790758529353703,UNSAT,71,10728d70e0641a69:0x115a2d,7150797
v1,1790758529353773,SAT,56,10728d70e0641a69:0x115a2d,7150853
v1,1790758529353915,SAT,59,10728d70e0641a69:0x115a2d,7150912
v1,1790758529354730,SAT,349,10728d70e0641a69:0x115a2d,7151261
v1,1790758529354784,SAT,27,10728d70e0641a69:0x115a2d,7151288
v1,1790758529355048,UNSAT,110,10728d70e0641a69:0x115a2d,7151398
v1,1790758529355080,SAT,22,10728d70e0641a69:0x115a2d,7151420
v1,1790758529355308,UNSAT,105,10728d70e0641a69:0x115a2d,7151525
v1,1790758529355407,SAT,57,10728d70e0641a69:0x115a2d,7151582
v1,1790758529355587,SAT,62,10728d70e0641a69:0x115a2d,7151644
v1,1790758529356049,SAT,333,10728d70e0641a69:0x115a2d,7151977
v1,1790758529356090,SAT,20,10728d70e0641a69:0x115a2d,7151997
v1,1790758529356269,UNSAT,76,10728d70e0641a69:0x115a2d,7152073
v1,1790758529356380,SAT,101,10728d70e0641a69:0x115a2d,7152174
v1,1790758529356542,UNSAT,73,10728d70e0641a69:0x115a2d,7152247
v1,1790758529356615,SAT,58,10728d70e0641a69:0x115a2d,7152305
v1,1790758529356758,SAT,58,10728d70e0641a69:0x115a2d,7152363
v1,1790758529358946,SAT,1754,10728d70e0641a69:0x115a2d,7154117
v1,1790758529360575,SAT,35,10728d70e0641a69:0x115a2d,7154152
v1,1790758529360893,UNSAT,114,10728d70e0641a69:0x115a2d,7154266
v1,1790758529360937,SAT,30,10728d70e0641a69:0x115a2d,7154296
v1,1790758529361190,UNSAT,102,10728d70e0641a69:0x115a2d,7154398
v1,1790758529361307,SAT,73,10728d70e0641a69:0x115a2d,7154471
v1,1790758529361496,SAT,60,10728d70e0641a69:0x115a2d,7154531
v1,1790758529365246,SAT,3246,10728d70e0641a69:0x115a2d,7157777
v1,1790758529368447,SAT,39,10728d70e0641a69:0x115a2d,7157816
v1,1790758529368803,UNSAT,117,10728d70e0641a69:0x115a2d,7157933
v1,1790758529368850,SAT,30,10728d70e0641a69:0x115a2d,7157963
v1,1790758529369103,UNSAT,99,10728d70e0641a69:0x115a2d,7158062
v1,1790758529369202,SAT,58,10728d70e0641a69:0x115a2d,7158120
v1,1790758529369425,SAT,65,10728d70e0641a69:0x115a2d,7158185
v1,1790758529374718,SAT,4739,10728d70e0641a69:0x115a2d,7162924
v1,1790758529379377,SAT,70,10728d70e0641a69:0x115a2d,7162994
v1,1790758529379713,UNSAT,117,10728d70e0641a69:0x115a2d,7163111
v1,1790758529379747,SAT,21,10728d70e0641a69:0x115a2d,7163132
v1,1790758529380005,UNSAT,102,10728d70e0641a69:0x115a2d,7163234
v1,1790758529380104,SAT,57,10728d70e0641a69:0x115a2d,7163291
v1,1790758529380298,SAT,64,10728d70e0641a69:0x115a2d,7163355
v1,1790758529380908,SAT,350,10728d70e0641a69:0x115a2d,7163705
v1,1790758529380957,SAT,26,10728d70e0641a69:0x115a2d,7163731
v1,1790758529381145,UNSAT,75,10728d70e0641a69:0x115a2d,7163806
v1,1790758529381175,SAT,21,10728d70e0641a69:0x115a2d,7163827
v1,1790758529381370,UNSAT,69,10728d70e0641a69:0x115a2d,7163896
v1,1790758529381441,SAT,57,10728d70e0641a69:0x115a2d,7163953
v1,1790758529381588,SAT,59,10728d70e0641a69:0x115a2d,7164012
v1,1790758529382049,SAT,331,10728d70e0641a69:0x115a2d,7164343
v1,1790758529382115,SAT,36,10728d70e0641a69:0x115a2d,7164379
v1,1790758529382363,UNSAT,101,10728d70e0641a69:0x115a2d,7164480
v1,1790758529382396,SAT,23,10728d70e0641a69:0x115a2d,7164503
v1,1790758529382605,UNSAT,85,10728d70e0641a69:0x115a2d,7164588
v1,1790758529382696,SAT,56,10728d70e0641a69:0x115a2d,7164644
v1,1790758529382862,SAT,56,10728d70e0641a69:0x115a2d,7164700
v1,1790758529383317,SAT,332,10728d70e0641a69:0x115a2d,7165032
v1,1790758529383364,SAT,26,10728d70e0641a69:0x115a2d,7165058
v1,1790758529383536,UNSAT,76,10728d70e0641a69:0x115a2d,7165134
v1,1790758529383566,SAT,21,10728d70e0641a69:0x115a2d,7165155
v1,1790758529383717,UNSAT,63,10728d70e0641a69:0x115a2d,7165218
v1,1790758529383784,SAT,53,10728d70e0641a69:0x115a2d,7165271
v1,1790758529383927,SAT,64,10728d70e0641a69:0x115a2d,7165335
v1,1790758529384385,SAT,330,10728d70e0641a69:0x115a2d,7165665
v1,1790758529384425,SAT,20,10728d70e0641a69:0x115a2d,7165685
v1,1790758529384595,UNSAT,70,10728d70e0641a69:0x115a2d,7165755
v1,1790758529384623,SAT,19,10728d70e0641a69:0x115a2d,7165774
v1,1790758529384770,UNSAT,60,10728d70e0641a69:0x115a2d,7165834
v1,1790758529384837,SAT,53,10728d70e0641a69:0x115a2d,7165887
v1,1790758529384971,SAT,53,10728d70e0641a69:0x115a2d,7165940
v1,1790758529387193,SAT,1745,10728d70e0641a69:0x115a2d,7167685
v1,1790758529388848,SAT,60,10728d70e0641a69:0x115a2d,7167745
v1,1790758529389131,UNSAT,109,10728d70e0641a69:0x115a2d,7167854
v1,1790758529389167,SAT,24,10728d70e0641a69:0x115a2d,7167878
v1,1790758529389417,UNSAT,106,10728d70e0641a69:0x115a2d,7167984
v1,1790758529389513,SAT,59,10728d70e0641a69:0x115a2d,7168043
v1,1790758529389705,SAT,67,10728d70e0641a69:0x115a2d,7168110
v1,1790758529393444,SAT,3253,10728d70e0641a69:0x115a2d,7171363
v1,1790758529396618,SAT,45,10728d70e0641a69:0x115a2d,7171408
v1,1790758529396956,UNSAT,116,10728d70e0641a69:0x115a2d,7171524
v1,1790758529397006,SAT,35,10728d70e0641a69:0x115a2d,7171559
v1,1790758529397278,UNSAT,118,10728d70e0641a69:0x115a2d,7171677
v1,1790758529397518,SAT,120,10728d70e0641a69:0x115a2d,7171797
v1,1790758529397799,SAT,78,10728d70e0641a69:0x115a2d,7171875
v1,1790758529398349,SAT,368,10728d70e0641a69:0x115a2d,7172243
v1,1790758529398408,SAT,32,10728d70e0641a69:0x115a2d,7172275
v1,1790758529398645,UNSAT,115,10728d70e0641a69:0x115a2d,7172390
v1,1790758529398728,SAT,70,10728d70e0641a69:0x115a2d,7172460
v1,1790758529398961,UNSAT,88,10728d70e0641a69:0x115a2d,7172548
v1,1790758529399065,SAT,71,10728d70e0641a69:0x115a2d,7172619
v1,1790758529399256,SAT,74,10728d70e0641a69:0x115a2d,7172693
v1,1790758529404804,SAT,4966,10728d70e0641a69:0x115a2d,7177659
v1,1790758529409455,SAT,51,10728d70e0641a69:0x115a2d,7177710
v1,1790758529409827,UNSAT,118,10728d70e0641a69:0x115a2d,7177828
v1,1790758529409899,SAT,58,10728d70e0641a69:0x115a2d,7177886
v1,1790758529410150,UNSAT,95,10728d70e0641a69:0x115a2d,7177981
v1,1790758529410242,SAT,56,10728d70e0641a69:0x115a2d,7178037
v1,1790758529410435,SAT,59,10728d70e0641a69:0x115a2d,7178096
v1,1790758529411035,SAT,359,10728d70e0641a69:0x115a2d,7178455
v1,1790758529411083,SAT,22,10728d70e0641a69:0x115a2d,7178477
v1,1790758529411269,UNSAT,79,10728d70e0641a69:0x115a2d,7178556
v1,1790758529411298,SAT,18,10728d70e0641a69:0x115a2d,7178574
v1,1790758529411452,UNSAT,64,10728d70e0641a69:0x115a2d,7178638
v1,1790758529411520,SAT,54,10728d70e0641a69:0x115a2d,7178692
v1,1790758529411762,SAT,153,10728d70e0641a69:0x115a2d,7178845
v1,1790758529412332,SAT,388,10728d70e0641a69:0x115a2d,7179233
v1,1790758529412391,SAT,30,10728d70e0641a69:0x115a2d,7179263
v1,1790758529412597,UNSAT,81,10728d70e0641a69:0x115a2d,7179344
v1,1790758529412640,SAT,32,10728d70e0641a69:0x115a2d,7179376
v1,1790758529412803,UNSAT,68,10728d70e0641a69:0x115a2d,7179444
v1,1790758529412877,SAT,59,10728d70e0641a69:0x115a2d,7179503
v1,1790758529413019,SAT,54,10728d70e0641a69:0x115a2d,7179557
v1,1790758529413518,SAT,365,10728d70e0641a69:0x115a2d,7179922
v1,1790758529413565,SAT,26,10728d70e0641a69:0x115a2d,7179948
v1,1790758529413752,UNSAT,76,10728d70e0641a69:0x115a2d,7180024
v1,1790758529413787,SAT,23,10728d70e0641a69:0x115a2d,7180047
v1,1790758529413945,UNSAT,65,10728d70e0641a69:0x115a2d,7180112
v1,1790758529414018,SAT,58,10728d70e0641a69:0x115a2d,7180170
v1,1790758529414174,SAT,57,10728d70e0641a69:0x115a2d,7180227
v1,1790758529414722,SAT,337,10728d70e0641a69:0x115a2d,7180564
v1,1790758529414777,SAT,23,10728d70e0641a69:0x115a2d,7180587
v1,1790758529415053,UNSAT,113,10728d70e0641a69:0x115a2d,7180700
v1,1790758529415084,SAT,20,10728d70e0641a69:0x115a2d,7180720
v1,1790758529415329,UNSAT,117,10728d70e0641a69:0x115a2d,7180837
v1,1790758529415437,SAT,66,10728d70e0641a69:0x115a2d,7180903
v1,1790758529415626,SAT,61,10728d70e0641a69:0x115a2d,7180964
v1,1790758529416117,SAT,339,10728d70e0641a69:0x115a2d,7181303
v1,1790758529416169,SAT,30,10728d70e0641a69:0x115a2d,7181333
v1,1790758529416360,UNSAT,78,10728d70e0641a69:0x115a2d,7181411
v1,1790758529416397,SAT,27,10728d70e0641a69:0x115a2d,7181438
v1,1790758529416552,UNSAT,68,10728d70e0641a69:0x115a2d,7181506
v1,1790758529416623,SAT,57,10728d70e0641a69:0x115a2d,7181563
v1,1790758529416762,SAT,57,10728d70e0641a69:0x115a2d,7181620
v1,1790758529419056,SAT,1819,10728d70e0641a69:0x115a2d,7183439
v1,1790758529420767,SAT,45,10728d70e0641a69:0x115a2d,7183484
v1,1790758529421116,UNSAT,123,10728d70e0641a69:0x115a2d,7183607
v1,1790758529421159,SAT,28,10728d70e0641a69:0x115a2d,7183635
v1,1790758529421418,UNSAT,104,10728d70e0641a69:0x115a2d,7183739
v1,1790758529421518,SAT,60,10728d70e0641a69:0x115a2d,7183799
v1,1790758529421702,SAT,61,10728d70e0641a69:0x115a2d,7183860
v1,1790758529425460,SAT,3298,10728d70e0641a69:0x115a2d,7187158
v1,1790758529428639,SAT,67,10728d70e0641a69:0x115a2d,7187225
v1,1790758529428961,UNSAT,112,10728d70e0641a69:0x115a2d,7187337
v1,1790758529428995,SAT,18,10728d70e0641a69:0x115a2d,7187355
v1,1790758529429993,UNSAT,844,10728d70e0641a69:0x115a2d,7188199
v1,1790758529430135,SAT,74,10728d70e0641a69:0x115a2d,7188273
v1,1790758529430362,SAT,64,10728d70e0641a69:0x115a2d,7188337
v1,1790758529435653,SAT,4744,10728d70e0641a69:0x115a2d,7193081
v1,1790758529440285,SAT,46,10728d70e0641a69:0x115a2d,7193127
v1,1790758529440626,UNSAT,118,10728d70e0641a69:0x115a2d,7193245
v1,1790758529440665,SAT,25,10728d70e0641a69:0x115a2d,7193270
v1,1790758529440930,UNSAT,103,10728d70e0641a69:0x115a2d,7193373
v1,1790758529441030,SAT,59,10728d70e0641a69:0x115a2d,7193432
v1,1790758529441226,SAT,62,10728d70e0641a69:0x115a2d,7193494
v1,1790758529441816,SAT,352,10728d70e0641a69:0x115a2d,7193846
v1,1790758529441866,SAT,25,10728d70e0641a69:0x115a2d,7193871
v1,1790758529442043,UNSAT,71,10728d70e0641a69:0x115a2d,7193942
v1,1790758529442077,SAT,20,10728d70e0641a69:0x115a2d,7193962
v1,1790758529442234,UNSAT,65,10728d70e0641a69:0x115a2d,7194027
v1,1790758529442320,SAT,66,10728d70e0641a69:0x115a2d,7194093
v1,1790758529442478,SAT,65,10728d70e0641a69:0x115a2d,7194158
v1,1790758529443042,SAT,335,10728d70e0641a69:0x115a2d,7194493
v1,1790758529443086,SAT,21,10728d70e0641a69:0x115a2d,7194514
v1,1790758529443276,UNSAT,88,10728d70e0641a69:0x115a2d,7194602
v1,1790758529443309,SAT,22,10728d70e0641a69:0x115a2d,7194624
v1,1790758529443470,UNSAT,66,10728d70e0641a69:0x115a2d,7194690
v1,1790758529443540,SAT,55,10728d70e0641a69:0x115a2d,7194745
v1,1790758529443684,SAT,62,10728d70e0641a69:0x115a2d,7194807
v1,1790758529444133,SAT,326,10728d70e0641a69:0x115a2d,7195133
v1,1790758529444178,SAT,21,10728d70e0641a69:0x115a2d,7195154
v1,1790758529444447,UNSAT,106,10728d70e0641a69:0x115a2d,7195260
v1,1790758529444478,SAT,21,10728d70e0641a69:0x115a2d,7195281
v1,1790758529444698,UNSAT,96,10728d70e0641a69:0x115a2d,7195377
v1,1790758529444797,SAT,58,10728d70e0641a69:0x115a2d,7195435
v1,1790758529444985,SAT,65,10728d70e0641a69:0x115a2d,7195500
v1,1790758529445455,SAT,341,10728d70e0641a69:0x115a2d,7195841
v1,1790758529445502,SAT,24,10728d70e0641a69:0x115a2d,7195865
v1,1790758529445692,UNSAT,81,10728d70e0641a69:0x115a2d,7195946
v1,1790758529445725,SAT,23,10728d70e0641a69:0x115a2d,7195969
v1,1790758529445872,UNSAT,62,10728d70e0641a69:0x115a2d,7196031
v1,1790758529445945,SAT,59,10728d70e0641a69:0x115a2d,7196090
v1,1790758529446092,SAT,60,10728d70e0641a69:0x115a2d,7196150
v1,1790758529446544,SAT,323,10728d70e0641a69:0x115a2d,7196473
v1,1790758529446589,SAT,21,10728d70e0641a69:0x115a2d,7196494
v1,1790758529446751,UNSAT,68,10728d70e0641a69:0x115a2d,7196562
v1,1790758529446780,SAT,19,10728d70e0641a69:0x115a2d,7196581
v1,1790758529446926,UNSAT,59,10728d70e0641a69:0x115a2d,7196640
v1,1790758529447002,SAT,62,10728d70e0641a69:0x115a2d,7196702
v1,1790758529447145,SAT,63,10728d70e0641a69:0x115a2d,7196765
v1,1790758529449383,SAT,1778,10728d70e0641a69:0x115a2d,7198543
v1,1790758529451053,SAT,44,10728d70e0641a69:0x115a2d,7198587
v1,1790758529451453,UNSAT,128,10728d70e0641a69:0x115a2d,7198715
v1,1790758529451496,SAT,25,10728d70e0641a69:0x115a2d,7198740
v1,1790758529451766,UNSAT,108,10728d70e0641a69:0x115a2d,7198848
v1,1790758529451873,SAT,63,10728d70e0641a69:0x115a2d,7198911
v1,1790758529452070,SAT,69,10728d70e0641a69:0x115a2d,7198980
v1,1790758529455912,SAT,3291,10728d70e0641a69:0x115a2d,7202271
v1,1790758529459106,SAT,51,10728d70e0641a69:0x115a2d,7202322
v1,1790758529459470,UNSAT,127,10728d70e0641a69:0x115a2d,7202449
v1,1790758529459510,SAT,26,10728d70e0641a69:0x115a2d,7202475
v1,1790758529459761,UNSAT,100,10728d70e0641a69:0x115a2d,7202575
v1,1790758529459859,SAT,56,10728d70e0641a69:0x115a2d,7202631
v1,1790758529460056,SAT,61,10728d70e0641a69:0x115a2d,7202692
v1,1790758529465388,SAT,4761,10728d70e0641a69:0x115a2d,7207453
v1,1790758529470017,SAT,47,10728d70e0641a69:0x115a2d,7207500
v1,1790758529470370,UNSAT,132,10728d70e0641a69:0x115a2d,7207632
v1,1790758529470410,SAT,26,10728d70e0641a69:0x115a2d,7207658
v1,1790758529470669,UNSAT,106,10728d70e0641a69:0x115a2d,7207764
v1,1790758529470772,SAT,60,10728d70e0641a69:0x115a2d,7207824
v1,1790758529470972,SAT,67,10728d70e0641a69:0x115a2d,7207891
v1,1790758529471559,SAT,367,10728d70e0641a69:0x115a2d,7208258
v1,1790758529471606,SAT,25,10728d70e0641a69:0x115a2d,7208283
v1,1790758529471820,UNSAT,92,10728d70e0641a69:0x115a2d,7208375
v1,1790758529471853,SAT,23,10728d70e0641a69:0x115a2d,7208398
v1,1790758529472010,UNSAT,66,10728d70e0641a69:0x115a2d,7208464
v1,1790758529472080,SAT,56,10728d70e0641a69:0x115a2d,7208520
v1,1790758529472224,SAT,59,10728d70e0641a69:0x115a2d,7208579
v1,1790758529472699,SAT,337,10728d70e0641a69:0x115a2d,7208916
v1,1790758529472748,SAT,23,10728d70e0641a69:0x115a2d,7208939
v1,1790758529472925,UNSAT,75,10728d70e0641a69:0x115a2d,7209014
v1,1790758529472958,SAT,23,10728d70e0641a69:0x115a2d,7209037
v1,1790758529473109,UNSAT,65,10728d70e0641a69:0x115a2d,7209102
v1,1790758529473177,SAT,53,10728d70e0641a69:0x115a2d,7209155
v1,1790758529473341,SAT,61,10728d70e0641a69:0x115a2d,7209216
v1,1790758529473906,SAT,338,10728d70e0641a69:0x115a2d,7209554
v1,1790758529473960,SAT,26,10728d70e0641a69:0x115a2d,7209580
v1,1790758529474222,UNSAT,110,10728d70e0641a69:0x115a2d,7209690
v1,1790758529474261,SAT,28,10728d70e0641a69:0x115a2d,7209718
v1,1790758529474490,UNSAT,100,10728d70e0641a69:0x115a2d,7209818
v1,1790758529474587,SAT,58,10728d70e0641a69:0x115a2d,7209876
v1,1790758529474768,SAT,63,10728d70e0641a69:0x115a2d,7209939
v1,1790758529475286,SAT,339,10728d70e0641a69:0x115a2d,7210278
v1,1790758529475348,SAT,38,10728d70e0641a69:0x115a2d,7210316
v1,1790758529475529,UNSAT,74,10728d70e0641a69:0x115a2d,7210390
v1,1790758529475558,SAT,19,10728d70e0641a69:0x115a2d,7210409
v1,1790758529475718,UNSAT,72,10728d70e0641a69:0x115a2d,7210481
v1,1790758529475789,SAT,55,10728d70e0641a69:0x115a2d,7210536
v1,1790758529475943,SAT,67,10728d70e0641a69:0x115a2d,7210603
v1,1790758529478385,SAT,1902,10728d70e0641a69:0x115a2d,7212505
v1,1790758529480856,SAT,63,10728d70e0641a69:0x115a2d,7212568
v1,1790758529481409,UNSAT,214,10728d70e0641a69:0x115a2d,7212782
v1,1790758529481467,SAT,31,10728d70e0641a69:0x115a2d,7212813
v1,1790758529481754,UNSAT,114,10728d70e0641a69:0x115a2d,7212927
v1,1790758529481860,SAT,62,10728d70e0641a69:0x115a2d,7212989
v1,1790758529482068,SAT,70,10728d70e0641a69:0x115a2d,7213059
v1,1790758529482633,SAT,351,10728d70e0641a69:0x115a2d,7213410
v1,1790758529482683,SAT,26,10728d70e0641a69:0x115a2d,7213436
v1,1790758529482877,UNSAT,77,10728d70e0641a69:0x115a2d,7213513
v1,1790758529482917,SAT,31,10728d70e0641a69:0x115a2d,7213544
v1,1790758529483073,UNSAT,68,10728d70e0641a69:0x115a2d,7213612
v1,1790758529483146,SAT,58,10728d70e0641a69:0x115a2d,7213670
v1,1790758529483300,SAT,68,10728d70e0641a69:0x115a2d,7213738
v1,1790758529487038,SAT,3301,10728d70e0641a69:0x115a2d,7217039
v1,1790758529490217,SAT,63,10728d70e0641a69:0x115a2d,7217102
v1,1790758529490594,UNSAT,128,10728d70e0641a69:0x115a2d,7217230
v1,1790758529490651,SAT,42,10728d70e0641a69:0x115a2d,7217272
v1,1790758529490924,UNSAT,101,10728d70e0641a69:0x115a2d,7217373
v1,1790758529491034,SAT,69,10728d70e0641a69:0x115a2d,7217442
v1,1790758529491230,SAT,66,10728d70e0641a69:0x115a2d,7217508
v1,1790758529496509,SAT,4760,10728d70e0641a69:0x115a2d,7222268
v1,1790758529501143,SAT,39,10728d70e0641a69:0x115a2d,7222307
v1,1790758529501481,UNSAT,119,10728d70e0641a69:0x115a2d,7222426
v1,1790758529501520,SAT,24,10728d70e0641a69:0x115a2d,7222450
v1,1790758529501761,UNSAT,98,10728d70e0641a69:0x115a2d,7222548
v1,1790758529501855,SAT,55,10728d70e0641a69:0x115a2d,7222603
v1,1790758529502063,SAT,72,10728d70e0641a69:0x115a2d,7222675
v1,1790758529502733,SAT,358,10728d70e0641a69:0x115a2d,7223033
v1,1790758529502781,SAT,25,10728d70e0641a69:0x115a2d,7223058
v1,1790758529502970,UNSAT,78,10728d70e0641a69:0x115a2d,7223136
v1,1790758529503001,SAT,21,10728d70e0641a69:0x115a2d,7223157
v1,1790758529503160,UNSAT,70,10728d70e0641a69:0x115a2d,7223227
v1,1790758529503235,SAT,59,10728d70e0641a69:0x115a2d,7223286
v1,1790758529503410,SAT,63,10728d70e0641a69:0x115a2d,7223349
v1,1790758529503867,SAT,325,10728d70e0641a69:0x115a2d,7223674
v1,1790758529503911,SAT,23,10728d70e0641a69:0x115a2d,7223697
v1,1790758529504086,UNSAT,77,10728d70e0641a69:0x115a2d,7223774
v1,1790758529504127,SAT,31,10728d70e0641a69:0x115a2d,7223805
v1,1790758529504288,UNSAT,73,10728d70e0641a69:0x115a2d,7223878
v1,1790758529504359,SAT,56,10728d70e0641a69:0x115a2d,7223934
v1,1790758529504521,SAT,61,10728d70e0641a69:0x115a2d,7223995
v1,1790758529504973,SAT,326,10728d70e0641a69:0x115a2d,7224321
v1,1790758529505020,SAT,25,10728d70e0641a69:0x115a2d,7224346
v1,1790758529505199,UNSAT,77,10728d70e0641a69:0x115a2d,7224423
v1,1790758529505230,SAT,22,10728d70e0641a69:0x115a2d,7224445
v1,1790758529505400,UNSAT,70,10728d70e0641a69:0x115a2d,7224515
v1,1790758529505470,SAT,56,10728d70e0641a69:0x115a2d,7224571
v1,1790758529505614,SAT,57,10728d70e0641a69:0x115a2d,7224628
v1,1790758529506418,SAT,335,10728d70e0641a69:0x115a2d,7224963
v1,1790758529506474,SAT,25,10728d70e0641a69:0x115a2d,7224988
v1,1790758529506722,UNSAT,101,10728d70e0641a69:0x115a2d,7225089
v1,1790758529506753,SAT,18,10728d70e0641a69:0x115a2d,7225107
v1,1790758529506969,UNSAT,88,10728d70e0641a69:0x115a2d,7225195
v1,1790758529507056,SAT,52,10728d70e0641a69:0x115a2d,7225247
v1,1790758529507242,SAT,60,10728d70e0641a69:0x115a2d,7225307
v1,1790758529507718,SAT,329,10728d70e0641a69:0x115a2d,7225636
v1,1790758529507757,SAT,20,10728d70e0641a69:0x115a2d,7225656
v1,1790758529507925,UNSAT,68,10728d70e0641a69:0x115a2d,7225724
v1,1790758529507969,SAT,34,10728d70e0641a69:0x115a2d,7225758
v1,1790758529508147,UNSAT,70,10728d70e0641a69:0x115a2d,7225828
v1,1790758529508221,SAT,57,10728d70e0641a69:0x115a2d,7225885
v1,1790758529508397,SAT,63,10728d70e0641a69:0x115a2d,7225948
v1,1790758529510601,SAT,1771,10728d70e0641a69:0x115a2d,7227719
v1,1790758529512245,SAT,36,10728d70e0641a69:0x115a2d,7227755
v1,1790758529512535,UNSAT,103,10728d70e0641a69:0x115a2d,7227858
v1,1790758529512587,SAT,40,10728d70e0641a69:0x115a2d,7227898
v1,1790758529512843,UNSAT,102,10728d70e0641a69:0x115a2d,7228000
v1,1790758529512939,SAT,59,10728d70e0641a69:0x115a2d,7228059
v1,1790758529513132,SAT,60,10728d70e0641a69:0x115a2d,7228119
v1,1790758529516953,SAT,3291,10728d70e0641a69:0x115a2d,7231410
v1,1790758529520159,SAT,74,10728d70e0641a69:0x115a2d,7231484
v1,1790758529520481,UNSAT,106,10728d70e0641a69:0x115a2d,7231590
v1,1790758529520521,SAT,27,10728d70e0641a69:0x115a2d,7231617
v1,1790758529520769,UNSAT,97,10728d70e0641a69:0x115a2d,7231714
v1,1790758529520878,SAT,72,10728d70e0641a69:0x115a2d,7231786
v1,1790758529521073,SAT,60,10728d70e0641a69:0x115a2d,7231846
v1,1790758529526412,SAT,4793,10728d70e0641a69:0x115a2d,7236639
v1,1790758529531124,SAT,80,10728d70e0641a69:0x115a2d,7236719
v1,1790758529531487,UNSAT,120,10728d70e0641a69:0x115a2d,7236839
v1,1790758529531523,SAT,22,10728d70e0641a69:0x115a2d,7236861
v1,1790758529531777,UNSAT,102,10728d70e0641a69:0x115a2d,7236963
v1,1790758529531871,SAT,57,10728d70e0641a69:0x115a2d,7237020
v1,1790758529532063,SAT,66,10728d70e0641a69:0x115a2d,7237086
v1,1790758529532709,SAT,361,10728d70e0641a69:0x115a2d,7237447
v1,1790758529532754,SAT,21,10728d70e0641a69:0x115a2d,7237468
v1,1790758529532932,UNSAT,73,10728d70e0641a69:0x115a2d,7237541
v1,1790758529532958,SAT,17,10728d70e0641a69:0x115a2d,7237558
v1,1790758529533107,UNSAT,62,10728d70e0641a69:0x115a2d,7237620
v1,1790758529533173,SAT,52,10728d70e0641a69:0x115a2d,7237672
v1,1790758529533335,SAT,66,10728d70e0641a69:0x115a2d,7237738
v1,1790758529533796,SAT,330,10728d70e0641a69:0x115a2d,7238068
v1,1790758529533844,SAT,23,10728d70e0641a69:0x115a2d,7238091
v1,1790758529534102,UNSAT,111,10728d70e0641a69:0x115a2d,7238202
v1,1790758529534145,SAT,28,10728d70e0641a69:0x115a2d,7238230
v1,1790758529534390,UNSAT,109,10728d70e0641a69:0x115a2d,7238339
v1,1790758529534484,SAT,55,10728d70e0641a69:0x115a2d,7238394
v1,1790758529534697,SAT,67,10728d70e0641a69:0x115a2d,7238461
v1,1790758529535494,SAT,453,10728d70e0641a69:0x115a2d,7238914
v1,1790758529535552,SAT,26,10728d70e0641a69:0x115a2d,7238940
v1,1790758529535780,UNSAT,88,10728d70e0641a69:0x115a2d,7239028
v1,1790758529535885,SAT,93,10728d70e0641a69:0x115a2d,7239121
v1,1790758529536270,UNSAT,130,10728d70e0641a69:0x115a2d,7239251
v1,1790758529536407,SAT,97,10728d70e0641a69:0x115a2d,7239348
v1,1790758529536716,SAT,107,10728d70e0641a69:0x115a2d,7239455
v1,1790758529537382,SAT,420,10728d70e0641a69:0x115a2d,7239875
v1,1790758529537458,SAT,33,10728d70e0641a69:0x115a2d,7239908
v1,1790758529537709,UNSAT,95,10728d70e0641a69:0x115a2d,7240003
v1,1790758529537749,SAT,27,10728d70e0641a69:0x115a2d,7240030
v1,1790758529537927,UNSAT,72,10728d70e0641a69:0x115a2d,7240102
v1,1790758529538003,SAT,61,10728d70e0641a69:0x115a2d,7240163
v1,1790758529538157,SAT,61,10728d70e0641a69:0x115a2d,7240224
v1,1790758529540523,SAT,1791,10728d70e0641a69:0x115a2d,7242015
v1,1790758529542183,SAT,33,10728d70e0641a69:0x115a2d,7242048
v1,1790758529542516,UNSAT,111,10728d70e0641a69:0x115a2d,7242159
v1,1790758529542549,SAT,20,10728d70e0641a69:0x115a2d,7242179
v1,1790758529542870,UNSAT,168,10728d70e0641a69:0x115a2d,7242347
v1,1790758529542973,SAT,58,10728d70e0641a69:0x115a2d,7242405
v1,1790758529543178,SAT,69,10728d70e0641a69:0x115a2d,7242474
v1,1790758529547058,SAT,3359,10728d70e0641a69:0x115a2d,7245833
v1,1790758529550771,SAT,89,10728d70e0641a69:0x115a2d,7245922
v1,1790758529551145,UNSAT,129,10728d70e0641a69:0x115a2d,7246051
v1,1790758529551187,SAT,25,10728d70e0641a69:0x115a2d,7246076
v1,1790758529551465,UNSAT,110,10728d70e0641a69:0x115a2d,7246186
v1,1790758529551570,SAT,59,10728d70e0641a69:0x115a2d,7246245
v1,1790758529551783,SAT,72,10728d70e0641a69:0x115a2d,7246317
v1,1790758529552304,SAT,357,10728d70e0641a69:0x115a2d,7246674
v1,1790758529552358,SAT,30,10728d70e0641a69:0x115a2d,7246704
v1,1790758529552542,UNSAT,76,10728d70e0641a69:0x115a2d,7246780
v1,1790758529552573,SAT,22,10728d70e0641a69:0x115a2d,7246802
v1,1790758529552726,UNSAT,66,10728d70e0641a69:0x115a2d,7246868
v1,1790758529552799,SAT,58,10728d70e0641a69:0x115a2d,7246926
v1,1790758529552941,SAT,57,10728d70e0641a69:0x115a2d,7246983
v1,1790758529558286,SAT,4828,10728d70e0641a69:0x115a2d,7251811
v1,1790758529562979,SAT,39,10728d70e0641a69:0x115a2d,7251850
v1,1790758529563370,UNSAT,150,10728d70e0641a69:0x115a2d,7252000
v1,1790758529563441,SAT,50,10728d70e0641a69:0x115a2d,7252050
v1,1790758529563722,UNSAT,105,10728d70e0641a69:0x115a2d,7252155
v1,1790758529563825,SAT,62,10728d70e0641a69:0x115a2d,7252217
v1,1790758529564032,SAT,74,10728d70e0641a69:0x115a2d,7252291
v1,1790758529565031,SAT,550,10728d70e0641a69:0x115a2d,7252841
v1,1790758529565128,SAT,51,10728d70e0641a69:0x115a2d,7252892
v1,1790758529565445,UNSAT,94,10728d70e0641a69:0x115a2d,7252986
v1,1790758529565482,SAT,22,10728d70e0641a69:0x115a2d,7253008
v1,1790758529565677,UNSAT,75,10728d70e0641a69:0x115a2d,7253083
v1,1790758529565751,SAT,57,10728d70e0641a69:0x115a2d,7253140
v1,1790758529565902,SAT,58,10728d70e0641a69:0x115a2d,7253198
v1,1790758529566444,SAT,365,10728d70e0641a69:0x115a2d,7253563
v1,1790758529566491,SAT,23,10728d70e0641a69:0x115a2d,7253586
v1,1790758529566675,UNSAT,78,10728d70e0641a69:0x115a2d,7253664
v1,1790758529566711,SAT,27,10728d70e0641a69:0x115a2d,7253691
v1,1790758529566870,UNSAT,67,10728d70e0641a69:0x115a2d,7253758
v1,1790758529566940,SAT,55,10728d70e0641a69:0x115a2d,7253813
v1,1790758529567089,SAT,60,10728d70e0641a69:0x115a2d,7253873
v1,1790758529567587,SAT,374,10728d70e0641a69:0x115a2d,7254247
v1,1790758529567634,SAT,23,10728d70e0641a69:0x115a2d,7254270
v1,1790758529567815,UNSAT,73,10728d70e0641a69:0x115a2d,7254343
v1,1790758529567843,SAT,18,10728d70e0641a69:0x115a2d,7254361
v1,1790758529567992,UNSAT,62,10728d70e0641a69:0x115a2d,7254423
v1,1790758529568058,SAT,52,10728d70e0641a69:0x115a2d,7254475
v1,1790758529568196,SAT,53,10728d70e0641a69:0x115a2d,7254528
v1,1790758529568702,SAT,334,10728d70e0641a69:0x115a2d,7254862
v1,1790758529568760,SAT,30,10728d70e0641a69:0x115a2d,7254892
v1,1790758529569016,UNSAT,107,10728d70e0641a69:0x115a2d,7254999
v1,1790758529569055,SAT,29,10728d70e0641a69:0x115a2d,7255028
v1,1790758529569277,UNSAT,103,10728d70e0641a69:0x115a2d,7255131
v1,1790758529569376,SAT,61,10728d70e0641a69:0x115a2d,7255192
v1,1790758529569548,SAT,58,10728d70e0641a69:0x115a2d,7255250
v1,1790758529570040,SAT,355,10728d70e0641a69:0x115a2d,7255605
v1,1790758529570114,SAT,51,10728d70e0641a69:0x115a2d,7255656
v1,1790758529570306,UNSAT,86,10728d70e0641a69:0x115a2d,7255742
v1,1790758529570345,SAT,26,10728d70e0641a69:0x115a2d,7255768
v1,1790758529570511,UNSAT,67,10728d70e0641a69:0x115a2d,7255835
v1,1790758529570588,SAT,60,10728d70e0641a69:0x115a2d,7255895
v1,1790758529570736,SAT,62,10728d70e0641a69:0x115a2d,7255957
v1,1790758529572969,SAT,1761,10728d70e0641a69:0x115a2d,7257718
v1,1790758529574622,SAT,40,10728d70e0641a69:0x115a2d,7257758
v1,1790758529574935,UNSAT,112,10728d70e0641a69:0x115a2d,7257870
v1,1790758529574967,SAT,20,10728d70e0641a69:0x115a2d,7257890
v1,1790758529575224,UNSAT,92,10728d70e0641a69:0x115a2d,7257982
v1,1790758529575328,SAT,57,10728d70e0641a69:0x115a2d,7258039
v1,1790758529575513,SAT,56,10728d70e0641a69:0x115a2d,7258095
v1,1790758529579241,SAT,3272,10728d70e0641a69:0x115a2d,7261367
v1,1790758529582458,SAT,42,10728d70e0641a69:0x115a2d,7261409
v1,1790758529582778,UNSAT,106,10728d70e0641a69:0x115a2d,7261515
v1,1790758529582820,SAT,25,10728d70e0641a69:0x115a2d,7261540
v1,1790758529583076,UNSAT,93,10728d70e0641a69:0x115a2d,7261633
v1,1790758529583169,SAT,55,10728d70e0641a69:0x115a2d,7261688
v1,1790758529583372,SAT,67,10728d70e0641a69:0x115a2d,7261755
v1,1790758529588666,SAT,4751,10728d70e0641a69:0x115a2d,7266506
v1,1790758529593318,SAT,45,10728d70e0641a69:0x115a2d,7266551
v1,1790758529593674,UNSAT,117,10728d70e0641a69:0x115a2d,7266668
v1,1790758529593711,SAT,22,10728d70e0641a69:0x115a2d,7266690
v1,1790758529593972,UNSAT,99,10728d70e0641a69:0x115a2d,7266789
v1,1790758529594067,SAT,57,10728d70e0641a69:0x115a2d,7266846
v1,1790758529594265,SAT,67,10728d70e0641a69:0x115a2d,7266913
v1,1790758529594848,SAT,355,10728d70e0641a69:0x115a2d,7267268
v1,1790758529594902,SAT,28,10728d70e0641a69:0x115a2d,7267296
v1,1790758529595084,UNSAT,72,10728d70e0641a69:0x115a2d,7267368
v1,1790758529595114,SAT,19,10728d70e0641a69:0x115a2d,7267387
v1,1790758529595291,UNSAT,83,10728d70e0641a69:0x115a2d,7267470
v1,1790758529595373,SAT,67,10728d70e0641a69:0x115a2d,7267537
v1,1790758529595521,SAT,54,10728d70e0641a69:0x115a2d,7267591
v1,1790758529596079,SAT,334,10728d70e0641a69:0x115a2d,7267925
v1,1790758529596121,SAT,20,10728d70e0641a69:0x115a2d,7267945
v1,1790758529596308,UNSAT,84,10728d70e0641a69:0x115a2d,7268029
v1,1790758529596354,SAT,36,10728d70e0641a69:0x115a2d,7268065
v1,1790758529596505,UNSAT,64,10728d70e0641a69:0x115a2d,7268129
v1,1790758529596572,SAT,53,10728d70e0641a69:0x115a2d,7268182
v1,1790758529596715,SAT,54,10728d70e0641a69:0x115a2d,7268236
v1,1790758529597147,SAT,313,10728d70e0641a69:0x115a2d,7268549
v1,1790758529597191,SAT,20,10728d70e0641a69:0x115a2d,7268569
v1,1790758529597459,UNSAT,106,10728d70e0641a69:0x115a2d,7268675
v1,1790758529597490,SAT,18,10728d70e0641a69:0x115a2d,7268693
v1,1790758529597708,UNSAT,93,10728d70e0641a69:0x115a2d,7268786
v1,1790758529597801,SAT,53,10728d70e0641a69:0x115a2d,7268839
v1,1790758529597980,SAT,60,10728d70e0641a69:0x115a2d,7268899
v1,1790758529598445,SAT,339,10728d70e0641a69:0x115a2d,7269238
v1,1790758529598511,SAT,38,10728d70e0641a69:0x115a2d,7269276
v1,1790758529598694,UNSAT,71,10728d70e0641a69:0x115a2d,7269347
v1,1790758529598720,SAT,17,10728d70e0641a69:0x115a2d,7269364
v1,1790758529598875,UNSAT,63,10728d70e0641a69:0x115a2d,7269427
v1,1790758529598943,SAT,54,10728d70e0641a69:0x115a2d,7269481
v1,1790758529599105,SAT,56,10728d70e0641a69:0x115a2d,7269537
v1,1790758529599582,SAT,357,10728d70e0641a69:0x115a2d,7269894
v1,1790758529599627,SAT,24,10728d70e0641a69:0x115a2d,7269918
v1,1790758529599819,UNSAT,75,10728d70e0641a69:0x115a2d,7269993
v1,1790758529599849,SAT,20,10728d70e0641a69:0x115a2d,7270013
v1,1790758529600023,UNSAT,74,10728d70e0641a69:0x115a2d,7270087
v1,1790758529600107,SAT,70,10728d70e0641a69:0x115a2d,7270157
v1,1790758529600267,SAT,67,10728d70e0641a69:0x115a2d,7270224
v1,1790758529602476,SAT,1756,10728d70e0641a69:0x115a2d,7271980
v1,1790758529604133,SAT,55,10728d70e0641a69:0x115a2d,7272035
v1,1790758529604461,UNSAT,119,10728d70e0641a69:0x115a2d,7272154
v1,1790758529604498,SAT,23,10728d70e0641a69:0x115a2d,7272177
v1,1790758529604757,UNSAT,105,10728d70e0641a69:0x115a2d,7272282
v1,1790758529604860,SAT,61,10728d70e0641a69:0x115a2d,7272343
v1,1790758529605057,SAT,62,10728d70e0641a69:0x115a2d,7272405
v1,1790758529608858,SAT,3265,10728d70e0641a69:0x115a2d,7275670
v1,1790758529612045,SAT,44,10728d70e0641a69:0x115a2d,7275714
v1,1790758529612390,UNSAT,123,10728d70e0641a69:0x115a2d,7275837
v1,1790758529612430,SAT,26,10728d70e0641a69:0x115a2d,7275863
v1,1790758529612694,UNSAT,105,10728d70e0641a69:0x115a2d,7275968
v1,1790758529612797,SAT,55,10728d70e0641a69:0x115a2d,7276023
v1,1790758529612987,SAT,58,10728d70e0641a69:0x115a2d,7276081
v1,1790758529618318,SAT,4777,10728d70e0641a69:0x115a2d,7280858
v1,1790758529622968,SAT,64,10728d70e0641a69:0x115a2d,7280922
v1,1790758529623326,UNSAT,129,10728d70e0641a69:0x115a2d,7281051
v1,1790758529623362,SAT,21,10728d70e0641a69:0x115a2d,7281072
v1,1790758529623624,UNSAT,102,10728d70e0641a69:0x115a2d,7281174
v1,1790758529623724,SAT,55,10728d70e0641a69:0x115a2d,7281229
v1,1790758529623924,SAT,63,10728d70e0641a69:0x115a2d,7281292
v1,1790758529624497,SAT,350,10728d70e0641a69:0x115a2d,7281642
v1,1790758529624541,SAT,22,10728d70e0641a69:0x115a2d,7281664
v1,1790758529624721,UNSAT,76,10728d70e0641a69:0x115a2d,7281740
v1,1790758529624755,SAT,24,10728d70e0641a69:0x115a2d,7281764
v1,1790758529624910,UNSAT,63,10728d70e0641a69:0x115a2d,7281827
v1,1790758529624976,SAT,52,10728d70e0641a69:0x115a2d,7281879
v1,1790758529625114,SAT,57,10728d70e0641a69:0x115a2d,7281936
v1,1790758529625579,SAT,334,10728d70e0641a69:0x115a2d,7282270
v1,1790758529625622,SAT,22,10728d70e0641a69:0x115a2d,7282292
v1,1790758529625805,UNSAT,80,10728d70e0641a69:0x115a2d,7282372
v1,1790758529625838,SAT,23,10728d70e0641a69:0x115a2d,7282395
v1,1790758529626020,UNSAT,72,10728d70e0641a69:0x115a2d,7282467
v1,1790758529626092,SAT,54,10728d70e0641a69:0x115a2d,7282521
v1,1790758529626260,SAT,75,10728d70e0641a69:0x115a2d,7282596
v1,1790758529626830,SAT,333,10728d70e0641a69:0x115a2d,7282929
v1,1790758529626891,SAT,31,10728d70e0641a69:0x115a2d,7282960
v1,1790758529627157,UNSAT,111,10728d70e0641a69:0x115a2d,7283071
v1,1790758529627187,SAT,20,10728d70e0641a69:0x115a2d,7283091
v1,1790758529627441,UNSAT,105,10728d70e0641a69:0x115a2d,7283196
v1,1790758529627541,SAT,56,10728d70e0641a69:0x115a2d,7283252
v1,1790758529627735,SAT,62,10728d70e0641a69:0x115a2d,7283314
v1,1790758529628242,SAT,325,10728d70e0641a69:0x115a2d,7283639
v1,1790758529628291,SAT,21,10728d70e0641a69:0x115a2d,7283660
v1,1790758529628463,UNSAT,69,10728d70e0641a69:0x115a2d,7283729
v1,1790758529628490,SAT,19,10728d70e0641a69:0x115a2d,7283748
v1,1790758529628637,UNSAT,60,10728d70e0641a69:0x115a2d,7283808
v1,1790758529628704,SAT,54,10728d70e0641a69:0x115a2d,7283862
v1,1790758529628846,SAT,56,10728d70e0641a69:0x115a2d,7283918
v1,1790758529631005,SAT,1772,10728d70e0641a69:0x115a2d,7285690
v1,1790758529632631,SAT,33,10728d70e0641a69:0x115a2d,7285723
v1,1790758529632944,UNSAT,114,10728d70e0641a69:0x115a2d,7285837
v1,1790758529632978,SAT,19,10728d70e0641a69:0x115a2d,7285856
v1,1790758529633254,UNSAT,118,10728d70e0641a69:0x115a2d,7285974
v1,1790758529633372,SAT,71,10728d70e0641a69:0x115a2d,7286045
v1,1790758529633576,SAT,66,10728d70e0641a69:0x115a2d,7286111
v1,1790758529634129,SAT,355,10728d70e0641a69:0x115a2d,7286466
v1,1790758529634178,SAT,25,10728d70e0641a69:0x115a2d,7286491
v1,1790758529634374,UNSAT,83,10728d70e0641a69:0x115a2d,7286574
v1,1790758529634408,SAT,24,10728d70e0641a69:0x115a2d,7286598
v1,1790758529634560,UNSAT,63,10728d70e0641a69:0x115a2d,7286661
v1,1790758529634629,SAT,54,10728d70e0641a69:0x115a2d,7286715
v1,1790758529634775,SAT,59,10728d70e0641a69:0x115a2d,7286774
v1,1790758529638554,SAT,3336,10728d70e0641a69:0x115a2d,7290110
v1,1790758529641746,SAT,40,10728d70e0641a69:0x115a2d,7290150
v1,1790758529642089,UNSAT,119,10728d70e0641a69:0x115a2d,7290269
v1,1790758529642130,SAT,24,10728d70e0641a69:0x115a2d,7290293
v1,1790758529642419,UNSAT,114,10728d70e0641a69:0x115a2d,7290407
v1,1790758529642523,SAT,57,10728d70e0641a69:0x115a2d,7290464
v1,1790758529642725,SAT,61,10728d70e0641a69:0x115a2d,7290525
v1,1790758529648091,SAT,4860,10728d70e0641a69:0x115a2d,7295385
v1,1790758529652903,SAT,81,10728d70e0641a69:0x115a2d,7295466
v1,1790758529653472,UNSAT,162,10728d70e0641a69:0x115a2d,7295628
v1,1790758529653523,SAT,32,10728d70e0641a69:0x115a2d,7295660
v1,1790758529653833,UNSAT,122,10728d70e0641a69:0x115a2d,7295782
v1,1790758529653939,SAT,58,10728d70e0641a69:0x115a2d,7295840
v1,1790758529654147,SAT,61,10728d70e0641a69:0x115a2d,7295901
v1,1790758529654826,SAT,359,10728d70e0641a69:0x115a2d,7296260
v1,1790758529654911,SAT,59,10728d70e0641a69:0x115a2d,7296319
v1,1790758529655097,UNSAT,74,10728d70e0641a69:0x115a2d,7296393
v1,1790758529655149,SAT,41,10728d70e0641a69:0x115a2d,7296434
v1,1790758529655330,UNSAT,89,10728d70e0641a69:0x115a2d,7296523
v1,1790758529655406,SAT,59,10728d70e0641a69:0x115a2d,7296582
v1,1790758529655555,SAT,58,10728d70e0641a69:0x115a2d,7296640
v1,1790758529656028,SAT,335,10728d70e0641a69:0x115a2d,7296975
v1,1790758529656081,SAT,29,10728d70e0641a69:0x115a2d,7297004
v1,1790758529656267,UNSAT,78,10728d70e0641a69:0x115a2d,7297082
v1,1790758529656364,SAT,86,10728d70e0641a69:0x115a2d,7297168
v1,1790758529656518,UNSAT,64,10728d70e0641a69:0x115a2d,7297232
v1,1790758529656592,SAT,60,10728d70e0641a69:0x115a2d,7297292
v1,1790758529656742,SAT,60,10728d70e0641a69:0x115a2d,7297352
v1,1790758529657187,SAT,321,10728d70e0641a69:0x115a2d,7297673
v1,1790758529657231,SAT,23,10728d70e0641a69:0x115a2d,7297696
v1,1790758529657411,UNSAT,75,10728d70e0641a69:0x115a2d,7297771
v1,1790758529657441,SAT,21,10728d70e0641a69:0x115a2d,7297792
v1,1790758529657600,UNSAT,64,10728d70e0641a69:0x115a2d,7297856
v1,1790758529657668,SAT,54,10728d70e0641a69:0x115a2d,7297910
v1,1790758529657822,SAT,63,10728d70e0641a69:0x115a2d,7297973
v1,1790758529658628,SAT,342,10728d70e0641a69:0x115a2d,7298315
v1,1790758529658680,SAT,22,10728d70e0641a69:0x115a2d,7298337
v1,1790758529658955,UNSAT,110,10728d70e0641a69:0x115a2d,7298447
v1,1790758529658996,SAT,28,10728d70e0641a69:0x115a2d,7298475
v1,1790758529659226,UNSAT,101,10728d70e0641a69:0x115a2d,7298576
v1,1790758529659353,SAT,63,10728d70e0641a69:0x115a2d,7298639
v1,1790758529659547,SAT,61,10728d70e0641a69:0x115a2d,7298700
v1,1790758529660015,SAT,337,10728d70e0641a69:0x115a2d,7299037
v1,1790758529660064,SAT,28,10728d70e0641a69:0x115a2d,7299065
v1,1790758529660241,UNSAT,72,10728d70e0641a69:0x115a2d,7299137
v1,1790758529660281,SAT,24,10728d70e0641a69:0x115a2d,7299161
v1,1790758529660430,UNSAT,61,10728d70e0641a69:0x115a2d,7299222
v1,1790758529660766,SAT,320,10728d70e0641a69:0x115a2d,7299542
v1,1790758529660911,SAT,59,10728d70e0641a69:0x115a2d,7299601
v1,1790758529663084,SAT,1742,10728d70e0641a69:0x115a2d,7301343
v1,1790758529664764,SAT,44,10728d70e0641a69:0x115a2d,7301387
v1,1790758529665089,UNSAT,112,10728d70e0641a69:0x115a2d,7301499
v1,1790758529665123,SAT,20,10728d70e0641a69:0x115a2d,7301519
v1,1790758529665391,UNSAT,113,10728d70e0641a69:0x115a2d,7301632
v1,1790758529665496,SAT,61,10728d70e0641a69:0x115a2d,7301693
v1,1790758529665708,SAT,62,10728d70e0641a69:0x115a2d,7301755
v1,1790758529669479,SAT,3275,10728d70e0641a69:0x115a2d,7305030
v1,1790758529672661,SAT,47,10728d70e0641a69:0x115a2d,7305077
v1,1790758529673013,UNSAT,122,10728d70e0641a69:0x115a2d,7305199
v1,1790758529673081,SAT,55,10728d70e0641a69:0x115a2d,7305254
v1,1790758529673345,UNSAT,107,10728d70e0641a69:0x115a2d,7305361
v1,1790758529673445,SAT,58,10728d70e0641a69:0x115a2d,7305419
v1,1790758529673636,SAT,62,10728d70e0641a69:0x115a2d,7305481
v1,1790758529678951,SAT,4754,10728d70e0641a69:0x115a2d,7310235
v1,1790758529683628,SAT,49,10728d70e0641a69:0x115a2d,7310284
v1,1790758529684004,UNSAT,128,10728d70e0641a69:0x115a2d,7310412
v1,1790758529684044,SAT,25,10728d70e0641a69:0x115a2d,7310437
v1,1790758529684313,UNSAT,111,10728d70e0641a69:0x115a2d,7310548
v1,1790758529684422,SAT,64,10728d70e0641a69:0x115a2d,7310612
v1,1790758529684629,SAT,66,10728d70e0641a69:0x115a2d,7310678
v1,1790758529685266,SAT,362,10728d70e0641a69:0x115a2d,7311040
v1,1790758529685319,SAT,27,10728d70e0641a69:0x115a2d,7311067
v1,1790758529685520,UNSAT,76,10728d70e0641a69:0x115a2d,7311143
v1,1790758529685549,SAT,18,10728d70e0641a69:0x115a2d,7311161
v1,1790758529685702,UNSAT,62,10728d70e0641a69:0x115a2d,7311223
v1,1790758529685769,SAT,52,10728d70e0641a69:0x115a2d,7311275
v1,1790758529685920,SAT,64,10728d70e0641a69:0x115a2d,7311339
v1,1790758529686392,SAT,341,10728d70e0641a69:0x115a2d,7311680
v1,1790758529686446,SAT,27,10728d70e0641a69:0x115a2d,7311707
v1,1790758529686840,UNSAT,129,10728d70e0641a69:0x115a2d,7311836
v1,1790758529686876,SAT,22,10728d70e0641a69:0x115a2d,7311858
v1,1790758529687232,UNSAT,147,10728d70e0641a69:0x115a2d,7312005
v1,1790758529687369,SAT,77,10728d70e0641a69:0x115a2d,7312082
v1,1790758529687635,SAT,67,10728d70e0641a69:0x115a2d,7312149
v1,1790758529688166,SAT,364,10728d70e0641a69:0x115a2d,7312513
v1,1790758529688215,SAT,23,10728d70e0641a69:0x115a2d,7312536
v1,1790758529688452,UNSAT,110,10728d70e0641a69:0x115a2d,7312646
v1,1790758529688490,SAT,24,10728d70e0641a69:0x115a2d,7312670
v1,1790758529688675,UNSAT,80,10728d70e0641a69:0x115a2d,7312750
v1,1790758529688937,SAT,241,10728d70e0641a69:0x115a2d,7312991
v1,1790758529689123,SAT,65,10728d70e0641a69:0x115a2d,7313056
v1,1790758529689604,SAT,335,10728d70e0641a69:0x115a2d,7313391
v1,1790758529689686,SAT,60,10728d70e0641a69:0x115a2d,7313451
v1,1790758529689883,UNSAT,79,10728d70e0641a69:0x115a2d,7313530
v1,1790758529689911,SAT,18,10728d70e0641a69:0x115a2d,7313548
v1,1790758529690063,UNSAT,63,10728d70e0641a69:0x115a2d,7313611
v1,1790758529690137,SAT,60,10728d70e0641a69:0x115a2d,7313671
v1,1790758529690364,SAT,70,10728d70e0641a69:0x115a2d,7313741
v1,1790758529692722,SAT,1823,10728d70e0641a69:0x115a2d,7315564
v1,1790758529694409,SAT,43,10728d70e0641a69:0x115a2d,7315607
v1,1790758529694735,UNSAT,117,10728d70e0641a69:0x115a2d,7315724
v1,1790758529694773,SAT,23,10728d70e0641a69:0x115a2d,7315747
v1,1790758529695017,UNSAT,100,10728d70e0641a69:0x115a2d,7315847
v1,1790758529695115,SAT,56,10728d70e0641a69:0x115a2d,7315903
v1,1790758529695311,SAT,67,10728d70e0641a69:0x115a2d,7315970
v1,1790758529699164,SAT,3320,10728d70e0641a69:0x115a2d,7319290
v1,1790758529702434,SAT,41,10728d70e0641a69:0x115a2d,7319331
v1,1790758529702776,UNSAT,127,10728d70e0641a69:0x115a2d,7319458
v1,1790758529702828,SAT,36,10728d70e0641a69:0x115a2d,7319494
v1,1790758529703084,UNSAT,99,10728d70e0641a69:0x115a2d,7319593
v1,1790758529703212,SAT,82,10728d70e0641a69:0x115a2d,7319675
v1,1790758529703477,SAT,77,10728d70e0641a69:0x115a2d,7319752
v1,1790758529704004,SAT,353,10728d70e0641a69:0x115a2d,7320105
v1,1790758529704054,SAT,25,10728d70e0641a69:0x115a2d,7320130
v1,1790758529704270,UNSAT,101,10728d70e0641a69:0x115a2d,7320231
v1,1790758529704316,SAT,34,10728d70e0641a69:0x115a2d,7320265
v1,1790758529704542,UNSAT,92,10728d70e0641a69:0x115a2d,7320357
v1,1790758529704629,SAT,62,10728d70e0641a69:0x115a2d,7320419
v1,1790758529704795,SAT,60,10728d70e0641a69:0x115a2d,7320479
v1,1790758529710314,SAT,4968,10728d70e0641a69:0x115a2d,7325447
v1,1790758529714995,SAT,47,10728d70e0641a69:0x115a2d,7325494
v1,1790758529715354,UNSAT,138,10728d70e0641a69:0x115a2d,7325632
v1,1790758529715438,SAT,54,10728d70e0641a69:0x115a2d,7325686
v1,1790758529715969,UNSAT,192,10728d70e0641a69:0x115a2d,7325878
v1,1790758529716158,SAT,98,10728d70e0641a69:0x115a2d,7325976
v1,1790758529716526,SAT,111,10728d70e0641a69:0x115a2d,7326087
v1,1790758529717501,SAT,586,10728d70e0641a69:0x115a2d,7326673
v1,1790758529717567,SAT,30,10728d70e0641a69:0x115a2d,7326703
v1,1790758529717781,UNSAT,81,10728d70e0641a69:0x115a2d,7326784
v1,1790758529717810,SAT,18,10728d70e0641a69:0x115a2d,7326802
v1,1790758529717975,UNSAT,66,10728d70e0641a69:0x115a2d,7326868
v1,1790758529718046,SAT,56,10728d70e0641a69:0x115a2d,7326924
v1,1790758529718205,SAT,59,10728d70e0641a69:0x115a2d,7326983
v1,1790758529718735,SAT,345,10728d70e0641a69:0x115a2d,7327328
v1,1790758529718778,SAT,21,10728d70e0641a69:0x115a2d,7327349
v1,1790758529718966,UNSAT,73,10728d70e0641a69:0x115a2d,7327422
v1,1790758529718992,SAT,17,10728d70e0641a69:0x115a2d,7327439
v1,1790758529719149,UNSAT,63,10728d70e0641a69:0x115a2d,7327502
v1,1790758529719217,SAT,54,10728d70e0641a69:0x115a2d,7327556
v1,1790758529719373,SAT,65,10728d70e0641a69:0x115a2d,7327621
v1,1790758529719820,SAT,327,10728d70e0641a69:0x115a2d,7327948
v1,1790758529719861,SAT,21,10728d70e0641a69:0x115a2d,7327969
v1,1790758529720028,UNSAT,70,10728d70e0641a69:0x115a2d,7328039
v1,1790758529720055,SAT,17,10728d70e0641a69:0x115a2d,7328056
v1,1790758529720208,UNSAT,62,10728d70e0641a69:0x115a2d,7328118
v1,1790758529720282,SAT,61,10728d70e0641a69:0x115a2d,7328179
v1,1790758529720448,SAT,70,10728d70e0641a69:0x115a2d,7328249
v1,1790758529721026,SAT,354,10728d70e0641a69:0x115a2d,7328603
v1,1790758529721089,SAT,30,10728d70e0641a69:0x115a2d,7328633
v1,1790758529721378,UNSAT,120,10728d70e0641a69:0x115a2d,7328753
v1,1790758529721444,SAT,49,10728d70e0641a69:0x115a2d,7328802
v1,1790758529721703,UNSAT,104,10728d70e0641a69:0x115a2d,7328906
v1,1790758529721808,SAT,61,10728d70e0641a69:0x115a2d,7328967
v1,1790758529722004,SAT,65,10728d70e0641a69:0x115a2d,7329032
v1,1790758529722506,SAT,363,10728d70e0641a69:0x115a2d,7329395
v1,1790758529722578,SAT,33,10728d70e0641a69:0x115a2d,7329428
v1,1790758529722856,UNSAT,94,10728d70e0641a69:0x115a2d,7329522
v1,1790758529722898,SAT,26,10728d70e0641a69:0x115a2d,7329548
v1,1790758529723092,UNSAT,73,10728d70e0641a69:0x115a2d,7329621
v1,1790758529723167,SAT,59,10728d70e0641a69:0x115a2d,7329680
v1,1790758529723339,SAT,68,10728d70e0641a69:0x115a2d,7329748
v1,1790758529725642,SAT,1781,10728d70e0641a69:0x115a2d,7331529
v1,1790758529727317,SAT,49,10728d70e0641a69:0x115a2d,7331578
v1,1790758529727636,UNSAT,120,10728d70e0641a69:0x115a2d,7331698
v1,1790758529727678,SAT,26,10728d70e0641a69:0x115a2d,7331724
v1,1790758529727952,UNSAT,115,10728d70e0641a69:0x115a2d,7331839
v1,1790758529728061,SAT,65,10728d70e0641a69:0x115a2d,7331904
v1,1790758529728267,SAT,71,10728d70e0641a69:0x115a2d,7331975
v1,1790758529732025,SAT,3287,10728d70e0641a69:0x115a2d,7335262
v1,1790758529735205,SAT,68,10728d70e0641a69:0x115a2d,7335330
v1,1790758529735555,UNSAT,118,10728d70e0641a69:0x115a2d,7335448
v1,1790758529735589,SAT,19,10728d70e0641a69:0x115a2d,7335467
v1,1790758529735847,UNSAT,100,10728d70e0641a69:0x115a2d,7335567
v1,1790758529735948,SAT,59,10728d70e0641a69:0x115a2d,7335626
v1,1790758529736143,SAT,60,10728d70e0641a69:0x115a2d,7335686
v1,1790758529741457,SAT,4741,10728d70e0641a69:0x115a2d,7340427
v1,1790758529746076,SAT,56,10728d70e0641a69:0x115a2d,7340483
v1,1790758529746473,UNSAT,125,10728d70e0641a69:0x115a2d,7340608
v1,1790758529746518,SAT,29,10728d70e0641a69:0x115a2d,7340637
v1,1790758529746789,UNSAT,103,10728d70e0641a69:0x115a2d,7340740
v1,1790758529746886,SAT,56,10728d70e0641a69:0x115a2d,7340796
v1,1790758529747078,SAT,60,10728d70e0641a69:0x115a2d,7340856
v1,1790758529747674,SAT,363,10728d70e0641a69:0x115a2d,7341219
v1,1790758529747721,SAT,23,10728d70e0641a69:0x115a2d,7341242
v1,1790758529747903,UNSAT,74,10728d70e0641a69:0x115a2d,7341316
v1,1790758529747929,SAT,17,10728d70e0641a69:0x115a2d,7341333
v1,1790758529748082,UNSAT,63,10728d70e0641a69:0x115a2d,7341396
v1,1790758529748165,SAT,63,10728d70e0641a69:0x115a2d,7341459
v1,1790758529748318,SAT,60,10728d70e0641a69:0x115a2d,7341519
v1,1790758529748884,SAT,342,10728d70e0641a69:0x115a2d,7341861
v1,1790758529748936,SAT,29,10728d70e0641a69:0x115a2d,7341890
v1,1790758529749106,UNSAT,73,10728d70e0641a69:0x115a2d,7341963
v1,1790758529749136,SAT,21,10728d70e0641a69:0x115a2d,7341984
v1,1790758529749316,UNSAT,75,10728d70e0641a69:0x115a2d,7342059
v1,1790758529749394,SAT,61,10728d70e0641a69:0x115a2d,7342120
v1,1790758529749552,SAT,59,10728d70e0641a69:0x115a2d,7342179
v1,1790758529750007,SAT,333,10728d70e0641a69:0x115a2d,7342512
v1,1790758529750060,SAT,26,10728d70e0641a69:0x115a2d,7342538
v1,1790758529750335,UNSAT,128,10728d70e0641a69:0x115a2d,7342666
v1,1790758529750376,SAT,29,10728d70e0641a69:0x115a2d,7342695
v1,1790758529750601,UNSAT,101,10728d70e0641a69:0x115a2d,7342796
v1,1790758529750695,SAT,57,10728d70e0641a69:0x115a2d,7342853
v1,1790758529750870,SAT,67,10728d70e0641a69:0x115a2d,7342920
v1,1790758529751347,SAT,348,10728d70e0641a69:0x115a2d,7343268
v1,1790758529751392,SAT,24,10728d70e0641a69:0x115a2d,7343292
v1,1790758529751567,UNSAT,73,10728d70e0641a69:0x115a2d,7343365
v1,1790758529751594,SAT,18,10728d70e0641a69:0x115a2d,7343383
v1,1790758529751745,UNSAT,63,10728d70e0641a69:0x115a2d,7343446
v1,1790758529751821,SAT,59,10728d70e0641a69:0x115a2d,7343505
v1,1790758529751971,SAT,63,10728d70e0641a69:0x115a2d,7343568
v1,1790758529752426,SAT,332,10728d70e0641a69:0x115a2d,7343900
v1,1790758529752468,SAT,22,10728d70e0641a69:0x115a2d,7343922
v1,1790758529752640,UNSAT,75,10728d70e0641a69:0x115a2d,7343997
v1,1790758529752676,SAT,25,10728d70e0641a69:0x115a2d,7344022
v1,1790758529752836,UNSAT,70,10728d70e0641a69:0x115a2d,7344092
v1,1790758529752908,SAT,56,10728d70e0641a69:0x115a2d,7344148
v1,1790758529753064,SAT,64,10728d70e0641a69:0x115a2d,7344212
v1,1790758529755312,SAT,1797,10728d70e0641a69:0x115a2d,7346009
v1,1790758529756985,SAT,57,10728d70e0641a69:0x115a2d,7346066
v1,1790758529757300,UNSAT,114,10728d70e0641a69:0x115a2d,7346180
v1,1790758529757346,SAT,28,10728d70e0641a69:0x115a2d,7346208
v1,1790758529757615,UNSAT,109,10728d70e0641a69:0x115a2d,7346317
v1,1790758529757715,SAT,62,10728d70e0641a69:0x115a2d,7346379
v1,1790758529757907,SAT,68,10728d70e0641a69:0x115a2d,7346447
v1,1790758529761716,SAT,3302,10728d70e0641a69:0x115a2d,7349749
v1,1790758529764871,SAT,45,10728d70e0641a69:0x115a2d,7349794
v1,1790758529765184,UNSAT,112,10728d70e0641a69:0x115a2d,7349906
v1,1790758529765220,SAT,22,10728d70e0641a69:0x115a2d,7349928
v1,1790758529765500,UNSAT,101,10728d70e0641a69:0x115a2d,7350029
v1,1790758529765600,SAT,62,10728d70e0641a69:0x115a2d,7350091
v1,1790758529765809,SAT,67,10728d70e0641a69:0x115a2d,7350158
v1,1790758529771173,SAT,4783,10728d70e0641a69:0x115a2d,7354941
v1,1790758529775878,SAT,77,10728d70e0641a69:0x115a2d,7355018
v1,1790758529776218,UNSAT,119,10728d70e0641a69:0x115a2d,7355137
v1,1790758529776277,SAT,43,10728d70e0641a69:0x115a2d,7355180
v1,1790758529776537,UNSAT,102,10728d70e0641a69:0x115a2d,7355282
v1,1790758529776635,SAT,59,10728d70e0641a69:0x115a2d,7355341
v1,1790758529776840,SAT,64,10728d70e0641a69:0x115a2d,7355405
v1,1790758529777453,SAT,379,10728d70e0641a69:0x115a2d,7355784
v1,1790758529777528,SAT,49,10728d70e0641a69:0x115a2d,7355833
v1,1790758529777752,UNSAT,109,10728d70e0641a69:0x115a2d,7355942
v1,1790758529777819,SAT,30,10728d70e0641a69:0x115a2d,7355972
v1,1790758529778050,UNSAT,88,10728d70e0641a69:0x115a2d,7356060
v1,1790758529778126,SAT,60,10728d70e0641a69:0x115a2d,7356120
v1,1790758529778310,SAT,74,10728d70e0641a69:0x115a2d,7356194
v1,1790758529778810,SAT,356,10728d70e0641a69:0x115a2d,7356550
v1,1790758529778872,SAT,33,10728d70e0641a69:0x115a2d,7356583
v1,1790758529779079,UNSAT,82,10728d70e0641a69:0x115a2d,7356665
v1,1790758529779117,SAT,25,10728d70e0641a69:0x115a2d,7356690
v1,1790758529779310,UNSAT,92,10728d70e0641a69:0x115a2d,7356782
v1,1790758529779403,SAT,64,10728d70e0641a69:0x115a2d,7356846
v1,1790758529779595,SAT,65,10728d70e0641a69:0x115a2d,7356911
v1,1790758529780228,SAT,367,10728d70e0641a69:0x115a2d,7357278
v1,1790758529780299,SAT,30,10728d70e0641a69:0x115a2d,7357308
v1,1790758529780595,UNSAT,132,10728d70e0641a69:0x115a2d,7357440
v1,1790758529780643,SAT,32,10728d70e0641a69:0x115a2d,7357472
v1,1790758529780896,UNSAT,104,10728d70e0641a69:0x115a2d,7357576
v1,1790758529781010,SAT,71,10728d70e0641a69:0x115a2d,7357647
v1,1790758529781222,SAT,65,10728d70e0641a69:0x115a2d,7357712
v1,1790758529781798,SAT,370,10728d70e0641a69:0x115a2d,7358082
v1,1790758529781859,SAT,30,10728d70e0641a69:0x115a2d,7358112
v1,1790758529782046,UNSAT,75,10728d70e0641a69:0x115a2d,7358187
v1,1790758529782092,SAT,35,10728d70e0641a69:0x115a2d,7358222
v1,1790758529782297,UNSAT,83,10728d70e0641a69:0x115a2d,7358305
v1,1790758529782449,SAT,133,10728d70e0641a69:0x115a2d,7358438
v1,1790758529782629,SAT,68,10728d70e0641a69:0x115a2d,7358506
v1,1790758529784840,SAT,1792,10728d70e0641a69:0x115a2d,7360298
v1,1790758529786563,SAT,53,10728d70e0641a69:0x115a2d,7360351
v1,1790758529786888,UNSAT,112,10728d70e0641a69:0x115a2d,7360463
v1,1790758529786958,SAT,56,10728d70e0641a69:0x115a2d,7360519
v1,1790758529787211,UNSAT,103,10728d70e0641a69:0x115a2d,7360622
v1,1790758529787320,SAT,62,10728d70e0641a69:0x115a2d,7360684
v1,1790758529787529,SAT,68,10728d70e0641a69:0x115a2d,7360752
v1,1790758529788080,SAT,343,10728d70e0641a69:0x115a2d,7361095
v1,1790758529788147,SAT,41,10728d70e0641a69:0x115a2d,7361136
v1,1790758529788338,UNSAT,77,10728d70e0641a69:0x115a2d,7361213
v1,1790758529788372,SAT,22,10728d70e0641a69:0x115a2d,7361235
v1,1790758529788527,UNSAT,64,10728d70e0641a69:0x115a2d,7361299
v1,1790758529788593,SAT,51,10728d70e0641a69:0x115a2d,7361350
v1,1790758529788742,SAT,55,10728d70e0641a69:0x115a2d,7361405
v1,1790758529792488,SAT,3322,10728d70e0641a69:0x115a2d,7364727
v1,1790758529795632,SAT,43,10728d70e0641a69:0x115a2d,7364770
v1,1790758529795973,UNSAT,118,10728d70e0641a69:0x115a2d,7364888
v1,1790758529796021,SAT,33,10728d70e0641a69:0x115a2d,7364921
v1,1790758529796297,UNSAT,116,10728d70e0641a69:0x115a2d,7365037
v1,1790758529796404,SAT,66,10728d70e0641a69:0x115a2d,7365103
v1,1790758529796624,SAT,64,10728d70e0641a69:0x115a2d,7365167
v1,1790758529801916,SAT,4784,10728d70e0641a69:0x115a2d,7369951
v1,1790758529806592,SAT,45,10728d70e0641a69:0x115a2d,7369996
v1,1790758529806948,UNSAT,123,10728d70e0641a69:0x115a2d,7370119
v1,1790758529806988,SAT,25,10728d70e0641a69:0x115a2d,7370144
v1,1790758529807253,UNSAT,110,10728d70e0641a69:0x115a2d,7370254
v1,1790758529807352,SAT,59,10728d70e0641a69:0x115a2d,7370313
v1,1790758529807548,SAT,59,10728d70e0641a69:0x115a2d,7370372
v1,1790758529808224,SAT,359,10728d70e0641a69:0x115a2d,7370731
v1,1790758529808290,SAT,33,10728d70e0641a69:0x115a2d,7370764
v1,1790758529808492,UNSAT,83,10728d70e0641a69:0x115a2d,7370847
v1,1790758529808533,SAT,30,10728d70e0641a69:0x115a2d,7370877
v1,1790758529808693,UNSAT,69,10728d70e0641a69:0x115a2d,7370946
v1,1790758529808771,SAT,63,10728d70e0641a69:0x115a2d,7371009
v1,1790758529808918,SAT,59,10728d70e0641a69:0x115a2d,7371068
v1,1790758529809623,SAT,570,10728d70e0641a69:0x115a2d,7371638
v1,1790758529809667,SAT,21,10728d70e0641a69:0x115a2d,7371659
v1,1790758529809837,UNSAT,72,10728d70e0641a69:0x115a2d,7371731
v1,1790758529809864,SAT,18,10728d70e0641a69:0x115a2d,7371749
v1,1790758529810022,UNSAT,69,10728d70e0641a69:0x115a2d,7371818
v1,1790758529810095,SAT,58,10728d70e0641a69:0x115a2d,7371876
v1,1790758529810246,SAT,58,10728d70e0641a69:0x115a2d,7371934
v1,1790758529810700,SAT,329,10728d70e0641a69:0x115a2d,7372263
v1,1790758529810767,SAT,47,10728d70e0641a69:0x115a2d,7372310
v1,1790758529810934,UNSAT,71,10728d70e0641a69:0x115a2d,7372381
v1,1790758529810959,SAT,16,10728d70e0641a69:0x115a2d,7372397
v1,1790758529811112,UNSAT,66,10728d70e0641a69:0x115a2d,7372463
v1,1790758529811184,SAT,58,10728d70e0641a69:0x115a2d,7372521
v1,1790758529811334,SAT,61,10728d70e0641a69:0x115a2d,7372582
v1,1790758529812114,SAT,333,10728d70e0641a69:0x115a2d,7372915
v1,1790758529812166,SAT,23,10728d70e0641a69:0x115a2d,7372938
v1,1790758529812436,UNSAT,108,10728d70e0641a69:0x115a2d,7373046
v1,1790758529812465,SAT,18,10728d70e0641a69:0x115a2d,7373064
v1,1790758529812694,UNSAT,100,10728d70e0641a69:0x115a2d,7373164
v1,1790758529812791,SAT,54,10728d70e0641a69:0x115a2d,7373218
v1,1790758529812980,SAT,57,10728d70e0641a69:0x115a2d,7373275
v1,1790758529813445,SAT,337,10728d70e0641a69:0x115a2d,7373612
v1,1790758529813515,SAT,46,10728d70e0641a69:0x115a2d,7373658
v1,1790758529813692,UNSAT,74,10728d70e0641a69:0x115a2d,7373732
v1,1790758529813718,SAT,17,10728d70e0641a69:0x115a2d,7373749
v1,1790758529813866,UNSAT,62,10728d70e0641a69:0x115a2d,7373811
v1,1790758529813935,SAT,56,10728d70e0641a69:0x115a2d,7373867
v1,1790758529814071,SAT,53,10728d70e0641a69:0x115a2d,7373920
v1,1790758529816269,SAT,1775,10728d70e0641a69:0x115a2d,7375695
v1,1790758529817929,SAT,51,10728d70e0641a69:0x115a2d,7375746
v1,1790758529818240,UNSAT,115,10728d70e0641a69:0x115a2d,7375861
v1,1790758529818300,SAT,43,10728d70e0641a69:0x115a2d,7375904
v1,1790758529818556,UNSAT,102,10728d70e0641a69:0x115a2d,7376006
v1,1790758529818659,SAT,58,10728d70e0641a69:0x115a2d,7376064
v1,1790758529818925,SAT,103,10728d70e0641a69:0x115a2d,7376167
v1,1790758529823124,SAT,3506,10728d70e0641a69:0x115a2d,7379673
v1,1790758529826410,SAT,52,10728d70e0641a69:0x115a2d,7379725
v1,1790758529826767,UNSAT,119,10728d70e0641a69:0x115a2d,7379844
v1,1790758529826807,SAT,26,10728d70e0641a69:0x115a2d,7379870
v1,1790758529827084,UNSAT,115,10728d70e0641a69:0x115a2d,7379985
v1,1790758529827188,SAT,59,10728d70e0641a69:0x115a2d,7380044
v1,1790758529827400,SAT,65,10728d70e0641a69:0x115a2d,7380109
v1,1790758529832807,SAT,4815,10728d70e0641a69:0x115a2d,7384924
v1,1790758529837483,SAT,42,10728d70e0641a69:0x115a2d,7384966
v1,1790758529837848,UNSAT,128,10728d70e0641a69:0x115a2d,7385094
v1,1790758529837888,SAT,26,10728d70e0641a69:0x115a2d,7385120
v1,1790758529838149,UNSAT,102,10728d70e0641a69:0x115a2d,7385222
v1,1790758529838258,SAT,65,10728d70e0641a69:0x115a2d,7385287
v1,1790758529838458,SAT,65,10728d70e0641a69:0x115a2d,7385352
v1,1790758529839079,SAT,356,10728d70e0641a69:0x115a2d,7385708
v1,1790758529839136,SAT,32,10728d70e0641a69:0x115a2d,7385740
v1,1790758529839329,UNSAT,83,10728d70e0641a69:0x115a2d,7385823
v1,1790758529839358,SAT,17,10728d70e0641a69:0x115a2d,7385840
v1,1790758529839523,UNSAT,70,10728d70e0641a69:0x115a2d,7385910
v1,1790758529839596,SAT,58,10728d70e0641a69:0x115a2d,7385968
v1,1790758529839745,SAT,60,10728d70e0641a69:0x115a2d,7386028
v1,1790758529840229,SAT,349,10728d70e0641a69:0x115a2d,7386377
v1,1790758529840303,SAT,29,10728d70e0641a69:0x115a2d,7386406
v1,1790758529840573,UNSAT,111,10728d70e0641a69:0x115a2d,7386517
v1,1790758529840607,SAT,24,10728d70e0641a69:0x115a2d,7386541
v1,1790758529840832,UNSAT,104,10728d70e0641a69:0x115a2d,7386645
v1,1790758529840927,SAT,56,10728d70e0641a69:0x115a2d,7386701
v1,1790758529841107,SAT,62,10728d70e0641a69:0x115a2d,7386763
v1,1790758529841591,SAT,355,10728d70e0641a69:0x115a2d,7387118
v1,1790758529841637,SAT,24,10728d70e0641a69:0x115a2d,7387142
v1,1790758529841810,UNSAT,71,10728d70e0641a69:0x115a2d,7387213
v1,1790758529841850,SAT,30,10728d70e0641a69:0x115a2d,7387243
v1,1790758529842002,UNSAT,68,10728d70e0641a69:0x115a2d,7387311
v1,1790758529842078,SAT,62,10728d70e0641a69:0x115a2d,7387373
v1,1790758529842237,SAT,60,10728d70e0641a69:0x115a2d,7387433
v1,1790758529842693,SAT,329,10728d70e0641a69:0x115a2d,7387762
v1,1790758529842737,SAT,22,10728d70e0641a69:0x115a2d,7387784
v1,1790758529842925,UNSAT,77,10728d70e0641a69:0x115a2d,7387861
v1,1790758529842960,SAT,26,10728d70e0641a69:0x115a2d,7387887
v1,1790758529843131,UNSAT,76,10728d70e0641a69:0x115a2d,7387963
v1,1790758529843199,SAT,54,10728d70e0641a69:0x115a2d,7388017
v1,1790758529843351,SAT,58,10728d70e0641a69:0x115a2d,7388075
v1,1790758529845601,SAT,1754,10728d70e0641a69:0x115a2d,7389829
v1,1790758529847283,SAT,83,10728d70e0641a69:0x115a2d,7389912
v1,1790758529847604,UNSAT,119,10728d70e0641a69:0x115a2d,7390031
v1,1790758529847649,SAT,33,10728d70e0641a69:0x115a2d,7390064
v1,1790758529847903,UNSAT,103,10728d70e0641a69:0x115a2d,7390167
v1,1790758529848004,SAT,60,10728d70e0641a69:0x115a2d,7390227
v1,1790758529848200,SAT,67,10728d70e0641a69:0x115a2d,7390294
v1,1790758529851996,SAT,3289,10728d70e0641a69:0x115a2d,7393583
v1,1790758529855172,SAT,70,10728d70e0641a69:0x115a2d,7393653
v1,1790758529855514,UNSAT,118,10728d70e0641a69:0x115a2d,7393771
v1,1790758529855554,SAT,26,10728d70e0641a69:0x115a2d,7393797
v1,1790758529855800,UNSAT,97,10728d70e0641a69:0x115a2d,7393894
v1,1790758529855897,SAT,57,10728d70e0641a69:0x115a2d,7393951
v1,1790758529856086,SAT,61,10728d70e0641a69:0x115a2d,7394012
v1,1790758529856606,SAT,364,10728d70e0641a69:0x115a2d,7394376
v1,1790758529856661,SAT,30,10728d70e0641a69:0x115a2d,7394406
v1,1790758529856853,UNSAT,79,10728d70e0641a69:0x115a2d,7394485
v1,1790758529856888,SAT,26,10728d70e0641a69:0x115a2d,7394511
v1,1790758529857061,UNSAT,71,10728d70e0641a69:0x115a2d,7394582
v1,1790758529857135,SAT,59,10728d70e0641a69:0x115a2d,7394641
v1,1790758529857303,SAT,79,10728d70e0641a69:0x115a2d,7394720
v1,1790758529862597,SAT,4773,10728d70e0641a69:0x115a2d,7399493
v1,1790758529867301,SAT,101,10728d70e0641a69:0x115a2d,7399594
v1,1790758529867704,UNSAT,135,10728d70e0641a69:0x115a2d,7399729
v1,1790758529867778,SAT,57,10728d70e0641a69:0x115a2d,7399786
v1,1790758529868047,UNSAT,103,10728d70e0641a69:0x115a2d,7399889
v1,1790758529868148,SAT,61,10728d70e0641a69:0x115a2d,7399950
v1,1790758529868346,SAT,61,10728d70e0641a69:0x115a2d,7400011
v1,1790758529868950,SAT,365,10728d70e0641a69:0x115a2d,7400376
v1,1790758529869017,SAT,43,10728d70e0641a69:0x115a2d,7400419
v1,1790758529869213,UNSAT,83,10728d70e0641a69:0x115a2d,7400502
v1,1790758529869300,SAT,76,10728d70e0641a69:0x115a2d,7400578
v1,1790758529869470,UNSAT,71,10728d70e0641a69:0x115a2d,7400649
v1,1790758529869542,SAT,57,10728d70e0641a69:0x115a2d,7400706
v1,1790758529869713,SAT,60,10728d70e0641a69:0x115a2d,7400766
v1,1790758529870449,SAT,543,10728d70e0641a69:0x115a2d,7401309
v1,1790758529870497,SAT,24,10728d70e0641a69:0x115a2d,7401333
v1,1790758529870675,UNSAT,81,10728d70e0641a69:0x115a2d,7401414
v1,1790758529870707,SAT,23,10728d70e0641a69:0x115a2d,7401437
v1,1790758529870868,UNSAT,68,10728d70e0641a69:0x115a2d,7401505
v1,1790758529870941,SAT,60,10728d70e0641a69:0x115a2d,7401565
v1,1790758529871093,SAT,61,10728d70e0641a69:0x115a2d,7401626
v1,1790758529871552,SAT,333,10728d70e0641a69:0x115a2d,7401959
v1,1790758529871598,SAT,23,10728d70e0641a69:0x115a2d,7401982
v1,1790758529871773,UNSAT,77,10728d70e0641a69:0x115a2d,7402059
v1,1790758529871810,SAT,27,10728d70e0641a69:0x115a2d,7402086
v1,1790758529871969,UNSAT,68,10728d70e0641a69:0x115a2d,7402154
v1,1790758529872045,SAT,62,10728d70e0641a69:0x115a2d,7402216
v1,1790758529872192,SAT,58,10728d70e0641a69:0x115a2d,7402274
v1,1790758529872693,SAT,317,10728d70e0641a69:0x115a2d,7402591
v1,1790758529872746,SAT,25,10728d70e0641a69:0x115a2d,7402616
v1,1790758529873031,UNSAT,118,10728d70e0641a69:0x115a2d,7402734
v1,1790758529873066,SAT,25,10728d70e0641a69:0x115a2d,7402759
v1,1790758529873320,UNSAT,110,10728d70e0641a69:0x115a2d,7402869
v1,1790758529873424,SAT,55,10728d70e0641a69:0x115a2d,7402924
v1,1790758529873609,SAT,57,10728d70e0641a69:0x115a2d,7402981
v1,1790758529874055,SAT,325,10728d70e0641a69:0x115a2d,7403306
v1,1790758529874119,SAT,43,10728d70e0641a69:0x115a2d,7403349
v1,1790758529874297,UNSAT,85,10728d70e0641a69:0x115a2d,7403434
v1,1790758529874324,SAT,18,10728d70e0641a69:0x115a2d,7403452
v1,1790758529874483,UNSAT,65,10728d70e0641a69:0x115a2d,7403517
v1,1790758529874551,SAT,54,10728d70e0641a69:0x115a2d,7403571
v1,1790758529874698,SAT,56,10728d70e0641a69:0x115a2d,7403627
v1,1790758529876926,SAT,1752,10728d70e0641a69:0x115a2d,7405379
v1,1790758529878545,SAT,33,10728d70e0641a69:0x115a2d,7405412
v1,1790758529878866,UNSAT,125,10728d70e0641a69:0x115a2d,7405537
v1,1790758529878901,SAT,23,10728d70e0641a69:0x115a2d,7405560
v1,1790758529879153,UNSAT,112,10728d70e0641a69:0x115a2d,7405672
v1,1790758529879285,SAT,82,10728d70e0641a69:0x115a2d,7405754
v1,1790758529879490,SAT,67,10728d70e0641a69:0x115a2d,7405821
v1,1790758529883190,SAT,3247,10728d70e0641a69:0x115a2d,7409068
v1,1790758529886389,SAT,41,10728d70e0641a69:0x115a2d,7409109
v1,1790758529886732,UNSAT,120,10728d70e0641a69:0x115a2d,7409229
v1,1790758529886803,SAT,57,10728d70e0641a69:0x115a2d,7409286
v1,1790758529887068,UNSAT,109,10728d70e0641a69:0x115a2d,7409395
v1,1790758529887174,SAT,57,10728d70e0641a69:0x115a2d,7409452
v1,1790758529887389,SAT,61,10728d70e0641a69:0x115a2d,7409513
v1,1790758529892723,SAT,4759,10728d70e0641a69:0x115a2d,7414272
v1,1790758529897342,SAT,42,10728d70e0641a69:0x115a2d,7414314
v1,1790758529897700,UNSAT,122,10728d70e0641a69:0x115a2d,7414436
v1,1790758529897745,SAT,31,10728d70e0641a69:0x115a2d,7414467
v1,1790758529898022,UNSAT,110,10728d70e0641a69:0x115a2d,7414577
v1,1790758529898141,SAT,70,10728d70e0641a69:0x115a2d,7414647
v1,1790758529898351,SAT,61,10728d70e0641a69:0x115a2d,7414708
v1,1790758529898938,SAT,353,10728d70e0641a69:0x115a2d,7415061
v1,1790758529898989,SAT,27,10728d70e0641a69:0x115a2d,7415088
v1,1790758529899181,UNSAT,83,10728d70e0641a69:0x115a2d,7415171
v1,1790758529899210,SAT,18,10728d70e0641a69:0x115a2d,7415189
v1,1790758529899379,UNSAT,69,10728d70e0641a69:0x115a2d,7415258
v1,1790758529899455,SAT,61,10728d70e0641a69:0x115a2d,7415319
v1,1790758529899618,SAT,63,10728d70e0641a69:0x115a2d,7415382
v1,1790758529900185,SAT,343,10728d70e0641a69:0x115a2d,7415725
v1,1790758529900230,SAT,24,10728d70e0641a69:0x115a2d,7415749
v1,1790758529900428,UNSAT,79,10728d70e0641a69:0x115a2d,7415828
v1,1790758529900460,SAT,22,10728d70e0641a69:0x115a2d,7415850
v1,1790758529900609,UNSAT,63,10728d70e0641a69:0x115a2d,7415913
v1,1790758529900677,SAT,54,10728d70e0641a69:0x115a2d,7415967
v1,1790758529900815,SAT,57,10728d70e0641a69:0x115a2d,7416024
v1,1790758529901274,SAT,338,10728d70e0641a69:0x115a2d,7416362
v1,1790758529901344,SAT,41,10728d70e0641a69:0x115a2d,7416403
v1,1790758529901621,UNSAT,115,10728d70e0641a69:0x115a2d,7416518
v1,1790758529901656,SAT,25,10728d70e0641a69:0x115a2d,7416543
v1,1790758529901886,UNSAT,98,10728d70e0641a69:0x115a2d,7416641
v1,1790758529901989,SAT,62,10728d70e0641a69:0x115a2d,7416703
v1,1790758529902172,SAT,62,10728d70e0641a69:0x115a2d,7416765
v1,1790758529902650,SAT,338,10728d70e0641a69:0x115a2d,7417103
v1,1790758529902698,SAT,27,10728d70e0641a69:0x115a2d,7417130
v1,1790758529902897,UNSAT,78,10728d70e0641a69:0x115a2d,7417208
v1,1790758529902934,SAT,25,10728d70e0641a69:0x115a2d,7417233
v1,1790758529903093,UNSAT,67,10728d70e0641a69:0x115a2d,7417300
v1,1790758529903169,SAT,61,10728d70e0641a69:0x115a2d,7417361
v1,1790758529903321,SAT,59,10728d70e0641a69:0x115a2d,7417420
v1,1790758529903766,SAT,322,10728d70e0641a69:0x115a2d,7417742
v1,1790758529903814,SAT,28,10728d70e0641a69:0x115a2d,7417770
v1,1790758529903997,UNSAT,74,10728d70e0641a69:0x115a2d,7417844
v1,1790758529904031,SAT,25,10728d70e0641a69:0x115a2d,7417869
v1,1790758529904175,UNSAT,63,10728d70e0641a69:0x115a2d,7417932
v1,1790758529904257,SAT,68,10728d70e0641a69:0x115a2d,7418000
v1,1790758529904401,SAT,57,10728d70e0641a69:0x115a2d,7418057
v1,1790758529906626,SAT,1776,10728d70e0641a69:0x115a2d,7419833
v1,1790758529908313,SAT,84,10728d70e0641a69:0x115a2d,7419917
v1,1790758529908605,UNSAT,109,10728d70e0641a69:0x115a2d,7420026
v1,1790758529908637,SAT,21,10728d70e0641a69:0x115a2d,7420047
v1,1790758529908892,UNSAT,106,10728d70e0641a69:0x115a2d,7420153
v1,1790758529908992,SAT,57,10728d70e0641a69:0x115a2d,7420210
v1,1790758529909184,SAT,59,10728d70e0641a69:0x115a2d,7420269
v1,1790758529912955,SAT,3281,10728d70e0641a69:0x115a2d,7423550
v1,1790758529916134,SAT,46,10728d70e0641a69:0x115a2d,7423596
v1,1790758529916469,UNSAT,120,10728d70e0641a69:0x115a2d,7423716
v1,1790758529916510,SAT,27,10728d70e0641a69:0x115a2d,7423743
v1,1790758529916772,UNSAT,105,10728d70e0641a69:0x115a2d,7423848
v1,1790758529916875,SAT,62,10728d70e0641a69:0x115a2d,7423910
v1,1790758529917070,SAT,63,10728d70e0641a69:0x115a2d,7423973
v1,1790758529922353,SAT,4731,10728d70e0641a69:0x115a2d,7428704
v1,1790758529927032,SAT,78,10728d70e0641a69:0x115a2d,7428782
v1,1790758529927407,UNSAT,123,10728d70e0641a69:0x115a2d,7428905
v1,1790758529927443,SAT,20,10728d70e0641a69:0x115a2d,7428925
v1,1790758529927714,UNSAT,99,10728d70e0641a69:0x115a2d,7429024
v1,1790758529927812,SAT,57,10728d70e0641a69:0x115a2d,7429081
v1,1790758529928013,SAT,61,10728d70e0641a69:0x115a2d,7429142
v1,1790758529928592,SAT,358,10728d70e0641a69:0x115a2d,7429500
v1,1790758529928650,SAT,34,10728d70e0641a69:0x115a2d,7429534
v1,1790758529928837,UNSAT,78,10728d70e0641a69:0x115a2d,7429612
v1,1790758529928875,SAT,28,10728d70e0641a69:0x115a2d,7429640
v1,1790758529929049,UNSAT,70,10728d70e0641a69:0x115a2d,7429710
v1,1790758529929118,SAT,55,10728d70e0641a69:0x115a2d,7429765
v1,1790758529929264,SAT,61,10728d70e0641a69:0x115a2d,7429826
v1,1790758529929727,SAT,338,10728d70e0641a69:0x115a2d,7430164
v1,1790758529929782,SAT,35,10728d70e0641a69:0x115a2d,7430199
v1,1790758529929942,UNSAT,68,10728d70e0641a69:0x115a2d,7430267
v1,1790758529929971,SAT,20,10728d70e0641a69:0x115a2d,7430287
v1,1790758529930133,UNSAT,75,10728d70e0641a69:0x115a2d,7430362
v1,1790758529930207,SAT,60,10728d70e0641a69:0x115a2d,7430422
v1,1790758529930364,SAT,62,10728d70e0641a69:0x115a2d,7430484
v1,1790758529930919,SAT,333,10728d70e0641a69:0x115a2d,7430817
v1,1790758529930970,SAT,26,10728d70e0641a69:0x115a2d,7430843
v1,1790758529931264,UNSAT,124,10728d70e0641a69:0x115a2d,7430967
v1,1790758529931303,SAT,28,10728d70e0641a69:0x115a2d,7430995
v1,1790758529931542,UNSAT,105,10728d70e0641a69:0x115a2d,7431100
v1,1790758529931657,SAT,61,10728d70e0641a69:0x115a2d,7431161
v1,1790758529931839,SAT,59,10728d70e0641a69:0x115a2d,7431220
v1,1790758529932347,SAT,341,10728d70e0641a69:0x115a2d,7431561
v1,1790758529932398,SAT,29,10728d70e0641a69:0x115a2d,7431590
v1,1790758529932587,UNSAT,79,10728d70e0641a69:0x115a2d,7431669
v1,1790758529932622,SAT,25,10728d70e0641a69:0x115a2d,7431694
v1,1790758529932786,UNSAT,69,10728d70e0641a69:0x115a2d,7431763
v1,1790758529932857,SAT,57,10728d70e0641a69:0x115a2d,7431820
v1,1790758529933022,SAT,61,10728d70e0641a69:0x115a2d,7431881
v1,1790758529935172,SAT,1767,10728d70e0641a69:0x115a2d,7433648
v1,1790758529936831,SAT,67,10728d70e0641a69:0x115a2d,7433715
v1,1790758529937161,UNSAT,133,10728d70e0641a69:0x115a2d,7433848
v1,1790758529937199,SAT,24,10728d70e0641a69:0x115a2d,7433872
v1,1790758529937468,UNSAT,114,10728d70e0641a69:0x115a2d,7433986
v1,1790758529937593,SAT,64,10728d70e0641a69:0x115a2d,7434050
v1,1790758529937800,SAT,62,10728d70e0641a69:0x115a2d,7434112
v1,1790758529938341,SAT,349,10728d70e0641a69:0x115a2d,7434461
v1,1790758529938399,SAT,29,10728d70e0641a69:0x115a2d,7434490
v1,1790758529938580,UNSAT,75,10728d70e0641a69:0x115a2d,7434565
v1,1790758529938612,SAT,23,10728d70e0641a69:0x115a2d,7434588
v1,1790758529938768,UNSAT,63,10728d70e0641a69:0x115a2d,7434651
v1,1790758529938837,SAT,54,10728d70e0641a69:0x115a2d,7434705
v1,1790758529938988,SAT,61,10728d70e0641a69:0x115a2d,7434766
v1,1790758529942675,SAT,3242,10728d70e0641a69:0x115a2d,7438008
v1,1790758529945895,SAT,69,10728d70e0641a69:0x115a2d,7438077
v1,1790758529946236,UNSAT,129,10728d70e0641a69:0x115a2d,7438206
v1,1790758529946294,SAT,22,10728d70e0641a69:0x115a2d,7438228
v1,1790758529946570,UNSAT,117,10728d70e0641a69:0x115a2d,7438345
v1,1790758529946686,SAT,64,10728d70e0641a69:0x115a2d,7438409
v1,1790758529946895,SAT,62,10728d70e0641a69:0x115a2d,7438471
v1,1790758529952168,SAT,4765,10728d70e0641a69:0x115a2d,7443236
v1,1790758529956840,SAT,76,10728d70e0641a69:0x115a2d,7443312
v1,1790758529957217,UNSAT,141,10728d70e0641a69:0x115a2d,7443453
v1,1790758529957260,SAT,28,10728d70e0641a69:0x115a2d,7443481
v1,1790758529957544,UNSAT,119,10728d70e0641a69:0x115a2d,7443600
v1,1790758529957660,SAT,65,10728d70e0641a69:0x115a2d,7443665
v1,1790758529957863,SAT,58,10728d70e0641a69:0x115a2d,7443723
v1,1790758529958539,SAT,363,10728d70e0641a69:0x115a2d,7444086
v1,1790758529958593,SAT,25,10728d70e0641a69:0x115a2d,7444111
v1,1790758529958798,UNSAT,92,10728d70e0641a69:0x115a2d,7444203
v1,1790758529958834,SAT,23,10728d70e0641a69:0x115a2d,7444226
v1,1790758529959007,UNSAT,68,10728d70e0641a69:0x115a2d,7444294
v1,1790758529959081,SAT,59,10728d70e0641a69:0x115a2d,7444353
v1,1790758529959240,SAT,71,10728d70e0641a69:0x115a2d,7444424
v1,1790758529959739,SAT,338,10728d70e0641a69:0x115a2d,7444762
v1,1790758529959789,SAT,28,10728d70e0641a69:0x115a2d,7444790
v1,1790758529959971,UNSAT,76,10728d70e0641a69:0x115a2d,7444866
v1,1790758529960003,SAT,22,10728d70e0641a69:0x115a2d,7444888
v1,1790758529960159,UNSAT,65,10728d70e0641a69:0x115a2d,7444953
v1,1790758529960230,SAT,57,10728d70e0641a69:0x115a2d,7445010
v1,1790758529960389,SAT,61,10728d70e0641a69:0x115a2d,7445071
v1,1790758529960832,SAT,324,10728d70e0641a69:0x115a2d,7445395
v1,1790758529960878,SAT,26,10728d70e0641a69:0x115a2d,7445421
v1,1790758529961202,UNSAT,221,10728d70e0641a69:0x115a2d,7445642
v1,1790758529961240,SAT,23,10728d70e0641a69:0x115a2d,7445665
v1,1790758529961444,UNSAT,73,10728d70e0641a69:0x115a2d,7445738
v1,1790758529961517,SAT,55,10728d70e0641a69:0x115a2d,7445793
v1,1790758529961670,SAT,57,10728d70e0641a69:0x115a2d,7445850
v1,1790758529962533,SAT,386,10728d70e0641a69:0x115a2d,7446236
v1,1790758529962592,SAT,27,10728d70e0641a69:0x115a2d,7446263
v1,1790758529962942,UNSAT,149,10728d70e0641a69:0x115a2d,7446412
v1,1790758529962990,SAT,30,10728d70e0641a69:0x115a2d,7446442
v1,1790758529963263,UNSAT,116,10728d70e0641a69:0x115a2d,7446558
v1,1790758529963392,SAT,73,10728d70e0641a69:0x115a2d,7446631
v1,1790758529963622,SAT,65,10728d70e0641a69:0x115a2d,7446696
v1,1790758529964261,SAT,369,10728d70e0641a69:0x115a2d,7447065
v1,1790758529964317,SAT,25,10728d70e0641a69:0x115a2d,7447090
v1,1790758529964521,UNSAT,88,10728d70e0641a69:0x115a2d,7447178
v1,1790758529964569,SAT,33,10728d70e0641a69:0x115a2d,7447211
v1,1790758529964738,UNSAT,69,10728d70e0641a69:0x115a2d,7447280
v1,1790758529964810,SAT,57,10728d70e0641a69:0x115a2d,7447337
v1,1790758529964960,SAT,57,10728d70e0641a69:0x115a2d,7447394
v1,1790758529967128,SAT,1745,10728d70e0641a69:0x115a2d,7449139
v1,1790758529968784,SAT,65,10728d70e0641a69:0x115a2d,7449204
v1,1790758529969079,UNSAT,113,10728d70e0641a69:0x115a2d,7449317
v1,1790758529969148,SAT,57,10728d70e0641a69:0x115a2d,7449374
v1,1790758529969383,UNSAT,91,10728d70e0641a69:0x115a2d,7449465
v1,1790758529969474,SAT,56,10728d70e0641a69:0x115a2d,7449521
v1,1790758529969670,SAT,60,10728d70e0641a69:0x115a2d,7449581
v1,1790758529973416,SAT,3255,10728d70e0641a69:0x115a2d,7452836
v1,1790758529976581,SAT,43,10728d70e0641a69:0x115a2d,7452879
v1,1790758529976925,UNSAT,117,10728d70e0641a69:0x115a2d,7452996
v1,1790758529976968,SAT,29,10728d70e0641a69:0x115a2d,7453025
v1,1790758529977204,UNSAT,97,10728d70e0641a69:0x115a2d,7453122
v1,1790758529977349,SAT,85,10728d70e0641a69:0x115a2d,7453207
v1,1790758529977560,SAT,69,10728d70e0641a69:0x115a2d,7453276
v1,1790758529982993,SAT,4888,10728d70e0641a69:0x115a2d,7458164
v1,1790758529987613,SAT,49,10728d70e0641a69:0x115a2d,7458213
v1,1790758529987936,UNSAT,115,10728d70e0641a69:0x115a2d,7458328
v1,1790758529987973,SAT,22,10728d70e0641a69:0x115a2d,7458350
v1,1790758529988211,UNSAT,95,10728d70e0641a69:0x115a2d,7458445
v1,1790758529988324,SAT,78,10728d70e0641a69:0x115a2d,7458523
v1,1790758529988518,SAT,64,10728d70e0641a69:0x115a2d,7458587
v1,1790758529989145,SAT,354,10728d70e0641a69:0x115a2d,7458941
v1,1790758529989227,SAT,58,10728d70e0641a69:0x115a2d,7458999
v1,1790758529989425,UNSAT,79,10728d70e0641a69:0x115a2d,7459078
v1,1790758529989702,SAT,266,10728d70e0641a69:0x115a2d,7459344
v1,1790758529989880,UNSAT,77,10728d70e0641a69:0x115a2d,7459421
v1,1790758529989950,SAT,56,10728d70e0641a69:0x115a2d,7459477
v1,1790758529990096,SAT,58,10728d70e0641a69:0x115a2d,7459535
v1,1790758529990565,SAT,332,10728d70e0641a69:0x115a2d,7459867
v1,1790758529990612,SAT,21,10728d70e0641a69:0x115a2d,7459888
v1,1790758529990879,UNSAT,117,10728d70e0641a69:0x115a2d,7460005
v1,1790758529990908,SAT,18,10728d70e0641a69:0x115a2d,7460023
v1,1790758529991126,UNSAT,98,10728d70e0641a69:0x115a2d,7460121
v1,1790758529991225,SAT,54,10728d70e0641a69:0x115a2d,7460175
v1,1790758529991443,SAT,69,10728d70e0641a69:0x115a2d,7460244
v1,1790758529991929,SAT,340,10728d70e0641a69:0x115a2d,7460584
v1,1790758529991974,SAT,25,10728d70e0641a69:0x115a2d,7460609
v1,1790758529992146,UNSAT,76,10728d70e0641a69:0x115a2d,7460685
v1,1790758529992178,SAT,23,10728d70e0641a69:0x115a2d,7460708
v1,1790758529992339,UNSAT,65,10728d70e0641a69:0x115a2d,7460773
v1,1790758529992411,SAT,58,10728d70e0641a69:0x115a2d,7460831
v1,1790758529992569,SAT,65,10728d70e0641a69:0x115a2d,7460896
v1,1790758529993025,SAT,333,10728d70e0641a69:0x115a2d,7461229
v1,1790758529993067,SAT,22,10728d70e0641a69:0x115a2d,7461251
v1,1790758529993230,UNSAT,69,10728d70e0641a69:0x115a2d,7461320
v1,1790758529993260,SAT,22,10728d70e0641a69:0x115a2d,7461342
v1,1790758529993410,UNSAT,63,10728d70e0641a69:0x115a2d,7461405
v1,1790758529993475,SAT,52,10728d70e0641a69:0x115a2d,7461457
v1,1790758529993612,SAT,54,10728d70e0641a69:0x115a2d,7461511
v1,1790758529995875,SAT,1771,10728d70e0641a69:0x115a2d,7463282
v1,1790758529997517,SAT,42,10728d70e0641a69:0x115a2d,7463324
v1,1790758529997843,UNSAT,123,10728d70e0641a69:0x115a2d,7463447
v1,1790758529997886,SAT,30,10728d70e0641a69:0x115a2d,7463477
v1,1790758529998143,UNSAT,105,10728d70e0641a69:0x115a2d,7463582
v1,1790758529998253,SAT,61,10728d70e0641a69:0x115a2d,7463643
v1,1790758529998465,SAT,68,10728d70e0641a69:0x115a2d,7463711
v1,1790758530002201,SAT,3232,10728d70e0641a69:0x115a2d,7466943
v1,1790758530005372,SAT,40,10728d70e0641a69:0x115a2d,7466983
v1,1790758530005707,UNSAT,124,10728d70e0641a69:0x115a2d,7467107
v1,1790758530005771,SAT,51,10728d70e0641a69:0x115a2d,7467158
v1,1790758530006027,UNSAT,105,10728d70e0641a69:0x115a2d,7467263
v1,1790758530006139,SAT,64,10728d70e0641a69:0x115a2d,7467327
v1,1790758530006356,SAT,68,10728d70e0641a69:0x115a2d,7467395
v1,1790758530006859,SAT,346,10728d70e0641a69:0x115a2d,7467741
v1,1790758530006904,SAT,23,10728d70e0641a69:0x115a2d,7467764
v1,1790758530007090,UNSAT,82,10728d70e0641a69:0x115a2d,7467846
v1,1790758530007122,SAT,22,10728d70e0641a69:0x115a2d,7467868
v1,1790758530007283,UNSAT,75,10728d70e0641a69:0x115a2d,7467943
v1,1790758530007356,SAT,58,10728d70e0641a69:0x115a2d,7468001
v1,1790758530007526,SAT,61,10728d70e0641a69:0x115a2d,7468062
v1,1790758530012802,SAT,4745,10728d70e0641a69:0x115a2d,7472807
v1,1790758530017451,SAT,45,10728d70e0641a69:0x115a2d,7472852
v1,1790758530017828,UNSAT,135,10728d70e0641a69:0x115a2d,7472987
v1,1790758530017869,SAT,26,10728d70e0641a69:0x115a2d,7473013
v1,1790758530018156,UNSAT,115,10728d70e0641a69:0x115a2d,7473128
v1,1790758530018281,SAT,72,10728d70e0641a69:0x115a2d,7473200
v1,1790758530018492,SAT,63,10728d70e0641a69:0x115a2d,7473263
v1,1790758530019065,SAT,355,10728d70e0641a69:0x115a2d,7473618
v1,1790758530019113,SAT,25,10728d70e0641a69:0x115a2d,7473643
v1,1790758530019307,UNSAT,87,10728d70e0641a69:0x115a2d,7473730
v1,1790758530019346,SAT,28,10728d70e0641a69:0x115a2d,7473758
v1,1790758530019509,UNSAT,70,10728d70e0641a69:0x115a2d,7473828
v1,1790758530019584,SAT,61,10728d70e0641a69:0x115a2d,7473889
v1,1790758530019735,SAT,60,10728d70e0641a69:0x115a2d,7473949
v1,1790758530020246,SAT,330,10728d70e0641a69:0x115a2d,7474279
v1,1790758530020299,SAT,22,10728d70e0641a69:0x115a2d,7474301
v1,1790758530020480,UNSAT,76,10728d70e0641a69:0x115a2d,7474377
v1,1790758530020512,SAT,22,10728d70e0641a69:0x115a2d,7474399
v1,1790758530020665,UNSAT,63,10728d70e0641a69:0x115a2d,7474462
v1,1790758530020737,SAT,57,10728d70e0641a69:0x115a2d,7474519
v1,1790758530020888,SAT,57,10728d70e0641a69:0x115a2d,7474576
v1,1790758530021323,SAT,319,10728d70e0641a69:0x115a2d,7474895
v1,1790758530021372,SAT,29,10728d70e0641a69:0x115a2d,7474924
v1,1790758530021548,UNSAT,72,10728d70e0641a69:0x115a2d,7474996
v1,1790758530021578,SAT,20,10728d70e0641a69:0x115a2d,7475016
v1,1790758530021727,UNSAT,64,10728d70e0641a69:0x115a2d,7475080
v1,1790758530021795,SAT,55,10728d70e0641a69:0x115a2d,7475135
v1,1790758530021942,SAT,63,10728d70e0641a69:0x115a2d,7475198
v1,1790758530022454,SAT,335,10728d70e0641a69:0x115a2d,7475533
v1,1790758530022508,SAT,28,10728d70e0641a69:0x115a2d,7475561
v1,1790758530022753,UNSAT,105,10728d70e0641a69:0x115a2d,7475666
v1,1790758530022784,SAT,21,10728d70e0641a69:0x115a2d,7475687
v1,1790758530022993,UNSAT,98,10728d70e0641a69:0x115a2d,7475785
v1,1790758530023086,SAT,58,10728d70e0641a69:0x115a2d,7475843
v1,1790758530023268,SAT,64,10728d70e0641a69:0x115a2d,7475907
v1,1790758530023735,SAT,332,10728d70e0641a69:0x115a2d,7476239
v1,1790758530023796,SAT,38,10728d70e0641a69:0x115a2d,7476277
v1,1790758530023968,UNSAT,76,10728d70e0641a69:0x115a2d,7476353
v1,1790758530023996,SAT,19,10728d70e0641a69:0x115a2d,7476372
v1,1790758530024151,UNSAT,67,10728d70e0641a69:0x115a2d,7476439
v1,1790758530024222,SAT,56,10728d70e0641a69:0x115a2d,7476495
v1,1790758530024379,SAT,60,10728d70e0641a69:0x115a2d,7476555
v1,1790758530026633,SAT,1780,10728d70e0641a69:0x115a2d,7478335
v1,1790758530028276,SAT,55,10728d70e0641a69:0x115a2d,7478390
v1,1790758530028587,UNSAT,117,10728d70e0641a69:0x115a2d,7478507
v1,1790758530028627,SAT,23,10728d70e0641a69:0x115a2d,7478530
v1,1790758530028857,UNSAT,98,10728d70e0641a69:0x115a2d,7478628
v1,1790758530028951,SAT,57,10728d70e0641a69:0x115a2d,7478685
v1,1790758530029143,SAT,68,10728d70e0641a69:0x115a2d,7478753
v1,1790758530032892,SAT,3293,10728d70e0641a69:0x115a2d,7482046
v1,1790758530037259,SAT,531,10728d70e0641a69:0x115a2d,7482577
v1,1790758530037703,UNSAT,151,10728d70e0641a69:0x115a2d,7482728
v1,1790758530037752,SAT,30,10728d70e0641a69:0x115a2d,7482758
v1,1790758530038445,UNSAT,239,10728d70e0641a69:0x115a2d,7482997
v1,1790758530038552,SAT,63,10728d70e0641a69:0x115a2d,7483060
v1,1790758530038762,SAT,66,10728d70e0641a69:0x115a2d,7483126
v1,1790758530044160,SAT,4801,10728d70e0641a69:0x115a2d,7487927
v1,1790758530048786,SAT,74,10728d70e0641a69:0x115a2d,7488001
v1,1790758530049123,UNSAT,114,10728d70e0641a69:0x115a2d,7488115
v1,1790758530049166,SAT,29,10728d70e0641a69:0x115a2d,7488144
v1,1790758530049409,UNSAT,95,10728d70e0641a69:0x115a2d,7488239
v1,1790758530049507,SAT,62,10728d70e0641a69:0x115a2d,7488301
v1,1790758530049693,SAT,61,10728d70e0641a69:0x115a2d,7488362
v1,1790758530050294,SAT,374,10728d70e0641a69:0x115a2d,7488736
v1,1790758530050344,SAT,26,10728d70e0641a69:0x115a2d,7488762
v1,1790758530050526,UNSAT,74,10728d70e0641a69:0x115a2d,7488836
v1,1790758530050554,SAT,18,10728d70e0641a69:0x115a2d,7488854
v1,1790758530050707,UNSAT,67,10728d70e0641a69:0x115a2d,7488921
v1,1790758530050775,SAT,54,10728d70e0641a69:0x115a2d,7488975
v1,1790758530050927,SAT,62,10728d70e0641a69:0x115a2d,7489037
v1,1790758530051491,SAT,344,10728d70e0641a69:0x115a2d,7489381
v1,1790758530051541,SAT,25,10728d70e0641a69:0x115a2d,7489406
v1,1790758530051725,UNSAT,75,10728d70e0641a69:0x115a2d,7489481
v1,1790758530051761,SAT,26,10728d70e0641a69:0x115a2d,7489507
v1,1790758530051922,UNSAT,68,10728d70e0641a69:0x115a2d,7489575
v1,1790758530051991,SAT,55,10728d70e0641a69:0x115a2d,7489630
v1,1790758530052137,SAT,60,10728d70e0641a69:0x115a2d,7489690
v1,1790758530052593,SAT,330,10728d70e0641a69:0x115a2d,7490020
v1,1790758530052666,SAT,48,10728d70e0641a69:0x115a2d,7490068
v1,1790758530052905,UNSAT,99,10728d70e0641a69:0x115a2d,7490167
v1,1790758530052967,SAT,51,10728d70e0641a69:0x115a2d,7490218
v1,1790758530053174,UNSAT,86,10728d70e0641a69:0x115a2d,7490304
v1,1790758530053270,SAT,61,10728d70e0641a69:0x115a2d,7490365
v1,1790758530053478,SAT,68,10728d70e0641a69:0x115a2d,7490433
v1,1790758530053944,SAT,336,10728d70e0641a69:0x115a2d,7490769
v1,1790758530053994,SAT,27,10728d70e0641a69:0x115a2d,7490796
v1,1790758530054169,UNSAT,74,10728d70e0641a69:0x115a2d,7490870
v1,1790758530054200,SAT,22,10728d70e0641a69:0x115a2d,7490892
v1,1790758530054364,UNSAT,72,10728d70e0641a69:0x115a2d,7490964
v1,1790758530054434,SAT,55,10728d70e0641a69:0x115a2d,7491019
v1,1790758530054580,SAT,58,10728d70e0641a69:0x115a2d,7491077
v1,1790758530055022,SAT,320,10728d70e0641a69:0x115a2d,7491397
v1,1790758530055069,SAT,28,10728d70e0641a69:0x115a2d,7491425
v1,1790758530055230,UNSAT,66,10728d70e0641a69:0x115a2d,7491491
v1,1790758530055272,SAT,33,10728d70e0641a69:0x115a2d,7491524
v1,1790758530055424,UNSAT,61,10728d70e0641a69:0x115a2d,7491585
v1,1790758530055506,SAT,66,10728d70e0641a69:0x115a2d,7491651
v1,1790758530055656,SAT,61,10728d70e0641a69:0x115a2d,7491712
v1,1790758530057858,SAT,1761,10728d70e0641a69:0x115a2d,7493473
v1,1790758530059492,SAT,32,10728d70e0641a69:0x115a2d,7493505
v1,1790758530059808,UNSAT,104,10728d70e0641a69:0x115a2d,7493609
v1,1790758530059848,SAT,25,10728d70e0641a69:0x115a2d,7493634
v1,1790758530060091,UNSAT,97,10728d70e0641a69:0x115a2d,7493731
v1,1790758530060183,SAT,57,10728d70e0641a69:0x115a2d,7493788
v1,1790758530060384,SAT,70,10728d70e0641a69:0x115a2d,7493858
v1,1790758530064145,SAT,3272,10728d70e0641a69:0x115a2d,7497130
v1,1790758530067367,SAT,45,10728d70e0641a69:0x115a2d,7497175
v1,1790758530067694,UNSAT,112,10728d70e0641a69:0x115a2d,7497287
v1,1790758530067736,SAT,27,10728d70e0641a69:0x115a2d,7497314
v1,1790758530067980,UNSAT,98,10728d70e0641a69:0x115a2d,7497412
v1,1790758530068071,SAT,56,10728d70e0641a69:0x115a2d,7497468
v1,1790758530068263,SAT,65,10728d70e0641a69:0x115a2d,7497533
v1,1790758530073602,SAT,4802,10728d70e0641a69:0x115a2d,7502335
v1,1790758530078214,SAT,45,10728d70e0641a69:0x115a2d,7502380
v1,1790758530078575,UNSAT,119,10728d70e0641a69:0x115a2d,7502499
v1,1790758530078614,SAT,24,10728d70e0641a69:0x115a2d,7502523
v1,1790758530078857,UNSAT,94,10728d70e0641a69:0x115a2d,7502617
v1,1790758530078948,SAT,56,10728d70e0641a69:0x115a2d,7502673
v1,1790758530079139,SAT,63,10728d70e0641a69:0x115a2d,7502736
v1,1790758530079721,SAT,354,10728d70e0641a69:0x115a2d,7503090
v1,1790758530079771,SAT,25,10728d70e0641a69:0x115a2d,7503115
v1,1790758530079949,UNSAT,72,10728d70e0641a69:0x115a2d,7503187
v1,1790758530079975,SAT,17,10728d70e0641a69:0x115a2d,7503204
v1,1790758530080151,UNSAT,73,10728d70e0641a69:0x115a2d,7503277
v1,1790758530080219,SAT,54,10728d70e0641a69:0x115a2d,7503331
v1,1790758530080371,SAT,56,10728d70e0641a69:0x115a2d,7503387
v1,1790758530080828,SAT,323,10728d70e0641a69:0x115a2d,7503710
v1,1790758530080874,SAT,26,10728d70e0641a69:0x115a2d,7503736
v1,1790758530081045,UNSAT,70,10728d70e0641a69:0x115a2d,7503806
v1,1790758530081070,SAT,17,10728d70e0641a69:0x115a2d,7503823
v1,1790758530081211,UNSAT,59,10728d70e0641a69:0x115a2d,7503882
v1,1790758530081279,SAT,55,10728d70e0641a69:0x115a2d,7503937
v1,1790758530081429,SAT,55,10728d70e0641a69:0x115a2d,7503992
v1,1790758530081976,SAT,317,10728d70e0641a69:0x115a2d,7504309
v1,1790758530082031,SAT,25,10728d70e0641a69:0x115a2d,7504334
v1,1790758530082313,UNSAT,116,10728d70e0641a69:0x115a2d,7504450
v1,1790758530082342,SAT,18,10728d70e0641a69:0x115a2d,7504468
v1,1790758530082576,UNSAT,97,10728d70e0641a69:0x115a2d,7504565
v1,1790758530082679,SAT,54,10728d70e0641a69:0x115a2d,7504619
v1,1790758530082855,SAT,55,10728d70e0641a69:0x115a2d,7504674
v1,1790758530083355,SAT,330,10728d70e0641a69:0x115a2d,7505004
v1,1790758530083410,SAT,31,10728d70e0641a69:0x115a2d,7505035
v1,1790758530083597,UNSAT,77,10728d70e0641a69:0x115a2d,7505112
v1,1790758530083652,SAT,45,10728d70e0641a69:0x115a2d,7505157
v1,1790758530083806,UNSAT,64,10728d70e0641a69:0x115a2d,7505221
v1,1790758530083874,SAT,54,10728d70e0641a69:0x115a2d,7505275
v1,1790758530084019,SAT,55,10728d70e0641a69:0x115a2d,7505330
v1,1790758530086146,SAT,1748,10728d70e0641a69:0x115a2d,7507078
v1,1790758530087785,SAT,32,10728d70e0641a69:0x115a2d,7507110
v1,1790758530088094,UNSAT,117,10728d70e0641a69:0x115a2d,7507227
v1,1790758530088127,SAT,20,10728d70e0641a69:0x115a2d,7507247
v1,1790758530088392,UNSAT,108,10728d70e0641a69:0x115a2d,7507355
v1,1790758530088497,SAT,57,10728d70e0641a69:0x115a2d,7507412
v1,1790758530088692,SAT,58,10728d70e0641a69:0x115a2d,7507470
v1,1790758530089226,SAT,338,10728d70e0641a69:0x115a2d,7507808
v1,1790758530089298,SAT,47,10728d70e0641a69:0x115a2d,7507855
v1,1790758530089482,UNSAT,74,10728d70e0641a69:0x115a2d,7507929
v1,1790758530089513,SAT,21,10728d70e0641a69:0x115a2d,7507950
v1,1790758530089668,UNSAT,65,10728d70e0641a69:0x115a2d,7508015
v1,1790758530089734,SAT,52,10728d70e0641a69:0x115a2d,7508067
v1,1790758530089878,SAT,55,10728d70e0641a69:0x115a2d,7508122
v1,1790758530093954,SAT,3615,10728d70e0641a69:0x115a2d,7511737
v1,1790758530097117,SAT,50,10728d70e0641a69:0x115a2d,7511787
v1,1790758530097513,UNSAT,144,10728d70e0641a69:0x115a2d,7511931
v1,1790758530097564,SAT,33,10728d70e0641a69:0x115a2d,7511964
v1,1790758530097847,UNSAT,111,10728d70e0641a69:0x115a2d,7512075
v1,1790758530097957,SAT,62,10728d70e0641a69:0x115a2d,7512137
v1,1790758530098178,SAT,62,10728d70e0641a69:0x115a2d,7512199
v1,1790758530103575,SAT,4812,10728d70e0641a69:0x115a2d,7517011
v1,1790758530108246,SAT,48,10728d70e0641a69:0x115a2d,7517059
v1,1790758530108648,UNSAT,139,10728d70e0641a69:0x115a2d,7517198
v1,1790758530108695,SAT,31,10728d70e0641a69:0x115a2d,7517229
v1,1790758530108986,UNSAT,118,10728d70e0641a69:0x115a2d,7517347
v1,1790758530109094,SAT,61,10728d70e0641a69:0x115a2d,7517408
v1,1790758530109307,SAT,67,10728d70e0641a69:0x115a2d,7517475
v1,1790758530109976,SAT,354,10728d70e0641a69:0x115a2d,7517829
v1,1790758530110033,SAT,33,10728d70e0641a69:0x115a2d,7517862
v1,1790758530110236,UNSAT,81,10728d70e0641a69:0x115a2d,7517943
v1,1790758530110269,SAT,24,10728d70e0641a69:0x115a2d,7517967
v1,1790758530110435,UNSAT,69,10728d70e0641a69:0x115a2d,7518036
v1,1790758530110507,SAT,56,10728d70e0641a69:0x115a2d,7518092
v1,1790758530110675,SAT,62,10728d70e0641a69:0x115a2d,7518154
v1,1790758530111136,SAT,331,10728d70e0641a69:0x115a2d,7518485
v1,1790758530111192,SAT,35,10728d70e0641a69:0x115a2d,7518520
v1,1790758530111368,UNSAT,72,10728d70e0641a69:0x115a2d,7518592
v1,1790758530111411,SAT,34,10728d70e0641a69:0x115a2d,7518626
v1,1790758530111562,UNSAT,66,10728d70e0641a69:0x115a2d,7518692
v1,1790758530111639,SAT,64,10728d70e0641a69:0x115a2d,7518756
v1,1790758530111786,SAT,64,10728d70e0641a69:0x115a2d,7518820
v1,1790758530112246,SAT,327,10728d70e0641a69:0x115a2d,7519147
v1,1790758530112296,SAT,24,10728d70e0641a69:0x115a2d,7519171
v1,1790758530112476,UNSAT,79,10728d70e0641a69:0x115a2d,7519250
v1,1790758530112506,SAT,19,10728d70e0641a69:0x115a2d,7519269
v1,1790758530112660,UNSAT,67,10728d70e0641a69:0x115a2d,7519336
v1,1790758530112733,SAT,55,10728d70e0641a69:0x115a2d,7519391
v1,1790758530112895,SAT,64,10728d70e0641a69:0x115a2d,7519455
v1,1790758530113702,SAT,332,10728d70e0641a69:0x115a2d,7519787
v1,1790758530113756,SAT,25,10728d70e0641a69:0x115a2d,7519812
v1,1790758530114024,UNSAT,105,10728d70e0641a69:0x115a2d,7519917
v1,1790758530114054,SAT,19,10728d70e0641a69:0x115a2d,7519936
v1,1790758530114290,UNSAT,96,10728d70e0641a69:0x115a2d,7520032
v1,1790758530114386,SAT,56,10728d70e0641a69:0x115a2d,7520088
v1,1790758530114571,SAT,64,10728d70e0641a69:0x115a2d,7520152
v1,1790758530115048,SAT,346,10728d70e0641a69:0x115a2d,7520498
v1,1790758530115098,SAT,25,10728d70e0641a69:0x115a2d,7520523
v1,1790758530115288,UNSAT,78,10728d70e0641a69:0x115a2d,7520601
v1,1790758530115318,SAT,19,10728d70e0641a69:0x115a2d,7520620
v1,1790758530115477,UNSAT,64,10728d70e0641a69:0x115a2d,7520684
v1,1790758530115546,SAT,54,10728d70e0641a69:0x115a2d,7520738
v1,1790758530115691,SAT,62,10728d70e0641a69:0x115a2d,7520800
v1,1790758530117895,SAT,1763,10728d70e0641a69:0x115a2d,7522563
v1,1790758530119557,SAT,43,10728d70e0641a69:0x115a2d,7522606
v1,1790758530119887,UNSAT,114,10728d70e0641a69:0x115a2d,7522720
v1,1790758530119925,SAT,25,10728d70e0641a69:0x115a2d,7522745
v1,1790758530120194,UNSAT,110,10728d70e0641a69:0x115a2d,7522855
v1,1790758530120296,SAT,61,10728d70e0641a69:0x115a2d,7522916
v1,1790758530120503,SAT,68,10728d70e0641a69:0x115a2d,7522984
v1,1790758530124331,SAT,3319,10728d70e0641a69:0x115a2d,7526303
v1,1790758530127529,SAT,70,10728d70e0641a69:0x115a2d,7526373
v1,1790758530127887,UNSAT,128,10728d70e0641a69:0x115a2d,7526501
v1,1790758530127927,SAT,25,10728d70e0641a69:0x115a2d,7526526
v1,1790758530128183,UNSAT,102,10728d70e0641a69:0x115a2d,7526628
v1,1790758530128334,SAT,110,10728d70e0641a69:0x115a2d,7526738
v1,1790758530128544,SAT,67,10728d70e0641a69:0x115a2d,7526805
v1,1790758530133917,SAT,4798,10728d70e0641a69:0x115a2d,7531603
v1,1790758530138614,SAT,53,10728d70e0641a69:0x115a2d,7531656
v1,1790758530138979,UNSAT,124,10728d70e0641a69:0x115a2d,7531780
v1,1790758530139015,SAT,21,10728d70e0641a69:0x115a2d,7531801
v1,1790758530139279,UNSAT,104,10728d70e0641a69:0x115a2d,7531905
v1,1790758530139387,SAT,67,10728d70e0641a69:0x115a2d,7531972
v1,1790758530139613,SAT,71,10728d70e0641a69:0x115a2d,7532043
v1,1790758530140263,SAT,367,10728d70e0641a69:0x115a2d,7532410
v1,1790758530140317,SAT,29,10728d70e0641a69:0x115a2d,7532439
v1,1790758530140504,UNSAT,76,10728d70e0641a69:0x115a2d,7532515
v1,1790758530140537,SAT,24,10728d70e0641a69:0x115a2d,7532539
v1,1790758530140713,UNSAT,66,10728d70e0641a69:0x115a2d,7532605
v1,1790758530140783,SAT,55,10728d70e0641a69:0x115a2d,7532660
v1,1790758530140924,SAT,54,10728d70e0641a69:0x115a2d,7532714
v1,1790758530141390,SAT,337,10728d70e0641a69:0x115a2d,7533051
v1,1790758530141441,SAT,24,10728d70e0641a69:0x115a2d,7533075
v1,1790758530141714,UNSAT,111,10728d70e0641a69:0x115a2d,7533186
v1,1790758530141744,SAT,19,10728d70e0641a69:0x115a2d,7533205
v1,1790758530141976,UNSAT,98,10728d70e0641a69:0x115a2d,7533303
v1,1790758530142076,SAT,54,10728d70e0641a69:0x115a2d,7533357
v1,1790758530142283,SAT,70,10728d70e0641a69:0x115a2d,7533427
v1,1790758530142771,SAT,346,10728d70e0641a69:0x115a2d,7533773
v1,1790758530142823,SAT,30,10728d70e0641a69:0x115a2d,7533803
v1,1790758530143002,UNSAT,79,10728d70e0641a69:0x115a2d,7533882
v1,1790758530143061,SAT,48,10728d70e0641a69:0x115a2d,7533930
v1,1790758530143225,UNSAT,71,10728d70e0641a69:0x115a2d,7534001
v1,1790758530143303,SAT,63,10728d70e0641a69:0x115a2d,7534064
v1,1790758530143451,SAT,59,10728d70e0641a69:0x115a2d,7534123
v1,1790758530143913,SAT,333,10728d70e0641a69:0x115a2d,7534456
v1,1790758530143964,SAT,29,10728d70e0641a69:0x115a2d,7534485
v1,1790758530144130,UNSAT,73,10728d70e0641a69:0x115a2d,7534558
v1,1790758530144163,SAT,24,10728d70e0641a69:0x115a2d,7534582
v1,1790758530144320,UNSAT,66,10728d70e0641a69:0x115a2d,7534648
v1,1790758530144397,SAT,62,10728d70e0641a69:0x115a2d,7534710
v1,1790758530144547,SAT,56,10728d70e0641a69:0x115a2d,7534766
v1,1790758530146790,SAT,1743,10728d70e0641a69:0x115a2d,7536509
v1,1790758530148421,SAT,36,10728d70e0641a69:0x115a2d,7536545
v1,1790758530148750,UNSAT,124,10728d70e0641a69:0x115a2d,7536669
v1,1790758530148788,SAT,25,10728d70e0641a69:0x115a2d,7536694
v1,1790758530149055,UNSAT,112,10728d70e0641a69:0x115a2d,7536806
v1,1790758530149163,SAT,60,10728d70e0641a69:0x115a2d,7536866
v1,1790758530149365,SAT,64,10728d70e0641a69:0x115a2d,7536930
v1,1790758530153134,SAT,3249,10728d70e0641a69:0x115a2d,7540179
v1,1790758530156338,SAT,42,10728d70e0641a69:0x115a2d,7540221
v1,1790758530156686,UNSAT,120,10728d70e0641a69:0x115a2d,7540341
v1,1790758530156734,SAT,31,10728d70e0641a69:0x115a2d,7540372
v1,1790758530157011,UNSAT,108,10728d70e0641a69:0x115a2d,7540480
v1,1790758530157123,SAT,66,10728d70e0641a69:0x115a2d,7540546
v1,1790758530157325,SAT,61,10728d70e0641a69:0x115a2d,7540607
v1,1790758530157850,SAT,362,10728d70e0641a69:0x115a2d,7540969
v1,1790758530157904,SAT,29,10728d70e0641a69:0x115a2d,7540998
v1,1790758530158094,UNSAT,79,10728d70e0641a69:0x115a2d,7541077
v1,1790758530158128,SAT,24,10728d70e0641a69:0x115a2d,7541101
v1,1790758530158300,UNSAT,79,10728d70e0641a69:0x115a2d,7541180
v1,1790758530158374,SAT,59,10728d70e0641a69:0x115a2d,7541239
v1,1790758530158538,SAT,60,10728d70e0641a69:0x115a2d,7541299
v1,1790758530163845,SAT,4758,10728d70e0641a69:0x115a2d,7546057
v1,1790758530168502,SAT,46,10728d70e0641a69:0x115a2d,7546103
v1,1790758530168866,UNSAT,123,10728d70e0641a69:0x115a2d,7546226
v1,1790758530168908,SAT,25,10728d70e0641a69:0x115a2d,7546251
v1,1790758530169178,UNSAT,106,10728d70e0641a69:0x115a2d,7546357
v1,1790758530169303,SAT,79,10728d70e0641a69:0x115a2d,7546436
v1,1790758530169517,SAT,64,10728d70e0641a69:0x115a2d,7546500
v1,1790758530170100,SAT,353,10728d70e0641a69:0x115a2d,7546853
v1,1790758530170146,SAT,23,10728d70e0641a69:0x115a2d,7546876
v1,1790758530170324,UNSAT,72,10728d70e0641a69:0x115a2d,7546948
v1,1790758530170365,SAT,31,10728d70e0641a69:0x115a2d,7546979
v1,1790758530170520,UNSAT,67,10728d70e0641a69:0x115a2d,7547046
v1,1790758530170593,SAT,57,10728d70e0641a69:0x115a2d,7547103
v1,1790758530170743,SAT,60,10728d70e0641a69:0x115a2d,7547163
v1,1790758530171268,SAT,347,10728d70e0641a69:0x115a2d,7547510
v1,1790758530171310,SAT,22,10728d70e0641a69:0x115a2d,7547532
v1,1790758530171478,UNSAT,72,10728d70e0641a69:0x115a2d,7547604
v1,1790758530171505,SAT,18,10728d70e0641a69:0x115a2d,7547622
v1,1790758530171654,UNSAT,64,10728d70e0641a69:0x115a2d,7547686
v1,1790758530171721,SAT,54,10728d70e0641a69:0x115a2d,7547740
v1,1790758530171857,SAT,54,10728d70e0641a69:0x115a2d,7547794
v1,1790758530172296,SAT,316,10728d70e0641a69:0x115a2d,7548110
v1,1790758530172337,SAT,22,10728d70e0641a69:0x115a2d,7548132
v1,1790758530172501,UNSAT,67,10728d70e0641a69:0x115a2d,7548199
v1,1790758530172528,SAT,19,10728d70e0641a69:0x115a2d,7548218
v1,1790758530172668,UNSAT,59,10728d70e0641a69:0x115a2d,7548277
v1,1790758530172736,SAT,54,10728d70e0641a69:0x115a2d,7548331
v1,1790758530172892,SAT,67,10728d70e0641a69:0x115a2d,7548398
v1,1790758530173392,SAT,334,10728d70e0641a69:0x115a2d,7548732
v1,1790758530173444,SAT,27,10728d70e0641a69:0x115a2d,7548759
v1,1790758530173714,UNSAT,111,10728d70e0641a69:0x115a2d,7548870
v1,1790758530173750,SAT,26,10728d70e0641a69:0x115a2d,7548896
v1,1790758530173989,UNSAT,110,10728d70e0641a69:0x115a2d,7549006
v1,1790758530174095,SAT,58,10728d70e0641a69:0x115a2d,7549064
v1,1790758530174294,SAT,65,10728d70e0641a69:0x115a2d,7549129
v1,1790758530174746,SAT,329,10728d70e0641a69:0x115a2d,7549458
v1,1790758530174790,SAT,24,10728d70e0641a69:0x115a2d,7549482
v1,1790758530174956,UNSAT,74,10728d70e0641a69:0x115a2d,7549556
v1,1790758530174986,SAT,21,10728d70e0641a69:0x115a2d,7549577
v1,1790758530175166,UNSAT,67,10728d70e0641a69:0x115a2d,7549644
v1,1790758530175241,SAT,58,10728d70e0641a69:0x115a2d,7549702
v1,1790758530175398,SAT,61,10728d70e0641a69:0x115a2d,7549763
v1,1790758530177615,SAT,1743,10728d70e0641a69:0x115a2d,7551506
v1,1790758530179290,SAT,68,10728d70e0641a69:0x115a2d,7551574
v1,1790758530179612,UNSAT,120,10728d70e0641a69:0x115a2d,7551694
v1,1790758530179651,SAT,27,10728d70e0641a69:0x115a2d,7551721
v1,1790758530179970,UNSAT,111,10728d70e0641a69:0x115a2d,7551832
v1,1790758530180112,SAT,91,10728d70e0641a69:0x115a2d,7551923
v1,1790758530180389,SAT,80,10728d70e0641a69:0x115a2d,7552003
v1,1790758530184427,SAT,3466,10728d70e0641a69:0x115a2d,7555469
v1,1790758530187591,SAT,65,10728d70e0641a69:0x115a2d,7555534
v1,1790758530187958,UNSAT,132,10728d70e0641a69:0x115a2d,7555666
v1,1790758530188006,SAT,33,10728d70e0641a69:0x115a2d,7555699
v1,1790758530188336,UNSAT,132,10728d70e0641a69:0x115a2d,7555831
v1,1790758530188445,SAT,60,10728d70e0641a69:0x115a2d,7555891
v1,1790758530188651,SAT,67,10728d70e0641a69:0x115a2d,7555958
v1,1790758530194017,SAT,4798,10728d70e0641a69:0x115a2d,7560756
v1,1790758530198667,SAT,53,10728d70e0641a69:0x115a2d,7560809
v1,1790758530199043,UNSAT,132,10728d70e0641a69:0x115a2d,7560941
v1,1790758530199082,SAT,25,10728d70e0641a69:0x115a2d,7560966
v1,1790758530199353,UNSAT,108,10728d70e0641a69:0x115a2d,7561074
v1,1790758530199456,SAT,59,10728d70e0641a69:0x115a2d,7561133
v1,1790758530199662,SAT,68,10728d70e0641a69:0x115a2d,7561201
v1,1790758530200253,SAT,354,10728d70e0641a69:0x115a2d,7561555
v1,1790758530200304,SAT,26,10728d70e0641a69:0x115a2d,7561581
v1,1790758530200492,UNSAT,74,10728d70e0641a69:0x115a2d,7561655
v1,1790758530200522,SAT,20,10728d70e0641a69:0x115a2d,7561675
v1,1790758530200681,UNSAT,63,10728d70e0641a69:0x115a2d,7561738
v1,1790758530200756,SAT,60,10728d70e0641a69:0x115a2d,7561798
v1,1790758530200901,SAT,58,10728d70e0641a69:0x115a2d,7561856
v1,1790758530201468,SAT,344,10728d70e0641a69:0x115a2d,7562200
v1,1790758530201514,SAT,23,10728d70e0641a69:0x115a2d,7562223
v1,1790758530201703,UNSAT,88,10728d70e0641a69:0x115a2d,7562311
v1,1790758530201740,SAT,26,10728d70e0641a69:0x115a2d,7562337
v1,1790758530201908,UNSAT,70,10728d70e0641a69:0x115a2d,7562407
v1,1790758530201978,SAT,54,10728d70e0641a69:0x115a2d,7562461
v1,1790758530202129,SAT,61,10728d70e0641a69:0x115a2d,7562522
v1,1790758530202602,SAT,345,10728d70e0641a69:0x115a2d,7562867
v1,1790758530202677,SAT,47,10728d70e0641a69:0x115a2d,7562914
v1,1790758530202939,UNSAT,104,10728d70e0641a69:0x115a2d,7563018
v1,1790758530202980,SAT,31,10728d70e0641a69:0x115a2d,7563049
v1,1790758530203253,UNSAT,106,10728d70e0641a69:0x115a2d,7563155
v1,1790758530203362,SAT,64,10728d70e0641a69:0x115a2d,7563219
v1,1790758530203586,SAT,73,10728d70e0641a69:0x115a2d,7563292
v1,1790758530204062,SAT,339,10728d70e0641a69:0x115a2d,7563631
v1,1790758530204110,SAT,26,10728d70e0641a69:0x115a2d,7563657
v1,1790758530204290,UNSAT,74,10728d70e0641a69:0x115a2d,7563731
v1,1790758530204323,SAT,24,10728d70e0641a69:0x115a2d,7563755
v1,1790758530204495,UNSAT,73,10728d70e0641a69:0x115a2d,7563828
v1,1790758530204570,SAT,55,10728d70e0641a69:0x115a2d,7563883
v1,1790758530204729,SAT,60,10728d70e0641a69:0x115a2d,7563943
v1,1790758530205219,SAT,356,10728d70e0641a69:0x115a2d,7564299
v1,1790758530205296,SAT,51,10728d70e0641a69:0x115a2d,7564350
v1,1790758530205535,UNSAT,105,10728d70e0641a69:0x115a2d,7564455
v1,1790758530205575,SAT,26,10728d70e0641a69:0x115a2d,7564481
v1,1790758530205764,UNSAT,70,10728d70e0641a69:0x115a2d,7564551
v1,1790758530205873,SAT,88,10728d70e0641a69:0x115a2d,7564639
v1,1790758530206059,SAT,79,10728d70e0641a69:0x115a2d,7564718
v1,1790758530208372,SAT,1778,10728d70e0641a69:0x115a2d,7566496
v1,1790758530210014,SAT,40,10728d70e0641a69:0x115a2d,7566536
v1,1790758530210344,UNSAT,119,10728d70e0641a69:0x115a2d,7566655
v1,1790758530210382,SAT,24,10728d70e0641a69:0x115a2d,7566679
v1,1790758530210639,UNSAT,105,10728d70e0641a69:0x115a2d,7566784
v1,1790758530210744,SAT,61,10728d70e0641a69:0x115a2d,7566845
v1,1790758530210939,SAT,62,10728d70e0641a69:0x115a2d,7566907
v1,1790758530214752,SAT,3300,10728d70e0641a69:0x115a2d,7570207
v1,1790758530217938,SAT,57,10728d70e0641a69:0x115a2d,7570264
v1,1790758530218273,UNSAT,119,10728d70e0641a69:0x115a2d,7570383
v1,1790758530218315,SAT,28,10728d70e0641a69:0x115a2d,7570411
v1,1790758530218582,UNSAT,101,10728d70e0641a69:0x115a2d,7570512
v1,1790758530218684,SAT,58,10728d70e0641a69:0x115a2d,7570570
v1,1790758530218902,SAT,70,10728d70e0641a69:0x115a2d,7570640
v1,1790758530224292,SAT,4806,10728d70e0641a69:0x115a2d,7575446
v1,1790758530228973,SAT,52,10728d70e0641a69:0x115a2d,7575498
v1,1790758530229346,UNSAT,136,10728d70e0641a69:0x115a2d,7575634
v1,1790758530229392,SAT,30,10728d70e0641a69:0x115a2d,7575664
v1,1790758530229681,UNSAT,120,10728d70e0641a69:0x115a2d,7575784
v1,1790758530229795,SAT,67,10728d70e0641a69:0x115a2d,7575851
v1,1790758530230019,SAT,81,10728d70e0641a69:0x115a2d,7575932
v1,1790758530230627,SAT,367,10728d70e0641a69:0x115a2d,7576299
v1,1790758530230677,SAT,26,10728d70e0641a69:0x115a2d,7576325
v1,1790758530230857,UNSAT,72,10728d70e0641a69:0x115a2d,7576397
v1,1790758530230892,SAT,23,10728d70e0641a69:0x115a2d,7576420
v1,1790758530231050,UNSAT,63,10728d70e0641a69:0x115a2d,7576483
v1,1790758530231118,SAT,54,10728d70e0641a69:0x115a2d,7576537
v1,1790758530231296,SAT,66,10728d70e0641a69:0x115a2d,7576603
v1,1790758530231767,SAT,340,10728d70e0641a69:0x115a2d,7576943
v1,1790758530231821,SAT,33,10728d70e0641a69:0x115a2d,7576976
v1,1790758530231994,UNSAT,75,10728d70e0641a69:0x115a2d,7577051
v1,1790758530232022,SAT,19,10728d70e0641a69:0x115a2d,7577070
v1,1790758530232168,UNSAT,62,10728d70e0641a69:0x115a2d,7577132
v1,1790758530232238,SAT,56,10728d70e0641a69:0x115a2d,7577188
v1,1790758530232406,SAT,57,10728d70e0641a69:0x115a2d,7577245
v1,1790758530232973,SAT,336,10728d70e0641a69:0x115a2d,7577581
v1,1790758530233026,SAT,23,10728d70e0641a69:0x115a2d,7577604
v1,1790758530233287,UNSAT,111,10728d70e0641a69:0x115a2d,7577715
v1,1790758530233320,SAT,22,10728d70e0641a69:0x115a2d,7577737
v1,1790758530233990,UNSAT,537,10728d70e0641a69:0x115a2d,7578274
v1,1790758530234088,SAT,57,10728d70e0641a69:0x115a2d,7578331
v1,1790758530234286,SAT,73,10728d70e0641a69:0x115a2d,7578404
v1,1790758530234997,SAT,514,10728d70e0641a69:0x115a2d,7578918
v1,1790758530235053,SAT,26,10728d70e0641a69:0x115a2d,7578944
v1,1790758530235267,UNSAT,88,10728d70e0641a69:0x115a2d,7579032
v1,1790758530235299,SAT,20,10728d70e0641a69:0x115a2d,7579052
v1,1790758530235482,UNSAT,86,10728d70e0641a69:0x115a2d,7579138
v1,1790758530235585,SAT,80,10728d70e0641a69:0x115a2d,7579218
v1,1790758530235786,SAT,77,10728d70e0641a69:0x115a2d,7579295
v1,1790758530238118,SAT,1902,10728d70e0641a69:0x115a2d,7581197
v1,1790758530239848,SAT,80,10728d70e0641a69:0x115a2d,7581277
v1,1790758530240203,UNSAT,122,10728d70e0641a69:0x115a2d,7581399
v1,1790758530240245,SAT,28,10728d70e0641a69:0x115a2d,7581427
v1,1790758530240501,UNSAT,99,10728d70e0641a69:0x115a2d,7581526
v1,1790758530240605,SAT,61,10728d70e0641a69:0x115a2d,7581587
v1,1790758530240800,SAT,67,10728d70e0641a69:0x115a2d,7581654
v1,1790758530241368,SAT,359,10728d70e0641a69:0x115a2d,7582013
v1,1790758530241419,SAT,26,10728d70e0641a69:0x115a2d,7582039
v1,1790758530241608,UNSAT,75,10728d70e0641a69:0x115a2d,7582114
v1,1790758530241645,SAT,27,10728d70e0641a69:0x115a2d,7582141
v1,1790758530241805,UNSAT,71,10728d70e0641a69:0x115a2d,7582212
v1,1790758530241877,SAT,57,10728d70e0641a69:0x115a2d,7582269
v1,1790758530242025,SAT,58,10728d70e0641a69:0x115a2d,7582327
v1,1790758530245754,SAT,3290,10728d70e0641a69:0x115a2d,7585617
v1,1790758530248973,SAT,71,10728d70e0641a69:0x115a2d,7585688
v1,1790758530249332,UNSAT,127,10728d70e0641a69:0x115a2d,7585815
v1,1790758530249377,SAT,30,10728d70e0641a69:0x115a2d,7585845
v1,1790758530249653,UNSAT,106,10728d70e0641a69:0x115a2d,7585951
v1,1790758530249754,SAT,60,10728d70e0641a69:0x115a2d,7586011
v1,1790758530249953,SAT,61,10728d70e0641a69:0x115a2d,7586072
v1,1790758530255229,SAT,4777,10728d70e0641a69:0x115a2d,7590849
v1,1790758530259884,SAT,70,10728d70e0641a69:0x115a2d,7590919
v1,1790758530260220,UNSAT,117,10728d70e0641a69:0x115a2d,7591036
v1,1790758530260256,SAT,23,10728d70e0641a69:0x115a2d,7591059
v1,1790758530260505,UNSAT,97,10728d70e0641a69:0x115a2d,7591156
v1,1790758530260607,SAT,62,10728d70e0641a69:0x115a2d,7591218
v1,1790758530260807,SAT,66,10728d70e0641a69:0x115a2d,7591284
v1,1790758530261474,SAT,352,10728d70e0641a69:0x115a2d,7591636
v1,1790758530261518,SAT,22,10728d70e0641a69:0x115a2d,7591658
v1,1790758530261705,UNSAT,78,10728d70e0641a69:0x115a2d,7591736
v1,1790758530261774,SAT,58,10728d70e0641a69:0x115a2d,7591794
v1,1790758530261927,UNSAT,64,10728d70e0641a69:0x115a2d,7591858
v1,1790758530261993,SAT,53,10728d70e0641a69:0x115a2d,7591911
v1,1790758530262142,SAT,54,10728d70e0641a69:0x115a2d,7591965
v1,1790758530262612,SAT,329,10728d70e0641a69:0x115a2d,7592294
v1,1790758530262654,SAT,22,10728d70e0641a69:0x115a2d,7592316
v1,1790758530262832,UNSAT,69,10728d70e0641a69:0x115a2d,7592385
v1,1790758530262860,SAT,20,10728d70e0641a69:0x115a2d,7592405
v1,1790758530263007,UNSAT,62,10728d70e0641a69:0x115a2d,7592467
v1,1790758530263072,SAT,52,10728d70e0641a69:0x115a2d,7592519
v1,1790758530263220,SAT,62,10728d70e0641a69:0x115a2d,7592581
v1,1790758530263654,SAT,311,10728d70e0641a69:0x115a2d,7592892
v1,1790758530263691,SAT,19,10728d70e0641a69:0x115a2d,7592911
v1,1790758530263858,UNSAT,69,10728d70e0641a69:0x115a2d,7592980
v1,1790758530263885,SAT,19,10728d70e0641a69:0x115a2d,7592999
v1,1790758530264033,UNSAT,61,10728d70e0641a69:0x115a2d,7593060
v1,1790758530264097,SAT,51,10728d70e0641a69:0x115a2d,7593111
v1,1790758530264244,SAT,56,10728d70e0641a69:0x115a2d,7593167
v1,1790758530265077,SAT,345,10728d70e0641a69:0x115a2d,7593512
v1,1790758530265130,SAT,24,10728d70e0641a69:0x115a2d,7593536
v1,1790758530265401,UNSAT,109,10728d70e0641a69:0x115a2d,7593645
v1,1790758530265446,SAT,32,10728d70e0641a69:0x115a2d,7593677
v1,1790758530265684,UNSAT,102,10728d70e0641a69:0x115a2d,7593779
v1,1790758530265781,SAT,60,10728d70e0641a69:0x115a2d,7593839
v1,1790758530265971,SAT,65,10728d70e0641a69:0x115a2d,7593904
v1,1790758530266445,SAT,343,10728d70e0641a69:0x115a2d,7594247
v1,1790758530266488,SAT,22,10728d70e0641a69:0x115a2d,7594269
v1,1790758530266671,UNSAT,78,10728d70e0641a69:0x115a2d,7594347
v1,1790758530266701,SAT,21,10728d70e0641a69:0x115a2d,7594368
v1,1790758530266854,UNSAT,70,10728d70e0641a69:0x115a2d,7594438
v1,1790758530266925,SAT,57,10728d70e0641a69:0x115a2d,7594495
v1,1790758530267073,SAT,62,10728d70e0641a69:0x115a2d,7594557
v1,1790758530269289,SAT,1786,10728d70e0641a69:0x115a2d,7596343
v1,1790758530270932,SAT,43,10728d70e0641a69:0x115a2d,7596386
v1,1790758530271235,UNSAT,114,10728d70e0641a69:0x115a2d,7596500
v1,1790758530271277,SAT,25,10728d70e0641a69:0x115a2d,7596525
v1,1790758530271535,UNSAT,100,10728d70e0641a69:0x115a2d,7596625
v1,1790758530271631,SAT,56,10728d70e0641a69:0x115a2d,7596681
v1,1790758530271816,SAT,59,10728d70e0641a69:0x115a2d,7596740
v1,1790758530275642,SAT,3318,10728d70e0641a69:0x115a2d,7600058
v1,1790758530278827,SAT,48,10728d70e0641a69:0x115a2d,7600106
v1,1790758530279159,UNSAT,114,10728d70e0641a69:0x115a2d,7600220
v1,1790758530279195,SAT,22,10728d70e0641a69:0x115a2d,7600242
v1,1790758530279447,UNSAT,95,10728d70e0641a69:0x115a2d,7600337
v1,1790758530279543,SAT,55,10728d70e0641a69:0x115a2d,7600392
v1,1790758530279748,SAT,69,10728d70e0641a69:0x115a2d,7600461
v1,1790758530285080,SAT,4775,10728d70e0641a69:0x115a2d,7605236
v1,1790758530289746,SAT,67,10728d70e0641a69:0x115a2d,7605303
v1,1790758530290070,UNSAT,110,10728d70e0641a69:0x115a2d,7605413
v1,1790758530290108,SAT,25,10728d70e0641a69:0x115a2d,7605438
v1,1790758530290360,UNSAT,99,10728d70e0641a69:0x115a2d,7605537
v1,1790758530290456,SAT,58,10728d70e0641a69:0x115a2d,7605595
v1,1790758530290656,SAT,66,10728d70e0641a69:0x115a2d,7605661
v1,1790758530291285,SAT,361,10728d70e0641a69:0x115a2d,7606022
v1,1790758530291335,SAT,26,10728d70e0641a69:0x115a2d,7606048
v1,1790758530291521,UNSAT,74,10728d70e0641a69:0x115a2d,7606122
v1,1790758530291550,SAT,19,10728d70e0641a69:0x115a2d,7606141
v1,1790758530291704,UNSAT,63,10728d70e0641a69:0x115a2d,7606204
v1,1790758530291771,SAT,53,10728d70e0641a69:0x115a2d,7606257
v1,1790758530291913,SAT,59,10728d70e0641a69:0x115a2d,7606316
v1,1790758530292360,SAT,323,10728d70e0641a69:0x115a2d,7606639
v1,1790758530292405,SAT,21,10728d70e0641a69:0x115a2d,7606660
v1,1790758530292645,UNSAT,99,10728d70e0641a69:0x115a2d,7606759
v1,1790758530292678,SAT,22,10728d70e0641a69:0x115a2d,7606781
v1,1790758530292892,UNSAT,89,10728d70e0641a69:0x115a2d,7606870
v1,1790758530292985,SAT,53,10728d70e0641a69:0x115a2d,7606923
v1,1790758530293165,SAT,56,10728d70e0641a69:0x115a2d,7606979
v1,1790758530293619,SAT,325,10728d70e0641a69:0x115a2d,7607304
v1,1790758530293659,SAT,20,10728d70e0641a69:0x115a2d,7607324
v1,1790758530293821,UNSAT,68,10728d70e0641a69:0x115a2d,7607392
v1,1790758530293847,SAT,17,10728d70e0641a69:0x115a2d,7607409
v1,1790758530293993,UNSAT,59,10728d70e0641a69:0x115a2d,7607468
v1,1790758530294058,SAT,52,10728d70e0641a69:0x115a2d,7607520
v1,1790758530294206,SAT,54,10728d70e0641a69:0x115a2d,7607574
v1,1790758530294654,SAT,322,10728d70e0641a69:0x115a2d,7607896
v1,1790758530294724,SAT,51,10728d70e0641a69:0x115a2d,7607947
v1,1790758530294901,UNSAT,74,10728d70e0641a69:0x115a2d,7608021
v1,1790758530294945,SAT,32,10728d70e0641a69:0x115a2d,7608053
v1,1790758530295096,UNSAT,65,10728d70e0641a69:0x115a2d,7608118
v1,1790758530295169,SAT,59,10728d70e0641a69:0x115a2d,7608177
v1,1790758530295330,SAT,62,10728d70e0641a69:0x115a2d,7608239
v1,1790758530297549,SAT,1732,10728d70e0641a69:0x115a2d,7609971
v1,1790758530299196,SAT,50,10728d70e0641a69:0x115a2d,7610021
v1,1790758530299503,UNSAT,109,10728d70e0641a69:0x115a2d,7610130
v1,1790758530299539,SAT,24,10728d70e0641a69:0x115a2d,7610154
v1,1790758530299780,UNSAT,96,10728d70e0641a69:0x115a2d,7610250
v1,1790758530299882,SAT,62,10728d70e0641a69:0x115a2d,7610312
v1,1790758530300072,SAT,64,10728d70e0641a69:0x115a2d,7610376
v1,1790758530303839,SAT,3244,10728d70e0641a69:0x115a2d,7613620
v1,1790758530306967,SAT,45,10728d70e0641a69:0x115a2d,7613665
v1,1790758530307353,UNSAT,170,10728d70e0641a69:0x115a2d,7613835
v1,1790758530307411,SAT,42,10728d70e0641a69:0x115a2d,7613877
v1,1790758530307668,UNSAT,101,10728d70e0641a69:0x115a2d,7613978
v1,1790758530307769,SAT,61,10728d70e0641a69:0x115a2d,7614039
v1,1790758530307963,SAT,57,10728d70e0641a69:0x115a2d,7614096
v1,1790758530308475,SAT,354,10728d70e0641a69:0x115a2d,7614450
v1,1790758530308525,SAT,28,10728d70e0641a69:0x115a2d,7614478
v1,1790758530308710,UNSAT,80,10728d70e0641a69:0x115a2d,7614558
v1,1790758530308743,SAT,21,10728d70e0641a69:0x115a2d,7614579
v1,1790758530308910,UNSAT,68,10728d70e0641a69:0x115a2d,7614647
v1,1790758530308989,SAT,64,10728d70e0641a69:0x115a2d,7614711
v1,1790758530309141,SAT,61,10728d70e0641a69:0x115a2d,7614772
v1,1790758530314513,SAT,4826,10728d70e0641a69:0x115a2d,7619598
v1,1790758530319187,SAT,66,10728d70e0641a69:0x115a2d,7619664
v1,1790758530319557,UNSAT,125,10728d70e0641a69:0x115a2d,7619789
v1,1790758530319592,SAT,21,10728d70e0641a69:0x115a2d,7619810
v1,1790758530319850,UNSAT,104,10728d70e0641a69:0x115a2d,7619914
v1,1790758530319949,SAT,57,10728d70e0641a69:0x115a2d,7619971
v1,1790758530320142,SAT,62,10728d70e0641a69:0x115a2d,7620033
v1,1790758530320746,SAT,365,10728d70e0641a69:0x115a2d,7620398
v1,1790758530320825,SAT,56,10728d70e0641a69:0x115a2d,7620454
v1,1790758530321010,UNSAT,79,10728d70e0641a69:0x115a2d,7620533
v1,1790758530321041,SAT,21,10728d70e0641a69:0x115a2d,7620554
v1,1790758530321208,UNSAT,66,10728d70e0641a69:0x115a2d,7620620
v1,1790758530321287,SAT,63,10728d70e0641a69:0x115a2d,7620683
v1,1790758530321448,SAT,63,10728d70e0641a69:0x115a2d,7620746
v1,1790758530321968,SAT,342,10728d70e0641a69:0x115a2d,7621088
v1,1790758530322019,SAT,29,10728d70e0641a69:0x115a2d,7621117
v1,1790758530322217,UNSAT,94,10728d70e0641a69:0x115a2d,7621211
v1,1790758530322278,SAT,49,10728d70e0641a69:0x115a2d,7621260
v1,1790758530322440,UNSAT,66,10728d70e0641a69:0x115a2d,7621326
v1,1790758530322522,SAT,67,10728d70e0641a69:0x115a2d,7621393
v1,1790758530322665,SAT,59,10728d70e0641a69:0x115a2d,7621452
v1,1790758530323126,SAT,327,10728d70e0641a69:0x115a2d,7621779
v1,1790758530323171,SAT,23,10728d70e0641a69:0x115a2d,7621802
v1,1790758530323371,UNSAT,82,10728d70e0641a69:0x115a2d,7621884
v1,1790758530323406,SAT,24,10728d70e0641a69:0x115a2d,7621908
v1,1790758530323567,UNSAT,64,10728d70e0641a69:0x115a2d,7621972
v1,1790758530323636,SAT,54,10728d70e0641a69:0x115a2d,7622026
v1,1790758530323774,SAT,56,10728d70e0641a69:0x115a2d,7622082
v1,1790758530324285,SAT,340,10728d70e0641a69:0x115a2d,7622422
v1,1790758530324336,SAT,23,10728d70e0641a69:0x115a2d,7622445
v1,1790758530324610,UNSAT,110,10728d70e0641a69:0x115a2d,7622555
v1,1790758530324657,SAT,36,10728d70e0641a69:0x115a2d,7622591
v1,1790758530324907,UNSAT,108,10728d70e0641a69:0x115a2d,7622699
v1,1790758530325006,SAT,55,10728d70e0641a69:0x115a2d,7622754
v1,1790758530325194,SAT,57,10728d70e0641a69:0x115a2d,7622811
v1,1790758530325670,SAT,339,10728d70e0641a69:0x115a2d,7623150
v1,1790758530325734,SAT,43,10728d70e0641a69:0x115a2d,7623193
v1,1790758530325912,UNSAT,70,10728d70e0641a69:0x115a2d,7623263
v1,1790758530325939,SAT,17,10728d70e0641a69:0x115a2d,7623280
v1,1790758530326104,UNSAT,80,10728d70e0641a69:0x115a2d,7623360
v1,1790758530326175,SAT,54,10728d70e0641a69:0x115a2d,7623414
v1,1790758530326355,SAT,57,10728d70e0641a69:0x115a2d,7623471
v1,1790758530328613,SAT,1776,10728d70e0641a69:0x115a2d,7625247
v1,1790758530330271,SAT,50,10728d70e0641a69:0x115a2d,7625297
v1,1790758530330608,UNSAT,123,10728d70e0641a69:0x115a2d,7625420
v1,1790758530330641,SAT,20,10728d70e0641a69:0x115a2d,7625440
v1,1790758530330894,UNSAT,109,10728d70e0641a69:0x115a2d,7625549
v1,1790758530330996,SAT,60,10728d70e0641a69:0x115a2d,7625609
v1,1790758530331185,SAT,58,10728d70e0641a69:0x115a2d,7625667
v1,1790758530334926,SAT,3268,10728d70e0641a69:0x115a2d,7628935
v1,1790758530338162,SAT,65,10728d70e0641a69:0x115a2d,7629000
v1,1790758530338508,UNSAT,116,10728d70e0641a69:0x115a2d,7629116
v1,1790758530338543,SAT,21,10728d70e0641a69:0x115a2d,7629137
v1,1790758530338802,UNSAT,103,10728d70e0641a69:0x115a2d,7629240
v1,1790758530338918,SAT,72,10728d70e0641a69:0x115a2d,7629312
v1,1790758530339126,SAT,61,10728d70e0641a69:0x115a2d,7629373
v1,1790758530344447,SAT,4759,10728d70e0641a69:0x115a2d,7634132
v1,1790758530349094,SAT,41,10728d70e0641a69:0x115a2d,7634173
v1,1790758530349455,UNSAT,120,10728d70e0641a69:0x115a2d,7634293
v1,1790758530349494,SAT,25,10728d70e0641a69:0x115a2d,7634318
v1,1790758530349856,UNSAT,146,10728d70e0641a69:0x115a2d,7634464
v1,1790758530349986,SAT,77,10728d70e0641a69:0x115a2d,7634541
v1,1790758530350227,SAT,71,10728d70e0641a69:0x115a2d,7634612
v1,1790758530350842,SAT,368,10728d70e0641a69:0x115a2d,7634980
v1,1790758530350899,SAT,33,10728d70e0641a69:0x115a2d,7635013
v1,1790758530351088,UNSAT,78,10728d70e0641a69:0x115a2d,7635091
v1,1790758530351117,SAT,19,10728d70e0641a69:0x115a2d,7635110
v1,1790758530351293,UNSAT,72,10728d70e0641a69:0x115a2d,7635182
v1,1790758530351373,SAT,64,10728d70e0641a69:0x115a2d,7635246
v1,1790758530351540,SAT,73,10728d70e0641a69:0x115a2d,7635319
v1,1790758530352119,SAT,345,10728d70e0641a69:0x115a2d,7635664
v1,1790758530352167,SAT,26,10728d70e0641a69:0x115a2d,7635690
v1,1790758530352344,UNSAT,71,10728d70e0641a69:0x115a2d,7635761
v1,1790758530352374,SAT,21,10728d70e0641a69:0x115a2d,7635782
v1,1790758530352522,UNSAT,62,10728d70e0641a69:0x115a2d,7635844
v1,1790758530352591,SAT,55,10728d70e0641a69:0x115a2d,7635899
v1,1790758530352726,SAT,54,10728d70e0641a69:0x115a2d,7635953
v1,1790758530353172,SAT,326,10728d70e0641a69:0x115a2d,7636279
v1,1790758530353219,SAT,20,10728d70e0641a69:0x115a2d,7636299
v1,1790758530353514,UNSAT,127,10728d70e0641a69:0x115a2d,7636426
v1,1790758530353564,SAT,40,10728d70e0641a69:0x115a2d,7636466
v1,1790758530353799,UNSAT,98,10728d70e0641a69:0x115a2d,7636564
v1,1790758530353898,SAT,54,10728d70e0641a69:0x115a2d,7636618
v1,1790758530354074,SAT,53,10728d70e0641a69:0x115a2d,7636671
v1,1790758530354557,SAT,356,10728d70e0641a69:0x115a2d,7637027
v1,1790758530354609,SAT,30,10728d70e0641a69:0x115a2d,7637057
v1,1790758530354783,UNSAT,71,10728d70e0641a69:0x115a2d,7637128
v1,1790758530354812,SAT,20,10728d70e0641a69:0x115a2d,7637148
v1,1790758530354956,UNSAT,60,10728d70e0641a69:0x115a2d,7637208
v1,1790758530355023,SAT,53,10728d70e0641a69:0x115a2d,7637261
v1,1790758530355157,SAT,54,10728d70e0641a69:0x115a2d,7637315
v1,1790758530355603,SAT,326,10728d70e0641a69:0x115a2d,7637641
v1,1790758530355645,SAT,22,10728d70e0641a69:0x115a2d,7637663
v1,1790758530355821,UNSAT,71,10728d70e0641a69:0x115a2d,7637734
v1,1790758530355847,SAT,16,10728d70e0641a69:0x115a2d,7637750
v1,1790758530356005,UNSAT,61,10728d70e0641a69:0x115a2d,7637811
v1,1790758530356071,SAT,52,10728d70e0641a69:0x115a2d,7637863
v1,1790758530356220,SAT,53,10728d70e0641a69:0x115a2d,7637916
v1,1790758530358414,SAT,1762,10728d70e0641a69:0x115a2d,7639678
v1,1790758530360110,SAT,80,10728d70e0641a69:0x115a2d,7639758
v1,1790758530360450,UNSAT,122,10728d70e0641a69:0x115a2d,7639880
v1,1790758530360483,SAT,20,10728d70e0641a69:0x115a2d,7639900
v1,1790758530360747,UNSAT,107,10728d70e0641a69:0x115a2d,7640007
v1,1790758530360851,SAT,55,10728d70e0641a69:0x115a2d,7640062
v1,1790758530361048,SAT,60,10728d70e0641a69:0x115a2d,7640122
v1,1790758530364862,SAT,3290,10728d70e0641a69:0x115a2d,7643412
v1,1790758530368114,SAT,47,10728d70e0641a69:0x115a2d,7643459
v1,1790758530368534,UNSAT,142,10728d70e0641a69:0x115a2d,7643601
v1,1790758530368576,SAT,27,10728d70e0641a69:0x115a2d,7643628
v1,1790758530368858,UNSAT,112,10728d70e0641a69:0x115a2d,7643740
v1,1790758530368979,SAT,72,10728d70e0641a69:0x115a2d,7643812
v1,1790758530369203,SAT,65,10728d70e0641a69:0x115a2d,7643877
v1,1790758530374604,SAT,4810,10728d70e0641a69:0x115a2d,7648687
v1,1790758530379245,SAT,45,10728d70e0641a69:0x115a2d,7648732
v1,1790758530379622,UNSAT,139,10728d70e0641a69:0x115a2d,7648871
v1,1790758530379667,SAT,29,10728d70e0641a69:0x115a2d,7648900
v1,1790758530379950,UNSAT,111,10728d70e0641a69:0x115a2d,7649011
v1,1790758530380058,SAT,61,10728d70e0641a69:0x115a2d,7649072
v1,1790758530380261,SAT,65,10728d70e0641a69:0x115a2d,7649137
v1,1790758530380882,SAT,365,10728d70e0641a69:0x115a2d,7649502
v1,1790758530380935,SAT,28,10728d70e0641a69:0x115a2d,7649530
v1,1790758530381118,UNSAT,77,10728d70e0641a69:0x115a2d,7649607
v1,1790758530381150,SAT,22,10728d70e0641a69:0x115a2d,7649629
v1,1790758530381314,UNSAT,73,10728d70e0641a69:0x115a2d,7649702
v1,1790758530381384,SAT,55,10728d70e0641a69:0x115a2d,7649757
v1,1790758530381534,SAT,64,10728d70e0641a69:0x115a2d,7649821
v1,1790758530382009,SAT,342,10728d70e0641a69:0x115a2d,7650163
v1,1790758530382053,SAT,24,10728d70e0641a69:0x115a2d,7650187
v1,1790758530382219,UNSAT,69,10728d70e0641a69:0x115a2d,7650256
v1,1790758530382291,SAT,63,10728d70e0641a69:0x115a2d,7650319
v1,1790758530382452,UNSAT,67,10728d70e0641a69:0x115a2d,7650386
v1,1790758530382521,SAT,55,10728d70e0641a69:0x115a2d,7650441
v1,1790758530382661,SAT,56,10728d70e0641a69:0x115a2d,7650497
v1,1790758530383214,SAT,332,10728d70e0641a69:0x115a2d,7650829
v1,1790758530383275,SAT,32,10728d70e0641a69:0x115a2d,7650861
v1,1790758530383529,UNSAT,104,10728d70e0641a69:0x115a2d,7650965
v1,1790758530383568,SAT,28,10728d70e0641a69:0x115a2d,7650993
v1,1790758530383776,UNSAT,90,10728d70e0641a69:0x115a2d,7651083
v1,1790758530383864,SAT,56,10728d70e0641a69:0x115a2d,7651139
v1,1790758530384026,SAT,56,10728d70e0641a69:0x115a2d,7651195
v1,1790758530384555,SAT,356,10728d70e0641a69:0x115a2d,7651551
v1,1790758530384606,SAT,25,10728d70e0641a69:0x115a2d,7651576
v1,1790758530384796,UNSAT,81,10728d70e0641a69:0x115a2d,7651657
v1,1790758530384828,SAT,23,10728d70e0641a69:0x115a2d,7651680
v1,1790758530384984,UNSAT,68,10728d70e0641a69:0x115a2d,7651748
v1,1790758530385053,SAT,55,10728d70e0641a69:0x115a2d,7651803
v1,1790758530385207,SAT,59,10728d70e0641a69:0x115a2d,7651862
v1,1790758530387314,SAT,1721,10728d70e0641a69:0x115a2d,7653583
v1,1790758530389013,SAT,70,10728d70e0641a69:0x115a2d,7653653
v1,1790758530389307,UNSAT,109,10728d70e0641a69:0x115a2d,7653762
v1,1790758530389340,SAT,21,10728d70e0641a69:0x115a2d,7653783
v1,1790758530389577,UNSAT,93,10728d70e0641a69:0x115a2d,7653876
v1,1790758530389667,SAT,57,10728d70e0641a69:0x115a2d,7653933
v1,1790758530389871,SAT,61,10728d70e0641a69:0x115a2d,7653994
v1,1790758530390416,SAT,354,10728d70e0641a69:0x115a2d,7654348
v1,1790758530390462,SAT,23,10728d70e0641a69:0x115a2d,7654371
v1,1790758530390643,UNSAT,72,10728d70e0641a69:0x115a2d,7654443
v1,1790758530390670,SAT,18,10728d70e0641a69:0x115a2d,7654461
v1,1790758530390823,UNSAT,63,10728d70e0641a69:0x115a2d,7654524
v1,1790758530390889,SAT,52,10728d70e0641a69:0x115a2d,7654576
v1,1790758530391047,SAT,57,10728d70e0641a69:0x115a2d,7654633
v1,1790758530394734,SAT,3281,10728d70e0641a69:0x115a2d,7657914
v1,1790758530397849,SAT,48,10728d70e0641a69:0x115a2d,7657962
v1,1790758530398172,UNSAT,130,10728d70e0641a69:0x115a2d,7658092
v1,1790758530398217,SAT,31,10728d70e0641a69:0x115a2d,7658123
v1,1790758530398464,UNSAT,99,10728d70e0641a69:0x115a2d,7658222
v1,1790758530398560,SAT,61,10728d70e0641a69:0x115a2d,7658283
v1,1790758530398749,SAT,66,10728d70e0641a69:0x115a2d,7658349
v1,1790758530404006,SAT,4778,10728d70e0641a69:0x115a2d,7663127
v1,1790758530408607,SAT,69,10728d70e0641a69:0x115a2d,7663196
v1,1790758530408965,UNSAT,120,10728d70e0641a69:0x115a2d,7663316
v1,1790758530409032,SAT,51,10728d70e0641a69:0x115a2d,7663367
v1,1790758530409282,UNSAT,98,10728d70e0641a69:0x115a2d,7663465
v1,1790758530409382,SAT,64,10728d70e0641a69:0x115a2d,7663529
v1,1790758530409571,SAT,65,10728d70e0641a69:0x115a2d,7663594
v1,1790758530410275,SAT,396,10728d70e0641a69:0x115a2d,7663990
v1,1790758530410329,SAT,27,10728d70e0641a69:0x115a2d,7664017
v1,1790758530410514,UNSAT,75,10728d70e0641a69:0x115a2d,7664092
v1,1790758530410555,SAT,31,10728d70e0641a69:0x115a2d,7664123
v1,1790758530410716,UNSAT,65,10728d70e0641a69:0x115a2d,7664188
v1,1790758530410782,SAT,52,10728d70e0641a69:0x115a2d,7664240
v1,1790758530410938,SAT,72,10728d70e0641a69:0x115a2d,7664312
v1,1790758530411430,SAT,338,10728d70e0641a69:0x115a2d,7664650
v1,1790758530411475,SAT,22,10728d70e0641a69:0x115a2d,7664672
v1,1790758530411654,UNSAT,73,10728d70e0641a69:0x115a2d,7664745
v1,1790758530411682,SAT,19,10728d70e0641a69:0x115a2d,7664764
v1,1790758530411838,UNSAT,67,10728d70e0641a69:0x115a2d,7664831
v1,1790758530411911,SAT,59,10728d70e0641a69:0x115a2d,7664890
v1,1790758530412089,SAT,60,10728d70e0641a69:0x115a2d,7664950
v1,1790758530412604,SAT,381,10728d70e0641a69:0x115a2d,7665331
v1,1790758530412660,SAT,30,10728d70e0641a69:0x115a2d,7665361
v1,1790758530412844,UNSAT,72,10728d70e0641a69:0x115a2d,7665433
v1,1790758530412878,SAT,24,10728d70e0641a69:0x115a2d,7665457
v1,1790758530413042,UNSAT,77,10728d70e0641a69:0x115a2d,7665534
v1,1790758530413121,SAT,63,10728d70e0641a69:0x115a2d,7665597
v1,1790758530413294,SAT,75,10728d70e0641a69:0x115a2d,7665672
v1,1790758530414115,SAT,353,10728d70e0641a69:0x115a2d,7666025
v1,1790758530414202,SAT,54,10728d70e0641a69:0x115a2d,7666079
v1,1790758530414506,UNSAT,122,10728d70e0641a69:0x115a2d,7666201
v1,1790758530414544,SAT,27,10728d70e0641a69:0x115a2d,7666228
v1,1790758530414792,UNSAT,105,10728d70e0641a69:0x115a2d,7666333
v1,1790758530414893,SAT,58,10728d70e0641a69:0x115a2d,7666391
v1,1790758530415080,SAT,57,10728d70e0641a69:0x115a2d,7666448
v1,1790758530415546,SAT,340,10728d70e0641a69:0x115a2d,7666788
v1,1790758530415600,SAT,32,10728d70e0641a69:0x115a2d,7666820
v1,1790758530415779,UNSAT,72,10728d70e0641a69:0x115a2d,7666892
v1,1790758530415828,SAT,38,10728d70e0641a69:0x115a2d,7666930
v1,1790758530416009,UNSAT,89,10728d70e0641a69:0x115a2d,7667019
v1,1790758530416098,SAT,76,10728d70e0641a69:0x115a2d,7667095
v1,1790758530416342,SAT,150,10728d70e0641a69:0x115a2d,7667245
v1,1790758530418516,SAT,1737,10728d70e0641a69:0x115a2d,7668982
v1,1790758530420194,SAT,59,10728d70e0641a69:0x115a2d,7669041
v1,1790758530420529,UNSAT,127,10728d70e0641a69:0x115a2d,7669168
v1,1790758530420567,SAT,23,10728d70e0641a69:0x115a2d,7669191
v1,1790758530420821,UNSAT,103,10728d70e0641a69:0x115a2d,7669294
v1,1790758530420926,SAT,62,10728d70e0641a69:0x115a2d,7669356
v1,1790758530421123,SAT,66,10728d70e0641a69:0x115a2d,7669422
v1,1790758530424994,SAT,3290,10728d70e0641a69:0x115a2d,7672712
v1,1790758530428196,SAT,48,10728d70e0641a69:0x115a2d,7672760
v1,1790758530428562,UNSAT,117,10728d70e0641a69:0x115a2d,7672877
v1,1790758530428617,SAT,40,10728d70e0641a69:0x115a2d,7672917
v1,1790758530428880,UNSAT,107,10728d70e0641a69:0x115a2d,7673024
v1,1790758530428979,SAT,56,10728d70e0641a69:0x115a2d,7673080
v1,1790758530429189,SAT,74,10728d70e0641a69:0x115a2d,7673154
v1,1790758530434528,SAT,4749,10728d70e0641a69:0x115a2d,7677903
v1,1790758530439200,SAT,61,10728d70e0641a69:0x115a2d,7677964
v1,1790758530439624,UNSAT,136,10728d70e0641a69:0x115a2d,7678100
v1,1790758530439677,SAT,36,10728d70e0641a69:0x115a2d,7678136
v1,1790758530439972,UNSAT,116,10728d70e0641a69:0x115a2d,7678252
v1,1790758530440080,SAT,62,10728d70e0641a69:0x115a2d,7678314
v1,1790758530440319,SAT,80,10728d70e0641a69:0x115a2d,7678394
v1,1790758530441010,SAT,380,10728d70e0641a69:0x115a2d,7678774
v1,1790758530441064,SAT,26,10728d70e0641a69:0x115a2d,7678800
v1,1790758530441274,UNSAT,93,10728d70e0641a69:0x115a2d,7678893
v1,1790758530441306,SAT,19,10728d70e0641a69:0x115a2d,7678912
v1,1790758530441468,UNSAT,67,10728d70e0641a69:0x115a2d,7678979
v1,1790758530441537,SAT,54,10728d70e0641a69:0x115a2d,7679033
v1,1790758530441685,SAT,58,10728d70e0641a69:0x115a2d,7679091
v1,1790758530442236,SAT,392,10728d70e0641a69:0x115a2d,7679483
v1,1790758530442314,SAT,33,10728d70e0641a69:0x115a2d,7679516
v1,1790758530442626,UNSAT,121,10728d70e0641a69:0x115a2d,7679637
v1,1790758530442666,SAT,27,10728d70e0641a69:0x115a2d,7679664
v1,1790758530442923,UNSAT,104,10728d70e0641a69:0x115a2d,7679768
v1,1790758530443028,SAT,59,10728d70e0641a69:0x115a2d,7679827
v1,1790758530443223,SAT,59,10728d70e0641a69:0x115a2d,7679886
v1,1790758530443748,SAT,358,10728d70e0641a69:0x115a2d,7680244
v1,1790758530443802,SAT,29,10728d70e0641a69:0x115a2d,7680273
v1,1790758530443999,UNSAT,85,10728d70e0641a69:0x115a2d,7680358
v1,1790758530444037,SAT,28,10728d70e0641a69:0x115a2d,7680386
v1,1790758530444206,UNSAT,73,10728d70e0641a69:0x115a2d,7680459
v1,1790758530444288,SAT,66,10728d70e0641a69:0x115a2d,7680525
v1,1790758530444449,SAT,58,10728d70e0641a69:0x115a2d,7680583
v1,1790758530444930,SAT,337,10728d70e0641a69:0x115a2d,7680920
v1,1790758530445000,SAT,46,10728d70e0641a69:0x115a2d,7680966
v1,1790758530445228,UNSAT,91,10728d70e0641a69:0x115a2d,7681057
v1,1790758530445268,SAT,29,10728d70e0641a69:0x115a2d,7681086
v1,1790758530445436,UNSAT,67,10728d70e0641a69:0x115a2d,7681153
v1,1790758530445513,SAT,59,10728d70e0641a69:0x115a2d,7681212
v1,1790758530445680,SAT,63,10728d70e0641a69:0x115a2d,7681275
v1,1790758530448078,SAT,1804,10728d70e0641a69:0x115a2d,7683079
v1,1790758530449799,SAT,52,10728d70e0641a69:0x115a2d,7683131
v1,1790758530450208,UNSAT,135,10728d70e0641a69:0x115a2d,7683266
v1,1790758530450258,SAT,35,10728d70e0641a69:0x115a2d,7683301
v1,1790758530450538,UNSAT,119,10728d70e0641a69:0x115a2d,7683420
v1,1790758530450670,SAT,86,10728d70e0641a69:0x115a2d,7683506
v1,1790758530450873,SAT,66,10728d70e0641a69:0x115a2d,7683572
v1,1790758530454690,SAT,3248,10728d70e0641a69:0x115a2d,7686820
v1,1790758530457889,SAT,45,10728d70e0641a69:0x115a2d,7686865
v1,1790758530458326,UNSAT,162,10728d70e0641a69:0x115a2d,7687027
v1,1790758530458367,SAT,25,10728d70e0641a69:0x115a2d,7687052
v1,1790758530458653,UNSAT,115,10728d70e0641a69:0x115a2d,7687167
v1,1790758530458765,SAT,61,10728d70e0641a69:0x115a2d,7687228
v1,1790758530458984,SAT,62,10728d70e0641a69:0x115a2d,7687290
v1,1790758530459536,SAT,376,10728d70e0641a69:0x115a2d,7687666
v1,1790758530459598,SAT,33,10728d70e0641a69:0x115a2d,7687699
v1,1790758530459819,UNSAT,87,10728d70e0641a69:0x115a2d,7687786
v1,1790758530459851,SAT,21,10728d70e0641a69:0x115a2d,7687807
v1,1790758530460020,UNSAT,70,10728d70e0641a69:0x115a2d,7687877
v1,1790758530460091,SAT,56,10728d70e0641a69:0x115a2d,7687933
v1,1790758530460239,SAT,62,10728d70e0641a69:0x115a2d,7687995
v1,1790758530465583,SAT,4766,10728d70e0641a69:0x115a2d,7692761
v1,1790758530470264,SAT,72,10728d70e0641a69:0x115a2d,7692833
v1,1790758530470644,UNSAT,133,10728d70e0641a69:0x115a2d,7692966
v1,1790758530470719,SAT,61,10728d70e0641a69:0x115a2d,7693027
v1,1790758530471001,UNSAT,112,10728d70e0641a69:0x115a2d,7693139
v1,1790758530471151,SAT,76,10728d70e0641a69:0x115a2d,7693215
v1,1790758530471383,SAT,66,10728d70e0641a69:0x115a2d,7693281
v1,1790758530471974,SAT,354,10728d70e0641a69:0x115a2d,7693635
v1,1790758530472021,SAT,23,10728d70e0641a69:0x115a2d,7693658
v1,1790758530472210,UNSAT,75,10728d70e0641a69:0x115a2d,7693733
v1,1790758530472238,SAT,17,10728d70e0641a69:0x115a2d,7693750
v1,1790758530472475,UNSAT,90,10728d70e0641a69:0x115a2d,7693840
v1,1790758530472549,SAT,58,10728d70e0641a69:0x115a2d,7693898
v1,1790758530472708,SAT,60,10728d70e0641a69:0x115a2d,7693958
v1,1790758530473222,SAT,336,10728d70e0641a69:0x115a2d,7694294
v1,1790758530473303,SAT,58,10728d70e0641a69:0x115a2d,7694352
v1,1790758530473492,UNSAT,78,10728d70e0641a69:0x115a2d,7694430
v1,1790758530473526,SAT,22,10728d70e0641a69:0x115a2d,7694452
v1,1790758530473740,UNSAT,83,10728d70e0641a69:0x115a2d,7694535
v1,1790758530473815,SAT,57,10728d70e0641a69:0x115a2d,7694592
v1,1790758530473973,SAT,65,10728d70e0641a69:0x115a2d,7694657
v1,1790758530474433,SAT,326,10728d70e0641a69:0x115a2d,7694983
v1,1790758530474475,SAT,21,10728d70e0641a69:0x115a2d,7695004
v1,1790758530474641,UNSAT,69,10728d70e0641a69:0x115a2d,7695073
v1,1790758530474666,SAT,17,10728d70e0641a69:0x115a2d,7695090
v1,1790758530474834,UNSAT,82,10728d70e0641a69:0x115a2d,7695172
v1,1790758530474936,SAT,76,10728d70e0641a69:0x115a2d,7695248
v1,1790758530475111,SAT,65,10728d70e0641a69:0x115a2d,7695313
v1,1790758530475629,SAT,333,10728d70e0641a69:0x115a2d,7695646
v1,1790758530475777,SAT,120,10728d70e0641a69:0x115a2d,7695766
v1,1790758530476077,UNSAT,123,10728d70e0641a69:0x115a2d,7695889
v1,1790758530476115,SAT,24,10728d70e0641a69:0x115a2d,7695913
v1,1790758530476368,UNSAT,106,10728d70e0641a69:0x115a2d,7696019
v1,1790758530476489,SAT,77,10728d70e0641a69:0x115a2d,7696096
v1,1790758530476686,SAT,62,10728d70e0641a69:0x115a2d,7696158
v1,1790758530477206,SAT,366,10728d70e0641a69:0x115a2d,7696524
v1,1790758530477268,SAT,36,10728d70e0641a69:0x115a2d,7696560
v1,1790758530477459,UNSAT,84,10728d70e0641a69:0x115a2d,7696644
v1,1790758530477493,SAT,24,10728d70e0641a69:0x115a2d,7696668
v1,1790758530477669,UNSAT,77,10728d70e0641a69:0x115a2d,7696745
v1,1790758530477739,SAT,55,10728d70e0641a69:0x115a2d,7696800
v1,1790758530477896,SAT,66,10728d70e0641a69:0x115a2d,7696866
v1,1790758530480211,SAT,1776,10728d70e0641a69:0x115a2d,7698642
v1,1790758530481881,SAT,48,10728d70e0641a69:0x115a2d,7698690
v1,1790758530482219,UNSAT,120,10728d70e0641a69:0x115a2d,7698810
v1,1790758530482276,SAT,43,10728d70e0641a69:0x115a2d,7698853
v1,1790758530482530,UNSAT,103,10728d70e0641a69:0x115a2d,7698956
v1,1790758530482639,SAT,64,10728d70e0641a69:0x115a2d,7699020
v1,1790758530482859,SAT,84,10728d70e0641a69:0x115a2d,7699104
v1,1790758530486568,SAT,3227,10728d70e0641a69:0x115a2d,7702331
v1,1790758530489729,SAT,72,10728d70e0641a69:0x115a2d,7702403
v1,1790758530490069,UNSAT,115,10728d70e0641a69:0x115a2d,7702518
v1,1790758530490107,SAT,24,10728d70e0641a69:0x115a2d,7702542
v1,1790758530490419,UNSAT,111,10728d70e0641a69:0x115a2d,7702653
v1,1790758530490522,SAT,58,10728d70e0641a69:0x115a2d,7702711
v1,1790758530490722,SAT,61,10728d70e0641a69:0x115a2d,7702772
v1,1790758530496064,SAT,4773,10728d70e0641a69:0x115a2d,7707545
v1,1790758530500683,SAT,41,10728d70e0641a69:0x115a2d,7707586
v1,1790758530501023,UNSAT,117,10728d70e0641a69:0x115a2d,7707703
v1,1790758530501062,SAT,24,10728d70e0641a69:0x115a2d,7707727
v1,1790758530501332,UNSAT,109,10728d70e0641a69:0x115a2d,7707836
v1,1790758530501446,SAT,71,10728d70e0641a69:0x115a2d,7707907
v1,1790758530501653,SAT,62,10728d70e0641a69:0x115a2d,7707969
v1,1790758530502268,SAT,384,10728d70e0641a69:0x115a2d,7708353
v1,1790758530502351,SAT,57,10728d70e0641a69:0x115a2d,7708410
v1,1790758530502571,UNSAT,114,10728d70e0641a69:0x115a2d,7708524
v1,1790758530502611,SAT,30,10728d70e0641a69:0x115a2d,7708554
v1,1790758530502775,UNSAT,74,10728d70e0641a69:0x115a2d,7708628
v1,1790758530502844,SAT,54,10728d70e0641a69:0x115a2d,7708682
v1,1790758530502992,SAT,56,10728d70e0641a69:0x115a2d,7708738
v1,1790758530503575,SAT,346,10728d70e0641a69:0x115a2d,7709084
v1,1790758530503627,SAT,29,10728d70e0641a69:0x115a2d,7709113
v1,1790758530503823,UNSAT,73,10728d70e0641a69:0x115a2d,7709186
v1,1790758530503854,SAT,20,10728d70e0641a69:0x115a2d,7709206
v1,1790758530504002,UNSAT,61,10728d70e0641a69:0x115a2d,7709267
v1,1790758530504078,SAT,62,10728d70e0641a69:0x115a2d,7709329
v1,1790758530504226,SAT,55,10728d70e0641a69:0x115a2d,7709384
v1,1790758530504676,SAT,321,10728d70e0641a69:0x115a2d,7709705
v1,1790758530504737,SAT,35,10728d70e0641a69:0x115a2d,7709740
v1,1790758530504983,UNSAT,102,10728d70e0641a69:0x115a2d,7709842
v1,1790758530505024,SAT,29,10728d70e0641a69:0x115a2d,7709871
v1,1790758530505245,UNSAT,93,10728d70e0641a69:0x115a2d,7709964
v1,1790758530505343,SAT,55,10728d70e0641a69:0x115a2d,7710019
v1,1790758530505524,SAT,61,10728d70e0641a69:0x115a2d,7710080
v1,1790758530506000,SAT,342,10728d70e0641a69:0x115a2d,7710422
v1,1790758530506052,SAT,28,10728d70e0641a69:0x115a2d,7710450
v1,1790758530506232,UNSAT,77,10728d70e0641a69:0x115a2d,7710527
v1,1790758530506272,SAT,31,10728d70e0641a69:0x115a2d,7710558
v1,1790758530506429,UNSAT,67,10728d70e0641a69:0x115a2d,7710625
v1,1790758530506502,SAT,59,10728d70e0641a69:0x115a2d,7710684
v1,1790758530506644,SAT,58,10728d70e0641a69:0x115a2d,7710742
v1,1790758530507091,SAT,325,10728d70e0641a69:0x115a2d,7711067
v1,1790758530507143,SAT,27,10728d70e0641a69:0x115a2d,7711094
v1,1790758530507331,UNSAT,93,10728d70e0641a69:0x115a2d,7711187
v1,1790758530507360,SAT,19,10728d70e0641a69:0x115a2d,7711206
v1,1790758530507507,UNSAT,60,10728d70e0641a69:0x115a2d,7711266
v1,1790758530507585,SAT,63,10728d70e0641a69:0x115a2d,7711329
v1,1790758530507858,SAT,59,10728d70e0641a69:0x115a2d,7711388
v1,1790758530510127,SAT,1803,10728d70e0641a69:0x115a2d,7713191
v1,1790758530512094,SAT,62,10728d70e0641a69:0x115a2d,7713253
v1,1790758530512485,UNSAT,125,10728d70e0641a69:0x115a2d,7713378
v1,1790758530512527,SAT,27,10728d70e0641a69:0x115a2d,7713405
v1,1790758530512782,UNSAT,100,10728d70e0641a69:0x115a2d,7713505
v1,1790758530512878,SAT,55,10728d70e0641a69:0x115a2d,7713560
v1,1790758530513074,SAT,58,10728d70e0641a69:0x115a2d,7713618
v1,1790758530517200,SAT,3578,10728d70e0641a69:0x115a2d,7717196
v1,1790758530520491,SAT,62,10728d70e0641a69:0x115a2d,7717258
v1,1790758530520908,UNSAT,139,10728d70e0641a69:0x115a2d,7717397
v1,1790758530520963,SAT,31,10728d70e0641a69:0x115a2d,7717428
v1,1790758530521289,UNSAT,126,10728d70e0641a69:0x115a2d,7717554
v1,1790758530521401,SAT,64,10728d70e0641a69:0x115a2d,7717618
v1,1790758530521607,SAT,62,10728d70e0641a69:0x115a2d,7717680
v1,1790758530527417,SAT,5212,10728d70e0641a69:0x115a2d,7722892
v1,1790758530532166,SAT,73,10728d70e0641a69:0x115a2d,7722965
v1,1790758530532541,UNSAT,121,10728d70e0641a69:0x115a2d,7723086
v1,1790758530532578,SAT,23,10728d70e0641a69:0x115a2d,7723109
v1,1790758530532835,UNSAT,100,10728d70e0641a69:0x115a2d,7723209
v1,1790758530532954,SAT,79,10728d70e0641a69:0x115a2d,7723288
v1,1790758530533150,SAT,59,10728d70e0641a69:0x115a2d,7723347
v1,1790758530533751,SAT,364,10728d70e0641a69:0x115a2d,7723711
v1,1790758530533806,SAT,29,10728d70e0641a69:0x115a2d,7723740
v1,1790758530533989,UNSAT,77,10728d70e0641a69:0x115a2d,7723817
v1,1790758530534016,SAT,18,10728d70e0641a69:0x115a2d,7723835
v1,1790758530534200,UNSAT,97,10728d70e0641a69:0x115a2d,7723932
v1,1790758530534278,SAT,64,10728d70e0641a69:0x115a2d,7723996
v1,1790758530534426,SAT,61,10728d70e0641a69:0x115a2d,7724057
v1,1790758530534893,SAT,340,10728d70e0641a69:0x115a2d,7724397
v1,1790758530534960,SAT,44,10728d70e0641a69:0x115a2d,7724441
v1,1790758530535148,UNSAT,80,10728d70e0641a69:0x115a2d,7724521
v1,1790758530535184,SAT,22,10728d70e0641a69:0x115a2d,7724543
v1,1790758530535339,UNSAT,64,10728d70e0641a69:0x115a2d,7724607
v1,1790758530535407,SAT,53,10728d70e0641a69:0x115a2d,7724660
v1,1790758530535576,SAT,78,10728d70e0641a69:0x115a2d,7724738
v1,1790758530536154,SAT,328,10728d70e0641a69:0x115a2d,7725066
v1,1790758530536204,SAT,23,10728d70e0641a69:0x115a2d,7725089
v1,1790758530536576,UNSAT,158,10728d70e0641a69:0x115a2d,7725247
v1,1790758530536620,SAT,27,10728d70e0641a69:0x115a2d,7725274
v1,1790758530536935,UNSAT,141,10728d70e0641a69:0x115a2d,7725415
v1,1790758530537080,SAT,88,10728d70e0641a69:0x115a2d,7725503
v1,1790758530537332,SAT,79,10728d70e0641a69:0x115a2d,7725582
v1,1790758530537876,SAT,350,10728d70e0641a69:0x115a2d,7725932
v1,1790758530537924,SAT,24,10728d70e0641a69:0x115a2d,7725956
v1,1790758530538103,UNSAT,74,10728d70e0641a69:0x115a2d,7726030
v1,1790758530538135,SAT,22,10728d70e0641a69:0x115a2d,7726052
v1,1790758530538320,UNSAT,99,10728d70e0641a69:0x115a2d,7726151
v1,1790758530538488,SAT,109,10728d70e0641a69:0x115a2d,7726260
v1,1790758530538708,SAT,68,10728d70e0641a69:0x115a2d,7726328
v1,1790758530540908,SAT,1791,10728d70e0641a69:0x115a2d,7728119
v1,1790758530542552,SAT,39,10728d70e0641a69:0x115a2d,7728158
v1,1790758530542855,UNSAT,107,10728d70e0641a69:0x115a2d,7728265
v1,1790758530542888,SAT,20,10728d70e0641a69:0x115a2d,7728285
v1,1790758530543124,UNSAT,91,10728d70e0641a69:0x115a2d,7728376
v1,1790758530543219,SAT,57,10728d70e0641a69:0x115a2d,7728433
v1,1790758530543451,SAT,77,10728d70e0641a69:0x115a2d,7728510
v1,1790758530544027,SAT,361,10728d70e0641a69:0x115a2d,7728871
v1,1790758530544117,SAT,42,10728d70e0641a69:0x115a2d,7728913
v1,1790758530544335,UNSAT,83,10728d70e0641a69:0x115a2d,7728996
v1,1790758530544377,SAT,27,10728d70e0641a69:0x115a2d,7729023
v1,1790758530544564,UNSAT,77,10728d70e0641a69:0x115a2d,7729100
v1,1790758530544667,SAT,85,10728d70e0641a69:0x115a2d,7729185
v1,1790758530544843,SAT,78,10728d70e0641a69:0x115a2d,7729263
v1,1790758530548628,SAT,3307,10728d70e0641a69:0x115a2d,7732570
v1,1790758530551825,SAT,54,10728d70e0641a69:0x115a2d,7732624
v1,1790758530552194,UNSAT,137,10728d70e0641a69:0x115a2d,7732761
v1,1790758530552277,SAT,66,10728d70e0641a69:0x115a2d,7732827
v1,1790758530552777,UNSAT,183,10728d70e0641a69:0x115a2d,7733010
v1,1790758530552965,SAT,103,10728d70e0641a69:0x115a2d,7733113
v1,1790758530553341,SAT,116,10728d70e0641a69:0x115a2d,7733229
v1,1790758530559279,SAT,5143,10728d70e0641a69:0x115a2d,7738372
v1,1790758530563974,SAT,42,10728d70e0641a69:0x115a2d,7738414
v1,1790758530564349,UNSAT,137,10728d70e0641a69:0x115a2d,7738551
v1,1790758530564386,SAT,20,10728d70e0641a69:0x115a2d,7738571
v1,1790758530564657,UNSAT,108,10728d70e0641a69:0x115a2d,7738679
v1,1790758530564756,SAT,61,10728d70e0641a69:0x115a2d,7738740
v1,1790758530564948,SAT,62,10728d70e0641a69:0x115a2d,7738802
v1,1790758530565639,SAT,367,10728d70e0641a69:0x115a2d,7739169
v1,1790758530565692,SAT,26,10728d70e0641a69:0x115a2d,7739195
v1,1790758530565899,UNSAT,94,10728d70e0641a69:0x115a2d,7739289
v1,1790758530565930,SAT,20,10728d70e0641a69:0x115a2d,7739309
v1,1790758530566100,UNSAT,71,10728d70e0641a69:0x115a2d,7739380
v1,1790758530566175,SAT,61,10728d70e0641a69:0x115a2d,7739441
v1,1790758530566328,SAT,59,10728d70e0641a69:0x115a2d,7739500
v1,1790758530566799,SAT,336,10728d70e0641a69:0x115a2d,7739836
v1,1790758530566843,SAT,21,10728d70e0641a69:0x115a2d,7739857
v1,1790758530567177,UNSAT,232,10728d70e0641a69:0x115a2d,7740089
v1,1790758530567225,SAT,34,10728d70e0641a69:0x115a2d,7740123
v1,1790758530567421,UNSAT,82,10728d70e0641a69:0x115a2d,7740205
v1,1790758530567493,SAT,55,10728d70e0641a69:0x115a2d,7740260
v1,1790758530567655,SAT,61,10728d70e0641a69:0x115a2d,7740321
v1,1790758530568119,SAT,341,10728d70e0641a69:0x115a2d,7740662
v1,1790758530568162,SAT,22,10728d70e0641a69:0x115a2d,7740684
v1,1790758530568339,UNSAT,74,10728d70e0641a69:0x115a2d,7740758
v1,1790758530568368,SAT,19,10728d70e0641a69:0x115a2d,7740777
v1,1790758530568535,UNSAT,82,10728d70e0641a69:0x115a2d,7740859
v1,1790758530568609,SAT,59,10728d70e0641a69:0x115a2d,7740918
v1,1790758530568748,SAT,55,10728d70e0641a69:0x115a2d,7740973
v1,1790758530569424,SAT,350,10728d70e0641a69:0x115a2d,7741323
v1,1790758530569485,SAT,30,10728d70e0641a69:0x115a2d,7741353
v1,1790758530569739,UNSAT,104,10728d70e0641a69:0x115a2d,7741457
v1,1790758530569802,SAT,52,10728d70e0641a69:0x115a2d,7741509
v1,1790758530570018,UNSAT,91,10728d70e0641a69:0x115a2d,7741600
v1,1790758530570189,SAT,134,10728d70e0641a69:0x115a2d,7741734
v1,1790758530570378,SAT,63,10728d70e0641a69:0x115a2d,7741797
v1,1790758530572666,SAT,1791,10728d70e0641a69:0x115a2d,7743588
v1,1790758530574329,SAT,34,10728d70e0641a69:0x115a2d,7743622
v1,1790758530574749,UNSAT,152,10728d70e0641a69:0x115a2d,7743774
v1,1790758530574789,SAT,26,10728d70e0641a69:0x115a2d,7743800
v1,1790758530575114,UNSAT,131,10728d70e0641a69:0x115a2d,7743931
v1,1790758530575243,SAT,58,10728d70e0641a69:0x115a2d,7743989
v1,1790758530575507,SAT,77,10728d70e0641a69:0x115a2d,7744066
v1,1790758530579344,SAT,3247,10728d70e0641a69:0x115a2d,7747313
v1,1790758530582478,SAT,35,10728d70e0641a69:0x115a2d,7747348
v1,1790758530582991,UNSAT,202,10728d70e0641a69:0x115a2d,7747550
v1,1790758530583041,SAT,34,10728d70e0641a69:0x115a2d,7747584
v1,1790758530583474,UNSAT,186,10728d70e0641a69:0x115a2d,7747770
v1,1790758530583657,SAT,68,10728d70e0641a69:0x115a2d,7747838
v1,1790758530583946,SAT,69,10728d70e0641a69:0x115a2d,7747907
v1,1790758530589405,SAT,4756,10728d70e0641a69:0x115a2d,7752663
v1,1790758530594153,SAT,77,10728d70e0641a69:0x115a2d,7752740
v1,1790758530594789,UNSAT,243,10728d70e0641a69:0x115a2d,7752983
v1,1790758530594828,SAT,23,10728d70e0641a69:0x115a2d,7753006
v1,1790758530595322,UNSAT,217,10728d70e0641a69:0x115a2d,7753223
v1,1790758530595533,SAT,62,10728d70e0641a69:0x115a2d,7753285
v1,1790758530595849,SAT,68,10728d70e0641a69:0x115a2d,7753353
v1,1790758530602934,SAT,6262,10728d70e0641a69:0x115a2d,7759615
v1,1790758530609099,SAT,64,10728d70e0641a69:0x115a2d,7759679
v1,1790758530609818,UNSAT,320,10728d70e0641a69:0x115a2d,7759999
v1,1790758530609901,SAT,47,10728d70e0641a69:0x115a2d,7760046
v1,1790758530610577,UNSAT,306,10728d70e0641a69:0x115a2d,7760352
v1,1790758530610850,SAT,80,10728d70e0641a69:0x115a2d,7760432
v1,1790758530611334,SAT,95,10728d70e0641a69:0x115a2d,7760527
v1,1790758530620296,SAT,7928,10728d70e0641a69:0x115a2d,7768455
v1,1790758530628078,SAT,83,10728d70e0641a69:0x115a2d,7768538
v1,1790758530628942,UNSAT,384,10728d70e0641a69:0x115a2d,7768922
v1,1790758530628987,SAT,25,10728d70e0641a69:0x115a2d,7768947
v1,1790758530629650,UNSAT,325,10728d70e0641a69:0x115a2d,7769272
v1,1790758530629942,SAT,64,10728d70e0641a69:0x115a2d,7769336
v1,1790758530630376,SAT,77,10728d70e0641a69:0x115a2d,7769413
v1,1790758530640937,SAT,9335,10728d70e0641a69:0x115a2d,7778748
v1,1790758530650166,SAT,141,10728d70e0641a69:0x115a2d,7778889
v1,1790758530651062,UNSAT,427,10728d70e0641a69:0x115a2d,7779316
v1,1790758530651131,SAT,48,10728d70e0641a69:0x115a2d,7779364
v1,1790758530651815,UNSAT,355,10728d70e0641a69:0x115a2d,7779719
v1,1790758530652173,SAT,88,10728d70e0641a69:0x115a2d,7779807
v1,1790758530652698,SAT,150,10728d70e0641a69:0x115a2d,7779957
v1,1790758530665316,SAT,11010,10728d70e0641a69:0x115a2d,7790967
v1,1790758530676495,SAT,135,10728d70e0641a69:0x115a2d,7791102
v1,1790758530677569,UNSAT,571,10728d70e0641a69:0x115a2d,7791673
v1,1790758530677665,SAT,50,10728d70e0641a69:0x115a2d,7791723
v1,1790758530678533,UNSAT,450,10728d70e0641a69:0x115a2d,7792173
v1,1790758530678938,SAT,80,10728d70e0641a69:0x115a2d,7792253
v1,1790758530679483,SAT,79,10728d70e0641a69:0x115a2d,7792332
v1,1790758530693897,SAT,12500,10728d70e0641a69:0x115a2d,7804832
v1,1790758530706122,SAT,55,10728d70e0641a69:0x115a2d,7804887
v1,1790758530707080,UNSAT,581,10728d70e0641a69:0x115a2d,7805468
v1,1790758530707127,SAT,25,10728d70e0641a69:0x115a2d,7805493
v1,1790758530707905,UNSAT,512,10728d70e0641a69:0x115a2d,7806005
v1,1790758530708372,SAT,77,10728d70e0641a69:0x115a2d,7806082
v1,1790758530708960,SAT,78,10728d70e0641a69:0x115a2d,7806160
v1,1790758530724989,SAT,13894,10728d70e0641a69:0x115a2d,7820054
v1,1790758530739082,SAT,62,10728d70e0641a69:0x115a2d,7820116
v1,1790758530740342,UNSAT,761,10728d70e0641a69:0x115a2d,7820877
v1,1790758530740407,SAT,31,10728d70e0641a69:0x115a2d,7820908
v1,1790758530741363,UNSAT,579,10728d70e0641a69:0x115a2d,7821487
v1,1790758530742174,SAT,99,10728d70e0641a69:0x115a2d,7821586
v1,1790758530742884,SAT,88,10728d70e0641a69:0x115a2d,7821674
v1,1790758530760940,SAT,15434,10728d70e0641a69:0x115a2d,7837108
v1,1790758530776213,SAT,69,10728d70e0641a69:0x115a2d,7837177
v1,1790758530777461,UNSAT,722,10728d70e0641a69:0x115a2d,7837899
v1,1790758530777516,SAT,28,10728d70e0641a69:0x115a2d,7837927
v1,1790758530778537,UNSAT,634,10728d70e0641a69:0x115a2d,7838561
v1,1790758530779135,SAT,79,10728d70e0641a69:0x115a2d,7838640
v1,1790758530779899,SAT,80,10728d70e0641a69:0x115a2d,7838720
v1,1790758530800125,SAT,17089,10728d70e0641a69:0x115a2d,7855809
v1,1790758530816825,SAT,89,10728d70e0641a69:0x115a2d,7855898
v1,1790758530818123,UNSAT,746,10728d70e0641a69:0x115a2d,7856644
v1,1790758530818180,SAT,33,10728d70e0641a69:0x115a2d,7856677
v1,1790758530819212,UNSAT,624,10728d70e0641a69:0x115a2d,7857301
v1,1790758530819800,SAT,75,10728d70e0641a69:0x115a2d,7857376
v1,1790758530820494,SAT,76,10728d70e0641a69:0x115a2d,7857452
v1,1790758530842314,SAT,18313,10728d70e0641a69:0x115a2d,7875765
v1,1790758530860496,SAT,54,10728d70e0641a69:0x115a2d,7875819
v1,1790758530861849,UNSAT,818,10728d70e0641a69:0x115a2d,7876637
v1,1790758530861935,SAT,42,10728d70e0641a69:0x115a2d,7876679
v1,1790758530863218,UNSAT,772,10728d70e0641a69:0x115a2d,7877451
v1,1790758530863928,SAT,98,10728d70e0641a69:0x115a2d,7877549
v1,1790758530864741,SAT,83,10728d70e0641a69:0x115a2d,7877632
v1,1790758530889416,SAT,20425,10728d70e0641a69:0x115a2d,7898057
v1,1790758530909268,SAT,75,10728d70e0641a69:0x115a2d,7898132
v1,1790758530910682,UNSAT,818,10728d70e0641a69:0x115a2d,7898950
v1,1790758530910737,SAT,27,10728d70e0641a69:0x115a2d,7898977
v1,1790758530911862,UNSAT,696,10728d70e0641a69:0x115a2d,7899673
v1,1790758530912576,SAT,112,10728d70e0641a69:0x115a2d,7899785
v1,1790758530913598,SAT,97,10728d70e0641a69:0x115a2d,7899882
v1,1790758530939741,SAT,21391,10728d70e0641a69:0x115a2d,7921273
v1,1790758530961116,SAT,69,10728d70e0641a69:0x115a2d,7921342
v1,1790758530962589,UNSAT,843,10728d70e0641a69:0x115a2d,7922185
v1,1790758530962639,SAT,27,10728d70e0641a69:0x115a2d,7922212
v1,1790758530963817,UNSAT,710,10728d70e0641a69:0x115a2d,7922922
v1,1790758530964510,SAT,71,10728d70e0641a69:0x115a2d,7922993
v1,1790758530965352,SAT,75,10728d70e0641a69:0x115a2d,7923068
v1,1790758530993616,SAT,22993,10728d70e0641a69:0x115a2d,7946061
v1,1790758531016301,SAT,82,10728d70e0641a69:0x115a2d,7946143
v1,1790758531017870,UNSAT,894,10728d70e0641a69:0x115a2d,7947037
v1,1790758531017960,SAT,65,10728d70e0641a69:0x115a2d,7947102
v1,1790758531019228,UNSAT,733,10728d70e0641a69:0x115a2d,7947835
v1,1790758531019970,SAT,81,10728d70e0641a69:0x115a2d,7947916
v1,1790758531020841,SAT,82,10728d70e0641a69:0x115a2d,7947998
v1,1790758531052071,SAT,25166,10728d70e0641a69:0x115a2d,7973164
v1,1790758531076537,SAT,72,10728d70e0641a69:0x115a2d,7973236
v1,1790758531078019,UNSAT,1033,10728d70e0641a69:0x115a2d,7974269
v1,1790758531078253,SAT,201,10728d70e0641a69:0x115a2d,7974470
v1,1790758531079684,UNSAT,968,10728d70e0641a69:0x115a2d,7975438
v1,1790758531080519,SAT,88,10728d70e0641a69:0x115a2d,7975526
v1,1790758531081526,SAT,83,10728d70e0641a69:0x115a2d,7975609
v1,1790758531113839,SAT,25920,10728d70e0641a69:0x115a2d,8001529
v1,1790758531139532,SAT,62,10728d70e0641a69:0x115a2d,8001591
v1,1790758531141033,UNSAT,1028,10728d70e0641a69:0x115a2d,8002619
v1,1790758531141117,SAT,54,10728d70e0641a69:0x115a2d,8002673
v1,1790758531142414,UNSAT,908,10728d70e0641a69:0x115a2d,8003581
v1,1790758531143278,SAT,94,10728d70e0641a69:0x115a2d,8003675
v1,1790758531144260,SAT,84,10728d70e0641a69:0x115a2d,8003759
v1,1790758531178731,SAT,27324,10728d70e0641a69:0x115a2d,8031083
v1,1790758531205966,SAT,99,10728d70e0641a69:0x115a2d,8031182
v1,1790758531207606,UNSAT,1086,10728d70e0641a69:0x115a2d,8032268
v1,1790758531207675,SAT,40,10728d70e0641a69:0x115a2d,8032308
v1,1790758531209024,UNSAT,945,10728d70e0641a69:0x115a2d,8033253
v1,1790758531209917,SAT,85,10728d70e0641a69:0x115a2d,8033338
v1,1790758531210998,SAT,91,10728d70e0641a69:0x115a2d,8033429
v1,1790758531247779,SAT,28918,10728d70e0641a69:0x115a2d,8062347
v1,1790758531276615,SAT,301,10728d70e0641a69:0x115a2d,8062648
v1,1790758531278410,UNSAT,1151,10728d70e0641a69:0x115a2d,8063799
v1,1790758531278469,SAT,33,10728d70e0641a69:0x115a2d,8063832
v1,1790758531279912,UNSAT,986,10728d70e0641a69:0x115a2d,8064818
v1,1790758531280863,SAT,85,10728d70e0641a69:0x115a2d,8064903
v1,1790758531281975,SAT,90,10728d70e0641a69:0x115a2d,8064993
v1,1790758531321506,SAT,30900,10728d70e0641a69:0x115a2d,8095893
v1,1790758531351752,SAT,154,10728d70e0641a69:0x115a2d,8096047
v1,1790758531353547,UNSAT,1161,10728d70e0641a69:0x115a2d,8097208
v1,1790758531353607,SAT,34,10728d70e0641a69:0x115a2d,8097242
v1,1790758531355070,UNSAT,1001,10728d70e0641a69:0x115a2d,8098243
v1,1790758531356027,SAT,82,10728d70e0641a69:0x115a2d,8098325
v1,1790758531357135,SAT,87,10728d70e0641a69:0x115a2d,8098412
v1,1790758531398584,SAT,31873,10728d70e0641a69:0x115a2d,8130285
v1,1790758531430755,SAT,76,10728d70e0641a69:0x115a2d,8130361
v1,1790758531432652,UNSAT,1213,10728d70e0641a69:0x115a2d,8131574
v1,1790758531432715,SAT,35,10728d70e0641a69:0x115a2d,8131609
v1,1790758531434252,UNSAT,1043,10728d70e0641a69:0x115a2d,8132652
v1,1790758531435267,SAT,88,10728d70e0641a69:0x115a2d,8132740
v1,1790758531436406,SAT,83,10728d70e0641a69:0x115a2d,8132823
v1,1790758531480378,SAT,33404,10728d70e0641a69:0x115a2d,8166227
v1,1790758531513594,SAT,98,10728d70e0641a69:0x115a2d,8166325
v1,1790758531515675,UNSAT,1333,10728d70e0641a69:0x115a2d,8167658
v1,1790758531515750,SAT,35,10728d70e0641a69:0x115a2d,8167693
v1,1790758531518508,UNSAT,1982,10728d70e0641a69:0x115a2d,8169675
v1,1790758531520413,SAT,224,10728d70e0641a69:0x115a2d,8169899
v1,1790758531522607,SAT,161,10728d70e0641a69:0x115a2d,8170060
v1,1790758531572097,SAT,35095,10728d70e0641a69:0x115a2d,8205155
v1,1790758531606872,SAT,132,10728d70e0641a69:0x115a2d,8205287
v1,1790758531608929,UNSAT,1292,10728d70e0641a69:0x115a2d,8206579
v1,1790758531609135,SAT,179,10728d70e0641a69:0x115a2d,8206758
v1,1790758531610859,UNSAT,1131,10728d70e0641a69:0x115a2d,8207889
v1,1790758531611933,SAT,87,10728d70e0641a69:0x115a2d,8207976
v1,1790758531613154,SAT,93,10728d70e0641a69:0x115a2d,8208069
v1,1790758531661918,SAT,36420,10728d70e0641a69:0x115a2d,8244489
v1,1790758531697952,SAT,72,10728d70e0641a69:0x115a2d,8244561
v1,1790758531699805,UNSAT,1377,10728d70e0641a69:0x115a2d,8245938
v1,1790758531699864,SAT,32,10728d70e0641a69:0x115a2d,8245970
v1,1790758531701388,UNSAT,1178,10728d70e0641a69:0x115a2d,8247148
v1,1790758531702535,SAT,91,10728d70e0641a69:0x115a2d,8247239
v1,1790758531703821,SAT,86,10728d70e0641a69:0x115a2d,8247325
v1,1790758531754882,SAT,37887,10728d70e0641a69:0x115a2d,8285212
v1,1790758531792598,SAT,81,10728d70e0641a69:0x115a2d,8285293
v1,1790758531794567,UNSAT,1421,10728d70e0641a69:0x115a2d,8286714
v1,1790758531794624,SAT,31,10728d70e0641a69:0x115a2d,8286745
v1,1790758531796225,UNSAT,1206,10728d70e0641a69:0x115a2d,8287951
v1,1790758531797387,SAT,89,10728d70e0641a69:0x115a2d,8288040
v1,1790758531798712,SAT,78,10728d70e0641a69:0x115a2d,8288118
v1,1790758531852449,SAT,39516,10728d70e0641a69:0x115a2d,8327634
v1,1790758531892134,SAT,70,10728d70e0641a69:0x115a2d,8327704
v1,1790758531894269,UNSAT,1506,10728d70e0641a69:0x115a2d,8329210
v1,1790758531894341,SAT,44,10728d70e0641a69:0x115a2d,8329254
v1,1790758531896056,UNSAT,1241,10728d70e0641a69:0x115a2d,8330495
v1,1790758531897238,SAT,82,10728d70e0641a69:0x115a2d,8330577
v1,1790758531898628,SAT,83,10728d70e0641a69:0x115a2d,8330660
v1,1790758531954941,SAT,41070,10728d70e0641a69:0x115a2d,8371730
v1,1790758531996211,SAT,86,10728d70e0641a69:0x115a2d,8371816
v1,1790758531998329,UNSAT,1454,10728d70e0641a69:0x115a2d,8373270
v1,1790758531998385,SAT,30,10728d70e0641a69:0x115a2d,8373300
v1,1790758532000194,UNSAT,1294,10728d70e0641a69:0x115a2d,8374594
v1,1790758532001422,SAT,91,10728d70e0641a69:0x115a2d,8374685
v1,1790758532002891,SAT,82,10728d70e0641a69:0x115a2d,8374767
v1,1790758532061582,SAT,42361,10728d70e0641a69:0x115a2d,8417128
v1,1790758532103593,SAT,87,10728d70e0641a69:0x115a2d,8417215
v1,1790758532105712,UNSAT,1493,10728d70e0641a69:0x115a2d,8418708
v1,1790758532105779,SAT,42,10728d70e0641a69:0x115a2d,8418750
v1,1790758532107570,UNSAT,1300,10728d70e0641a69:0x115a2d,8420050
v1,1790758532108824,SAT,85,10728d70e0641a69:0x115a2d,8420135
v1,1790758532110280,SAT,86,10728d70e0641a69:0x115a2d,8420221
v1,1790758532171953,SAT,44063,10728d70e0641a69:0x115a2d,8464284
v1,1790758532215411,SAT,69,10728d70e0641a69:0x115a2d,8464353
v1,1790758532217660,UNSAT,1548,10728d70e0641a69:0x115a2d,8465901
v1,1790758532217714,SAT,27,10728d70e0641a69:0x115a2d,8465928
v1,1790758532219608,UNSAT,1344,10728d70e0641a69:0x115a2d,8467272
v1,1790758532220902,SAT,81,10728d70e0641a69:0x115a2d,8467353
v1,1790758532222409,SAT,85,10728d70e0641a69:0x115a2d,8467438
v1,1790758532286890,SAT,45546,10728d70e0641a69:0x115a2d,8512984
v1,1790758532331901,SAT,69,10728d70e0641a69:0x115a2d,8513053
v1,1790758532334209,UNSAT,1597,10728d70e0641a69:0x115a2d,8514650
v1,1790758532334298,SAT,62,10728d70e0641a69:0x115a2d,8514712
v1,1790758532336295,UNSAT,1408,10728d70e0641a69:0x115a2d,8516120
v1,1790758532337654,SAT,85,10728d70e0641a69:0x115a2d,8516205
v1,1790758532339190,SAT,82,10728d70e0641a69:0x115a2d,8516287
v1,1790758532405988,SAT,47022,10728d70e0641a69:0x115a2d,8563309
v1,1790758532452959,SAT,110,10728d70e0641a69:0x115a2d,8563419
v1,1790758532456330,UNSAT,2129,10728d70e0641a69:0x115a2d,8565548
v1,1790758532456401,SAT,34,10728d70e0641a69:0x115a2d,8565582
v1,1790758532458568,UNSAT,1491,10728d70e0641a69:0x115a2d,8567073
v1,1790758532459986,SAT,113,10728d70e0641a69:0x115a2d,8567186
v1,1790758532461636,SAT,91,10728d70e0641a69:0x115a2d,8567277
v1,1790758532534871,SAT,50547,10728d70e0641a69:0x115a2d,8617824
v1,1790758532582888,SAT,66,10728d70e0641a69:0x115a2d,8617890
v1,1790758532585121,UNSAT,1698,10728d70e0641a69:0x115a2d,8619588
v1,1790758532585181,SAT,30,10728d70e0641a69:0x115a2d,8619618
v1,1790758532587046,UNSAT,1439,10728d70e0641a69:0x115a2d,8621057
v1,1790758532588462,SAT,86,10728d70e0641a69:0x115a2d,8621143
v1,1790758532590062,SAT,81,10728d70e0641a69:0x115a2d,8621224
v1,1790758532662321,SAT,50124,10728d70e0641a69:0x115a2d,8671348
v1,1790758532712860,SAT,158,10728d70e0641a69:0x115a2d,8671506
v1,1790758532715399,UNSAT,1864,10728d70e0641a69:0x115a2d,8673370
v1,1790758532715480,SAT,38,10728d70e0641a69:0x115a2d,8673408
v1,1790758532717519,UNSAT,1518,10728d70e0641a69:0x115a2d,8674926
v1,1790758532719002,SAT,91,10728d70e0641a69:0x115a2d,8675017
v1,1790758532720699,SAT,95,10728d70e0641a69:0x115a2d,8675112
v1,1790758532795802,SAT,51399,10728d70e0641a69:0x115a2d,8726511
v1,1790758532846644,SAT,69,10728d70e0641a69:0x115a2d,8726580
v1,1790758532849046,UNSAT,1747,10728d70e0641a69:0x115a2d,8728327
v1,1790758532849115,SAT,38,10728d70e0641a69:0x115a2d,8728365
v1,1790758532851204,UNSAT,1560,10728d70e0641a69:0x115a2d,8729925
v1,1790758532852874,SAT,106,10728d70e0641a69:0x115a2d,8730031
v1,1790758532854668,SAT,100,10728d70e0641a69:0x115a2d,8730131
v1,1790758532932744,SAT,52948,10728d70e0641a69:0x115a2d,8783079
v1,1790758532985315,SAT,94,10728d70e0641a69:0x115a2d,8783173
v1,1790758532988190,UNSAT,2050,10728d70e0641a69:0x115a2d,8785223
v1,1790758532988304,SAT,70,10728d70e0641a69:0x115a2d,8785293
v1,1790758532990785,UNSAT,1775,10728d70e0641a69:0x115a2d,8787068
v1,1790758532992522,SAT,120,10728d70e0641a69:0x115a2d,8787188
v1,1790758532994542,SAT,117,10728d70e0641a69:0x115a2d,8787305
v1,1790758533078763,SAT,54591,10728d70e0641a69:0x115a2d,8841896
v1,1790758533132834,SAT,71,10728d70e0641a69:0x115a2d,8841967
v1,1790758533135376,UNSAT,1813,10728d70e0641a69:0x115a2d,8843780
v1,1790758533135447,SAT,41,10728d70e0641a69:0x115a2d,8843821
v1,1790758533137650,UNSAT,1636,10728d70e0641a69:0x115a2d,8845457
v1,1790758533139201,SAT,86,10728d70e0641a69:0x115a2d,8845543
v1,1790758533141019,SAT,106,10728d70e0641a69:0x115a2d,8845649
v1,1790758533228393,SAT,57515,10728d70e0641a69:0x115a2d,8903164
v1,1790758533283987,SAT,142,10728d70e0641a69:0x115a2d,8903306
v1,1790758533286664,UNSAT,1909,10728d70e0641a69:0x115a2d,8905215
v1,1790758533286804,SAT,113,10728d70e0641a69:0x115a2d,8905328
v1,1790758533289122,UNSAT,1709,10728d70e0641a69:0x115a2d,8907037
v1,1790758533290770,SAT,95,10728d70e0641a69:0x115a2d,8907132
v1,1790758533292632,SAT,88,10728d70e0641a69:0x115a2d,8907220
v1,1790758533384406,SAT,62605,10728d70e0641a69:0x115a2d,8969825
v1,1790758533441874,SAT,103,10728d70e0641a69:0x115a2d,8969928
v1,1790758533444693,UNSAT,1957,10728d70e0641a69:0x115a2d,8971885
v1,1790758533444773,SAT,50,10728d70e0641a69:0x115a2d,8971935
v1,1790758533447196,UNSAT,1781,10728d70e0641a69:0x115a2d,8973716
v1,1790758533448961,SAT,92,10728d70e0641a69:0x115a2d,8973808
v1,1790758533450893,SAT,97,10728d70e0641a69:0x115a2d,8973905
v1,1790758533540805,SAT,59168,10728d70e0641a69:0x115a2d,9033073
v1,1790758533599243,SAT,71,10728d70e0641a69:0x115a2d,9033144
v1,1790758533602229,UNSAT,2078,10728d70e0641a69:0x115a2d,9035222
v1,1790758533602341,SAT,75,10728d70e0641a69:0x115a2d,9035297
v1,1790758533605052,UNSAT,1888,10728d70e0641a69:0x115a2d,9037185
v1,1790758533607042,SAT,135,10728d70e0641a69:0x115a2d,9037320
v1,1790758533609524,SAT,124,10728d70e0641a69:0x115a2d,9037444
v1,1790758533702915,SAT,60464,10728d70e0641a69:0x115a2d,9097908
v1,1790758533762808,SAT,81,10728d70e0641a69:0x115a2d,9097989
v1,1790758533765343,UNSAT,2037,10728d70e0641a69:0x115a2d,9100026
v1,1790758533765463,SAT,90,10728d70e0641a69:0x115a2d,9100116
v1,1790758533767774,UNSAT,1927,10728d70e0641a69:0x115a2d,9102043
v1,1790758533769802,SAT,115,10728d70e0641a69:0x115a2d,9102158
v1,1790758533771938,SAT,114,10728d70e0641a69:0x115a2d,9102272
v1,1790758533868174,SAT,61961,10728d70e0641a69:0x115a2d,9164233
v1,1790758533929564,SAT,73,10728d70e0641a69:0x115a2d,9164306
v1,1790758533932133,UNSAT,2082,10728d70e0641a69:0x115a2d,9166388
v1,1790758533932204,SAT,29,10728d70e0641a69:0x115a2d,9166417
v1,1790758533934393,UNSAT,1790,10728d70e0641a69:0x115a2d,9168207
v1,1790758533936126,SAT,94,10728d70e0641a69:0x115a2d,9168301
v1,1790758533938141,SAT,101,10728d70e0641a69:0x115a2d,9168402
v1,1790758534037640,SAT,63404,10728d70e0641a69:0x115a2d,9231806
v1,1790758534100434,SAT,83,10728d70e0641a69:0x115a2d,9231889
v1,1790758534102964,UNSAT,2043,10728d70e0641a69:0x115a2d,9233932
v1,1790758534103067,SAT,48,10728d70e0641a69:0x115a2d,9233980
v1,1790758534106296,UNSAT,2488,10728d70e0641a69:0x115a2d,9236468
v1,1790758534108099,SAT,104,10728d70e0641a69:0x115a2d,9236572
v1,1790758534110112,SAT,89,10728d70e0641a69:0x115a2d,9236661
v1,1790758534212898,SAT,65004,10728d70e0641a69:0x115a2d,9301665
v1,1790758534277197,SAT,82,10728d70e0641a69:0x115a2d,9301747
v1,1790758534279750,UNSAT,2055,10728d70e0641a69:0x115a2d,9303802
v1,1790758534279809,SAT,28,10728d70e0641a69:0x115a2d,9303830
v1,1790758534281946,UNSAT,1771,10728d70e0641a69:0x115a2d,9305601
v1,1790758534283661,SAT,85,10728d70e0641a69:0x115a2d,9305686
v1,1790758534285614,SAT,93,10728d70e0641a69:0x115a2d,9305779
v1,1790758534390494,SAT,66357,10728d70e0641a69:0x115a2d,9372136
v1,1790758534456252,SAT,79,10728d70e0641a69:0x115a2d,9372215
v1,1790758534458768,UNSAT,2037,10728d70e0641a69:0x115a2d,9374252
v1,1790758534458830,SAT,31,10728d70e0641a69:0x115a2d,9374283
v1,1790758534460975,UNSAT,1767,10728d70e0641a69:0x115a2d,9376050
v1,1790758534462694,SAT,85,10728d70e0641a69:0x115a2d,9376135
v1,1790758534464725,SAT,100,10728d70e0641a69:0x115a2d,9376235
v1,1790758534572912,SAT,67822,10728d70e0641a69:0x115a2d,9444057
v1,1790758534640158,SAT,87,10728d70e0641a69:0x115a2d,9444144
v1,1790758534642720,UNSAT,2060,10728d70e0641a69:0x115a2d,9446204
v1,1790758534642782,SAT,31,10728d70e0641a69:0x115a2d,9446235
v1,1790758534644983,UNSAT,1791,10728d70e0641a69:0x115a2d,9448026
v1,1790758534646730,SAT,82,10728d70e0641a69:0x115a2d,9448108
v1,1790758534648677,SAT,92,10728d70e0641a69:0x115a2d,9448200
v1,1790758534761803,SAT,70959,10728d70e0641a69:0x115a2d,9519159
v1,1790758534832285,SAT,78,10728d70e0641a69:0x115a2d,9519237
v1,1790758534835007,UNSAT,2207,10728d70e0641a69:0x115a2d,9521444
v1,1790758534835070,SAT,29,10728d70e0641a69:0x115a2d,9521473
v1,1790758534837316,UNSAT,1816,10728d70e0641a69:0x115a2d,9523289
v1,1790758534839141,SAT,86,10728d70e0641a69:0x115a2d,9523375
v1,1790758534841138,SAT,87,10728d70e0641a69:0x115a2d,9523462
v1,1790758534956522,SAT,71065,10728d70e0641a69:0x115a2d,9594527
v1,1790758535027788,SAT,120,10728d70e0641a69:0x115a2d,9594647
v1,1790758535030497,UNSAT,2120,10728d70e0641a69:0x115a2d,9596767
v1,1790758535030576,SAT,40,10728d70e0641a69:0x115a2d,9596807
v1,1790758535032847,UNSAT,1847,10728d70e0641a69:0x115a2d,9598654
v1,1790758535034652,SAT,129,10728d70e0641a69:0x115a2d,9598783
v1,1790758535036725,SAT,97,10728d70e0641a69:0x115a2d,9598880
v1,1790758535155625,SAT,72594,10728d70e0641a69:0x115a2d,9671474
v1,1790758535227322,SAT,76,10728d70e0641a69:0x115a2d,9671550
v1,1790758535229927,UNSAT,2067,10728d70e0641a69:0x115a2d,9673617
v1,1790758535229992,SAT,35,10728d70e0641a69:0x115a2d,9673652
v1,1790758535232177,UNSAT,1781,10728d70e0641a69:0x115a2d,9675433
v1,1790758535233903,SAT,82,10728d70e0641a69:0x115a2d,9675515
v1,1790758535235889,SAT,92,10728d70e0641a69:0x115a2d,9675607
v1,1790758535356133,SAT,74007,10728d70e0641a69:0x115a2d,9749614
v1,1790758535429723,SAT,90,10728d70e0641a69:0x115a2d,9749704
v1,1790758535432388,UNSAT,2129,10728d70e0641a69:0x115a2d,9751833
v1,1790758535432452,SAT,31,10728d70e0641a69:0x115a2d,9751864
v1,1790758535434677,UNSAT,1797,10728d70e0641a69:0x115a2d,9753661
v1,1790758535436383,SAT,79,10728d70e0641a69:0x115a2d,9753740
v1,1790758535438370,SAT,89,10728d70e0641a69:0x115a2d,9753829
v1,1790758535562493,SAT,75776,10728d70e0641a69:0x115a2d,9829605
v1,1790758535637649,SAT,76,10728d70e0641a69:0x115a2d,9829681
v1,1790758535640324,UNSAT,2138,10728d70e0641a69:0x115a2d,9831819
v1,1790758535640391,SAT,35,10728d70e0641a69:0x115a2d,9831854
v1,1790758535642654,UNSAT,1825,10728d70e0641a69:0x115a2d,9833679
v1,1790758535644418,SAT,96,10728d70e0641a69:0x115a2d,9833775
v1,1790758535646456,SAT,87,10728d70e0641a69:0x115a2d,9833862
v1,1790758535773718,SAT,77097,10728d70e0641a69:0x115a2d,9910959
v1,1790758535850093,SAT,98,10728d70e0641a69:0x115a2d,9911057
v1,1790758535853052,UNSAT,2308,10728d70e0641a69:0x115a2d,9913365
v1,1790758535853157,SAT,71,10728d70e0641a69:0x115a2d,9913436
v1,1790758535855618,UNSAT,1982,10728d70e0641a69:0x115a2d,9915418
v1,1790758535857456,SAT,96,10728d70e0641a69:0x115a2d,9915514
v1,1790758535859597,SAT,96,10728d70e0641a69:0x115a2d,9915610
v1,1790758535989521,SAT,78463,10728d70e0641a69:0x115a2d,9994073
v1,1790758536067252,SAT,94,10728d70e0641a69:0x115a2d,9994167
v1,1790758536069837,UNSAT,2040,10728d70e0641a69:0x115a2d,9996207
v1,1790758536069983,SAT,114,10728d70e0641a69:0x115a2d,9996321
v1,1790758536072181,UNSAT,1762,10728d70e0641a69:0x115a2d,9998083
v1,1790758536073905,SAT,85,10728d70e0641a69:0x115a2d,9998168
v1,1790758536075911,SAT,86,10728d70e0641a69:0x115a2d,9998254
v1,1790758536209125,SAT,80157,10728d70e0641a69:0x115a2d,10078411
v1,1790758536288388,SAT,66,10728d70e0641a69:0x115a2d,10078477
v1,1790758536290969,UNSAT,2062,10728d70e0641a69:0x115a2d,10080539
v1,1790758536291025,SAT,28,10728d70e0641a69:0x115a2d,10080567
v1,1790758536293213,UNSAT,1767,10728d70e0641a69:0x115a2d,10082334
v1,1790758536294940,SAT,84,10728d70e0641a69:0x115a2d,10082418
v1,1790758536296949,SAT,86,10728d70e0641a69:0x115a2d,10082504
v1,1790758536432861,SAT,81659,10728d70e0641a69:0x115a2d,10164163
v1,1790758536513705,SAT,70,10728d70e0641a69:0x115a2d,10164233
v1,1790758536516330,UNSAT,2086,10728d70e0641a69:0x115a2d,10166319
v1,1790758536516403,SAT,32,10728d70e0641a69:0x115a2d,10166351
v1,1790758536519047,UNSAT,2143,10728d70e0641a69:0x115a2d,10168494
v1,1790758536520995,SAT,96,10728d70e0641a69:0x115a2d,10168590
v1,1790758536523156,SAT,95,10728d70e0641a69:0x115a2d,10168685
v1,1790758536663899,SAT,83232,10728d70e0641a69:0x115a2d,10251917
v1,1790758536746370,SAT,77,10728d70e0641a69:0x115a2d,10251994
v1,1790758536749086,UNSAT,2155,10728d70e0641a69:0x115a2d,10254149
v1,1790758536749156,SAT,36,10728d70e0641a69:0x115a2d,10254185
v1,1790758536751531,UNSAT,1876,10728d70e0641a69:0x115a2d,10256061
v1,1790758536753328,SAT,97,10728d70e0641a69:0x115a2d,10256158
v1,1790758536755411,SAT,88,10728d70e0641a69:0x115a2d,10256246
v1,1790758536898495,SAT,84632,10728d70e0641a69:0x115a2d,10340878
v1,1790758536982179,SAT,89,10728d70e0641a69:0x115a2d,10340967
v1,1790758536984841,UNSAT,2094,10728d70e0641a69:0x115a2d,10343061
v1,1790758536984941,SAT,70,10728d70e0641a69:0x115a2d,10343131
v1,1790758536987225,UNSAT,1821,10728d70e0641a69:0x115a2d,10344952
v1,1790758536988962,SAT,88,10728d70e0641a69:0x115a2d,10345040
v1,1790758536991033,SAT,86,10728d70e0641a69:0x115a2d,10345126
v1,1790758537137153,SAT,86407,10728d70e0641a69:0x115a2d,10431533
v1,1790758537222607,SAT,116,10728d70e0641a69:0x115a2d,10431649
v1,1790758537225362,UNSAT,2192,10728d70e0641a69:0x115a2d,10433841
v1,1790758537225425,SAT,33,10728d70e0641a69:0x115a2d,10433874
v1,1790758537227750,UNSAT,1846,10728d70e0641a69:0x115a2d,10435720
v1,1790758537229501,SAT,86,10728d70e0641a69:0x115a2d,10435806
v1,1790758537231518,SAT,83,10728d70e0641a69:0x115a2d,10435889
v1,1790758537380512,SAT,87577,10728d70e0641a69:0x115a2d,10523466
v1,1790758537467690,SAT,78,10728d70e0641a69:0x115a2d,10523544
v1,1790758537470358,UNSAT,2093,10728d70e0641a69:0x115a2d,10525637
v1,1790758537470419,SAT,31,10728d70e0641a69:0x115a2d,10525668
v1,1790758537472724,UNSAT,1843,10728d70e0641a69:0x115a2d,10527511
v1,1790758537474647,SAT,97,10728d70e0641a69:0x115a2d,10527608
v1,1790758537476758,SAT,100,10728d70e0641a69:0x115a2d,10527708
v1,1790758537628454,SAT,89038,10728d70e0641a69:0x115a2d,10616746
v1,1790758537716527,SAT,75,10728d70e0641a69:0x115a2d,10616821
v1,1790758537719219,UNSAT,2111,10728d70e0641a69:0x115a2d,10618932
v1,1790758537719308,SAT,48,10728d70e0641a69:0x115a2d,10618980
v1,1790758537721734,UNSAT,1896,10728d70e0641a69:0x115a2d,10620876
v1,1790758537723613,SAT,95,10728d70e0641a69:0x115a2d,10620971
v1,1790758537725731,SAT,93,10728d70e0641a69:0x115a2d,10621064
v1,1790758537880871,SAT,90663,10728d70e0641a69:0x115a2d,10711727
v1,1790758537970750,SAT,87,10728d70e0641a69:0x115a2d,10711814
v1,1790758537973405,UNSAT,2058,10728d70e0641a69:0x115a2d,10713872
v1,1790758537973466,SAT,31,10728d70e0641a69:0x115a2d,10713903
v1,1790758537975766,UNSAT,1819,10728d70e0641a69:0x115a2d,10715722
v1,1790758537977524,SAT,85,10728d70e0641a69:0x115a2d,10715807
v1,1790758537979542,SAT,89,10728d70e0641a69:0x115a2d,10715896
v1,1790758538138495,SAT,92230,10728d70e0641a69:0x115a2d,10808126
v1,1790758538230346,SAT,92,10728d70e0641a69:0x115a2d,10808218
v1,1790758538233088,UNSAT,2122,10728d70e0641a69:0x115a2d,10810340
v1,1790758538233151,SAT,31,10728d70e0641a69:0x115a2d,10810371
v1,1790758538235550,UNSAT,1881,10728d70e0641a69:0x115a2d,10812252
v1,1790758538237361,SAT,94,10728d70e0641a69:0x115a2d,10812346
v1,1790758538239454,SAT,88,10728d70e0641a69:0x115a2d,10812434
v1,1790758538400607,SAT,93611,10728d70e0641a69:0x115a2d,10906045
v1,1790758538493298,SAT,110,10728d70e0641a69:0x115a2d,10906155
v1,1790758538496142,UNSAT,2220,10728d70e0641a69:0x115a2d,10908375
v1,1790758538496258,SAT,59,10728d70e0641a69:0x115a2d,10908434
v1,1790758538498848,UNSAT,2006,10728d70e0641a69:0x115a2d,10910440
v1,1790758538500816,SAT,106,10728d70e0641a69:0x115a2d,10910546
v1,1790758538502899,SAT,89,10728d70e0641a69:0x115a2d,10910635
v1,1790758538668452,SAT,95259,10728d70e0641a69:0x115a2d,11005894
v1,1790758538762768,SAT,87,10728d70e0641a69:0x115a2d,11005981
v1,1790758538765473,UNSAT,2092,10728d70e0641a69:0x115a2d,11008073
v1,1790758538765536,SAT,31,10728d70e0641a69:0x115a2d,11008104
v1,1790758538767818,UNSAT,1810,10728d70e0641a69:0x115a2d,11009914
v1,1790758538769612,SAT,96,10728d70e0641a69:0x115a2d,11010010
v1,1790758538771712,SAT,87,10728d70e0641a69:0x115a2d,11010097
v1,1790758538775559,UNSAT,207,10728d70e0641a69:0xa9118,11010304
v1,1790758538776097,SAT,174,10728d70e0641a69:0xa9118,11010478
v1,1790758600688683,SAT,269,10728d70e0641a69:0x8eccc,269
v1,1790758600697533,SAT,2973,10728d70e0641a69:0xa7f5f,3242
v1,1790758600715640,SAT,3522,10728d70e0641a69:0x8eccc,6764
v1,1790758607121126,UNSAT,251,10728d70e0641a69:0x3ec76,251
v1,1790758607122320,SAT,698,10728d70e0641a69:0x3ec76,949
v1,1790758607149330,UNSAT,219,10728d70e0641a69:0x290c3,1168
v1,1790758607150162,SAT,478,10728d70e0641a69:0x290c3,1646
v1,1790758607156518,UNSAT,192,10728d70e0641a69:0x2910c,1838
v1,1790758607157265,SAT,470,10728d70e0641a69:0x2910c,2308
v1,1790758607168339,UNSAT,204,10728d70e0641a69:0x2919f,2512
v1,1790758607169102,SAT,483,10728d70e0641a69:0x2919f,2995
v1,1790758607176387,UNSAT,313,10728d70e0641a69:0x291e6,3308
v1,1790758607177107,SAT,419,10728d70e0641a69:0x291e6,3727
v1,1790758607187624,UNSAT,212,10728d70e0641a69:0x29277,3939
v1,1790758607188370,SAT,465,10728d70e0641a69:0x29277,4404
v1,1790758607195608,UNSAT,190,10728d70e0641a69:0x292be,4594
v1,1790758607196287,SAT,399,10728d70e0641a69:0x292be,4993
v1,1790758607206523,UNSAT,201,10728d70e0641a69:0x2934c,5194
v1,1790758607207272,SAT,484,10728d70e0641a69:0x2934c,5678
v1,1790758607214056,UNSAT,184,10728d70e0641a69:0x29394,5862
v1,1790758607214720,SAT,391,10728d70e0641a69:0x29394,6253
v1,1790758612693177,UNSAT,241,10728d70e0641a69:0xa85ea,241
v1,1790758612694414,SAT,636,10728d70e0641a69:0xa85ea,877
v1,1790758612713411,UNSAT,196,10728d70e0641a69:0x3078c,1073
v1,1790758612713944,SAT,276,10728d70e0641a69:0x3078c,1349
v1,1790758612721758,UNSAT,190,10728d70e0641a69:0x290c3,1539
v1,1790758612722432,SAT,417,10728d70e0641a69:0x290c3,1956
v1,1790758612729456,UNSAT,300,10728d70e0641a69:0x2910c,2256
v1,1790758612730238,SAT,486,10728d70e0641a69:0x2910c,2742
v1,1790758612740311,UNSAT,196,10728d70e0641a69:0x2919f,2938
v1,1790758612741060,SAT,478,10728d70e0641a69:0x2919f,3416
v1,1790758612747392,UNSAT,197,10728d70e0641a69:0x291e6,3613
v1,1790758612748148,SAT,427,10728d70e0641a69:0x291e6,4040
v1,1790758612758429,UNSAT,208,10728d70e0641a69:0x29277,4248
v1,1790758612759172,SAT,473,10728d70e0641a69:0x29277,4721
v1,1790758612765397,UNSAT,197,10728d70e0641a69:0x292be,4918
v1,1790758612766075,SAT,402,10728d70e0641a69:0x292be,5320
v1,1790758612775949,UNSAT,190,10728d70e0641a69:0x2934c,5510
v1,1790758612776669,SAT,453,10728d70e0641a69:0x2934c,5963
v1,1790758612782995,UNSAT,190,10728d70e0641a69:0x29394,6153
v1,1790758612783653,SAT,389,10728d70e0641a69:0x29394,6542
v1,1790758612853550,UNSAT,193,10728d70e0641a69:0x30a82,6735
v1,1790758612853950,SAT,152,10728d70e0641a69:0x30a82,6887
v1,1790758613147533,UNSAT,214,10728d70e0641a69:0x3e5dd,7101
v1,1790758613147973,SAT,158,10728d70e0641a69:0x3e5dd,7259
v1,1790758613159228,UNSAT,190,10728d70e0641a69:0x3e6a2,7449
v1,1790758613160032,SAT,516,10728d70e0641a69:0x3e6a2,7965
v1,1790758613174961,UNSAT,202,10728d70e0641a69:0xaa573,8167
v1,1790758613175428,SAT,191,10728d70e0641a69:0xaa573,8358
v1,1790758613192532,UNSAT,202,10728d70e0641a69:0x290c3,8560
v1,1790758613193299,SAT,478,10728d70e0641a69:0x290c3,9038
v1,1790758613197337,UNSAT,196,10728d70e0641a69:0x2910c,9234
v1,1790758613198122,SAT,516,10728d70e0641a69:0x2910c,9750
v1,1790758613202408,UNSAT,196,10728d70e0641a69:0x2919f,9946
v1,1790758613203214,SAT,534,10728d70e0641a69:0x2919f,10480
v1,1790758613207701,UNSAT,195,10728d70e0641a69:0x291e6,10675
v1,1790758613208442,SAT,461,10728d70e0641a69:0x291e6,11136
v1,1790758613213084,UNSAT,202,10728d70e0641a69:0x29277,11338
v1,1790758613213925,SAT,539,10728d70e0641a69:0x29277,11877
v1,1790758613218472,UNSAT,241,10728d70e0641a69:0x292be,12118
v1,1790758613219238,SAT,461,10728d70e0641a69:0x292be,12579
v1,1790758613223847,UNSAT,211,10728d70e0641a69:0x2934c,12790
v1,1790758613224679,SAT,543,10728d70e0641a69:0x2934c,13333
v1,1790758613229310,UNSAT,193,10728d70e0641a69:0x29394,13526
v1,1790758613230064,SAT,471,10728d70e0641a69:0x29394,13997
v1,1790758618679658,UNSAT,204,10728d70e0641a69:0xa828b,204
v1,1790758618681117,SAT,800,10728d70e0641a69:0xa828b,1004
v1,1790758618701613,UNSAT,198,10728d70e0641a69:0x290c3,1202
v1,1790758618702476,SAT,435,10728d70e0641a69:0x290c3,1637
v1,1790758618708313,UNSAT,196,10728d70e0641a69:0x2910c,1833
v1,1790758618709118,SAT,552,10728d70e0641a69:0x2910c,2385
v1,1790758618718712,UNSAT,190,10728d70e0641a69:0x2919f,2575
v1,1790758618719429,SAT,466,10728d70e0641a69:0x2919f,3041
v1,1790758618725223,UNSAT,183,10728d70e0641a69:0x291e6,3224
v1,1790758618725870,SAT,384,10728d70e0641a69:0x291e6,3608
v1,1790758618737012,UNSAT,200,10728d70e0641a69:0x29277,3808
v1,1790758618737768,SAT,472,10728d70e0641a69:0x29277,4280
v1,1790758618743600,UNSAT,184,10728d70e0641a69:0x292be,4464
v1,1790758618744295,SAT,443,10728d70e0641a69:0x292be,4907
v1,1790758618747775,UNSAT,179,10728d70e0641a69:0x292be,5086
v1,1790758618749851,UNSAT,170,10728d70e0641a69:0x292be,5256
v1,1790758618757949,UNSAT,185,10728d70e0641a69:0x2934c,5441
v1,1790758618758720,SAT,488,10728d70e0641a69:0x2934c,5929
v1,1790758618765316,UNSAT,197,10728d70e0641a69:0x29394,6126
v1,1790758618766016,SAT,412,10728d70e0641a69:0x29394,6538
v1,1790758624705073,UNSAT,237,10728d70e0641a69:0xa856e,237
v1,1790758624706343,SAT,752,10728d70e0641a69:0xa856e,989
v1,1790758624718737,UNSAT,195,10728d70e0641a69:0xa86d8,1184
v1,1790758624719149,UNSAT,138,10728d70e0641a69:0xa86d8,1322
v1,1790758624726796,UNSAT,196,10728d70e0641a69:0xa875f,1518
v1,1790758624727239,UNSAT,160,10728d70e0641a69:0xa875f,1678
v1,1790758624731142,UNSAT,283,10728d70e0641a69:0xa877c,1961
v1,1790758624731685,UNSAT,157,10728d70e0641a69:0xa877c,2118
v1,1790758624734926,UNSAT,277,10728d70e0641a69:0xa8783,2395
v1,1790758624735504,UNSAT,167,10728d70e0641a69:0xa8783,2562
v1,1790758624742097,UNSAT,204,10728d70e0641a69:0xa85ea,2766
v1,1790758624742901,SAT,489,10728d70e0641a69:0xa85ea,3255
v1,1790758624755775,UNSAT,203,10728d70e0641a69:0x3e5dd,3458
v1,1790758624756571,SAT,521,10728d70e0641a69:0x3e5dd,3979
v1,1790758624777712,UNSAT,207,10728d70e0641a69:0x290c3,4186
v1,1790758624778402,SAT,419,10728d70e0641a69:0x290c3,4605
v1,1790758624785103,UNSAT,387,10728d70e0641a69:0x2910c,4992
v1,1790758624785935,SAT,502,10728d70e0641a69:0x2910c,5494
v1,1790758624796505,UNSAT,213,10728d70e0641a69:0x2919f,5707
v1,1790758624797291,SAT,488,10728d70e0641a69:0x2919f,6195
v1,1790758624803928,UNSAT,214,10728d70e0641a69:0x291e6,6409
v1,1790758624804624,SAT,412,10728d70e0641a69:0x291e6,6821
v1,1790758624816110,UNSAT,288,10728d70e0641a69:0x29277,7109
v1,1790758624817326,SAT,710,10728d70e0641a69:0x29277,7819
v1,1790758624824389,UNSAT,233,10728d70e0641a69:0x292be,8052
v1,1790758624825116,SAT,437,10728d70e0641a69:0x292be,8489
v1,1790758624835876,UNSAT,296,10728d70e0641a69:0x2934c,8785
v1,1790758624837209,SAT,782,10728d70e0641a69:0x2934c,9567
v1,1790758624845691,UNSAT,209,10728d70e0641a69:0x29394,9776
v1,1790758624846390,SAT,412,10728d70e0641a69:0x29394,10188
v1,1790758630056171,UNSAT,242,10728d70e0641a69:0x3ecba,242
v1,1790758630057826,SAT,954,10728d70e0641a69:0x3ecba,1196
v1,1790758630089293,UNSAT,229,10728d70e0641a69:0x290c3,1425
v1,1790758630090062,SAT,476,10728d70e0641a69:0x290c3,1901
v1,1790758630096404,UNSAT,229,10728d70e0641a69:0x2910c,2130
v1,1790758630097145,SAT,463,10728d70e0641a69:0x2910c,2593
v1,1790758630107591,UNSAT,199,10728d70e0641a69:0x2919f,2792
v1,1790758630108333,SAT,458,10728d70e0641a69:0x2919f,3250
v1,1790758630114743,UNSAT,186,10728d70e0641a69:0x291e6,3436
v1,1790758630116218,SAT,1216,10728d70e0641a69:0x291e6,4652
v1,1790758630126797,UNSAT,183,10728d70e0641a69:0x29277,4835
v1,1790758630127523,SAT,464,10728d70e0641a69:0x29277,5299
v1,1790758630134021,UNSAT,194,10728d70e0641a69:0x292be,5493
v1,1790758630134838,SAT,527,10728d70e0641a69:0x292be,6020
v1,1790758630145268,UNSAT,215,10728d70e0641a69:0x2934c,6235
v1,1790758630146472,SAT,730,10728d70e0641a69:0x2934c,6965
v1,1790758630153191,UNSAT,208,10728d70e0641a69:0x29394,7173
v1,1790758630153881,SAT,406,10728d70e0641a69:0x29394,7579
v1,1790758636458940,UNSAT,223,10728d70e0641a69:0x3ebaa,223
v1,1790758636460107,SAT,627,10728d70e0641a69:0x3ebaa,850
v1,1790758636486801,UNSAT,200,10728d70e0641a69:0x290c3,1050
v1,1790758636487613,SAT,492,10728d70e0641a69:0x290c3,1542
v1,1790758636494979,UNSAT,221,10728d70e0641a69:0x2910c,1763
v1,1790758636495823,SAT,520,10728d70e0641a69:0x2910c,2283
v1,1790758636506029,UNSAT,205,10728d70e0641a69:0x2919f,2488
v1,1790758636506776,SAT,465,10728d70e0641a69:0x2919f,2953
v1,1790758636513012,UNSAT,204,10728d70e0641a69:0x291e6,3157
v1,1790758636513693,SAT,403,10728d70e0641a69:0x291e6,3560
v1,1790758636524085,UNSAT,211,10728d70e0641a69:0x29277,3771
v1,1790758636524820,SAT,462,10728d70e0641a69:0x29277,4233
v1,1790758636531366,UNSAT,216,10728d70e0641a69:0x292be,4449
v1,1790758636532047,SAT,402,10728d70e0641a69:0x292be,4851
v1,1790758636542846,UNSAT,189,10728d70e0641a69:0x2934c,5040
v1,1790758636543580,SAT,460,10728d70e0641a69:0x2934c,5500
v1,1790758636550942,UNSAT,839,10728d70e0641a69:0x29394,6339
v1,1790758636552045,SAT,592,10728d70e0641a69:0x29394,6931
v1,1790758641535379,UNSAT,233,10728d70e0641a69:0x3ecfe,233
v1,1790758641536084,SAT,236,10728d70e0641a69:0x3ecfe,469
v1,1790758641548571,UNSAT,211,10728d70e0641a69:0x3ed42,680
v1,1790758641549008,SAT,158,10728d70e0641a69:0x3ed42,838
v1,1790758641560814,UNSAT,213,10728d70e0641a69:0x3ed86,1051
v1,1790758641561266,SAT,166,10728d70e0641a69:0x3ed86,1217
v1,1790758641573784,UNSAT,245,10728d70e0641a69:0x3edca,1462
v1,1790758641574690,SAT,623,10728d70e0641a69:0x3edca,2085
v1,1790758641628712,UNSAT,214,10728d70e0641a69:0x290c3,2299
v1,1790758641629522,SAT,520,10728d70e0641a69:0x290c3,2819
v1,1790758641645167,UNSAT,215,10728d70e0641a69:0x2910c,3034
v1,1790758641646014,SAT,531,10728d70e0641a69:0x2910c,3565
v1,1790758641665960,UNSAT,208,10728d70e0641a69:0x2919f,3773
v1,1790758641666812,SAT,525,10728d70e0641a69:0x2919f,4298
v1,1790758641683143,UNSAT,207,10728d70e0641a69:0x291e6,4505
v1,1790758641683898,SAT,465,10728d70e0641a69:0x291e6,4970
v1,1790758641705078,UNSAT,217,10728d70e0641a69:0x29277,5187
v1,1790758641705909,SAT,532,10728d70e0641a69:0x29277,5719
v1,1790758641724800,UNSAT,212,10728d70e0641a69:0x292be,5931
v1,1790758641725558,SAT,468,10728d70e0641a69:0x292be,6399
v1,1790758641748480,UNSAT,212,10728d70e0641a69:0x2934c,6611
v1,1790758641749303,SAT,539,10728d70e0641a69:0x2934c,7150
v1,1790758641769215,UNSAT,228,10728d70e0641a69:0x29394,7378
v1,1790758641769967,SAT,458,10728d70e0641a69:0x29394,7836
v1,1790758648451027,UNSAT,235,10728d70e0641a69:0x3edca,235
v1,1790758648452036,SAT,297,10728d70e0641a69:0x3edca,532
v1,1790758648467161,UNSAT,209,10728d70e0641a69:0x3ee0e,741
v1,1790758648468029,SAT,578,10728d70e0641a69:0x3ee0e,1319
v1,1790758648505296,UNSAT,220,10728d70e0641a69:0x290c3,1539
v1,1790758648506102,SAT,518,10728d70e0641a69:0x290c3,2057
v1,1790758648522277,UNSAT,228,10728d70e0641a69:0x2910c,2285
v1,1790758648523170,SAT,558,10728d70e0641a69:0x2910c,2843
v1,1790758648545172,UNSAT,239,10728d70e0641a69:0x2919f,3082
v1,1790758648546041,SAT,544,10728d70e0641a69:0x2919f,3626
v1,1790758648565063,UNSAT,216,10728d70e0641a69:0x291e6,3842
v1,1790758648565840,SAT,469,10728d70e0641a69:0x291e6,4311
v1,1790758648591291,UNSAT,221,10728d70e0641a69:0x29277,4532
v1,1790758648592084,SAT,503,10728d70e0641a69:0x29277,5035
v1,1790758648614021,UNSAT,216,10728d70e0641a69:0x292be,5251
v1,1790758648614765,SAT,446,10728d70e0641a69:0x292be,5697
v1,1790758648641655,UNSAT,219,10728d70e0641a69:0x2934c,5916
v1,1790758648642478,SAT,526,10728d70e0641a69:0x2934c,6442
v1,1790758648665015,UNSAT,218,10728d70e0641a69:0x29394,6660
v1,1790758648665785,SAT,471,10728d70e0641a69:0x29394,7131
v1,1790758655904656,UNSAT,248,10728d70e0641a69:0x3ed86,248
v1,1790758655905834,SAT,689,10728d70e0641a69:0x3ed86,937
v1,1790758655950920,UNSAT,218,10728d70e0641a69:0x290c3,1155
v1,1790758655951815,SAT,551,10728d70e0641a69:0x290c3,1706
v1,1790758655958539,UNSAT,195,10728d70e0641a69:0x2910c,1901
v1,1790758655959311,SAT,489,10728d70e0641a69:0x2910c,2390
v1,1790758655969794,UNSAT,196,10728d70e0641a69:0x2919f,2586
v1,1790758655970575,SAT,492,10728d70e0641a69:0x2919f,3078
v1,1790758655977682,UNSAT,201,10728d70e0641a69:0x291e6,3279
v1,1790758655978374,SAT,412,10728d70e0641a69:0x291e6,3691
v1,1790758655988862,UNSAT,198,10728d70e0641a69:0x29277,3889
v1,1790758655989631,SAT,493,10728d70e0641a69:0x29277,4382
v1,1790758655996327,UNSAT,203,10728d70e0641a69:0x292be,4585
v1,1790758655996992,SAT,393,10728d70e0641a69:0x292be,4978
v1,1790758656007747,UNSAT,218,10728d70e0641a69:0x2934c,5196
v1,1790758656008588,SAT,556,10728d70e0641a69:0x2934c,5752
v1,1790758656015465,UNSAT,240,10728d70e0641a69:0x29394,5992
v1,1790758656016514,SAT,523,10728d70e0641a69:0x29394,6515
v1,1790758662392676,UNSAT,229,10728d70e0641a69:0x3ea9a,229
v1,1790758662393865,SAT,688,10728d70e0641a69:0x3ea9a,917
v1,1790758662422969,UNSAT,190,10728d70e0641a69:0x290c3,1107
v1,1790758662423698,SAT,453,10728d70e0641a69:0x290c3,1560
v1,1790758662430010,UNSAT,197,10728d70e0641a69:0x2910c,1757
v1,1790758662430774,SAT,491,10728d70e0641a69:0x2910c,2248
v1,1790758662440890,UNSAT,196,10728d70e0641a69:0x2919f,2444
v1,1790758662441632,SAT,470,10728d70e0641a69:0x2919f,2914
v1,1790758662447990,UNSAT,184,10728d70e0641a69:0x291e6,3098
v1,1790758662448678,SAT,421,10728d70e0641a69:0x291e6,3519
v1,1790758662460746,UNSAT,196,10728d70e0641a69:0x29277,3715
v1,1790758662461578,SAT,474,10728d70e0641a69:0x29277,4189
v1,1790758662468008,UNSAT,187,10728d70e0641a69:0x292be,4376
v1,1790758662468709,SAT,430,10728d70e0641a69:0x292be,4806
v1,1790758662478801,UNSAT,201,10728d70e0641a69:0x2934c,5007
v1,1790758662479654,SAT,519,10728d70e0641a69:0x2934c,5526
v1,1790758662486102,UNSAT,196,10728d70e0641a69:0x29394,5722
v1,1790758662486782,SAT,406,10728d70e0641a69:0x29394,6128
v1,1790758668600191,UNSAT,229,10728d70e0641a69:0x3ed42,229
v1,1790758668601334,SAT,658,10728d70e0641a69:0x3ed42,887
v1,1790758668629708,UNSAT,191,10728d70e0641a69:0x290c3,1078
v1,1790758668630534,SAT,562,10728d70e0641a69:0x290c3,1640
v1,1790758668637673,UNSAT,203,10728d70e0641a69:0x2910c,1843
v1,1790758668638452,SAT,477,10728d70e0641a69:0x2910c,2320
v1,1790758668649285,UNSAT,587,10728d70e0641a69:0x2919f,2907
v1,1790758668650080,SAT,469,10728d70e0641a69:0x2919f,3376
v1,1790758668657045,UNSAT,210,10728d70e0641a69:0x291e6,3586
v1,1790758668657846,SAT,442,10728d70e0641a69:0x291e6,4028
v1,1790758668669229,UNSAT,226,10728d70e0641a69:0x29277,4254
v1,1790758668670013,SAT,485,10728d70e0641a69:0x29277,4739
v1,1790758668676858,UNSAT,189,10728d70e0641a69:0x292be,4928
v1,1790758668677533,SAT,405,10728d70e0641a69:0x292be,5333
v1,1790758668688079,UNSAT,193,10728d70e0641a69:0x2934c,5526
v1,1790758668688860,SAT,504,10728d70e0641a69:0x2934c,6030
v1,1790758668696106,UNSAT,196,10728d70e0641a69:0x29394,6226
v1,1790758668696797,SAT,406,10728d70e0641a69:0x29394,6632
v1,1790758674926095,UNSAT,233,10728d70e0641a69:0x3ec32,233
v1,1790758674927256,SAT,644,10728d70e0641a69:0x3ec32,877
v1,1790758674956406,UNSAT,218,10728d70e0641a69:0x290c3,1095
v1,1790758674957233,SAT,526,10728d70e0641a69:0x290c3,1621
v1,1790758674964979,UNSAT,277,10728d70e0641a69:0x2910c,1898
v1,1790758674965932,SAT,497,10728d70e0641a69:0x2910c,2395
v1,1790758674977115,UNSAT,254,10728d70e0641a69:0x2919f,2649
v1,1790758674978059,SAT,520,10728d70e0641a69:0x2919f,3169
v1,1790758674984917,UNSAT,196,10728d70e0641a69:0x291e6,3365
v1,1790758674985613,SAT,421,10728d70e0641a69:0x291e6,3786
v1,1790758674995939,UNSAT,187,10728d70e0641a69:0x29277,3973
v1,1790758674996687,SAT,478,10728d70e0641a69:0x29277,4451
v1,1790758675003623,UNSAT,198,10728d70e0641a69:0x292be,4649
v1,1790758675004311,SAT,416,10728d70e0641a69:0x292be,5065
v1,1790758675014528,UNSAT,183,10728d70e0641a69:0x2934c,5248
v1,1790758675015260,SAT,463,10728d70e0641a69:0x2934c,5711
v1,1790758675021861,UNSAT,194,10728d70e0641a69:0x29394,5905
v1,1790758675022518,SAT,394,10728d70e0641a69:0x29394,6299
v1,1790758680378473,UNSAT,456,10728d70e0641a69:0x3ea56,456
v1,1790758680379585,SAT,641,10728d70e0641a69:0x3ea56,1097
v1,1790758680406804,UNSAT,212,10728d70e0641a69:0x290c3,1309
v1,1790758680407949,SAT,677,10728d70e0641a69:0x290c3,1986
v1,1790758680414324,UNSAT,225,10728d70e0641a69:0x2910c,2211
v1,1790758680415263,SAT,576,10728d70e0641a69:0x2910c,2787
v1,1790758680425660,UNSAT,186,10728d70e0641a69:0x2919f,2973
v1,1790758680426426,SAT,478,10728d70e0641a69:0x2919f,3451
v1,1790758680432679,UNSAT,192,10728d70e0641a69:0x291e6,3643
v1,1790758680433334,SAT,394,10728d70e0641a69:0x291e6,4037
v1,1790758680443593,UNSAT,203,10728d70e0641a69:0x29277,4240
v1,1790758680444331,SAT,463,10728d70e0641a69:0x29277,4703
v1,1790758680450792,UNSAT,193,10728d70e0641a69:0x292be,4896
v1,1790758680451481,SAT,424,10728d70e0641a69:0x292be,5320
v1,1790758680461562,UNSAT,189,10728d70e0641a69:0x2934c,5509
v1,1790758680462297,SAT,466,10728d70e0641a69:0x2934c,5975
v1,1790758680468649,UNSAT,195,10728d70e0641a69:0x29394,6170
v1,1790758680469316,SAT,403,10728d70e0641a69:0x29394,6573
v1,1790758686359296,UNSAT,267,10728d70e0641a69:0x3ebee,267
v1,1790758686360647,SAT,862,10728d70e0641a69:0x3ebee,1129
v1,1790758686387642,UNSAT,267,10728d70e0641a69:0x290c3,1396
v1,1790758686388375,SAT,475,10728d70e0641a69:0x290c3,1871
v1,1790758686395258,UNSAT,216,10728d70e0641a69:0x2910c,2087
v1,1790758686396039,SAT,494,10728d70e0641a69:0x2910c,2581
v1,1790758686406561,UNSAT,246,10728d70e0641a69:0x2919f,2827
v1,1790758686407355,SAT,483,10728d70e0641a69:0x2919f,3310
v1,1790758686413744,UNSAT,212,10728d70e0641a69:0x291e6,3522
v1,1790758686414504,SAT,422,10728d70e0641a69:0x291e6,3944
v1,1790758686425389,UNSAT,203,10728d70e0641a69:0x29277,4147
v1,1790758686426099,SAT,449,10728d70e0641a69:0x29277,4596
v1,1790758686432464,UNSAT,187,10728d70e0641a69:0x292be,4783
v1,1790758686433146,SAT,432,10728d70e0641a69:0x292be,5215
v1,1790758686443794,UNSAT,272,10728d70e0641a69:0x2934c,5487
v1,1790758686444726,SAT,603,10728d70e0641a69:0x2934c,6090
v1,1790758686451193,UNSAT,208,10728d70e0641a69:0x29394,6298
v1,1790758686451996,SAT,432,10728d70e0641a69:0x29394,6730
