[0;36mafl-fuzz [1;97m2.52b[0m by <lcamtuf@google.com>
[1;92m[+] [0mLooks like we're not running on a tty, so I'll be a bit less verbose.[0m
[1;92m[+] [0mYou have 12 CPU cores and 4 runnable tasks (utilization: 33%).[0m
[1;92m[+] [0mTry parallel jobs - see docs/parallel_fuzzing.txt.[0m
[1;93m[!] [1;97mWARNING: [0mNot binding to a CPU core (AFL_NO_AFFINITY set).[0m
[1;94m[*] [0mChecking core_pattern...[0m

[1;91m[-] [0mHmm, your system is configured to send core dump notifications to an
    external utility. This will cause issues: there will be an extended delay
    between stumbling upon a crash and having this information relayed to the
    fuzzer via the standard waitpid() API.

    To avoid having crashes misinterpreted as timeouts, please log in as root
    and temporarily modify /proc/sys/kernel/core_pattern, like so:

    echo core >/proc/sys/kernel/core_pattern
[1;94m[*] [0mSetting up output directories...[0m
[1;94m[*] [0mScanning '/workspace/builds/zlib/gcc-O2/seeds'...[0m
[1;92m[+] [0mNo auto-generated dictionary tokens to reuse.[0m
[1;94m[*] [0mCreating hard links for all input files...[0m
[1;94m[*] [0mValidating target binary...[0m
[1;94m[*] [0mAttempting dry run with 'id:000000,orig:s1.gz'...[0m
[1;94m[*] [0mSpinning up the fork server...[0m
[1;92m[+] [0mAll right - fork server is up.[0m
[1;90m    len = 32, map size = 341, exec speed = 516 us
[0m[1;94m[*] [0mAttempting dry run with 'id:000001,orig:s2.gz'...[0m
[1;90m    len = 30, map size = 358, exec speed = 414 us
[0m[1;94m[*] [0mAttempting dry run with 'id:000002,orig:s3.gz'...[0m
[1;90m    len = 335, map size = 610, exec speed = 336 us
[0m[1;94m[*] [0mAttempting dry run with 'id:000003,orig:s4.gz'...[0m
[1;90m    len = 223, map size = 337, exec speed = 246 us
[0m[1;94m[*] [0mAttempting dry run with 'id:000004,orig:s5.gz'...[0m
[1;90m    len = 20, map size = 312, exec speed = 232 us
[0m[1;92m[+] [0mAll test cases processed.[0m

[1;92m[+] [0mHere are some useful stats:

[1;90m    Test case count : [0m4 favored, 0 variable, 5 total
[1;90m       Bitmap range : [0m312 to 610 bits (average: 391.60 bits)
[1;90m        Exec timing : [0m232 to 516 us (average: 349 us)
[0m
[1;94m[*] [0mNo -t option specified, so I'll use exec timeout of 20 ms.[0m
[1;92m[+] [0mAll set and ready to roll![0m
[1;94m[*] [0mEntering queue cycle 1.[0m
[1;94m[*] [0mFuzzing test case #1 (5 total, 0 uniq crashes found)...[0m
[1;94m[*] [0mFuzzing test case #3 (267 total, 0 uniq crashes found)...[0m
[1;94m[*] [0mFuzzing test case #6 (279 total, 0 uniq crashes found)...[0m
[1;94m[*] [0mFuzzing test case #7 (279 total, 0 uniq crashes found)...[0m
[1;94m[*] [0mFuzzing test case #8 (279 total, 0 uniq crashes found)...[0m
[1;94m[*] [0mFuzzing test case #15 (279 total, 0 uniq crashes found)...[0m
[1;94m[*] [0mFuzzing test case #17 (318 total, 0 uniq crashes found)...[0m
[1;94m[*] [0mFuzzing test case #18 (318 total, 0 uniq crashes found)...[0m
[1;94m[*] [0mFuzzing test case #19 (318 total, 0 uniq crashes found)...[0m
[1;94m[*] [0mFuzzing test case #20 (326 total, 0 uniq crashes found)...[0m
[1;94m[*] [0mFuzzing test case #22 (329 total, 0 uniq crashes found)...[0m
[1;94m[*] [0mFuzzing test case #25 (333 total, 0 uniq crashes found)...[0m
[1;94m[*] [0mFuzzing test case #26 (333 total, 0 uniq crashes found)...[0m
[1;94m[*] [0mFuzzing test case #30 (335 total, 0 uniq crashes found)...[0m
[1;94m[*] [0mFuzzing test case #44 (335 total, 0 uniq crashes found)...[0m
[1;94m[*] [0mFuzzing test case #47 (336 total, 0 uniq crashes found)...[0m
[1;94m[*] [0mFuzzing test case #49 (336 total, 0 uniq crashes found)...[0m
[1;94m[*] [0mFuzzing test case #52 (336 total, 0 uniq crashes found)...[0m
[1;94m[*] [0mFuzzing test case #55 (336 total, 0 uniq crashes found)...[0m
[1;94m[*] [0mFuzzing test case #57 (336 total, 0 uniq crashes found)...[0m
[1;94m[*] [0mFuzzing test case #66 (336 total, 0 uniq crashes found)...[0m
[1;94m[*] [0mFuzzing test case #67 (336 total, 0 uniq crashes found)...[0m
[1;94m[*] [0mFuzzing test case #68 (336 total, 0 uniq crashes found)...[0m
[1;94m[*] [0mFuzzing test case #73 (337 total, 0 uniq crashes found)...[0m
[1;94m[*] [0mFuzzing test case #74 (337 total, 0 uniq crashes found)...[0m
[1;94m[*] [0mFuzzing test case #76 (337 total, 0 uniq crashes found)...[0m
[1;94m[*] [0mFuzzing test case #77 (338 total, 0 uniq crashes found)...[0m
[1;94m[*] [0mFuzzing test case #78 (340 total, 0 uniq crashes found)...[0m
[1;94m[*] [0mFuzzing test case #79 (340 total, 0 uniq crashes found)...[0m
[1;94m[*] [0mFuzzing test case #80 (348 total, 0 uniq crashes found)...[0m
[1;94m[*] [0mFuzzing test case #84 (348 total, 0 uniq crashes found)...[0m
[1;94m[*] [0mFuzzing test case #86 (356 total, 0 uniq crashes found)...[0m
[1;94m[*] [0mFuzzing test case #87 (356 total, 0 uniq crashes found)...[0m
[1;94m[*] [0mFuzzing test case #89 (356 total, 0 uniq crashes found)...[0m
[1;94m[*] [0mFuzzing test case #92 (358 total, 0 uniq crashes found)...[0m
[1;94m[*] [0mFuzzing test case #94 (359 total, 0 uniq crashes found)...[0m
[1;94m[*] [0mFuzzing test case #95 (360 total, 0 uniq crashes found)...[0m
[1;94m[*] [0mFuzzing test case #96 (360 total, 0 uniq crashes found)...[0m
[1;94m[*] [0mFuzzing test case #98 (374 total, 0 uniq crashes found)...[0m
[1;94m[*] [0mFuzzing test case #102 (375 total, 0 uniq crashes found)...[0m
[1;94m[*] [0mFuzzing test case #103 (377 total, 0 uniq crashes found)...[0m
[1;94m[*] [0mFuzzing test case #104 (377 total, 0 uniq crashes found)...[0m
[1;94m[*] [0mFuzzing test case #105 (377 total, 0 uniq crashes found)...[0m
[1;94m[*] [0mFuzzing test case #108 (378 total, 0 uniq crashes found)...[0m
[1;94m[*] [0mFuzzing test case #111 (378 total, 0 uniq crashes found)...[0m
[1;94m[*] [0mFuzzing test case #112 (378 total, 0 uniq crashes found)...[0m
[1;94m[*] [0mFuzzing test case #113 (381 total, 0 uniq crashes found)...[0m
[1;94m[*] [0mFuzzing test case #114 (381 total, 0 uniq crashes found)...[0m
[1;94m[*] [0mFuzzing test case #116 (381 total, 0 uniq crashes found)...[0m
[1;94m[*] [0mFuzzing test case #118 (381 total, 0 uniq crashes found)...[0m
[1;94m[*] [0mFuzzing test case #119 (381 total, 0 uniq crashes found)...[0m
[1;94m[*] [0mFuzzing test case #120 (381 total, 0 uniq crashes found)...[0m
[1;94m[*] [0mFuzzing test case #124 (386 total, 0 uniq crashes found)...[0m
[1;94m[*] [0mFuzzing test case #129 (386 total, 0 uniq crashes found)...[0m
[1;94m[*] [0mFuzzing test case #130 (386 total, 0 uniq crashes found)...[0m
[1;94m[*] [0mFuzzing test case #131 (386 total, 0 uniq crashes found)...[0m
[1;94m[*] [0mFuzzing test case #132 (386 total, 0 uniq crashes found)...[0m
[1;94m[*] [0mFuzzing test case #133 (386 total, 0 uniq crashes found)...[0m
[1;94m[*] [0mFuzzing test case #135 (386 total, 0 uniq crashes found)...[0m
[1;94m[*] [0mFuzzing test case #136 (386 total, 0 uniq crashes found)...[0m
[1;94m[*] [0mFuzzing test case #137 (386 total, 0 uniq crashes found)...[0m
[1;94m[*] [0mFuzzing test case #138 (386 total, 0 uniq crashes found)...[0m
[1;94m[*] [0mFuzzing test case #140 (386 total, 0 uniq crashes found)...[0m
[1;94m[*] [0mFuzzing test case #141 (387 total, 0 uniq crashes found)...[0m
[1;94m[*] [0mFuzzing test case #142 (388 total, 0 uniq crashes found)...[0m
[1;94m[*] [0mFuzzing test case #144 (388 total, 0 uniq crashes found)...[0m
[1;94m[*] [0mFuzzing test case #145 (389 total, 0 uniq crashes found)...[0m
[1;94m[*] [0mFuzzing test case #149 (389 total, 0 uniq crashes found)...[0m
[1;94m[*] [0mFuzzing test case #153 (398 total, 0 uniq crashes found)...[0m
[1;94m[*] [0mFuzzing test case #155 (398 total, 0 uniq crashes found)...[0m
[1;94m[*] [0mFuzzing test case #157 (398 total, 0 uniq crashes found)...[0m
[1;94m[*] [0mFuzzing test case #159 (403 total, 0 uniq crashes found)...[0m
[1;94m[*] [0mFuzzing test case #161 (403 total, 0 uniq crashes found)...[0m
[1;94m[*] [0mFuzzing test case #162 (405 total, 0 uniq crashes found)...[0m
[1;94m[*] [0mFuzzing test case #163 (405 total, 0 uniq crashes found)...[0m
[1;94m[*] [0mFuzzing test case #164 (405 total, 0 uniq crashes found)...[0m
[1;94m[*] [0mFuzzing test case #165 (407 total, 0 uniq crashes found)...[0m
[1;94m[*] [0mFuzzing test case #166 (407 total, 0 uniq crashes found)...[0m
[1;94m[*] [0mFuzzing test case #168 (407 total, 0 uniq crashes found)...[0m
[1;94m[*] [0mFuzzing test case #169 (407 total, 0 uniq crashes found)...[0m
[1;94m[*] [0mFuzzing test case #170 (407 total, 0 uniq crashes found)...[0m
[1;94m[*] [0mFuzzing test case #171 (407 total, 0 uniq crashes found)...[0m
[1;94m[*] [0mFuzzing test case #172 (407 total, 0 uniq crashes found)...[0m
[1;94m[*] [0mFuzzing test case #173 (407 total, 0 uniq crashes found)...[0m
[1;94m[*] [0mFuzzing test case #174 (407 total, 0 uniq crashes found)...[0m
[1;94m[*] [0mFuzzing test case #176 (407 total, 0 uniq crashes found)...[0m
[1;94m[*] [0mFuzzing test case #177 (409 total, 0 uniq crashes found)...[0m
[1;94m[*] [0mFuzzing test case #180 (409 total, 0 uniq crashes found)...[0m
[1;94m[*] [0mFuzzing test case #181 (409 total, 0 uniq crashes found)...[0m
[1;94m[*] [0mFuzzing test case #182 (409 total, 0 uniq crashes found)...[0m
[1;94m[*] [0mFuzzing test case #183 (409 total, 0 uniq crashes found)...[0m
[1;94m[*] [0mFuzzing test case #184 (411 total, 0 uniq crashes found)...[0m
[1;94m[*] [0mFuzzing test case #187 (415 total, 0 uniq crashes found)...[0m
[1;94m[*] [0mFuzzing test case #189 (415 total, 0 uniq crashes found)...[0m
[1;94m[*] [0mFuzzing test case #191 (415 total, 0 uniq crashes found)...[0m
[1;94m[*] [0mFuzzing test case #192 (415 total, 0 uniq crashes found)...[0m
[1;94m[*] [0mFuzzing test case #193 (415 total, 0 uniq crashes found)...[0m
[1;94m[*] [0mFuzzing test case #194 (415 total, 0 uniq crashes found)...[0m
[1;94m[*] [0mFuzzing test case #195 (415 total, 0 uniq crashes found)...[0m
[1;94m[*] [0mFuzzing test case #198 (415 total, 0 uniq crashes found)...[0m
[1;94m[*] [0mFuzzing test case #199 (415 total, 0 uniq crashes found)...[0m
[1;94m[*] [0mFuzzing test case #200 (415 total, 0 uniq crashes found)...[0m
[1;94m[*] [0mFuzzing test case #201 (416 total, 0 uniq crashes found)...[0m
[1;94m[*] [0mFuzzing test case #203 (417 total, 0 uniq crashes found)...[0m
[1;94m[*] [0mFuzzing test case #205 (417 total, 0 uniq crashes found)...[0m
[1;94m[*] [0mFuzzing test case #206 (417 total, 0 uniq crashes found)...[0m
[1;94m[*] [0mFuzzing test case #208 (417 total, 0 uniq crashes found)...[0m
[1;94m[*] [0mFuzzing test case #209 (417 total, 0 uniq crashes found)...[0m
[1;94m[*] [0mFuzzing test case #210 (417 total, 0 uniq crashes found)...[0m
[1;94m[*] [0mFuzzing test case #211 (418 total, 0 uniq crashes found)...[0m
[1;94m[*] [0mFuzzing test case #213 (418 total, 0 uniq crashes found)...[0m
[1;94m[*] [0mFuzzing test case #214 (418 total, 0 uniq crashes found)...[0m
[1;94m[*] [0mFuzzing test case #215 (418 total, 0 uniq crashes found)...[0m
[1;94m[*] [0mFuzzing test case #217 (418 total, 0 uniq crashes found)...[0m
[1;94m[*] [0mFuzzing test case #219 (418 total, 0 uniq crashes found)...[0m
[1;94m[*] [0mFuzzing test case #220 (418 total, 0 uniq crashes found)...[0m
[1;94m[*] [0mFuzzing test case #221 (418 total, 0 uniq crashes found)...[0m
[1;94m[*] [0mFuzzing test case #222 (418 total, 0 uniq crashes found)...[0m
[1;94m[*] [0mFuzzing test case #223 (418 total, 0 uniq crashes found)...[0m
[1;94m[*] [0mFuzzing test case #239 (420 total, 0 uniq crashes found)...[0m
[1;94m[*] [0mFuzzing test case #265 (420 total, 0 uniq crashes found)...[0m
[1;94m[*] [0mFuzzing test case #267 (420 total, 0 uniq crashes found)...[0m
[1;94m[*] [0mFuzzing test case #269 (420 total, 0 uniq crashes found)...[0m
[1;94m[*] [0mFuzzing test case #272 (420 total, 0 uniq crashes found)...[0m
[1;94m[*] [0mFuzzing test case #273 (420 total, 0 uniq crashes found)...[0m
[1;94m[*] [0mFuzzing test case #276 (420 total, 0 uniq crashes found)...[0m
[1;94m[*] [0mFuzzing test case #278 (420 total, 0 uniq crashes found)...[0m
[1;94m[*] [0mFuzzing test case #290 (420 total, 0 uniq crashes found)...[0m
[1;94m[*] [0mFuzzing test case #292 (421 total, 0 uniq crashes found)...[0m
[1;94m[*] [0mFuzzing test case #294 (424 total, 0 uniq crashes found)...[0m
[1;94m[*] [0mFuzzing test case #298 (424 total, 0 uniq crashes found)...[0m
[1;94m[*] [0mFuzzing test case #304 (424 total, 0 uniq crashes found)...[0m
[1;94m[*] [0mFuzzing test case #306 (425 total, 0 uniq crashes found)...[0m
[1;94m[*] [0mFuzzing test case #307 (425 total, 0 uniq crashes found)...[0m
[1;94m[*] [0mFuzzing test case #311 (425 total, 0 uniq crashes found)...[0m
[1;94m[*] [0mFuzzing test case #314 (425 total, 0 uniq crashes found)...[0m
[1;94m[*] [0mFuzzing test case #316 (425 total, 0 uniq crashes found)...[0m
[1;94m[*] [0mFuzzing test case #327 (425 total, 0 uniq crashes found)...[0m
[1;94m[*] [0mFuzzing test case #335 (425 total, 0 uniq crashes found)...[0m
[1;94m[*] [0mFuzzing test case #336 (425 total, 0 uniq crashes found)...[0m
[1;94m[*] [0mFuzzing test case #343 (425 total, 0 uniq crashes found)...[0m
[1;94m[*] [0mFuzzing test case #349 (425 total, 0 uniq crashes found)...[0m
[1;94m[*] [0mFuzzing test case #355 (425 total, 0 uniq crashes found)...[0m
[1;94m[*] [0mFuzzing test case #356 (425 total, 0 uniq crashes found)...[0m
[1;94m[*] [0mFuzzing test case #357 (425 total, 0 uniq crashes found)...[0m
[1;94m[*] [0mFuzzing test case #360 (425 total, 0 uniq crashes found)...[0m
[1;94m[*] [0mFuzzing test case #366 (427 total, 0 uniq crashes found)...[0m
[1;94m[*] [0mFuzzing test case #369 (427 total, 0 uniq crashes found)...[0m
[1;94m[*] [0mFuzzing test case #371 (428 total, 0 uniq crashes found)...[0m
[1;94m[*] [0mFuzzing test case #372 (428 total, 0 uniq crashes found)...[0m
[1;94m[*] [0mFuzzing test case #374 (430 total, 0 uniq crashes found)...[0m
[1;94m[*] [0mFuzzing test case #375 (430 total, 0 uniq crashes found)...[0m
[1;94m[*] [0mFuzzing test case #379 (431 total, 0 uniq crashes found)...[0m
[1;94m[*] [0mFuzzing test case #381 (432 total, 0 uniq crashes found)...[0m
[1;94m[*] [0mFuzzing test case #384 (432 total, 0 uniq crashes found)...[0m
[1;94m[*] [0mFuzzing test case #385 (432 total, 0 uniq crashes found)...[0m
[1;94m[*] [0mFuzzing test case #389 (432 total, 0 uniq crashes found)...[0m
[1;94m[*] [0mFuzzing test case #390 (432 total, 0 uniq crashes found)...[0m
[1;94m[*] [0mFuzzing test case #392 (432 total, 0 uniq crashes found)...[0m
[1;94m[*] [0mFuzzing test case #393 (432 total, 0 uniq crashes found)...[0m
[1;94m[*] [0mFuzzing test case #394 (432 total, 0 uniq crashes found)...[0m
[1;94m[*] [0mFuzzing test case #396 (432 total, 0 uniq crashes found)...[0m
[1;94m[*] [0mFuzzing test case #402 (432 total, 0 uniq crashes found)...[0m
[1;94m[*] [0mFuzzing test case #403 (432 total, 0 uniq crashes found)...[0m
[1;94m[*] [0mFuzzing test case #404 (432 total, 0 uniq crashes found)...[0m
[1;94m[*] [0mFuzzing test case #405 (432 total, 0 uniq crashes found)...[0m
[1;94m[*] [0mFuzzing test case #411 (433 total, 0 uniq crashes found)...[0m
[1;94m[*] [0mFuzzing test case #412 (433 total, 0 uniq crashes found)...[0m
[1;94m[*] [0mFuzzing test case #415 (433 total, 0 uniq crashes found)...[0m
[1;94m[*] [0mFuzzing test case #422 (437 total, 0 uniq crashes found)...[0m
[1;94m[*] [0mFuzzing test case #423 (437 total, 0 uniq crashes found)...[0m
[1;94m[*] [0mFuzzing test case #424 (438 total, 0 uniq crashes found)...[0m
[1;94m[*] [0mFuzzing test case #429 (439 total, 0 uniq crashes found)...[0m
[1;94m[*] [0mFuzzing test case #432 (441 total, 0 uniq crashes found)...[0m
[1;94m[*] [0mFuzzing test case #433 (441 total, 0 uniq crashes found)...[0m
[1;94m[*] [0mFuzzing test case #434 (441 total, 0 uniq crashes found)...[0m
[1;94m[*] [0mFuzzing test case #437 (441 total, 0 uniq crashes found)...[0m
[1;94m[*] [0mEntering queue cycle 2.[0m
[1;94m[*] [0mFuzzing test case #13 (441 total, 0 uniq crashes found)...[0m
[1;94m[*] [0mFuzzing test case #54 (441 total, 0 uniq crashes found)...[0m
[1;94m[*] [0mFuzzing test case #123 (441 total, 0 uniq crashes found)...[0m
[1;94m[*] [0mFuzzing test case #125 (441 total, 0 uniq crashes found)...[0m
[1;94m[*] [0mFuzzing test case #139 (441 total, 0 uniq crashes found)...[0m
[1;94m[*] [0mFuzzing test case #146 (441 total, 0 uniq crashes found)...[0m
[1;94m[*] [0mFuzzing test case #188 (441 total, 0 uniq crashes found)...[0m
[1;94m[*] [0mFuzzing test case #189 (442 total, 0 uniq crashes found)...[0m
[1;94m[*] [0mFuzzing test case #191 (442 total, 0 uniq crashes found)...[0m
[1;94m[*] [0mFuzzing test case #192 (442 total, 0 uniq crashes found)...[0m
[1;94m[*] [0mFuzzing test case #193 (442 total, 0 uniq crashes found)...[0m
[1;94m[*] [0mFuzzing test case #194 (442 total, 0 uniq crashes found)...[0m
[1;94m[*] [0mFuzzing test case #195 (442 total, 0 uniq crashes found)...[0m
[1;94m[*] [0mFuzzing test case #196 (442 total, 0 uniq crashes found)...[0m
[1;94m[*] [0mFuzzing test case #198 (443 total, 0 uniq crashes found)...[0m
[1;94m[*] [0mFuzzing test case #199 (443 total, 0 uniq crashes found)...[0m
[1;94m[*] [0mFuzzing test case #200 (443 total, 0 uniq crashes found)...[0m
[1;94m[*] [0mFuzzing test case #201 (443 total, 0 uniq crashes found)...[0m
[1;94m[*] [0mFuzzing test case #203 (443 total, 0 uniq crashes found)...[0m
[1;94m[*] [0mFuzzing test case #205 (443 total, 0 uniq crashes found)...[0m
[1;94m[*] [0mFuzzing test case #206 (443 total, 0 uniq crashes found)...[0m
[1;94m[*] [0mFuzzing test case #208 (443 total, 0 uniq crashes found)...[0m
[1;94m[*] [0mFuzzing test case #209 (443 total, 0 uniq crashes found)...[0m
[1;94m[*] [0mFuzzing test case #210 (443 total, 0 uniq crashes found)...[0m
[1;94m[*] [0mFuzzing test case #211 (443 total, 0 uniq crashes found)...[0m
[1;94m[*] [0mFuzzing test case #213 (444 total, 0 uniq crashes found)...[0m
[1;94m[*] [0mFuzzing test case #214 (444 total, 0 uniq crashes found)...[0m
[1;94m[*] [0mFuzzing test case #215 (444 total, 0 uniq crashes found)...[0m
[1;94m[*] [0mFuzzing test case #217 (444 total, 0 uniq crashes found)...[0m
[1;94m[*] [0mFuzzing test case #218 (444 total, 0 uniq crashes found)...[0m
[1;94m[*] [0mFuzzing test case #219 (444 total, 0 uniq crashes found)...[0m
[1;94m[*] [0mFuzzing test case #220 (444 total, 0 uniq crashes found)...[0m
[1;94m[*] [0mFuzzing test case #221 (444 total, 0 uniq crashes found)...[0m
[1;94m[*] [0mFuzzing test case #222 (444 total, 0 uniq crashes found)...[0m
[1;94m[*] [0mFuzzing test case #223 (444 total, 0 uniq crashes found)...[0m
[1;94m[*] [0mFuzzing test case #300 (445 total, 0 uniq crashes found)...[0m
[1;94m[*] [0mFuzzing test case #330 (445 total, 0 uniq crashes found)...[0m
[1;94m[*] [0mFuzzing test case #444 (445 total, 0 uniq crashes found)...[0m
[1;94m[*] [0mEntering queue cycle 3.[0m
[1;94m[*] [0mFuzzing test case #3 (445 total, 0 uniq crashes found)...[0m
[1;94m[*] [0mFuzzing test case #6 (445 total, 0 uniq crashes found)...[0m
[1;94m[*] [0mFuzzing test case #7 (445 total, 0 uniq crashes found)...[0m
[1;94m[*] [0mFuzzing test case #8 (445 total, 0 uniq crashes found)...[0m
[1;94m[*] [0mFuzzing test case #11 (445 total, 0 uniq crashes found)...[0m
[1;94m[*] [0mFuzzing test case #15 (445 total, 0 uniq crashes found)...[0m
[1;94m[*] [0mFuzzing test case #16 (445 total, 0 uniq crashes found)...[0m
[1;94m[*] [0mFuzzing test case #17 (445 total, 0 uniq crashes found)...[0m
[1;94m[*] [0mFuzzing test case #18 (445 total, 0 uniq crashes found)...[0m
[1;94m[*] [0mFuzzing test case #19 (445 total, 0 uniq crashes found)...[0m
[1;94m[*] [0mFuzzing test case #20 (445 total, 0 uniq crashes found)...[0m
[1;94m[*] [0mFuzzing test case #22 (445 total, 0 uniq crashes found)...[0m
[1;94m[*] [0mFuzzing test case #26 (445 total, 0 uniq crashes found)...[0m
[1;94m[*] [0mFuzzing test case #30 (445 total, 0 uniq crashes found)...[0m
[1;94m[*] [0mFuzzing test case #40 (445 total, 0 uniq crashes found)...[0m
[1;94m[*] [0mFuzzing test case #44 (445 total, 0 uniq crashes found)...[0m
[1;94m[*] [0mFuzzing test case #46 (445 total, 0 uniq crashes found)...[0m
[1;94m[*] [0mFuzzing test case #47 (445 total, 0 uniq crashes found)...[0m
[1;94m[*] [0mFuzzing test case #49 (445 total, 0 uniq crashes found)...[0m
[1;94m[*] [0mFuzzing test case #51 (445 total, 0 uniq crashes found)...[0m
[1;94m[*] [0mFuzzing test case #52 (445 total, 0 uniq crashes found)...[0m
[1;94m[*] [0mFuzzing test case #212 (446 total, 0 uniq crashes found)...[0m
[1;94m[*] [0mFuzzing test case #401 (446 total, 0 uniq crashes found)...[0m
[1;94m[*] [0mFuzzing test case #442 (447 total, 0 uniq crashes found)...[0m
[1;94m[*] [0mFuzzing test case #445 (448 total, 0 uniq crashes found)...[0m
[1;94m[*] [0mFuzzing test case #447 (448 total, 0 uniq crashes found)...[0m
[1;94m[*] [0mEntering queue cycle 4.[0m
[1;94m[*] [0mFuzzing test case #0 (448 total, 0 uniq crashes found)...[0m
[1;94m[*] [0mFuzzing test case #2 (448 total, 0 uniq crashes found)...[0m
[1;94m[*] [0mFuzzing test case #4 (448 total, 0 uniq crashes found)...[0m
[1;94m[*] [0mFuzzing test case #89 (449 total, 0 uniq crashes found)...[0m
[1;94m[*] [0mFuzzing test case #123 (449 total, 0 uniq crashes found)...[0m
[1;94m[*] [0mFuzzing test case #221 (449 total, 0 uniq crashes found)...[0m
[1;94m[*] [0mFuzzing test case #239 (449 total, 0 uniq crashes found)...[0m
[1;94m[*] [0mFuzzing test case #363 (449 total, 0 uniq crashes found)...[0m
[1;94m[*] [0mFuzzing test case #448 (449 total, 0 uniq crashes found)...[0m
[1;94m[*] [0mEntering queue cycle 5.[0m
[1;94m[*] [0mFuzzing test case #4 (449 total, 0 uniq crashes found)...[0m
[1;94m[*] [0mFuzzing test case #6 (449 total, 0 uniq crashes found)...[0m
[1;94m[*] [0mFuzzing test case #7 (449 total, 0 uniq crashes found)...[0m
[1;94m[*] [0mFuzzing test case #8 (449 total, 0 uniq crashes found)...[0m
[1;94m[*] [0mFuzzing test case #9 (449 total, 0 uniq crashes found)...[0m
[1;94m[*] [0mFuzzing test case #15 (449 total, 0 uniq crashes found)...[0m
[1;94m[*] [0mFuzzing test case #17 (449 total, 0 uniq crashes found)...[0m
[1;94m[*] [0mFuzzing test case #18 (449 total, 0 uniq crashes found)...[0m
[1;94m[*] [0mFuzzing test case #19 (449 total, 0 uniq crashes found)...[0m
[1;94m[*] [0mFuzzing test case #20 (449 total, 0 uniq crashes found)...[0m
[1;94m[*] [0mFuzzing test case #22 (449 total, 0 uniq crashes found)...[0m
[1;94m[*] [0mFuzzing test case #29 (449 total, 0 uniq crashes found)...[0m
[1;94m[*] [0mFuzzing test case #30 (449 total, 0 uniq crashes found)...[0m
[1;94m[*] [0mFuzzing test case #34 (449 total, 0 uniq crashes found)...[0m
[1;94m[*] [0mFuzzing test case #39 (449 total, 0 uniq crashes found)...[0m
[1;94m[*] [0mFuzzing test case #41 (449 total, 0 uniq crashes found)...[0m
[1;94m[*] [0mFuzzing test case #44 (449 total, 0 uniq crashes found)...[0m
[1;94m[*] [0mFuzzing test case #47 (449 total, 0 uniq crashes found)...[0m
[1;94m[*] [0mFuzzing test case #49 (449 total, 0 uniq crashes found)...[0m
[1;94m[*] [0mFuzzing test case #52 (449 total, 0 uniq crashes found)...[0m
[1;94m[*] [0mFuzzing test case #54 (449 total, 0 uniq crashes found)...[0m
[1;94m[*] [0mFuzzing test case #55 (449 total, 0 uniq crashes found)...[0m
[1;94m[*] [0mFuzzing test case #56 (449 total, 0 uniq crashes found)...[0m
[1;94m[*] [0mFuzzing test case #58 (449 total, 0 uniq crashes found)...[0m
[1;94m[*] [0mFuzzing test case #62 (449 total, 0 uniq crashes found)...[0m
[1;94m[*] [0mFuzzing test case #66 (449 total, 0 uniq crashes found)...[0m
[1;94m[*] [0mFuzzing test case #74 (450 total, 0 uniq crashes found)...[0m
[1;94m[*] [0mFuzzing test case #145 (450 total, 0 uniq crashes found)...[0m
[1;94m[*] [0mFuzzing test case #233 (450 total, 0 uniq crashes found)...[0m
[1;94m[*] [0mFuzzing test case #425 (450 total, 0 uniq crashes found)...[0m
[1;94m[*] [0mFuzzing test case #449 (451 total, 0 uniq crashes found)...[0m
[1;94m[*] [0mFuzzing test case #451 (452 total, 0 uniq crashes found)...[0m
[1;94m[*] [0mEntering queue cycle 6.[0m
[1;94m[*] [0mFuzzing test case #2 (452 total, 0 uniq crashes found)...[0m
[1;94m[*] [0mFuzzing test case #3 (452 total, 0 uniq crashes found)...[0m
[1;94m[*] [0mFuzzing test case #6 (452 total, 0 uniq crashes found)...[0m
[1;94m[*] [0mFuzzing test case #7 (452 total, 0 uniq crashes found)...[0m
[1;94m[*] [0mFuzzing test case #14 (453 total, 0 uniq crashes found)...[0m
[1;94m[*] [0mFuzzing test case #416 (453 total, 0 uniq crashes found)...[0m
[1;94m[*] [0mFuzzing test case #452 (453 total, 0 uniq crashes found)...[0m
[1;94m[*] [0mFuzzing test case #456 (467 total, 0 uniq crashes found)...[0m
[1;94m[*] [0mFuzzing test case #457 (469 total, 0 uniq crashes found)...[0m
[1;94m[*] [0mFuzzing test case #458 (473 total, 0 uniq crashes found)...[0m
[1;94m[*] [0mFuzzing test case #460 (474 total, 0 uniq crashes found)...[0m
[1;94m[*] [0mFuzzing test case #472 (474 total, 0 uniq crashes found)...[0m
[1;94m[*] [0mEntering queue cycle 7.[0m
[1;94m[*] [0mFuzzing test case #61 (475 total, 0 uniq crashes found)...[0m
[1;94m[*] [0mFuzzing test case #118 (476 total, 0 uniq crashes found)...[0m
[1;94m[*] [0mFuzzing test case #122 (477 total, 0 uniq crashes found)...[0m
[1;94m[*] [0mFuzzing test case #124 (477 total, 0 uniq crashes found)...[0m
[1;94m[*] [0mFuzzing test case #247 (477 total, 0 uniq crashes found)...[0m
[1;94m[*] [0mFuzzing test case #321 (477 total, 0 uniq crashes found)...[0m
[1;94m[*] [0mFuzzing test case #411 (477 total, 0 uniq crashes found)...[0m
[1;94m[*] [0mFuzzing test case #476 (477 total, 0 uniq crashes found)...[0m
[1;94m[*] [0mEntering queue cycle 8.[0m
[1;94m[*] [0mFuzzing test case #6 (477 total, 0 uniq crashes found)...[0m
[1;94m[*] [0mFuzzing test case #7 (477 total, 0 uniq crashes found)...[0m
[1;94m[*] [0mFuzzing test case #8 (477 total, 0 uniq crashes found)...[0m
[1;94m[*] [0mFuzzing test case #10 (477 total, 0 uniq crashes found)...[0m
[1;94m[*] [0mFuzzing test case #15 (477 total, 0 uniq crashes found)...[0m
[1;94m[*] [0mFuzzing test case #17 (477 total, 0 uniq crashes found)...[0m
[1;94m[*] [0mFuzzing test case #18 (477 total, 0 uniq crashes found)...[0m
[1;94m[*] [0mFuzzing test case #19 (477 total, 0 uniq crashes found)...[0m
[1;94m[*] [0mFuzzing test case #20 (477 total, 0 uniq crashes found)...[0m
[1;94m[*] [0mFuzzing test case #22 (477 total, 0 uniq crashes found)...[0m
[1;94m[*] [0mFuzzing test case #30 (477 total, 0 uniq crashes found)...[0m
[1;94m[*] [0mFuzzing test case #31 (477 total, 0 uniq crashes found)...[0m
[1;94m[*] [0mFuzzing test case #32 (477 total, 0 uniq crashes found)...[0m
[1;94m[*] [0mFuzzing test case #36 (477 total, 0 uniq crashes found)...[0m
[1;94m[*] [0mFuzzing test case #39 (477 total, 0 uniq crashes found)...[0m
[1;94m[*] [0mFuzzing test case #43 (477 total, 0 uniq crashes found)...[0m
[1;94m[*] [0mFuzzing test case #44 (477 total, 0 uniq crashes found)...[0m
[1;94m[*] [0mFuzzing test case #47 (477 total, 0 uniq crashes found)...[0m
[1;94m[*] [0mFuzzing test case #48 (477 total, 0 uniq crashes found)...[0m
[1;94m[*] [0mFuzzing test case #49 (477 total, 0 uniq crashes found)...[0m
[1;94m[*] [0mFuzzing test case #52 (477 total, 0 uniq crashes found)...[0m
[1;94m[*] [0mFuzzing test case #53 (477 total, 0 uniq crashes found)...[0m
[1;94m[*] [0mFuzzing test case #54 (477 total, 0 uniq crashes found)...[0m
[1;94m[*] [0mFuzzing test case #55 (477 total, 0 uniq crashes found)...[0m
[1;94m[*] [0mFuzzing test case #66 (477 total, 0 uniq crashes found)...[0m
[1;94m[*] [0mFuzzing test case #67 (477 total, 0 uniq crashes found)...[0m
[1;94m[*] [0mFuzzing test case #68 (477 total, 0 uniq crashes found)...[0m
[1;94m[*] [0mFuzzing test case #69 (477 total, 0 uniq crashes found)...[0m
[1;94m[*] [0mFuzzing test case #73 (477 total, 0 uniq crashes found)...[0m
[1;94m[*] [0mFuzzing test case #74 (478 total, 0 uniq crashes found)...[0m
[1;94m[*] [0mFuzzing test case #76 (478 total, 0 uniq crashes found)...[0m
[1;94m[*] [0mFuzzing test case #77 (478 total, 0 uniq crashes found)...[0m
[1;94m[*] [0mFuzzing test case #78 (478 total, 0 uniq crashes found)...[0m
[1;94m[*] [0mFuzzing test case #79 (478 total, 0 uniq crashes found)...[0m
[1;94m[*] [0mFuzzing test case #80 (478 total, 0 uniq crashes found)...[0m
[1;94m[*] [0mFuzzing test case #84 (478 total, 0 uniq crashes found)...[0m
[1;94m[*] [0mFuzzing test case #85 (479 total, 0 uniq crashes found)...[0m
[1;94m[*] [0mFuzzing test case #86 (479 total, 0 uniq crashes found)...[0m
[1;94m[*] [0mFuzzing test case #87 (479 total, 0 uniq crashes found)...[0m
[1;94m[*] [0mFuzzing test case #89 (479 total, 0 uniq crashes found)...[0m
[1;94m[*] [0mFuzzing test case #91 (479 total, 0 uniq crashes found)...[0m
[1;94m[*] [0mFuzzing test case #92 (479 total, 0 uniq crashes found)...[0m
[1;94m[*] [0mFuzzing test case #93 (479 total, 0 uniq crashes found)...[0m
[1;94m[*] [0mFuzzing test case #94 (479 total, 0 uniq crashes found)...[0m
[1;94m[*] [0mFuzzing test case #95 (479 total, 0 uniq crashes found)...[0m
[1;94m[*] [0mFuzzing test case #96 (479 total, 0 uniq crashes found)...[0m
[1;94m[*] [0mFuzzing test case #98 (479 total, 0 uniq crashes found)...[0m
[1;94m[*] [0mFuzzing test case #99 (479 total, 0 uniq crashes found)...[0m
[1;94m[*] [0mFuzzing test case #102 (479 total, 0 uniq crashes found)...[0m
[1;94m[*] [0mFuzzing test case #103 (479 total, 0 uniq crashes found)...[0m
[1;94m[*] [0mFuzzing test case #104 (479 total, 0 uniq crashes found)...[0m
[1;94m[*] [0mFuzzing test case #105 (479 total, 0 uniq crashes found)...[0m
[1;94m[*] [0mFuzzing test case #108 (479 total, 0 uniq crashes found)...[0m
[1;94m[*] [0mFuzzing test case #111 (479 total, 0 uniq crashes found)...[0m
[1;94m[*] [0mFuzzing test case #112 (479 total, 0 uniq crashes found)...[0m
[1;94m[*] [0mFuzzing test case #113 (479 total, 0 uniq crashes found)...[0m
[1;94m[*] [0mFuzzing test case #114 (479 total, 0 uniq crashes found)...[0m
[1;94m[*] [0mFuzzing test case #116 (479 total, 0 uniq crashes found)...[0m
[1;94m[*] [0mFuzzing test case #119 (479 total, 0 uniq crashes found)...[0m
[1;94m[*] [0mFuzzing test case #290 (480 total, 0 uniq crashes found)...[0m
[1;94m[*] [0mFuzzing test case #358 (481 total, 0 uniq crashes found)...[0m
[1;94m[*] [0mFuzzing test case #415 (481 total, 0 uniq crashes found)...[0m
[1;94m[*] [0mFuzzing test case #479 (481 total, 0 uniq crashes found)...[0m
[1;94m[*] [0mFuzzing test case #481 (486 total, 0 uniq crashes found)...[0m
[1;94m[*] [0mFuzzing test case #483 (486 total, 0 uniq crashes found)...[0m
[1;94m[*] [0mFuzzing test case #484 (490 total, 0 uniq crashes found)...[0m
[1;94m[*] [0mFuzzing test case #486 (493 total, 0 uniq crashes found)...[0m
[1;94m[*] [0mFuzzing test case #487 (495 total, 0 uniq crashes found)...[0m
[1;94m[*] [0mFuzzing test case #493 (495 total, 0 uniq crashes found)...[0m
[1;94m[*] [0mFuzzing test case #494 (495 total, 0 uniq crashes found)...[0m
[1;94m[*] [0mEntering queue cycle 9.[0m
[1;94m[*] [0mFuzzing test case #121 (495 total, 0 uniq crashes found)...[0m
[1;94m[*] [0mFuzzing test case #126 (495 total, 0 uniq crashes found)...[0m
[1;94m[*] [0mFuzzing test case #129 (495 total, 0 uniq crashes found)...[0m
[1;94m[*] [0mFuzzing test case #130 (495 total, 0 uniq crashes found)...[0m
[1;94m[*] [0mFuzzing test case #131 (495 total, 0 uniq crashes found)...[0m
[1;94m[*] [0mFuzzing test case #132 (495 total, 0 uniq crashes found)...[0m
[1;94m[*] [0mFuzzing test case #133 (495 total, 0 uniq crashes found)...[0m
[1;94m[*] [0mFuzzing test case #135 (495 total, 0 uniq crashes found)...[0m
[1;94m[*] [0mFuzzing test case #136 (495 total, 0 uniq crashes found)...[0m
[1;94m[*] [0mFuzzing test case #137 (495 total, 0 uniq crashes found)...[0m
[1;94m[*] [0mFuzzing test case #138 (495 total, 0 uniq crashes found)...[0m
[1;94m[*] [0mFuzzing test case #139 (495 total, 0 uniq crashes found)...[0m
[1;94m[*] [0mFuzzing test case #140 (495 total, 0 uniq crashes found)...[0m
[1;94m[*] [0mFuzzing test case #141 (495 total, 0 uniq crashes found)...[0m
[1;94m[*] [0mFuzzing test case #142 (496 total, 0 uniq crashes found)...[0m
[1;94m[*] [0mFuzzing test case #145 (496 total, 0 uniq crashes found)...[0m
[1;94m[*] [0mFuzzing test case #147 (496 total, 0 uniq crashes found)...[0m
[1;94m[*] [0mFuzzing test case #149 (496 total, 0 uniq crashes found)...[0m
[1;94m[*] [0mFuzzing test case #153 (496 total, 0 uniq crashes found)...[0m
[1;94m[*] [0mFuzzing test case #154 (496 total, 0 uniq crashes found)...[0m
[1;94m[*] [0mFuzzing test case #155 (496 total, 0 uniq crashes found)...[0m
[1;94m[*] [0mFuzzing test case #157 (496 total, 0 uniq crashes found)...[0m
[1;94m[*] [0mFuzzing test case #159 (496 total, 0 uniq crashes found)...[0m
[1;94m[*] [0mFuzzing test case #162 (496 total, 0 uniq crashes found)...[0m
[1;94m[*] [0mFuzzing test case #164 (496 total, 0 uniq crashes found)...[0m
[1;94m[*] [0mFuzzing test case #165 (496 total, 0 uniq crashes found)...[0m
[1;94m[*] [0mFuzzing test case #166 (496 total, 0 uniq crashes found)...[0m
[1;94m[*] [0mFuzzing test case #168 (496 total, 0 uniq crashes found)...[0m
[1;94m[*] [0mFuzzing test case #169 (496 total, 0 uniq crashes found)...[0m
[1;94m[*] [0mFuzzing test case #170 (496 total, 0 uniq crashes found)...[0m
[1;94m[*] [0mFuzzing test case #171 (496 total, 0 uniq crashes found)...[0m
[1;94m[*] [0mFuzzing test case #172 (496 total, 0 uniq crashes found)...[0m
[1;94m[*] [0mFuzzing test case #173 (496 total, 0 uniq crashes found)...[0m
[1;94m[*] [0mFuzzing test case #174 (496 total, 0 uniq crashes found)...[0m
[1;94m[*] [0mFuzzing test case #176 (496 total, 0 uniq crashes found)...[0m
[1;94m[*] [0mFuzzing test case #177 (496 total, 0 uniq crashes found)...[0m
[1;94m[*] [0mFuzzing test case #178 (496 total, 0 uniq crashes found)...[0m
[1;94m[*] [0mFuzzing test case #179 (496 total, 0 uniq crashes found)...[0m
[1;94m[*] [0mFuzzing test case #180 (496 total, 0 uniq crashes found)...[0m
[1;94m[*] [0mFuzzing test case #181 (496 total, 0 uniq crashes found)...[0m
[1;94m[*] [0mFuzzing test case #182 (496 total, 0 uniq crashes found)...[0m
[1;94m[*] [0mFuzzing test case #183 (496 total, 0 uniq crashes found)...[0m
[1;94m[*] [0mFuzzing test case #187 (496 total, 0 uniq crashes found)...[0m
[1;94m[*] [0mFuzzing test case #188 (496 total, 0 uniq crashes found)...[0m
[1;94m[*] [0mFuzzing test case #189 (496 total, 0 uniq crashes found)...[0m
[1;94m[*] [0mFuzzing test case #190 (496 total, 0 uniq crashes found)...[0m
[1;94m[*] [0mFuzzing test case #191 (496 total, 0 uniq crashes found)...[0m
[1;94m[*] [0mFuzzing test case #192 (496 total, 0 uniq crashes found)...[0m
[1;94m[*] [0mFuzzing test case #193 (496 total, 0 uniq crashes found)...[0m
[1;94m[*] [0mFuzzing test case #194 (496 total, 0 uniq crashes found)...[0m
[1;94m[*] [0mFuzzing test case #195 (496 total, 0 uniq crashes found)...[0m
[1;94m[*] [0mFuzzing test case #197 (496 total, 0 uniq crashes found)...[0m
[1;94m[*] [0mFuzzing test case #198 (496 total, 0 uniq crashes found)...[0m
[1;94m[*] [0mFuzzing test case #199 (496 total, 0 uniq crashes found)...[0m
[1;94m[*] [0mFuzzing test case #200 (496 total, 0 uniq crashes found)...[0m
[1;94m[*] [0mFuzzing test case #201 (496 total, 0 uniq crashes found)...[0m
[1;94m[*] [0mFuzzing test case #203 (497 total, 0 uniq crashes found)...[0m
[1;94m[*] [0mFuzzing test case #205 (497 total, 0 uniq crashes found)...[0m
[1;94m[*] [0mFuzzing test case #206 (497 total, 0 uniq crashes found)...[0m
[1;94m[*] [0mFuzzing test case #207 (497 total, 0 uniq crashes found)...[0m
[1;94m[*] [0mFuzzing test case #208 (497 total, 0 uniq crashes found)...[0m
[1;94m[*] [0mFuzzing test case #209 (497 total, 0 uniq crashes found)...[0m
[1;94m[*] [0mFuzzing test case #210 (497 total, 0 uniq crashes found)...[0m
[1;94m[*] [0mFuzzing test case #211 (497 total, 0 uniq crashes found)...[0m
[1;94m[*] [0mFuzzing test case #213 (497 total, 0 uniq crashes found)...[0m
[1;94m[*] [0mFuzzing test case #215 (497 total, 0 uniq crashes found)...[0m
[1;94m[*] [0mFuzzing test case #217 (497 total, 0 uniq crashes found)...[0m
[1;94m[*] [0mFuzzing test case #219 (497 total, 0 uniq crashes found)...[0m
[1;94m[*] [0mFuzzing test case #220 (497 total, 0 uniq crashes found)...[0m
[1;94m[*] [0mFuzzing test case #221 (497 total, 0 uniq crashes found)...[0m
[1;94m[*] [0mFuzzing test case #222 (497 total, 0 uniq crashes found)...[0m
[1;94m[*] [0mFuzzing test case #223 (497 total, 0 uniq crashes found)...[0m
[1;94m[*] [0mFuzzing test case #228 (497 total, 0 uniq crashes found)...[0m
[1;94m[*] [0mFuzzing test case #235 (497 total, 0 uniq crashes found)...[0m
[1;94m[*] [0mFuzzing test case #236 (497 total, 0 uniq crashes found)...[0m
[1;94m[*] [0mFuzzing test case #238 (497 total, 0 uniq crashes found)...[0m
[1;94m[*] [0mFuzzing test case #239 (497 total, 0 uniq crashes found)...[0m
[1;94m[*] [0mFuzzing test case #242 (497 total, 0 uniq crashes found)...[0m
[1;94m[*] [0mFuzzing test case #244 (497 total, 0 uniq crashes found)...[0m
[1;94m[*] [0mFuzzing test case #246 (497 total, 0 uniq crashes found)...[0m
[1;94m[*] [0mFuzzing test case #254 (497 total, 0 uniq crashes found)...[0m
[1;94m[*] [0mFuzzing test case #267 (497 total, 0 uniq crashes found)...[0m
[1;94m[*] [0mFuzzing test case #269 (497 total, 0 uniq crashes found)...[0m
[1;94m[*] [0mFuzzing test case #272 (497 total, 0 uniq crashes found)...[0m
[1;94m[*] [0mFuzzing test case #273 (497 total, 0 uniq crashes found)...[0m
[1;94m[*] [0mFuzzing test case #276 (497 total, 0 uniq crashes found)...[0m
[1;94m[*] [0mFuzzing test case #412 (498 total, 0 uniq crashes found)...[0m
[1;94m[*] [0mFuzzing test case #497 (498 total, 0 uniq crashes found)...[0m
[1;94m[*] [0mEntering queue cycle 10.[0m
[1;94m[*] [0mFuzzing test case #5 (498 total, 0 uniq crashes found)...[0m
[1;94m[*] [0mFuzzing test case #6 (498 total, 0 uniq crashes found)...[0m
[1;94m[*] [0mFuzzing test case #7 (498 total, 0 uniq crashes found)...[0m
[1;94m[*] [0mFuzzing test case #8 (498 total, 0 uniq crashes found)...[0m
[1;94m[*] [0mFuzzing test case #15 (498 total, 0 uniq crashes found)...[0m
[1;94m[*] [0mFuzzing test case #17 (498 total, 0 uniq crashes found)...[0m
[1;94m[*] [0mFuzzing test case #18 (498 total, 0 uniq crashes found)...[0m
[1;94m[*] [0mFuzzing test case #19 (498 total, 0 uniq crashes found)...[0m
[1;94m[*] [0mFuzzing test case #20 (498 total, 0 uniq crashes found)...[0m
[1;94m[*] [0mFuzzing test case #21 (498 total, 0 uniq crashes found)...[0m
[1;94m[*] [0mFuzzing test case #22 (498 total, 0 uniq crashes found)...[0m
[1;94m[*] [0mFuzzing test case #30 (498 total, 0 uniq crashes found)...[0m
[1;94m[*] [0mFuzzing test case #33 (498 total, 0 uniq crashes found)...[0m
[1;94m[*] [0mFuzzing test case #34 (498 total, 0 uniq crashes found)...[0m
[1;94m[*] [0mFuzzing test case #35 (498 total, 0 uniq crashes found)...[0m
[1;94m[*] [0mFuzzing test case #37 (498 total, 0 uniq crashes found)...[0m
[1;94m[*] [0mFuzzing test case #44 (498 total, 0 uniq crashes found)...[0m
[1;94m[*] [0mFuzzing test case #45 (498 total, 0 uniq crashes found)...[0m
[1;94m[*] [0mFuzzing test case #47 (498 total, 0 uniq crashes found)...[0m
[1;94m[*] [0mFuzzing test case #49 (498 total, 0 uniq crashes found)...[0m
[1;94m[*] [0mFuzzing test case #50 (498 total, 0 uniq crashes found)...[0m
[1;94m[*] [0mFuzzing test case #52 (498 total, 0 uniq crashes found)...[0m
[1;94m[*] [0mFuzzing test case #54 (498 total, 0 uniq crashes found)...[0m
[1;94m[*] [0mFuzzing test case #55 (498 total, 0 uniq crashes found)...[0m
[1;94m[*] [0mFuzzing test case #66 (498 total, 0 uniq crashes found)...[0m
[1;94m[*] [0mFuzzing test case #67 (498 total, 0 uniq crashes found)...[0m
[1;94m[*] [0mFuzzing test case #68 (498 total, 0 uniq crashes found)...[0m
[1;94m[*] [0mFuzzing test case #72 (498 total, 0 uniq crashes found)...[0m
[1;94m[*] [0mFuzzing test case #73 (498 total, 0 uniq crashes found)...[0m
[1;94m[*] [0mFuzzing test case #74 (498 total, 0 uniq crashes found)...[0m
[1;94m[*] [0mFuzzing test case #202 (500 total, 0 uniq crashes found)...[0m
[1;94m[*] [0mFuzzing test case #210 (500 total, 0 uniq crashes found)...[0m
[1;94m[*] [0mFuzzing test case #353 (500 total, 0 uniq crashes found)...[0m
[1;94m[*] [0mFuzzing test case #371 (500 total, 0 uniq crashes found)...[0m
[1;94m[*] [0mFuzzing test case #499 (500 total, 0 uniq crashes found)...[0m
[1;94m[*] [0mFuzzing test case #505 (509 total, 0 uniq crashes found)...[0m
[1;94m[*] [0mFuzzing test case #506 (514 total, 0 uniq crashes found)...[0m
[1;94m[*] [0mFuzzing test case #508 (514 total, 0 uniq crashes found)...[0m
[1;94m[*] [0mFuzzing test case #509 (514 total, 0 uniq crashes found)...[0m
[1;94m[*] [0mFuzzing test case #511 (517 total, 0 uniq crashes found)...[0m
[1;94m[*] [0mFuzzing test case #512 (518 total, 0 uniq crashes found)...[0m
[1;94m[*] [0mFuzzing test case #513 (519 total, 0 uniq crashes found)...[0m
[1;94m[*] [0mFuzzing test case #515 (519 total, 0 uniq crashes found)...[0m
[1;94m[*] [0mFuzzing test case #524 (525 total, 0 uniq crashes found)...[0m
[1;94m[*] [0mEntering queue cycle 11.[0m
[1;94m[*] [0mFuzzing test case #42 (525 total, 0 uniq crashes found)...[0m
[1;94m[*] [0mFuzzing test case #44 (525 total, 0 uniq crashes found)...[0m
[1;94m[*] [0mFuzzing test case #47 (525 total, 0 uniq crashes found)...[0m
[1;94m[*] [0mFuzzing test case #49 (525 total, 0 uniq crashes found)...[0m
[1;94m[*] [0mFuzzing test case #52 (525 total, 0 uniq crashes found)...[0m
[1;94m[*] [0mFuzzing test case #55 (525 total, 0 uniq crashes found)...[0m
[1;94m[*] [0mFuzzing test case #58 (525 total, 0 uniq crashes found)...[0m
[1;94m[*] [0mFuzzing test case #66 (525 total, 0 uniq crashes found)...[0m
[1;94m[*] [0mFuzzing test case #67 (525 total, 0 uniq crashes found)...[0m
[1;94m[*] [0mFuzzing test case #68 (525 total, 0 uniq crashes found)...[0m
[1;94m[*] [0mFuzzing test case #73 (525 total, 0 uniq crashes found)...[0m
[1;94m[*] [0mFuzzing test case #74 (525 total, 0 uniq crashes found)...[0m
[1;94m[*] [0mFuzzing test case #76 (525 total, 0 uniq crashes found)...[0m
[1;94m[*] [0mFuzzing test case #77 (525 total, 0 uniq crashes found)...[0m
[1;94m[*] [0mFuzzing test case #78 (525 total, 0 uniq crashes found)...[0m
[1;94m[*] [0mFuzzing test case #79 (525 total, 0 uniq crashes found)...[0m
[1;94m[*] [0mFuzzing test case #80 (526 total, 0 uniq crashes found)...[0m
[1;94m[*] [0mFuzzing test case #84 (526 total, 0 uniq crashes found)...[0m
[1;94m[*] [0mFuzzing test case #86 (526 total, 0 uniq crashes found)...[0m
[1;94m[*] [0mFuzzing test case #87 (526 total, 0 uniq crashes found)...[0m
[1;94m[*] [0mFuzzing test case #89 (526 total, 0 uniq crashes found)...[0m
[1;94m[*] [0mFuzzing test case #90 (526 total, 0 uniq crashes found)...[0m
[1;94m[*] [0mFuzzing test case #92 (526 total, 0 uniq crashes found)...[0m
[1;94m[*] [0mFuzzing test case #94 (526 total, 0 uniq crashes found)...[0m
[1;94m[*] [0mFuzzing test case #95 (526 total, 0 uniq crashes found)...[0m
[1;94m[*] [0mFuzzing test case #96 (526 total, 0 uniq crashes found)...[0m
[1;94m[*] [0mFuzzing test case #97 (526 total, 0 uniq crashes found)...[0m
[1;94m[*] [0mFuzzing test case #102 (526 total, 0 uniq crashes found)...[0m
[1;94m[*] [0mFuzzing test case #103 (526 total, 0 uniq crashes found)...[0m
[1;94m[*] [0mFuzzing test case #104 (526 total, 0 uniq crashes found)...[0m
[1;94m[*] [0mFuzzing test case #105 (526 total, 0 uniq crashes found)...[0m
[1;94m[*] [0mFuzzing test case #108 (526 total, 0 uniq crashes found)...[0m
[1;94m[*] [0mFuzzing test case #111 (526 total, 0 uniq crashes found)...[0m
[1;94m[*] [0mFuzzing test case #112 (526 total, 0 uniq crashes found)...[0m
[1;94m[*] [0mFuzzing test case #113 (526 total, 0 uniq crashes found)...[0m
[1;94m[*] [0mFuzzing test case #114 (526 total, 0 uniq crashes found)...[0m
[1;94m[*] [0mFuzzing test case #116 (526 total, 0 uniq crashes found)...[0m
[1;94m[*] [0mFuzzing test case #119 (526 total, 0 uniq crashes found)...[0m
[1;94m[*] [0mFuzzing test case #120 (526 total, 0 uniq crashes found)...[0m
[1;94m[*] [0mFuzzing test case #122 (526 total, 0 uniq crashes found)...[0m
[1;94m[*] [0mFuzzing test case #123 (526 total, 0 uniq crashes found)...[0m
[1;94m[*] [0mFuzzing test case #124 (526 total, 0 uniq crashes found)...[0m
[1;94m[*] [0mFuzzing test case #125 (526 total, 0 uniq crashes found)...[0m
[1;94m[*] [0mFuzzing test case #126 (526 total, 0 uniq crashes found)...[0m
[1;94m[*] [0mFuzzing test case #129 (526 total, 0 uniq crashes found)...[0m
[1;94m[*] [0mFuzzing test case #130 (526 total, 0 uniq crashes found)...[0m
[1;94m[*] [0mFuzzing test case #131 (526 total, 0 uniq crashes found)...[0m
[1;94m[*] [0mFuzzing test case #132 (526 total, 0 uniq crashes found)...[0m
[1;94m[*] [0mFuzzing test case #133 (526 total, 0 uniq crashes found)...[0m
[1;94m[*] [0mFuzzing test case #135 (526 total, 0 uniq crashes found)...[0m
[1;94m[*] [0mFuzzing test case #136 (526 total, 0 uniq crashes found)...[0m
[1;94m[*] [0mFuzzing test case #137 (526 total, 0 uniq crashes found)...[0m
[1;94m[*] [0mFuzzing test case #138 (526 total, 0 uniq crashes found)...[0m
[1;94m[*] [0mFuzzing test case #139 (526 total, 0 uniq crashes found)...[0m
[1;94m[*] [0mFuzzing test case #140 (526 total, 0 uniq crashes found)...[0m
[1;94m[*] [0mFuzzing test case #141 (526 total, 0 uniq crashes found)...[0m
[1;94m[*] [0mFuzzing test case #142 (526 total, 0 uniq crashes found)...[0m
[1;94m[*] [0mFuzzing test case #145 (526 total, 0 uniq crashes found)...[0m
[1;94m[*] [0mFuzzing test case #153 (526 total, 0 uniq crashes found)...[0m
[1;94m[*] [0mFuzzing test case #155 (526 total, 0 uniq crashes found)...[0m
[1;94m[*] [0mFuzzing test case #156 (526 total, 0 uniq crashes found)...[0m
[1;94m[*] [0mFuzzing test case #157 (526 total, 0 uniq crashes found)...[0m
[1;94m[*] [0mFuzzing test case #158 (526 total, 0 uniq crashes found)...[0m
[1;94m[*] [0mFuzzing test case #159 (526 total, 0 uniq crashes found)...[0m
[1;94m[*] [0mFuzzing test case #162 (526 total, 0 uniq crashes found)...[0m
[1;94m[*] [0mFuzzing test case #164 (526 total, 0 uniq crashes found)...[0m
[1;94m[*] [0mFuzzing test case #166 (526 total, 0 uniq crashes found)...[0m
[1;94m[*] [0mFuzzing test case #168 (526 total, 0 uniq crashes found)...[0m
[1;94m[*] [0mFuzzing test case #169 (526 total, 0 uniq crashes found)...[0m
[1;94m[*] [0mFuzzing test case #170 (526 total, 0 uniq crashes found)...[0m
[1;94m[*] [0mFuzzing test case #171 (526 total, 0 uniq crashes found)...[0m
[1;94m[*] [0mFuzzing test case #172 (526 total, 0 uniq crashes found)...[0m
[1;94m[*] [0mFuzzing test case #173 (526 total, 0 uniq crashes found)...[0m
[1;94m[*] [0mFuzzing test case #174 (526 total, 0 uniq crashes found)...[0m
[1;94m[*] [0mFuzzing test case #176 (526 total, 0 uniq crashes found)...[0m
[1;94m[*] [0mFuzzing test case #177 (526 total, 0 uniq crashes found)...[0m
[1;94m[*] [0mFuzzing test case #180 (526 total, 0 uniq crashes found)...[0m
[1;94m[*] [0mFuzzing test case #181 (526 total, 0 uniq crashes found)...[0m
[1;94m[*] [0mFuzzing test case #182 (526 total, 0 uniq crashes found)...[0m
[1;94m[*] [0mFuzzing test case #183 (526 total, 0 uniq crashes found)...[0m
[1;94m[*] [0mFuzzing test case #185 (526 total, 0 uniq crashes found)...[0m
[1;94m[*] [0mFuzzing test case #187 (526 total, 0 uniq crashes found)...[0m
[1;94m[*] [0mFuzzing test case #188 (526 total, 0 uniq crashes found)...[0m
[1;94m[*] [0mFuzzing test case #189 (526 total, 0 uniq crashes found)...[0m
[1;94m[*] [0mFuzzing test case #191 (526 total, 0 uniq crashes found)...[0m
[1;94m[*] [0mFuzzing test case #193 (526 total, 0 uniq crashes found)...[0m
[1;94m[*] [0mFuzzing test case #194 (526 total, 0 uniq crashes found)...[0m
[1;94m[*] [0mFuzzing test case #195 (526 total, 0 uniq crashes found)...[0m
[1;94m[*] [0mFuzzing test case #198 (526 total, 0 uniq crashes found)...[0m
[1;94m[*] [0mFuzzing test case #199 (526 total, 0 uniq crashes found)...[0m
[1;94m[*] [0mFuzzing test case #200 (526 total, 0 uniq crashes found)...[0m
[1;94m[*] [0mFuzzing test case #201 (526 total, 0 uniq crashes found)...[0m
[1;94m[*] [0mFuzzing test case #202 (526 total, 0 uniq crashes found)...[0m
[1;94m[*] [0mFuzzing test case #203 (526 total, 0 uniq crashes found)...[0m
[1;94m[*] [0mFuzzing test case #204 (526 total, 0 uniq crashes found)...[0m
[1;94m[*] [0mFuzzing test case #205 (526 total, 0 uniq crashes found)...[0m
[1;94m[*] [0mFuzzing test case #206 (526 total, 0 uniq crashes found)...[0m
[1;94m[*] [0mFuzzing test case #208 (526 total, 0 uniq crashes found)...[0m
[1;94m[*] [0mFuzzing test case #209 (526 total, 0 uniq crashes found)...[0m
[1;94m[*] [0mFuzzing test case #210 (526 total, 0 uniq crashes found)...[0m
[1;94m[*] [0mFuzzing test case #211 (526 total, 0 uniq crashes found)...[0m
[1;94m[*] [0mFuzzing test case #213 (526 total, 0 uniq crashes found)...[0m
[1;94m[*] [0mFuzzing test case #215 (526 total, 0 uniq crashes found)...[0m
[1;94m[*] [0mFuzzing test case #217 (526 total, 0 uniq crashes found)...[0m
[1;94m[*] [0mFuzzing test case #219 (526 total, 0 uniq crashes found)...[0m
[1;94m[*] [0mFuzzing test case #220 (526 total, 0 uniq crashes found)...[0m
[1;94m[*] [0mFuzzing test case #221 (526 total, 0 uniq crashes found)...[0m
[1;94m[*] [0mFuzzing test case #222 (526 total, 0 uniq crashes found)...[0m
[1;94m[*] [0mFuzzing test case #223 (527 total, 0 uniq crashes found)...[0m
[1;94m[*] [0mFuzzing test case #236 (527 total, 0 uniq crashes found)...[0m
[1;94m[*] [0mFuzzing test case #239 (527 total, 0 uniq crashes found)...[0m
[1;94m[*] [0mFuzzing test case #252 (529 total, 0 uniq crashes found)...[0m
[1;94m[*] [0mFuzzing test case #256 (529 total, 0 uniq crashes found)...[0m
[1;94m[*] [0mFuzzing test case #258 (529 total, 0 uniq crashes found)...[0m
[1;94m[*] [0mFuzzing test case #261 (529 total, 0 uniq crashes found)...[0m
[1;94m[*] [0mFuzzing test case #262 (529 total, 0 uniq crashes found)...[0m
[1;94m[*] [0mFuzzing test case #264 (530 total, 0 uniq crashes found)...[0m
[1;94m[*] [0mFuzzing test case #267 (530 total, 0 uniq crashes found)...[0m
[1;94m[*] [0mFuzzing test case #269 (530 total, 0 uniq crashes found)...[0m
[1;94m[*] [0mFuzzing test case #272 (530 total, 0 uniq crashes found)...[0m
[1;94m[*] [0mFuzzing test case #274 (530 total, 0 uniq crashes found)...[0m
[1;94m[*] [0mFuzzing test case #278 (530 total, 0 uniq crashes found)...[0m
[1;94m[*] [0mFuzzing test case #280 (530 total, 0 uniq crashes found)...[0m
[1;94m[*] [0mFuzzing test case #285 (530 total, 0 uniq crashes found)...[0m
[1;94m[*] [0mFuzzing test case #287 (530 total, 0 uniq crashes found)...[0m
[1;94m[*] [0mFuzzing test case #288 (530 total, 0 uniq crashes found)...[0m
[1;94m[*] [0mFuzzing test case #298 (530 total, 0 uniq crashes found)...[0m
[1;94m[*] [0mFuzzing test case #304 (530 total, 0 uniq crashes found)...[0m
[1;94m[*] [0mFuzzing test case #308 (530 total, 0 uniq crashes found)...[0m
[1;94m[*] [0mFuzzing test case #311 (530 total, 0 uniq crashes found)...[0m
[1;94m[*] [0mFuzzing test case #314 (530 total, 0 uniq crashes found)...[0m
[1;94m[*] [0mFuzzing test case #317 (530 total, 0 uniq crashes found)...[0m
[1;94m[*] [0mFuzzing test case #319 (530 total, 0 uniq crashes found)...[0m
[1;94m[*] [0mFuzzing test case #325 (530 total, 0 uniq crashes found)...[0m
[1;94m[*] [0mFuzzing test case #332 (530 total, 0 uniq crashes found)...[0m
[1;94m[*] [0mFuzzing test case #334 (530 total, 0 uniq crashes found)...[0m
[1;94m[*] [0mFuzzing test case #335 (530 total, 0 uniq crashes found)...[0m
[1;94m[*] [0mFuzzing test case #336 (530 total, 0 uniq crashes found)...[0m
[1;94m[*] [0mFuzzing test case #338 (530 total, 0 uniq crashes found)...[0m
[1;94m[*] [0mFuzzing test case #343 (530 total, 0 uniq crashes found)...[0m
[1;94m[*] [0mFuzzing test case #352 (530 total, 0 uniq crashes found)...[0m
[1;94m[*] [0mFuzzing test case #354 (530 total, 0 uniq crashes found)...[0m
[1;94m[*] [0mFuzzing test case #358 (532 total, 0 uniq crashes found)...[0m
[1;94m[*] [0mFuzzing test case #359 (532 total, 0 uniq crashes found)...[0m
[1;94m[*] [0mFuzzing test case #360 (532 total, 0 uniq crashes found)...[0m
[1;94m[*] [0mFuzzing test case #366 (532 total, 0 uniq crashes found)...[0m
[1;94m[*] [0mFuzzing test case #367 (532 total, 0 uniq crashes found)...[0m
[1;94m[*] [0mFuzzing test case #368 (532 total, 0 uniq crashes found)...[0m
[1;94m[*] [0mFuzzing test case #369 (532 total, 0 uniq crashes found)...[0m
[1;94m[*] [0mFuzzing test case #372 (532 total, 0 uniq crashes found)...[0m
[1;94m[*] [0mFuzzing test case #374 (532 total, 0 uniq crashes found)...[0m
[1;94m[*] [0mFuzzing test case #375 (532 total, 0 uniq crashes found)...[0m
[1;94m[*] [0mFuzzing test case #378 (532 total, 0 uniq crashes found)...[0m
[1;94m[*] [0mFuzzing test case #379 (532 total, 0 uniq crashes found)...[0m
[1;94m[*] [0mFuzzing test case #381 (532 total, 0 uniq crashes found)...[0m
[1;94m[*] [0mFuzzing test case #384 (532 total, 0 uniq crashes found)...[0m
[1;94m[*] [0mFuzzing test case #385 (532 total, 0 uniq crashes found)...[0m
[1;94m[*] [0mFuzzing test case #387 (532 total, 0 uniq crashes found)...[0m
[1;94m[*] [0mFuzzing test case #392 (532 total, 0 uniq crashes found)...[0m
[1;94m[*] [0mFuzzing test case #393 (532 total, 0 uniq crashes found)...[0m
[1;94m[*] [0mFuzzing test case #394 (532 total, 0 uniq crashes found)...[0m
[1;94m[*] [0mFuzzing test case #398 (532 total, 0 uniq crashes found)...[0m
[1;94m[*] [0mFuzzing test case #402 (532 total, 0 uniq crashes found)...[0m
[1;94m[*] [0mFuzzing test case #408 (532 total, 0 uniq crashes found)...[0m
[1;94m[*] [0mFuzzing test case #409 (532 total, 0 uniq crashes found)...[0m
[1;94m[*] [0mFuzzing test case #410 (532 total, 0 uniq crashes found)...[0m
[1;94m[*] [0mFuzzing test case #411 (532 total, 0 uniq crashes found)...[0m
[1;94m[*] [0mFuzzing test case #414 (532 total, 0 uniq crashes found)...[0m
[1;94m[*] [0mFuzzing test case #415 (532 total, 0 uniq crashes found)...[0m
[1;94m[*] [0mFuzzing test case #421 (532 total, 0 uniq crashes found)...[0m
[1;94m[*] [0mFuzzing test case #422 (532 total, 0 uniq crashes found)...[0m
[1;94m[*] [0mFuzzing test case #423 (532 total, 0 uniq crashes found)...[0m
[1;94m[*] [0mFuzzing test case #424 (532 total, 0 uniq crashes found)...[0m
[1;94m[*] [0mFuzzing test case #429 (532 total, 0 uniq crashes found)...[0m
[1;94m[*] [0mFuzzing test case #432 (532 total, 0 uniq crashes found)...[0m
[1;94m[*] [0mFuzzing test case #435 (532 total, 0 uniq crashes found)...[0m
[1;94m[*] [0mFuzzing test case #437 (532 total, 0 uniq crashes found)...[0m
[1;94m[*] [0mFuzzing test case #532 (533 total, 0 uniq crashes found)...[0m
[1;94m[*] [0mEntering queue cycle 12.[0m
[1;94m[*] [0mFuzzing test case #6 (533 total, 0 uniq crashes found)...[0m
[1;94m[*] [0mFuzzing test case #7 (533 total, 0 uniq crashes found)...[0m
[1;94m[*] [0mFuzzing test case #8 (533 total, 0 uniq crashes found)...[0m
[1;94m[*] [0mFuzzing test case #13 (533 total, 0 uniq crashes found)...[0m
[1;94m[*] [0mFuzzing test case #15 (534 total, 0 uniq crashes found)...[0m
[1;94m[*] [0mFuzzing test case #17 (534 total, 0 uniq crashes found)...[0m
[1;94m[*] [0mFuzzing test case #18 (534 total, 0 uniq crashes found)...[0m
[1;94m[*] [0mFuzzing test case #19 (534 total, 0 uniq crashes found)...[0m
[1;94m[*] [0mFuzzing test case #20 (534 total, 0 uniq crashes found)...[0m
[1;94m[*] [0mFuzzing test case #22 (534 total, 0 uniq crashes found)...[0m
[1;94m[*] [0mFuzzing test case #30 (534 total, 0 uniq crashes found)...[0m
[1;94m[*] [0mFuzzing test case #42 (534 total, 0 uniq crashes found)...[0m
[1;94m[*] [0mFuzzing test case #44 (534 total, 0 uniq crashes found)...[0m
[1;94m[*] [0mFuzzing test case #47 (534 total, 0 uniq crashes found)...[0m
[1;94m[*] [0mFuzzing test case #49 (534 total, 0 uniq crashes found)...[0m
[1;94m[*] [0mFuzzing test case #52 (534 total, 0 uniq crashes found)...[0m
[1;94m[*] [0mFuzzing test case #55 (534 total, 0 uniq crashes found)...[0m
[1;94m[*] [0mFuzzing test case #64 (534 total, 0 uniq crashes found)...[0m
[1;94m[*] [0mFuzzing test case #66 (534 total, 0 uniq crashes found)...[0m
[1;94m[*] [0mFuzzing test case #67 (534 total, 0 uniq crashes found)...[0m
[1;94m[*] [0mFuzzing test case #68 (534 total, 0 uniq crashes found)...[0m
[1;94m[*] [0mFuzzing test case #73 (534 total, 0 uniq crashes found)...[0m
[1;94m[*] [0mFuzzing test case #74 (534 total, 0 uniq crashes found)...[0m
[1;94m[*] [0mFuzzing test case #75 (534 total, 0 uniq crashes found)...[0m
[1;94m[*] [0mFuzzing test case #76 (534 total, 0 uniq crashes found)...[0m
[1;94m[*] [0mFuzzing test case #77 (534 total, 0 uniq crashes found)...[0m
[1;94m[*] [0mFuzzing test case #78 (534 total, 0 uniq crashes found)...[0m
[1;94m[*] [0mFuzzing test case #79 (534 total, 0 uniq crashes found)...[0m
[1;94m[*] [0mFuzzing test case #80 (534 total, 0 uniq crashes found)...[0m
[1;94m[*] [0mFuzzing test case #81 (534 total, 0 uniq crashes found)...[0m
[1;94m[*] [0mFuzzing test case #84 (534 total, 0 uniq crashes found)...[0m
[1;94m[*] [0mFuzzing test case #86 (534 total, 0 uniq crashes found)...[0m
[1;94m[*] [0mFuzzing test case #87 (534 total, 0 uniq crashes found)...[0m
[1;94m[*] [0mFuzzing test case #89 (534 total, 0 uniq crashes found)...[0m
[1;94m[*] [0mFuzzing test case #92 (534 total, 0 uniq crashes found)...[0m
[1;94m[*] [0mFuzzing test case #94 (534 total, 0 uniq crashes found)...[0m
[1;94m[*] [0mFuzzing test case #95 (534 total, 0 uniq crashes found)...[0m
[1;94m[*] [0mFuzzing test case #96 (534 total, 0 uniq crashes found)...[0m
[1;94m[*] [0mFuzzing test case #97 (534 total, 0 uniq crashes found)...[0m
[1;94m[*] [0mFuzzing test case #102 (534 total, 0 uniq crashes found)...[0m
[1;94m[*] [0mFuzzing test case #103 (534 total, 0 uniq crashes found)...[0m
[1;94m[*] [0mFuzzing test case #104 (534 total, 0 uniq crashes found)...[0m
[1;94m[*] [0mFuzzing test case #105 (534 total, 0 uniq crashes found)...[0m
[1;94m[*] [0mFuzzing test case #108 (534 total, 0 uniq crashes found)...[0m
[1;94m[*] [0mFuzzing test case #110 (534 total, 0 uniq crashes found)...[0m
[1;94m[*] [0mFuzzing test case #111 (534 total, 0 uniq crashes found)...[0m
[1;94m[*] [0mFuzzing test case #112 (534 total, 0 uniq crashes found)...[0m
[1;94m[*] [0mFuzzing test case #113 (534 total, 0 uniq crashes found)...[0m
[1;94m[*] [0mFuzzing test case #114 (534 total, 0 uniq crashes found)...[0m
[1;94m[*] [0mFuzzing test case #116 (534 total, 0 uniq crashes found)...[0m
[1;94m[*] [0mFuzzing test case #118 (534 total, 0 uniq crashes found)...[0m
[1;94m[*] [0mFuzzing test case #119 (534 total, 0 uniq crashes found)...[0m
[1;94m[*] [0mFuzzing test case #120 (534 total, 0 uniq crashes found)...[0m
[1;94m[*] [0mFuzzing test case #122 (534 total, 0 uniq crashes found)...[0m
[1;94m[*] [0mFuzzing test case #123 (534 total, 0 uniq crashes found)...[0m
[1;94m[*] [0mFuzzing test case #124 (534 total, 0 uniq crashes found)...[0m
[1;94m[*] [0mFuzzing test case #125 (534 total, 0 uniq crashes found)...[0m
[1;94m[*] [0mFuzzing test case #126 (534 total, 0 uniq crashes found)...[0m
[1;94m[*] [0mFuzzing test case #129 (534 total, 0 uniq crashes found)...[0m
[1;94m[*] [0mFuzzing test case #130 (534 total, 0 uniq crashes found)...[0m
[1;94m[*] [0mFuzzing test case #131 (534 total, 0 uniq crashes found)...[0m
[1;94m[*] [0mFuzzing test case #132 (534 total, 0 uniq crashes found)...[0m
[1;94m[*] [0mFuzzing test case #133 (534 total, 0 uniq crashes found)...[0m
[1;94m[*] [0mFuzzing test case #134 (534 total, 0 uniq crashes found)...[0m
[1;94m[*] [0mFuzzing test case #135 (534 total, 0 uniq crashes found)...[0m
[1;94m[*] [0mFuzzing test case #136 (534 total, 0 uniq crashes found)...[0m
[1;94m[*] [0mFuzzing test case #137 (534 total, 0 uniq crashes found)...[0m
[1;94m[*] [0mFuzzing test case #138 (534 total, 0 uniq crashes found)...[0m
[1;94m[*] [0mFuzzing test case #139 (534 total, 0 uniq crashes found)...[0m
[1;94m[*] [0mFuzzing test case #140 (534 total, 0 uniq crashes found)...[0m
[1;94m[*] [0mFuzzing test case #141 (534 total, 0 uniq crashes found)...[0m
[1;94m[*] [0mFuzzing test case #142 (534 total, 0 uniq crashes found)...[0m
[1;94m[*] [0mFuzzing test case #143 (534 total, 0 uniq crashes found)...[0m
[1;94m[*] [0mFuzzing test case #145 (534 total, 0 uniq crashes found)...[0m
[1;94m[*] [0mFuzzing test case #153 (534 total, 0 uniq crashes found)...[0m
[1;94m[*] [0mFuzzing test case #155 (534 total, 0 uniq crashes found)...[0m
[1;94m[*] [0mFuzzing test case #157 (534 total, 0 uniq crashes found)...[0m
[1;94m[*] [0mFuzzing test case #159 (534 total, 0 uniq crashes found)...[0m
[1;94m[*] [0mFuzzing test case #164 (534 total, 0 uniq crashes found)...[0m
[1;94m[*] [0mFuzzing test case #166 (534 total, 0 uniq crashes found)...[0m
[1;94m[*] [0mFuzzing test case #168 (534 total, 0 uniq crashes found)...[0m
[1;94m[*] [0mFuzzing test case #169 (534 total, 0 uniq crashes found)...[0m
[1;94m[*] [0mFuzzing test case #170 (534 total, 0 uniq crashes found)...[0m
[1;94m[*] [0mFuzzing test case #171 (534 total, 0 uniq crashes found)...[0m
[1;94m[*] [0mFuzzing test case #172 (534 total, 0 uniq crashes found)...[0m
[1;94m[*] [0mFuzzing test case #173 (534 total, 0 uniq crashes found)...[0m
[1;94m[*] [0mFuzzing test case #174 (534 total, 0 uniq crashes found)...[0m
[1;94m[*] [0mFuzzing test case #176 (534 total, 0 uniq crashes found)...[0m
[1;94m[*] [0mFuzzing test case #177 (534 total, 0 uniq crashes found)...[0m
[1;94m[*] [0mFuzzing test case #180 (534 total, 0 uniq crashes found)...[0m
[1;94m[*] [0mFuzzing test case #181 (534 total, 0 uniq crashes found)...[0m
[1;94m[*] [0mFuzzing test case #182 (534 total, 0 uniq crashes found)...[0m
[1;94m[*] [0mFuzzing test case #183 (534 total, 0 uniq crashes found)...[0m
[1;94m[*] [0mFuzzing test case #185 (534 total, 0 uniq crashes found)...[0m
[1;94m[*] [0mFuzzing test case #187 (534 total, 0 uniq crashes found)...[0m
[1;94m[*] [0mFuzzing test case #188 (535 total, 0 uniq crashes found)...[0m
[1;94m[*] [0mFuzzing test case #189 (535 total, 0 uniq crashes found)...[0m
[1;94m[*] [0mFuzzing test case #191 (535 total, 0 uniq crashes found)...[0m
[1;94m[*] [0mFuzzing test case #192 (538 total, 0 uniq crashes found)...[0m
[1;94m[*] [0mFuzzing test case #193 (538 total, 0 uniq crashes found)...[0m
[1;94m[*] [0mFuzzing test case #194 (538 total, 0 uniq crashes found)...[0m
[1;94m[*] [0mFuzzing test case #195 (538 total, 0 uniq crashes found)...[0m
[1;94m[*] [0mFuzzing test case #198 (538 total, 0 uniq crashes found)...[0m
[1;94m[*] [0mFuzzing test case #199 (538 total, 0 uniq crashes found)...[0m
[1;94m[*] [0mFuzzing test case #200 (539 total, 0 uniq crashes found)...[0m
[1;94m[*] [0mFuzzing test case #201 (540 total, 0 uniq crashes found)...[0m
[1;94m[*] [0mFuzzing test case #203 (540 total, 0 uniq crashes found)...[0m
[1;94m[*] [0mFuzzing test case #205 (540 total, 0 uniq crashes found)...[0m
[1;94m[*] [0mFuzzing test case #206 (540 total, 0 uniq crashes found)...[0m
[1;94m[*] [0mFuzzing test case #208 (540 total, 0 uniq crashes found)...[0m
[1;94m[*] [0mFuzzing test case #209 (540 total, 0 uniq crashes found)...[0m
[1;94m[*] [0mFuzzing test case #210 (540 total, 0 uniq crashes found)...[0m
[1;94m[*] [0mFuzzing test case #211 (540 total, 0 uniq crashes found)...[0m
[1;94m[*] [0mFuzzing test case #213 (540 total, 0 uniq crashes found)...[0m
[1;94m[*] [0mFuzzing test case #215 (540 total, 0 uniq crashes found)...[0m
[1;94m[*] [0mFuzzing test case #217 (540 total, 0 uniq crashes found)...[0m
[1;94m[*] [0mFuzzing test case #218 (540 total, 0 uniq crashes found)...[0m
[1;94m[*] [0mFuzzing test case #219 (540 total, 0 uniq crashes found)...[0m
[1;94m[*] [0mFuzzing test case #220 (540 total, 0 uniq crashes found)...[0m
[1;94m[*] [0mFuzzing test case #221 (540 total, 0 uniq crashes found)...[0m
[1;94m[*] [0mFuzzing test case #222 (540 total, 0 uniq crashes found)...[0m
[1;94m[*] [0mFuzzing test case #223 (540 total, 0 uniq crashes found)...[0m
[1;94m[*] [0mFuzzing test case #225 (541 total, 0 uniq crashes found)...[0m
[1;94m[*] [0mFuzzing test case #226 (541 total, 0 uniq crashes found)...[0m
[1;94m[*] [0mFuzzing test case #227 (541 total, 0 uniq crashes found)...[0m
[1;94m[*] [0mFuzzing test case #229 (541 total, 0 uniq crashes found)...[0m
[1;94m[*] [0mFuzzing test case #231 (541 total, 0 uniq crashes found)...[0m
[1;94m[*] [0mFuzzing test case #232 (541 total, 0 uniq crashes found)...[0m
[1;94m[*] [0mFuzzing test case #239 (541 total, 0 uniq crashes found)...[0m
[1;94m[*] [0mFuzzing test case #248 (541 total, 0 uniq crashes found)...[0m
[1;94m[*] [0mFuzzing test case #251 (541 total, 0 uniq crashes found)...[0m
[1;94m[*] [0mFuzzing test case #252 (541 total, 0 uniq crashes found)...[0m
[1;94m[*] [0mFuzzing test case #255 (541 total, 0 uniq crashes found)...[0m
[1;94m[*] [0mFuzzing test case #257 (541 total, 0 uniq crashes found)...[0m
[1;94m[*] [0mFuzzing test case #259 (541 total, 0 uniq crashes found)...[0m
[1;94m[*] [0mFuzzing test case #267 (541 total, 0 uniq crashes found)...[0m
[1;94m[*] [0mFuzzing test case #268 (541 total, 0 uniq crashes found)...[0m
[1;94m[*] [0mFuzzing test case #269 (541 total, 0 uniq crashes found)...[0m
[1;94m[*] [0mFuzzing test case #271 (541 total, 0 uniq crashes found)...[0m
[1;94m[*] [0mFuzzing test case #272 (541 total, 0 uniq crashes found)...[0m
[1;94m[*] [0mFuzzing test case #278 (541 total, 0 uniq crashes found)...[0m
[1;94m[*] [0mFuzzing test case #284 (541 total, 0 uniq crashes found)...[0m
[1;94m[*] [0mFuzzing test case #289 (541 total, 0 uniq crashes found)...[0m
[1;94m[*] [0mFuzzing test case #295 (541 total, 0 uniq crashes found)...[0m
[1;94m[*] [0mFuzzing test case #297 (541 total, 0 uniq crashes found)...[0m
[1;94m[*] [0mFuzzing test case #298 (541 total, 0 uniq crashes found)...[0m
[1;94m[*] [0mFuzzing test case #302 (541 total, 0 uniq crashes found)...[0m
[1;94m[*] [0mFuzzing test case #304 (541 total, 0 uniq crashes found)...[0m
[1;94m[*] [0mFuzzing test case #310 (541 total, 0 uniq crashes found)...[0m
[1;94m[*] [0mFuzzing test case #311 (541 total, 0 uniq crashes found)...[0m
[1;94m[*] [0mFuzzing test case #313 (541 total, 0 uniq crashes found)...[0m
[1;94m[*] [0mFuzzing test case #314 (541 total, 0 uniq crashes found)...[0m
[1;94m[*] [0mFuzzing test case #320 (541 total, 0 uniq crashes found)...[0m
[1;94m[*] [0mFuzzing test case #323 (541 total, 0 uniq crashes found)...[0m
[1;94m[*] [0mFuzzing test case #326 (541 total, 0 uniq crashes found)...[0m
[1;94m[*] [0mFuzzing test case #331 (541 total, 0 uniq crashes found)...[0m
[1;94m[*] [0mFuzzing test case #335 (541 total, 0 uniq crashes found)...[0m
[1;94m[*] [0mFuzzing test case #336 (541 total, 0 uniq crashes found)...[0m
[1;94m[*] [0mFuzzing test case #340 (541 total, 0 uniq crashes found)...[0m
[1;94m[*] [0mFuzzing test case #343 (541 total, 0 uniq crashes found)...[0m
[1;94m[*] [0mFuzzing test case #344 (541 total, 0 uniq crashes found)...[0m
[1;94m[*] [0mFuzzing test case #347 (541 total, 0 uniq crashes found)...[0m
[1;94m[*] [0mFuzzing test case #350 (541 total, 0 uniq crashes found)...[0m
[1;94m[*] [0mFuzzing test case #357 (541 total, 0 uniq crashes found)...[0m
[1;94m[*] [0mFuzzing test case #360 (541 total, 0 uniq crashes found)...[0m
[1;94m[*] [0mFuzzing test case #365 (541 total, 0 uniq crashes found)...[0m
[1;94m[*] [0mFuzzing test case #366 (541 total, 0 uniq crashes found)...[0m
[1;94m[*] [0mFuzzing test case #369 (541 total, 0 uniq crashes found)...[0m
[1;94m[*] [0mFuzzing test case #372 (541 total, 0 uniq crashes found)...[0m
[1;94m[*] [0mFuzzing test case #374 (541 total, 0 uniq crashes found)...[0m
[1;94m[*] [0mFuzzing test case #375 (541 total, 0 uniq crashes found)...[0m
[1;94m[*] [0mFuzzing test case #377 (541 total, 0 uniq crashes found)...[0m
[1;94m[*] [0mFuzzing test case #378 (541 total, 0 uniq crashes found)...[0m
[1;94m[*] [0mFuzzing test case #379 (541 total, 0 uniq crashes found)...[0m
[1;94m[*] [0mFuzzing test case #381 (541 total, 0 uniq crashes found)...[0m
[1;94m[*] [0mFuzzing test case #384 (541 total, 0 uniq crashes found)...[0m
[1;94m[*] [0mFuzzing test case #385 (541 total, 0 uniq crashes found)...[0m
[1;94m[*] [0mFuzzing test case #386 (541 total, 0 uniq crashes found)...[0m
[1;94m[*] [0mFuzzing test case #388 (541 total, 0 uniq crashes found)...[0m
[1;94m[*] [0mFuzzing test case #393 (541 total, 0 uniq crashes found)...[0m
[1;94m[*] [0mFuzzing test case #394 (541 total, 0 uniq crashes found)...[0m
[1;94m[*] [0mFuzzing test case #395 (541 total, 0 uniq crashes found)...[0m
[1;94m[*] [0mFuzzing test case #402 (541 total, 0 uniq crashes found)...[0m
[1;94m[*] [0mFuzzing test case #403 (541 total, 0 uniq crashes found)...[0m
[1;94m[*] [0mFuzzing test case #541 (542 total, 0 uniq crashes found)...[0m
[1;94m[*] [0mEntering queue cycle 13.[0m
[1;94m[*] [0mFuzzing test case #6 (543 total, 0 uniq crashes found)...[0m
[1;94m[*] [0mFuzzing test case #7 (543 total, 0 uniq crashes found)...[0m
[1;94m[*] [0mFuzzing test case #8 (543 total, 0 uniq crashes found)...[0m
[1;94m[*] [0mFuzzing test case #13 (543 total, 0 uniq crashes found)...[0m
[1;94m[*] [0mFuzzing test case #15 (544 total, 0 uniq crashes found)...[0m
[1;94m[*] [0mFuzzing test case #17 (544 total, 0 uniq crashes found)...[0m
[1;94m[*] [0mFuzzing test case #18 (544 total, 0 uniq crashes found)...[0m
[1;94m[*] [0mFuzzing test case #19 (544 total, 0 uniq crashes found)...[0m
[1;94m[*] [0mFuzzing test case #20 (544 total, 0 uniq crashes found)...[0m
[1;94m[*] [0mFuzzing test case #22 (544 total, 0 uniq crashes found)...[0m
[1;94m[*] [0mFuzzing test case #30 (544 total, 0 uniq crashes found)...[0m
[1;94m[*] [0mFuzzing test case #42 (544 total, 0 uniq crashes found)...[0m
[1;94m[*] [0mFuzzing test case #44 (544 total, 0 uniq crashes found)...[0m
[1;94m[*] [0mFuzzing test case #47 (544 total, 0 uniq crashes found)...[0m
[1;94m[*] [0mFuzzing test case #49 (544 total, 0 uniq crashes found)...[0m
[1;94m[*] [0mFuzzing test case #52 (545 total, 0 uniq crashes found)...[0m
[1;94m[*] [0mFuzzing test case #55 (545 total, 0 uniq crashes found)...[0m
[1;94m[*] [0mFuzzing test case #63 (545 total, 0 uniq crashes found)...[0m
[1;94m[*] [0mFuzzing test case #66 (545 total, 0 uniq crashes found)...[0m
[1;94m[*] [0mFuzzing test case #86 (546 total, 0 uniq crashes found)...[0m
[1;94m[*] [0mFuzzing test case #194 (546 total, 0 uniq crashes found)...[0m
[1;94m[*] [0mFuzzing test case #300 (546 total, 0 uniq crashes found)...[0m
[1;94m[*] [0mFuzzing test case #545 (546 total, 0 uniq crashes found)...[0m
[1;94m[*] [0mEntering queue cycle 14.[0m
[1;94m[*] [0mFuzzing test case #3 (546 total, 0 uniq crashes found)...[0m
[1;94m[*] [0mFuzzing test case #5 (546 total, 0 uniq crashes found)...[0m
[1;94m[*] [0mFuzzing test case #6 (546 total, 0 uniq crashes found)...[0m
[1;94m[*] [0mFuzzing test case #7 (546 total, 0 uniq crashes found)...[0m
[1;94m[*] [0mFuzzing test case #8 (546 total, 0 uniq crashes found)...[0m
[1;94m[*] [0mFuzzing test case #12 (546 total, 0 uniq crashes found)...[0m
[1;94m[*] [0mFuzzing test case #13 (546 total, 0 uniq crashes found)...[0m
[1;94m[*] [0mFuzzing test case #15 (546 total, 0 uniq crashes found)...[0m
[1;94m[*] [0mFuzzing test case #17 (546 total, 0 uniq crashes found)...[0m
[1;94m[*] [0mFuzzing test case #18 (546 total, 0 uniq crashes found)...[0m
[1;94m[*] [0mFuzzing test case #19 (546 total, 0 uniq crashes found)...[0m
[1;94m[*] [0mFuzzing test case #20 (546 total, 0 uniq crashes found)...[0m
[1;94m[*] [0mFuzzing test case #22 (546 total, 0 uniq crashes found)...[0m
[1;94m[*] [0mFuzzing test case #30 (546 total, 0 uniq crashes found)...[0m
[1;94m[*] [0mFuzzing test case #42 (546 total, 0 uniq crashes found)...[0m
[1;94m[*] [0mFuzzing test case #44 (546 total, 0 uniq crashes found)...[0m
[1;94m[*] [0mFuzzing test case #47 (547 total, 0 uniq crashes found)...[0m
[1;94m[*] [0mFuzzing test case #49 (547 total, 0 uniq crashes found)...[0m
[1;94m[*] [0mFuzzing test case #52 (547 total, 0 uniq crashes found)...[0m
[1;94m[*] [0mFuzzing test case #55 (547 total, 0 uniq crashes found)...[0m
[1;94m[*] [0mFuzzing test case #66 (547 total, 0 uniq crashes found)...[0m
[1;94m[*] [0mFuzzing test case #67 (547 total, 0 uniq crashes found)...[0m
[1;94m[*] [0mFuzzing test case #68 (547 total, 0 uniq crashes found)...[0m
[1;94m[*] [0mFuzzing test case #73 (547 total, 0 uniq crashes found)...[0m
[1;94m[*] [0mFuzzing test case #74 (547 total, 0 uniq crashes found)...[0m
[1;94m[*] [0mFuzzing test case #76 (547 total, 0 uniq crashes found)...[0m
[1;94m[*] [0mFuzzing test case #77 (547 total, 0 uniq crashes found)...[0m
[1;94m[*] [0mFuzzing test case #78 (547 total, 0 uniq crashes found)...[0m
[1;94m[*] [0mFuzzing test case #79 (547 total, 0 uniq crashes found)...[0m
[1;94m[*] [0mFuzzing test case #80 (547 total, 0 uniq crashes found)...[0m
[1;94m[*] [0mFuzzing test case #82 (547 total, 0 uniq crashes found)...[0m
[1;94m[*] [0mFuzzing test case #83 (547 total, 0 uniq crashes found)...[0m
[1;94m[*] [0mFuzzing test case #84 (547 total, 0 uniq crashes found)...[0m
[1;94m[*] [0mFuzzing test case #86 (547 total, 0 uniq crashes found)...[0m
[1;94m[*] [0mFuzzing test case #87 (547 total, 0 uniq crashes found)...[0m
[1;94m[*] [0mFuzzing test case #89 (547 total, 0 uniq crashes found)...[0m
[1;94m[*] [0mFuzzing test case #92 (547 total, 0 uniq crashes found)...[0m
[1;94m[*] [0mFuzzing test case #94 (547 total, 0 uniq crashes found)...[0m
[1;94m[*] [0mFuzzing test case #95 (547 total, 0 uniq crashes found)...[0m
[1;94m[*] [0mFuzzing test case #96 (547 total, 0 uniq crashes found)...[0m
[1;94m[*] [0mFuzzing test case #97 (547 total, 0 uniq crashes found)...[0m
[1;94m[*] [0mFuzzing test case #102 (547 total, 0 uniq crashes found)...[0m
[1;94m[*] [0mFuzzing test case #103 (547 total, 0 uniq crashes found)...[0m
[1;94m[*] [0mFuzzing test case #104 (547 total, 0 uniq crashes found)...[0m
[1;94m[*] [0mFuzzing test case #105 (547 total, 0 uniq crashes found)...[0m
[1;94m[*] [0mFuzzing test case #106 (547 total, 0 uniq crashes found)...[0m
[1;94m[*] [0mFuzzing test case #107 (547 total, 0 uniq crashes found)...[0m
[1;94m[*] [0mFuzzing test case #108 (547 total, 0 uniq crashes found)...[0m
[1;94m[*] [0mFuzzing test case #110 (547 total, 0 uniq crashes found)...[0m
[1;94m[*] [0mFuzzing test case #111 (547 total, 0 uniq crashes found)...[0m
[1;94m[*] [0mFuzzing test case #112 (547 total, 0 uniq crashes found)...[0m
[1;94m[*] [0mFuzzing test case #113 (547 total, 0 uniq crashes found)...[0m
[1;94m[*] [0mFuzzing test case #114 (547 total, 0 uniq crashes found)...[0m
[1;94m[*] [0mFuzzing test case #115 (547 total, 0 uniq crashes found)...[0m
[1;94m[*] [0mFuzzing test case #116 (547 total, 0 uniq crashes found)...[0m
[1;94m[*] [0mFuzzing test case #119 (547 total, 0 uniq crashes found)...[0m
[1;94m[*] [0mFuzzing test case #120 (547 total, 0 uniq crashes found)...[0m
[1;94m[*] [0mFuzzing test case #122 (547 total, 0 uniq crashes found)...[0m
[1;94m[*] [0mFuzzing test case #123 (547 total, 0 uniq crashes found)...[0m
[1;94m[*] [0mFuzzing test case #124 (547 total, 0 uniq crashes found)...[0m
[1;94m[*] [0mFuzzing test case #125 (547 total, 0 uniq crashes found)...[0m
[1;94m[*] [0mFuzzing test case #126 (547 total, 0 uniq crashes found)...[0m
[1;94m[*] [0mFuzzing test case #129 (547 total, 0 uniq crashes found)...[0m
[1;94m[*] [0mFuzzing test case #130 (547 total, 0 uniq crashes found)...[0m
[1;94m[*] [0mFuzzing test case #131 (547 total, 0 uniq crashes found)...[0m
[1;94m[*] [0mFuzzing test case #132 (547 total, 0 uniq crashes found)...[0m
[1;94m[*] [0mFuzzing test case #133 (547 total, 0 uniq crashes found)...[0m
[1;94m[*] [0mFuzzing test case #135 (547 total, 0 uniq crashes found)...[0m
[1;94m[*] [0mFuzzing test case #136 (547 total, 0 uniq crashes found)...[0m
[1;94m[*] [0mFuzzing test case #137 (547 total, 0 uniq crashes found)...[0m
[1;94m[*] [0mFuzzing test case #138 (547 total, 0 uniq crashes found)...[0m
[1;94m[*] [0mFuzzing test case #139 (547 total, 0 uniq crashes found)...[0m
[1;94m[*] [0mFuzzing test case #140 (547 total, 0 uniq crashes found)...[0m
[1;94m[*] [0mFuzzing test case #141 (547 total, 0 uniq crashes found)...[0m
[1;94m[*] [0mFuzzing test case #142 (547 total, 0 uniq crashes found)...[0m
[1;94m[*] [0mFuzzing test case #145 (547 total, 0 uniq crashes found)...[0m
[1;94m[*] [0mFuzzing test case #153 (547 total, 0 uniq crashes found)...[0m
[1;94m[*] [0mFuzzing test case #155 (547 total, 0 uniq crashes found)...[0m
[1;94m[*] [0mFuzzing test case #157 (547 total, 0 uniq crashes found)...[0m
[1;94m[*] [0mFuzzing test case #159 (547 total, 0 uniq crashes found)...[0m
[1;94m[*] [0mFuzzing test case #164 (547 total, 0 uniq crashes found)...[0m
[1;94m[*] [0mFuzzing test case #166 (547 total, 0 uniq crashes found)...[0m
[1;94m[*] [0mFuzzing test case #167 (547 total, 0 uniq crashes found)...[0m
[1;94m[*] [0mFuzzing test case #168 (547 total, 0 uniq crashes found)...[0m
[1;94m[*] [0mFuzzing test case #169 (547 total, 0 uniq crashes found)...[0m
[1;94m[*] [0mFuzzing test case #170 (547 total, 0 uniq crashes found)...[0m
[1;94m[*] [0mFuzzing test case #171 (547 total, 0 uniq crashes found)...[0m
[1;94m[*] [0mFuzzing test case #172 (547 total, 0 uniq crashes found)...[0m
[1;94m[*] [0mFuzzing test case #173 (547 total, 0 uniq crashes found)...[0m
[1;94m[*] [0mFuzzing test case #174 (548 total, 0 uniq crashes found)...[0m
[1;94m[*] [0mFuzzing test case #175 (548 total, 0 uniq crashes found)...[0m
[1;94m[*] [0mFuzzing test case #176 (548 total, 0 uniq crashes found)...[0m
[1;94m[*] [0mFuzzing test case #177 (548 total, 0 uniq crashes found)...[0m
[1;94m[*] [0mFuzzing test case #180 (548 total, 0 uniq crashes found)...[0m
[1;94m[*] [0mFuzzing test case #181 (548 total, 0 uniq crashes found)...[0m
[1;94m[*] [0mFuzzing test case #182 (548 total, 0 uniq crashes found)...[0m
[1;94m[*] [0mFuzzing test case #183 (548 total, 0 uniq crashes found)...[0m
[1;94m[*] [0mFuzzing test case #187 (548 total, 0 uniq crashes found)...[0m
[1;94m[*] [0mFuzzing test case #188 (548 total, 0 uniq crashes found)...[0m
[1;94m[*] [0mFuzzing test case #189 (548 total, 0 uniq crashes found)...[0m
[1;94m[*] [0mFuzzing test case #191 (548 total, 0 uniq crashes found)...[0m
[1;94m[*] [0mFuzzing test case #193 (548 total, 0 uniq crashes found)...[0m
[1;94m[*] [0mFuzzing test case #194 (548 total, 0 uniq crashes found)...[0m
[1;94m[*] [0mFuzzing test case #195 (548 total, 0 uniq crashes found)...[0m
[1;94m[*] [0mFuzzing test case #198 (548 total, 0 uniq crashes found)...[0m
[1;94m[*] [0mFuzzing test case #199 (548 total, 0 uniq crashes found)...[0m
[1;94m[*] [0mFuzzing test case #200 (548 total, 0 uniq crashes found)...[0m
[1;94m[*] [0mFuzzing test case #201 (548 total, 0 uniq crashes found)...[0m
[1;94m[*] [0mFuzzing test case #203 (548 total, 0 uniq crashes found)...[0m
[1;94m[*] [0mFuzzing test case #205 (548 total, 0 uniq crashes found)...[0m
[1;94m[*] [0mFuzzing test case #206 (548 total, 0 uniq crashes found)...[0m
[1;94m[*] [0mFuzzing test case #208 (548 total, 0 uniq crashes found)...[0m
[1;94m[*] [0mFuzzing test case #209 (548 total, 0 uniq crashes found)...[0m
[1;94m[*] [0mFuzzing test case #210 (548 total, 0 uniq crashes found)...[0m
[1;94m[*] [0mFuzzing test case #211 (548 total, 0 uniq crashes found)...[0m
[1;94m[*] [0mFuzzing test case #213 (548 total, 0 uniq crashes found)...[0m
[1;94m[*] [0mFuzzing test case #215 (548 total, 0 uniq crashes found)...[0m
[1;94m[*] [0mFuzzing test case #217 (548 total, 0 uniq crashes found)...[0m
[1;94m[*] [0mFuzzing test case #219 (548 total, 0 uniq crashes found)...[0m
[1;94m[*] [0mFuzzing test case #220 (548 total, 0 uniq crashes found)...[0m
[1;94m[*] [0mFuzzing test case #221 (548 total, 0 uniq crashes found)...[0m
[1;94m[*] [0mFuzzing test case #222 (548 total, 0 uniq crashes found)...[0m
[1;94m[*] [0mFuzzing test case #223 (548 total, 0 uniq crashes found)...[0m
[1;94m[*] [0mFuzzing test case #229 (548 total, 0 uniq crashes found)...[0m
[1;94m[*] [0mFuzzing test case #235 (548 total, 0 uniq crashes found)...[0m
[1;94m[*] [0mFuzzing test case #237 (548 total, 0 uniq crashes found)...[0m
[1;94m[*] [0mFuzzing test case #239 (548 total, 0 uniq crashes found)...[0m
[1;94m[*] [0mFuzzing test case #241 (548 total, 0 uniq crashes found)...[0m
[1;94m[*] [0mFuzzing test case #248 (548 total, 0 uniq crashes found)...[0m
[1;94m[*] [0mFuzzing test case #252 (548 total, 0 uniq crashes found)...[0m
[1;94m[*] [0mFuzzing test case #263 (548 total, 0 uniq crashes found)...[0m
[1;94m[*] [0mFuzzing test case #267 (548 total, 0 uniq crashes found)...[0m
[1;94m[*] [0mFuzzing test case #269 (548 total, 0 uniq crashes found)...[0m
[1;94m[*] [0mFuzzing test case #278 (548 total, 0 uniq crashes found)...[0m
[1;94m[*] [0mFuzzing test case #279 (548 total, 0 uniq crashes found)...[0m
[1;94m[*] [0mFuzzing test case #281 (548 total, 0 uniq crashes found)...[0m
[1;94m[*] [0mFuzzing test case #495 (550 total, 0 uniq crashes found)...[0m
[1;94m[*] [0mFuzzing test case #548 (550 total, 0 uniq crashes found)...[0m
[1;94m[*] [0mFuzzing test case #549 (550 total, 0 uniq crashes found)...[0m
[1;94m[*] [0mFuzzing test case #550 (551 total, 0 uniq crashes found)...[0m
[1;94m[*] [0mFuzzing test case #551 (555 total, 0 uniq crashes found)...[0m
[1;94m[*] [0mFuzzing test case #555 (557 total, 0 uniq crashes found)...[0m
[1;94m[*] [0mFuzzing test case #556 (560 total, 0 uniq crashes found)...[0m
[1;94m[*] [0mFuzzing test case #558 (560 total, 0 uniq crashes found)...[0m
[1;94m[*] [0mEntering queue cycle 15.[0m
[1;94m[*] [0mFuzzing test case #6 (561 total, 0 uniq crashes found)...[0m
[1;94m[*] [0mFuzzing test case #7 (561 total, 0 uniq crashes found)...[0m
[1;94m[*] [0mFuzzing test case #8 (563 total, 0 uniq crashes found)...[0m
[1;94m[*] [0mFuzzing test case #13 (563 total, 0 uniq crashes found)...[0m
[1;94m[*] [0mFuzzing test case #17 (563 total, 0 uniq crashes found)...[0m
[1;94m[*] [0mFuzzing test case #18 (563 total, 0 uniq crashes found)...[0m
[1;94m[*] [0mFuzzing test case #19 (563 total, 0 uniq crashes found)...[0m
[1;94m[*] [0mFuzzing test case #20 (563 total, 0 uniq crashes found)...[0m
[1;94m[*] [0mFuzzing test case #21 (563 total, 0 uniq crashes found)...[0m
[1;94m[*] [0mFuzzing test case #22 (563 total, 0 uniq crashes found)...[0m
[1;94m[*] [0mFuzzing test case #30 (563 total, 0 uniq crashes found)...[0m
[1;94m[*] [0mFuzzing test case #42 (563 total, 0 uniq crashes found)...[0m
[1;94m[*] [0mFuzzing test case #44 (563 total, 0 uniq crashes found)...[0m
[1;94m[*] [0mFuzzing test case #47 (563 total, 0 uniq crashes found)...[0m
[1;94m[*] [0mFuzzing test case #49 (563 total, 0 uniq crashes found)...[0m
[1;94m[*] [0mFuzzing test case #52 (563 total, 0 uniq crashes found)...[0m
[1;94m[*] [0mFuzzing test case #55 (563 total, 0 uniq crashes found)...[0m
[1;94m[*] [0mFuzzing test case #58 (563 total, 0 uniq crashes found)...[0m
[1;94m[*] [0mFuzzing test case #59 (563 total, 0 uniq crashes found)...[0m
[1;94m[*] [0mFuzzing test case #66 (563 total, 0 uniq crashes found)...[0m
[1;94m[*] [0mFuzzing test case #67 (563 total, 0 uniq crashes found)...[0m
[1;94m[*] [0mFuzzing test case #68 (563 total, 0 uniq crashes found)...[0m
[1;94m[*] [0mFuzzing test case #70 (563 total, 0 uniq crashes found)...[0m
[1;94m[*] [0mFuzzing test case #73 (563 total, 0 uniq crashes found)...[0m
[1;94m[*] [0mFuzzing test case #74 (563 total, 0 uniq crashes found)...[0m
[1;94m[*] [0mFuzzing test case #76 (563 total, 0 uniq crashes found)...[0m
[1;94m[*] [0mFuzzing test case #77 (563 total, 0 uniq crashes found)...[0m
[1;94m[*] [0mFuzzing test case #78 (563 total, 0 uniq crashes found)...[0m
[1;94m[*] [0mFuzzing test case #79 (563 total, 0 uniq crashes found)...[0m
[1;94m[*] [0mFuzzing test case #80 (563 total, 0 uniq crashes found)...[0m
[1;94m[*] [0mFuzzing test case #84 (563 total, 0 uniq crashes found)...[0m
[1;94m[*] [0mFuzzing test case #86 (563 total, 0 uniq crashes found)...[0m
[1;94m[*] [0mFuzzing test case #87 (563 total, 0 uniq crashes found)...[0m
[1;94m[*] [0mFuzzing test case #89 (563 total, 0 uniq crashes found)...[0m
[1;94m[*] [0mFuzzing test case #92 (563 total, 0 uniq crashes found)...[0m
[1;94m[*] [0mFuzzing test case #94 (563 total, 0 uniq crashes found)...[0m
[1;94m[*] [0mFuzzing test case #95 (564 total, 0 uniq crashes found)...[0m
[1;94m[*] [0mFuzzing test case #96 (564 total, 0 uniq crashes found)...[0m
[1;94m[*] [0mFuzzing test case #97 (564 total, 0 uniq crashes found)...[0m
[1;94m[*] [0mFuzzing test case #102 (564 total, 0 uniq crashes found)...[0m
[1;94m[*] [0mFuzzing test case #103 (564 total, 0 uniq crashes found)...[0m
[1;94m[*] [0mFuzzing test case #104 (564 total, 0 uniq crashes found)...[0m
[1;94m[*] [0mFuzzing test case #105 (564 total, 0 uniq crashes found)...[0m
[1;94m[*] [0mFuzzing test case #108 (564 total, 0 uniq crashes found)...[0m
[1;94m[*] [0mFuzzing test case #110 (564 total, 0 uniq crashes found)...[0m
[1;94m[*] [0mFuzzing test case #111 (564 total, 0 uniq crashes found)...[0m
[1;94m[*] [0mFuzzing test case #112 (564 total, 0 uniq crashes found)...[0m
[1;94m[*] [0mFuzzing test case #113 (564 total, 0 uniq crashes found)...[0m
[1;94m[*] [0mFuzzing test case #114 (564 total, 0 uniq crashes found)...[0m
[1;94m[*] [0mFuzzing test case #116 (564 total, 0 uniq crashes found)...[0m
[1;94m[*] [0mFuzzing test case #119 (564 total, 0 uniq crashes found)...[0m
[1;94m[*] [0mFuzzing test case #120 (564 total, 0 uniq crashes found)...[0m
[1;94m[*] [0mFuzzing test case #122 (565 total, 0 uniq crashes found)...[0m
[1;94m[*] [0mFuzzing test case #123 (565 total, 0 uniq crashes found)...[0m
[1;94m[*] [0mFuzzing test case #124 (565 total, 0 uniq crashes found)...[0m
[1;94m[*] [0mFuzzing test case #125 (565 total, 0 uniq crashes found)...[0m
[1;94m[*] [0mFuzzing test case #126 (565 total, 0 uniq crashes found)...[0m
[1;94m[*] [0mFuzzing test case #129 (565 total, 0 uniq crashes found)...[0m
[1;94m[*] [0mFuzzing test case #130 (565 total, 0 uniq crashes found)...[0m
[1;94m[*] [0mFuzzing test case #131 (565 total, 0 uniq crashes found)...[0m
[1;94m[*] [0mFuzzing test case #132 (565 total, 0 uniq crashes found)...[0m
[1;94m[*] [0mFuzzing test case #133 (566 total, 0 uniq crashes found)...[0m
[1;94m[*] [0mFuzzing test case #135 (566 total, 0 uniq crashes found)...[0m
[1;94m[*] [0mFuzzing test case #136 (566 total, 0 uniq crashes found)...[0m
[1;94m[*] [0mFuzzing test case #137 (566 total, 0 uniq crashes found)...[0m
[1;94m[*] [0mFuzzing test case #138 (566 total, 0 uniq crashes found)...[0m
[1;94m[*] [0mFuzzing test case #139 (566 total, 0 uniq crashes found)...[0m
[1;94m[*] [0mFuzzing test case #140 (566 total, 0 uniq crashes found)...[0m
[1;94m[*] [0mFuzzing test case #141 (566 total, 0 uniq crashes found)...[0m
[1;94m[*] [0mFuzzing test case #142 (566 total, 0 uniq crashes found)...[0m
[1;94m[*] [0mFuzzing test case #145 (566 total, 0 uniq crashes found)...[0m
[1;94m[*] [0mFuzzing test case #148 (566 total, 0 uniq crashes found)...[0m
[1;94m[*] [0mFuzzing test case #153 (566 total, 0 uniq crashes found)...[0m
[1;94m[*] [0mFuzzing test case #155 (566 total, 0 uniq crashes found)...[0m
[1;94m[*] [0mFuzzing test case #157 (566 total, 0 uniq crashes found)...[0m
[1;94m[*] [0mFuzzing test case #159 (566 total, 0 uniq crashes found)...[0m
[1;94m[*] [0mFuzzing test case #164 (566 total, 0 uniq crashes found)...[0m
[1;94m[*] [0mFuzzing test case #166 (566 total, 0 uniq crashes found)...[0m
[1;94m[*] [0mFuzzing test case #168 (566 total, 0 uniq crashes found)...[0m
[1;94m[*] [0mFuzzing test case #169 (566 total, 0 uniq crashes found)...[0m
[1;94m[*] [0mFuzzing test case #170 (566 total, 0 uniq crashes found)...[0m
[1;94m[*] [0mFuzzing test case #171 (566 total, 0 uniq crashes found)...[0m
[1;94m[*] [0mFuzzing test case #172 (566 total, 0 uniq crashes found)...[0m
[1;94m[*] [0mFuzzing test case #173 (566 total, 0 uniq crashes found)...[0m
[1;94m[*] [0mFuzzing test case #174 (567 total, 0 uniq crashes found)...[0m
[1;94m[*] [0mFuzzing test case #176 (567 total, 0 uniq crashes found)...[0m
[1;94m[*] [0mFuzzing test case #177 (567 total, 0 uniq crashes found)...[0m
[1;94m[*] [0mFuzzing test case #180 (567 total, 0 uniq crashes found)...[0m
[1;94m[*] [0mFuzzing test case #181 (567 total, 0 uniq crashes found)...[0m
[1;94m[*] [0mFuzzing test case #182 (567 total, 0 uniq crashes found)...[0m
[1;94m[*] [0mFuzzing test case #183 (567 total, 0 uniq crashes found)...[0m
[1;94m[*] [0mFuzzing test case #187 (567 total, 0 uniq crashes found)...[0m
[1;94m[*] [0mFuzzing test case #188 (567 total, 0 uniq crashes found)...[0m
[1;94m[*] [0mFuzzing test case #189 (567 total, 0 uniq crashes found)...[0m
[1;94m[*] [0mFuzzing test case #191 (567 total, 0 uniq crashes found)...[0m
[1;94m[*] [0mFuzzing test case #193 (567 total, 0 uniq crashes found)...[0m
[1;94m[*] [0mFuzzing test case #194 (567 total, 0 uniq crashes found)...[0m
[1;94m[*] [0mFuzzing test case #195 (567 total, 0 uniq crashes found)...[0m
[1;94m[*] [0mFuzzing test case #198 (567 total, 0 uniq crashes found)...[0m
[1;94m[*] [0mFuzzing test case #199 (567 total, 0 uniq crashes found)...[0m
[1;94m[*] [0mFuzzing test case #200 (567 total, 0 uniq crashes found)...[0m
[1;94m[*] [0mFuzzing test case #201 (567 total, 0 uniq crashes found)...[0m
[1;94m[*] [0mFuzzing test case #203 (567 total, 0 uniq crashes found)...[0m
[1;94m[*] [0mFuzzing test case #205 (567 total, 0 uniq crashes found)...[0m
[1;94m[*] [0mFuzzing test case #206 (567 total, 0 uniq crashes found)...[0m
[1;94m[*] [0mFuzzing test case #208 (567 total, 0 uniq crashes found)...[0m
[1;94m[*] [0mFuzzing test case #209 (567 total, 0 uniq crashes found)...[0m
[1;94m[*] [0mFuzzing test case #210 (567 total, 0 uniq crashes found)...[0m
[1;94m[*] [0mFuzzing test case #211 (567 total, 0 uniq crashes found)...[0m
[1;94m[*] [0mFuzzing test case #213 (567 total, 0 uniq crashes found)...[0m
[1;94m[*] [0mFuzzing test case #215 (567 total, 0 uniq crashes found)...[0m
[1;94m[*] [0mFuzzing test case #217 (567 total, 0 uniq crashes found)...[0m
[1;94m[*] [0mFuzzing test case #219 (567 total, 0 uniq crashes found)...[0m
[1;94m[*] [0mFuzzing test case #220 (567 total, 0 uniq crashes found)...[0m
[1;94m[*] [0mFuzzing test case #221 (567 total, 0 uniq crashes found)...[0m
[1;94m[*] [0mFuzzing test case #222 (567 total, 0 uniq crashes found)...[0m
[1;94m[*] [0mFuzzing test case #223 (567 total, 0 uniq crashes found)...[0m
[1;94m[*] [0mFuzzing test case #225 (567 total, 0 uniq crashes found)...[0m
[1;94m[*] [0mFuzzing test case #227 (567 total, 0 uniq crashes found)...[0m
[1;94m[*] [0mFuzzing test case #239 (567 total, 0 uniq crashes found)...[0m
[1;94m[*] [0mFuzzing test case #240 (567 total, 0 uniq crashes found)...[0m
[1;94m[*] [0mFuzzing test case #244 (567 total, 0 uniq crashes found)...[0m
[1;94m[*] [0mFuzzing test case #249 (567 total, 0 uniq crashes found)...[0m
[1;94m[*] [0mFuzzing test case #252 (567 total, 0 uniq crashes found)...[0m
[1;94m[*] [0mFuzzing test case #267 (567 total, 0 uniq crashes found)...[0m
[1;94m[*] [0mFuzzing test case #269 (567 total, 0 uniq crashes found)...[0m
[1;94m[*] [0mFuzzing test case #270 (567 total, 0 uniq crashes found)...[0m
[1;94m[*] [0mFuzzing test case #276 (567 total, 0 uniq crashes found)...[0m
[1;94m[*] [0mFuzzing test case #278 (567 total, 0 uniq crashes found)...[0m
[1;94m[*] [0mFuzzing test case #283 (567 total, 0 uniq crashes found)...[0m
[1;94m[*] [0mFuzzing test case #296 (567 total, 0 uniq crashes found)...[0m
[1;94m[*] [0mFuzzing test case #298 (567 total, 0 uniq crashes found)...[0m
[1;94m[*] [0mFuzzing test case #301 (567 total, 0 uniq crashes found)...[0m
[1;94m[*] [0mFuzzing test case #303 (567 total, 0 uniq crashes found)...[0m
[1;94m[*] [0mFuzzing test case #304 (567 total, 0 uniq crashes found)...[0m
[1;94m[*] [0mFuzzing test case #305 (567 total, 0 uniq crashes found)...[0m
[1;94m[*] [0mFuzzing test case #309 (567 total, 0 uniq crashes found)...[0m
[1;94m[*] [0mFuzzing test case #311 (567 total, 0 uniq crashes found)...[0m
[1;94m[*] [0mFuzzing test case #314 (567 total, 0 uniq crashes found)...[0m
[1;94m[*] [0mFuzzing test case #335 (567 total, 0 uniq crashes found)...[0m
[1;94m[*] [0mFuzzing test case #336 (567 total, 0 uniq crashes found)...[0m
[1;94m[*] [0mFuzzing test case #337 (567 total, 0 uniq crashes found)...[0m
[1;94m[*] [0mFuzzing test case #343 (567 total, 0 uniq crashes found)...[0m
[1;94m[*] [0mFuzzing test case #360 (567 total, 0 uniq crashes found)...[0m
[1;94m[*] [0mFuzzing test case #366 (567 total, 0 uniq crashes found)...[0m
[1;94m[*] [0mFuzzing test case #369 (567 total, 0 uniq crashes found)...[0m
[1;94m[*] [0mFuzzing test case #372 (567 total, 0 uniq crashes found)...[0m
[1;94m[*] [0mFuzzing test case #375 (567 total, 0 uniq crashes found)...[0m
[1;94m[*] [0mFuzzing test case #377 (567 total, 0 uniq crashes found)...[0m
[1;94m[*] [0mFuzzing test case #378 (567 total, 0 uniq crashes found)...[0m
[1;94m[*] [0mFuzzing test case #379 (567 total, 0 uniq crashes found)...[0m
[1;94m[*] [0mFuzzing test case #381 (567 total, 0 uniq crashes found)...[0m
[1;94m[*] [0mFuzzing test case #384 (567 total, 0 uniq crashes found)...[0m
[1;94m[*] [0mFuzzing test case #385 (567 total, 0 uniq crashes found)...[0m
[1;94m[*] [0mFuzzing test case #393 (567 total, 0 uniq crashes found)...[0m
[1;94m[*] [0mFuzzing test case #394 (567 total, 0 uniq crashes found)...[0m
[1;94m[*] [0mFuzzing test case #395 (567 total, 0 uniq crashes found)...[0m
[1;94m[*] [0mFuzzing test case #402 (567 total, 0 uniq crashes found)...[0m
[1;94m[*] [0mFuzzing test case #411 (567 total, 0 uniq crashes found)...[0m
[1;94m[*] [0mFuzzing test case #415 (567 total, 0 uniq crashes found)...[0m
[1;94m[*] [0mFuzzing test case #418 (567 total, 0 uniq crashes found)...[0m
[1;94m[*] [0mFuzzing test case #419 (567 total, 0 uniq crashes found)...[0m
[1;94m[*] [0mFuzzing test case #421 (568 total, 0 uniq crashes found)...[0m
[1;94m[*] [0mFuzzing test case #422 (568 total, 0 uniq crashes found)...[0m
[1;94m[*] [0mFuzzing test case #423 (568 total, 0 uniq crashes found)...[0m
[1;94m[*] [0mFuzzing test case #424 (568 total, 0 uniq crashes found)...[0m
[1;94m[*] [0mFuzzing test case #429 (568 total, 0 uniq crashes found)...[0m
[1;94m[*] [0mFuzzing test case #466 (569 total, 0 uniq crashes found)...[0m
[1;94m[*] [0mFuzzing test case #509 (569 total, 0 uniq crashes found)...[0m
[1;94m[*] [0mFuzzing test case #568 (569 total, 0 uniq crashes found)...[0m
[1;94m[*] [0mEntering queue cycle 16.[0m
[1;94m[*] [0mFuzzing test case #6 (570 total, 0 uniq crashes found)...[0m
[1;94m[*] [0mFuzzing test case #7 (570 total, 0 uniq crashes found)...[0m
[1;94m[*] [0mFuzzing test case #8 (570 total, 0 uniq crashes found)...[0m
[1;94m[*] [0mFuzzing test case #13 (570 total, 0 uniq crashes found)...[0m
[1;94m[*] [0mFuzzing test case #17 (570 total, 0 uniq crashes found)...[0m
[1;94m[*] [0mFuzzing test case #18 (570 total, 0 uniq crashes found)...[0m
[1;94m[*] [0mFuzzing test case #19 (570 total, 0 uniq crashes found)...[0m
[1;94m[*] [0mFuzzing test case #25 (571 total, 0 uniq crashes found)...[0m
[1;94m[*] [0mFuzzing test case #235 (571 total, 0 uniq crashes found)...[0m
[1;94m[*] [0mFuzzing test case #423 (571 total, 0 uniq crashes found)...[0m
[1;94m[*] [0mFuzzing test case #570 (571 total, 0 uniq crashes found)...[0m
[1;94m[*] [0mEntering queue cycle 17.[0m
[1;94m[*] [0mFuzzing test case #6 (571 total, 0 uniq crashes found)...[0m
[1;94m[*] [0mFuzzing test case #7 (571 total, 0 uniq crashes found)...[0m
[1;94m[*] [0mFuzzing test case #8 (571 total, 0 uniq crashes found)...[0m
[1;94m[*] [0mFuzzing test case #13 (571 total, 0 uniq crashes found)...[0m
[1;94m[*] [0mFuzzing test case #17 (571 total, 0 uniq crashes found)...[0m
[1;94m[*] [0mFuzzing test case #18 (571 total, 0 uniq crashes found)...[0m
[1;94m[*] [0mFuzzing test case #19 (571 total, 0 uniq crashes found)...[0m
[1;94m[*] [0mFuzzing test case #20 (571 total, 0 uniq crashes found)...[0m
[1;94m[*] [0mFuzzing test case #22 (571 total, 0 uniq crashes found)...[0m
[1;94m[*] [0mFuzzing test case #23 (571 total, 0 uniq crashes found)...[0m
[1;94m[*] [0mFuzzing test case #25 (571 total, 0 uniq crashes found)...[0m
[1;94m[*] [0mFuzzing test case #30 (571 total, 0 uniq crashes found)...[0m
[1;94m[*] [0mFuzzing test case #42 (571 total, 0 uniq crashes found)...[0m
[1;94m[*] [0mFuzzing test case #44 (571 total, 0 uniq crashes found)...[0m
[1;94m[*] [0mFuzzing test case #47 (571 total, 0 uniq crashes found)...[0m
[1;94m[*] [0mFuzzing test case #49 (571 total, 0 uniq crashes found)...[0m
[1;94m[*] [0mFuzzing test case #52 (571 total, 0 uniq crashes found)...[0m
[1;94m[*] [0mFuzzing test case #55 (571 total, 0 uniq crashes found)...[0m
[1;94m[*] [0mFuzzing test case #61 (571 total, 0 uniq crashes found)...[0m
[1;94m[*] [0mFuzzing test case #66 (571 total, 0 uniq crashes found)...[0m
[1;94m[*] [0mFuzzing test case #67 (571 total, 0 uniq crashes found)...[0m
[1;94m[*] [0mFuzzing test case #68 (571 total, 0 uniq crashes found)...[0m
[1;94m[*] [0mFuzzing test case #71 (571 total, 0 uniq crashes found)...[0m
[1;94m[*] [0mFuzzing test case #73 (571 total, 0 uniq crashes found)...[0m
[1;94m[*] [0mFuzzing test case #74 (571 total, 0 uniq crashes found)...[0m
[1;94m[*] [0mFuzzing test case #76 (571 total, 0 uniq crashes found)...[0m
[1;94m[*] [0mFuzzing test case #77 (571 total, 0 uniq crashes found)...[0m
[1;94m[*] [0mFuzzing test case #78 (571 total, 0 uniq crashes found)...[0m
[1;94m[*] [0mFuzzing test case #79 (571 total, 0 uniq crashes found)...[0m
[1;94m[*] [0mFuzzing test case #80 (571 total, 0 uniq crashes found)...[0m
[1;94m[*] [0mFuzzing test case #84 (571 total, 0 uniq crashes found)...[0m
[1;94m[*] [0mFuzzing test case #86 (571 total, 0 uniq crashes found)...[0m
[1;94m[*] [0mFuzzing test case #87 (571 total, 0 uniq crashes found)...[0m
[1;94m[*] [0mFuzzing test case #89 (571 total, 0 uniq crashes found)...[0m
[1;94m[*] [0mFuzzing test case #92 (571 total, 0 uniq crashes found)...[0m
[1;94m[*] [0mFuzzing test case #94 (571 total, 0 uniq crashes found)...[0m
[1;94m[*] [0mFuzzing test case #95 (571 total, 0 uniq crashes found)...[0m
[1;94m[*] [0mFuzzing test case #96 (571 total, 0 uniq crashes found)...[0m
[1;94m[*] [0mFuzzing test case #97 (571 total, 0 uniq crashes found)...[0m
[1;94m[*] [0mFuzzing test case #102 (572 total, 0 uniq crashes found)...[0m
[1;94m[*] [0mFuzzing test case #103 (572 total, 0 uniq crashes found)...[0m
[1;94m[*] [0mFuzzing test case #104 (572 total, 0 uniq crashes found)...[0m
[1;94m[*] [0mFuzzing test case #105 (572 total, 0 uniq crashes found)...[0m
[1;94m[*] [0mFuzzing test case #108 (572 total, 0 uniq crashes found)...[0m
[1;94m[*] [0mFuzzing test case #111 (572 total, 0 uniq crashes found)...[0m
[1;94m[*] [0mFuzzing test case #112 (572 total, 0 uniq crashes found)...[0m
[1;94m[*] [0mFuzzing test case #113 (572 total, 0 uniq crashes found)...[0m
[1;94m[*] [0mFuzzing test case #114 (572 total, 0 uniq crashes found)...[0m
[1;94m[*] [0mFuzzing test case #116 (572 total, 0 uniq crashes found)...[0m
[1;94m[*] [0mFuzzing test case #119 (572 total, 0 uniq crashes found)...[0m
[1;94m[*] [0mFuzzing test case #120 (572 total, 0 uniq crashes found)...[0m
[1;94m[*] [0mFuzzing test case #122 (572 total, 0 uniq crashes found)...[0m
[1;94m[*] [0mFuzzing test case #123 (572 total, 0 uniq crashes found)...[0m
[1;94m[*] [0mFuzzing test case #124 (572 total, 0 uniq crashes found)...[0m
[1;94m[*] [0mFuzzing test case #125 (572 total, 0 uniq crashes found)...[0m
[1;94m[*] [0mFuzzing test case #126 (572 total, 0 uniq crashes found)...[0m
[1;94m[*] [0mFuzzing test case #129 (572 total, 0 uniq crashes found)...[0m
[1;94m[*] [0mFuzzing test case #130 (572 total, 0 uniq crashes found)...[0m
[1;94m[*] [0mFuzzing test case #131 (573 total, 0 uniq crashes found)...[0m
[1;94m[*] [0mFuzzing test case #132 (573 total, 0 uniq crashes found)...[0m
[1;94m[*] [0mFuzzing test case #133 (573 total, 0 uniq crashes found)...[0m
[1;94m[*] [0mFuzzing test case #135 (573 total, 0 uniq crashes found)...[0m
[1;94m[*] [0mFuzzing test case #136 (573 total, 0 uniq crashes found)...[0m
[1;94m[*] [0mFuzzing test case #137 (573 total, 0 uniq crashes found)...[0m
[1;94m[*] [0mFuzzing test case #138 (573 total, 0 uniq crashes found)...[0m
[1;94m[*] [0mFuzzing test case #139 (573 total, 0 uniq crashes found)...[0m
[1;94m[*] [0mFuzzing test case #140 (573 total, 0 uniq crashes found)...[0m
[1;94m[*] [0mFuzzing test case #141 (573 total, 0 uniq crashes found)...[0m
[1;94m[*] [0mFuzzing test case #142 (573 total, 0 uniq crashes found)...[0m
[1;94m[*] [0mFuzzing test case #145 (573 total, 0 uniq crashes found)...[0m
[1;94m[*] [0mFuzzing test case #153 (573 total, 0 uniq crashes found)...[0m
[1;94m[*] [0mFuzzing test case #155 (573 total, 0 uniq crashes found)...[0m
[1;94m[*] [0mFuzzing test case #157 (573 total, 0 uniq crashes found)...[0m
[1;94m[*] [0mFuzzing test case #159 (573 total, 0 uniq crashes found)...[0m
[1;94m[*] [0mFuzzing test case #164 (573 total, 0 uniq crashes found)...[0m
[1;94m[*] [0mFuzzing test case #166 (573 total, 0 uniq crashes found)...[0m
[1;94m[*] [0mFuzzing test case #168 (573 total, 0 uniq crashes found)...[0m
[1;94m[*] [0mFuzzing test case #169 (573 total, 0 uniq crashes found)...[0m
[1;94m[*] [0mFuzzing test case #170 (573 total, 0 uniq crashes found)...[0m
[1;94m[*] [0mFuzzing test case #171 (573 total, 0 uniq crashes found)...[0m
[1;94m[*] [0mFuzzing test case #172 (573 total, 0 uniq crashes found)...[0m
[1;94m[*] [0mFuzzing test case #173 (573 total, 0 uniq crashes found)...[0m
[1;94m[*] [0mFuzzing test case #174 (573 total, 0 uniq crashes found)...[0m
[1;94m[*] [0mFuzzing test case #176 (573 total, 0 uniq crashes found)...[0m
[1;94m[*] [0mFuzzing test case #177 (573 total, 0 uniq crashes found)...[0m
[1;94m[*] [0mFuzzing test case #180 (573 total, 0 uniq crashes found)...[0m
[1;94m[*] [0mFuzzing test case #181 (573 total, 0 uniq crashes found)...[0m
[1;94m[*] [0mFuzzing test case #182 (573 total, 0 uniq crashes found)...[0m
[1;94m[*] [0mFuzzing test case #183 (573 total, 0 uniq crashes found)...[0m
[1;94m[*] [0mFuzzing test case #187 (573 total, 0 uniq crashes found)...[0m
[1;94m[*] [0mFuzzing test case #188 (573 total, 0 uniq crashes found)...[0m
[1;94m[*] [0mFuzzing test case #189 (573 total, 0 uniq crashes found)...[0m
[1;94m[*] [0mFuzzing test case #190 (573 total, 0 uniq crashes found)...[0m
[1;94m[*] [0mFuzzing test case #191 (573 total, 0 uniq crashes found)...[0m
[1;94m[*] [0mFuzzing test case #193 (573 total, 0 uniq crashes found)...[0m
[1;94m[*] [0mFuzzing test case #194 (573 total, 0 uniq crashes found)...[0m
[1;94m[*] [0mFuzzing test case #195 (573 total, 0 uniq crashes found)...[0m
[1;94m[*] [0mFuzzing test case #198 (573 total, 0 uniq crashes found)...[0m
[1;94m[*] [0mFuzzing test case #199 (573 total, 0 uniq crashes found)...[0m
[1;94m[*] [0mFuzzing test case #200 (573 total, 0 uniq crashes found)...[0m
[1;94m[*] [0mFuzzing test case #201 (573 total, 0 uniq crashes found)...[0m
[1;94m[*] [0mFuzzing test case #203 (573 total, 0 uniq crashes found)...[0m
[1;94m[*] [0mFuzzing test case #205 (573 total, 0 uniq crashes found)...[0m
[1;94m[*] [0mFuzzing test case #206 (573 total, 0 uniq crashes found)...[0m
[1;94m[*] [0mFuzzing test case #208 (573 total, 0 uniq crashes found)...[0m
[1;94m[*] [0mFuzzing test case #209 (573 total, 0 uniq crashes found)...[0m
[1;94m[*] [0mFuzzing test case #210 (573 total, 0 uniq crashes found)...[0m
[1;94m[*] [0mFuzzing test case #211 (573 total, 0 uniq crashes found)...[0m
[1;94m[*] [0mFuzzing test case #213 (573 total, 0 uniq crashes found)...[0m
[1;94m[*] [0mFuzzing test case #215 (573 total, 0 uniq crashes found)...[0m
[1;94m[*] [0mFuzzing test case #217 (573 total, 0 uniq crashes found)...[0m
[1;94m[*] [0mFuzzing test case #219 (573 total, 0 uniq crashes found)...[0m
[1;94m[*] [0mFuzzing test case #220 (573 total, 0 uniq crashes found)...[0m
[1;94m[*] [0mFuzzing test case #221 (573 total, 0 uniq crashes found)...[0m
[1;94m[*] [0mFuzzing test case #222 (573 total, 0 uniq crashes found)...[0m
[1;94m[*] [0mFuzzing test case #223 (573 total, 0 uniq crashes found)...[0m
[1;94m[*] [0mFuzzing test case #239 (573 total, 0 uniq crashes found)...[0m
[1;94m[*] [0mFuzzing test case #245 (573 total, 0 uniq crashes found)...[0m
[1;94m[*] [0mFuzzing test case #250 (573 total, 0 uniq crashes found)...[0m
[1;94m[*] [0mFuzzing test case #251 (573 total, 0 uniq crashes found)...[0m
[1;94m[*] [0mFuzzing test case #252 (573 total, 0 uniq crashes found)...[0m
[1;94m[*] [0mFuzzing test case #267 (573 total, 0 uniq crashes found)...[0m
[1;94m[*] [0mFuzzing test case #269 (573 total, 0 uniq crashes found)...[0m
[1;94m[*] [0mFuzzing test case #272 (573 total, 0 uniq crashes found)...[0m
[1;94m[*] [0mFuzzing test case #278 (573 total, 0 uniq crashes found)...[0m
[1;94m[*] [0mFuzzing test case #298 (573 total, 0 uniq crashes found)...[0m
[1;94m[*] [0mFuzzing test case #304 (573 total, 0 uniq crashes found)...[0m
[1;94m[*] [0mFuzzing test case #311 (573 total, 0 uniq crashes found)...[0m
[1;94m[*] [0mFuzzing test case #314 (573 total, 0 uniq crashes found)...[0m
[1;94m[*] [0mFuzzing test case #324 (573 total, 0 uniq crashes found)...[0m
[1;94m[*] [0mFuzzing test case #329 (573 total, 0 uniq crashes found)...[0m
[1;94m[*] [0mFuzzing test case #335 (573 total, 0 uniq crashes found)...[0m
[1;94m[*] [0mFuzzing test case #336 (573 total, 0 uniq crashes found)...[0m
[1;94m[*] [0mFuzzing test case #343 (573 total, 0 uniq crashes found)...[0m
[1;94m[*] [0mFuzzing test case #351 (573 total, 0 uniq crashes found)...[0m
[1;94m[*] [0mFuzzing test case #360 (574 total, 0 uniq crashes found)...[0m
[1;94m[*] [0mFuzzing test case #366 (574 total, 0 uniq crashes found)...[0m
[1;94m[*] [0mFuzzing test case #369 (574 total, 0 uniq crashes found)...[0m
[1;94m[*] [0mFuzzing test case #372 (574 total, 0 uniq crashes found)...[0m
[1;94m[*] [0mFuzzing test case #373 (574 total, 0 uniq crashes found)...[0m
[1;94m[*] [0mFuzzing test case #375 (574 total, 0 uniq crashes found)...[0m
[1;94m[*] [0mFuzzing test case #376 (574 total, 0 uniq crashes found)...[0m
[1;94m[*] [0mFuzzing test case #377 (574 total, 0 uniq crashes found)...[0m
[1;94m[*] [0mFuzzing test case #378 (574 total, 0 uniq crashes found)...[0m
[1;94m[*] [0mFuzzing test case #379 (574 total, 0 uniq crashes found)...[0m
[1;94m[*] [0mFuzzing test case #381 (574 total, 0 uniq crashes found)...[0m
[1;94m[*] [0mFuzzing test case #382 (574 total, 0 uniq crashes found)...[0m
[1;94m[*] [0mFuzzing test case #384 (574 total, 0 uniq crashes found)...[0m
[1;94m[*] [0mFuzzing test case #385 (574 total, 0 uniq crashes found)...[0m
[1;94m[*] [0mFuzzing test case #393 (574 total, 0 uniq crashes found)...[0m
[1;94m[*] [0mFuzzing test case #394 (574 total, 0 uniq crashes found)...[0m
[1;94m[*] [0mFuzzing test case #402 (574 total, 0 uniq crashes found)...[0m
[1;94m[*] [0mFuzzing test case #411 (574 total, 0 uniq crashes found)...[0m
[1;94m[*] [0mFuzzing test case #413 (574 total, 0 uniq crashes found)...[0m
[1;94m[*] [0mFuzzing test case #417 (574 total, 0 uniq crashes found)...[0m
[1;94m[*] [0mFuzzing test case #422 (574 total, 0 uniq crashes found)...[0m
[1;94m[*] [0mFuzzing test case #423 (574 total, 0 uniq crashes found)...[0m
[1;94m[*] [0mFuzzing test case #424 (574 total, 0 uniq crashes found)...[0m
[1;94m[*] [0mFuzzing test case #429 (574 total, 0 uniq crashes found)...[0m
[1;94m[*] [0mFuzzing test case #437 (574 total, 0 uniq crashes found)...[0m
[1;94m[*] [0mFuzzing test case #440 (574 total, 0 uniq crashes found)...[0m
[1;94m[*] [0mFuzzing test case #444 (574 total, 0 uniq crashes found)...[0m
[1;94m[*] [0mFuzzing test case #445 (574 total, 0 uniq crashes found)...[0m
[1;94m[*] [0mFuzzing test case #446 (574 total, 0 uniq crashes found)...[0m
[1;94m[*] [0mFuzzing test case #447 (574 total, 0 uniq crashes found)...[0m
[1;94m[*] [0mFuzzing test case #448 (574 total, 0 uniq crashes found)...[0m
[1;94m[*] [0mFuzzing test case #449 (574 total, 0 uniq crashes found)...[0m
[1;94m[*] [0mFuzzing test case #451 (574 total, 0 uniq crashes found)...[0m
[1;94m[*] [0mFuzzing test case #453 (574 total, 0 uniq crashes found)...[0m
[1;94m[*] [0mFuzzing test case #455 (574 total, 0 uniq crashes found)...[0m
[1;94m[*] [0mFuzzing test case #457 (574 total, 0 uniq crashes found)...[0m
[1;94m[*] [0mFuzzing test case #458 (574 total, 0 uniq crashes found)...[0m
[1;94m[*] [0mFuzzing test case #459 (574 total, 0 uniq crashes found)...[0m
[1;94m[*] [0mFuzzing test case #460 (574 total, 0 uniq crashes found)...[0m
[1;94m[*] [0mFuzzing test case #468 (574 total, 0 uniq crashes found)...[0m
[1;94m[*] [0mFuzzing test case #472 (574 total, 0 uniq crashes found)...[0m
[1;94m[*] [0mFuzzing test case #476 (574 total, 0 uniq crashes found)...[0m
[1;94m[*] [0mFuzzing test case #479 (574 total, 0 uniq crashes found)...[0m
[1;94m[*] [0mFuzzing test case #480 (574 total, 0 uniq crashes found)...[0m
[1;94m[*] [0mFuzzing test case #481 (574 total, 0 uniq crashes found)...[0m
[1;94m[*] [0mFuzzing test case #483 (574 total, 0 uniq crashes found)...[0m
[1;94m[*] [0mFuzzing test case #484 (574 total, 0 uniq crashes found)...[0m
[1;94m[*] [0mFuzzing test case #486 (574 total, 0 uniq crashes found)...[0m
[1;94m[*] [0mFuzzing test case #487 (574 total, 0 uniq crashes found)...[0m
[1;94m[*] [0mFuzzing test case #491 (574 total, 0 uniq crashes found)...[0m
[1;94m[*] [0mFuzzing test case #574 (576 total, 0 uniq crashes found)...[0m
[1;94m[*] [0mFuzzing test case #575 (577 total, 0 uniq crashes found)...[0m
[1;94m[*] [0mFuzzing test case #576 (577 total, 0 uniq crashes found)...[0m
[1;94m[*] [0mEntering queue cycle 18.[0m
[1;94m[*] [0mFuzzing test case #6 (577 total, 0 uniq crashes found)...[0m
[1;94m[*] [0mFuzzing test case #7 (577 total, 0 uniq crashes found)...[0m
[1;94m[*] [0mFuzzing test case #8 (577 total, 0 uniq crashes found)...[0m
[1;94m[*] [0mFuzzing test case #13 (578 total, 0 uniq crashes found)...[0m
[1;94m[*] [0mFuzzing test case #14 (578 total, 0 uniq crashes found)...[0m
[1;94m[*] [0mFuzzing test case #17 (578 total, 0 uniq crashes found)...[0m
[1;94m[*] [0mFuzzing test case #18 (578 total, 0 uniq crashes found)...[0m
[1;94m[*] [0mFuzzing test case #19 (578 total, 0 uniq crashes found)...[0m
[1;94m[*] [0mFuzzing test case #20 (578 total, 0 uniq crashes found)...[0m
[1;94m[*] [0mFuzzing test case #22 (578 total, 0 uniq crashes found)...[0m
[1;94m[*] [0mFuzzing test case #23 (578 total, 0 uniq crashes found)...[0m
[1;94m[*] [0mFuzzing test case #24 (578 total, 0 uniq crashes found)...[0m
[1;94m[*] [0mFuzzing test case #30 (578 total, 0 uniq crashes found)...[0m
[1;94m[*] [0mFuzzing test case #42 (578 total, 0 uniq crashes found)...[0m
[1;94m[*] [0mFuzzing test case #44 (578 total, 0 uniq crashes found)...[0m
[1;94m[*] [0mFuzzing test case #47 (578 total, 0 uniq crashes found)...[0m
[1;94m[*] [0mFuzzing test case #48 (578 total, 0 uniq crashes found)...[0m
[1;94m[*] [0mFuzzing test case #49 (578 total, 0 uniq crashes found)...[0m
[1;94m[*] [0mFuzzing test case #52 (579 total, 0 uniq crashes found)...[0m
[1;94m[*] [0mFuzzing test case #55 (579 total, 0 uniq crashes found)...[0m
[1;94m[*] [0mFuzzing test case #66 (579 total, 0 uniq crashes found)...[0m
[1;94m[*] [0mFuzzing test case #67 (579 total, 0 uniq crashes found)...[0m
[1;94m[*] [0mFuzzing test case #68 (579 total, 0 uniq crashes found)...[0m
[1;94m[*] [0mFuzzing test case #73 (579 total, 0 uniq crashes found)...[0m
[1;94m[*] [0mFuzzing test case #74 (579 total, 0 uniq crashes found)...[0m
[1;94m[*] [0mFuzzing test case #76 (579 total, 0 uniq crashes found)...[0m
[1;94m[*] [0mFuzzing test case #77 (579 total, 0 uniq crashes found)...[0m
[1;94m[*] [0mFuzzing test case #78 (579 total, 0 uniq crashes found)...[0m
[1;94m[*] [0mFuzzing test case #79 (579 total, 0 uniq crashes found)...[0m
[1;94m[*] [0mFuzzing test case #80 (579 total, 0 uniq crashes found)...[0m
[1;94m[*] [0mFuzzing test case #84 (579 total, 0 uniq crashes found)...[0m
[1;94m[*] [0mFuzzing test case #86 (579 total, 0 uniq crashes found)...[0m
[1;94m[*] [0mFuzzing test case #87 (579 total, 0 uniq crashes found)...[0m
[1;94m[*] [0mFuzzing test case #88 (580 total, 0 uniq crashes found)...[0m
[1;94m[*] [0mFuzzing test case #89 (580 total, 0 uniq crashes found)...[0m
[1;94m[*] [0mFuzzing test case #92 (580 total, 0 uniq crashes found)...[0m
[1;94m[*] [0mFuzzing test case #94 (580 total, 0 uniq crashes found)...[0m
[1;94m[*] [0mFuzzing test case #95 (580 total, 0 uniq crashes found)...[0m
[1;94m[*] [0mFuzzing test case #96 (580 total, 0 uniq crashes found)...[0m
[1;94m[*] [0mFuzzing test case #97 (580 total, 0 uniq crashes found)...[0m
[1;94m[*] [0mFuzzing test case #100 (580 total, 0 uniq crashes found)...[0m
[1;94m[*] [0mFuzzing test case #102 (580 total, 0 uniq crashes found)...[0m
[1;94m[*] [0mFuzzing test case #103 (580 total, 0 uniq crashes found)...[0m
[1;94m[*] [0mFuzzing test case #104 (580 total, 0 uniq crashes found)...[0m
[1;94m[*] [0mFuzzing test case #105 (580 total, 0 uniq crashes found)...[0m
[1;94m[*] [0mFuzzing test case #108 (580 total, 0 uniq crashes found)...[0m
[1;94m[*] [0mFuzzing test case #111 (580 total, 0 uniq crashes found)...[0m
[1;94m[*] [0mFuzzing test case #112 (580 total, 0 uniq crashes found)...[0m
[1;94m[*] [0mFuzzing test case #113 (580 total, 0 uniq crashes found)...[0m
[1;94m[*] [0mFuzzing test case #114 (580 total, 0 uniq crashes found)...[0m
[1;94m[*] [0mFuzzing test case #116 (580 total, 0 uniq crashes found)...[0m
[1;94m[*] [0mFuzzing test case #117 (580 total, 0 uniq crashes found)...[0m
[1;94m[*] [0mFuzzing test case #119 (580 total, 0 uniq crashes found)...[0m
[1;94m[*] [0mFuzzing test case #120 (580 total, 0 uniq crashes found)...[0m
[1;94m[*] [0mFuzzing test case #122 (580 total, 0 uniq crashes found)...[0m
[1;94m[*] [0mFuzzing test case #123 (580 total, 0 uniq crashes found)...[0m
[1;94m[*] [0mFuzzing test case #124 (580 total, 0 uniq crashes found)...[0m
[1;94m[*] [0mFuzzing test case #125 (580 total, 0 uniq crashes found)...[0m
[1;94m[*] [0mFuzzing test case #126 (580 total, 0 uniq crashes found)...[0m
[1;94m[*] [0mFuzzing test case #129 (580 total, 0 uniq crashes found)...[0m
[1;94m[*] [0mFuzzing test case #130 (580 total, 0 uniq crashes found)...[0m
[1;94m[*] [0mFuzzing test case #131 (580 total, 0 uniq crashes found)...[0m
[1;94m[*] [0mFuzzing test case #132 (580 total, 0 uniq crashes found)...[0m
[1;94m[*] [0mFuzzing test case #133 (580 total, 0 uniq crashes found)...[0m
[1;94m[*] [0mFuzzing test case #135 (580 total, 0 uniq crashes found)...[0m
[1;94m[*] [0mFuzzing test case #136 (580 total, 0 uniq crashes found)...[0m
[1;94m[*] [0mFuzzing test case #137 (580 total, 0 uniq crashes found)...[0m
[1;94m[*] [0mFuzzing test case #138 (580 total, 0 uniq crashes found)...[0m
[1;94m[*] [0mFuzzing test case #251 (581 total, 0 uniq crashes found)...[0m
[1;94m[*] [0mFuzzing test case #263 (581 total, 0 uniq crashes found)...[0m
[1;94m[*] [0mFuzzing test case #383 (581 total, 0 uniq crashes found)...[0m
[1;94m[*] [0mFuzzing test case #448 (581 total, 0 uniq crashes found)...[0m
[1;94m[*] [0mFuzzing test case #540 (581 total, 0 uniq crashes found)...[0m
[1;94m[*] [0mFuzzing test case #579 (582 total, 0 uniq crashes found)...[0m
[1;94m[*] [0mFuzzing test case #580 (582 total, 0 uniq crashes found)...[0m
[1;94m[*] [0mEntering queue cycle 19.[0m
[1;94m[*] [0mFuzzing test case #6 (582 total, 0 uniq crashes found)...[0m
[1;94m[*] [0mFuzzing test case #7 (582 total, 0 uniq crashes found)...[0m
[1;94m[*] [0mFuzzing test case #8 (582 total, 0 uniq crashes found)...[0m
[1;94m[*] [0mFuzzing test case #10 (582 total, 0 uniq crashes found)...[0m
[1;94m[*] [0mFuzzing test case #13 (582 total, 0 uniq crashes found)...[0m
[1;94m[*] [0mFuzzing test case #17 (582 total, 0 uniq crashes found)...[0m
[1;94m[*] [0mFuzzing test case #18 (582 total, 0 uniq crashes found)...[0m
[1;94m[*] [0mFuzzing test case #19 (582 total, 0 uniq crashes found)...[0m
[1;94m[*] [0mFuzzing test case #20 (582 total, 0 uniq crashes found)...[0m
[1;94m[*] [0mFuzzing test case #22 (582 total, 0 uniq crashes found)...[0m
[1;94m[*] [0mFuzzing test case #28 (582 total, 0 uniq crashes found)...[0m
[1;94m[*] [0mFuzzing test case #30 (582 total, 0 uniq crashes found)...[0m
[1;94m[*] [0mFuzzing test case #38 (582 total, 0 uniq crashes found)...[0m
[1;94m[*] [0mFuzzing test case #42 (582 total, 0 uniq crashes found)...[0m
[1;94m[*] [0mFuzzing test case #44 (582 total, 0 uniq crashes found)...[0m
[1;94m[*] [0mFuzzing test case #47 (582 total, 0 uniq crashes found)...[0m
[1;94m[*] [0mFuzzing test case #49 (582 total, 0 uniq crashes found)...[0m
[1;94m[*] [0mFuzzing test case #51 (582 total, 0 uniq crashes found)...[0m
[1;94m[*] [0mFuzzing test case #52 (582 total, 0 uniq crashes found)...[0m
[1;94m[*] [0mFuzzing test case #55 (582 total, 0 uniq crashes found)...[0m
[1;94m[*] [0mFuzzing test case #66 (582 total, 0 uniq crashes found)...[0m
[1;94m[*] [0mFuzzing test case #67 (582 total, 0 uniq crashes found)...[0m
[1;94m[*] [0mFuzzing test case #68 (582 total, 0 uniq crashes found)...[0m
[1;94m[*] [0mFuzzing test case #73 (582 total, 0 uniq crashes found)...[0m
[1;94m[*] [0mFuzzing test case #74 (582 total, 0 uniq crashes found)...[0m
[1;94m[*] [0mFuzzing test case #76 (582 total, 0 uniq crashes found)...[0m
[1;94m[*] [0mFuzzing test case #77 (582 total, 0 uniq crashes found)...[0m
[1;94m[*] [0mFuzzing test case #78 (582 total, 0 uniq crashes found)...[0m
[1;94m[*] [0mFuzzing test case #79 (582 total, 0 uniq crashes found)...[0m
[1;94m[*] [0mFuzzing test case #80 (582 total, 0 uniq crashes found)...[0m
[1;94m[*] [0mFuzzing test case #84 (582 total, 0 uniq crashes found)...[0m
[1;94m[*] [0mFuzzing test case #86 (582 total, 0 uniq crashes found)...[0m
[1;94m[*] [0mFuzzing test case #87 (582 total, 0 uniq crashes found)...[0m
[1;94m[*] [0mFuzzing test case #89 (582 total, 0 uniq crashes found)...[0m
[1;94m[*] [0mFuzzing test case #92 (582 total, 0 uniq crashes found)...[0m
[1;94m[*] [0mFuzzing test case #94 (582 total, 0 uniq crashes found)...[0m
[1;94m[*] [0mFuzzing test case #95 (582 total, 0 uniq crashes found)...[0m
[1;94m[*] [0mFuzzing test case #96 (582 total, 0 uniq crashes found)...[0m
[1;94m[*] [0mFuzzing test case #97 (582 total, 0 uniq crashes found)...[0m
[1;94m[*] [0mFuzzing test case #99 (582 total, 0 uniq crashes found)...[0m
[1;94m[*] [0mFuzzing test case #102 (582 total, 0 uniq crashes found)...[0m
[1;94m[*] [0mFuzzing test case #103 (582 total, 0 uniq crashes found)...[0m
[1;94m[*] [0mFuzzing test case #104 (582 total, 0 uniq crashes found)...[0m
[1;94m[*] [0mFuzzing test case #105 (582 total, 0 uniq crashes found)...[0m
[1;94m[*] [0mFuzzing test case #108 (582 total, 0 uniq crashes found)...[0m
[1;94m[*] [0mFuzzing test case #109 (582 total, 0 uniq crashes found)...[0m
[1;94m[*] [0mFuzzing test case #111 (582 total, 0 uniq crashes found)...[0m
[1;94m[*] [0mFuzzing test case #112 (582 total, 0 uniq crashes found)...[0m
[1;94m[*] [0mFuzzing test case #221 (583 total, 0 uniq crashes found)...[0m
[1;94m[*] [0mFuzzing test case #287 (583 total, 0 uniq crashes found)...[0m
[1;94m[*] [0mFuzzing test case #321 (583 total, 0 uniq crashes found)...[0m
[1;94m[*] [0mFuzzing test case #344 (583 total, 0 uniq crashes found)...[0m
[1;94m[*] [0mFuzzing test case #349 (583 total, 0 uniq crashes found)...[0m
[1;94m[*] [0mFuzzing test case #491 (584 total, 0 uniq crashes found)...[0m
[1;94m[*] [0mFuzzing test case #582 (584 total, 0 uniq crashes found)...[0m
[1;94m[*] [0mFuzzing test case #583 (584 total, 0 uniq crashes found)...[0m
[1;94m[*] [0mEntering queue cycle 20.[0m
[1;94m[*] [0mFuzzing test case #6 (584 total, 0 uniq crashes found)...[0m
[1;94m[*] [0mFuzzing test case #7 (584 total, 0 uniq crashes found)...[0m
[1;94m[*] [0mFuzzing test case #8 (585 total, 0 uniq crashes found)...[0m
[1;94m[*] [0mFuzzing test case #13 (585 total, 0 uniq crashes found)...[0m
[1;94m[*] [0mFuzzing test case #15 (585 total, 0 uniq crashes found)...[0m
[1;94m[*] [0mFuzzing test case #17 (585 total, 0 uniq crashes found)...[0m
[1;94m[*] [0mFuzzing test case #18 (585 total, 0 uniq crashes found)...[0m
[1;94m[*] [0mFuzzing test case #19 (585 total, 0 uniq crashes found)...[0m
[1;94m[*] [0mFuzzing test case #20 (585 total, 0 uniq crashes found)...[0m
[1;94m[*] [0mFuzzing test case #22 (585 total, 0 uniq crashes found)...[0m
[1;94m[*] [0mFuzzing test case #30 (585 total, 0 uniq crashes found)...[0m
[1;94m[*] [0mFuzzing test case #42 (585 total, 0 uniq crashes found)...[0m
[1;94m[*] [0mFuzzing test case #44 (585 total, 0 uniq crashes found)...[0m
[1;94m[*] [0mFuzzing test case #47 (585 total, 0 uniq crashes found)...[0m
[1;94m[*] [0mFuzzing test case #49 (585 total, 0 uniq crashes found)...[0m
[1;94m[*] [0mFuzzing test case #52 (585 total, 0 uniq crashes found)...[0m
[1;94m[*] [0mFuzzing test case #55 (585 total, 0 uniq crashes found)...[0m
[1;94m[*] [0mFuzzing test case #216 (587 total, 0 uniq crashes found)...[0m
[1;94m[*] [0mFuzzing test case #265 (587 total, 0 uniq crashes found)...[0m
[1;94m[*] [0mFuzzing test case #324 (587 total, 0 uniq crashes found)...[0m
[1;94m[*] [0mFuzzing test case #371 (587 total, 0 uniq crashes found)...[0m
[1;94m[*] [0mFuzzing test case #428 (587 total, 0 uniq crashes found)...[0m
[1;94m[*] [0mFuzzing test case #586 (587 total, 0 uniq crashes found)...[0m
[1;94m[*] [0mEntering queue cycle 21.[0m
[1;94m[*] [0mFuzzing test case #6 (587 total, 0 uniq crashes found)...[0m
[1;94m[*] [0mFuzzing test case #7 (587 total, 0 uniq crashes found)...[0m
[1;94m[*] [0mFuzzing test case #8 (587 total, 0 uniq crashes found)...[0m
[1;94m[*] [0mFuzzing test case #13 (587 total, 0 uniq crashes found)...[0m
[1;94m[*] [0mFuzzing test case #17 (587 total, 0 uniq crashes found)...[0m
[1;94m[*] [0mFuzzing test case #18 (587 total, 0 uniq crashes found)...[0m
[1;94m[*] [0mFuzzing test case #19 (587 total, 0 uniq crashes found)...[0m
[1;94m[*] [0mFuzzing test case #20 (587 total, 0 uniq crashes found)...[0m
[1;94m[*] [0mFuzzing test case #22 (587 total, 0 uniq crashes found)...[0m
[1;94m[*] [0mFuzzing test case #24 (587 total, 0 uniq crashes found)...[0m
[1;94m[*] [0mFuzzing test case #27 (587 total, 0 uniq crashes found)...[0m
[1;94m[*] [0mFuzzing test case #30 (587 total, 0 uniq crashes found)...[0m
[1;94m[*] [0mFuzzing test case #42 (587 total, 0 uniq crashes found)...[0m
[1;94m[*] [0mFuzzing test case #44 (587 total, 0 uniq crashes found)...[0m
[1;94m[*] [0mFuzzing test case #75 (588 total, 0 uniq crashes found)...[0m
[1;94m[*] [0mFuzzing test case #231 (588 total, 0 uniq crashes found)...[0m
[1;94m[*] [0mFuzzing test case #346 (588 total, 0 uniq crashes found)...[0m
[1;94m[*] [0mFuzzing test case #473 (588 total, 0 uniq crashes found)...[0m
[1;94m[*] [0mFuzzing test case #509 (588 total, 0 uniq crashes found)...[0m
[1;94m[*] [0mFuzzing test case #532 (588 total, 0 uniq crashes found)...[0m
[1;94m[*] [0mFuzzing test case #585 (588 total, 0 uniq crashes found)...[0m
[1;94m[*] [0mFuzzing test case #587 (588 total, 0 uniq crashes found)...[0m
[1;94m[*] [0mEntering queue cycle 22.[0m
[1;94m[*] [0mFuzzing test case #6 (588 total, 0 uniq crashes found)...[0m
[1;94m[*] [0mFuzzing test case #7 (588 total, 0 uniq crashes found)...[0m
[1;94m[*] [0mFuzzing test case #314 (589 total, 0 uniq crashes found)...[0m
[1;94m[*] [0mFuzzing test case #393 (589 total, 0 uniq crashes found)...[0m
[1;94m[*] [0mFuzzing test case #411 (589 total, 0 uniq crashes found)...[0m
[1;94m[*] [0mFuzzing test case #432 (589 total, 0 uniq crashes found)...[0m
[1;94m[*] [0mFuzzing test case #588 (589 total, 0 uniq crashes found)...[0m
[1;94m[*] [0mEntering queue cycle 23.[0m
[1;94m[*] [0mFuzzing test case #3 (589 total, 0 uniq crashes found)...[0m
[1;94m[*] [0mFuzzing test case #6 (589 total, 0 uniq crashes found)...[0m
[1;94m[*] [0mFuzzing test case #7 (589 total, 0 uniq crashes found)...[0m
[1;94m[*] [0mFuzzing test case #8 (589 total, 0 uniq crashes found)...[0m
[1;94m[*] [0mFuzzing test case #13 (589 total, 0 uniq crashes found)...[0m
[1;94m[*] [0mFuzzing test case #17 (589 total, 0 uniq crashes found)...[0m
[1;94m[*] [0mFuzzing test case #18 (589 total, 0 uniq crashes found)...[0m
[1;94m[*] [0mFuzzing test case #19 (589 total, 0 uniq crashes found)...[0m
[1;94m[*] [0mFuzzing test case #20 (589 total, 0 uniq crashes found)...[0m
[1;94m[*] [0mFuzzing test case #22 (589 total, 0 uniq crashes found)...[0m
[1;94m[*] [0mFuzzing test case #30 (589 total, 0 uniq crashes found)...[0m
[1;94m[*] [0mFuzzing test case #42 (589 total, 0 uniq crashes found)...[0m
[1;94m[*] [0mFuzzing test case #44 (589 total, 0 uniq crashes found)...[0m
[1;94m[*] [0mFuzzing test case #47 (589 total, 0 uniq crashes found)...[0m
[1;94m[*] [0mFuzzing test case #49 (589 total, 0 uniq crashes found)...[0m
[1;94m[*] [0mFuzzing test case #52 (589 total, 0 uniq crashes found)...[0m
[1;94m[*] [0mFuzzing test case #55 (589 total, 0 uniq crashes found)...[0m
[1;94m[*] [0mFuzzing test case #57 (589 total, 0 uniq crashes found)...[0m
[1;94m[*] [0mFuzzing test case #66 (589 total, 0 uniq crashes found)...[0m
[1;94m[*] [0mFuzzing test case #67 (589 total, 0 uniq crashes found)...[0m
[1;94m[*] [0mFuzzing test case #68 (589 total, 0 uniq crashes found)...[0m
[1;94m[*] [0mFuzzing test case #73 (589 total, 0 uniq crashes found)...[0m
[1;94m[*] [0mFuzzing test case #74 (589 total, 0 uniq crashes found)...[0m
[1;94m[*] [0mFuzzing test case #76 (589 total, 0 uniq crashes found)...[0m
[1;94m[*] [0mFuzzing test case #77 (589 total, 0 uniq crashes found)...[0m
[1;94m[*] [0mFuzzing test case #78 (589 total, 0 uniq crashes found)...[0m
[1;94m[*] [0mFuzzing test case #79 (589 total, 0 uniq crashes found)...[0m
[1;94m[*] [0mFuzzing test case #80 (589 total, 0 uniq crashes found)...[0m
[1;94m[*] [0mFuzzing test case #84 (589 total, 0 uniq crashes found)...[0m
[1;94m[*] [0mFuzzing test case #86 (589 total, 0 uniq crashes found)...[0m
[1;94m[*] [0mFuzzing test case #87 (589 total, 0 uniq crashes found)...[0m
[1;94m[*] [0mFuzzing test case #89 (589 total, 0 uniq crashes found)...[0m
[1;94m[*] [0mFuzzing test case #92 (589 total, 0 uniq crashes found)...[0m
[1;94m[*] [0mFuzzing test case #94 (589 total, 0 uniq crashes found)...[0m
[1;94m[*] [0mFuzzing test case #95 (589 total, 0 uniq crashes found)...[0m
[1;94m[*] [0mFuzzing test case #96 (589 total, 0 uniq crashes found)...[0m
[1;94m[*] [0mFuzzing test case #97 (589 total, 0 uniq crashes found)...[0m
[1;94m[*] [0mFuzzing test case #102 (589 total, 0 uniq crashes found)...[0m
[1;94m[*] [0mFuzzing test case #103 (589 total, 0 uniq crashes found)...[0m
[1;94m[*] [0mFuzzing test case #104 (589 total, 0 uniq crashes found)...[0m
[1;94m[*] [0mFuzzing test case #105 (589 total, 0 uniq crashes found)...[0m
[1;94m[*] [0mFuzzing test case #108 (589 total, 0 uniq crashes found)...[0m
[1;94m[*] [0mFuzzing test case #111 (589 total, 0 uniq crashes found)...[0m
[1;94m[*] [0mFuzzing test case #112 (589 total, 0 uniq crashes found)...[0m
[1;94m[*] [0mFuzzing test case #113 (589 total, 0 uniq crashes found)...[0m
[1;94m[*] [0mFuzzing test case #114 (589 total, 0 uniq crashes found)...[0m
[1;94m[*] [0mFuzzing test case #116 (589 total, 0 uniq crashes found)...[0m
[1;94m[*] [0mFuzzing test case #119 (589 total, 0 uniq crashes found)...[0m
[1;94m[*] [0mFuzzing test case #120 (589 total, 0 uniq crashes found)...[0m
[1;94m[*] [0mFuzzing test case #122 (589 total, 0 uniq crashes found)...[0m
[1;94m[*] [0mFuzzing test case #123 (590 total, 0 uniq crashes found)...[0m
[1;94m[*] [0mFuzzing test case #124 (590 total, 0 uniq crashes found)...[0m
[1;94m[*] [0mFuzzing test case #125 (590 total, 0 uniq crashes found)...[0m
[1;94m[*] [0mFuzzing test case #126 (590 total, 0 uniq crashes found)...[0m
[1;94m[*] [0mFuzzing test case #128 (590 total, 0 uniq crashes found)...[0m
[1;94m[*] [0mFuzzing test case #129 (590 total, 0 uniq crashes found)...[0m
[1;94m[*] [0mFuzzing test case #130 (590 total, 0 uniq crashes found)...[0m
[1;94m[*] [0mFuzzing test case #131 (590 total, 0 uniq crashes found)...[0m
[1;94m[*] [0mFuzzing test case #132 (590 total, 0 uniq crashes found)...[0m
[1;94m[*] [0mFuzzing test case #133 (590 total, 0 uniq crashes found)...[0m
[1;94m[*] [0mFuzzing test case #136 (591 total, 0 uniq crashes found)...[0m
[1;94m[*] [0mFuzzing test case #137 (591 total, 0 uniq crashes found)...[0m
[1;94m[*] [0mFuzzing test case #138 (591 total, 0 uniq crashes found)...[0m
[1;94m[*] [0mFuzzing test case #139 (591 total, 0 uniq crashes found)...[0m
[1;94m[*] [0mFuzzing test case #140 (591 total, 0 uniq crashes found)...[0m
[1;94m[*] [0mFuzzing test case #141 (591 total, 0 uniq crashes found)...[0m
[1;94m[*] [0mFuzzing test case #142 (591 total, 0 uniq crashes found)...[0m
[1;94m[*] [0mFuzzing test case #145 (591 total, 0 uniq crashes found)...[0m
[1;94m[*] [0mFuzzing test case #150 (591 total, 0 uniq crashes found)...[0m
[1;94m[*] [0mFuzzing test case #151 (591 total, 0 uniq crashes found)...[0m
[1;94m[*] [0mFuzzing test case #153 (591 total, 0 uniq crashes found)...[0m
[1;94m[*] [0mFuzzing test case #155 (591 total, 0 uniq crashes found)...[0m
[1;94m[*] [0mFuzzing test case #157 (591 total, 0 uniq crashes found)...[0m
[1;94m[*] [0mFuzzing test case #159 (591 total, 0 uniq crashes found)...[0m
[1;94m[*] [0mFuzzing test case #160 (591 total, 0 uniq crashes found)...[0m
[1;94m[*] [0mFuzzing test case #161 (591 total, 0 uniq crashes found)...[0m
[1;94m[*] [0mFuzzing test case #164 (591 total, 0 uniq crashes found)...[0m
[1;94m[*] [0mFuzzing test case #166 (591 total, 0 uniq crashes found)...[0m
[1;94m[*] [0mFuzzing test case #168 (591 total, 0 uniq crashes found)...[0m
[1;94m[*] [0mFuzzing test case #169 (591 total, 0 uniq crashes found)...[0m
[1;94m[*] [0mFuzzing test case #170 (591 total, 0 uniq crashes found)...[0m
[1;94m[*] [0mFuzzing test case #171 (591 total, 0 uniq crashes found)...[0m
[1;94m[*] [0mFuzzing test case #172 (591 total, 0 uniq crashes found)...[0m
[1;94m[*] [0mFuzzing test case #173 (591 total, 0 uniq crashes found)...[0m
[1;94m[*] [0mFuzzing test case #174 (591 total, 0 uniq crashes found)...[0m
[1;94m[*] [0mFuzzing test case #176 (591 total, 0 uniq crashes found)...[0m
[1;94m[*] [0mFuzzing test case #177 (591 total, 0 uniq crashes found)...[0m
[1;94m[*] [0mFuzzing test case #180 (591 total, 0 uniq crashes found)...[0m
[1;94m[*] [0mFuzzing test case #181 (591 total, 0 uniq crashes found)...[0m
[1;94m[*] [0mFuzzing test case #182 (591 total, 0 uniq crashes found)...[0m
[1;94m[*] [0mFuzzing test case #183 (591 total, 0 uniq crashes found)...[0m
[1;94m[*] [0mFuzzing test case #186 (591 total, 0 uniq crashes found)...[0m
[1;94m[*] [0mFuzzing test case #187 (591 total, 0 uniq crashes found)...[0m
[1;94m[*] [0mFuzzing test case #188 (591 total, 0 uniq crashes found)...[0m
[1;94m[*] [0mFuzzing test case #192 (592 total, 0 uniq crashes found)...[0m
[1;94m[*] [0mFuzzing test case #285 (592 total, 0 uniq crashes found)...[0m
[1;94m[*] [0mFuzzing test case #298 (592 total, 0 uniq crashes found)...[0m
[1;94m[*] [0mFuzzing test case #335 (592 total, 0 uniq crashes found)...[0m
[1;94m[*] [0mFuzzing test case #569 (592 total, 0 uniq crashes found)...[0m
[1;94m[*] [0mFuzzing test case #591 (592 total, 0 uniq crashes found)...[0m
[1;94m[*] [0mEntering queue cycle 24.[0m
[1;94m[*] [0mFuzzing test case #6 (593 total, 0 uniq crashes found)...[0m
[1;94m[*] [0mFuzzing test case #7 (593 total, 0 uniq crashes found)...[0m
[1;94m[*] [0mFuzzing test case #8 (593 total, 0 uniq crashes found)...[0m
[1;94m[*] [0mFuzzing test case #13 (593 total, 0 uniq crashes found)...[0m
[1;94m[*] [0mFuzzing test case #17 (593 total, 0 uniq crashes found)...[0m
[1;94m[*] [0mFuzzing test case #18 (593 total, 0 uniq crashes found)...[0m
[1;94m[*] [0mFuzzing test case #19 (593 total, 0 uniq crashes found)...[0m
[1;94m[*] [0mFuzzing test case #20 (593 total, 0 uniq crashes found)...[0m
[1;94m[*] [0mFuzzing test case #22 (593 total, 0 uniq crashes found)...[0m
[1;94m[*] [0mFuzzing test case #30 (593 total, 0 uniq crashes found)...[0m
[1;94m[*] [0mFuzzing test case #42 (593 total, 0 uniq crashes found)...[0m
[1;94m[*] [0mFuzzing test case #43 (593 total, 0 uniq crashes found)...[0m
[1;94m[*] [0mFuzzing test case #44 (593 total, 0 uniq crashes found)...[0m
[1;94m[*] [0mFuzzing test case #47 (593 total, 0 uniq crashes found)...[0m
[1;94m[*] [0mFuzzing test case #49 (593 total, 0 uniq crashes found)...[0m
[1;94m[*] [0mFuzzing test case #52 (593 total, 0 uniq crashes found)...[0m
[1;94m[*] [0mFuzzing test case #53 (593 total, 0 uniq crashes found)...[0m
[1;94m[*] [0mFuzzing test case #55 (593 total, 0 uniq crashes found)...[0m
[1;94m[*] [0mFuzzing test case #66 (593 total, 0 uniq crashes found)...[0m
[1;94m[*] [0mFuzzing test case #67 (593 total, 0 uniq crashes found)...[0m
[1;94m[*] [0mFuzzing test case #68 (593 total, 0 uniq crashes found)...[0m
[1;94m[*] [0mFuzzing test case #73 (593 total, 0 uniq crashes found)...[0m
[1;94m[*] [0mFuzzing test case #74 (593 total, 0 uniq crashes found)...[0m
[1;94m[*] [0mFuzzing test case #76 (593 total, 0 uniq crashes found)...[0m
[1;94m[*] [0mFuzzing test case #77 (593 total, 0 uniq crashes found)...[0m
[1;94m[*] [0mFuzzing test case #78 (593 total, 0 uniq crashes found)...[0m
[1;94m[*] [0mFuzzing test case #79 (593 total, 0 uniq crashes found)...[0m
[1;94m[*] [0mFuzzing test case #80 (593 total, 0 uniq crashes found)...[0m
[1;94m[*] [0mFuzzing test case #84 (593 total, 0 uniq crashes found)...[0m
[1;94m[*] [0mFuzzing test case #86 (593 total, 0 uniq crashes found)...[0m
[1;94m[*] [0mFuzzing test case #87 (593 total, 0 uniq crashes found)...[0m
[1;94m[*] [0mFuzzing test case #89 (593 total, 0 uniq crashes found)...[0m
[1;94m[*] [0mFuzzing test case #90 (593 total, 0 uniq crashes found)...[0m
[1;94m[*] [0mFuzzing test case #91 (593 total, 0 uniq crashes found)...[0m
[1;94m[*] [0mFuzzing test case #92 (593 total, 0 uniq crashes found)...[0m
[1;94m[*] [0mFuzzing test case #94 (593 total, 0 uniq crashes found)...[0m
[1;94m[*] [0mFuzzing test case #95 (593 total, 0 uniq crashes found)...[0m
[1;94m[*] [0mFuzzing test case #96 (593 total, 0 uniq crashes found)...[0m
[1;94m[*] [0mFuzzing test case #97 (593 total, 0 uniq crashes found)...[0m
[1;94m[*] [0mFuzzing test case #102 (593 total, 0 uniq crashes found)...[0m
[1;94m[*] [0mFuzzing test case #103 (593 total, 0 uniq crashes found)...[0m
[1;94m[*] [0mFuzzing test case #104 (593 total, 0 uniq crashes found)...[0m
[1;94m[*] [0mFuzzing test case #105 (593 total, 0 uniq crashes found)...[0m
[1;94m[*] [0mFuzzing test case #108 (594 total, 0 uniq crashes found)...[0m
[1;94m[*] [0mFuzzing test case #111 (594 total, 0 uniq crashes found)...[0m
[1;94m[*] [0mFuzzing test case #112 (594 total, 0 uniq crashes found)...[0m
[1;94m[*] [0mFuzzing test case #113 (594 total, 0 uniq crashes found)...[0m
[1;94m[*] [0mFuzzing test case #114 (594 total, 0 uniq crashes found)...[0m
[1;94m[*] [0mFuzzing test case #116 (594 total, 0 uniq crashes found)...[0m
[1;94m[*] [0mFuzzing test case #119 (594 total, 0 uniq crashes found)...[0m
[1;94m[*] [0mFuzzing test case #120 (594 total, 0 uniq crashes found)...[0m
[1;94m[*] [0mFuzzing test case #122 (594 total, 0 uniq crashes found)...[0m
[1;94m[*] [0mFuzzing test case #123 (594 total, 0 uniq crashes found)...[0m
[1;94m[*] [0mFuzzing test case #124 (594 total, 0 uniq crashes found)...[0m
[1;94m[*] [0mFuzzing test case #125 (594 total, 0 uniq crashes found)...[0m
[1;94m[*] [0mFuzzing test case #126 (594 total, 0 uniq crashes found)...[0m
[1;94m[*] [0mFuzzing test case #129 (594 total, 0 uniq crashes found)...[0m
[1;94m[*] [0mFuzzing test case #130 (594 total, 0 uniq crashes found)...[0m
[1;94m[*] [0mFuzzing test case #131 (594 total, 0 uniq crashes found)...[0m
[1;94m[*] [0mFuzzing test case #132 (594 total, 0 uniq crashes found)...[0m
[1;94m[*] [0mFuzzing test case #133 (594 total, 0 uniq crashes found)...[0m
[1;94m[*] [0mFuzzing test case #136 (594 total, 0 uniq crashes found)...[0m
[1;94m[*] [0mFuzzing test case #137 (594 total, 0 uniq crashes found)...[0m
[1;94m[*] [0mFuzzing test case #138 (594 total, 0 uniq crashes found)...[0m
[1;94m[*] [0mFuzzing test case #139 (594 total, 0 uniq crashes found)...[0m
[1;94m[*] [0mFuzzing test case #140 (594 total, 0 uniq crashes found)...[0m
[1;94m[*] [0mFuzzing test case #141 (594 total, 0 uniq crashes found)...[0m
[1;94m[*] [0mFuzzing test case #142 (594 total, 0 uniq crashes found)...[0m
[1;94m[*] [0mFuzzing test case #145 (594 total, 0 uniq crashes found)...[0m
[1;94m[*] [0mFuzzing test case #153 (594 total, 0 uniq crashes found)...[0m
[1;94m[*] [0mFuzzing test case #155 (594 total, 0 uniq crashes found)...[0m
[1;94m[*] [0mFuzzing test case #157 (594 total, 0 uniq crashes found)...[0m
[1;94m[*] [0mFuzzing test case #159 (594 total, 0 uniq crashes found)...[0m
[1;94m[*] [0mFuzzing test case #164 (594 total, 0 uniq crashes found)...[0m
[1;94m[*] [0mFuzzing test case #166 (594 total, 0 uniq crashes found)...[0m
[1;94m[*] [0mFuzzing test case #167 (594 total, 0 uniq crashes found)...[0m
[1;94m[*] [0mFuzzing test case #168 (594 total, 0 uniq crashes found)...[0m
[1;94m[*] [0mFuzzing test case #169 (594 total, 0 uniq crashes found)...[0m
[1;94m[*] [0mFuzzing test case #170 (594 total, 0 uniq crashes found)...[0m
[1;94m[*] [0mFuzzing test case #171 (594 total, 0 uniq crashes found)...[0m
[1;94m[*] [0mFuzzing test case #172 (594 total, 0 uniq crashes found)...[0m
[1;94m[*] [0mFuzzing test case #173 (594 total, 0 uniq crashes found)...[0m
[1;94m[*] [0mFuzzing test case #174 (594 total, 0 uniq crashes found)...[0m
[1;94m[*] [0mFuzzing test case #176 (594 total, 0 uniq crashes found)...[0m
[1;94m[*] [0mFuzzing test case #177 (594 total, 0 uniq crashes found)...[0m
[1;94m[*] [0mFuzzing test case #180 (594 total, 0 uniq crashes found)...[0m
[1;94m[*] [0mFuzzing test case #181 (594 total, 0 uniq crashes found)...[0m
[1;94m[*] [0mFuzzing test case #182 (594 total, 0 uniq crashes found)...[0m
[1;94m[*] [0mFuzzing test case #183 (594 total, 0 uniq crashes found)...[0m
[1;94m[*] [0mFuzzing test case #187 (594 total, 0 uniq crashes found)...[0m
[1;94m[*] [0mFuzzing test case #188 (594 total, 0 uniq crashes found)...[0m
[1;94m[*] [0mFuzzing test case #189 (594 total, 0 uniq crashes found)...[0m
[1;94m[*] [0mFuzzing test case #191 (594 total, 0 uniq crashes found)...[0m
[1;94m[*] [0mFuzzing test case #193 (594 total, 0 uniq crashes found)...[0m
[1;94m[*] [0mFuzzing test case #194 (594 total, 0 uniq crashes found)...[0m
[1;94m[*] [0mFuzzing test case #195 (594 total, 0 uniq crashes found)...[0m
[1;94m[*] [0mFuzzing test case #198 (594 total, 0 uniq crashes found)...[0m
[1;94m[*] [0mFuzzing test case #199 (594 total, 0 uniq crashes found)...[0m
[1;94m[*] [0mFuzzing test case #200 (594 total, 0 uniq crashes found)...[0m
[1;94m[*] [0mFuzzing test case #201 (594 total, 0 uniq crashes found)...[0m
[1;94m[*] [0mFuzzing test case #203 (594 total, 0 uniq crashes found)...[0m
[1;94m[*] [0mFuzzing test case #205 (594 total, 0 uniq crashes found)...[0m
[1;94m[*] [0mFuzzing test case #206 (594 total, 0 uniq crashes found)...[0m
[1;94m[*] [0mFuzzing test case #208 (594 total, 0 uniq crashes found)...[0m
[1;94m[*] [0mFuzzing test case #209 (594 total, 0 uniq crashes found)...[0m
[1;94m[*] [0mFuzzing test case #210 (594 total, 0 uniq crashes found)...[0m
[1;94m[*] [0mFuzzing test case #211 (594 total, 0 uniq crashes found)...[0m
[1;94m[*] [0mFuzzing test case #213 (594 total, 0 uniq crashes found)...[0m
[1;94m[*] [0mFuzzing test case #215 (594 total, 0 uniq crashes found)...[0m
[1;94m[*] [0mFuzzing test case #217 (594 total, 0 uniq crashes found)...[0m
[1;94m[*] [0mFuzzing test case #219 (594 total, 0 uniq crashes found)...[0m
[1;94m[*] [0mFuzzing test case #220 (594 total, 0 uniq crashes found)...[0m
[1;94m[*] [0mFuzzing test case #221 (594 total, 0 uniq crashes found)...[0m
[1;94m[*] [0mFuzzing test case #222 (594 total, 0 uniq crashes found)...[0m
[1;94m[*] [0mFuzzing test case #223 (594 total, 0 uniq crashes found)...[0m
[1;94m[*] [0mFuzzing test case #237 (594 total, 0 uniq crashes found)...[0m
[1;94m[*] [0mFuzzing test case #244 (594 total, 0 uniq crashes found)...[0m
[1;94m[*] [0mFuzzing test case #251 (594 total, 0 uniq crashes found)...[0m
[1;94m[*] [0mFuzzing test case #252 (594 total, 0 uniq crashes found)...[0m
[1;94m[*] [0mFuzzing test case #258 (594 total, 0 uniq crashes found)...[0m
[1;94m[*] [0mFuzzing test case #267 (594 total, 0 uniq crashes found)...[0m
[1;94m[*] [0mFuzzing test case #269 (594 total, 0 uniq crashes found)...[0m
[1;94m[*] [0mFuzzing test case #278 (594 total, 0 uniq crashes found)...[0m
[1;94m[*] [0mFuzzing test case #289 (594 total, 0 uniq crashes found)...[0m
[1;94m[*] [0mFuzzing test case #291 (594 total, 0 uniq crashes found)...[0m
[1;94m[*] [0mFuzzing test case #293 (594 total, 0 uniq crashes found)...[0m
[1;94m[*] [0mFuzzing test case #296 (594 total, 0 uniq crashes found)...[0m
[1;94m[*] [0mFuzzing test case #298 (594 total, 0 uniq crashes found)...[0m
[1;94m[*] [0mFuzzing test case #299 (594 total, 0 uniq crashes found)...[0m
[1;94m[*] [0mFuzzing test case #304 (594 total, 0 uniq crashes found)...[0m
[1;94m[*] [0mFuzzing test case #318 (594 total, 0 uniq crashes found)...[0m
[1;94m[*] [0mFuzzing test case #323 (594 total, 0 uniq crashes found)...[0m
[1;94m[*] [0mFuzzing test case #335 (594 total, 0 uniq crashes found)...[0m
[1;94m[*] [0mFuzzing test case #336 (594 total, 0 uniq crashes found)...[0m
[1;94m[*] [0mFuzzing test case #343 (594 total, 0 uniq crashes found)...[0m
[1;94m[*] [0mFuzzing test case #348 (594 total, 0 uniq crashes found)...[0m
[1;94m[*] [0mFuzzing test case #351 (594 total, 0 uniq crashes found)...[0m
[1;94m[*] [0mFuzzing test case #360 (594 total, 0 uniq crashes found)...[0m
[1;94m[*] [0mFuzzing test case #361 (594 total, 0 uniq crashes found)...[0m
[1;94m[*] [0mFuzzing test case #366 (594 total, 0 uniq crashes found)...[0m
[1;94m[*] [0mFuzzing test case #369 (594 total, 0 uniq crashes found)...[0m
[1;94m[*] [0mFuzzing test case #370 (594 total, 0 uniq crashes found)...[0m
[1;94m[*] [0mFuzzing test case #372 (594 total, 0 uniq crashes found)...[0m
[1;94m[*] [0mFuzzing test case #375 (594 total, 0 uniq crashes found)...[0m
[1;94m[*] [0mFuzzing test case #378 (594 total, 0 uniq crashes found)...[0m
[1;94m[*] [0mFuzzing test case #379 (594 total, 0 uniq crashes found)...[0m
[1;94m[*] [0mFuzzing test case #381 (594 total, 0 uniq crashes found)...[0m
[1;94m[*] [0mFuzzing test case #383 (594 total, 0 uniq crashes found)...[0m
[1;94m[*] [0mFuzzing test case #384 (594 total, 0 uniq crashes found)...[0m
[1;94m[*] [0mFuzzing test case #385 (594 total, 0 uniq crashes found)...[0m
[1;94m[*] [0mFuzzing test case #392 (594 total, 0 uniq crashes found)...[0m
[1;94m[*] [0mFuzzing test case #394 (594 total, 0 uniq crashes found)...[0m
[1;94m[*] [0mFuzzing test case #397 (594 total, 0 uniq crashes found)...[0m
[1;94m[*] [0mFuzzing test case #398 (594 total, 0 uniq crashes found)...[0m
[1;94m[*] [0mFuzzing test case #400 (594 total, 0 uniq crashes found)...[0m
[1;94m[*] [0mFuzzing test case #402 (594 total, 0 uniq crashes found)...[0m
[1;94m[*] [0mFuzzing test case #404 (594 total, 0 uniq crashes found)...[0m
[1;94m[*] [0mFuzzing test case #409 (594 total, 0 uniq crashes found)...[0m
[1;94m[*] [0mFuzzing test case #411 (594 total, 0 uniq crashes found)...[0m
[1;94m[*] [0mFuzzing test case #412 (594 total, 0 uniq crashes found)...[0m
[1;94m[*] [0mFuzzing test case #413 (594 total, 0 uniq crashes found)...[0m
[1;94m[*] [0mFuzzing test case #422 (594 total, 0 uniq crashes found)...[0m
[1;94m[*] [0mFuzzing test case #423 (594 total, 0 uniq crashes found)...[0m
[1;94m[*] [0mFuzzing test case #424 (594 total, 0 uniq crashes found)...[0m
[1;94m[*] [0mFuzzing test case #434 (594 total, 0 uniq crashes found)...[0m
[1;94m[*] [0mFuzzing test case #437 (594 total, 0 uniq crashes found)...[0m
[1;94m[*] [0mFuzzing test case #438 (594 total, 0 uniq crashes found)...[0m
[1;94m[*] [0mFuzzing test case #441 (594 total, 0 uniq crashes found)...[0m
[1;94m[*] [0mFuzzing test case #443 (594 total, 0 uniq crashes found)...[0m
[1;94m[*] [0mFuzzing test case #444 (594 total, 0 uniq crashes found)...[0m
[1;94m[*] [0mFuzzing test case #445 (594 total, 0 uniq crashes found)...[0m
[1;94m[*] [0mFuzzing test case #447 (594 total, 0 uniq crashes found)...[0m
[1;94m[*] [0mFuzzing test case #448 (594 total, 0 uniq crashes found)...[0m
[1;94m[*] [0mFuzzing test case #449 (594 total, 0 uniq crashes found)...[0m
[1;94m[*] [0mFuzzing test case #451 (594 total, 0 uniq crashes found)...[0m
[1;94m[*] [0mFuzzing test case #457 (594 total, 0 uniq crashes found)...[0m
[1;94m[*] [0mFuzzing test case #458 (594 total, 0 uniq crashes found)...[0m
[1;94m[*] [0mFuzzing test case #460 (594 total, 0 uniq crashes found)...[0m
[1;94m[*] [0mFuzzing test case #462 (594 total, 0 uniq crashes found)...[0m
[1;94m[*] [0mFuzzing test case #464 (594 total, 0 uniq crashes found)...[0m
[1;94m[*] [0mFuzzing test case #467 (594 total, 0 uniq crashes found)...[0m
[1;94m[*] [0mFuzzing test case #468 (594 total, 0 uniq crashes found)...[0m
[1;94m[*] [0mFuzzing test case #472 (594 total, 0 uniq crashes found)...[0m
[1;94m[*] [0mFuzzing test case #474 (594 total, 0 uniq crashes found)...[0m
[1;94m[*] [0mFuzzing test case #476 (597 total, 0 uniq crashes found)...[0m
[1;94m[*] [0mFuzzing test case #479 (597 total, 0 uniq crashes found)...[0m
[1;94m[*] [0mFuzzing test case #481 (597 total, 0 uniq crashes found)...[0m
[1;94m[*] [0mFuzzing test case #483 (597 total, 0 uniq crashes found)...[0m
[1;94m[*] [0mFuzzing test case #484 (597 total, 0 uniq crashes found)...[0m
[1;94m[*] [0mFuzzing test case #485 (597 total, 0 uniq crashes found)...[0m
[1;94m[*] [0mFuzzing test case #486 (597 total, 0 uniq crashes found)...[0m
[1;94m[*] [0mFuzzing test case #487 (597 total, 0 uniq crashes found)...[0m
[1;94m[*] [0mFuzzing test case #493 (597 total, 0 uniq crashes found)...[0m
[1;94m[*] [0mFuzzing test case #494 (597 total, 0 uniq crashes found)...[0m
[1;94m[*] [0mFuzzing test case #497 (597 total, 0 uniq crashes found)...[0m
[1;94m[*] [0mFuzzing test case #499 (597 total, 0 uniq crashes found)...[0m
[1;94m[*] [0mFuzzing test case #502 (597 total, 0 uniq crashes found)...[0m
[1;94m[*] [0mFuzzing test case #506 (597 total, 0 uniq crashes found)...[0m
[1;94m[*] [0mFuzzing test case #508 (597 total, 0 uniq crashes found)...[0m
[1;94m[*] [0mFuzzing test case #509 (597 total, 0 uniq crashes found)...[0m
[1;94m[*] [0mFuzzing test case #511 (598 total, 0 uniq crashes found)...[0m
[1;94m[*] [0mFuzzing test case #512 (598 total, 0 uniq crashes found)...[0m
[1;94m[*] [0mFuzzing test case #513 (598 total, 0 uniq crashes found)...[0m
[1;94m[*] [0mFuzzing test case #515 (598 total, 0 uniq crashes found)...[0m
[1;94m[*] [0mFuzzing test case #520 (598 total, 0 uniq crashes found)...[0m
[1;94m[*] [0mFuzzing test case #521 (598 total, 0 uniq crashes found)...[0m
[1;94m[*] [0mFuzzing test case #528 (598 total, 0 uniq crashes found)...[0m
[1;94m[*] [0mFuzzing test case #530 (598 total, 0 uniq crashes found)...[0m
[1;94m[*] [0mFuzzing test case #532 (598 total, 0 uniq crashes found)...[0m
[1;94m[*] [0mFuzzing test case #534 (598 total, 0 uniq crashes found)...[0m
[1;94m[*] [0mFuzzing test case #538 (598 total, 0 uniq crashes found)...[0m
[1;94m[*] [0mFuzzing test case #539 (598 total, 0 uniq crashes found)...[0m
[1;94m[*] [0mFuzzing test case #541 (598 total, 0 uniq crashes found)...[0m
[1;94m[*] [0mFuzzing test case #542 (598 total, 0 uniq crashes found)...[0m
[1;94m[*] [0mFuzzing test case #543 (598 total, 0 uniq crashes found)...[0m
[1;94m[*] [0mFuzzing test case #546 (599 total, 0 uniq crashes found)...[0m
[1;94m[*] [0mFuzzing test case #549 (599 total, 0 uniq crashes found)...[0m
[1;94m[*] [0mFuzzing test case #555 (599 total, 0 uniq crashes found)...[0m
[1;94m[*] [0mFuzzing test case #556 (600 total, 0 uniq crashes found)...[0m
[1;94m[*] [0mFuzzing test case #557 (600 total, 0 uniq crashes found)...[0m
[1;94m[*] [0mFuzzing test case #560 (600 total, 0 uniq crashes found)...[0m
[1;94m[*] [0mFuzzing test case #564 (602 total, 0 uniq crashes found)...[0m
[1;94m[*] [0mFuzzing test case #566 (602 total, 0 uniq crashes found)...[0m
[1;94m[*] [0mFuzzing test case #570 (602 total, 0 uniq crashes found)...[0m
[1;94m[*] [0mFuzzing test case #574 (602 total, 0 uniq crashes found)...[0m
[1;94m[*] [0mFuzzing test case #575 (602 total, 0 uniq crashes found)...[0m
[1;94m[*] [0mFuzzing test case #576 (602 total, 0 uniq crashes found)...[0m
[1;94m[*] [0mFuzzing test case #580 (602 total, 0 uniq crashes found)...[0m
[1;94m[*] [0mFuzzing test case #582 (604 total, 0 uniq crashes found)...[0m
[1;94m[*] [0mFuzzing test case #586 (604 total, 0 uniq crashes found)...[0m
[1;94m[*] [0mFuzzing test case #587 (604 total, 0 uniq crashes found)...[0m
[1;94m[*] [0mFuzzing test case #588 (604 total, 0 uniq crashes found)...[0m
[1;94m[*] [0mFuzzing test case #591 (604 total, 0 uniq crashes found)...[0m
[1;94m[*] [0mFuzzing test case #592 (604 total, 0 uniq crashes found)...[0m
[1;94m[*] [0mFuzzing test case #595 (604 total, 0 uniq crashes found)...[0m
[1;94m[*] [0mFuzzing test case #601 (604 total, 0 uniq crashes found)...[0m
[1;94m[*] [0mFuzzing test case #602 (605 total, 0 uniq crashes found)...[0m
[1;94m[*] [0mFuzzing test case #603 (605 total, 0 uniq crashes found)...[0m
[1;94m[*] [0mEntering queue cycle 25.[0m
[1;94m[*] [0mFuzzing test case #3 (606 total, 0 uniq crashes found)...[0m
[1;94m[*] [0mFuzzing test case #6 (606 total, 0 uniq crashes found)...[0m
[1;94m[*] [0mFuzzing test case #7 (606 total, 0 uniq crashes found)...[0m
[1;94m[*] [0mFuzzing test case #8 (606 total, 0 uniq crashes found)...[0m
[1;94m[*] [0mFuzzing test case #13 (606 total, 0 uniq crashes found)...[0m
[1;94m[*] [0mFuzzing test case #14 (606 total, 0 uniq crashes found)...[0m
[1;94m[*] [0mFuzzing test case #17 (606 total, 0 uniq crashes found)...[0m
[1;94m[*] [0mFuzzing test case #18 (606 total, 0 uniq crashes found)...[0m
[1;94m[*] [0mFuzzing test case #19 (606 total, 0 uniq crashes found)...[0m
[1;94m[*] [0mFuzzing test case #20 (607 total, 0 uniq crashes found)...[0m
[1;94m[*] [0mFuzzing test case #22 (607 total, 0 uniq crashes found)...[0m
[1;94m[*] [0mFuzzing test case #30 (607 total, 0 uniq crashes found)...[0m
[1;94m[*] [0mFuzzing test case #42 (607 total, 0 uniq crashes found)...[0m
[1;94m[*] [0mFuzzing test case #44 (607 total, 0 uniq crashes found)...[0m
[1;94m[*] [0mFuzzing test case #45 (607 total, 0 uniq crashes found)...[0m
[1;94m[*] [0mFuzzing test case #47 (607 total, 0 uniq crashes found)...[0m
[1;94m[*] [0mFuzzing test case #49 (607 total, 0 uniq crashes found)...[0m
[1;94m[*] [0mFuzzing test case #52 (607 total, 0 uniq crashes found)...[0m
[1;94m[*] [0mFuzzing test case #55 (607 total, 0 uniq crashes found)...[0m
[1;94m[*] [0mFuzzing test case #66 (607 total, 0 uniq crashes found)...[0m
[1;94m[*] [0mFuzzing test case #67 (607 total, 0 uniq crashes found)...[0m
[1;94m[*] [0mFuzzing test case #68 (607 total, 0 uniq crashes found)...[0m
[1;94m[*] [0mFuzzing test case #72 (607 total, 0 uniq crashes found)...[0m
[1;94m[*] [0mFuzzing test case #73 (607 total, 0 uniq crashes found)...[0m
[1;94m[*] [0mFuzzing test case #74 (607 total, 0 uniq crashes found)...[0m
[1;94m[*] [0mFuzzing test case #76 (607 total, 0 uniq crashes found)...[0m
[1;94m[*] [0mFuzzing test case #77 (607 total, 0 uniq crashes found)...[0m
[1;94m[*] [0mFuzzing test case #78 (607 total, 0 uniq crashes found)...[0m
[1;94m[*] [0mFuzzing test case #79 (607 total, 0 uniq crashes found)...[0m
[1;94m[*] [0mFuzzing test case #80 (607 total, 0 uniq crashes found)...[0m
[1;94m[*] [0mFuzzing test case #84 (607 total, 0 uniq crashes found)...[0m
[1;94m[*] [0mFuzzing test case #85 (607 total, 0 uniq crashes found)...[0m
[1;94m[*] [0mFuzzing test case #86 (607 total, 0 uniq crashes found)...[0m
[1;94m[*] [0mFuzzing test case #87 (607 total, 0 uniq crashes found)...[0m
[1;94m[*] [0mFuzzing test case #89 (607 total, 0 uniq crashes found)...[0m
[1;94m[*] [0mFuzzing test case #92 (607 total, 0 uniq crashes found)...[0m
[1;94m[*] [0mFuzzing test case #94 (607 total, 0 uniq crashes found)...[0m
[1;94m[*] [0mFuzzing test case #95 (607 total, 0 uniq crashes found)...[0m
[1;94m[*] [0mFuzzing test case #96 (607 total, 0 uniq crashes found)...[0m
[1;94m[*] [0mFuzzing test case #97 (607 total, 0 uniq crashes found)...[0m
[1;94m[*] [0mFuzzing test case #102 (607 total, 0 uniq crashes found)...[0m
[1;94m[*] [0mFuzzing test case #103 (607 total, 0 uniq crashes found)...[0m
[1;94m[*] [0mFuzzing test case #104 (607 total, 0 uniq crashes found)...[0m
[1;94m[*] [0mFuzzing test case #105 (607 total, 0 uniq crashes found)...[0m
[1;94m[*] [0mFuzzing test case #108 (607 total, 0 uniq crashes found)...[0m
[1;94m[*] [0mFuzzing test case #111 (607 total, 0 uniq crashes found)...[0m
[1;94m[*] [0mFuzzing test case #112 (607 total, 0 uniq crashes found)...[0m
[1;94m[*] [0mFuzzing test case #113 (607 total, 0 uniq crashes found)...[0m
[1;94m[*] [0mFuzzing test case #114 (607 total, 0 uniq crashes found)...[0m
[1;94m[*] [0mFuzzing test case #115 (607 total, 0 uniq crashes found)...[0m
[1;94m[*] [0mFuzzing test case #116 (607 total, 0 uniq crashes found)...[0m
[1;94m[*] [0mFuzzing test case #119 (607 total, 0 uniq crashes found)...[0m
[1;94m[*] [0mFuzzing test case #120 (607 total, 0 uniq crashes found)...[0m
[1;94m[*] [0mFuzzing test case #122 (607 total, 0 uniq crashes found)...[0m
[1;94m[*] [0mFuzzing test case #123 (607 total, 0 uniq crashes found)...[0m
[1;94m[*] [0mFuzzing test case #124 (607 total, 0 uniq crashes found)...[0m
[1;94m[*] [0mFuzzing test case #125 (607 total, 0 uniq crashes found)...[0m
[1;94m[*] [0mFuzzing test case #126 (607 total, 0 uniq crashes found)...[0m
[1;94m[*] [0mFuzzing test case #129 (607 total, 0 uniq crashes found)...[0m
[1;94m[*] [0mFuzzing test case #130 (607 total, 0 uniq crashes found)...[0m
[1;94m[*] [0mFuzzing test case #131 (607 total, 0 uniq crashes found)...[0m
[1;94m[*] [0mFuzzing test case #132 (607 total, 0 uniq crashes found)...[0m
[1;94m[*] [0mFuzzing test case #133 (607 total, 0 uniq crashes found)...[0m
[1;94m[*] [0mFuzzing test case #136 (607 total, 0 uniq crashes found)...[0m
[1;94m[*] [0mFuzzing test case #137 (607 total, 0 uniq crashes found)...[0m
[1;94m[*] [0mFuzzing test case #138 (607 total, 0 uniq crashes found)...[0m
[1;94m[*] [0mFuzzing test case #139 (607 total, 0 uniq crashes found)...[0m
[1;94m[*] [0mFuzzing test case #140 (607 total, 0 uniq crashes found)...[0m
[1;94m[*] [0mFuzzing test case #141 (607 total, 0 uniq crashes found)...[0m
[1;94m[*] [0mFuzzing test case #142 (607 total, 0 uniq crashes found)...[0m
[1;94m[*] [0mFuzzing test case #144 (607 total, 0 uniq crashes found)...[0m
[1;94m[*] [0mFuzzing test case #145 (607 total, 0 uniq crashes found)...[0m
[1;94m[*] [0mFuzzing test case #153 (607 total, 0 uniq crashes found)...[0m
[1;94m[*] [0mFuzzing test case #155 (607 total, 0 uniq crashes found)...[0m
[1;94m[*] [0mFuzzing test case #157 (607 total, 0 uniq crashes found)...[0m
[1;94m[*] [0mFuzzing test case #159 (607 total, 0 uniq crashes found)...[0m
[1;94m[*] [0mFuzzing test case #164 (607 total, 0 uniq crashes found)...[0m
[1;94m[*] [0mFuzzing test case #166 (607 total, 0 uniq crashes found)...[0m
[1;94m[*] [0mFuzzing test case #168 (607 total, 0 uniq crashes found)...[0m
[1;94m[*] [0mFuzzing test case #169 (607 total, 0 uniq crashes found)...[0m
[1;94m[*] [0mFuzzing test case #170 (607 total, 0 uniq crashes found)...[0m
[1;94m[*] [0mFuzzing test case #171 (607 total, 0 uniq crashes found)...[0m
[1;94m[*] [0mFuzzing test case #172 (607 total, 0 uniq crashes found)...[0m
[1;94m[*] [0mFuzzing test case #173 (607 total, 0 uniq crashes found)...[0m
[1;94m[*] [0mFuzzing test case #174 (607 total, 0 uniq crashes found)...[0m
[1;94m[*] [0mFuzzing test case #175 (607 total, 0 uniq crashes found)...[0m
[1;94m[*] [0mFuzzing test case #176 (607 total, 0 uniq crashes found)...[0m
[1;94m[*] [0mFuzzing test case #177 (607 total, 0 uniq crashes found)...[0m
[1;94m[*] [0mFuzzing test case #180 (607 total, 0 uniq crashes found)...[0m
[1;94m[*] [0mFuzzing test case #181 (607 total, 0 uniq crashes found)...[0m
[1;94m[*] [0mFuzzing test case #182 (607 total, 0 uniq crashes found)...[0m
[1;94m[*] [0mFuzzing test case #183 (607 total, 0 uniq crashes found)...[0m
[1;94m[*] [0mFuzzing test case #184 (607 total, 0 uniq crashes found)...[0m
[1;94m[*] [0mFuzzing test case #187 (607 total, 0 uniq crashes found)...[0m
[1;94m[*] [0mFuzzing test case #188 (608 total, 0 uniq crashes found)...[0m
[1;94m[*] [0mFuzzing test case #189 (608 total, 0 uniq crashes found)...[0m
[1;94m[*] [0mFuzzing test case #191 (608 total, 0 uniq crashes found)...[0m
[1;94m[*] [0mFuzzing test case #193 (608 total, 0 uniq crashes found)...[0m
[1;94m[*] [0mFuzzing test case #194 (608 total, 0 uniq crashes found)...[0m
[1;94m[*] [0mFuzzing test case #195 (608 total, 0 uniq crashes found)...[0m
[1;94m[*] [0mFuzzing test case #198 (608 total, 0 uniq crashes found)...[0m
[1;94m[*] [0mFuzzing test case #199 (608 total, 0 uniq crashes found)...[0m
[1;94m[*] [0mFuzzing test case #200 (608 total, 0 uniq crashes found)...[0m
[1;94m[*] [0mFuzzing test case #201 (608 total, 0 uniq crashes found)...[0m
[1;94m[*] [0mFuzzing test case #203 (608 total, 0 uniq crashes found)...[0m
[1;94m[*] [0mFuzzing test case #205 (608 total, 0 uniq crashes found)...[0m
[1;94m[*] [0mFuzzing test case #206 (608 total, 0 uniq crashes found)...[0m
[1;94m[*] [0mFuzzing test case #208 (608 total, 0 uniq crashes found)...[0m
[1;94m[*] [0mFuzzing test case #209 (608 total, 0 uniq crashes found)...[0m
[1;94m[*] [0mFuzzing test case #210 (608 total, 0 uniq crashes found)...[0m
[1;94m[*] [0mFuzzing test case #211 (608 total, 0 uniq crashes found)...[0m
[1;94m[*] [0mFuzzing test case #213 (608 total, 0 uniq crashes found)...[0m
[1;94m[*] [0mFuzzing test case #215 (608 total, 0 uniq crashes found)...[0m
[1;94m[*] [0mFuzzing test case #217 (608 total, 0 uniq crashes found)...[0m
[1;94m[*] [0mFuzzing test case #218 (608 total, 0 uniq crashes found)...[0m
[1;94m[*] [0mFuzzing test case #219 (608 total, 0 uniq crashes found)...[0m
[1;94m[*] [0mFuzzing test case #220 (608 total, 0 uniq crashes found)...[0m
[1;94m[*] [0mFuzzing test case #221 (608 total, 0 uniq crashes found)...[0m
[1;94m[*] [0mFuzzing test case #222 (608 total, 0 uniq crashes found)...[0m
[1;94m[*] [0mFuzzing test case #223 (608 total, 0 uniq crashes found)...[0m
[1;94m[*] [0mFuzzing test case #229 (608 total, 0 uniq crashes found)...[0m
[1;94m[*] [0mFuzzing test case #230 (608 total, 0 uniq crashes found)...[0m
[1;94m[*] [0mFuzzing test case #234 (608 total, 0 uniq crashes found)...[0m
[1;94m[*] [0mFuzzing test case #253 (608 total, 0 uniq crashes found)...[0m
[1;94m[*] [0mFuzzing test case #266 (608 total, 0 uniq crashes found)...[0m
[1;94m[*] [0mFuzzing test case #267 (608 total, 0 uniq crashes found)...[0m
[1;94m[*] [0mFuzzing test case #269 (608 total, 0 uniq crashes found)...[0m
[1;94m[*] [0mFuzzing test case #334 (610 total, 0 uniq crashes found)...[0m
[1;94m[*] [0mFuzzing test case #349 (610 total, 0 uniq crashes found)...[0m
[1;94m[*] [0mFuzzing test case #392 (610 total, 0 uniq crashes found)...[0m
[1;94m[*] [0mFuzzing test case #532 (610 total, 0 uniq crashes found)...[0m
[1;94m[*] [0mFuzzing test case #608 (610 total, 0 uniq crashes found)...[0m
[1;94m[*] [0mFuzzing test case #609 (610 total, 0 uniq crashes found)...[0m
[1;94m[*] [0mEntering queue cycle 26.[0m
[1;94m[*] [0mFuzzing test case #6 (610 total, 0 uniq crashes found)...[0m
[1;94m[*] [0mFuzzing test case #7 (610 total, 0 uniq crashes found)...[0m
[1;94m[*] [0mFuzzing test case #8 (610 total, 0 uniq crashes found)...[0m
[1;94m[*] [0mFuzzing test case #13 (610 total, 0 uniq crashes found)...[0m
[1;94m[*] [0mFuzzing test case #15 (610 total, 0 uniq crashes found)...[0m
[1;94m[*] [0mFuzzing test case #17 (610 total, 0 uniq crashes found)...[0m
[1;94m[*] [0mFuzzing test case #18 (610 total, 0 uniq crashes found)...[0m
[1;94m[*] [0mFuzzing test case #19 (610 total, 0 uniq crashes found)...[0m
[1;94m[*] [0mFuzzing test case #20 (610 total, 0 uniq crashes found)...[0m
[1;94m[*] [0mFuzzing test case #22 (610 total, 0 uniq crashes found)...[0m
[1;94m[*] [0mFuzzing test case #30 (610 total, 0 uniq crashes found)...[0m
[1;94m[*] [0mFuzzing test case #35 (610 total, 0 uniq crashes found)...[0m
[1;94m[*] [0mFuzzing test case #42 (610 total, 0 uniq crashes found)...[0m
[1;94m[*] [0mFuzzing test case #44 (610 total, 0 uniq crashes found)...[0m
[1;94m[*] [0mFuzzing test case #47 (610 total, 0 uniq crashes found)...[0m
[1;94m[*] [0mFuzzing test case #49 (610 total, 0 uniq crashes found)...[0m
[1;94m[*] [0mFuzzing test case #52 (610 total, 0 uniq crashes found)...[0m
[1;94m[*] [0mFuzzing test case #55 (610 total, 0 uniq crashes found)...[0m
[1;94m[*] [0mFuzzing test case #58 (610 total, 0 uniq crashes found)...[0m
[1;94m[*] [0mFuzzing test case #65 (610 total, 0 uniq crashes found)...[0m
[1;94m[*] [0mFuzzing test case #66 (610 total, 0 uniq crashes found)...[0m
[1;94m[*] [0mFuzzing test case #67 (610 total, 0 uniq crashes found)...[0m
[1;94m[*] [0mFuzzing test case #68 (610 total, 0 uniq crashes found)...[0m
[1;94m[*] [0mFuzzing test case #73 (610 total, 0 uniq crashes found)...[0m
[1;94m[*] [0mFuzzing test case #74 (610 total, 0 uniq crashes found)...[0m
[1;94m[*] [0mFuzzing test case #76 (610 total, 0 uniq crashes found)...[0m
[1;94m[*] [0mFuzzing test case #77 (610 total, 0 uniq crashes found)...[0m
[1;94m[*] [0mFuzzing test case #78 (610 total, 0 uniq crashes found)...[0m
[1;94m[*] [0mFuzzing test case #79 (610 total, 0 uniq crashes found)...[0m
[1;94m[*] [0mFuzzing test case #80 (610 total, 0 uniq crashes found)...[0m
[1;94m[*] [0mFuzzing test case #84 (610 total, 0 uniq crashes found)...[0m
[1;94m[*] [0mFuzzing test case #86 (610 total, 0 uniq crashes found)...[0m
[1;94m[*] [0mFuzzing test case #87 (610 total, 0 uniq crashes found)...[0m
[1;94m[*] [0mFuzzing test case #89 (610 total, 0 uniq crashes found)...[0m
[1;94m[*] [0mFuzzing test case #92 (610 total, 0 uniq crashes found)...[0m
[1;94m[*] [0mFuzzing test case #94 (610 total, 0 uniq crashes found)...[0m
[1;94m[*] [0mFuzzing test case #95 (610 total, 0 uniq crashes found)...[0m
[1;94m[*] [0mFuzzing test case #96 (610 total, 0 uniq crashes found)...[0m
[1;94m[*] [0mFuzzing test case #97 (610 total, 0 uniq crashes found)...[0m
[1;94m[*] [0mFuzzing test case #102 (610 total, 0 uniq crashes found)...[0m
[1;94m[*] [0mFuzzing test case #103 (610 total, 0 uniq crashes found)...[0m
[1;94m[*] [0mFuzzing test case #104 (610 total, 0 uniq crashes found)...[0m
[1;94m[*] [0mFuzzing test case #105 (610 total, 0 uniq crashes found)...[0m
[1;94m[*] [0mFuzzing test case #107 (610 total, 0 uniq crashes found)...[0m
[1;94m[*] [0mFuzzing test case #108 (610 total, 0 uniq crashes found)...[0m
[1;94m[*] [0mFuzzing test case #111 (610 total, 0 uniq crashes found)...[0m
[1;94m[*] [0mFuzzing test case #112 (610 total, 0 uniq crashes found)...[0m
[1;94m[*] [0mFuzzing test case #113 (610 total, 0 uniq crashes found)...[0m
[1;94m[*] [0mFuzzing test case #114 (610 total, 0 uniq crashes found)...[0m
[1;94m[*] [0mFuzzing test case #116 (610 total, 0 uniq crashes found)...[0m
[1;94m[*] [0mFuzzing test case #119 (610 total, 0 uniq crashes found)...[0m
[1;94m[*] [0mFuzzing test case #120 (610 total, 0 uniq crashes found)...[0m
[1;94m[*] [0mFuzzing test case #122 (610 total, 0 uniq crashes found)...[0m
[1;94m[*] [0mFuzzing test case #123 (610 total, 0 uniq crashes found)...[0m
[1;94m[*] [0mFuzzing test case #124 (610 total, 0 uniq crashes found)...[0m
[1;94m[*] [0mFuzzing test case #125 (610 total, 0 uniq crashes found)...[0m
[1;94m[*] [0mFuzzing test case #126 (610 total, 0 uniq crashes found)...[0m
[1;94m[*] [0mFuzzing test case #129 (610 total, 0 uniq crashes found)...[0m
[1;94m[*] [0mFuzzing test case #130 (610 total, 0 uniq crashes found)...[0m
[1;94m[*] [0mFuzzing test case #131 (610 total, 0 uniq crashes found)...[0m
[1;94m[*] [0mFuzzing test case #132 (610 total, 0 uniq crashes found)...[0m
[1;94m[*] [0mFuzzing test case #133 (610 total, 0 uniq crashes found)...[0m
[1;94m[*] [0mFuzzing test case #136 (610 total, 0 uniq crashes found)...[0m
[1;94m[*] [0mFuzzing test case #137 (610 total, 0 uniq crashes found)...[0m
[1;94m[*] [0mFuzzing test case #138 (610 total, 0 uniq crashes found)...[0m
[1;94m[*] [0mFuzzing test case #139 (610 total, 0 uniq crashes found)...[0m
[1;94m[*] [0mFuzzing test case #140 (610 total, 0 uniq crashes found)...[0m
[1;94m[*] [0mFuzzing test case #141 (610 total, 0 uniq crashes found)...[0m
[1;94m[*] [0mFuzzing test case #142 (610 total, 0 uniq crashes found)...[0m
[1;94m[*] [0mFuzzing test case #145 (610 total, 0 uniq crashes found)...[0m
[1;94m[*] [0mFuzzing test case #153 (610 total, 0 uniq crashes found)...[0m
[1;94m[*] [0mFuzzing test case #155 (610 total, 0 uniq crashes found)...[0m
[1;94m[*] [0mFuzzing test case #157 (610 total, 0 uniq crashes found)...[0m
[1;94m[*] [0mFuzzing test case #159 (610 total, 0 uniq crashes found)...[0m
[1;94m[*] [0mFuzzing test case #164 (610 total, 0 uniq crashes found)...[0m
[1;94m[*] [0mFuzzing test case #166 (610 total, 0 uniq crashes found)...[0m
[1;94m[*] [0mFuzzing test case #168 (610 total, 0 uniq crashes found)...[0m
[1;94m[*] [0mFuzzing test case #169 (610 total, 0 uniq crashes found)...[0m
[1;94m[*] [0mFuzzing test case #170 (610 total, 0 uniq crashes found)...[0m
[1;94m[*] [0mFuzzing test case #171 (610 total, 0 uniq crashes found)...[0m
[1;94m[*] [0mFuzzing test case #172 (610 total, 0 uniq crashes found)...[0m
[1;94m[*] [0mFuzzing test case #173 (610 total, 0 uniq crashes found)...[0m
[1;94m[*] [0mFuzzing test case #174 (610 total, 0 uniq crashes found)...[0m
[1;94m[*] [0mFuzzing test case #176 (610 total, 0 uniq crashes found)...[0m
[1;94m[*] [0mFuzzing test case #177 (610 total, 0 uniq crashes found)...[0m
[1;94m[*] [0mFuzzing test case #180 (610 total, 0 uniq crashes found)...[0m
[1;94m[*] [0mFuzzing test case #181 (610 total, 0 uniq crashes found)...[0m
[1;94m[*] [0mFuzzing test case #182 (610 total, 0 uniq crashes found)...[0m
[1;94m[*] [0mFuzzing test case #183 (610 total, 0 uniq crashes found)...[0m
[1;94m[*] [0mFuzzing test case #185 (610 total, 0 uniq crashes found)...[0m
[1;94m[*] [0mFuzzing test case #187 (610 total, 0 uniq crashes found)...[0m
[1;94m[*] [0mFuzzing test case #188 (610 total, 0 uniq crashes found)...[0m
[1;94m[*] [0mFuzzing test case #189 (610 total, 0 uniq crashes found)...[0m
[1;94m[*] [0mFuzzing test case #191 (610 total, 0 uniq crashes found)...[0m
[1;94m[*] [0mFuzzing test case #193 (610 total, 0 uniq crashes found)...[0m
[1;94m[*] [0mFuzzing test case #194 (610 total, 0 uniq crashes found)...[0m
[1;94m[*] [0mFuzzing test case #195 (610 total, 0 uniq crashes found)...[0m
[1;94m[*] [0mFuzzing test case #198 (610 total, 0 uniq crashes found)...[0m
[1;94m[*] [0mFuzzing test case #199 (610 total, 0 uniq crashes found)...[0m
[1;94m[*] [0mFuzzing test case #200 (610 total, 0 uniq crashes found)...[0m
[1;94m[*] [0mFuzzing test case #201 (610 total, 0 uniq crashes found)...[0m
[1;94m[*] [0mFuzzing test case #203 (610 total, 0 uniq crashes found)...[0m
[1;94m[*] [0mFuzzing test case #205 (610 total, 0 uniq crashes found)...[0m
[1;94m[*] [0mFuzzing test case #206 (610 total, 0 uniq crashes found)...[0m
[1;94m[*] [0mFuzzing test case #208 (611 total, 0 uniq crashes found)...[0m
[1;94m[*] [0mFuzzing test case #209 (611 total, 0 uniq crashes found)...[0m
[1;94m[*] [0mFuzzing test case #210 (611 total, 0 uniq crashes found)...[0m
[1;94m[*] [0mFuzzing test case #211 (611 total, 0 uniq crashes found)...[0m
[1;94m[*] [0mFuzzing test case #213 (611 total, 0 uniq crashes found)...[0m
[1;94m[*] [0mFuzzing test case #215 (612 total, 0 uniq crashes found)...[0m
[1;94m[*] [0mFuzzing test case #217 (612 total, 0 uniq crashes found)...[0m
[1;94m[*] [0mFuzzing test case #219 (612 total, 0 uniq crashes found)...[0m
[1;94m[*] [0mFuzzing test case #220 (612 total, 0 uniq crashes found)...[0m
[1;94m[*] [0mFuzzing test case #221 (612 total, 0 uniq crashes found)...[0m
[1;94m[*] [0mFuzzing test case #222 (612 total, 0 uniq crashes found)...[0m
[1;94m[*] [0mFuzzing test case #223 (612 total, 0 uniq crashes found)...[0m
[1;94m[*] [0mFuzzing test case #224 (612 total, 0 uniq crashes found)...[0m
[1;94m[*] [0mFuzzing test case #244 (612 total, 0 uniq crashes found)...[0m
[1;94m[*] [0mFuzzing test case #258 (612 total, 0 uniq crashes found)...[0m
[1;94m[*] [0mFuzzing test case #260 (612 total, 0 uniq crashes found)...[0m
[1;94m[*] [0mFuzzing test case #266 (612 total, 0 uniq crashes found)...[0m
[1;94m[*] [0mFuzzing test case #267 (612 total, 0 uniq crashes found)...[0m
[1;94m[*] [0mFuzzing test case #269 (612 total, 0 uniq crashes found)...[0m
[1;94m[*] [0mFuzzing test case #275 (612 total, 0 uniq crashes found)...[0m
[1;94m[*] [0mFuzzing test case #277 (612 total, 0 uniq crashes found)...[0m
[1;94m[*] [0mFuzzing test case #278 (612 total, 0 uniq crashes found)...[0m
[1;94m[*] [0mFuzzing test case #296 (612 total, 0 uniq crashes found)...[0m
[1;94m[*] [0mFuzzing test case #298 (612 total, 0 uniq crashes found)...[0m
[1;94m[*] [0mFuzzing test case #304 (612 total, 0 uniq crashes found)...[0m
[1;94m[*] [0mFuzzing test case #322 (612 total, 0 uniq crashes found)...[0m
[1;94m[*] [0mFuzzing test case #335 (612 total, 0 uniq crashes found)...[0m
[1;94m[*] [0mFuzzing test case #336 (612 total, 0 uniq crashes found)...[0m
[1;94m[*] [0mFuzzing test case #343 (612 total, 0 uniq crashes found)...[0m
[1;94m[*] [0mFuzzing test case #344 (612 total, 0 uniq crashes found)...[0m
[1;94m[*] [0mFuzzing test case #345 (612 total, 0 uniq crashes found)...[0m
[1;94m[*] [0mFuzzing test case #351 (612 total, 0 uniq crashes found)...[0m
[1;94m[*] [0mFuzzing test case #360 (612 total, 0 uniq crashes found)...[0m
[1;94m[*] [0mFuzzing test case #366 (612 total, 0 uniq crashes found)...[0m
[1;94m[*] [0mFuzzing test case #369 (612 total, 0 uniq crashes found)...[0m
[1;94m[*] [0mFuzzing test case #370 (613 total, 0 uniq crashes found)...[0m
[1;94m[*] [0mFuzzing test case #372 (613 total, 0 uniq crashes found)...[0m
[1;94m[*] [0mFuzzing test case #375 (613 total, 0 uniq crashes found)...[0m
[1;94m[*] [0mFuzzing test case #377 (613 total, 0 uniq crashes found)...[0m
[1;94m[*] [0mFuzzing test case #378 (613 total, 0 uniq crashes found)...[0m
[1;94m[*] [0mFuzzing test case #379 (613 total, 0 uniq crashes found)...[0m
[1;94m[*] [0mFuzzing test case #381 (613 total, 0 uniq crashes found)...[0m
[1;94m[*] [0mFuzzing test case #383 (613 total, 0 uniq crashes found)...[0m
[1;94m[*] [0mFuzzing test case #384 (613 total, 0 uniq crashes found)...[0m
[1;94m[*] [0mFuzzing test case #385 (613 total, 0 uniq crashes found)...[0m
[1;94m[*] [0mFuzzing test case #386 (613 total, 0 uniq crashes found)...[0m
[1;94m[*] [0mFuzzing test case #391 (613 total, 0 uniq crashes found)...[0m
[1;94m[*] [0mFuzzing test case #394 (613 total, 0 uniq crashes found)...[0m
[1;94m[*] [0mFuzzing test case #399 (613 total, 0 uniq crashes found)...[0m
[1;94m[*] [0mFuzzing test case #400 (613 total, 0 uniq crashes found)...[0m
[1;94m[*] [0mFuzzing test case #401 (613 total, 0 uniq crashes found)...[0m
[1;94m[*] [0mFuzzing test case #402 (613 total, 0 uniq crashes found)...[0m
[1;94m[*] [0mFuzzing test case #406 (613 total, 0 uniq crashes found)...[0m
[1;94m[*] [0mFuzzing test case #411 (613 total, 0 uniq crashes found)...[0m
[1;94m[*] [0mFuzzing test case #420 (613 total, 0 uniq crashes found)...[0m
[1;94m[*] [0mFuzzing test case #422 (614 total, 0 uniq crashes found)...[0m
[1;94m[*] [0mFuzzing test case #423 (614 total, 0 uniq crashes found)...[0m
[1;94m[*] [0mFuzzing test case #424 (614 total, 0 uniq crashes found)...[0m
[1;94m[*] [0mFuzzing test case #434 (614 total, 0 uniq crashes found)...[0m
[1;94m[*] [0mFuzzing test case #437 (614 total, 0 uniq crashes found)...[0m
[1;94m[*] [0mFuzzing test case #444 (615 total, 0 uniq crashes found)...[0m
[1;94m[*] [0mFuzzing test case #445 (615 total, 0 uniq crashes found)...[0m
[1;94m[*] [0mFuzzing test case #447 (615 total, 0 uniq crashes found)...[0m
[1;94m[*] [0mFuzzing test case #448 (615 total, 0 uniq crashes found)...[0m
[1;94m[*] [0mFuzzing test case #449 (615 total, 0 uniq crashes found)...[0m
[1;94m[*] [0mFuzzing test case #451 (616 total, 0 uniq crashes found)...[0m
[1;94m[*] [0mFuzzing test case #457 (616 total, 0 uniq crashes found)...[0m
[1;94m[*] [0mFuzzing test case #458 (616 total, 0 uniq crashes found)...[0m
[1;94m[*] [0mFuzzing test case #460 (616 total, 0 uniq crashes found)...[0m
[1;94m[*] [0mFuzzing test case #468 (616 total, 0 uniq crashes found)...[0m
[1;94m[*] [0mFuzzing test case #471 (617 total, 0 uniq crashes found)...[0m
[1;94m[*] [0mFuzzing test case #472 (617 total, 0 uniq crashes found)...[0m
[1;94m[*] [0mFuzzing test case #476 (617 total, 0 uniq crashes found)...[0m
[1;94m[*] [0mFuzzing test case #479 (617 total, 0 uniq crashes found)...[0m
[1;94m[*] [0mFuzzing test case #481 (617 total, 0 uniq crashes found)...[0m
[1;94m[*] [0mFuzzing test case #483 (617 total, 0 uniq crashes found)...[0m
[1;94m[*] [0mFuzzing test case #484 (617 total, 0 uniq crashes found)...[0m
[1;94m[*] [0mFuzzing test case #486 (617 total, 0 uniq crashes found)...[0m
[1;94m[*] [0mFuzzing test case #487 (617 total, 0 uniq crashes found)...[0m
[1;94m[*] [0mFuzzing test case #489 (617 total, 0 uniq crashes found)...[0m
[1;94m[*] [0mFuzzing test case #493 (619 total, 0 uniq crashes found)...[0m
[1;94m[*] [0mFuzzing test case #494 (619 total, 0 uniq crashes found)...[0m
[1;94m[*] [0mFuzzing test case #496 (619 total, 0 uniq crashes found)...[0m
[1;94m[*] [0mFuzzing test case #497 (619 total, 0 uniq crashes found)...[0m
[1;94m[*] [0mFuzzing test case #499 (619 total, 0 uniq crashes found)...[0m
[1;94m[*] [0mFuzzing test case #500 (619 total, 0 uniq crashes found)...[0m
[1;94m[*] [0mFuzzing test case #501 (619 total, 0 uniq crashes found)...[0m
[1;94m[*] [0mFuzzing test case #506 (619 total, 0 uniq crashes found)...[0m
[1;94m[*] [0mFuzzing test case #508 (619 total, 0 uniq crashes found)...[0m
[1;94m[*] [0mFuzzing test case #509 (619 total, 0 uniq crashes found)...[0m
[1;94m[*] [0mFuzzing test case #510 (619 total, 0 uniq crashes found)...[0m
[1;94m[*] [0mFuzzing test case #511 (619 total, 0 uniq crashes found)...[0m
[1;94m[*] [0mFuzzing test case #512 (619 total, 0 uniq crashes found)...[0m
[1;94m[*] [0mFuzzing test case #513 (619 total, 0 uniq crashes found)...[0m
[1;94m[*] [0mFuzzing test case #515 (619 total, 0 uniq crashes found)...[0m
[1;94m[*] [0mFuzzing test case #517 (619 total, 0 uniq crashes found)...[0m
[1;94m[*] [0mFuzzing test case #519 (619 total, 0 uniq crashes found)...[0m
[1;94m[*] [0mFuzzing test case #523 (619 total, 0 uniq crashes found)...[0m
[1;94m[*] [0mFuzzing test case #526 (619 total, 0 uniq crashes found)...[0m
[1;94m[*] [0mFuzzing test case #529 (619 total, 0 uniq crashes found)...[0m
[1;94m[*] [0mFuzzing test case #532 (619 total, 0 uniq crashes found)...[0m
[1;94m[*] [0mFuzzing test case #533 (619 total, 0 uniq crashes found)...[0m
[1;94m[*] [0mFuzzing test case #541 (619 total, 0 uniq crashes found)...[0m
[1;94m[*] [0mFuzzing test case #547 (619 total, 0 uniq crashes found)...[0m
[1;94m[*] [0mFuzzing test case #549 (619 total, 0 uniq crashes found)...[0m
[1;94m[*] [0mFuzzing test case #555 (619 total, 0 uniq crashes found)...[0m
[1;94m[*] [0mFuzzing test case #556 (619 total, 0 uniq crashes found)...[0m
[1;94m[*] [0mFuzzing test case #559 (619 total, 0 uniq crashes found)...[0m
[1;94m[*] [0mFuzzing test case #562 (619 total, 0 uniq crashes found)...[0m
[1;94m[*] [0mFuzzing test case #570 (619 total, 0 uniq crashes found)...[0m
[1;94m[*] [0mFuzzing test case #572 (619 total, 0 uniq crashes found)...[0m
[1;94m[*] [0mFuzzing test case #574 (619 total, 0 uniq crashes found)...[0m
[1;94m[*] [0mFuzzing test case #575 (619 total, 0 uniq crashes found)...[0m
[1;94m[*] [0mFuzzing test case #576 (619 total, 0 uniq crashes found)...[0m
[1;94m[*] [0mFuzzing test case #580 (619 total, 0 uniq crashes found)...[0m
[1;94m[*] [0mFuzzing test case #582 (619 total, 0 uniq crashes found)...[0m
[1;94m[*] [0mFuzzing test case #586 (619 total, 0 uniq crashes found)...[0m
[1;94m[*] [0mFuzzing test case #587 (619 total, 0 uniq crashes found)...[0m
[1;94m[*] [0mFuzzing test case #588 (619 total, 0 uniq crashes found)...[0m
[1;94m[*] [0mFuzzing test case #589 (619 total, 0 uniq crashes found)...[0m
[1;94m[*] [0mFuzzing test case #591 (619 total, 0 uniq crashes found)...[0m
[1;94m[*] [0mFuzzing test case #594 (619 total, 0 uniq crashes found)...[0m
[1;94m[*] [0mFuzzing test case #608 (619 total, 0 uniq crashes found)...[0m
[1;94m[*] [0mFuzzing test case #609 (619 total, 0 uniq crashes found)...[0m
[1;94m[*] [0mFuzzing test case #611 (619 total, 0 uniq crashes found)...[0m
[1;94m[*] [0mFuzzing test case #620 (627 total, 0 uniq crashes found)...[0m
[1;94m[*] [0mFuzzing test case #623 (627 total, 0 uniq crashes found)...[0m
[1;94m[*] [0mFuzzing test case #624 (672 total, 0 uniq crashes found)...[0m
[1;94m[*] [0mFuzzing test case #629 (753 total, 0 uniq crashes found)...[0m
[?25h[1;91m

+++ Testing aborted by user +++
[0m[1;92m[+] [0mWe're done here. Have a nice day!
[0m
