branch_id,hit_count,sat_count,unsat_count,timeout_count
b097ef0536bef82c:0xafb3,0,1,0,0
b097ef0536bef82c:0xafb3,1,1,0,0
b097ef0536bef82c:0xb355,0,1,0,0
b097ef0536bef82c:0xb355,1,1,0,0
b097ef0536bef82c:0x3344b,0,0,1,0
b097ef0536bef82c:0x3344b,0,1,1,0
b097ef0536bef82c:0x3344b,1,1,1,0
b097ef0536bef82c:0xafb3,2,1,0,0
b097ef0536bef82c:0xb355,2,1,0,0
b097ef0536bef82c:0x3344b,2,1,1,0
b097ef0536bef82c:0xafb3,3,1,0,0
b097ef0536bef82c:0xb355,3,1,0,0
b097ef0536bef82c:0x3344b,3,1,1,0
b097ef0536bef82c:0x307ff,0,1,0,0
b097ef0536bef82c:0x307ff,1,1,0,0
b097ef0536bef82c:0x3b0b3,0,0,1,0
b097ef0536bef82c:0x3b0b3,0,1,1,0
b097ef0536bef82c:0x3b0b3,1,1,1,0
b097ef0536bef82c:0x3f2b3,0,0,1,0
b097ef0536bef82c:0x3f2b3,0,1,1,0
b097ef0536bef82c:0x3f2b3,1,1,1,0
b097ef0536bef82c:0xafb3,4,1,0,0
b097ef0536bef82c:0xb355,3,2,0,0
b097ef0536bef82c:0xb355,4,2,0,0
b097ef0536bef82c:0xafb3,5,1,0,0
b097ef0536bef82c:0xb355,5,2,0,0
b097ef0536bef82c:0x3344b,4,1,1,0
b097ef0536bef82c:0x307ff,1,2,0,0
b097ef0536bef82c:0x307ff,2,2,0,0
b097ef0536bef82c:0xafb3,6,1,0,0
b097ef0536bef82c:0xb355,6,2,0,0
b097ef0536bef82c:0x3344b,5,1,1,0
b097ef0536bef82c:0x307ff,3,2,0,0
b097ef0536bef82c:0x3b0b3,1,1,2,0
b097ef0536bef82c:0x3b0b3,1,2,2,0
b097ef0536bef82c:0x3b0b3,2,2,2,0
b097ef0536bef82c:0xafb3,7,1,0,0
b097ef0536bef82c:0xb355,7,2,0,0
b097ef0536bef82c:0x3344b,6,1,1,0
b097ef0536bef82c:0x307ff,4,2,0,0
b097ef0536bef82c:0x3b0b3,3,2,2,0
b097ef0536bef82c:0x3f2b3,2,1,1,0
b097ef0536bef82c:0xafb3,8,1,0,0
b097ef0536bef82c:0xb355,8,2,0,0
b097ef0536bef82c:0x3344b,7,1,1,0
b097ef0536bef82c:0x307ff,5,2,0,0
b097ef0536bef82c:0x3b0b3,4,2,2,0
b097ef0536bef82c:0x3f2b3,3,1,1,0
b097ef0536bef82c:0xafb3,9,1,0,0
b097ef0536bef82c:0xb355,9,2,0,0
b097ef0536bef82c:0x3344b,8,1,1,0
b097ef0536bef82c:0x307ff,6,2,0,0
b097ef0536bef82c:0x3b0b3,5,2,2,0
b097ef0536bef82c:0x3f2b3,3,1,2,0
b097ef0536bef82c:0x3f2b3,3,2,2,0
b097ef0536bef82c:0x3f2b3,4,2,2,0
b097ef0536bef82c:0x3f2b3,4,3,2,0
b097ef0536bef82c:0x3f2b3,4,4,2,0
b097ef0536bef82c:0x3f2b3,4,4,3,0
b097ef0536bef82c:0x3f2b3,4,5,3,0
b097ef0536bef82c:0x3f2b3,4,5,4,0
b097ef0536bef82c:0x3f2b3,4,6,4,0
b097ef0536bef82c:0x3f2b3,4,7,4,0
b097ef0536bef82c:0x3f2b3,4,8,4,0
b097ef0536bef82c:0x3f2b3,4,9,4,0
b097ef0536bef82c:0x3f2b3,4,9,5,0
b097ef0536bef82c:0x3f2b3,4,10,5,0
b097ef0536bef82c:0x3f2b3,4,10,6,0
b097ef0536bef82c:0x3f2b3,4,11,6,0
b097ef0536bef82c:0x3f2b3,4,12,6,0
b097ef0536bef82c:0xafb3,10,1,0,0
b097ef0536bef82c:0xb355,10,2,0,0
b097ef0536bef82c:0x3344b,9,1,1,0
b097ef0536bef82c:0x307ff,7,2,0,0
b097ef0536bef82c:0x3b0b3,6,2,2,0
b097ef0536bef82c:0x3f2b3,5,12,6,0
b097ef0536bef82c:0x3bfcd,0,0,1,0
b097ef0536bef82c:0x3bfcd,0,1,1,0
b097ef0536bef82c:0x3bfcd,1,1,1,0
b097ef0536bef82c:0xafb3,11,1,0,0
b097ef0536bef82c:0xb355,11,2,0,0
b097ef0536bef82c:0x3344b,10,1,1,0
b097ef0536bef82c:0x307ff,8,2,0,0
b097ef0536bef82c:0x3b0b3,7,2,2,0
b097ef0536bef82c:0x3f2b3,6,12,6,0
b097ef0536bef82c:0x3bfcd,2,1,1,0
b097ef0536bef82c:0xafb3,12,1,0,0
b097ef0536bef82c:0xb355,12,2,0,0
b097ef0536bef82c:0x3344b,11,1,1,0
b097ef0536bef82c:0x307ff,9,2,0,0
b097ef0536bef82c:0x3b0b3,8,2,2,0
b097ef0536bef82c:0x3f2b3,7,12,6,0
b097ef0536bef82c:0x3bfcd,3,1,1,0
b097ef0536bef82c:0x375bb,0,0,1,0
b097ef0536bef82c:0x375bb,0,1,1,0
b097ef0536bef82c:0x375bb,1,1,1,0
b097ef0536bef82c:0x37686,0,0,1,0
b097ef0536bef82c:0x37686,0,1,1,0
b097ef0536bef82c:0x37686,1,1,1,0
b097ef0536bef82c:0x30b0f,0,0,1,0
b097ef0536bef82c:0x30b0f,0,1,1,0
b097ef0536bef82c:0x30b0f,1,1,1,0
b097ef0536bef82c:0x319f3,0,0,1,0
b097ef0536bef82c:0x319f3,0,1,1,0
b097ef0536bef82c:0x319f3,1,1,1,0
b097ef0536bef82c:0xafb3,13,1,0,0
b097ef0536bef82c:0xb355,13,2,0,0
b097ef0536bef82c:0x3344b,12,1,1,0
b097ef0536bef82c:0x307ff,10,2,0,0
b097ef0536bef82c:0x3b0b3,9,2,2,0
b097ef0536bef82c:0x3f2b3,8,12,6,0
b097ef0536bef82c:0x3bfcd,3,1,2,0
b097ef0536bef82c:0x3bfcd,3,2,2,0
b097ef0536bef82c:0x3bfcd,4,2,2,0
b097ef0536bef82c:0x3bfcd,4,3,2,0
b097ef0536bef82c:0x3bfcd,4,4,2,0
b097ef0536bef82c:0x3bfcd,4,4,3,0
b097ef0536bef82c:0x3bfcd,4,5,3,0
b097ef0536bef82c:0x3bfcd,4,5,4,0
b097ef0536bef82c:0x3bfcd,4,6,4,0
b097ef0536bef82c:0x3bfcd,4,7,4,0
b097ef0536bef82c:0x3bfcd,4,8,4,0
b097ef0536bef82c:0x3bfcd,4,9,4,0
b097ef0536bef82c:0x3bfcd,4,9,5,0
b097ef0536bef82c:0x3bfcd,4,10,5,0
b097ef0536bef82c:0x3bfcd,4,10,6,0
b097ef0536bef82c:0x3bfcd,4,11,6,0
b097ef0536bef82c:0x3bfcd,4,12,6,0
b097ef0536bef82c:0x3bfcd,4,13,6,0
b097ef0536bef82c:0x3bfcd,4,14,6,0
b097ef0536bef82c:0x3bfcd,4,14,7,0
b097ef0536bef82c:0x3bfcd,4,15,7,0
b097ef0536bef82c:0x3bfcd,4,15,8,0
b097ef0536bef82c:0x3bfcd,4,16,8,0
b097ef0536bef82c:0x3bfcd,4,17,8,0
b097ef0536bef82c:0x3bfcd,4,18,8,0
b097ef0536bef82c:0x3bfcd,4,19,8,0
b097ef0536bef82c:0x3bfcd,4,19,9,0
b097ef0536bef82c:0x3bfcd,4,20,9,0
b097ef0536bef82c:0x3bfcd,4,20,10,0
b097ef0536bef82c:0x3bfcd,4,21,10,0
b097ef0536bef82c:0x3bfcd,4,22,10,0
b097ef0536bef82c:0x375bb,1,1,2,0
b097ef0536bef82c:0x375bb,1,2,2,0
b097ef0536bef82c:0x375bb,2,2,2,0
b097ef0536bef82c:0x375bb,2,3,2,0
b097ef0536bef82c:0x375bb,2,4,2,0
b097ef0536bef82c:0x375bb,2,4,3,0
b097ef0536bef82c:0x375bb,2,5,3,0
b097ef0536bef82c:0x375bb,2,5,4,0
b097ef0536bef82c:0x375bb,2,6,4,0
b097ef0536bef82c:0x375bb,2,7,4,0
b097ef0536bef82c:0x375bb,2,8,4,0
b097ef0536bef82c:0x375bb,2,9,4,0
b097ef0536bef82c:0x375bb,2,9,5,0
b097ef0536bef82c:0x375bb,2,10,5,0
b097ef0536bef82c:0x375bb,2,10,6,0
b097ef0536bef82c:0x375bb,2,11,6,0
b097ef0536bef82c:0x375bb,2,12,6,0
b097ef0536bef82c:0x37686,1,1,2,0
b097ef0536bef82c:0x37686,1,2,2,0
b097ef0536bef82c:0x37686,2,2,2,0
b097ef0536bef82c:0xafb3,14,1,0,0
b097ef0536bef82c:0xb355,14,2,0,0
b097ef0536bef82c:0x3344b,13,1,1,0
b097ef0536bef82c:0x307ff,11,2,0,0
b097ef0536bef82c:0x3b0b3,10,2,2,0
b097ef0536bef82c:0x3f2b3,9,12,6,0
b097ef0536bef82c:0x3bfcd,5,22,10,0
b097ef0536bef82c:0x375bb,3,12,6,0
b097ef0536bef82c:0x37686,3,2,2,0
b097ef0536bef82c:0x30b0f,2,1,1,0
b097ef0536bef82c:0x319f3,1,1,2,0
b097ef0536bef82c:0x319f3,1,2,2,0
b097ef0536bef82c:0x319f3,2,2,2,0
b097ef0536bef82c:0x31f3b,0,0,1,0
b097ef0536bef82c:0x31f3b,0,1,1,0
b097ef0536bef82c:0x31f3b,1,1,1,0
b097ef0536bef82c:0xafb3,15,1,0,0
b097ef0536bef82c:0xb355,15,2,0,0
b097ef0536bef82c:0x3344b,14,1,1,0
b097ef0536bef82c:0x307ff,12,2,0,0
b097ef0536bef82c:0x3b0b3,11,2,2,0
b097ef0536bef82c:0x3f2b3,10,12,6,0
b097ef0536bef82c:0x3bfcd,6,22,10,0
b097ef0536bef82c:0x375bb,4,12,6,0
b097ef0536bef82c:0x37686,3,2,3,0
b097ef0536bef82c:0x37686,3,3,3,0
b097ef0536bef82c:0x37686,4,3,3,0
b097ef0536bef82c:0x30b0f,2,1,2,0
b097ef0536bef82c:0x30b0f,2,2,2,0
b097ef0536bef82c:0x30b0f,3,2,2,0
b097ef0536bef82c:0x30cbd,0,1,0,0
b097ef0536bef82c:0x30cbd,1,1,0,0
b097ef0536bef82c:0x318e5,0,0,1,0
b097ef0536bef82c:0x318e5,0,1,1,0
b097ef0536bef82c:0x318e5,1,1,1,0
b097ef0536bef82c:0x318e5,1,2,1,0
b097ef0536bef82c:0x318e5,1,3,1,0
b097ef0536bef82c:0x318e5,1,4,1,0
b097ef0536bef82c:0x318e5,1,5,1,0
b097ef0536bef82c:0x318e5,1,6,1,0
b097ef0536bef82c:0x318e5,1,7,1,0
b097ef0536bef82c:0x318e5,1,7,2,0
b097ef0536bef82c:0x318e5,1,8,2,0
b097ef0536bef82c:0x318e5,1,9,2,0
b097ef0536bef82c:0x318e5,1,10,2,0
b097ef0536bef82c:0x318e5,1,11,2,0
b097ef0536bef82c:0x318e5,1,12,2,0
b097ef0536bef82c:0x318e5,1,13,2,0
b097ef0536bef82c:0x318e5,1,14,2,0
b097ef0536bef82c:0x318e5,1,15,2,0
b097ef0536bef82c:0x318e5,1,16,2,0
b097ef0536bef82c:0x318e5,1,17,2,0
b097ef0536bef82c:0x318e5,1,18,2,0
b097ef0536bef82c:0x318e5,1,18,3,0
b097ef0536bef82c:0x318e5,1,19,3,0
b097ef0536bef82c:0x318e5,1,20,3,0
b097ef0536bef82c:0x31965,0,0,1,0
b097ef0536bef82c:0x31965,0,1,1,0
b097ef0536bef82c:0x31965,1,1,1,0
b097ef0536bef82c:0xafb3,16,1,0,0
b097ef0536bef82c:0xb355,16,2,0,0
b097ef0536bef82c:0x3344b,15,1,1,0
b097ef0536bef82c:0x307ff,13,2,0,0
b097ef0536bef82c:0x3b0b3,12,2,2,0
b097ef0536bef82c:0x3f2b3,11,12,6,0
b097ef0536bef82c:0x3bfcd,7,22,10,0
b097ef0536bef82c:0x375bb,5,12,6,0
b097ef0536bef82c:0x37686,5,3,3,0
b097ef0536bef82c:0x30b0f,3,2,3,0
b097ef0536bef82c:0x30b0f,3,3,3,0
b097ef0536bef82c:0x30b0f,4,3,3,0
b097ef0536bef82c:0x30cbd,1,2,0,0
b097ef0536bef82c:0x30cbd,2,2,0,0
b097ef0536bef82c:0x318e5,1,20,4,0
b097ef0536bef82c:0x318e5,1,21,4,0
b097ef0536bef82c:0x318e5,2,21,4,0
b097ef0536bef82c:0x31965,1,1,2,0
b097ef0536bef82c:0x31965,1,2,2,0
b097ef0536bef82c:0x31965,2,2,2,0
b097ef0536bef82c:0xafb3,17,1,0,0
b097ef0536bef82c:0xb355,17,2,0,0
b097ef0536bef82c:0x3344b,16,1,1,0
b097ef0536bef82c:0x307ff,14,2,0,0
b097ef0536bef82c:0x3b0b3,13,2,2,0
b097ef0536bef82c:0x3f2b3,12,12,6,0
b097ef0536bef82c:0x3bfcd,8,22,10,0
b097ef0536bef82c:0x375bb,6,12,6,0
b097ef0536bef82c:0x37686,6,3,3,0
b097ef0536bef82c:0x30b0f,5,3,3,0
b097ef0536bef82c:0x319f3,3,2,2,0
b097ef0536bef82c:0x3249d,0,1,0,0
b097ef0536bef82c:0x3249d,1,1,0,0
b097ef0536bef82c:0x330c5,0,0,1,0
b097ef0536bef82c:0x330c5,0,1,1,0
b097ef0536bef82c:0x330c5,1,1,1,0
b097ef0536bef82c:0x33185,0,0,1,0
b097ef0536bef82c:0x33185,0,1,1,0
b097ef0536bef82c:0x33185,1,1,1,0
b097ef0536bef82c:0xafb3,18,1,0,0
b097ef0536bef82c:0xb355,18,2,0,0
b097ef0536bef82c:0x3344b,17,1,1,0
b097ef0536bef82c:0x307ff,15,2,0,0
b097ef0536bef82c:0x3b0b3,14,2,2,0
b097ef0536bef82c:0x3f2b3,13,12,6,0
b097ef0536bef82c:0x3bfcd,9,22,10,0
b097ef0536bef82c:0x375bb,7,12,6,0
b097ef0536bef82c:0x37686,6,3,4,0
b097ef0536bef82c:0x37686,6,4,4,0
b097ef0536bef82c:0x37686,7,4,4,0
b097ef0536bef82c:0xafb3,19,1,0,0
b097ef0536bef82c:0xb355,19,2,0,0
b097ef0536bef82c:0x3344b,18,1,1,0
b097ef0536bef82c:0x307ff,16,2,0,0
b097ef0536bef82c:0x3b0b3,15,2,2,0
b097ef0536bef82c:0x3f2b3,14,12,6,0
b097ef0536bef82c:0x3bfcd,10,22,10,0
b097ef0536bef82c:0x375bb,8,12,6,0
b097ef0536bef82c:0x37686,8,4,4,0
b097ef0536bef82c:0x30b0f,6,3,3,0
b097ef0536bef82c:0x319f3,4,2,2,0
b097ef0536bef82c:0x31f3b,2,1,1,0
b097ef0536bef82c:0x2e610,0,1,0,0
b097ef0536bef82c:0x2e610,1,1,0,0
b097ef0536bef82c:0x2fdd5,0,1,0,0
b097ef0536bef82c:0x2fdd5,1,1,0,0
b097ef0536bef82c:0xafb3,20,1,0,0
b097ef0536bef82c:0xafb3,21,1,0,0
b097ef0536bef82c:0xb355,20,2,0,0
b097ef0536bef82c:0x3344b,19,1,1,0
b097ef0536bef82c:0x307ff,17,2,0,0
b097ef0536bef82c:0x3b0b3,16,2,2,0
b097ef0536bef82c:0x3f2b3,15,12,6,0
b097ef0536bef82c:0x3bfcd,11,22,10,0
b097ef0536bef82c:0x375bb,9,12,6,0
b097ef0536bef82c:0x37686,9,4,4,0
b097ef0536bef82c:0x30b0f,7,3,3,0
b097ef0536bef82c:0x319f3,5,2,2,0
b097ef0536bef82c:0x31f3b,3,1,1,0
b097ef0536bef82c:0x2e610,1,2,0,0
b097ef0536bef82c:0x2e610,2,2,0,0
b097ef0536bef82c:0x2e653,0,1,0,0
b097ef0536bef82c:0x2e653,1,1,0,0
b097ef0536bef82c:0x2e697,0,1,0,0
b097ef0536bef82c:0x2e697,1,1,0,0
b097ef0536bef82c:0x2fdd5,1,2,0,0
b097ef0536bef82c:0x2fdd5,2,2,0,0
b097ef0536bef82c:0xafb3,22,1,0,0
b097ef0536bef82c:0xb355,21,2,0,0
b097ef0536bef82c:0x3344b,20,1,1,0
b097ef0536bef82c:0x307ff,18,2,0,0
b097ef0536bef82c:0x3b0b3,17,2,2,0
b097ef0536bef82c:0x3f2b3,16,12,6,0
b097ef0536bef82c:0x3bfcd,12,22,10,0
b097ef0536bef82c:0x375bb,10,12,6,0
b097ef0536bef82c:0x37686,10,4,4,0
b097ef0536bef82c:0x30b0f,8,3,3,0
b097ef0536bef82c:0x30cbd,2,3,0,0
b097ef0536bef82c:0x30cbd,3,3,0,0
b097ef0536bef82c:0x318e5,2,21,5,0
b097ef0536bef82c:0x318e5,2,22,5,0
b097ef0536bef82c:0x318e5,3,22,5,0
b097ef0536bef82c:0x318e5,3,23,5,0
b097ef0536bef82c:0x318e5,3,24,5,0
b097ef0536bef82c:0x318e5,3,24,6,0
b097ef0536bef82c:0x318e5,3,25,6,0
b097ef0536bef82c:0x318e5,3,25,7,0
b097ef0536bef82c:0x318e5,3,26,7,0
b097ef0536bef82c:0x318e5,3,27,7,0
b097ef0536bef82c:0x31965,2,2,3,0
b097ef0536bef82c:0x31965,2,3,3,0
b097ef0536bef82c:0x31965,3,3,3,0
b097ef0536bef82c:0x319f3,5,2,3,0
b097ef0536bef82c:0x319f3,5,3,3,0
b097ef0536bef82c:0x319f3,6,3,3,0
b097ef0536bef82c:0x3249d,1,2,0,0
b097ef0536bef82c:0x3249d,2,2,0,0
b097ef0536bef82c:0x330c5,1,1,2,0
b097ef0536bef82c:0x330c5,1,2,2,0
b097ef0536bef82c:0x330c5,2,2,2,0
b097ef0536bef82c:0x330c5,2,3,2,0
b097ef0536bef82c:0x330c5,2,4,2,0
b097ef0536bef82c:0x330c5,2,4,3,0
b097ef0536bef82c:0x330c5,2,5,3,0
b097ef0536bef82c:0x330c5,2,5,4,0
b097ef0536bef82c:0x330c5,2,6,4,0
b097ef0536bef82c:0x330c5,2,7,4,0
b097ef0536bef82c:0x33185,1,1,2,0
b097ef0536bef82c:0x33185,1,2,2,0
b097ef0536bef82c:0x33185,2,2,2,0
b097ef0536bef82c:0x31f3b,3,1,2,0
b097ef0536bef82c:0x31f3b,3,2,2,0
b097ef0536bef82c:0x31f3b,4,2,2,0
b097ef0536bef82c:0xafb3,23,1,0,0
b097ef0536bef82c:0xb355,22,2,0,0
b097ef0536bef82c:0x3344b,21,1,1,0
b097ef0536bef82c:0x307ff,19,2,0,0
b097ef0536bef82c:0x3b0b3,18,2,2,0
b097ef0536bef82c:0x3f2b3,17,12,6,0
b097ef0536bef82c:0x3bfcd,13,22,10,0
b097ef0536bef82c:0x375bb,11,12,6,0
b097ef0536bef82c:0x37686,11,4,4,0
b097ef0536bef82c:0x3c1db,0,0,1,0
b097ef0536bef82c:0x3c1db,0,1,1,0
b097ef0536bef82c:0x3c1db,1,1,1,0
b097ef0536bef82c:0x3c1db,1,2,1,0
b097ef0536bef82c:0x3c1db,1,3,1,0
b097ef0536bef82c:0x3c1db,1,3,2,0
b097ef0536bef82c:0x3c1db,1,4,2,0
b097ef0536bef82c:0x3c1db,1,4,3,0
b097ef0536bef82c:0x3c1db,1,5,3,0
b097ef0536bef82c:0x3c1db,1,6,3,0
b097ef0536bef82c:0x3c1db,1,7,3,0
b097ef0536bef82c:0x3c1db,1,8,3,0
b097ef0536bef82c:0x3c1db,1,8,4,0
b097ef0536bef82c:0x3c1db,1,9,4,0
b097ef0536bef82c:0x3c1db,1,9,5,0
b097ef0536bef82c:0x3c1db,1,10,5,0
b097ef0536bef82c:0x3c1db,1,11,5,0
b097ef0536bef82c:0x36cfe,0,0,1,0
b097ef0536bef82c:0x36cfe,0,1,1,0
b097ef0536bef82c:0x36cfe,1,1,1,0
b097ef0536bef82c:0x36d48,0,0,1,0
b097ef0536bef82c:0x36d48,0,0,2,0
b097ef0536bef82c:0x36d48,1,0,2,0
b097ef0536bef82c:0x36fdb,0,0,1,0
b097ef0536bef82c:0x36fdb,0,1,1,0
b097ef0536bef82c:0x36fdb,1,1,1,0
b097ef0536bef82c:0x30b0f,8,3,4,0
b097ef0536bef82c:0x30b0f,8,4,4,0
b097ef0536bef82c:0x30b0f,9,4,4,0
b097ef0536bef82c:0xafb3,24,1,0,0
b097ef0536bef82c:0xb355,23,2,0,0
b097ef0536bef82c:0x3344b,22,1,1,0
b097ef0536bef82c:0x307ff,20,2,0,0
b097ef0536bef82c:0x3b0b3,19,2,2,0
b097ef0536bef82c:0x3f2b3,18,12,6,0
b097ef0536bef82c:0x3bfcd,14,22,10,0
b097ef0536bef82c:0x375bb,12,12,6,0
b097ef0536bef82c:0x37686,12,4,4,0
b097ef0536bef82c:0x30b0f,10,4,4,0
b097ef0536bef82c:0x319f3,7,3,3,0
b097ef0536bef82c:0x31f3b,5,2,2,0
b097ef0536bef82c:0x2e610,3,2,0,0
b097ef0536bef82c:0x2fdd5,2,3,0,0
b097ef0536bef82c:0x2fdd5,3,3,0,0
b097ef0536bef82c:0xafb3,25,1,0,0
b097ef0536bef82c:0xb355,24,2,0,0
b097ef0536bef82c:0x3344b,23,1,1,0
b097ef0536bef82c:0x307ff,21,2,0,0
b097ef0536bef82c:0x3b0b3,20,2,2,0
b097ef0536bef82c:0x3f2b3,19,12,6,0
b097ef0536bef82c:0x3bfcd,15,22,10,0
b097ef0536bef82c:0x375bb,13,12,6,0
b097ef0536bef82c:0x37686,13,4,4,0
b097ef0536bef82c:0x3c1db,2,11,5,0
b097ef0536bef82c:0x36cfe,2,1,1,0
b097ef0536bef82c:0x36d48,2,0,2,0
b097ef0536bef82c:0x36fdb,2,1,1,0
b097ef0536bef82c:0x30b0f,10,4,5,0
b097ef0536bef82c:0x30b0f,10,5,5,0
b097ef0536bef82c:0x30b0f,11,5,5,0
b097ef0536bef82c:0x319f3,7,3,4,0
b097ef0536bef82c:0x319f3,7,4,4,0
b097ef0536bef82c:0x319f3,8,4,4,0
b097ef0536bef82c:0x31f3b,5,2,3,0
b097ef0536bef82c:0x31f3b,5,3,3,0
b097ef0536bef82c:0x31f3b,6,3,3,0
b097ef0536bef82c:0xafb3,26,1,0,0
b097ef0536bef82c:0xb355,25,2,0,0
b097ef0536bef82c:0x3344b,24,1,1,0
b097ef0536bef82c:0x307ff,22,2,0,0
b097ef0536bef82c:0x3b0b3,21,2,2,0
b097ef0536bef82c:0x3f2b3,20,12,6,0
b097ef0536bef82c:0x3bfcd,16,22,10,0
b097ef0536bef82c:0x375bb,14,12,6,0
b097ef0536bef82c:0x37686,14,4,4,0
b097ef0536bef82c:0x30b0f,12,5,5,0
b097ef0536bef82c:0x319f3,9,4,4,0
b097ef0536bef82c:0x31f3b,7,3,3,0
b097ef0536bef82c:0x3a278,0,1,0,0
b097ef0536bef82c:0x3a278,1,1,0,0
b097ef0536bef82c:0xafb3,27,1,0,0
b097ef0536bef82c:0xb355,26,2,0,0
b097ef0536bef82c:0x3344b,25,1,1,0
b097ef0536bef82c:0x307ff,23,2,0,0
b097ef0536bef82c:0x3b0b3,22,2,2,0
b097ef0536bef82c:0x3f2b3,21,12,6,0
b097ef0536bef82c:0x3bfcd,17,22,10,0
b097ef0536bef82c:0x375bb,15,12,6,0
b097ef0536bef82c:0x37686,15,4,4,0
b097ef0536bef82c:0x30b0f,13,5,5,0
b097ef0536bef82c:0x319f3,10,4,4,0
b097ef0536bef82c:0x31f3b,8,3,3,0
b097ef0536bef82c:0x2e610,4,2,0,0
b097ef0536bef82c:0x2e653,2,1,0,0
b097ef0536bef82c:0x2e697,2,1,0,0
b097ef0536bef82c:0x2fdd5,4,3,0,0
b097ef0536bef82c:0xafb3,28,1,0,0
b097ef0536bef82c:0xb355,27,2,0,0
b097ef0536bef82c:0x3344b,26,1,1,0
b097ef0536bef82c:0x307ff,24,2,0,0
b097ef0536bef82c:0x3b0b3,23,2,2,0
b097ef0536bef82c:0x3f2b3,22,12,6,0
b097ef0536bef82c:0x3bfcd,18,22,10,0
b097ef0536bef82c:0x375bb,16,12,6,0
b097ef0536bef82c:0x37686,16,4,4,0
b097ef0536bef82c:0x30b0f,14,5,5,0
b097ef0536bef82c:0x319f3,11,4,4,0
b097ef0536bef82c:0x31f3b,9,3,3,0
b097ef0536bef82c:0x2e610,5,2,0,0
b097ef0536bef82c:0x2e653,3,1,0,0
b097ef0536bef82c:0x2e697,2,2,0,0
b097ef0536bef82c:0x2e697,3,2,0,0
b097ef0536bef82c:0x2e697,3,3,0,0
b097ef0536bef82c:0x2e697,3,4,0,0
b097ef0536bef82c:0x2e697,3,4,1,0
b097ef0536bef82c:0x2e697,3,5,1,0
b097ef0536bef82c:0x2e697,3,6,1,0
b097ef0536bef82c:0x2e697,3,7,1,0
b097ef0536bef82c:0x2e697,3,8,1,0
b097ef0536bef82c:0x2e697,3,9,1,0
b097ef0536bef82c:0x2e697,3,10,1,0
b097ef0536bef82c:0x2e697,3,10,2,0
b097ef0536bef82c:0x2e697,3,11,2,0
b097ef0536bef82c:0x2e697,3,12,2,0
b097ef0536bef82c:0x2e697,3,13,2,0
b097ef0536bef82c:0x2e697,3,14,2,0
b097ef0536bef82c:0x2e697,3,14,3,0
b097ef0536bef82c:0x2e697,3,15,3,0
b097ef0536bef82c:0x2e697,3,15,4,0
b097ef0536bef82c:0x2e697,3,16,4,0
b097ef0536bef82c:0x2e697,3,17,4,0
b097ef0536bef82c:0x2e697,3,18,4,0
b097ef0536bef82c:0x2e697,3,19,4,0
b097ef0536bef82c:0x2e697,3,19,5,0
b097ef0536bef82c:0x2e697,3,20,5,0
b097ef0536bef82c:0x2e697,3,20,6,0
b097ef0536bef82c:0x2e697,3,21,6,0
b097ef0536bef82c:0x2e697,3,22,6,0
b097ef0536bef82c:0x2e697,3,23,6,0
b097ef0536bef82c:0x2e697,3,24,6,0
b097ef0536bef82c:0x2e697,3,24,7,0
b097ef0536bef82c:0x2e697,3,25,7,0
b097ef0536bef82c:0x2e697,3,25,8,0
b097ef0536bef82c:0x2e697,3,26,8,0
b097ef0536bef82c:0x2e697,3,27,8,0
b097ef0536bef82c:0x2e697,3,28,8,0
b097ef0536bef82c:0x2e697,3,29,8,0
b097ef0536bef82c:0x2e697,3,29,9,0
b097ef0536bef82c:0x2e697,3,30,9,0
b097ef0536bef82c:0x2e697,3,30,10,0
b097ef0536bef82c:0x2e697,3,31,10,0
b097ef0536bef82c:0x2e697,3,32,10,0
b097ef0536bef82c:0x2e697,3,33,10,0
b097ef0536bef82c:0x2e697,3,34,10,0
b097ef0536bef82c:0x2e697,3,34,11,0
b097ef0536bef82c:0x2e697,3,35,11,0
b097ef0536bef82c:0x2e697,3,35,12,0
b097ef0536bef82c:0x2e697,3,36,12,0
b097ef0536bef82c:0x2e697,3,37,12,0
b097ef0536bef82c:0x2e4e2,0,1,0,0
b097ef0536bef82c:0x2e4e2,1,1,0,0
b097ef0536bef82c:0x2fdd5,4,3,1,0
b097ef0536bef82c:0x2fdd5,4,4,1,0
b097ef0536bef82c:0x2fdd5,5,4,1,0
b097ef0536bef82c:0xafb3,29,1,0,0
b097ef0536bef82c:0xb355,28,2,0,0
b097ef0536bef82c:0x3344b,27,1,1,0
b097ef0536bef82c:0x307ff,25,2,0,0
b097ef0536bef82c:0x3b0b3,24,2,2,0
b097ef0536bef82c:0x3f2b3,23,12,6,0
b097ef0536bef82c:0x3bfcd,19,22,10,0
b097ef0536bef82c:0x375bb,17,12,6,0
b097ef0536bef82c:0x37686,17,4,4,0
b097ef0536bef82c:0x30b0f,15,5,5,0
b097ef0536bef82c:0x319f3,12,4,4,0
b097ef0536bef82c:0x31f3b,10,3,3,0
b097ef0536bef82c:0x2e610,6,2,0,0
b097ef0536bef82c:0x2e653,4,1,0,0
b097ef0536bef82c:0x2e697,4,37,12,0
b097ef0536bef82c:0x2fdd5,5,5,1,0
b097ef0536bef82c:0x2fdd5,6,5,1,0
b097ef0536bef82c:0xafb3,30,1,0,0
b097ef0536bef82c:0xb355,29,2,0,0
b097ef0536bef82c:0x3344b,28,1,1,0
b097ef0536bef82c:0x307ff,26,2,0,0
b097ef0536bef82c:0x3b0b3,25,2,2,0
b097ef0536bef82c:0x3f2b3,24,12,6,0
b097ef0536bef82c:0x3bfcd,20,22,10,0
b097ef0536bef82c:0x375bb,18,12,6,0
b097ef0536bef82c:0x37686,18,4,4,0
b097ef0536bef82c:0x30b0f,16,5,5,0
b097ef0536bef82c:0x319f3,13,4,4,0
b097ef0536bef82c:0x31f3b,11,3,3,0
b097ef0536bef82c:0x2e610,7,2,0,0
b097ef0536bef82c:0x30a23,0,1,0,0
b097ef0536bef82c:0x30a23,1,1,0,0
b097ef0536bef82c:0x30a6b,0,1,0,0
b097ef0536bef82c:0x30a6b,1,1,0,0
b097ef0536bef82c:0x33eb5,0,0,1,0
b097ef0536bef82c:0x33eb5,0,1,1,0
b097ef0536bef82c:0x33eb5,1,1,1,0
b097ef0536bef82c:0x33ff7,0,0,1,0
b097ef0536bef82c:0x33ff7,0,0,2,0
b097ef0536bef82c:0x33ff7,1,0,2,0
b097ef0536bef82c:0x3403e,0,0,1,0
b097ef0536bef82c:0x3403e,0,1,1,0
b097ef0536bef82c:0x3403e,1,1,1,0
b097ef0536bef82c:0x34080,0,0,1,0
b097ef0536bef82c:0x34080,0,1,1,0
b097ef0536bef82c:0x34080,1,1,1,0
b097ef0536bef82c:0x2fdd5,6,6,1,0
b097ef0536bef82c:0x2fdd5,7,6,1,0
b097ef0536bef82c:0xafb3,31,1,0,0
b097ef0536bef82c:0xb355,30,2,0,0
b097ef0536bef82c:0x3344b,29,1,1,0
b097ef0536bef82c:0x307ff,27,2,0,0
b097ef0536bef82c:0x3b0b3,26,2,2,0
b097ef0536bef82c:0x3f2b3,25,12,6,0
b097ef0536bef82c:0x3bfcd,21,22,10,0
b097ef0536bef82c:0x375bb,19,12,6,0
b097ef0536bef82c:0x37686,19,4,4,0
b097ef0536bef82c:0x30b0f,17,5,5,0
b097ef0536bef82c:0x319f3,14,4,4,0
b097ef0536bef82c:0x31f3b,12,3,3,0
b097ef0536bef82c:0x2e610,8,2,0,0
b097ef0536bef82c:0x30a23,1,2,0,0
b097ef0536bef82c:0x30a23,2,2,0,0
b097ef0536bef82c:0x2fdd5,7,7,1,0
b097ef0536bef82c:0x2fdd5,8,7,1,0
b097ef0536bef82c:0xafb3,32,1,0,0
b097ef0536bef82c:0xb355,31,2,0,0
b097ef0536bef82c:0x3344b,30,1,1,0
b097ef0536bef82c:0x307ff,28,2,0,0
b097ef0536bef82c:0x3b0b3,27,2,2,0
b097ef0536bef82c:0x3f2b3,26,12,6,0
b097ef0536bef82c:0x3bfcd,22,22,10,0
b097ef0536bef82c:0x375bb,20,12,6,0
b097ef0536bef82c:0x37686,20,4,4,0
b097ef0536bef82c:0x30b0f,18,5,5,0
b097ef0536bef82c:0x30cbd,4,3,0,0
b097ef0536bef82c:0x30f26,0,1,0,0
b097ef0536bef82c:0x30f26,1,1,0,0
b097ef0536bef82c:0x310ba,0,1,0,0
b097ef0536bef82c:0x310ba,1,1,0,0
b097ef0536bef82c:0x318e5,3,27,8,0
b097ef0536bef82c:0x318e5,3,28,8,0
b097ef0536bef82c:0x318e5,4,28,8,0
b097ef0536bef82c:0x31965,3,3,4,0
b097ef0536bef82c:0x31965,3,4,4,0
b097ef0536bef82c:0x31965,4,4,4,0
b097ef0536bef82c:0x319f3,14,4,5,0
b097ef0536bef82c:0x319f3,14,5,5,0
b097ef0536bef82c:0x319f3,15,5,5,0
b097ef0536bef82c:0x31f3b,12,3,4,0
b097ef0536bef82c:0x31f3b,12,4,4,0
b097ef0536bef82c:0x31f3b,13,4,4,0
b097ef0536bef82c:0x2e610,8,3,0,0
b097ef0536bef82c:0x2e610,9,3,0,0
b097ef0536bef82c:0x2e653,4,2,0,0
b097ef0536bef82c:0x2e653,5,2,0,0
b097ef0536bef82c:0x2e697,4,38,12,0
b097ef0536bef82c:0x2e697,5,38,12,0
b097ef0536bef82c:0x2fdd5,8,8,1,0
b097ef0536bef82c:0x2fdd5,9,8,1,0
b097ef0536bef82c:0xafb3,33,1,0,0
b097ef0536bef82c:0xb355,32,2,0,0
b097ef0536bef82c:0x3344b,31,1,1,0
b097ef0536bef82c:0x307ff,29,2,0,0
b097ef0536bef82c:0x3b0b3,28,2,2,0
b097ef0536bef82c:0x3f2b3,27,12,6,0
b097ef0536bef82c:0x3bfcd,23,22,10,0
b097ef0536bef82c:0x375bb,21,12,6,0
b097ef0536bef82c:0x37686,21,4,4,0
b097ef0536bef82c:0x30b0f,19,5,5,0
b097ef0536bef82c:0x319f3,16,5,5,0
b097ef0536bef82c:0x31f3b,14,4,4,0
b097ef0536bef82c:0x2e610,10,3,0,0
b097ef0536bef82c:0x30a23,3,2,0,0
b097ef0536bef82c:0x30a6b,2,1,0,0
b097ef0536bef82c:0x33eb5,2,1,1,0
b097ef0536bef82c:0x33ff7,2,0,2,0
b097ef0536bef82c:0x3403e,2,1,1,0
b097ef0536bef82c:0x34080,1,1,2,0
b097ef0536bef82c:0x34080,1,2,2,0
b097ef0536bef82c:0x34080,2,2,2,0
b097ef0536bef82c:0x3443f,0,0,1,0
b097ef0536bef82c:0x3443f,0,0,2,0
b097ef0536bef82c:0x3443f,1,0,2,0
b097ef0536bef82c:0x2fdd5,9,9,1,0
b097ef0536bef82c:0x2fdd5,10,9,1,0
b097ef0536bef82c:0xafb3,34,1,0,0
b097ef0536bef82c:0xb355,33,2,0,0
b097ef0536bef82c:0x3344b,32,1,1,0
b097ef0536bef82c:0x307ff,30,2,0,0
b097ef0536bef82c:0x3b0b3,29,2,2,0
b097ef0536bef82c:0x3f2b3,28,12,6,0
b097ef0536bef82c:0x3bfcd,24,22,10,0
b097ef0536bef82c:0x375bb,22,12,6,0
b097ef0536bef82c:0x37686,22,4,4,0
b097ef0536bef82c:0x30b0f,20,5,5,0
b097ef0536bef82c:0x319f3,17,5,5,0
b097ef0536bef82c:0x31f3b,15,4,4,0
b097ef0536bef82c:0x2e610,11,3,0,0
b097ef0536bef82c:0x2e653,6,2,0,0
b097ef0536bef82c:0x2e697,6,38,12,0
b097ef0536bef82c:0x2fcff,0,0,1,0
b097ef0536bef82c:0x2fcff,0,1,1,0
b097ef0536bef82c:0x2fcff,1,1,1,0
b097ef0536bef82c:0x5a17d,0,1,0,0
b097ef0536bef82c:0x5a17d,1,1,0,0
b097ef0536bef82c:0x5a17d,1,1,1,0
b097ef0536bef82c:0x5a17d,1,1,2,0
b097ef0536bef82c:0x2fdd5,10,10,1,0
b097ef0536bef82c:0x2fdd5,11,10,1,0
b097ef0536bef82c:0xafb3,35,1,0,0
b097ef0536bef82c:0xb355,34,2,0,0
b097ef0536bef82c:0x3344b,33,1,1,0
b097ef0536bef82c:0x307ff,31,2,0,0
b097ef0536bef82c:0x3b0b3,30,2,2,0
b097ef0536bef82c:0x3f2b3,29,12,6,0
b097ef0536bef82c:0x3bfcd,25,22,10,0
b097ef0536bef82c:0x375bb,23,12,6,0
b097ef0536bef82c:0x37686,23,4,4,0
b097ef0536bef82c:0x30b0f,21,5,5,0
b097ef0536bef82c:0x319f3,18,5,5,0
b097ef0536bef82c:0x3249d,3,2,0,0
b097ef0536bef82c:0x32706,0,1,0,0
b097ef0536bef82c:0x32706,1,1,0,0
b097ef0536bef82c:0x3289a,0,1,0,0
b097ef0536bef82c:0x3289a,1,1,0,0
b097ef0536bef82c:0x330c5,2,7,5,0
b097ef0536bef82c:0x330c5,2,8,5,0
b097ef0536bef82c:0x330c5,3,8,5,0
b097ef0536bef82c:0x33185,2,2,3,0
b097ef0536bef82c:0x33185,2,3,3,0
b097ef0536bef82c:0x33185,3,3,3,0
b097ef0536bef82c:0x31f3b,15,4,5,0
b097ef0536bef82c:0x31f3b,15,5,5,0
b097ef0536bef82c:0x31f3b,16,5,5,0
b097ef0536bef82c:0x2e610,11,4,0,0
b097ef0536bef82c:0x2e610,12,4,0,0
b097ef0536bef82c:0x2e653,6,3,0,0
b097ef0536bef82c:0x2e653,7,3,0,0
b097ef0536bef82c:0x2e697,6,39,12,0
b097ef0536bef82c:0x2e697,7,39,12,0
b097ef0536bef82c:0x2fdd5,11,11,1,0
b097ef0536bef82c:0x2fdd5,12,11,1,0
b097ef0536bef82c:0xafb3,36,1,0,0
b097ef0536bef82c:0xb355,35,2,0,0
b097ef0536bef82c:0x3344b,34,1,1,0
b097ef0536bef82c:0x307ff,32,2,0,0
b097ef0536bef82c:0x3b0b3,31,2,2,0
b097ef0536bef82c:0x3f2b3,30,12,6,0
b097ef0536bef82c:0x3bfcd,26,22,10,0
b097ef0536bef82c:0x375bb,24,12,6,0
b097ef0536bef82c:0x37686,24,4,4,0
b097ef0536bef82c:0x30b0f,22,5,5,0
b097ef0536bef82c:0x319f3,19,5,5,0
b097ef0536bef82c:0x31f3b,17,5,5,0
b097ef0536bef82c:0x2e610,13,4,0,0
b097ef0536bef82c:0x30a23,4,2,0,0
b097ef0536bef82c:0x30a6b,2,2,0,0
b097ef0536bef82c:0x30a6b,3,2,0,0
b097ef0536bef82c:0x2fdd5,12,12,1,0
b097ef0536bef82c:0x2fdd5,13,12,1,0
b097ef0536bef82c:0xafb3,37,1,0,0
b097ef0536bef82c:0xb355,36,2,0,0
b097ef0536bef82c:0x3344b,35,1,1,0
b097ef0536bef82c:0x307ff,33,2,0,0
b097ef0536bef82c:0x3b0b3,32,2,2,0
b097ef0536bef82c:0x3f2b3,31,12,6,0
b097ef0536bef82c:0x3bfcd,27,22,10,0
b097ef0536bef82c:0x375bb,25,12,6,0
b097ef0536bef82c:0x37686,25,4,4,0
b097ef0536bef82c:0x30b0f,23,5,5,0
b097ef0536bef82c:0x319f3,20,5,5,0
b097ef0536bef82c:0x31f3b,18,5,5,0
b097ef0536bef82c:0x2e610,14,4,0,0
b097ef0536bef82c:0x2e653,8,3,0,0
b097ef0536bef82c:0x2e697,8,39,12,0
b097ef0536bef82c:0x2fcff,2,1,1,0
b097ef0536bef82c:0x5a17d,2,1,2,0
b097ef0536bef82c:0x2fdd5,14,12,1,0
b097ef0536bef82c:0xafb3,38,1,0,0
b097ef0536bef82c:0xb355,37,2,0,0
b097ef0536bef82c:0x3344b,36,1,1,0
b097ef0536bef82c:0x307ff,34,2,0,0
b097ef0536bef82c:0x3b0b3,33,2,2,0
b097ef0536bef82c:0x3f2b3,32,12,6,0
b097ef0536bef82c:0x3bfcd,28,22,10,0
b097ef0536bef82c:0x375bb,26,12,6,0
b097ef0536bef82c:0x37686,26,4,4,0
b097ef0536bef82c:0x30b0f,24,5,5,0
b097ef0536bef82c:0x319f3,21,5,5,0
b097ef0536bef82c:0x31f3b,19,5,5,0
b097ef0536bef82c:0x2e610,15,4,0,0
b097ef0536bef82c:0x2e653,9,3,0,0
b097ef0536bef82c:0x2e697,9,39,12,0
b097ef0536bef82c:0x2fdd5,15,12,1,0
b097ef0536bef82c:0xafb3,39,1,0,0
b097ef0536bef82c:0xb355,38,2,0,0
b097ef0536bef82c:0x3344b,37,1,1,0
b097ef0536bef82c:0x307ff,35,2,0,0
b097ef0536bef82c:0x3b0b3,34,2,2,0
b097ef0536bef82c:0x3f2b3,33,12,6,0
b097ef0536bef82c:0x3bfcd,29,22,10,0
b097ef0536bef82c:0x375bb,27,12,6,0
b097ef0536bef82c:0x37686,27,4,4,0
b097ef0536bef82c:0x30b0f,25,5,5,0
b097ef0536bef82c:0x319f3,22,5,5,0
b097ef0536bef82c:0x31f3b,20,5,5,0
b097ef0536bef82c:0x2e610,16,4,0,0
b097ef0536bef82c:0x30a23,5,2,0,0
b097ef0536bef82c:0x30a6b,4,2,0,0
b097ef0536bef82c:0x33eb5,3,1,1,0
b097ef0536bef82c:0x33ff7,3,0,2,0
b097ef0536bef82c:0x3403e,3,1,1,0
b097ef0536bef82c:0x34080,3,2,2,0
b097ef0536bef82c:0x3443f,1,1,2,0
b097ef0536bef82c:0x3443f,2,1,2,0
b097ef0536bef82c:0x3443f,2,2,2,0
b097ef0536bef82c:0x3443f,2,3,2,0
b097ef0536bef82c:0x3443f,2,3,3,0
b097ef0536bef82c:0x3443f,2,4,3,0
b097ef0536bef82c:0x3443f,2,4,4,0
b097ef0536bef82c:0x3443f,2,5,4,0
b097ef0536bef82c:0x3443f,2,6,4,0
b097ef0536bef82c:0x3443f,2,7,4,0
b097ef0536bef82c:0x3443f,2,8,4,0
b097ef0536bef82c:0x3443f,2,8,5,0
b097ef0536bef82c:0x3443f,2,9,5,0
b097ef0536bef82c:0x3443f,2,10,5,0
b097ef0536bef82c:0x3443f,2,11,5,0
b097ef0536bef82c:0x3443f,2,12,5,0
b097ef0536bef82c:0x3443f,2,12,6,0
b097ef0536bef82c:0x3443f,2,13,6,0
b097ef0536bef82c:0x3443f,2,14,6,0
b097ef0536bef82c:0x3443f,2,15,6,0
b097ef0536bef82c:0x3443f,2,16,6,0
b097ef0536bef82c:0x3443f,2,16,7,0
b097ef0536bef82c:0x3443f,2,17,7,0
b097ef0536bef82c:0x3443f,2,18,7,0
b097ef0536bef82c:0x3443f,2,19,7,0
b097ef0536bef82c:0x3443f,2,20,7,0
b097ef0536bef82c:0x3443f,2,20,8,0
b097ef0536bef82c:0x3443f,2,21,8,0
b097ef0536bef82c:0x3443f,2,22,8,0
b097ef0536bef82c:0x3443f,2,23,8,0
b097ef0536bef82c:0x3443f,2,24,8,0
b097ef0536bef82c:0x3443f,2,24,9,0
b097ef0536bef82c:0x3443f,2,25,9,0
b097ef0536bef82c:0x3443f,2,26,9,0
b097ef0536bef82c:0x3443f,2,27,9,0
b097ef0536bef82c:0x3443f,2,28,9,0
b097ef0536bef82c:0x3443f,2,28,10,0
b097ef0536bef82c:0x3443f,2,29,10,0
b097ef0536bef82c:0x3443f,2,30,10,0
b097ef0536bef82c:0x2fdd5,15,13,1,0
b097ef0536bef82c:0x2fdd5,16,13,1,0
b097ef0536bef82c:0xafb3,40,1,0,0
b097ef0536bef82c:0xb355,39,2,0,0
b097ef0536bef82c:0x3344b,38,1,1,0
b097ef0536bef82c:0x307ff,36,2,0,0
b097ef0536bef82c:0x3b0b3,35,2,2,0
b097ef0536bef82c:0x3f2b3,34,12,6,0
b097ef0536bef82c:0x3bfcd,30,22,10,0
b097ef0536bef82c:0x375bb,28,12,6,0
b097ef0536bef82c:0x37686,28,4,4,0
b097ef0536bef82c:0x30b0f,26,5,5,0
b097ef0536bef82c:0x319f3,23,5,5,0
b097ef0536bef82c:0x31f3b,21,5,5,0
b097ef0536bef82c:0x2e610,17,4,0,0
b097ef0536bef82c:0x30a23,6,2,0,0
b097ef0536bef82c:0x30a6b,5,2,0,0
b097ef0536bef82c:0x33eb5,4,1,1,0
b097ef0536bef82c:0x33ff7,4,0,2,0
b097ef0536bef82c:0x3403e,4,1,1,0
b097ef0536bef82c:0x34080,4,2,2,0
b097ef0536bef82c:0x3443f,2,31,10,0
b097ef0536bef82c:0x3443f,3,31,10,0
b097ef0536bef82c:0x2fdd5,16,14,1,0
b097ef0536bef82c:0x2fdd5,17,14,1,0
b097ef0536bef82c:0xafb3,41,1,0,0
b097ef0536bef82c:0xb355,40,2,0,0
b097ef0536bef82c:0x3344b,39,1,1,0
b097ef0536bef82c:0x307ff,37,2,0,0
b097ef0536bef82c:0x3b0b3,36,2,2,0
b097ef0536bef82c:0x3f2b3,35,12,6,0
b097ef0536bef82c:0x3bfcd,31,22,10,0
b097ef0536bef82c:0x375bb,29,12,6,0
b097ef0536bef82c:0x37686,29,4,4,0
b097ef0536bef82c:0x30b0f,27,5,5,0
b097ef0536bef82c:0x319f3,24,5,5,0
b097ef0536bef82c:0x3249d,3,3,0,0
b097ef0536bef82c:0x3249d,4,3,0,0
b097ef0536bef82c:0x32c46,0,1,0,0
b097ef0536bef82c:0x32c46,1,1,0,0
b097ef0536bef82c:0x32daf,0,1,0,0
b097ef0536bef82c:0x32daf,1,1,0,0
b097ef0536bef82c:0x32f17,0,1,0,0
b097ef0536bef82c:0x32f17,1,1,0,0
b097ef0536bef82c:0x3307f,0,1,0,0
b097ef0536bef82c:0x3307f,1,1,0,0
b097ef0536bef82c:0x330c5,3,8,6,0
b097ef0536bef82c:0x330c5,3,9,6,0
b097ef0536bef82c:0x330c5,4,9,6,0
b097ef0536bef82c:0x330c5,4,10,6,0
b097ef0536bef82c:0x330c5,4,11,6,0
b097ef0536bef82c:0x330c5,4,12,6,0
b097ef0536bef82c:0x330c5,4,13,6,0
b097ef0536bef82c:0x330c5,4,14,6,0
b097ef0536bef82c:0x330c5,4,15,6,0
b097ef0536bef82c:0x330c5,4,16,6,0
b097ef0536bef82c:0x330c5,4,17,6,0
b097ef0536bef82c:0x330c5,4,17,7,0
b097ef0536bef82c:0x330c5,4,18,7,0
b097ef0536bef82c:0x330c5,4,19,7,0
b097ef0536bef82c:0x330c5,4,20,7,0
b097ef0536bef82c:0x330c5,4,21,7,0
b097ef0536bef82c:0x330c5,4,22,7,0
b097ef0536bef82c:0x330c5,4,23,7,0
b097ef0536bef82c:0x330c5,4,24,7,0
b097ef0536bef82c:0x330c5,4,25,7,0
b097ef0536bef82c:0x330c5,4,26,7,0
b097ef0536bef82c:0x330c5,4,27,7,0
b097ef0536bef82c:0x330c5,4,28,7,0
b097ef0536bef82c:0x330c5,4,29,7,0
b097ef0536bef82c:0x330c5,4,30,7,0
b097ef0536bef82c:0x330c5,4,30,8,0
b097ef0536bef82c:0x330c5,4,31,8,0
b097ef0536bef82c:0x330c5,4,32,8,0
b097ef0536bef82c:0x330c5,4,33,8,0
b097ef0536bef82c:0x330c5,4,34,8,0
b097ef0536bef82c:0x330c5,4,35,8,0
b097ef0536bef82c:0x330c5,4,36,8,0
b097ef0536bef82c:0x330c5,4,37,8,0
b097ef0536bef82c:0x330c5,4,37,9,0
b097ef0536bef82c:0x330c5,4,38,9,0
b097ef0536bef82c:0x330c5,4,39,9,0
b097ef0536bef82c:0x330c5,4,40,9,0
b097ef0536bef82c:0x330c5,4,41,9,0
b097ef0536bef82c:0x330c5,4,42,9,0
b097ef0536bef82c:0x330c5,4,43,9,0
b097ef0536bef82c:0x330c5,4,44,9,0
b097ef0536bef82c:0x330c5,4,45,9,0
b097ef0536bef82c:0x330c5,4,46,9,0
b097ef0536bef82c:0x330c5,4,47,9,0
b097ef0536bef82c:0x330c5,4,48,9,0
b097ef0536bef82c:0x330c5,4,49,9,0
b097ef0536bef82c:0x330c5,4,50,9,0
b097ef0536bef82c:0x330c5,4,51,9,0
b097ef0536bef82c:0x330c5,4,52,9,0
b097ef0536bef82c:0x330c5,4,53,9,0
b097ef0536bef82c:0x330c5,4,54,9,0
b097ef0536bef82c:0x330c5,4,55,9,0
b097ef0536bef82c:0x330c5,4,56,9,0
b097ef0536bef82c:0x330c5,4,57,9,0
b097ef0536bef82c:0x330c5,4,58,9,0
b097ef0536bef82c:0x330c5,4,59,9,0
b097ef0536bef82c:0x330c5,4,59,10,0
b097ef0536bef82c:0x330c5,4,60,10,0
b097ef0536bef82c:0x330c5,4,61,10,0
b097ef0536bef82c:0x330c5,4,62,10,0
b097ef0536bef82c:0x330c5,4,63,10,0
b097ef0536bef82c:0x330c5,4,64,10,0
b097ef0536bef82c:0x330c5,4,65,10,0
b097ef0536bef82c:0x330c5,4,66,10,0
b097ef0536bef82c:0x330c5,4,66,11,0
b097ef0536bef82c:0x330c5,4,67,11,0
b097ef0536bef82c:0x330c5,4,68,11,0
b097ef0536bef82c:0x330c5,4,69,11,0
b097ef0536bef82c:0x330c5,4,70,11,0
b097ef0536bef82c:0x330c5,4,71,11,0
b097ef0536bef82c:0x330c5,4,72,11,0
b097ef0536bef82c:0x330c5,4,73,11,0
b097ef0536bef82c:0x330c5,4,74,11,0
b097ef0536bef82c:0x330c5,4,75,11,0
b097ef0536bef82c:0x330c5,4,76,11,0
b097ef0536bef82c:0x330c5,4,77,11,0
b097ef0536bef82c:0x330c5,4,77,12,0
b097ef0536bef82c:0x330c5,4,78,12,0
b097ef0536bef82c:0x330c5,4,79,12,0
b097ef0536bef82c:0x330c5,4,80,12,0
b097ef0536bef82c:0x330c5,4,81,12,0
b097ef0536bef82c:0x330c5,4,82,12,0
b097ef0536bef82c:0x330c5,4,83,12,0
b097ef0536bef82c:0x330c5,4,84,12,0
b097ef0536bef82c:0x330c5,4,84,13,0
b097ef0536bef82c:0x330c5,4,85,13,0
b097ef0536bef82c:0x330c5,4,86,13,0
b097ef0536bef82c:0x330c5,4,87,13,0
b097ef0536bef82c:0x330c5,4,88,13,0
b097ef0536bef82c:0x330c5,4,89,13,0
b097ef0536bef82c:0x330c5,4,90,13,0
b097ef0536bef82c:0x330c5,4,91,13,0
b097ef0536bef82c:0x330c5,4,92,13,0
b097ef0536bef82c:0x330c5,4,93,13,0
b097ef0536bef82c:0x330c5,4,94,13,0
b097ef0536bef82c:0x330c5,4,95,13,0
b097ef0536bef82c:0x330c5,4,96,13,0
b097ef0536bef82c:0x330c5,4,97,13,0
b097ef0536bef82c:0x330c5,4,98,13,0
b097ef0536bef82c:0x330c5,4,99,13,0
b097ef0536bef82c:0x330c5,4,99,14,0
b097ef0536bef82c:0x330c5,4,100,14,0
b097ef0536bef82c:0x330c5,4,101,14,0
b097ef0536bef82c:0x330c5,4,102,14,0
b097ef0536bef82c:0x330c5,4,103,14,0
b097ef0536bef82c:0x330c5,4,103,15,0
b097ef0536bef82c:0x330c5,4,104,15,0
b097ef0536bef82c:0x330c5,4,104,16,0
b097ef0536bef82c:0x330c5,4,105,16,0
b097ef0536bef82c:0x330c5,4,106,16,0
b097ef0536bef82c:0x33185,3,3,4,0
b097ef0536bef82c:0x33185,3,4,4,0
b097ef0536bef82c:0x33185,4,4,4,0
b097ef0536bef82c:0x31f3b,21,5,6,0
b097ef0536bef82c:0x31f3b,21,6,6,0
b097ef0536bef82c:0x31f3b,22,6,6,0
b097ef0536bef82c:0xafb3,42,1,0,0
b097ef0536bef82c:0xb355,41,2,0,0
b097ef0536bef82c:0x3344b,40,1,1,0
b097ef0536bef82c:0x307ff,38,2,0,0
b097ef0536bef82c:0x3b0b3,37,2,2,0
b097ef0536bef82c:0x3f2b3,36,12,6,0
b097ef0536bef82c:0x3bfcd,32,22,10,0
b097ef0536bef82c:0x375bb,30,12,6,0
b097ef0536bef82c:0x37686,30,4,4,0
b097ef0536bef82c:0x30b0f,28,5,5,0
b097ef0536bef82c:0x30cbd,5,3,0,0
b097ef0536bef82c:0x31466,0,1,0,0
b097ef0536bef82c:0x31466,1,1,0,0
b097ef0536bef82c:0x318e5,4,28,9,0
b097ef0536bef82c:0x318e5,4,29,9,0
b097ef0536bef82c:0x318e5,5,29,9,0
b097ef0536bef82c:0x318e5,5,30,9,0
b097ef0536bef82c:0x318e5,5,31,9,0
b097ef0536bef82c:0x318e5,5,32,9,0
b097ef0536bef82c:0x318e5,5,33,9,0
b097ef0536bef82c:0x318e5,5,34,9,0
b097ef0536bef82c:0x318e5,5,35,9,0
b097ef0536bef82c:0x318e5,5,36,9,0
b097ef0536bef82c:0x318e5,5,37,9,0
b097ef0536bef82c:0x318e5,5,38,9,0
b097ef0536bef82c:0x318e5,5,38,10,0
b097ef0536bef82c:0x318e5,5,39,10,0
b097ef0536bef82c:0x318e5,5,40,10,0
b097ef0536bef82c:0x318e5,5,41,10,0
b097ef0536bef82c:0x318e5,5,42,10,0
b097ef0536bef82c:0x318e5,5,43,10,0
b097ef0536bef82c:0x318e5,5,44,10,0
b097ef0536bef82c:0x318e5,5,44,11,0
b097ef0536bef82c:0x318e5,5,45,11,0
b097ef0536bef82c:0x318e5,5,46,11,0
b097ef0536bef82c:0x318e5,5,47,11,0
b097ef0536bef82c:0x318e5,5,48,11,0
b097ef0536bef82c:0x318e5,5,48,12,0
b097ef0536bef82c:0x318e5,5,49,12,0
b097ef0536bef82c:0x318e5,5,49,13,0
b097ef0536bef82c:0x318e5,5,50,13,0
b097ef0536bef82c:0x318e5,5,51,13,0
b097ef0536bef82c:0x31965,4,4,5,0
b097ef0536bef82c:0x31965,4,5,5,0
b097ef0536bef82c:0x31965,5,5,5,0
b097ef0536bef82c:0x319f3,24,5,6,0
b097ef0536bef82c:0x319f3,24,6,6,0
b097ef0536bef82c:0x319f3,25,6,6,0
b097ef0536bef82c:0x31f3b,22,6,7,0
b097ef0536bef82c:0x31f3b,22,7,7,0
b097ef0536bef82c:0x31f3b,23,7,7,0
b097ef0536bef82c:0x3a278,1,2,0,0
b097ef0536bef82c:0x3a278,2,2,0,0
b097ef0536bef82c:0xafb3,43,1,0,0
b097ef0536bef82c:0xb355,42,2,0,0
b097ef0536bef82c:0x3344b,41,1,1,0
b097ef0536bef82c:0x307ff,39,2,0,0
b097ef0536bef82c:0x3b0b3,38,2,2,0
b097ef0536bef82c:0x3f2b3,37,12,6,0
b097ef0536bef82c:0x3bfcd,33,22,10,0
b097ef0536bef82c:0x375bb,31,12,6,0
b097ef0536bef82c:0x37686,31,4,4,0
b097ef0536bef82c:0x30b0f,29,5,5,0
b097ef0536bef82c:0x319f3,26,6,6,0
b097ef0536bef82c:0x31f3b,24,7,7,0
b097ef0536bef82c:0x2e610,18,4,0,0
b097ef0536bef82c:0x30a23,7,2,0,0
b097ef0536bef82c:0x30a6b,6,2,0,0
b097ef0536bef82c:0x33eb5,5,1,1,0
b097ef0536bef82c:0x33ff7,5,0,2,0
b097ef0536bef82c:0x3403e,4,1,2,0
b097ef0536bef82c:0x3403e,4,2,2,0
b097ef0536bef82c:0x3403e,5,2,2,0
b097ef0536bef82c:0x3443f,3,31,11,0
b097ef0536bef82c:0x3443f,3,31,12,0
b097ef0536bef82c:0x3443f,4,31,12,0
b097ef0536bef82c:0x3443f,4,32,12,0
b097ef0536bef82c:0x3443f,5,32,12,0
b097ef0536bef82c:0x2fdd5,17,15,1,0
b097ef0536bef82c:0x2fdd5,18,15,1,0
b097ef0536bef82c:0xafb3,44,1,0,0
b097ef0536bef82c:0xb355,43,2,0,0
b097ef0536bef82c:0x3344b,42,1,1,0
b097ef0536bef82c:0x307ff,40,2,0,0
b097ef0536bef82c:0x3b0b3,39,2,2,0
b097ef0536bef82c:0x3f2b3,38,12,6,0
b097ef0536bef82c:0x3bfcd,34,22,10,0
b097ef0536bef82c:0x375bb,32,12,6,0
b097ef0536bef82c:0x37686,32,4,4,0
b097ef0536bef82c:0x30b0f,30,5,5,0
b097ef0536bef82c:0x319f3,27,6,6,0
b097ef0536bef82c:0x31f3b,25,7,7,0
b097ef0536bef82c:0x2e610,19,4,0,0
b097ef0536bef82c:0x30a23,8,2,0,0
b097ef0536bef82c:0x30a6b,7,2,0,0
b097ef0536bef82c:0x33eb5,6,1,1,0
b097ef0536bef82c:0x33ff7,6,0,2,0
b097ef0536bef82c:0x3403e,6,2,2,0
b097ef0536bef82c:0x34080,5,2,2,0
b097ef0536bef82c:0x3443f,6,32,12,0
b097ef0536bef82c:0x3443f,7,32,12,0
b097ef0536bef82c:0x2fdd5,19,15,1,0
b097ef0536bef82c:0xafb3,45,1,0,0
b097ef0536bef82c:0xb355,44,2,0,0
b097ef0536bef82c:0x3344b,43,1,1,0
b097ef0536bef82c:0x307ff,41,2,0,0
b097ef0536bef82c:0x3b0b3,40,2,2,0
b097ef0536bef82c:0x3f2b3,39,12,6,0
b097ef0536bef82c:0x3bfcd,35,22,10,0
b097ef0536bef82c:0x375bb,33,12,6,0
b097ef0536bef82c:0x37686,33,4,4,0
b097ef0536bef82c:0x3c1db,2,11,6,0
b097ef0536bef82c:0x3c1db,2,12,6,0
b097ef0536bef82c:0x3c1db,3,12,6,0
b097ef0536bef82c:0x36cfe,2,1,2,0
b097ef0536bef82c:0x36cfe,2,2,2,0
b097ef0536bef82c:0x36cfe,3,2,2,0
b097ef0536bef82c:0x36d48,2,1,2,0
b097ef0536bef82c:0x36d48,3,1,2,0
b097ef0536bef82c:0x36ed3,0,0,1,0
b097ef0536bef82c:0x36ed3,0,1,1,0
b097ef0536bef82c:0x36ed3,1,1,1,0
b097ef0536bef82c:0x36fdb,2,2,1,0
b097ef0536bef82c:0x36fdb,3,2,1,0
b097ef0536bef82c:0xafb3,46,1,0,0
b097ef0536bef82c:0xb355,45,2,0,0
b097ef0536bef82c:0x3344b,44,1,1,0
b097ef0536bef82c:0x307ff,42,2,0,0
b097ef0536bef82c:0x3b0b3,41,2,2,0
b097ef0536bef82c:0x3f2b3,40,12,6,0
b097ef0536bef82c:0x3bfcd,36,22,10,0
b097ef0536bef82c:0x375bb,34,12,6,0
b097ef0536bef82c:0x37686,34,4,4,0
b097ef0536bef82c:0x30b0f,31,5,5,0
b097ef0536bef82c:0x319f3,28,6,6,0
b097ef0536bef82c:0x31f3b,26,7,7,0
b097ef0536bef82c:0x2e610,20,4,0,0
b097ef0536bef82c:0x2e653,10,3,0,0
b097ef0536bef82c:0x2e697,10,39,12,0
b097ef0536bef82c:0x2e4e2,2,1,0,0
b097ef0536bef82c:0x36b15,0,0,1,0
b097ef0536bef82c:0x36b15,0,1,1,0
b097ef0536bef82c:0x36b15,1,1,1,0
b097ef0536bef82c:0x36bc4,0,1,0,0
b097ef0536bef82c:0x36bc4,1,1,0,0
b097ef0536bef82c:0x31b66,0,0,1,0
b097ef0536bef82c:0x31b66,0,1,1,0
b097ef0536bef82c:0x31b66,1,1,1,0
b097ef0536bef82c:0x2fdd5,19,15,2,0
b097ef0536bef82c:0x2fdd5,19,16,2,0
b097ef0536bef82c:0x2fdd5,20,16,2,0
b097ef0536bef82c:0xafb3,47,1,0,0
b097ef0536bef82c:0xb355,46,2,0,0
b097ef0536bef82c:0x3344b,45,1,1,0
b097ef0536bef82c:0x307ff,43,2,0,0
b097ef0536bef82c:0x3b0b3,42,2,2,0
b097ef0536bef82c:0x3f2b3,41,12,6,0
b097ef0536bef82c:0x3bfcd,37,22,10,0
b097ef0536bef82c:0x375bb,35,12,6,0
b097ef0536bef82c:0x37686,35,4,4,0
b097ef0536bef82c:0x30b0f,32,5,5,0
b097ef0536bef82c:0x319f3,29,6,6,0
b097ef0536bef82c:0x31f3b,27,7,7,0
b097ef0536bef82c:0x2e610,21,4,0,0
b097ef0536bef82c:0x30a23,9,2,0,0
b097ef0536bef82c:0x30a6b,8,2,0,0
b097ef0536bef82c:0x33eb5,7,1,1,0
b097ef0536bef82c:0x33ff7,7,0,2,0
b097ef0536bef82c:0x3403e,7,2,2,0
b097ef0536bef82c:0x34080,6,2,2,0
b097ef0536bef82c:0x3443f,8,32,12,0
b097ef0536bef82c:0x480e0,0,0,1,0
b097ef0536bef82c:0x480e0,0,1,1,0
b097ef0536bef82c:0x480e0,1,1,1,0
b097ef0536bef82c:0x480e0,1,2,1,0
b097ef0536bef82c:0x480e0,1,3,1,0
b097ef0536bef82c:0x480e0,1,3,2,0
b097ef0536bef82c:0x480e0,1,4,2,0
b097ef0536bef82c:0x480e0,1,4,3,0
b097ef0536bef82c:0x480e0,1,5,3,0
b097ef0536bef82c:0x480e0,1,6,3,0
b097ef0536bef82c:0x480e0,1,7,3,0
b097ef0536bef82c:0x480e0,1,8,3,0
b097ef0536bef82c:0x480e0,1,8,4,0
b097ef0536bef82c:0x480e0,1,9,4,0
b097ef0536bef82c:0x480e0,1,9,5,0
b097ef0536bef82c:0x480e0,1,10,5,0
b097ef0536bef82c:0x480e0,1,11,5,0
b097ef0536bef82c:0x48cdc,0,0,1,0
b097ef0536bef82c:0x48cdc,0,1,1,0
b097ef0536bef82c:0x48cdc,1,1,1,0
b097ef0536bef82c:0x48d75,0,0,1,0
b097ef0536bef82c:0x48d75,0,1,1,0
b097ef0536bef82c:0x48d75,1,1,1,0
b097ef0536bef82c:0x48d75,1,2,1,0
b097ef0536bef82c:0x48d75,1,3,1,0
b097ef0536bef82c:0x48d75,1,3,2,0
b097ef0536bef82c:0x48d75,1,4,2,0
b097ef0536bef82c:0x48d75,1,4,3,0
b097ef0536bef82c:0x48d75,1,5,3,0
b097ef0536bef82c:0x48d75,1,6,3,0
b097ef0536bef82c:0x48d75,1,7,3,0
b097ef0536bef82c:0x48d75,1,8,3,0
b097ef0536bef82c:0x48d75,1,8,4,0
b097ef0536bef82c:0x48d75,1,9,4,0
b097ef0536bef82c:0x48d75,1,9,5,0
b097ef0536bef82c:0x48d75,1,10,5,0
b097ef0536bef82c:0x48d75,1,11,5,0
b097ef0536bef82c:0x48e0c,0,0,1,0
b097ef0536bef82c:0x48e0c,0,1,1,0
b097ef0536bef82c:0x48e0c,1,1,1,0
b097ef0536bef82c:0x48e0c,1,2,1,0
b097ef0536bef82c:0x48e0c,1,3,1,0
b097ef0536bef82c:0x48e0c,1,3,2,0
b097ef0536bef82c:0x48e0c,1,4,2,0
b097ef0536bef82c:0x48e0c,1,4,3,0
b097ef0536bef82c:0x48e0c,1,5,3,0
b097ef0536bef82c:0x48e0c,1,6,3,0
b097ef0536bef82c:0x48e0c,1,7,3,0
b097ef0536bef82c:0x48e0c,1,8,3,0
b097ef0536bef82c:0x48e0c,1,8,4,0
b097ef0536bef82c:0x48e0c,1,9,4,0
b097ef0536bef82c:0x48e0c,1,9,5,0
b097ef0536bef82c:0x48e0c,1,10,5,0
b097ef0536bef82c:0x48e0c,1,11,5,0
b097ef0536bef82c:0x4942b,0,0,1,0
b097ef0536bef82c:0x4942b,0,1,1,0
b097ef0536bef82c:0x4942b,1,1,1,0
b097ef0536bef82c:0x4942b,1,2,1,0
b097ef0536bef82c:0x4942b,1,3,1,0
b097ef0536bef82c:0x4942b,1,3,2,0
b097ef0536bef82c:0x4942b,1,4,2,0
b097ef0536bef82c:0x4942b,1,4,3,0
b097ef0536bef82c:0x4942b,1,5,3,0
b097ef0536bef82c:0x4942b,1,6,3,0
b097ef0536bef82c:0x4942b,1,7,3,0
b097ef0536bef82c:0x4942b,1,8,3,0
b097ef0536bef82c:0x4942b,1,8,4,0
b097ef0536bef82c:0x4942b,1,9,4,0
b097ef0536bef82c:0x4942b,1,9,5,0
b097ef0536bef82c:0x4942b,1,10,5,0
b097ef0536bef82c:0x4942b,1,11,5,0
b097ef0536bef82c:0x4942b,1,12,5,0
b097ef0536bef82c:0x4942b,1,13,5,0
b097ef0536bef82c:0x4942b,1,13,6,0
b097ef0536bef82c:0x4942b,1,14,6,0
b097ef0536bef82c:0x4942b,1,14,7,0
b097ef0536bef82c:0x4942b,1,15,7,0
b097ef0536bef82c:0x4942b,1,16,7,0
b097ef0536bef82c:0x491b7,0,0,1,0
b097ef0536bef82c:0x491b7,0,1,1,0
b097ef0536bef82c:0x491b7,1,1,1,0
b097ef0536bef82c:0x49201,0,0,1,0
b097ef0536bef82c:0x49201,0,1,1,0
b097ef0536bef82c:0x49201,1,1,1,0
b097ef0536bef82c:0x492ba,0,0,1,0
b097ef0536bef82c:0x492ba,0,0,2,0
b097ef0536bef82c:0x492ba,1,0,2,0
b097ef0536bef82c:0x492ba,1,1,2,0
b097ef0536bef82c:0x492ba,1,2,2,0
b097ef0536bef82c:0x492ba,1,2,3,0
b097ef0536bef82c:0x492ba,1,3,3,0
b097ef0536bef82c:0x492ba,1,3,4,0
b097ef0536bef82c:0x492ba,1,4,4,0
b097ef0536bef82c:0x492ba,1,5,4,0
b097ef0536bef82c:0x4942b,1,16,8,0
b097ef0536bef82c:0x4942b,1,17,8,0
b097ef0536bef82c:0x4942b,2,17,8,0
b097ef0536bef82c:0x4942b,2,18,8,0
b097ef0536bef82c:0x4942b,2,19,8,0
b097ef0536bef82c:0x4942b,2,19,9,0
b097ef0536bef82c:0x4942b,2,20,9,0
b097ef0536bef82c:0x4942b,2,20,10,0
b097ef0536bef82c:0x4942b,2,21,10,0
b097ef0536bef82c:0x4942b,2,22,10,0
b097ef0536bef82c:0x4942b,2,23,10,0
b097ef0536bef82c:0x4942b,2,24,10,0
b097ef0536bef82c:0x4942b,2,24,11,0
b097ef0536bef82c:0x4942b,2,25,11,0
b097ef0536bef82c:0x4942b,2,25,12,0
b097ef0536bef82c:0x4942b,2,26,12,0
b097ef0536bef82c:0x4942b,2,27,12,0
b097ef0536bef82c:0x4942b,2,28,12,0
b097ef0536bef82c:0x4942b,2,29,12,0
b097ef0536bef82c:0x4942b,2,29,13,0
b097ef0536bef82c:0x4942b,2,30,13,0
b097ef0536bef82c:0x4942b,2,30,14,0
b097ef0536bef82c:0x4942b,2,31,14,0
b097ef0536bef82c:0x4942b,2,32,14,0
b097ef0536bef82c:0x491b7,1,1,2,0
b097ef0536bef82c:0x491b7,1,2,2,0
b097ef0536bef82c:0x491b7,2,2,2,0
b097ef0536bef82c:0x49201,1,1,2,0
b097ef0536bef82c:0x49201,1,1,3,0
b097ef0536bef82c:0x49201,2,1,3,0
b097ef0536bef82c:0x49244,0,0,1,0
b097ef0536bef82c:0x49244,0,1,1,0
b097ef0536bef82c:0x49244,1,1,1,0
b097ef0536bef82c:0x49244,1,1,2,0
b097ef0536bef82c:0x49244,1,2,2,0
b097ef0536bef82c:0x49244,2,2,2,0
b097ef0536bef82c:0x492ba,1,5,5,0
b097ef0536bef82c:0x492ba,1,6,5,0
b097ef0536bef82c:0x492ba,2,6,5,0
b097ef0536bef82c:0x492ba,2,7,5,0
b097ef0536bef82c:0x492ba,2,8,5,0
b097ef0536bef82c:0x492ba,2,8,6,0
b097ef0536bef82c:0x492ba,2,9,6,0
b097ef0536bef82c:0x492ba,2,9,7,0
b097ef0536bef82c:0x492ba,2,10,7,0
b097ef0536bef82c:0x492ba,2,11,7,0
b097ef0536bef82c:0x49393,0,0,1,0
b097ef0536bef82c:0x49393,0,1,1,0
b097ef0536bef82c:0x49393,1,1,1,0
b097ef0536bef82c:0x3bcb1,0,0,1,0
b097ef0536bef82c:0x3bcb1,0,0,2,0
b097ef0536bef82c:0x3bcb1,1,0,2,0
b097ef0536bef82c:0x33713,0,0,1,0
b097ef0536bef82c:0x33713,0,0,2,0
b097ef0536bef82c:0x33713,1,0,2,0
b097ef0536bef82c:0x33713,1,1,2,0
b097ef0536bef82c:0x33713,1,2,2,0
b097ef0536bef82c:0x33713,1,2,3,0
b097ef0536bef82c:0x33713,1,3,3,0
b097ef0536bef82c:0x33713,1,4,3,0
b097ef0536bef82c:0x33713,1,5,3,0
b097ef0536bef82c:0x33713,1,5,4,0
b097ef0536bef82c:0x33713,1,6,4,0
b097ef0536bef82c:0x33713,1,7,4,0
b097ef0536bef82c:0x33713,1,8,4,0
b097ef0536bef82c:0x33713,1,9,4,0
b097ef0536bef82c:0x33713,1,9,5,0
b097ef0536bef82c:0x33713,1,10,5,0
b097ef0536bef82c:0x33713,1,10,6,0
b097ef0536bef82c:0x33713,1,11,6,0
b097ef0536bef82c:0x33713,1,12,6,0
b097ef0536bef82c:0x33713,1,12,7,0
b097ef0536bef82c:0x33713,1,12,8,0
b097ef0536bef82c:0x33713,2,12,8,0
b097ef0536bef82c:0x33713,2,13,8,0
b097ef0536bef82c:0x33713,2,14,8,0
b097ef0536bef82c:0x33713,2,14,9,0
b097ef0536bef82c:0x33713,2,15,9,0
b097ef0536bef82c:0x33713,2,16,9,0
b097ef0536bef82c:0x33713,2,16,10,0
b097ef0536bef82c:0x33713,2,17,10,0
b097ef0536bef82c:0x33713,2,18,10,0
b097ef0536bef82c:0x33713,2,19,10,0
b097ef0536bef82c:0x33713,2,20,10,0
b097ef0536bef82c:0x33713,2,20,11,0
b097ef0536bef82c:0x33713,2,21,11,0
b097ef0536bef82c:0x33713,2,21,12,0
b097ef0536bef82c:0x33713,2,22,12,0
b097ef0536bef82c:0x33713,2,23,12,0
b097ef0536bef82c:0x33713,2,23,13,0
b097ef0536bef82c:0x33713,2,23,14,0
b097ef0536bef82c:0x33713,3,23,14,0
b097ef0536bef82c:0x33713,3,24,14,0
b097ef0536bef82c:0x33713,3,25,14,0
b097ef0536bef82c:0x33713,3,25,15,0
b097ef0536bef82c:0x33713,3,26,15,0
b097ef0536bef82c:0x33713,3,26,16,0
b097ef0536bef82c:0x33713,3,27,16,0
b097ef0536bef82c:0x33713,3,28,16,0
b097ef0536bef82c:0x33713,3,29,16,0
b097ef0536bef82c:0x33713,3,30,16,0
b097ef0536bef82c:0x33713,3,30,17,0
b097ef0536bef82c:0x33713,3,31,17,0
b097ef0536bef82c:0x33713,3,31,18,0
b097ef0536bef82c:0x33713,3,32,18,0
b097ef0536bef82c:0x33713,3,33,18,0
b097ef0536bef82c:0x33713,4,33,18,0
b097ef0536bef82c:0x33713,4,33,19,0
b097ef0536bef82c:0x33713,4,33,20,0
b097ef0536bef82c:0x33713,5,33,20,0
b097ef0536bef82c:0x33713,5,34,20,0
b097ef0536bef82c:0x33713,5,35,20,0
b097ef0536bef82c:0x33713,5,35,21,0
b097ef0536bef82c:0x33713,5,36,21,0
b097ef0536bef82c:0x33713,5,37,21,0
b097ef0536bef82c:0x33713,5,37,22,0
b097ef0536bef82c:0x33713,5,38,22,0
b097ef0536bef82c:0x33713,5,39,22,0
b097ef0536bef82c:0x33713,5,40,22,0
b097ef0536bef82c:0x33713,5,41,22,0
b097ef0536bef82c:0x33713,5,41,23,0
b097ef0536bef82c:0x33713,5,42,23,0
b097ef0536bef82c:0x33713,5,42,24,0
b097ef0536bef82c:0x33713,5,43,24,0
b097ef0536bef82c:0x33713,5,44,24,0
b097ef0536bef82c:0x33713,6,44,24,0
b097ef0536bef82c:0x33713,7,44,24,0
b097ef0536bef82c:0x33713,8,44,24,0
b097ef0536bef82c:0x33713,8,44,25,0
b097ef0536bef82c:0x33713,8,44,26,0
b097ef0536bef82c:0x33713,9,44,26,0
b097ef0536bef82c:0x33713,9,45,26,0
b097ef0536bef82c:0x33713,9,46,26,0
b097ef0536bef82c:0x33713,9,46,27,0
b097ef0536bef82c:0x33713,9,47,27,0
b097ef0536bef82c:0x33713,9,48,27,0
b097ef0536bef82c:0x33713,9,48,28,0
b097ef0536bef82c:0x33713,9,49,28,0
b097ef0536bef82c:0x33713,9,50,28,0
b097ef0536bef82c:0x33713,9,51,28,0
b097ef0536bef82c:0x33713,9,52,28,0
b097ef0536bef82c:0x33713,9,52,29,0
b097ef0536bef82c:0x33713,9,53,29,0
b097ef0536bef82c:0x33713,9,53,30,0
b097ef0536bef82c:0x33713,9,54,30,0
b097ef0536bef82c:0x33713,9,55,30,0
b097ef0536bef82c:0x33713,10,55,30,0
b097ef0536bef82c:0x33713,11,55,30,0
b097ef0536bef82c:0x33713,12,55,30,0
b097ef0536bef82c:0x3383b,0,0,1,0
b097ef0536bef82c:0x3383b,0,0,2,0
b097ef0536bef82c:0x3383b,1,0,2,0
b097ef0536bef82c:0x39821,0,0,1,0
b097ef0536bef82c:0x39821,0,1,1,0
b097ef0536bef82c:0x39821,1,1,1,0
b097ef0536bef82c:0x2fdd5,20,17,2,0
b097ef0536bef82c:0x2fdd5,21,17,2,0
b097ef0536bef82c:0xb7b2,0,0,1,0
b097ef0536bef82c:0xb7b2,0,0,2,0
b097ef0536bef82c:0xb7b2,1,0,2,0
b097ef0536bef82c:0xb7f3,0,0,1,0
b097ef0536bef82c:0xb7f3,0,0,2,0
b097ef0536bef82c:0xb7f3,1,0,2,0
b097ef0536bef82c:0xb837,0,0,1,0
b097ef0536bef82c:0xb837,0,0,2,0
b097ef0536bef82c:0xb837,1,0,2,0
b097ef0536bef82c:0xb8c3,0,0,1,0
b097ef0536bef82c:0xb8c3,0,0,2,0
b097ef0536bef82c:0xb8c3,1,0,2,0
b097ef0536bef82c:0xafb3,48,1,0,0
b097ef0536bef82c:0xb355,47,2,0,0
b097ef0536bef82c:0x3344b,46,1,1,0
b097ef0536bef82c:0x307ff,44,2,0,0
b097ef0536bef82c:0x3b0b3,43,2,2,0
b097ef0536bef82c:0x3f2b3,42,12,6,0
b097ef0536bef82c:0x3bfcd,38,22,10,0
b097ef0536bef82c:0x375bb,36,12,6,0
b097ef0536bef82c:0x37686,36,4,4,0
b097ef0536bef82c:0x30b0f,33,5,5,0
b097ef0536bef82c:0x319f3,30,6,6,0
b097ef0536bef82c:0x31f3b,28,7,7,0
b097ef0536bef82c:0x2e610,22,4,0,0
b097ef0536bef82c:0x30a23,10,2,0,0
b097ef0536bef82c:0x30a6b,9,2,0,0
b097ef0536bef82c:0x33eb5,8,1,1,0
b097ef0536bef82c:0x33ff7,8,0,2,0
b097ef0536bef82c:0x3403e,8,2,2,0
b097ef0536bef82c:0x34080,7,2,2,0
b097ef0536bef82c:0x3443f,9,32,12,0
b097ef0536bef82c:0x2fdd5,22,17,2,0
b097ef0536bef82c:0xafb3,49,1,0,0
b097ef0536bef82c:0xb355,48,2,0,0
b097ef0536bef82c:0x3344b,47,1,1,0
b097ef0536bef82c:0x307ff,45,2,0,0
b097ef0536bef82c:0x3b0b3,44,2,2,0
b097ef0536bef82c:0x3f2b3,43,12,6,0
b097ef0536bef82c:0x3bfcd,39,22,10,0
b097ef0536bef82c:0x375bb,37,12,6,0
b097ef0536bef82c:0x37686,37,4,4,0
b097ef0536bef82c:0x30b0f,34,5,5,0
b097ef0536bef82c:0x319f3,31,6,6,0
b097ef0536bef82c:0x31f3b,29,7,7,0
b097ef0536bef82c:0x2e610,23,4,0,0
b097ef0536bef82c:0x2e653,10,4,0,0
b097ef0536bef82c:0x2e653,11,4,0,0
b097ef0536bef82c:0x2fdd5,22,18,2,0
b097ef0536bef82c:0x2fdd5,23,18,2,0
b097ef0536bef82c:0xafb3,50,1,0,0
b097ef0536bef82c:0xb355,49,2,0,0
b097ef0536bef82c:0x3344b,48,1,1,0
b097ef0536bef82c:0x307ff,46,2,0,0
b097ef0536bef82c:0x3b0b3,45,2,2,0
b097ef0536bef82c:0x3f2b3,44,12,6,0
b097ef0536bef82c:0x3bfcd,40,22,10,0
b097ef0536bef82c:0x375bb,38,12,6,0
b097ef0536bef82c:0x37686,38,4,4,0
b097ef0536bef82c:0x30b0f,35,5,5,0
b097ef0536bef82c:0x319f3,32,6,6,0
b097ef0536bef82c:0x31f3b,30,7,7,0
b097ef0536bef82c:0x2e610,24,4,0,0
b097ef0536bef82c:0x2e653,12,4,0,0
b097ef0536bef82c:0x2e697,11,39,12,0
b097ef0536bef82c:0x2fcff,3,1,1,0
b097ef0536bef82c:0x5a17d,3,1,2,0
b097ef0536bef82c:0x2fdd5,24,18,2,0
b097ef0536bef82c:0xafb3,51,1,0,0
b097ef0536bef82c:0xb355,50,2,0,0
b097ef0536bef82c:0x3344b,49,1,1,0
b097ef0536bef82c:0x307ff,47,2,0,0
b097ef0536bef82c:0x3b0b3,46,2,2,0
b097ef0536bef82c:0x3f2b3,45,12,6,0
b097ef0536bef82c:0x3bfcd,41,22,10,0
b097ef0536bef82c:0x375bb,39,12,6,0
b097ef0536bef82c:0x37686,39,4,4,0
b097ef0536bef82c:0x30b0f,36,5,5,0
b097ef0536bef82c:0x319f3,33,6,6,0
b097ef0536bef82c:0x31f3b,31,7,7,0
b097ef0536bef82c:0x2e610,25,4,0,0
b097ef0536bef82c:0x30a23,11,2,0,0
b097ef0536bef82c:0x30a6b,10,2,0,0
b097ef0536bef82c:0x33eb5,9,1,1,0
b097ef0536bef82c:0x33ff7,9,0,2,0
b097ef0536bef82c:0x3403e,9,2,2,0
b097ef0536bef82c:0x34080,8,2,2,0
b097ef0536bef82c:0x3443f,10,32,12,0
b097ef0536bef82c:0x2fdd5,25,18,2,0
b097ef0536bef82c:0xafb3,52,1,0,0
b097ef0536bef82c:0xb355,51,2,0,0
b097ef0536bef82c:0x3344b,50,1,1,0
b097ef0536bef82c:0x307ff,48,2,0,0
b097ef0536bef82c:0x3b0b3,47,2,2,0
b097ef0536bef82c:0x3f2b3,46,12,6,0
b097ef0536bef82c:0x3bfcd,42,22,10,0
b097ef0536bef82c:0x375bb,40,12,6,0
b097ef0536bef82c:0x37686,40,4,4,0
b097ef0536bef82c:0x30b0f,37,5,5,0
b097ef0536bef82c:0x319f3,34,6,6,0
b097ef0536bef82c:0x31f3b,32,7,7,0
b097ef0536bef82c:0x2e610,26,4,0,0
b097ef0536bef82c:0x30a23,12,2,0,0
b097ef0536bef82c:0x30a6b,11,2,0,0
b097ef0536bef82c:0x33eb5,9,1,2,0
b097ef0536bef82c:0x33eb5,9,2,2,0
b097ef0536bef82c:0x33eb5,10,2,2,0
b097ef0536bef82c:0x3443f,10,32,13,0
b097ef0536bef82c:0x3443f,10,32,14,0
b097ef0536bef82c:0x3443f,11,32,14,0
b097ef0536bef82c:0x3443f,12,32,14,0
b097ef0536bef82c:0x3443f,12,33,14,0
b097ef0536bef82c:0x3443f,13,33,14,0
b097ef0536bef82c:0x3443f,13,34,14,0
b097ef0536bef82c:0x3443f,13,35,14,0
b097ef0536bef82c:0x3443f,13,35,15,0
b097ef0536bef82c:0x3443f,13,36,15,0
b097ef0536bef82c:0x3443f,13,36,16,0
b097ef0536bef82c:0x3443f,13,37,16,0
b097ef0536bef82c:0x3443f,13,38,16,0
b097ef0536bef82c:0x3443f,13,39,16,0
b097ef0536bef82c:0x3443f,13,40,16,0
b097ef0536bef82c:0x3443f,13,40,17,0
b097ef0536bef82c:0x3443f,13,41,17,0
b097ef0536bef82c:0x3443f,13,41,18,0
b097ef0536bef82c:0x3443f,13,42,18,0
b097ef0536bef82c:0x3443f,13,43,18,0
b097ef0536bef82c:0x3443f,13,44,18,0
b097ef0536bef82c:0x3443f,13,45,18,0
b097ef0536bef82c:0x3443f,13,45,19,0
b097ef0536bef82c:0x3443f,13,46,19,0
b097ef0536bef82c:0x3443f,13,47,19,0
b097ef0536bef82c:0x3443f,13,48,19,0
b097ef0536bef82c:0x3443f,13,49,19,0
b097ef0536bef82c:0x3443f,13,49,20,0
b097ef0536bef82c:0x3443f,13,50,20,0
b097ef0536bef82c:0x3443f,13,51,20,0
b097ef0536bef82c:0x3443f,13,52,20,0
b097ef0536bef82c:0x3443f,13,53,20,0
b097ef0536bef82c:0x3443f,13,53,21,0
b097ef0536bef82c:0x3443f,13,54,21,0
b097ef0536bef82c:0x3443f,13,55,21,0
b097ef0536bef82c:0x3443f,13,56,21,0
b097ef0536bef82c:0x3443f,13,57,21,0
b097ef0536bef82c:0x3443f,13,57,22,0
b097ef0536bef82c:0x3443f,13,58,22,0
b097ef0536bef82c:0x3443f,13,59,22,0
b097ef0536bef82c:0x3443f,13,60,22,0
b097ef0536bef82c:0x3443f,13,61,22,0
b097ef0536bef82c:0x3443f,13,61,23,0
b097ef0536bef82c:0x3443f,13,62,23,0
b097ef0536bef82c:0x3443f,13,63,23,0
b097ef0536bef82c:0x3443f,13,64,23,0
b097ef0536bef82c:0x3443f,13,65,23,0
b097ef0536bef82c:0x3443f,13,65,24,0
b097ef0536bef82c:0x3443f,13,66,24,0
b097ef0536bef82c:0x3443f,13,67,24,0
b097ef0536bef82c:0x3443f,13,68,24,0
b097ef0536bef82c:0x3443f,13,69,24,0
b097ef0536bef82c:0x3443f,13,69,25,0
b097ef0536bef82c:0x3443f,13,70,25,0
b097ef0536bef82c:0x3443f,13,71,25,0
b097ef0536bef82c:0x3443f,13,72,25,0
b097ef0536bef82c:0x3443f,13,73,25,0
b097ef0536bef82c:0x3443f,13,73,26,0
b097ef0536bef82c:0x3443f,13,74,26,0
b097ef0536bef82c:0x3443f,13,75,26,0
b097ef0536bef82c:0x3443f,13,76,26,0
b097ef0536bef82c:0x3443f,13,77,26,0
b097ef0536bef82c:0x3443f,13,77,27,0
b097ef0536bef82c:0x3443f,13,78,27,0
b097ef0536bef82c:0x3443f,13,79,27,0
b097ef0536bef82c:0x3443f,13,80,27,0
b097ef0536bef82c:0x3443f,13,81,27,0
b097ef0536bef82c:0x3443f,13,81,28,0
b097ef0536bef82c:0x3443f,13,82,28,0
b097ef0536bef82c:0x3443f,13,83,28,0
b097ef0536bef82c:0x3443f,13,84,28,0
b097ef0536bef82c:0x3443f,13,85,28,0
b097ef0536bef82c:0x3443f,13,85,29,0
b097ef0536bef82c:0x3443f,13,86,29,0
b097ef0536bef82c:0x3443f,13,87,29,0
b097ef0536bef82c:0x3443f,13,88,29,0
b097ef0536bef82c:0x3443f,13,89,29,0
b097ef0536bef82c:0x3443f,13,89,30,0
b097ef0536bef82c:0x3443f,13,90,30,0
b097ef0536bef82c:0x3443f,13,91,30,0
b097ef0536bef82c:0x3443f,13,92,30,0
b097ef0536bef82c:0x3443f,13,93,30,0
b097ef0536bef82c:0x3443f,13,93,31,0
b097ef0536bef82c:0x3443f,13,94,31,0
b097ef0536bef82c:0x3443f,13,95,31,0
b097ef0536bef82c:0x3443f,13,96,31,0
b097ef0536bef82c:0x3443f,13,97,31,0
b097ef0536bef82c:0x3443f,13,97,32,0
b097ef0536bef82c:0x3443f,13,98,32,0
b097ef0536bef82c:0x3443f,13,99,32,0
b097ef0536bef82c:0x2fdd5,25,19,2,0
b097ef0536bef82c:0x2fdd5,26,19,2,0
b097ef0536bef82c:0xafb3,53,1,0,0
b097ef0536bef82c:0xb355,52,2,0,0
b097ef0536bef82c:0x3344b,51,1,1,0
b097ef0536bef82c:0x307ff,49,2,0,0
b097ef0536bef82c:0x3b0b3,48,2,2,0
b097ef0536bef82c:0x3f2b3,47,12,6,0
b097ef0536bef82c:0x3bfcd,43,22,10,0
b097ef0536bef82c:0x375bb,41,12,6,0
b097ef0536bef82c:0x37686,41,4,4,0
b097ef0536bef82c:0x30b0f,38,5,5,0
b097ef0536bef82c:0x319f3,35,6,6,0
b097ef0536bef82c:0x31f3b,33,7,7,0
b097ef0536bef82c:0x2e610,27,4,0,0
b097ef0536bef82c:0x30a23,13,2,0,0
b097ef0536bef82c:0x30a6b,12,2,0,0
b097ef0536bef82c:0x33eb5,11,2,2,0
b097ef0536bef82c:0x33ff7,10,0,2,0
b097ef0536bef82c:0x3403e,10,2,2,0
b097ef0536bef82c:0x34080,9,2,2,0
b097ef0536bef82c:0x3443f,14,99,32,0
b097ef0536bef82c:0x2fdd5,27,19,2,0
b097ef0536bef82c:0xafb3,54,1,0,0
b097ef0536bef82c:0xb355,53,2,0,0
b097ef0536bef82c:0x3344b,52,1,1,0
b097ef0536bef82c:0x307ff,50,2,0,0
b097ef0536bef82c:0x3b0b3,49,2,2,0
b097ef0536bef82c:0x3f2b3,48,12,6,0
b097ef0536bef82c:0x3bfcd,44,22,10,0
b097ef0536bef82c:0x375bb,42,12,6,0
b097ef0536bef82c:0x37686,42,4,4,0
b097ef0536bef82c:0x30b0f,39,5,5,0
b097ef0536bef82c:0x319f3,36,6,6,0
b097ef0536bef82c:0x31f3b,34,7,7,0
b097ef0536bef82c:0x2e610,28,4,0,0
b097ef0536bef82c:0x30a23,14,2,0,0
b097ef0536bef82c:0x30a6b,13,2,0,0
b097ef0536bef82c:0x33eb5,12,2,2,0
b097ef0536bef82c:0x33ff7,11,0,2,0
b097ef0536bef82c:0x3403e,11,2,2,0
b097ef0536bef82c:0x34080,10,2,2,0
b097ef0536bef82c:0x3443f,15,99,32,0
b097ef0536bef82c:0x2fdd5,28,19,2,0
b097ef0536bef82c:0xafb3,55,1,0,0
b097ef0536bef82c:0xb355,54,2,0,0
b097ef0536bef82c:0x3344b,53,1,1,0
b097ef0536bef82c:0x307ff,51,2,0,0
b097ef0536bef82c:0x3b0b3,50,2,2,0
b097ef0536bef82c:0x3f2b3,49,12,6,0
b097ef0536bef82c:0x3bfcd,45,22,10,0
b097ef0536bef82c:0x375bb,43,12,6,0
b097ef0536bef82c:0x37686,43,4,4,0
b097ef0536bef82c:0x30b0f,40,5,5,0
b097ef0536bef82c:0x319f3,37,6,6,0
b097ef0536bef82c:0x31f3b,35,7,7,0
b097ef0536bef82c:0x2e610,29,4,0,0
b097ef0536bef82c:0x30a23,15,2,0,0
b097ef0536bef82c:0x30a6b,14,2,0,0
b097ef0536bef82c:0x33eb5,13,2,2,0
b097ef0536bef82c:0x33ff7,12,0,2,0
b097ef0536bef82c:0x3403e,12,2,2,0
b097ef0536bef82c:0x34080,11,2,2,0
b097ef0536bef82c:0x3443f,16,99,32,0
b097ef0536bef82c:0x2fdd5,29,19,2,0
b097ef0536bef82c:0xafb3,56,1,0,0
b097ef0536bef82c:0xb355,55,2,0,0
b097ef0536bef82c:0x3344b,54,1,1,0
b097ef0536bef82c:0x307ff,52,2,0,0
b097ef0536bef82c:0x3b0b3,51,2,2,0
b097ef0536bef82c:0x3f2b3,50,12,6,0
b097ef0536bef82c:0x3bfcd,46,22,10,0
b097ef0536bef82c:0x375bb,44,12,6,0
b097ef0536bef82c:0x37686,44,4,4,0
b097ef0536bef82c:0x30b0f,41,5,5,0
b097ef0536bef82c:0x319f3,38,6,6,0
b097ef0536bef82c:0x31f3b,36,7,7,0
b097ef0536bef82c:0x2e610,30,4,0,0
b097ef0536bef82c:0x2e653,13,4,0,0
b097ef0536bef82c:0x2e697,12,39,12,0
b097ef0536bef82c:0x2e4e2,3,1,0,0
b097ef0536bef82c:0x2fcff,3,1,2,0
b097ef0536bef82c:0x2fcff,3,2,2,0
b097ef0536bef82c:0x2fcff,4,2,2,0
b097ef0536bef82c:0x5a17d,3,2,2,0
b097ef0536bef82c:0x5a17d,4,2,2,0
b097ef0536bef82c:0x5a17d,4,2,3,0
b097ef0536bef82c:0x5a17d,4,2,4,0
b097ef0536bef82c:0x2fdd5,30,19,2,0
b097ef0536bef82c:0xafb3,57,1,0,0
b097ef0536bef82c:0xb355,56,2,0,0
b097ef0536bef82c:0x3344b,55,1,1,0
b097ef0536bef82c:0x307ff,53,2,0,0
b097ef0536bef82c:0x3b0b3,52,2,2,0
b097ef0536bef82c:0x3f2b3,51,12,6,0
b097ef0536bef82c:0x3bfcd,47,22,10,0
b097ef0536bef82c:0x375bb,45,12,6,0
b097ef0536bef82c:0x37686,45,4,4,0
b097ef0536bef82c:0x30b0f,42,5,5,0
b097ef0536bef82c:0x319f3,39,6,6,0
b097ef0536bef82c:0x31f3b,37,7,7,0
b097ef0536bef82c:0x2e610,31,4,0,0
b097ef0536bef82c:0x30a23,16,2,0,0
b097ef0536bef82c:0x30a6b,15,2,0,0
b097ef0536bef82c:0x33eb5,14,2,2,0
b097ef0536bef82c:0x33ff7,13,0,2,0
b097ef0536bef82c:0x3403e,13,2,2,0
b097ef0536bef82c:0x34080,12,2,2,0
b097ef0536bef82c:0x3443f,17,99,32,0
b097ef0536bef82c:0x3443f,17,100,32,0
b097ef0536bef82c:0x3443f,18,100,32,0
b097ef0536bef82c:0x3443f,18,101,32,0
b097ef0536bef82c:0x3443f,18,102,32,0
b097ef0536bef82c:0x3443f,18,102,33,0
b097ef0536bef82c:0x3443f,18,103,33,0
b097ef0536bef82c:0x3443f,18,103,34,0
b097ef0536bef82c:0x3443f,18,104,34,0
b097ef0536bef82c:0x3443f,18,105,34,0
b097ef0536bef82c:0x3443f,18,106,34,0
b097ef0536bef82c:0x3443f,18,107,34,0
b097ef0536bef82c:0x3443f,18,107,35,0
b097ef0536bef82c:0x3443f,18,108,35,0
b097ef0536bef82c:0x3443f,18,108,36,0
b097ef0536bef82c:0x3443f,18,109,36,0
b097ef0536bef82c:0x3443f,18,110,36,0
b097ef0536bef82c:0x3443f,18,111,36,0
b097ef0536bef82c:0x3443f,18,112,36,0
b097ef0536bef82c:0x3443f,18,112,37,0
b097ef0536bef82c:0x3443f,18,113,37,0
b097ef0536bef82c:0x3443f,18,114,37,0
b097ef0536bef82c:0x3443f,18,115,37,0
b097ef0536bef82c:0x3443f,18,116,37,0
b097ef0536bef82c:0x3443f,18,116,38,0
b097ef0536bef82c:0x3443f,18,117,38,0
b097ef0536bef82c:0x3443f,18,118,38,0
b097ef0536bef82c:0x3443f,18,119,38,0
b097ef0536bef82c:0x3443f,18,120,38,0
b097ef0536bef82c:0x3443f,18,120,39,0
b097ef0536bef82c:0x3443f,18,121,39,0
b097ef0536bef82c:0x3443f,18,122,39,0
b097ef0536bef82c:0x3443f,18,123,39,0
b097ef0536bef82c:0x3443f,18,124,39,0
b097ef0536bef82c:0x3443f,18,124,40,0
b097ef0536bef82c:0x3443f,18,125,40,0
b097ef0536bef82c:0x3443f,18,126,40,0
b097ef0536bef82c:0x3443f,18,127,40,0
b097ef0536bef82c:0x3443f,18,128,40,0
b097ef0536bef82c:0x3443f,18,128,41,0
b097ef0536bef82c:0x3443f,18,129,41,0
b097ef0536bef82c:0x3443f,18,130,41,0
b097ef0536bef82c:0x3443f,18,131,41,0
b097ef0536bef82c:0x3443f,18,132,41,0
b097ef0536bef82c:0x3443f,18,132,42,0
b097ef0536bef82c:0x3443f,18,133,42,0
b097ef0536bef82c:0x3443f,18,134,42,0
b097ef0536bef82c:0x3443f,18,135,42,0
b097ef0536bef82c:0x3443f,18,136,42,0
b097ef0536bef82c:0x3443f,18,136,43,0
b097ef0536bef82c:0x3443f,18,137,43,0
b097ef0536bef82c:0x3443f,18,138,43,0
b097ef0536bef82c:0x3443f,18,139,43,0
b097ef0536bef82c:0x3443f,18,140,43,0
b097ef0536bef82c:0x3443f,18,140,44,0
b097ef0536bef82c:0x3443f,18,141,44,0
b097ef0536bef82c:0x3443f,18,142,44,0
b097ef0536bef82c:0x3443f,18,143,44,0
b097ef0536bef82c:0x3443f,18,144,44,0
b097ef0536bef82c:0x3443f,18,144,45,0
b097ef0536bef82c:0x3443f,18,145,45,0
b097ef0536bef82c:0x3443f,18,146,45,0
b097ef0536bef82c:0x3443f,18,147,45,0
b097ef0536bef82c:0x3443f,18,148,45,0
b097ef0536bef82c:0x3443f,18,148,46,0
b097ef0536bef82c:0x3443f,18,149,46,0
b097ef0536bef82c:0x3443f,18,150,46,0
b097ef0536bef82c:0x2fdd5,31,19,2,0
b097ef0536bef82c:0xafb3,58,1,0,0
b097ef0536bef82c:0xb355,57,2,0,0
b097ef0536bef82c:0x3344b,56,1,1,0
b097ef0536bef82c:0x307ff,54,2,0,0
b097ef0536bef82c:0x3b0b3,53,2,2,0
b097ef0536bef82c:0x3f2b3,52,12,6,0
b097ef0536bef82c:0x3bfcd,48,22,10,0
b097ef0536bef82c:0x375bb,46,12,6,0
b097ef0536bef82c:0x37686,46,4,4,0
b097ef0536bef82c:0x30b0f,43,5,5,0
b097ef0536bef82c:0x319f3,40,6,6,0
b097ef0536bef82c:0x31f3b,38,7,7,0
b097ef0536bef82c:0x2e610,32,4,0,0
b097ef0536bef82c:0x30a23,17,2,0,0
b097ef0536bef82c:0x30a6b,16,2,0,0
b097ef0536bef82c:0x33eb5,15,2,2,0
b097ef0536bef82c:0x33ff7,14,0,2,0
b097ef0536bef82c:0x3403e,14,2,2,0
b097ef0536bef82c:0x34080,13,2,2,0
b097ef0536bef82c:0x3443f,19,150,46,0
b097ef0536bef82c:0x2fdd5,32,19,2,0
b097ef0536bef82c:0xafb3,59,1,0,0
b097ef0536bef82c:0xb355,58,2,0,0
b097ef0536bef82c:0x3344b,57,1,1,0
b097ef0536bef82c:0x307ff,55,2,0,0
b097ef0536bef82c:0x3b0b3,54,2,2,0
b097ef0536bef82c:0x3f2b3,53,12,6,0
b097ef0536bef82c:0x3bfcd,49,22,10,0
b097ef0536bef82c:0x375bb,47,12,6,0
b097ef0536bef82c:0x37686,47,4,4,0
b097ef0536bef82c:0x30b0f,44,5,5,0
b097ef0536bef82c:0x319f3,41,6,6,0
b097ef0536bef82c:0x31f3b,39,7,7,0
b097ef0536bef82c:0x2e610,33,4,0,0
b097ef0536bef82c:0x30a23,18,2,0,0
b097ef0536bef82c:0x30a6b,17,2,0,0
b097ef0536bef82c:0x33eb5,16,2,2,0
b097ef0536bef82c:0x33ff7,15,0,2,0
b097ef0536bef82c:0x3403e,15,2,2,0
b097ef0536bef82c:0x34080,14,2,2,0
b097ef0536bef82c:0x3443f,20,150,46,0
b097ef0536bef82c:0x3443f,21,150,46,0
b097ef0536bef82c:0x2fdd5,32,20,2,0
b097ef0536bef82c:0x2fdd5,33,20,2,0
b097ef0536bef82c:0xafb3,60,1,0,0
b097ef0536bef82c:0xb355,59,2,0,0
b097ef0536bef82c:0x3344b,58,1,1,0
b097ef0536bef82c:0x307ff,56,2,0,0
b097ef0536bef82c:0x3b0b3,55,2,2,0
b097ef0536bef82c:0x3f2b3,54,12,6,0
b097ef0536bef82c:0x3bfcd,50,22,10,0
b097ef0536bef82c:0x375bb,48,12,6,0
b097ef0536bef82c:0x37686,48,4,4,0
b097ef0536bef82c:0x30b0f,45,5,5,0
b097ef0536bef82c:0x319f3,42,6,6,0
b097ef0536bef82c:0x31f3b,40,7,7,0
b097ef0536bef82c:0x2e610,34,4,0,0
b097ef0536bef82c:0x30a23,19,2,0,0
b097ef0536bef82c:0x30a6b,18,2,0,0
b097ef0536bef82c:0x33eb5,17,2,2,0
b097ef0536bef82c:0x33ff7,16,0,2,0
b097ef0536bef82c:0x3403e,16,2,2,0
b097ef0536bef82c:0x34080,15,2,2,0
b097ef0536bef82c:0x3443f,22,150,46,0
b097ef0536bef82c:0x3443f,23,150,46,0
b097ef0536bef82c:0x2fdd5,34,20,2,0
b097ef0536bef82c:0xafb3,61,1,0,0
b097ef0536bef82c:0xb355,60,2,0,0
b097ef0536bef82c:0x3344b,59,1,1,0
b097ef0536bef82c:0x307ff,57,2,0,0
b097ef0536bef82c:0x3b0b3,56,2,2,0
b097ef0536bef82c:0x3f2b3,55,12,6,0
b097ef0536bef82c:0x3bfcd,51,22,10,0
b097ef0536bef82c:0x375bb,49,12,6,0
b097ef0536bef82c:0x37686,49,4,4,0
b097ef0536bef82c:0x30b0f,46,5,5,0
b097ef0536bef82c:0x319f3,43,6,6,0
b097ef0536bef82c:0x31f3b,41,7,7,0
b097ef0536bef82c:0x2e610,35,4,0,0
b097ef0536bef82c:0x30a23,20,2,0,0
b097ef0536bef82c:0x30a6b,19,2,0,0
b097ef0536bef82c:0x33eb5,18,2,2,0
b097ef0536bef82c:0x33ff7,17,0,2,0
b097ef0536bef82c:0x3403e,17,2,2,0
b097ef0536bef82c:0x34080,16,2,2,0
b097ef0536bef82c:0x3443f,24,150,46,0
b097ef0536bef82c:0x3443f,25,150,46,0
b097ef0536bef82c:0x2fdd5,35,20,2,0
b097ef0536bef82c:0xafb3,62,1,0,0
b097ef0536bef82c:0xb355,61,2,0,0
b097ef0536bef82c:0x3344b,60,1,1,0
b097ef0536bef82c:0x307ff,58,2,0,0
b097ef0536bef82c:0x3b0b3,57,2,2,0
b097ef0536bef82c:0x3f2b3,56,12,6,0
b097ef0536bef82c:0x3bfcd,52,22,10,0
b097ef0536bef82c:0x375bb,50,12,6,0
b097ef0536bef82c:0x37686,50,4,4,0
b097ef0536bef82c:0x30b0f,47,5,5,0
b097ef0536bef82c:0x319f3,44,6,6,0
b097ef0536bef82c:0x31f3b,42,7,7,0
b097ef0536bef82c:0x2e610,36,4,0,0
b097ef0536bef82c:0x2e653,14,4,0,0
b097ef0536bef82c:0x2e697,13,39,12,0
b097ef0536bef82c:0x3747d,0,1,0,0
b097ef0536bef82c:0x3747d,1,1,0,0
b097ef0536bef82c:0x2fdd5,35,21,2,0
b097ef0536bef82c:0x2fdd5,36,21,2,0
b097ef0536bef82c:0xafb3,63,1,0,0
b097ef0536bef82c:0xb355,62,2,0,0
b097ef0536bef82c:0x3344b,61,1,1,0
b097ef0536bef82c:0x307ff,59,2,0,0
b097ef0536bef82c:0x3b0b3,58,2,2,0
b097ef0536bef82c:0x3f2b3,57,12,6,0
b097ef0536bef82c:0x3bfcd,53,22,10,0
b097ef0536bef82c:0x375bb,51,12,6,0
b097ef0536bef82c:0x37686,51,4,4,0
b097ef0536bef82c:0x30b0f,48,5,5,0
b097ef0536bef82c:0x319f3,45,6,6,0
b097ef0536bef82c:0x31f3b,43,7,7,0
b097ef0536bef82c:0x2e610,37,4,0,0
b097ef0536bef82c:0x30a23,21,2,0,0
b097ef0536bef82c:0x30a6b,20,2,0,0
b097ef0536bef82c:0x33eb5,19,2,2,0
b097ef0536bef82c:0x33ff7,18,0,2,0
b097ef0536bef82c:0x3403e,18,2,2,0
b097ef0536bef82c:0x34080,17,2,2,0
b097ef0536bef82c:0x3443f,26,150,46,0
b097ef0536bef82c:0x2fdd5,37,21,2,0
b097ef0536bef82c:0xafb3,64,1,0,0
b097ef0536bef82c:0xb355,63,2,0,0
b097ef0536bef82c:0x3344b,62,1,1,0
b097ef0536bef82c:0x307ff,60,2,0,0
b097ef0536bef82c:0x3b0b3,59,2,2,0
b097ef0536bef82c:0x3f2b3,58,12,6,0
b097ef0536bef82c:0x3bfcd,54,22,10,0
b097ef0536bef82c:0x375bb,52,12,6,0
b097ef0536bef82c:0x37686,52,4,4,0
b097ef0536bef82c:0x30b0f,49,5,5,0
b097ef0536bef82c:0x319f3,46,6,6,0
b097ef0536bef82c:0x31f3b,44,7,7,0
b097ef0536bef82c:0x2e610,38,4,0,0
b097ef0536bef82c:0x2e653,15,4,0,0
b097ef0536bef82c:0x2e697,14,39,12,0
b097ef0536bef82c:0x2e4e2,4,1,0,0
b097ef0536bef82c:0x36b15,2,1,1,0
b097ef0536bef82c:0x36bc4,2,1,0,0
b097ef0536bef82c:0x31b66,2,1,1,0
b097ef0536bef82c:0x2fdd5,38,21,2,0
b097ef0536bef82c:0xafb3,65,1,0,0
b097ef0536bef82c:0xb355,64,2,0,0
b097ef0536bef82c:0x3344b,63,1,1,0
b097ef0536bef82c:0x307ff,61,2,0,0
b097ef0536bef82c:0x3b0b3,60,2,2,0
b097ef0536bef82c:0x3f2b3,59,12,6,0
b097ef0536bef82c:0x3bfcd,55,22,10,0
b097ef0536bef82c:0x375bb,53,12,6,0
b097ef0536bef82c:0x37686,53,4,4,0
b097ef0536bef82c:0x30b0f,50,5,5,0
b097ef0536bef82c:0x319f3,47,6,6,0
b097ef0536bef82c:0x31f3b,45,7,7,0
b097ef0536bef82c:0x2e610,39,4,0,0
b097ef0536bef82c:0x2e653,16,4,0,0
b097ef0536bef82c:0x2e697,15,39,12,0
b097ef0536bef82c:0x2e894,0,0,1,0
b097ef0536bef82c:0x2e894,0,0,2,0
b097ef0536bef82c:0x2e894,1,0,2,0
b097ef0536bef82c:0x38053,0,0,1,0
b097ef0536bef82c:0x38053,0,0,2,0
b097ef0536bef82c:0x38053,1,0,2,0
b097ef0536bef82c:0x380e5,0,0,1,0
b097ef0536bef82c:0x380e5,0,0,2,0
b097ef0536bef82c:0x380e5,1,0,2,0
b097ef0536bef82c:0x380ec,0,0,1,0
b097ef0536bef82c:0x380ec,0,0,2,0
b097ef0536bef82c:0x380ec,1,0,2,0
b097ef0536bef82c:0x380ec,1,1,2,0
b097ef0536bef82c:0x380ec,1,2,2,0
b097ef0536bef82c:0x380ec,1,3,2,0
b097ef0536bef82c:0x380ec,1,4,2,0
b097ef0536bef82c:0x380ec,1,4,3,0
b097ef0536bef82c:0x380ec,1,5,3,0
b097ef0536bef82c:0x380ec,1,5,4,0
b097ef0536bef82c:0x380ec,1,6,4,0
b097ef0536bef82c:0x380ec,1,7,4,0
b097ef0536bef82c:0x38146,0,0,1,0
b097ef0536bef82c:0x38146,0,0,2,0
b097ef0536bef82c:0x38146,1,0,2,0
b097ef0536bef82c:0x38146,1,1,2,0
b097ef0536bef82c:0x38146,1,2,2,0
b097ef0536bef82c:0x38146,1,2,3,0
b097ef0536bef82c:0x38146,1,3,3,0
b097ef0536bef82c:0x38146,1,3,4,0
b097ef0536bef82c:0x38146,1,4,4,0
b097ef0536bef82c:0x38146,1,5,4,0
b097ef0536bef82c:0x3819b,0,0,1,0
b097ef0536bef82c:0x3819b,0,0,2,0
b097ef0536bef82c:0x3819b,1,0,2,0
b097ef0536bef82c:0x3819b,1,1,2,0
b097ef0536bef82c:0x3819b,1,2,2,0
b097ef0536bef82c:0x3819b,1,2,3,0
b097ef0536bef82c:0x3819b,1,3,3,0
b097ef0536bef82c:0x3819b,1,3,4,0
b097ef0536bef82c:0x3819b,1,4,4,0
b097ef0536bef82c:0x3819b,1,5,4,0
b097ef0536bef82c:0x381f4,0,0,1,0
b097ef0536bef82c:0x381f4,0,0,2,0
b097ef0536bef82c:0x381f4,1,0,2,0
b097ef0536bef82c:0x381f4,1,1,2,0
b097ef0536bef82c:0x381f4,1,2,2,0
b097ef0536bef82c:0x381f4,1,2,3,0
b097ef0536bef82c:0x381f4,1,3,3,0
b097ef0536bef82c:0x381f4,1,3,4,0
b097ef0536bef82c:0x381f4,1,4,4,0
b097ef0536bef82c:0x381f4,1,5,4,0
b097ef0536bef82c:0x3824b,0,0,1,0
b097ef0536bef82c:0x3824b,0,0,2,0
b097ef0536bef82c:0x3824b,1,0,2,0
b097ef0536bef82c:0x3824b,1,1,2,0
b097ef0536bef82c:0x3824b,1,2,2,0
b097ef0536bef82c:0x3824b,1,2,3,0
b097ef0536bef82c:0x3824b,1,3,3,0
b097ef0536bef82c:0x3824b,1,3,4,0
b097ef0536bef82c:0x3824b,1,4,4,0
b097ef0536bef82c:0x3824b,1,5,4,0
b097ef0536bef82c:0x382a3,0,0,1,0
b097ef0536bef82c:0x382a3,0,1,1,0
b097ef0536bef82c:0x382a3,1,1,1,0
b097ef0536bef82c:0x382a3,1,2,1,0
b097ef0536bef82c:0x382a3,1,3,1,0
b097ef0536bef82c:0x382a3,1,3,2,0
b097ef0536bef82c:0x382a3,1,4,2,0
b097ef0536bef82c:0x382a3,1,4,3,0
b097ef0536bef82c:0x382a3,1,5,3,0
b097ef0536bef82c:0x382a3,1,6,3,0
b097ef0536bef82c:0x382fc,0,0,1,0
b097ef0536bef82c:0x382fc,0,1,1,0
b097ef0536bef82c:0x382fc,1,1,1,0
b097ef0536bef82c:0x382fc,1,2,1,0
b097ef0536bef82c:0x382fc,1,3,1,0
b097ef0536bef82c:0x382fc,1,3,2,0
b097ef0536bef82c:0x382fc,1,4,2,0
b097ef0536bef82c:0x382fc,1,4,3,0
b097ef0536bef82c:0x382fc,1,5,3,0
b097ef0536bef82c:0x382fc,1,6,3,0
b097ef0536bef82c:0x38353,0,0,1,0
b097ef0536bef82c:0x38353,0,1,1,0
b097ef0536bef82c:0x38353,1,1,1,0
b097ef0536bef82c:0x38353,1,2,1,0
b097ef0536bef82c:0x38353,1,3,1,0
b097ef0536bef82c:0x38353,1,3,2,0
b097ef0536bef82c:0x38353,1,4,2,0
b097ef0536bef82c:0x38353,1,4,3,0
b097ef0536bef82c:0x38353,1,5,3,0
b097ef0536bef82c:0x38353,1,6,3,0
b097ef0536bef82c:0x383ab,0,0,1,0
b097ef0536bef82c:0x383ab,0,1,1,0
b097ef0536bef82c:0x383ab,1,1,1,0
b097ef0536bef82c:0x383ab,1,2,1,0
b097ef0536bef82c:0x383ab,1,3,1,0
b097ef0536bef82c:0x383ab,1,3,2,0
b097ef0536bef82c:0x383ab,1,4,2,0
b097ef0536bef82c:0x383ab,1,4,3,0
b097ef0536bef82c:0x383ab,1,5,3,0
b097ef0536bef82c:0x383ab,1,6,3,0
b097ef0536bef82c:0x38404,0,0,1,0
b097ef0536bef82c:0x38404,0,1,1,0
b097ef0536bef82c:0x38404,1,1,1,0
b097ef0536bef82c:0x38404,1,2,1,0
b097ef0536bef82c:0x38404,1,3,1,0
b097ef0536bef82c:0x38404,1,3,2,0
b097ef0536bef82c:0x38404,1,4,2,0
b097ef0536bef82c:0x38404,1,4,3,0
b097ef0536bef82c:0x38404,1,5,3,0
b097ef0536bef82c:0x38404,1,6,3,0
b097ef0536bef82c:0x3845b,0,0,1,0
b097ef0536bef82c:0x3845b,0,1,1,0
b097ef0536bef82c:0x3845b,1,1,1,0
b097ef0536bef82c:0x3845b,1,2,1,0
b097ef0536bef82c:0x3845b,1,3,1,0
b097ef0536bef82c:0x3845b,1,3,2,0
b097ef0536bef82c:0x3845b,1,4,2,0
b097ef0536bef82c:0x3845b,1,4,3,0
b097ef0536bef82c:0x3845b,1,5,3,0
b097ef0536bef82c:0x3845b,1,6,3,0
b097ef0536bef82c:0x384b3,0,0,1,0
b097ef0536bef82c:0x384b3,0,1,1,0
b097ef0536bef82c:0x384b3,1,1,1,0
b097ef0536bef82c:0x384b3,1,2,1,0
b097ef0536bef82c:0x384b3,1,3,1,0
b097ef0536bef82c:0x384b3,1,3,2,0
b097ef0536bef82c:0x384b3,1,4,2,0
b097ef0536bef82c:0x384b3,1,4,3,0
b097ef0536bef82c:0x384b3,1,5,3,0
b097ef0536bef82c:0x384b3,1,6,3,0
b097ef0536bef82c:0x3850c,0,0,1,0
b097ef0536bef82c:0x3850c,0,1,1,0
b097ef0536bef82c:0x3850c,1,1,1,0
b097ef0536bef82c:0x3866e,0,0,1,0
b097ef0536bef82c:0x3866e,0,0,2,0
b097ef0536bef82c:0x3866e,1,0,2,0
b097ef0536bef82c:0x3866e,1,1,2,0
b097ef0536bef82c:0x3866e,1,2,2,0
b097ef0536bef82c:0x3866e,1,2,3,0
b097ef0536bef82c:0x3866e,1,3,3,0
b097ef0536bef82c:0x3866e,1,3,4,0
b097ef0536bef82c:0x3866e,1,4,4,0
b097ef0536bef82c:0x3866e,1,5,4,0
b097ef0536bef82c:0x3866e,1,6,4,0
b097ef0536bef82c:0x3866e,1,7,4,0
b097ef0536bef82c:0x3866e,1,7,5,0
b097ef0536bef82c:0x3866e,1,8,5,0
b097ef0536bef82c:0x3866e,1,8,6,0
b097ef0536bef82c:0x3866e,1,9,6,0
b097ef0536bef82c:0x3866e,1,10,6,0
b097ef0536bef82c:0x386d4,0,0,1,0
b097ef0536bef82c:0x386d4,0,0,2,0
b097ef0536bef82c:0x386d4,1,0,2,0
b097ef0536bef82c:0x38716,0,0,1,0
b097ef0536bef82c:0x38716,0,0,2,0
b097ef0536bef82c:0x38716,1,0,2,0
b097ef0536bef82c:0x38757,0,0,1,0
b097ef0536bef82c:0x38757,0,0,2,0
b097ef0536bef82c:0x38757,1,0,2,0
b097ef0536bef82c:0x3879b,0,0,1,0
b097ef0536bef82c:0x3879b,0,0,2,0
b097ef0536bef82c:0x3879b,1,0,2,0
b097ef0536bef82c:0x387df,0,0,1,0
b097ef0536bef82c:0x387df,0,0,2,0
b097ef0536bef82c:0x387df,1,0,2,0
b097ef0536bef82c:0x38823,0,0,1,0
b097ef0536bef82c:0x38823,0,0,2,0
b097ef0536bef82c:0x38823,1,0,2,0
b097ef0536bef82c:0x38867,0,0,1,0
b097ef0536bef82c:0x38867,0,0,2,0
b097ef0536bef82c:0x38867,1,0,2,0
b097ef0536bef82c:0x388ab,0,0,1,0
b097ef0536bef82c:0x388ab,0,0,2,0
b097ef0536bef82c:0x388ab,1,0,2,0
b097ef0536bef82c:0x388ab,1,1,2,0
b097ef0536bef82c:0x388ab,1,2,2,0
b097ef0536bef82c:0x388ab,1,2,3,0
b097ef0536bef82c:0x388ab,1,3,3,0
b097ef0536bef82c:0x388ab,1,3,4,0
b097ef0536bef82c:0x388ab,1,4,4,0
b097ef0536bef82c:0x388ab,1,5,4,0
b097ef0536bef82c:0x388ab,1,6,4,0
b097ef0536bef82c:0x388ab,1,7,4,0
b097ef0536bef82c:0x388ab,1,7,5,0
b097ef0536bef82c:0x388ab,1,8,5,0
b097ef0536bef82c:0x388ab,1,8,6,0
b097ef0536bef82c:0x388ab,1,9,6,0
b097ef0536bef82c:0x388ab,1,10,6,0
b097ef0536bef82c:0x388ab,1,11,6,0
b097ef0536bef82c:0x388ab,1,12,6,0
b097ef0536bef82c:0x388ab,1,12,7,0
b097ef0536bef82c:0x388ab,1,13,7,0
b097ef0536bef82c:0x388ab,1,13,8,0
b097ef0536bef82c:0x388ab,1,14,8,0
b097ef0536bef82c:0x388ab,1,15,8,0
b097ef0536bef82c:0x388ab,1,16,8,0
b097ef0536bef82c:0x388ab,1,17,8,0
b097ef0536bef82c:0x388ab,1,17,9,0
b097ef0536bef82c:0x388ab,1,18,9,0
b097ef0536bef82c:0x388ab,1,18,10,0
b097ef0536bef82c:0x388ab,1,19,10,0
b097ef0536bef82c:0x388ab,1,20,10,0
b097ef0536bef82c:0x388ab,1,21,10,0
b097ef0536bef82c:0x388ab,1,22,10,0
b097ef0536bef82c:0x388ab,1,22,11,0
b097ef0536bef82c:0x388ab,1,23,11,0
b097ef0536bef82c:0x388ab,1,23,12,0
b097ef0536bef82c:0x388ab,1,24,12,0
b097ef0536bef82c:0x388ab,1,25,12,0
b097ef0536bef82c:0x388ab,1,26,12,0
b097ef0536bef82c:0x388ab,1,27,12,0
b097ef0536bef82c:0x388ab,1,27,13,0
b097ef0536bef82c:0x388ab,1,28,13,0
b097ef0536bef82c:0x388ab,1,28,14,0
b097ef0536bef82c:0x388ab,1,29,14,0
b097ef0536bef82c:0x388ab,1,30,14,0
b097ef0536bef82c:0x388ab,1,31,14,0
b097ef0536bef82c:0x388ab,1,32,14,0
b097ef0536bef82c:0x388ab,1,32,15,0
b097ef0536bef82c:0x388ab,1,33,15,0
b097ef0536bef82c:0x388ab,1,33,16,0
b097ef0536bef82c:0x388ab,1,34,16,0
b097ef0536bef82c:0x388ab,1,35,16,0
b097ef0536bef82c:0x388ab,1,36,16,0
b097ef0536bef82c:0x388ab,1,37,16,0
b097ef0536bef82c:0x388ab,1,37,17,0
b097ef0536bef82c:0x388ab,1,38,17,0
b097ef0536bef82c:0x388ab,1,38,18,0
b097ef0536bef82c:0x388ab,1,39,18,0
b097ef0536bef82c:0x388ab,1,40,18,0
b097ef0536bef82c:0x388ab,1,41,18,0
b097ef0536bef82c:0x388ab,1,42,18,0
b097ef0536bef82c:0x388ab,1,42,19,0
b097ef0536bef82c:0x388ab,1,43,19,0
b097ef0536bef82c:0x388ab,1,43,20,0
b097ef0536bef82c:0x388ab,1,44,20,0
b097ef0536bef82c:0x388ab,1,45,20,0
b097ef0536bef82c:0x388ab,1,46,20,0
b097ef0536bef82c:0x388ab,1,47,20,0
b097ef0536bef82c:0x388ab,1,47,21,0
b097ef0536bef82c:0x388ab,1,48,21,0
b097ef0536bef82c:0x388ab,1,48,22,0
b097ef0536bef82c:0x388ab,1,49,22,0
b097ef0536bef82c:0x388ab,1,50,22,0
b097ef0536bef82c:0x388ab,1,51,22,0
b097ef0536bef82c:0x388ab,1,52,22,0
b097ef0536bef82c:0x388ab,1,52,23,0
b097ef0536bef82c:0x388ab,1,53,23,0
b097ef0536bef82c:0x388ab,1,53,24,0
b097ef0536bef82c:0x388ab,1,54,24,0
b097ef0536bef82c:0x388ab,1,55,24,0
b097ef0536bef82c:0x388ab,1,56,24,0
b097ef0536bef82c:0x388ab,1,57,24,0
b097ef0536bef82c:0x388ab,1,57,25,0
b097ef0536bef82c:0x388ab,1,58,25,0
b097ef0536bef82c:0x388ab,1,58,26,0
b097ef0536bef82c:0x388ab,1,59,26,0
b097ef0536bef82c:0x388ab,1,60,26,0
b097ef0536bef82c:0x38acd,0,0,1,0
b097ef0536bef82c:0x38acd,0,0,2,0
b097ef0536bef82c:0x38acd,1,0,2,0
b097ef0536bef82c:0x38acd,1,1,2,0
b097ef0536bef82c:0x38acd,1,2,2,0
b097ef0536bef82c:0x38acd,1,2,3,0
b097ef0536bef82c:0x38acd,1,3,3,0
b097ef0536bef82c:0x38acd,1,3,4,0
b097ef0536bef82c:0x38acd,1,4,4,0
b097ef0536bef82c:0x38acd,1,5,4,0
b097ef0536bef82c:0x38acd,1,6,4,0
b097ef0536bef82c:0x38acd,1,7,4,0
b097ef0536bef82c:0x38acd,1,7,5,0
b097ef0536bef82c:0x38acd,1,8,5,0
b097ef0536bef82c:0x38acd,1,8,6,0
b097ef0536bef82c:0x38acd,1,9,6,0
b097ef0536bef82c:0x38acd,1,10,6,0
b097ef0536bef82c:0x38acd,1,11,6,0
b097ef0536bef82c:0x38acd,1,12,6,0
b097ef0536bef82c:0x38acd,1,12,7,0
b097ef0536bef82c:0x38acd,1,13,7,0
b097ef0536bef82c:0x38acd,1,13,8,0
b097ef0536bef82c:0x38acd,1,14,8,0
b097ef0536bef82c:0x38acd,1,15,8,0
b097ef0536bef82c:0x38acd,1,16,8,0
b097ef0536bef82c:0x38acd,1,17,8,0
b097ef0536bef82c:0x38acd,1,17,9,0
b097ef0536bef82c:0x38acd,1,18,9,0
b097ef0536bef82c:0x38acd,1,18,10,0
b097ef0536bef82c:0x38acd,1,19,10,0
b097ef0536bef82c:0x38acd,1,20,10,0
b097ef0536bef82c:0x38acd,1,21,10,0
b097ef0536bef82c:0x38acd,1,22,10,0
b097ef0536bef82c:0x38acd,1,22,11,0
b097ef0536bef82c:0x38acd,1,23,11,0
b097ef0536bef82c:0x38acd,1,23,12,0
b097ef0536bef82c:0x38acd,1,24,12,0
b097ef0536bef82c:0x38acd,1,25,12,0
b097ef0536bef82c:0x38acd,1,26,12,0
b097ef0536bef82c:0x38acd,1,27,12,0
b097ef0536bef82c:0x38acd,1,27,13,0
b097ef0536bef82c:0x38acd,1,28,13,0
b097ef0536bef82c:0x38acd,1,28,14,0
b097ef0536bef82c:0x38acd,1,29,14,0
b097ef0536bef82c:0x38acd,1,30,14,0
b097ef0536bef82c:0x38acd,1,31,14,0
b097ef0536bef82c:0x38acd,1,32,14,0
b097ef0536bef82c:0x38acd,1,32,15,0
b097ef0536bef82c:0x38acd,1,33,15,0
b097ef0536bef82c:0x38acd,1,33,16,0
b097ef0536bef82c:0x38acd,1,34,16,0
b097ef0536bef82c:0x38acd,1,35,16,0
b097ef0536bef82c:0x38acd,1,36,16,0
b097ef0536bef82c:0x38acd,1,37,16,0
b097ef0536bef82c:0x38acd,1,37,17,0
b097ef0536bef82c:0x38acd,1,38,17,0
b097ef0536bef82c:0x38acd,1,38,18,0
b097ef0536bef82c:0x38acd,1,39,18,0
b097ef0536bef82c:0x38acd,1,40,18,0
b097ef0536bef82c:0x38acd,1,41,18,0
b097ef0536bef82c:0x38acd,1,42,18,0
b097ef0536bef82c:0x38acd,1,42,19,0
b097ef0536bef82c:0x38acd,1,43,19,0
b097ef0536bef82c:0x38acd,1,43,20,0
b097ef0536bef82c:0x38acd,1,44,20,0
b097ef0536bef82c:0x38acd,1,45,20,0
b097ef0536bef82c:0x38acd,1,46,20,0
b097ef0536bef82c:0x38acd,1,47,20,0
b097ef0536bef82c:0x38acd,1,47,21,0
b097ef0536bef82c:0x38acd,1,48,21,0
b097ef0536bef82c:0x38acd,1,48,22,0
b097ef0536bef82c:0x38acd,1,49,22,0
b097ef0536bef82c:0x38acd,1,50,22,0
b097ef0536bef82c:0x38acd,1,51,22,0
b097ef0536bef82c:0x38acd,1,52,22,0
b097ef0536bef82c:0x38acd,1,52,23,0
b097ef0536bef82c:0x38acd,1,53,23,0
b097ef0536bef82c:0x38acd,1,53,24,0
b097ef0536bef82c:0x38acd,1,54,24,0
b097ef0536bef82c:0x38acd,1,55,24,0
b097ef0536bef82c:0x38acd,1,56,24,0
b097ef0536bef82c:0x38acd,1,57,24,0
b097ef0536bef82c:0x38acd,1,57,25,0
b097ef0536bef82c:0x38acd,1,58,25,0
b097ef0536bef82c:0x38acd,1,58,26,0
b097ef0536bef82c:0x38acd,1,59,26,0
b097ef0536bef82c:0x38acd,1,60,26,0
b097ef0536bef82c:0x38acd,1,61,26,0
b097ef0536bef82c:0x38acd,1,62,26,0
b097ef0536bef82c:0x38acd,1,62,27,0
b097ef0536bef82c:0x38acd,1,63,27,0
b097ef0536bef82c:0x38acd,1,63,28,0
b097ef0536bef82c:0x38acd,1,64,28,0
b097ef0536bef82c:0x38acd,1,65,28,0
b097ef0536bef82c:0x38acd,1,66,28,0
b097ef0536bef82c:0x38acd,1,67,28,0
b097ef0536bef82c:0x38acd,1,67,29,0
b097ef0536bef82c:0x38acd,1,68,29,0
b097ef0536bef82c:0x38acd,1,68,30,0
b097ef0536bef82c:0x38acd,1,69,30,0
b097ef0536bef82c:0x38acd,1,70,30,0
b097ef0536bef82c:0x38acd,1,71,30,0
b097ef0536bef82c:0x38acd,1,72,30,0
b097ef0536bef82c:0x38acd,1,72,31,0
b097ef0536bef82c:0x38acd,1,73,31,0
b097ef0536bef82c:0x38acd,1,73,32,0
b097ef0536bef82c:0x38acd,1,74,32,0
b097ef0536bef82c:0x38acd,1,75,32,0
b097ef0536bef82c:0x38acd,1,76,32,0
b097ef0536bef82c:0x38acd,1,77,32,0
b097ef0536bef82c:0x38acd,1,77,33,0
b097ef0536bef82c:0x38acd,1,78,33,0
b097ef0536bef82c:0x38acd,1,78,34,0
b097ef0536bef82c:0x38acd,1,79,34,0
b097ef0536bef82c:0x38acd,1,80,34,0
b097ef0536bef82c:0x38bf2,0,0,1,0
b097ef0536bef82c:0x38bf2,0,0,2,0
b097ef0536bef82c:0x38bf2,1,0,2,0
b097ef0536bef82c:0x38c79,0,0,1,0
b097ef0536bef82c:0x38c79,0,0,2,0
b097ef0536bef82c:0x38c79,1,0,2,0
b097ef0536bef82c:0x38c79,1,1,2,0
b097ef0536bef82c:0x38c79,1,2,2,0
b097ef0536bef82c:0x38c79,1,2,3,0
b097ef0536bef82c:0x38c79,1,3,3,0
b097ef0536bef82c:0x38c79,1,3,4,0
b097ef0536bef82c:0x38c79,1,4,4,0
b097ef0536bef82c:0x38c79,1,5,4,0
b097ef0536bef82c:0x38c79,1,6,4,0
b097ef0536bef82c:0x38c79,1,7,4,0
b097ef0536bef82c:0x38c79,1,7,5,0
b097ef0536bef82c:0x38c79,1,8,5,0
b097ef0536bef82c:0x38c79,1,8,6,0
b097ef0536bef82c:0x38c79,1,9,6,0
b097ef0536bef82c:0x38c79,1,10,6,0
b097ef0536bef82c:0x38cf9,0,0,1,0
b097ef0536bef82c:0x38cf9,0,0,2,0
b097ef0536bef82c:0x38cf9,1,0,2,0
b097ef0536bef82c:0x38cf9,1,1,2,0
b097ef0536bef82c:0x38cf9,1,2,2,0
b097ef0536bef82c:0x38cf9,1,2,3,0
b097ef0536bef82c:0x38cf9,1,3,3,0
b097ef0536bef82c:0x38cf9,1,3,4,0
b097ef0536bef82c:0x38cf9,1,4,4,0
b097ef0536bef82c:0x38cf9,1,5,4,0
b097ef0536bef82c:0x38cf9,1,6,4,0
b097ef0536bef82c:0x38cf9,1,7,4,0
b097ef0536bef82c:0x38cf9,1,7,5,0
b097ef0536bef82c:0x38cf9,1,8,5,0
b097ef0536bef82c:0x38cf9,1,8,6,0
b097ef0536bef82c:0x38cf9,1,9,6,0
b097ef0536bef82c:0x38cf9,1,10,6,0
b097ef0536bef82c:0x38d44,0,0,1,0
b097ef0536bef82c:0x38d44,0,0,2,0
b097ef0536bef82c:0x38d44,1,0,2,0
b097ef0536bef82c:0x38d44,1,1,2,0
b097ef0536bef82c:0x38d44,1,2,2,0
b097ef0536bef82c:0x38d44,1,2,3,0
b097ef0536bef82c:0x38d44,1,3,3,0
b097ef0536bef82c:0x38d44,1,3,4,0
b097ef0536bef82c:0x38d44,1,4,4,0
b097ef0536bef82c:0x38d44,1,5,4,0
b097ef0536bef82c:0x38d44,1,6,4,0
b097ef0536bef82c:0x38d44,1,7,4,0
b097ef0536bef82c:0x38d44,1,7,5,0
b097ef0536bef82c:0x38d44,1,8,5,0
b097ef0536bef82c:0x38d44,1,8,6,0
b097ef0536bef82c:0x38d44,1,9,6,0
b097ef0536bef82c:0x38d44,1,10,6,0
b097ef0536bef82c:0x38d90,0,0,1,0
b097ef0536bef82c:0x38d90,0,0,2,0
b097ef0536bef82c:0x38d90,1,0,2,0
b097ef0536bef82c:0x38d90,1,1,2,0
b097ef0536bef82c:0x38d90,1,2,2,0
b097ef0536bef82c:0x38d90,1,2,3,0
b097ef0536bef82c:0x38d90,1,3,3,0
b097ef0536bef82c:0x38d90,1,3,4,0
b097ef0536bef82c:0x38d90,1,4,4,0
b097ef0536bef82c:0x38d90,1,5,4,0
b097ef0536bef82c:0x38d90,1,6,4,0
b097ef0536bef82c:0x38d90,1,7,4,0
b097ef0536bef82c:0x38d90,1,7,5,0
b097ef0536bef82c:0x38d90,1,8,5,0
b097ef0536bef82c:0x38d90,1,8,6,0
b097ef0536bef82c:0x38d90,1,9,6,0
b097ef0536bef82c:0x38d90,1,10,6,0
b097ef0536bef82c:0x38ddc,0,0,1,0
b097ef0536bef82c:0x38ddc,0,0,2,0
b097ef0536bef82c:0x38ddc,1,0,2,0
b097ef0536bef82c:0x38ddc,1,1,2,0
b097ef0536bef82c:0x38ddc,1,2,2,0
b097ef0536bef82c:0x38ddc,1,2,3,0
b097ef0536bef82c:0x38ddc,1,3,3,0
b097ef0536bef82c:0x38ddc,1,3,4,0
b097ef0536bef82c:0x38ddc,1,4,4,0
b097ef0536bef82c:0x38ddc,1,5,4,0
b097ef0536bef82c:0x38ddc,1,6,4,0
b097ef0536bef82c:0x38ddc,1,7,4,0
b097ef0536bef82c:0x38ddc,1,7,5,0
b097ef0536bef82c:0x38ddc,1,8,5,0
b097ef0536bef82c:0x38ddc,1,8,6,0
b097ef0536bef82c:0x38ddc,1,9,6,0
b097ef0536bef82c:0x38ddc,1,10,6,0
b097ef0536bef82c:0x38e26,0,0,1,0
b097ef0536bef82c:0x38e26,0,0,2,0
b097ef0536bef82c:0x38e26,1,0,2,0
b097ef0536bef82c:0x38e26,1,1,2,0
b097ef0536bef82c:0x38e26,1,2,2,0
b097ef0536bef82c:0x38e26,1,2,3,0
b097ef0536bef82c:0x38e26,1,3,3,0
b097ef0536bef82c:0x38e26,1,3,4,0
b097ef0536bef82c:0x38e26,1,4,4,0
b097ef0536bef82c:0x38e26,1,5,4,0
b097ef0536bef82c:0x38e26,1,6,4,0
b097ef0536bef82c:0x38e26,1,7,4,0
b097ef0536bef82c:0x38e26,1,7,5,0
b097ef0536bef82c:0x38e26,1,8,5,0
b097ef0536bef82c:0x38e26,1,8,6,0
b097ef0536bef82c:0x38e26,1,9,6,0
b097ef0536bef82c:0x38e26,1,10,6,0
b097ef0536bef82c:0x38e6e,0,0,1,0
b097ef0536bef82c:0x38e6e,0,0,2,0
b097ef0536bef82c:0x38e6e,1,0,2,0
b097ef0536bef82c:0x38e6e,1,1,2,0
b097ef0536bef82c:0x38e6e,1,2,2,0
b097ef0536bef82c:0x38e6e,1,2,3,0
b097ef0536bef82c:0x38e6e,1,3,3,0
b097ef0536bef82c:0x38e6e,1,3,4,0
b097ef0536bef82c:0x38e6e,1,4,4,0
b097ef0536bef82c:0x38e6e,1,5,4,0
b097ef0536bef82c:0x38e6e,1,6,4,0
b097ef0536bef82c:0x38e6e,1,7,4,0
b097ef0536bef82c:0x38e6e,1,7,5,0
b097ef0536bef82c:0x38e6e,1,8,5,0
b097ef0536bef82c:0x38e6e,1,8,6,0
b097ef0536bef82c:0x38e6e,1,9,6,0
b097ef0536bef82c:0x38e6e,1,10,6,0
b097ef0536bef82c:0x38e6e,1,11,6,0
b097ef0536bef82c:0x38e6e,1,12,6,0
b097ef0536bef82c:0x38e6e,1,12,7,0
b097ef0536bef82c:0x38e6e,1,13,7,0
b097ef0536bef82c:0x38e6e,1,13,8,0
b097ef0536bef82c:0x38e6e,1,14,8,0
b097ef0536bef82c:0x38e6e,1,15,8,0
b097ef0536bef82c:0x38e6e,1,16,8,0
b097ef0536bef82c:0x38e6e,1,17,8,0
b097ef0536bef82c:0x38e6e,1,17,9,0
b097ef0536bef82c:0x38e6e,1,18,9,0
b097ef0536bef82c:0x38e6e,1,18,10,0
b097ef0536bef82c:0x38e6e,1,19,10,0
b097ef0536bef82c:0x38e6e,1,20,10,0
b097ef0536bef82c:0x38e6e,1,21,10,0
b097ef0536bef82c:0x38e6e,1,22,10,0
b097ef0536bef82c:0x38e6e,1,22,11,0
b097ef0536bef82c:0x38e6e,1,23,11,0
b097ef0536bef82c:0x38e6e,1,23,12,0
b097ef0536bef82c:0x38e6e,1,24,12,0
b097ef0536bef82c:0x38e6e,1,25,12,0
b097ef0536bef82c:0x38e6e,1,26,12,0
b097ef0536bef82c:0x38e6e,1,27,12,0
b097ef0536bef82c:0x38e6e,1,27,13,0
b097ef0536bef82c:0x38e6e,1,28,13,0
b097ef0536bef82c:0x38e6e,1,28,14,0
b097ef0536bef82c:0x38e6e,1,29,14,0
b097ef0536bef82c:0x38e6e,1,30,14,0
b097ef0536bef82c:0x2fcff,4,2,3,0
b097ef0536bef82c:0x2fcff,4,3,3,0
b097ef0536bef82c:0x2fcff,5,3,3,0
b097ef0536bef82c:0x5a17d,4,2,5,0
b097ef0536bef82c:0x5a17d,4,2,6,0
b097ef0536bef82c:0x5a17d,5,2,6,0
b097ef0536bef82c:0x5a17d,5,3,6,0
b097ef0536bef82c:0x5a17d,5,4,6,0
b097ef0536bef82c:0x5a17d,5,4,7,0
b097ef0536bef82c:0x5a17d,5,5,7,0
b097ef0536bef82c:0x5a17d,5,5,8,0
b097ef0536bef82c:0x5a17d,5,6,8,0
b097ef0536bef82c:0x5a17d,5,7,8,0
b097ef0536bef82c:0x5a17d,5,8,8,0
b097ef0536bef82c:0x5a17d,5,9,8,0
b097ef0536bef82c:0x5a17d,5,9,9,0
b097ef0536bef82c:0x5a17d,5,10,9,0
b097ef0536bef82c:0x5a17d,5,10,10,0
b097ef0536bef82c:0x5a17d,5,11,10,0
b097ef0536bef82c:0x5a17d,5,12,10,0
b097ef0536bef82c:0x5a17d,5,13,10,0
b097ef0536bef82c:0x5a17d,5,14,10,0
b097ef0536bef82c:0x5a17d,5,14,11,0
b097ef0536bef82c:0x5a17d,5,15,11,0
b097ef0536bef82c:0x5a17d,5,15,12,0
b097ef0536bef82c:0x5a17d,5,16,12,0
b097ef0536bef82c:0x5a17d,5,17,12,0
b097ef0536bef82c:0x5a17d,5,18,12,0
b097ef0536bef82c:0x5a17d,5,19,12,0
b097ef0536bef82c:0x5a17d,5,19,13,0
b097ef0536bef82c:0x5a17d,5,20,13,0
b097ef0536bef82c:0x5a17d,5,20,14,0
b097ef0536bef82c:0x5a17d,5,21,14,0
b097ef0536bef82c:0x5a17d,5,22,14,0
b097ef0536bef82c:0x5a17d,5,23,14,0
b097ef0536bef82c:0x5a17d,5,24,14,0
b097ef0536bef82c:0x5a17d,5,24,15,0
b097ef0536bef82c:0x5a17d,5,25,15,0
b097ef0536bef82c:0x5a17d,5,25,16,0
b097ef0536bef82c:0x5a17d,5,26,16,0
b097ef0536bef82c:0x5a17d,5,27,16,0
b097ef0536bef82c:0x5a17d,5,28,16,0
b097ef0536bef82c:0x5a17d,5,29,16,0
b097ef0536bef82c:0x5a17d,5,29,17,0
b097ef0536bef82c:0x5a17d,5,30,17,0
b097ef0536bef82c:0x5a17d,5,30,18,0
b097ef0536bef82c:0x5a17d,5,31,18,0
b097ef0536bef82c:0x5a17d,5,32,18,0
b097ef0536bef82c:0x5a17d,5,33,18,0
b097ef0536bef82c:0x5a17d,5,34,18,0
b097ef0536bef82c:0x5a17d,5,34,19,0
b097ef0536bef82c:0x5a17d,5,35,19,0
b097ef0536bef82c:0x5a17d,5,35,20,0
b097ef0536bef82c:0x5a17d,5,36,20,0
b097ef0536bef82c:0x5a17d,5,37,20,0
b097ef0536bef82c:0x5a17d,5,38,20,0
b097ef0536bef82c:0x5a17d,5,39,20,0
b097ef0536bef82c:0x5a17d,5,39,21,0
b097ef0536bef82c:0x5a17d,5,40,21,0
b097ef0536bef82c:0x5a17d,5,40,22,0
b097ef0536bef82c:0x5a17d,5,41,22,0
b097ef0536bef82c:0x5a17d,5,42,22,0
b097ef0536bef82c:0x2fdd5,38,22,2,0
b097ef0536bef82c:0x2fdd5,39,22,2,0
b097ef0536bef82c:0xafb3,66,1,0,0
b097ef0536bef82c:0xb355,65,2,0,0
b097ef0536bef82c:0x3344b,64,1,1,0
b097ef0536bef82c:0x307ff,62,2,0,0
b097ef0536bef82c:0x3b0b3,61,2,2,0
b097ef0536bef82c:0x3f2b3,60,12,6,0
b097ef0536bef82c:0x3bfcd,56,22,10,0
b097ef0536bef82c:0x375bb,54,12,6,0
b097ef0536bef82c:0x37686,54,4,4,0
b097ef0536bef82c:0x30b0f,51,5,5,0
b097ef0536bef82c:0x319f3,48,6,6,0
b097ef0536bef82c:0x31f3b,46,7,7,0
b097ef0536bef82c:0x2e610,40,4,0,0
b097ef0536bef82c:0x2e653,17,4,0,0
b097ef0536bef82c:0x2e697,16,39,12,0
b097ef0536bef82c:0x2fcff,6,3,3,0
b097ef0536bef82c:0x5a17d,6,42,22,0
b097ef0536bef82c:0x2fdd5,40,22,2,0
b097ef0536bef82c:0xafb3,67,1,0,0
b097ef0536bef82c:0xb355,66,2,0,0
b097ef0536bef82c:0x3344b,65,1,1,0
b097ef0536bef82c:0x307ff,63,2,0,0
b097ef0536bef82c:0x3b0b3,62,2,2,0
b097ef0536bef82c:0x3f2b3,61,12,6,0
b097ef0536bef82c:0x3bfcd,57,22,10,0
b097ef0536bef82c:0x375bb,55,12,6,0
b097ef0536bef82c:0x37686,55,4,4,0
b097ef0536bef82c:0x30b0f,52,5,5,0
b097ef0536bef82c:0x319f3,49,6,6,0
b097ef0536bef82c:0x3249d,5,3,0,0
b097ef0536bef82c:0x3289a,1,2,0,0
b097ef0536bef82c:0x3289a,2,2,0,0
b097ef0536bef82c:0x32a2e,0,1,0,0
b097ef0536bef82c:0x32a2e,1,1,0,0
b097ef0536bef82c:0x32c46,1,2,0,0
b097ef0536bef82c:0x32c46,2,2,0,0
b097ef0536bef82c:0x330c5,4,106,17,0
b097ef0536bef82c:0x330c5,4,107,17,0
b097ef0536bef82c:0x330c5,5,107,17,0
b097ef0536bef82c:0x330c5,5,108,17,0
b097ef0536bef82c:0x330c5,5,109,17,0
b097ef0536bef82c:0x330c5,5,110,17,0
b097ef0536bef82c:0x330c5,5,111,17,0
b097ef0536bef82c:0x330c5,5,112,17,0
b097ef0536bef82c:0x330c5,5,112,18,0
b097ef0536bef82c:0x330c5,5,113,18,0
b097ef0536bef82c:0x330c5,5,114,18,0
b097ef0536bef82c:0x330c5,5,115,18,0
b097ef0536bef82c:0x330c5,5,116,18,0
b097ef0536bef82c:0x330c5,5,117,18,0
b097ef0536bef82c:0x330c5,5,118,18,0
b097ef0536bef82c:0x330c5,5,119,18,0
b097ef0536bef82c:0x330c5,5,120,18,0
b097ef0536bef82c:0x330c5,5,121,18,0
b097ef0536bef82c:0x330c5,5,122,18,0
b097ef0536bef82c:0x330c5,5,123,18,0
b097ef0536bef82c:0x330c5,5,124,18,0
b097ef0536bef82c:0x330c5,5,125,18,0
b097ef0536bef82c:0x330c5,5,126,18,0
b097ef0536bef82c:0x330c5,5,127,18,0
b097ef0536bef82c:0x330c5,5,128,18,0
b097ef0536bef82c:0x330c5,5,129,18,0
b097ef0536bef82c:0x330c5,5,130,18,0
b097ef0536bef82c:0x330c5,5,131,18,0
b097ef0536bef82c:0x330c5,5,132,18,0
b097ef0536bef82c:0x330c5,5,132,19,0
b097ef0536bef82c:0x330c5,5,133,19,0
b097ef0536bef82c:0x330c5,5,134,19,0
b097ef0536bef82c:0x330c5,5,135,19,0
b097ef0536bef82c:0x330c5,5,136,19,0
b097ef0536bef82c:0x330c5,5,137,19,0
b097ef0536bef82c:0x330c5,5,138,19,0
b097ef0536bef82c:0x330c5,5,139,19,0
b097ef0536bef82c:0x330c5,5,140,19,0
b097ef0536bef82c:0x330c5,5,141,19,0
b097ef0536bef82c:0x330c5,5,142,19,0
b097ef0536bef82c:0x330c5,5,143,19,0
b097ef0536bef82c:0x330c5,5,144,19,0
b097ef0536bef82c:0x330c5,5,145,19,0
b097ef0536bef82c:0x330c5,5,145,20,0
b097ef0536bef82c:0x330c5,5,146,20,0
b097ef0536bef82c:0x330c5,5,147,20,0
b097ef0536bef82c:0x330c5,5,148,20,0
b097ef0536bef82c:0x330c5,5,149,20,0
b097ef0536bef82c:0x330c5,5,150,20,0
b097ef0536bef82c:0x330c5,5,150,21,0
b097ef0536bef82c:0x330c5,5,151,21,0
b097ef0536bef82c:0x330c5,5,152,21,0
b097ef0536bef82c:0x330c5,5,153,21,0
b097ef0536bef82c:0x330c5,5,154,21,0
b097ef0536bef82c:0x330c5,5,155,21,0
b097ef0536bef82c:0x330c5,5,156,21,0
b097ef0536bef82c:0x330c5,5,157,21,0
b097ef0536bef82c:0x330c5,5,158,21,0
b097ef0536bef82c:0x330c5,5,159,21,0
b097ef0536bef82c:0x330c5,5,160,21,0
b097ef0536bef82c:0x330c5,5,161,21,0
b097ef0536bef82c:0x330c5,5,162,21,0
b097ef0536bef82c:0x330c5,5,163,21,0
b097ef0536bef82c:0x330c5,5,164,21,0
b097ef0536bef82c:0x330c5,5,164,22,0
b097ef0536bef82c:0x330c5,5,165,22,0
b097ef0536bef82c:0x330c5,5,166,22,0
b097ef0536bef82c:0x330c5,5,166,23,0
b097ef0536bef82c:0x330c5,5,167,23,0
b097ef0536bef82c:0x330c5,5,168,23,0
b097ef0536bef82c:0x330c5,5,169,23,0
b097ef0536bef82c:0x330c5,5,170,23,0
b097ef0536bef82c:0x330c5,5,170,24,0
b097ef0536bef82c:0x330c5,5,171,24,0
b097ef0536bef82c:0x330c5,5,171,25,0
b097ef0536bef82c:0x330c5,5,172,25,0
b097ef0536bef82c:0x330c5,5,173,25,0
b097ef0536bef82c:0x33185,4,4,5,0
b097ef0536bef82c:0x33185,4,5,5,0
b097ef0536bef82c:0x33185,5,5,5,0
b097ef0536bef82c:0x31f3b,46,7,8,0
b097ef0536bef82c:0x31f3b,46,8,8,0
b097ef0536bef82c:0x31f3b,47,8,8,0
b097ef0536bef82c:0x3a278,2,3,0,0
b097ef0536bef82c:0x3a278,3,3,0,0
b097ef0536bef82c:0xafb3,68,1,0,0
b097ef0536bef82c:0xb355,67,2,0,0
b097ef0536bef82c:0x3344b,66,1,1,0
b097ef0536bef82c:0x307ff,64,2,0,0
b097ef0536bef82c:0x3b0b3,63,2,2,0
b097ef0536bef82c:0x3f2b3,62,12,6,0
b097ef0536bef82c:0x3bfcd,58,22,10,0
b097ef0536bef82c:0x375bb,56,12,6,0
b097ef0536bef82c:0x37686,56,4,4,0
b097ef0536bef82c:0x30b0f,53,5,5,0
b097ef0536bef82c:0x30cbd,6,3,0,0
b097ef0536bef82c:0x310ba,1,2,0,0
b097ef0536bef82c:0x310ba,2,2,0,0
b097ef0536bef82c:0x3124e,0,1,0,0
b097ef0536bef82c:0x3124e,1,1,0,0
b097ef0536bef82c:0x31466,1,2,0,0
b097ef0536bef82c:0x31466,2,2,0,0
b097ef0536bef82c:0x315cf,0,1,0,0
b097ef0536bef82c:0x315cf,1,1,0,0
b097ef0536bef82c:0x31737,0,1,0,0
b097ef0536bef82c:0x31737,1,1,0,0
b097ef0536bef82c:0x3189f,0,1,0,0
b097ef0536bef82c:0x3189f,1,1,0,0
b097ef0536bef82c:0x318e5,5,51,14,0
b097ef0536bef82c:0x318e5,5,52,14,0
b097ef0536bef82c:0x318e5,6,52,14,0
b097ef0536bef82c:0x31965,5,5,6,0
b097ef0536bef82c:0x31965,5,6,6,0
b097ef0536bef82c:0x31965,6,6,6,0
b097ef0536bef82c:0x319f3,49,6,7,0
b097ef0536bef82c:0x319f3,49,7,7,0
b097ef0536bef82c:0x319f3,50,7,7,0
b097ef0536bef82c:0x31f3b,47,8,9,0
b097ef0536bef82c:0x31f3b,47,9,9,0
b097ef0536bef82c:0x31f3b,48,9,9,0
b097ef0536bef82c:0xafb3,69,1,0,0
b097ef0536bef82c:0xb355,68,2,0,0
b097ef0536bef82c:0x3344b,67,1,1,0
b097ef0536bef82c:0x307ff,65,2,0,0
b097ef0536bef82c:0x3b0b3,64,2,2,0
b097ef0536bef82c:0x3f2b3,63,12,6,0
b097ef0536bef82c:0x3bfcd,59,22,10,0
b097ef0536bef82c:0x375bb,57,12,6,0
b097ef0536bef82c:0x37686,57,4,4,0
b097ef0536bef82c:0x30b0f,54,5,5,0
b097ef0536bef82c:0x319f3,51,7,7,0
b097ef0536bef82c:0x31f3b,49,9,9,0
b097ef0536bef82c:0x2e610,41,4,0,0
b097ef0536bef82c:0x2e653,18,4,0,0
b097ef0536bef82c:0x2e697,17,39,12,0
b097ef0536bef82c:0x2e894,2,0,2,0
b097ef0536bef82c:0x38053,1,0,3,0
b097ef0536bef82c:0x38053,1,0,4,0
b097ef0536bef82c:0x38053,2,0,4,0
b097ef0536bef82c:0x38053,2,1,4,0
b097ef0536bef82c:0x38053,2,2,4,0
b097ef0536bef82c:0x38053,2,3,4,0
b097ef0536bef82c:0x38053,2,3,5,0
b097ef0536bef82c:0x38053,2,4,5,0
b097ef0536bef82c:0x38053,2,4,6,0
b097ef0536bef82c:0x38053,2,5,6,0
b097ef0536bef82c:0x38053,2,6,6,0
b097ef0536bef82c:0x38053,2,7,6,0
b097ef0536bef82c:0x38053,2,8,6,0
b097ef0536bef82c:0x38053,2,8,7,0
b097ef0536bef82c:0x38053,2,9,7,0
b097ef0536bef82c:0x38053,2,9,8,0
b097ef0536bef82c:0x38053,2,10,8,0
b097ef0536bef82c:0x38053,2,11,8,0
b097ef0536bef82c:0x38053,2,12,8,0
b097ef0536bef82c:0x38053,2,13,8,0
b097ef0536bef82c:0x38053,2,13,9,0
b097ef0536bef82c:0x38053,2,14,9,0
b097ef0536bef82c:0x38053,2,14,10,0
b097ef0536bef82c:0x38053,2,15,10,0
b097ef0536bef82c:0x38053,2,16,10,0
b097ef0536bef82c:0x38053,2,17,10,0
b097ef0536bef82c:0x38053,2,18,10,0
b097ef0536bef82c:0x38053,2,18,11,0
b097ef0536bef82c:0x38053,2,19,11,0
b097ef0536bef82c:0x38053,2,19,12,0
b097ef0536bef82c:0x38053,2,20,12,0
b097ef0536bef82c:0x38053,2,21,12,0
b097ef0536bef82c:0x38053,2,22,12,0
b097ef0536bef82c:0x38053,2,23,12,0
b097ef0536bef82c:0x38053,2,23,13,0
b097ef0536bef82c:0x38053,2,24,13,0
b097ef0536bef82c:0x38053,2,24,14,0
b097ef0536bef82c:0x38053,2,25,14,0
b097ef0536bef82c:0x38053,2,26,14,0
b097ef0536bef82c:0x38053,2,27,14,0
b097ef0536bef82c:0x38053,2,28,14,0
b097ef0536bef82c:0x38053,2,28,15,0
b097ef0536bef82c:0x38053,2,29,15,0
b097ef0536bef82c:0x38053,2,29,16,0
b097ef0536bef82c:0x38053,2,30,16,0
b097ef0536bef82c:0x38053,2,31,16,0
b097ef0536bef82c:0x38053,2,32,16,0
b097ef0536bef82c:0x38053,2,33,16,0
b097ef0536bef82c:0x38053,2,33,17,0
b097ef0536bef82c:0x38053,2,34,17,0
b097ef0536bef82c:0x38053,2,34,18,0
b097ef0536bef82c:0x38053,2,35,18,0
b097ef0536bef82c:0x38053,2,36,18,0
b097ef0536bef82c:0x38053,2,37,18,0
b097ef0536bef82c:0x38053,2,38,18,0
b097ef0536bef82c:0x38053,2,38,19,0
b097ef0536bef82c:0x38053,2,39,19,0
b097ef0536bef82c:0x38053,2,39,20,0
b097ef0536bef82c:0x38053,2,40,20,0
b097ef0536bef82c:0x38053,2,41,20,0
b097ef0536bef82c:0x38053,2,42,20,0
b097ef0536bef82c:0x38053,2,43,20,0
b097ef0536bef82c:0x38053,2,43,21,0
b097ef0536bef82c:0x38053,2,44,21,0
b097ef0536bef82c:0x38053,2,45,21,0
b097ef0536bef82c:0x38053,2,46,21,0
b097ef0536bef82c:0x38053,2,46,22,0
b097ef0536bef82c:0x38053,2,47,22,0
b097ef0536bef82c:0x38053,2,48,22,0
b097ef0536bef82c:0x38053,2,49,22,0
b097ef0536bef82c:0x38053,2,50,22,0
b097ef0536bef82c:0x38053,2,50,23,0
b097ef0536bef82c:0x38053,2,51,23,0
b097ef0536bef82c:0x38053,2,51,24,0
b097ef0536bef82c:0x38053,2,52,24,0
b097ef0536bef82c:0x38053,2,53,24,0
b097ef0536bef82c:0x38053,2,54,24,0
b097ef0536bef82c:0x38053,2,55,24,0
b097ef0536bef82c:0x38053,2,55,25,0
b097ef0536bef82c:0x38053,2,56,25,0
b097ef0536bef82c:0x38053,2,56,26,0
b097ef0536bef82c:0x38053,2,57,26,0
b097ef0536bef82c:0x38053,2,58,26,0
b097ef0536bef82c:0x2fcff,6,3,4,0
b097ef0536bef82c:0x2fcff,6,4,4,0
b097ef0536bef82c:0x2fcff,7,4,4,0
b097ef0536bef82c:0x5a17d,6,42,23,0
b097ef0536bef82c:0x5a17d,6,42,24,0
b097ef0536bef82c:0x5a17d,7,42,24,0
b097ef0536bef82c:0x5a17d,7,43,24,0
b097ef0536bef82c:0x5a17d,7,44,24,0
b097ef0536bef82c:0x5a17d,7,44,25,0
b097ef0536bef82c:0x5a17d,7,45,25,0
b097ef0536bef82c:0x5a17d,7,45,26,0
b097ef0536bef82c:0x5a17d,7,46,26,0
b097ef0536bef82c:0x5a17d,7,47,26,0
b097ef0536bef82c:0x5a17d,7,48,26,0
b097ef0536bef82c:0x5a17d,7,49,26,0
b097ef0536bef82c:0x5a17d,7,49,27,0
b097ef0536bef82c:0x5a17d,7,50,27,0
b097ef0536bef82c:0x5a17d,7,50,28,0
b097ef0536bef82c:0x5a17d,7,51,28,0
b097ef0536bef82c:0x5a17d,7,52,28,0
b097ef0536bef82c:0x5a17d,7,53,28,0
b097ef0536bef82c:0x5a17d,7,54,28,0
b097ef0536bef82c:0x5a17d,7,54,29,0
b097ef0536bef82c:0x5a17d,7,55,29,0
b097ef0536bef82c:0x5a17d,7,55,30,0
b097ef0536bef82c:0x5a17d,7,56,30,0
b097ef0536bef82c:0x5a17d,7,57,30,0
b097ef0536bef82c:0x5a17d,7,58,30,0
b097ef0536bef82c:0x5a17d,7,59,30,0
b097ef0536bef82c:0x5a17d,7,59,31,0
b097ef0536bef82c:0x5a17d,7,60,31,0
b097ef0536bef82c:0x5a17d,7,60,32,0
b097ef0536bef82c:0x5a17d,7,61,32,0
b097ef0536bef82c:0x5a17d,7,62,32,0
b097ef0536bef82c:0x5a17d,7,63,32,0
b097ef0536bef82c:0x5a17d,7,64,32,0
b097ef0536bef82c:0x5a17d,7,64,33,0
b097ef0536bef82c:0x5a17d,7,65,33,0
b097ef0536bef82c:0x5a17d,7,65,34,0
b097ef0536bef82c:0x5a17d,7,66,34,0
b097ef0536bef82c:0x5a17d,7,67,34,0
b097ef0536bef82c:0x5a17d,7,68,34,0
b097ef0536bef82c:0x5a17d,7,69,34,0
b097ef0536bef82c:0x5a17d,7,69,35,0
b097ef0536bef82c:0x5a17d,7,70,35,0
b097ef0536bef82c:0x5a17d,7,70,36,0
b097ef0536bef82c:0x5a17d,7,71,36,0
b097ef0536bef82c:0x5a17d,7,72,36,0
b097ef0536bef82c:0x5a17d,7,73,36,0
b097ef0536bef82c:0x5a17d,7,74,36,0
b097ef0536bef82c:0x5a17d,7,74,37,0
b097ef0536bef82c:0x5a17d,7,75,37,0
b097ef0536bef82c:0x5a17d,7,75,38,0
b097ef0536bef82c:0x5a17d,7,76,38,0
b097ef0536bef82c:0x5a17d,7,77,38,0
b097ef0536bef82c:0x5a17d,7,78,38,0
b097ef0536bef82c:0x5a17d,7,79,38,0
b097ef0536bef82c:0x5a17d,7,79,39,0
b097ef0536bef82c:0x5a17d,7,80,39,0
b097ef0536bef82c:0x5a17d,7,80,40,0
b097ef0536bef82c:0x5a17d,7,81,40,0
b097ef0536bef82c:0x5a17d,7,82,40,0
b097ef0536bef82c:0x2fdd5,40,23,2,0
b097ef0536bef82c:0x2fdd5,41,23,2,0
b097ef0536bef82c:0xafb3,70,1,0,0
b097ef0536bef82c:0xb355,69,2,0,0
b097ef0536bef82c:0x3344b,68,1,1,0
b097ef0536bef82c:0x307ff,66,2,0,0
b097ef0536bef82c:0x3b0b3,65,2,2,0
b097ef0536bef82c:0x3f2b3,64,12,6,0
b097ef0536bef82c:0x3bfcd,60,22,10,0
b097ef0536bef82c:0x375bb,58,12,6,0
b097ef0536bef82c:0x37686,58,4,4,0
b097ef0536bef82c:0x3c1db,4,12,6,0
b097ef0536bef82c:0x36cfe,4,2,2,0
b097ef0536bef82c:0x36d48,3,1,3,0
b097ef0536bef82c:0x36d48,3,2,3,0
b097ef0536bef82c:0x36d48,4,2,3,0
b097ef0536bef82c:0x36d4e,0,0,1,0
b097ef0536bef82c:0x36d4e,0,1,1,0
b097ef0536bef82c:0x36d4e,1,1,1,0
b097ef0536bef82c:0x36fdb,3,2,2,0
b097ef0536bef82c:0x36fdb,3,3,2,0
b097ef0536bef82c:0x36fdb,4,3,2,0
b097ef0536bef82c:0x30b0f,54,5,6,0
b097ef0536bef82c:0x30b0f,54,6,6,0
b097ef0536bef82c:0x30b0f,55,6,6,0
b097ef0536bef82c:0x30cbd,6,4,0,0
b097ef0536bef82c:0x30cbd,7,4,0,0
b097ef0536bef82c:0x31466,2,3,0,0
b097ef0536bef82c:0x31466,3,3,0,0
b097ef0536bef82c:0x315cf,1,2,0,0
b097ef0536bef82c:0x315cf,2,2,0,0
b097ef0536bef82c:0x31737,1,2,0,0
b097ef0536bef82c:0x31737,2,2,0,0
b097ef0536bef82c:0x3189f,1,2,0,0
b097ef0536bef82c:0x3189f,2,2,0,0
b097ef0536bef82c:0x318e5,6,52,15,0
b097ef0536bef82c:0x318e5,6,53,15,0
b097ef0536bef82c:0x318e5,7,53,15,0
b097ef0536bef82c:0x318e5,7,54,15,0
b097ef0536bef82c:0x318e5,7,55,15,0
b097ef0536bef82c:0x318e5,7,56,15,0
b097ef0536bef82c:0x318e5,7,57,15,0
b097ef0536bef82c:0x318e5,7,58,15,0
b097ef0536bef82c:0x318e5,7,59,15,0
b097ef0536bef82c:0x318e5,7,60,15,0
b097ef0536bef82c:0x318e5,7,60,16,0
b097ef0536bef82c:0x318e5,7,61,16,0
b097ef0536bef82c:0x318e5,7,62,16,0
b097ef0536bef82c:0x318e5,7,63,16,0
b097ef0536bef82c:0x318e5,7,63,17,0
b097ef0536bef82c:0x318e5,7,64,17,0
b097ef0536bef82c:0x318e5,7,65,17,0
b097ef0536bef82c:0x318e5,7,66,17,0
b097ef0536bef82c:0x318e5,7,67,17,0
b097ef0536bef82c:0x318e5,7,68,17,0
b097ef0536bef82c:0x318e5,7,69,17,0
b097ef0536bef82c:0x318e5,7,70,17,0
b097ef0536bef82c:0x318e5,7,71,17,0
b097ef0536bef82c:0x318e5,7,72,17,0
b097ef0536bef82c:0x318e5,7,73,17,0
b097ef0536bef82c:0x318e5,7,74,17,0
b097ef0536bef82c:0x318e5,7,75,17,0
b097ef0536bef82c:0x318e5,7,76,17,0
b097ef0536bef82c:0x318e5,7,77,17,0
b097ef0536bef82c:0x318e5,7,78,17,0
b097ef0536bef82c:0x318e5,7,79,17,0
b097ef0536bef82c:0x318e5,7,79,18,0
b097ef0536bef82c:0x318e5,7,80,18,0
b097ef0536bef82c:0x318e5,7,81,18,0
b097ef0536bef82c:0x318e5,7,82,18,0
b097ef0536bef82c:0x318e5,7,83,18,0
b097ef0536bef82c:0x318e5,7,84,18,0
b097ef0536bef82c:0x318e5,7,84,19,0
b097ef0536bef82c:0x318e5,7,85,19,0
b097ef0536bef82c:0x318e5,7,86,19,0
b097ef0536bef82c:0x318e5,7,87,19,0
b097ef0536bef82c:0x318e5,7,88,19,0
b097ef0536bef82c:0x318e5,7,89,19,0
b097ef0536bef82c:0x318e5,7,90,19,0
b097ef0536bef82c:0x318e5,7,91,19,0
b097ef0536bef82c:0x318e5,7,91,20,0
b097ef0536bef82c:0x318e5,7,92,20,0
b097ef0536bef82c:0x318e5,7,93,20,0
b097ef0536bef82c:0x318e5,7,94,20,0
b097ef0536bef82c:0x318e5,7,95,20,0
b097ef0536bef82c:0x318e5,7,96,20,0
b097ef0536bef82c:0x318e5,7,97,20,0
b097ef0536bef82c:0x318e5,7,98,20,0
b097ef0536bef82c:0x318e5,7,99,20,0
b097ef0536bef82c:0x318e5,7,100,20,0
b097ef0536bef82c:0x318e5,7,101,20,0
b097ef0536bef82c:0x318e5,7,102,20,0
b097ef0536bef82c:0x318e5,7,103,20,0
b097ef0536bef82c:0x318e5,7,104,20,0
b097ef0536bef82c:0x318e5,7,105,20,0
b097ef0536bef82c:0x318e5,7,106,20,0
b097ef0536bef82c:0x318e5,7,107,20,0
b097ef0536bef82c:0x318e5,7,107,21,0
b097ef0536bef82c:0x318e5,7,108,21,0
b097ef0536bef82c:0x318e5,7,109,21,0
b097ef0536bef82c:0x318e5,7,110,21,0
b097ef0536bef82c:0x318e5,7,111,21,0
b097ef0536bef82c:0x318e5,7,112,21,0
b097ef0536bef82c:0x318e5,7,113,21,0
b097ef0536bef82c:0x318e5,7,114,21,0
b097ef0536bef82c:0x318e5,7,115,21,0
b097ef0536bef82c:0x318e5,7,116,21,0
b097ef0536bef82c:0x318e5,7,117,21,0
b097ef0536bef82c:0x318e5,7,117,22,0
b097ef0536bef82c:0x318e5,7,118,22,0
b097ef0536bef82c:0x318e5,7,119,22,0
b097ef0536bef82c:0x318e5,7,120,22,0
b097ef0536bef82c:0x318e5,7,121,22,0
b097ef0536bef82c:0x318e5,7,122,22,0
b097ef0536bef82c:0x318e5,7,123,22,0
b097ef0536bef82c:0x318e5,7,124,22,0
b097ef0536bef82c:0x318e5,7,125,22,0
b097ef0536bef82c:0x318e5,7,126,22,0
b097ef0536bef82c:0x318e5,7,127,22,0
b097ef0536bef82c:0x318e5,7,128,22,0
b097ef0536bef82c:0x318e5,7,129,22,0
b097ef0536bef82c:0x318e5,7,130,22,0
b097ef0536bef82c:0x318e5,7,130,23,0
b097ef0536bef82c:0x318e5,7,131,23,0
b097ef0536bef82c:0x318e5,7,132,23,0
b097ef0536bef82c:0x318e5,7,133,23,0
b097ef0536bef82c:0x318e5,7,134,23,0
b097ef0536bef82c:0x318e5,7,135,23,0
b097ef0536bef82c:0x318e5,7,136,23,0
b097ef0536bef82c:0x318e5,7,136,24,0
b097ef0536bef82c:0x318e5,7,137,24,0
b097ef0536bef82c:0x318e5,7,138,24,0
b097ef0536bef82c:0x318e5,7,139,24,0
b097ef0536bef82c:0x318e5,7,140,24,0
b097ef0536bef82c:0x318e5,7,141,24,0
b097ef0536bef82c:0x318e5,7,142,24,0
b097ef0536bef82c:0x318e5,7,143,24,0
b097ef0536bef82c:0x318e5,7,144,24,0
b097ef0536bef82c:0x318e5,7,145,24,0
b097ef0536bef82c:0x318e5,7,146,24,0
b097ef0536bef82c:0x318e5,7,147,24,0
b097ef0536bef82c:0x318e5,7,148,24,0
b097ef0536bef82c:0x318e5,7,149,24,0
b097ef0536bef82c:0x318e5,7,150,24,0
b097ef0536bef82c:0x318e5,7,151,24,0
b097ef0536bef82c:0x318e5,7,152,24,0
b097ef0536bef82c:0x318e5,7,153,24,0
b097ef0536bef82c:0x318e5,7,154,24,0
b097ef0536bef82c:0x318e5,7,155,24,0
b097ef0536bef82c:0x318e5,7,156,24,0
b097ef0536bef82c:0x318e5,7,156,25,0
b097ef0536bef82c:0x318e5,7,157,25,0
b097ef0536bef82c:0x318e5,7,158,25,0
b097ef0536bef82c:0x31965,6,6,7,0
b097ef0536bef82c:0x31965,6,7,7,0
b097ef0536bef82c:0x31965,7,7,7,0
b097ef0536bef82c:0xafb3,71,1,0,0
b097ef0536bef82c:0xb355,70,2,0,0
b097ef0536bef82c:0x3344b,69,1,1,0
b097ef0536bef82c:0x307ff,67,2,0,0
b097ef0536bef82c:0x3b0b3,66,2,2,0
b097ef0536bef82c:0x3f2b3,65,12,6,0
b097ef0536bef82c:0x3bfcd,61,22,10,0
b097ef0536bef82c:0x375bb,59,12,6,0
b097ef0536bef82c:0x37686,59,4,4,0
b097ef0536bef82c:0x30b0f,56,6,6,0
b097ef0536bef82c:0x319f3,52,7,7,0
b097ef0536bef82c:0x31f3b,50,9,9,0
b097ef0536bef82c:0x2e610,42,4,0,0
b097ef0536bef82c:0x2e653,19,4,0,0
b097ef0536bef82c:0x2e697,18,39,12,0
b097ef0536bef82c:0x2e894,2,0,3,0
b097ef0536bef82c:0x2e894,2,0,4,0
b097ef0536bef82c:0x2e894,3,0,4,0
b097ef0536bef82c:0x2e8da,0,0,1,0
b097ef0536bef82c:0x2e8da,0,0,2,0
b097ef0536bef82c:0x2e8da,1,0,2,0
b097ef0536bef82c:0x2fcff,7,4,5,0
b097ef0536bef82c:0x2fcff,7,5,5,0
b097ef0536bef82c:0x2fcff,8,5,5,0
b097ef0536bef82c:0x5a17d,7,83,40,0
b097ef0536bef82c:0x5a17d,8,83,40,0
b097ef0536bef82c:0x5a17d,8,83,41,0
b097ef0536bef82c:0x5a17d,8,83,42,0
b097ef0536bef82c:0x2fdd5,41,24,2,0
b097ef0536bef82c:0x2fdd5,42,24,2,0
b097ef0536bef82c:0xafb3,72,1,0,0
b097ef0536bef82c:0xb355,71,2,0,0
b097ef0536bef82c:0x3344b,70,1,1,0
b097ef0536bef82c:0x307ff,68,2,0,0
b097ef0536bef82c:0x3b0b3,67,2,2,0
b097ef0536bef82c:0x3f2b3,66,12,6,0
b097ef0536bef82c:0x3bfcd,62,22,10,0
b097ef0536bef82c:0x375bb,60,12,6,0
b097ef0536bef82c:0x37686,60,4,4,0
b097ef0536bef82c:0x30b0f,57,6,6,0
b097ef0536bef82c:0x319f3,53,7,7,0
b097ef0536bef82c:0x3249d,6,3,0,0
b097ef0536bef82c:0x32706,1,2,0,0
b097ef0536bef82c:0x32706,2,2,0,0
b097ef0536bef82c:0x330c5,5,173,26,0
b097ef0536bef82c:0x330c5,5,174,26,0
b097ef0536bef82c:0x330c5,6,174,26,0
b097ef0536bef82c:0x33185,5,5,6,0
b097ef0536bef82c:0x33185,5,6,6,0
b097ef0536bef82c:0x33185,6,6,6,0
b097ef0536bef82c:0x31f3b,50,9,10,0
b097ef0536bef82c:0x31f3b,50,10,10,0
b097ef0536bef82c:0x31f3b,51,10,10,0
b097ef0536bef82c:0x2e610,42,5,0,0
b097ef0536bef82c:0x2e610,43,5,0,0
b097ef0536bef82c:0x2e653,19,5,0,0
b097ef0536bef82c:0x2e653,20,5,0,0
b097ef0536bef82c:0x2e697,18,40,12,0
b097ef0536bef82c:0x2e697,19,40,12,0
b097ef0536bef82c:0x3747d,1,2,0,0
b097ef0536bef82c:0x3747d,2,2,0,0
b097ef0536bef82c:0x2fdd5,42,25,2,0
b097ef0536bef82c:0x2fdd5,43,25,2,0
b097ef0536bef82c:0xafb3,73,1,0,0
b097ef0536bef82c:0xb355,72,2,0,0
b097ef0536bef82c:0x3344b,71,1,1,0
b097ef0536bef82c:0x307ff,69,2,0,0
b097ef0536bef82c:0x3b0b3,68,2,2,0
b097ef0536bef82c:0x3f2b3,67,12,6,0
b097ef0536bef82c:0x3bfcd,63,22,10,0
b097ef0536bef82c:0x375bb,61,12,6,0
b097ef0536bef82c:0x37686,61,4,4,0
b097ef0536bef82c:0x30b0f,58,6,6,0
b097ef0536bef82c:0x319f3,54,7,7,0
b097ef0536bef82c:0x31f3b,52,10,10,0
b097ef0536bef82c:0x2e610,44,5,0,0
b097ef0536bef82c:0x2e653,21,5,0,0
b097ef0536bef82c:0x2e697,20,40,12,0
b097ef0536bef82c:0x2e4e2,5,1,0,0
b097ef0536bef82c:0x36b15,3,1,1,0
b097ef0536bef82c:0x36bc4,3,1,0,0
b097ef0536bef82c:0x31b66,3,1,1,0
b097ef0536bef82c:0x2fdd5,44,25,2,0
b097ef0536bef82c:0xafb3,74,1,0,0
b097ef0536bef82c:0xb355,73,2,0,0
b097ef0536bef82c:0x3344b,72,1,1,0
b097ef0536bef82c:0x307ff,70,2,0,0
b097ef0536bef82c:0x3b0b3,69,2,2,0
b097ef0536bef82c:0x3f2b3,68,12,6,0
b097ef0536bef82c:0x3bfcd,64,22,10,0
b097ef0536bef82c:0x375bb,62,12,6,0
b097ef0536bef82c:0x37686,62,4,4,0
b097ef0536bef82c:0x30b0f,59,6,6,0
b097ef0536bef82c:0x30cbd,8,4,0,0
b097ef0536bef82c:0x30f26,1,2,0,0
b097ef0536bef82c:0x30f26,2,2,0,0
b097ef0536bef82c:0x318e5,7,158,26,0
b097ef0536bef82c:0x318e5,7,159,26,0
b097ef0536bef82c:0x318e5,8,159,26,0
b097ef0536bef82c:0x318e5,8,160,26,0
b097ef0536bef82c:0x318e5,8,161,26,0
b097ef0536bef82c:0x318e5,8,162,26,0
b097ef0536bef82c:0x318e5,8,163,26,0
b097ef0536bef82c:0x318e5,8,164,26,0
b097ef0536bef82c:0x318e5,8,164,27,0
b097ef0536bef82c:0x318e5,8,165,27,0
b097ef0536bef82c:0x318e5,8,166,27,0
b097ef0536bef82c:0x318e5,8,167,27,0
b097ef0536bef82c:0x318e5,8,168,27,0
b097ef0536bef82c:0x318e5,8,169,27,0
b097ef0536bef82c:0x318e5,8,170,27,0
b097ef0536bef82c:0x318e5,8,171,27,0
b097ef0536bef82c:0x318e5,8,172,27,0
b097ef0536bef82c:0x318e5,8,173,27,0
b097ef0536bef82c:0x318e5,8,174,27,0
b097ef0536bef82c:0x318e5,8,175,27,0
b097ef0536bef82c:0x318e5,8,176,27,0
b097ef0536bef82c:0x318e5,8,177,27,0
b097ef0536bef82c:0x318e5,8,178,27,0
b097ef0536bef82c:0x318e5,8,179,27,0
b097ef0536bef82c:0x318e5,8,180,27,0
b097ef0536bef82c:0x318e5,8,181,27,0
b097ef0536bef82c:0x318e5,8,182,27,0
b097ef0536bef82c:0x318e5,8,183,27,0
b097ef0536bef82c:0x318e5,8,184,27,0
b097ef0536bef82c:0x318e5,8,185,27,0
b097ef0536bef82c:0x318e5,8,186,27,0
b097ef0536bef82c:0x318e5,8,187,27,0
b097ef0536bef82c:0x318e5,8,188,27,0
b097ef0536bef82c:0x318e5,8,189,27,0
b097ef0536bef82c:0x318e5,8,190,27,0
b097ef0536bef82c:0x318e5,8,191,27,0
b097ef0536bef82c:0x318e5,8,192,27,0
b097ef0536bef82c:0x318e5,8,193,27,0
b097ef0536bef82c:0x318e5,8,194,27,0
b097ef0536bef82c:0x318e5,8,194,28,0
b097ef0536bef82c:0x318e5,8,195,28,0
b097ef0536bef82c:0x318e5,8,196,28,0
b097ef0536bef82c:0x318e5,8,197,28,0
b097ef0536bef82c:0x318e5,8,198,28,0
b097ef0536bef82c:0x318e5,8,198,29,0
b097ef0536bef82c:0x318e5,8,199,29,0
b097ef0536bef82c:0x318e5,8,199,30,0
b097ef0536bef82c:0x318e5,8,200,30,0
b097ef0536bef82c:0x318e5,8,201,30,0
b097ef0536bef82c:0x31965,7,7,8,0
b097ef0536bef82c:0x31965,7,8,8,0
b097ef0536bef82c:0x31965,8,8,8,0
b097ef0536bef82c:0x319f3,54,7,8,0
b097ef0536bef82c:0x319f3,54,8,8,0
b097ef0536bef82c:0x319f3,55,8,8,0
b097ef0536bef82c:0x3249d,6,4,0,0
b097ef0536bef82c:0x3249d,7,4,0,0
b097ef0536bef82c:0x330c5,6,174,27,0
b097ef0536bef82c:0x330c5,6,175,27,0
b097ef0536bef82c:0x330c5,7,175,27,0
b097ef0536bef82c:0x330c5,7,176,27,0
b097ef0536bef82c:0x330c5,7,177,27,0
b097ef0536bef82c:0x330c5,7,177,28,0
b097ef0536bef82c:0x330c5,7,178,28,0
b097ef0536bef82c:0x330c5,7,178,29,0
b097ef0536bef82c:0x330c5,7,179,29,0
b097ef0536bef82c:0x330c5,7,180,29,0
b097ef0536bef82c:0x33185,6,6,7,0
b097ef0536bef82c:0x33185,6,7,7,0
b097ef0536bef82c:0x33185,7,7,7,0
b097ef0536bef82c:0x31f3b,52,10,11,0
b097ef0536bef82c:0x31f3b,52,11,11,0
b097ef0536bef82c:0x31f3b,53,11,11,0
b097ef0536bef82c:0x3a278,3,4,0,0
b097ef0536bef82c:0x3a278,4,4,0,0
b097ef0536bef82c:0xafb3,75,1,0,0
b097ef0536bef82c:0xb355,74,2,0,0
b097ef0536bef82c:0x3344b,73,1,1,0
b097ef0536bef82c:0x307ff,71,2,0,0
b097ef0536bef82c:0x3b0b3,70,2,2,0
b097ef0536bef82c:0x3f2b3,69,12,6,0
b097ef0536bef82c:0x3bfcd,65,22,10,0
b097ef0536bef82c:0x375bb,63,12,6,0
b097ef0536bef82c:0x37686,63,4,4,0
b097ef0536bef82c:0x30b0f,60,6,6,0
b097ef0536bef82c:0x30cbd,9,4,0,0
b097ef0536bef82c:0x30f26,2,3,0,0
b097ef0536bef82c:0x30f26,3,3,0,0
b097ef0536bef82c:0x310ba,2,3,0,0
b097ef0536bef82c:0x310ba,3,3,0,0
b097ef0536bef82c:0x3124e,1,2,0,0
b097ef0536bef82c:0x3124e,2,2,0,0
b097ef0536bef82c:0x31466,3,4,0,0
b097ef0536bef82c:0x31466,4,4,0,0
b097ef0536bef82c:0x315cf,2,3,0,0
b097ef0536bef82c:0x315cf,3,3,0,0
b097ef0536bef82c:0x31737,2,3,0,0
b097ef0536bef82c:0x31737,3,3,0,0
b097ef0536bef82c:0x318e5,8,201,31,0
b097ef0536bef82c:0x318e5,8,202,31,0
b097ef0536bef82c:0x318e5,9,202,31,0
b097ef0536bef82c:0x318e5,9,203,31,0
b097ef0536bef82c:0x318e5,9,204,31,0
b097ef0536bef82c:0x318e5,9,205,31,0
b097ef0536bef82c:0x318e5,9,206,31,0
b097ef0536bef82c:0x318e5,9,207,31,0
b097ef0536bef82c:0x318e5,9,208,31,0
b097ef0536bef82c:0x318e5,9,208,32,0
b097ef0536bef82c:0x318e5,9,209,32,0
b097ef0536bef82c:0x318e5,9,210,32,0
b097ef0536bef82c:0x318e5,9,211,32,0
b097ef0536bef82c:0x318e5,9,212,32,0
b097ef0536bef82c:0x318e5,9,213,32,0
b097ef0536bef82c:0x318e5,9,214,32,0
b097ef0536bef82c:0x318e5,9,214,33,0
b097ef0536bef82c:0x318e5,9,215,33,0
b097ef0536bef82c:0x318e5,9,216,33,0
b097ef0536bef82c:0x318e5,9,217,33,0
b097ef0536bef82c:0x318e5,9,218,33,0
b097ef0536bef82c:0x318e5,9,219,33,0
b097ef0536bef82c:0x318e5,9,220,33,0
b097ef0536bef82c:0x318e5,9,220,34,0
b097ef0536bef82c:0x318e5,9,221,34,0
b097ef0536bef82c:0x318e5,9,222,34,0
b097ef0536bef82c:0x318e5,9,223,34,0
b097ef0536bef82c:0x318e5,9,224,34,0
b097ef0536bef82c:0x318e5,9,225,34,0
b097ef0536bef82c:0x318e5,9,226,34,0
b097ef0536bef82c:0x318e5,9,227,34,0
b097ef0536bef82c:0x318e5,9,228,34,0
b097ef0536bef82c:0x318e5,9,229,34,0
b097ef0536bef82c:0x318e5,9,230,34,0
b097ef0536bef82c:0x318e5,9,231,34,0
b097ef0536bef82c:0x318e5,9,232,34,0
b097ef0536bef82c:0x318e5,9,233,34,0
b097ef0536bef82c:0x318e5,9,233,35,0
b097ef0536bef82c:0x318e5,9,234,35,0
b097ef0536bef82c:0x318e5,9,235,35,0
b097ef0536bef82c:0x318e5,9,236,35,0
b097ef0536bef82c:0x318e5,9,237,35,0
b097ef0536bef82c:0x318e5,9,238,35,0
b097ef0536bef82c:0x318e5,9,239,35,0
b097ef0536bef82c:0x318e5,9,240,35,0
b097ef0536bef82c:0x318e5,9,241,35,0
b097ef0536bef82c:0x318e5,9,242,35,0
b097ef0536bef82c:0x318e5,9,243,35,0
b097ef0536bef82c:0x318e5,9,244,35,0
b097ef0536bef82c:0x318e5,9,244,36,0
b097ef0536bef82c:0x318e5,9,245,36,0
b097ef0536bef82c:0x318e5,9,246,36,0
b097ef0536bef82c:0x318e5,9,247,36,0
b097ef0536bef82c:0x318e5,9,247,37,0
b097ef0536bef82c:0x318e5,9,248,37,0
b097ef0536bef82c:0x318e5,9,249,37,0
b097ef0536bef82c:0x318e5,9,250,37,0
b097ef0536bef82c:0x318e5,9,251,37,0
b097ef0536bef82c:0x318e5,9,252,37,0
b097ef0536bef82c:0x318e5,9,253,37,0
b097ef0536bef82c:0x318e5,9,254,37,0
b097ef0536bef82c:0x318e5,9,255,37,0
b097ef0536bef82c:0x318e5,9,256,37,0
b097ef0536bef82c:0x318e5,9,257,37,0
b097ef0536bef82c:0x318e5,9,257,38,0
b097ef0536bef82c:0x318e5,9,258,38,0
b097ef0536bef82c:0x318e5,9,259,38,0
b097ef0536bef82c:0x318e5,9,260,38,0
b097ef0536bef82c:0x318e5,9,261,38,0
b097ef0536bef82c:0x318e5,9,261,39,0
b097ef0536bef82c:0x318e5,9,262,39,0
b097ef0536bef82c:0x318e5,9,263,39,0
b097ef0536bef82c:0x318e5,9,264,39,0
b097ef0536bef82c:0x318e5,9,265,39,0
b097ef0536bef82c:0x318e5,9,266,39,0
b097ef0536bef82c:0x318e5,9,267,39,0
b097ef0536bef82c:0x318e5,9,268,39,0
b097ef0536bef82c:0x318e5,9,269,39,0
b097ef0536bef82c:0x318e5,9,270,39,0
b097ef0536bef82c:0x318e5,9,271,39,0
b097ef0536bef82c:0x318e5,9,272,39,0
b097ef0536bef82c:0x318e5,9,272,40,0
b097ef0536bef82c:0x318e5,9,273,40,0
b097ef0536bef82c:0x318e5,9,274,40,0
b097ef0536bef82c:0x318e5,9,275,40,0
b097ef0536bef82c:0x318e5,9,276,40,0
b097ef0536bef82c:0x318e5,9,276,41,0
b097ef0536bef82c:0x318e5,9,277,41,0
b097ef0536bef82c:0x318e5,9,278,41,0
b097ef0536bef82c:0x318e5,9,279,41,0
b097ef0536bef82c:0x318e5,9,280,41,0
b097ef0536bef82c:0x318e5,9,281,41,0
b097ef0536bef82c:0x318e5,9,282,41,0
b097ef0536bef82c:0x318e5,9,283,41,0
b097ef0536bef82c:0x318e5,9,284,41,0
b097ef0536bef82c:0x318e5,9,285,41,0
b097ef0536bef82c:0x318e5,9,286,41,0
b097ef0536bef82c:0x318e5,9,287,41,0
b097ef0536bef82c:0x318e5,9,288,41,0
b097ef0536bef82c:0x318e5,9,288,42,0
b097ef0536bef82c:0x318e5,9,289,42,0
b097ef0536bef82c:0x318e5,9,290,42,0
b097ef0536bef82c:0x318e5,9,291,42,0
b097ef0536bef82c:0x318e5,9,291,43,0
b097ef0536bef82c:0x318e5,9,292,43,0
b097ef0536bef82c:0x318e5,9,293,43,0
b097ef0536bef82c:0x318e5,9,294,43,0
b097ef0536bef82c:0x318e5,9,295,43,0
b097ef0536bef82c:0x318e5,9,295,44,0
b097ef0536bef82c:0x318e5,9,296,44,0
b097ef0536bef82c:0x318e5,9,296,45,0
b097ef0536bef82c:0x318e5,9,297,45,0
b097ef0536bef82c:0x318e5,9,298,45,0
b097ef0536bef82c:0x31965,8,8,9,0
b097ef0536bef82c:0x31965,8,9,9,0
b097ef0536bef82c:0x31965,9,9,9,0
b097ef0536bef82c:0x319f3,55,8,9,0
b097ef0536bef82c:0x319f3,55,9,9,0
b097ef0536bef82c:0x319f3,56,9,9,0
b097ef0536bef82c:0x31f3b,53,11,12,0
b097ef0536bef82c:0x31f3b,53,12,12,0
b097ef0536bef82c:0x31f3b,54,12,12,0
b097ef0536bef82c:0xafb3,76,1,0,0
b097ef0536bef82c:0xb355,75,2,0,0
b097ef0536bef82c:0x3344b,74,1,1,0
b097ef0536bef82c:0x307ff,72,2,0,0
b097ef0536bef82c:0x3b0b3,71,2,2,0
b097ef0536bef82c:0x3f2b3,70,12,6,0
b097ef0536bef82c:0x3bfcd,66,22,10,0
b097ef0536bef82c:0x375bb,64,12,6,0
b097ef0536bef82c:0x37686,64,4,4,0
b097ef0536bef82c:0x30b0f,61,6,6,0
b097ef0536bef82c:0x319f3,57,9,9,0
b097ef0536bef82c:0x31f3b,55,12,12,0
b097ef0536bef82c:0x2e610,45,5,0,0
b097ef0536bef82c:0x2e653,22,5,0,0
b097ef0536bef82c:0x2e697,21,40,12,0
b097ef0536bef82c:0x2fcff,9,5,5,0
b097ef0536bef82c:0x5a17d,9,83,42,0
b097ef0536bef82c:0x2fdd5,45,25,2,0
b097ef0536bef82c:0xafb3,77,1,0,0
b097ef0536bef82c:0xb355,76,2,0,0
b097ef0536bef82c:0x3344b,75,1,1,0
b097ef0536bef82c:0x307ff,73,2,0,0
b097ef0536bef82c:0x3b0b3,72,2,2,0
b097ef0536bef82c:0x3f2b3,71,12,6,0
b097ef0536bef82c:0x3bfcd,67,22,10,0
b097ef0536bef82c:0x375bb,65,12,6,0
b097ef0536bef82c:0x37686,65,4,4,0
b097ef0536bef82c:0x30b0f,62,6,6,0
b097ef0536bef82c:0x319f3,58,9,9,0
b097ef0536bef82c:0x31f3b,56,12,12,0
b097ef0536bef82c:0x2e610,46,5,0,0
b097ef0536bef82c:0x2e653,23,5,0,0
b097ef0536bef82c:0x2e697,22,40,12,0
b097ef0536bef82c:0x2fcff,10,5,5,0
b097ef0536bef82c:0x5a17d,10,83,42,0
b097ef0536bef82c:0x2fdd5,45,26,2,0
b097ef0536bef82c:0x2fdd5,46,26,2,0
b097ef0536bef82c:0xafb3,78,1,0,0
b097ef0536bef82c:0xb355,77,2,0,0
b097ef0536bef82c:0x3344b,76,1,1,0
b097ef0536bef82c:0x307ff,74,2,0,0
b097ef0536bef82c:0x3b0b3,73,2,2,0
b097ef0536bef82c:0x3f2b3,72,12,6,0
b097ef0536bef82c:0x3bfcd,68,22,10,0
b097ef0536bef82c:0x375bb,66,12,6,0
b097ef0536bef82c:0x37686,66,4,4,0
b097ef0536bef82c:0x30b0f,63,6,6,0
b097ef0536bef82c:0x319f3,59,9,9,0
b097ef0536bef82c:0x31f3b,57,12,12,0
b097ef0536bef82c:0x2e610,47,5,0,0
b097ef0536bef82c:0x2e653,24,5,0,0
b097ef0536bef82c:0x2e697,23,40,12,0
b097ef0536bef82c:0x2e894,4,0,4,0
b097ef0536bef82c:0x38053,3,58,26,0
b097ef0536bef82c:0x380e5,2,0,2,0
b097ef0536bef82c:0x380ec,2,7,4,0
b097ef0536bef82c:0x38146,2,5,4,0
b097ef0536bef82c:0x3819b,2,5,4,0
b097ef0536bef82c:0x381f4,2,5,4,0
b097ef0536bef82c:0x3824b,2,5,4,0
b097ef0536bef82c:0x382a3,2,6,3,0
b097ef0536bef82c:0x382fc,2,6,3,0
b097ef0536bef82c:0x38353,2,6,3,0
b097ef0536bef82c:0x383ab,2,6,3,0
b097ef0536bef82c:0x38404,2,6,3,0
b097ef0536bef82c:0x3845b,2,6,3,0
b097ef0536bef82c:0x384b3,2,6,3,0
b097ef0536bef82c:0x3850c,2,1,1,0
b097ef0536bef82c:0x3866e,2,10,6,0
b097ef0536bef82c:0x386d4,2,0,2,0
b097ef0536bef82c:0x38716,2,0,2,0
b097ef0536bef82c:0x38757,2,0,2,0
b097ef0536bef82c:0x3879b,2,0,2,0
b097ef0536bef82c:0x387df,2,0,2,0
b097ef0536bef82c:0x38823,2,0,2,0
b097ef0536bef82c:0x38867,2,0,2,0
b097ef0536bef82c:0x388ab,2,60,26,0
b097ef0536bef82c:0x38acd,2,80,34,0
b097ef0536bef82c:0x38bf2,2,0,2,0
b097ef0536bef82c:0x38c79,2,10,6,0
b097ef0536bef82c:0x38cf9,2,10,6,0
b097ef0536bef82c:0x38d44,2,10,6,0
b097ef0536bef82c:0x38d90,2,10,6,0
b097ef0536bef82c:0x38ddc,2,10,6,0
b097ef0536bef82c:0x38e26,2,10,6,0
b097ef0536bef82c:0x38e6e,2,30,14,0
b097ef0536bef82c:0x2e4e2,5,2,0,0
b097ef0536bef82c:0x2e4e2,6,2,0,0
b097ef0536bef82c:0x2fcff,11,5,5,0
b097ef0536bef82c:0x5a17d,10,83,43,0
b097ef0536bef82c:0x5a17d,10,83,44,0
b097ef0536bef82c:0x5a17d,11,83,44,0
b097ef0536bef82c:0x5a17d,11,84,44,0
b097ef0536bef82c:0x5a17d,11,85,44,0
b097ef0536bef82c:0x5a17d,11,85,45,0
b097ef0536bef82c:0x5a17d,11,86,45,0
b097ef0536bef82c:0x5a17d,11,86,46,0
b097ef0536bef82c:0x5a17d,11,87,46,0
b097ef0536bef82c:0x5a17d,11,88,46,0
b097ef0536bef82c:0x5a17d,11,89,46,0
b097ef0536bef82c:0x5a17d,11,90,46,0
b097ef0536bef82c:0x5a17d,11,90,47,0
b097ef0536bef82c:0x5a17d,11,91,47,0
b097ef0536bef82c:0x5a17d,11,91,48,0
b097ef0536bef82c:0x5a17d,11,92,48,0
b097ef0536bef82c:0x5a17d,11,93,48,0
b097ef0536bef82c:0x5a17d,11,94,48,0
b097ef0536bef82c:0x5a17d,11,95,48,0
b097ef0536bef82c:0x5a17d,11,95,49,0
b097ef0536bef82c:0x5a17d,11,96,49,0
b097ef0536bef82c:0x5a17d,11,96,50,0
b097ef0536bef82c:0x5a17d,11,97,50,0
b097ef0536bef82c:0x5a17d,11,98,50,0
b097ef0536bef82c:0x5a17d,11,99,50,0
b097ef0536bef82c:0x5a17d,11,100,50,0
b097ef0536bef82c:0x5a17d,11,100,51,0
b097ef0536bef82c:0x5a17d,11,101,51,0
b097ef0536bef82c:0x5a17d,11,101,52,0
b097ef0536bef82c:0x5a17d,11,102,52,0
b097ef0536bef82c:0x5a17d,11,103,52,0
b097ef0536bef82c:0x5a17d,11,104,52,0
b097ef0536bef82c:0x5a17d,11,105,52,0
b097ef0536bef82c:0x5a17d,11,105,53,0
b097ef0536bef82c:0x5a17d,11,106,53,0
b097ef0536bef82c:0x5a17d,11,106,54,0
b097ef0536bef82c:0x5a17d,11,107,54,0
b097ef0536bef82c:0x5a17d,11,108,54,0
b097ef0536bef82c:0x5a17d,11,109,54,0
b097ef0536bef82c:0x5a17d,11,110,54,0
b097ef0536bef82c:0x5a17d,11,110,55,0
b097ef0536bef82c:0x5a17d,11,111,55,0
b097ef0536bef82c:0x5a17d,11,111,56,0
b097ef0536bef82c:0x5a17d,11,112,56,0
b097ef0536bef82c:0x5a17d,11,113,56,0
b097ef0536bef82c:0x5a17d,11,114,56,0
b097ef0536bef82c:0x5a17d,11,115,56,0
b097ef0536bef82c:0x5a17d,11,115,57,0
b097ef0536bef82c:0x5a17d,11,116,57,0
b097ef0536bef82c:0x5a17d,11,116,58,0
b097ef0536bef82c:0x5a17d,11,117,58,0
b097ef0536bef82c:0x5a17d,11,118,58,0
b097ef0536bef82c:0x5a17d,11,119,58,0
b097ef0536bef82c:0x5a17d,11,120,58,0
b097ef0536bef82c:0x5a17d,11,120,59,0
b097ef0536bef82c:0x5a17d,11,121,59,0
b097ef0536bef82c:0x5a17d,11,121,60,0
b097ef0536bef82c:0x5a17d,11,122,60,0
b097ef0536bef82c:0x5a17d,11,123,60,0
b097ef0536bef82c:0x2fdd5,47,26,2,0
b097ef0536bef82c:0xafb3,79,1,0,0
b097ef0536bef82c:0xb355,78,2,0,0
b097ef0536bef82c:0x3344b,77,1,1,0
b097ef0536bef82c:0x307ff,75,2,0,0
b097ef0536bef82c:0x3b0b3,74,2,2,0
b097ef0536bef82c:0x3f2b3,73,12,6,0
b097ef0536bef82c:0x3bfcd,69,22,10,0
b097ef0536bef82c:0x375bb,67,12,6,0
b097ef0536bef82c:0x37686,67,4,4,0
b097ef0536bef82c:0x3c1db,5,12,6,0
b097ef0536bef82c:0x36cfe,5,2,2,0
b097ef0536bef82c:0x36d48,5,2,3,0
b097ef0536bef82c:0x36d4e,2,1,1,0
b097ef0536bef82c:0x36fdb,5,3,2,0
b097ef0536bef82c:0x30b0f,64,6,6,0
b097ef0536bef82c:0x30cbd,10,4,0,0
b097ef0536bef82c:0x310ba,3,4,0,0
b097ef0536bef82c:0x310ba,4,4,0,0
b097ef0536bef82c:0x318e5,9,298,46,0
b097ef0536bef82c:0x318e5,9,299,46,0
b097ef0536bef82c:0x318e5,10,299,46,0
b097ef0536bef82c:0x318e5,10,300,46,0
b097ef0536bef82c:0x318e5,10,301,46,0
b097ef0536bef82c:0x318e5,10,302,46,0
b097ef0536bef82c:0x318e5,10,303,46,0
b097ef0536bef82c:0x318e5,10,304,46,0
b097ef0536bef82c:0x318e5,10,305,46,0
b097ef0536bef82c:0x318e5,10,306,46,0
b097ef0536bef82c:0x318e5,10,307,46,0
b097ef0536bef82c:0x318e5,10,308,46,0
b097ef0536bef82c:0x318e5,10,309,46,0
b097ef0536bef82c:0x318e5,10,310,46,0
b097ef0536bef82c:0x318e5,10,311,46,0
b097ef0536bef82c:0x318e5,10,312,46,0
b097ef0536bef82c:0x318e5,10,313,46,0
b097ef0536bef82c:0x318e5,10,313,47,0
b097ef0536bef82c:0x318e5,10,314,47,0
b097ef0536bef82c:0x318e5,10,315,47,0
b097ef0536bef82c:0x318e5,10,316,47,0
b097ef0536bef82c:0x318e5,10,317,47,0
b097ef0536bef82c:0x318e5,10,318,47,0
b097ef0536bef82c:0x318e5,10,319,47,0
b097ef0536bef82c:0x318e5,10,319,48,0
b097ef0536bef82c:0x318e5,10,320,48,0
b097ef0536bef82c:0x318e5,10,321,48,0
b097ef0536bef82c:0x318e5,10,322,48,0
b097ef0536bef82c:0x318e5,10,323,48,0
b097ef0536bef82c:0x318e5,10,323,49,0
b097ef0536bef82c:0x318e5,10,324,49,0
b097ef0536bef82c:0x318e5,10,324,50,0
b097ef0536bef82c:0x318e5,10,325,50,0
b097ef0536bef82c:0x318e5,10,326,50,0
b097ef0536bef82c:0x31965,9,9,10,0
b097ef0536bef82c:0x31965,9,10,10,0
b097ef0536bef82c:0x31965,10,10,10,0
b097ef0536bef82c:0x319f3,59,9,10,0
b097ef0536bef82c:0x319f3,59,10,10,0
b097ef0536bef82c:0x319f3,60,10,10,0
b097ef0536bef82c:0x3249d,7,5,0,0
b097ef0536bef82c:0x3249d,8,5,0,0
b097ef0536bef82c:0x330c5,7,180,30,0
b097ef0536bef82c:0x330c5,7,181,30,0
b097ef0536bef82c:0x330c5,8,181,30,0
b097ef0536bef82c:0x330c5,8,182,30,0
b097ef0536bef82c:0x330c5,8,183,30,0
b097ef0536bef82c:0x330c5,8,183,31,0
b097ef0536bef82c:0x330c5,8,184,31,0
b097ef0536bef82c:0x330c5,8,184,32,0
b097ef0536bef82c:0x330c5,8,185,32,0
b097ef0536bef82c:0x330c5,8,186,32,0
b097ef0536bef82c:0x33185,7,7,8,0
b097ef0536bef82c:0x33185,7,8,8,0
b097ef0536bef82c:0x33185,8,8,8,0
b097ef0536bef82c:0x31f3b,57,12,13,0
b097ef0536bef82c:0x31f3b,57,13,13,0
b097ef0536bef82c:0x31f3b,58,13,13,0
b097ef0536bef82c:0x3a278,4,5,0,0
b097ef0536bef82c:0x3a278,5,5,0,0
b097ef0536bef82c:0xafb3,80,1,0,0
b097ef0536bef82c:0xb355,79,2,0,0
b097ef0536bef82c:0x3344b,78,1,1,0
b097ef0536bef82c:0x307ff,76,2,0,0
b097ef0536bef82c:0x3b0b3,75,2,2,0
b097ef0536bef82c:0x3f2b3,74,12,6,0
b097ef0536bef82c:0x3bfcd,70,22,10,0
b097ef0536bef82c:0x375bb,68,12,6,0
b097ef0536bef82c:0x37686,68,4,4,0
b097ef0536bef82c:0x30b0f,65,6,6,0
b097ef0536bef82c:0x319f3,61,10,10,0
b097ef0536bef82c:0x31f3b,59,13,13,0
b097ef0536bef82c:0x2e610,48,5,0,0
b097ef0536bef82c:0x2e653,25,5,0,0
b097ef0536bef82c:0x2e697,24,40,12,0
b097ef0536bef82c:0x2fcff,12,5,5,0
b097ef0536bef82c:0x5a17d,12,123,60,0
b097ef0536bef82c:0x2fdd5,48,26,2,0
b097ef0536bef82c:0xafb3,81,1,0,0
b097ef0536bef82c:0xb355,80,2,0,0
b097ef0536bef82c:0x3344b,79,1,1,0
b097ef0536bef82c:0x307ff,77,2,0,0
b097ef0536bef82c:0x3b0b3,76,2,2,0
b097ef0536bef82c:0x3f2b3,75,12,6,0
b097ef0536bef82c:0x3bfcd,71,22,10,0
b097ef0536bef82c:0x375bb,69,12,6,0
b097ef0536bef82c:0x37686,69,4,4,0
b097ef0536bef82c:0x30b0f,66,6,6,0
b097ef0536bef82c:0x319f3,62,10,10,0
b097ef0536bef82c:0x31f3b,60,13,13,0
b097ef0536bef82c:0x2e610,49,5,0,0
b097ef0536bef82c:0x2e653,26,5,0,0
b097ef0536bef82c:0x2e697,25,40,12,0
b097ef0536bef82c:0x2e4e2,6,3,0,0
b097ef0536bef82c:0x2e4e2,7,3,0,0
b097ef0536bef82c:0x2e610,49,6,0,0
b097ef0536bef82c:0x2e610,50,6,0,0
b097ef0536bef82c:0x30a23,21,2,1,0
b097ef0536bef82c:0x30a23,21,3,1,0
b097ef0536bef82c:0x30a23,22,3,1,0
b097ef0536bef82c:0x30a6b,20,3,0,0
b097ef0536bef82c:0x30a6b,21,3,0,0
b097ef0536bef82c:0x33eb5,19,2,3,0
b097ef0536bef82c:0x33eb5,19,3,3,0
b097ef0536bef82c:0x33eb5,20,3,3,0
b097ef0536bef82c:0x33ff7,18,0,3,0
b097ef0536bef82c:0x33ff7,18,0,4,0
b097ef0536bef82c:0x33ff7,19,0,4,0
b097ef0536bef82c:0x3403e,18,3,2,0
b097ef0536bef82c:0x3403e,19,3,2,0
b097ef0536bef82c:0x3443f,26,150,47,0
b097ef0536bef82c:0x3443f,26,150,48,0
b097ef0536bef82c:0x3443f,27,150,48,0
b097ef0536bef82c:0x3443f,28,150,48,0
b097ef0536bef82c:0x3443f,28,151,48,0
b097ef0536bef82c:0x3443f,29,151,48,0
b097ef0536bef82c:0x3443f,29,152,48,0
b097ef0536bef82c:0x3443f,29,153,48,0
b097ef0536bef82c:0x3443f,29,153,49,0
b097ef0536bef82c:0x3443f,29,154,49,0
b097ef0536bef82c:0x3443f,29,154,50,0
b097ef0536bef82c:0x3443f,29,155,50,0
b097ef0536bef82c:0x3443f,29,156,50,0
b097ef0536bef82c:0x3443f,29,157,50,0
b097ef0536bef82c:0x3443f,29,158,50,0
b097ef0536bef82c:0x3443f,29,158,51,0
b097ef0536bef82c:0x3443f,29,159,51,0
b097ef0536bef82c:0x3443f,29,159,52,0
b097ef0536bef82c:0x3443f,29,160,52,0
b097ef0536bef82c:0x3443f,29,161,52,0
b097ef0536bef82c:0x3443f,29,162,52,0
b097ef0536bef82c:0x3443f,29,163,52,0
b097ef0536bef82c:0x3443f,29,163,53,0
b097ef0536bef82c:0x3443f,29,164,53,0
b097ef0536bef82c:0x3443f,29,165,53,0
b097ef0536bef82c:0x3443f,29,166,53,0
b097ef0536bef82c:0x3443f,29,167,53,0
b097ef0536bef82c:0x3443f,29,167,54,0
b097ef0536bef82c:0x3443f,29,168,54,0
b097ef0536bef82c:0x3443f,29,169,54,0
b097ef0536bef82c:0x3443f,29,170,54,0
b097ef0536bef82c:0x3443f,29,171,54,0
b097ef0536bef82c:0x3443f,29,171,55,0
b097ef0536bef82c:0x3443f,29,172,55,0
b097ef0536bef82c:0x3443f,29,172,56,0
b097ef0536bef82c:0x3443f,29,173,56,0
b097ef0536bef82c:0x3443f,29,174,56,0
b097ef0536bef82c:0x3443f,29,175,56,0
b097ef0536bef82c:0x3443f,29,176,56,0
b097ef0536bef82c:0x3443f,29,176,57,0
b097ef0536bef82c:0x3443f,29,177,57,0
b097ef0536bef82c:0x3443f,29,178,57,0
b097ef0536bef82c:0x3443f,29,179,57,0
b097ef0536bef82c:0x3443f,29,180,57,0
b097ef0536bef82c:0x3443f,29,180,58,0
b097ef0536bef82c:0x3443f,29,181,58,0
b097ef0536bef82c:0x3443f,29,182,58,0
b097ef0536bef82c:0x3443f,29,183,58,0
b097ef0536bef82c:0x3443f,29,184,58,0
b097ef0536bef82c:0x3443f,29,184,59,0
b097ef0536bef82c:0x3443f,29,185,59,0
b097ef0536bef82c:0x3443f,29,186,59,0
b097ef0536bef82c:0x3443f,29,187,59,0
b097ef0536bef82c:0x3443f,29,188,59,0
b097ef0536bef82c:0x3443f,29,188,60,0
b097ef0536bef82c:0x3443f,29,189,60,0
b097ef0536bef82c:0x3443f,29,190,60,0
b097ef0536bef82c:0x3443f,29,191,60,0
b097ef0536bef82c:0x3443f,29,192,60,0
b097ef0536bef82c:0x3443f,29,192,61,0
b097ef0536bef82c:0x3443f,29,193,61,0
b097ef0536bef82c:0x3443f,29,194,61,0
b097ef0536bef82c:0x3443f,29,195,61,0
b097ef0536bef82c:0x3443f,29,196,61,0
b097ef0536bef82c:0x3443f,29,196,62,0
b097ef0536bef82c:0x3443f,29,197,62,0
b097ef0536bef82c:0x3443f,29,198,62,0
b097ef0536bef82c:0x3443f,29,199,62,0
b097ef0536bef82c:0x3443f,29,200,62,0
b097ef0536bef82c:0x3443f,29,200,63,0
b097ef0536bef82c:0x3443f,29,201,63,0
b097ef0536bef82c:0x3443f,29,202,63,0
b097ef0536bef82c:0x3443f,29,203,63,0
b097ef0536bef82c:0x3443f,29,204,63,0
b097ef0536bef82c:0x3443f,29,204,64,0
b097ef0536bef82c:0x3443f,29,205,64,0
b097ef0536bef82c:0x3443f,29,206,64,0
b097ef0536bef82c:0x3443f,29,207,64,0
b097ef0536bef82c:0x3443f,29,208,64,0
b097ef0536bef82c:0x3443f,29,208,65,0
b097ef0536bef82c:0x3443f,29,209,65,0
b097ef0536bef82c:0x3443f,29,210,65,0
b097ef0536bef82c:0x3443f,29,211,65,0
b097ef0536bef82c:0x3443f,29,212,65,0
b097ef0536bef82c:0x3443f,29,212,66,0
b097ef0536bef82c:0x3443f,29,213,66,0
b097ef0536bef82c:0x3443f,29,214,66,0
b097ef0536bef82c:0x3443f,29,215,66,0
b097ef0536bef82c:0x3443f,29,216,66,0
b097ef0536bef82c:0x3443f,29,216,67,0
b097ef0536bef82c:0x3443f,29,217,67,0
b097ef0536bef82c:0x3443f,29,218,67,0
b097ef0536bef82c:0x3443f,29,219,67,0
b097ef0536bef82c:0x3443f,29,220,67,0
b097ef0536bef82c:0x3443f,29,220,68,0
b097ef0536bef82c:0x3443f,29,221,68,0
b097ef0536bef82c:0x3443f,29,222,68,0
b097ef0536bef82c:0x2fdd5,48,26,3,0
b097ef0536bef82c:0x2fdd5,48,27,3,0
b097ef0536bef82c:0x2fdd5,49,27,3,0
b097ef0536bef82c:0xafb3,82,1,0,0
b097ef0536bef82c:0xb355,81,2,0,0
b097ef0536bef82c:0x3344b,80,1,1,0
b097ef0536bef82c:0x307ff,78,2,0,0
b097ef0536bef82c:0x3b0b3,77,2,2,0
b097ef0536bef82c:0x3f2b3,76,12,6,0
b097ef0536bef82c:0x3bfcd,72,22,10,0
b097ef0536bef82c:0x375bb,70,12,6,0
b097ef0536bef82c:0x37686,70,4,4,0
b097ef0536bef82c:0x30b0f,67,6,6,0
b097ef0536bef82c:0x30cbd,11,4,0,0
b097ef0536bef82c:0x31466,5,4,0,0
b097ef0536bef82c:0x315cf,4,3,0,0
b097ef0536bef82c:0x31737,4,3,0,0
b097ef0536bef82c:0x3189f,2,3,0,0
b097ef0536bef82c:0x3189f,3,3,0,0
b097ef0536bef82c:0x31466,5,5,0,0
b097ef0536bef82c:0x31466,6,5,0,0
b097ef0536bef82c:0x315cf,4,4,0,0
b097ef0536bef82c:0x315cf,5,4,0,0
b097ef0536bef82c:0x31737,4,4,0,0
b097ef0536bef82c:0x31737,5,4,0,0
b097ef0536bef82c:0x3189f,3,4,0,0
b097ef0536bef82c:0x3189f,4,4,0,0
b097ef0536bef82c:0x318e5,10,326,51,0
b097ef0536bef82c:0x318e5,10,327,51,0
b097ef0536bef82c:0x318e5,11,327,51,0
b097ef0536bef82c:0x31965,11,10,10,0
b097ef0536bef82c:0xafb3,83,1,0,0
b097ef0536bef82c:0xb355,82,2,0,0
b097ef0536bef82c:0x3344b,81,1,1,0
b097ef0536bef82c:0x307ff,79,2,0,0
b097ef0536bef82c:0x3b0b3,78,2,2,0
b097ef0536bef82c:0x3f2b3,77,12,6,0
b097ef0536bef82c:0x3bfcd,73,22,10,0
b097ef0536bef82c:0x375bb,71,12,6,0
b097ef0536bef82c:0x37686,71,4,4,0
b097ef0536bef82c:0x30b0f,68,6,6,0
b097ef0536bef82c:0x319f3,63,10,10,0
b097ef0536bef82c:0x31f3b,61,13,13,0
b097ef0536bef82c:0x2e610,51,6,0,0
b097ef0536bef82c:0x2e653,27,5,0,0
b097ef0536bef82c:0x2e697,26,40,12,0
b097ef0536bef82c:0x2e4e2,8,3,0,0
b097ef0536bef82c:0x2e610,52,6,0,0
b097ef0536bef82c:0x30a23,23,3,1,0
b097ef0536bef82c:0x30a6b,22,3,0,0
b097ef0536bef82c:0x33eb5,21,3,3,0
b097ef0536bef82c:0x2fcff,12,5,6,0
b097ef0536bef82c:0x2fcff,12,6,6,0
b097ef0536bef82c:0x2fcff,13,6,6,0
b097ef0536bef82c:0x5a17d,12,124,60,0
b097ef0536bef82c:0x5a17d,13,124,60,0
b097ef0536bef82c:0x5a17d,13,124,61,0
b097ef0536bef82c:0x5a17d,13,124,62,0
b097ef0536bef82c:0x5a17d,13,124,63,0
b097ef0536bef82c:0x5a17d,13,124,64,0
b097ef0536bef82c:0x5a17d,13,124,65,0
b097ef0536bef82c:0x5a17d,13,124,66,0
b097ef0536bef82c:0x2fdd5,50,27,3,0
b097ef0536bef82c:0xafb3,84,1,0,0
b097ef0536bef82c:0xb355,83,2,0,0
b097ef0536bef82c:0x3344b,82,1,1,0
b097ef0536bef82c:0x307ff,80,2,0,0
b097ef0536bef82c:0x3b0b3,79,2,2,0
b097ef0536bef82c:0x3f2b3,78,12,6,0
b097ef0536bef82c:0x3bfcd,74,22,10,0
b097ef0536bef82c:0x375bb,72,12,6,0
b097ef0536bef82c:0x37686,72,4,4,0
b097ef0536bef82c:0x30b0f,69,6,6,0
b097ef0536bef82c:0x319f3,64,10,10,0
b097ef0536bef82c:0x31f3b,62,13,13,0
b097ef0536bef82c:0x2e610,53,6,0,0
b097ef0536bef82c:0x30a23,24,3,1,0
b097ef0536bef82c:0x30a6b,23,3,0,0
b097ef0536bef82c:0x33eb5,22,3,3,0
b097ef0536bef82c:0x33ff7,20,0,4,0
b097ef0536bef82c:0x3403e,20,3,2,0
b097ef0536bef82c:0x3443f,30,222,68,0
b097ef0536bef82c:0x3443f,31,222,68,0
b097ef0536bef82c:0x3443f,31,223,68,0
b097ef0536bef82c:0x3443f,32,223,68,0
b097ef0536bef82c:0x3443f,33,223,68,0
b097ef0536bef82c:0x3443f,34,223,68,0
b097ef0536bef82c:0x480e0,1,11,6,0
b097ef0536bef82c:0x480e0,1,12,6,0
b097ef0536bef82c:0x480e0,2,12,6,0
b097ef0536bef82c:0x487c5,0,0,1,0
b097ef0536bef82c:0x487c5,0,1,1,0
b097ef0536bef82c:0x487c5,1,1,1,0
b097ef0536bef82c:0x487c5,1,2,1,0
b097ef0536bef82c:0x487c5,1,3,1,0
b097ef0536bef82c:0x487c5,1,3,2,0
b097ef0536bef82c:0x487c5,1,4,2,0
b097ef0536bef82c:0x487c5,1,4,3,0
b097ef0536bef82c:0x487c5,1,5,3,0
b097ef0536bef82c:0x487c5,1,6,3,0
b097ef0536bef82c:0x487c5,1,7,3,0
b097ef0536bef82c:0x487c5,1,8,3,0
b097ef0536bef82c:0x487c5,1,8,4,0
b097ef0536bef82c:0x487c5,1,9,4,0
b097ef0536bef82c:0x487c5,1,9,5,0
b097ef0536bef82c:0x487c5,1,10,5,0
b097ef0536bef82c:0x487c5,1,11,5,0
b097ef0536bef82c:0x48899,0,0,1,0
b097ef0536bef82c:0x48899,0,1,1,0
b097ef0536bef82c:0x48899,1,1,1,0
b097ef0536bef82c:0x48899,1,2,1,0
b097ef0536bef82c:0x48899,1,3,1,0
b097ef0536bef82c:0x48899,1,3,2,0
b097ef0536bef82c:0x48899,1,4,2,0
b097ef0536bef82c:0x48899,1,4,3,0
b097ef0536bef82c:0x48899,1,5,3,0
b097ef0536bef82c:0x48899,1,6,3,0
b097ef0536bef82c:0x48899,1,7,3,0
b097ef0536bef82c:0x48899,1,8,3,0
b097ef0536bef82c:0x48899,1,8,4,0
b097ef0536bef82c:0x48899,1,9,4,0
b097ef0536bef82c:0x48899,1,9,5,0
b097ef0536bef82c:0x48899,1,10,5,0
b097ef0536bef82c:0x48899,1,11,5,0
b097ef0536bef82c:0x489eb,0,0,1,0
b097ef0536bef82c:0x489eb,0,1,1,0
b097ef0536bef82c:0x489eb,1,1,1,0
b097ef0536bef82c:0x489eb,1,2,1,0
b097ef0536bef82c:0x489eb,1,3,1,0
b097ef0536bef82c:0x489eb,1,3,2,0
b097ef0536bef82c:0x489eb,1,4,2,0
b097ef0536bef82c:0x489eb,1,4,3,0
b097ef0536bef82c:0x489eb,1,5,3,0
b097ef0536bef82c:0x489eb,1,6,3,0
b097ef0536bef82c:0x489eb,1,7,3,0
b097ef0536bef82c:0x489eb,1,8,3,0
b097ef0536bef82c:0x489eb,1,8,4,0
b097ef0536bef82c:0x489eb,1,9,4,0
b097ef0536bef82c:0x489eb,1,9,5,0
b097ef0536bef82c:0x489eb,1,10,5,0
b097ef0536bef82c:0x489eb,1,11,5,0
b097ef0536bef82c:0x48a81,0,0,1,0
b097ef0536bef82c:0x48a81,0,1,1,0
b097ef0536bef82c:0x48a81,1,1,1,0
b097ef0536bef82c:0x48b17,0,0,1,0
b097ef0536bef82c:0x48b17,0,1,1,0
b097ef0536bef82c:0x48b17,1,1,1,0
b097ef0536bef82c:0x48bb0,0,0,1,0
b097ef0536bef82c:0x48bb0,0,1,1,0
b097ef0536bef82c:0x48bb0,1,1,1,0
b097ef0536bef82c:0x48c45,0,0,1,0
b097ef0536bef82c:0x48c45,0,1,1,0
b097ef0536bef82c:0x48c45,1,1,1,0
b097ef0536bef82c:0x48c45,1,2,1,0
b097ef0536bef82c:0x48c45,1,3,1,0
b097ef0536bef82c:0x48c45,1,3,2,0
b097ef0536bef82c:0x48c45,1,4,2,0
b097ef0536bef82c:0x48c45,1,4,3,0
b097ef0536bef82c:0x48c45,1,5,3,0
b097ef0536bef82c:0x48c45,1,6,3,0
b097ef0536bef82c:0x48c45,1,7,3,0
b097ef0536bef82c:0x48c45,1,8,3,0
b097ef0536bef82c:0x48c45,1,8,4,0
b097ef0536bef82c:0x48c45,1,9,4,0
b097ef0536bef82c:0x48c45,1,9,5,0
b097ef0536bef82c:0x48c45,1,10,5,0
b097ef0536bef82c:0x48c45,1,11,5,0
b097ef0536bef82c:0x48cdc,1,1,2,0
b097ef0536bef82c:0x48cdc,1,2,2,0
b097ef0536bef82c:0x48cdc,2,2,2,0
b097ef0536bef82c:0x48d75,1,11,6,0
b097ef0536bef82c:0x48d75,1,12,6,0
b097ef0536bef82c:0x48d75,2,12,6,0
b097ef0536bef82c:0x48d75,2,13,6,0
b097ef0536bef82c:0x48d75,2,14,6,0
b097ef0536bef82c:0x48d75,2,14,7,0
b097ef0536bef82c:0x48d75,2,15,7,0
b097ef0536bef82c:0x48d75,2,15,8,0
b097ef0536bef82c:0x48d75,2,16,8,0
b097ef0536bef82c:0x48d75,2,17,8,0
b097ef0536bef82c:0x48d75,2,18,8,0
b097ef0536bef82c:0x48d75,2,19,8,0
b097ef0536bef82c:0x48d75,2,19,9,0
b097ef0536bef82c:0x48d75,2,20,9,0
b097ef0536bef82c:0x48d75,2,20,10,0
b097ef0536bef82c:0x48d75,2,21,10,0
b097ef0536bef82c:0x48d75,2,22,10,0
b097ef0536bef82c:0x48e0c,1,11,6,0
b097ef0536bef82c:0x48e0c,1,12,6,0
b097ef0536bef82c:0x48e0c,2,12,6,0
b097ef0536bef82c:0x48e0c,2,13,6,0
b097ef0536bef82c:0x48e0c,2,14,6,0
b097ef0536bef82c:0x48e0c,2,14,7,0
b097ef0536bef82c:0x48e0c,2,15,7,0
b097ef0536bef82c:0x48e0c,2,15,8,0
b097ef0536bef82c:0x48e0c,2,16,8,0
b097ef0536bef82c:0x48e0c,2,17,8,0
b097ef0536bef82c:0x48e0c,2,18,8,0
b097ef0536bef82c:0x48e0c,2,19,8,0
b097ef0536bef82c:0x48e0c,2,19,9,0
b097ef0536bef82c:0x48e0c,2,20,9,0
b097ef0536bef82c:0x48e0c,2,20,10,0
b097ef0536bef82c:0x48e0c,2,21,10,0
b097ef0536bef82c:0x48e0c,2,22,10,0
b097ef0536bef82c:0x489eb,1,11,6,0
b097ef0536bef82c:0x489eb,1,12,6,0
b097ef0536bef82c:0x489eb,2,12,6,0
b097ef0536bef82c:0x489eb,2,13,6,0
b097ef0536bef82c:0x489eb,2,14,6,0
b097ef0536bef82c:0x489eb,2,14,7,0
b097ef0536bef82c:0x489eb,2,15,7,0
b097ef0536bef82c:0x489eb,2,15,8,0
b097ef0536bef82c:0x489eb,2,16,8,0
b097ef0536bef82c:0x489eb,2,17,8,0
b097ef0536bef82c:0x489eb,2,18,8,0
b097ef0536bef82c:0x489eb,2,19,8,0
b097ef0536bef82c:0x489eb,2,19,9,0
b097ef0536bef82c:0x489eb,2,20,9,0
b097ef0536bef82c:0x489eb,2,20,10,0
b097ef0536bef82c:0x489eb,2,21,10,0
b097ef0536bef82c:0x489eb,2,22,10,0
b097ef0536bef82c:0x48a81,1,1,2,0
b097ef0536bef82c:0x48a81,1,2,2,0
b097ef0536bef82c:0x48a81,2,2,2,0
b097ef0536bef82c:0x48a81,2,3,2,0
b097ef0536bef82c:0x48a81,2,4,2,0
b097ef0536bef82c:0x48a81,2,4,3,0
b097ef0536bef82c:0x48a81,2,5,3,0
b097ef0536bef82c:0x48a81,2,5,4,0
b097ef0536bef82c:0x48a81,2,6,4,0
b097ef0536bef82c:0x48a81,2,7,4,0
b097ef0536bef82c:0x48a81,2,8,4,0
b097ef0536bef82c:0x48a81,2,9,4,0
b097ef0536bef82c:0x48a81,2,9,5,0
b097ef0536bef82c:0x48a81,2,10,5,0
b097ef0536bef82c:0x48a81,2,10,6,0
b097ef0536bef82c:0x48a81,2,11,6,0
b097ef0536bef82c:0x48a81,2,12,6,0
b097ef0536bef82c:0x48b17,1,1,2,0
b097ef0536bef82c:0x48b17,1,2,2,0
b097ef0536bef82c:0x48b17,2,2,2,0
b097ef0536bef82c:0x48bb0,1,1,2,0
b097ef0536bef82c:0x48bb0,1,2,2,0
b097ef0536bef82c:0x48bb0,2,2,2,0
b097ef0536bef82c:0x48bb0,2,3,2,0
b097ef0536bef82c:0x48bb0,2,4,2,0
b097ef0536bef82c:0x48bb0,2,4,3,0
b097ef0536bef82c:0x48bb0,2,5,3,0
b097ef0536bef82c:0x48bb0,2,5,4,0
b097ef0536bef82c:0x48bb0,2,6,4,0
b097ef0536bef82c:0x48bb0,2,7,4,0
b097ef0536bef82c:0x48bb0,2,8,4,0
b097ef0536bef82c:0x48bb0,2,9,4,0
b097ef0536bef82c:0x48bb0,2,9,5,0
b097ef0536bef82c:0x48bb0,2,10,5,0
b097ef0536bef82c:0x48bb0,2,10,6,0
b097ef0536bef82c:0x48bb0,2,11,6,0
b097ef0536bef82c:0x48bb0,2,12,6,0
b097ef0536bef82c:0x48cdc,2,2,3,0
b097ef0536bef82c:0x48cdc,2,3,3,0
b097ef0536bef82c:0x48cdc,3,3,3,0
b097ef0536bef82c:0x48cdc,3,4,3,0
b097ef0536bef82c:0x48cdc,3,5,3,0
b097ef0536bef82c:0x48cdc,3,5,4,0
b097ef0536bef82c:0x48cdc,3,6,4,0
b097ef0536bef82c:0x48cdc,3,6,5,0
b097ef0536bef82c:0x48cdc,3,7,5,0
b097ef0536bef82c:0x48cdc,3,8,5,0
b097ef0536bef82c:0x48cdc,3,9,5,0
b097ef0536bef82c:0x48cdc,3,10,5,0
b097ef0536bef82c:0x48cdc,3,10,6,0
b097ef0536bef82c:0x48cdc,3,11,6,0
b097ef0536bef82c:0x48cdc,3,11,7,0
b097ef0536bef82c:0x48cdc,3,12,7,0
b097ef0536bef82c:0x48cdc,3,13,7,0
b097ef0536bef82c:0x48d75,2,22,11,0
b097ef0536bef82c:0x48d75,2,23,11,0
b097ef0536bef82c:0x48d75,3,23,11,0
b097ef0536bef82c:0x48e0c,2,22,11,0
b097ef0536bef82c:0x48e0c,2,23,11,0
b097ef0536bef82c:0x48e0c,3,23,11,0
b097ef0536bef82c:0x4942b,2,32,15,0
b097ef0536bef82c:0x4942b,2,33,15,0
b097ef0536bef82c:0x4942b,3,33,15,0
b097ef0536bef82c:0x4942b,3,34,15,0
b097ef0536bef82c:0x4942b,3,35,15,0
b097ef0536bef82c:0x4942b,3,35,16,0
b097ef0536bef82c:0x4942b,3,36,16,0
b097ef0536bef82c:0x4942b,3,36,17,0
b097ef0536bef82c:0x4942b,3,37,17,0
b097ef0536bef82c:0x4942b,3,38,17,0
b097ef0536bef82c:0x4942b,3,39,17,0
b097ef0536bef82c:0x4942b,3,40,17,0
b097ef0536bef82c:0x4942b,3,40,18,0
b097ef0536bef82c:0x4942b,3,41,18,0
b097ef0536bef82c:0x4942b,3,41,19,0
b097ef0536bef82c:0x4942b,3,42,19,0
b097ef0536bef82c:0x4942b,3,43,19,0
b097ef0536bef82c:0x4942b,3,44,19,0
b097ef0536bef82c:0x4942b,3,45,19,0
b097ef0536bef82c:0x4942b,3,45,20,0
b097ef0536bef82c:0x4942b,3,46,20,0
b097ef0536bef82c:0x4942b,3,46,21,0
b097ef0536bef82c:0x4942b,3,47,21,0
b097ef0536bef82c:0x4942b,3,48,21,0
b097ef0536bef82c:0x491b7,2,2,3,0
b097ef0536bef82c:0x491b7,2,3,3,0
b097ef0536bef82c:0x491b7,3,3,3,0
b097ef0536bef82c:0x491b7,3,4,3,0
b097ef0536bef82c:0x491b7,3,5,3,0
b097ef0536bef82c:0x491b7,3,5,4,0
b097ef0536bef82c:0x491b7,3,6,4,0
b097ef0536bef82c:0x491b7,3,6,5,0
b097ef0536bef82c:0x491b7,3,7,5,0
b097ef0536bef82c:0x491b7,3,8,5,0
b097ef0536bef82c:0x491b7,3,9,5,0
b097ef0536bef82c:0x491b7,3,10,5,0
b097ef0536bef82c:0x491b7,3,10,6,0
b097ef0536bef82c:0x491b7,3,11,6,0
b097ef0536bef82c:0x491b7,3,11,7,0
b097ef0536bef82c:0x491b7,3,12,7,0
b097ef0536bef82c:0x491b7,3,13,7,0
b097ef0536bef82c:0x491b7,3,14,7,0
b097ef0536bef82c:0x491b7,3,15,7,0
b097ef0536bef82c:0x491b7,3,15,8,0
b097ef0536bef82c:0x491b7,3,16,8,0
b097ef0536bef82c:0x491b7,3,16,9,0
b097ef0536bef82c:0x491b7,3,17,9,0
b097ef0536bef82c:0x491b7,3,18,9,0
b097ef0536bef82c:0x491b7,3,18,10,0
b097ef0536bef82c:0x491b7,3,19,10,0
b097ef0536bef82c:0x491b7,4,19,10,0
b097ef0536bef82c:0x491b7,4,20,10,0
b097ef0536bef82c:0x491b7,4,21,10,0
b097ef0536bef82c:0x491b7,4,21,11,0
b097ef0536bef82c:0x491b7,4,22,11,0
b097ef0536bef82c:0x491b7,4,22,12,0
b097ef0536bef82c:0x491b7,4,23,12,0
b097ef0536bef82c:0x491b7,4,24,12,0
b097ef0536bef82c:0x491b7,4,25,12,0
b097ef0536bef82c:0x491b7,4,26,12,0
b097ef0536bef82c:0x491b7,4,26,13,0
b097ef0536bef82c:0x491b7,4,27,13,0
b097ef0536bef82c:0x491b7,4,27,14,0
b097ef0536bef82c:0x491b7,4,28,14,0
b097ef0536bef82c:0x491b7,4,29,14,0
b097ef0536bef82c:0x491b7,4,30,14,0
b097ef0536bef82c:0x491b7,4,31,14,0
b097ef0536bef82c:0x491b7,4,31,15,0
b097ef0536bef82c:0x491b7,4,32,15,0
b097ef0536bef82c:0x491b7,4,32,16,0
b097ef0536bef82c:0x491b7,4,33,16,0
b097ef0536bef82c:0x491b7,4,34,16,0
b097ef0536bef82c:0x491b7,4,34,17,0
b097ef0536bef82c:0x491b7,4,34,18,0
b097ef0536bef82c:0x491b7,5,34,18,0
b097ef0536bef82c:0x491b7,5,35,18,0
b097ef0536bef82c:0x491b7,5,36,18,0
b097ef0536bef82c:0x491b7,5,36,19,0
b097ef0536bef82c:0x491b7,5,37,19,0
b097ef0536bef82c:0x491b7,5,37,20,0
b097ef0536bef82c:0x491b7,5,38,20,0
b097ef0536bef82c:0x491b7,5,39,20,0
b097ef0536bef82c:0x491b7,5,40,20,0
b097ef0536bef82c:0x491b7,5,41,20,0
b097ef0536bef82c:0x491b7,5,41,21,0
b097ef0536bef82c:0x491b7,5,42,21,0
b097ef0536bef82c:0x491b7,5,42,22,0
b097ef0536bef82c:0x491b7,5,43,22,0
b097ef0536bef82c:0x491b7,5,44,22,0
b097ef0536bef82c:0x491b7,5,45,22,0
b097ef0536bef82c:0x491b7,5,46,22,0
b097ef0536bef82c:0x491b7,5,46,23,0
b097ef0536bef82c:0x491b7,5,47,23,0
b097ef0536bef82c:0x491b7,5,47,24,0
b097ef0536bef82c:0x491b7,5,48,24,0
b097ef0536bef82c:0x491b7,5,49,24,0
b097ef0536bef82c:0x491b7,5,49,25,0
b097ef0536bef82c:0x491b7,5,50,25,0
b097ef0536bef82c:0x491b7,6,50,25,0
b097ef0536bef82c:0x49201,2,1,4,0
b097ef0536bef82c:0x49201,2,2,4,0
b097ef0536bef82c:0x49201,3,2,4,0
b097ef0536bef82c:0x492ba,2,11,8,0
b097ef0536bef82c:0x492ba,2,11,9,0
b097ef0536bef82c:0x492ba,3,11,9,0
b097ef0536bef82c:0x492ba,3,12,9,0
b097ef0536bef82c:0x492ba,3,13,9,0
b097ef0536bef82c:0x492ba,3,13,10,0
b097ef0536bef82c:0x492ba,3,14,10,0
b097ef0536bef82c:0x492ba,3,14,11,0
b097ef0536bef82c:0x492ba,3,15,11,0
b097ef0536bef82c:0x492ba,3,16,11,0
b097ef0536bef82c:0x4942b,3,48,22,0
b097ef0536bef82c:0x4942b,3,49,22,0
b097ef0536bef82c:0x4942b,4,49,22,0
b097ef0536bef82c:0x4942b,4,50,22,0
b097ef0536bef82c:0x4942b,4,51,22,0
b097ef0536bef82c:0x4942b,4,51,23,0
b097ef0536bef82c:0x4942b,4,52,23,0
b097ef0536bef82c:0x4942b,4,52,24,0
b097ef0536bef82c:0x4942b,4,53,24,0
b097ef0536bef82c:0x4942b,4,54,24,0
b097ef0536bef82c:0x4942b,4,55,24,0
b097ef0536bef82c:0x4942b,4,56,24,0
b097ef0536bef82c:0x4942b,4,56,25,0
b097ef0536bef82c:0x4942b,4,57,25,0
b097ef0536bef82c:0x4942b,4,57,26,0
b097ef0536bef82c:0x4942b,4,58,26,0
b097ef0536bef82c:0x4942b,4,59,26,0
b097ef0536bef82c:0x4942b,4,60,26,0
b097ef0536bef82c:0x4942b,4,61,26,0
b097ef0536bef82c:0x4942b,4,61,27,0
b097ef0536bef82c:0x4942b,4,62,27,0
b097ef0536bef82c:0x4942b,4,62,28,0
b097ef0536bef82c:0x4942b,4,63,28,0
b097ef0536bef82c:0x4942b,4,64,28,0
b097ef0536bef82c:0x491b7,6,50,26,0
b097ef0536bef82c:0x491b7,6,51,26,0
b097ef0536bef82c:0x491b7,7,51,26,0
b097ef0536bef82c:0x491b7,7,52,26,0
b097ef0536bef82c:0x491b7,7,53,26,0
b097ef0536bef82c:0x491b7,7,53,27,0
b097ef0536bef82c:0x491b7,7,54,27,0
b097ef0536bef82c:0x491b7,7,54,28,0
b097ef0536bef82c:0x491b7,7,55,28,0
b097ef0536bef82c:0x491b7,7,56,28,0
b097ef0536bef82c:0x491b7,7,57,28,0
b097ef0536bef82c:0x491b7,7,58,28,0
b097ef0536bef82c:0x491b7,7,58,29,0
b097ef0536bef82c:0x491b7,7,59,29,0
b097ef0536bef82c:0x491b7,7,59,30,0
b097ef0536bef82c:0x491b7,7,60,30,0
b097ef0536bef82c:0x491b7,7,61,30,0
b097ef0536bef82c:0x491b7,7,62,30,0
b097ef0536bef82c:0x491b7,7,63,30,0
b097ef0536bef82c:0x491b7,7,63,31,0
b097ef0536bef82c:0x491b7,7,64,31,0
b097ef0536bef82c:0x491b7,7,64,32,0
b097ef0536bef82c:0x491b7,7,65,32,0
b097ef0536bef82c:0x491b7,7,66,32,0
b097ef0536bef82c:0x491b7,8,66,32,0
b097ef0536bef82c:0x491b7,8,66,33,0
b097ef0536bef82c:0x491b7,8,66,34,0
b097ef0536bef82c:0x491b7,9,66,34,0
b097ef0536bef82c:0x491b7,9,67,34,0
b097ef0536bef82c:0x491b7,9,68,34,0
b097ef0536bef82c:0x491b7,9,68,35,0
b097ef0536bef82c:0x491b7,9,69,35,0
b097ef0536bef82c:0x491b7,9,69,36,0
b097ef0536bef82c:0x491b7,9,70,36,0
b097ef0536bef82c:0x491b7,9,71,36,0
b097ef0536bef82c:0x491b7,9,72,36,0
b097ef0536bef82c:0x491b7,9,73,36,0
b097ef0536bef82c:0x491b7,9,73,37,0
b097ef0536bef82c:0x491b7,9,74,37,0
b097ef0536bef82c:0x491b7,9,74,38,0
b097ef0536bef82c:0x491b7,9,75,38,0
b097ef0536bef82c:0x491b7,9,76,38,0
b097ef0536bef82c:0x491b7,9,77,38,0
b097ef0536bef82c:0x491b7,9,78,38,0
b097ef0536bef82c:0x491b7,9,78,39,0
b097ef0536bef82c:0x491b7,9,79,39,0
b097ef0536bef82c:0x491b7,9,79,40,0
b097ef0536bef82c:0x491b7,9,80,40,0
b097ef0536bef82c:0x491b7,9,81,40,0
b097ef0536bef82c:0x491b7,10,81,40,0
b097ef0536bef82c:0x49201,3,2,5,0
b097ef0536bef82c:0x49201,3,2,6,0
b097ef0536bef82c:0x49201,4,2,6,0
b097ef0536bef82c:0x49244,2,2,3,0
b097ef0536bef82c:0x49244,2,3,3,0
b097ef0536bef82c:0x49244,3,3,3,0
b097ef0536bef82c:0x492ba,3,16,12,0
b097ef0536bef82c:0x492ba,3,17,12,0
b097ef0536bef82c:0x492ba,4,17,12,0
b097ef0536bef82c:0x492ba,4,18,12,0
b097ef0536bef82c:0x492ba,4,19,12,0
b097ef0536bef82c:0x492ba,4,19,13,0
b097ef0536bef82c:0x492ba,4,20,13,0
b097ef0536bef82c:0x492ba,4,20,14,0
b097ef0536bef82c:0x492ba,4,21,14,0
b097ef0536bef82c:0x492ba,4,22,14,0
b097ef0536bef82c:0x49393,1,1,2,0
b097ef0536bef82c:0x49393,1,2,2,0
b097ef0536bef82c:0x49393,2,2,2,0
b097ef0536bef82c:0x4942b,4,64,29,0
b097ef0536bef82c:0x4942b,4,65,29,0
b097ef0536bef82c:0x4942b,5,65,29,0
b097ef0536bef82c:0x4942b,5,66,29,0
b097ef0536bef82c:0x4942b,5,67,29,0
b097ef0536bef82c:0x4942b,5,67,30,0
b097ef0536bef82c:0x4942b,5,68,30,0
b097ef0536bef82c:0x4942b,5,68,31,0
b097ef0536bef82c:0x4942b,5,69,31,0
b097ef0536bef82c:0x4942b,5,70,31,0
b097ef0536bef82c:0x4942b,5,71,31,0
b097ef0536bef82c:0x4942b,5,72,31,0
b097ef0536bef82c:0x4942b,5,72,32,0
b097ef0536bef82c:0x4942b,5,73,32,0
b097ef0536bef82c:0x4942b,5,73,33,0
b097ef0536bef82c:0x4942b,5,74,33,0
b097ef0536bef82c:0x4942b,5,75,33,0
b097ef0536bef82c:0x4942b,5,76,33,0
b097ef0536bef82c:0x4942b,5,77,33,0
b097ef0536bef82c:0x4942b,5,77,34,0
b097ef0536bef82c:0x4942b,5,78,34,0
b097ef0536bef82c:0x4942b,5,78,35,0
b097ef0536bef82c:0x4942b,5,79,35,0
b097ef0536bef82c:0x4942b,5,80,35,0
b097ef0536bef82c:0x491b7,10,81,41,0
b097ef0536bef82c:0x491b7,10,82,41,0
b097ef0536bef82c:0x491b7,11,82,41,0
b097ef0536bef82c:0x491b7,11,83,41,0
b097ef0536bef82c:0x491b7,11,84,41,0
b097ef0536bef82c:0x491b7,11,84,42,0
b097ef0536bef82c:0x491b7,11,85,42,0
b097ef0536bef82c:0x491b7,11,85,43,0
b097ef0536bef82c:0x491b7,11,86,43,0
b097ef0536bef82c:0x491b7,11,87,43,0
b097ef0536bef82c:0x491b7,11,88,43,0
b097ef0536bef82c:0x491b7,11,89,43,0
b097ef0536bef82c:0x491b7,11,89,44,0
b097ef0536bef82c:0x491b7,11,90,44,0
b097ef0536bef82c:0x491b7,11,90,45,0
b097ef0536bef82c:0x491b7,11,91,45,0
b097ef0536bef82c:0x491b7,11,92,45,0
b097ef0536bef82c:0x491b7,11,93,45,0
b097ef0536bef82c:0x491b7,11,94,45,0
b097ef0536bef82c:0x491b7,11,94,46,0
b097ef0536bef82c:0x491b7,11,95,46,0
b097ef0536bef82c:0x491b7,11,95,47,0
b097ef0536bef82c:0x491b7,11,96,47,0
b097ef0536bef82c:0x491b7,11,97,47,0
b097ef0536bef82c:0x491b7,11,97,48,0
b097ef0536bef82c:0x491b7,11,98,48,0
b097ef0536bef82c:0x491b7,12,98,48,0
b097ef0536bef82c:0x49201,4,2,7,0
b097ef0536bef82c:0x49201,4,3,7,0
b097ef0536bef82c:0x49201,5,3,7,0
b097ef0536bef82c:0x492ba,4,22,15,0
b097ef0536bef82c:0x492ba,4,22,16,0
b097ef0536bef82c:0x492ba,5,22,16,0
b097ef0536bef82c:0x492ba,5,23,16,0
b097ef0536bef82c:0x492ba,5,24,16,0
b097ef0536bef82c:0x492ba,5,24,17,0
b097ef0536bef82c:0x492ba,5,25,17,0
b097ef0536bef82c:0x492ba,5,25,18,0
b097ef0536bef82c:0x492ba,5,26,18,0
b097ef0536bef82c:0x492ba,5,27,18,0
b097ef0536bef82c:0x4942b,5,80,36,0
b097ef0536bef82c:0x4942b,5,81,36,0
b097ef0536bef82c:0x4942b,6,81,36,0
b097ef0536bef82c:0x4942b,6,82,36,0
b097ef0536bef82c:0x4942b,6,83,36,0
b097ef0536bef82c:0x4942b,6,83,37,0
b097ef0536bef82c:0x4942b,6,84,37,0
b097ef0536bef82c:0x4942b,6,84,38,0
b097ef0536bef82c:0x4942b,6,85,38,0
b097ef0536bef82c:0x4942b,6,86,38,0
b097ef0536bef82c:0x4942b,6,87,38,0
b097ef0536bef82c:0x4942b,6,88,38,0
b097ef0536bef82c:0x4942b,6,88,39,0
b097ef0536bef82c:0x4942b,6,89,39,0
b097ef0536bef82c:0x4942b,6,89,40,0
b097ef0536bef82c:0x4942b,6,90,40,0
b097ef0536bef82c:0x4942b,6,91,40,0
b097ef0536bef82c:0x4942b,6,92,40,0
b097ef0536bef82c:0x4942b,6,93,40,0
b097ef0536bef82c:0x4942b,6,93,41,0
b097ef0536bef82c:0x4942b,6,94,41,0
b097ef0536bef82c:0x4942b,6,94,42,0
b097ef0536bef82c:0x4942b,6,95,42,0
b097ef0536bef82c:0x4942b,6,96,42,0
b097ef0536bef82c:0x491b7,12,98,49,0
b097ef0536bef82c:0x491b7,12,99,49,0
b097ef0536bef82c:0x491b7,13,99,49,0
b097ef0536bef82c:0x491b7,13,100,49,0
b097ef0536bef82c:0x491b7,13,101,49,0
b097ef0536bef82c:0x491b7,13,101,50,0
b097ef0536bef82c:0x491b7,13,102,50,0
b097ef0536bef82c:0x491b7,13,102,51,0
b097ef0536bef82c:0x491b7,13,103,51,0
b097ef0536bef82c:0x491b7,13,104,51,0
b097ef0536bef82c:0x491b7,13,105,51,0
b097ef0536bef82c:0x491b7,13,106,51,0
b097ef0536bef82c:0x491b7,13,106,52,0
b097ef0536bef82c:0x491b7,13,107,52,0
b097ef0536bef82c:0x491b7,13,107,53,0
b097ef0536bef82c:0x491b7,13,108,53,0
b097ef0536bef82c:0x491b7,13,109,53,0
b097ef0536bef82c:0x491b7,13,110,53,0
b097ef0536bef82c:0x491b7,13,111,53,0
b097ef0536bef82c:0x491b7,13,111,54,0
b097ef0536bef82c:0x491b7,13,112,54,0
b097ef0536bef82c:0x491b7,13,112,55,0
b097ef0536bef82c:0x491b7,13,113,55,0
b097ef0536bef82c:0x491b7,13,114,55,0
b097ef0536bef82c:0x491b7,13,114,56,0
b097ef0536bef82c:0x491b7,13,115,56,0
b097ef0536bef82c:0x491b7,14,115,56,0
b097ef0536bef82c:0x49201,5,3,8,0
b097ef0536bef82c:0x49201,5,3,9,0
b097ef0536bef82c:0x49201,6,3,9,0
b097ef0536bef82c:0x49244,3,3,4,0
b097ef0536bef82c:0x49244,3,4,4,0
b097ef0536bef82c:0x49244,4,4,4,0
b097ef0536bef82c:0x492ba,5,27,19,0
b097ef0536bef82c:0x492ba,5,28,19,0
b097ef0536bef82c:0x492ba,6,28,19,0
b097ef0536bef82c:0x492ba,6,29,19,0
b097ef0536bef82c:0x492ba,6,30,19,0
b097ef0536bef82c:0x492ba,6,30,20,0
b097ef0536bef82c:0x492ba,6,31,20,0
b097ef0536bef82c:0x492ba,6,31,21,0
b097ef0536bef82c:0x492ba,6,32,21,0
b097ef0536bef82c:0x492ba,6,33,21,0
b097ef0536bef82c:0x49393,2,2,3,0
b097ef0536bef82c:0x49393,2,3,3,0
b097ef0536bef82c:0x49393,3,3,3,0
b097ef0536bef82c:0x4942b,6,96,43,0
b097ef0536bef82c:0x4942b,6,97,43,0
b097ef0536bef82c:0x4942b,7,97,43,0
b097ef0536bef82c:0x4942b,7,98,43,0
b097ef0536bef82c:0x4942b,7,99,43,0
b097ef0536bef82c:0x4942b,7,99,44,0
b097ef0536bef82c:0x4942b,7,100,44,0
b097ef0536bef82c:0x4942b,7,100,45,0
b097ef0536bef82c:0x4942b,7,101,45,0
b097ef0536bef82c:0x4942b,7,102,45,0
b097ef0536bef82c:0x4942b,7,103,45,0
b097ef0536bef82c:0x4942b,7,104,45,0
b097ef0536bef82c:0x4942b,7,104,46,0
b097ef0536bef82c:0x4942b,7,105,46,0
b097ef0536bef82c:0x4942b,7,105,47,0
b097ef0536bef82c:0x4942b,7,106,47,0
b097ef0536bef82c:0x4942b,7,107,47,0
b097ef0536bef82c:0x4942b,7,108,47,0
b097ef0536bef82c:0x4942b,7,109,47,0
b097ef0536bef82c:0x4942b,7,109,48,0
b097ef0536bef82c:0x4942b,7,110,48,0
b097ef0536bef82c:0x4942b,7,110,49,0
b097ef0536bef82c:0x4942b,7,111,49,0
b097ef0536bef82c:0x4942b,7,112,49,0
b097ef0536bef82c:0x491b7,15,115,56,0
b097ef0536bef82c:0x49201,7,3,9,0
b097ef0536bef82c:0x492ba,7,33,21,0
b097ef0536bef82c:0x4942b,8,112,49,0
b097ef0536bef82c:0x491b7,16,115,56,0
b097ef0536bef82c:0x49201,8,3,9,0
b097ef0536bef82c:0x49244,5,4,4,0
b097ef0536bef82c:0x492ba,8,33,21,0
b097ef0536bef82c:0x4942b,8,112,50,0
b097ef0536bef82c:0x4942b,8,113,50,0
b097ef0536bef82c:0x4942b,9,113,50,0
b097ef0536bef82c:0x4942b,9,114,50,0
b097ef0536bef82c:0x4942b,9,115,50,0
b097ef0536bef82c:0x4942b,9,115,51,0
b097ef0536bef82c:0x4942b,9,116,51,0
b097ef0536bef82c:0x4942b,9,116,52,0
b097ef0536bef82c:0x4942b,9,117,52,0
b097ef0536bef82c:0x4942b,9,118,52,0
b097ef0536bef82c:0x4942b,9,119,52,0
b097ef0536bef82c:0x4942b,9,120,52,0
b097ef0536bef82c:0x4942b,9,120,53,0
b097ef0536bef82c:0x4942b,9,121,53,0
b097ef0536bef82c:0x4942b,9,121,54,0
b097ef0536bef82c:0x4942b,9,122,54,0
b097ef0536bef82c:0x4942b,9,123,54,0
b097ef0536bef82c:0x4942b,9,124,54,0
b097ef0536bef82c:0x4942b,9,125,54,0
b097ef0536bef82c:0x4942b,9,125,55,0
b097ef0536bef82c:0x4942b,9,126,55,0
b097ef0536bef82c:0x4942b,9,126,56,0
b097ef0536bef82c:0x4942b,9,127,56,0
b097ef0536bef82c:0x4942b,9,128,56,0
b097ef0536bef82c:0x491b7,17,115,56,0
b097ef0536bef82c:0x49201,8,3,10,0
b097ef0536bef82c:0x49201,8,4,10,0
b097ef0536bef82c:0x49201,9,4,10,0
b097ef0536bef82c:0x492ba,8,33,22,0
b097ef0536bef82c:0x492ba,8,33,23,0
b097ef0536bef82c:0x492ba,9,33,23,0
b097ef0536bef82c:0x492ba,9,34,23,0
b097ef0536bef82c:0x492ba,9,35,23,0
b097ef0536bef82c:0x492ba,9,35,24,0
b097ef0536bef82c:0x492ba,9,36,24,0
b097ef0536bef82c:0x492ba,9,36,25,0
b097ef0536bef82c:0x492ba,9,37,25,0
b097ef0536bef82c:0x492ba,9,38,25,0
b097ef0536bef82c:0x4942b,10,128,56,0
b097ef0536bef82c:0x491b7,17,115,57,0
b097ef0536bef82c:0x491b7,17,116,57,0
b097ef0536bef82c:0x491b7,18,116,57,0
b097ef0536bef82c:0x49201,10,4,10,0
b097ef0536bef82c:0x49244,5,4,5,0
b097ef0536bef82c:0x49244,5,5,5,0
b097ef0536bef82c:0x49244,6,5,5,0
b097ef0536bef82c:0x49244,6,5,6,0
b097ef0536bef82c:0x49244,6,6,6,0
b097ef0536bef82c:0x49244,7,6,6,0
b097ef0536bef82c:0x49244,7,6,7,0
b097ef0536bef82c:0x49244,7,7,7,0
b097ef0536bef82c:0x49244,8,7,7,0
b097ef0536bef82c:0x49244,9,7,7,0
b097ef0536bef82c:0x49244,10,7,7,0
b097ef0536bef82c:0x492ba,9,38,26,0
b097ef0536bef82c:0x492ba,9,39,26,0
b097ef0536bef82c:0x492ba,10,39,26,0
b097ef0536bef82c:0x492ba,10,40,26,0
b097ef0536bef82c:0x492ba,10,41,26,0
b097ef0536bef82c:0x492ba,10,41,27,0
b097ef0536bef82c:0x492ba,10,42,27,0
b097ef0536bef82c:0x492ba,10,42,28,0
b097ef0536bef82c:0x492ba,10,43,28,0
b097ef0536bef82c:0x492ba,10,44,28,0
b097ef0536bef82c:0x49393,3,3,4,0
b097ef0536bef82c:0x49393,3,4,4,0
b097ef0536bef82c:0x49393,4,4,4,0
b097ef0536bef82c:0x3bcb1,1,0,3,0
b097ef0536bef82c:0x3bcb1,1,0,4,0
b097ef0536bef82c:0x3bcb1,2,0,4,0
b097ef0536bef82c:0x33713,12,55,31,0
b097ef0536bef82c:0x33713,12,55,32,0
b097ef0536bef82c:0x33713,13,55,32,0
b097ef0536bef82c:0x33713,13,56,32,0
b097ef0536bef82c:0x33713,13,57,32,0
b097ef0536bef82c:0x33713,13,57,33,0
b097ef0536bef82c:0x33713,13,58,33,0
b097ef0536bef82c:0x33713,13,59,33,0
b097ef0536bef82c:0x33713,13,59,34,0
b097ef0536bef82c:0x33713,13,60,34,0
b097ef0536bef82c:0x33713,13,61,34,0
b097ef0536bef82c:0x33713,13,62,34,0
b097ef0536bef82c:0x33713,13,63,34,0
b097ef0536bef82c:0x33713,13,63,35,0
b097ef0536bef82c:0x33713,13,64,35,0
b097ef0536bef82c:0x33713,13,64,36,0
b097ef0536bef82c:0x33713,13,65,36,0
b097ef0536bef82c:0x33713,13,66,36,0
b097ef0536bef82c:0x33713,13,67,36,0
b097ef0536bef82c:0x33713,13,68,36,0
b097ef0536bef82c:0x33713,13,68,37,0
b097ef0536bef82c:0x33713,13,69,37,0
b097ef0536bef82c:0x33713,13,69,38,0
b097ef0536bef82c:0x33713,13,70,38,0
b097ef0536bef82c:0x33713,13,71,38,0
b097ef0536bef82c:0x33713,13,72,38,0
b097ef0536bef82c:0x33713,13,73,38,0
b097ef0536bef82c:0x33713,13,73,39,0
b097ef0536bef82c:0x33713,13,74,39,0
b097ef0536bef82c:0x33713,13,74,40,0
b097ef0536bef82c:0x33713,13,75,40,0
b097ef0536bef82c:0x33713,13,76,40,0
b097ef0536bef82c:0x2fdd5,50,28,3,0
b097ef0536bef82c:0x2fdd5,51,28,3,0
b097ef0536bef82c:0xafb3,85,1,0,0
b097ef0536bef82c:0xb355,84,2,0,0
b097ef0536bef82c:0x3344b,83,1,1,0
b097ef0536bef82c:0x307ff,81,2,0,0
b097ef0536bef82c:0x3b0b3,80,2,2,0
b097ef0536bef82c:0x3f2b3,79,12,6,0
b097ef0536bef82c:0x3bfcd,75,22,10,0
b097ef0536bef82c:0x375bb,73,12,6,0
b097ef0536bef82c:0x37686,73,4,4,0
b097ef0536bef82c:0x30b0f,70,6,6,0
b097ef0536bef82c:0x319f3,65,10,10,0
b097ef0536bef82c:0x31f3b,63,13,13,0
b097ef0536bef82c:0x2e610,54,6,0,0
b097ef0536bef82c:0x2e653,28,5,0,0
b097ef0536bef82c:0x2e697,27,40,12,0
b097ef0536bef82c:0x2e894,5,0,4,0
b097ef0536bef82c:0x3802d,0,0,1,0
b097ef0536bef82c:0x3802d,0,0,2,0
b097ef0536bef82c:0x3802d,1,0,2,0
b097ef0536bef82c:0x38053,3,58,27,0
b097ef0536bef82c:0x38053,3,58,28,0
b097ef0536bef82c:0x38053,4,58,28,0
b097ef0536bef82c:0x38097,0,0,1,0
b097ef0536bef82c:0x38097,0,0,2,0
b097ef0536bef82c:0x38097,1,0,2,0
b097ef0536bef82c:0x380e5,2,0,3,0
b097ef0536bef82c:0x380e5,2,0,4,0
b097ef0536bef82c:0x380e5,3,0,4,0
b097ef0536bef82c:0x380ec,2,8,4,0
b097ef0536bef82c:0x380ec,3,8,4,0
b097ef0536bef82c:0x380ec,3,9,4,0
b097ef0536bef82c:0x380ec,3,10,4,0
b097ef0536bef82c:0x380ec,3,11,4,0
b097ef0536bef82c:0x380ec,3,12,4,0
b097ef0536bef82c:0x380ec,3,13,4,0
b097ef0536bef82c:0x380ec,3,14,4,0
b097ef0536bef82c:0x380ec,3,15,4,0
b097ef0536bef82c:0x380ec,3,16,4,0
b097ef0536bef82c:0x380ec,3,17,4,0
b097ef0536bef82c:0x380ec,3,17,5,0
b097ef0536bef82c:0x380ec,3,18,5,0
b097ef0536bef82c:0x380ec,3,18,6,0
b097ef0536bef82c:0x380ec,3,19,6,0
b097ef0536bef82c:0x380ec,3,20,6,0
b097ef0536bef82c:0x38146,2,5,5,0
b097ef0536bef82c:0x38146,2,6,5,0
b097ef0536bef82c:0x38146,3,6,5,0
b097ef0536bef82c:0x38146,3,7,5,0
b097ef0536bef82c:0x38146,3,8,5,0
b097ef0536bef82c:0x38146,3,8,6,0
b097ef0536bef82c:0x38146,3,9,6,0
b097ef0536bef82c:0x38146,3,9,7,0
b097ef0536bef82c:0x38146,3,10,7,0
b097ef0536bef82c:0x38146,3,11,7,0
b097ef0536bef82c:0x3819b,2,5,5,0
b097ef0536bef82c:0x3819b,2,6,5,0
b097ef0536bef82c:0x3819b,3,6,5,0
b097ef0536bef82c:0x3819b,3,7,5,0
b097ef0536bef82c:0x3819b,3,8,5,0
b097ef0536bef82c:0x3819b,3,8,6,0
b097ef0536bef82c:0x3819b,3,9,6,0
b097ef0536bef82c:0x3819b,3,9,7,0
b097ef0536bef82c:0x3819b,3,10,7,0
b097ef0536bef82c:0x3819b,3,11,7,0
b097ef0536bef82c:0x381f4,2,5,5,0
b097ef0536bef82c:0x381f4,2,6,5,0
b097ef0536bef82c:0x381f4,3,6,5,0
b097ef0536bef82c:0x381f4,3,7,5,0
b097ef0536bef82c:0x381f4,3,8,5,0
b097ef0536bef82c:0x381f4,3,8,6,0
b097ef0536bef82c:0x381f4,3,9,6,0
b097ef0536bef82c:0x381f4,3,9,7,0
b097ef0536bef82c:0x381f4,3,10,7,0
b097ef0536bef82c:0x381f4,3,11,7,0
b097ef0536bef82c:0x3824b,2,5,5,0
b097ef0536bef82c:0x3824b,2,6,5,0
b097ef0536bef82c:0x3824b,3,6,5,0
b097ef0536bef82c:0x3866e,2,10,7,0
b097ef0536bef82c:0x3866e,2,10,8,0
b097ef0536bef82c:0x3866e,3,10,8,0
b097ef0536bef82c:0x3866e,3,11,8,0
b097ef0536bef82c:0x3866e,3,12,8,0
b097ef0536bef82c:0x3866e,3,12,9,0
b097ef0536bef82c:0x3866e,3,13,9,0
b097ef0536bef82c:0x3866e,3,13,10,0
b097ef0536bef82c:0x3866e,3,14,10,0
b097ef0536bef82c:0x3866e,3,15,10,0
b097ef0536bef82c:0x3866e,3,16,10,0
b097ef0536bef82c:0x3866e,3,17,10,0
b097ef0536bef82c:0x3866e,3,17,11,0
b097ef0536bef82c:0x3866e,3,18,11,0
b097ef0536bef82c:0x3866e,3,18,12,0
b097ef0536bef82c:0x3866e,3,19,12,0
b097ef0536bef82c:0x3866e,3,20,12,0
b097ef0536bef82c:0x386d4,2,0,3,0
b097ef0536bef82c:0x386d4,2,0,4,0
b097ef0536bef82c:0x386d4,3,0,4,0
b097ef0536bef82c:0x38716,2,0,3,0
b097ef0536bef82c:0x38716,2,0,4,0
b097ef0536bef82c:0x38716,3,0,4,0
b097ef0536bef82c:0x38757,2,0,3,0
b097ef0536bef82c:0x38757,2,0,4,0
b097ef0536bef82c:0x38757,3,0,4,0
b097ef0536bef82c:0x3879b,2,0,3,0
b097ef0536bef82c:0x3879b,2,0,4,0
b097ef0536bef82c:0x3879b,3,0,4,0
b097ef0536bef82c:0x387df,2,0,3,0
b097ef0536bef82c:0x387df,2,0,4,0
b097ef0536bef82c:0x387df,3,0,4,0
b097ef0536bef82c:0x38823,2,0,3,0
b097ef0536bef82c:0x38823,2,0,4,0
b097ef0536bef82c:0x38823,3,0,4,0
b097ef0536bef82c:0x38867,2,1,2,0
b097ef0536bef82c:0x38867,3,1,2,0
b097ef0536bef82c:0x38867,3,2,2,0
b097ef0536bef82c:0x38867,3,3,2,0
b097ef0536bef82c:0x38867,3,3,3,0
b097ef0536bef82c:0x38867,3,4,3,0
b097ef0536bef82c:0x38867,3,4,4,0
b097ef0536bef82c:0x38867,3,5,4,0
b097ef0536bef82c:0x38867,3,6,4,0
b097ef0536bef82c:0x38867,3,7,4,0
b097ef0536bef82c:0x38867,3,8,4,0
b097ef0536bef82c:0x38867,3,8,5,0
b097ef0536bef82c:0x38867,3,9,5,0
b097ef0536bef82c:0x38867,3,9,6,0
b097ef0536bef82c:0x38867,3,10,6,0
b097ef0536bef82c:0x38867,3,11,6,0
b097ef0536bef82c:0x38867,3,12,6,0
b097ef0536bef82c:0x38867,3,13,6,0
b097ef0536bef82c:0x38867,3,13,7,0
b097ef0536bef82c:0x38867,3,14,7,0
b097ef0536bef82c:0x38867,3,14,8,0
b097ef0536bef82c:0x38867,3,15,8,0
b097ef0536bef82c:0x38867,3,16,8,0
b097ef0536bef82c:0x38867,3,17,8,0
b097ef0536bef82c:0x38867,3,18,8,0
b097ef0536bef82c:0x38867,3,18,9,0
b097ef0536bef82c:0x38867,3,19,9,0
b097ef0536bef82c:0x38867,3,19,10,0
b097ef0536bef82c:0x38867,3,20,10,0
b097ef0536bef82c:0x38867,3,21,10,0
b097ef0536bef82c:0x38867,3,22,10,0
b097ef0536bef82c:0x38867,3,23,10,0
b097ef0536bef82c:0x38867,3,23,11,0
b097ef0536bef82c:0x38867,3,24,11,0
b097ef0536bef82c:0x38867,3,24,12,0
b097ef0536bef82c:0x38867,3,25,12,0
b097ef0536bef82c:0x38867,3,26,12,0
b097ef0536bef82c:0x38867,3,27,12,0
b097ef0536bef82c:0x38867,3,28,12,0
b097ef0536bef82c:0x38867,3,28,13,0
b097ef0536bef82c:0x38867,3,29,13,0
b097ef0536bef82c:0x38867,3,29,14,0
b097ef0536bef82c:0x38867,3,30,14,0
b097ef0536bef82c:0x38867,3,31,14,0
b097ef0536bef82c:0x38867,3,32,14,0
b097ef0536bef82c:0x38867,3,33,14,0
b097ef0536bef82c:0x38867,3,33,15,0
b097ef0536bef82c:0x38867,3,34,15,0
b097ef0536bef82c:0x38867,3,34,16,0
b097ef0536bef82c:0x38867,3,35,16,0
b097ef0536bef82c:0x38867,3,36,16,0
b097ef0536bef82c:0x38867,3,37,16,0
b097ef0536bef82c:0x38867,3,38,16,0
b097ef0536bef82c:0x38867,3,38,17,0
b097ef0536bef82c:0x38867,3,39,17,0
b097ef0536bef82c:0x38867,3,39,18,0
b097ef0536bef82c:0x38867,3,40,18,0
b097ef0536bef82c:0x38867,3,41,18,0
b097ef0536bef82c:0x38867,3,42,18,0
b097ef0536bef82c:0x38867,3,43,18,0
b097ef0536bef82c:0x38867,3,43,19,0
b097ef0536bef82c:0x38867,3,44,19,0
b097ef0536bef82c:0x38867,3,44,20,0
b097ef0536bef82c:0x38867,3,45,20,0
b097ef0536bef82c:0x38867,3,46,20,0
b097ef0536bef82c:0x38867,3,47,20,0
b097ef0536bef82c:0x38867,3,48,20,0
b097ef0536bef82c:0x38867,3,48,21,0
b097ef0536bef82c:0x38867,3,49,21,0
b097ef0536bef82c:0x38867,3,49,22,0
b097ef0536bef82c:0x38867,3,50,22,0
b097ef0536bef82c:0x38867,3,51,22,0
b097ef0536bef82c:0x38acd,2,80,35,0
b097ef0536bef82c:0x38acd,2,81,35,0
b097ef0536bef82c:0x38acd,3,81,35,0
b097ef0536bef82c:0x38c79,2,10,7,0
b097ef0536bef82c:0x38c79,2,11,7,0
b097ef0536bef82c:0x38c79,3,11,7,0
b097ef0536bef82c:0x38c79,3,12,7,0
b097ef0536bef82c:0x38c79,3,13,7,0
b097ef0536bef82c:0x38c79,3,13,8,0
b097ef0536bef82c:0x38c79,3,14,8,0
b097ef0536bef82c:0x38c79,3,14,9,0
b097ef0536bef82c:0x38c79,3,15,9,0
b097ef0536bef82c:0x38c79,3,16,9,0
b097ef0536bef82c:0x38c79,3,17,9,0
b097ef0536bef82c:0x38c79,3,18,9,0
b097ef0536bef82c:0x38c79,3,18,10,0
b097ef0536bef82c:0x38c79,3,19,10,0
b097ef0536bef82c:0x38c79,3,19,11,0
b097ef0536bef82c:0x38c79,3,20,11,0
b097ef0536bef82c:0x38c79,3,21,11,0
b097ef0536bef82c:0x38cf9,2,10,7,0
b097ef0536bef82c:0x38cf9,2,11,7,0
b097ef0536bef82c:0x38cf9,3,11,7,0
b097ef0536bef82c:0x38cf9,3,12,7,0
b097ef0536bef82c:0x38cf9,3,13,7,0
b097ef0536bef82c:0x38cf9,3,13,8,0
b097ef0536bef82c:0x38cf9,3,14,8,0
b097ef0536bef82c:0x38cf9,3,14,9,0
b097ef0536bef82c:0x38cf9,3,15,9,0
b097ef0536bef82c:0x38cf9,3,16,9,0
b097ef0536bef82c:0x38cf9,3,17,9,0
b097ef0536bef82c:0x38cf9,3,18,9,0
b097ef0536bef82c:0x38cf9,3,18,10,0
b097ef0536bef82c:0x38cf9,3,19,10,0
b097ef0536bef82c:0x38cf9,3,19,11,0
b097ef0536bef82c:0x38cf9,3,20,11,0
b097ef0536bef82c:0x38cf9,3,21,11,0
b097ef0536bef82c:0x38d44,2,10,7,0
b097ef0536bef82c:0x38d44,2,11,7,0
b097ef0536bef82c:0x38d44,3,11,7,0
b097ef0536bef82c:0x38d44,3,12,7,0
b097ef0536bef82c:0x38d44,3,13,7,0
b097ef0536bef82c:0x38d44,3,13,8,0
b097ef0536bef82c:0x38d44,3,14,8,0
b097ef0536bef82c:0x38d44,3,14,9,0
b097ef0536bef82c:0x38d44,3,15,9,0
b097ef0536bef82c:0x38d44,3,16,9,0
b097ef0536bef82c:0x38d44,3,17,9,0
b097ef0536bef82c:0x38d44,3,18,9,0
b097ef0536bef82c:0x38d44,3,18,10,0
b097ef0536bef82c:0x38d44,3,19,10,0
b097ef0536bef82c:0x38d44,3,19,11,0
b097ef0536bef82c:0x38d44,3,20,11,0
b097ef0536bef82c:0x38d44,3,21,11,0
b097ef0536bef82c:0x38d90,2,10,7,0
b097ef0536bef82c:0x38d90,2,11,7,0
b097ef0536bef82c:0x38d90,3,11,7,0
b097ef0536bef82c:0x38d90,3,12,7,0
b097ef0536bef82c:0x38d90,3,13,7,0
b097ef0536bef82c:0x38d90,3,13,8,0
b097ef0536bef82c:0x38d90,3,14,8,0
b097ef0536bef82c:0x38d90,3,14,9,0
b097ef0536bef82c:0x38d90,3,15,9,0
b097ef0536bef82c:0x38d90,3,16,9,0
b097ef0536bef82c:0x38d90,3,17,9,0
b097ef0536bef82c:0x38d90,3,18,9,0
b097ef0536bef82c:0x38d90,3,18,10,0
b097ef0536bef82c:0x38d90,3,19,10,0
b097ef0536bef82c:0x38d90,3,19,11,0
b097ef0536bef82c:0x38d90,3,20,11,0
b097ef0536bef82c:0x38d90,3,21,11,0
b097ef0536bef82c:0x38ddc,2,10,7,0
b097ef0536bef82c:0x38ddc,2,11,7,0
b097ef0536bef82c:0x38ddc,3,11,7,0
b097ef0536bef82c:0x38ddc,3,12,7,0
b097ef0536bef82c:0x38ddc,3,13,7,0
b097ef0536bef82c:0x38ddc,3,13,8,0
b097ef0536bef82c:0x38ddc,3,14,8,0
b097ef0536bef82c:0x38ddc,3,14,9,0
b097ef0536bef82c:0x38ddc,3,15,9,0
b097ef0536bef82c:0x38ddc,3,16,9,0
b097ef0536bef82c:0x38ddc,3,17,9,0
b097ef0536bef82c:0x38ddc,3,18,9,0
b097ef0536bef82c:0x38ddc,3,18,10,0
b097ef0536bef82c:0x38ddc,3,19,10,0
b097ef0536bef82c:0x38ddc,3,19,11,0
b097ef0536bef82c:0x38ddc,3,20,11,0
b097ef0536bef82c:0x38ddc,3,21,11,0
b097ef0536bef82c:0x38e26,2,10,7,0
b097ef0536bef82c:0x38e26,2,11,7,0
b097ef0536bef82c:0x38e26,3,11,7,0
b097ef0536bef82c:0x38e26,3,12,7,0
b097ef0536bef82c:0x38e26,3,13,7,0
b097ef0536bef82c:0x38e26,3,13,8,0
b097ef0536bef82c:0x38e26,3,14,8,0
b097ef0536bef82c:0x38e26,3,14,9,0
b097ef0536bef82c:0x38e26,3,15,9,0
b097ef0536bef82c:0x38e26,3,16,9,0
b097ef0536bef82c:0x38e26,3,17,9,0
b097ef0536bef82c:0x38e26,3,18,9,0
b097ef0536bef82c:0x38e26,3,18,10,0
b097ef0536bef82c:0x38e26,3,19,10,0
b097ef0536bef82c:0x38e26,3,19,11,0
b097ef0536bef82c:0x38e26,3,20,11,0
b097ef0536bef82c:0x38e26,3,21,11,0
b097ef0536bef82c:0x38e6e,2,30,15,0
b097ef0536bef82c:0x38e6e,2,31,15,0
b097ef0536bef82c:0x38e6e,3,31,15,0
b097ef0536bef82c:0x38e6e,3,32,15,0
b097ef0536bef82c:0x38e6e,3,33,15,0
b097ef0536bef82c:0x38e6e,3,33,16,0
b097ef0536bef82c:0x38e6e,3,34,16,0
b097ef0536bef82c:0x38e6e,3,34,17,0
b097ef0536bef82c:0x38e6e,3,35,17,0
b097ef0536bef82c:0x38e6e,3,36,17,0
b097ef0536bef82c:0x38e6e,3,37,17,0
b097ef0536bef82c:0x38e6e,3,38,17,0
b097ef0536bef82c:0x38e6e,3,38,18,0
b097ef0536bef82c:0x38e6e,3,39,18,0
b097ef0536bef82c:0x38e6e,3,39,19,0
b097ef0536bef82c:0x38e6e,3,40,19,0
b097ef0536bef82c:0x38e6e,3,41,19,0
b097ef0536bef82c:0x38eb7,0,0,1,0
b097ef0536bef82c:0x38eb7,0,1,1,0
b097ef0536bef82c:0x38eb7,1,1,1,0
b097ef0536bef82c:0x38eb7,1,2,1,0
b097ef0536bef82c:0x38eb7,1,3,1,0
b097ef0536bef82c:0x38eb7,1,3,2,0
b097ef0536bef82c:0x38eb7,1,4,2,0
b097ef0536bef82c:0x38eb7,1,4,3,0
b097ef0536bef82c:0x38eb7,1,5,3,0
b097ef0536bef82c:0x38eb7,1,6,3,0
b097ef0536bef82c:0x38eb7,1,7,3,0
b097ef0536bef82c:0x38eb7,1,8,3,0
b097ef0536bef82c:0x38eb7,1,8,4,0
b097ef0536bef82c:0x38eb7,1,9,4,0
b097ef0536bef82c:0x38eb7,1,9,5,0
b097ef0536bef82c:0x38eb7,1,10,5,0
b097ef0536bef82c:0x38eb7,1,11,5,0
b097ef0536bef82c:0x38f04,0,0,1,0
b097ef0536bef82c:0x38f04,0,1,1,0
b097ef0536bef82c:0x38f04,1,1,1,0
b097ef0536bef82c:0x38f04,1,2,1,0
b097ef0536bef82c:0x38f04,1,3,1,0
b097ef0536bef82c:0x38f04,1,3,2,0
b097ef0536bef82c:0x38f04,1,4,2,0
b097ef0536bef82c:0x38f04,1,4,3,0
b097ef0536bef82c:0x38f04,1,5,3,0
b097ef0536bef82c:0x38f04,1,6,3,0
b097ef0536bef82c:0x38f04,1,7,3,0
b097ef0536bef82c:0x38f04,1,8,3,0
b097ef0536bef82c:0x38f04,1,8,4,0
b097ef0536bef82c:0x38f04,1,9,4,0
b097ef0536bef82c:0x38f04,1,9,5,0
b097ef0536bef82c:0x38f04,1,10,5,0
b097ef0536bef82c:0x38f04,1,11,5,0
b097ef0536bef82c:0x38f50,0,0,1,0
b097ef0536bef82c:0x38f50,0,1,1,0
b097ef0536bef82c:0x38f50,1,1,1,0
b097ef0536bef82c:0x38f50,1,2,1,0
b097ef0536bef82c:0x38f50,1,3,1,0
b097ef0536bef82c:0x38f50,1,3,2,0
b097ef0536bef82c:0x38f50,1,4,2,0
b097ef0536bef82c:0x38f50,1,4,3,0
b097ef0536bef82c:0x38f50,1,5,3,0
b097ef0536bef82c:0x38f50,1,6,3,0
b097ef0536bef82c:0x38f50,1,7,3,0
b097ef0536bef82c:0x38f50,1,8,3,0
b097ef0536bef82c:0x38f50,1,8,4,0
b097ef0536bef82c:0x38f50,1,9,4,0
b097ef0536bef82c:0x38f50,1,9,5,0
b097ef0536bef82c:0x38f50,1,10,5,0
b097ef0536bef82c:0x38f50,1,11,5,0
b097ef0536bef82c:0x38f9c,0,0,1,0
b097ef0536bef82c:0x38f9c,0,1,1,0
b097ef0536bef82c:0x38f9c,1,1,1,0
b097ef0536bef82c:0x38f9c,1,2,1,0
b097ef0536bef82c:0x38f9c,1,3,1,0
b097ef0536bef82c:0x38f9c,1,3,2,0
b097ef0536bef82c:0x38f9c,1,4,2,0
b097ef0536bef82c:0x38f9c,1,4,3,0
b097ef0536bef82c:0x38f9c,1,5,3,0
b097ef0536bef82c:0x38f9c,1,6,3,0
b097ef0536bef82c:0x38f9c,1,7,3,0
b097ef0536bef82c:0x38f9c,1,8,3,0
b097ef0536bef82c:0x38f9c,1,8,4,0
b097ef0536bef82c:0x38f9c,1,9,4,0
b097ef0536bef82c:0x38f9c,1,9,5,0
b097ef0536bef82c:0x38f9c,1,10,5,0
b097ef0536bef82c:0x38f9c,1,11,5,0
b097ef0536bef82c:0x38fe6,0,0,1,0
b097ef0536bef82c:0x38fe6,0,1,1,0
b097ef0536bef82c:0x38fe6,1,1,1,0
b097ef0536bef82c:0x38fe6,1,2,1,0
b097ef0536bef82c:0x38fe6,1,3,1,0
b097ef0536bef82c:0x38fe6,1,3,2,0
b097ef0536bef82c:0x38fe6,1,4,2,0
b097ef0536bef82c:0x38fe6,1,4,3,0
b097ef0536bef82c:0x38fe6,1,5,3,0
b097ef0536bef82c:0x38fe6,1,6,3,0
b097ef0536bef82c:0x38fe6,1,7,3,0
b097ef0536bef82c:0x38fe6,1,8,3,0
b097ef0536bef82c:0x38fe6,1,8,4,0
b097ef0536bef82c:0x38fe6,1,9,4,0
b097ef0536bef82c:0x38fe6,1,9,5,0
b097ef0536bef82c:0x38fe6,1,10,5,0
b097ef0536bef82c:0x38fe6,1,11,5,0
b097ef0536bef82c:0x3902e,0,0,1,0
b097ef0536bef82c:0x3902e,0,1,1,0
b097ef0536bef82c:0x3902e,1,1,1,0
b097ef0536bef82c:0x3902e,1,2,1,0
b097ef0536bef82c:0x3902e,1,3,1,0
b097ef0536bef82c:0x3902e,1,3,2,0
b097ef0536bef82c:0x3902e,1,4,2,0
b097ef0536bef82c:0x3902e,1,4,3,0
b097ef0536bef82c:0x3902e,1,5,3,0
b097ef0536bef82c:0x3902e,1,6,3,0
b097ef0536bef82c:0x3902e,1,7,3,0
b097ef0536bef82c:0x3902e,1,8,3,0
b097ef0536bef82c:0x3902e,1,8,4,0
b097ef0536bef82c:0x3902e,1,9,4,0
b097ef0536bef82c:0x3902e,1,9,5,0
b097ef0536bef82c:0x3902e,1,10,5,0
b097ef0536bef82c:0x3902e,1,11,5,0
b097ef0536bef82c:0x39077,0,0,1,0
b097ef0536bef82c:0x39077,0,1,1,0
b097ef0536bef82c:0x39077,1,1,1,0
b097ef0536bef82c:0x39077,1,2,1,0
b097ef0536bef82c:0x39077,1,3,1,0
b097ef0536bef82c:0x39077,1,3,2,0
b097ef0536bef82c:0x39077,1,4,2,0
b097ef0536bef82c:0x39077,1,4,3,0
b097ef0536bef82c:0x39077,1,5,3,0
b097ef0536bef82c:0x39077,1,6,3,0
b097ef0536bef82c:0x39077,1,7,3,0
b097ef0536bef82c:0x39077,1,8,3,0
b097ef0536bef82c:0x39077,1,8,4,0
b097ef0536bef82c:0x39077,1,9,4,0
b097ef0536bef82c:0x39077,1,9,5,0
b097ef0536bef82c:0x39077,1,10,5,0
b097ef0536bef82c:0x39077,1,11,5,0
b097ef0536bef82c:0x390c4,0,0,1,0
b097ef0536bef82c:0x390c4,0,1,1,0
b097ef0536bef82c:0x390c4,1,1,1,0
b097ef0536bef82c:0x390c4,1,2,1,0
b097ef0536bef82c:0x390c4,1,3,1,0
b097ef0536bef82c:0x390c4,1,3,2,0
b097ef0536bef82c:0x390c4,1,4,2,0
b097ef0536bef82c:0x390c4,1,4,3,0
b097ef0536bef82c:0x390c4,1,5,3,0
b097ef0536bef82c:0x390c4,1,6,3,0
b097ef0536bef82c:0x390c4,1,7,3,0
b097ef0536bef82c:0x390c4,1,8,3,0
b097ef0536bef82c:0x390c4,1,8,4,0
b097ef0536bef82c:0x390c4,1,9,4,0
b097ef0536bef82c:0x390c4,1,9,5,0
b097ef0536bef82c:0x390c4,1,10,5,0
b097ef0536bef82c:0x390c4,1,11,5,0
b097ef0536bef82c:0x390c4,1,12,5,0
b097ef0536bef82c:0x390c4,1,13,5,0
b097ef0536bef82c:0x390c4,1,13,6,0
b097ef0536bef82c:0x390c4,1,14,6,0
b097ef0536bef82c:0x390c4,1,15,6,0
b097ef0536bef82c:0x390c4,1,15,7,0
b097ef0536bef82c:0x390c4,1,16,7,0
b097ef0536bef82c:0x390c4,1,17,7,0
b097ef0536bef82c:0x390c4,1,18,7,0
b097ef0536bef82c:0x390c4,1,19,7,0
b097ef0536bef82c:0x390c4,1,19,8,0
b097ef0536bef82c:0x390c4,1,20,8,0
b097ef0536bef82c:0x390c4,1,20,9,0
b097ef0536bef82c:0x390c4,1,21,9,0
b097ef0536bef82c:0x390c4,1,22,9,0
b097ef0536bef82c:0x390c4,1,23,9,0
b097ef0536bef82c:0x390c4,1,24,9,0
b097ef0536bef82c:0x390c4,1,24,10,0
b097ef0536bef82c:0x390c4,1,25,10,0
b097ef0536bef82c:0x390c4,1,25,11,0
b097ef0536bef82c:0x390c4,1,26,11,0
b097ef0536bef82c:0x390c4,1,27,11,0
b097ef0536bef82c:0x2f88c,0,0,1,0
b097ef0536bef82c:0x2f88c,0,0,2,0
b097ef0536bef82c:0x2f88c,1,0,2,0
b097ef0536bef82c:0x2facb,0,0,1,0
b097ef0536bef82c:0x2facb,0,0,2,0
b097ef0536bef82c:0x2facb,1,0,2,0
b097ef0536bef82c:0x2fb1e,0,0,1,0
b097ef0536bef82c:0x2fb1e,0,0,2,0
b097ef0536bef82c:0x2fb1e,1,0,2,0
b097ef0536bef82c:0x9f830,0,0,1,0
b097ef0536bef82c:0x9f830,0,0,2,0
b097ef0536bef82c:0x9f830,1,0,2,0
b097ef0536bef82c:0x9f83a,0,0,1,0
b097ef0536bef82c:0x9f83a,0,0,2,0
b097ef0536bef82c:0x9f83a,1,0,2,0
b097ef0536bef82c:0x9f83a,1,1,2,0
b097ef0536bef82c:0x9f83a,1,2,2,0
b097ef0536bef82c:0x9f83a,1,2,3,0
b097ef0536bef82c:0x9f83a,1,3,3,0
b097ef0536bef82c:0x9f83a,1,3,4,0
b097ef0536bef82c:0x9f83a,1,4,4,0
b097ef0536bef82c:0x9f83a,1,5,4,0
b097ef0536bef82c:0x9f83a,1,6,4,0
b097ef0536bef82c:0x9f83a,1,7,4,0
b097ef0536bef82c:0x9f83a,1,7,5,0
b097ef0536bef82c:0x9f83a,1,8,5,0
b097ef0536bef82c:0x9f83a,1,8,6,0
b097ef0536bef82c:0x9f83a,1,9,6,0
b097ef0536bef82c:0x9f83a,1,10,6,0
b097ef0536bef82c:0x9f83a,1,11,6,0
b097ef0536bef82c:0x9f83a,1,12,6,0
b097ef0536bef82c:0x9f83a,1,12,7,0
b097ef0536bef82c:0x9f83a,1,13,7,0
b097ef0536bef82c:0x9f83a,1,13,8,0
b097ef0536bef82c:0x9f83a,1,14,8,0
b097ef0536bef82c:0x9f83a,1,15,8,0
b097ef0536bef82c:0x9f85c,0,0,1,0
b097ef0536bef82c:0x9f85c,0,0,2,0
b097ef0536bef82c:0x9f85c,1,0,2,0
b097ef0536bef82c:0x9f85c,1,1,2,0
b097ef0536bef82c:0x9f85c,1,2,2,0
b097ef0536bef82c:0x9f85c,1,2,3,0
b097ef0536bef82c:0x9f85c,1,3,3,0
b097ef0536bef82c:0x9f85c,1,3,4,0
b097ef0536bef82c:0x9f85c,1,4,4,0
b097ef0536bef82c:0x9f85c,1,5,4,0
b097ef0536bef82c:0x9f85c,1,6,4,0
b097ef0536bef82c:0x9f85c,1,7,4,0
b097ef0536bef82c:0x9f85c,1,7,5,0
b097ef0536bef82c:0x9f85c,1,8,5,0
b097ef0536bef82c:0x9f85c,1,8,6,0
b097ef0536bef82c:0x9f85c,1,9,6,0
b097ef0536bef82c:0x9f85c,1,10,6,0
b097ef0536bef82c:0x9f85c,1,11,6,0
b097ef0536bef82c:0x9f85c,1,12,6,0
b097ef0536bef82c:0x9f85c,1,12,7,0
b097ef0536bef82c:0x9f85c,1,13,7,0
b097ef0536bef82c:0x9f85c,1,13,8,0
b097ef0536bef82c:0x9f85c,1,14,8,0
b097ef0536bef82c:0x9f85c,1,15,8,0
b097ef0536bef82c:0x9f88e,0,0,1,0
b097ef0536bef82c:0x9f88e,0,0,2,0
b097ef0536bef82c:0x9f88e,1,0,2,0
b097ef0536bef82c:0x9f88e,1,1,2,0
b097ef0536bef82c:0x9f88e,1,2,2,0
b097ef0536bef82c:0x9f88e,1,2,3,0
b097ef0536bef82c:0x9f88e,1,3,3,0
b097ef0536bef82c:0x9f88e,1,3,4,0
b097ef0536bef82c:0x9f88e,1,4,4,0
b097ef0536bef82c:0x9f88e,1,5,4,0
b097ef0536bef82c:0x9f88e,1,6,4,0
b097ef0536bef82c:0x9f88e,1,7,4,0
b097ef0536bef82c:0x9f88e,1,7,5,0
b097ef0536bef82c:0x9f88e,1,8,5,0
b097ef0536bef82c:0x9f88e,1,8,6,0
b097ef0536bef82c:0x9f88e,1,9,6,0
b097ef0536bef82c:0x9f88e,1,10,6,0
b097ef0536bef82c:0x9f88e,1,11,6,0
b097ef0536bef82c:0x9f88e,1,12,6,0
b097ef0536bef82c:0x9f88e,1,12,7,0
b097ef0536bef82c:0x9f88e,1,13,7,0
b097ef0536bef82c:0x9f88e,1,13,8,0
b097ef0536bef82c:0x9f88e,1,14,8,0
b097ef0536bef82c:0x9f88e,1,15,8,0
b097ef0536bef82c:0x9f88e,1,16,8,0
b097ef0536bef82c:0x9f88e,1,17,8,0
b097ef0536bef82c:0x9f88e,1,17,9,0
b097ef0536bef82c:0x9f88e,1,18,9,0
b097ef0536bef82c:0x9f88e,1,18,10,0
b097ef0536bef82c:0x9f88e,1,19,10,0
b097ef0536bef82c:0x9f88e,1,20,10,0
b097ef0536bef82c:0x9f88e,1,21,10,0
b097ef0536bef82c:0x9f88e,1,22,10,0
b097ef0536bef82c:0x9f88e,1,22,11,0
b097ef0536bef82c:0x9f88e,1,23,11,0
b097ef0536bef82c:0x9f88e,1,23,12,0
b097ef0536bef82c:0x9f88e,1,24,12,0
b097ef0536bef82c:0x9f88e,1,25,12,0
b097ef0536bef82c:0x9f88e,1,26,12,0
b097ef0536bef82c:0x9f88e,1,27,12,0
b097ef0536bef82c:0x9f88e,1,27,13,0
b097ef0536bef82c:0x9f88e,1,28,13,0
b097ef0536bef82c:0x9f88e,1,28,14,0
b097ef0536bef82c:0x9f88e,1,29,14,0
b097ef0536bef82c:0x9f88e,1,30,14,0
b097ef0536bef82c:0x9f8cb,0,0,1,0
b097ef0536bef82c:0x9f8cb,0,0,2,0
b097ef0536bef82c:0x9f8cb,1,0,2,0
b097ef0536bef82c:0x9f8e8,0,0,1,0
b097ef0536bef82c:0x9f8e8,0,0,2,0
b097ef0536bef82c:0x9f8e8,1,0,2,0
b097ef0536bef82c:0x9f8e8,1,1,2,0
b097ef0536bef82c:0x9f8e8,1,2,2,0
b097ef0536bef82c:0x9f8e8,1,2,3,0
b097ef0536bef82c:0x9f8e8,1,3,3,0
b097ef0536bef82c:0x9f8e8,1,3,4,0
b097ef0536bef82c:0x9f8e8,1,4,4,0
b097ef0536bef82c:0x9f8e8,1,5,4,0
b097ef0536bef82c:0x9f8e8,1,6,4,0
b097ef0536bef82c:0x9f8e8,1,7,4,0
b097ef0536bef82c:0x9f8e8,1,7,5,0
b097ef0536bef82c:0x9f8e8,1,8,5,0
b097ef0536bef82c:0x9f8e8,1,8,6,0
b097ef0536bef82c:0x9f8e8,1,9,6,0
b097ef0536bef82c:0x9f8e8,1,10,6,0
b097ef0536bef82c:0x9f8e8,1,11,6,0
b097ef0536bef82c:0x9f8e8,1,12,6,0
b097ef0536bef82c:0x9f8e8,1,12,7,0
b097ef0536bef82c:0x9f8e8,1,13,7,0
b097ef0536bef82c:0x9f8e8,1,13,8,0
b097ef0536bef82c:0x9f8e8,1,14,8,0
b097ef0536bef82c:0x9f8e8,1,15,8,0
b097ef0536bef82c:0x9f8e8,1,16,8,0
b097ef0536bef82c:0x9f8e8,1,17,8,0
b097ef0536bef82c:0x9f8e8,1,17,9,0
b097ef0536bef82c:0x9f8e8,1,18,9,0
b097ef0536bef82c:0x9f8e8,1,18,10,0
b097ef0536bef82c:0x9f8e8,1,19,10,0
b097ef0536bef82c:0x9f8e8,1,20,10,0
b097ef0536bef82c:0x9f936,0,0,1,0
b097ef0536bef82c:0x9f936,0,0,2,0
b097ef0536bef82c:0x9f936,1,0,2,0
b097ef0536bef82c:0x9f936,1,1,2,0
b097ef0536bef82c:0x9f936,1,2,2,0
b097ef0536bef82c:0x9f936,1,2,3,0
b097ef0536bef82c:0x9f936,1,3,3,0
b097ef0536bef82c:0x9f936,1,3,4,0
b097ef0536bef82c:0x9f936,1,4,4,0
b097ef0536bef82c:0x9f936,1,5,4,0
b097ef0536bef82c:0x9f936,1,6,4,0
b097ef0536bef82c:0x9f936,1,7,4,0
b097ef0536bef82c:0x9f936,1,7,5,0
b097ef0536bef82c:0x9f936,1,8,5,0
b097ef0536bef82c:0x9f936,1,8,6,0
b097ef0536bef82c:0x9f936,1,9,6,0
b097ef0536bef82c:0x9f936,1,10,6,0
b097ef0536bef82c:0x9f936,1,11,6,0
b097ef0536bef82c:0x9f936,1,12,6,0
b097ef0536bef82c:0x9f936,1,12,7,0
b097ef0536bef82c:0x9f936,1,13,7,0
b097ef0536bef82c:0x9f936,1,13,8,0
b097ef0536bef82c:0x9f936,1,14,8,0
b097ef0536bef82c:0x9f936,1,15,8,0
b097ef0536bef82c:0x9f936,1,16,8,0
b097ef0536bef82c:0x9f936,1,17,8,0
b097ef0536bef82c:0x9f936,1,17,9,0
b097ef0536bef82c:0x9f936,1,18,9,0
b097ef0536bef82c:0x9f936,1,18,10,0
b097ef0536bef82c:0x9f936,1,19,10,0
b097ef0536bef82c:0x9f936,1,20,10,0
b097ef0536bef82c:0x9f936,1,20,11,0
b097ef0536bef82c:0x9f936,1,20,12,0
b097ef0536bef82c:0x9f936,2,20,12,0
b097ef0536bef82c:0x9f936,2,21,12,0
b097ef0536bef82c:0x9f936,2,22,12,0
b097ef0536bef82c:0x9f936,2,22,13,0
b097ef0536bef82c:0x9f936,2,23,13,0
b097ef0536bef82c:0x9f936,2,23,14,0
b097ef0536bef82c:0x9f936,2,24,14,0
b097ef0536bef82c:0x9f936,2,25,14,0
b097ef0536bef82c:0x9f936,2,26,14,0
b097ef0536bef82c:0x9f936,2,27,14,0
b097ef0536bef82c:0x9f936,2,27,15,0
b097ef0536bef82c:0x9f936,2,28,15,0
b097ef0536bef82c:0x9f936,2,28,16,0
b097ef0536bef82c:0x9f936,2,29,16,0
b097ef0536bef82c:0x9f936,2,30,16,0
b097ef0536bef82c:0x9f936,2,31,16,0
b097ef0536bef82c:0x9f936,2,32,16,0
b097ef0536bef82c:0x9f936,2,32,17,0
b097ef0536bef82c:0x9f936,2,33,17,0
b097ef0536bef82c:0x9f936,2,33,18,0
b097ef0536bef82c:0x9f936,2,34,18,0
b097ef0536bef82c:0x9f936,2,35,18,0
b097ef0536bef82c:0x9f936,2,36,18,0
b097ef0536bef82c:0x9f936,2,37,18,0
b097ef0536bef82c:0x9f936,2,37,19,0
b097ef0536bef82c:0x9f936,2,38,19,0
b097ef0536bef82c:0x9f936,2,38,20,0
b097ef0536bef82c:0x9f936,2,39,20,0
b097ef0536bef82c:0x9f936,2,40,20,0
b097ef0536bef82c:0x9f936,2,40,21,0
b097ef0536bef82c:0x9f936,2,40,22,0
b097ef0536bef82c:0x9f936,3,40,22,0
b097ef0536bef82c:0x9f936,3,41,22,0
b097ef0536bef82c:0x9f936,3,42,22,0
b097ef0536bef82c:0x9f936,3,42,23,0
b097ef0536bef82c:0x9f936,3,43,23,0
b097ef0536bef82c:0x9f936,3,43,24,0
b097ef0536bef82c:0x9f936,3,44,24,0
b097ef0536bef82c:0x9f936,3,45,24,0
b097ef0536bef82c:0x9f936,3,46,24,0
b097ef0536bef82c:0x9f936,3,47,24,0
b097ef0536bef82c:0x9f936,3,47,25,0
b097ef0536bef82c:0x9f936,3,48,25,0
b097ef0536bef82c:0x9f936,3,48,26,0
b097ef0536bef82c:0x9f936,3,49,26,0
b097ef0536bef82c:0x9f936,3,50,26,0
b097ef0536bef82c:0x9f936,3,51,26,0
b097ef0536bef82c:0x9f936,3,52,26,0
b097ef0536bef82c:0x9f936,3,52,27,0
b097ef0536bef82c:0x9f936,3,53,27,0
b097ef0536bef82c:0x9f936,3,53,28,0
b097ef0536bef82c:0x9f936,3,54,28,0
b097ef0536bef82c:0x9f936,3,55,28,0
b097ef0536bef82c:0x9f936,3,56,28,0
b097ef0536bef82c:0x9f936,3,57,28,0
b097ef0536bef82c:0x9f936,3,57,29,0
b097ef0536bef82c:0x9f936,3,58,29,0
b097ef0536bef82c:0x9f936,3,58,30,0
b097ef0536bef82c:0x9f936,3,59,30,0
b097ef0536bef82c:0x9f936,3,60,30,0
b097ef0536bef82c:0x9f936,4,60,30,0
b097ef0536bef82c:0x9f936,4,60,31,0
b097ef0536bef82c:0x9f936,4,60,32,0
b097ef0536bef82c:0x9f936,5,60,32,0
b097ef0536bef82c:0x9f936,5,61,32,0
b097ef0536bef82c:0x9f936,5,62,32,0
b097ef0536bef82c:0x9f936,5,62,33,0
b097ef0536bef82c:0x9f936,5,63,33,0
b097ef0536bef82c:0x9f936,5,63,34,0
b097ef0536bef82c:0x9f936,5,64,34,0
b097ef0536bef82c:0x9f936,5,65,34,0
b097ef0536bef82c:0x9f936,5,66,34,0
b097ef0536bef82c:0x9f936,5,67,34,0
b097ef0536bef82c:0x9f936,5,67,35,0
b097ef0536bef82c:0x9f936,5,68,35,0
b097ef0536bef82c:0x9f936,5,68,36,0
b097ef0536bef82c:0x9f936,5,69,36,0
b097ef0536bef82c:0x9f936,5,70,36,0
b097ef0536bef82c:0x9f936,5,71,36,0
b097ef0536bef82c:0x9f936,5,72,36,0
b097ef0536bef82c:0x9f936,5,72,37,0
b097ef0536bef82c:0x9f936,5,73,37,0
b097ef0536bef82c:0x9f936,5,73,38,0
b097ef0536bef82c:0x9f936,5,74,38,0
b097ef0536bef82c:0x9f936,5,75,38,0
b097ef0536bef82c:0x9f936,5,76,38,0
b097ef0536bef82c:0x9f936,5,77,38,0
b097ef0536bef82c:0x9f936,5,77,39,0
b097ef0536bef82c:0x9f936,5,78,39,0
b097ef0536bef82c:0x9f936,5,78,40,0
b097ef0536bef82c:0x9f936,5,79,40,0
b097ef0536bef82c:0x9f936,5,80,40,0
b097ef0536bef82c:0x9f936,6,80,40,0
b097ef0536bef82c:0x9f936,7,80,40,0
b097ef0536bef82c:0x9f936,8,80,40,0
b097ef0536bef82c:0x9f936,8,80,41,0
b097ef0536bef82c:0x9f936,8,80,42,0
b097ef0536bef82c:0x9f936,9,80,42,0
b097ef0536bef82c:0x9f936,9,81,42,0
b097ef0536bef82c:0x9f936,9,82,42,0
b097ef0536bef82c:0x9f936,9,82,43,0
b097ef0536bef82c:0x9f936,9,83,43,0
b097ef0536bef82c:0x9f936,9,83,44,0
b097ef0536bef82c:0x9f936,9,84,44,0
b097ef0536bef82c:0x9f936,9,85,44,0
b097ef0536bef82c:0x9f936,9,86,44,0
b097ef0536bef82c:0x9f936,9,87,44,0
b097ef0536bef82c:0x9f936,9,87,45,0
b097ef0536bef82c:0x9f936,9,88,45,0
b097ef0536bef82c:0x9f936,9,88,46,0
b097ef0536bef82c:0x9f936,9,89,46,0
b097ef0536bef82c:0x9f936,9,90,46,0
b097ef0536bef82c:0x9f936,9,91,46,0
b097ef0536bef82c:0x9f936,9,92,46,0
b097ef0536bef82c:0x9f936,9,92,47,0
b097ef0536bef82c:0x9f936,9,93,47,0
b097ef0536bef82c:0x9f936,9,93,48,0
b097ef0536bef82c:0x9f936,9,94,48,0
b097ef0536bef82c:0x9f936,9,95,48,0
b097ef0536bef82c:0x9f936,9,96,48,0
b097ef0536bef82c:0x9f936,9,97,48,0
b097ef0536bef82c:0x9f936,9,97,49,0
b097ef0536bef82c:0x9f936,9,98,49,0
b097ef0536bef82c:0x9f936,9,98,50,0
b097ef0536bef82c:0x9f936,9,99,50,0
b097ef0536bef82c:0x9f936,9,100,50,0
b097ef0536bef82c:0x9f936,10,100,50,0
b097ef0536bef82c:0x9f936,11,100,50,0
b097ef0536bef82c:0x9f936,12,100,50,0
b097ef0536bef82c:0x9f936,12,100,51,0
b097ef0536bef82c:0x9f936,12,100,52,0
b097ef0536bef82c:0x9f936,13,100,52,0
b097ef0536bef82c:0x2fb82,0,0,1,0
b097ef0536bef82c:0x2fb82,0,0,2,0
b097ef0536bef82c:0x2fb82,1,0,2,0
b097ef0536bef82c:0x2fcb3,0,0,1,0
b097ef0536bef82c:0x2fcb3,0,0,2,0
b097ef0536bef82c:0x2fcb3,1,0,2,0
b097ef0536bef82c:0x2fcff,13,6,7,0
b097ef0536bef82c:0x2fcff,13,7,7,0
b097ef0536bef82c:0x2fcff,14,7,7,0
b097ef0536bef82c:0x5a135,0,0,1,0
b097ef0536bef82c:0x5a135,0,0,2,0
b097ef0536bef82c:0x5a135,1,0,2,0
b097ef0536bef82c:0x5a17d,13,124,67,0
b097ef0536bef82c:0x5a17d,13,124,68,0
b097ef0536bef82c:0x5a17d,14,124,68,0
b097ef0536bef82c:0x5a1cd,0,0,1,0
b097ef0536bef82c:0x5a1cd,0,0,2,0
b097ef0536bef82c:0x5a1cd,1,0,2,0
b097ef0536bef82c:0x5b758,0,0,1,0
b097ef0536bef82c:0x5b758,0,0,2,0
b097ef0536bef82c:0x5b758,1,0,2,0
b097ef0536bef82c:0x5b758,1,1,2,0
b097ef0536bef82c:0x5b758,1,2,2,0
b097ef0536bef82c:0x5b758,1,2,3,0
b097ef0536bef82c:0x5b758,1,3,3,0
b097ef0536bef82c:0x5b758,1,3,4,0
b097ef0536bef82c:0x5b758,1,4,4,0
b097ef0536bef82c:0x5b758,1,5,4,0
b097ef0536bef82c:0x5b758,1,6,4,0
b097ef0536bef82c:0x5b758,1,7,4,0
b097ef0536bef82c:0x5b758,1,7,5,0
b097ef0536bef82c:0x5b758,1,8,5,0
b097ef0536bef82c:0x5b758,1,8,6,0
b097ef0536bef82c:0x5b758,1,9,6,0
b097ef0536bef82c:0x5b758,1,10,6,0
b097ef0536bef82c:0x5b758,1,11,6,0
b097ef0536bef82c:0x5b758,1,12,6,0
b097ef0536bef82c:0x5b758,1,12,7,0
b097ef0536bef82c:0x5b758,1,13,7,0
b097ef0536bef82c:0x5b758,1,13,8,0
b097ef0536bef82c:0x5b758,1,14,8,0
b097ef0536bef82c:0x5b758,1,15,8,0
b097ef0536bef82c:0x5b758,1,16,8,0
b097ef0536bef82c:0x5b758,1,17,8,0
b097ef0536bef82c:0x5b758,1,17,9,0
b097ef0536bef82c:0x5b758,1,18,9,0
b097ef0536bef82c:0x5b758,1,18,10,0
b097ef0536bef82c:0x5b758,1,19,10,0
b097ef0536bef82c:0x5b758,1,20,10,0
b097ef0536bef82c:0x5b758,1,21,10,0
b097ef0536bef82c:0x5b758,1,22,10,0
b097ef0536bef82c:0x5b758,1,22,11,0
b097ef0536bef82c:0x5b758,1,23,11,0
b097ef0536bef82c:0x5b758,1,23,12,0
b097ef0536bef82c:0x5b758,1,24,12,0
b097ef0536bef82c:0x5b758,1,25,12,0
b097ef0536bef82c:0x5b758,1,26,12,0
b097ef0536bef82c:0x5b758,1,27,12,0
b097ef0536bef82c:0x5b758,1,27,13,0
b097ef0536bef82c:0x5b758,1,28,13,0
b097ef0536bef82c:0x5b758,1,28,14,0
b097ef0536bef82c:0x5b758,1,29,14,0
b097ef0536bef82c:0x5b758,1,30,14,0
b097ef0536bef82c:0x5b758,1,31,14,0
b097ef0536bef82c:0x5b758,1,32,14,0
b097ef0536bef82c:0x5b758,1,32,15,0
b097ef0536bef82c:0x5b758,1,33,15,0
b097ef0536bef82c:0x5b758,1,33,16,0
b097ef0536bef82c:0x5b758,1,34,16,0
b097ef0536bef82c:0x5b758,1,35,16,0
b097ef0536bef82c:0x5b758,1,36,16,0
b097ef0536bef82c:0x5b758,1,37,16,0
b097ef0536bef82c:0x5b758,1,37,17,0
b097ef0536bef82c:0x5b758,1,38,17,0
b097ef0536bef82c:0x5b758,1,38,18,0
b097ef0536bef82c:0x5b758,1,39,18,0
b097ef0536bef82c:0x5b758,1,40,18,0
b097ef0536bef82c:0x5b758,1,41,18,0
b097ef0536bef82c:0x5b758,1,42,18,0
b097ef0536bef82c:0x5b758,1,42,19,0
b097ef0536bef82c:0x5b758,1,43,19,0
b097ef0536bef82c:0x5b758,1,43,20,0
b097ef0536bef82c:0x5b758,1,44,20,0
b097ef0536bef82c:0x5b758,1,45,20,0
b097ef0536bef82c:0x5b758,1,46,20,0
b097ef0536bef82c:0x5b758,1,47,20,0
b097ef0536bef82c:0x5b758,1,47,21,0
b097ef0536bef82c:0x5b758,1,48,21,0
b097ef0536bef82c:0x5b758,1,48,22,0
b097ef0536bef82c:0x5b758,1,49,22,0
b097ef0536bef82c:0x5b758,1,50,22,0
b097ef0536bef82c:0x5b758,1,51,22,0
b097ef0536bef82c:0x5b758,1,52,22,0
b097ef0536bef82c:0x5b758,1,52,23,0
b097ef0536bef82c:0x5b758,1,53,23,0
b097ef0536bef82c:0x5b758,1,53,24,0
b097ef0536bef82c:0x5b758,1,54,24,0
b097ef0536bef82c:0x5b758,1,55,24,0
b097ef0536bef82c:0x5b758,1,56,24,0
b097ef0536bef82c:0x5b758,1,57,24,0
b097ef0536bef82c:0x5b758,1,57,25,0
b097ef0536bef82c:0x5b758,1,58,25,0
b097ef0536bef82c:0x5b758,1,58,26,0
b097ef0536bef82c:0x5b758,1,59,26,0
b097ef0536bef82c:0x5b758,1,60,26,0
b097ef0536bef82c:0x5b758,1,61,26,0
b097ef0536bef82c:0x5b758,1,62,26,0
b097ef0536bef82c:0x5b758,1,62,27,0
b097ef0536bef82c:0x5b758,1,63,27,0
b097ef0536bef82c:0x5b758,1,63,28,0
b097ef0536bef82c:0x5b758,1,64,28,0
b097ef0536bef82c:0x5b758,1,65,28,0
b097ef0536bef82c:0x5aa97,0,0,1,0
b097ef0536bef82c:0x5aa97,0,0,2,0
b097ef0536bef82c:0x5aa97,1,0,2,0
b097ef0536bef82c:0x5aa97,1,1,2,0
b097ef0536bef82c:0x5aa97,1,2,2,0
b097ef0536bef82c:0x5aa97,1,2,3,0
b097ef0536bef82c:0x5aa97,1,3,3,0
b097ef0536bef82c:0x5aa97,1,3,4,0
b097ef0536bef82c:0x5aa97,1,4,4,0
b097ef0536bef82c:0x5aa97,1,5,4,0
b097ef0536bef82c:0x5aa97,1,6,4,0
b097ef0536bef82c:0x5aa97,1,7,4,0
b097ef0536bef82c:0x5aa97,1,7,5,0
b097ef0536bef82c:0x5aa97,1,8,5,0
b097ef0536bef82c:0x5aa97,1,8,6,0
b097ef0536bef82c:0x5aa97,1,9,6,0
b097ef0536bef82c:0x5aa97,1,10,6,0
b097ef0536bef82c:0x5aa97,1,11,6,0
b097ef0536bef82c:0x5aa97,1,12,6,0
b097ef0536bef82c:0x5aa97,1,12,7,0
b097ef0536bef82c:0x5aa97,1,13,7,0
b097ef0536bef82c:0x5aa97,1,13,8,0
b097ef0536bef82c:0x5aa97,1,14,8,0
b097ef0536bef82c:0x5aa97,1,15,8,0
b097ef0536bef82c:0x5aa97,1,16,8,0
b097ef0536bef82c:0x5aa97,1,17,8,0
b097ef0536bef82c:0x5aa97,1,17,9,0
b097ef0536bef82c:0x5aa97,1,18,9,0
b097ef0536bef82c:0x5aa97,1,18,10,0
b097ef0536bef82c:0x5aa97,1,19,10,0
b097ef0536bef82c:0x5aa97,1,20,10,0
b097ef0536bef82c:0x5aa97,1,21,10,0
b097ef0536bef82c:0x5aa97,1,22,10,0
b097ef0536bef82c:0x5aa97,1,22,11,0
b097ef0536bef82c:0x5aa97,1,23,11,0
b097ef0536bef82c:0x5aa97,1,23,12,0
b097ef0536bef82c:0x5aa97,1,24,12,0
b097ef0536bef82c:0x5aa97,1,25,12,0
b097ef0536bef82c:0x5aa97,1,25,13,0
b097ef0536bef82c:0x5aa97,1,25,14,0
b097ef0536bef82c:0x5aa97,2,25,14,0
b097ef0536bef82c:0x5aa97,2,26,14,0
b097ef0536bef82c:0x5aa97,2,27,14,0
b097ef0536bef82c:0x5aa97,2,27,15,0
b097ef0536bef82c:0x5aa97,2,28,15,0
b097ef0536bef82c:0x5aa97,2,28,16,0
b097ef0536bef82c:0x5aa97,2,29,16,0
b097ef0536bef82c:0x5aa97,2,30,16,0
b097ef0536bef82c:0x5aa97,2,31,16,0
b097ef0536bef82c:0x5aa97,2,32,16,0
b097ef0536bef82c:0x5aa97,2,32,17,0
b097ef0536bef82c:0x5aa97,2,33,17,0
b097ef0536bef82c:0x5aa97,2,33,18,0
b097ef0536bef82c:0x5aa97,2,34,18,0
b097ef0536bef82c:0x5aa97,2,35,18,0
b097ef0536bef82c:0x5aa97,2,36,18,0
b097ef0536bef82c:0x5aa97,2,37,18,0
b097ef0536bef82c:0x5aa97,2,37,19,0
b097ef0536bef82c:0x5aa97,2,38,19,0
b097ef0536bef82c:0x5aa97,2,38,20,0
b097ef0536bef82c:0x5aa97,2,39,20,0
b097ef0536bef82c:0x5aa97,2,40,20,0
b097ef0536bef82c:0x5aa97,2,41,20,0
b097ef0536bef82c:0x5aa97,2,42,20,0
b097ef0536bef82c:0x5aa97,2,42,21,0
b097ef0536bef82c:0x5aa97,2,43,21,0
b097ef0536bef82c:0x5aa97,2,43,22,0
b097ef0536bef82c:0x5aa97,2,44,22,0
b097ef0536bef82c:0x5aa97,2,45,22,0
b097ef0536bef82c:0x5aa97,2,46,22,0
b097ef0536bef82c:0x5aa97,2,47,22,0
b097ef0536bef82c:0x5aa97,2,47,23,0
b097ef0536bef82c:0x5aa97,2,48,23,0
b097ef0536bef82c:0x5aa97,2,48,24,0
b097ef0536bef82c:0x5aa97,2,49,24,0
b097ef0536bef82c:0x5aa97,2,50,24,0
b097ef0536bef82c:0x5aa97,2,50,25,0
b097ef0536bef82c:0x5aa97,2,50,26,0
b097ef0536bef82c:0x5aa97,3,50,26,0
b097ef0536bef82c:0x5aa97,3,51,26,0
b097ef0536bef82c:0x5aa97,3,52,26,0
b097ef0536bef82c:0x5aa97,3,52,27,0
b097ef0536bef82c:0x5aa97,3,53,27,0
b097ef0536bef82c:0x5aa97,3,53,28,0
b097ef0536bef82c:0x5aa97,3,54,28,0
b097ef0536bef82c:0x5aa97,3,55,28,0
b097ef0536bef82c:0x5aa97,3,56,28,0
b097ef0536bef82c:0x5aa97,3,57,28,0
b097ef0536bef82c:0x5aa97,3,57,29,0
b097ef0536bef82c:0x5aa97,3,58,29,0
b097ef0536bef82c:0x5aa97,3,58,30,0
b097ef0536bef82c:0x5aa97,3,59,30,0
b097ef0536bef82c:0x5aa97,3,60,30,0
b097ef0536bef82c:0x5aa97,3,61,30,0
b097ef0536bef82c:0x5aa97,3,62,30,0
b097ef0536bef82c:0x5aa97,3,62,31,0
b097ef0536bef82c:0x5aa97,3,63,31,0
b097ef0536bef82c:0x5aa97,3,63,32,0
b097ef0536bef82c:0x5aa97,3,64,32,0
b097ef0536bef82c:0x5aa97,3,65,32,0
b097ef0536bef82c:0x5aa97,3,66,32,0
b097ef0536bef82c:0x5aa97,3,67,32,0
b097ef0536bef82c:0x5aa97,3,67,33,0
b097ef0536bef82c:0x5aa97,3,68,33,0
b097ef0536bef82c:0x5aa97,3,68,34,0
b097ef0536bef82c:0x5aa97,3,69,34,0
b097ef0536bef82c:0x5aa97,3,70,34,0
b097ef0536bef82c:0x5aa97,3,71,34,0
b097ef0536bef82c:0x5aa97,3,72,34,0
b097ef0536bef82c:0x5aa97,3,72,35,0
b097ef0536bef82c:0x5aa97,3,73,35,0
b097ef0536bef82c:0x5aa97,3,73,36,0
b097ef0536bef82c:0x5aa97,3,74,36,0
b097ef0536bef82c:0x5aa97,3,75,36,0
b097ef0536bef82c:0x5aa97,4,75,36,0
b097ef0536bef82c:0x5aa97,4,75,37,0
b097ef0536bef82c:0x5aa97,4,75,38,0
b097ef0536bef82c:0x5aa97,5,75,38,0
b097ef0536bef82c:0x5aa97,5,76,38,0
b097ef0536bef82c:0x5aa97,5,77,38,0
b097ef0536bef82c:0x5aa97,5,77,39,0
b097ef0536bef82c:0x5aa97,5,78,39,0
b097ef0536bef82c:0x5aa97,5,78,40,0
b097ef0536bef82c:0x5aa97,5,79,40,0
b097ef0536bef82c:0x5aa97,5,80,40,0
b097ef0536bef82c:0x5aa97,5,81,40,0
b097ef0536bef82c:0x5aa97,5,82,40,0
b097ef0536bef82c:0x5aa97,5,82,41,0
b097ef0536bef82c:0x5aa97,5,83,41,0
b097ef0536bef82c:0x5aa97,5,83,42,0
b097ef0536bef82c:0x5aa97,5,84,42,0
b097ef0536bef82c:0x5aa97,5,85,42,0
b097ef0536bef82c:0x5aa97,5,86,42,0
b097ef0536bef82c:0x5aa97,5,87,42,0
b097ef0536bef82c:0x5aa97,5,87,43,0
b097ef0536bef82c:0x5aa97,5,88,43,0
b097ef0536bef82c:0x5aa97,5,88,44,0
b097ef0536bef82c:0x5aa97,5,89,44,0
b097ef0536bef82c:0x5aa97,5,90,44,0
b097ef0536bef82c:0x5aa97,5,91,44,0
b097ef0536bef82c:0x5aa97,5,92,44,0
b097ef0536bef82c:0x5aa97,5,92,45,0
b097ef0536bef82c:0x5aa97,5,93,45,0
b097ef0536bef82c:0x5aa97,5,93,46,0
b097ef0536bef82c:0x5aa97,5,94,46,0
b097ef0536bef82c:0x5aa97,5,95,46,0
b097ef0536bef82c:0x5aa97,5,96,46,0
b097ef0536bef82c:0x5aa97,5,97,46,0
b097ef0536bef82c:0x5aa97,5,97,47,0
b097ef0536bef82c:0x5aa97,5,98,47,0
b097ef0536bef82c:0x5aa97,5,98,48,0
b097ef0536bef82c:0x5aa97,5,99,48,0
b097ef0536bef82c:0x5aa97,5,100,48,0
b097ef0536bef82c:0x5aa97,6,100,48,0
b097ef0536bef82c:0x5aa97,7,100,48,0
b097ef0536bef82c:0x5aa97,8,100,48,0
b097ef0536bef82c:0x5aa97,8,100,49,0
b097ef0536bef82c:0x5aa97,8,100,50,0
b097ef0536bef82c:0x5aa97,9,100,50,0
b097ef0536bef82c:0x5aa97,9,101,50,0
b097ef0536bef82c:0x5aa97,9,102,50,0
b097ef0536bef82c:0x5aa97,9,102,51,0
b097ef0536bef82c:0x5aa97,9,103,51,0
b097ef0536bef82c:0x5aa97,9,103,52,0
b097ef0536bef82c:0x5aa97,9,104,52,0
b097ef0536bef82c:0x5aa97,9,105,52,0
b097ef0536bef82c:0x5aa97,9,106,52,0
b097ef0536bef82c:0x5aa97,9,107,52,0
b097ef0536bef82c:0x5aa97,9,107,53,0
b097ef0536bef82c:0x5aa97,9,108,53,0
b097ef0536bef82c:0x5aa97,9,108,54,0
b097ef0536bef82c:0x5aa97,9,109,54,0
b097ef0536bef82c:0x5aa97,9,110,54,0
b097ef0536bef82c:0x5aa97,9,111,54,0
b097ef0536bef82c:0x5aa97,9,112,54,0
b097ef0536bef82c:0x5aa97,9,112,55,0
b097ef0536bef82c:0x5aa97,9,113,55,0
b097ef0536bef82c:0x5aa97,9,113,56,0
b097ef0536bef82c:0x5aa97,9,114,56,0
b097ef0536bef82c:0x5aa97,9,115,56,0
b097ef0536bef82c:0x5aa97,9,116,56,0
b097ef0536bef82c:0x5aa97,9,117,56,0
b097ef0536bef82c:0x5aa97,9,117,57,0
b097ef0536bef82c:0x5aa97,9,118,57,0
b097ef0536bef82c:0x5aa97,9,118,58,0
b097ef0536bef82c:0x5aa97,9,119,58,0
b097ef0536bef82c:0x5aa97,9,120,58,0
b097ef0536bef82c:0x5aa97,9,121,58,0
b097ef0536bef82c:0x5aa97,9,122,58,0
b097ef0536bef82c:0x5aa97,9,122,59,0
b097ef0536bef82c:0x5aa97,9,123,59,0
b097ef0536bef82c:0x5aa97,9,123,60,0
b097ef0536bef82c:0x5aa97,9,124,60,0
b097ef0536bef82c:0x5aa97,9,125,60,0
b097ef0536bef82c:0x5aa97,10,125,60,0
b097ef0536bef82c:0x5aa97,11,125,60,0
b097ef0536bef82c:0x5aa97,12,125,60,0
b097ef0536bef82c:0x5aa97,13,125,60,0
b097ef0536bef82c:0x5aa97,14,125,60,0
b097ef0536bef82c:0x5aa97,15,125,60,0
b097ef0536bef82c:0x5aa97,16,125,60,0
b097ef0536bef82c:0x5aa97,16,125,61,0
b097ef0536bef82c:0x5aa97,16,125,62,0
b097ef0536bef82c:0x5aa97,17,125,62,0
b097ef0536bef82c:0x5aa97,17,126,62,0
b097ef0536bef82c:0x5aa97,17,127,62,0
b097ef0536bef82c:0x5aa97,17,127,63,0
b097ef0536bef82c:0x5aa97,17,128,63,0
b097ef0536bef82c:0x5aa97,17,128,64,0
b097ef0536bef82c:0x5aa97,17,129,64,0
b097ef0536bef82c:0x5aa97,17,130,64,0
b097ef0536bef82c:0x5aa97,17,131,64,0
b097ef0536bef82c:0x5aa97,17,132,64,0
b097ef0536bef82c:0x5aa97,17,132,65,0
b097ef0536bef82c:0x5aa97,17,133,65,0
b097ef0536bef82c:0x5aa97,17,133,66,0
b097ef0536bef82c:0x5aa97,17,134,66,0
b097ef0536bef82c:0x5aa97,17,135,66,0
b097ef0536bef82c:0x5aa97,17,136,66,0
b097ef0536bef82c:0x5aa97,17,137,66,0
b097ef0536bef82c:0x5aa97,17,137,67,0
b097ef0536bef82c:0x5aa97,17,138,67,0
b097ef0536bef82c:0x5aa97,17,138,68,0
b097ef0536bef82c:0x5aa97,17,139,68,0
b097ef0536bef82c:0x5aa97,17,140,68,0
b097ef0536bef82c:0x5aa97,17,141,68,0
b097ef0536bef82c:0x5aa97,17,142,68,0
b097ef0536bef82c:0x5aa97,17,142,69,0
b097ef0536bef82c:0x5aa97,17,143,69,0
b097ef0536bef82c:0x5aa97,17,143,70,0
b097ef0536bef82c:0x5aa97,17,144,70,0
b097ef0536bef82c:0x5aa97,17,145,70,0
b097ef0536bef82c:0x5aa97,17,146,70,0
b097ef0536bef82c:0x5aa97,17,147,70,0
b097ef0536bef82c:0x5aa97,17,147,71,0
b097ef0536bef82c:0x5aa97,17,148,71,0
b097ef0536bef82c:0x5aa97,17,148,72,0
b097ef0536bef82c:0x5aa97,17,149,72,0
b097ef0536bef82c:0x5aa97,17,150,72,0
b097ef0536bef82c:0x5aa97,18,150,72,0
b097ef0536bef82c:0x5aa97,19,150,72,0
b097ef0536bef82c:0x5aa97,20,150,72,0
b097ef0536bef82c:0x5aa97,20,150,73,0
b097ef0536bef82c:0x5aa97,20,150,74,0
b097ef0536bef82c:0x5aa97,21,150,74,0
b097ef0536bef82c:0x5aa97,21,151,74,0
b097ef0536bef82c:0x5aa97,21,152,74,0
b097ef0536bef82c:0x5aa97,21,152,75,0
b097ef0536bef82c:0x5aa97,21,153,75,0
b097ef0536bef82c:0x5aa97,21,153,76,0
b097ef0536bef82c:0x5aa97,21,154,76,0
b097ef0536bef82c:0x5aa97,21,155,76,0
b097ef0536bef82c:0x5aa97,21,156,76,0
b097ef0536bef82c:0x5aa97,21,157,76,0
b097ef0536bef82c:0x5aa97,21,157,77,0
b097ef0536bef82c:0x5aa97,21,158,77,0
b097ef0536bef82c:0x5aa97,21,158,78,0
b097ef0536bef82c:0x5aa97,21,159,78,0
b097ef0536bef82c:0x5aa97,21,160,78,0
b097ef0536bef82c:0x5aa97,21,161,78,0
b097ef0536bef82c:0x5aa97,21,162,78,0
b097ef0536bef82c:0x5aa97,21,162,79,0
b097ef0536bef82c:0x5aa97,21,163,79,0
b097ef0536bef82c:0x5aa97,21,163,80,0
b097ef0536bef82c:0x5aa97,21,164,80,0
b097ef0536bef82c:0x5aa97,21,165,80,0
b097ef0536bef82c:0x5aa97,21,166,80,0
b097ef0536bef82c:0x5aa97,21,167,80,0
b097ef0536bef82c:0x5aa97,21,167,81,0
b097ef0536bef82c:0x5aa97,21,168,81,0
b097ef0536bef82c:0x5aa97,21,168,82,0
b097ef0536bef82c:0x5aa97,21,169,82,0
b097ef0536bef82c:0x5aa97,21,170,82,0
b097ef0536bef82c:0x5aa97,21,171,82,0
b097ef0536bef82c:0x5aa97,21,172,82,0
b097ef0536bef82c:0x5aa97,21,172,83,0
b097ef0536bef82c:0x5aa97,21,173,83,0
b097ef0536bef82c:0x5aa97,21,173,84,0
b097ef0536bef82c:0x5aa97,21,174,84,0
b097ef0536bef82c:0x5aa97,21,175,84,0
b097ef0536bef82c:0x5aef4,0,0,1,0
b097ef0536bef82c:0x5aef4,0,0,2,0
b097ef0536bef82c:0x5aef4,1,0,2,0
b097ef0536bef82c:0x5aef4,1,1,2,0
b097ef0536bef82c:0x5aef4,1,2,2,0
b097ef0536bef82c:0x5aef4,1,2,3,0
b097ef0536bef82c:0x5aef4,1,3,3,0
b097ef0536bef82c:0x5aef4,1,3,4,0
b097ef0536bef82c:0x5aef4,1,4,4,0
b097ef0536bef82c:0x5aef4,1,5,4,0
b097ef0536bef82c:0x5aef4,1,6,4,0
b097ef0536bef82c:0x5aef4,1,7,4,0
b097ef0536bef82c:0x5aef4,1,7,5,0
b097ef0536bef82c:0x5aef4,1,8,5,0
b097ef0536bef82c:0x5aef4,1,8,6,0
b097ef0536bef82c:0x5aef4,1,9,6,0
b097ef0536bef82c:0x5aef4,1,10,6,0
b097ef0536bef82c:0x5aef4,1,11,6,0
b097ef0536bef82c:0x5aef4,1,12,6,0
b097ef0536bef82c:0x5aef4,1,12,7,0
b097ef0536bef82c:0x5aef4,1,13,7,0
b097ef0536bef82c:0x5aef4,1,13,8,0
b097ef0536bef82c:0x5aef4,1,14,8,0
b097ef0536bef82c:0x5aef4,1,15,8,0
b097ef0536bef82c:0x5aef4,1,16,8,0
b097ef0536bef82c:0x5aef4,1,17,8,0
b097ef0536bef82c:0x5aef4,1,17,9,0
b097ef0536bef82c:0x5aef4,1,18,9,0
b097ef0536bef82c:0x5aef4,1,18,10,0
b097ef0536bef82c:0x5aef4,1,19,10,0
b097ef0536bef82c:0x5aef4,1,20,10,0
b097ef0536bef82c:0x5aef4,1,21,10,0
b097ef0536bef82c:0x5aef4,1,22,10,0
b097ef0536bef82c:0x5aef4,1,22,11,0
b097ef0536bef82c:0x5aef4,1,23,11,0
b097ef0536bef82c:0x5aef4,1,23,12,0
b097ef0536bef82c:0x5aef4,1,24,12,0
b097ef0536bef82c:0x5aef4,1,25,12,0
b097ef0536bef82c:0x5aef4,1,26,12,0
b097ef0536bef82c:0x5aef4,1,27,12,0
b097ef0536bef82c:0x5aef4,1,27,13,0
b097ef0536bef82c:0x5aef4,1,28,13,0
b097ef0536bef82c:0x5aef4,1,28,14,0
b097ef0536bef82c:0x5aef4,1,29,14,0
b097ef0536bef82c:0x5aef4,1,30,14,0
b097ef0536bef82c:0x5aef4,1,31,14,0
b097ef0536bef82c:0x5aef4,1,32,14,0
b097ef0536bef82c:0x5aef4,1,32,15,0
b097ef0536bef82c:0x5aef4,1,33,15,0
b097ef0536bef82c:0x5aef4,1,33,16,0
b097ef0536bef82c:0x5aef4,1,34,16,0
b097ef0536bef82c:0x5aef4,1,35,16,0
b097ef0536bef82c:0x5aef4,1,36,16,0
b097ef0536bef82c:0x5aef4,1,37,16,0
b097ef0536bef82c:0x5aef4,1,37,17,0
b097ef0536bef82c:0x5aef4,1,38,17,0
b097ef0536bef82c:0x5aef4,1,38,18,0
b097ef0536bef82c:0x5aef4,1,39,18,0
b097ef0536bef82c:0x5aef4,1,40,18,0
b097ef0536bef82c:0x5b017,0,0,1,0
b097ef0536bef82c:0x5b017,0,1,1,0
b097ef0536bef82c:0x5b017,1,1,1,0
b097ef0536bef82c:0x5b097,0,0,1,0
b097ef0536bef82c:0x5b097,0,1,1,0
b097ef0536bef82c:0x5b097,1,1,1,0
b097ef0536bef82c:0x5b097,1,2,1,0
b097ef0536bef82c:0x5b097,1,3,1,0
b097ef0536bef82c:0x5b097,1,3,2,0
b097ef0536bef82c:0x5b097,1,4,2,0
b097ef0536bef82c:0x5b097,1,4,3,0
b097ef0536bef82c:0x5b097,1,5,3,0
b097ef0536bef82c:0x5b097,1,6,3,0
b097ef0536bef82c:0x5b107,0,0,1,0
b097ef0536bef82c:0x5b107,0,1,1,0
b097ef0536bef82c:0x5b107,1,1,1,0
b097ef0536bef82c:0x5b14b,0,0,1,0
b097ef0536bef82c:0x5b14b,0,1,1,0
b097ef0536bef82c:0x5b14b,1,1,1,0
b097ef0536bef82c:0x5b190,0,0,1,0
b097ef0536bef82c:0x5b190,0,1,1,0
b097ef0536bef82c:0x5b190,1,1,1,0
b097ef0536bef82c:0x5b1d4,0,0,1,0
b097ef0536bef82c:0x5b1d4,0,1,1,0
b097ef0536bef82c:0x5b1d4,1,1,1,0
b097ef0536bef82c:0x5b1d4,1,2,1,0
b097ef0536bef82c:0x5b1d4,1,3,1,0
b097ef0536bef82c:0x5b1d4,1,3,2,0
b097ef0536bef82c:0x5b1d4,1,4,2,0
b097ef0536bef82c:0x5b1d4,1,4,3,0
b097ef0536bef82c:0x5b1d4,1,5,3,0
b097ef0536bef82c:0x5b1d4,1,6,3,0
b097ef0536bef82c:0x5b1d4,1,7,3,0
b097ef0536bef82c:0x5b1d4,1,8,3,0
b097ef0536bef82c:0x5b1d4,1,8,4,0
b097ef0536bef82c:0x5b1d4,1,9,4,0
b097ef0536bef82c:0x5b1d4,1,9,5,0
b097ef0536bef82c:0x5b1d4,1,10,5,0
b097ef0536bef82c:0x5b1d4,1,11,5,0
b097ef0536bef82c:0x5b550,0,0,1,0
b097ef0536bef82c:0x5b550,0,1,1,0
b097ef0536bef82c:0x5b550,1,1,1,0
b097ef0536bef82c:0x2fdd5,51,29,3,0
b097ef0536bef82c:0x2fdd5,52,29,3,0
b097ef0536bef82c:0x2ff2a,0,0,1,0
b097ef0536bef82c:0x2ff2a,0,0,2,0
b097ef0536bef82c:0x2ff2a,1,0,2,0
b097ef0536bef82c:0xb882,0,0,1,0
b097ef0536bef82c:0xb882,0,0,2,0
b097ef0536bef82c:0xb882,1,0,2,0
b097ef0536bef82c:0xf232,0,0,1,0
b097ef0536bef82c:0xf232,0,0,2,0
b097ef0536bef82c:0xf232,1,0,2,0
b097ef0536bef82c:0xeac7,0,0,1,0
b097ef0536bef82c:0xeac7,0,0,2,0
b097ef0536bef82c:0xeac7,1,0,2,0
b097ef0536bef82c:0xe8e3,0,0,1,0
b097ef0536bef82c:0xe8e3,0,0,2,0
b097ef0536bef82c:0xe8e3,1,0,2,0
b097ef0536bef82c:0x9f830,1,0,3,0
b097ef0536bef82c:0x9f830,1,0,4,0
b097ef0536bef82c:0x9f830,2,0,4,0
b097ef0536bef82c:0x9f83a,1,15,9,0
b097ef0536bef82c:0x9f83a,1,15,10,0
b097ef0536bef82c:0x9f83a,2,15,10,0
b097ef0536bef82c:0x9f83a,2,16,10,0
b097ef0536bef82c:0x9f83a,2,17,10,0
b097ef0536bef82c:0x9f83a,2,17,11,0
b097ef0536bef82c:0x9f83a,2,18,11,0
b097ef0536bef82c:0x9f83a,2,18,12,0
b097ef0536bef82c:0x9f83a,2,19,12,0
b097ef0536bef82c:0x9f83a,2,20,12,0
b097ef0536bef82c:0x9f83a,2,21,12,0
b097ef0536bef82c:0x9f83a,2,22,12,0
b097ef0536bef82c:0x9f83a,2,22,13,0
b097ef0536bef82c:0x9f83a,2,23,13,0
b097ef0536bef82c:0x9f83a,2,23,14,0
b097ef0536bef82c:0x9f83a,2,24,14,0
b097ef0536bef82c:0x9f83a,2,25,14,0
b097ef0536bef82c:0x9f83a,2,26,14,0
b097ef0536bef82c:0x9f83a,2,27,14,0
b097ef0536bef82c:0x9f83a,2,27,15,0
b097ef0536bef82c:0x9f83a,2,28,15,0
b097ef0536bef82c:0x9f83a,2,28,16,0
b097ef0536bef82c:0x9f83a,2,29,16,0
b097ef0536bef82c:0x9f83a,2,30,16,0
b097ef0536bef82c:0x9f85c,1,15,9,0
b097ef0536bef82c:0x9f85c,1,15,10,0
b097ef0536bef82c:0x9f85c,2,15,10,0
b097ef0536bef82c:0x9f85c,2,16,10,0
b097ef0536bef82c:0x9f85c,2,17,10,0
b097ef0536bef82c:0x9f85c,2,17,11,0
b097ef0536bef82c:0x9f85c,2,18,11,0
b097ef0536bef82c:0x9f85c,2,18,12,0
b097ef0536bef82c:0x9f85c,2,19,12,0
b097ef0536bef82c:0x9f85c,2,20,12,0
b097ef0536bef82c:0x9f85c,2,21,12,0
b097ef0536bef82c:0x9f85c,2,22,12,0
b097ef0536bef82c:0x9f85c,2,22,13,0
b097ef0536bef82c:0x9f85c,2,23,13,0
b097ef0536bef82c:0x9f85c,2,23,14,0
b097ef0536bef82c:0x9f85c,2,24,14,0
b097ef0536bef82c:0x9f85c,2,25,14,0
b097ef0536bef82c:0x9f85c,2,26,14,0
b097ef0536bef82c:0x9f85c,2,27,14,0
b097ef0536bef82c:0x9f85c,2,27,15,0
b097ef0536bef82c:0x9f85c,2,28,15,0
b097ef0536bef82c:0x9f85c,2,28,16,0
b097ef0536bef82c:0x9f85c,2,29,16,0
b097ef0536bef82c:0x9f85c,2,30,16,0
b097ef0536bef82c:0x9f88e,1,30,15,0
b097ef0536bef82c:0x9f88e,1,30,16,0
b097ef0536bef82c:0x9f88e,2,30,16,0
b097ef0536bef82c:0x9f88e,2,31,16,0
b097ef0536bef82c:0x9f88e,2,32,16,0
b097ef0536bef82c:0x9f88e,2,32,17,0
b097ef0536bef82c:0x9f88e,2,33,17,0
b097ef0536bef82c:0x9f88e,2,33,18,0
b097ef0536bef82c:0x9f88e,2,34,18,0
b097ef0536bef82c:0x9f88e,2,35,18,0
b097ef0536bef82c:0x9f88e,2,36,18,0
b097ef0536bef82c:0x9f88e,2,37,18,0
b097ef0536bef82c:0x9f88e,2,37,19,0
b097ef0536bef82c:0x9f88e,2,38,19,0
b097ef0536bef82c:0x9f88e,2,38,20,0
b097ef0536bef82c:0x9f88e,2,39,20,0
b097ef0536bef82c:0x9f88e,2,40,20,0
b097ef0536bef82c:0x9f88e,2,41,20,0
b097ef0536bef82c:0x9f88e,2,42,20,0
b097ef0536bef82c:0x9f88e,2,42,21,0
b097ef0536bef82c:0x9f88e,2,43,21,0
b097ef0536bef82c:0x9f88e,2,43,22,0
b097ef0536bef82c:0x9f88e,2,44,22,0
b097ef0536bef82c:0x9f88e,2,45,22,0
b097ef0536bef82c:0x9f88e,2,46,22,0
b097ef0536bef82c:0x9f88e,2,47,22,0
b097ef0536bef82c:0x9f88e,2,47,23,0
b097ef0536bef82c:0x9f88e,2,48,23,0
b097ef0536bef82c:0x9f88e,2,48,24,0
b097ef0536bef82c:0x9f88e,2,49,24,0
b097ef0536bef82c:0x9f88e,2,50,24,0
b097ef0536bef82c:0x9f88e,2,51,24,0
b097ef0536bef82c:0x9f88e,2,52,24,0
b097ef0536bef82c:0x9f88e,2,52,25,0
b097ef0536bef82c:0x9f88e,2,53,25,0
b097ef0536bef82c:0x9f88e,2,53,26,0
b097ef0536bef82c:0x9f88e,2,54,26,0
b097ef0536bef82c:0x9f88e,2,55,26,0
b097ef0536bef82c:0x9f88e,2,56,26,0
b097ef0536bef82c:0x9f88e,2,57,26,0
b097ef0536bef82c:0x9f88e,2,57,27,0
b097ef0536bef82c:0x9f88e,2,58,27,0
b097ef0536bef82c:0x9f88e,2,58,28,0
b097ef0536bef82c:0x9f88e,2,59,28,0
b097ef0536bef82c:0x9f88e,2,60,28,0
b097ef0536bef82c:0x9f8cb,1,0,3,0
b097ef0536bef82c:0x9f8cb,1,0,4,0
b097ef0536bef82c:0x9f8cb,2,0,4,0
b097ef0536bef82c:0x9f8e8,1,20,11,0
b097ef0536bef82c:0x9f8e8,1,20,12,0
b097ef0536bef82c:0x9f8e8,2,20,12,0
b097ef0536bef82c:0x9f8e8,2,21,12,0
b097ef0536bef82c:0x9f8e8,2,22,12,0
b097ef0536bef82c:0x9f8e8,2,22,13,0
b097ef0536bef82c:0x9f8e8,2,23,13,0
b097ef0536bef82c:0x9f8e8,2,23,14,0
b097ef0536bef82c:0x9f8e8,2,24,14,0
b097ef0536bef82c:0x9f8e8,2,25,14,0
b097ef0536bef82c:0x9f8e8,2,26,14,0
b097ef0536bef82c:0x9f8e8,2,27,14,0
b097ef0536bef82c:0x9f8e8,2,27,15,0
b097ef0536bef82c:0x9f8e8,2,28,15,0
b097ef0536bef82c:0x9f8e8,2,28,16,0
b097ef0536bef82c:0x9f8e8,2,29,16,0
b097ef0536bef82c:0x9f8e8,2,30,16,0
b097ef0536bef82c:0x9f8e8,2,31,16,0
b097ef0536bef82c:0x9f8e8,2,32,16,0
b097ef0536bef82c:0x9f8e8,2,32,17,0
b097ef0536bef82c:0x9f8e8,2,33,17,0
b097ef0536bef82c:0x9f8e8,2,33,18,0
b097ef0536bef82c:0x9f8e8,2,34,18,0
b097ef0536bef82c:0x9f8e8,2,35,18,0
b097ef0536bef82c:0x9f8e8,2,36,18,0
b097ef0536bef82c:0x9f8e8,2,37,18,0
b097ef0536bef82c:0x9f8e8,2,37,19,0
b097ef0536bef82c:0x9f8e8,2,38,19,0
b097ef0536bef82c:0x9f8e8,2,38,20,0
b097ef0536bef82c:0x9f8e8,2,39,20,0
b097ef0536bef82c:0x9f8e8,2,40,20,0
b097ef0536bef82c:0x9f936,13,100,53,0
b097ef0536bef82c:0x9f936,13,100,54,0
b097ef0536bef82c:0x9f936,14,100,54,0
b097ef0536bef82c:0x9f936,14,101,54,0
b097ef0536bef82c:0x9f936,14,102,54,0
b097ef0536bef82c:0x9f936,14,102,55,0
b097ef0536bef82c:0x9f936,14,103,55,0
b097ef0536bef82c:0x9f936,14,103,56,0
b097ef0536bef82c:0x9f936,14,104,56,0
b097ef0536bef82c:0x9f936,14,105,56,0
b097ef0536bef82c:0x9f936,14,106,56,0
b097ef0536bef82c:0x9f936,14,107,56,0
b097ef0536bef82c:0x9f936,14,107,57,0
b097ef0536bef82c:0x9f936,14,108,57,0
b097ef0536bef82c:0x9f936,14,108,58,0
b097ef0536bef82c:0x9f936,14,109,58,0
b097ef0536bef82c:0x9f936,14,110,58,0
b097ef0536bef82c:0x9f936,14,111,58,0
b097ef0536bef82c:0x9f936,14,112,58,0
b097ef0536bef82c:0x9f936,14,112,59,0
b097ef0536bef82c:0x9f936,14,113,59,0
b097ef0536bef82c:0x9f936,14,113,60,0
b097ef0536bef82c:0x9f936,14,114,60,0
b097ef0536bef82c:0x9f936,14,115,60,0
b097ef0536bef82c:0x9f936,14,116,60,0
b097ef0536bef82c:0x9f936,14,117,60,0
b097ef0536bef82c:0x9f936,14,117,61,0
b097ef0536bef82c:0x9f936,14,118,61,0
b097ef0536bef82c:0x9f936,14,118,62,0
b097ef0536bef82c:0x9f936,14,119,62,0
b097ef0536bef82c:0x9f936,14,120,62,0
b097ef0536bef82c:0x9f936,15,120,62,0
b097ef0536bef82c:0x9f936,16,120,62,0
b097ef0536bef82c:0x9f936,17,120,62,0
b097ef0536bef82c:0x9f936,18,120,62,0
b097ef0536bef82c:0x9f936,18,120,63,0
b097ef0536bef82c:0x9f936,18,120,64,0
b097ef0536bef82c:0x9f936,19,120,64,0
b097ef0536bef82c:0x9f936,19,121,64,0
b097ef0536bef82c:0x9f936,19,122,64,0
b097ef0536bef82c:0x9f936,19,122,65,0
b097ef0536bef82c:0x9f936,19,123,65,0
b097ef0536bef82c:0x9f936,19,123,66,0
b097ef0536bef82c:0x9f936,19,124,66,0
b097ef0536bef82c:0x9f936,19,125,66,0
b097ef0536bef82c:0x9f936,19,126,66,0
b097ef0536bef82c:0x9f936,19,127,66,0
b097ef0536bef82c:0x9f936,19,127,67,0
b097ef0536bef82c:0x9f936,19,128,67,0
b097ef0536bef82c:0x9f936,19,128,68,0
b097ef0536bef82c:0x9f936,19,129,68,0
b097ef0536bef82c:0x9f936,19,130,68,0
b097ef0536bef82c:0x9f936,19,131,68,0
b097ef0536bef82c:0x9f936,19,132,68,0
b097ef0536bef82c:0x9f936,19,132,69,0
b097ef0536bef82c:0x9f936,19,133,69,0
b097ef0536bef82c:0x9f936,19,133,70,0
b097ef0536bef82c:0x9f936,19,134,70,0
b097ef0536bef82c:0x9f936,19,135,70,0
b097ef0536bef82c:0x9f936,19,136,70,0
b097ef0536bef82c:0x9f936,19,137,70,0
b097ef0536bef82c:0x9f936,19,137,71,0
b097ef0536bef82c:0x9f936,19,138,71,0
b097ef0536bef82c:0x9f936,19,138,72,0
b097ef0536bef82c:0x9f936,19,139,72,0
b097ef0536bef82c:0x9f936,19,140,72,0
b097ef0536bef82c:0x9f936,20,140,72,0
b097ef0536bef82c:0x9f936,21,140,72,0
b097ef0536bef82c:0x9f936,22,140,72,0
b097ef0536bef82c:0x9f936,23,140,72,0
b097ef0536bef82c:0x9f936,24,140,72,0
b097ef0536bef82c:0x9f936,25,140,72,0
b097ef0536bef82c:0x9f936,25,140,73,0
b097ef0536bef82c:0x9f936,25,140,74,0
b097ef0536bef82c:0x9f936,26,140,74,0
b097ef0536bef82c:0xe9c1,0,0,1,0
b097ef0536bef82c:0xe9c1,0,0,2,0
b097ef0536bef82c:0xe9c1,1,0,2,0
b097ef0536bef82c:0xea7c,0,0,1,0
b097ef0536bef82c:0xea7c,0,0,2,0
b097ef0536bef82c:0xea7c,1,0,2,0
b097ef0536bef82c:0xed93,0,0,1,0
b097ef0536bef82c:0xed93,0,0,2,0
b097ef0536bef82c:0xed93,1,0,2,0
b097ef0536bef82c:0x56e6,0,0,1,0
b097ef0536bef82c:0x56e6,0,0,2,0
b097ef0536bef82c:0x56e6,1,0,2,0
b097ef0536bef82c:0x6e6f2,0,0,1,0
b097ef0536bef82c:0x6e6f2,0,0,2,0
b097ef0536bef82c:0x6e6f2,1,0,2,0
b097ef0536bef82c:0x791e5,0,0,1,0
b097ef0536bef82c:0x791e5,0,0,2,0
b097ef0536bef82c:0x791e5,1,0,2,0
b097ef0536bef82c:0x792ac,0,0,1,0
b097ef0536bef82c:0x792ac,0,0,2,0
b097ef0536bef82c:0x792ac,1,0,2,0
b097ef0536bef82c:0x792b5,0,0,1,0
b097ef0536bef82c:0x792b5,0,0,2,0
b097ef0536bef82c:0x792b5,1,0,2,0
b097ef0536bef82c:0x7b633,0,0,1,0
b097ef0536bef82c:0x7b633,0,0,2,0
b097ef0536bef82c:0x7b633,1,0,2,0
b097ef0536bef82c:0x7b665,0,0,1,0
b097ef0536bef82c:0x7b665,0,0,2,0
b097ef0536bef82c:0x7b665,1,0,2,0
b097ef0536bef82c:0x7b66d,0,0,1,0
b097ef0536bef82c:0x7b66d,0,0,2,0
b097ef0536bef82c:0x7b66d,1,0,2,0
b097ef0536bef82c:0x8f3b4,0,0,1,0
b097ef0536bef82c:0x8f3b4,0,0,2,0
b097ef0536bef82c:0x8f3b4,1,0,2,0
b097ef0536bef82c:0x8f435,0,0,1,0
b097ef0536bef82c:0x8f435,0,0,2,0
b097ef0536bef82c:0x8f435,1,0,2,0
b097ef0536bef82c:0x8f467,0,0,1,0
b097ef0536bef82c:0x8f467,0,0,2,0
b097ef0536bef82c:0x8f467,1,0,2,0
b097ef0536bef82c:0x8f46e,0,0,1,0
b097ef0536bef82c:0x8f46e,0,0,2,0
b097ef0536bef82c:0x8f46e,1,0,2,0
b097ef0536bef82c:0x8f46e,1,1,2,0
b097ef0536bef82c:0x8f46e,1,2,2,0
b097ef0536bef82c:0x8f46e,1,2,3,0
b097ef0536bef82c:0x8f46e,1,3,3,0
b097ef0536bef82c:0x8f46e,1,3,4,0
b097ef0536bef82c:0x8f46e,1,4,4,0
b097ef0536bef82c:0x8f46e,1,5,4,0
b097ef0536bef82c:0x8f46e,1,6,4,0
b097ef0536bef82c:0x8f46e,1,7,4,0
b097ef0536bef82c:0x8f46e,1,7,5,0
b097ef0536bef82c:0x8f46e,1,8,5,0
b097ef0536bef82c:0x8f46e,1,8,6,0
b097ef0536bef82c:0x8f46e,1,9,6,0
b097ef0536bef82c:0x8f46e,1,10,6,0
b097ef0536bef82c:0x8f46e,1,11,6,0
b097ef0536bef82c:0x8f46e,1,12,6,0
b097ef0536bef82c:0x8f46e,1,12,7,0
b097ef0536bef82c:0x8f46e,1,13,7,0
b097ef0536bef82c:0x8f46e,1,13,8,0
b097ef0536bef82c:0x8f46e,1,14,8,0
b097ef0536bef82c:0x8f46e,1,15,8,0
b097ef0536bef82c:0x8f46e,1,16,8,0
b097ef0536bef82c:0x8f46e,1,17,8,0
b097ef0536bef82c:0x8f46e,1,17,9,0
b097ef0536bef82c:0x8f46e,1,18,9,0
b097ef0536bef82c:0x8f46e,1,18,10,0
b097ef0536bef82c:0x8f46e,1,19,10,0
b097ef0536bef82c:0x8f46e,1,20,10,0
b097ef0536bef82c:0x8f498,0,0,1,0
b097ef0536bef82c:0x8f498,0,0,2,0
b097ef0536bef82c:0x8f498,1,0,2,0
b097ef0536bef82c:0x8f498,1,1,2,0
b097ef0536bef82c:0x8f498,1,2,2,0
b097ef0536bef82c:0x8f498,1,2,3,0
b097ef0536bef82c:0x8f498,1,3,3,0
b097ef0536bef82c:0x8f498,1,3,4,0
b097ef0536bef82c:0x8f498,1,4,4,0
b097ef0536bef82c:0x8f498,1,5,4,0
b097ef0536bef82c:0x8f498,1,6,4,0
b097ef0536bef82c:0x8f498,1,7,4,0
b097ef0536bef82c:0x8f498,1,7,5,0
b097ef0536bef82c:0x8f498,1,8,5,0
b097ef0536bef82c:0x8f498,1,8,6,0
b097ef0536bef82c:0x8f498,1,9,6,0
b097ef0536bef82c:0x8f498,1,10,6,0
b097ef0536bef82c:0x8f498,1,11,6,0
b097ef0536bef82c:0x8f498,1,12,6,0
b097ef0536bef82c:0x8f498,1,12,7,0
b097ef0536bef82c:0x8f498,1,13,7,0
b097ef0536bef82c:0x8f498,1,13,8,0
b097ef0536bef82c:0x8f498,1,14,8,0
b097ef0536bef82c:0x8f498,1,15,8,0
b097ef0536bef82c:0x8f498,1,16,8,0
b097ef0536bef82c:0x8f498,1,17,8,0
b097ef0536bef82c:0x8f498,1,17,9,0
b097ef0536bef82c:0x8f498,1,18,9,0
b097ef0536bef82c:0x8f498,1,18,10,0
b097ef0536bef82c:0x8f498,1,19,10,0
b097ef0536bef82c:0x8f498,1,20,10,0
b097ef0536bef82c:0x8f4c2,0,0,1,0
b097ef0536bef82c:0x8f4c2,0,0,2,0
b097ef0536bef82c:0x8f4c2,1,0,2,0
b097ef0536bef82c:0x8f4c2,1,1,2,0
b097ef0536bef82c:0x8f4c2,1,2,2,0
b097ef0536bef82c:0x8f4c2,1,2,3,0
b097ef0536bef82c:0x8f4c2,1,3,3,0
b097ef0536bef82c:0x8f4c2,1,3,4,0
b097ef0536bef82c:0x8f4c2,1,4,4,0
b097ef0536bef82c:0x8f4c2,1,5,4,0
b097ef0536bef82c:0x8f4c2,1,6,4,0
b097ef0536bef82c:0x8f4c2,1,7,4,0
b097ef0536bef82c:0x8f4c2,1,7,5,0
b097ef0536bef82c:0x8f4c2,1,8,5,0
b097ef0536bef82c:0x8f4c2,1,8,6,0
b097ef0536bef82c:0x8f4c2,1,9,6,0
b097ef0536bef82c:0x8f4c2,1,10,6,0
b097ef0536bef82c:0x8f4c2,1,11,6,0
b097ef0536bef82c:0x8f4c2,1,12,6,0
b097ef0536bef82c:0x8f4c2,1,12,7,0
b097ef0536bef82c:0x8f4c2,1,13,7,0
b097ef0536bef82c:0x8f4c2,1,13,8,0
b097ef0536bef82c:0x8f4c2,1,14,8,0
b097ef0536bef82c:0x8f4c2,1,15,8,0
b097ef0536bef82c:0x8f4c2,1,16,8,0
b097ef0536bef82c:0x8f4c2,1,17,8,0
b097ef0536bef82c:0x8f4c2,1,17,9,0
b097ef0536bef82c:0x8f4c2,1,18,9,0
b097ef0536bef82c:0x8f4c2,1,18,10,0
b097ef0536bef82c:0x8f4c2,1,19,10,0
b097ef0536bef82c:0x8f4c2,1,20,10,0
b097ef0536bef82c:0x8f498,1,20,11,0
b097ef0536bef82c:0x8f498,1,20,12,0
b097ef0536bef82c:0x8f498,2,20,12,0
b097ef0536bef82c:0x8f498,2,21,12,0
b097ef0536bef82c:0x8f498,2,22,12,0
b097ef0536bef82c:0x8f498,2,22,13,0
b097ef0536bef82c:0x8f498,2,23,13,0
b097ef0536bef82c:0x8f498,2,23,14,0
b097ef0536bef82c:0x8f498,2,24,14,0
b097ef0536bef82c:0x8f498,2,25,14,0
b097ef0536bef82c:0x8f498,2,26,14,0
b097ef0536bef82c:0x8f498,2,27,14,0
b097ef0536bef82c:0x8f498,2,27,15,0
b097ef0536bef82c:0x8f498,2,28,15,0
b097ef0536bef82c:0x8f498,2,28,16,0
b097ef0536bef82c:0x8f498,2,29,16,0
b097ef0536bef82c:0x8f498,2,30,16,0
b097ef0536bef82c:0x8f498,2,31,16,0
b097ef0536bef82c:0x8f498,2,32,16,0
b097ef0536bef82c:0x8f498,2,32,17,0
b097ef0536bef82c:0x8f498,2,33,17,0
b097ef0536bef82c:0x8f498,2,33,18,0
b097ef0536bef82c:0x8f498,2,34,18,0
b097ef0536bef82c:0x8f498,2,35,18,0
b097ef0536bef82c:0x8f498,2,36,18,0
b097ef0536bef82c:0x8f498,2,37,18,0
b097ef0536bef82c:0x8f498,2,37,19,0
b097ef0536bef82c:0x8f498,2,38,19,0
b097ef0536bef82c:0x8f498,2,38,20,0
b097ef0536bef82c:0x8f498,2,39,20,0
b097ef0536bef82c:0x8f498,2,40,20,0
b097ef0536bef82c:0x8f4c2,1,20,11,0
b097ef0536bef82c:0x8f4c2,1,20,12,0
b097ef0536bef82c:0x8f4c2,2,20,12,0
b097ef0536bef82c:0x8f4c2,2,21,12,0
b097ef0536bef82c:0x8f4c2,2,22,12,0
b097ef0536bef82c:0x8f4c2,2,22,13,0
b097ef0536bef82c:0x8f4c2,2,23,13,0
b097ef0536bef82c:0x8f4c2,2,23,14,0
b097ef0536bef82c:0x8f4c2,2,24,14,0
b097ef0536bef82c:0x8f4c2,2,25,14,0
b097ef0536bef82c:0x8f4c2,2,26,14,0
b097ef0536bef82c:0x8f4c2,2,27,14,0
b097ef0536bef82c:0x8f4c2,2,27,15,0
b097ef0536bef82c:0x8f4c2,2,28,15,0
b097ef0536bef82c:0x8f4c2,2,28,16,0
b097ef0536bef82c:0x8f4c2,2,29,16,0
b097ef0536bef82c:0x8f4c2,2,30,16,0
b097ef0536bef82c:0x8f4c2,2,31,16,0
b097ef0536bef82c:0x8f4c2,2,32,16,0
b097ef0536bef82c:0x8f4c2,2,32,17,0
b097ef0536bef82c:0x8f4c2,2,33,17,0
b097ef0536bef82c:0x8f4c2,2,33,18,0
b097ef0536bef82c:0x8f4c2,2,34,18,0
b097ef0536bef82c:0x8f4c2,2,35,18,0
b097ef0536bef82c:0x8f4c2,2,36,18,0
b097ef0536bef82c:0x8f4c2,2,37,18,0
b097ef0536bef82c:0x8f4c2,2,37,19,0
b097ef0536bef82c:0x8f4c2,2,38,19,0
b097ef0536bef82c:0x8f4c2,2,38,20,0
b097ef0536bef82c:0x8f4c2,2,39,20,0
b097ef0536bef82c:0x8f4c2,2,40,20,0
b097ef0536bef82c:0x8f498,2,40,21,0
b097ef0536bef82c:0x8f498,2,40,22,0
b097ef0536bef82c:0x8f498,3,40,22,0
b097ef0536bef82c:0x8f498,3,41,22,0
b097ef0536bef82c:0x8f498,3,42,22,0
b097ef0536bef82c:0x8f498,3,42,23,0
b097ef0536bef82c:0x8f498,3,43,23,0
b097ef0536bef82c:0x8f498,3,43,24,0
b097ef0536bef82c:0x8f498,3,44,24,0
b097ef0536bef82c:0x8f498,3,45,24,0
b097ef0536bef82c:0x8f498,3,46,24,0
b097ef0536bef82c:0x8f498,3,47,24,0
b097ef0536bef82c:0x8f498,3,47,25,0
b097ef0536bef82c:0x8f498,3,48,25,0
b097ef0536bef82c:0x8f498,3,48,26,0
b097ef0536bef82c:0x8f498,3,49,26,0
b097ef0536bef82c:0x8f498,3,50,26,0
b097ef0536bef82c:0x8f498,3,51,26,0
b097ef0536bef82c:0x8f498,3,52,26,0
b097ef0536bef82c:0x8f498,3,52,27,0
b097ef0536bef82c:0x8f498,3,53,27,0
b097ef0536bef82c:0x8f498,3,53,28,0
b097ef0536bef82c:0x8f498,3,54,28,0
b097ef0536bef82c:0x8f498,3,55,28,0
b097ef0536bef82c:0x8f498,3,56,28,0
b097ef0536bef82c:0x8f498,3,57,28,0
b097ef0536bef82c:0x8f498,3,57,29,0
b097ef0536bef82c:0x8f498,3,58,29,0
b097ef0536bef82c:0x8f498,3,58,30,0
b097ef0536bef82c:0x8f498,3,59,30,0
b097ef0536bef82c:0x8f498,3,60,30,0
b097ef0536bef82c:0x8f4c2,3,40,20,0
b097ef0536bef82c:0x8f498,4,60,30,0
b097ef0536bef82c:0x8f4c2,3,40,21,0
b097ef0536bef82c:0x8f4c2,3,40,22,0
b097ef0536bef82c:0x8f4c2,4,40,22,0
b097ef0536bef82c:0x8f4c2,4,41,22,0
b097ef0536bef82c:0x8f4c2,4,42,22,0
b097ef0536bef82c:0x8f4c2,4,42,23,0
b097ef0536bef82c:0x8f4c2,4,43,23,0
b097ef0536bef82c:0x8f4c2,4,43,24,0
b097ef0536bef82c:0x8f4c2,4,44,24,0
b097ef0536bef82c:0x8f4c2,4,45,24,0
b097ef0536bef82c:0x8f4c2,4,46,24,0
b097ef0536bef82c:0x8f4c2,4,47,24,0
b097ef0536bef82c:0x8f4c2,4,47,25,0
b097ef0536bef82c:0x8f4c2,4,48,25,0
b097ef0536bef82c:0x8f4c2,4,48,26,0
b097ef0536bef82c:0x8f4c2,4,49,26,0
b097ef0536bef82c:0x8f4c2,4,50,26,0
b097ef0536bef82c:0x8f4c2,4,51,26,0
b097ef0536bef82c:0x8f4c2,4,52,26,0
b097ef0536bef82c:0x8f4c2,4,52,27,0
b097ef0536bef82c:0x8f4c2,4,53,27,0
b097ef0536bef82c:0x8f4c2,4,53,28,0
b097ef0536bef82c:0x8f4c2,4,54,28,0
b097ef0536bef82c:0x8f4c2,4,55,28,0
b097ef0536bef82c:0x8f4c2,4,56,28,0
b097ef0536bef82c:0x8f4c2,4,57,28,0
b097ef0536bef82c:0x8f4c2,4,57,29,0
b097ef0536bef82c:0x8f4c2,4,58,29,0
b097ef0536bef82c:0x8f4c2,4,58,30,0
b097ef0536bef82c:0x8f4c2,4,59,30,0
b097ef0536bef82c:0x8f4c2,4,60,30,0
b097ef0536bef82c:0x8f498,4,60,31,0
b097ef0536bef82c:0x8f498,4,60,32,0
b097ef0536bef82c:0x8f498,5,60,32,0
b097ef0536bef82c:0x8f498,5,61,32,0
b097ef0536bef82c:0x8f498,5,62,32,0
b097ef0536bef82c:0x8f498,5,62,33,0
b097ef0536bef82c:0x8f498,5,63,33,0
b097ef0536bef82c:0x8f498,5,63,34,0
b097ef0536bef82c:0x8f498,5,64,34,0
b097ef0536bef82c:0x8f498,5,65,34,0
b097ef0536bef82c:0x8f498,5,66,34,0
b097ef0536bef82c:0x8f498,5,67,34,0
b097ef0536bef82c:0x8f498,5,67,35,0
b097ef0536bef82c:0x8f498,5,68,35,0
b097ef0536bef82c:0x8f498,5,68,36,0
b097ef0536bef82c:0x8f498,5,69,36,0
b097ef0536bef82c:0x8f498,5,70,36,0
b097ef0536bef82c:0x8f498,5,71,36,0
b097ef0536bef82c:0x8f498,5,72,36,0
b097ef0536bef82c:0x8f498,5,72,37,0
b097ef0536bef82c:0x8f498,5,73,37,0
b097ef0536bef82c:0x8f498,5,73,38,0
b097ef0536bef82c:0x8f498,5,74,38,0
b097ef0536bef82c:0x8f498,5,75,38,0
b097ef0536bef82c:0x8f498,5,76,38,0
b097ef0536bef82c:0x8f498,5,77,38,0
b097ef0536bef82c:0x8f498,5,77,39,0
b097ef0536bef82c:0x8f498,5,78,39,0
b097ef0536bef82c:0x8f498,5,78,40,0
b097ef0536bef82c:0x8f498,5,79,40,0
b097ef0536bef82c:0x8f498,5,80,40,0
b097ef0536bef82c:0x8f4c2,5,60,30,0
b097ef0536bef82c:0x8f498,6,80,40,0
b097ef0536bef82c:0x8f4c2,6,60,30,0
b097ef0536bef82c:0x8f498,7,80,40,0
b097ef0536bef82c:0x8f4c2,7,60,30,0
b097ef0536bef82c:0x8f498,8,80,40,0
b097ef0536bef82c:0x8f4c2,7,60,31,0
b097ef0536bef82c:0x8f4c2,7,60,32,0
b097ef0536bef82c:0x8f4c2,8,60,32,0
b097ef0536bef82c:0x8f4c2,8,61,32,0
b097ef0536bef82c:0x8f4c2,8,62,32,0
b097ef0536bef82c:0x8f4c2,8,62,33,0
b097ef0536bef82c:0x8f4c2,8,63,33,0
b097ef0536bef82c:0x8f4c2,8,63,34,0
b097ef0536bef82c:0x8f4c2,8,64,34,0
b097ef0536bef82c:0x8f4c2,8,65,34,0
b097ef0536bef82c:0x8f4c2,8,66,34,0
b097ef0536bef82c:0x8f4c2,8,67,34,0
b097ef0536bef82c:0x8f4c2,8,67,35,0
b097ef0536bef82c:0x8f4c2,8,68,35,0
b097ef0536bef82c:0x8f4c2,8,68,36,0
b097ef0536bef82c:0x8f4c2,8,69,36,0
b097ef0536bef82c:0x8f4c2,8,70,36,0
b097ef0536bef82c:0x8f4c2,8,71,36,0
b097ef0536bef82c:0x8f4c2,8,72,36,0
b097ef0536bef82c:0x8f4c2,8,72,37,0
b097ef0536bef82c:0x8f4c2,8,73,37,0
b097ef0536bef82c:0x8f4c2,8,73,38,0
b097ef0536bef82c:0x8f4c2,8,74,38,0
b097ef0536bef82c:0x8f4c2,8,75,38,0
b097ef0536bef82c:0x8f4c2,8,76,38,0
b097ef0536bef82c:0x8f4c2,8,77,38,0
b097ef0536bef82c:0x8f4c2,8,77,39,0
b097ef0536bef82c:0x8f4c2,8,78,39,0
b097ef0536bef82c:0x8f4c2,8,78,40,0
b097ef0536bef82c:0x8f4c2,8,79,40,0
b097ef0536bef82c:0x8f4c2,8,80,40,0
b097ef0536bef82c:0x8f498,8,80,41,0
b097ef0536bef82c:0x8f498,8,80,42,0
b097ef0536bef82c:0x8f498,9,80,42,0
b097ef0536bef82c:0x8f498,9,81,42,0
b097ef0536bef82c:0x8f498,9,82,42,0
b097ef0536bef82c:0x8f498,9,82,43,0
b097ef0536bef82c:0x8f498,9,83,43,0
b097ef0536bef82c:0x8f498,9,83,44,0
b097ef0536bef82c:0x8f498,9,84,44,0
b097ef0536bef82c:0x8f498,9,85,44,0
b097ef0536bef82c:0x8f498,9,86,44,0
b097ef0536bef82c:0x8f498,9,87,44,0
b097ef0536bef82c:0x8f498,9,87,45,0
b097ef0536bef82c:0x8f498,9,88,45,0
b097ef0536bef82c:0x8f498,9,88,46,0
b097ef0536bef82c:0x8f498,9,89,46,0
b097ef0536bef82c:0x8f498,9,90,46,0
b097ef0536bef82c:0x8f498,9,91,46,0
b097ef0536bef82c:0x8f498,9,92,46,0
b097ef0536bef82c:0x8f498,9,92,47,0
b097ef0536bef82c:0x8f498,9,93,47,0
b097ef0536bef82c:0x8f498,9,93,48,0
b097ef0536bef82c:0x8f498,9,94,48,0
b097ef0536bef82c:0x8f498,9,95,48,0
b097ef0536bef82c:0x8f498,9,96,48,0
b097ef0536bef82c:0x8f498,9,97,48,0
b097ef0536bef82c:0x8f498,9,97,49,0
b097ef0536bef82c:0x8f498,9,98,49,0
b097ef0536bef82c:0x8f498,9,98,50,0
b097ef0536bef82c:0x8f498,9,99,50,0
b097ef0536bef82c:0x8f498,9,100,50,0
b097ef0536bef82c:0x8f4c2,9,80,40,0
b097ef0536bef82c:0x8f498,10,100,50,0
b097ef0536bef82c:0x8f4c2,10,80,40,0
b097ef0536bef82c:0x8f498,11,100,50,0
b097ef0536bef82c:0x8f4c2,11,80,40,0
b097ef0536bef82c:0x8f498,12,100,50,0
b097ef0536bef82c:0x8f4c2,12,80,40,0
b097ef0536bef82c:0x8f498,13,100,50,0
b097ef0536bef82c:0x8f4c2,13,80,40,0
b097ef0536bef82c:0x8f498,13,100,51,0
b097ef0536bef82c:0x8f498,13,101,51,0
b097ef0536bef82c:0x8f498,14,101,51,0
b097ef0536bef82c:0x8f4d3,0,0,1,0
b097ef0536bef82c:0x8f4d3,0,1,1,0
b097ef0536bef82c:0x8f4d3,1,1,1,0
b097ef0536bef82c:0x8f3b9,0,0,1,0
b097ef0536bef82c:0x8f3b9,0,1,1,0
b097ef0536bef82c:0x8f3b9,1,1,1,0
b097ef0536bef82c:0x8f3b9,1,2,1,0
b097ef0536bef82c:0x8f3b9,1,3,1,0
b097ef0536bef82c:0x8f3b9,1,3,2,0
b097ef0536bef82c:0x8f3b9,1,4,2,0
b097ef0536bef82c:0x8f3b9,1,4,3,0
b097ef0536bef82c:0x8f3b9,1,5,3,0
b097ef0536bef82c:0x8f3b9,1,6,3,0
b097ef0536bef82c:0x8f3c9,0,0,1,0
b097ef0536bef82c:0x8f3c9,0,1,1,0
b097ef0536bef82c:0x8f3c9,1,1,1,0
b097ef0536bef82c:0x8f3c9,1,2,1,0
b097ef0536bef82c:0x8f3c9,1,3,1,0
b097ef0536bef82c:0x8f3c9,1,3,2,0
b097ef0536bef82c:0x8f3c9,1,4,2,0
b097ef0536bef82c:0x8f3c9,1,4,3,0
b097ef0536bef82c:0x8f3c9,1,5,3,0
b097ef0536bef82c:0x8f3c9,1,6,3,0
b097ef0536bef82c:0x8f3dc,0,0,1,0
b097ef0536bef82c:0x8f3dc,0,1,1,0
b097ef0536bef82c:0x8f3dc,1,1,1,0
b097ef0536bef82c:0x8f3ed,0,0,1,0
b097ef0536bef82c:0x8f3ed,0,1,1,0
b097ef0536bef82c:0x8f3ed,1,1,1,0
b097ef0536bef82c:0x8f3ed,1,2,1,0
b097ef0536bef82c:0x8f3ed,1,3,1,0
b097ef0536bef82c:0x8f3ed,1,3,2,0
b097ef0536bef82c:0x8f3ed,1,4,2,0
b097ef0536bef82c:0x8f3ed,1,4,3,0
b097ef0536bef82c:0x8f3ed,1,5,3,0
b097ef0536bef82c:0x8f3ed,1,6,3,0
b097ef0536bef82c:0x8f406,0,0,1,0
b097ef0536bef82c:0x8f406,0,1,1,0
b097ef0536bef82c:0x8f406,1,1,1,0
b097ef0536bef82c:0x8f406,1,2,1,0
b097ef0536bef82c:0x8f406,1,3,1,0
b097ef0536bef82c:0x8f406,1,3,2,0
b097ef0536bef82c:0x8f406,1,4,2,0
b097ef0536bef82c:0x8f406,1,4,3,0
b097ef0536bef82c:0x8f406,1,5,3,0
b097ef0536bef82c:0x8f406,1,6,3,0
b097ef0536bef82c:0x8f406,1,7,3,0
b097ef0536bef82c:0x8f406,1,8,3,0
b097ef0536bef82c:0x8f406,1,8,4,0
b097ef0536bef82c:0x8f406,1,9,4,0
b097ef0536bef82c:0x8f406,1,9,5,0
b097ef0536bef82c:0x8f406,1,10,5,0
b097ef0536bef82c:0x8f406,1,11,5,0
b097ef0536bef82c:0x8f429,0,0,1,0
b097ef0536bef82c:0x8f429,0,1,1,0
b097ef0536bef82c:0x8f429,1,1,1,0
b097ef0536bef82c:0xafb3,86,1,0,0
b097ef0536bef82c:0xb355,85,2,0,0
b097ef0536bef82c:0x3344b,84,1,1,0
b097ef0536bef82c:0x307ff,82,2,0,0
b097ef0536bef82c:0x3b0b3,81,2,2,0
b097ef0536bef82c:0x3f2b3,80,12,6,0
b097ef0536bef82c:0x3bfcd,76,22,10,0
b097ef0536bef82c:0x375bb,74,12,6,0
b097ef0536bef82c:0x37686,74,4,4,0
b097ef0536bef82c:0x30b0f,71,6,6,0
b097ef0536bef82c:0x319f3,66,10,10,0
b097ef0536bef82c:0x31f3b,64,13,13,0
b097ef0536bef82c:0x2e610,55,6,0,0
b097ef0536bef82c:0x30a23,25,3,1,0
b097ef0536bef82c:0x30a6b,24,3,0,0
b097ef0536bef82c:0x33eb5,23,3,3,0
b097ef0536bef82c:0x33ff7,21,0,4,0
b097ef0536bef82c:0x3403e,21,3,2,0
b097ef0536bef82c:0x34080,18,2,2,0
b097ef0536bef82c:0x3443f,35,223,68,0
b097ef0536bef82c:0x3443f,36,223,68,0
b097ef0536bef82c:0x3443f,37,223,68,0
b097ef0536bef82c:0x3443f,38,223,68,0
b097ef0536bef82c:0x480e0,2,12,7,0
b097ef0536bef82c:0x480e0,2,13,7,0
b097ef0536bef82c:0x480e0,3,13,7,0
b097ef0536bef82c:0x480e0,3,14,7,0
b097ef0536bef82c:0x480e0,3,15,7,0
b097ef0536bef82c:0x480e0,3,15,8,0
b097ef0536bef82c:0x480e0,3,16,8,0
b097ef0536bef82c:0x480e0,3,16,9,0
b097ef0536bef82c:0x480e0,3,17,9,0
b097ef0536bef82c:0x480e0,3,18,9,0
b097ef0536bef82c:0x480e0,3,19,9,0
b097ef0536bef82c:0x480e0,3,20,9,0
b097ef0536bef82c:0x480e0,3,20,10,0
b097ef0536bef82c:0x480e0,3,21,10,0
b097ef0536bef82c:0x480e0,3,21,11,0
b097ef0536bef82c:0x480e0,3,22,11,0
b097ef0536bef82c:0x480e0,3,23,11,0
b097ef0536bef82c:0x489eb,2,22,11,0
b097ef0536bef82c:0x489eb,2,23,11,0
b097ef0536bef82c:0x489eb,3,23,11,0
b097ef0536bef82c:0x489eb,3,24,11,0
b097ef0536bef82c:0x489eb,3,25,11,0
b097ef0536bef82c:0x489eb,3,25,12,0
b097ef0536bef82c:0x489eb,3,26,12,0
b097ef0536bef82c:0x489eb,3,26,13,0
b097ef0536bef82c:0x489eb,3,27,13,0
b097ef0536bef82c:0x489eb,3,28,13,0
b097ef0536bef82c:0x489eb,3,29,13,0
b097ef0536bef82c:0x489eb,3,30,13,0
b097ef0536bef82c:0x489eb,3,30,14,0
b097ef0536bef82c:0x489eb,3,31,14,0
b097ef0536bef82c:0x489eb,3,31,15,0
b097ef0536bef82c:0x489eb,3,32,15,0
b097ef0536bef82c:0x489eb,3,33,15,0
b097ef0536bef82c:0x48a81,2,12,7,0
b097ef0536bef82c:0x48a81,2,13,7,0
b097ef0536bef82c:0x48a81,3,13,7,0
b097ef0536bef82c:0x48a81,3,14,7,0
b097ef0536bef82c:0x48a81,3,15,7,0
b097ef0536bef82c:0x48a81,3,15,8,0
b097ef0536bef82c:0x48a81,3,16,8,0
b097ef0536bef82c:0x48a81,3,16,9,0
b097ef0536bef82c:0x48a81,3,17,9,0
b097ef0536bef82c:0x48a81,3,18,9,0
b097ef0536bef82c:0x48a81,3,19,9,0
b097ef0536bef82c:0x48a81,3,20,9,0
b097ef0536bef82c:0x48a81,3,20,10,0
b097ef0536bef82c:0x48a81,3,21,10,0
b097ef0536bef82c:0x48a81,3,21,11,0
b097ef0536bef82c:0x48a81,3,22,11,0
b097ef0536bef82c:0x48a81,3,23,11,0
b097ef0536bef82c:0x48b17,2,2,3,0
b097ef0536bef82c:0x48b17,2,3,3,0
b097ef0536bef82c:0x48b17,3,3,3,0
b097ef0536bef82c:0x48b17,3,4,3,0
b097ef0536bef82c:0x48b17,3,5,3,0
b097ef0536bef82c:0x48b17,3,5,4,0
b097ef0536bef82c:0x48b17,3,6,4,0
b097ef0536bef82c:0x48b17,3,6,5,0
b097ef0536bef82c:0x48b17,3,7,5,0
b097ef0536bef82c:0x48b17,3,8,5,0
b097ef0536bef82c:0x48b17,3,9,5,0
b097ef0536bef82c:0x48b17,3,10,5,0
b097ef0536bef82c:0x48b17,3,10,6,0
b097ef0536bef82c:0x48b17,3,11,6,0
b097ef0536bef82c:0x48b17,3,11,7,0
b097ef0536bef82c:0x48b17,3,12,7,0
b097ef0536bef82c:0x48b17,3,13,7,0
b097ef0536bef82c:0x48bb0,2,12,7,0
b097ef0536bef82c:0x48bb0,2,13,7,0
b097ef0536bef82c:0x48bb0,3,13,7,0
b097ef0536bef82c:0x48c45,1,11,6,0
b097ef0536bef82c:0x48c45,1,12,6,0
b097ef0536bef82c:0x48c45,2,12,6,0
b097ef0536bef82c:0x48cdc,3,13,8,0
b097ef0536bef82c:0x48cdc,3,14,8,0
b097ef0536bef82c:0x48cdc,4,14,8,0
b097ef0536bef82c:0x48cdc,4,15,8,0
b097ef0536bef82c:0x48cdc,4,16,8,0
b097ef0536bef82c:0x48cdc,4,16,9,0
b097ef0536bef82c:0x48cdc,4,17,9,0
b097ef0536bef82c:0x48cdc,4,17,10,0
b097ef0536bef82c:0x48cdc,4,18,10,0
b097ef0536bef82c:0x48cdc,4,19,10,0
b097ef0536bef82c:0x48cdc,4,20,10,0
b097ef0536bef82c:0x48cdc,4,21,10,0
b097ef0536bef82c:0x48cdc,4,21,11,0
b097ef0536bef82c:0x48cdc,4,22,11,0
b097ef0536bef82c:0x48cdc,4,22,12,0
b097ef0536bef82c:0x48cdc,4,23,12,0
b097ef0536bef82c:0x48cdc,4,24,12,0
b097ef0536bef82c:0x48d75,3,23,12,0
b097ef0536bef82c:0x48d75,3,24,12,0
b097ef0536bef82c:0x48d75,4,24,12,0
b097ef0536bef82c:0x48d75,4,25,12,0
b097ef0536bef82c:0x48d75,4,26,12,0
b097ef0536bef82c:0x48d75,4,26,13,0
b097ef0536bef82c:0x48d75,4,27,13,0
b097ef0536bef82c:0x48d75,4,27,14,0
b097ef0536bef82c:0x48d75,4,28,14,0
b097ef0536bef82c:0x48d75,4,29,14,0
b097ef0536bef82c:0x48d75,4,30,14,0
b097ef0536bef82c:0x48d75,4,31,14,0
b097ef0536bef82c:0x48d75,4,31,15,0
b097ef0536bef82c:0x48d75,4,32,15,0
b097ef0536bef82c:0x48d75,4,32,16,0
b097ef0536bef82c:0x48d75,4,33,16,0
b097ef0536bef82c:0x48d75,4,34,16,0
b097ef0536bef82c:0x48e0c,3,23,12,0
b097ef0536bef82c:0x48e0c,3,24,12,0
b097ef0536bef82c:0x48e0c,4,24,12,0
b097ef0536bef82c:0x48e0c,4,25,12,0
b097ef0536bef82c:0x48e0c,4,26,12,0
b097ef0536bef82c:0x48e0c,4,26,13,0
b097ef0536bef82c:0x48e0c,4,27,13,0
b097ef0536bef82c:0x48e0c,4,27,14,0
b097ef0536bef82c:0x48e0c,4,28,14,0
b097ef0536bef82c:0x48e0c,4,29,14,0
b097ef0536bef82c:0x48e0c,4,30,14,0
b097ef0536bef82c:0x48e0c,4,31,14,0
b097ef0536bef82c:0x48e0c,4,31,15,0
b097ef0536bef82c:0x48e0c,4,32,15,0
b097ef0536bef82c:0x48e0c,4,32,16,0
b097ef0536bef82c:0x48e0c,4,33,16,0
b097ef0536bef82c:0x48e0c,4,34,16,0
b097ef0536bef82c:0x489eb,3,33,16,0
b097ef0536bef82c:0x489eb,3,34,16,0
b097ef0536bef82c:0x489eb,4,34,16,0
b097ef0536bef82c:0x489eb,4,35,16,0
b097ef0536bef82c:0x489eb,4,36,16,0
b097ef0536bef82c:0x489eb,4,36,17,0
b097ef0536bef82c:0x489eb,4,37,17,0
b097ef0536bef82c:0x489eb,4,37,18,0
b097ef0536bef82c:0x489eb,4,38,18,0
b097ef0536bef82c:0x489eb,4,39,18,0
b097ef0536bef82c:0x489eb,4,40,18,0
b097ef0536bef82c:0x489eb,4,41,18,0
b097ef0536bef82c:0x489eb,4,41,19,0
b097ef0536bef82c:0x489eb,4,42,19,0
b097ef0536bef82c:0x489eb,4,42,20,0
b097ef0536bef82c:0x489eb,4,43,20,0
b097ef0536bef82c:0x489eb,4,44,20,0
b097ef0536bef82c:0x48a81,3,23,12,0
b097ef0536bef82c:0x48a81,3,24,12,0
b097ef0536bef82c:0x48a81,4,24,12,0
b097ef0536bef82c:0x48a81,4,25,12,0
b097ef0536bef82c:0x48a81,4,26,12,0
b097ef0536bef82c:0x48a81,4,26,13,0
b097ef0536bef82c:0x48a81,4,27,13,0
b097ef0536bef82c:0x48a81,4,27,14,0
b097ef0536bef82c:0x48a81,4,28,14,0
b097ef0536bef82c:0x48a81,4,29,14,0
b097ef0536bef82c:0x48a81,4,30,14,0
b097ef0536bef82c:0x48a81,4,31,14,0
b097ef0536bef82c:0x48a81,4,31,15,0
b097ef0536bef82c:0x48a81,4,32,15,0
b097ef0536bef82c:0x48a81,4,32,16,0
b097ef0536bef82c:0x48a81,4,33,16,0
b097ef0536bef82c:0x48a81,4,34,16,0
b097ef0536bef82c:0x48b17,3,13,8,0
b097ef0536bef82c:0x48b17,3,14,8,0
b097ef0536bef82c:0x48b17,4,14,8,0
b097ef0536bef82c:0x48b17,4,15,8,0
b097ef0536bef82c:0x48b17,4,16,8,0
b097ef0536bef82c:0x48b17,4,16,9,0
b097ef0536bef82c:0x48b17,4,17,9,0
b097ef0536bef82c:0x48b17,4,17,10,0
b097ef0536bef82c:0x48b17,4,18,10,0
b097ef0536bef82c:0x48b17,4,19,10,0
b097ef0536bef82c:0x48b17,4,20,10,0
b097ef0536bef82c:0x48b17,4,21,10,0
b097ef0536bef82c:0x48b17,4,21,11,0
b097ef0536bef82c:0x48b17,4,22,11,0
b097ef0536bef82c:0x48b17,4,22,12,0
b097ef0536bef82c:0x48b17,4,23,12,0
b097ef0536bef82c:0x48b17,4,24,12,0
b097ef0536bef82c:0x48cdc,4,24,13,0
b097ef0536bef82c:0x48cdc,4,25,13,0
b097ef0536bef82c:0x48cdc,5,25,13,0
b097ef0536bef82c:0x48cdc,5,26,13,0
b097ef0536bef82c:0x48cdc,5,27,13,0
b097ef0536bef82c:0x48cdc,5,27,14,0
b097ef0536bef82c:0x48cdc,5,28,14,0
b097ef0536bef82c:0x48cdc,5,28,15,0
b097ef0536bef82c:0x48cdc,5,29,15,0
b097ef0536bef82c:0x48cdc,5,30,15,0
b097ef0536bef82c:0x48cdc,5,31,15,0
b097ef0536bef82c:0x48cdc,5,32,15,0
b097ef0536bef82c:0x48cdc,5,32,16,0
b097ef0536bef82c:0x48cdc,5,33,16,0
b097ef0536bef82c:0x48cdc,5,33,17,0
b097ef0536bef82c:0x48cdc,5,34,17,0
b097ef0536bef82c:0x48cdc,5,35,17,0
b097ef0536bef82c:0x48d75,4,34,17,0
b097ef0536bef82c:0x48d75,4,35,17,0
b097ef0536bef82c:0x48d75,5,35,17,0
b097ef0536bef82c:0x48d75,5,36,17,0
b097ef0536bef82c:0x48d75,5,37,17,0
b097ef0536bef82c:0x48d75,5,37,18,0
b097ef0536bef82c:0x48d75,5,38,18,0
b097ef0536bef82c:0x48d75,5,38,19,0
b097ef0536bef82c:0x48d75,5,39,19,0
b097ef0536bef82c:0x48d75,5,40,19,0
b097ef0536bef82c:0x48d75,5,41,19,0
b097ef0536bef82c:0x48d75,5,42,19,0
b097ef0536bef82c:0x48d75,5,42,20,0
b097ef0536bef82c:0x48d75,5,43,20,0
b097ef0536bef82c:0x48d75,5,43,21,0
b097ef0536bef82c:0x48d75,5,44,21,0
b097ef0536bef82c:0x48d75,5,45,21,0
b097ef0536bef82c:0x48e0c,4,34,17,0
b097ef0536bef82c:0x48e0c,4,35,17,0
b097ef0536bef82c:0x48e0c,5,35,17,0
b097ef0536bef82c:0x48e0c,5,36,17,0
b097ef0536bef82c:0x48e0c,5,37,17,0
b097ef0536bef82c:0x48e0c,5,37,18,0
b097ef0536bef82c:0x48e0c,5,38,18,0
b097ef0536bef82c:0x48e0c,5,38,19,0
b097ef0536bef82c:0x48e0c,5,39,19,0
b097ef0536bef82c:0x48e0c,5,40,19,0
b097ef0536bef82c:0x48e0c,5,41,19,0
b097ef0536bef82c:0x48e0c,5,42,19,0
b097ef0536bef82c:0x48e0c,5,42,20,0
b097ef0536bef82c:0x48e0c,5,43,20,0
b097ef0536bef82c:0x48e0c,5,43,21,0
b097ef0536bef82c:0x48e0c,5,44,21,0
b097ef0536bef82c:0x48e0c,5,45,21,0
b097ef0536bef82c:0x4942b,10,128,57,0
b097ef0536bef82c:0x4942b,10,128,58,0
b097ef0536bef82c:0x4942b,11,128,58,0
b097ef0536bef82c:0x4942b,11,129,58,0
b097ef0536bef82c:0x4942b,11,130,58,0
b097ef0536bef82c:0x4942b,11,130,59,0
b097ef0536bef82c:0x4942b,11,131,59,0
b097ef0536bef82c:0x4942b,11,131,60,0
b097ef0536bef82c:0x4942b,11,132,60,0
b097ef0536bef82c:0x4942b,11,133,60,0
b097ef0536bef82c:0x4942b,11,134,60,0
b097ef0536bef82c:0x4942b,11,135,60,0
b097ef0536bef82c:0x4942b,11,135,61,0
b097ef0536bef82c:0x4942b,11,136,61,0
b097ef0536bef82c:0x4942b,11,136,62,0
b097ef0536bef82c:0x4942b,11,137,62,0
b097ef0536bef82c:0x4942b,11,138,62,0
b097ef0536bef82c:0x4942b,11,139,62,0
b097ef0536bef82c:0x4942b,11,140,62,0
b097ef0536bef82c:0x4942b,11,140,63,0
b097ef0536bef82c:0x4942b,11,141,63,0
b097ef0536bef82c:0x4942b,11,141,64,0
b097ef0536bef82c:0x4942b,11,142,64,0
b097ef0536bef82c:0x4942b,11,143,64,0
b097ef0536bef82c:0x491b7,18,116,58,0
b097ef0536bef82c:0x491b7,18,117,58,0
b097ef0536bef82c:0x491b7,19,117,58,0
b097ef0536bef82c:0x491b7,19,118,58,0
b097ef0536bef82c:0x491b7,19,119,58,0
b097ef0536bef82c:0x491b7,19,119,59,0
b097ef0536bef82c:0x491b7,19,120,59,0
b097ef0536bef82c:0x491b7,19,120,60,0
b097ef0536bef82c:0x491b7,19,121,60,0
b097ef0536bef82c:0x491b7,19,122,60,0
b097ef0536bef82c:0x491b7,19,123,60,0
b097ef0536bef82c:0x491b7,19,124,60,0
b097ef0536bef82c:0x491b7,19,124,61,0
b097ef0536bef82c:0x491b7,19,125,61,0
b097ef0536bef82c:0x491b7,19,125,62,0
b097ef0536bef82c:0x491b7,19,126,62,0
b097ef0536bef82c:0x491b7,19,127,62,0
b097ef0536bef82c:0x491b7,19,128,62,0
b097ef0536bef82c:0x491b7,19,129,62,0
b097ef0536bef82c:0x491b7,19,129,63,0
b097ef0536bef82c:0x491b7,19,130,63,0
b097ef0536bef82c:0x491b7,19,130,64,0
b097ef0536bef82c:0x491b7,19,131,64,0
b097ef0536bef82c:0x491b7,19,132,64,0
b097ef0536bef82c:0x491b7,20,132,64,0
b097ef0536bef82c:0x491b7,21,132,64,0
b097ef0536bef82c:0x491b7,22,132,64,0
b097ef0536bef82c:0x491b7,23,132,64,0
b097ef0536bef82c:0x491b7,24,132,64,0
b097ef0536bef82c:0x491b7,25,132,64,0
b097ef0536bef82c:0x491b7,26,132,64,0
b097ef0536bef82c:0x491b7,26,132,65,0
b097ef0536bef82c:0x491b7,26,132,66,0
b097ef0536bef82c:0x491b7,27,132,66,0
b097ef0536bef82c:0x491b7,27,133,66,0
b097ef0536bef82c:0x491b7,27,134,66,0
b097ef0536bef82c:0x491b7,27,134,67,0
b097ef0536bef82c:0x491b7,27,135,67,0
b097ef0536bef82c:0x491b7,27,135,68,0
b097ef0536bef82c:0x491b7,27,136,68,0
b097ef0536bef82c:0x491b7,27,137,68,0
b097ef0536bef82c:0x491b7,27,138,68,0
b097ef0536bef82c:0x491b7,27,139,68,0
b097ef0536bef82c:0x491b7,27,139,69,0
b097ef0536bef82c:0x491b7,27,140,69,0
b097ef0536bef82c:0x491b7,27,140,70,0
b097ef0536bef82c:0x491b7,27,141,70,0
b097ef0536bef82c:0x491b7,27,142,70,0
b097ef0536bef82c:0x491b7,27,143,70,0
b097ef0536bef82c:0x491b7,27,144,70,0
b097ef0536bef82c:0x491b7,27,144,71,0
b097ef0536bef82c:0x491b7,27,145,71,0
b097ef0536bef82c:0x491b7,27,145,72,0
b097ef0536bef82c:0x491b7,27,146,72,0
b097ef0536bef82c:0x491b7,27,147,72,0
b097ef0536bef82c:0x491b7,28,147,72,0
b097ef0536bef82c:0x491b7,29,147,72,0
b097ef0536bef82c:0x491b7,30,147,72,0
b097ef0536bef82c:0x491b7,31,147,72,0
b097ef0536bef82c:0x491b7,32,147,72,0
b097ef0536bef82c:0x491b7,33,147,72,0
b097ef0536bef82c:0x491b7,33,147,73,0
b097ef0536bef82c:0x491b7,33,148,73,0
b097ef0536bef82c:0x491b7,34,148,73,0
b097ef0536bef82c:0x49201,10,4,11,0
b097ef0536bef82c:0x49201,10,5,11,0
b097ef0536bef82c:0x49201,11,5,11,0
b097ef0536bef82c:0x492ba,10,44,29,0
b097ef0536bef82c:0x492ba,10,44,30,0
b097ef0536bef82c:0x492ba,11,44,30,0
b097ef0536bef82c:0x492ba,11,45,30,0
b097ef0536bef82c:0x492ba,11,46,30,0
b097ef0536bef82c:0x492ba,11,46,31,0
b097ef0536bef82c:0x492ba,11,47,31,0
b097ef0536bef82c:0x492ba,11,47,32,0
b097ef0536bef82c:0x492ba,11,48,32,0
b097ef0536bef82c:0x492ba,11,49,32,0
b097ef0536bef82c:0x49393,4,4,5,0
b097ef0536bef82c:0x49393,4,5,5,0
b097ef0536bef82c:0x49393,5,5,5,0
b097ef0536bef82c:0x4942b,12,143,64,0
b097ef0536bef82c:0x491b7,35,148,73,0
b097ef0536bef82c:0x491b7,36,148,73,0
b097ef0536bef82c:0x491b7,36,148,74,0
b097ef0536bef82c:0x491b7,36,148,75,0
b097ef0536bef82c:0x491b7,37,148,75,0
b097ef0536bef82c:0x491b7,37,149,75,0
b097ef0536bef82c:0x491b7,37,150,75,0
b097ef0536bef82c:0x491b7,37,150,76,0
b097ef0536bef82c:0x491b7,37,151,76,0
b097ef0536bef82c:0x491b7,37,151,77,0
b097ef0536bef82c:0x491b7,37,152,77,0
b097ef0536bef82c:0x491b7,37,153,77,0
b097ef0536bef82c:0x491b7,37,154,77,0
b097ef0536bef82c:0x491b7,37,155,77,0
b097ef0536bef82c:0x491b7,37,155,78,0
b097ef0536bef82c:0x491b7,37,156,78,0
b097ef0536bef82c:0x491b7,37,156,79,0
b097ef0536bef82c:0x491b7,37,157,79,0
b097ef0536bef82c:0x491b7,37,158,79,0
b097ef0536bef82c:0x491b7,37,159,79,0
b097ef0536bef82c:0x491b7,37,160,79,0
b097ef0536bef82c:0x491b7,37,160,80,0
b097ef0536bef82c:0x491b7,37,161,80,0
b097ef0536bef82c:0x491b7,37,161,81,0
b097ef0536bef82c:0x491b7,37,162,81,0
b097ef0536bef82c:0x491b7,37,163,81,0
b097ef0536bef82c:0x491b7,38,163,81,0
b097ef0536bef82c:0x491b7,39,163,81,0
b097ef0536bef82c:0x491b7,40,163,81,0
b097ef0536bef82c:0x491b7,41,163,81,0
b097ef0536bef82c:0x491b7,42,163,81,0
b097ef0536bef82c:0x49201,12,5,11,0
b097ef0536bef82c:0x492ba,12,49,32,0
b097ef0536bef82c:0x4942b,13,143,64,0
b097ef0536bef82c:0x491b7,43,163,81,0
b097ef0536bef82c:0x491b7,44,163,81,0
b097ef0536bef82c:0x491b7,45,163,81,0
b097ef0536bef82c:0x49201,12,5,12,0
b097ef0536bef82c:0x49201,12,5,13,0
b097ef0536bef82c:0x49201,13,5,13,0
b097ef0536bef82c:0x49244,10,7,8,0
b097ef0536bef82c:0x49244,10,8,8,0
b097ef0536bef82c:0x49244,11,8,8,0
b097ef0536bef82c:0x49244,11,8,9,0
b097ef0536bef82c:0x49244,11,9,9,0
b097ef0536bef82c:0x49244,12,9,9,0
b097ef0536bef82c:0x492ba,12,49,33,0
b097ef0536bef82c:0x492ba,12,50,33,0
b097ef0536bef82c:0x492ba,13,50,33,0
b097ef0536bef82c:0x492ba,13,51,33,0
b097ef0536bef82c:0x492ba,13,52,33,0
b097ef0536bef82c:0x492ba,13,52,34,0
b097ef0536bef82c:0x492ba,13,53,34,0
b097ef0536bef82c:0x492ba,13,53,35,0
b097ef0536bef82c:0x492ba,13,54,35,0
b097ef0536bef82c:0x492ba,13,55,35,0
b097ef0536bef82c:0x4942b,13,143,65,0
b097ef0536bef82c:0x4942b,13,143,66,0
b097ef0536bef82c:0x4942b,14,143,66,0
b097ef0536bef82c:0x4942b,14,144,66,0
b097ef0536bef82c:0x4942b,14,145,66,0
b097ef0536bef82c:0x4942b,14,145,67,0
b097ef0536bef82c:0x4942b,14,146,67,0
b097ef0536bef82c:0x4942b,14,146,68,0
b097ef0536bef82c:0x4942b,14,147,68,0
b097ef0536bef82c:0x4942b,14,148,68,0
b097ef0536bef82c:0x4942b,14,149,68,0
b097ef0536bef82c:0x4942b,14,150,68,0
b097ef0536bef82c:0x4942b,14,150,69,0
b097ef0536bef82c:0x4942b,14,151,69,0
b097ef0536bef82c:0x4942b,14,151,70,0
b097ef0536bef82c:0x4942b,14,152,70,0
b097ef0536bef82c:0x4942b,14,153,70,0
b097ef0536bef82c:0x4942b,14,154,70,0
b097ef0536bef82c:0x4942b,14,155,70,0
b097ef0536bef82c:0x4942b,14,155,71,0
b097ef0536bef82c:0x4942b,14,156,71,0
b097ef0536bef82c:0x4942b,14,156,72,0
b097ef0536bef82c:0x4942b,14,157,72,0
b097ef0536bef82c:0x4942b,14,158,72,0
b097ef0536bef82c:0x491b7,46,163,81,0
b097ef0536bef82c:0x491b7,47,163,81,0
b097ef0536bef82c:0x491b7,48,163,81,0
b097ef0536bef82c:0x491b7,49,163,81,0
b097ef0536bef82c:0x491b7,49,163,82,0
b097ef0536bef82c:0x491b7,49,164,82,0
b097ef0536bef82c:0x491b7,50,164,82,0
b097ef0536bef82c:0x49201,13,5,14,0
b097ef0536bef82c:0x49201,13,6,14,0
b097ef0536bef82c:0x49201,14,6,14,0
b097ef0536bef82c:0x492ba,14,55,35,0
b097ef0536bef82c:0x4942b,15,158,72,0
b097ef0536bef82c:0x491b7,50,164,83,0
b097ef0536bef82c:0x491b7,50,165,83,0
b097ef0536bef82c:0x491b7,51,165,83,0
b097ef0536bef82c:0x491b7,51,166,83,0
b097ef0536bef82c:0x491b7,51,167,83,0
b097ef0536bef82c:0x491b7,51,167,84,0
b097ef0536bef82c:0x491b7,51,168,84,0
b097ef0536bef82c:0x491b7,51,168,85,0
b097ef0536bef82c:0x491b7,51,169,85,0
b097ef0536bef82c:0x491b7,51,170,85,0
b097ef0536bef82c:0x491b7,51,171,85,0
b097ef0536bef82c:0x491b7,51,172,85,0
b097ef0536bef82c:0x491b7,51,172,86,0
b097ef0536bef82c:0x491b7,51,173,86,0
b097ef0536bef82c:0x491b7,51,173,87,0
b097ef0536bef82c:0x491b7,51,174,87,0
b097ef0536bef82c:0x491b7,51,175,87,0
b097ef0536bef82c:0x491b7,51,176,87,0
b097ef0536bef82c:0x491b7,51,177,87,0
b097ef0536bef82c:0x491b7,51,177,88,0
b097ef0536bef82c:0x491b7,51,178,88,0
b097ef0536bef82c:0x491b7,51,178,89,0
b097ef0536bef82c:0x491b7,51,179,89,0
b097ef0536bef82c:0x491b7,51,180,89,0
b097ef0536bef82c:0x491b7,52,180,89,0
b097ef0536bef82c:0x491b7,53,180,89,0
b097ef0536bef82c:0x491b7,54,180,89,0
b097ef0536bef82c:0x491b7,55,180,89,0
b097ef0536bef82c:0x49201,14,6,15,0
b097ef0536bef82c:0x49201,14,6,16,0
b097ef0536bef82c:0x49201,15,6,16,0
b097ef0536bef82c:0x49244,13,9,9,0
b097ef0536bef82c:0x492ba,15,55,35,0
b097ef0536bef82c:0x4942b,16,158,72,0
b097ef0536bef82c:0x491b7,56,180,89,0
b097ef0536bef82c:0x49201,16,6,16,0
b097ef0536bef82c:0x492ba,16,55,35,0
b097ef0536bef82c:0x49393,5,5,6,0
b097ef0536bef82c:0x49393,5,6,6,0
b097ef0536bef82c:0x49393,6,6,6,0
b097ef0536bef82c:0x4942b,17,158,72,0
b097ef0536bef82c:0x491b7,57,180,89,0
b097ef0536bef82c:0x49201,16,6,17,0
b097ef0536bef82c:0x49201,16,7,17,0
b097ef0536bef82c:0x49201,17,7,17,0
b097ef0536bef82c:0x492ba,17,55,35,0
b097ef0536bef82c:0x49393,7,6,6,0
b097ef0536bef82c:0x4942b,18,158,72,0
b097ef0536bef82c:0x491b7,58,180,89,0
b097ef0536bef82c:0x49201,18,7,17,0
b097ef0536bef82c:0x492ba,18,55,35,0
b097ef0536bef82c:0x4942b,19,158,72,0
b097ef0536bef82c:0x491b7,59,180,89,0
b097ef0536bef82c:0x49201,19,7,17,0
b097ef0536bef82c:0x49244,14,9,9,0
b097ef0536bef82c:0x492ba,19,55,35,0
b097ef0536bef82c:0x4942b,20,158,72,0
b097ef0536bef82c:0x491b7,60,180,89,0
b097ef0536bef82c:0x49201,20,7,17,0
b097ef0536bef82c:0x492ba,20,55,35,0
b097ef0536bef82c:0x4942b,21,158,72,0
b097ef0536bef82c:0x491b7,61,180,89,0
b097ef0536bef82c:0x49201,21,7,17,0
b097ef0536bef82c:0x49244,14,9,10,0
b097ef0536bef82c:0x49244,14,10,10,0
b097ef0536bef82c:0x49244,15,10,10,0
b097ef0536bef82c:0x49244,16,10,10,0
b097ef0536bef82c:0x49244,17,10,10,0
b097ef0536bef82c:0x49244,18,10,10,0
b097ef0536bef82c:0x49244,18,10,11,0
b097ef0536bef82c:0x49244,18,11,11,0
b097ef0536bef82c:0x49244,19,11,11,0
b097ef0536bef82c:0x49244,20,11,11,0
b097ef0536bef82c:0x49244,21,11,11,0
b097ef0536bef82c:0x492ba,20,55,36,0
b097ef0536bef82c:0x492ba,20,56,36,0
b097ef0536bef82c:0x492ba,21,56,36,0
b097ef0536bef82c:0x492ba,21,57,36,0
b097ef0536bef82c:0x492ba,21,58,36,0
b097ef0536bef82c:0x492ba,21,58,37,0
b097ef0536bef82c:0x492ba,21,59,37,0
b097ef0536bef82c:0x492ba,21,59,38,0
b097ef0536bef82c:0x492ba,21,60,38,0
b097ef0536bef82c:0x492ba,21,61,38,0
b097ef0536bef82c:0x49393,7,6,7,0
b097ef0536bef82c:0x49393,7,7,7,0
b097ef0536bef82c:0x49393,8,7,7,0
b097ef0536bef82c:0x3bcb1,2,0,5,0
b097ef0536bef82c:0x3bcb1,2,0,6,0
b097ef0536bef82c:0x3bcb1,3,0,6,0
b097ef0536bef82c:0x33713,13,76,41,0
b097ef0536bef82c:0x33713,13,76,42,0
b097ef0536bef82c:0x33713,14,76,42,0
b097ef0536bef82c:0x33713,14,77,42,0
b097ef0536bef82c:0x33713,14,78,42,0
b097ef0536bef82c:0x33713,14,78,43,0
b097ef0536bef82c:0x33713,14,79,43,0
b097ef0536bef82c:0x33713,14,80,43,0
b097ef0536bef82c:0x33713,14,81,43,0
b097ef0536bef82c:0x33713,14,81,44,0
b097ef0536bef82c:0x33713,14,82,44,0
b097ef0536bef82c:0x33713,14,83,44,0
b097ef0536bef82c:0x33713,14,84,44,0
b097ef0536bef82c:0x33713,14,85,44,0
b097ef0536bef82c:0x33713,14,85,45,0
b097ef0536bef82c:0x33713,14,86,45,0
b097ef0536bef82c:0x33713,14,86,46,0
b097ef0536bef82c:0x33713,14,87,46,0
b097ef0536bef82c:0x33713,14,88,46,0
b097ef0536bef82c:0x2fdd5,52,30,3,0
b097ef0536bef82c:0x2fdd5,53,30,3,0
