schema_version,candidate_id,timestamp_us,branch_id,is_interesting,taken,constraint_count,path_length,symbolized_bytes,branch_hit_count,prev_sat,prev_unsat,prev_timeout,rtn_offset,rtn_size,rtn_cmov,insn_pos_in_rtn,rtn_insn_count,rtn_branch_count,rtn_indirect_count,rtn_simd_count,rtn_mem_ops
v1,1,1791230112229404,b097ef0536bef82c:0xafb3,1,1,0,1,1,0,1,0,0,355,2272,0,70,437,23,1,0,266
v1,2,1791230112351144,b097ef0536bef82c:0xb355,1,0,1,2,1,0,1,0,0,1285,2272,0,244,437,23,1,0,266
v1,3,1791230112521005,b097ef0536bef82c:0x3344b,1,1,1,3,2,0,1,1,0,22731,85844,10,4519,17156,934,3,32,9121
v1,1,1791230118232832,b097ef0536bef82c:0xafb3,0,1,0,1,1,1,1,0,0,355,2272,0,70,437,23,1,0,266
v1,2,1791230118342374,b097ef0536bef82c:0xb355,0,0,0,2,1,1,1,0,0,1285,2272,0,244,437,23,1,0,266
v1,3,1791230118505456,b097ef0536bef82c:0x3344b,0,1,0,3,2,1,1,1,0,22731,85844,10,4519,17156,934,3,32,9121
v1,1,1791230124928163,b097ef0536bef82c:0xafb3,0,1,0,1,1,2,1,0,0,355,2272,0,70,437,23,1,0,266
v1,2,1791230125113920,b097ef0536bef82c:0xb355,0,0,0,2,1,2,1,0,0,1285,2272,0,244,437,23,1,0,266
v1,3,1791230125276489,b097ef0536bef82c:0x3344b,0,1,0,3,2,2,1,1,0,22731,85844,10,4519,17156,934,3,32,9121
v1,4,1791230125377755,b097ef0536bef82c:0x307ff,1,1,0,4,1,0,1,0,0,11391,85844,10,2312,17156,934,3,32,9121
v1,5,1791230125467980,b097ef0536bef82c:0x3b0b3,1,1,1,5,2,0,1,1,0,54579,85844,10,10975,17156,934,3,32,9121
v1,6,1791230125477981,b097ef0536bef82c:0x3f2b3,1,1,1,6,1,0,1,1,0,71475,85844,10,14356,17156,934,3,32,9121
v1,1,1791230131385222,b097ef0536bef82c:0xafb3,0,1,0,1,1,3,1,0,0,355,2272,0,70,437,23,1,0,266
v1,2,1791230131504149,b097ef0536bef82c:0xb355,1,1,0,2,1,3,2,0,0,1285,2272,0,244,437,23,1,0,266
v1,1,1791230136013268,b097ef0536bef82c:0xafb3,0,1,0,1,1,4,1,0,0,355,2272,0,70,437,23,1,0,266
v1,2,1791230136040411,b097ef0536bef82c:0xb355,0,0,0,2,1,4,2,0,0,1285,2272,0,244,437,23,1,0,266
v1,3,1791230136203834,b097ef0536bef82c:0x3344b,0,1,0,3,2,3,1,1,0,22731,85844,10,4519,17156,934,3,32,9121
v1,4,1791230136305611,b097ef0536bef82c:0x307ff,1,0,0,4,1,1,2,0,0,11391,85844,10,2312,17156,934,3,32,9121
v1,1,1791230141621884,b097ef0536bef82c:0xafb3,0,1,0,1,1,5,1,0,0,355,2272,0,70,437,23,1,0,266
v1,2,1791230141725268,b097ef0536bef82c:0xb355,0,0,0,2,1,5,2,0,0,1285,2272,0,244,437,23,1,0,266
v1,3,1791230141890267,b097ef0536bef82c:0x3344b,0,1,0,3,2,4,1,1,0,22731,85844,10,4519,17156,934,3,32,9121
v1,4,1791230141992286,b097ef0536bef82c:0x307ff,0,1,0,4,1,2,2,0,0,11391,85844,10,2312,17156,934,3,32,9121
v1,5,1791230141996445,b097ef0536bef82c:0x3b0b3,1,0,0,5,2,1,2,2,0,54579,85844,10,10975,17156,934,3,32,9121
v1,1,1791230146538723,b097ef0536bef82c:0xafb3,0,1,0,1,1,6,1,0,0,355,2272,0,70,437,23,1,0,266
v1,2,1791230146586361,b097ef0536bef82c:0xb355,0,0,0,2,1,6,2,0,0,1285,2272,0,244,437,23,1,0,266
v1,3,1791230146752356,b097ef0536bef82c:0x3344b,0,1,0,3,2,5,1,1,0,22731,85844,10,4519,17156,934,3,32,9121
v1,4,1791230146854101,b097ef0536bef82c:0x307ff,0,1,0,4,1,3,2,0,0,11391,85844,10,2312,17156,934,3,32,9121
v1,5,1791230146857884,b097ef0536bef82c:0x3b0b3,0,1,0,5,2,2,2,2,0,54579,85844,10,10975,17156,934,3,32,9121
v1,6,1791230146865622,b097ef0536bef82c:0x3f2b3,0,1,0,6,1,1,1,1,0,71475,85844,10,14356,17156,934,3,32,9121
v1,1,1791230151747678,b097ef0536bef82c:0xafb3,0,1,0,1,1,7,1,0,0,355,2272,0,70,437,23,1,0,266
v1,2,1791230151807659,b097ef0536bef82c:0xb355,0,0,0,2,1,7,2,0,0,1285,2272,0,244,437,23,1,0,266
v1,3,1791230151973064,b097ef0536bef82c:0x3344b,0,1,0,3,2,6,1,1,0,22731,85844,10,4519,17156,934,3,32,9121
v1,4,1791230152074401,b097ef0536bef82c:0x307ff,0,1,0,4,1,4,2,0,0,11391,85844,10,2312,17156,934,3,32,9121
v1,5,1791230152078245,b097ef0536bef82c:0x3b0b3,0,1,0,5,2,3,2,2,0,54579,85844,10,10975,17156,934,3,32,9121
v1,6,1791230152086053,b097ef0536bef82c:0x3f2b3,0,1,0,6,1,2,1,1,0,71475,85844,10,14356,17156,934,3,32,9121
v1,1,1791230157870074,b097ef0536bef82c:0xafb3,0,1,0,1,1,8,1,0,0,355,2272,0,70,437,23,1,0,266
v1,2,1791230157981939,b097ef0536bef82c:0xb355,0,0,0,2,1,8,2,0,0,1285,2272,0,244,437,23,1,0,266
v1,3,1791230158145331,b097ef0536bef82c:0x3344b,0,1,0,3,2,7,1,1,0,22731,85844,10,4519,17156,934,3,32,9121
v1,4,1791230158245530,b097ef0536bef82c:0x307ff,0,1,0,4,1,5,2,0,0,11391,85844,10,2312,17156,934,3,32,9121
v1,5,1791230158249333,b097ef0536bef82c:0x3b0b3,0,1,0,5,2,4,2,2,0,54579,85844,10,10975,17156,934,3,32,9121
v1,6,1791230158257209,b097ef0536bef82c:0x3f2b3,1,0,0,6,1,3,2,2,0,71475,85844,10,14356,17156,934,3,32,9121
v1,1,1791230163423892,b097ef0536bef82c:0xafb3,0,1,0,1,1,9,1,0,0,355,2272,0,70,437,23,1,0,266
v1,2,1791230163490181,b097ef0536bef82c:0xb355,0,0,0,2,1,9,2,0,0,1285,2272,0,244,437,23,1,0,266
v1,3,1791230163653456,b097ef0536bef82c:0x3344b,0,1,0,3,2,8,1,1,0,22731,85844,10,4519,17156,934,3,32,9121
v1,4,1791230163754269,b097ef0536bef82c:0x307ff,0,1,0,4,1,6,2,0,0,11391,85844,10,2312,17156,934,3,32,9121
v1,5,1791230163758079,b097ef0536bef82c:0x3b0b3,0,1,0,5,2,5,2,2,0,54579,85844,10,10975,17156,934,3,32,9121
v1,6,1791230163765772,b097ef0536bef82c:0x3f2b3,0,1,0,6,1,4,12,6,0,71475,85844,10,14356,17156,934,3,32,9121
v1,7,1791230163822729,b097ef0536bef82c:0x3bfcd,1,1,0,7,1,0,1,1,0,58445,85844,10,11723,17156,934,3,32,9121
v1,1,1791230169165487,b097ef0536bef82c:0xafb3,0,1,0,1,1,10,1,0,0,355,2272,0,70,437,23,1,0,266
v1,2,1791230169254692,b097ef0536bef82c:0xb355,0,0,0,2,1,10,2,0,0,1285,2272,0,244,437,23,1,0,266
v1,3,1791230169416994,b097ef0536bef82c:0x3344b,0,1,0,3,2,9,1,1,0,22731,85844,10,4519,17156,934,3,32,9121
v1,4,1791230169517791,b097ef0536bef82c:0x307ff,0,1,0,4,1,7,2,0,0,11391,85844,10,2312,17156,934,3,32,9121
v1,5,1791230169521625,b097ef0536bef82c:0x3b0b3,0,1,0,5,2,6,2,2,0,54579,85844,10,10975,17156,934,3,32,9121
v1,6,1791230169529285,b097ef0536bef82c:0x3f2b3,0,1,0,6,1,5,12,6,0,71475,85844,10,14356,17156,934,3,32,9121
v1,7,1791230169585623,b097ef0536bef82c:0x3bfcd,0,1,0,7,1,1,1,1,0,58445,85844,10,11723,17156,934,3,32,9121
v1,1,1791230174547606,b097ef0536bef82c:0xafb3,0,1,0,1,1,11,1,0,0,355,2272,0,70,437,23,1,0,266
v1,2,1791230174614512,b097ef0536bef82c:0xb355,0,0,0,2,1,11,2,0,0,1285,2272,0,244,437,23,1,0,266
v1,3,1791230174777163,b097ef0536bef82c:0x3344b,0,1,0,3,2,10,1,1,0,22731,85844,10,4519,17156,934,3,32,9121
v1,4,1791230174877837,b097ef0536bef82c:0x307ff,0,1,0,4,1,8,2,0,0,11391,85844,10,2312,17156,934,3,32,9121
v1,5,1791230174881642,b097ef0536bef82c:0x3b0b3,0,1,0,5,2,7,2,2,0,54579,85844,10,10975,17156,934,3,32,9121
v1,6,1791230174889312,b097ef0536bef82c:0x3f2b3,0,1,0,6,1,6,12,6,0,71475,85844,10,14356,17156,934,3,32,9121
v1,7,1791230174946209,b097ef0536bef82c:0x3bfcd,0,1,0,7,1,2,1,1,0,58445,85844,10,11723,17156,934,3,32,9121
v1,8,1791230174986117,b097ef0536bef82c:0x375bb,1,1,0,8,1,0,1,1,0,39483,85844,10,7910,17156,934,3,32,9121
v1,9,1791230175027268,b097ef0536bef82c:0x37686,1,0,1,9,1,0,1,1,0,39686,85844,10,7950,17156,934,3,32,9121
v1,10,1791230175053804,b097ef0536bef82c:0x30b0f,1,1,1,10,1,0,1,1,0,12175,85844,10,2466,17156,934,3,32,9121
v1,11,1791230175066946,b097ef0536bef82c:0x319f3,1,1,1,11,1,0,1,1,0,15987,85844,10,3202,17156,934,3,32,9121
v1,1,1791230180610577,b097ef0536bef82c:0xafb3,0,1,0,1,1,12,1,0,0,355,2272,0,70,437,23,1,0,266
v1,2,1791230180711630,b097ef0536bef82c:0xb355,0,0,0,2,1,12,2,0,0,1285,2272,0,244,437,23,1,0,266
v1,3,1791230180875751,b097ef0536bef82c:0x3344b,0,1,0,3,2,11,1,1,0,22731,85844,10,4519,17156,934,3,32,9121
v1,4,1791230180978154,b097ef0536bef82c:0x307ff,0,1,0,4,1,9,2,0,0,11391,85844,10,2312,17156,934,3,32,9121
v1,5,1791230180982029,b097ef0536bef82c:0x3b0b3,0,1,0,5,2,8,2,2,0,54579,85844,10,10975,17156,934,3,32,9121
v1,6,1791230180989855,b097ef0536bef82c:0x3f2b3,0,0,0,6,1,7,12,6,0,71475,85844,10,14356,17156,934,3,32,9121
v1,7,1791230181056405,b097ef0536bef82c:0x3bfcd,1,0,0,7,1,3,2,2,0,58445,85844,10,11723,17156,934,3,32,9121
v1,8,1791230181222889,b097ef0536bef82c:0x375bb,1,0,46,8,1,1,2,2,0,39483,85844,10,7910,17156,934,3,32,9121
v1,9,1791230181239736,b097ef0536bef82c:0x37686,1,1,0,9,1,1,2,2,0,39686,85844,10,7950,17156,934,3,32,9121
v1,1,1791230186918177,b097ef0536bef82c:0xafb3,0,1,0,1,1,13,1,0,0,355,2272,0,70,437,23,1,0,266
v1,2,1791230187018484,b097ef0536bef82c:0xb355,0,0,0,2,1,13,2,0,0,1285,2272,0,244,437,23,1,0,266
v1,3,1791230187182363,b097ef0536bef82c:0x3344b,0,1,0,3,2,12,1,1,0,22731,85844,10,4519,17156,934,3,32,9121
v1,4,1791230187285818,b097ef0536bef82c:0x307ff,0,1,0,4,1,10,2,0,0,11391,85844,10,2312,17156,934,3,32,9121
v1,5,1791230187289589,b097ef0536bef82c:0x3b0b3,0,1,0,5,2,9,2,2,0,54579,85844,10,10975,17156,934,3,32,9121
v1,6,1791230187297111,b097ef0536bef82c:0x3f2b3,0,1,0,6,1,8,12,6,0,71475,85844,10,14356,17156,934,3,32,9121
v1,7,1791230187353102,b097ef0536bef82c:0x3bfcd,0,1,0,7,1,4,22,10,0,58445,85844,10,11723,17156,934,3,32,9121
v1,8,1791230187392745,b097ef0536bef82c:0x375bb,0,1,0,8,1,2,12,6,0,39483,85844,10,7910,17156,934,3,32,9121
v1,9,1791230187397313,b097ef0536bef82c:0x37686,0,0,0,9,1,2,2,2,0,39686,85844,10,7950,17156,934,3,32,9121
v1,10,1791230187420917,b097ef0536bef82c:0x30b0f,0,1,0,10,1,1,1,1,0,12175,85844,10,2466,17156,934,3,32,9121
v1,11,1791230187426490,b097ef0536bef82c:0x319f3,1,0,0,11,1,1,2,2,0,15987,85844,10,3202,17156,934,3,32,9121
v1,12,1791230187485078,b097ef0536bef82c:0x31f3b,1,1,1,12,1,0,1,1,0,17339,85844,10,3467,17156,934,3,32,9121
v1,1,1791230192585209,b097ef0536bef82c:0xafb3,0,1,0,1,1,14,1,0,0,355,2272,0,70,437,23,1,0,266
v1,2,1791230192657532,b097ef0536bef82c:0xb355,0,0,0,2,1,14,2,0,0,1285,2272,0,244,437,23,1,0,266
v1,3,1791230192819537,b097ef0536bef82c:0x3344b,0,1,0,3,2,13,1,1,0,22731,85844,10,4519,17156,934,3,32,9121
v1,4,1791230192920157,b097ef0536bef82c:0x307ff,0,1,0,4,1,11,2,0,0,11391,85844,10,2312,17156,934,3,32,9121
v1,5,1791230192924029,b097ef0536bef82c:0x3b0b3,0,1,0,5,2,10,2,2,0,54579,85844,10,10975,17156,934,3,32,9121
v1,6,1791230192931700,b097ef0536bef82c:0x3f2b3,0,0,0,6,1,9,12,6,0,71475,85844,10,14356,17156,934,3,32,9121
v1,7,1791230192997711,b097ef0536bef82c:0x3bfcd,0,0,0,7,1,5,22,10,0,58445,85844,10,11723,17156,934,3,32,9121
v1,8,1791230193065216,b097ef0536bef82c:0x375bb,0,0,0,8,1,3,12,6,0,39483,85844,10,7910,17156,934,3,32,9121
v1,9,1791230193076640,b097ef0536bef82c:0x37686,1,0,0,9,1,3,3,3,0,39686,85844,10,7950,17156,934,3,32,9121
v1,10,1791230193137165,b097ef0536bef82c:0x30b0f,1,0,1,10,1,2,2,2,0,12175,85844,10,2466,17156,934,3,32,9121
v1,11,1791230193152359,b097ef0536bef82c:0x30cbd,1,0,1,11,1,0,1,0,0,12605,85844,10,2549,17156,934,3,32,9121
v1,12,1791230193158093,b097ef0536bef82c:0x318e5,1,1,1,12,1,0,1,1,0,15717,85844,10,3151,17156,934,3,32,9121
v1,13,1791230193215429,b097ef0536bef82c:0x31965,1,1,1,13,1,0,1,1,0,15845,85844,10,3176,17156,934,3,32,9121
v1,1,1791230198141111,b097ef0536bef82c:0xafb3,0,1,0,1,1,15,1,0,0,355,2272,0,70,437,23,1,0,266
v1,2,1791230198197118,b097ef0536bef82c:0xb355,0,0,0,2,1,15,2,0,0,1285,2272,0,244,437,23,1,0,266
v1,3,1791230198360554,b097ef0536bef82c:0x3344b,0,1,0,3,2,14,1,1,0,22731,85844,10,4519,17156,934,3,32,9121
v1,4,1791230198461625,b097ef0536bef82c:0x307ff,0,1,0,4,1,12,2,0,0,11391,85844,10,2312,17156,934,3,32,9121
v1,5,1791230198465427,b097ef0536bef82c:0x3b0b3,0,1,0,5,2,11,2,2,0,54579,85844,10,10975,17156,934,3,32,9121
v1,6,1791230198473161,b097ef0536bef82c:0x3f2b3,0,1,0,6,1,10,12,6,0,71475,85844,10,14356,17156,934,3,32,9121
v1,7,1791230198529905,b097ef0536bef82c:0x3bfcd,0,1,0,7,1,6,22,10,0,58445,85844,10,11723,17156,934,3,32,9121
v1,8,1791230198569432,b097ef0536bef82c:0x375bb,0,1,0,8,1,4,12,6,0,39483,85844,10,7910,17156,934,3,32,9121
v1,9,1791230198574087,b097ef0536bef82c:0x37686,0,0,0,9,1,4,3,3,0,39686,85844,10,7950,17156,934,3,32,9121
v1,10,1791230198598052,b097ef0536bef82c:0x30b0f,1,0,0,10,1,3,3,3,0,12175,85844,10,2466,17156,934,3,32,9121
v1,11,1791230198638671,b097ef0536bef82c:0x30cbd,1,0,1,11,1,1,2,0,0,12605,85844,10,2549,17156,934,3,32,9121
v1,12,1791230198646335,b097ef0536bef82c:0x318e5,1,0,1,12,1,1,21,4,0,15717,85844,10,3151,17156,934,3,32,9121
v1,13,1791230198656180,b097ef0536bef82c:0x31965,1,1,1,13,1,1,2,2,0,15845,85844,10,3176,17156,934,3,32,9121
v1,1,1791230204466422,b097ef0536bef82c:0xafb3,0,1,0,1,1,16,1,0,0,355,2272,0,70,437,23,1,0,266
v1,2,1791230204584099,b097ef0536bef82c:0xb355,0,0,0,2,1,16,2,0,0,1285,2272,0,244,437,23,1,0,266
v1,3,1791230204747381,b097ef0536bef82c:0x3344b,0,1,0,3,2,15,1,1,0,22731,85844,10,4519,17156,934,3,32,9121
v1,4,1791230204848415,b097ef0536bef82c:0x307ff,0,1,0,4,1,13,2,0,0,11391,85844,10,2312,17156,934,3,32,9121
v1,5,1791230204852234,b097ef0536bef82c:0x3b0b3,0,1,0,5,2,12,2,2,0,54579,85844,10,10975,17156,934,3,32,9121
v1,6,1791230204859965,b097ef0536bef82c:0x3f2b3,0,1,0,6,1,11,12,6,0,71475,85844,10,14356,17156,934,3,32,9121
v1,7,1791230204916965,b097ef0536bef82c:0x3bfcd,0,1,0,7,1,7,22,10,0,58445,85844,10,11723,17156,934,3,32,9121
v1,8,1791230204956421,b097ef0536bef82c:0x375bb,0,1,0,8,1,5,12,6,0,39483,85844,10,7910,17156,934,3,32,9121
v1,9,1791230204961047,b097ef0536bef82c:0x37686,0,0,0,9,1,5,3,3,0,39686,85844,10,7950,17156,934,3,32,9121
v1,10,1791230204984713,b097ef0536bef82c:0x30b0f,0,1,0,10,1,4,3,3,0,12175,85844,10,2466,17156,934,3,32,9121
v1,11,1791230204990010,b097ef0536bef82c:0x319f3,0,1,0,11,1,2,2,2,0,15987,85844,10,3202,17156,934,3,32,9121
v1,12,1791230205002174,b097ef0536bef82c:0x3249d,1,0,0,12,1,0,1,0,0,18717,85844,10,3738,17156,934,3,32,9121
v1,13,1791230205060759,b097ef0536bef82c:0x330c5,1,1,1,13,1,0,1,1,0,21829,85844,10,4342,17156,934,3,32,9121
v1,14,1791230205067841,b097ef0536bef82c:0x33185,1,1,1,14,1,0,1,1,0,22021,85844,10,4380,17156,934,3,32,9121
v1,1,1791230209715630,b097ef0536bef82c:0xafb3,0,1,0,1,1,17,1,0,0,355,2272,0,70,437,23,1,0,266
v1,2,1791230209753249,b097ef0536bef82c:0xb355,0,0,0,2,1,17,2,0,0,1285,2272,0,244,437,23,1,0,266
v1,3,1791230209914587,b097ef0536bef82c:0x3344b,0,1,0,3,2,16,1,1,0,22731,85844,10,4519,17156,934,3,32,9121
v1,4,1791230210017068,b097ef0536bef82c:0x307ff,0,1,0,4,1,14,2,0,0,11391,85844,10,2312,17156,934,3,32,9121
v1,5,1791230210021048,b097ef0536bef82c:0x3b0b3,0,1,0,5,2,13,2,2,0,54579,85844,10,10975,17156,934,3,32,9121
v1,6,1791230210028712,b097ef0536bef82c:0x3f2b3,0,1,0,6,1,12,12,6,0,71475,85844,10,14356,17156,934,3,32,9121
v1,7,1791230210089861,b097ef0536bef82c:0x3bfcd,0,1,0,7,1,8,22,10,0,58445,85844,10,11723,17156,934,3,32,9121
v1,8,1791230210130775,b097ef0536bef82c:0x375bb,0,1,0,8,1,6,12,6,0,39483,85844,10,7910,17156,934,3,32,9121
v1,9,1791230210135657,b097ef0536bef82c:0x37686,1,1,0,9,1,6,4,4,0,39686,85844,10,7950,17156,934,3,32,9121
v1,1,1791230216009090,b097ef0536bef82c:0xafb3,0,1,0,1,1,18,1,0,0,355,2272,0,70,437,23,1,0,266
v1,2,1791230216131440,b097ef0536bef82c:0xb355,0,0,0,2,1,18,2,0,0,1285,2272,0,244,437,23,1,0,266
v1,3,1791230216296132,b097ef0536bef82c:0x3344b,0,1,0,3,2,17,1,1,0,22731,85844,10,4519,17156,934,3,32,9121
v1,4,1791230216397040,b097ef0536bef82c:0x307ff,0,1,0,4,1,15,2,0,0,11391,85844,10,2312,17156,934,3,32,9121
v1,5,1791230216400870,b097ef0536bef82c:0x3b0b3,0,1,0,5,2,14,2,2,0,54579,85844,10,10975,17156,934,3,32,9121
v1,6,1791230216408727,b097ef0536bef82c:0x3f2b3,0,1,0,6,1,13,12,6,0,71475,85844,10,14356,17156,934,3,32,9121
v1,7,1791230216466781,b097ef0536bef82c:0x3bfcd,0,1,0,7,1,9,22,10,0,58445,85844,10,11723,17156,934,3,32,9121
v1,8,1791230216506983,b097ef0536bef82c:0x375bb,0,1,0,8,1,7,12,6,0,39483,85844,10,7910,17156,934,3,32,9121
v1,9,1791230216511597,b097ef0536bef82c:0x37686,0,0,0,9,1,7,4,4,0,39686,85844,10,7950,17156,934,3,32,9121
v1,10,1791230216535442,b097ef0536bef82c:0x30b0f,0,1,0,10,1,5,3,3,0,12175,85844,10,2466,17156,934,3,32,9121
v1,11,1791230216540823,b097ef0536bef82c:0x319f3,0,0,0,11,1,3,2,2,0,15987,85844,10,3202,17156,934,3,32,9121
v1,12,1791230216552465,b097ef0536bef82c:0x31f3b,0,1,0,12,1,1,1,1,0,17339,85844,10,3467,17156,934,3,32,9121
v1,13,1791230216589410,b097ef0536bef82c:0x2e610,1,1,0,13,3,0,1,0,0,2704,85844,10,545,17156,934,3,32,9121
v1,14,1791230216680343,b097ef0536bef82c:0x2fdd5,1,1,1,14,3,0,1,0,0,8789,85844,10,1796,17156,934,3,32,9121
v1,1,1791230222847829,b097ef0536bef82c:0xafb3,0,0,0,1,1,19,1,0,0,355,2272,0,70,437,23,1,0,266
v1,1,1791230227403994,b097ef0536bef82c:0xafb3,0,1,0,1,1,20,1,0,0,355,2272,0,70,437,23,1,0,266
v1,2,1791230227423867,b097ef0536bef82c:0xb355,0,0,0,2,1,19,2,0,0,1285,2272,0,244,437,23,1,0,266
v1,3,1791230227586084,b097ef0536bef82c:0x3344b,0,1,0,3,2,18,1,1,0,22731,85844,10,4519,17156,934,3,32,9121
v1,4,1791230227686036,b097ef0536bef82c:0x307ff,0,1,0,4,1,16,2,0,0,11391,85844,10,2312,17156,934,3,32,9121
v1,5,1791230227689812,b097ef0536bef82c:0x3b0b3,0,1,0,5,2,15,2,2,0,54579,85844,10,10975,17156,934,3,32,9121
v1,6,1791230227697444,b097ef0536bef82c:0x3f2b3,0,1,0,6,1,14,12,6,0,71475,85844,10,14356,17156,934,3,32,9121
v1,7,1791230227753698,b097ef0536bef82c:0x3bfcd,0,1,0,7,1,10,22,10,0,58445,85844,10,11723,17156,934,3,32,9121
v1,8,1791230227793222,b097ef0536bef82c:0x375bb,0,1,0,8,1,8,12,6,0,39483,85844,10,7910,17156,934,3,32,9121
v1,9,1791230227797840,b097ef0536bef82c:0x37686,0,0,0,9,1,8,4,4,0,39686,85844,10,7950,17156,934,3,32,9121
v1,10,1791230227821522,b097ef0536bef82c:0x30b0f,0,1,0,10,1,6,3,3,0,12175,85844,10,2466,17156,934,3,32,9121
v1,11,1791230227826661,b097ef0536bef82c:0x319f3,0,0,0,11,1,4,2,2,0,15987,85844,10,3202,17156,934,3,32,9121
v1,12,1791230227837133,b097ef0536bef82c:0x31f3b,0,1,0,12,1,2,1,1,0,17339,85844,10,3467,17156,934,3,32,9121
v1,13,1791230227873390,b097ef0536bef82c:0x2e610,1,0,0,13,3,1,2,0,0,2704,85844,10,545,17156,934,3,32,9121
v1,14,1791230227899720,b097ef0536bef82c:0x2e653,1,0,1,14,3,0,1,0,0,2771,85844,10,558,17156,934,3,32,9121
v1,15,1791230227905381,b097ef0536bef82c:0x2e697,1,0,2,15,3,0,1,0,0,2839,85844,10,571,17156,934,3,32,9121
v1,16,1791230227942234,b097ef0536bef82c:0x2fdd5,1,0,3,16,3,1,2,0,0,8789,85844,10,1796,17156,934,3,32,9121
v1,1,1791230232771534,b097ef0536bef82c:0xafb3,0,1,0,1,1,21,1,0,0,355,2272,0,70,437,23,1,0,266
v1,2,1791230232832541,b097ef0536bef82c:0xb355,0,0,0,2,1,20,2,0,0,1285,2272,0,244,437,23,1,0,266
v1,3,1791230232994600,b097ef0536bef82c:0x3344b,0,1,0,3,2,19,1,1,0,22731,85844,10,4519,17156,934,3,32,9121
v1,4,1791230233095244,b097ef0536bef82c:0x307ff,0,1,0,4,1,17,2,0,0,11391,85844,10,2312,17156,934,3,32,9121
v1,5,1791230233099083,b097ef0536bef82c:0x3b0b3,0,1,0,5,2,16,2,2,0,54579,85844,10,10975,17156,934,3,32,9121
v1,6,1791230233106796,b097ef0536bef82c:0x3f2b3,0,0,0,6,1,15,12,6,0,71475,85844,10,14356,17156,934,3,32,9121
v1,7,1791230233172809,b097ef0536bef82c:0x3bfcd,0,0,0,7,1,11,22,10,0,58445,85844,10,11723,17156,934,3,32,9121
v1,8,1791230233239846,b097ef0536bef82c:0x375bb,0,0,0,8,1,9,12,6,0,39483,85844,10,7910,17156,934,3,32,9121
v1,9,1791230233251063,b097ef0536bef82c:0x37686,0,0,0,9,1,9,4,4,0,39686,85844,10,7950,17156,934,3,32,9121
v1,10,1791230233274659,b097ef0536bef82c:0x30b0f,0,0,0,10,1,7,3,3,0,12175,85844,10,2466,17156,934,3,32,9121
v1,11,1791230233286901,b097ef0536bef82c:0x30cbd,1,1,0,11,1,2,3,0,0,12605,85844,10,2549,17156,934,3,32,9121
v1,12,1791230233317914,b097ef0536bef82c:0x318e5,1,1,1,12,1,2,22,5,0,15717,85844,10,3151,17156,934,3,32,9121
v1,13,1791230233341388,b097ef0536bef82c:0x31965,1,0,1,13,1,2,3,3,0,15845,85844,10,3176,17156,934,3,32,9121
v1,14,1791230233351362,b097ef0536bef82c:0x319f3,1,1,1,14,1,5,3,3,0,15987,85844,10,3202,17156,934,3,32,9121
v1,15,1791230233367017,b097ef0536bef82c:0x3249d,1,1,1,15,1,1,2,0,0,18717,85844,10,3738,17156,934,3,32,9121
v1,16,1791230233369806,b097ef0536bef82c:0x330c5,1,0,1,16,1,1,2,2,0,21829,85844,10,4342,17156,934,3,32,9121
v1,17,1791230233394957,b097ef0536bef82c:0x33185,1,0,1,17,1,1,2,2,0,22021,85844,10,4380,17156,934,3,32,9121
v1,18,1791230233406647,b097ef0536bef82c:0x31f3b,1,0,1,18,1,3,2,2,0,17339,85844,10,3467,17156,934,3,32,9121
v1,1,1791230238389420,b097ef0536bef82c:0xafb3,0,1,0,1,1,22,1,0,0,355,2272,0,70,437,23,1,0,266
v1,2,1791230238451192,b097ef0536bef82c:0xb355,0,0,0,2,1,21,2,0,0,1285,2272,0,244,437,23,1,0,266
v1,3,1791230238616111,b097ef0536bef82c:0x3344b,0,1,0,3,2,20,1,1,0,22731,85844,10,4519,17156,934,3,32,9121
v1,4,1791230238717253,b097ef0536bef82c:0x307ff,0,1,0,4,1,18,2,0,0,11391,85844,10,2312,17156,934,3,32,9121
v1,5,1791230238721077,b097ef0536bef82c:0x3b0b3,0,1,0,5,2,17,2,2,0,54579,85844,10,10975,17156,934,3,32,9121
v1,6,1791230238728751,b097ef0536bef82c:0x3f2b3,0,0,0,6,1,16,12,6,0,71475,85844,10,14356,17156,934,3,32,9121
v1,7,1791230238794487,b097ef0536bef82c:0x3bfcd,0,0,0,7,1,12,22,10,0,58445,85844,10,11723,17156,934,3,32,9121
v1,8,1791230238861938,b097ef0536bef82c:0x375bb,0,0,0,8,1,10,12,6,0,39483,85844,10,7910,17156,934,3,32,9121
v1,9,1791230238873050,b097ef0536bef82c:0x37686,0,1,0,9,1,10,4,4,0,39686,85844,10,7950,17156,934,3,32,9121
v1,10,1791230238909429,b097ef0536bef82c:0x3c1db,1,0,0,10,1,0,1,1,0,58971,85844,10,11828,17156,934,3,32,9121
v1,11,1791230238971888,b097ef0536bef82c:0x36cfe,1,0,2,11,2,0,1,1,0,37246,85844,10,7460,17156,934,3,32,9121
v1,12,1791230238979562,b097ef0536bef82c:0x36d48,1,1,1,12,3,0,0,2,0,37320,85844,10,7475,17156,934,3,32,9121
v1,13,1791230238985496,b097ef0536bef82c:0x36fdb,1,0,1,13,3,0,1,1,0,37979,85844,10,7607,17156,934,3,32,9121
v1,14,1791230239002367,b097ef0536bef82c:0x30b0f,1,0,1,14,1,8,4,4,0,12175,85844,10,2466,17156,934,3,32,9121
v1,1,1791230243753431,b097ef0536bef82c:0xafb3,0,1,0,1,1,23,1,0,0,355,2272,0,70,437,23,1,0,266
v1,2,1791230243799473,b097ef0536bef82c:0xb355,0,0,0,2,1,22,2,0,0,1285,2272,0,244,437,23,1,0,266
v1,3,1791230243961185,b097ef0536bef82c:0x3344b,0,1,0,3,2,21,1,1,0,22731,85844,10,4519,17156,934,3,32,9121
v1,4,1791230244061267,b097ef0536bef82c:0x307ff,0,1,0,4,1,19,2,0,0,11391,85844,10,2312,17156,934,3,32,9121
v1,5,1791230244065116,b097ef0536bef82c:0x3b0b3,0,1,0,5,2,18,2,2,0,54579,85844,10,10975,17156,934,3,32,9121
v1,6,1791230244072768,b097ef0536bef82c:0x3f2b3,0,1,0,6,1,17,12,6,0,71475,85844,10,14356,17156,934,3,32,9121
v1,7,1791230244128932,b097ef0536bef82c:0x3bfcd,0,1,0,7,1,13,22,10,0,58445,85844,10,11723,17156,934,3,32,9121
v1,8,1791230244168061,b097ef0536bef82c:0x375bb,0,1,0,8,1,11,12,6,0,39483,85844,10,7910,17156,934,3,32,9121
v1,9,1791230244172637,b097ef0536bef82c:0x37686,0,0,0,9,1,11,4,4,0,39686,85844,10,7950,17156,934,3,32,9121
v1,10,1791230244196162,b097ef0536bef82c:0x30b0f,0,1,0,10,1,9,4,4,0,12175,85844,10,2466,17156,934,3,32,9121
v1,11,1791230244201218,b097ef0536bef82c:0x319f3,0,0,0,11,1,6,3,3,0,15987,85844,10,3202,17156,934,3,32,9121
v1,12,1791230244211773,b097ef0536bef82c:0x31f3b,0,1,0,12,1,4,2,2,0,17339,85844,10,3467,17156,934,3,32,9121
v1,13,1791230244247766,b097ef0536bef82c:0x2e610,0,1,0,13,3,2,2,0,0,2704,85844,10,545,17156,934,3,32,9121
v1,14,1791230244289179,b097ef0536bef82c:0x2fdd5,1,0,0,14,3,2,3,0,0,8789,85844,10,1796,17156,934,3,32,9121
v1,1,1791230249394493,b097ef0536bef82c:0xafb3,0,1,0,1,1,24,1,0,0,355,2272,0,70,437,23,1,0,266
v1,2,1791230249475546,b097ef0536bef82c:0xb355,0,0,0,2,1,23,2,0,0,1285,2272,0,244,437,23,1,0,266
v1,3,1791230249637503,b097ef0536bef82c:0x3344b,0,1,0,3,2,22,1,1,0,22731,85844,10,4519,17156,934,3,32,9121
v1,4,1791230249737876,b097ef0536bef82c:0x307ff,0,1,0,4,1,20,2,0,0,11391,85844,10,2312,17156,934,3,32,9121
v1,5,1791230249741682,b097ef0536bef82c:0x3b0b3,0,1,0,5,2,19,2,2,0,54579,85844,10,10975,17156,934,3,32,9121
v1,6,1791230249749317,b097ef0536bef82c:0x3f2b3,0,0,0,6,1,18,12,6,0,71475,85844,10,14356,17156,934,3,32,9121
v1,7,1791230249815000,b097ef0536bef82c:0x3bfcd,0,0,0,7,1,14,22,10,0,58445,85844,10,11723,17156,934,3,32,9121
v1,8,1791230249882522,b097ef0536bef82c:0x375bb,0,0,0,8,1,12,12,6,0,39483,85844,10,7910,17156,934,3,32,9121
v1,9,1791230249893640,b097ef0536bef82c:0x37686,0,1,0,9,1,12,4,4,0,39686,85844,10,7950,17156,934,3,32,9121
v1,10,1791230249929681,b097ef0536bef82c:0x3c1db,0,0,0,10,1,1,11,5,0,58971,85844,10,11828,17156,934,3,32,9121
v1,11,1791230249946961,b097ef0536bef82c:0x36cfe,0,0,0,11,2,1,1,1,0,37246,85844,10,7460,17156,934,3,32,9121
v1,12,1791230249951202,b097ef0536bef82c:0x36d48,0,1,0,12,3,1,0,2,0,37320,85844,10,7475,17156,934,3,32,9121
v1,13,1791230249955392,b097ef0536bef82c:0x36fdb,0,0,0,13,3,1,1,1,0,37979,85844,10,7607,17156,934,3,32,9121
v1,14,1791230249965584,b097ef0536bef82c:0x30b0f,1,1,0,14,1,10,5,5,0,12175,85844,10,2466,17156,934,3,32,9121
v1,15,1791230250011658,b097ef0536bef82c:0x319f3,1,0,1,15,1,7,4,4,0,15987,85844,10,3202,17156,934,3,32,9121
v1,16,1791230250025690,b097ef0536bef82c:0x31f3b,1,0,1,16,1,5,3,3,0,17339,85844,10,3467,17156,934,3,32,9121
v1,1,1791230255137398,b097ef0536bef82c:0xafb3,0,1,0,1,1,25,1,0,0,355,2272,0,70,437,23,1,0,266
v1,2,1791230255213757,b097ef0536bef82c:0xb355,0,0,0,2,1,24,2,0,0,1285,2272,0,244,437,23,1,0,266
v1,3,1791230255377113,b097ef0536bef82c:0x3344b,0,1,0,3,2,23,1,1,0,22731,85844,10,4519,17156,934,3,32,9121
v1,4,1791230255478731,b097ef0536bef82c:0x307ff,0,1,0,4,1,21,2,0,0,11391,85844,10,2312,17156,934,3,32,9121
v1,5,1791230255482600,b097ef0536bef82c:0x3b0b3,0,1,0,5,2,20,2,2,0,54579,85844,10,10975,17156,934,3,32,9121
v1,6,1791230255490492,b097ef0536bef82c:0x3f2b3,0,0,0,6,1,19,12,6,0,71475,85844,10,14356,17156,934,3,32,9121
v1,7,1791230255557039,b097ef0536bef82c:0x3bfcd,0,0,0,7,1,15,22,10,0,58445,85844,10,11723,17156,934,3,32,9121
v1,8,1791230255624957,b097ef0536bef82c:0x375bb,0,0,0,8,1,13,12,6,0,39483,85844,10,7910,17156,934,3,32,9121
v1,9,1791230255636175,b097ef0536bef82c:0x37686,0,0,0,9,1,13,4,4,0,39686,85844,10,7950,17156,934,3,32,9121
v1,10,1791230255659525,b097ef0536bef82c:0x30b0f,0,1,0,10,1,11,5,5,0,12175,85844,10,2466,17156,934,3,32,9121
v1,11,1791230255664884,b097ef0536bef82c:0x319f3,0,0,0,11,1,8,4,4,0,15987,85844,10,3202,17156,934,3,32,9121
v1,12,1791230255675529,b097ef0536bef82c:0x31f3b,0,0,0,12,1,6,3,3,0,17339,85844,10,3467,17156,934,3,32,9121
v1,13,1791230255703172,b097ef0536bef82c:0x3a278,1,0,0,13,3,0,1,0,0,50936,85844,10,10241,17156,934,3,32,9121
v1,1,1791230260455241,b097ef0536bef82c:0xafb3,0,1,0,1,1,26,1,0,0,355,2272,0,70,437,23,1,0,266
v1,2,1791230260520307,b097ef0536bef82c:0xb355,0,0,0,2,1,25,2,0,0,1285,2272,0,244,437,23,1,0,266
v1,3,1791230260683502,b097ef0536bef82c:0x3344b,0,1,0,3,2,24,1,1,0,22731,85844,10,4519,17156,934,3,32,9121
v1,4,1791230260784629,b097ef0536bef82c:0x307ff,0,1,0,4,1,22,2,0,0,11391,85844,10,2312,17156,934,3,32,9121
v1,5,1791230260788390,b097ef0536bef82c:0x3b0b3,0,1,0,5,2,21,2,2,0,54579,85844,10,10975,17156,934,3,32,9121
v1,6,1791230260796050,b097ef0536bef82c:0x3f2b3,0,1,0,6,1,20,12,6,0,71475,85844,10,14356,17156,934,3,32,9121
v1,7,1791230260852826,b097ef0536bef82c:0x3bfcd,0,1,0,7,1,16,22,10,0,58445,85844,10,11723,17156,934,3,32,9121
v1,8,1791230260892398,b097ef0536bef82c:0x375bb,0,1,0,8,1,14,12,6,0,39483,85844,10,7910,17156,934,3,32,9121
v1,9,1791230260896993,b097ef0536bef82c:0x37686,0,0,0,9,1,14,4,4,0,39686,85844,10,7950,17156,934,3,32,9121
v1,10,1791230260920736,b097ef0536bef82c:0x30b0f,0,1,0,10,1,12,5,5,0,12175,85844,10,2466,17156,934,3,32,9121
v1,11,1791230260926099,b097ef0536bef82c:0x319f3,0,0,0,11,1,9,4,4,0,15987,85844,10,3202,17156,934,3,32,9121
v1,12,1791230260936873,b097ef0536bef82c:0x31f3b,0,1,0,12,1,7,3,3,0,17339,85844,10,3467,17156,934,3,32,9121
v1,13,1791230260972981,b097ef0536bef82c:0x2e610,0,0,0,13,3,3,2,0,0,2704,85844,10,545,17156,934,3,32,9121
v1,14,1791230260976477,b097ef0536bef82c:0x2e653,0,0,0,14,3,1,1,0,0,2771,85844,10,558,17156,934,3,32,9121
v1,15,1791230260979969,b097ef0536bef82c:0x2e697,0,0,0,15,3,1,1,0,0,2839,85844,10,571,17156,934,3,32,9121
v1,16,1791230261021337,b097ef0536bef82c:0x2fdd5,0,0,0,16,3,3,3,0,0,8789,85844,10,1796,17156,934,3,32,9121
v1,1,1791230267057203,b097ef0536bef82c:0xafb3,0,1,0,1,1,27,1,0,0,355,2272,0,70,437,23,1,0,266
v1,2,1791230267204858,b097ef0536bef82c:0xb355,0,0,0,2,1,26,2,0,0,1285,2272,0,244,437,23,1,0,266
v1,3,1791230267369998,b097ef0536bef82c:0x3344b,0,1,0,3,2,25,1,1,0,22731,85844,10,4519,17156,934,3,32,9121
v1,4,1791230267471182,b097ef0536bef82c:0x307ff,0,1,0,4,1,23,2,0,0,11391,85844,10,2312,17156,934,3,32,9121
v1,5,1791230267474956,b097ef0536bef82c:0x3b0b3,0,1,0,5,2,22,2,2,0,54579,85844,10,10975,17156,934,3,32,9121
v1,6,1791230267482594,b097ef0536bef82c:0x3f2b3,0,1,0,6,1,21,12,6,0,71475,85844,10,14356,17156,934,3,32,9121
v1,7,1791230267539341,b097ef0536bef82c:0x3bfcd,0,1,0,7,1,17,22,10,0,58445,85844,10,11723,17156,934,3,32,9121
v1,8,1791230267578553,b097ef0536bef82c:0x375bb,0,1,0,8,1,15,12,6,0,39483,85844,10,7910,17156,934,3,32,9121
v1,9,1791230267583086,b097ef0536bef82c:0x37686,0,0,0,9,1,15,4,4,0,39686,85844,10,7950,17156,934,3,32,9121
v1,10,1791230267606316,b097ef0536bef82c:0x30b0f,0,1,0,10,1,13,5,5,0,12175,85844,10,2466,17156,934,3,32,9121
v1,11,1791230267611570,b097ef0536bef82c:0x319f3,0,0,0,11,1,10,4,4,0,15987,85844,10,3202,17156,934,3,32,9121
v1,12,1791230267622198,b097ef0536bef82c:0x31f3b,0,1,0,12,1,8,3,3,0,17339,85844,10,3467,17156,934,3,32,9121
v1,13,1791230267658319,b097ef0536bef82c:0x2e610,0,0,0,13,3,4,2,0,0,2704,85844,10,545,17156,934,3,32,9121
v1,14,1791230267661790,b097ef0536bef82c:0x2e653,0,0,0,14,3,2,1,0,0,2771,85844,10,558,17156,934,3,32,9121
v1,15,1791230267665355,b097ef0536bef82c:0x2e697,1,1,0,15,3,2,2,0,0,2839,85844,10,571,17156,934,3,32,9121
v1,16,1791230267863226,b097ef0536bef82c:0x2e4e2,1,1,8,16,3,0,1,0,0,2402,85844,10,482,17156,934,3,32,9121
v1,17,1791230267901579,b097ef0536bef82c:0x2fdd5,1,1,10,17,3,4,4,1,0,8789,85844,10,1796,17156,934,3,32,9121
v1,1,1791230272837489,b097ef0536bef82c:0xafb3,0,1,0,1,1,28,1,0,0,355,2272,0,70,437,23,1,0,266
v1,2,1791230272890095,b097ef0536bef82c:0xb355,0,0,0,2,1,27,2,0,0,1285,2272,0,244,437,23,1,0,266
v1,3,1791230273052848,b097ef0536bef82c:0x3344b,0,1,0,3,2,26,1,1,0,22731,85844,10,4519,17156,934,3,32,9121
v1,4,1791230273153625,b097ef0536bef82c:0x307ff,0,1,0,4,1,24,2,0,0,11391,85844,10,2312,17156,934,3,32,9121
v1,5,1791230273157454,b097ef0536bef82c:0x3b0b3,0,1,0,5,2,23,2,2,0,54579,85844,10,10975,17156,934,3,32,9121
v1,6,1791230273165112,b097ef0536bef82c:0x3f2b3,0,1,0,6,1,22,12,6,0,71475,85844,10,14356,17156,934,3,32,9121
v1,7,1791230273221907,b097ef0536bef82c:0x3bfcd,0,1,0,7,1,18,22,10,0,58445,85844,10,11723,17156,934,3,32,9121
v1,8,1791230273261853,b097ef0536bef82c:0x375bb,0,1,0,8,1,16,12,6,0,39483,85844,10,7910,17156,934,3,32,9121
v1,9,1791230273266487,b097ef0536bef82c:0x37686,0,0,0,9,1,16,4,4,0,39686,85844,10,7950,17156,934,3,32,9121
v1,10,1791230273290384,b097ef0536bef82c:0x30b0f,0,1,0,10,1,14,5,5,0,12175,85844,10,2466,17156,934,3,32,9121
v1,11,1791230273295585,b097ef0536bef82c:0x319f3,0,0,0,11,1,11,4,4,0,15987,85844,10,3202,17156,934,3,32,9121
v1,12,1791230273306044,b097ef0536bef82c:0x31f3b,0,1,0,12,1,9,3,3,0,17339,85844,10,3467,17156,934,3,32,9121
v1,13,1791230273342032,b097ef0536bef82c:0x2e610,0,0,0,13,3,5,2,0,0,2704,85844,10,545,17156,934,3,32,9121
v1,14,1791230273345578,b097ef0536bef82c:0x2e653,0,0,0,14,3,3,1,0,0,2771,85844,10,558,17156,934,3,32,9121
v1,15,1791230273349044,b097ef0536bef82c:0x2e697,0,0,0,15,3,3,37,12,0,2839,85844,10,571,17156,934,3,32,9121
v1,16,1791230273399504,b097ef0536bef82c:0x2fdd5,1,1,0,16,3,5,5,1,0,8789,85844,10,1796,17156,934,3,32,9121
v1,1,1791230277913226,b097ef0536bef82c:0xafb3,0,1,0,1,1,29,1,0,0,355,2272,0,70,437,23,1,0,266
v1,2,1791230277942955,b097ef0536bef82c:0xb355,0,0,0,2,1,28,2,0,0,1285,2272,0,244,437,23,1,0,266
v1,3,1791230278108315,b097ef0536bef82c:0x3344b,0,1,0,3,2,27,1,1,0,22731,85844,10,4519,17156,934,3,32,9121
v1,4,1791230278211869,b097ef0536bef82c:0x307ff,0,1,0,4,1,25,2,0,0,11391,85844,10,2312,17156,934,3,32,9121
v1,5,1791230278215753,b097ef0536bef82c:0x3b0b3,0,1,0,5,2,24,2,2,0,54579,85844,10,10975,17156,934,3,32,9121
v1,6,1791230278223380,b097ef0536bef82c:0x3f2b3,0,1,0,6,1,23,12,6,0,71475,85844,10,14356,17156,934,3,32,9121
v1,7,1791230278280770,b097ef0536bef82c:0x3bfcd,0,1,0,7,1,19,22,10,0,58445,85844,10,11723,17156,934,3,32,9121
v1,8,1791230278320460,b097ef0536bef82c:0x375bb,0,1,0,8,1,17,12,6,0,39483,85844,10,7910,17156,934,3,32,9121
v1,9,1791230278325038,b097ef0536bef82c:0x37686,0,0,0,9,1,17,4,4,0,39686,85844,10,7950,17156,934,3,32,9121
v1,10,1791230278348960,b097ef0536bef82c:0x30b0f,0,1,0,10,1,15,5,5,0,12175,85844,10,2466,17156,934,3,32,9121
v1,11,1791230278354370,b097ef0536bef82c:0x319f3,0,0,0,11,1,12,4,4,0,15987,85844,10,3202,17156,934,3,32,9121
v1,12,1791230278365075,b097ef0536bef82c:0x31f3b,0,1,0,12,1,10,3,3,0,17339,85844,10,3467,17156,934,3,32,9121
v1,13,1791230278401089,b097ef0536bef82c:0x2e610,0,1,0,13,3,6,2,0,0,2704,85844,10,545,17156,934,3,32,9121
v1,14,1791230278432620,b097ef0536bef82c:0x30a23,1,0,0,14,5,0,1,0,0,11939,85844,10,2423,17156,934,3,32,9121
v1,15,1791230278451144,b097ef0536bef82c:0x30a6b,1,0,5,15,5,0,1,0,0,12011,85844,10,2436,17156,934,3,32,9121
v1,16,1791230278462211,b097ef0536bef82c:0x33eb5,1,0,7,16,5,0,1,1,0,25397,85844,10,5069,17156,934,3,32,9121
v1,17,1791230278474468,b097ef0536bef82c:0x33ff7,1,0,1,17,5,0,0,2,0,25719,85844,10,5134,17156,934,3,32,9121
v1,18,1791230278480775,b097ef0536bef82c:0x3403e,1,0,1,18,5,0,1,1,0,25790,85844,10,5148,17156,934,3,32,9121
v1,19,1791230278487592,b097ef0536bef82c:0x34080,1,0,1,19,5,0,1,1,0,25856,85844,10,5160,17156,934,3,32,9121
v1,20,1791230278530965,b097ef0536bef82c:0x2fdd5,1,0,1,20,3,6,6,1,0,8789,85844,10,1796,17156,934,3,32,9121
v1,1,1791230283169135,b097ef0536bef82c:0xafb3,0,1,0,1,1,30,1,0,0,355,2272,0,70,437,23,1,0,266
v1,2,1791230283211770,b097ef0536bef82c:0xb355,0,0,0,2,1,29,2,0,0,1285,2272,0,244,437,23,1,0,266
v1,3,1791230283374191,b097ef0536bef82c:0x3344b,0,1,0,3,2,28,1,1,0,22731,85844,10,4519,17156,934,3,32,9121
v1,4,1791230283474641,b097ef0536bef82c:0x307ff,0,1,0,4,1,26,2,0,0,11391,85844,10,2312,17156,934,3,32,9121
v1,5,1791230283478270,b097ef0536bef82c:0x3b0b3,0,1,0,5,2,25,2,2,0,54579,85844,10,10975,17156,934,3,32,9121
v1,6,1791230283485846,b097ef0536bef82c:0x3f2b3,0,1,0,6,1,24,12,6,0,71475,85844,10,14356,17156,934,3,32,9121
v1,7,1791230283542472,b097ef0536bef82c:0x3bfcd,0,1,0,7,1,20,22,10,0,58445,85844,10,11723,17156,934,3,32,9121
v1,8,1791230283581904,b097ef0536bef82c:0x375bb,0,1,0,8,1,18,12,6,0,39483,85844,10,7910,17156,934,3,32,9121
v1,9,1791230283586534,b097ef0536bef82c:0x37686,0,0,0,9,1,18,4,4,0,39686,85844,10,7950,17156,934,3,32,9121
v1,10,1791230283610131,b097ef0536bef82c:0x30b0f,0,1,0,10,1,16,5,5,0,12175,85844,10,2466,17156,934,3,32,9121
v1,11,1791230283615424,b097ef0536bef82c:0x319f3,0,0,0,11,1,13,4,4,0,15987,85844,10,3202,17156,934,3,32,9121
v1,12,1791230283626003,b097ef0536bef82c:0x31f3b,0,1,0,12,1,11,3,3,0,17339,85844,10,3467,17156,934,3,32,9121
v1,13,1791230283661909,b097ef0536bef82c:0x2e610,0,1,0,13,3,7,2,0,0,2704,85844,10,545,17156,934,3,32,9121
v1,14,1791230283693049,b097ef0536bef82c:0x30a23,1,1,0,14,5,1,2,0,0,11939,85844,10,2423,17156,934,3,32,9121
v1,15,1791230283736716,b097ef0536bef82c:0x2fdd5,1,0,5,15,3,7,7,1,0,8789,85844,10,1796,17156,934,3,32,9121
v1,1,1791230288670557,b097ef0536bef82c:0xafb3,0,1,0,1,1,31,1,0,0,355,2272,0,70,437,23,1,0,266
v1,2,1791230288749648,b097ef0536bef82c:0xb355,0,0,0,2,1,30,2,0,0,1285,2272,0,244,437,23,1,0,266
v1,3,1791230288913098,b097ef0536bef82c:0x3344b,0,1,0,3,2,29,1,1,0,22731,85844,10,4519,17156,934,3,32,9121
v1,4,1791230289014624,b097ef0536bef82c:0x307ff,0,1,0,4,1,27,2,0,0,11391,85844,10,2312,17156,934,3,32,9121
v1,5,1791230289018484,b097ef0536bef82c:0x3b0b3,0,1,0,5,2,26,2,2,0,54579,85844,10,10975,17156,934,3,32,9121
v1,6,1791230289025940,b097ef0536bef82c:0x3f2b3,0,1,0,6,1,25,12,6,0,71475,85844,10,14356,17156,934,3,32,9121
v1,7,1791230289083109,b097ef0536bef82c:0x3bfcd,0,1,0,7,1,21,22,10,0,58445,85844,10,11723,17156,934,3,32,9121
v1,8,1791230289122844,b097ef0536bef82c:0x375bb,0,1,0,8,1,19,12,6,0,39483,85844,10,7910,17156,934,3,32,9121
v1,9,1791230289127485,b097ef0536bef82c:0x37686,0,0,0,9,1,19,4,4,0,39686,85844,10,7950,17156,934,3,32,9121
v1,10,1791230289150963,b097ef0536bef82c:0x30b0f,0,0,0,10,1,17,5,5,0,12175,85844,10,2466,17156,934,3,32,9121
v1,11,1791230289162985,b097ef0536bef82c:0x30cbd,0,0,0,11,1,3,3,0,0,12605,85844,10,2549,17156,934,3,32,9121
v1,12,1791230289185403,b097ef0536bef82c:0x30f26,1,0,0,12,1,0,1,0,0,13222,85844,10,2667,17156,934,3,32,9121
v1,13,1791230289233987,b097ef0536bef82c:0x310ba,1,1,1,13,1,0,1,0,0,13626,85844,10,2744,17156,934,3,32,9121
v1,14,1791230289237518,b097ef0536bef82c:0x318e5,1,0,1,14,1,3,28,8,0,15717,85844,10,3151,17156,934,3,32,9121
v1,15,1791230289246918,b097ef0536bef82c:0x31965,1,0,1,15,1,3,4,4,0,15845,85844,10,3176,17156,934,3,32,9121
v1,16,1791230289256001,b097ef0536bef82c:0x319f3,1,0,1,16,1,14,5,5,0,15987,85844,10,3202,17156,934,3,32,9121
v1,17,1791230289269442,b097ef0536bef82c:0x31f3b,1,1,1,17,1,12,4,4,0,17339,85844,10,3467,17156,934,3,32,9121
v1,18,1791230289309902,b097ef0536bef82c:0x2e610,1,0,1,18,3,8,3,0,0,2704,85844,10,545,17156,934,3,32,9121
v1,19,1791230289315773,b097ef0536bef82c:0x2e653,1,0,1,19,3,4,2,0,0,2771,85844,10,558,17156,934,3,32,9121
v1,20,1791230289321110,b097ef0536bef82c:0x2e697,1,0,2,20,3,4,38,12,0,2839,85844,10,571,17156,934,3,32,9121
v1,21,1791230289356197,b097ef0536bef82c:0x2fdd5,1,0,3,21,3,8,8,1,0,8789,85844,10,1796,17156,934,3,32,9121
v1,1,1791230295240941,b097ef0536bef82c:0xafb3,0,1,0,1,1,32,1,0,0,355,2272,0,70,437,23,1,0,266
v1,2,1791230295354041,b097ef0536bef82c:0xb355,0,0,0,2,1,31,2,0,0,1285,2272,0,244,437,23,1,0,266
v1,3,1791230295518413,b097ef0536bef82c:0x3344b,0,1,0,3,2,30,1,1,0,22731,85844,10,4519,17156,934,3,32,9121
v1,4,1791230295621421,b097ef0536bef82c:0x307ff,0,1,0,4,1,28,2,0,0,11391,85844,10,2312,17156,934,3,32,9121
v1,5,1791230295625303,b097ef0536bef82c:0x3b0b3,0,1,0,5,2,27,2,2,0,54579,85844,10,10975,17156,934,3,32,9121
v1,6,1791230295632944,b097ef0536bef82c:0x3f2b3,0,1,0,6,1,26,12,6,0,71475,85844,10,14356,17156,934,3,32,9121
v1,7,1791230295689665,b097ef0536bef82c:0x3bfcd,0,1,0,7,1,22,22,10,0,58445,85844,10,11723,17156,934,3,32,9121
v1,8,1791230295729047,b097ef0536bef82c:0x375bb,0,1,0,8,1,20,12,6,0,39483,85844,10,7910,17156,934,3,32,9121
v1,9,1791230295733711,b097ef0536bef82c:0x37686,0,0,0,9,1,20,4,4,0,39686,85844,10,7950,17156,934,3,32,9121
v1,10,1791230295757078,b097ef0536bef82c:0x30b0f,0,1,0,10,1,18,5,5,0,12175,85844,10,2466,17156,934,3,32,9121
v1,11,1791230295762339,b097ef0536bef82c:0x319f3,0,0,0,11,1,15,5,5,0,15987,85844,10,3202,17156,934,3,32,9121
v1,12,1791230295772948,b097ef0536bef82c:0x31f3b,0,1,0,12,1,13,4,4,0,17339,85844,10,3467,17156,934,3,32,9121
v1,13,1791230295809006,b097ef0536bef82c:0x2e610,0,1,0,13,3,9,3,0,0,2704,85844,10,545,17156,934,3,32,9121
v1,14,1791230295840569,b097ef0536bef82c:0x30a23,0,0,0,14,5,2,2,0,0,11939,85844,10,2423,17156,934,3,32,9121
v1,15,1791230295844147,b097ef0536bef82c:0x30a6b,0,0,0,15,5,1,1,0,0,12011,85844,10,2436,17156,934,3,32,9121
v1,16,1791230295852289,b097ef0536bef82c:0x33eb5,0,0,0,16,5,1,1,1,0,25397,85844,10,5069,17156,934,3,32,9121
v1,17,1791230295861175,b097ef0536bef82c:0x33ff7,0,0,0,17,5,1,0,2,0,25719,85844,10,5134,17156,934,3,32,9121
v1,18,1791230295864918,b097ef0536bef82c:0x3403e,0,0,0,18,5,1,1,1,0,25790,85844,10,5148,17156,934,3,32,9121
v1,19,1791230295868739,b097ef0536bef82c:0x34080,1,1,0,19,5,1,2,2,0,25856,85844,10,5160,17156,934,3,32,9121
v1,20,1791230295950265,b097ef0536bef82c:0x3443f,1,0,1,20,5,0,0,2,0,26815,85844,10,5352,17156,934,3,32,9121
v1,21,1791230295992547,b097ef0536bef82c:0x2fdd5,1,1,1,21,3,9,9,1,0,8789,85844,10,1796,17156,934,3,32,9121
v1,1,1791230301508705,b097ef0536bef82c:0xafb3,0,1,0,1,1,33,1,0,0,355,2272,0,70,437,23,1,0,266
v1,2,1791230301605240,b097ef0536bef82c:0xb355,0,0,0,2,1,32,2,0,0,1285,2272,0,244,437,23,1,0,266
v1,3,1791230301769700,b097ef0536bef82c:0x3344b,0,1,0,3,2,31,1,1,0,22731,85844,10,4519,17156,934,3,32,9121
v1,4,1791230301871432,b097ef0536bef82c:0x307ff,0,1,0,4,1,29,2,0,0,11391,85844,10,2312,17156,934,3,32,9121
v1,5,1791230301875046,b097ef0536bef82c:0x3b0b3,0,1,0,5,2,28,2,2,0,54579,85844,10,10975,17156,934,3,32,9121
v1,6,1791230301882715,b097ef0536bef82c:0x3f2b3,0,1,0,6,1,27,12,6,0,71475,85844,10,14356,17156,934,3,32,9121
v1,7,1791230301940153,b097ef0536bef82c:0x3bfcd,0,1,0,7,1,23,22,10,0,58445,85844,10,11723,17156,934,3,32,9121
v1,8,1791230301980424,b097ef0536bef82c:0x375bb,0,1,0,8,1,21,12,6,0,39483,85844,10,7910,17156,934,3,32,9121
v1,9,1791230301985002,b097ef0536bef82c:0x37686,0,0,0,9,1,21,4,4,0,39686,85844,10,7950,17156,934,3,32,9121
v1,10,1791230302008838,b097ef0536bef82c:0x30b0f,0,1,0,10,1,19,5,5,0,12175,85844,10,2466,17156,934,3,32,9121
v1,11,1791230302014273,b097ef0536bef82c:0x319f3,0,0,0,11,1,16,5,5,0,15987,85844,10,3202,17156,934,3,32,9121
v1,12,1791230302025128,b097ef0536bef82c:0x31f3b,0,1,0,12,1,14,4,4,0,17339,85844,10,3467,17156,934,3,32,9121
v1,13,1791230302061909,b097ef0536bef82c:0x2e610,0,0,0,13,3,10,3,0,0,2704,85844,10,545,17156,934,3,32,9121
v1,14,1791230302065250,b097ef0536bef82c:0x2e653,0,0,0,14,3,5,2,0,0,2771,85844,10,558,17156,934,3,32,9121
v1,15,1791230302068732,b097ef0536bef82c:0x2e697,0,1,0,15,3,5,38,12,0,2839,85844,10,571,17156,934,3,32,9121
v1,16,1791230302153867,b097ef0536bef82c:0x2fcff,1,0,0,16,2,0,1,1,0,8575,85844,10,1754,17156,934,3,32,9121
v1,17,1791230302204689,b097ef0536bef82c:0x5a17d,1,1,1,17,2,0,1,0,0,141,5904,0,32,1245,33,2,0,521
v1,18,1791230302216898,b097ef0536bef82c:0x2fdd5,1,1,43,18,3,10,10,1,0,8789,85844,10,1796,17156,934,3,32,9121
v1,1,1791230308038159,b097ef0536bef82c:0xafb3,0,1,0,1,1,34,1,0,0,355,2272,0,70,437,23,1,0,266
v1,2,1791230308176594,b097ef0536bef82c:0xb355,0,0,0,2,1,33,2,0,0,1285,2272,0,244,437,23,1,0,266
v1,3,1791230308339514,b097ef0536bef82c:0x3344b,0,1,0,3,2,32,1,1,0,22731,85844,10,4519,17156,934,3,32,9121
v1,4,1791230308440231,b097ef0536bef82c:0x307ff,0,1,0,4,1,30,2,0,0,11391,85844,10,2312,17156,934,3,32,9121
v1,5,1791230308444012,b097ef0536bef82c:0x3b0b3,0,1,0,5,2,29,2,2,0,54579,85844,10,10975,17156,934,3,32,9121
v1,6,1791230308451443,b097ef0536bef82c:0x3f2b3,0,1,0,6,1,28,12,6,0,71475,85844,10,14356,17156,934,3,32,9121
v1,7,1791230308508008,b097ef0536bef82c:0x3bfcd,0,1,0,7,1,24,22,10,0,58445,85844,10,11723,17156,934,3,32,9121
v1,8,1791230308547593,b097ef0536bef82c:0x375bb,0,1,0,8,1,22,12,6,0,39483,85844,10,7910,17156,934,3,32,9121
v1,9,1791230308552178,b097ef0536bef82c:0x37686,0,0,0,9,1,22,4,4,0,39686,85844,10,7950,17156,934,3,32,9121
v1,10,1791230308575378,b097ef0536bef82c:0x30b0f,0,1,0,10,1,20,5,5,0,12175,85844,10,2466,17156,934,3,32,9121
v1,11,1791230308580625,b097ef0536bef82c:0x319f3,0,1,0,11,1,17,5,5,0,15987,85844,10,3202,17156,934,3,32,9121
v1,12,1791230308592649,b097ef0536bef82c:0x3249d,0,0,0,12,1,2,2,0,0,18717,85844,10,3738,17156,934,3,32,9121
v1,13,1791230308614249,b097ef0536bef82c:0x32706,1,0,0,13,1,0,1,0,0,19334,85844,10,3856,17156,934,3,32,9121
v1,14,1791230308690939,b097ef0536bef82c:0x3289a,1,1,1,14,1,0,1,0,0,19738,85844,10,3933,17156,934,3,32,9121
v1,15,1791230308693725,b097ef0536bef82c:0x330c5,1,1,1,15,1,2,8,5,0,21829,85844,10,4342,17156,934,3,32,9121
v1,16,1791230308700500,b097ef0536bef82c:0x33185,1,0,1,16,1,2,3,3,0,22021,85844,10,4380,17156,934,3,32,9121
v1,17,1791230308709578,b097ef0536bef82c:0x31f3b,1,1,1,17,1,15,5,5,0,17339,85844,10,3467,17156,934,3,32,9121
v1,18,1791230308749391,b097ef0536bef82c:0x2e610,1,0,1,18,3,11,4,0,0,2704,85844,10,545,17156,934,3,32,9121
v1,19,1791230308755857,b097ef0536bef82c:0x2e653,1,0,1,19,3,6,3,0,0,2771,85844,10,558,17156,934,3,32,9121
v1,20,1791230308760992,b097ef0536bef82c:0x2e697,1,0,2,20,3,6,39,12,0,2839,85844,10,571,17156,934,3,32,9121
v1,21,1791230308799373,b097ef0536bef82c:0x2fdd5,1,0,3,21,3,11,11,1,0,8789,85844,10,1796,17156,934,3,32,9121
v1,1,1791230313732210,b097ef0536bef82c:0xafb3,0,1,0,1,1,35,1,0,0,355,2272,0,70,437,23,1,0,266
v1,2,1791230313794930,b097ef0536bef82c:0xb355,0,0,0,2,1,34,2,0,0,1285,2272,0,244,437,23,1,0,266
v1,3,1791230313956892,b097ef0536bef82c:0x3344b,0,1,0,3,2,33,1,1,0,22731,85844,10,4519,17156,934,3,32,9121
v1,4,1791230314057577,b097ef0536bef82c:0x307ff,0,1,0,4,1,31,2,0,0,11391,85844,10,2312,17156,934,3,32,9121
v1,5,1791230314061349,b097ef0536bef82c:0x3b0b3,0,1,0,5,2,30,2,2,0,54579,85844,10,10975,17156,934,3,32,9121
v1,6,1791230314068835,b097ef0536bef82c:0x3f2b3,0,1,0,6,1,29,12,6,0,71475,85844,10,14356,17156,934,3,32,9121
v1,7,1791230314125652,b097ef0536bef82c:0x3bfcd,0,1,0,7,1,25,22,10,0,58445,85844,10,11723,17156,934,3,32,9121
v1,8,1791230314165480,b097ef0536bef82c:0x375bb,0,1,0,8,1,23,12,6,0,39483,85844,10,7910,17156,934,3,32,9121
v1,9,1791230314170072,b097ef0536bef82c:0x37686,0,0,0,9,1,23,4,4,0,39686,85844,10,7950,17156,934,3,32,9121
v1,10,1791230314193692,b097ef0536bef82c:0x30b0f,0,1,0,10,1,21,5,5,0,12175,85844,10,2466,17156,934,3,32,9121
v1,11,1791230314199050,b097ef0536bef82c:0x319f3,0,0,0,11,1,18,5,5,0,15987,85844,10,3202,17156,934,3,32,9121
v1,12,1791230314209754,b097ef0536bef82c:0x31f3b,0,1,0,12,1,16,5,5,0,17339,85844,10,3467,17156,934,3,32,9121
v1,13,1791230314246106,b097ef0536bef82c:0x2e610,0,1,0,13,3,12,4,0,0,2704,85844,10,545,17156,934,3,32,9121
v1,14,1791230314277326,b097ef0536bef82c:0x30a23,0,0,0,14,5,3,2,0,0,11939,85844,10,2423,17156,934,3,32,9121
v1,15,1791230314281306,b097ef0536bef82c:0x30a6b,1,1,0,15,5,2,2,0,0,12011,85844,10,2436,17156,934,3,32,9121
v1,16,1791230314335233,b097ef0536bef82c:0x2fdd5,1,1,7,16,3,12,12,1,0,8789,85844,10,1796,17156,934,3,32,9121
v1,1,1791230319464250,b097ef0536bef82c:0xafb3,0,1,0,1,1,36,1,0,0,355,2272,0,70,437,23,1,0,266
v1,2,1791230319557800,b097ef0536bef82c:0xb355,0,0,0,2,1,35,2,0,0,1285,2272,0,244,437,23,1,0,266
v1,3,1791230319720859,b097ef0536bef82c:0x3344b,0,1,0,3,2,34,1,1,0,22731,85844,10,4519,17156,934,3,32,9121
v1,4,1791230319821988,b097ef0536bef82c:0x307ff,0,1,0,4,1,32,2,0,0,11391,85844,10,2312,17156,934,3,32,9121
v1,5,1791230319825876,b097ef0536bef82c:0x3b0b3,0,1,0,5,2,31,2,2,0,54579,85844,10,10975,17156,934,3,32,9121
v1,6,1791230319833430,b097ef0536bef82c:0x3f2b3,0,1,0,6,1,30,12,6,0,71475,85844,10,14356,17156,934,3,32,9121
v1,7,1791230319890616,b097ef0536bef82c:0x3bfcd,0,1,0,7,1,26,22,10,0,58445,85844,10,11723,17156,934,3,32,9121
v1,8,1791230319930044,b097ef0536bef82c:0x375bb,0,1,0,8,1,24,12,6,0,39483,85844,10,7910,17156,934,3,32,9121
v1,9,1791230319934650,b097ef0536bef82c:0x37686,0,0,0,9,1,24,4,4,0,39686,85844,10,7950,17156,934,3,32,9121
v1,10,1791230319958300,b097ef0536bef82c:0x30b0f,0,1,0,10,1,22,5,5,0,12175,85844,10,2466,17156,934,3,32,9121
v1,11,1791230319963654,b097ef0536bef82c:0x319f3,0,0,0,11,1,19,5,5,0,15987,85844,10,3202,17156,934,3,32,9121
v1,12,1791230319974366,b097ef0536bef82c:0x31f3b,0,1,0,12,1,17,5,5,0,17339,85844,10,3467,17156,934,3,32,9121
v1,13,1791230320010827,b097ef0536bef82c:0x2e610,0,0,0,13,3,13,4,0,0,2704,85844,10,545,17156,934,3,32,9121
v1,14,1791230320014163,b097ef0536bef82c:0x2e653,0,0,0,14,3,7,3,0,0,2771,85844,10,558,17156,934,3,32,9121
v1,15,1791230320017611,b097ef0536bef82c:0x2e697,0,1,0,15,3,7,39,12,0,2839,85844,10,571,17156,934,3,32,9121
v1,16,1791230320186507,b097ef0536bef82c:0x2fcff,0,0,0,16,2,1,1,1,0,8575,85844,10,1754,17156,934,3,32,9121
v1,17,1791230320190443,b097ef0536bef82c:0x5a17d,0,1,0,17,2,1,1,2,0,141,5904,0,32,1245,33,2,0,521
v1,18,1791230320198419,b097ef0536bef82c:0x2fdd5,0,1,0,18,3,13,12,1,0,8789,85844,10,1796,17156,934,3,32,9121
v1,1,1791230326197370,b097ef0536bef82c:0xafb3,0,1,0,1,1,37,1,0,0,355,2272,0,70,437,23,1,0,266
v1,2,1791230326321982,b097ef0536bef82c:0xb355,0,0,0,2,1,36,2,0,0,1285,2272,0,244,437,23,1,0,266
v1,3,1791230326486216,b097ef0536bef82c:0x3344b,0,1,0,3,2,35,1,1,0,22731,85844,10,4519,17156,934,3,32,9121
v1,4,1791230326588021,b097ef0536bef82c:0x307ff,0,1,0,4,1,33,2,0,0,11391,85844,10,2312,17156,934,3,32,9121
v1,5,1791230326591837,b097ef0536bef82c:0x3b0b3,0,1,0,5,2,32,2,2,0,54579,85844,10,10975,17156,934,3,32,9121
v1,6,1791230326599434,b097ef0536bef82c:0x3f2b3,0,1,0,6,1,31,12,6,0,71475,85844,10,14356,17156,934,3,32,9121
v1,7,1791230326656721,b097ef0536bef82c:0x3bfcd,0,1,0,7,1,27,22,10,0,58445,85844,10,11723,17156,934,3,32,9121
v1,8,1791230326696371,b097ef0536bef82c:0x375bb,0,1,0,8,1,25,12,6,0,39483,85844,10,7910,17156,934,3,32,9121
v1,9,1791230326700931,b097ef0536bef82c:0x37686,0,0,0,9,1,25,4,4,0,39686,85844,10,7950,17156,934,3,32,9121
v1,10,1791230326724576,b097ef0536bef82c:0x30b0f,0,1,0,10,1,23,5,5,0,12175,85844,10,2466,17156,934,3,32,9121
v1,11,1791230326729908,b097ef0536bef82c:0x319f3,0,0,0,11,1,20,5,5,0,15987,85844,10,3202,17156,934,3,32,9121
v1,12,1791230326740625,b097ef0536bef82c:0x31f3b,0,1,0,12,1,18,5,5,0,17339,85844,10,3467,17156,934,3,32,9121
v1,13,1791230326776934,b097ef0536bef82c:0x2e610,0,0,0,13,3,14,4,0,0,2704,85844,10,545,17156,934,3,32,9121
v1,14,1791230326780275,b097ef0536bef82c:0x2e653,0,0,0,14,3,8,3,0,0,2771,85844,10,558,17156,934,3,32,9121
v1,15,1791230326783747,b097ef0536bef82c:0x2e697,0,0,0,15,3,8,39,12,0,2839,85844,10,571,17156,934,3,32,9121
v1,16,1791230326841740,b097ef0536bef82c:0x2fdd5,0,1,0,16,3,14,12,1,0,8789,85844,10,1796,17156,934,3,32,9121
v1,1,1791230331485855,b097ef0536bef82c:0xafb3,0,1,0,1,1,38,1,0,0,355,2272,0,70,437,23,1,0,266
v1,2,1791230331527731,b097ef0536bef82c:0xb355,0,0,0,2,1,37,2,0,0,1285,2272,0,244,437,23,1,0,266
v1,3,1791230331691849,b097ef0536bef82c:0x3344b,0,1,0,3,2,36,1,1,0,22731,85844,10,4519,17156,934,3,32,9121
v1,4,1791230331793250,b097ef0536bef82c:0x307ff,0,1,0,4,1,34,2,0,0,11391,85844,10,2312,17156,934,3,32,9121
v1,5,1791230331797049,b097ef0536bef82c:0x3b0b3,0,1,0,5,2,33,2,2,0,54579,85844,10,10975,17156,934,3,32,9121
v1,6,1791230331804524,b097ef0536bef82c:0x3f2b3,0,1,0,6,1,32,12,6,0,71475,85844,10,14356,17156,934,3,32,9121
v1,7,1791230331861410,b097ef0536bef82c:0x3bfcd,0,1,0,7,1,28,22,10,0,58445,85844,10,11723,17156,934,3,32,9121
v1,8,1791230331901312,b097ef0536bef82c:0x375bb,0,1,0,8,1,26,12,6,0,39483,85844,10,7910,17156,934,3,32,9121
v1,9,1791230331905898,b097ef0536bef82c:0x37686,0,0,0,9,1,26,4,4,0,39686,85844,10,7950,17156,934,3,32,9121
v1,10,1791230331929582,b097ef0536bef82c:0x30b0f,0,1,0,10,1,24,5,5,0,12175,85844,10,2466,17156,934,3,32,9121
v1,11,1791230331934912,b097ef0536bef82c:0x319f3,0,0,0,11,1,21,5,5,0,15987,85844,10,3202,17156,934,3,32,9121
v1,12,1791230331945781,b097ef0536bef82c:0x31f3b,0,1,0,12,1,19,5,5,0,17339,85844,10,3467,17156,934,3,32,9121
v1,13,1791230331982216,b097ef0536bef82c:0x2e610,0,1,0,13,3,15,4,0,0,2704,85844,10,545,17156,934,3,32,9121
v1,14,1791230332013688,b097ef0536bef82c:0x30a23,0,0,0,14,5,4,2,0,0,11939,85844,10,2423,17156,934,3,32,9121
v1,15,1791230332017351,b097ef0536bef82c:0x30a6b,0,0,0,15,5,3,2,0,0,12011,85844,10,2436,17156,934,3,32,9121
v1,16,1791230332025549,b097ef0536bef82c:0x33eb5,0,0,0,16,5,2,1,1,0,25397,85844,10,5069,17156,934,3,32,9121
v1,17,1791230332034503,b097ef0536bef82c:0x33ff7,0,0,0,17,5,2,0,2,0,25719,85844,10,5134,17156,934,3,32,9121
v1,18,1791230332038064,b097ef0536bef82c:0x3403e,0,0,0,18,5,2,1,1,0,25790,85844,10,5148,17156,934,3,32,9121
v1,19,1791230332041418,b097ef0536bef82c:0x34080,0,0,0,19,5,2,2,2,0,25856,85844,10,5160,17156,934,3,32,9121
v1,20,1791230332075389,b097ef0536bef82c:0x3443f,1,1,0,20,5,1,1,2,0,26815,85844,10,5352,17156,934,3,32,9121
v1,21,1791230332439932,b097ef0536bef82c:0x2fdd5,1,1,40,21,3,15,13,1,0,8789,85844,10,1796,17156,934,3,32,9121
v1,1,1791230337997489,b097ef0536bef82c:0xafb3,0,1,0,1,1,39,1,0,0,355,2272,0,70,437,23,1,0,266
v1,2,1791230338101723,b097ef0536bef82c:0xb355,0,0,0,2,1,38,2,0,0,1285,2272,0,244,437,23,1,0,266
v1,3,1791230338264616,b097ef0536bef82c:0x3344b,0,1,0,3,2,37,1,1,0,22731,85844,10,4519,17156,934,3,32,9121
v1,4,1791230338365791,b097ef0536bef82c:0x307ff,0,1,0,4,1,35,2,0,0,11391,85844,10,2312,17156,934,3,32,9121
v1,5,1791230338369649,b097ef0536bef82c:0x3b0b3,0,1,0,5,2,34,2,2,0,54579,85844,10,10975,17156,934,3,32,9121
v1,6,1791230338377222,b097ef0536bef82c:0x3f2b3,0,1,0,6,1,33,12,6,0,71475,85844,10,14356,17156,934,3,32,9121
v1,7,1791230338434295,b097ef0536bef82c:0x3bfcd,0,1,0,7,1,29,22,10,0,58445,85844,10,11723,17156,934,3,32,9121
v1,8,1791230338474211,b097ef0536bef82c:0x375bb,0,1,0,8,1,27,12,6,0,39483,85844,10,7910,17156,934,3,32,9121
v1,9,1791230338478938,b097ef0536bef82c:0x37686,0,0,0,9,1,27,4,4,0,39686,85844,10,7950,17156,934,3,32,9121
v1,10,1791230338502558,b097ef0536bef82c:0x30b0f,0,1,0,10,1,25,5,5,0,12175,85844,10,2466,17156,934,3,32,9121
v1,11,1791230338507950,b097ef0536bef82c:0x319f3,0,0,0,11,1,22,5,5,0,15987,85844,10,3202,17156,934,3,32,9121
v1,12,1791230338518627,b097ef0536bef82c:0x31f3b,0,1,0,12,1,20,5,5,0,17339,85844,10,3467,17156,934,3,32,9121
v1,13,1791230338555095,b097ef0536bef82c:0x2e610,0,1,0,13,3,16,4,0,0,2704,85844,10,545,17156,934,3,32,9121
v1,14,1791230338586419,b097ef0536bef82c:0x30a23,0,0,0,14,5,5,2,0,0,11939,85844,10,2423,17156,934,3,32,9121
v1,15,1791230338590014,b097ef0536bef82c:0x30a6b,0,0,0,15,5,4,2,0,0,12011,85844,10,2436,17156,934,3,32,9121
v1,16,1791230338598139,b097ef0536bef82c:0x33eb5,0,0,0,16,5,3,1,1,0,25397,85844,10,5069,17156,934,3,32,9121
v1,17,1791230338606920,b097ef0536bef82c:0x33ff7,0,0,0,17,5,3,0,2,0,25719,85844,10,5134,17156,934,3,32,9121
v1,18,1791230338610761,b097ef0536bef82c:0x3403e,0,0,0,18,5,3,1,1,0,25790,85844,10,5148,17156,934,3,32,9121
v1,19,1791230338614320,b097ef0536bef82c:0x34080,0,0,0,19,5,3,2,2,0,25856,85844,10,5160,17156,934,3,32,9121
v1,20,1791230338647818,b097ef0536bef82c:0x3443f,1,0,0,20,5,2,31,10,0,26815,85844,10,5352,17156,934,3,32,9121
v1,21,1791230338750757,b097ef0536bef82c:0x2fdd5,1,0,26,21,3,16,14,1,0,8789,85844,10,1796,17156,934,3,32,9121
v1,1,1791230344703857,b097ef0536bef82c:0xafb3,0,1,0,1,1,40,1,0,0,355,2272,0,70,437,23,1,0,266
v1,2,1791230344833305,b097ef0536bef82c:0xb355,0,0,0,2,1,39,2,0,0,1285,2272,0,244,437,23,1,0,266
v1,3,1791230344996622,b097ef0536bef82c:0x3344b,0,1,0,3,2,38,1,1,0,22731,85844,10,4519,17156,934,3,32,9121
v1,4,1791230345098446,b097ef0536bef82c:0x307ff,0,1,0,4,1,36,2,0,0,11391,85844,10,2312,17156,934,3,32,9121
v1,5,1791230345102294,b097ef0536bef82c:0x3b0b3,0,1,0,5,2,35,2,2,0,54579,85844,10,10975,17156,934,3,32,9121
v1,6,1791230345110035,b097ef0536bef82c:0x3f2b3,0,0,0,6,1,34,12,6,0,71475,85844,10,14356,17156,934,3,32,9121
v1,7,1791230345176069,b097ef0536bef82c:0x3bfcd,0,0,0,7,1,30,22,10,0,58445,85844,10,11723,17156,934,3,32,9121
v1,8,1791230345243860,b097ef0536bef82c:0x375bb,0,0,0,8,1,28,12,6,0,39483,85844,10,7910,17156,934,3,32,9121
v1,9,1791230345255194,b097ef0536bef82c:0x37686,0,0,0,9,1,28,4,4,0,39686,85844,10,7950,17156,934,3,32,9121
v1,10,1791230345278517,b097ef0536bef82c:0x30b0f,0,1,0,10,1,26,5,5,0,12175,85844,10,2466,17156,934,3,32,9121
v1,11,1791230345283821,b097ef0536bef82c:0x319f3,0,1,0,11,1,23,5,5,0,15987,85844,10,3202,17156,934,3,32,9121
v1,12,1791230345296021,b097ef0536bef82c:0x3249d,1,0,0,12,1,3,3,0,0,18717,85844,10,3738,17156,934,3,32,9121
v1,13,1791230345373126,b097ef0536bef82c:0x32c46,1,0,1,13,1,0,1,0,0,20678,85844,10,4114,17156,934,3,32,9121
v1,14,1791230345382817,b097ef0536bef82c:0x32daf,1,0,1,14,1,0,1,0,0,21039,85844,10,4186,17156,934,3,32,9121
v1,15,1791230345392218,b097ef0536bef82c:0x32f17,1,0,1,15,1,0,1,0,0,21399,85844,10,4258,17156,934,3,32,9121
v1,16,1791230345401895,b097ef0536bef82c:0x3307f,1,0,1,16,1,0,1,0,0,21759,85844,10,4329,17156,934,3,32,9121
v1,17,1791230345407329,b097ef0536bef82c:0x330c5,1,0,1,17,1,3,9,6,0,21829,85844,10,4342,17156,934,3,32,9121
v1,18,1791230345651567,b097ef0536bef82c:0x33185,1,0,1,18,1,3,4,4,0,22021,85844,10,4380,17156,934,3,32,9121
v1,19,1791230345661752,b097ef0536bef82c:0x31f3b,1,0,1,19,1,21,6,6,0,17339,85844,10,3467,17156,934,3,32,9121
v1,1,1791230351459586,b097ef0536bef82c:0xafb3,0,1,0,1,1,41,1,0,0,355,2272,0,70,437,23,1,0,266
v1,2,1791230351540967,b097ef0536bef82c:0xb355,0,0,0,2,1,40,2,0,0,1285,2272,0,244,437,23,1,0,266
v1,3,1791230351703577,b097ef0536bef82c:0x3344b,0,1,0,3,2,39,1,1,0,22731,85844,10,4519,17156,934,3,32,9121
v1,4,1791230351804488,b097ef0536bef82c:0x307ff,0,1,0,4,1,37,2,0,0,11391,85844,10,2312,17156,934,3,32,9121
v1,5,1791230351808289,b097ef0536bef82c:0x3b0b3,0,1,0,5,2,36,2,2,0,54579,85844,10,10975,17156,934,3,32,9121
v1,6,1791230351815827,b097ef0536bef82c:0x3f2b3,0,0,0,6,1,35,12,6,0,71475,85844,10,14356,17156,934,3,32,9121
v1,7,1791230351881894,b097ef0536bef82c:0x3bfcd,0,0,0,7,1,31,22,10,0,58445,85844,10,11723,17156,934,3,32,9121
v1,8,1791230351949423,b097ef0536bef82c:0x375bb,0,0,0,8,1,29,12,6,0,39483,85844,10,7910,17156,934,3,32,9121
v1,9,1791230351960621,b097ef0536bef82c:0x37686,0,0,0,9,1,29,4,4,0,39686,85844,10,7950,17156,934,3,32,9121
v1,10,1791230351984376,b097ef0536bef82c:0x30b0f,0,0,0,10,1,27,5,5,0,12175,85844,10,2466,17156,934,3,32,9121
v1,11,1791230351996296,b097ef0536bef82c:0x30cbd,0,0,0,11,1,4,3,0,0,12605,85844,10,2549,17156,934,3,32,9121
v1,12,1791230352011935,b097ef0536bef82c:0x31466,1,1,0,12,1,0,1,0,0,14566,85844,10,2924,17156,934,3,32,9121
v1,13,1791230352054329,b097ef0536bef82c:0x318e5,1,1,1,13,1,4,29,9,0,15717,85844,10,3151,17156,934,3,32,9121
v1,14,1791230352112926,b097ef0536bef82c:0x31965,1,0,1,14,1,4,5,5,0,15845,85844,10,3176,17156,934,3,32,9121
v1,15,1791230352123798,b097ef0536bef82c:0x319f3,1,0,1,15,1,24,6,6,0,15987,85844,10,3202,17156,934,3,32,9121
v1,16,1791230352138846,b097ef0536bef82c:0x31f3b,1,0,1,16,1,22,7,7,0,17339,85844,10,3467,17156,934,3,32,9121
v1,17,1791230352171569,b097ef0536bef82c:0x3a278,1,0,1,17,3,1,2,0,0,50936,85844,10,10241,17156,934,3,32,9121
v1,1,1791230357113030,b097ef0536bef82c:0xafb3,0,1,0,1,1,42,1,0,0,355,2272,0,70,437,23,1,0,266
v1,2,1791230357183498,b097ef0536bef82c:0xb355,0,0,0,2,1,41,2,0,0,1285,2272,0,244,437,23,1,0,266
v1,3,1791230357345875,b097ef0536bef82c:0x3344b,0,1,0,3,2,40,1,1,0,22731,85844,10,4519,17156,934,3,32,9121
v1,4,1791230357446321,b097ef0536bef82c:0x307ff,0,1,0,4,1,38,2,0,0,11391,85844,10,2312,17156,934,3,32,9121
v1,5,1791230357450146,b097ef0536bef82c:0x3b0b3,0,1,0,5,2,37,2,2,0,54579,85844,10,10975,17156,934,3,32,9121
v1,6,1791230357457644,b097ef0536bef82c:0x3f2b3,0,1,0,6,1,36,12,6,0,71475,85844,10,14356,17156,934,3,32,9121
v1,7,1791230357514184,b097ef0536bef82c:0x3bfcd,0,1,0,7,1,32,22,10,0,58445,85844,10,11723,17156,934,3,32,9121
v1,8,1791230357553474,b097ef0536bef82c:0x375bb,0,1,0,8,1,30,12,6,0,39483,85844,10,7910,17156,934,3,32,9121
v1,9,1791230357557987,b097ef0536bef82c:0x37686,0,0,0,9,1,30,4,4,0,39686,85844,10,7950,17156,934,3,32,9121
v1,10,1791230357581195,b097ef0536bef82c:0x30b0f,0,1,0,10,1,28,5,5,0,12175,85844,10,2466,17156,934,3,32,9121
v1,11,1791230357586400,b097ef0536bef82c:0x319f3,0,0,0,11,1,25,6,6,0,15987,85844,10,3202,17156,934,3,32,9121
v1,12,1791230357596910,b097ef0536bef82c:0x31f3b,0,1,0,12,1,23,7,7,0,17339,85844,10,3467,17156,934,3,32,9121
v1,13,1791230357632315,b097ef0536bef82c:0x2e610,0,1,0,13,3,17,4,0,0,2704,85844,10,545,17156,934,3,32,9121
v1,14,1791230357663224,b097ef0536bef82c:0x30a23,0,0,0,14,5,6,2,0,0,11939,85844,10,2423,17156,934,3,32,9121
v1,15,1791230357666804,b097ef0536bef82c:0x30a6b,0,0,0,15,5,5,2,0,0,12011,85844,10,2436,17156,934,3,32,9121
v1,16,1791230357674897,b097ef0536bef82c:0x33eb5,0,0,0,16,5,4,1,1,0,25397,85844,10,5069,17156,934,3,32,9121
v1,17,1791230357683804,b097ef0536bef82c:0x33ff7,0,0,0,17,5,4,0,2,0,25719,85844,10,5134,17156,934,3,32,9121
v1,18,1791230357687687,b097ef0536bef82c:0x3403e,1,1,0,18,5,4,2,2,0,25790,85844,10,5148,17156,934,3,32,9121
v1,19,1791230357734066,b097ef0536bef82c:0x3443f,1,0,1,19,5,3,31,12,0,26815,85844,10,5352,17156,934,3,32,9121
v1,20,1791230357773660,b097ef0536bef82c:0x3443f,1,0,1,20,5,4,32,12,0,26815,85844,10,5352,17156,934,3,32,9121
v1,21,1791230357802897,b097ef0536bef82c:0x2fdd5,1,1,24,21,3,17,15,1,0,8789,85844,10,1796,17156,934,3,32,9121
v1,1,1791230363338449,b097ef0536bef82c:0xafb3,0,1,0,1,1,43,1,0,0,355,2272,0,70,437,23,1,0,266
v1,2,1791230363441130,b097ef0536bef82c:0xb355,0,0,0,2,1,42,2,0,0,1285,2272,0,244,437,23,1,0,266
v1,3,1791230363603966,b097ef0536bef82c:0x3344b,0,1,0,3,2,41,1,1,0,22731,85844,10,4519,17156,934,3,32,9121
v1,4,1791230363705359,b097ef0536bef82c:0x307ff,0,1,0,4,1,39,2,0,0,11391,85844,10,2312,17156,934,3,32,9121
v1,5,1791230363709140,b097ef0536bef82c:0x3b0b3,0,1,0,5,2,38,2,2,0,54579,85844,10,10975,17156,934,3,32,9121
v1,6,1791230363716670,b097ef0536bef82c:0x3f2b3,0,1,0,6,1,37,12,6,0,71475,85844,10,14356,17156,934,3,32,9121
v1,7,1791230363773786,b097ef0536bef82c:0x3bfcd,0,1,0,7,1,33,22,10,0,58445,85844,10,11723,17156,934,3,32,9121
v1,8,1791230363813623,b097ef0536bef82c:0x375bb,0,1,0,8,1,31,12,6,0,39483,85844,10,7910,17156,934,3,32,9121
v1,9,1791230363818260,b097ef0536bef82c:0x37686,0,0,0,9,1,31,4,4,0,39686,85844,10,7950,17156,934,3,32,9121
v1,10,1791230363841894,b097ef0536bef82c:0x30b0f,0,1,0,10,1,29,5,5,0,12175,85844,10,2466,17156,934,3,32,9121
v1,11,1791230363847227,b097ef0536bef82c:0x319f3,0,0,0,11,1,26,6,6,0,15987,85844,10,3202,17156,934,3,32,9121
v1,12,1791230363857917,b097ef0536bef82c:0x31f3b,0,1,0,12,1,24,7,7,0,17339,85844,10,3467,17156,934,3,32,9121
v1,13,1791230363893934,b097ef0536bef82c:0x2e610,0,1,0,13,3,18,4,0,0,2704,85844,10,545,17156,934,3,32,9121
v1,14,1791230363925313,b097ef0536bef82c:0x30a23,0,0,0,14,5,7,2,0,0,11939,85844,10,2423,17156,934,3,32,9121
v1,15,1791230363929032,b097ef0536bef82c:0x30a6b,0,0,0,15,5,6,2,0,0,12011,85844,10,2436,17156,934,3,32,9121
v1,16,1791230363937177,b097ef0536bef82c:0x33eb5,0,0,0,16,5,5,1,1,0,25397,85844,10,5069,17156,934,3,32,9121
v1,17,1791230363946219,b097ef0536bef82c:0x33ff7,0,0,0,17,5,5,0,2,0,25719,85844,10,5134,17156,934,3,32,9121
v1,18,1791230363949987,b097ef0536bef82c:0x3403e,0,0,0,18,5,5,2,2,0,25790,85844,10,5148,17156,934,3,32,9121
v1,19,1791230363953389,b097ef0536bef82c:0x34080,0,1,0,19,5,4,2,2,0,25856,85844,10,5160,17156,934,3,32,9121
v1,20,1791230363978363,b097ef0536bef82c:0x3443f,0,0,0,20,5,5,32,12,0,26815,85844,10,5352,17156,934,3,32,9121
v1,21,1791230364008442,b097ef0536bef82c:0x3443f,0,0,0,21,5,6,32,12,0,26815,85844,10,5352,17156,934,3,32,9121
v1,22,1791230364032905,b097ef0536bef82c:0x2fdd5,0,1,0,22,3,18,15,1,0,8789,85844,10,1796,17156,934,3,32,9121
v1,1,1791230368416236,b097ef0536bef82c:0xafb3,0,1,0,1,1,44,1,0,0,355,2272,0,70,437,23,1,0,266
v1,2,1791230368436845,b097ef0536bef82c:0xb355,0,0,0,2,1,43,2,0,0,1285,2272,0,244,437,23,1,0,266
v1,3,1791230368599689,b097ef0536bef82c:0x3344b,0,1,0,3,2,42,1,1,0,22731,85844,10,4519,17156,934,3,32,9121
v1,4,1791230368700581,b097ef0536bef82c:0x307ff,0,1,0,4,1,40,2,0,0,11391,85844,10,2312,17156,934,3,32,9121
v1,5,1791230368704445,b097ef0536bef82c:0x3b0b3,0,1,0,5,2,39,2,2,0,54579,85844,10,10975,17156,934,3,32,9121
v1,6,1791230368711936,b097ef0536bef82c:0x3f2b3,0,1,0,6,1,38,12,6,0,71475,85844,10,14356,17156,934,3,32,9121
v1,7,1791230368769066,b097ef0536bef82c:0x3bfcd,0,1,0,7,1,34,22,10,0,58445,85844,10,11723,17156,934,3,32,9121
v1,8,1791230368808785,b097ef0536bef82c:0x375bb,0,1,0,8,1,32,12,6,0,39483,85844,10,7910,17156,934,3,32,9121
v1,9,1791230368813456,b097ef0536bef82c:0x37686,0,1,0,9,1,32,4,4,0,39686,85844,10,7950,17156,934,3,32,9121
v1,10,1791230368850041,b097ef0536bef82c:0x3c1db,1,1,0,10,1,2,12,6,0,58971,85844,10,11828,17156,934,3,32,9121
v1,11,1791230368871397,b097ef0536bef82c:0x36cfe,1,0,1,11,2,2,2,2,0,37246,85844,10,7460,17156,934,3,32,9121
v1,12,1791230369068976,b097ef0536bef82c:0x36d48,1,1,1,12,4,2,1,2,0,37320,85844,10,7475,17156,934,3,32,9121
v1,13,1791230369081044,b097ef0536bef82c:0x36ed3,1,1,1,13,1,0,1,1,0,37715,85844,10,7555,17156,934,3,32,9121
v1,14,1791230369092209,b097ef0536bef82c:0x36fdb,1,1,1,14,4,2,2,1,0,37979,85844,10,7607,17156,934,3,32,9121
v1,1,1791230374492987,b097ef0536bef82c:0xafb3,0,1,0,1,1,45,1,0,0,355,2272,0,70,437,23,1,0,266
v1,2,1791230374591465,b097ef0536bef82c:0xb355,0,0,0,2,1,44,2,0,0,1285,2272,0,244,437,23,1,0,266
v1,3,1791230374752643,b097ef0536bef82c:0x3344b,0,1,0,3,2,43,1,1,0,22731,85844,10,4519,17156,934,3,32,9121
v1,4,1791230374852693,b097ef0536bef82c:0x307ff,0,1,0,4,1,41,2,0,0,11391,85844,10,2312,17156,934,3,32,9121
v1,5,1791230374856555,b097ef0536bef82c:0x3b0b3,0,1,0,5,2,40,2,2,0,54579,85844,10,10975,17156,934,3,32,9121
v1,6,1791230374864278,b097ef0536bef82c:0x3f2b3,0,1,0,6,1,39,12,6,0,71475,85844,10,14356,17156,934,3,32,9121
v1,7,1791230374922114,b097ef0536bef82c:0x3bfcd,0,1,0,7,1,35,22,10,0,58445,85844,10,11723,17156,934,3,32,9121
v1,8,1791230374961941,b097ef0536bef82c:0x375bb,0,1,0,8,1,33,12,6,0,39483,85844,10,7910,17156,934,3,32,9121
v1,9,1791230374966538,b097ef0536bef82c:0x37686,0,0,0,9,1,33,4,4,0,39686,85844,10,7950,17156,934,3,32,9121
v1,10,1791230374990010,b097ef0536bef82c:0x30b0f,0,1,0,10,1,30,5,5,0,12175,85844,10,2466,17156,934,3,32,9121
v1,11,1791230374995269,b097ef0536bef82c:0x319f3,0,0,0,11,1,27,6,6,0,15987,85844,10,3202,17156,934,3,32,9121
v1,12,1791230375005791,b097ef0536bef82c:0x31f3b,0,1,0,12,1,25,7,7,0,17339,85844,10,3467,17156,934,3,32,9121
v1,13,1791230375041940,b097ef0536bef82c:0x2e610,0,0,0,13,3,19,4,0,0,2704,85844,10,545,17156,934,3,32,9121
v1,14,1791230375045455,b097ef0536bef82c:0x2e653,0,0,0,14,3,9,3,0,0,2771,85844,10,558,17156,934,3,32,9121
v1,15,1791230375048968,b097ef0536bef82c:0x2e697,0,1,0,15,3,9,39,12,0,2839,85844,10,571,17156,934,3,32,9121
v1,16,1791230375094099,b097ef0536bef82c:0x2e4e2,0,1,0,16,3,1,1,0,0,2402,85844,10,482,17156,934,3,32,9121
v1,17,1791230375151370,b097ef0536bef82c:0x36b15,1,1,0,17,2,0,1,1,0,36757,85844,10,7360,17156,934,3,32,9121
v1,18,1791230375201690,b097ef0536bef82c:0x36bc4,1,1,1,18,10,0,1,0,0,36932,85844,10,7398,17156,934,3,32,9121
v1,19,1791230375222924,b097ef0536bef82c:0x31b66,1,0,58,19,2,0,1,1,0,16358,85844,10,3272,17156,934,3,32,9121
v1,20,1791230375253100,b097ef0536bef82c:0x2fdd5,1,1,1,20,3,19,16,2,0,8789,85844,10,1796,17156,934,3,32,9121
v1,1,1791230380167954,b097ef0536bef82c:0xafb3,0,1,0,1,1,46,1,0,0,355,2272,0,70,437,23,1,0,266
v1,2,1791230380235162,b097ef0536bef82c:0xb355,0,0,0,2,1,45,2,0,0,1285,2272,0,244,437,23,1,0,266
v1,3,1791230380398017,b097ef0536bef82c:0x3344b,0,1,0,3,2,44,1,1,0,22731,85844,10,4519,17156,934,3,32,9121
v1,4,1791230380498295,b097ef0536bef82c:0x307ff,0,1,0,4,1,42,2,0,0,11391,85844,10,2312,17156,934,3,32,9121
v1,5,1791230380502125,b097ef0536bef82c:0x3b0b3,0,1,0,5,2,41,2,2,0,54579,85844,10,10975,17156,934,3,32,9121
v1,6,1791230380509653,b097ef0536bef82c:0x3f2b3,0,1,0,6,1,40,12,6,0,71475,85844,10,14356,17156,934,3,32,9121
v1,7,1791230380568066,b097ef0536bef82c:0x3bfcd,0,1,0,7,1,36,22,10,0,58445,85844,10,11723,17156,934,3,32,9121
v1,8,1791230380607350,b097ef0536bef82c:0x375bb,0,1,0,8,1,34,12,6,0,39483,85844,10,7910,17156,934,3,32,9121
v1,9,1791230380611973,b097ef0536bef82c:0x37686,0,0,0,9,1,34,4,4,0,39686,85844,10,7950,17156,934,3,32,9121
v1,10,1791230380635462,b097ef0536bef82c:0x30b0f,0,1,0,10,1,31,5,5,0,12175,85844,10,2466,17156,934,3,32,9121
v1,11,1791230380640752,b097ef0536bef82c:0x319f3,0,0,0,11,1,28,6,6,0,15987,85844,10,3202,17156,934,3,32,9121
v1,12,1791230380651361,b097ef0536bef82c:0x31f3b,0,1,0,12,1,26,7,7,0,17339,85844,10,3467,17156,934,3,32,9121
v1,13,1791230380687575,b097ef0536bef82c:0x2e610,0,1,0,13,3,20,4,0,0,2704,85844,10,545,17156,934,3,32,9121
v1,14,1791230380718650,b097ef0536bef82c:0x30a23,0,0,0,14,5,8,2,0,0,11939,85844,10,2423,17156,934,3,32,9121
v1,15,1791230380722196,b097ef0536bef82c:0x30a6b,0,0,0,15,5,7,2,0,0,12011,85844,10,2436,17156,934,3,32,9121
v1,16,1791230380730292,b097ef0536bef82c:0x33eb5,0,0,0,16,5,6,1,1,0,25397,85844,10,5069,17156,934,3,32,9121
v1,17,1791230380739192,b097ef0536bef82c:0x33ff7,0,0,0,17,5,6,0,2,0,25719,85844,10,5134,17156,934,3,32,9121
v1,18,1791230380742787,b097ef0536bef82c:0x3403e,0,0,0,18,5,6,2,2,0,25790,85844,10,5148,17156,934,3,32,9121
v1,19,1791230380746094,b097ef0536bef82c:0x34080,0,0,0,19,5,5,2,2,0,25856,85844,10,5160,17156,934,3,32,9121
v1,20,1791230380779188,b097ef0536bef82c:0x3443f,0,1,0,20,5,7,32,12,0,26815,85844,10,5352,17156,934,3,32,9121
v1,21,1791230381060106,b097ef0536bef82c:0x480e0,1,0,0,21,6,0,1,1,0,6432,18551,6,1213,3563,201,2,0,2064
v1,22,1791230381190029,b097ef0536bef82c:0x48cdc,1,1,43,22,5,0,1,1,0,9500,18551,6,1808,3563,201,2,0,2064
v1,23,1791230381194750,b097ef0536bef82c:0x48d75,1,0,1,23,5,0,1,1,0,9653,18551,6,1838,3563,201,2,0,2064
v1,24,1791230381220017,b097ef0536bef82c:0x48e0c,1,0,47,24,6,0,1,1,0,9804,18551,6,1868,3563,201,2,0,2064
v1,25,1791230381309033,b097ef0536bef82c:0x4942b,1,1,51,25,5,0,1,1,0,11371,18551,6,2185,3563,201,2,0,2064
v1,26,1791230381360597,b097ef0536bef82c:0x491b7,1,0,62,26,5,0,1,1,0,10743,18551,6,2059,3563,201,2,0,2064
v1,27,1791230381367401,b097ef0536bef82c:0x49201,1,1,1,27,5,0,1,1,0,10817,18551,6,2075,3563,201,2,0,2064
v1,28,1791230381373213,b097ef0536bef82c:0x492ba,1,0,1,28,5,0,0,2,0,11002,18551,6,2113,3563,201,2,0,2064
v1,29,1791230381393203,b097ef0536bef82c:0x4942b,1,1,70,29,5,1,17,8,0,11371,18551,6,2185,3563,201,2,0,2064
v1,30,1791230381462148,b097ef0536bef82c:0x491b7,1,0,75,30,5,1,2,2,0,10743,18551,6,2059,3563,201,2,0,2064
v1,31,1791230381467509,b097ef0536bef82c:0x49201,1,0,1,31,5,1,1,3,0,10817,18551,6,2075,3563,201,2,0,2064
v1,32,1791230381479226,b097ef0536bef82c:0x49244,1,1,1,32,5,0,1,1,0,10884,18551,6,2090,3563,201,2,0,2064
v1,33,1791230381488546,b097ef0536bef82c:0x49244,1,0,1,33,5,1,2,2,0,10884,18551,6,2090,3563,201,2,0,2064
v1,34,1791230381501128,b097ef0536bef82c:0x492ba,1,1,1,34,5,1,6,5,0,11002,18551,6,2113,3563,201,2,0,2064
v1,35,1791230381527606,b097ef0536bef82c:0x49393,1,1,86,35,5,0,1,1,0,11219,18551,6,2155,3563,201,2,0,2064
v1,36,1791230381556611,b097ef0536bef82c:0x3bcb1,1,1,1,36,5,0,0,2,0,57649,85844,10,11569,17156,934,3,32,9121
v1,37,1791230381574603,b097ef0536bef82c:0x33713,1,0,1,37,5,0,0,2,0,23443,85844,10,4658,17156,934,3,32,9121
v1,38,1791230381627339,b097ef0536bef82c:0x33713,1,0,100,38,5,1,12,8,0,23443,85844,10,4658,17156,934,3,32,9121
v1,39,1791230381664131,b097ef0536bef82c:0x33713,1,0,103,39,5,2,23,14,0,23443,85844,10,4658,17156,934,3,32,9121
v1,40,1791230381702201,b097ef0536bef82c:0x33713,0,0,106,40,5,3,33,18,0,23443,85844,10,4658,17156,934,3,32,9121
v1,41,1791230381713453,b097ef0536bef82c:0x33713,1,0,106,41,5,4,33,20,0,23443,85844,10,4658,17156,934,3,32,9121
v1,42,1791230381757668,b097ef0536bef82c:0x33713,0,0,114,42,5,5,44,24,0,23443,85844,10,4658,17156,934,3,32,9121
v1,43,1791230381758036,b097ef0536bef82c:0x33713,0,0,114,43,5,6,44,24,0,23443,85844,10,4658,17156,934,3,32,9121
v1,44,1791230381758203,b097ef0536bef82c:0x33713,0,0,114,44,5,7,44,24,0,23443,85844,10,4658,17156,934,3,32,9121
v1,45,1791230381758723,b097ef0536bef82c:0x33713,1,0,114,45,5,8,44,26,0,23443,85844,10,4658,17156,934,3,32,9121
v1,46,1791230381810894,b097ef0536bef82c:0x33713,0,0,126,46,5,9,55,30,0,23443,85844,10,4658,17156,934,3,32,9121
v1,47,1791230381811094,b097ef0536bef82c:0x33713,0,0,126,47,5,10,55,30,0,23443,85844,10,4658,17156,934,3,32,9121
v1,48,1791230381811270,b097ef0536bef82c:0x33713,0,0,126,48,5,11,55,30,0,23443,85844,10,4658,17156,934,3,32,9121
v1,49,1791230381812036,b097ef0536bef82c:0x3383b,1,1,126,49,5,0,0,2,0,23739,85844,10,4723,17156,934,3,32,9121
v1,50,1791230381831268,b097ef0536bef82c:0x39821,1,0,1,50,5,0,1,1,0,48289,85844,10,9700,17156,934,3,32,9121
v1,51,1791230381864660,b097ef0536bef82c:0x2fdd5,1,0,1,51,3,20,17,2,0,8789,85844,10,1796,17156,934,3,32,9121
v1,52,1791230381903646,b097ef0536bef82c:0xb7b2,1,0,141,52,5,0,0,2,0,130,1568,1,27,313,20,1,0,169
v1,53,1791230381915329,b097ef0536bef82c:0xb7f3,1,0,1,53,5,0,0,2,0,195,1568,1,39,313,20,1,0,169
v1,54,1791230381928434,b097ef0536bef82c:0xb837,1,0,1,54,5,0,0,2,0,263,1568,1,52,313,20,1,0,169
v1,55,1791230381944529,b097ef0536bef82c:0xb8c3,1,0,1,55,5,0,0,2,0,403,1568,1,78,313,20,1,0,169
v1,1,1791230389044296,b097ef0536bef82c:0xafb3,0,1,0,1,1,47,1,0,0,355,2272,0,70,437,23,1,0,266
v1,2,1791230389223795,b097ef0536bef82c:0xb355,0,0,0,2,1,46,2,0,0,1285,2272,0,244,437,23,1,0,266
v1,3,1791230389388131,b097ef0536bef82c:0x3344b,0,1,0,3,2,45,1,1,0,22731,85844,10,4519,17156,934,3,32,9121
v1,4,1791230389488658,b097ef0536bef82c:0x307ff,0,1,0,4,1,43,2,0,0,11391,85844,10,2312,17156,934,3,32,9121
v1,5,1791230389492519,b097ef0536bef82c:0x3b0b3,0,1,0,5,2,42,2,2,0,54579,85844,10,10975,17156,934,3,32,9121
v1,6,1791230389500119,b097ef0536bef82c:0x3f2b3,0,1,0,6,1,41,12,6,0,71475,85844,10,14356,17156,934,3,32,9121
v1,7,1791230389556509,b097ef0536bef82c:0x3bfcd,0,1,0,7,1,37,22,10,0,58445,85844,10,11723,17156,934,3,32,9121
v1,8,1791230389595696,b097ef0536bef82c:0x375bb,0,1,0,8,1,35,12,6,0,39483,85844,10,7910,17156,934,3,32,9121
v1,9,1791230389600295,b097ef0536bef82c:0x37686,0,0,0,9,1,35,4,4,0,39686,85844,10,7950,17156,934,3,32,9121
v1,10,1791230389624084,b097ef0536bef82c:0x30b0f,0,1,0,10,1,32,5,5,0,12175,85844,10,2466,17156,934,3,32,9121
v1,11,1791230389629433,b097ef0536bef82c:0x319f3,0,0,0,11,1,29,6,6,0,15987,85844,10,3202,17156,934,3,32,9121
v1,12,1791230389639877,b097ef0536bef82c:0x31f3b,0,1,0,12,1,27,7,7,0,17339,85844,10,3467,17156,934,3,32,9121
v1,13,1791230389675608,b097ef0536bef82c:0x2e610,0,1,0,13,3,21,4,0,0,2704,85844,10,545,17156,934,3,32,9121
v1,14,1791230389706850,b097ef0536bef82c:0x30a23,0,0,0,14,5,9,2,0,0,11939,85844,10,2423,17156,934,3,32,9121
v1,15,1791230389710435,b097ef0536bef82c:0x30a6b,0,0,0,15,5,8,2,0,0,12011,85844,10,2436,17156,934,3,32,9121
v1,16,1791230389718619,b097ef0536bef82c:0x33eb5,0,0,0,16,5,7,1,1,0,25397,85844,10,5069,17156,934,3,32,9121
v1,17,1791230389727612,b097ef0536bef82c:0x33ff7,0,0,0,17,5,7,0,2,0,25719,85844,10,5134,17156,934,3,32,9121
v1,18,1791230389731402,b097ef0536bef82c:0x3403e,0,0,0,18,5,7,2,2,0,25790,85844,10,5148,17156,934,3,32,9121
v1,19,1791230389734917,b097ef0536bef82c:0x34080,0,0,0,19,5,6,2,2,0,25856,85844,10,5160,17156,934,3,32,9121
v1,20,1791230389767907,b097ef0536bef82c:0x3443f,0,1,0,20,5,8,32,12,0,26815,85844,10,5352,17156,934,3,32,9121
v1,21,1791230390078828,b097ef0536bef82c:0x2fdd5,0,0,0,21,3,21,17,2,0,8789,85844,10,1796,17156,934,3,32,9121
v1,1,1791230396223588,b097ef0536bef82c:0xafb3,0,1,0,1,1,48,1,0,0,355,2272,0,70,437,23,1,0,266
v1,2,1791230396387175,b097ef0536bef82c:0xb355,0,0,0,2,1,47,2,0,0,1285,2272,0,244,437,23,1,0,266
v1,3,1791230396550301,b097ef0536bef82c:0x3344b,0,1,0,3,2,46,1,1,0,22731,85844,10,4519,17156,934,3,32,9121
v1,4,1791230396651225,b097ef0536bef82c:0x307ff,0,1,0,4,1,44,2,0,0,11391,85844,10,2312,17156,934,3,32,9121
v1,5,1791230396655026,b097ef0536bef82c:0x3b0b3,0,1,0,5,2,43,2,2,0,54579,85844,10,10975,17156,934,3,32,9121
v1,6,1791230396662658,b097ef0536bef82c:0x3f2b3,0,1,0,6,1,42,12,6,0,71475,85844,10,14356,17156,934,3,32,9121
v1,7,1791230396719620,b097ef0536bef82c:0x3bfcd,0,1,0,7,1,38,22,10,0,58445,85844,10,11723,17156,934,3,32,9121
v1,8,1791230396760593,b097ef0536bef82c:0x375bb,0,1,0,8,1,36,12,6,0,39483,85844,10,7910,17156,934,3,32,9121
v1,9,1791230396765457,b097ef0536bef82c:0x37686,0,0,0,9,1,36,4,4,0,39686,85844,10,7950,17156,934,3,32,9121
v1,10,1791230396789183,b097ef0536bef82c:0x30b0f,0,1,0,10,1,33,5,5,0,12175,85844,10,2466,17156,934,3,32,9121
v1,11,1791230396794443,b097ef0536bef82c:0x319f3,0,0,0,11,1,30,6,6,0,15987,85844,10,3202,17156,934,3,32,9121
v1,12,1791230396805083,b097ef0536bef82c:0x31f3b,0,1,0,12,1,28,7,7,0,17339,85844,10,3467,17156,934,3,32,9121
v1,13,1791230396840643,b097ef0536bef82c:0x2e610,0,0,0,13,3,22,4,0,0,2704,85844,10,545,17156,934,3,32,9121
v1,14,1791230396844700,b097ef0536bef82c:0x2e653,1,1,0,14,3,10,4,0,0,2771,85844,10,558,17156,934,3,32,9121
v1,15,1791230396948247,b097ef0536bef82c:0x2fdd5,1,1,2,15,3,22,18,2,0,8789,85844,10,1796,17156,934,3,32,9121
v1,1,1791230401283876,b097ef0536bef82c:0xafb3,0,1,0,1,1,49,1,0,0,355,2272,0,70,437,23,1,0,266
v1,2,1791230401315337,b097ef0536bef82c:0xb355,0,0,0,2,1,48,2,0,0,1285,2272,0,244,437,23,1,0,266
v1,3,1791230401477826,b097ef0536bef82c:0x3344b,0,1,0,3,2,47,1,1,0,22731,85844,10,4519,17156,934,3,32,9121
v1,4,1791230401578515,b097ef0536bef82c:0x307ff,0,1,0,4,1,45,2,0,0,11391,85844,10,2312,17156,934,3,32,9121
v1,5,1791230401582287,b097ef0536bef82c:0x3b0b3,0,1,0,5,2,44,2,2,0,54579,85844,10,10975,17156,934,3,32,9121
v1,6,1791230401589935,b097ef0536bef82c:0x3f2b3,0,1,0,6,1,43,12,6,0,71475,85844,10,14356,17156,934,3,32,9121
v1,7,1791230401646164,b097ef0536bef82c:0x3bfcd,0,1,0,7,1,39,22,10,0,58445,85844,10,11723,17156,934,3,32,9121
v1,8,1791230401685902,b097ef0536bef82c:0x375bb,0,1,0,8,1,37,12,6,0,39483,85844,10,7910,17156,934,3,32,9121
v1,9,1791230401690494,b097ef0536bef82c:0x37686,0,0,0,9,1,37,4,4,0,39686,85844,10,7950,17156,934,3,32,9121
v1,10,1791230401714095,b097ef0536bef82c:0x30b0f,0,1,0,10,1,34,5,5,0,12175,85844,10,2466,17156,934,3,32,9121
v1,11,1791230401719454,b097ef0536bef82c:0x319f3,0,0,0,11,1,31,6,6,0,15987,85844,10,3202,17156,934,3,32,9121
v1,12,1791230401730101,b097ef0536bef82c:0x31f3b,0,1,0,12,1,29,7,7,0,17339,85844,10,3467,17156,934,3,32,9121
v1,13,1791230401765975,b097ef0536bef82c:0x2e610,0,0,0,13,3,23,4,0,0,2704,85844,10,545,17156,934,3,32,9121
v1,14,1791230401769465,b097ef0536bef82c:0x2e653,0,0,0,14,3,11,4,0,0,2771,85844,10,558,17156,934,3,32,9121
v1,15,1791230401772939,b097ef0536bef82c:0x2e697,0,1,0,15,3,10,39,12,0,2839,85844,10,571,17156,934,3,32,9121
v1,16,1791230401967237,b097ef0536bef82c:0x2fcff,0,0,0,16,2,2,1,1,0,8575,85844,10,1754,17156,934,3,32,9121
v1,17,1791230401971240,b097ef0536bef82c:0x5a17d,0,1,0,17,2,2,1,2,0,141,5904,0,32,1245,33,2,0,521
v1,18,1791230401988839,b097ef0536bef82c:0x2fdd5,0,1,0,18,3,23,18,2,0,8789,85844,10,1796,17156,934,3,32,9121
v1,1,1791230407361763,b097ef0536bef82c:0xafb3,0,1,0,1,1,50,1,0,0,355,2272,0,70,437,23,1,0,266
v1,2,1791230407455008,b097ef0536bef82c:0xb355,0,0,0,2,1,49,2,0,0,1285,2272,0,244,437,23,1,0,266
v1,3,1791230407617344,b097ef0536bef82c:0x3344b,0,1,0,3,2,48,1,1,0,22731,85844,10,4519,17156,934,3,32,9121
v1,4,1791230407718034,b097ef0536bef82c:0x307ff,0,1,0,4,1,46,2,0,0,11391,85844,10,2312,17156,934,3,32,9121
v1,5,1791230407721867,b097ef0536bef82c:0x3b0b3,0,1,0,5,2,45,2,2,0,54579,85844,10,10975,17156,934,3,32,9121
v1,6,1791230407729572,b097ef0536bef82c:0x3f2b3,0,1,0,6,1,44,12,6,0,71475,85844,10,14356,17156,934,3,32,9121
v1,7,1791230407786232,b097ef0536bef82c:0x3bfcd,0,1,0,7,1,40,22,10,0,58445,85844,10,11723,17156,934,3,32,9121
v1,8,1791230407825440,b097ef0536bef82c:0x375bb,0,1,0,8,1,38,12,6,0,39483,85844,10,7910,17156,934,3,32,9121
v1,9,1791230407830004,b097ef0536bef82c:0x37686,0,0,0,9,1,38,4,4,0,39686,85844,10,7950,17156,934,3,32,9121
v1,10,1791230407853725,b097ef0536bef82c:0x30b0f,0,1,0,10,1,35,5,5,0,12175,85844,10,2466,17156,934,3,32,9121
v1,11,1791230407859004,b097ef0536bef82c:0x319f3,0,0,0,11,1,32,6,6,0,15987,85844,10,3202,17156,934,3,32,9121
v1,12,1791230407869392,b097ef0536bef82c:0x31f3b,0,1,0,12,1,30,7,7,0,17339,85844,10,3467,17156,934,3,32,9121
v1,13,1791230407904961,b097ef0536bef82c:0x2e610,0,1,0,13,3,24,4,0,0,2704,85844,10,545,17156,934,3,32,9121
v1,14,1791230407936013,b097ef0536bef82c:0x30a23,0,0,0,14,5,10,2,0,0,11939,85844,10,2423,17156,934,3,32,9121
v1,15,1791230407939592,b097ef0536bef82c:0x30a6b,0,0,0,15,5,9,2,0,0,12011,85844,10,2436,17156,934,3,32,9121
v1,16,1791230407947692,b097ef0536bef82c:0x33eb5,0,0,0,16,5,8,1,1,0,25397,85844,10,5069,17156,934,3,32,9121
v1,17,1791230407956661,b097ef0536bef82c:0x33ff7,0,0,0,17,5,8,0,2,0,25719,85844,10,5134,17156,934,3,32,9121
v1,18,1791230407960401,b097ef0536bef82c:0x3403e,0,0,0,18,5,8,2,2,0,25790,85844,10,5148,17156,934,3,32,9121
v1,19,1791230407963867,b097ef0536bef82c:0x34080,0,0,0,19,5,7,2,2,0,25856,85844,10,5160,17156,934,3,32,9121
v1,20,1791230407996636,b097ef0536bef82c:0x3443f,0,1,0,20,5,9,32,12,0,26815,85844,10,5352,17156,934,3,32,9121
v1,21,1791230408302787,b097ef0536bef82c:0x2fdd5,0,1,0,21,3,24,18,2,0,8789,85844,10,1796,17156,934,3,32,9121
v1,1,1791230412975429,b097ef0536bef82c:0xafb3,0,1,0,1,1,51,1,0,0,355,2272,0,70,437,23,1,0,266
v1,2,1791230413045554,b097ef0536bef82c:0xb355,0,0,0,2,1,50,2,0,0,1285,2272,0,244,437,23,1,0,266
v1,3,1791230413207749,b097ef0536bef82c:0x3344b,0,1,0,3,2,49,1,1,0,22731,85844,10,4519,17156,934,3,32,9121
v1,4,1791230413309206,b097ef0536bef82c:0x307ff,0,1,0,4,1,47,2,0,0,11391,85844,10,2312,17156,934,3,32,9121
v1,5,1791230413312995,b097ef0536bef82c:0x3b0b3,0,1,0,5,2,46,2,2,0,54579,85844,10,10975,17156,934,3,32,9121
v1,6,1791230413320638,b097ef0536bef82c:0x3f2b3,0,1,0,6,1,45,12,6,0,71475,85844,10,14356,17156,934,3,32,9121
v1,7,1791230413377073,b097ef0536bef82c:0x3bfcd,0,1,0,7,1,41,22,10,0,58445,85844,10,11723,17156,934,3,32,9121
v1,8,1791230413416708,b097ef0536bef82c:0x375bb,0,1,0,8,1,39,12,6,0,39483,85844,10,7910,17156,934,3,32,9121
v1,9,1791230413421121,b097ef0536bef82c:0x37686,0,0,0,9,1,39,4,4,0,39686,85844,10,7950,17156,934,3,32,9121
v1,10,1791230413444756,b097ef0536bef82c:0x30b0f,0,1,0,10,1,36,5,5,0,12175,85844,10,2466,17156,934,3,32,9121
v1,11,1791230413450099,b097ef0536bef82c:0x319f3,0,0,0,11,1,33,6,6,0,15987,85844,10,3202,17156,934,3,32,9121
v1,12,1791230413460676,b097ef0536bef82c:0x31f3b,0,1,0,12,1,31,7,7,0,17339,85844,10,3467,17156,934,3,32,9121
v1,13,1791230413496506,b097ef0536bef82c:0x2e610,0,1,0,13,3,25,4,0,0,2704,85844,10,545,17156,934,3,32,9121
v1,14,1791230413527743,b097ef0536bef82c:0x30a23,0,0,0,14,5,11,2,0,0,11939,85844,10,2423,17156,934,3,32,9121
v1,15,1791230413531306,b097ef0536bef82c:0x30a6b,0,0,0,15,5,10,2,0,0,12011,85844,10,2436,17156,934,3,32,9121
v1,16,1791230413539886,b097ef0536bef82c:0x33eb5,1,1,0,16,5,9,2,2,0,25397,85844,10,5069,17156,934,3,32,9121
v1,17,1791230413584428,b097ef0536bef82c:0x3443f,1,0,1,17,5,10,32,14,0,26815,85844,10,5352,17156,934,3,32,9121
v1,18,1791230413614437,b097ef0536bef82c:0x3443f,0,0,1,18,5,11,32,14,0,26815,85844,10,5352,17156,934,3,32,9121
v1,19,1791230413635829,b097ef0536bef82c:0x3443f,1,1,1,19,5,12,33,14,0,26815,85844,10,5352,17156,934,3,32,9121
v1,20,1791230414013418,b097ef0536bef82c:0x2fdd5,1,1,44,20,3,25,19,2,0,8789,85844,10,1796,17156,934,3,32,9121
v1,1,1791230420152519,b097ef0536bef82c:0xafb3,0,1,0,1,1,52,1,0,0,355,2272,0,70,437,23,1,0,266
v1,2,1791230420284660,b097ef0536bef82c:0xb355,0,0,0,2,1,51,2,0,0,1285,2272,0,244,437,23,1,0,266
v1,3,1791230420447064,b097ef0536bef82c:0x3344b,0,1,0,3,2,50,1,1,0,22731,85844,10,4519,17156,934,3,32,9121
v1,4,1791230420547883,b097ef0536bef82c:0x307ff,0,1,0,4,1,48,2,0,0,11391,85844,10,2312,17156,934,3,32,9121
v1,5,1791230420551745,b097ef0536bef82c:0x3b0b3,0,1,0,5,2,47,2,2,0,54579,85844,10,10975,17156,934,3,32,9121
v1,6,1791230420559500,b097ef0536bef82c:0x3f2b3,0,1,0,6,1,46,12,6,0,71475,85844,10,14356,17156,934,3,32,9121
v1,7,1791230420616298,b097ef0536bef82c:0x3bfcd,0,1,0,7,1,42,22,10,0,58445,85844,10,11723,17156,934,3,32,9121
v1,8,1791230420657997,b097ef0536bef82c:0x375bb,0,1,0,8,1,40,12,6,0,39483,85844,10,7910,17156,934,3,32,9121
v1,9,1791230420663018,b097ef0536bef82c:0x37686,0,0,0,9,1,40,4,4,0,39686,85844,10,7950,17156,934,3,32,9121
v1,10,1791230420687266,b097ef0536bef82c:0x30b0f,0,1,0,10,1,37,5,5,0,12175,85844,10,2466,17156,934,3,32,9121
v1,11,1791230420692635,b097ef0536bef82c:0x319f3,0,0,0,11,1,34,6,6,0,15987,85844,10,3202,17156,934,3,32,9121
v1,12,1791230420703525,b097ef0536bef82c:0x31f3b,0,1,0,12,1,32,7,7,0,17339,85844,10,3467,17156,934,3,32,9121
v1,13,1791230420740040,b097ef0536bef82c:0x2e610,0,1,0,13,3,26,4,0,0,2704,85844,10,545,17156,934,3,32,9121
v1,14,1791230420771968,b097ef0536bef82c:0x30a23,0,0,0,14,5,12,2,0,0,11939,85844,10,2423,17156,934,3,32,9121
v1,15,1791230420775619,b097ef0536bef82c:0x30a6b,0,0,0,15,5,11,2,0,0,12011,85844,10,2436,17156,934,3,32,9121
v1,16,1791230420784044,b097ef0536bef82c:0x33eb5,0,0,0,16,5,10,2,2,0,25397,85844,10,5069,17156,934,3,32,9121
v1,17,1791230420794805,b097ef0536bef82c:0x33ff7,0,0,0,17,5,9,0,2,0,25719,85844,10,5134,17156,934,3,32,9121
v1,18,1791230420800038,b097ef0536bef82c:0x3403e,0,0,0,18,5,9,2,2,0,25790,85844,10,5148,17156,934,3,32,9121
v1,19,1791230420803752,b097ef0536bef82c:0x34080,0,0,0,19,5,8,2,2,0,25856,85844,10,5160,17156,934,3,32,9121
v1,20,1791230420837899,b097ef0536bef82c:0x3443f,0,1,0,20,5,13,99,32,0,26815,85844,10,5352,17156,934,3,32,9121
v1,21,1791230421178403,b097ef0536bef82c:0x2fdd5,0,0,0,21,3,26,19,2,0,8789,85844,10,1796,17156,934,3,32,9121
v1,1,1791230425982990,b097ef0536bef82c:0xafb3,0,1,0,1,1,53,1,0,0,355,2272,0,70,437,23,1,0,266
v1,2,1791230426056080,b097ef0536bef82c:0xb355,0,0,0,2,1,52,2,0,0,1285,2272,0,244,437,23,1,0,266
v1,3,1791230426221614,b097ef0536bef82c:0x3344b,0,1,0,3,2,51,1,1,0,22731,85844,10,4519,17156,934,3,32,9121
v1,4,1791230426322268,b097ef0536bef82c:0x307ff,0,1,0,4,1,49,2,0,0,11391,85844,10,2312,17156,934,3,32,9121
v1,5,1791230426326103,b097ef0536bef82c:0x3b0b3,0,1,0,5,2,48,2,2,0,54579,85844,10,10975,17156,934,3,32,9121
v1,6,1791230426333751,b097ef0536bef82c:0x3f2b3,0,1,0,6,1,47,12,6,0,71475,85844,10,14356,17156,934,3,32,9121
v1,7,1791230426390478,b097ef0536bef82c:0x3bfcd,0,1,0,7,1,43,22,10,0,58445,85844,10,11723,17156,934,3,32,9121
v1,8,1791230426430136,b097ef0536bef82c:0x375bb,0,1,0,8,1,41,12,6,0,39483,85844,10,7910,17156,934,3,32,9121
v1,9,1791230426434715,b097ef0536bef82c:0x37686,0,0,0,9,1,41,4,4,0,39686,85844,10,7950,17156,934,3,32,9121
v1,10,1791230426458264,b097ef0536bef82c:0x30b0f,0,1,0,10,1,38,5,5,0,12175,85844,10,2466,17156,934,3,32,9121
v1,11,1791230426463537,b097ef0536bef82c:0x319f3,0,0,0,11,1,35,6,6,0,15987,85844,10,3202,17156,934,3,32,9121
v1,12,1791230426474087,b097ef0536bef82c:0x31f3b,0,1,0,12,1,33,7,7,0,17339,85844,10,3467,17156,934,3,32,9121
v1,13,1791230426510193,b097ef0536bef82c:0x2e610,0,1,0,13,3,27,4,0,0,2704,85844,10,545,17156,934,3,32,9121
v1,14,1791230426541338,b097ef0536bef82c:0x30a23,0,0,0,14,5,13,2,0,0,11939,85844,10,2423,17156,934,3,32,9121
v1,15,1791230426544912,b097ef0536bef82c:0x30a6b,0,0,0,15,5,12,2,0,0,12011,85844,10,2436,17156,934,3,32,9121
v1,16,1791230426553041,b097ef0536bef82c:0x33eb5,0,0,0,16,5,11,2,2,0,25397,85844,10,5069,17156,934,3,32,9121
v1,17,1791230426562017,b097ef0536bef82c:0x33ff7,0,0,0,17,5,10,0,2,0,25719,85844,10,5134,17156,934,3,32,9121
v1,18,1791230426565758,b097ef0536bef82c:0x3403e,0,0,0,18,5,10,2,2,0,25790,85844,10,5148,17156,934,3,32,9121
v1,19,1791230426569252,b097ef0536bef82c:0x34080,0,0,0,19,5,9,2,2,0,25856,85844,10,5160,17156,934,3,32,9121
v1,20,1791230426602534,b097ef0536bef82c:0x3443f,0,1,0,20,5,14,99,32,0,26815,85844,10,5352,17156,934,3,32,9121
v1,21,1791230426923414,b097ef0536bef82c:0x2fdd5,0,1,0,21,3,27,19,2,0,8789,85844,10,1796,17156,934,3,32,9121
v1,1,1791230431261034,b097ef0536bef82c:0xafb3,0,1,0,1,1,54,1,0,0,355,2272,0,70,437,23,1,0,266
v1,2,1791230431302396,b097ef0536bef82c:0xb355,0,0,0,2,1,53,2,0,0,1285,2272,0,244,437,23,1,0,266
v1,3,1791230431466076,b097ef0536bef82c:0x3344b,0,1,0,3,2,52,1,1,0,22731,85844,10,4519,17156,934,3,32,9121
v1,4,1791230431566895,b097ef0536bef82c:0x307ff,0,1,0,4,1,50,2,0,0,11391,85844,10,2312,17156,934,3,32,9121
v1,5,1791230431570739,b097ef0536bef82c:0x3b0b3,0,1,0,5,2,49,2,2,0,54579,85844,10,10975,17156,934,3,32,9121
v1,6,1791230431578361,b097ef0536bef82c:0x3f2b3,0,1,0,6,1,48,12,6,0,71475,85844,10,14356,17156,934,3,32,9121
v1,7,1791230431635255,b097ef0536bef82c:0x3bfcd,0,1,0,7,1,44,22,10,0,58445,85844,10,11723,17156,934,3,32,9121
v1,8,1791230431674978,b097ef0536bef82c:0x375bb,0,1,0,8,1,42,12,6,0,39483,85844,10,7910,17156,934,3,32,9121
v1,9,1791230431679594,b097ef0536bef82c:0x37686,0,0,0,9,1,42,4,4,0,39686,85844,10,7950,17156,934,3,32,9121
v1,10,1791230431703074,b097ef0536bef82c:0x30b0f,0,1,0,10,1,39,5,5,0,12175,85844,10,2466,17156,934,3,32,9121
v1,11,1791230431708382,b097ef0536bef82c:0x319f3,0,0,0,11,1,36,6,6,0,15987,85844,10,3202,17156,934,3,32,9121
v1,12,1791230431719059,b097ef0536bef82c:0x31f3b,0,1,0,12,1,34,7,7,0,17339,85844,10,3467,17156,934,3,32,9121
v1,13,1791230431755080,b097ef0536bef82c:0x2e610,0,1,0,13,3,28,4,0,0,2704,85844,10,545,17156,934,3,32,9121
v1,14,1791230431786300,b097ef0536bef82c:0x30a23,0,0,0,14,5,14,2,0,0,11939,85844,10,2423,17156,934,3,32,9121
v1,15,1791230431789869,b097ef0536bef82c:0x30a6b,0,0,0,15,5,13,2,0,0,12011,85844,10,2436,17156,934,3,32,9121
v1,16,1791230431797950,b097ef0536bef82c:0x33eb5,0,0,0,16,5,12,2,2,0,25397,85844,10,5069,17156,934,3,32,9121
v1,17,1791230431806923,b097ef0536bef82c:0x33ff7,0,0,0,17,5,11,0,2,0,25719,85844,10,5134,17156,934,3,32,9121
v1,18,1791230431810507,b097ef0536bef82c:0x3403e,0,0,0,18,5,11,2,2,0,25790,85844,10,5148,17156,934,3,32,9121
v1,19,1791230431813804,b097ef0536bef82c:0x34080,0,0,0,19,5,10,2,2,0,25856,85844,10,5160,17156,934,3,32,9121
v1,20,1791230431846702,b097ef0536bef82c:0x3443f,0,1,0,20,5,15,99,32,0,26815,85844,10,5352,17156,934,3,32,9121
v1,21,1791230432166146,b097ef0536bef82c:0x2fdd5,0,0,0,21,3,28,19,2,0,8789,85844,10,1796,17156,934,3,32,9121
v1,1,1791230437913964,b097ef0536bef82c:0xafb3,0,1,0,1,1,55,1,0,0,355,2272,0,70,437,23,1,0,266
v1,2,1791230438051570,b097ef0536bef82c:0xb355,0,0,0,2,1,54,2,0,0,1285,2272,0,244,437,23,1,0,266
v1,3,1791230438215219,b097ef0536bef82c:0x3344b,0,1,0,3,2,53,1,1,0,22731,85844,10,4519,17156,934,3,32,9121
v1,4,1791230438316410,b097ef0536bef82c:0x307ff,0,1,0,4,1,51,2,0,0,11391,85844,10,2312,17156,934,3,32,9121
v1,5,1791230438320181,b097ef0536bef82c:0x3b0b3,0,1,0,5,2,50,2,2,0,54579,85844,10,10975,17156,934,3,32,9121
v1,6,1791230438327882,b097ef0536bef82c:0x3f2b3,0,1,0,6,1,49,12,6,0,71475,85844,10,14356,17156,934,3,32,9121
v1,7,1791230438384194,b097ef0536bef82c:0x3bfcd,0,1,0,7,1,45,22,10,0,58445,85844,10,11723,17156,934,3,32,9121
v1,8,1791230438423563,b097ef0536bef82c:0x375bb,0,1,0,8,1,43,12,6,0,39483,85844,10,7910,17156,934,3,32,9121
v1,9,1791230438428130,b097ef0536bef82c:0x37686,0,0,0,9,1,43,4,4,0,39686,85844,10,7950,17156,934,3,32,9121
v1,10,1791230438451613,b097ef0536bef82c:0x30b0f,0,1,0,10,1,40,5,5,0,12175,85844,10,2466,17156,934,3,32,9121
v1,11,1791230438456867,b097ef0536bef82c:0x319f3,0,0,0,11,1,37,6,6,0,15987,85844,10,3202,17156,934,3,32,9121
v1,12,1791230438468854,b097ef0536bef82c:0x31f3b,0,1,0,12,1,35,7,7,0,17339,85844,10,3467,17156,934,3,32,9121
v1,13,1791230438505300,b097ef0536bef82c:0x2e610,0,0,0,13,3,29,4,0,0,2704,85844,10,545,17156,934,3,32,9121
v1,14,1791230438508786,b097ef0536bef82c:0x2e653,0,0,0,14,3,12,4,0,0,2771,85844,10,558,17156,934,3,32,9121
v1,15,1791230438512310,b097ef0536bef82c:0x2e697,0,1,0,15,3,11,39,12,0,2839,85844,10,571,17156,934,3,32,9121
v1,16,1791230438573295,b097ef0536bef82c:0x2e4e2,0,1,0,16,3,2,1,0,0,2402,85844,10,482,17156,934,3,32,9121
v1,17,1791230438684600,b097ef0536bef82c:0x2fcff,1,0,0,17,2,3,2,2,0,8575,85844,10,1754,17156,934,3,32,9121
v1,18,1791230438752924,b097ef0536bef82c:0x5a17d,1,1,1,18,2,3,2,2,0,141,5904,0,32,1245,33,2,0,521
v1,19,1791230438764584,b097ef0536bef82c:0x2fdd5,0,1,43,19,3,29,19,2,0,8789,85844,10,1796,17156,934,3,32,9121
v1,1,1791230444740715,b097ef0536bef82c:0xafb3,0,1,0,1,1,56,1,0,0,355,2272,0,70,437,23,1,0,266
v1,2,1791230444863732,b097ef0536bef82c:0xb355,0,0,0,2,1,55,2,0,0,1285,2272,0,244,437,23,1,0,266
v1,3,1791230445027884,b097ef0536bef82c:0x3344b,0,1,0,3,2,54,1,1,0,22731,85844,10,4519,17156,934,3,32,9121
v1,4,1791230445128702,b097ef0536bef82c:0x307ff,0,1,0,4,1,52,2,0,0,11391,85844,10,2312,17156,934,3,32,9121
v1,5,1791230445132528,b097ef0536bef82c:0x3b0b3,0,1,0,5,2,51,2,2,0,54579,85844,10,10975,17156,934,3,32,9121
v1,6,1791230445140330,b097ef0536bef82c:0x3f2b3,0,1,0,6,1,50,12,6,0,71475,85844,10,14356,17156,934,3,32,9121
v1,7,1791230445197248,b097ef0536bef82c:0x3bfcd,0,1,0,7,1,46,22,10,0,58445,85844,10,11723,17156,934,3,32,9121
v1,8,1791230445236725,b097ef0536bef82c:0x375bb,0,1,0,8,1,44,12,6,0,39483,85844,10,7910,17156,934,3,32,9121
v1,9,1791230445241310,b097ef0536bef82c:0x37686,0,0,0,9,1,44,4,4,0,39686,85844,10,7950,17156,934,3,32,9121
v1,10,1791230445264829,b097ef0536bef82c:0x30b0f,0,1,0,10,1,41,5,5,0,12175,85844,10,2466,17156,934,3,32,9121
v1,11,1791230445270160,b097ef0536bef82c:0x319f3,0,0,0,11,1,38,6,6,0,15987,85844,10,3202,17156,934,3,32,9121
v1,12,1791230445280550,b097ef0536bef82c:0x31f3b,0,1,0,12,1,36,7,7,0,17339,85844,10,3467,17156,934,3,32,9121
v1,13,1791230445316319,b097ef0536bef82c:0x2e610,0,1,0,13,3,30,4,0,0,2704,85844,10,545,17156,934,3,32,9121
v1,14,1791230445347608,b097ef0536bef82c:0x30a23,0,0,0,14,5,15,2,0,0,11939,85844,10,2423,17156,934,3,32,9121
v1,15,1791230445351198,b097ef0536bef82c:0x30a6b,0,0,0,15,5,14,2,0,0,12011,85844,10,2436,17156,934,3,32,9121
v1,16,1791230445359392,b097ef0536bef82c:0x33eb5,0,0,0,16,5,13,2,2,0,25397,85844,10,5069,17156,934,3,32,9121
v1,17,1791230445368276,b097ef0536bef82c:0x33ff7,0,0,0,17,5,12,0,2,0,25719,85844,10,5134,17156,934,3,32,9121
v1,18,1791230445371995,b097ef0536bef82c:0x3403e,0,0,0,18,5,12,2,2,0,25790,85844,10,5148,17156,934,3,32,9121
v1,19,1791230445375467,b097ef0536bef82c:0x34080,0,1,0,19,5,11,2,2,0,25856,85844,10,5160,17156,934,3,32,9121
v1,20,1791230445400436,b097ef0536bef82c:0x3443f,0,0,0,20,5,16,99,32,0,26815,85844,10,5352,17156,934,3,32,9121
v1,21,1791230445430380,b097ef0536bef82c:0x3443f,1,1,0,21,5,17,100,32,0,26815,85844,10,5352,17156,934,3,32,9121
v1,22,1791230445848555,b097ef0536bef82c:0x2fdd5,0,1,45,22,3,30,19,2,0,8789,85844,10,1796,17156,934,3,32,9121
v1,1,1791230451703766,b097ef0536bef82c:0xafb3,0,1,0,1,1,57,1,0,0,355,2272,0,70,437,23,1,0,266
v1,2,1791230451826934,b097ef0536bef82c:0xb355,0,0,0,2,1,56,2,0,0,1285,2272,0,244,437,23,1,0,266
v1,3,1791230451990625,b097ef0536bef82c:0x3344b,0,1,0,3,2,55,1,1,0,22731,85844,10,4519,17156,934,3,32,9121
v1,4,1791230452093157,b097ef0536bef82c:0x307ff,0,1,0,4,1,53,2,0,0,11391,85844,10,2312,17156,934,3,32,9121
v1,5,1791230452096989,b097ef0536bef82c:0x3b0b3,0,1,0,5,2,52,2,2,0,54579,85844,10,10975,17156,934,3,32,9121
v1,6,1791230452104584,b097ef0536bef82c:0x3f2b3,0,1,0,6,1,51,12,6,0,71475,85844,10,14356,17156,934,3,32,9121
v1,7,1791230452161172,b097ef0536bef82c:0x3bfcd,0,1,0,7,1,47,22,10,0,58445,85844,10,11723,17156,934,3,32,9121
v1,8,1791230452201238,b097ef0536bef82c:0x375bb,0,1,0,8,1,45,12,6,0,39483,85844,10,7910,17156,934,3,32,9121
v1,9,1791230452205785,b097ef0536bef82c:0x37686,0,0,0,9,1,45,4,4,0,39686,85844,10,7950,17156,934,3,32,9121
v1,10,1791230452229254,b097ef0536bef82c:0x30b0f,0,1,0,10,1,42,5,5,0,12175,85844,10,2466,17156,934,3,32,9121
v1,11,1791230452234576,b097ef0536bef82c:0x319f3,0,0,0,11,1,39,6,6,0,15987,85844,10,3202,17156,934,3,32,9121
v1,12,1791230452244886,b097ef0536bef82c:0x31f3b,0,1,0,12,1,37,7,7,0,17339,85844,10,3467,17156,934,3,32,9121
v1,13,1791230452280545,b097ef0536bef82c:0x2e610,0,1,0,13,3,31,4,0,0,2704,85844,10,545,17156,934,3,32,9121
v1,14,1791230452312042,b097ef0536bef82c:0x30a23,0,0,0,14,5,16,2,0,0,11939,85844,10,2423,17156,934,3,32,9121
v1,15,1791230452315877,b097ef0536bef82c:0x30a6b,0,0,0,15,5,15,2,0,0,12011,85844,10,2436,17156,934,3,32,9121
v1,16,1791230452324166,b097ef0536bef82c:0x33eb5,0,0,0,16,5,14,2,2,0,25397,85844,10,5069,17156,934,3,32,9121
v1,17,1791230452333108,b097ef0536bef82c:0x33ff7,0,0,0,17,5,13,0,2,0,25719,85844,10,5134,17156,934,3,32,9121
v1,18,1791230452336897,b097ef0536bef82c:0x3403e,0,0,0,18,5,13,2,2,0,25790,85844,10,5148,17156,934,3,32,9121
v1,19,1791230452340426,b097ef0536bef82c:0x34080,0,0,0,19,5,12,2,2,0,25856,85844,10,5160,17156,934,3,32,9121
v1,20,1791230452373373,b097ef0536bef82c:0x3443f,0,1,0,20,5,18,150,46,0,26815,85844,10,5352,17156,934,3,32,9121
v1,21,1791230452696586,b097ef0536bef82c:0x2fdd5,0,1,0,21,3,31,19,2,0,8789,85844,10,1796,17156,934,3,32,9121
v1,1,1791230457706452,b097ef0536bef82c:0xafb3,0,1,0,1,1,58,1,0,0,355,2272,0,70,437,23,1,0,266
v1,2,1791230457798594,b097ef0536bef82c:0xb355,0,0,0,2,1,57,2,0,0,1285,2272,0,244,437,23,1,0,266
v1,3,1791230457961817,b097ef0536bef82c:0x3344b,0,1,0,3,2,56,1,1,0,22731,85844,10,4519,17156,934,3,32,9121
v1,4,1791230458063037,b097ef0536bef82c:0x307ff,0,1,0,4,1,54,2,0,0,11391,85844,10,2312,17156,934,3,32,9121
v1,5,1791230458066881,b097ef0536bef82c:0x3b0b3,0,1,0,5,2,53,2,2,0,54579,85844,10,10975,17156,934,3,32,9121
v1,6,1791230458074549,b097ef0536bef82c:0x3f2b3,0,1,0,6,1,52,12,6,0,71475,85844,10,14356,17156,934,3,32,9121
v1,7,1791230458131181,b097ef0536bef82c:0x3bfcd,0,1,0,7,1,48,22,10,0,58445,85844,10,11723,17156,934,3,32,9121
v1,8,1791230458170942,b097ef0536bef82c:0x375bb,0,1,0,8,1,46,12,6,0,39483,85844,10,7910,17156,934,3,32,9121
v1,9,1791230458175557,b097ef0536bef82c:0x37686,0,0,0,9,1,46,4,4,0,39686,85844,10,7950,17156,934,3,32,9121
v1,10,1791230458199327,b097ef0536bef82c:0x30b0f,0,1,0,10,1,43,5,5,0,12175,85844,10,2466,17156,934,3,32,9121
v1,11,1791230458204680,b097ef0536bef82c:0x319f3,0,0,0,11,1,40,6,6,0,15987,85844,10,3202,17156,934,3,32,9121
v1,12,1791230458215374,b097ef0536bef82c:0x31f3b,0,1,0,12,1,38,7,7,0,17339,85844,10,3467,17156,934,3,32,9121
v1,13,1791230458251390,b097ef0536bef82c:0x2e610,0,1,0,13,3,32,4,0,0,2704,85844,10,545,17156,934,3,32,9121
v1,14,1791230458282605,b097ef0536bef82c:0x30a23,0,0,0,14,5,17,2,0,0,11939,85844,10,2423,17156,934,3,32,9121
v1,15,1791230458286192,b097ef0536bef82c:0x30a6b,0,0,0,15,5,16,2,0,0,12011,85844,10,2436,17156,934,3,32,9121
v1,16,1791230458294345,b097ef0536bef82c:0x33eb5,0,0,0,16,5,15,2,2,0,25397,85844,10,5069,17156,934,3,32,9121
v1,17,1791230458303062,b097ef0536bef82c:0x33ff7,0,0,0,17,5,14,0,2,0,25719,85844,10,5134,17156,934,3,32,9121
v1,18,1791230458306823,b097ef0536bef82c:0x3403e,0,0,0,18,5,14,2,2,0,25790,85844,10,5148,17156,934,3,32,9121
v1,19,1791230458310365,b097ef0536bef82c:0x34080,0,1,0,19,5,13,2,2,0,25856,85844,10,5160,17156,934,3,32,9121
v1,20,1791230458335499,b097ef0536bef82c:0x3443f,0,0,0,20,5,19,150,46,0,26815,85844,10,5352,17156,934,3,32,9121
v1,21,1791230458365516,b097ef0536bef82c:0x3443f,0,1,0,21,5,20,150,46,0,26815,85844,10,5352,17156,934,3,32,9121
v1,22,1791230458589625,b097ef0536bef82c:0x2fdd5,1,0,0,22,3,32,20,2,0,8789,85844,10,1796,17156,934,3,32,9121
v1,1,1791230464785253,b097ef0536bef82c:0xafb3,0,1,0,1,1,59,1,0,0,355,2272,0,70,437,23,1,0,266
v1,2,1791230464961429,b097ef0536bef82c:0xb355,0,0,0,2,1,58,2,0,0,1285,2272,0,244,437,23,1,0,266
v1,3,1791230465127089,b097ef0536bef82c:0x3344b,0,1,0,3,2,57,1,1,0,22731,85844,10,4519,17156,934,3,32,9121
v1,4,1791230465229126,b097ef0536bef82c:0x307ff,0,1,0,4,1,55,2,0,0,11391,85844,10,2312,17156,934,3,32,9121
v1,5,1791230465233043,b097ef0536bef82c:0x3b0b3,0,1,0,5,2,54,2,2,0,54579,85844,10,10975,17156,934,3,32,9121
v1,6,1791230465240781,b097ef0536bef82c:0x3f2b3,0,1,0,6,1,53,12,6,0,71475,85844,10,14356,17156,934,3,32,9121
v1,7,1791230465301550,b097ef0536bef82c:0x3bfcd,0,1,0,7,1,49,22,10,0,58445,85844,10,11723,17156,934,3,32,9121
v1,8,1791230465342141,b097ef0536bef82c:0x375bb,0,1,0,8,1,47,12,6,0,39483,85844,10,7910,17156,934,3,32,9121
v1,9,1791230465346843,b097ef0536bef82c:0x37686,0,0,0,9,1,47,4,4,0,39686,85844,10,7950,17156,934,3,32,9121
v1,10,1791230465370784,b097ef0536bef82c:0x30b0f,0,1,0,10,1,44,5,5,0,12175,85844,10,2466,17156,934,3,32,9121
v1,11,1791230465376146,b097ef0536bef82c:0x319f3,0,0,0,11,1,41,6,6,0,15987,85844,10,3202,17156,934,3,32,9121
v1,12,1791230465386671,b097ef0536bef82c:0x31f3b,0,1,0,12,1,39,7,7,0,17339,85844,10,3467,17156,934,3,32,9121
v1,13,1791230465422776,b097ef0536bef82c:0x2e610,0,1,0,13,3,33,4,0,0,2704,85844,10,545,17156,934,3,32,9121
v1,14,1791230465454247,b097ef0536bef82c:0x30a23,0,0,0,14,5,18,2,0,0,11939,85844,10,2423,17156,934,3,32,9121
v1,15,1791230465457853,b097ef0536bef82c:0x30a6b,0,0,0,15,5,17,2,0,0,12011,85844,10,2436,17156,934,3,32,9121
v1,16,1791230465466009,b097ef0536bef82c:0x33eb5,0,0,0,16,5,16,2,2,0,25397,85844,10,5069,17156,934,3,32,9121
v1,17,1791230465475091,b097ef0536bef82c:0x33ff7,0,0,0,17,5,15,0,2,0,25719,85844,10,5134,17156,934,3,32,9121
v1,18,1791230465478865,b097ef0536bef82c:0x3403e,0,0,0,18,5,15,2,2,0,25790,85844,10,5148,17156,934,3,32,9121
v1,19,1791230465482431,b097ef0536bef82c:0x34080,0,1,0,19,5,14,2,2,0,25856,85844,10,5160,17156,934,3,32,9121
v1,20,1791230465508733,b097ef0536bef82c:0x3443f,0,0,0,20,5,21,150,46,0,26815,85844,10,5352,17156,934,3,32,9121
v1,21,1791230465539135,b097ef0536bef82c:0x3443f,0,1,0,21,5,22,150,46,0,26815,85844,10,5352,17156,934,3,32,9121
v1,22,1791230465812936,b097ef0536bef82c:0x2fdd5,0,0,0,22,3,33,20,2,0,8789,85844,10,1796,17156,934,3,32,9121
v1,1,1791230469996375,b097ef0536bef82c:0xafb3,0,1,0,1,1,60,1,0,0,355,2272,0,70,437,23,1,0,266
v1,2,1791230470009885,b097ef0536bef82c:0xb355,0,0,0,2,1,59,2,0,0,1285,2272,0,244,437,23,1,0,266
v1,3,1791230470171460,b097ef0536bef82c:0x3344b,0,1,0,3,2,58,1,1,0,22731,85844,10,4519,17156,934,3,32,9121
v1,4,1791230470271788,b097ef0536bef82c:0x307ff,0,1,0,4,1,56,2,0,0,11391,85844,10,2312,17156,934,3,32,9121
v1,5,1791230470275524,b097ef0536bef82c:0x3b0b3,0,1,0,5,2,55,2,2,0,54579,85844,10,10975,17156,934,3,32,9121
v1,6,1791230470283087,b097ef0536bef82c:0x3f2b3,0,1,0,6,1,54,12,6,0,71475,85844,10,14356,17156,934,3,32,9121
v1,7,1791230470339073,b097ef0536bef82c:0x3bfcd,0,1,0,7,1,50,22,10,0,58445,85844,10,11723,17156,934,3,32,9121
v1,8,1791230470379003,b097ef0536bef82c:0x375bb,0,1,0,8,1,48,12,6,0,39483,85844,10,7910,17156,934,3,32,9121
v1,9,1791230470383580,b097ef0536bef82c:0x37686,0,0,0,9,1,48,4,4,0,39686,85844,10,7950,17156,934,3,32,9121
v1,10,1791230470406968,b097ef0536bef82c:0x30b0f,0,1,0,10,1,45,5,5,0,12175,85844,10,2466,17156,934,3,32,9121
v1,11,1791230470412187,b097ef0536bef82c:0x319f3,0,0,0,11,1,42,6,6,0,15987,85844,10,3202,17156,934,3,32,9121
v1,12,1791230470422842,b097ef0536bef82c:0x31f3b,0,1,0,12,1,40,7,7,0,17339,85844,10,3467,17156,934,3,32,9121
v1,13,1791230470458611,b097ef0536bef82c:0x2e610,0,1,0,13,3,34,4,0,0,2704,85844,10,545,17156,934,3,32,9121
v1,14,1791230470489920,b097ef0536bef82c:0x30a23,0,0,0,14,5,19,2,0,0,11939,85844,10,2423,17156,934,3,32,9121
v1,15,1791230470493537,b097ef0536bef82c:0x30a6b,0,0,0,15,5,18,2,0,0,12011,85844,10,2436,17156,934,3,32,9121
v1,16,1791230470501701,b097ef0536bef82c:0x33eb5,0,0,0,16,5,17,2,2,0,25397,85844,10,5069,17156,934,3,32,9121
v1,17,1791230470510290,b097ef0536bef82c:0x33ff7,0,0,0,17,5,16,0,2,0,25719,85844,10,5134,17156,934,3,32,9121
v1,18,1791230470514064,b097ef0536bef82c:0x3403e,0,0,0,18,5,16,2,2,0,25790,85844,10,5148,17156,934,3,32,9121
v1,19,1791230470517591,b097ef0536bef82c:0x34080,0,1,0,19,5,15,2,2,0,25856,85844,10,5160,17156,934,3,32,9121
v1,20,1791230470542798,b097ef0536bef82c:0x3443f,0,0,0,20,5,23,150,46,0,26815,85844,10,5352,17156,934,3,32,9121
v1,21,1791230470572340,b097ef0536bef82c:0x3443f,0,1,0,21,5,24,150,46,0,26815,85844,10,5352,17156,934,3,32,9121
v1,22,1791230470780675,b097ef0536bef82c:0x2fdd5,0,1,0,22,3,34,20,2,0,8789,85844,10,1796,17156,934,3,32,9121
v1,1,1791230475763088,b097ef0536bef82c:0xafb3,0,1,0,1,1,61,1,0,0,355,2272,0,70,437,23,1,0,266
v1,2,1791230475859337,b097ef0536bef82c:0xb355,0,0,0,2,1,60,2,0,0,1285,2272,0,244,437,23,1,0,266
v1,3,1791230476023212,b097ef0536bef82c:0x3344b,0,1,0,3,2,59,1,1,0,22731,85844,10,4519,17156,934,3,32,9121
v1,4,1791230476125455,b097ef0536bef82c:0x307ff,0,1,0,4,1,57,2,0,0,11391,85844,10,2312,17156,934,3,32,9121
v1,5,1791230476129366,b097ef0536bef82c:0x3b0b3,0,1,0,5,2,56,2,2,0,54579,85844,10,10975,17156,934,3,32,9121
v1,6,1791230476137082,b097ef0536bef82c:0x3f2b3,0,1,0,6,1,55,12,6,0,71475,85844,10,14356,17156,934,3,32,9121
v1,7,1791230476194013,b097ef0536bef82c:0x3bfcd,0,1,0,7,1,51,22,10,0,58445,85844,10,11723,17156,934,3,32,9121
v1,8,1791230476233601,b097ef0536bef82c:0x375bb,0,1,0,8,1,49,12,6,0,39483,85844,10,7910,17156,934,3,32,9121
v1,9,1791230476238195,b097ef0536bef82c:0x37686,0,0,0,9,1,49,4,4,0,39686,85844,10,7950,17156,934,3,32,9121
v1,10,1791230476261796,b097ef0536bef82c:0x30b0f,0,1,0,10,1,46,5,5,0,12175,85844,10,2466,17156,934,3,32,9121
v1,11,1791230476267148,b097ef0536bef82c:0x319f3,0,0,0,11,1,43,6,6,0,15987,85844,10,3202,17156,934,3,32,9121
v1,12,1791230476277537,b097ef0536bef82c:0x31f3b,0,1,0,12,1,41,7,7,0,17339,85844,10,3467,17156,934,3,32,9121
v1,13,1791230476313139,b097ef0536bef82c:0x2e610,0,0,0,13,3,35,4,0,0,2704,85844,10,545,17156,934,3,32,9121
v1,14,1791230476316638,b097ef0536bef82c:0x2e653,0,0,0,14,3,13,4,0,0,2771,85844,10,558,17156,934,3,32,9121
v1,15,1791230476320180,b097ef0536bef82c:0x2e697,0,0,0,15,3,12,39,12,0,2839,85844,10,571,17156,934,3,32,9121
v1,16,1791230476368190,b097ef0536bef82c:0x3747d,1,0,0,16,7,0,1,0,0,39165,85844,10,7846,17156,934,3,32,9121
v1,17,1791230476436815,b097ef0536bef82c:0x2fdd5,1,0,9,17,3,35,21,2,0,8789,85844,10,1796,17156,934,3,32,9121
v1,1,1791230481694589,b097ef0536bef82c:0xafb3,0,1,0,1,1,62,1,0,0,355,2272,0,70,437,23,1,0,266
v1,2,1791230481801617,b097ef0536bef82c:0xb355,0,0,0,2,1,61,2,0,0,1285,2272,0,244,437,23,1,0,266
v1,3,1791230481965059,b097ef0536bef82c:0x3344b,0,1,0,3,2,60,1,1,0,22731,85844,10,4519,17156,934,3,32,9121
v1,4,1791230482066206,b097ef0536bef82c:0x307ff,0,1,0,4,1,58,2,0,0,11391,85844,10,2312,17156,934,3,32,9121
v1,5,1791230482070027,b097ef0536bef82c:0x3b0b3,0,1,0,5,2,57,2,2,0,54579,85844,10,10975,17156,934,3,32,9121
v1,6,1791230482077772,b097ef0536bef82c:0x3f2b3,0,1,0,6,1,56,12,6,0,71475,85844,10,14356,17156,934,3,32,9121
v1,7,1791230482134343,b097ef0536bef82c:0x3bfcd,0,1,0,7,1,52,22,10,0,58445,85844,10,11723,17156,934,3,32,9121
v1,8,1791230482174382,b097ef0536bef82c:0x375bb,0,1,0,8,1,50,12,6,0,39483,85844,10,7910,17156,934,3,32,9121
v1,9,1791230482179009,b097ef0536bef82c:0x37686,0,0,0,9,1,50,4,4,0,39686,85844,10,7950,17156,934,3,32,9121
v1,10,1791230482202643,b097ef0536bef82c:0x30b0f,0,1,0,10,1,47,5,5,0,12175,85844,10,2466,17156,934,3,32,9121
v1,11,1791230482208031,b097ef0536bef82c:0x319f3,0,0,0,11,1,44,6,6,0,15987,85844,10,3202,17156,934,3,32,9121
v1,12,1791230482218757,b097ef0536bef82c:0x31f3b,0,1,0,12,1,42,7,7,0,17339,85844,10,3467,17156,934,3,32,9121
v1,13,1791230482255016,b097ef0536bef82c:0x2e610,0,1,0,13,3,36,4,0,0,2704,85844,10,545,17156,934,3,32,9121
v1,14,1791230482286406,b097ef0536bef82c:0x30a23,0,0,0,14,5,20,2,0,0,11939,85844,10,2423,17156,934,3,32,9121
v1,15,1791230482290007,b097ef0536bef82c:0x30a6b,0,0,0,15,5,19,2,0,0,12011,85844,10,2436,17156,934,3,32,9121
v1,16,1791230482298139,b097ef0536bef82c:0x33eb5,0,0,0,16,5,18,2,2,0,25397,85844,10,5069,17156,934,3,32,9121
v1,17,1791230482307093,b097ef0536bef82c:0x33ff7,0,0,0,17,5,17,0,2,0,25719,85844,10,5134,17156,934,3,32,9121
v1,18,1791230482310648,b097ef0536bef82c:0x3403e,0,0,0,18,5,17,2,2,0,25790,85844,10,5148,17156,934,3,32,9121
v1,19,1791230482314107,b097ef0536bef82c:0x34080,0,0,0,19,5,16,2,2,0,25856,85844,10,5160,17156,934,3,32,9121
v1,20,1791230482347090,b097ef0536bef82c:0x3443f,0,1,0,20,5,25,150,46,0,26815,85844,10,5352,17156,934,3,32,9121
v1,21,1791230482653017,b097ef0536bef82c:0x2fdd5,0,0,0,21,3,36,21,2,0,8789,85844,10,1796,17156,934,3,32,9121
v1,1,1791230488241937,b097ef0536bef82c:0xafb3,0,1,0,1,1,63,1,0,0,355,2272,0,70,437,23,1,0,266
v1,2,1791230488367749,b097ef0536bef82c:0xb355,0,0,0,2,1,62,2,0,0,1285,2272,0,244,437,23,1,0,266
v1,3,1791230488530859,b097ef0536bef82c:0x3344b,0,1,0,3,2,61,1,1,0,22731,85844,10,4519,17156,934,3,32,9121
v1,4,1791230488631620,b097ef0536bef82c:0x307ff,0,1,0,4,1,59,2,0,0,11391,85844,10,2312,17156,934,3,32,9121
v1,5,1791230488635404,b097ef0536bef82c:0x3b0b3,0,1,0,5,2,58,2,2,0,54579,85844,10,10975,17156,934,3,32,9121
v1,6,1791230488643062,b097ef0536bef82c:0x3f2b3,0,1,0,6,1,57,12,6,0,71475,85844,10,14356,17156,934,3,32,9121
v1,7,1791230488699868,b097ef0536bef82c:0x3bfcd,0,1,0,7,1,53,22,10,0,58445,85844,10,11723,17156,934,3,32,9121
v1,8,1791230488739617,b097ef0536bef82c:0x375bb,0,1,0,8,1,51,12,6,0,39483,85844,10,7910,17156,934,3,32,9121
v1,9,1791230488744190,b097ef0536bef82c:0x37686,0,0,0,9,1,51,4,4,0,39686,85844,10,7950,17156,934,3,32,9121
v1,10,1791230488767586,b097ef0536bef82c:0x30b0f,0,1,0,10,1,48,5,5,0,12175,85844,10,2466,17156,934,3,32,9121
v1,11,1791230488772844,b097ef0536bef82c:0x319f3,0,0,0,11,1,45,6,6,0,15987,85844,10,3202,17156,934,3,32,9121
v1,12,1791230488783310,b097ef0536bef82c:0x31f3b,0,1,0,12,1,43,7,7,0,17339,85844,10,3467,17156,934,3,32,9121
v1,13,1791230488819384,b097ef0536bef82c:0x2e610,0,0,0,13,3,37,4,0,0,2704,85844,10,545,17156,934,3,32,9121
v1,14,1791230488822931,b097ef0536bef82c:0x2e653,0,0,0,14,3,14,4,0,0,2771,85844,10,558,17156,934,3,32,9121
v1,15,1791230488826426,b097ef0536bef82c:0x2e697,0,1,0,15,3,13,39,12,0,2839,85844,10,571,17156,934,3,32,9121
v1,16,1791230488935788,b097ef0536bef82c:0x2e4e2,0,1,0,16,3,3,1,0,0,2402,85844,10,482,17156,934,3,32,9121
v1,17,1791230488993865,b097ef0536bef82c:0x36b15,0,1,0,17,2,1,1,1,0,36757,85844,10,7360,17156,934,3,32,9121
v1,18,1791230488997711,b097ef0536bef82c:0x36bc4,0,1,0,18,10,1,1,0,0,36932,85844,10,7398,17156,934,3,32,9121
v1,19,1791230489012311,b097ef0536bef82c:0x31b66,0,0,0,19,2,1,1,1,0,16358,85844,10,3272,17156,934,3,32,9121
v1,20,1791230489048402,b097ef0536bef82c:0x2fdd5,0,1,0,20,3,37,21,2,0,8789,85844,10,1796,17156,934,3,32,9121
v1,1,1791230494781447,b097ef0536bef82c:0xafb3,0,1,0,1,1,64,1,0,0,355,2272,0,70,437,23,1,0,266
v1,2,1791230494899446,b097ef0536bef82c:0xb355,0,0,0,2,1,63,2,0,0,1285,2272,0,244,437,23,1,0,266
v1,3,1791230495062556,b097ef0536bef82c:0x3344b,0,1,0,3,2,62,1,1,0,22731,85844,10,4519,17156,934,3,32,9121
v1,4,1791230495164607,b097ef0536bef82c:0x307ff,0,1,0,4,1,60,2,0,0,11391,85844,10,2312,17156,934,3,32,9121
v1,5,1791230495168434,b097ef0536bef82c:0x3b0b3,0,1,0,5,2,59,2,2,0,54579,85844,10,10975,17156,934,3,32,9121
v1,6,1791230495176074,b097ef0536bef82c:0x3f2b3,0,1,0,6,1,58,12,6,0,71475,85844,10,14356,17156,934,3,32,9121
v1,7,1791230495233075,b097ef0536bef82c:0x3bfcd,0,1,0,7,1,54,22,10,0,58445,85844,10,11723,17156,934,3,32,9121
v1,8,1791230495272503,b097ef0536bef82c:0x375bb,0,1,0,8,1,52,12,6,0,39483,85844,10,7910,17156,934,3,32,9121
v1,9,1791230495277071,b097ef0536bef82c:0x37686,0,0,0,9,1,52,4,4,0,39686,85844,10,7950,17156,934,3,32,9121
v1,10,1791230495300648,b097ef0536bef82c:0x30b0f,0,1,0,10,1,49,5,5,0,12175,85844,10,2466,17156,934,3,32,9121
v1,11,1791230495305974,b097ef0536bef82c:0x319f3,0,0,0,11,1,46,6,6,0,15987,85844,10,3202,17156,934,3,32,9121
v1,12,1791230495316624,b097ef0536bef82c:0x31f3b,0,1,0,12,1,44,7,7,0,17339,85844,10,3467,17156,934,3,32,9121
v1,13,1791230495352958,b097ef0536bef82c:0x2e610,0,0,0,13,3,38,4,0,0,2704,85844,10,545,17156,934,3,32,9121
v1,14,1791230495356478,b097ef0536bef82c:0x2e653,0,0,0,14,3,15,4,0,0,2771,85844,10,558,17156,934,3,32,9121
v1,15,1791230495359936,b097ef0536bef82c:0x2e697,0,1,0,15,3,14,39,12,0,2839,85844,10,571,17156,934,3,32,9121
v1,16,1791230495618349,b097ef0536bef82c:0x2e894,1,1,0,16,8,0,0,2,0,3348,85844,10,672,17156,934,3,32,9121
v1,17,1791230495688686,b097ef0536bef82c:0x38053,1,0,1,17,8,0,0,2,0,42195,85844,10,8474,17156,934,3,32,9121
v1,18,1791230495711879,b097ef0536bef82c:0x380e5,1,0,1,18,8,0,0,2,0,42341,85844,10,8503,17156,934,3,32,9121
v1,19,1791230495726733,b097ef0536bef82c:0x380ec,1,0,1,19,8,0,0,2,0,42348,85844,10,8505,17156,934,3,32,9121
v1,20,1791230495762537,b097ef0536bef82c:0x38146,1,0,39,20,8,0,0,2,0,42438,85844,10,8524,17156,934,3,32,9121
v1,21,1791230495797263,b097ef0536bef82c:0x3819b,1,0,42,21,8,0,0,2,0,42523,85844,10,8541,17156,934,3,32,9121
v1,22,1791230495832296,b097ef0536bef82c:0x381f4,1,0,45,22,8,0,0,2,0,42612,85844,10,8559,17156,934,3,32,9121
v1,23,1791230495867177,b097ef0536bef82c:0x3824b,1,0,48,23,8,0,0,2,0,42699,85844,10,8577,17156,934,3,32,9121
v1,24,1791230495902043,b097ef0536bef82c:0x382a3,1,0,51,24,8,0,1,1,0,42787,85844,10,8595,17156,934,3,32,9121
v1,25,1791230495937911,b097ef0536bef82c:0x382fc,1,0,54,25,8,0,1,1,0,42876,85844,10,8613,17156,934,3,32,9121
v1,26,1791230495974041,b097ef0536bef82c:0x38353,1,0,57,26,8,0,1,1,0,42963,85844,10,8631,17156,934,3,32,9121
v1,27,1791230496011717,b097ef0536bef82c:0x383ab,1,0,60,27,8,0,1,1,0,43051,85844,10,8649,17156,934,3,32,9121
v1,28,1791230496049396,b097ef0536bef82c:0x38404,1,0,63,28,8,0,1,1,0,43140,85844,10,8667,17156,934,3,32,9121
v1,29,1791230496086629,b097ef0536bef82c:0x3845b,1,0,66,29,8,0,1,1,0,43227,85844,10,8685,17156,934,3,32,9121
v1,30,1791230496124145,b097ef0536bef82c:0x384b3,1,0,69,30,8,0,1,1,0,43315,85844,10,8703,17156,934,3,32,9121
v1,31,1791230496162399,b097ef0536bef82c:0x3850c,1,1,72,31,8,0,1,1,0,43404,85844,10,8721,17156,934,3,32,9121
v1,32,1791230496173388,b097ef0536bef82c:0x3866e,1,0,1,32,8,0,0,2,0,43758,85844,10,8796,17156,934,3,32,9121
v1,33,1791230496240928,b097ef0536bef82c:0x386d4,1,0,78,33,8,0,0,2,0,43860,85844,10,8816,17156,934,3,32,9121
v1,34,1791230496249313,b097ef0536bef82c:0x38716,1,0,1,34,8,0,0,2,0,43926,85844,10,8829,17156,934,3,32,9121
v1,35,1791230496257251,b097ef0536bef82c:0x38757,1,0,1,35,8,0,0,2,0,43991,85844,10,8841,17156,934,3,32,9121
v1,36,1791230496265298,b097ef0536bef82c:0x3879b,1,0,1,36,8,0,0,2,0,44059,85844,10,8854,17156,934,3,32,9121
v1,37,1791230496273474,b097ef0536bef82c:0x387df,1,0,1,37,8,0,0,2,0,44127,85844,10,8867,17156,934,3,32,9121
v1,38,1791230496282209,b097ef0536bef82c:0x38823,1,0,1,38,8,0,0,2,0,44195,85844,10,8880,17156,934,3,32,9121
v1,39,1791230496290318,b097ef0536bef82c:0x38867,1,0,1,39,8,0,0,2,0,44263,85844,10,8893,17156,934,3,32,9121
v1,40,1791230496299421,b097ef0536bef82c:0x388ab,1,1,1,40,8,0,0,2,0,44331,85844,10,8906,17156,934,3,32,9121
v1,41,1791230496691953,b097ef0536bef82c:0x38acd,1,0,111,41,8,0,0,2,0,44877,85844,10,9008,17156,934,3,32,9121
v1,42,1791230497211481,b097ef0536bef82c:0x38bf2,1,0,131,42,8,0,0,2,0,45170,85844,10,9060,17156,934,3,32,9121
v1,43,1791230497226619,b097ef0536bef82c:0x38c79,1,0,1,43,8,0,0,2,0,45305,85844,10,9086,17156,934,3,32,9121
v1,44,1791230497308666,b097ef0536bef82c:0x38cf9,1,0,139,44,8,0,0,2,0,45433,85844,10,9111,17156,934,3,32,9121
v1,45,1791230497392980,b097ef0536bef82c:0x38d44,1,0,143,45,8,0,0,2,0,45508,85844,10,9126,17156,934,3,32,9121
v1,46,1791230497475367,b097ef0536bef82c:0x38d90,1,0,147,46,8,0,0,2,0,45584,85844,10,9141,17156,934,3,32,9121
v1,47,1791230497557493,b097ef0536bef82c:0x38ddc,1,0,151,47,8,0,0,2,0,45660,85844,10,9156,17156,934,3,32,9121
v1,48,1791230497640566,b097ef0536bef82c:0x38e26,1,0,155,48,8,0,0,2,0,45734,85844,10,9171,17156,934,3,32,9121
v1,49,1791230497724985,b097ef0536bef82c:0x38e6e,1,1,158,49,8,0,0,2,0,45806,85844,10,9185,17156,934,3,32,9121
v1,50,1791230498038410,b097ef0536bef82c:0x2fcff,1,0,165,50,2,4,3,3,0,8575,85844,10,1754,17156,934,3,32,9121
v1,51,1791230498045220,b097ef0536bef82c:0x5a17d,1,0,1,51,2,4,2,6,0,141,5904,0,32,1245,33,2,0,521
v1,52,1791230498264110,b097ef0536bef82c:0x2fdd5,1,1,50,52,3,38,22,2,0,8789,85844,10,1796,17156,934,3,32,9121
v1,1,1791230505569823,b097ef0536bef82c:0xafb3,0,1,0,1,1,65,1,0,0,355,2272,0,70,437,23,1,0,266
v1,2,1791230505665619,b097ef0536bef82c:0xb355,0,0,0,2,1,64,2,0,0,1285,2272,0,244,437,23,1,0,266
v1,3,1791230505828405,b097ef0536bef82c:0x3344b,0,1,0,3,2,63,1,1,0,22731,85844,10,4519,17156,934,3,32,9121
v1,4,1791230505929188,b097ef0536bef82c:0x307ff,0,1,0,4,1,61,2,0,0,11391,85844,10,2312,17156,934,3,32,9121
v1,5,1791230505932977,b097ef0536bef82c:0x3b0b3,0,1,0,5,2,60,2,2,0,54579,85844,10,10975,17156,934,3,32,9121
v1,6,1791230505940845,b097ef0536bef82c:0x3f2b3,0,1,0,6,1,59,12,6,0,71475,85844,10,14356,17156,934,3,32,9121
v1,7,1791230505997473,b097ef0536bef82c:0x3bfcd,0,1,0,7,1,55,22,10,0,58445,85844,10,11723,17156,934,3,32,9121
v1,8,1791230506037193,b097ef0536bef82c:0x375bb,0,1,0,8,1,53,12,6,0,39483,85844,10,7910,17156,934,3,32,9121
v1,9,1791230506041838,b097ef0536bef82c:0x37686,0,0,0,9,1,53,4,4,0,39686,85844,10,7950,17156,934,3,32,9121
v1,10,1791230506065618,b097ef0536bef82c:0x30b0f,0,1,0,10,1,50,5,5,0,12175,85844,10,2466,17156,934,3,32,9121
v1,11,1791230506070802,b097ef0536bef82c:0x319f3,0,0,0,11,1,47,6,6,0,15987,85844,10,3202,17156,934,3,32,9121
v1,12,1791230506081491,b097ef0536bef82c:0x31f3b,0,1,0,12,1,45,7,7,0,17339,85844,10,3467,17156,934,3,32,9121
v1,13,1791230506117829,b097ef0536bef82c:0x2e610,0,0,0,13,3,39,4,0,0,2704,85844,10,545,17156,934,3,32,9121
v1,14,1791230506121439,b097ef0536bef82c:0x2e653,0,0,0,14,3,16,4,0,0,2771,85844,10,558,17156,934,3,32,9121
v1,15,1791230506125120,b097ef0536bef82c:0x2e697,0,1,0,15,3,15,39,12,0,2839,85844,10,571,17156,934,3,32,9121
v1,16,1791230506469133,b097ef0536bef82c:0x2fcff,0,0,0,16,2,5,3,3,0,8575,85844,10,1754,17156,934,3,32,9121
v1,17,1791230506473067,b097ef0536bef82c:0x5a17d,0,0,0,17,2,5,42,22,0,141,5904,0,32,1245,33,2,0,521
v1,18,1791230506667081,b097ef0536bef82c:0x2fdd5,0,1,0,18,3,39,22,2,0,8789,85844,10,1796,17156,934,3,32,9121
v1,1,1791230512997059,b097ef0536bef82c:0xafb3,0,1,0,1,1,66,1,0,0,355,2272,0,70,437,23,1,0,266
v1,2,1791230513156665,b097ef0536bef82c:0xb355,0,0,0,2,1,65,2,0,0,1285,2272,0,244,437,23,1,0,266
v1,3,1791230513319028,b097ef0536bef82c:0x3344b,0,1,0,3,2,64,1,1,0,22731,85844,10,4519,17156,934,3,32,9121
v1,4,1791230513419819,b097ef0536bef82c:0x307ff,0,1,0,4,1,62,2,0,0,11391,85844,10,2312,17156,934,3,32,9121
v1,5,1791230513423643,b097ef0536bef82c:0x3b0b3,0,1,0,5,2,61,2,2,0,54579,85844,10,10975,17156,934,3,32,9121
v1,6,1791230513431306,b097ef0536bef82c:0x3f2b3,0,0,0,6,1,60,12,6,0,71475,85844,10,14356,17156,934,3,32,9121
v1,7,1791230513496711,b097ef0536bef82c:0x3bfcd,0,0,0,7,1,56,22,10,0,58445,85844,10,11723,17156,934,3,32,9121
v1,8,1791230513564206,b097ef0536bef82c:0x375bb,0,0,0,8,1,54,12,6,0,39483,85844,10,7910,17156,934,3,32,9121
v1,9,1791230513575346,b097ef0536bef82c:0x37686,0,0,0,9,1,54,4,4,0,39686,85844,10,7950,17156,934,3,32,9121
v1,10,1791230513598895,b097ef0536bef82c:0x30b0f,0,1,0,10,1,51,5,5,0,12175,85844,10,2466,17156,934,3,32,9121
v1,11,1791230513604215,b097ef0536bef82c:0x319f3,0,1,0,11,1,48,6,6,0,15987,85844,10,3202,17156,934,3,32,9121
v1,12,1791230513616261,b097ef0536bef82c:0x3249d,0,0,0,12,1,4,3,0,0,18717,85844,10,3738,17156,934,3,32,9121
v1,13,1791230513638240,b097ef0536bef82c:0x3289a,1,0,0,13,1,1,2,0,0,19738,85844,10,3933,17156,934,3,32,9121
v1,14,1791230513724038,b097ef0536bef82c:0x32a2e,1,0,1,14,1,0,1,0,0,20142,85844,10,4010,17156,934,3,32,9121
v1,15,1791230513742627,b097ef0536bef82c:0x32c46,1,1,1,15,1,1,2,0,0,20678,85844,10,4114,17156,934,3,32,9121
v1,16,1791230513745466,b097ef0536bef82c:0x330c5,1,0,1,16,1,4,107,17,0,21829,85844,10,4342,17156,934,3,32,9121
v1,17,1791230513896666,b097ef0536bef82c:0x33185,1,0,1,17,1,4,5,5,0,22021,85844,10,4380,17156,934,3,32,9121
v1,18,1791230513906153,b097ef0536bef82c:0x31f3b,1,0,1,18,1,46,8,8,0,17339,85844,10,3467,17156,934,3,32,9121
v1,19,1791230513937002,b097ef0536bef82c:0x3a278,1,0,1,19,3,2,3,0,0,50936,85844,10,10241,17156,934,3,32,9121
v1,1,1791230520468170,b097ef0536bef82c:0xafb3,0,1,0,1,1,67,1,0,0,355,2272,0,70,437,23,1,0,266
v1,2,1791230520619455,b097ef0536bef82c:0xb355,0,0,0,2,1,66,2,0,0,1285,2272,0,244,437,23,1,0,266
v1,3,1791230520786954,b097ef0536bef82c:0x3344b,0,1,0,3,2,65,1,1,0,22731,85844,10,4519,17156,934,3,32,9121
v1,4,1791230520890504,b097ef0536bef82c:0x307ff,0,1,0,4,1,63,2,0,0,11391,85844,10,2312,17156,934,3,32,9121
v1,5,1791230520894555,b097ef0536bef82c:0x3b0b3,0,1,0,5,2,62,2,2,0,54579,85844,10,10975,17156,934,3,32,9121
v1,6,1791230520902255,b097ef0536bef82c:0x3f2b3,0,1,0,6,1,61,12,6,0,71475,85844,10,14356,17156,934,3,32,9121
v1,7,1791230520962476,b097ef0536bef82c:0x3bfcd,0,1,0,7,1,57,22,10,0,58445,85844,10,11723,17156,934,3,32,9121
v1,8,1791230521002333,b097ef0536bef82c:0x375bb,0,1,0,8,1,55,12,6,0,39483,85844,10,7910,17156,934,3,32,9121
v1,9,1791230521006917,b097ef0536bef82c:0x37686,0,0,0,9,1,55,4,4,0,39686,85844,10,7950,17156,934,3,32,9121
v1,10,1791230521030269,b097ef0536bef82c:0x30b0f,0,0,0,10,1,52,5,5,0,12175,85844,10,2466,17156,934,3,32,9121
v1,11,1791230521042170,b097ef0536bef82c:0x30cbd,0,0,0,11,1,5,3,0,0,12605,85844,10,2549,17156,934,3,32,9121
v1,12,1791230521064688,b097ef0536bef82c:0x310ba,1,0,0,12,1,1,2,0,0,13626,85844,10,2744,17156,934,3,32,9121
v1,13,1791230521146649,b097ef0536bef82c:0x3124e,1,0,1,13,1,0,1,0,0,14030,85844,10,2821,17156,934,3,32,9121
v1,14,1791230521215530,b097ef0536bef82c:0x31466,1,0,1,14,1,1,2,0,0,14566,85844,10,2924,17156,934,3,32,9121
v1,15,1791230521225807,b097ef0536bef82c:0x315cf,1,0,1,15,1,0,1,0,0,14927,85844,10,2995,17156,934,3,32,9121
v1,16,1791230521236238,b097ef0536bef82c:0x31737,1,0,1,16,1,0,1,0,0,15287,85844,10,3067,17156,934,3,32,9121
v1,17,1791230521246242,b097ef0536bef82c:0x3189f,1,0,1,17,1,0,1,0,0,15647,85844,10,3138,17156,934,3,32,9121
v1,18,1791230521251996,b097ef0536bef82c:0x318e5,1,0,1,18,1,5,52,14,0,15717,85844,10,3151,17156,934,3,32,9121
v1,19,1791230521262298,b097ef0536bef82c:0x31965,1,0,1,19,1,5,6,6,0,15845,85844,10,3176,17156,934,3,32,9121
v1,20,1791230521272839,b097ef0536bef82c:0x319f3,1,0,1,20,1,49,7,7,0,15987,85844,10,3202,17156,934,3,32,9121
v1,21,1791230521287154,b097ef0536bef82c:0x31f3b,1,1,1,21,1,47,9,9,0,17339,85844,10,3467,17156,934,3,32,9121
v1,1,1791230526195436,b097ef0536bef82c:0xafb3,0,1,0,1,1,68,1,0,0,355,2272,0,70,437,23,1,0,266
v1,2,1791230526254967,b097ef0536bef82c:0xb355,0,0,0,2,1,67,2,0,0,1285,2272,0,244,437,23,1,0,266
v1,3,1791230526418072,b097ef0536bef82c:0x3344b,0,1,0,3,2,66,1,1,0,22731,85844,10,4519,17156,934,3,32,9121
v1,4,1791230526520307,b097ef0536bef82c:0x307ff,0,1,0,4,1,64,2,0,0,11391,85844,10,2312,17156,934,3,32,9121
v1,5,1791230526524091,b097ef0536bef82c:0x3b0b3,0,1,0,5,2,63,2,2,0,54579,85844,10,10975,17156,934,3,32,9121
v1,6,1791230526531803,b097ef0536bef82c:0x3f2b3,0,1,0,6,1,62,12,6,0,71475,85844,10,14356,17156,934,3,32,9121
v1,7,1791230526588560,b097ef0536bef82c:0x3bfcd,0,1,0,7,1,58,22,10,0,58445,85844,10,11723,17156,934,3,32,9121
v1,8,1791230526628578,b097ef0536bef82c:0x375bb,0,1,0,8,1,56,12,6,0,39483,85844,10,7910,17156,934,3,32,9121
v1,9,1791230526633173,b097ef0536bef82c:0x37686,0,0,0,9,1,56,4,4,0,39686,85844,10,7950,17156,934,3,32,9121
v1,10,1791230526656667,b097ef0536bef82c:0x30b0f,0,1,0,10,1,53,5,5,0,12175,85844,10,2466,17156,934,3,32,9121
v1,11,1791230526662117,b097ef0536bef82c:0x319f3,0,0,0,11,1,50,7,7,0,15987,85844,10,3202,17156,934,3,32,9121
v1,12,1791230526672785,b097ef0536bef82c:0x31f3b,0,1,0,12,1,48,9,9,0,17339,85844,10,3467,17156,934,3,32,9121
v1,13,1791230526708906,b097ef0536bef82c:0x2e610,0,0,0,13,3,40,4,0,0,2704,85844,10,545,17156,934,3,32,9121
v1,14,1791230526712222,b097ef0536bef82c:0x2e653,0,0,0,14,3,17,4,0,0,2771,85844,10,558,17156,934,3,32,9121
v1,15,1791230526715715,b097ef0536bef82c:0x2e697,0,1,0,15,3,16,39,12,0,2839,85844,10,571,17156,934,3,32,9121
v1,16,1791230526992040,b097ef0536bef82c:0x2e894,0,1,0,16,9,1,0,2,0,3348,85844,10,672,17156,934,3,32,9121
v1,17,1791230526992636,b097ef0536bef82c:0x38053,1,1,0,17,9,1,0,4,0,42195,85844,10,8474,17156,934,3,32,9121
v1,18,1791230527540231,b097ef0536bef82c:0x2fcff,1,0,51,18,2,6,4,4,0,8575,85844,10,1754,17156,934,3,32,9121
v1,19,1791230527546738,b097ef0536bef82c:0x5a17d,1,0,1,19,2,6,42,24,0,141,5904,0,32,1245,33,2,0,521
v1,20,1791230527759074,b097ef0536bef82c:0x2fdd5,1,1,50,20,3,40,23,2,0,8789,85844,10,1796,17156,934,3,32,9121
v1,1,1791230533482219,b097ef0536bef82c:0xafb3,0,1,0,1,1,69,1,0,0,355,2272,0,70,437,23,1,0,266
v1,2,1791230533561383,b097ef0536bef82c:0xb355,0,0,0,2,1,68,2,0,0,1285,2272,0,244,437,23,1,0,266
v1,3,1791230533723454,b097ef0536bef82c:0x3344b,0,1,0,3,2,67,1,1,0,22731,85844,10,4519,17156,934,3,32,9121
v1,4,1791230533824435,b097ef0536bef82c:0x307ff,0,1,0,4,1,65,2,0,0,11391,85844,10,2312,17156,934,3,32,9121
v1,5,1791230533828211,b097ef0536bef82c:0x3b0b3,0,1,0,5,2,64,2,2,0,54579,85844,10,10975,17156,934,3,32,9121
v1,6,1791230533835821,b097ef0536bef82c:0x3f2b3,0,0,0,6,1,63,12,6,0,71475,85844,10,14356,17156,934,3,32,9121
v1,7,1791230533901802,b097ef0536bef82c:0x3bfcd,0,0,0,7,1,59,22,10,0,58445,85844,10,11723,17156,934,3,32,9121
v1,8,1791230533969319,b097ef0536bef82c:0x375bb,0,0,0,8,1,57,12,6,0,39483,85844,10,7910,17156,934,3,32,9121
v1,9,1791230533980499,b097ef0536bef82c:0x37686,0,1,0,9,1,57,4,4,0,39686,85844,10,7950,17156,934,3,32,9121
v1,10,1791230534016340,b097ef0536bef82c:0x3c1db,0,0,0,10,1,3,12,6,0,58971,85844,10,11828,17156,934,3,32,9121
v1,11,1791230534033423,b097ef0536bef82c:0x36cfe,0,0,0,11,2,3,2,2,0,37246,85844,10,7460,17156,934,3,32,9121
v1,12,1791230534038017,b097ef0536bef82c:0x36d48,1,0,0,12,3,3,2,3,0,37320,85844,10,7475,17156,934,3,32,9121
v1,13,1791230534081804,b097ef0536bef82c:0x36d4e,1,1,1,13,3,0,1,1,0,37326,85844,10,7477,17156,934,3,32,9121
v1,14,1791230534091255,b097ef0536bef82c:0x36fdb,1,0,1,14,3,3,3,2,0,37979,85844,10,7607,17156,934,3,32,9121
v1,15,1791230534103303,b097ef0536bef82c:0x30b0f,1,0,1,15,1,54,6,6,0,12175,85844,10,2466,17156,934,3,32,9121
v1,16,1791230534119304,b097ef0536bef82c:0x30cbd,1,0,1,16,1,6,4,0,0,12605,85844,10,2549,17156,934,3,32,9121
v1,17,1791230534136218,b097ef0536bef82c:0x31466,1,0,1,17,1,2,3,0,0,14566,85844,10,2924,17156,934,3,32,9121
v1,18,1791230534146385,b097ef0536bef82c:0x315cf,1,0,1,18,1,1,2,0,0,14927,85844,10,2995,17156,934,3,32,9121
v1,19,1791230534155977,b097ef0536bef82c:0x31737,1,0,1,19,1,1,2,0,0,15287,85844,10,3067,17156,934,3,32,9121
v1,20,1791230534165583,b097ef0536bef82c:0x3189f,1,1,1,20,1,1,2,0,0,15647,85844,10,3138,17156,934,3,32,9121
v1,21,1791230534171811,b097ef0536bef82c:0x318e5,1,1,1,21,1,6,53,15,0,15717,85844,10,3151,17156,934,3,32,9121
v1,22,1791230534422285,b097ef0536bef82c:0x31965,1,1,1,22,1,6,7,7,0,15845,85844,10,3176,17156,934,3,32,9121
v1,1,1791230540266087,b097ef0536bef82c:0xafb3,0,1,0,1,1,70,1,0,0,355,2272,0,70,437,23,1,0,266
v1,2,1791230540348583,b097ef0536bef82c:0xb355,0,0,0,2,1,69,2,0,0,1285,2272,0,244,437,23,1,0,266
v1,3,1791230540510774,b097ef0536bef82c:0x3344b,0,1,0,3,2,68,1,1,0,22731,85844,10,4519,17156,934,3,32,9121
v1,4,1791230540611837,b097ef0536bef82c:0x307ff,0,1,0,4,1,66,2,0,0,11391,85844,10,2312,17156,934,3,32,9121
v1,5,1791230540615651,b097ef0536bef82c:0x3b0b3,0,1,0,5,2,65,2,2,0,54579,85844,10,10975,17156,934,3,32,9121
v1,6,1791230540623371,b097ef0536bef82c:0x3f2b3,0,1,0,6,1,64,12,6,0,71475,85844,10,14356,17156,934,3,32,9121
v1,7,1791230540679997,b097ef0536bef82c:0x3bfcd,0,1,0,7,1,60,22,10,0,58445,85844,10,11723,17156,934,3,32,9121
v1,8,1791230540719254,b097ef0536bef82c:0x375bb,0,1,0,8,1,58,12,6,0,39483,85844,10,7910,17156,934,3,32,9121
v1,9,1791230540723965,b097ef0536bef82c:0x37686,0,0,0,9,1,58,4,4,0,39686,85844,10,7950,17156,934,3,32,9121
v1,10,1791230540747749,b097ef0536bef82c:0x30b0f,0,1,0,10,1,55,6,6,0,12175,85844,10,2466,17156,934,3,32,9121
v1,11,1791230540753084,b097ef0536bef82c:0x319f3,0,0,0,11,1,51,7,7,0,15987,85844,10,3202,17156,934,3,32,9121
v1,12,1791230540763780,b097ef0536bef82c:0x31f3b,0,1,0,12,1,49,9,9,0,17339,85844,10,3467,17156,934,3,32,9121
v1,13,1791230540799630,b097ef0536bef82c:0x2e610,0,0,0,13,3,41,4,0,0,2704,85844,10,545,17156,934,3,32,9121
v1,14,1791230540803124,b097ef0536bef82c:0x2e653,0,0,0,14,3,18,4,0,0,2771,85844,10,558,17156,934,3,32,9121
v1,15,1791230540806626,b097ef0536bef82c:0x2e697,0,1,0,15,3,17,39,12,0,2839,85844,10,571,17156,934,3,32,9121
v1,16,1791230541044067,b097ef0536bef82c:0x2e894,1,0,0,16,8,2,0,4,0,3348,85844,10,672,17156,934,3,32,9121
v1,17,1791230541099664,b097ef0536bef82c:0x2e8da,1,1,1,17,8,0,0,2,0,3418,85844,10,686,17156,934,3,32,9121
v1,18,1791230541128998,b097ef0536bef82c:0x2fcff,1,0,1,18,2,7,5,5,0,8575,85844,10,1754,17156,934,3,32,9121
v1,19,1791230541135753,b097ef0536bef82c:0x5a17d,1,1,1,19,2,7,83,40,0,141,5904,0,32,1245,33,2,0,521
v1,20,1791230541149487,b097ef0536bef82c:0x2fdd5,1,1,43,20,3,41,24,2,0,8789,85844,10,1796,17156,934,3,32,9121
v1,1,1791230546792329,b097ef0536bef82c:0xafb3,0,1,0,1,1,71,1,0,0,355,2272,0,70,437,23,1,0,266
v1,2,1791230546920088,b097ef0536bef82c:0xb355,0,0,0,2,1,70,2,0,0,1285,2272,0,244,437,23,1,0,266
v1,3,1791230547084514,b097ef0536bef82c:0x3344b,0,1,0,3,2,69,1,1,0,22731,85844,10,4519,17156,934,3,32,9121
v1,4,1791230547185712,b097ef0536bef82c:0x307ff,0,1,0,4,1,67,2,0,0,11391,85844,10,2312,17156,934,3,32,9121
v1,5,1791230547189485,b097ef0536bef82c:0x3b0b3,0,1,0,5,2,66,2,2,0,54579,85844,10,10975,17156,934,3,32,9121
v1,6,1791230547196891,b097ef0536bef82c:0x3f2b3,0,1,0,6,1,65,12,6,0,71475,85844,10,14356,17156,934,3,32,9121
v1,7,1791230547253594,b097ef0536bef82c:0x3bfcd,0,1,0,7,1,61,22,10,0,58445,85844,10,11723,17156,934,3,32,9121
v1,8,1791230547293126,b097ef0536bef82c:0x375bb,0,1,0,8,1,59,12,6,0,39483,85844,10,7910,17156,934,3,32,9121
v1,9,1791230547297712,b097ef0536bef82c:0x37686,0,0,0,9,1,59,4,4,0,39686,85844,10,7950,17156,934,3,32,9121
v1,10,1791230547321066,b097ef0536bef82c:0x30b0f,0,1,0,10,1,56,6,6,0,12175,85844,10,2466,17156,934,3,32,9121
v1,11,1791230547326383,b097ef0536bef82c:0x319f3,0,1,0,11,1,52,7,7,0,15987,85844,10,3202,17156,934,3,32,9121
v1,12,1791230547338586,b097ef0536bef82c:0x3249d,0,0,0,12,1,5,3,0,0,18717,85844,10,3738,17156,934,3,32,9121
v1,13,1791230547360329,b097ef0536bef82c:0x32706,1,1,0,13,1,1,2,0,0,19334,85844,10,3856,17156,934,3,32,9121
v1,14,1791230547420325,b097ef0536bef82c:0x330c5,1,1,1,14,1,5,174,26,0,21829,85844,10,4342,17156,934,3,32,9121
v1,15,1791230547427089,b097ef0536bef82c:0x33185,1,0,1,15,1,5,6,6,0,22021,85844,10,4380,17156,934,3,32,9121
v1,16,1791230547436499,b097ef0536bef82c:0x31f3b,1,1,1,16,1,50,10,10,0,17339,85844,10,3467,17156,934,3,32,9121
v1,17,1791230547476817,b097ef0536bef82c:0x2e610,1,0,1,17,3,42,5,0,0,2704,85844,10,545,17156,934,3,32,9121
v1,18,1791230547484843,b097ef0536bef82c:0x2e653,1,0,1,18,3,19,5,0,0,2771,85844,10,558,17156,934,3,32,9121
v1,19,1791230547491588,b097ef0536bef82c:0x2e697,1,0,2,19,3,18,40,12,0,2839,85844,10,571,17156,934,3,32,9121
v1,20,1791230547539888,b097ef0536bef82c:0x3747d,1,0,3,20,7,1,2,0,0,39165,85844,10,7846,17156,934,3,32,9121
v1,21,1791230547564509,b097ef0536bef82c:0x2fdd5,1,0,9,21,3,42,25,2,0,8789,85844,10,1796,17156,934,3,32,9121
v1,1,1791230552258925,b097ef0536bef82c:0xafb3,0,1,0,1,1,72,1,0,0,355,2272,0,70,437,23,1,0,266
v1,2,1791230552322217,b097ef0536bef82c:0xb355,0,0,0,2,1,71,2,0,0,1285,2272,0,244,437,23,1,0,266
v1,3,1791230552486882,b097ef0536bef82c:0x3344b,0,1,0,3,2,70,1,1,0,22731,85844,10,4519,17156,934,3,32,9121
v1,4,1791230552588137,b097ef0536bef82c:0x307ff,0,1,0,4,1,68,2,0,0,11391,85844,10,2312,17156,934,3,32,9121
v1,5,1791230552591949,b097ef0536bef82c:0x3b0b3,0,1,0,5,2,67,2,2,0,54579,85844,10,10975,17156,934,3,32,9121
v1,6,1791230552599647,b097ef0536bef82c:0x3f2b3,0,1,0,6,1,66,12,6,0,71475,85844,10,14356,17156,934,3,32,9121
v1,7,1791230552656755,b097ef0536bef82c:0x3bfcd,0,1,0,7,1,62,22,10,0,58445,85844,10,11723,17156,934,3,32,9121
v1,8,1791230552696476,b097ef0536bef82c:0x375bb,0,1,0,8,1,60,12,6,0,39483,85844,10,7910,17156,934,3,32,9121
v1,9,1791230552701095,b097ef0536bef82c:0x37686,0,0,0,9,1,60,4,4,0,39686,85844,10,7950,17156,934,3,32,9121
v1,10,1791230552724560,b097ef0536bef82c:0x30b0f,0,1,0,10,1,57,6,6,0,12175,85844,10,2466,17156,934,3,32,9121
v1,11,1791230552729891,b097ef0536bef82c:0x319f3,0,0,0,11,1,53,7,7,0,15987,85844,10,3202,17156,934,3,32,9121
v1,12,1791230552740650,b097ef0536bef82c:0x31f3b,0,1,0,12,1,51,10,10,0,17339,85844,10,3467,17156,934,3,32,9121
v1,13,1791230552776674,b097ef0536bef82c:0x2e610,0,0,0,13,3,43,5,0,0,2704,85844,10,545,17156,934,3,32,9121
v1,14,1791230552780170,b097ef0536bef82c:0x2e653,0,0,0,14,3,20,5,0,0,2771,85844,10,558,17156,934,3,32,9121
v1,15,1791230552783661,b097ef0536bef82c:0x2e697,0,1,0,15,3,19,40,12,0,2839,85844,10,571,17156,934,3,32,9121
v1,16,1791230552894150,b097ef0536bef82c:0x2e4e2,0,1,0,16,3,4,1,0,0,2402,85844,10,482,17156,934,3,32,9121
v1,17,1791230552951579,b097ef0536bef82c:0x36b15,0,1,0,17,2,2,1,1,0,36757,85844,10,7360,17156,934,3,32,9121
v1,18,1791230552955179,b097ef0536bef82c:0x36bc4,0,1,0,18,10,2,1,0,0,36932,85844,10,7398,17156,934,3,32,9121
v1,19,1791230552969250,b097ef0536bef82c:0x31b66,0,0,0,19,2,2,1,1,0,16358,85844,10,3272,17156,934,3,32,9121
v1,20,1791230553013242,b097ef0536bef82c:0x2fdd5,0,1,0,20,3,43,25,2,0,8789,85844,10,1796,17156,934,3,32,9121
v1,1,1791230557524024,b097ef0536bef82c:0xafb3,0,1,0,1,1,73,1,0,0,355,2272,0,70,437,23,1,0,266
v1,2,1791230557561779,b097ef0536bef82c:0xb355,0,0,0,2,1,72,2,0,0,1285,2272,0,244,437,23,1,0,266
v1,3,1791230557723742,b097ef0536bef82c:0x3344b,0,1,0,3,2,71,1,1,0,22731,85844,10,4519,17156,934,3,32,9121
v1,4,1791230557824385,b097ef0536bef82c:0x307ff,0,1,0,4,1,69,2,0,0,11391,85844,10,2312,17156,934,3,32,9121
v1,5,1791230557828187,b097ef0536bef82c:0x3b0b3,0,1,0,5,2,68,2,2,0,54579,85844,10,10975,17156,934,3,32,9121
v1,6,1791230557835767,b097ef0536bef82c:0x3f2b3,0,0,0,6,1,67,12,6,0,71475,85844,10,14356,17156,934,3,32,9121
v1,7,1791230557901372,b097ef0536bef82c:0x3bfcd,0,0,0,7,1,63,22,10,0,58445,85844,10,11723,17156,934,3,32,9121
v1,8,1791230557968992,b097ef0536bef82c:0x375bb,0,0,0,8,1,61,12,6,0,39483,85844,10,7910,17156,934,3,32,9121
v1,9,1791230557980303,b097ef0536bef82c:0x37686,0,0,0,9,1,61,4,4,0,39686,85844,10,7950,17156,934,3,32,9121
v1,10,1791230558003819,b097ef0536bef82c:0x30b0f,0,0,0,10,1,58,6,6,0,12175,85844,10,2466,17156,934,3,32,9121
v1,11,1791230558015702,b097ef0536bef82c:0x30cbd,0,0,0,11,1,7,4,0,0,12605,85844,10,2549,17156,934,3,32,9121
v1,12,1791230558037735,b097ef0536bef82c:0x30f26,1,1,0,12,1,1,2,0,0,13222,85844,10,2667,17156,934,3,32,9121
v1,13,1791230558056399,b097ef0536bef82c:0x318e5,1,1,1,13,1,7,159,26,0,15717,85844,10,3151,17156,934,3,32,9121
v1,14,1791230558165218,b097ef0536bef82c:0x31965,1,0,1,14,1,7,8,8,0,15845,85844,10,3176,17156,934,3,32,9121
v1,15,1791230558175583,b097ef0536bef82c:0x319f3,1,1,1,15,1,54,8,8,0,15987,85844,10,3202,17156,934,3,32,9121
v1,16,1791230558193522,b097ef0536bef82c:0x3249d,1,1,1,16,1,6,4,0,0,18717,85844,10,3738,17156,934,3,32,9121
v1,17,1791230558196496,b097ef0536bef82c:0x330c5,1,0,1,17,1,6,175,27,0,21829,85844,10,4342,17156,934,3,32,9121
v1,18,1791230558224082,b097ef0536bef82c:0x33185,1,0,1,18,1,6,7,7,0,22021,85844,10,4380,17156,934,3,32,9121
v1,19,1791230558233355,b097ef0536bef82c:0x31f3b,1,0,1,19,1,52,11,11,0,17339,85844,10,3467,17156,934,3,32,9121
v1,20,1791230558264948,b097ef0536bef82c:0x3a278,1,0,1,20,3,3,4,0,0,50936,85844,10,10241,17156,934,3,32,9121
v1,1,1791230563038359,b097ef0536bef82c:0xafb3,0,1,0,1,1,74,1,0,0,355,2272,0,70,437,23,1,0,266
v1,2,1791230563085793,b097ef0536bef82c:0xb355,0,0,0,2,1,73,2,0,0,1285,2272,0,244,437,23,1,0,266
v1,3,1791230563250122,b097ef0536bef82c:0x3344b,0,1,0,3,2,72,1,1,0,22731,85844,10,4519,17156,934,3,32,9121
v1,4,1791230563351920,b097ef0536bef82c:0x307ff,0,1,0,4,1,70,2,0,0,11391,85844,10,2312,17156,934,3,32,9121
v1,5,1791230563355757,b097ef0536bef82c:0x3b0b3,0,1,0,5,2,69,2,2,0,54579,85844,10,10975,17156,934,3,32,9121
v1,6,1791230563363338,b097ef0536bef82c:0x3f2b3,0,0,0,6,1,68,12,6,0,71475,85844,10,14356,17156,934,3,32,9121
v1,7,1791230563429730,b097ef0536bef82c:0x3bfcd,0,0,0,7,1,64,22,10,0,58445,85844,10,11723,17156,934,3,32,9121
v1,8,1791230563497618,b097ef0536bef82c:0x375bb,0,0,0,8,1,62,12,6,0,39483,85844,10,7910,17156,934,3,32,9121
v1,9,1791230563508920,b097ef0536bef82c:0x37686,0,0,0,9,1,62,4,4,0,39686,85844,10,7950,17156,934,3,32,9121
v1,10,1791230563532993,b097ef0536bef82c:0x30b0f,0,0,0,10,1,59,6,6,0,12175,85844,10,2466,17156,934,3,32,9121
v1,11,1791230563545003,b097ef0536bef82c:0x30cbd,0,0,0,11,1,8,4,0,0,12605,85844,10,2549,17156,934,3,32,9121
v1,12,1791230563567355,b097ef0536bef82c:0x30f26,1,0,0,12,1,2,3,0,0,13222,85844,10,2667,17156,934,3,32,9121
v1,13,1791230563601544,b097ef0536bef82c:0x310ba,1,0,1,13,1,2,3,0,0,13626,85844,10,2744,17156,934,3,32,9121
v1,14,1791230563614423,b097ef0536bef82c:0x3124e,1,0,1,14,1,1,2,0,0,14030,85844,10,2821,17156,934,3,32,9121
v1,15,1791230563633581,b097ef0536bef82c:0x31466,1,0,1,15,1,3,4,0,0,14566,85844,10,2924,17156,934,3,32,9121
v1,16,1791230563643904,b097ef0536bef82c:0x315cf,1,0,1,16,1,2,3,0,0,14927,85844,10,2995,17156,934,3,32,9121
v1,17,1791230563654430,b097ef0536bef82c:0x31737,1,1,1,17,1,2,3,0,0,15287,85844,10,3067,17156,934,3,32,9121
v1,18,1791230563657387,b097ef0536bef82c:0x318e5,1,1,1,18,1,8,202,31,0,15717,85844,10,3151,17156,934,3,32,9121
v1,19,1791230563888403,b097ef0536bef82c:0x31965,1,0,1,19,1,8,9,9,0,15845,85844,10,3176,17156,934,3,32,9121
v1,20,1791230563897613,b097ef0536bef82c:0x319f3,1,0,1,20,1,55,9,9,0,15987,85844,10,3202,17156,934,3,32,9121
v1,21,1791230563912065,b097ef0536bef82c:0x31f3b,1,0,1,21,1,53,12,12,0,17339,85844,10,3467,17156,934,3,32,9121
v1,1,1791230569917653,b097ef0536bef82c:0xafb3,0,1,0,1,1,75,1,0,0,355,2272,0,70,437,23,1,0,266
v1,2,1791230570024046,b097ef0536bef82c:0xb355,0,0,0,2,1,74,2,0,0,1285,2272,0,244,437,23,1,0,266
v1,3,1791230570189027,b097ef0536bef82c:0x3344b,0,1,0,3,2,73,1,1,0,22731,85844,10,4519,17156,934,3,32,9121
v1,4,1791230570289893,b097ef0536bef82c:0x307ff,0,1,0,4,1,71,2,0,0,11391,85844,10,2312,17156,934,3,32,9121
v1,5,1791230570293675,b097ef0536bef82c:0x3b0b3,0,1,0,5,2,70,2,2,0,54579,85844,10,10975,17156,934,3,32,9121
v1,6,1791230570301264,b097ef0536bef82c:0x3f2b3,0,1,0,6,1,69,12,6,0,71475,85844,10,14356,17156,934,3,32,9121
v1,7,1791230570357488,b097ef0536bef82c:0x3bfcd,0,1,0,7,1,65,22,10,0,58445,85844,10,11723,17156,934,3,32,9121
v1,8,1791230570397004,b097ef0536bef82c:0x375bb,0,1,0,8,1,63,12,6,0,39483,85844,10,7910,17156,934,3,32,9121
v1,9,1791230570401586,b097ef0536bef82c:0x37686,0,0,0,9,1,63,4,4,0,39686,85844,10,7950,17156,934,3,32,9121
v1,10,1791230570424743,b097ef0536bef82c:0x30b0f,0,1,0,10,1,60,6,6,0,12175,85844,10,2466,17156,934,3,32,9121
v1,11,1791230570430070,b097ef0536bef82c:0x319f3,0,0,0,11,1,56,9,9,0,15987,85844,10,3202,17156,934,3,32,9121
v1,12,1791230570440679,b097ef0536bef82c:0x31f3b,0,1,0,12,1,54,12,12,0,17339,85844,10,3467,17156,934,3,32,9121
v1,13,1791230570476206,b097ef0536bef82c:0x2e610,0,0,0,13,3,44,5,0,0,2704,85844,10,545,17156,934,3,32,9121
v1,14,1791230570479694,b097ef0536bef82c:0x2e653,0,0,0,14,3,21,5,0,0,2771,85844,10,558,17156,934,3,32,9121
v1,15,1791230570483138,b097ef0536bef82c:0x2e697,0,1,0,15,3,20,40,12,0,2839,85844,10,571,17156,934,3,32,9121
v1,16,1791230570827934,b097ef0536bef82c:0x2fcff,0,0,0,16,2,8,5,5,0,8575,85844,10,1754,17156,934,3,32,9121
v1,17,1791230570831950,b097ef0536bef82c:0x5a17d,0,0,0,17,2,8,83,42,0,141,5904,0,32,1245,33,2,0,521
v1,18,1791230570967399,b097ef0536bef82c:0x2fdd5,0,1,0,18,3,44,25,2,0,8789,85844,10,1796,17156,934,3,32,9121
v1,1,1791230575974235,b097ef0536bef82c:0xafb3,0,1,0,1,1,76,1,0,0,355,2272,0,70,437,23,1,0,266
v1,2,1791230576040401,b097ef0536bef82c:0xb355,0,0,0,2,1,75,2,0,0,1285,2272,0,244,437,23,1,0,266
v1,3,1791230576203343,b097ef0536bef82c:0x3344b,0,1,0,3,2,74,1,1,0,22731,85844,10,4519,17156,934,3,32,9121
v1,4,1791230576304186,b097ef0536bef82c:0x307ff,0,1,0,4,1,72,2,0,0,11391,85844,10,2312,17156,934,3,32,9121
v1,5,1791230576307980,b097ef0536bef82c:0x3b0b3,0,1,0,5,2,71,2,2,0,54579,85844,10,10975,17156,934,3,32,9121
v1,6,1791230576315541,b097ef0536bef82c:0x3f2b3,0,1,0,6,1,70,12,6,0,71475,85844,10,14356,17156,934,3,32,9121
v1,7,1791230576371884,b097ef0536bef82c:0x3bfcd,0,1,0,7,1,66,22,10,0,58445,85844,10,11723,17156,934,3,32,9121
v1,8,1791230576411715,b097ef0536bef82c:0x375bb,0,1,0,8,1,64,12,6,0,39483,85844,10,7910,17156,934,3,32,9121
v1,9,1791230576416342,b097ef0536bef82c:0x37686,0,0,0,9,1,64,4,4,0,39686,85844,10,7950,17156,934,3,32,9121
v1,10,1791230576439933,b097ef0536bef82c:0x30b0f,0,1,0,10,1,61,6,6,0,12175,85844,10,2466,17156,934,3,32,9121
v1,11,1791230576445229,b097ef0536bef82c:0x319f3,0,0,0,11,1,57,9,9,0,15987,85844,10,3202,17156,934,3,32,9121
v1,12,1791230576455807,b097ef0536bef82c:0x31f3b,0,1,0,12,1,55,12,12,0,17339,85844,10,3467,17156,934,3,32,9121
v1,13,1791230576491560,b097ef0536bef82c:0x2e610,0,0,0,13,3,45,5,0,0,2704,85844,10,545,17156,934,3,32,9121
v1,14,1791230576495063,b097ef0536bef82c:0x2e653,0,0,0,14,3,22,5,0,0,2771,85844,10,558,17156,934,3,32,9121
v1,15,1791230576498496,b097ef0536bef82c:0x2e697,0,1,0,15,3,21,40,12,0,2839,85844,10,571,17156,934,3,32,9121
v1,16,1791230576723049,b097ef0536bef82c:0x2fcff,0,0,0,16,2,9,5,5,0,8575,85844,10,1754,17156,934,3,32,9121
v1,17,1791230576726998,b097ef0536bef82c:0x5a17d,0,1,0,17,2,9,83,42,0,141,5904,0,32,1245,33,2,0,521
v1,18,1791230576745180,b097ef0536bef82c:0x2fdd5,1,0,0,18,3,45,26,2,0,8789,85844,10,1796,17156,934,3,32,9121
v1,1,1791230582183458,b097ef0536bef82c:0xafb3,0,1,0,1,1,77,1,0,0,355,2272,0,70,437,23,1,0,266
v1,2,1791230582301425,b097ef0536bef82c:0xb355,0,0,0,2,1,76,2,0,0,1285,2272,0,244,437,23,1,0,266
v1,3,1791230582465472,b097ef0536bef82c:0x3344b,0,1,0,3,2,75,1,1,0,22731,85844,10,4519,17156,934,3,32,9121
v1,4,1791230582566514,b097ef0536bef82c:0x307ff,0,1,0,4,1,73,2,0,0,11391,85844,10,2312,17156,934,3,32,9121
v1,5,1791230582570320,b097ef0536bef82c:0x3b0b3,0,1,0,5,2,72,2,2,0,54579,85844,10,10975,17156,934,3,32,9121
v1,6,1791230582577970,b097ef0536bef82c:0x3f2b3,0,1,0,6,1,71,12,6,0,71475,85844,10,14356,17156,934,3,32,9121
v1,7,1791230582634917,b097ef0536bef82c:0x3bfcd,0,1,0,7,1,67,22,10,0,58445,85844,10,11723,17156,934,3,32,9121
v1,8,1791230582674806,b097ef0536bef82c:0x375bb,0,1,0,8,1,65,12,6,0,39483,85844,10,7910,17156,934,3,32,9121
v1,9,1791230582679515,b097ef0536bef82c:0x37686,0,0,0,9,1,65,4,4,0,39686,85844,10,7950,17156,934,3,32,9121
v1,10,1791230582703243,b097ef0536bef82c:0x30b0f,0,1,0,10,1,62,6,6,0,12175,85844,10,2466,17156,934,3,32,9121
v1,11,1791230582708500,b097ef0536bef82c:0x319f3,0,0,0,11,1,58,9,9,0,15987,85844,10,3202,17156,934,3,32,9121
v1,12,1791230582718982,b097ef0536bef82c:0x31f3b,0,1,0,12,1,56,12,12,0,17339,85844,10,3467,17156,934,3,32,9121
v1,13,1791230582754974,b097ef0536bef82c:0x2e610,0,0,0,13,3,46,5,0,0,2704,85844,10,545,17156,934,3,32,9121
v1,14,1791230582758461,b097ef0536bef82c:0x2e653,0,0,0,14,3,23,5,0,0,2771,85844,10,558,17156,934,3,32,9121
v1,15,1791230582761943,b097ef0536bef82c:0x2e697,0,1,0,15,3,22,40,12,0,2839,85844,10,571,17156,934,3,32,9121
v1,16,1791230583049917,b097ef0536bef82c:0x2e894,0,1,0,16,2,3,0,4,0,3348,85844,10,672,17156,934,3,32,9121
v1,17,1791230583057777,b097ef0536bef82c:0x38053,0,0,0,17,2,2,58,26,0,42195,85844,10,8474,17156,934,3,32,9121
v1,18,1791230583065376,b097ef0536bef82c:0x380e5,0,0,0,18,2,1,0,2,0,42341,85844,10,8503,17156,934,3,32,9121
v1,19,1791230583065820,b097ef0536bef82c:0x380ec,0,0,0,19,2,1,7,4,0,42348,85844,10,8505,17156,934,3,32,9121
v1,20,1791230583070620,b097ef0536bef82c:0x38146,0,0,0,20,2,1,5,4,0,42438,85844,10,8524,17156,934,3,32,9121
v1,21,1791230583075214,b097ef0536bef82c:0x3819b,0,0,0,21,2,1,5,4,0,42523,85844,10,8541,17156,934,3,32,9121
v1,22,1791230583079841,b097ef0536bef82c:0x381f4,0,0,0,22,2,1,5,4,0,42612,85844,10,8559,17156,934,3,32,9121
v1,23,1791230583084436,b097ef0536bef82c:0x3824b,0,0,0,23,2,1,5,4,0,42699,85844,10,8577,17156,934,3,32,9121
v1,24,1791230583089066,b097ef0536bef82c:0x382a3,0,0,0,24,2,1,6,3,0,42787,85844,10,8595,17156,934,3,32,9121
v1,25,1791230583093712,b097ef0536bef82c:0x382fc,0,0,0,25,2,1,6,3,0,42876,85844,10,8613,17156,934,3,32,9121
v1,26,1791230583098155,b097ef0536bef82c:0x38353,0,0,0,26,2,1,6,3,0,42963,85844,10,8631,17156,934,3,32,9121
v1,27,1791230583102835,b097ef0536bef82c:0x383ab,0,0,0,27,2,1,6,3,0,43051,85844,10,8649,17156,934,3,32,9121
v1,28,1791230583107428,b097ef0536bef82c:0x38404,0,0,0,28,2,1,6,3,0,43140,85844,10,8667,17156,934,3,32,9121
v1,29,1791230583112090,b097ef0536bef82c:0x3845b,0,0,0,29,2,1,6,3,0,43227,85844,10,8685,17156,934,3,32,9121
v1,30,1791230583116743,b097ef0536bef82c:0x384b3,0,0,0,30,2,1,6,3,0,43315,85844,10,8703,17156,934,3,32,9121
v1,31,1791230583121369,b097ef0536bef82c:0x3850c,0,1,0,31,2,1,1,1,0,43404,85844,10,8721,17156,934,3,32,9121
v1,32,1791230583127676,b097ef0536bef82c:0x3866e,0,0,0,32,2,1,10,6,0,43758,85844,10,8796,17156,934,3,32,9121
v1,33,1791230583132998,b097ef0536bef82c:0x386d4,0,0,0,33,2,1,0,2,0,43860,85844,10,8816,17156,934,3,32,9121
v1,34,1791230583136581,b097ef0536bef82c:0x38716,0,0,0,34,2,1,0,2,0,43926,85844,10,8829,17156,934,3,32,9121
v1,35,1791230583139914,b097ef0536bef82c:0x38757,0,0,0,35,2,1,0,2,0,43991,85844,10,8841,17156,934,3,32,9121
v1,36,1791230583143496,b097ef0536bef82c:0x3879b,0,0,0,36,2,1,0,2,0,44059,85844,10,8854,17156,934,3,32,9121
v1,37,1791230583147008,b097ef0536bef82c:0x387df,0,0,0,37,2,1,0,2,0,44127,85844,10,8867,17156,934,3,32,9121
v1,38,1791230583150364,b097ef0536bef82c:0x38823,0,0,0,38,2,1,0,2,0,44195,85844,10,8880,17156,934,3,32,9121
v1,39,1791230583153892,b097ef0536bef82c:0x38867,0,0,0,39,2,1,0,2,0,44263,85844,10,8893,17156,934,3,32,9121
v1,40,1791230583157398,b097ef0536bef82c:0x388ab,0,1,0,40,2,1,60,26,0,44331,85844,10,8906,17156,934,3,32,9121
v1,41,1791230583180011,b097ef0536bef82c:0x38acd,0,0,0,41,2,1,80,34,0,44877,85844,10,9008,17156,934,3,32,9121
v1,42,1791230583193536,b097ef0536bef82c:0x38bf2,0,0,0,42,2,1,0,2,0,45170,85844,10,9060,17156,934,3,32,9121
v1,43,1791230583201241,b097ef0536bef82c:0x38c79,0,0,0,43,2,1,10,6,0,45305,85844,10,9086,17156,934,3,32,9121
v1,44,1791230583208023,b097ef0536bef82c:0x38cf9,0,0,0,44,2,1,10,6,0,45433,85844,10,9111,17156,934,3,32,9121
v1,45,1791230583212041,b097ef0536bef82c:0x38d44,0,0,0,45,2,1,10,6,0,45508,85844,10,9126,17156,934,3,32,9121
v1,46,1791230583216078,b097ef0536bef82c:0x38d90,0,0,0,46,2,1,10,6,0,45584,85844,10,9141,17156,934,3,32,9121
v1,47,1791230583220121,b097ef0536bef82c:0x38ddc,0,0,0,47,2,1,10,6,0,45660,85844,10,9156,17156,934,3,32,9121
v1,48,1791230583224121,b097ef0536bef82c:0x38e26,0,0,0,48,2,1,10,6,0,45734,85844,10,9171,17156,934,3,32,9121
v1,49,1791230583228089,b097ef0536bef82c:0x38e6e,0,1,0,49,2,1,30,14,0,45806,85844,10,9185,17156,934,3,32,9121
v1,50,1791230583250903,b097ef0536bef82c:0x2e4e2,1,1,0,50,3,5,2,0,0,2402,85844,10,482,17156,934,3,32,9121
v1,51,1791230583435757,b097ef0536bef82c:0x2fcff,0,0,161,51,2,10,5,5,0,8575,85844,10,1754,17156,934,3,32,9121
v1,52,1791230583440280,b097ef0536bef82c:0x5a17d,1,0,161,52,2,10,83,44,0,141,5904,0,32,1245,33,2,0,521
v1,53,1791230583670433,b097ef0536bef82c:0x2fdd5,0,1,50,53,3,46,26,2,0,8789,85844,10,1796,17156,934,3,32,9121
v1,1,1791230588630220,b097ef0536bef82c:0xafb3,0,1,0,1,1,78,1,0,0,355,2272,0,70,437,23,1,0,266
v1,2,1791230588671995,b097ef0536bef82c:0xb355,0,0,0,2,1,77,2,0,0,1285,2272,0,244,437,23,1,0,266
v1,3,1791230588834411,b097ef0536bef82c:0x3344b,0,1,0,3,2,76,1,1,0,22731,85844,10,4519,17156,934,3,32,9121
v1,4,1791230588935645,b097ef0536bef82c:0x307ff,0,1,0,4,1,74,2,0,0,11391,85844,10,2312,17156,934,3,32,9121
v1,5,1791230588939486,b097ef0536bef82c:0x3b0b3,0,1,0,5,2,73,2,2,0,54579,85844,10,10975,17156,934,3,32,9121
v1,6,1791230588947154,b097ef0536bef82c:0x3f2b3,0,0,0,6,1,72,12,6,0,71475,85844,10,14356,17156,934,3,32,9121
v1,7,1791230589013277,b097ef0536bef82c:0x3bfcd,0,0,0,7,1,68,22,10,0,58445,85844,10,11723,17156,934,3,32,9121
v1,8,1791230589081246,b097ef0536bef82c:0x375bb,0,0,0,8,1,66,12,6,0,39483,85844,10,7910,17156,934,3,32,9121
v1,9,1791230589092542,b097ef0536bef82c:0x37686,0,1,0,9,1,66,4,4,0,39686,85844,10,7950,17156,934,3,32,9121
v1,10,1791230589128546,b097ef0536bef82c:0x3c1db,0,0,0,10,1,4,12,6,0,58971,85844,10,11828,17156,934,3,32,9121
v1,11,1791230589145871,b097ef0536bef82c:0x36cfe,0,0,0,11,2,4,2,2,0,37246,85844,10,7460,17156,934,3,32,9121
v1,12,1791230589149930,b097ef0536bef82c:0x36d48,0,0,0,12,3,4,2,3,0,37320,85844,10,7475,17156,934,3,32,9121
v1,13,1791230589150375,b097ef0536bef82c:0x36d4e,0,1,0,13,3,1,1,1,0,37326,85844,10,7477,17156,934,3,32,9121
v1,14,1791230589154001,b097ef0536bef82c:0x36fdb,0,0,0,14,3,4,3,2,0,37979,85844,10,7607,17156,934,3,32,9121
v1,15,1791230589163927,b097ef0536bef82c:0x30b0f,0,0,0,15,1,63,6,6,0,12175,85844,10,2466,17156,934,3,32,9121
v1,16,1791230589176690,b097ef0536bef82c:0x30cbd,0,0,0,16,1,9,4,0,0,12605,85844,10,2549,17156,934,3,32,9121
v1,17,1791230589199897,b097ef0536bef82c:0x310ba,1,1,0,17,1,3,4,0,0,13626,85844,10,2744,17156,934,3,32,9121
v1,18,1791230589221466,b097ef0536bef82c:0x318e5,1,1,1,18,1,9,299,46,0,15717,85844,10,3151,17156,934,3,32,9121
v1,19,1791230589292138,b097ef0536bef82c:0x31965,1,0,1,19,1,9,10,10,0,15845,85844,10,3176,17156,934,3,32,9121
v1,20,1791230589304524,b097ef0536bef82c:0x319f3,1,1,1,20,1,59,10,10,0,15987,85844,10,3202,17156,934,3,32,9121
v1,21,1791230589321164,b097ef0536bef82c:0x3249d,1,1,1,21,1,7,5,0,0,18717,85844,10,3738,17156,934,3,32,9121
v1,22,1791230589324245,b097ef0536bef82c:0x330c5,1,0,1,22,1,7,181,30,0,21829,85844,10,4342,17156,934,3,32,9121
v1,23,1791230589349747,b097ef0536bef82c:0x33185,1,0,1,23,1,7,8,8,0,22021,85844,10,4380,17156,934,3,32,9121
v1,24,1791230589359965,b097ef0536bef82c:0x31f3b,1,0,1,24,1,57,13,13,0,17339,85844,10,3467,17156,934,3,32,9121
v1,25,1791230589391862,b097ef0536bef82c:0x3a278,1,0,1,25,2,4,5,0,0,50936,85844,10,10241,17156,934,3,32,9121
v1,1,1791230594799185,b097ef0536bef82c:0xafb3,0,1,0,1,1,79,1,0,0,355,2272,0,70,437,23,1,0,266
v1,2,1791230594904987,b097ef0536bef82c:0xb355,0,0,0,2,1,78,2,0,0,1285,2272,0,244,437,23,1,0,266
v1,3,1791230595069539,b097ef0536bef82c:0x3344b,0,1,0,3,2,77,1,1,0,22731,85844,10,4519,17156,934,3,32,9121
v1,4,1791230595170510,b097ef0536bef82c:0x307ff,0,1,0,4,1,75,2,0,0,11391,85844,10,2312,17156,934,3,32,9121
v1,5,1791230595174317,b097ef0536bef82c:0x3b0b3,0,1,0,5,2,74,2,2,0,54579,85844,10,10975,17156,934,3,32,9121
v1,6,1791230595181964,b097ef0536bef82c:0x3f2b3,0,1,0,6,1,73,12,6,0,71475,85844,10,14356,17156,934,3,32,9121
v1,7,1791230595238697,b097ef0536bef82c:0x3bfcd,0,1,0,7,1,69,22,10,0,58445,85844,10,11723,17156,934,3,32,9121
v1,8,1791230595278480,b097ef0536bef82c:0x375bb,0,1,0,8,1,67,12,6,0,39483,85844,10,7910,17156,934,3,32,9121
v1,9,1791230595283103,b097ef0536bef82c:0x37686,0,0,0,9,1,67,4,4,0,39686,85844,10,7950,17156,934,3,32,9121
v1,10,1791230595306340,b097ef0536bef82c:0x30b0f,0,1,0,10,1,64,6,6,0,12175,85844,10,2466,17156,934,3,32,9121
v1,11,1791230595311630,b097ef0536bef82c:0x319f3,0,0,0,11,1,60,10,10,0,15987,85844,10,3202,17156,934,3,32,9121
v1,12,1791230595322220,b097ef0536bef82c:0x31f3b,0,1,0,12,1,58,13,13,0,17339,85844,10,3467,17156,934,3,32,9121
v1,13,1791230595358118,b097ef0536bef82c:0x2e610,0,0,0,13,3,47,5,0,0,2704,85844,10,545,17156,934,3,32,9121
v1,14,1791230595361650,b097ef0536bef82c:0x2e653,0,0,0,14,3,24,5,0,0,2771,85844,10,558,17156,934,3,32,9121
v1,15,1791230595365156,b097ef0536bef82c:0x2e697,0,1,0,15,3,23,40,12,0,2839,85844,10,571,17156,934,3,32,9121
v1,16,1791230595508236,b097ef0536bef82c:0x2fcff,0,0,0,16,2,11,5,5,0,8575,85844,10,1754,17156,934,3,32,9121
v1,17,1791230595512216,b097ef0536bef82c:0x5a17d,0,1,0,17,2,11,123,60,0,141,5904,0,32,1245,33,2,0,521
v1,18,1791230595520181,b097ef0536bef82c:0x2fdd5,0,1,0,18,3,47,26,2,0,8789,85844,10,1796,17156,934,3,32,9121
v1,1,1791230600666410,b097ef0536bef82c:0xafb3,0,1,0,1,1,80,1,0,0,355,2272,0,70,437,23,1,0,266
v1,2,1791230600767553,b097ef0536bef82c:0xb355,0,0,0,2,1,79,2,0,0,1285,2272,0,244,437,23,1,0,266
v1,3,1791230600929447,b097ef0536bef82c:0x3344b,0,1,0,3,2,78,1,1,0,22731,85844,10,4519,17156,934,3,32,9121
v1,4,1791230601029996,b097ef0536bef82c:0x307ff,0,1,0,4,1,76,2,0,0,11391,85844,10,2312,17156,934,3,32,9121
v1,5,1791230601033796,b097ef0536bef82c:0x3b0b3,0,1,0,5,2,75,2,2,0,54579,85844,10,10975,17156,934,3,32,9121
v1,6,1791230601041514,b097ef0536bef82c:0x3f2b3,0,1,0,6,1,74,12,6,0,71475,85844,10,14356,17156,934,3,32,9121
v1,7,1791230601097839,b097ef0536bef82c:0x3bfcd,0,1,0,7,1,70,22,10,0,58445,85844,10,11723,17156,934,3,32,9121
v1,8,1791230601137533,b097ef0536bef82c:0x375bb,0,1,0,8,1,68,12,6,0,39483,85844,10,7910,17156,934,3,32,9121
v1,9,1791230601142207,b097ef0536bef82c:0x37686,0,0,0,9,1,68,4,4,0,39686,85844,10,7950,17156,934,3,32,9121
v1,10,1791230601166313,b097ef0536bef82c:0x30b0f,0,1,0,10,1,65,6,6,0,12175,85844,10,2466,17156,934,3,32,9121
v1,11,1791230601171670,b097ef0536bef82c:0x319f3,0,0,0,11,1,61,10,10,0,15987,85844,10,3202,17156,934,3,32,9121
v1,12,1791230601182899,b097ef0536bef82c:0x31f3b,0,1,0,12,1,59,13,13,0,17339,85844,10,3467,17156,934,3,32,9121
v1,13,1791230601219219,b097ef0536bef82c:0x2e610,0,0,0,13,3,48,5,0,0,2704,85844,10,545,17156,934,3,32,9121
v1,14,1791230601222740,b097ef0536bef82c:0x2e653,0,0,0,14,3,25,5,0,0,2771,85844,10,558,17156,934,3,32,9121
v1,15,1791230601226220,b097ef0536bef82c:0x2e697,0,1,0,15,3,24,40,12,0,2839,85844,10,571,17156,934,3,32,9121
v1,16,1791230601337060,b097ef0536bef82c:0x2e4e2,1,0,0,16,3,6,3,0,0,2402,85844,10,482,17156,934,3,32,9121
v1,17,1791230601396835,b097ef0536bef82c:0x2e610,1,1,6,17,5,49,6,0,0,2704,85844,10,545,17156,934,3,32,9121
v1,18,1791230601431323,b097ef0536bef82c:0x30a23,1,0,10,18,6,21,3,1,0,11939,85844,10,2423,17156,934,3,32,9121
v1,19,1791230601440609,b097ef0536bef82c:0x30a6b,1,0,1,19,6,20,3,0,0,12011,85844,10,2436,17156,934,3,32,9121
v1,20,1791230601454522,b097ef0536bef82c:0x33eb5,1,0,22,20,6,19,3,3,0,25397,85844,10,5069,17156,934,3,32,9121
v1,21,1791230601469597,b097ef0536bef82c:0x33ff7,1,0,1,21,6,18,0,4,0,25719,85844,10,5134,17156,934,3,32,9121
v1,22,1791230601479179,b097ef0536bef82c:0x3403e,1,1,1,22,6,18,3,2,0,25790,85844,10,5148,17156,934,3,32,9121
v1,23,1791230601501987,b097ef0536bef82c:0x3443f,1,0,30,23,6,26,150,48,0,26815,85844,10,5352,17156,934,3,32,9121
v1,24,1791230601537124,b097ef0536bef82c:0x3443f,0,0,1,24,6,27,150,48,0,26815,85844,10,5352,17156,934,3,32,9121
v1,25,1791230601549328,b097ef0536bef82c:0x3443f,1,1,1,25,6,28,151,48,0,26815,85844,10,5352,17156,934,3,32,9121
v1,26,1791230601911147,b097ef0536bef82c:0x2fdd5,1,0,65,26,5,48,27,3,0,8789,85844,10,1796,17156,934,3,32,9121
v1,1,1791230608477307,b097ef0536bef82c:0xafb3,0,1,0,1,1,81,1,0,0,355,2272,0,70,437,23,1,0,266
v1,2,1791230608648271,b097ef0536bef82c:0xb355,0,0,0,2,1,80,2,0,0,1285,2272,0,244,437,23,1,0,266
v1,3,1791230608811313,b097ef0536bef82c:0x3344b,0,1,0,3,2,79,1,1,0,22731,85844,10,4519,17156,934,3,32,9121
v1,4,1791230608912623,b097ef0536bef82c:0x307ff,0,1,0,4,1,77,2,0,0,11391,85844,10,2312,17156,934,3,32,9121
v1,5,1791230608916419,b097ef0536bef82c:0x3b0b3,0,1,0,5,2,76,2,2,0,54579,85844,10,10975,17156,934,3,32,9121
v1,6,1791230608924086,b097ef0536bef82c:0x3f2b3,0,1,0,6,1,75,12,6,0,71475,85844,10,14356,17156,934,3,32,9121
v1,7,1791230608981033,b097ef0536bef82c:0x3bfcd,0,1,0,7,1,71,22,10,0,58445,85844,10,11723,17156,934,3,32,9121
v1,8,1791230609021273,b097ef0536bef82c:0x375bb,0,1,0,8,1,69,12,6,0,39483,85844,10,7910,17156,934,3,32,9121
v1,9,1791230609025887,b097ef0536bef82c:0x37686,0,0,0,9,1,69,4,4,0,39686,85844,10,7950,17156,934,3,32,9121
v1,10,1791230609049811,b097ef0536bef82c:0x30b0f,0,0,0,10,1,66,6,6,0,12175,85844,10,2466,17156,934,3,32,9121
v1,11,1791230609061818,b097ef0536bef82c:0x30cbd,0,0,0,11,1,10,4,0,0,12605,85844,10,2549,17156,934,3,32,9121
v1,12,1791230609077171,b097ef0536bef82c:0x31466,0,0,0,12,1,4,4,0,0,14566,85844,10,2924,17156,934,3,32,9121
v1,13,1791230609085364,b097ef0536bef82c:0x315cf,0,0,0,13,1,3,3,0,0,14927,85844,10,2995,17156,934,3,32,9121
v1,14,1791230609093465,b097ef0536bef82c:0x31737,0,0,0,14,1,3,3,0,0,15287,85844,10,3067,17156,934,3,32,9121
v1,15,1791230609101926,b097ef0536bef82c:0x3189f,1,1,0,15,1,2,3,0,0,15647,85844,10,3138,17156,934,3,32,9121
v1,16,1791230609188982,b097ef0536bef82c:0x31466,1,0,1,16,1,5,5,0,0,14566,85844,10,2924,17156,934,3,32,9121
v1,17,1791230609190870,b097ef0536bef82c:0x315cf,1,0,1,17,1,4,4,0,0,14927,85844,10,2995,17156,934,3,32,9121
v1,18,1791230609192314,b097ef0536bef82c:0x31737,1,0,1,18,1,4,4,0,0,15287,85844,10,3067,17156,934,3,32,9121
v1,19,1791230609193856,b097ef0536bef82c:0x3189f,1,1,1,19,1,3,4,0,0,15647,85844,10,3138,17156,934,3,32,9121
v1,20,1791230609196783,b097ef0536bef82c:0x318e5,1,0,1,20,1,10,327,51,0,15717,85844,10,3151,17156,934,3,32,9121
v1,21,1791230609206569,b097ef0536bef82c:0x31965,0,1,1,21,1,10,10,10,0,15845,85844,10,3176,17156,934,3,32,9121
v1,1,1791230615561099,b097ef0536bef82c:0xafb3,0,1,0,1,1,82,1,0,0,355,2272,0,70,437,23,1,0,266
v1,2,1791230615714666,b097ef0536bef82c:0xb355,0,0,0,2,1,81,2,0,0,1285,2272,0,244,437,23,1,0,266
v1,3,1791230615878798,b097ef0536bef82c:0x3344b,0,1,0,3,2,80,1,1,0,22731,85844,10,4519,17156,934,3,32,9121
v1,4,1791230615980231,b097ef0536bef82c:0x307ff,0,1,0,4,1,78,2,0,0,11391,85844,10,2312,17156,934,3,32,9121
v1,5,1791230615984073,b097ef0536bef82c:0x3b0b3,0,1,0,5,2,77,2,2,0,54579,85844,10,10975,17156,934,3,32,9121
v1,6,1791230615991622,b097ef0536bef82c:0x3f2b3,0,1,0,6,1,76,12,6,0,71475,85844,10,14356,17156,934,3,32,9121
v1,7,1791230616049335,b097ef0536bef82c:0x3bfcd,0,1,0,7,1,72,22,10,0,58445,85844,10,11723,17156,934,3,32,9121
v1,8,1791230616089593,b097ef0536bef82c:0x375bb,0,1,0,8,1,70,12,6,0,39483,85844,10,7910,17156,934,3,32,9121
v1,9,1791230616094226,b097ef0536bef82c:0x37686,0,0,0,9,1,70,4,4,0,39686,85844,10,7950,17156,934,3,32,9121
v1,10,1791230616117426,b097ef0536bef82c:0x30b0f,0,1,0,10,1,67,6,6,0,12175,85844,10,2466,17156,934,3,32,9121
v1,11,1791230616122739,b097ef0536bef82c:0x319f3,0,0,0,11,1,62,10,10,0,15987,85844,10,3202,17156,934,3,32,9121
v1,12,1791230616133378,b097ef0536bef82c:0x31f3b,0,1,0,12,1,60,13,13,0,17339,85844,10,3467,17156,934,3,32,9121
v1,13,1791230616169602,b097ef0536bef82c:0x2e610,0,0,0,13,3,50,6,0,0,2704,85844,10,545,17156,934,3,32,9121
v1,14,1791230616172963,b097ef0536bef82c:0x2e653,0,0,0,14,3,26,5,0,0,2771,85844,10,558,17156,934,3,32,9121
v1,15,1791230616176397,b097ef0536bef82c:0x2e697,0,1,0,15,3,25,40,12,0,2839,85844,10,571,17156,934,3,32,9121
v1,16,1791230616338372,b097ef0536bef82c:0x2e4e2,0,0,0,16,3,7,3,0,0,2402,85844,10,482,17156,934,3,32,9121
v1,17,1791230616343734,b097ef0536bef82c:0x2e610,0,1,0,17,10,51,6,0,0,2704,85844,10,545,17156,934,3,32,9121
v1,18,1791230616371505,b097ef0536bef82c:0x30a23,0,0,0,18,12,22,3,1,0,11939,85844,10,2423,17156,934,3,32,9121
v1,19,1791230616375071,b097ef0536bef82c:0x30a6b,0,0,0,19,12,21,3,0,0,12011,85844,10,2436,17156,934,3,32,9121
v1,20,1791230616383194,b097ef0536bef82c:0x33eb5,0,0,0,20,12,20,3,3,0,25397,85844,10,5069,17156,934,3,32,9121
v1,21,1791230616472159,b097ef0536bef82c:0x2fcff,1,0,0,21,2,12,6,6,0,8575,85844,10,1754,17156,934,3,32,9121
v1,22,1791230616549209,b097ef0536bef82c:0x5a17d,1,1,1,22,2,12,124,60,0,141,5904,0,32,1245,33,2,0,521
v1,23,1791230616601859,b097ef0536bef82c:0x2fdd5,0,0,47,23,10,49,27,3,0,8789,85844,10,1796,17156,934,3,32,9121
v1,1,1791230623088311,b097ef0536bef82c:0xafb3,0,1,0,1,1,83,1,0,0,355,2272,0,70,437,23,1,0,266
v1,2,1791230623251814,b097ef0536bef82c:0xb355,0,0,0,2,1,82,2,0,0,1285,2272,0,244,437,23,1,0,266
v1,3,1791230623416601,b097ef0536bef82c:0x3344b,0,1,0,3,2,81,1,1,0,22731,85844,10,4519,17156,934,3,32,9121
v1,4,1791230623517454,b097ef0536bef82c:0x307ff,0,1,0,4,1,79,2,0,0,11391,85844,10,2312,17156,934,3,32,9121
v1,5,1791230623521388,b097ef0536bef82c:0x3b0b3,0,1,0,5,2,78,2,2,0,54579,85844,10,10975,17156,934,3,32,9121
v1,6,1791230623529145,b097ef0536bef82c:0x3f2b3,0,1,0,6,1,77,12,6,0,71475,85844,10,14356,17156,934,3,32,9121
v1,7,1791230623586343,b097ef0536bef82c:0x3bfcd,0,1,0,7,1,73,22,10,0,58445,85844,10,11723,17156,934,3,32,9121
v1,8,1791230623626517,b097ef0536bef82c:0x375bb,0,1,0,8,1,71,12,6,0,39483,85844,10,7910,17156,934,3,32,9121
v1,9,1791230623631176,b097ef0536bef82c:0x37686,0,0,0,9,1,71,4,4,0,39686,85844,10,7950,17156,934,3,32,9121
v1,10,1791230623655162,b097ef0536bef82c:0x30b0f,0,1,0,10,1,68,6,6,0,12175,85844,10,2466,17156,934,3,32,9121
v1,11,1791230623660530,b097ef0536bef82c:0x319f3,0,0,0,11,1,63,10,10,0,15987,85844,10,3202,17156,934,3,32,9121
v1,12,1791230623671063,b097ef0536bef82c:0x31f3b,0,1,0,12,1,61,13,13,0,17339,85844,10,3467,17156,934,3,32,9121
v1,13,1791230623707336,b097ef0536bef82c:0x2e610,0,1,0,13,3,52,6,0,0,2704,85844,10,545,17156,934,3,32,9121
v1,14,1791230623738672,b097ef0536bef82c:0x30a23,0,0,0,14,5,23,3,1,0,11939,85844,10,2423,17156,934,3,32,9121
v1,15,1791230623742344,b097ef0536bef82c:0x30a6b,0,0,0,15,5,22,3,0,0,12011,85844,10,2436,17156,934,3,32,9121
v1,16,1791230623750458,b097ef0536bef82c:0x33eb5,0,0,0,16,5,21,3,3,0,25397,85844,10,5069,17156,934,3,32,9121
v1,17,1791230623759433,b097ef0536bef82c:0x33ff7,0,0,0,17,5,19,0,4,0,25719,85844,10,5134,17156,934,3,32,9121
v1,18,1791230623763197,b097ef0536bef82c:0x3403e,0,1,0,18,5,19,3,2,0,25790,85844,10,5148,17156,934,3,32,9121
v1,19,1791230623772737,b097ef0536bef82c:0x3443f,0,0,0,19,5,29,222,68,0,26815,85844,10,5352,17156,934,3,32,9121
v1,20,1791230623808688,b097ef0536bef82c:0x3443f,0,0,0,20,5,30,222,68,0,26815,85844,10,5352,17156,934,3,32,9121
v1,21,1791230623820504,b097ef0536bef82c:0x3443f,1,0,0,21,5,31,223,68,0,26815,85844,10,5352,17156,934,3,32,9121
v1,22,1791230623897479,b097ef0536bef82c:0x3443f,0,0,30,22,5,32,223,68,0,26815,85844,10,5352,17156,934,3,32,9121
v1,23,1791230623897910,b097ef0536bef82c:0x3443f,0,1,30,23,5,33,223,68,0,26815,85844,10,5352,17156,934,3,32,9121
v1,24,1791230624117131,b097ef0536bef82c:0x480e0,1,1,30,24,6,1,12,6,0,6432,18551,6,1213,3563,201,2,0,2064
v1,25,1791230624148387,b097ef0536bef82c:0x487c5,1,0,1,25,11,0,1,1,0,8197,18551,6,1554,3563,201,2,0,2064
v1,26,1791230624203817,b097ef0536bef82c:0x48899,1,0,93,26,11,0,1,1,0,8409,18551,6,1595,3563,201,2,0,2064
v1,27,1791230624266380,b097ef0536bef82c:0x489eb,1,0,96,27,10,0,1,1,0,8747,18551,6,1660,3563,201,2,0,2064
v1,28,1791230624320043,b097ef0536bef82c:0x48a81,1,1,99,28,9,0,1,1,0,8897,18551,6,1689,3563,201,2,0,2064
v1,29,1791230624345961,b097ef0536bef82c:0x48b17,1,1,1,29,8,0,1,1,0,9047,18551,6,1719,3563,201,2,0,2064
v1,30,1791230624363163,b097ef0536bef82c:0x48bb0,1,1,1,30,8,0,1,1,0,9200,18551,6,1749,3563,201,2,0,2064
v1,31,1791230624378764,b097ef0536bef82c:0x48c45,1,0,1,31,7,0,1,1,0,9349,18551,6,1778,3563,201,2,0,2064
v1,32,1791230624430867,b097ef0536bef82c:0x48cdc,1,1,107,32,6,1,2,2,0,9500,18551,6,1808,3563,201,2,0,2064
v1,33,1791230624446430,b097ef0536bef82c:0x48d75,1,0,1,33,7,1,12,6,0,9653,18551,6,1838,3563,201,2,0,2064
v1,34,1791230624497985,b097ef0536bef82c:0x48e0c,1,0,111,34,8,1,12,6,0,9804,18551,6,1868,3563,201,2,0,2064
v1,35,1791230624556192,b097ef0536bef82c:0x489eb,1,0,115,35,9,1,12,6,0,8747,18551,6,1660,3563,201,2,0,2064
v1,36,1791230624600900,b097ef0536bef82c:0x48a81,1,0,121,36,9,1,2,2,0,8897,18551,6,1689,3563,201,2,0,2064
v1,37,1791230624653743,b097ef0536bef82c:0x48b17,1,1,124,37,10,1,2,2,0,9047,18551,6,1719,3563,201,2,0,2064
v1,38,1791230624665688,b097ef0536bef82c:0x48bb0,1,0,1,38,11,1,2,2,0,9200,18551,6,1749,3563,201,2,0,2064
v1,39,1791230624719475,b097ef0536bef82c:0x48cdc,1,0,129,39,5,2,3,3,0,9500,18551,6,1808,3563,201,2,0,2064
v1,40,1791230624774052,b097ef0536bef82c:0x48d75,1,1,135,40,5,2,23,11,0,9653,18551,6,1838,3563,201,2,0,2064
v1,41,1791230624788317,b097ef0536bef82c:0x48e0c,1,1,1,41,6,2,23,11,0,9804,18551,6,1868,3563,201,2,0,2064
v1,42,1791230624879325,b097ef0536bef82c:0x4942b,1,1,1,42,7,2,33,15,0,11371,18551,6,2185,3563,201,2,0,2064
v1,43,1791230624967129,b097ef0536bef82c:0x491b7,1,1,149,43,7,2,3,3,0,10743,18551,6,2059,3563,201,2,0,2064
v1,44,1791230625116977,b097ef0536bef82c:0x491b7,1,1,153,44,7,3,19,10,0,10743,18551,6,2059,3563,201,2,0,2064
v1,45,1791230625305850,b097ef0536bef82c:0x491b7,1,1,157,45,7,4,34,18,0,10743,18551,6,2059,3563,201,2,0,2064
v1,46,1791230625511706,b097ef0536bef82c:0x491b7,1,0,161,46,7,5,50,25,0,10743,18551,6,2059,3563,201,2,0,2064
v1,47,1791230625540944,b097ef0536bef82c:0x49201,1,1,1,47,7,2,2,4,0,10817,18551,6,2075,3563,201,2,0,2064
v1,48,1791230625642175,b097ef0536bef82c:0x492ba,1,0,1,48,7,2,11,9,0,11002,18551,6,2113,3563,201,2,0,2064
v1,49,1791230625721162,b097ef0536bef82c:0x4942b,1,1,169,49,7,3,49,22,0,11371,18551,6,2185,3563,201,2,0,2064
v1,50,1791230625913479,b097ef0536bef82c:0x491b7,1,1,174,50,7,6,51,26,0,10743,18551,6,2059,3563,201,2,0,2064
v1,51,1791230626163534,b097ef0536bef82c:0x491b7,0,1,178,51,7,7,66,32,0,10743,18551,6,2059,3563,201,2,0,2064
v1,52,1791230626164094,b097ef0536bef82c:0x491b7,1,1,178,52,7,8,66,34,0,10743,18551,6,2059,3563,201,2,0,2064
v1,53,1791230626448568,b097ef0536bef82c:0x491b7,0,0,186,53,7,9,81,40,0,10743,18551,6,2059,3563,201,2,0,2064
v1,54,1791230626449217,b097ef0536bef82c:0x49201,1,0,186,54,7,3,2,6,0,10817,18551,6,2075,3563,201,2,0,2064
v1,55,1791230626483899,b097ef0536bef82c:0x49244,1,0,1,55,7,2,3,3,0,10884,18551,6,2090,3563,201,2,0,2064
v1,56,1791230626517328,b097ef0536bef82c:0x492ba,1,0,1,56,7,3,17,12,0,11002,18551,6,2113,3563,201,2,0,2064
v1,57,1791230626619284,b097ef0536bef82c:0x49393,1,0,197,57,7,1,2,2,0,11219,18551,6,2155,3563,201,2,0,2064
v1,58,1791230626634083,b097ef0536bef82c:0x4942b,1,1,1,58,11,4,65,29,0,11371,18551,6,2185,3563,201,2,0,2064
v1,59,1791230626905212,b097ef0536bef82c:0x491b7,1,1,205,59,11,10,82,41,0,10743,18551,6,2059,3563,201,2,0,2064
v1,60,1791230627258269,b097ef0536bef82c:0x491b7,1,0,209,60,11,11,98,48,0,10743,18551,6,2059,3563,201,2,0,2064
v1,61,1791230627301784,b097ef0536bef82c:0x49201,1,1,1,61,11,4,3,7,0,10817,18551,6,2075,3563,201,2,0,2064
v1,62,1791230627342135,b097ef0536bef82c:0x492ba,1,0,1,62,11,4,22,16,0,11002,18551,6,2113,3563,201,2,0,2064
v1,63,1791230627464956,b097ef0536bef82c:0x4942b,1,1,217,63,11,5,81,36,0,11371,18551,6,2185,3563,201,2,0,2064
v1,64,1791230627770751,b097ef0536bef82c:0x491b7,1,1,222,64,11,12,99,49,0,10743,18551,6,2059,3563,201,2,0,2064
v1,65,1791230628138869,b097ef0536bef82c:0x491b7,1,0,226,65,11,13,115,56,0,10743,18551,6,2059,3563,201,2,0,2064
v1,66,1791230628157168,b097ef0536bef82c:0x49201,1,0,1,66,11,5,3,9,0,10817,18551,6,2075,3563,201,2,0,2064
v1,67,1791230628203696,b097ef0536bef82c:0x49244,1,0,1,67,11,3,4,4,0,10884,18551,6,2090,3563,201,2,0,2064
v1,68,1791230628250155,b097ef0536bef82c:0x492ba,1,0,1,68,11,5,28,19,0,11002,18551,6,2113,3563,201,2,0,2064
v1,69,1791230628390469,b097ef0536bef82c:0x49393,1,0,237,69,11,2,3,3,0,11219,18551,6,2155,3563,201,2,0,2064
v1,70,1791230628405591,b097ef0536bef82c:0x4942b,1,1,1,70,11,6,97,43,0,11371,18551,6,2185,3563,201,2,0,2064
v1,71,1791230628774873,b097ef0536bef82c:0x491b7,0,0,245,71,11,14,115,56,0,10743,18551,6,2059,3563,201,2,0,2064
v1,72,1791230628775418,b097ef0536bef82c:0x49201,0,1,245,72,11,6,3,9,0,10817,18551,6,2075,3563,201,2,0,2064
v1,73,1791230628775527,b097ef0536bef82c:0x492ba,0,0,245,73,11,6,33,21,0,11002,18551,6,2113,3563,201,2,0,2064
v1,74,1791230628775736,b097ef0536bef82c:0x4942b,0,1,245,74,11,7,112,49,0,11371,18551,6,2185,3563,201,2,0,2064
v1,75,1791230628775975,b097ef0536bef82c:0x491b7,0,0,245,75,11,15,115,56,0,10743,18551,6,2059,3563,201,2,0,2064
v1,76,1791230628776075,b097ef0536bef82c:0x49201,0,0,245,76,11,7,3,9,0,10817,18551,6,2075,3563,201,2,0,2064
v1,77,1791230628776172,b097ef0536bef82c:0x49244,0,0,245,77,11,4,4,4,0,10884,18551,6,2090,3563,201,2,0,2064
v1,78,1791230628776293,b097ef0536bef82c:0x492ba,0,0,245,78,11,7,33,21,0,11002,18551,6,2113,3563,201,2,0,2064
v1,79,1791230628776964,b097ef0536bef82c:0x4942b,1,1,245,79,11,8,113,50,0,11371,18551,6,2185,3563,201,2,0,2064
v1,80,1791230629155908,b097ef0536bef82c:0x491b7,0,0,274,80,11,16,115,56,0,10743,18551,6,2059,3563,201,2,0,2064
v1,81,1791230629156544,b097ef0536bef82c:0x49201,1,1,274,81,11,8,4,10,0,10817,18551,6,2075,3563,201,2,0,2064
v1,82,1791230629209876,b097ef0536bef82c:0x492ba,1,0,1,82,11,8,33,23,0,11002,18551,6,2113,3563,201,2,0,2064
v1,83,1791230629329572,b097ef0536bef82c:0x4942b,0,1,282,83,11,9,128,56,0,11371,18551,6,2185,3563,201,2,0,2064
v1,84,1791230629330290,b097ef0536bef82c:0x491b7,1,0,282,84,11,17,116,57,0,10743,18551,6,2059,3563,201,2,0,2064
v1,85,1791230629346832,b097ef0536bef82c:0x49201,0,0,1,85,11,9,4,10,0,10817,18551,6,2075,3563,201,2,0,2064
v1,86,1791230629347436,b097ef0536bef82c:0x49244,1,1,1,86,11,5,5,5,0,10884,18551,6,2090,3563,201,2,0,2064
v1,87,1791230629403557,b097ef0536bef82c:0x49244,1,1,1,87,11,6,6,6,0,10884,18551,6,2090,3563,201,2,0,2064
v1,88,1791230629458788,b097ef0536bef82c:0x49244,1,1,1,88,11,7,7,7,0,10884,18551,6,2090,3563,201,2,0,2064
v1,89,1791230629512752,b097ef0536bef82c:0x49244,0,1,1,89,11,8,7,7,0,10884,18551,6,2090,3563,201,2,0,2064
v1,90,1791230629512825,b097ef0536bef82c:0x49244,0,0,1,90,11,9,7,7,0,10884,18551,6,2090,3563,201,2,0,2064
v1,91,1791230629514421,b097ef0536bef82c:0x492ba,1,1,1,91,11,9,39,26,0,11002,18551,6,2113,3563,201,2,0,2064
v1,92,1791230629682200,b097ef0536bef82c:0x49393,1,1,301,92,11,3,4,4,0,11219,18551,6,2155,3563,201,2,0,2064
v1,93,1791230629754936,b097ef0536bef82c:0x3bcb1,1,1,1,93,11,1,0,4,0,57649,85844,10,11569,17156,934,3,32,9121
v1,94,1791230629783176,b097ef0536bef82c:0x33713,1,0,1,94,5,12,55,32,0,23443,85844,10,4658,17156,934,3,32,9121
v1,95,1791230630328214,b097ef0536bef82c:0x2fdd5,1,0,317,95,3,50,28,3,0,8789,85844,10,1796,17156,934,3,32,9121
v1,1,1791230637888036,b097ef0536bef82c:0xafb3,0,1,0,1,1,84,1,0,0,355,2272,0,70,437,23,1,0,266
v1,2,1791230638005912,b097ef0536bef82c:0xb355,0,0,0,2,1,83,2,0,0,1285,2272,0,244,437,23,1,0,266
v1,3,1791230638169478,b097ef0536bef82c:0x3344b,0,1,0,3,2,82,1,1,0,22731,85844,10,4519,17156,934,3,32,9121
v1,4,1791230638273314,b097ef0536bef82c:0x307ff,0,1,0,4,1,80,2,0,0,11391,85844,10,2312,17156,934,3,32,9121
v1,5,1791230638277124,b097ef0536bef82c:0x3b0b3,0,1,0,5,2,79,2,2,0,54579,85844,10,10975,17156,934,3,32,9121
v1,6,1791230638284539,b097ef0536bef82c:0x3f2b3,0,1,0,6,1,78,12,6,0,71475,85844,10,14356,17156,934,3,32,9121
v1,7,1791230638341216,b097ef0536bef82c:0x3bfcd,0,1,0,7,1,74,22,10,0,58445,85844,10,11723,17156,934,3,32,9121
v1,8,1791230638380729,b097ef0536bef82c:0x375bb,0,1,0,8,1,72,12,6,0,39483,85844,10,7910,17156,934,3,32,9121
v1,9,1791230638385412,b097ef0536bef82c:0x37686,0,0,0,9,1,72,4,4,0,39686,85844,10,7950,17156,934,3,32,9121
v1,10,1791230638408996,b097ef0536bef82c:0x30b0f,0,1,0,10,1,69,6,6,0,12175,85844,10,2466,17156,934,3,32,9121
v1,11,1791230638414362,b097ef0536bef82c:0x319f3,0,0,0,11,1,64,10,10,0,15987,85844,10,3202,17156,934,3,32,9121
v1,12,1791230638425124,b097ef0536bef82c:0x31f3b,0,1,0,12,1,62,13,13,0,17339,85844,10,3467,17156,934,3,32,9121
v1,13,1791230638461561,b097ef0536bef82c:0x2e610,0,0,0,13,3,53,6,0,0,2704,85844,10,545,17156,934,3,32,9121
v1,14,1791230638464915,b097ef0536bef82c:0x2e653,0,0,0,14,3,27,5,0,0,2771,85844,10,558,17156,934,3,32,9121
v1,15,1791230638468424,b097ef0536bef82c:0x2e697,0,1,0,15,3,26,40,12,0,2839,85844,10,571,17156,934,3,32,9121
v1,16,1791230638790827,b097ef0536bef82c:0x2e894,0,1,0,16,5,4,0,4,0,3348,85844,10,672,17156,934,3,32,9121
v1,17,1791230638791426,b097ef0536bef82c:0x3802d,1,0,0,17,4,0,0,2,0,42157,85844,10,8463,17156,934,3,32,9121
v1,18,1791230638867411,b097ef0536bef82c:0x38053,1,0,1,18,5,3,58,28,0,42195,85844,10,8474,17156,934,3,32,9121
v1,19,1791230638895411,b097ef0536bef82c:0x38097,1,0,1,19,4,0,0,2,0,42263,85844,10,8487,17156,934,3,32,9121
v1,20,1791230638923877,b097ef0536bef82c:0x380e5,1,0,1,20,5,2,0,4,0,42341,85844,10,8503,17156,934,3,32,9121
v1,21,1791230638947997,b097ef0536bef82c:0x380ec,1,0,1,21,5,2,8,4,0,42348,85844,10,8505,17156,934,3,32,9121
v1,22,1791230639024621,b097ef0536bef82c:0x38146,1,0,58,22,5,2,6,5,0,42438,85844,10,8524,17156,934,3,32,9121
v1,23,1791230639077048,b097ef0536bef82c:0x3819b,1,0,61,23,5,2,6,5,0,42523,85844,10,8541,17156,934,3,32,9121
v1,24,1791230639130311,b097ef0536bef82c:0x381f4,1,0,64,24,5,2,6,5,0,42612,85844,10,8559,17156,934,3,32,9121
v1,25,1791230639184647,b097ef0536bef82c:0x3824b,1,1,67,25,5,2,6,5,0,42699,85844,10,8577,17156,934,3,32,9121
v1,26,1791230639194677,b097ef0536bef82c:0x3866e,1,0,1,26,5,2,10,8,0,43758,85844,10,8796,17156,934,3,32,9121
v1,27,1791230639316415,b097ef0536bef82c:0x386d4,1,0,73,27,5,2,0,4,0,43860,85844,10,8816,17156,934,3,32,9121
v1,28,1791230639344963,b097ef0536bef82c:0x38716,1,0,1,28,5,2,0,4,0,43926,85844,10,8829,17156,934,3,32,9121
v1,29,1791230639373277,b097ef0536bef82c:0x38757,1,0,1,29,5,2,0,4,0,43991,85844,10,8841,17156,934,3,32,9121
v1,30,1791230639402295,b097ef0536bef82c:0x3879b,1,0,1,30,5,2,0,4,0,44059,85844,10,8854,17156,934,3,32,9121
v1,31,1791230639430488,b097ef0536bef82c:0x387df,1,0,1,31,5,2,0,4,0,44127,85844,10,8867,17156,934,3,32,9121
v1,32,1791230639459287,b097ef0536bef82c:0x38823,1,0,1,32,5,2,0,4,0,44195,85844,10,8880,17156,934,3,32,9121
v1,33,1791230639490626,b097ef0536bef82c:0x38867,1,1,1,33,5,2,1,2,0,44263,85844,10,8893,17156,934,3,32,9121
v1,34,1791230639999329,b097ef0536bef82c:0x38acd,1,1,101,34,5,2,81,35,0,44877,85844,10,9008,17156,934,3,32,9121
v1,35,1791230640030175,b097ef0536bef82c:0x38c79,1,0,1,35,5,2,11,7,0,45305,85844,10,9086,17156,934,3,32,9121
v1,36,1791230640163959,b097ef0536bef82c:0x38cf9,1,0,108,36,5,2,11,7,0,45433,85844,10,9111,17156,934,3,32,9121
v1,37,1791230640277080,b097ef0536bef82c:0x38d44,1,0,112,37,5,2,11,7,0,45508,85844,10,9126,17156,934,3,32,9121
v1,38,1791230640392278,b097ef0536bef82c:0x38d90,1,0,116,38,5,2,11,7,0,45584,85844,10,9141,17156,934,3,32,9121
v1,39,1791230640508388,b097ef0536bef82c:0x38ddc,1,0,120,39,5,2,11,7,0,45660,85844,10,9156,17156,934,3,32,9121
v1,40,1791230640623374,b097ef0536bef82c:0x38e26,1,0,124,40,5,2,11,7,0,45734,85844,10,9171,17156,934,3,32,9121
v1,41,1791230640739380,b097ef0536bef82c:0x38e6e,1,0,127,41,5,2,31,15,0,45806,85844,10,9185,17156,934,3,32,9121
v1,42,1791230640856031,b097ef0536bef82c:0x38eb7,1,0,130,42,5,0,1,1,0,45879,85844,10,9199,17156,934,3,32,9121
v1,43,1791230640972860,b097ef0536bef82c:0x38f04,1,0,133,43,5,0,1,1,0,45956,85844,10,9214,17156,934,3,32,9121
v1,44,1791230641090772,b097ef0536bef82c:0x38f50,1,0,136,44,5,0,1,1,0,46032,85844,10,9229,17156,934,3,32,9121
v1,45,1791230641209628,b097ef0536bef82c:0x38f9c,1,0,139,45,5,0,1,1,0,46108,85844,10,9244,17156,934,3,32,9121
v1,46,1791230641329998,b097ef0536bef82c:0x38fe6,1,0,142,46,5,0,1,1,0,46182,85844,10,9259,17156,934,3,32,9121
v1,47,1791230641451027,b097ef0536bef82c:0x3902e,1,0,145,47,5,0,1,1,0,46254,85844,10,9273,17156,934,3,32,9121
v1,48,1791230641574220,b097ef0536bef82c:0x39077,1,0,148,48,5,0,1,1,0,46327,85844,10,9287,17156,934,3,32,9121
v1,49,1791230641697903,b097ef0536bef82c:0x390c4,1,0,151,49,5,0,1,1,0,46404,85844,10,9302,17156,934,3,32,9121
v1,50,1791230641994477,b097ef0536bef82c:0x2f88c,1,0,157,50,4,0,0,2,0,7436,85844,10,1525,17156,934,3,32,9121
v1,51,1791230642032762,b097ef0536bef82c:0x2facb,1,0,1,51,4,0,0,2,0,8011,85844,10,1637,17156,934,3,32,9121
v1,52,1791230642064694,b097ef0536bef82c:0x2fb1e,1,1,1,52,4,0,0,2,0,8094,85844,10,1654,17156,934,3,32,9121
v1,53,1791230642104843,b097ef0536bef82c:0x9f830,1,0,1,53,4,0,0,2,0,1216,254,0,0,73,4,3,0,36
v1,54,1791230642131426,b097ef0536bef82c:0x9f83a,1,0,1,54,4,0,0,2,0,1226,254,0,0,73,4,3,0,36
v1,55,1791230642341550,b097ef0536bef82c:0x9f85c,1,1,166,55,4,0,0,2,0,1260,254,0,0,73,4,3,0,36
v1,56,1791230642554175,b097ef0536bef82c:0x9f88e,1,0,170,56,4,0,0,2,0,1310,254,0,0,73,4,3,0,36
v1,57,1791230642976677,b097ef0536bef82c:0x9f8cb,1,0,177,57,4,0,0,2,0,1371,254,0,0,73,4,3,0,36
v1,58,1791230643021667,b097ef0536bef82c:0x9f8e8,1,0,1,58,4,0,0,2,0,1400,254,0,0,73,4,3,0,36
v1,59,1791230643316454,b097ef0536bef82c:0x9f936,1,1,183,59,4,0,0,2,0,1478,254,0,0,73,4,3,0,36
v1,60,1791230643643654,b097ef0536bef82c:0x9f936,1,1,188,60,4,1,20,12,0,1478,254,0,0,73,4,3,0,36
v1,61,1791230643975810,b097ef0536bef82c:0x9f936,1,1,193,61,4,2,40,22,0,1478,254,0,0,73,4,3,0,36
v1,62,1791230644312346,b097ef0536bef82c:0x9f936,0,1,198,62,4,3,60,30,0,1478,254,0,0,73,4,3,0,36
v1,63,1791230644312976,b097ef0536bef82c:0x9f936,1,1,198,63,4,4,60,32,0,1478,254,0,0,73,4,3,0,36
v1,64,1791230644659280,b097ef0536bef82c:0x9f936,0,1,208,64,4,5,80,40,0,1478,254,0,0,73,4,3,0,36
v1,65,1791230644659388,b097ef0536bef82c:0x9f936,0,1,208,65,4,6,80,40,0,1478,254,0,0,73,4,3,0,36
v1,66,1791230644659468,b097ef0536bef82c:0x9f936,0,1,208,66,4,7,80,40,0,1478,254,0,0,73,4,3,0,36
v1,67,1791230644660064,b097ef0536bef82c:0x9f936,1,1,208,67,4,8,80,42,0,1478,254,0,0,73,4,3,0,36
v1,68,1791230644999551,b097ef0536bef82c:0x9f936,0,1,228,68,4,9,100,50,0,1478,254,0,0,73,4,3,0,36
v1,69,1791230644999678,b097ef0536bef82c:0x9f936,0,1,228,69,4,10,100,50,0,1478,254,0,0,73,4,3,0,36
v1,70,1791230644999774,b097ef0536bef82c:0x9f936,0,1,228,70,4,11,100,50,0,1478,254,0,0,73,4,3,0,36
v1,71,1791230645000532,b097ef0536bef82c:0x9f936,1,0,228,71,4,12,100,52,0,1478,254,0,0,73,4,3,0,36
v1,72,1791230645024866,b097ef0536bef82c:0x2fb82,1,0,1,72,4,0,0,2,0,8194,85844,10,1678,17156,934,3,32,9121
v1,73,1791230645055807,b097ef0536bef82c:0x2fcb3,1,0,1,73,4,0,0,2,0,8499,85844,10,1739,17156,934,3,32,9121
v1,74,1791230645074476,b097ef0536bef82c:0x2fcff,1,0,1,74,2,13,7,7,0,8575,85844,10,1754,17156,934,3,32,9121
v1,75,1791230645081166,b097ef0536bef82c:0x5a135,1,0,1,75,4,0,0,2,0,69,5904,0,17,1245,33,2,0,521
v1,76,1791230645096429,b097ef0536bef82c:0x5a17d,1,0,1,76,2,13,124,68,0,141,5904,0,32,1245,33,2,0,521
v1,77,1791230645103134,b097ef0536bef82c:0x5a1cd,1,1,1,77,4,0,0,2,0,221,5904,0,49,1245,33,2,0,521
v1,78,1791230645121329,b097ef0536bef82c:0x5b758,1,1,1,78,4,0,0,2,0,5736,5904,0,1207,1245,33,2,0,521
v1,79,1791230645806140,b097ef0536bef82c:0x5aa97,1,1,50,79,4,0,0,2,0,2471,5904,0,507,1245,33,2,0,521
v1,80,1791230646537291,b097ef0536bef82c:0x5aa97,1,1,274,80,4,1,25,14,0,2471,5904,0,507,1245,33,2,0,521
v1,81,1791230647287628,b097ef0536bef82c:0x5aa97,1,1,280,81,4,2,50,26,0,2471,5904,0,507,1245,33,2,0,521
v1,82,1791230647986104,b097ef0536bef82c:0x5aa97,0,1,286,82,4,3,75,36,0,2471,5904,0,507,1245,33,2,0,521
v1,83,1791230647987020,b097ef0536bef82c:0x5aa97,1,1,286,83,4,4,75,38,0,2471,5904,0,507,1245,33,2,0,521
v1,84,1791230648695786,b097ef0536bef82c:0x5aa97,0,1,298,84,4,5,100,48,0,2471,5904,0,507,1245,33,2,0,521
v1,85,1791230648695995,b097ef0536bef82c:0x5aa97,0,1,298,85,4,6,100,48,0,2471,5904,0,507,1245,33,2,0,521
v1,86,1791230648696190,b097ef0536bef82c:0x5aa97,0,1,298,86,4,7,100,48,0,2471,5904,0,507,1245,33,2,0,521
v1,87,1791230648696787,b097ef0536bef82c:0x5aa97,1,1,298,87,4,8,100,50,0,2471,5904,0,507,1245,33,2,0,521
v1,88,1791230649488117,b097ef0536bef82c:0x5aa97,0,1,322,88,4,9,125,60,0,2471,5904,0,507,1245,33,2,0,521
v1,89,1791230649488340,b097ef0536bef82c:0x5aa97,0,1,322,89,4,10,125,60,0,2471,5904,0,507,1245,33,2,0,521
v1,90,1791230649488529,b097ef0536bef82c:0x5aa97,0,1,322,90,4,11,125,60,0,2471,5904,0,507,1245,33,2,0,521
v1,91,1791230649488715,b097ef0536bef82c:0x5aa97,0,1,322,91,4,12,125,60,0,2471,5904,0,507,1245,33,2,0,521
v1,92,1791230649488891,b097ef0536bef82c:0x5aa97,0,1,322,92,4,13,125,60,0,2471,5904,0,507,1245,33,2,0,521
v1,93,1791230649489069,b097ef0536bef82c:0x5aa97,0,1,322,93,4,14,125,60,0,2471,5904,0,507,1245,33,2,0,521
v1,94,1791230649489273,b097ef0536bef82c:0x5aa97,0,1,322,94,4,15,125,60,0,2471,5904,0,507,1245,33,2,0,521
v1,95,1791230649489879,b097ef0536bef82c:0x5aa97,1,1,322,95,4,16,125,62,0,2471,5904,0,507,1245,33,2,0,521
v1,96,1791230650351244,b097ef0536bef82c:0x5aa97,0,1,370,96,4,17,150,72,0,2471,5904,0,507,1245,33,2,0,521
v1,97,1791230650351469,b097ef0536bef82c:0x5aa97,0,1,370,97,4,18,150,72,0,2471,5904,0,507,1245,33,2,0,521
v1,98,1791230650351657,b097ef0536bef82c:0x5aa97,0,1,370,98,4,19,150,72,0,2471,5904,0,507,1245,33,2,0,521
v1,99,1791230650352306,b097ef0536bef82c:0x5aa97,1,0,370,99,4,20,150,74,0,2471,5904,0,507,1245,33,2,0,521
v1,100,1791230651950610,b097ef0536bef82c:0x5aef4,1,0,394,100,4,0,0,2,0,3588,5904,0,759,1245,33,2,0,521
v1,101,1791230654577071,b097ef0536bef82c:0x5b017,1,0,403,101,4,0,1,1,0,3879,5904,0,825,1245,33,2,0,521
v1,102,1791230654669125,b097ef0536bef82c:0x5b097,1,0,1,102,4,0,1,1,0,4007,5904,0,850,1245,33,2,0,521
v1,103,1791230655147540,b097ef0536bef82c:0x5b107,1,0,406,103,4,0,1,1,0,4119,5904,0,875,1245,33,2,0,521
v1,104,1791230655260658,b097ef0536bef82c:0x5b14b,1,0,1,104,4,0,1,1,0,4187,5904,0,888,1245,33,2,0,521
v1,105,1791230655310211,b097ef0536bef82c:0x5b190,1,0,1,105,4,0,1,1,0,4256,5904,0,901,1245,33,2,0,521
v1,106,1791230655427292,b097ef0536bef82c:0x5b1d4,1,1,1,106,4,0,1,1,0,4324,5904,0,914,1245,33,2,0,521
v1,107,1791230656581890,b097ef0536bef82c:0x5b550,1,1,412,107,4,0,1,1,0,5216,5904,0,1094,1245,33,2,0,521
v1,108,1791230656651812,b097ef0536bef82c:0x2fdd5,1,1,1,108,3,51,29,3,0,8789,85844,10,1796,17156,934,3,32,9121
v1,109,1791230656786733,b097ef0536bef82c:0x2ff2a,1,0,415,109,4,0,0,2,0,9130,85844,10,1862,17156,934,3,32,9121
v1,110,1791230656835355,b097ef0536bef82c:0xb882,1,0,1,110,4,0,0,2,0,338,1568,1,66,313,20,1,0,169
v1,111,1791230656965616,b097ef0536bef82c:0xf232,1,0,1,111,4,0,0,2,0,3218,4160,0,630,812,44,1,0,481
v1,112,1791230656994165,b097ef0536bef82c:0xeac7,1,1,1,112,4,0,0,2,0,1319,4160,0,261,812,44,1,0,481
v1,113,1791230657025197,b097ef0536bef82c:0xe8e3,1,0,1,113,4,0,0,2,0,835,4160,0,164,812,44,1,0,481
v1,114,1791230657120860,b097ef0536bef82c:0x9f830,1,0,1,114,4,1,0,4,0,1216,254,0,0,73,4,3,0,36
v1,115,1791230657233459,b097ef0536bef82c:0x9f83a,1,0,1,115,4,1,15,10,0,1226,254,0,0,73,4,3,0,36
v1,116,1791230657965451,b097ef0536bef82c:0x9f85c,1,1,427,116,4,1,15,10,0,1260,254,0,0,73,4,3,0,36
v1,117,1791230658721865,b097ef0536bef82c:0x9f88e,1,0,431,117,4,1,30,16,0,1310,254,0,0,73,4,3,0,36
v1,118,1791230660256746,b097ef0536bef82c:0x9f8cb,1,0,438,118,4,1,0,4,0,1371,254,0,0,73,4,3,0,36
v1,119,1791230660371672,b097ef0536bef82c:0x9f8e8,1,0,1,119,4,1,20,12,0,1400,254,0,0,73,4,3,0,36
v1,120,1791230661371214,b097ef0536bef82c:0x9f936,1,1,444,120,4,13,100,54,0,1478,254,0,0,73,4,3,0,36
v1,121,1791230662389316,b097ef0536bef82c:0x9f936,0,1,449,121,4,14,120,62,0,1478,254,0,0,73,4,3,0,36
v1,122,1791230662389473,b097ef0536bef82c:0x9f936,0,1,449,122,4,15,120,62,0,1478,254,0,0,73,4,3,0,36
v1,123,1791230662389570,b097ef0536bef82c:0x9f936,0,1,449,123,4,16,120,62,0,1478,254,0,0,73,4,3,0,36
v1,124,1791230662389671,b097ef0536bef82c:0x9f936,0,1,449,124,4,17,120,62,0,1478,254,0,0,73,4,3,0,36
v1,125,1791230662390246,b097ef0536bef82c:0x9f936,1,1,449,125,4,18,120,64,0,1478,254,0,0,73,4,3,0,36
v1,126,1791230663485618,b097ef0536bef82c:0x9f936,0,1,474,126,4,19,140,72,0,1478,254,0,0,73,4,3,0,36
v1,127,1791230663485783,b097ef0536bef82c:0x9f936,0,1,474,127,4,20,140,72,0,1478,254,0,0,73,4,3,0,36
v1,128,1791230663485886,b097ef0536bef82c:0x9f936,0,1,474,128,4,21,140,72,0,1478,254,0,0,73,4,3,0,36
v1,129,1791230663485991,b097ef0536bef82c:0x9f936,0,1,474,129,4,22,140,72,0,1478,254,0,0,73,4,3,0,36
v1,130,1791230663486100,b097ef0536bef82c:0x9f936,0,1,474,130,4,23,140,72,0,1478,254,0,0,73,4,3,0,36
v1,131,1791230663486205,b097ef0536bef82c:0x9f936,0,1,474,131,4,24,140,72,0,1478,254,0,0,73,4,3,0,36
v1,132,1791230663486865,b097ef0536bef82c:0x9f936,1,0,474,132,4,25,140,74,0,1478,254,0,0,73,4,3,0,36
v1,133,1791230663615885,b097ef0536bef82c:0xe9c1,1,0,1,133,4,0,0,2,0,1057,4160,0,210,812,44,1,0,481
v1,134,1791230663682878,b097ef0536bef82c:0xea7c,1,0,1,134,4,0,0,2,0,1244,4160,0,246,812,44,1,0,481
v1,135,1791230663819579,b097ef0536bef82c:0xed93,1,0,1,135,4,0,0,2,0,2035,4160,0,401,812,44,1,0,481
v1,136,1791230663891574,b097ef0536bef82c:0x56e6,1,0,1,136,4,0,0,2,0,262,976,0,55,192,7,1,0,112
v1,137,1791230664002869,b097ef0536bef82c:0x6e6f2,1,0,1,137,4,0,0,2,0,18,464,0,8,128,27,4,0,59
v1,138,1791230664047411,b097ef0536bef82c:0x791e5,1,0,1,138,4,0,0,2,0,5,699,1,2,182,37,6,0,60
v1,139,1791230664137251,b097ef0536bef82c:0x792ac,1,0,1,139,4,0,0,2,0,204,699,1,62,182,37,6,0,60
v1,140,1791230664240540,b097ef0536bef82c:0x792b5,1,0,1,140,4,0,0,2,0,213,699,1,64,182,37,6,0,60
v1,141,1791230664283693,b097ef0536bef82c:0x7b633,1,0,1,141,4,0,0,2,0,3,195,1,1,64,9,3,0,23
v1,142,1791230664330380,b097ef0536bef82c:0x7b665,1,1,1,142,4,0,0,2,0,53,195,1,18,64,9,3,0,23
v1,143,1791230664439062,b097ef0536bef82c:0x7b66d,1,1,1,143,4,0,0,2,0,61,195,1,20,64,9,3,0,23
v1,144,1791230664488016,b097ef0536bef82c:0x8f3b4,1,1,1,144,4,0,0,2,0,436,291,0,0,75,12,6,16,28
v1,145,1791230664605175,b097ef0536bef82c:0x8f435,1,1,1,145,4,0,0,2,0,565,291,0,0,75,12,6,16,28
v1,146,1791230664659800,b097ef0536bef82c:0x8f467,1,0,1,146,4,0,0,2,0,615,291,0,0,75,12,6,16,28
v1,147,1791230664781761,b097ef0536bef82c:0x8f46e,1,0,1,147,4,0,0,2,0,622,291,0,0,75,12,6,16,28
v1,148,1791230665995346,b097ef0536bef82c:0x8f498,1,0,538,148,4,0,0,2,0,664,291,0,0,75,12,6,16,28
v1,149,1791230667198143,b097ef0536bef82c:0x8f4c2,1,1,543,149,4,0,0,2,0,706,291,0,0,75,12,6,16,28
v1,150,1791230668449310,b097ef0536bef82c:0x8f498,1,0,548,150,4,1,20,12,0,664,291,0,0,75,12,6,16,28
v1,151,1791230669785621,b097ef0536bef82c:0x8f4c2,1,1,553,151,4,1,20,12,0,706,291,0,0,75,12,6,16,28
v1,152,1791230670950448,b097ef0536bef82c:0x8f498,1,0,558,152,4,2,40,22,0,664,291,0,0,75,12,6,16,28
v1,153,1791230672194872,b097ef0536bef82c:0x8f4c2,0,1,563,153,4,2,40,20,0,706,291,0,0,75,12,6,16,28
v1,154,1791230672195069,b097ef0536bef82c:0x8f498,0,0,563,154,4,3,60,30,0,664,291,0,0,75,12,6,16,28
v1,155,1791230672195659,b097ef0536bef82c:0x8f4c2,1,1,563,155,4,3,40,22,0,706,291,0,0,75,12,6,16,28
v1,156,1791230673484642,b097ef0536bef82c:0x8f498,1,0,578,156,4,4,60,32,0,664,291,0,0,75,12,6,16,28
v1,157,1791230674732840,b097ef0536bef82c:0x8f4c2,0,1,583,157,4,4,60,30,0,706,291,0,0,75,12,6,16,28
v1,158,1791230674733027,b097ef0536bef82c:0x8f498,0,0,583,158,4,5,80,40,0,664,291,0,0,75,12,6,16,28
v1,159,1791230674733147,b097ef0536bef82c:0x8f4c2,0,1,583,159,4,5,60,30,0,706,291,0,0,75,12,6,16,28
v1,160,1791230674733271,b097ef0536bef82c:0x8f498,0,0,583,160,4,6,80,40,0,664,291,0,0,75,12,6,16,28
v1,161,1791230674733383,b097ef0536bef82c:0x8f4c2,0,1,583,161,4,6,60,30,0,706,291,0,0,75,12,6,16,28
v1,162,1791230674733503,b097ef0536bef82c:0x8f498,0,0,583,162,4,7,80,40,0,664,291,0,0,75,12,6,16,28
v1,163,1791230674734119,b097ef0536bef82c:0x8f4c2,1,1,583,163,4,7,60,32,0,706,291,0,0,75,12,6,16,28
v1,164,1791230675952503,b097ef0536bef82c:0x8f498,1,0,618,164,4,8,80,42,0,664,291,0,0,75,12,6,16,28
v1,165,1791230677246374,b097ef0536bef82c:0x8f4c2,0,1,623,165,4,8,80,40,0,706,291,0,0,75,12,6,16,28
v1,166,1791230677246553,b097ef0536bef82c:0x8f498,0,0,623,166,4,9,100,50,0,664,291,0,0,75,12,6,16,28
v1,167,1791230677246679,b097ef0536bef82c:0x8f4c2,0,1,623,167,4,9,80,40,0,706,291,0,0,75,12,6,16,28
v1,168,1791230677246798,b097ef0536bef82c:0x8f498,0,0,623,168,4,10,100,50,0,664,291,0,0,75,12,6,16,28
v1,169,1791230677246909,b097ef0536bef82c:0x8f4c2,0,1,623,169,4,10,80,40,0,706,291,0,0,75,12,6,16,28
v1,170,1791230677247028,b097ef0536bef82c:0x8f498,0,0,623,170,4,11,100,50,0,664,291,0,0,75,12,6,16,28
v1,171,1791230677247141,b097ef0536bef82c:0x8f4c2,0,1,623,171,4,11,80,40,0,706,291,0,0,75,12,6,16,28
v1,172,1791230677247269,b097ef0536bef82c:0x8f498,0,0,623,172,4,12,100,50,0,664,291,0,0,75,12,6,16,28
v1,173,1791230677247390,b097ef0536bef82c:0x8f4c2,0,1,623,173,4,12,80,40,0,706,291,0,0,75,12,6,16,28
v1,174,1791230677247979,b097ef0536bef82c:0x8f498,1,1,623,174,4,13,101,51,0,664,291,0,0,75,12,6,16,28
v1,175,1791230677398628,b097ef0536bef82c:0x8f4d3,1,1,1,175,4,0,1,1,0,723,291,0,0,75,12,6,16,28
v1,176,1791230677441742,b097ef0536bef82c:0x8f3b9,1,0,1,176,4,0,1,1,0,441,291,0,0,75,12,6,16,28
v1,177,1791230677823323,b097ef0536bef82c:0x8f3c9,1,0,672,177,4,0,1,1,0,457,291,0,0,75,12,6,16,28
v1,178,1791230678152823,b097ef0536bef82c:0x8f3dc,1,1,674,178,4,0,1,1,0,476,291,0,0,75,12,6,16,28
v1,179,1791230678211673,b097ef0536bef82c:0x8f3ed,1,0,1,179,4,0,1,1,0,493,291,0,0,75,12,6,16,28
v1,180,1791230678557565,b097ef0536bef82c:0x8f406,1,0,677,180,4,0,1,1,0,518,291,0,0,75,12,6,16,28
v1,181,1791230679204615,b097ef0536bef82c:0x8f429,1,0,680,181,4,0,1,1,0,553,291,0,0,75,12,6,16,28
v1,1,1791230690222187,b097ef0536bef82c:0xafb3,0,1,0,1,1,85,1,0,0,355,2272,0,70,437,23,1,0,266
v1,2,1791230690323459,b097ef0536bef82c:0xb355,0,0,0,2,1,84,2,0,0,1285,2272,0,244,437,23,1,0,266
v1,3,1791230690492373,b097ef0536bef82c:0x3344b,0,1,0,3,2,83,1,1,0,22731,85844,10,4519,17156,934,3,32,9121
v1,4,1791230690597149,b097ef0536bef82c:0x307ff,0,1,0,4,1,81,2,0,0,11391,85844,10,2312,17156,934,3,32,9121
v1,5,1791230690601137,b097ef0536bef82c:0x3b0b3,0,1,0,5,2,80,2,2,0,54579,85844,10,10975,17156,934,3,32,9121
v1,6,1791230690609267,b097ef0536bef82c:0x3f2b3,0,1,0,6,1,79,12,6,0,71475,85844,10,14356,17156,934,3,32,9121
v1,7,1791230690668765,b097ef0536bef82c:0x3bfcd,0,1,0,7,1,75,22,10,0,58445,85844,10,11723,17156,934,3,32,9121
v1,8,1791230690711132,b097ef0536bef82c:0x375bb,0,1,0,8,1,73,12,6,0,39483,85844,10,7910,17156,934,3,32,9121
v1,9,1791230690716528,b097ef0536bef82c:0x37686,0,0,0,9,1,73,4,4,0,39686,85844,10,7950,17156,934,3,32,9121
v1,10,1791230690745205,b097ef0536bef82c:0x30b0f,0,1,0,10,1,70,6,6,0,12175,85844,10,2466,17156,934,3,32,9121
v1,11,1791230690751412,b097ef0536bef82c:0x319f3,0,0,0,11,1,65,10,10,0,15987,85844,10,3202,17156,934,3,32,9121
v1,12,1791230690763983,b097ef0536bef82c:0x31f3b,0,1,0,12,1,63,13,13,0,17339,85844,10,3467,17156,934,3,32,9121
v1,13,1791230690801658,b097ef0536bef82c:0x2e610,0,1,0,13,3,54,6,0,0,2704,85844,10,545,17156,934,3,32,9121
v1,14,1791230690834548,b097ef0536bef82c:0x30a23,0,0,0,14,5,24,3,1,0,11939,85844,10,2423,17156,934,3,32,9121
v1,15,1791230690838344,b097ef0536bef82c:0x30a6b,0,0,0,15,5,23,3,0,0,12011,85844,10,2436,17156,934,3,32,9121
v1,16,1791230690846857,b097ef0536bef82c:0x33eb5,0,0,0,16,5,22,3,3,0,25397,85844,10,5069,17156,934,3,32,9121
v1,17,1791230690856099,b097ef0536bef82c:0x33ff7,0,0,0,17,5,20,0,4,0,25719,85844,10,5134,17156,934,3,32,9121
v1,18,1791230690859935,b097ef0536bef82c:0x3403e,0,0,0,18,5,20,3,2,0,25790,85844,10,5148,17156,934,3,32,9121
v1,19,1791230690863671,b097ef0536bef82c:0x34080,0,1,0,19,5,17,2,2,0,25856,85844,10,5160,17156,934,3,32,9121
v1,20,1791230690889692,b097ef0536bef82c:0x3443f,0,0,0,20,5,34,223,68,0,26815,85844,10,5352,17156,934,3,32,9121
v1,21,1791230690920247,b097ef0536bef82c:0x3443f,0,0,0,21,5,35,223,68,0,26815,85844,10,5352,17156,934,3,32,9121
v1,22,1791230690932150,b097ef0536bef82c:0x3443f,0,0,0,22,5,36,223,68,0,26815,85844,10,5352,17156,934,3,32,9121
v1,23,1791230690932582,b097ef0536bef82c:0x3443f,0,1,0,23,5,37,223,68,0,26815,85844,10,5352,17156,934,3,32,9121
v1,24,1791230691179635,b097ef0536bef82c:0x480e0,1,0,0,24,6,2,13,7,0,6432,18551,6,1213,3563,201,2,0,2064
v1,25,1791230691305303,b097ef0536bef82c:0x489eb,1,0,83,25,10,2,23,11,0,8747,18551,6,1660,3563,201,2,0,2064
v1,26,1791230691351744,b097ef0536bef82c:0x48a81,1,0,86,26,9,2,13,7,0,8897,18551,6,1689,3563,201,2,0,2064
v1,27,1791230691401406,b097ef0536bef82c:0x48b17,1,0,89,27,8,2,3,3,0,9047,18551,6,1719,3563,201,2,0,2064
v1,28,1791230691451090,b097ef0536bef82c:0x48bb0,1,1,92,28,8,2,13,7,0,9200,18551,6,1749,3563,201,2,0,2064
v1,29,1791230691467310,b097ef0536bef82c:0x48c45,1,1,1,29,7,1,12,6,0,9349,18551,6,1778,3563,201,2,0,2064
v1,30,1791230691483423,b097ef0536bef82c:0x48cdc,1,0,1,30,6,3,14,8,0,9500,18551,6,1808,3563,201,2,0,2064
v1,31,1791230691533205,b097ef0536bef82c:0x48d75,1,0,100,31,7,3,24,12,0,9653,18551,6,1838,3563,201,2,0,2064
v1,32,1791230691582046,b097ef0536bef82c:0x48e0c,1,0,104,32,8,3,24,12,0,9804,18551,6,1868,3563,201,2,0,2064
v1,33,1791230691634291,b097ef0536bef82c:0x489eb,1,0,108,33,9,3,34,16,0,8747,18551,6,1660,3563,201,2,0,2064
v1,34,1791230691676676,b097ef0536bef82c:0x48a81,1,0,114,34,9,3,24,12,0,8897,18551,6,1689,3563,201,2,0,2064
v1,35,1791230691720833,b097ef0536bef82c:0x48b17,1,0,117,35,10,3,14,8,0,9047,18551,6,1719,3563,201,2,0,2064
v1,36,1791230691763364,b097ef0536bef82c:0x48cdc,1,0,120,36,5,4,25,13,0,9500,18551,6,1808,3563,201,2,0,2064
v1,37,1791230691805423,b097ef0536bef82c:0x48d75,1,0,123,37,5,4,35,17,0,9653,18551,6,1838,3563,201,2,0,2064
v1,38,1791230691847824,b097ef0536bef82c:0x48e0c,1,0,126,38,6,4,35,17,0,9804,18551,6,1868,3563,201,2,0,2064
v1,39,1791230691968148,b097ef0536bef82c:0x4942b,1,1,130,39,8,10,128,58,0,11371,18551,6,2185,3563,201,2,0,2064
v1,40,1791230692048895,b097ef0536bef82c:0x491b7,1,1,141,40,8,18,117,58,0,10743,18551,6,2059,3563,201,2,0,2064
v1,41,1791230692197585,b097ef0536bef82c:0x491b7,0,1,145,41,8,19,132,64,0,10743,18551,6,2059,3563,201,2,0,2064
v1,42,1791230692197774,b097ef0536bef82c:0x491b7,0,1,145,42,8,20,132,64,0,10743,18551,6,2059,3563,201,2,0,2064
v1,43,1791230692197939,b097ef0536bef82c:0x491b7,0,1,145,43,8,21,132,64,0,10743,18551,6,2059,3563,201,2,0,2064
v1,44,1791230692198087,b097ef0536bef82c:0x491b7,0,1,145,44,8,22,132,64,0,10743,18551,6,2059,3563,201,2,0,2064
v1,45,1791230692198229,b097ef0536bef82c:0x491b7,0,1,145,45,8,23,132,64,0,10743,18551,6,2059,3563,201,2,0,2064
v1,46,1791230692198377,b097ef0536bef82c:0x491b7,0,1,145,46,8,24,132,64,0,10743,18551,6,2059,3563,201,2,0,2064
v1,47,1791230692198513,b097ef0536bef82c:0x491b7,0,1,145,47,8,25,132,64,0,10743,18551,6,2059,3563,201,2,0,2064
v1,48,1791230692199140,b097ef0536bef82c:0x491b7,1,1,145,48,8,26,132,66,0,10743,18551,6,2059,3563,201,2,0,2064
v1,49,1791230692592224,b097ef0536bef82c:0x491b7,0,1,177,49,8,27,147,72,0,10743,18551,6,2059,3563,201,2,0,2064
v1,50,1791230692592426,b097ef0536bef82c:0x491b7,0,1,177,50,8,28,147,72,0,10743,18551,6,2059,3563,201,2,0,2064
v1,51,1791230692592571,b097ef0536bef82c:0x491b7,0,1,177,51,8,29,147,72,0,10743,18551,6,2059,3563,201,2,0,2064
v1,52,1791230692592709,b097ef0536bef82c:0x491b7,0,1,177,52,8,30,147,72,0,10743,18551,6,2059,3563,201,2,0,2064
v1,53,1791230692592848,b097ef0536bef82c:0x491b7,0,1,177,53,8,31,147,72,0,10743,18551,6,2059,3563,201,2,0,2064
v1,54,1791230692592994,b097ef0536bef82c:0x491b7,0,1,177,54,8,32,147,72,0,10743,18551,6,2059,3563,201,2,0,2064
v1,55,1791230692593645,b097ef0536bef82c:0x491b7,1,0,177,55,8,33,148,73,0,10743,18551,6,2059,3563,201,2,0,2064
v1,56,1791230692679796,b097ef0536bef82c:0x49201,1,1,1,56,8,10,5,11,0,10817,18551,6,2075,3563,201,2,0,2064
v1,57,1791230692759013,b097ef0536bef82c:0x492ba,1,0,1,57,8,10,44,30,0,11002,18551,6,2113,3563,201,2,0,2064
v1,58,1791230692998027,b097ef0536bef82c:0x49393,1,0,209,58,8,4,5,5,0,11219,18551,6,2155,3563,201,2,0,2064
v1,59,1791230693008210,b097ef0536bef82c:0x4942b,0,1,1,59,6,11,143,64,0,11371,18551,6,2185,3563,201,2,0,2064
v1,60,1791230693008437,b097ef0536bef82c:0x491b7,0,1,1,60,6,34,148,73,0,10743,18551,6,2059,3563,201,2,0,2064
v1,61,1791230693008579,b097ef0536bef82c:0x491b7,0,1,1,61,6,35,148,73,0,10743,18551,6,2059,3563,201,2,0,2064
v1,62,1791230693009286,b097ef0536bef82c:0x491b7,1,1,1,62,6,36,148,75,0,10743,18551,6,2059,3563,201,2,0,2064
v1,63,1791230693742972,b097ef0536bef82c:0x491b7,0,1,229,63,6,37,163,81,0,10743,18551,6,2059,3563,201,2,0,2064
v1,64,1791230693743158,b097ef0536bef82c:0x491b7,0,1,229,64,6,38,163,81,0,10743,18551,6,2059,3563,201,2,0,2064
v1,65,1791230693743303,b097ef0536bef82c:0x491b7,0,1,229,65,6,39,163,81,0,10743,18551,6,2059,3563,201,2,0,2064
v1,66,1791230693743446,b097ef0536bef82c:0x491b7,0,1,229,66,6,40,163,81,0,10743,18551,6,2059,3563,201,2,0,2064
v1,67,1791230693743593,b097ef0536bef82c:0x491b7,0,0,229,67,6,41,163,81,0,10743,18551,6,2059,3563,201,2,0,2064
v1,68,1791230693743774,b097ef0536bef82c:0x49201,0,1,229,68,8,11,5,11,0,10817,18551,6,2075,3563,201,2,0,2064
v1,69,1791230693743905,b097ef0536bef82c:0x492ba,0,0,229,69,6,11,49,32,0,11002,18551,6,2113,3563,201,2,0,2064
v1,70,1791230693744188,b097ef0536bef82c:0x4942b,0,1,229,70,6,12,143,64,0,11371,18551,6,2185,3563,201,2,0,2064
v1,71,1791230693744404,b097ef0536bef82c:0x491b7,0,1,229,71,6,42,163,81,0,10743,18551,6,2059,3563,201,2,0,2064
v1,72,1791230693744547,b097ef0536bef82c:0x491b7,0,1,229,72,6,43,163,81,0,10743,18551,6,2059,3563,201,2,0,2064
v1,73,1791230693744684,b097ef0536bef82c:0x491b7,0,1,229,73,6,44,163,81,0,10743,18551,6,2059,3563,201,2,0,2064
v1,74,1791230693745544,b097ef0536bef82c:0x49201,1,0,229,74,8,12,5,13,0,10817,18551,6,2075,3563,201,2,0,2064
v1,75,1791230693870372,b097ef0536bef82c:0x49244,1,1,1,75,8,10,8,8,0,10884,18551,6,2090,3563,201,2,0,2064
v1,76,1791230693995231,b097ef0536bef82c:0x49244,1,0,1,76,8,11,9,9,0,10884,18551,6,2090,3563,201,2,0,2064
v1,77,1791230694120879,b097ef0536bef82c:0x492ba,1,0,1,77,6,12,50,33,0,11002,18551,6,2113,3563,201,2,0,2064
v1,78,1791230694507308,b097ef0536bef82c:0x4942b,1,1,272,78,6,13,143,66,0,11371,18551,6,2185,3563,201,2,0,2064
v1,79,1791230695310469,b097ef0536bef82c:0x491b7,0,1,277,79,6,45,163,81,0,10743,18551,6,2059,3563,201,2,0,2064
v1,80,1791230695310769,b097ef0536bef82c:0x491b7,0,1,277,80,6,46,163,81,0,10743,18551,6,2059,3563,201,2,0,2064
v1,81,1791230695310924,b097ef0536bef82c:0x491b7,0,1,277,81,6,47,163,81,0,10743,18551,6,2059,3563,201,2,0,2064
v1,82,1791230695311072,b097ef0536bef82c:0x491b7,0,1,277,82,6,48,163,81,0,10743,18551,6,2059,3563,201,2,0,2064
v1,83,1791230695311723,b097ef0536bef82c:0x491b7,1,0,277,83,6,49,164,82,0,10743,18551,6,2059,3563,201,2,0,2064
v1,84,1791230695451952,b097ef0536bef82c:0x49201,1,1,1,84,8,13,6,14,0,10817,18551,6,2075,3563,201,2,0,2064
v1,85,1791230695584168,b097ef0536bef82c:0x492ba,0,0,1,85,6,13,55,35,0,11002,18551,6,2113,3563,201,2,0,2064
v1,86,1791230695584446,b097ef0536bef82c:0x4942b,0,1,1,86,6,14,158,72,0,11371,18551,6,2185,3563,201,2,0,2064
v1,87,1791230695585349,b097ef0536bef82c:0x491b7,1,1,1,87,6,50,165,83,0,10743,18551,6,2059,3563,201,2,0,2064
v1,88,1791230696526030,b097ef0536bef82c:0x491b7,0,1,310,88,6,51,180,89,0,10743,18551,6,2059,3563,201,2,0,2064
v1,89,1791230696526239,b097ef0536bef82c:0x491b7,0,1,310,89,6,52,180,89,0,10743,18551,6,2059,3563,201,2,0,2064
v1,90,1791230696526396,b097ef0536bef82c:0x491b7,0,1,310,90,6,53,180,89,0,10743,18551,6,2059,3563,201,2,0,2064
v1,91,1791230696526544,b097ef0536bef82c:0x491b7,0,1,310,91,6,54,180,89,0,10743,18551,6,2059,3563,201,2,0,2064
v1,92,1791230696527351,b097ef0536bef82c:0x49201,1,0,310,92,8,14,6,16,0,10817,18551,6,2075,3563,201,2,0,2064
v1,93,1791230696673887,b097ef0536bef82c:0x49244,0,0,1,93,8,12,9,9,0,10884,18551,6,2090,3563,201,2,0,2064
v1,94,1791230696673976,b097ef0536bef82c:0x492ba,0,0,1,94,6,14,55,35,0,11002,18551,6,2113,3563,201,2,0,2064
v1,95,1791230696674178,b097ef0536bef82c:0x4942b,0,1,1,95,6,15,158,72,0,11371,18551,6,2185,3563,201,2,0,2064
v1,96,1791230696674416,b097ef0536bef82c:0x491b7,0,1,1,96,6,55,180,89,0,10743,18551,6,2059,3563,201,2,0,2064
v1,97,1791230696674768,b097ef0536bef82c:0x49201,0,1,1,97,8,15,6,16,0,10817,18551,6,2075,3563,201,2,0,2064
v1,98,1791230696674823,b097ef0536bef82c:0x492ba,0,0,1,98,6,15,55,35,0,11002,18551,6,2113,3563,201,2,0,2064
v1,99,1791230696675608,b097ef0536bef82c:0x49393,1,0,1,99,6,5,6,6,0,11219,18551,6,2155,3563,201,2,0,2064
v1,100,1791230696690026,b097ef0536bef82c:0x4942b,0,1,1,100,9,16,158,72,0,11371,18551,6,2185,3563,201,2,0,2064
v1,101,1791230696690274,b097ef0536bef82c:0x491b7,0,1,1,101,9,56,180,89,0,10743,18551,6,2059,3563,201,2,0,2064
v1,102,1791230696691041,b097ef0536bef82c:0x49201,1,1,1,102,9,16,7,17,0,10817,18551,6,2075,3563,201,2,0,2064
v1,103,1791230696840879,b097ef0536bef82c:0x492ba,0,0,1,103,9,16,55,35,0,11002,18551,6,2113,3563,201,2,0,2064
v1,104,1791230696841078,b097ef0536bef82c:0x49393,0,0,1,104,9,6,6,6,0,11219,18551,6,2155,3563,201,2,0,2064
v1,105,1791230696841192,b097ef0536bef82c:0x4942b,0,1,1,105,10,17,158,72,0,11371,18551,6,2185,3563,201,2,0,2064
v1,106,1791230696841412,b097ef0536bef82c:0x491b7,0,0,1,106,10,57,180,89,0,10743,18551,6,2059,3563,201,2,0,2064
v1,107,1791230696841895,b097ef0536bef82c:0x49201,0,1,1,107,10,17,7,17,0,10817,18551,6,2075,3563,201,2,0,2064
v1,108,1791230696841995,b097ef0536bef82c:0x492ba,0,0,1,108,10,17,55,35,0,11002,18551,6,2113,3563,201,2,0,2064
v1,109,1791230696842186,b097ef0536bef82c:0x4942b,0,1,1,109,10,18,158,72,0,11371,18551,6,2185,3563,201,2,0,2064
v1,110,1791230696842405,b097ef0536bef82c:0x491b7,0,0,1,110,10,58,180,89,0,10743,18551,6,2059,3563,201,2,0,2064
v1,111,1791230696842490,b097ef0536bef82c:0x49201,0,0,1,111,10,18,7,17,0,10817,18551,6,2075,3563,201,2,0,2064
v1,112,1791230696842585,b097ef0536bef82c:0x49244,0,0,1,112,10,13,9,9,0,10884,18551,6,2090,3563,201,2,0,2064
v1,113,1791230696842687,b097ef0536bef82c:0x492ba,0,0,1,113,10,18,55,35,0,11002,18551,6,2113,3563,201,2,0,2064
v1,114,1791230696842875,b097ef0536bef82c:0x4942b,0,1,1,114,10,19,158,72,0,11371,18551,6,2185,3563,201,2,0,2064
v1,115,1791230696843083,b097ef0536bef82c:0x491b7,0,0,1,115,10,59,180,89,0,10743,18551,6,2059,3563,201,2,0,2064
v1,116,1791230696843165,b097ef0536bef82c:0x49201,0,1,1,116,10,19,7,17,0,10817,18551,6,2075,3563,201,2,0,2064
v1,117,1791230696843243,b097ef0536bef82c:0x492ba,0,0,1,117,10,19,55,35,0,11002,18551,6,2113,3563,201,2,0,2064
v1,118,1791230696843430,b097ef0536bef82c:0x4942b,0,1,1,118,10,20,158,72,0,11371,18551,6,2185,3563,201,2,0,2064
v1,119,1791230696843631,b097ef0536bef82c:0x491b7,0,0,1,119,10,60,180,89,0,10743,18551,6,2059,3563,201,2,0,2064
v1,120,1791230696843711,b097ef0536bef82c:0x49201,0,0,1,120,10,20,7,17,0,10817,18551,6,2075,3563,201,2,0,2064
v1,121,1791230696844302,b097ef0536bef82c:0x49244,1,1,1,121,10,14,10,10,0,10884,18551,6,2090,3563,201,2,0,2064
v1,122,1791230697006337,b097ef0536bef82c:0x49244,0,1,1,122,10,15,10,10,0,10884,18551,6,2090,3563,201,2,0,2064
v1,123,1791230697006410,b097ef0536bef82c:0x49244,0,1,1,123,10,16,10,10,0,10884,18551,6,2090,3563,201,2,0,2064
v1,124,1791230697006476,b097ef0536bef82c:0x49244,0,1,1,124,10,17,10,10,0,10884,18551,6,2090,3563,201,2,0,2064
v1,125,1791230697007201,b097ef0536bef82c:0x49244,1,1,1,125,10,18,11,11,0,10884,18551,6,2090,3563,201,2,0,2064
v1,126,1791230697166438,b097ef0536bef82c:0x49244,0,1,1,126,10,19,11,11,0,10884,18551,6,2090,3563,201,2,0,2064
v1,127,1791230697166514,b097ef0536bef82c:0x49244,0,0,1,127,10,20,11,11,0,10884,18551,6,2090,3563,201,2,0,2064
v1,128,1791230697167115,b097ef0536bef82c:0x492ba,1,1,1,128,10,20,56,36,0,11002,18551,6,2113,3563,201,2,0,2064
v1,129,1791230697649749,b097ef0536bef82c:0x49393,1,1,414,129,10,7,7,7,0,11219,18551,6,2155,3563,201,2,0,2064
v1,130,1791230697824744,b097ef0536bef82c:0x3bcb1,1,1,1,130,10,2,0,6,0,57649,85844,10,11569,17156,934,3,32,9121
v1,131,1791230697851451,b097ef0536bef82c:0x33713,1,0,1,131,5,13,76,42,0,23443,85844,10,4658,17156,934,3,32,9121
v1,132,1791230698724814,b097ef0536bef82c:0x2fdd5,1,1,428,132,3,52,30,3,0,8789,85844,10,1796,17156,934,3,32,9121
