schema_version,timestamp_us,result,elapsed_us,branch_id,cum_solving_time_us
v1,1791230112278585,SAT,6366,b097ef0536bef82c:0xafb3,6366
v1,1791230112352237,SAT,688,b097ef0536bef82c:0xb355,7054
v1,1791230112522004,UNSAT,598,b097ef0536bef82c:0x3344b,7652
v1,1791230112523248,SAT,743,b097ef0536bef82c:0x3344b,8395
v1,1791230125463013,SAT,3553,b097ef0536bef82c:0x307ff,3553
v1,1791230125468660,UNSAT,198,b097ef0536bef82c:0x3b0b3,3751
v1,1791230125469393,SAT,482,b097ef0536bef82c:0x3b0b3,4233
v1,1791230125478719,UNSAT,266,b097ef0536bef82c:0x3f2b3,4499
v1,1791230125480050,SAT,870,b097ef0536bef82c:0x3f2b3,5369
v1,1791230131558220,SAT,258,b097ef0536bef82c:0xb355,258
v1,1791230136317299,SAT,407,b097ef0536bef82c:0x307ff,407
v1,1791230142043742,UNSAT,231,b097ef0536bef82c:0x3b0b3,231
v1,1791230142044898,SAT,699,b097ef0536bef82c:0x3b0b3,930
v1,1791230158307948,UNSAT,268,b097ef0536bef82c:0x3f2b3,268
v1,1791230158309501,SAT,926,b097ef0536bef82c:0x3f2b3,1194
v1,1791230158320469,SAT,224,b097ef0536bef82c:0x3f2b3,1418
v1,1791230158320687,SAT,38,b097ef0536bef82c:0x3f2b3,1456
v1,1791230158322615,UNSAT,1778,b097ef0536bef82c:0x3f2b3,3234
v1,1791230158322832,SAT,186,b097ef0536bef82c:0x3f2b3,3420
v1,1791230158325585,UNSAT,2590,b097ef0536bef82c:0x3f2b3,6010
v1,1791230158327455,SAT,1797,b097ef0536bef82c:0x3f2b3,7807
v1,1791230158329385,SAT,1756,b097ef0536bef82c:0x3f2b3,9563
v1,1791230158330385,SAT,208,b097ef0536bef82c:0x3f2b3,9771
v1,1791230158332180,SAT,45,b097ef0536bef82c:0x3f2b3,9816
v1,1791230158334159,UNSAT,1821,b097ef0536bef82c:0x3f2b3,11637
v1,1791230158334247,SAT,53,b097ef0536bef82c:0x3f2b3,11690
v1,1791230158336680,UNSAT,2295,b097ef0536bef82c:0x3f2b3,13985
v1,1791230158339056,SAT,2319,b097ef0536bef82c:0x3f2b3,16304
v1,1791230158341402,SAT,2086,b097ef0536bef82c:0x3f2b3,18390
v1,1791230163853011,UNSAT,229,b097ef0536bef82c:0x3bfcd,229
v1,1791230163854211,SAT,711,b097ef0536bef82c:0x3bfcd,940
v1,1791230175016006,UNSAT,237,b097ef0536bef82c:0x375bb,237
v1,1791230175017774,SAT,1056,b097ef0536bef82c:0x375bb,1293
v1,1791230175028075,UNSAT,197,b097ef0536bef82c:0x37686,1490
v1,1791230175028848,SAT,504,b097ef0536bef82c:0x37686,1994
v1,1791230175055092,UNSAT,310,b097ef0536bef82c:0x30b0f,2304
v1,1791230175056733,SAT,1193,b097ef0536bef82c:0x30b0f,3497
v1,1791230175067835,UNSAT,207,b097ef0536bef82c:0x319f3,3704
v1,1791230175068662,SAT,562,b097ef0536bef82c:0x319f3,4266
v1,1791230181103949,UNSAT,275,b097ef0536bef82c:0x3bfcd,275
v1,1791230181105214,SAT,691,b097ef0536bef82c:0x3bfcd,966
v1,1791230181117195,SAT,233,b097ef0536bef82c:0x3bfcd,1199
v1,1791230181120513,SAT,48,b097ef0536bef82c:0x3bfcd,1247
v1,1791230181120897,UNSAT,145,b097ef0536bef82c:0x3bfcd,1392
v1,1791230181120948,SAT,31,b097ef0536bef82c:0x3bfcd,1423
v1,1791230181121201,UNSAT,110,b097ef0536bef82c:0x3bfcd,1533
v1,1791230181121352,SAT,98,b097ef0536bef82c:0x3bfcd,1631
v1,1791230181121552,SAT,73,b097ef0536bef82c:0x3bfcd,1704
v1,1791230181138253,SAT,3522,b097ef0536bef82c:0x3bfcd,5226
v1,1791230181143065,SAT,58,b097ef0536bef82c:0x3bfcd,5284
v1,1791230181145039,UNSAT,1753,b097ef0536bef82c:0x3bfcd,7037
v1,1791230181145109,SAT,31,b097ef0536bef82c:0x3bfcd,7068
v1,1791230181147642,UNSAT,2364,b097ef0536bef82c:0x3bfcd,9432
v1,1791230181149340,SAT,1616,b097ef0536bef82c:0x3bfcd,11048
v1,1791230181151125,SAT,1601,b097ef0536bef82c:0x3bfcd,12649
v1,1791230181158970,SAT,1883,b097ef0536bef82c:0x3bfcd,14532
v1,1791230181165233,SAT,83,b097ef0536bef82c:0x3bfcd,14615
v1,1791230181165642,UNSAT,132,b097ef0536bef82c:0x3bfcd,14747
v1,1791230181165690,SAT,27,b097ef0536bef82c:0x3bfcd,14774
v1,1791230181165994,UNSAT,129,b097ef0536bef82c:0x3bfcd,14903
v1,1791230181166130,SAT,65,b097ef0536bef82c:0x3bfcd,14968
v1,1791230181166448,SAT,134,b097ef0536bef82c:0x3bfcd,15102
v1,1791230181172900,SAT,3390,b097ef0536bef82c:0x3bfcd,18492
v1,1791230181180663,SAT,50,b097ef0536bef82c:0x3bfcd,18542
v1,1791230181181010,UNSAT,137,b097ef0536bef82c:0x3bfcd,18679
v1,1791230181181048,SAT,20,b097ef0536bef82c:0x3bfcd,18699
v1,1791230181181285,UNSAT,118,b097ef0536bef82c:0x3bfcd,18817
v1,1791230181181405,SAT,60,b097ef0536bef82c:0x3bfcd,18877
v1,1791230181181601,SAT,69,b097ef0536bef82c:0x3bfcd,18946
v1,1791230181224279,UNSAT,257,b097ef0536bef82c:0x375bb,19203
v1,1791230181225004,SAT,463,b097ef0536bef82c:0x375bb,19666
v1,1791230181231646,SAT,440,b097ef0536bef82c:0x375bb,20106
v1,1791230181231723,SAT,32,b097ef0536bef82c:0x375bb,20138
v1,1791230181231988,UNSAT,103,b097ef0536bef82c:0x375bb,20241
v1,1791230181232030,SAT,24,b097ef0536bef82c:0x375bb,20265
v1,1791230181232185,UNSAT,74,b097ef0536bef82c:0x375bb,20339
v1,1791230181232270,SAT,62,b097ef0536bef82c:0x375bb,20401
v1,1791230181232415,SAT,70,b097ef0536bef82c:0x375bb,20471
v1,1791230181232917,SAT,342,b097ef0536bef82c:0x375bb,20813
v1,1791230181232974,SAT,33,b097ef0536bef82c:0x375bb,20846
v1,1791230181233134,UNSAT,77,b097ef0536bef82c:0x375bb,20923
v1,1791230181233167,SAT,22,b097ef0536bef82c:0x375bb,20945
v1,1791230181233316,UNSAT,85,b097ef0536bef82c:0x375bb,21030
v1,1791230181233405,SAT,64,b097ef0536bef82c:0x375bb,21094
v1,1791230181233535,SAT,64,b097ef0536bef82c:0x375bb,21158
v1,1791230181241183,UNSAT,259,b097ef0536bef82c:0x37686,21417
v1,1791230181241965,SAT,472,b097ef0536bef82c:0x37686,21889
v1,1791230187472031,UNSAT,268,b097ef0536bef82c:0x319f3,268
v1,1791230187473167,SAT,679,b097ef0536bef82c:0x319f3,947
v1,1791230187485983,UNSAT,208,b097ef0536bef82c:0x31f3b,1155
v1,1791230187486738,SAT,497,b097ef0536bef82c:0x31f3b,1652
v1,1791230193111150,UNSAT,312,b097ef0536bef82c:0x37686,312
v1,1791230193112316,SAT,702,b097ef0536bef82c:0x37686,1014
v1,1791230193138433,UNSAT,259,b097ef0536bef82c:0x30b0f,1273
v1,1791230193139151,SAT,454,b097ef0536bef82c:0x30b0f,1727
v1,1791230193152902,SAT,218,b097ef0536bef82c:0x30cbd,1945
v1,1791230193159493,UNSAT,282,b097ef0536bef82c:0x318e5,2227
v1,1791230193160232,SAT,471,b097ef0536bef82c:0x318e5,2698
v1,1791230193166774,SAT,395,b097ef0536bef82c:0x318e5,3093
v1,1791230193166967,SAT,48,b097ef0536bef82c:0x318e5,3141
v1,1791230193168853,SAT,1744,b097ef0536bef82c:0x318e5,4885
v1,1791230193170664,SAT,1688,b097ef0536bef82c:0x318e5,6573
v1,1791230193172461,SAT,1682,b097ef0536bef82c:0x318e5,8255
v1,1791230193174245,SAT,1681,b097ef0536bef82c:0x318e5,9936
v1,1791230193176050,UNSAT,1678,b097ef0536bef82c:0x318e5,11614
v1,1791230193176173,SAT,74,b097ef0536bef82c:0x318e5,11688
v1,1791230193178623,SAT,2333,b097ef0536bef82c:0x318e5,14021
v1,1791230193181079,SAT,2304,b097ef0536bef82c:0x318e5,16325
v1,1791230193183539,SAT,2323,b097ef0536bef82c:0x318e5,18648
v1,1791230193186109,SAT,2377,b097ef0536bef82c:0x318e5,21025
v1,1791230193188668,SAT,2405,b097ef0536bef82c:0x318e5,23430
v1,1791230193191712,SAT,2830,b097ef0536bef82c:0x318e5,26260
v1,1791230193194412,SAT,2502,b097ef0536bef82c:0x318e5,28762
v1,1791230193197313,SAT,2680,b097ef0536bef82c:0x318e5,31442
v1,1791230193200014,SAT,2532,b097ef0536bef82c:0x318e5,33974
v1,1791230193202625,SAT,2414,b097ef0536bef82c:0x318e5,36388
v1,1791230193205082,UNSAT,2315,b097ef0536bef82c:0x318e5,38703
v1,1791230193206847,SAT,1636,b097ef0536bef82c:0x318e5,40339
v1,1791230193208802,SAT,1787,b097ef0536bef82c:0x318e5,42126
v1,1791230193216096,UNSAT,206,b097ef0536bef82c:0x31965,42332
v1,1791230193216501,SAT,147,b097ef0536bef82c:0x31965,42479
v1,1791230198623917,UNSAT,238,b097ef0536bef82c:0x30b0f,238
v1,1791230198625176,SAT,738,b097ef0536bef82c:0x30b0f,976
v1,1791230198639290,SAT,273,b097ef0536bef82c:0x30cbd,1249
v1,1791230198647623,UNSAT,284,b097ef0536bef82c:0x318e5,1533
v1,1791230198648509,SAT,501,b097ef0536bef82c:0x318e5,2034
v1,1791230198656771,UNSAT,196,b097ef0536bef82c:0x31965,2230
v1,1791230198657156,SAT,147,b097ef0536bef82c:0x31965,2377
v1,1791230205055298,SAT,350,b097ef0536bef82c:0x3249d,350
v1,1791230205061821,UNSAT,220,b097ef0536bef82c:0x330c5,570
v1,1791230205062711,SAT,633,b097ef0536bef82c:0x330c5,1203
v1,1791230205068538,UNSAT,241,b097ef0536bef82c:0x33185,1444
v1,1791230205068954,SAT,161,b097ef0536bef82c:0x33185,1605
v1,1791230210153377,UNSAT,230,b097ef0536bef82c:0x37686,230
v1,1791230210154561,SAT,701,b097ef0536bef82c:0x37686,931
v1,1791230216645467,SAT,676,b097ef0536bef82c:0x2e610,676
v1,1791230216681742,SAT,804,b097ef0536bef82c:0x2fdd5,1480
v1,1791230227883172,SAT,687,b097ef0536bef82c:0x2e610,687
v1,1791230227900735,SAT,565,b097ef0536bef82c:0x2e653,1252
v1,1791230227906837,SAT,983,b097ef0536bef82c:0x2e697,2235
v1,1791230227943134,SAT,364,b097ef0536bef82c:0x2fdd5,2599
v1,1791230233315678,SAT,1180,b097ef0536bef82c:0x30cbd,1180
v1,1791230233319656,UNSAT,282,b097ef0536bef82c:0x318e5,1462
v1,1791230233320419,SAT,494,b097ef0536bef82c:0x318e5,1956
v1,1791230233326940,SAT,201,b097ef0536bef82c:0x318e5,2157
v1,1791230233327148,SAT,41,b097ef0536bef82c:0x318e5,2198
v1,1791230233329024,UNSAT,1720,b097ef0536bef82c:0x318e5,3918
v1,1791230233329084,SAT,31,b097ef0536bef82c:0x318e5,3949
v1,1791230233331607,UNSAT,2402,b097ef0536bef82c:0x318e5,6351
v1,1791230233333250,SAT,1590,b097ef0536bef82c:0x318e5,7941
v1,1791230233334984,SAT,1583,b097ef0536bef82c:0x318e5,9524
v1,1791230233342252,UNSAT,253,b097ef0536bef82c:0x31965,9777
v1,1791230233343445,SAT,707,b097ef0536bef82c:0x31965,10484
v1,1791230233352873,UNSAT,275,b097ef0536bef82c:0x319f3,10759
v1,1791230233353639,SAT,490,b097ef0536bef82c:0x319f3,11249
v1,1791230233367942,SAT,500,b097ef0536bef82c:0x3249d,11749
v1,1791230233371465,UNSAT,287,b097ef0536bef82c:0x330c5,12036
v1,1791230233372208,SAT,473,b097ef0536bef82c:0x330c5,12509
v1,1791230233380912,SAT,208,b097ef0536bef82c:0x330c5,12717
v1,1791230233381070,SAT,31,b097ef0536bef82c:0x330c5,12748
v1,1791230233383008,UNSAT,1756,b097ef0536bef82c:0x330c5,14504
v1,1791230233383071,SAT,32,b097ef0536bef82c:0x330c5,14536
v1,1791230233385509,UNSAT,2330,b097ef0536bef82c:0x330c5,16866
v1,1791230233387155,SAT,1594,b097ef0536bef82c:0x330c5,18460
v1,1791230233388925,SAT,1624,b097ef0536bef82c:0x330c5,20084
v1,1791230233395575,UNSAT,198,b097ef0536bef82c:0x33185,20282
v1,1791230233396354,SAT,535,b097ef0536bef82c:0x33185,20817
v1,1791230233408806,UNSAT,265,b097ef0536bef82c:0x31f3b,21082
v1,1791230233409554,SAT,467,b097ef0536bef82c:0x31f3b,21549
v1,1791230238939237,UNSAT,320,b097ef0536bef82c:0x3c1db,320
v1,1791230238940350,SAT,656,b097ef0536bef82c:0x3c1db,976
v1,1791230238952177,SAT,1949,b097ef0536bef82c:0x3c1db,2925
v1,1791230238953888,SAT,68,b097ef0536bef82c:0x3c1db,2993
v1,1791230238954166,UNSAT,100,b097ef0536bef82c:0x3c1db,3093
v1,1791230238954209,SAT,24,b097ef0536bef82c:0x3c1db,3117
v1,1791230238954442,UNSAT,124,b097ef0536bef82c:0x3c1db,3241
v1,1791230238954535,SAT,57,b097ef0536bef82c:0x3c1db,3298
v1,1791230238954687,SAT,61,b097ef0536bef82c:0x3c1db,3359
v1,1791230238958419,SAT,3282,b097ef0536bef82c:0x3c1db,6641
v1,1791230238961580,SAT,37,b097ef0536bef82c:0x3c1db,6678
v1,1791230238961856,UNSAT,104,b097ef0536bef82c:0x3c1db,6782
v1,1791230238961903,SAT,31,b097ef0536bef82c:0x3c1db,6813
v1,1791230238962088,UNSAT,89,b097ef0536bef82c:0x3c1db,6902
v1,1791230238962192,SAT,69,b097ef0536bef82c:0x3c1db,6971
v1,1791230238962349,SAT,64,b097ef0536bef82c:0x3c1db,7035
v1,1791230238973274,UNSAT,273,b097ef0536bef82c:0x36cfe,7308
v1,1791230238974137,SAT,586,b097ef0536bef82c:0x36cfe,7894
v1,1791230238980186,UNSAT,183,b097ef0536bef82c:0x36d48,8077
v1,1791230238980576,UNSAT,139,b097ef0536bef82c:0x36d48,8216
v1,1791230238990786,UNSAT,4852,b097ef0536bef82c:0x36fdb,13068
v1,1791230238991533,SAT,458,b097ef0536bef82c:0x36fdb,13526
v1,1791230239004016,UNSAT,415,b097ef0536bef82c:0x30b0f,13941
v1,1791230239004777,SAT,488,b097ef0536bef82c:0x30b0f,14429
v1,1791230244310467,SAT,783,b097ef0536bef82c:0x2fdd5,783
v1,1791230250004101,UNSAT,328,b097ef0536bef82c:0x30b0f,328
v1,1791230250005274,SAT,669,b097ef0536bef82c:0x30b0f,997
v1,1791230250013154,UNSAT,278,b097ef0536bef82c:0x319f3,1275
v1,1791230250013910,SAT,465,b097ef0536bef82c:0x319f3,1740
v1,1791230250027322,UNSAT,296,b097ef0536bef82c:0x31f3b,2036
v1,1791230250028067,SAT,461,b097ef0536bef82c:0x31f3b,2497
v1,1791230255739715,SAT,2158,b097ef0536bef82c:0x3a278,2158
v1,1791230267734280,SAT,563,b097ef0536bef82c:0x2e697,563
v1,1791230267755282,SAT,652,b097ef0536bef82c:0x2e697,1215
v1,1791230267755481,SAT,48,b097ef0536bef82c:0x2e697,1263
v1,1791230267756308,UNSAT,662,b097ef0536bef82c:0x2e697,1925
v1,1791230267756354,SAT,27,b097ef0536bef82c:0x2e697,1952
v1,1791230267757236,SAT,781,b097ef0536bef82c:0x2e697,2733
v1,1791230267758101,SAT,756,b097ef0536bef82c:0x2e697,3489
v1,1791230267758961,SAT,764,b097ef0536bef82c:0x2e697,4253
v1,1791230267759815,SAT,752,b097ef0536bef82c:0x2e697,5005
v1,1791230267760650,SAT,743,b097ef0536bef82c:0x2e697,5748
v1,1791230267761471,UNSAT,733,b097ef0536bef82c:0x2e697,6481
v1,1791230267762082,SAT,556,b097ef0536bef82c:0x2e697,7037
v1,1791230267762773,SAT,578,b097ef0536bef82c:0x2e697,7615
v1,1791230267764341,SAT,733,b097ef0536bef82c:0x2e697,8348
v1,1791230267764941,SAT,38,b097ef0536bef82c:0x2e697,8386
v1,1791230267765716,UNSAT,622,b097ef0536bef82c:0x2e697,9008
v1,1791230267765760,SAT,22,b097ef0536bef82c:0x2e697,9030
v1,1791230267766613,UNSAT,757,b097ef0536bef82c:0x2e697,9787
v1,1791230267767243,SAT,582,b097ef0536bef82c:0x2e697,10369
v1,1791230267767928,SAT,567,b097ef0536bef82c:0x2e697,10936
v1,1791230267769487,SAT,732,b097ef0536bef82c:0x2e697,11668
v1,1791230267770085,SAT,37,b097ef0536bef82c:0x2e697,11705
v1,1791230267770814,UNSAT,609,b097ef0536bef82c:0x2e697,12314
v1,1791230267770855,SAT,25,b097ef0536bef82c:0x2e697,12339
v1,1791230267771699,UNSAT,748,b097ef0536bef82c:0x2e697,13087
v1,1791230267772329,SAT,583,b097ef0536bef82c:0x2e697,13670
v1,1791230267773005,SAT,553,b097ef0536bef82c:0x2e697,14223
v1,1791230267785037,SAT,766,b097ef0536bef82c:0x2e697,14989
v1,1791230267785678,SAT,34,b097ef0536bef82c:0x2e697,15023
v1,1791230267789221,UNSAT,3372,b097ef0536bef82c:0x2e697,18395
v1,1791230267789304,SAT,49,b097ef0536bef82c:0x2e697,18444
v1,1791230267792771,UNSAT,3315,b097ef0536bef82c:0x2e697,21759
v1,1791230267795998,SAT,3135,b097ef0536bef82c:0x2e697,24894
v1,1791230267799385,SAT,3212,b097ef0536bef82c:0x2e697,28106
v1,1791230267804091,SAT,3575,b097ef0536bef82c:0x2e697,31681
v1,1791230267807484,SAT,43,b097ef0536bef82c:0x2e697,31724
v1,1791230267810590,UNSAT,2925,b097ef0536bef82c:0x2e697,34649
v1,1791230267810660,SAT,34,b097ef0536bef82c:0x2e697,34683
v1,1791230267814884,UNSAT,4088,b097ef0536bef82c:0x2e697,38771
v1,1791230267817931,SAT,2949,b097ef0536bef82c:0x2e697,41720
v1,1791230267821176,SAT,3009,b097ef0536bef82c:0x2e697,44729
v1,1791230267825752,SAT,3490,b097ef0536bef82c:0x2e697,48219
v1,1791230267829088,SAT,54,b097ef0536bef82c:0x2e697,48273
v1,1791230267832179,UNSAT,2903,b097ef0536bef82c:0x2e697,51176
v1,1791230267832280,SAT,70,b097ef0536bef82c:0x2e697,51246
v1,1791230267836425,UNSAT,4017,b097ef0536bef82c:0x2e697,55263
v1,1791230267839438,SAT,2922,b097ef0536bef82c:0x2e697,58185
v1,1791230267842991,SAT,3272,b097ef0536bef82c:0x2e697,61457
v1,1791230267868323,SAT,4174,b097ef0536bef82c:0x2e4e2,65631
v1,1791230267902591,UNSAT,208,b097ef0536bef82c:0x2fdd5,65839
v1,1791230267903357,SAT,504,b097ef0536bef82c:0x2fdd5,66343
v1,1791230273425013,SAT,555,b097ef0536bef82c:0x2fdd5,555
v1,1791230278446456,SAT,620,b097ef0536bef82c:0x30a23,620
v1,1791230278452899,SAT,1080,b097ef0536bef82c:0x30a6b,1700
v1,1791230278463268,UNSAT,311,b097ef0536bef82c:0x33eb5,2011
v1,1791230278464137,SAT,587,b097ef0536bef82c:0x33eb5,2598
v1,1791230278475652,UNSAT,421,b097ef0536bef82c:0x33ff7,3019
v1,1791230278476193,UNSAT,249,b097ef0536bef82c:0x33ff7,3268
v1,1791230278481957,UNSAT,363,b097ef0536bef82c:0x3403e,3631
v1,1791230278482784,SAT,532,b097ef0536bef82c:0x3403e,4163
v1,1791230278489296,UNSAT,507,b097ef0536bef82c:0x34080,4670
v1,1791230278490189,SAT,526,b097ef0536bef82c:0x34080,5196
v1,1791230278532997,SAT,527,b097ef0536bef82c:0x2fdd5,5723
v1,1791230283712658,SAT,671,b097ef0536bef82c:0x30a23,671
v1,1791230283737733,SAT,358,b097ef0536bef82c:0x2fdd5,1029
v1,1791230289221095,SAT,241,b097ef0536bef82c:0x30f26,241
v1,1791230289235726,SAT,1346,b097ef0536bef82c:0x310ba,1587
v1,1791230289238575,UNSAT,206,b097ef0536bef82c:0x318e5,1793
v1,1791230289239310,SAT,474,b097ef0536bef82c:0x318e5,2267
v1,1791230289247435,UNSAT,185,b097ef0536bef82c:0x31965,2452
v1,1791230289248136,SAT,463,b097ef0536bef82c:0x31965,2915
v1,1791230289257086,UNSAT,215,b097ef0536bef82c:0x319f3,3130
v1,1791230289257845,SAT,493,b097ef0536bef82c:0x319f3,3623
v1,1791230289270659,UNSAT,199,b097ef0536bef82c:0x31f3b,3822
v1,1791230289271418,SAT,492,b097ef0536bef82c:0x31f3b,4314
v1,1791230289310842,SAT,516,b097ef0536bef82c:0x2e610,4830
v1,1791230289316725,SAT,570,b097ef0536bef82c:0x2e653,5400
v1,1791230289322066,SAT,541,b097ef0536bef82c:0x2e697,5941
v1,1791230289357045,SAT,356,b097ef0536bef82c:0x2fdd5,6297
v1,1791230295922166,UNSAT,507,b097ef0536bef82c:0x34080,507
v1,1791230295923333,SAT,644,b097ef0536bef82c:0x34080,1151
v1,1791230295951663,UNSAT,451,b097ef0536bef82c:0x3443f,1602
v1,1791230295952229,UNSAT,258,b097ef0536bef82c:0x3443f,1860
v1,1791230295994027,SAT,453,b097ef0536bef82c:0x2fdd5,2313
v1,1791230302198947,UNSAT,271,b097ef0536bef82c:0x2fcff,271
v1,1791230302199609,SAT,201,b097ef0536bef82c:0x2fcff,472
v1,1791230302205865,SAT,258,b097ef0536bef82c:0x5a17d,730
v1,1791230302207208,UNSAT,191,b097ef0536bef82c:0x5a17d,921
v1,1791230302208260,UNSAT,155,b097ef0536bef82c:0x5a17d,1076
v1,1791230302227952,SAT,10042,b097ef0536bef82c:0x2fdd5,11118
v1,1791230308678829,SAT,249,b097ef0536bef82c:0x32706,249
v1,1791230308692006,SAT,695,b097ef0536bef82c:0x3289a,944
v1,1791230308694734,UNSAT,219,b097ef0536bef82c:0x330c5,1163
v1,1791230308695494,SAT,487,b097ef0536bef82c:0x330c5,1650
v1,1791230308701017,UNSAT,186,b097ef0536bef82c:0x33185,1836
v1,1791230308701720,SAT,454,b097ef0536bef82c:0x33185,2290
v1,1791230308710620,UNSAT,190,b097ef0536bef82c:0x31f3b,2480
v1,1791230308711402,SAT,524,b097ef0536bef82c:0x31f3b,3004
v1,1791230308751218,SAT,1377,b097ef0536bef82c:0x2e610,4381
v1,1791230308756764,SAT,515,b097ef0536bef82c:0x2e653,4896
v1,1791230308761955,SAT,504,b097ef0536bef82c:0x2e697,5400
v1,1791230308800485,SAT,401,b097ef0536bef82c:0x2fdd5,5801
v1,1791230314309738,SAT,745,b097ef0536bef82c:0x30a6b,745
v1,1791230314336309,SAT,379,b097ef0536bef82c:0x2fdd5,1124
v1,1791230332095536,SAT,654,b097ef0536bef82c:0x3443f,654
v1,1791230332215623,SAT,479,b097ef0536bef82c:0x3443f,1133
v1,1791230332215889,SAT,48,b097ef0536bef82c:0x3443f,1181
v1,1791230332216291,UNSAT,199,b097ef0536bef82c:0x3443f,1380
v1,1791230332216347,SAT,30,b097ef0536bef82c:0x3443f,1410
v1,1791230332216645,UNSAT,163,b097ef0536bef82c:0x3443f,1573
v1,1791230332216816,SAT,69,b097ef0536bef82c:0x3443f,1642
v1,1791230332217053,SAT,80,b097ef0536bef82c:0x3443f,1722
v1,1791230332250775,SAT,833,b097ef0536bef82c:0x3443f,2555
v1,1791230332251474,SAT,108,b097ef0536bef82c:0x3443f,2663
v1,1791230332252205,UNSAT,555,b097ef0536bef82c:0x3443f,3218
v1,1791230332252294,SAT,64,b097ef0536bef82c:0x3443f,3282
v1,1791230332253214,SAT,796,b097ef0536bef82c:0x3443f,4078
v1,1791230332254132,SAT,782,b097ef0536bef82c:0x3443f,4860
v1,1791230332255031,SAT,785,b097ef0536bef82c:0x3443f,5645
v1,1791230332255955,UNSAT,803,b097ef0536bef82c:0x3443f,6448
v1,1791230332256495,SAT,438,b097ef0536bef82c:0x3443f,6886
v1,1791230332257142,SAT,448,b097ef0536bef82c:0x3443f,7334
v1,1791230332259657,SAT,1200,b097ef0536bef82c:0x3443f,8534
v1,1791230332260632,SAT,52,b097ef0536bef82c:0x3443f,8586
v1,1791230332261424,UNSAT,606,b097ef0536bef82c:0x3443f,9192
v1,1791230332261487,SAT,41,b097ef0536bef82c:0x3443f,9233
v1,1791230332262445,SAT,831,b097ef0536bef82c:0x3443f,10064
v1,1791230332263448,SAT,871,b097ef0536bef82c:0x3443f,10935
v1,1791230332264392,SAT,805,b097ef0536bef82c:0x3443f,11740
v1,1791230332265298,UNSAT,788,b097ef0536bef82c:0x3443f,12528
v1,1791230332265850,SAT,454,b097ef0536bef82c:0x3443f,12982
v1,1791230332266459,SAT,436,b097ef0536bef82c:0x3443f,13418
v1,1791230332269397,SAT,1556,b097ef0536bef82c:0x3443f,14974
v1,1791230332270709,SAT,38,b097ef0536bef82c:0x3443f,15012
v1,1791230332271447,UNSAT,591,b097ef0536bef82c:0x3443f,15603
v1,1791230332271495,SAT,28,b097ef0536bef82c:0x3443f,15631
v1,1791230332272439,SAT,830,b097ef0536bef82c:0x3443f,16461
v1,1791230332273355,SAT,796,b097ef0536bef82c:0x3443f,17257
v1,1791230332274260,SAT,795,b097ef0536bef82c:0x3443f,18052
v1,1791230332275144,UNSAT,776,b097ef0536bef82c:0x3443f,18828
v1,1791230332275695,SAT,443,b097ef0536bef82c:0x3443f,19271
v1,1791230332276329,SAT,445,b097ef0536bef82c:0x3443f,19716
v1,1791230332443377,SAT,1953,b097ef0536bef82c:0x2fdd5,21669
v1,1791230338696926,SAT,675,b097ef0536bef82c:0x3443f,675
v1,1791230338753523,SAT,526,b097ef0536bef82c:0x2fdd5,1201
v1,1791230345355577,SAT,240,b097ef0536bef82c:0x3249d,240
v1,1791230345373691,SAT,199,b097ef0536bef82c:0x32c46,439
v1,1791230345383354,SAT,210,b097ef0536bef82c:0x32daf,649
v1,1791230345392759,SAT,201,b097ef0536bef82c:0x32f17,850
v1,1791230345402997,SAT,767,b097ef0536bef82c:0x3307f,1617
v1,1791230345408995,UNSAT,276,b097ef0536bef82c:0x330c5,1893
v1,1791230345409743,SAT,489,b097ef0536bef82c:0x330c5,2382
v1,1791230345418676,SAT,429,b097ef0536bef82c:0x330c5,2811
v1,1791230345418860,SAT,34,b097ef0536bef82c:0x330c5,2845
v1,1791230345420756,SAT,1755,b097ef0536bef82c:0x330c5,4600
v1,1791230345422702,SAT,1795,b097ef0536bef82c:0x330c5,6395
v1,1791230345424545,SAT,1716,b097ef0536bef82c:0x330c5,8111
v1,1791230345426372,SAT,1716,b097ef0536bef82c:0x330c5,9827
v1,1791230345428223,SAT,1704,b097ef0536bef82c:0x330c5,11531
v1,1791230345430043,SAT,1708,b097ef0536bef82c:0x330c5,13239
v1,1791230345431862,UNSAT,1717,b097ef0536bef82c:0x330c5,14956
v1,1791230345431952,SAT,39,b097ef0536bef82c:0x330c5,14995
v1,1791230345434397,SAT,2336,b097ef0536bef82c:0x330c5,17331
v1,1791230345436809,SAT,2300,b097ef0536bef82c:0x330c5,19631
v1,1791230345439227,SAT,2296,b097ef0536bef82c:0x330c5,21927
v1,1791230345441659,SAT,2305,b097ef0536bef82c:0x330c5,24232
v1,1791230345444111,SAT,2331,b097ef0536bef82c:0x330c5,26563
v1,1791230345446549,SAT,2326,b097ef0536bef82c:0x330c5,28889
v1,1791230345449017,SAT,2357,b097ef0536bef82c:0x330c5,31246
v1,1791230345451637,SAT,2502,b097ef0536bef82c:0x330c5,33748
v1,1791230345454109,SAT,2333,b097ef0536bef82c:0x330c5,36081
v1,1791230345456573,SAT,2345,b097ef0536bef82c:0x330c5,38426
v1,1791230345459028,SAT,2341,b097ef0536bef82c:0x330c5,40767
v1,1791230345461473,SAT,2326,b097ef0536bef82c:0x330c5,43093
v1,1791230345463954,UNSAT,2352,b097ef0536bef82c:0x330c5,45445
v1,1791230345465678,SAT,1607,b097ef0536bef82c:0x330c5,47052
v1,1791230345467423,SAT,1600,b097ef0536bef82c:0x330c5,48652
v1,1791230345476880,SAT,360,b097ef0536bef82c:0x330c5,49012
v1,1791230345477078,SAT,34,b097ef0536bef82c:0x330c5,49046
v1,1791230345478952,SAT,1723,b097ef0536bef82c:0x330c5,50769
v1,1791230345480766,SAT,1686,b097ef0536bef82c:0x330c5,52455
v1,1791230345482578,SAT,1688,b097ef0536bef82c:0x330c5,54143
v1,1791230345484416,UNSAT,1716,b097ef0536bef82c:0x330c5,55859
v1,1791230345484497,SAT,37,b097ef0536bef82c:0x330c5,55896
v1,1791230345487054,SAT,2450,b097ef0536bef82c:0x330c5,58346
v1,1791230345489610,SAT,2392,b097ef0536bef82c:0x330c5,60738
v1,1791230345492098,SAT,2329,b097ef0536bef82c:0x330c5,63067
v1,1791230345494526,SAT,2297,b097ef0536bef82c:0x330c5,65364
v1,1791230345496966,SAT,2323,b097ef0536bef82c:0x330c5,67687
v1,1791230345499387,SAT,2305,b097ef0536bef82c:0x330c5,69992
v1,1791230345501939,SAT,2393,b097ef0536bef82c:0x330c5,72385
v1,1791230345504470,SAT,2401,b097ef0536bef82c:0x330c5,74786
v1,1791230345506996,SAT,2363,b097ef0536bef82c:0x330c5,77149
v1,1791230345509464,SAT,2337,b097ef0536bef82c:0x330c5,79486
v1,1791230345511958,SAT,2373,b097ef0536bef82c:0x330c5,81859
v1,1791230345514499,SAT,2416,b097ef0536bef82c:0x330c5,84275
v1,1791230345516979,SAT,2332,b097ef0536bef82c:0x330c5,86607
v1,1791230345519440,SAT,2325,b097ef0536bef82c:0x330c5,88932
v1,1791230345521907,SAT,2338,b097ef0536bef82c:0x330c5,91270
v1,1791230345524450,SAT,2425,b097ef0536bef82c:0x330c5,93695
v1,1791230345527268,SAT,2560,b097ef0536bef82c:0x330c5,96255
v1,1791230345529863,SAT,2407,b097ef0536bef82c:0x330c5,98662
v1,1791230345532443,SAT,2430,b097ef0536bef82c:0x330c5,101092
v1,1791230345534996,SAT,2399,b097ef0536bef82c:0x330c5,103491
v1,1791230345537467,SAT,2337,b097ef0536bef82c:0x330c5,105828
v1,1791230345539917,UNSAT,2319,b097ef0536bef82c:0x330c5,108147
v1,1791230345541719,SAT,1619,b097ef0536bef82c:0x330c5,109766
v1,1791230345543526,SAT,1653,b097ef0536bef82c:0x330c5,111419
v1,1791230345545659,SAT,352,b097ef0536bef82c:0x330c5,111771
v1,1791230345545853,SAT,60,b097ef0536bef82c:0x330c5,111831
v1,1791230345547721,SAT,1747,b097ef0536bef82c:0x330c5,113578
v1,1791230345549539,SAT,1708,b097ef0536bef82c:0x330c5,115286
v1,1791230345551451,SAT,1705,b097ef0536bef82c:0x330c5,116991
v1,1791230345553272,UNSAT,1703,b097ef0536bef82c:0x330c5,118694
v1,1791230345553352,SAT,33,b097ef0536bef82c:0x330c5,118727
v1,1791230345555786,SAT,2327,b097ef0536bef82c:0x330c5,121054
v1,1791230345558200,SAT,2286,b097ef0536bef82c:0x330c5,123340
v1,1791230345560729,SAT,2414,b097ef0536bef82c:0x330c5,125754
v1,1791230345563223,SAT,2326,b097ef0536bef82c:0x330c5,128080
v1,1791230345565671,SAT,2315,b097ef0536bef82c:0x330c5,130395
v1,1791230345568408,SAT,2602,b097ef0536bef82c:0x330c5,132997
v1,1791230345571119,SAT,2553,b097ef0536bef82c:0x330c5,135550
v1,1791230345573874,SAT,2585,b097ef0536bef82c:0x330c5,138135
v1,1791230345577451,SAT,3420,b097ef0536bef82c:0x330c5,141555
v1,1791230345580302,SAT,2599,b097ef0536bef82c:0x330c5,144154
v1,1791230345582837,UNSAT,2371,b097ef0536bef82c:0x330c5,146525
v1,1791230345584735,SAT,1780,b097ef0536bef82c:0x330c5,148305
v1,1791230345586692,SAT,1767,b097ef0536bef82c:0x330c5,150072
v1,1791230345587696,SAT,385,b097ef0536bef82c:0x330c5,150457
v1,1791230345587866,SAT,35,b097ef0536bef82c:0x330c5,150492
v1,1791230345589900,SAT,1896,b097ef0536bef82c:0x330c5,152388
v1,1791230345591881,SAT,1837,b097ef0536bef82c:0x330c5,154225
v1,1791230345593979,SAT,1956,b097ef0536bef82c:0x330c5,156181
v1,1791230345595849,UNSAT,1717,b097ef0536bef82c:0x330c5,157898
v1,1791230345595916,SAT,25,b097ef0536bef82c:0x330c5,157923
v1,1791230345598407,SAT,2379,b097ef0536bef82c:0x330c5,160302
v1,1791230345600929,SAT,2375,b097ef0536bef82c:0x330c5,162677
v1,1791230345603590,SAT,2477,b097ef0536bef82c:0x330c5,165154
v1,1791230345606151,SAT,2393,b097ef0536bef82c:0x330c5,167547
v1,1791230345608657,SAT,2355,b097ef0536bef82c:0x330c5,169902
v1,1791230345611086,SAT,2308,b097ef0536bef82c:0x330c5,172210
v1,1791230345613570,SAT,2369,b097ef0536bef82c:0x330c5,174579
v1,1791230345616111,SAT,2395,b097ef0536bef82c:0x330c5,176974
v1,1791230345618599,SAT,2357,b097ef0536bef82c:0x330c5,179331
v1,1791230345621013,SAT,2291,b097ef0536bef82c:0x330c5,181622
v1,1791230345623488,SAT,2367,b097ef0536bef82c:0x330c5,183989
v1,1791230345626137,SAT,2408,b097ef0536bef82c:0x330c5,186397
v1,1791230345628702,SAT,2372,b097ef0536bef82c:0x330c5,188769
v1,1791230345631324,SAT,2437,b097ef0536bef82c:0x330c5,191206
v1,1791230345633827,UNSAT,2359,b097ef0536bef82c:0x330c5,193565
v1,1791230345635602,SAT,1646,b097ef0536bef82c:0x330c5,195211
v1,1791230345637362,SAT,1606,b097ef0536bef82c:0x330c5,196817
v1,1791230345637994,SAT,165,b097ef0536bef82c:0x330c5,196982
v1,1791230345638124,SAT,28,b097ef0536bef82c:0x330c5,197010
v1,1791230345639928,UNSAT,1703,b097ef0536bef82c:0x330c5,198713
v1,1791230345639996,SAT,34,b097ef0536bef82c:0x330c5,198747
v1,1791230345642414,UNSAT,2314,b097ef0536bef82c:0x330c5,201061
v1,1791230345644056,SAT,1598,b097ef0536bef82c:0x330c5,202659
v1,1791230345645766,SAT,1589,b097ef0536bef82c:0x330c5,204248
v1,1791230345652157,UNSAT,187,b097ef0536bef82c:0x33185,204435
v1,1791230345652886,SAT,474,b097ef0536bef82c:0x33185,204909
v1,1791230345663886,UNSAT,331,b097ef0536bef82c:0x31f3b,205240
v1,1791230345664856,SAT,615,b097ef0536bef82c:0x31f3b,205855
v1,1791230352051854,SAT,713,b097ef0536bef82c:0x31466,713
v1,1791230352056739,UNSAT,302,b097ef0536bef82c:0x318e5,1015
v1,1791230352057550,SAT,508,b097ef0536bef82c:0x318e5,1523
v1,1791230352065089,SAT,422,b097ef0536bef82c:0x318e5,1945
v1,1791230352065328,SAT,53,b097ef0536bef82c:0x318e5,1998
v1,1791230352067268,SAT,1792,b097ef0536bef82c:0x318e5,3790
v1,1791230352069099,SAT,1704,b097ef0536bef82c:0x318e5,5494
v1,1791230352070912,SAT,1708,b097ef0536bef82c:0x318e5,7202
v1,1791230352072775,SAT,1749,b097ef0536bef82c:0x318e5,8951
v1,1791230352074575,SAT,1690,b097ef0536bef82c:0x318e5,10641
v1,1791230352076372,SAT,1700,b097ef0536bef82c:0x318e5,12341
v1,1791230352078189,SAT,1718,b097ef0536bef82c:0x318e5,14059
v1,1791230352080016,UNSAT,1719,b097ef0536bef82c:0x318e5,15778
v1,1791230352080120,SAT,30,b097ef0536bef82c:0x318e5,15808
v1,1791230352082561,SAT,2311,b097ef0536bef82c:0x318e5,18119
v1,1791230352084959,SAT,2274,b097ef0536bef82c:0x318e5,20393
v1,1791230352087366,SAT,2292,b097ef0536bef82c:0x318e5,22685
v1,1791230352089750,SAT,2265,b097ef0536bef82c:0x318e5,24950
v1,1791230352092330,SAT,2476,b097ef0536bef82c:0x318e5,27426
v1,1791230352094832,UNSAT,2329,b097ef0536bef82c:0x318e5,29755
v1,1791230352096505,SAT,1594,b097ef0536bef82c:0x318e5,31349
v1,1791230352098284,SAT,1634,b097ef0536bef82c:0x318e5,32983
v1,1791230352099043,SAT,172,b097ef0536bef82c:0x318e5,33155
v1,1791230352099332,SAT,184,b097ef0536bef82c:0x318e5,33339
v1,1791230352101188,UNSAT,1738,b097ef0536bef82c:0x318e5,35077
v1,1791230352101244,SAT,24,b097ef0536bef82c:0x318e5,35101
v1,1791230352103659,UNSAT,2307,b097ef0536bef82c:0x318e5,37408
v1,1791230352105326,SAT,1619,b097ef0536bef82c:0x318e5,39027
v1,1791230352107070,SAT,1601,b097ef0536bef82c:0x318e5,40628
v1,1791230352113672,UNSAT,306,b097ef0536bef82c:0x31965,40934
v1,1791230352114725,SAT,629,b097ef0536bef82c:0x31965,41563
v1,1791230352125414,UNSAT,262,b097ef0536bef82c:0x319f3,41825
v1,1791230352126242,SAT,503,b097ef0536bef82c:0x319f3,42328
v1,1791230352141125,UNSAT,446,b097ef0536bef82c:0x31f3b,42774
v1,1791230352142304,SAT,725,b097ef0536bef82c:0x31f3b,43499
v1,1791230352173966,SAT,1953,b097ef0536bef82c:0x3a278,45452
v1,1791230357721754,UNSAT,598,b097ef0536bef82c:0x3403e,598
v1,1791230357722887,SAT,656,b097ef0536bef82c:0x3403e,1254
v1,1791230357735248,UNSAT,382,b097ef0536bef82c:0x3443f,1636
v1,1791230357735766,UNSAT,244,b097ef0536bef82c:0x3443f,1880
v1,1791230357775054,SAT,492,b097ef0536bef82c:0x3443f,2372
v1,1791230357805445,SAT,704,b097ef0536bef82c:0x2fdd5,3076
v1,1791230368857846,UNSAT,246,b097ef0536bef82c:0x3c1db,246
v1,1791230368859058,SAT,702,b097ef0536bef82c:0x3c1db,948
v1,1791230368872340,UNSAT,219,b097ef0536bef82c:0x36cfe,1167
v1,1791230368873067,SAT,465,b097ef0536bef82c:0x36cfe,1632
v1,1791230369069996,SAT,515,b097ef0536bef82c:0x36d48,2147
v1,1791230369082148,UNSAT,200,b097ef0536bef82c:0x36ed3,2347
v1,1791230369082924,SAT,496,b097ef0536bef82c:0x36ed3,2843
v1,1791230369092860,SAT,212,b097ef0536bef82c:0x36fdb,3055
v1,1791230375195547,UNSAT,256,b097ef0536bef82c:0x36b15,256
v1,1791230375196200,SAT,199,b097ef0536bef82c:0x36b15,455
v1,1791230375207874,SAT,4122,b097ef0536bef82c:0x36bc4,4577
v1,1791230375224201,UNSAT,232,b097ef0536bef82c:0x31b66,4809
v1,1791230375224674,SAT,198,b097ef0536bef82c:0x31b66,5007
v1,1791230375254453,UNSAT,250,b097ef0536bef82c:0x2fdd5,5257
v1,1791230375255329,SAT,614,b097ef0536bef82c:0x2fdd5,5871
v1,1791230381092473,UNSAT,325,b097ef0536bef82c:0x480e0,325
v1,1791230381094029,SAT,831,b097ef0536bef82c:0x480e0,1156
v1,1791230381102984,SAT,1950,b097ef0536bef82c:0x480e0,3106
v1,1791230381104734,SAT,72,b097ef0536bef82c:0x480e0,3178
v1,1791230381105557,UNSAT,645,b097ef0536bef82c:0x480e0,3823
v1,1791230381105610,SAT,28,b097ef0536bef82c:0x480e0,3851
v1,1791230381106554,UNSAT,818,b097ef0536bef82c:0x480e0,4669
v1,1791230381107097,SAT,429,b097ef0536bef82c:0x480e0,5098
v1,1791230381107777,SAT,435,b097ef0536bef82c:0x480e0,5533
v1,1791230381112459,SAT,2066,b097ef0536bef82c:0x480e0,7599
v1,1791230381114171,SAT,43,b097ef0536bef82c:0x480e0,7642
v1,1791230381114972,UNSAT,630,b097ef0536bef82c:0x480e0,8272
v1,1791230381115032,SAT,38,b097ef0536bef82c:0x480e0,8310
v1,1791230381115988,UNSAT,828,b097ef0536bef82c:0x480e0,9138
v1,1791230381116558,SAT,450,b097ef0536bef82c:0x480e0,9588
v1,1791230381117202,SAT,444,b097ef0536bef82c:0x480e0,10032
v1,1791230381193370,UNSAT,1833,b097ef0536bef82c:0x48cdc,11865
v1,1791230381194204,SAT,461,b097ef0536bef82c:0x48cdc,12326
v1,1791230381196489,UNSAT,215,b097ef0536bef82c:0x48d75,12541
v1,1791230381197242,SAT,441,b097ef0536bef82c:0x48d75,12982
v1,1791230381204222,SAT,1638,b097ef0536bef82c:0x48d75,14620
v1,1791230381205949,SAT,54,b097ef0536bef82c:0x48d75,14674
v1,1791230381206749,UNSAT,623,b097ef0536bef82c:0x48d75,15297
v1,1791230381206800,SAT,26,b097ef0536bef82c:0x48d75,15323
v1,1791230381207734,UNSAT,815,b097ef0536bef82c:0x48d75,16138
v1,1791230381208281,SAT,446,b097ef0536bef82c:0x48d75,16584
v1,1791230381208881,SAT,440,b097ef0536bef82c:0x48d75,17024
v1,1791230381213132,SAT,1595,b097ef0536bef82c:0x48d75,18619
v1,1791230381214861,SAT,71,b097ef0536bef82c:0x48d75,18690
v1,1791230381215649,UNSAT,618,b097ef0536bef82c:0x48d75,19308
v1,1791230381215737,SAT,46,b097ef0536bef82c:0x48d75,19354
v1,1791230381216724,UNSAT,805,b097ef0536bef82c:0x48d75,20159
v1,1791230381217265,SAT,437,b097ef0536bef82c:0x48d75,20596
v1,1791230381217891,SAT,446,b097ef0536bef82c:0x48d75,21042
v1,1791230381222155,UNSAT,245,b097ef0536bef82c:0x48e0c,21287
v1,1791230381222985,SAT,471,b097ef0536bef82c:0x48e0c,21758
v1,1791230381230392,SAT,1642,b097ef0536bef82c:0x48e0c,23400
v1,1791230381232176,SAT,78,b097ef0536bef82c:0x48e0c,23478
v1,1791230381233000,UNSAT,638,b097ef0536bef82c:0x48e0c,24116
v1,1791230381233048,SAT,26,b097ef0536bef82c:0x48e0c,24142
v1,1791230381234002,UNSAT,830,b097ef0536bef82c:0x48e0c,24972
v1,1791230381234547,SAT,431,b097ef0536bef82c:0x48e0c,25403
v1,1791230381235158,SAT,436,b097ef0536bef82c:0x48e0c,25839
v1,1791230381239678,SAT,1622,b097ef0536bef82c:0x48e0c,27461
v1,1791230381241385,SAT,52,b097ef0536bef82c:0x48e0c,27513
v1,1791230381242167,UNSAT,605,b097ef0536bef82c:0x48e0c,28118
v1,1791230381242223,SAT,32,b097ef0536bef82c:0x48e0c,28150
v1,1791230381243176,UNSAT,821,b097ef0536bef82c:0x48e0c,28971
v1,1791230381243721,SAT,433,b097ef0536bef82c:0x48e0c,29404
v1,1791230381244345,SAT,446,b097ef0536bef82c:0x48e0c,29850
v1,1791230381312947,UNSAT,1585,b097ef0536bef82c:0x4942b,31435
v1,1791230381313591,SAT,327,b097ef0536bef82c:0x4942b,31762
v1,1791230381320894,SAT,1611,b097ef0536bef82c:0x4942b,33373
v1,1791230381322646,SAT,62,b097ef0536bef82c:0x4942b,33435
v1,1791230381324288,UNSAT,1460,b097ef0536bef82c:0x4942b,34895
v1,1791230381324453,SAT,41,b097ef0536bef82c:0x4942b,34936
v1,1791230381327955,UNSAT,3331,b097ef0536bef82c:0x4942b,38267
v1,1791230381329134,SAT,946,b097ef0536bef82c:0x4942b,39213
v1,1791230381330280,SAT,892,b097ef0536bef82c:0x4942b,40105
v1,1791230381335194,SAT,2458,b097ef0536bef82c:0x4942b,42563
v1,1791230381337727,SAT,53,b097ef0536bef82c:0x4942b,42616
v1,1791230381339344,UNSAT,1427,b097ef0536bef82c:0x4942b,44043
v1,1791230381339472,SAT,37,b097ef0536bef82c:0x4942b,44080
v1,1791230381342931,UNSAT,3296,b097ef0536bef82c:0x4942b,47376
v1,1791230381344094,SAT,933,b097ef0536bef82c:0x4942b,48309
v1,1791230381345226,SAT,879,b097ef0536bef82c:0x4942b,49188
v1,1791230381350253,SAT,2466,b097ef0536bef82c:0x4942b,51654
v1,1791230381352751,SAT,51,b097ef0536bef82c:0x4942b,51705
v1,1791230381354293,UNSAT,1362,b097ef0536bef82c:0x4942b,53067
v1,1791230381354402,SAT,32,b097ef0536bef82c:0x4942b,53099
v1,1791230381357844,UNSAT,3303,b097ef0536bef82c:0x4942b,56402
v1,1791230381359014,SAT,940,b097ef0536bef82c:0x4942b,57342
v1,1791230381360134,SAT,883,b097ef0536bef82c:0x4942b,58225
v1,1791230381365593,UNSAT,2322,b097ef0536bef82c:0x491b7,60547
v1,1791230381366428,SAT,433,b097ef0536bef82c:0x491b7,60980
v1,1791230381371921,UNSAT,1692,b097ef0536bef82c:0x49201,62672
v1,1791230381372535,SAT,294,b097ef0536bef82c:0x49201,62966
v1,1791230381378469,UNSAT,2473,b097ef0536bef82c:0x492ba,65439
v1,1791230381379504,UNSAT,637,b097ef0536bef82c:0x492ba,66076
v1,1791230381384654,SAT,2049,b097ef0536bef82c:0x492ba,68125
v1,1791230381387469,SAT,59,b097ef0536bef82c:0x492ba,68184
v1,1791230381388255,UNSAT,591,b097ef0536bef82c:0x492ba,68775
v1,1791230381388351,SAT,47,b097ef0536bef82c:0x492ba,68822
v1,1791230381389313,UNSAT,816,b097ef0536bef82c:0x492ba,69638
v1,1791230381389887,SAT,455,b097ef0536bef82c:0x492ba,70093
v1,1791230381390521,SAT,440,b097ef0536bef82c:0x492ba,70533
v1,1791230381396578,UNSAT,266,b097ef0536bef82c:0x4942b,70799
v1,1791230381397265,SAT,388,b097ef0536bef82c:0x4942b,71187
v1,1791230381402472,SAT,1980,b097ef0536bef82c:0x4942b,73167
v1,1791230381405320,SAT,52,b097ef0536bef82c:0x4942b,73219
v1,1791230381407740,UNSAT,2213,b097ef0536bef82c:0x4942b,75432
v1,1791230381407942,SAT,77,b097ef0536bef82c:0x4942b,75509
v1,1791230381413018,UNSAT,4893,b097ef0536bef82c:0x4942b,80402
v1,1791230381415136,SAT,1713,b097ef0536bef82c:0x4942b,82115
v1,1791230381417154,SAT,1634,b097ef0536bef82c:0x4942b,83749
v1,1791230381423367,SAT,2731,b097ef0536bef82c:0x4942b,86480
v1,1791230381427479,SAT,68,b097ef0536bef82c:0x4942b,86548
v1,1791230381429882,UNSAT,2171,b097ef0536bef82c:0x4942b,88719
v1,1791230381430098,SAT,68,b097ef0536bef82c:0x4942b,88787
v1,1791230381435120,UNSAT,4822,b097ef0536bef82c:0x4942b,93609
v1,1791230381437179,SAT,1659,b097ef0536bef82c:0x4942b,95268
v1,1791230381439199,SAT,1636,b097ef0536bef82c:0x4942b,96904
v1,1791230381445362,SAT,2705,b097ef0536bef82c:0x4942b,99609
v1,1791230381449546,SAT,72,b097ef0536bef82c:0x4942b,99681
v1,1791230381451953,UNSAT,2163,b097ef0536bef82c:0x4942b,101844
v1,1791230381452160,SAT,55,b097ef0536bef82c:0x4942b,101899
v1,1791230381457268,UNSAT,4880,b097ef0536bef82c:0x4942b,106779
v1,1791230381459528,SAT,1832,b097ef0536bef82c:0x4942b,108611
v1,1791230381461563,SAT,1650,b097ef0536bef82c:0x4942b,110261
v1,1791230381466024,UNSAT,387,b097ef0536bef82c:0x491b7,110648
v1,1791230381466910,SAT,521,b097ef0536bef82c:0x491b7,111169
v1,1791230381473672,UNSAT,2529,b097ef0536bef82c:0x49201,113698
v1,1791230381474525,UNSAT,549,b097ef0536bef82c:0x49201,114247
v1,1791230381485595,UNSAT,2654,b097ef0536bef82c:0x49244,116901
v1,1791230381486526,SAT,615,b097ef0536bef82c:0x49244,117516
v1,1791230381495019,UNSAT,2740,b097ef0536bef82c:0x49244,120256
v1,1791230381495718,SAT,385,b097ef0536bef82c:0x49244,120641
v1,1791230381507595,UNSAT,2739,b097ef0536bef82c:0x492ba,123380
v1,1791230381509112,SAT,1111,b097ef0536bef82c:0x492ba,124491
v1,1791230381519207,SAT,4235,b097ef0536bef82c:0x492ba,128726
v1,1791230381523552,SAT,68,b097ef0536bef82c:0x492ba,128794
v1,1791230381524350,UNSAT,603,b097ef0536bef82c:0x492ba,129397
v1,1791230381524446,SAT,29,b097ef0536bef82c:0x492ba,129426
v1,1791230381525400,UNSAT,821,b097ef0536bef82c:0x492ba,130247
v1,1791230381526099,SAT,512,b097ef0536bef82c:0x492ba,130759
v1,1791230381526887,SAT,507,b097ef0536bef82c:0x492ba,131266
v1,1791230381536076,UNSAT,4046,b097ef0536bef82c:0x49393,135312
v1,1791230381536908,SAT,490,b097ef0536bef82c:0x49393,135802
v1,1791230381561230,UNSAT,215,b097ef0536bef82c:0x3bcb1,136017
v1,1791230381561754,UNSAT,158,b097ef0536bef82c:0x3bcb1,136175
v1,1791230381581336,UNSAT,1765,b097ef0536bef82c:0x33713,137940
v1,1791230381583920,UNSAT,612,b097ef0536bef82c:0x33713,138552
v1,1791230381595509,SAT,1659,b097ef0536bef82c:0x33713,140211
v1,1791230381599895,SAT,65,b097ef0536bef82c:0x33713,140276
v1,1791230381600679,UNSAT,591,b097ef0536bef82c:0x33713,140867
v1,1791230381600770,SAT,28,b097ef0536bef82c:0x33713,140895
v1,1791230381601547,SAT,651,b097ef0536bef82c:0x33713,141546
v1,1791230381602311,SAT,640,b097ef0536bef82c:0x33713,142186
v1,1791230381603064,UNSAT,637,b097ef0536bef82c:0x33713,142823
v1,1791230381603645,SAT,432,b097ef0536bef82c:0x33713,143255
v1,1791230381604290,SAT,429,b097ef0536bef82c:0x33713,143684
v1,1791230381610925,SAT,1919,b097ef0536bef82c:0x33713,145603
v1,1791230381615743,SAT,79,b097ef0536bef82c:0x33713,145682
v1,1791230381616520,UNSAT,583,b097ef0536bef82c:0x33713,146265
v1,1791230381616608,SAT,28,b097ef0536bef82c:0x33713,146293
v1,1791230381617371,UNSAT,646,b097ef0536bef82c:0x33713,146939
v1,1791230381617935,SAT,426,b097ef0536bef82c:0x33713,147365
v1,1791230381618566,SAT,419,b097ef0536bef82c:0x33713,147784
v1,1791230381633437,UNSAT,1674,b097ef0536bef82c:0x33713,149458
v1,1791230381634002,UNSAT,254,b097ef0536bef82c:0x33713,149712
v1,1791230381640414,SAT,1936,b097ef0536bef82c:0x33713,151648
v1,1791230381645106,SAT,66,b097ef0536bef82c:0x33713,151714
v1,1791230381645901,UNSAT,582,b097ef0536bef82c:0x33713,152296
v1,1791230381645991,SAT,31,b097ef0536bef82c:0x33713,152327
v1,1791230381646775,SAT,656,b097ef0536bef82c:0x33713,152983
v1,1791230381647543,UNSAT,640,b097ef0536bef82c:0x33713,153623
v1,1791230381648112,SAT,434,b097ef0536bef82c:0x33713,154057
v1,1791230381648740,SAT,425,b097ef0536bef82c:0x33713,154482
v1,1791230381655708,SAT,2263,b097ef0536bef82c:0x33713,156745
v1,1791230381660705,SAT,72,b097ef0536bef82c:0x33713,156817
v1,1791230381661485,UNSAT,589,b097ef0536bef82c:0x33713,157406
v1,1791230381661590,SAT,46,b097ef0536bef82c:0x33713,157452
v1,1791230381662367,UNSAT,649,b097ef0536bef82c:0x33713,158101
v1,1791230381662934,SAT,421,b097ef0536bef82c:0x33713,158522
v1,1791230381663566,SAT,421,b097ef0536bef82c:0x33713,158943
v1,1791230381670789,UNSAT,2015,b097ef0536bef82c:0x33713,160958
v1,1791230381671374,UNSAT,276,b097ef0536bef82c:0x33713,161234
v1,1791230381678410,SAT,2292,b097ef0536bef82c:0x33713,163526
v1,1791230381683458,SAT,77,b097ef0536bef82c:0x33713,163603
v1,1791230381684289,UNSAT,613,b097ef0536bef82c:0x33713,164216
v1,1791230381684393,SAT,37,b097ef0536bef82c:0x33713,164253
v1,1791230381685165,UNSAT,647,b097ef0536bef82c:0x33713,164900
v1,1791230381685713,SAT,400,b097ef0536bef82c:0x33713,165300
v1,1791230381686331,SAT,406,b097ef0536bef82c:0x33713,165706
v1,1791230381693884,SAT,2574,b097ef0536bef82c:0x33713,168280
v1,1791230381699198,SAT,71,b097ef0536bef82c:0x33713,168351
v1,1791230381699973,UNSAT,570,b097ef0536bef82c:0x33713,168921
v1,1791230381700061,SAT,28,b097ef0536bef82c:0x33713,168949
v1,1791230381700809,UNSAT,629,b097ef0536bef82c:0x33713,169578
v1,1791230381701360,SAT,403,b097ef0536bef82c:0x33713,169981
v1,1791230381701987,SAT,413,b097ef0536bef82c:0x33713,170394
v1,1791230381721489,UNSAT,2671,b097ef0536bef82c:0x33713,173065
v1,1791230381722080,UNSAT,269,b097ef0536bef82c:0x33713,173334
v1,1791230381730233,SAT,2938,b097ef0536bef82c:0x33713,176272
v1,1791230381735871,SAT,72,b097ef0536bef82c:0x33713,176344
v1,1791230381736689,UNSAT,613,b097ef0536bef82c:0x33713,176957
v1,1791230381736787,SAT,36,b097ef0536bef82c:0x33713,176993
v1,1791230381737612,SAT,679,b097ef0536bef82c:0x33713,177672
v1,1791230381738395,UNSAT,656,b097ef0536bef82c:0x33713,178328
v1,1791230381738971,SAT,424,b097ef0536bef82c:0x33713,178752
v1,1791230381739629,SAT,423,b097ef0536bef82c:0x33713,179175
v1,1791230381748283,SAT,3267,b097ef0536bef82c:0x33713,182442
v1,1791230381754283,SAT,90,b097ef0536bef82c:0x33713,182532
v1,1791230381755109,UNSAT,611,b097ef0536bef82c:0x33713,183143
v1,1791230381755279,SAT,107,b097ef0536bef82c:0x33713,183250
v1,1791230381756166,UNSAT,687,b097ef0536bef82c:0x33713,183937
v1,1791230381756762,SAT,430,b097ef0536bef82c:0x33713,184367
v1,1791230381757435,SAT,436,b097ef0536bef82c:0x33713,184803
v1,1791230381768568,UNSAT,3957,b097ef0536bef82c:0x33713,188760
v1,1791230381769151,UNSAT,262,b097ef0536bef82c:0x33713,189022
v1,1791230381779110,SAT,4269,b097ef0536bef82c:0x33713,193291
v1,1791230381786065,SAT,72,b097ef0536bef82c:0x33713,193363
v1,1791230381786874,UNSAT,595,b097ef0536bef82c:0x33713,193958
v1,1791230381786963,SAT,30,b097ef0536bef82c:0x33713,193988
v1,1791230381787779,SAT,679,b097ef0536bef82c:0x33713,194667
v1,1791230381788577,UNSAT,666,b097ef0536bef82c:0x33713,195333
v1,1791230381789152,SAT,411,b097ef0536bef82c:0x33713,195744
v1,1791230381789819,SAT,428,b097ef0536bef82c:0x33713,196172
v1,1791230381800353,SAT,4605,b097ef0536bef82c:0x33713,200777
v1,1791230381807678,SAT,81,b097ef0536bef82c:0x33713,200858
v1,1791230381808506,UNSAT,607,b097ef0536bef82c:0x33713,201465
v1,1791230381808596,SAT,28,b097ef0536bef82c:0x33713,201493
v1,1791230381809407,UNSAT,674,b097ef0536bef82c:0x33713,202167
v1,1791230381809997,SAT,434,b097ef0536bef82c:0x33713,202601
v1,1791230381810651,SAT,427,b097ef0536bef82c:0x33713,203028
v1,1791230381819107,UNSAT,355,b097ef0536bef82c:0x3383b,203383
v1,1791230381819648,UNSAT,226,b097ef0536bef82c:0x3383b,203609
v1,1791230381838035,UNSAT,385,b097ef0536bef82c:0x39821,203994
v1,1791230381838913,SAT,577,b097ef0536bef82c:0x39821,204571
v1,1791230381876740,SAT,5546,b097ef0536bef82c:0x2fdd5,210117
v1,1791230381910615,UNSAT,221,b097ef0536bef82c:0xb7b2,210338
v1,1791230381911022,UNSAT,134,b097ef0536bef82c:0xb7b2,210472
v1,1791230381923391,UNSAT,245,b097ef0536bef82c:0xb7f3,210717
v1,1791230381923960,UNSAT,155,b097ef0536bef82c:0xb7f3,210872
v1,1791230381935735,UNSAT,225,b097ef0536bef82c:0xb837,211097
v1,1791230381936316,UNSAT,159,b097ef0536bef82c:0xb837,211256
v1,1791230381951891,UNSAT,223,b097ef0536bef82c:0xb8c3,211479
v1,1791230381952375,UNSAT,150,b097ef0536bef82c:0xb8c3,211629
v1,1791230396917928,SAT,466,b097ef0536bef82c:0x2e653,466
v1,1791230396950041,SAT,1111,b097ef0536bef82c:0x2fdd5,1577
v1,1791230413572190,UNSAT,406,b097ef0536bef82c:0x33eb5,406
v1,1791230413573326,SAT,642,b097ef0536bef82c:0x33eb5,1048
v1,1791230413585570,UNSAT,477,b097ef0536bef82c:0x3443f,1525
v1,1791230413586110,UNSAT,259,b097ef0536bef82c:0x3443f,1784
v1,1791230413637469,SAT,636,b097ef0536bef82c:0x3443f,2420
v1,1791230413720921,SAT,496,b097ef0536bef82c:0x3443f,2916
v1,1791230413721176,SAT,44,b097ef0536bef82c:0x3443f,2960
v1,1791230413721602,UNSAT,219,b097ef0536bef82c:0x3443f,3179
v1,1791230413721679,SAT,39,b097ef0536bef82c:0x3443f,3218
v1,1791230413722087,UNSAT,219,b097ef0536bef82c:0x3443f,3437
v1,1791230413722305,SAT,94,b097ef0536bef82c:0x3443f,3531
v1,1791230413722601,SAT,78,b097ef0536bef82c:0x3443f,3609
v1,1791230413753071,SAT,910,b097ef0536bef82c:0x3443f,4519
v1,1791230413753710,SAT,55,b097ef0536bef82c:0x3443f,4574
v1,1791230413754180,UNSAT,243,b097ef0536bef82c:0x3443f,4817
v1,1791230413754230,SAT,28,b097ef0536bef82c:0x3443f,4845
v1,1791230413754597,UNSAT,200,b097ef0536bef82c:0x3443f,5045
v1,1791230413754818,SAT,75,b097ef0536bef82c:0x3443f,5120
v1,1791230413755106,SAT,65,b097ef0536bef82c:0x3443f,5185
v1,1791230413757907,SAT,1214,b097ef0536bef82c:0x3443f,6399
v1,1791230413758863,SAT,39,b097ef0536bef82c:0x3443f,6438
v1,1791230413759688,UNSAT,633,b097ef0536bef82c:0x3443f,7071
v1,1791230413759748,SAT,34,b097ef0536bef82c:0x3443f,7105
v1,1791230413760714,SAT,834,b097ef0536bef82c:0x3443f,7939
v1,1791230413761673,SAT,826,b097ef0536bef82c:0x3443f,8765
v1,1791230413762627,SAT,815,b097ef0536bef82c:0x3443f,9580
v1,1791230413763570,UNSAT,809,b097ef0536bef82c:0x3443f,10389
v1,1791230413764206,SAT,440,b097ef0536bef82c:0x3443f,10829
v1,1791230413764868,SAT,441,b097ef0536bef82c:0x3443f,11270
v1,1791230413768194,SAT,1561,b097ef0536bef82c:0x3443f,12831
v1,1791230413769509,SAT,40,b097ef0536bef82c:0x3443f,12871
v1,1791230413770305,UNSAT,630,b097ef0536bef82c:0x3443f,13501
v1,1791230413770363,SAT,31,b097ef0536bef82c:0x3443f,13532
v1,1791230413771322,SAT,824,b097ef0536bef82c:0x3443f,14356
v1,1791230413772372,SAT,861,b097ef0536bef82c:0x3443f,15217
v1,1791230413773364,SAT,849,b097ef0536bef82c:0x3443f,16066
v1,1791230413774331,UNSAT,798,b097ef0536bef82c:0x3443f,16864
v1,1791230413774902,SAT,441,b097ef0536bef82c:0x3443f,17305
v1,1791230413775552,SAT,451,b097ef0536bef82c:0x3443f,17756
v1,1791230413779370,SAT,1908,b097ef0536bef82c:0x3443f,19664
v1,1791230413781013,SAT,41,b097ef0536bef82c:0x3443f,19705
v1,1791230413781871,UNSAT,687,b097ef0536bef82c:0x3443f,20392
v1,1791230413781921,SAT,25,b097ef0536bef82c:0x3443f,20417
v1,1791230413782861,SAT,817,b097ef0536bef82c:0x3443f,21234
v1,1791230413783874,SAT,844,b097ef0536bef82c:0x3443f,22078
v1,1791230413784835,SAT,823,b097ef0536bef82c:0x3443f,22901
v1,1791230413785760,UNSAT,796,b097ef0536bef82c:0x3443f,23697
v1,1791230413786335,SAT,451,b097ef0536bef82c:0x3443f,24148
v1,1791230413786996,SAT,454,b097ef0536bef82c:0x3443f,24602
v1,1791230413791248,SAT,2310,b097ef0536bef82c:0x3443f,26912
v1,1791230413793228,SAT,43,b097ef0536bef82c:0x3443f,26955
v1,1791230413794065,UNSAT,623,b097ef0536bef82c:0x3443f,27578
v1,1791230413794112,SAT,24,b097ef0536bef82c:0x3443f,27602
v1,1791230413795085,SAT,845,b097ef0536bef82c:0x3443f,28447
v1,1791230413796037,SAT,826,b097ef0536bef82c:0x3443f,29273
v1,1791230413796975,SAT,818,b097ef0536bef82c:0x3443f,30091
v1,1791230413797963,UNSAT,861,b097ef0536bef82c:0x3443f,30952
v1,1791230413798547,SAT,443,b097ef0536bef82c:0x3443f,31395
v1,1791230413799212,SAT,444,b097ef0536bef82c:0x3443f,31839
v1,1791230413806079,SAT,2637,b097ef0536bef82c:0x3443f,34476
v1,1791230413808421,SAT,46,b097ef0536bef82c:0x3443f,34522
v1,1791230413809164,UNSAT,564,b097ef0536bef82c:0x3443f,35086
v1,1791230413809215,SAT,29,b097ef0536bef82c:0x3443f,35115
v1,1791230413810128,SAT,787,b097ef0536bef82c:0x3443f,35902
v1,1791230413811020,SAT,783,b097ef0536bef82c:0x3443f,36685
v1,1791230413811901,SAT,767,b097ef0536bef82c:0x3443f,37452
v1,1791230413812752,UNSAT,751,b097ef0536bef82c:0x3443f,38203
v1,1791230413813284,SAT,444,b097ef0536bef82c:0x3443f,38647
v1,1791230413813874,SAT,430,b097ef0536bef82c:0x3443f,39077
v1,1791230413818522,SAT,2921,b097ef0536bef82c:0x3443f,41998
v1,1791230413821182,SAT,44,b097ef0536bef82c:0x3443f,42042
v1,1791230413821921,UNSAT,569,b097ef0536bef82c:0x3443f,42611
v1,1791230413821968,SAT,25,b097ef0536bef82c:0x3443f,42636
v1,1791230413822876,SAT,787,b097ef0536bef82c:0x3443f,43423
v1,1791230413823791,SAT,799,b097ef0536bef82c:0x3443f,44222
v1,1791230413824675,SAT,768,b097ef0536bef82c:0x3443f,44990
v1,1791230413825553,UNSAT,768,b097ef0536bef82c:0x3443f,45758
v1,1791230413826086,SAT,441,b097ef0536bef82c:0x3443f,46199
v1,1791230413826706,SAT,457,b097ef0536bef82c:0x3443f,46656
v1,1791230413831758,SAT,3252,b097ef0536bef82c:0x3443f,49908
v1,1791230413834874,SAT,100,b097ef0536bef82c:0x3443f,50008
v1,1791230413835652,UNSAT,587,b097ef0536bef82c:0x3443f,50595
v1,1791230413835700,SAT,27,b097ef0536bef82c:0x3443f,50622
v1,1791230413836626,SAT,808,b097ef0536bef82c:0x3443f,51430
v1,1791230413837562,SAT,824,b097ef0536bef82c:0x3443f,52254
v1,1791230413838493,SAT,813,b097ef0536bef82c:0x3443f,53067
v1,1791230413839388,UNSAT,786,b097ef0536bef82c:0x3443f,53853
v1,1791230413839927,SAT,433,b097ef0536bef82c:0x3443f,54286
v1,1791230413840560,SAT,462,b097ef0536bef82c:0x3443f,54748
v1,1791230414019636,SAT,3815,b097ef0536bef82c:0x2fdd5,58563
v1,1791230438747100,UNSAT,253,b097ef0536bef82c:0x2fcff,253
v1,1791230438747765,SAT,203,b097ef0536bef82c:0x2fcff,456
v1,1791230438754011,SAT,236,b097ef0536bef82c:0x5a17d,692
v1,1791230438755218,UNSAT,160,b097ef0536bef82c:0x5a17d,852
v1,1791230438756250,UNSAT,144,b097ef0536bef82c:0x5a17d,996
v1,1791230445488726,SAT,605,b097ef0536bef82c:0x3443f,605
v1,1791230445586936,SAT,446,b097ef0536bef82c:0x3443f,1051
v1,1791230445587174,SAT,57,b097ef0536bef82c:0x3443f,1108
v1,1791230445587808,UNSAT,318,b097ef0536bef82c:0x3443f,1426
v1,1791230445587917,SAT,54,b097ef0536bef82c:0x3443f,1480
v1,1791230445588480,UNSAT,299,b097ef0536bef82c:0x3443f,1779
v1,1791230445588757,SAT,82,b097ef0536bef82c:0x3443f,1861
v1,1791230445589044,SAT,77,b097ef0536bef82c:0x3443f,1938
v1,1791230445619141,SAT,779,b097ef0536bef82c:0x3443f,2717
v1,1791230445619747,SAT,48,b097ef0536bef82c:0x3443f,2765
v1,1791230445620158,UNSAT,224,b097ef0536bef82c:0x3443f,2989
v1,1791230445620205,SAT,26,b097ef0536bef82c:0x3443f,3015
v1,1791230445620498,UNSAT,165,b097ef0536bef82c:0x3443f,3180
v1,1791230445620664,SAT,62,b097ef0536bef82c:0x3443f,3242
v1,1791230445620908,SAT,62,b097ef0536bef82c:0x3443f,3304
v1,1791230445623749,SAT,1186,b097ef0536bef82c:0x3443f,4490
v1,1791230445624673,SAT,35,b097ef0536bef82c:0x3443f,4525
v1,1791230445625430,UNSAT,608,b097ef0536bef82c:0x3443f,5133
v1,1791230445625478,SAT,27,b097ef0536bef82c:0x3443f,5160
v1,1791230445626458,SAT,838,b097ef0536bef82c:0x3443f,5998
v1,1791230445627397,SAT,819,b097ef0536bef82c:0x3443f,6817
v1,1791230445628334,SAT,823,b097ef0536bef82c:0x3443f,7640
v1,1791230445629248,UNSAT,798,b097ef0536bef82c:0x3443f,8438
v1,1791230445629793,SAT,427,b097ef0536bef82c:0x3443f,8865
v1,1791230445630436,SAT,457,b097ef0536bef82c:0x3443f,9322
v1,1791230445633694,SAT,1502,b097ef0536bef82c:0x3443f,10824
v1,1791230445634955,SAT,37,b097ef0536bef82c:0x3443f,10861
v1,1791230445635725,UNSAT,618,b097ef0536bef82c:0x3443f,11479
v1,1791230445635788,SAT,41,b097ef0536bef82c:0x3443f,11520
v1,1791230445636718,SAT,812,b097ef0536bef82c:0x3443f,12332
v1,1791230445637681,SAT,839,b097ef0536bef82c:0x3443f,13171
v1,1791230445638616,SAT,809,b097ef0536bef82c:0x3443f,13980
v1,1791230445639521,UNSAT,792,b097ef0536bef82c:0x3443f,14772
v1,1791230445640070,SAT,430,b097ef0536bef82c:0x3443f,15202
v1,1791230445640710,SAT,446,b097ef0536bef82c:0x3443f,15648
v1,1791230445647077,SAT,2035,b097ef0536bef82c:0x3443f,17683
v1,1791230445648747,SAT,44,b097ef0536bef82c:0x3443f,17727
v1,1791230445649500,UNSAT,582,b097ef0536bef82c:0x3443f,18309
v1,1791230445649564,SAT,36,b097ef0536bef82c:0x3443f,18345
v1,1791230445650511,SAT,807,b097ef0536bef82c:0x3443f,19152
v1,1791230445651462,SAT,813,b097ef0536bef82c:0x3443f,19965
v1,1791230445652372,SAT,785,b097ef0536bef82c:0x3443f,20750
v1,1791230445653253,UNSAT,756,b097ef0536bef82c:0x3443f,21506
v1,1791230445653802,SAT,451,b097ef0536bef82c:0x3443f,21957
v1,1791230445654422,SAT,455,b097ef0536bef82c:0x3443f,22412
v1,1791230445658306,SAT,2229,b097ef0536bef82c:0x3443f,24641
v1,1791230445660288,SAT,48,b097ef0536bef82c:0x3443f,24689
v1,1791230445661045,UNSAT,593,b097ef0536bef82c:0x3443f,25282
v1,1791230445661107,SAT,36,b097ef0536bef82c:0x3443f,25318
v1,1791230445662030,SAT,801,b097ef0536bef82c:0x3443f,26119
v1,1791230445662939,SAT,785,b097ef0536bef82c:0x3443f,26904
v1,1791230445663838,SAT,777,b097ef0536bef82c:0x3443f,27681
v1,1791230445664738,UNSAT,779,b097ef0536bef82c:0x3443f,28460
v1,1791230445665286,SAT,454,b097ef0536bef82c:0x3443f,28914
v1,1791230445665903,SAT,443,b097ef0536bef82c:0x3443f,29357
v1,1791230445670137,SAT,2563,b097ef0536bef82c:0x3443f,31920
v1,1791230445672463,SAT,47,b097ef0536bef82c:0x3443f,31967
v1,1791230445673238,UNSAT,605,b097ef0536bef82c:0x3443f,32572
v1,1791230445673301,SAT,34,b097ef0536bef82c:0x3443f,32606
v1,1791230445674254,SAT,822,b097ef0536bef82c:0x3443f,33428
v1,1791230445675200,SAT,811,b097ef0536bef82c:0x3443f,34239
v1,1791230445676132,SAT,803,b097ef0536bef82c:0x3443f,35042
v1,1791230445677056,UNSAT,804,b097ef0536bef82c:0x3443f,35846
v1,1791230445677640,SAT,471,b097ef0536bef82c:0x3443f,36317
v1,1791230445678346,SAT,462,b097ef0536bef82c:0x3443f,36779
v1,1791230458637139,SAT,3080,b097ef0536bef82c:0x2fdd5,3080
v1,1791230476412912,SAT,472,b097ef0536bef82c:0x3747d,472
v1,1791230476438213,SAT,549,b097ef0536bef82c:0x2fdd5,1021
v1,1791230495686919,UNSAT,12818,b097ef0536bef82c:0x2e894,12818
v1,1791230495687796,UNSAT,376,b097ef0536bef82c:0x2e894,13194
v1,1791230495701867,UNSAT,12331,b097ef0536bef82c:0x38053,25525
v1,1791230495702810,UNSAT,621,b097ef0536bef82c:0x38053,26146
v1,1791230495725036,UNSAT,12212,b097ef0536bef82c:0x380e5,38358
v1,1791230495725617,UNSAT,248,b097ef0536bef82c:0x380e5,38606
v1,1791230495727793,UNSAT,176,b097ef0536bef82c:0x380ec,38782
v1,1791230495728190,UNSAT,135,b097ef0536bef82c:0x380ec,38917
v1,1791230495745343,SAT,12334,b097ef0536bef82c:0x380ec,51251
v1,1791230495757445,SAT,65,b097ef0536bef82c:0x380ec,51316
v1,1791230495758134,SAT,455,b097ef0536bef82c:0x380ec,51771
v1,1791230495758684,SAT,430,b097ef0536bef82c:0x380ec,52201
v1,1791230495759215,UNSAT,422,b097ef0536bef82c:0x380ec,52623
v1,1791230495759303,SAT,40,b097ef0536bef82c:0x380ec,52663
v1,1791230495759927,UNSAT,511,b097ef0536bef82c:0x380ec,53174
v1,1791230495760115,SAT,118,b097ef0536bef82c:0x380ec,53292
v1,1791230495760371,SAT,92,b097ef0536bef82c:0x380ec,53384
v1,1791230495763883,UNSAT,199,b097ef0536bef82c:0x38146,53583
v1,1791230495764386,UNSAT,156,b097ef0536bef82c:0x38146,53739
v1,1791230495781408,SAT,11998,b097ef0536bef82c:0x38146,65737
v1,1791230495793492,SAT,65,b097ef0536bef82c:0x38146,65802
v1,1791230495794117,UNSAT,438,b097ef0536bef82c:0x38146,66240
v1,1791230495794221,SAT,68,b097ef0536bef82c:0x38146,66308
v1,1791230495794849,UNSAT,508,b097ef0536bef82c:0x38146,66816
v1,1791230495795041,SAT,109,b097ef0536bef82c:0x38146,66925
v1,1791230495795275,SAT,104,b097ef0536bef82c:0x38146,67029
v1,1791230495798652,UNSAT,200,b097ef0536bef82c:0x3819b,67229
v1,1791230495799101,UNSAT,169,b097ef0536bef82c:0x3819b,67398
v1,1791230495816610,SAT,12144,b097ef0536bef82c:0x3819b,79542
v1,1791230495828713,SAT,74,b097ef0536bef82c:0x3819b,79616
v1,1791230495829374,UNSAT,464,b097ef0536bef82c:0x3819b,80080
v1,1791230495829434,SAT,28,b097ef0536bef82c:0x3819b,80108
v1,1791230495830063,UNSAT,521,b097ef0536bef82c:0x3819b,80629
v1,1791230495830249,SAT,105,b097ef0536bef82c:0x3819b,80734
v1,1791230495830474,SAT,88,b097ef0536bef82c:0x3819b,80822
v1,1791230495833759,UNSAT,204,b097ef0536bef82c:0x381f4,81026
v1,1791230495834182,UNSAT,138,b097ef0536bef82c:0x381f4,81164
v1,1791230495851313,SAT,11970,b097ef0536bef82c:0x381f4,93134
v1,1791230495863433,SAT,58,b097ef0536bef82c:0x381f4,93192
v1,1791230495864084,UNSAT,472,b097ef0536bef82c:0x381f4,93664
v1,1791230495864142,SAT,26,b097ef0536bef82c:0x381f4,93690
v1,1791230495864748,UNSAT,504,b097ef0536bef82c:0x381f4,94194
v1,1791230495864926,SAT,98,b097ef0536bef82c:0x381f4,94292
v1,1791230495865227,SAT,177,b097ef0536bef82c:0x381f4,94469
v1,1791230495868714,UNSAT,192,b097ef0536bef82c:0x3824b,94661
v1,1791230495869115,UNSAT,135,b097ef0536bef82c:0x3824b,94796
v1,1791230495886275,SAT,11985,b097ef0536bef82c:0x3824b,106781
v1,1791230495898472,SAT,62,b097ef0536bef82c:0x3824b,106843
v1,1791230495899000,UNSAT,350,b097ef0536bef82c:0x3824b,107193
v1,1791230495899050,SAT,23,b097ef0536bef82c:0x3824b,107216
v1,1791230495899671,UNSAT,516,b097ef0536bef82c:0x3824b,107732
v1,1791230495899851,SAT,99,b097ef0536bef82c:0x3824b,107831
v1,1791230495900062,SAT,86,b097ef0536bef82c:0x3824b,107917
v1,1791230495903722,UNSAT,248,b097ef0536bef82c:0x382a3,108165
v1,1791230495904555,SAT,562,b097ef0536bef82c:0x382a3,108727
v1,1791230495922019,SAT,12005,b097ef0536bef82c:0x382a3,120732
v1,1791230495934141,SAT,66,b097ef0536bef82c:0x382a3,120798
v1,1791230495934767,UNSAT,432,b097ef0536bef82c:0x382a3,121230
v1,1791230495934867,SAT,68,b097ef0536bef82c:0x382a3,121298
v1,1791230495935454,UNSAT,408,b097ef0536bef82c:0x382a3,121706
v1,1791230495935665,SAT,134,b097ef0536bef82c:0x382a3,121840
v1,1791230495935935,SAT,100,b097ef0536bef82c:0x382a3,121940
v1,1791230495939845,UNSAT,262,b097ef0536bef82c:0x382fc,122202
v1,1791230495940636,SAT,488,b097ef0536bef82c:0x382fc,122690
v1,1791230495958164,SAT,11870,b097ef0536bef82c:0x382fc,134560
v1,1791230495970440,SAT,76,b097ef0536bef82c:0x382fc,134636
v1,1791230495971104,UNSAT,447,b097ef0536bef82c:0x382fc,135083
v1,1791230495971179,SAT,37,b097ef0536bef82c:0x382fc,135120
v1,1791230495971704,UNSAT,403,b097ef0536bef82c:0x382fc,135523
v1,1791230495971867,SAT,94,b097ef0536bef82c:0x382fc,135617
v1,1791230495972086,SAT,87,b097ef0536bef82c:0x382fc,135704
v1,1791230495976047,UNSAT,249,b097ef0536bef82c:0x38353,135953
v1,1791230495976785,SAT,459,b097ef0536bef82c:0x38353,136412
v1,1791230495995757,SAT,11942,b097ef0536bef82c:0x38353,148354
v1,1791230496008043,SAT,88,b097ef0536bef82c:0x38353,148442
v1,1791230496008689,UNSAT,464,b097ef0536bef82c:0x38353,148906
v1,1791230496008745,SAT,26,b097ef0536bef82c:0x38353,148932
v1,1791230496009361,UNSAT,517,b097ef0536bef82c:0x38353,149449
v1,1791230496009549,SAT,104,b097ef0536bef82c:0x38353,149553
v1,1791230496009759,SAT,85,b097ef0536bef82c:0x38353,149638
v1,1791230496013822,UNSAT,250,b097ef0536bef82c:0x383ab,149888
v1,1791230496014592,SAT,484,b097ef0536bef82c:0x383ab,150372
v1,1791230496032462,SAT,11966,b097ef0536bef82c:0x383ab,162338
v1,1791230496045896,SAT,92,b097ef0536bef82c:0x383ab,162430
v1,1791230496046478,UNSAT,391,b097ef0536bef82c:0x383ab,162821
v1,1791230496046533,SAT,28,b097ef0536bef82c:0x383ab,162849
v1,1791230496047037,UNSAT,401,b097ef0536bef82c:0x383ab,163250
v1,1791230496047186,SAT,89,b097ef0536bef82c:0x383ab,163339
v1,1791230496047409,SAT,99,b097ef0536bef82c:0x383ab,163438
v1,1791230496051738,UNSAT,255,b097ef0536bef82c:0x38404,163693
v1,1791230496052513,SAT,485,b097ef0536bef82c:0x38404,164178
v1,1791230496070592,SAT,11899,b097ef0536bef82c:0x38404,176077
v1,1791230496082703,SAT,64,b097ef0536bef82c:0x38404,176141
v1,1791230496083248,UNSAT,369,b097ef0536bef82c:0x38404,176510
v1,1791230496083329,SAT,38,b097ef0536bef82c:0x38404,176548
v1,1791230496083982,UNSAT,518,b097ef0536bef82c:0x38404,177066
v1,1791230496084165,SAT,96,b097ef0536bef82c:0x38404,177162
v1,1791230496084393,SAT,91,b097ef0536bef82c:0x38404,177253
v1,1791230496089097,UNSAT,251,b097ef0536bef82c:0x3845b,177504
v1,1791230496089858,SAT,468,b097ef0536bef82c:0x3845b,177972
v1,1791230496108063,SAT,11913,b097ef0536bef82c:0x3845b,189885
v1,1791230496120236,SAT,65,b097ef0536bef82c:0x3845b,189950
v1,1791230496120782,UNSAT,352,b097ef0536bef82c:0x3845b,190302
v1,1791230496120844,SAT,37,b097ef0536bef82c:0x3845b,190339
v1,1791230496121470,UNSAT,524,b097ef0536bef82c:0x3845b,190863
v1,1791230496121663,SAT,107,b097ef0536bef82c:0x3845b,190970
v1,1791230496121876,SAT,88,b097ef0536bef82c:0x3845b,191058
v1,1791230496126840,UNSAT,261,b097ef0536bef82c:0x384b3,191319
v1,1791230496127578,SAT,462,b097ef0536bef82c:0x384b3,191781
v1,1791230496146064,SAT,11905,b097ef0536bef82c:0x384b3,203686
v1,1791230496158206,SAT,62,b097ef0536bef82c:0x384b3,203748
v1,1791230496159218,UNSAT,761,b097ef0536bef82c:0x384b3,204509
v1,1791230496159324,SAT,70,b097ef0536bef82c:0x384b3,204579
v1,1791230496159974,UNSAT,513,b097ef0536bef82c:0x384b3,205092
v1,1791230496160158,SAT,103,b097ef0536bef82c:0x384b3,205195
v1,1791230496160404,SAT,94,b097ef0536bef82c:0x384b3,205289
v1,1791230496165439,UNSAT,274,b097ef0536bef82c:0x3850c,205563
v1,1791230496166199,SAT,461,b097ef0536bef82c:0x3850c,206024
v1,1791230496176007,UNSAT,271,b097ef0536bef82c:0x3866e,206295
v1,1791230496176697,UNSAT,398,b097ef0536bef82c:0x3866e,206693
v1,1791230496196141,SAT,11941,b097ef0536bef82c:0x3866e,218634
v1,1791230496208429,SAT,73,b097ef0536bef82c:0x3866e,218707
v1,1791230496209265,UNSAT,645,b097ef0536bef82c:0x3866e,219352
v1,1791230496209450,SAT,148,b097ef0536bef82c:0x3866e,219500
v1,1791230496210387,UNSAT,805,b097ef0536bef82c:0x3866e,220305
v1,1791230496210718,SAT,201,b097ef0536bef82c:0x3866e,220506
v1,1791230496211045,SAT,188,b097ef0536bef82c:0x3866e,220694
v1,1791230496226351,SAT,12196,b097ef0536bef82c:0x3866e,232890
v1,1791230496238945,SAT,76,b097ef0536bef82c:0x3866e,232966
v1,1791230496239327,UNSAT,197,b097ef0536bef82c:0x3866e,233163
v1,1791230496239382,SAT,25,b097ef0536bef82c:0x3866e,233188
v1,1791230496239685,UNSAT,198,b097ef0536bef82c:0x3866e,233386
v1,1791230496239807,SAT,79,b097ef0536bef82c:0x3866e,233465
v1,1791230496239997,SAT,89,b097ef0536bef82c:0x3866e,233554
v1,1791230496243770,UNSAT,278,b097ef0536bef82c:0x386d4,233832
v1,1791230496244511,UNSAT,450,b097ef0536bef82c:0x386d4,234282
v1,1791230496252211,UNSAT,316,b097ef0536bef82c:0x38716,234598
v1,1791230496252828,UNSAT,303,b097ef0536bef82c:0x38716,234901
v1,1791230496260246,UNSAT,288,b097ef0536bef82c:0x38757,235189
v1,1791230496260897,UNSAT,303,b097ef0536bef82c:0x38757,235492
v1,1791230496268465,UNSAT,295,b097ef0536bef82c:0x3879b,235787
v1,1791230496269077,UNSAT,299,b097ef0536bef82c:0x3879b,236086
v1,1791230496276771,UNSAT,288,b097ef0536bef82c:0x387df,236374
v1,1791230496277443,UNSAT,367,b097ef0536bef82c:0x387df,236741
v1,1791230496285461,UNSAT,316,b097ef0536bef82c:0x38823,237057
v1,1791230496286096,UNSAT,324,b097ef0536bef82c:0x38823,237381
v1,1791230496293631,UNSAT,298,b097ef0536bef82c:0x38867,237679
v1,1791230496294345,UNSAT,357,b097ef0536bef82c:0x38867,238036
v1,1791230496303188,UNSAT,315,b097ef0536bef82c:0x388ab,238351
v1,1791230496304036,UNSAT,512,b097ef0536bef82c:0x388ab,238863
v1,1791230496323215,SAT,11853,b097ef0536bef82c:0x388ab,250716
v1,1791230496335867,SAT,74,b097ef0536bef82c:0x388ab,250790
v1,1791230496336764,UNSAT,696,b097ef0536bef82c:0x388ab,251486
v1,1791230496336834,SAT,30,b097ef0536bef82c:0x388ab,251516
v1,1791230496337913,UNSAT,955,b097ef0536bef82c:0x388ab,252471
v1,1791230496338224,SAT,215,b097ef0536bef82c:0x388ab,252686
v1,1791230496338576,SAT,188,b097ef0536bef82c:0x388ab,252874
v1,1791230496354006,SAT,11857,b097ef0536bef82c:0x388ab,264731
v1,1791230496366978,SAT,76,b097ef0536bef82c:0x388ab,264807
v1,1791230496367399,UNSAT,197,b097ef0536bef82c:0x388ab,265004
v1,1791230496367476,SAT,41,b097ef0536bef82c:0x388ab,265045
v1,1791230496367820,UNSAT,202,b097ef0536bef82c:0x388ab,265247
v1,1791230496367967,SAT,96,b097ef0536bef82c:0x388ab,265343
v1,1791230496368179,SAT,94,b097ef0536bef82c:0x388ab,265437
v1,1791230496387674,SAT,12401,b097ef0536bef82c:0x388ab,277838
v1,1791230496400122,SAT,63,b097ef0536bef82c:0x388ab,277901
v1,1791230496400996,UNSAT,677,b097ef0536bef82c:0x388ab,278578
v1,1791230496401086,SAT,45,b097ef0536bef82c:0x388ab,278623
v1,1791230496402053,UNSAT,828,b097ef0536bef82c:0x388ab,279451
v1,1791230496402449,SAT,276,b097ef0536bef82c:0x388ab,279727
v1,1791230496402823,SAT,206,b097ef0536bef82c:0x388ab,279933
v1,1791230496418842,SAT,12006,b097ef0536bef82c:0x388ab,291939
v1,1791230496431307,SAT,68,b097ef0536bef82c:0x388ab,292007
v1,1791230496431678,UNSAT,182,b097ef0536bef82c:0x388ab,292189
v1,1791230496431736,SAT,31,b097ef0536bef82c:0x388ab,292220
v1,1791230496432031,UNSAT,196,b097ef0536bef82c:0x388ab,292416
v1,1791230496432154,SAT,81,b097ef0536bef82c:0x388ab,292497
v1,1791230496432370,SAT,103,b097ef0536bef82c:0x388ab,292600
v1,1791230496451473,SAT,11833,b097ef0536bef82c:0x388ab,304433
v1,1791230496463964,SAT,81,b097ef0536bef82c:0x388ab,304514
v1,1791230496464886,UNSAT,707,b097ef0536bef82c:0x388ab,305221
v1,1791230496464964,SAT,36,b097ef0536bef82c:0x388ab,305257
v1,1791230496465929,UNSAT,842,b097ef0536bef82c:0x388ab,306099
v1,1791230496466220,SAT,207,b097ef0536bef82c:0x388ab,306306
v1,1791230496466551,SAT,188,b097ef0536bef82c:0x388ab,306494
v1,1791230496482555,SAT,12036,b097ef0536bef82c:0x388ab,318530
v1,1791230496495056,SAT,65,b097ef0536bef82c:0x388ab,318595
v1,1791230496495472,UNSAT,196,b097ef0536bef82c:0x388ab,318791
v1,1791230496495552,SAT,39,b097ef0536bef82c:0x388ab,318830
v1,1791230496495900,UNSAT,223,b097ef0536bef82c:0x388ab,319053
v1,1791230496496046,SAT,96,b097ef0536bef82c:0x388ab,319149
v1,1791230496496327,SAT,157,b097ef0536bef82c:0x388ab,319306
v1,1791230496516609,SAT,11832,b097ef0536bef82c:0x388ab,331138
v1,1791230496529327,SAT,87,b097ef0536bef82c:0x388ab,331225
v1,1791230496530206,UNSAT,670,b097ef0536bef82c:0x388ab,331895
v1,1791230496530286,SAT,37,b097ef0536bef82c:0x388ab,331932
v1,1791230496531239,UNSAT,825,b097ef0536bef82c:0x388ab,332757
v1,1791230496531547,SAT,207,b097ef0536bef82c:0x388ab,332964
v1,1791230496531887,SAT,191,b097ef0536bef82c:0x388ab,333155
v1,1791230496547693,SAT,11780,b097ef0536bef82c:0x388ab,344935
v1,1791230496560180,SAT,70,b097ef0536bef82c:0x388ab,345005
v1,1791230496560565,UNSAT,183,b097ef0536bef82c:0x388ab,345188
v1,1791230496560630,SAT,33,b097ef0536bef82c:0x388ab,345221
v1,1791230496560964,UNSAT,206,b097ef0536bef82c:0x388ab,345427
v1,1791230496561099,SAT,85,b097ef0536bef82c:0x388ab,345512
v1,1791230496561308,SAT,92,b097ef0536bef82c:0x388ab,345604
v1,1791230496580904,SAT,11900,b097ef0536bef82c:0x388ab,357504
v1,1791230496593309,SAT,78,b097ef0536bef82c:0x388ab,357582
v1,1791230496594161,UNSAT,665,b097ef0536bef82c:0x388ab,358247
v1,1791230496594286,SAT,86,b097ef0536bef82c:0x388ab,358333
v1,1791230496595224,UNSAT,809,b097ef0536bef82c:0x388ab,359142
v1,1791230496595513,SAT,202,b097ef0536bef82c:0x388ab,359344
v1,1791230496595822,SAT,180,b097ef0536bef82c:0x388ab,359524
v1,1791230496612469,SAT,11802,b097ef0536bef82c:0x388ab,371326
v1,1791230496624985,SAT,132,b097ef0536bef82c:0x388ab,371458
v1,1791230496625390,UNSAT,196,b097ef0536bef82c:0x388ab,371654
v1,1791230496625453,SAT,34,b097ef0536bef82c:0x388ab,371688
v1,1791230496625766,UNSAT,201,b097ef0536bef82c:0x388ab,371889
v1,1791230496625904,SAT,95,b097ef0536bef82c:0x388ab,371984
v1,1791230496626103,SAT,86,b097ef0536bef82c:0x388ab,372070
v1,1791230496645799,SAT,11823,b097ef0536bef82c:0x388ab,383893
v1,1791230496658323,SAT,71,b097ef0536bef82c:0x388ab,383964
v1,1791230496659173,UNSAT,660,b097ef0536bef82c:0x388ab,384624
v1,1791230496659249,SAT,34,b097ef0536bef82c:0x388ab,384658
v1,1791230496660170,UNSAT,787,b097ef0536bef82c:0x388ab,385445
v1,1791230496660457,SAT,204,b097ef0536bef82c:0x388ab,385649
v1,1791230496660775,SAT,178,b097ef0536bef82c:0x388ab,385827
v1,1791230496677033,SAT,11924,b097ef0536bef82c:0x388ab,397751
v1,1791230496689503,SAT,71,b097ef0536bef82c:0x388ab,397822
v1,1791230496689871,UNSAT,176,b097ef0536bef82c:0x388ab,397998
v1,1791230496689932,SAT,33,b097ef0536bef82c:0x388ab,398031
v1,1791230496690244,UNSAT,209,b097ef0536bef82c:0x388ab,398240
v1,1791230496690396,SAT,93,b097ef0536bef82c:0x388ab,398333
v1,1791230496690617,SAT,91,b097ef0536bef82c:0x388ab,398424
v1,1791230496696244,UNSAT,311,b097ef0536bef82c:0x38acd,398735
v1,1791230496696983,UNSAT,431,b097ef0536bef82c:0x38acd,399166
v1,1791230496723347,SAT,11940,b097ef0536bef82c:0x38acd,411106
v1,1791230496736002,SAT,77,b097ef0536bef82c:0x38acd,411183
v1,1791230496736895,UNSAT,693,b097ef0536bef82c:0x38acd,411876
v1,1791230496736978,SAT,40,b097ef0536bef82c:0x38acd,411916
v1,1791230496737934,UNSAT,823,b097ef0536bef82c:0x38acd,412739
v1,1791230496738226,SAT,207,b097ef0536bef82c:0x38acd,412946
v1,1791230496738557,SAT,188,b097ef0536bef82c:0x38acd,413134
v1,1791230496755270,SAT,11846,b097ef0536bef82c:0x38acd,424980
v1,1791230496767880,SAT,94,b097ef0536bef82c:0x38acd,425074
v1,1791230496768284,UNSAT,219,b097ef0536bef82c:0x38acd,425293
v1,1791230496768342,SAT,26,b097ef0536bef82c:0x38acd,425319
v1,1791230496768651,UNSAT,194,b097ef0536bef82c:0x38acd,425513
v1,1791230496768781,SAT,83,b097ef0536bef82c:0x38acd,425596
v1,1791230496768997,SAT,93,b097ef0536bef82c:0x38acd,425689
v1,1791230496785562,SAT,11814,b097ef0536bef82c:0x38acd,437503
v1,1791230496798139,SAT,88,b097ef0536bef82c:0x38acd,437591
v1,1791230496798997,UNSAT,657,b097ef0536bef82c:0x38acd,438248
v1,1791230496799094,SAT,51,b097ef0536bef82c:0x38acd,438299
v1,1791230496800023,UNSAT,808,b097ef0536bef82c:0x38acd,439107
v1,1791230496800320,SAT,209,b097ef0536bef82c:0x38acd,439316
v1,1791230496800666,SAT,199,b097ef0536bef82c:0x38acd,439515
v1,1791230496817320,SAT,11851,b097ef0536bef82c:0x38acd,451366
v1,1791230496829896,SAT,89,b097ef0536bef82c:0x38acd,451455
v1,1791230496830277,UNSAT,190,b097ef0536bef82c:0x38acd,451645
v1,1791230496830333,SAT,26,b097ef0536bef82c:0x38acd,451671
v1,1791230496830643,UNSAT,199,b097ef0536bef82c:0x38acd,451870
v1,1791230496830779,SAT,89,b097ef0536bef82c:0x38acd,451959
v1,1791230496830987,SAT,92,b097ef0536bef82c:0x38acd,452051
v1,1791230496847696,SAT,11810,b097ef0536bef82c:0x38acd,463861
v1,1791230496860287,SAT,73,b097ef0536bef82c:0x38acd,463934
v1,1791230496861126,UNSAT,654,b097ef0536bef82c:0x38acd,464588
v1,1791230496861199,SAT,33,b097ef0536bef82c:0x38acd,464621
v1,1791230496862111,UNSAT,785,b097ef0536bef82c:0x38acd,465406
v1,1791230496862414,SAT,221,b097ef0536bef82c:0x38acd,465627
v1,1791230496862742,SAT,191,b097ef0536bef82c:0x38acd,465818
v1,1791230496879558,SAT,11834,b097ef0536bef82c:0x38acd,477652
v1,1791230496892174,SAT,73,b097ef0536bef82c:0x38acd,477725
v1,1791230496892555,UNSAT,185,b097ef0536bef82c:0x38acd,477910
v1,1791230496892616,SAT,30,b097ef0536bef82c:0x38acd,477940
v1,1791230496892903,UNSAT,185,b097ef0536bef82c:0x38acd,478125
v1,1791230496893027,SAT,82,b097ef0536bef82c:0x38acd,478207
v1,1791230496893222,SAT,90,b097ef0536bef82c:0x38acd,478297
v1,1791230496910199,SAT,11952,b097ef0536bef82c:0x38acd,490249
v1,1791230496922852,SAT,67,b097ef0536bef82c:0x38acd,490316
v1,1791230496923707,UNSAT,657,b097ef0536bef82c:0x38acd,490973
v1,1791230496923787,SAT,31,b097ef0536bef82c:0x38acd,491004
v1,1791230496924745,UNSAT,820,b097ef0536bef82c:0x38acd,491824
v1,1791230496925035,SAT,204,b097ef0536bef82c:0x38acd,492028
v1,1791230496925367,SAT,196,b097ef0536bef82c:0x38acd,492224
v1,1791230496942332,SAT,11815,b097ef0536bef82c:0x38acd,504039
v1,1791230496954892,SAT,69,b097ef0536bef82c:0x38acd,504108
v1,1791230496955266,UNSAT,189,b097ef0536bef82c:0x38acd,504297
v1,1791230496955329,SAT,31,b097ef0536bef82c:0x38acd,504328
v1,1791230496955670,UNSAT,212,b097ef0536bef82c:0x38acd,504540
v1,1791230496955803,SAT,86,b097ef0536bef82c:0x38acd,504626
v1,1791230496956003,SAT,86,b097ef0536bef82c:0x38acd,504712
v1,1791230496973083,SAT,11861,b097ef0536bef82c:0x38acd,516573
v1,1791230496985615,SAT,67,b097ef0536bef82c:0x38acd,516640
v1,1791230496986443,UNSAT,636,b097ef0536bef82c:0x38acd,517276
v1,1791230496986512,SAT,30,b097ef0536bef82c:0x38acd,517306
v1,1791230496987420,UNSAT,793,b097ef0536bef82c:0x38acd,518099
v1,1791230496987700,SAT,199,b097ef0536bef82c:0x38acd,518298
v1,1791230496988018,SAT,187,b097ef0536bef82c:0x38acd,518485
v1,1791230497005105,SAT,11795,b097ef0536bef82c:0x38acd,530280
v1,1791230497017687,SAT,64,b097ef0536bef82c:0x38acd,530344
v1,1791230497018059,UNSAT,182,b097ef0536bef82c:0x38acd,530526
v1,1791230497018124,SAT,40,b097ef0536bef82c:0x38acd,530566
v1,1791230497018428,UNSAT,205,b097ef0536bef82c:0x38acd,530771
v1,1791230497018548,SAT,78,b097ef0536bef82c:0x38acd,530849
v1,1791230497018749,SAT,92,b097ef0536bef82c:0x38acd,530941
v1,1791230497035976,SAT,11853,b097ef0536bef82c:0x38acd,542794
v1,1791230497048554,SAT,63,b097ef0536bef82c:0x38acd,542857
v1,1791230497049381,UNSAT,648,b097ef0536bef82c:0x38acd,543505
v1,1791230497049447,SAT,29,b097ef0536bef82c:0x38acd,543534
v1,1791230497050352,UNSAT,787,b097ef0536bef82c:0x38acd,544321
v1,1791230497050634,SAT,206,b097ef0536bef82c:0x38acd,544527
v1,1791230497050931,SAT,175,b097ef0536bef82c:0x38acd,544702
v1,1791230497068371,SAT,11831,b097ef0536bef82c:0x38acd,556533
v1,1791230497081029,SAT,92,b097ef0536bef82c:0x38acd,556625
v1,1791230497081415,UNSAT,202,b097ef0536bef82c:0x38acd,556827
v1,1791230497081469,SAT,28,b097ef0536bef82c:0x38acd,556855
v1,1791230497081761,UNSAT,195,b097ef0536bef82c:0x38acd,557050
v1,1791230497081885,SAT,82,b097ef0536bef82c:0x38acd,557132
v1,1791230497082066,SAT,80,b097ef0536bef82c:0x38acd,557212
v1,1791230497099543,SAT,11871,b097ef0536bef82c:0x38acd,569083
v1,1791230497112162,SAT,69,b097ef0536bef82c:0x38acd,569152
v1,1791230497113003,UNSAT,646,b097ef0536bef82c:0x38acd,569798
v1,1791230497113075,SAT,32,b097ef0536bef82c:0x38acd,569830
v1,1791230497113975,UNSAT,786,b097ef0536bef82c:0x38acd,570616
v1,1791230497114243,SAT,191,b097ef0536bef82c:0x38acd,570807
v1,1791230497114561,SAT,181,b097ef0536bef82c:0x38acd,570988
v1,1791230497132093,SAT,11823,b097ef0536bef82c:0x38acd,582811
v1,1791230497144726,SAT,65,b097ef0536bef82c:0x38acd,582876
v1,1791230497145089,UNSAT,185,b097ef0536bef82c:0x38acd,583061
v1,1791230497145148,SAT,33,b097ef0536bef82c:0x38acd,583094
v1,1791230497145457,UNSAT,205,b097ef0536bef82c:0x38acd,583299
v1,1791230497145589,SAT,90,b097ef0536bef82c:0x38acd,583389
v1,1791230497145780,SAT,83,b097ef0536bef82c:0x38acd,583472
v1,1791230497163494,SAT,11940,b097ef0536bef82c:0x38acd,595412
v1,1791230497176068,SAT,62,b097ef0536bef82c:0x38acd,595474
v1,1791230497176907,UNSAT,659,b097ef0536bef82c:0x38acd,596133
v1,1791230497176973,SAT,31,b097ef0536bef82c:0x38acd,596164
v1,1791230497177857,UNSAT,778,b097ef0536bef82c:0x38acd,596942
v1,1791230497178130,SAT,195,b097ef0536bef82c:0x38acd,597137
v1,1791230497178434,SAT,183,b097ef0536bef82c:0x38acd,597320
v1,1791230497196451,SAT,11869,b097ef0536bef82c:0x38acd,609189
v1,1791230497209070,SAT,84,b097ef0536bef82c:0x38acd,609273
v1,1791230497209432,UNSAT,187,b097ef0536bef82c:0x38acd,609460
v1,1791230497209485,SAT,24,b097ef0536bef82c:0x38acd,609484
v1,1791230497209796,UNSAT,203,b097ef0536bef82c:0x38acd,609687
v1,1791230497209923,SAT,82,b097ef0536bef82c:0x38acd,609769
v1,1791230497210120,SAT,87,b097ef0536bef82c:0x38acd,609856
v1,1791230497217401,UNSAT,333,b097ef0536bef82c:0x38bf2,610189
v1,1791230497218331,UNSAT,635,b097ef0536bef82c:0x38bf2,610824
v1,1791230497232690,UNSAT,338,b097ef0536bef82c:0x38c79,611162
v1,1791230497233463,UNSAT,479,b097ef0536bef82c:0x38c79,611641
v1,1791230497257966,SAT,11978,b097ef0536bef82c:0x38c79,623619
v1,1791230497270975,SAT,69,b097ef0536bef82c:0x38c79,623688
v1,1791230497271904,UNSAT,724,b097ef0536bef82c:0x38c79,624412
v1,1791230497271994,SAT,56,b097ef0536bef82c:0x38c79,624468
v1,1791230497273370,UNSAT,1195,b097ef0536bef82c:0x38c79,625663
v1,1791230497273890,SAT,370,b097ef0536bef82c:0x38c79,626033
v1,1791230497274397,SAT,337,b097ef0536bef82c:0x38c79,626370
v1,1791230497293121,SAT,12025,b097ef0536bef82c:0x38c79,638395
v1,1791230497305907,SAT,70,b097ef0536bef82c:0x38c79,638465
v1,1791230497306528,UNSAT,434,b097ef0536bef82c:0x38c79,638899
v1,1791230497306597,SAT,36,b097ef0536bef82c:0x38c79,638935
v1,1791230497307197,UNSAT,484,b097ef0536bef82c:0x38c79,639419
v1,1791230497307460,SAT,214,b097ef0536bef82c:0x38c79,639633
v1,1791230497307779,SAT,196,b097ef0536bef82c:0x38c79,639829
v1,1791230497315951,UNSAT,227,b097ef0536bef82c:0x38cf9,640056
v1,1791230497316441,UNSAT,162,b097ef0536bef82c:0x38cf9,640218
v1,1791230497339819,SAT,12439,b097ef0536bef82c:0x38cf9,652657
v1,1791230497352876,SAT,91,b097ef0536bef82c:0x38cf9,652748
v1,1791230497353958,UNSAT,879,b097ef0536bef82c:0x38cf9,653627
v1,1791230497354033,SAT,33,b097ef0536bef82c:0x38cf9,653660
v1,1791230497355332,UNSAT,1165,b097ef0536bef82c:0x38cf9,654825
v1,1791230497355873,SAT,381,b097ef0536bef82c:0x38cf9,655206
v1,1791230497356366,SAT,329,b097ef0536bef82c:0x38cf9,655535
v1,1791230497376252,SAT,12055,b097ef0536bef82c:0x38cf9,667590
v1,1791230497389908,SAT,95,b097ef0536bef82c:0x38cf9,667685
v1,1791230497390667,UNSAT,491,b097ef0536bef82c:0x38cf9,668176
v1,1791230497390758,SAT,54,b097ef0536bef82c:0x38cf9,668230
v1,1791230497391426,UNSAT,537,b097ef0536bef82c:0x38cf9,668767
v1,1791230497391708,SAT,223,b097ef0536bef82c:0x38cf9,668990
v1,1791230497392040,SAT,202,b097ef0536bef82c:0x38cf9,669192
v1,1791230497399763,UNSAT,211,b097ef0536bef82c:0x38d44,669403
v1,1791230497400207,UNSAT,133,b097ef0536bef82c:0x38d44,669536
v1,1791230497422895,SAT,11959,b097ef0536bef82c:0x38d44,681495
v1,1791230497436253,SAT,97,b097ef0536bef82c:0x38d44,681592
v1,1791230497437336,UNSAT,872,b097ef0536bef82c:0x38d44,682464
v1,1791230497437437,SAT,36,b097ef0536bef82c:0x38d44,682500
v1,1791230497438749,UNSAT,1155,b097ef0536bef82c:0x38d44,683655
v1,1791230497439214,SAT,370,b097ef0536bef82c:0x38d44,684025
v1,1791230497439677,SAT,309,b097ef0536bef82c:0x38d44,684334
v1,1791230497459214,SAT,11967,b097ef0536bef82c:0x38d44,696301
v1,1791230497472233,SAT,87,b097ef0536bef82c:0x38d44,696388
v1,1791230497472888,UNSAT,446,b097ef0536bef82c:0x38d44,696834
v1,1791230497472952,SAT,30,b097ef0536bef82c:0x38d44,696864
v1,1791230497473603,UNSAT,511,b097ef0536bef82c:0x38d44,697375
v1,1791230497473959,SAT,257,b097ef0536bef82c:0x38d44,697632
v1,1791230497474330,SAT,227,b097ef0536bef82c:0x38d44,697859
v1,1791230497482419,UNSAT,224,b097ef0536bef82c:0x38d90,698083
v1,1791230497482863,UNSAT,149,b097ef0536bef82c:0x38d90,698232
v1,1791230497505491,SAT,12002,b097ef0536bef82c:0x38d90,710234
v1,1791230497518573,SAT,75,b097ef0536bef82c:0x38d90,710309
v1,1791230497519604,UNSAT,840,b097ef0536bef82c:0x38d90,711149
v1,1791230497519672,SAT,30,b097ef0536bef82c:0x38d90,711179
v1,1791230497520920,UNSAT,1123,b097ef0536bef82c:0x38d90,712302
v1,1791230497521356,SAT,344,b097ef0536bef82c:0x38d90,712646
v1,1791230497521810,SAT,305,b097ef0536bef82c:0x38d90,712951
v1,1791230497541324,SAT,11899,b097ef0536bef82c:0x38d90,724850
v1,1791230497554571,SAT,71,b097ef0536bef82c:0x38d90,724921
v1,1791230497555190,UNSAT,428,b097ef0536bef82c:0x38d90,725349
v1,1791230497555252,SAT,31,b097ef0536bef82c:0x38d90,725380
v1,1791230497555851,UNSAT,479,b097ef0536bef82c:0x38d90,725859
v1,1791230497556099,SAT,202,b097ef0536bef82c:0x38d90,726061
v1,1791230497556420,SAT,206,b097ef0536bef82c:0x38d90,726267
v1,1791230497564967,UNSAT,218,b097ef0536bef82c:0x38ddc,726485
v1,1791230497565433,UNSAT,153,b097ef0536bef82c:0x38ddc,726638
v1,1791230497588312,SAT,11972,b097ef0536bef82c:0x38ddc,738610
v1,1791230497601398,SAT,76,b097ef0536bef82c:0x38ddc,738686
v1,1791230497602415,UNSAT,825,b097ef0536bef82c:0x38ddc,739511
v1,1791230497602492,SAT,32,b097ef0536bef82c:0x38ddc,739543
v1,1791230497603775,UNSAT,1160,b097ef0536bef82c:0x38ddc,740703
v1,1791230497604218,SAT,340,b097ef0536bef82c:0x38ddc,741043
v1,1791230497604666,SAT,305,b097ef0536bef82c:0x38ddc,741348
v1,1791230497624581,SAT,11997,b097ef0536bef82c:0x38ddc,753345
v1,1791230497637635,SAT,65,b097ef0536bef82c:0x38ddc,753410
v1,1791230497638229,UNSAT,419,b097ef0536bef82c:0x38ddc,753829
v1,1791230497638307,SAT,44,b097ef0536bef82c:0x38ddc,753873
v1,1791230497639026,UNSAT,548,b097ef0536bef82c:0x38ddc,754421
v1,1791230497639324,SAT,246,b097ef0536bef82c:0x38ddc,754667
v1,1791230497639667,SAT,217,b097ef0536bef82c:0x38ddc,754884
v1,1791230497648714,UNSAT,217,b097ef0536bef82c:0x38e26,755101
v1,1791230497649178,UNSAT,162,b097ef0536bef82c:0x38e26,755263
v1,1791230497672366,SAT,12035,b097ef0536bef82c:0x38e26,767298
v1,1791230497685522,SAT,73,b097ef0536bef82c:0x38e26,767371
v1,1791230497686580,UNSAT,863,b097ef0536bef82c:0x38e26,768234
v1,1791230497686674,SAT,47,b097ef0536bef82c:0x38e26,768281
v1,1791230497687942,UNSAT,1138,b097ef0536bef82c:0x38e26,769419
v1,1791230497688381,SAT,338,b097ef0536bef82c:0x38e26,769757
v1,1791230497688830,SAT,304,b097ef0536bef82c:0x38e26,770061
v1,1791230497709063,SAT,11929,b097ef0536bef82c:0x38e26,781990
v1,1791230497722263,SAT,118,b097ef0536bef82c:0x38e26,782108
v1,1791230497722871,UNSAT,423,b097ef0536bef82c:0x38e26,782531
v1,1791230497722938,SAT,37,b097ef0536bef82c:0x38e26,782568
v1,1791230497723531,UNSAT,481,b097ef0536bef82c:0x38e26,783049
v1,1791230497723789,SAT,211,b097ef0536bef82c:0x38e26,783260
v1,1791230497724111,SAT,203,b097ef0536bef82c:0x38e26,783463
v1,1791230497733201,UNSAT,329,b097ef0536bef82c:0x38e6e,783792
v1,1791230497734140,UNSAT,615,b097ef0536bef82c:0x38e6e,784407
v1,1791230497754039,SAT,11924,b097ef0536bef82c:0x38e6e,796331
v1,1791230497767350,SAT,98,b097ef0536bef82c:0x38e6e,796429
v1,1791230497767816,UNSAT,218,b097ef0536bef82c:0x38e6e,796647
v1,1791230497767887,SAT,37,b097ef0536bef82c:0x38e6e,796684
v1,1791230497768222,UNSAT,184,b097ef0536bef82c:0x38e6e,796868
v1,1791230497768416,SAT,68,b097ef0536bef82c:0x38e6e,796936
v1,1791230497768805,SAT,197,b097ef0536bef82c:0x38e6e,797133
v1,1791230497787791,SAT,11948,b097ef0536bef82c:0x38e6e,809081
v1,1791230497801532,SAT,82,b097ef0536bef82c:0x38e6e,809163
v1,1791230497801996,UNSAT,211,b097ef0536bef82c:0x38e6e,809374
v1,1791230497802062,SAT,34,b097ef0536bef82c:0x38e6e,809408
v1,1791230497802419,UNSAT,197,b097ef0536bef82c:0x38e6e,809605
v1,1791230497802613,SAT,73,b097ef0536bef82c:0x38e6e,809678
v1,1791230497802882,SAT,73,b097ef0536bef82c:0x38e6e,809751
v1,1791230497818033,SAT,11907,b097ef0536bef82c:0x38e6e,821658
v1,1791230497831039,SAT,67,b097ef0536bef82c:0x38e6e,821725
v1,1791230497831500,UNSAT,210,b097ef0536bef82c:0x38e6e,821935
v1,1791230497831568,SAT,32,b097ef0536bef82c:0x38e6e,821967
v1,1791230497831895,UNSAT,174,b097ef0536bef82c:0x38e6e,822141
v1,1791230497832075,SAT,62,b097ef0536bef82c:0x38e6e,822203
v1,1791230497832341,SAT,66,b097ef0536bef82c:0x38e6e,822269
v1,1791230497847825,SAT,11973,b097ef0536bef82c:0x38e6e,834242
v1,1791230497860877,SAT,84,b097ef0536bef82c:0x38e6e,834326
v1,1791230497861375,UNSAT,253,b097ef0536bef82c:0x38e6e,834579
v1,1791230497861459,SAT,30,b097ef0536bef82c:0x38e6e,834609
v1,1791230497861892,UNSAT,222,b097ef0536bef82c:0x38e6e,834831
v1,1791230497862111,SAT,77,b097ef0536bef82c:0x38e6e,834908
v1,1791230497862418,SAT,79,b097ef0536bef82c:0x38e6e,834987
v1,1791230497879977,SAT,13488,b097ef0536bef82c:0x38e6e,848475
v1,1791230497894520,SAT,64,b097ef0536bef82c:0x38e6e,848539
v1,1791230497896582,UNSAT,1831,b097ef0536bef82c:0x38e6e,850370
v1,1791230497896648,SAT,27,b097ef0536bef82c:0x38e6e,850397
v1,1791230497899175,UNSAT,2367,b097ef0536bef82c:0x38e6e,852764
v1,1791230497900926,SAT,1607,b097ef0536bef82c:0x38e6e,854371
v1,1791230497902770,SAT,1612,b097ef0536bef82c:0x38e6e,855983
v1,1791230497920105,SAT,13456,b097ef0536bef82c:0x38e6e,869439
v1,1791230497934924,SAT,79,b097ef0536bef82c:0x38e6e,869518
v1,1791230497937024,UNSAT,1844,b097ef0536bef82c:0x38e6e,871362
v1,1791230497937102,SAT,32,b097ef0536bef82c:0x38e6e,871394
v1,1791230497939701,UNSAT,2374,b097ef0536bef82c:0x38e6e,873768
v1,1791230497941472,SAT,1605,b097ef0536bef82c:0x38e6e,875373
v1,1791230497943350,SAT,1598,b097ef0536bef82c:0x38e6e,876971
v1,1791230498039541,UNSAT,219,b097ef0536bef82c:0x2fcff,877190
v1,1791230498040039,SAT,182,b097ef0536bef82c:0x2fcff,877372
v1,1791230498046311,UNSAT,199,b097ef0536bef82c:0x5a17d,877571
v1,1791230498046712,UNSAT,151,b097ef0536bef82c:0x5a17d,877722
v1,1791230498064573,SAT,260,b097ef0536bef82c:0x5a17d,877982
v1,1791230498064893,SAT,46,b097ef0536bef82c:0x5a17d,878028
v1,1791230498065166,UNSAT,112,b097ef0536bef82c:0x5a17d,878140
v1,1791230498065209,SAT,24,b097ef0536bef82c:0x5a17d,878164
v1,1791230498065401,UNSAT,83,b097ef0536bef82c:0x5a17d,878247
v1,1791230498065512,SAT,81,b097ef0536bef82c:0x5a17d,878328
v1,1791230498065825,SAT,118,b097ef0536bef82c:0x5a17d,878446
v1,1791230498067844,SAT,232,b097ef0536bef82c:0x5a17d,878678
v1,1791230498068163,SAT,48,b097ef0536bef82c:0x5a17d,878726
v1,1791230498068408,UNSAT,89,b097ef0536bef82c:0x5a17d,878815
v1,1791230498068444,SAT,19,b097ef0536bef82c:0x5a17d,878834
v1,1791230498068607,UNSAT,76,b097ef0536bef82c:0x5a17d,878910
v1,1791230498068685,SAT,55,b097ef0536bef82c:0x5a17d,878965
v1,1791230498068822,SAT,58,b097ef0536bef82c:0x5a17d,879023
v1,1791230498070919,SAT,240,b097ef0536bef82c:0x5a17d,879263
v1,1791230498071200,SAT,34,b097ef0536bef82c:0x5a17d,879297
v1,1791230498071425,UNSAT,83,b097ef0536bef82c:0x5a17d,879380
v1,1791230498071462,SAT,20,b097ef0536bef82c:0x5a17d,879400
v1,1791230498071613,UNSAT,68,b097ef0536bef82c:0x5a17d,879468
v1,1791230498071690,SAT,56,b097ef0536bef82c:0x5a17d,879524
v1,1791230498071818,SAT,56,b097ef0536bef82c:0x5a17d,879580
v1,1791230498073900,SAT,224,b097ef0536bef82c:0x5a17d,879804
v1,1791230498074183,SAT,35,b097ef0536bef82c:0x5a17d,879839
v1,1791230498074404,UNSAT,85,b097ef0536bef82c:0x5a17d,879924
v1,1791230498074442,SAT,22,b097ef0536bef82c:0x5a17d,879946
v1,1791230498074597,UNSAT,73,b097ef0536bef82c:0x5a17d,880019
v1,1791230498074676,SAT,58,b097ef0536bef82c:0x5a17d,880077
v1,1791230498074819,SAT,62,b097ef0536bef82c:0x5a17d,880139
v1,1791230498077318,SAT,215,b097ef0536bef82c:0x5a17d,880354
v1,1791230498077622,SAT,55,b097ef0536bef82c:0x5a17d,880409
v1,1791230498078022,UNSAT,147,b097ef0536bef82c:0x5a17d,880556
v1,1791230498078097,SAT,37,b097ef0536bef82c:0x5a17d,880593
v1,1791230498078492,UNSAT,163,b097ef0536bef82c:0x5a17d,880756
v1,1791230498078680,SAT,110,b097ef0536bef82c:0x5a17d,880866
v1,1791230498078990,SAT,110,b097ef0536bef82c:0x5a17d,880976
v1,1791230498082054,SAT,232,b097ef0536bef82c:0x5a17d,881208
v1,1791230498082366,SAT,38,b097ef0536bef82c:0x5a17d,881246
v1,1791230498082605,UNSAT,88,b097ef0536bef82c:0x5a17d,881334
v1,1791230498082655,SAT,33,b097ef0536bef82c:0x5a17d,881367
v1,1791230498082815,UNSAT,71,b097ef0536bef82c:0x5a17d,881438
v1,1791230498082892,SAT,56,b097ef0536bef82c:0x5a17d,881494
v1,1791230498083025,SAT,57,b097ef0536bef82c:0x5a17d,881551
v1,1791230498085869,SAT,224,b097ef0536bef82c:0x5a17d,881775
v1,1791230498086148,SAT,33,b097ef0536bef82c:0x5a17d,881808
v1,1791230498086381,UNSAT,83,b097ef0536bef82c:0x5a17d,881891
v1,1791230498086417,SAT,17,b097ef0536bef82c:0x5a17d,881908
v1,1791230498086577,UNSAT,70,b097ef0536bef82c:0x5a17d,881978
v1,1791230498086653,SAT,55,b097ef0536bef82c:0x5a17d,882033
v1,1791230498086782,SAT,56,b097ef0536bef82c:0x5a17d,882089
v1,1791230498090627,SAT,229,b097ef0536bef82c:0x5a17d,882318
v1,1791230498090912,SAT,35,b097ef0536bef82c:0x5a17d,882353
v1,1791230498091130,UNSAT,82,b097ef0536bef82c:0x5a17d,882435
v1,1791230498091167,SAT,20,b097ef0536bef82c:0x5a17d,882455
v1,1791230498091335,UNSAT,74,b097ef0536bef82c:0x5a17d,882529
v1,1791230498091411,SAT,54,b097ef0536bef82c:0x5a17d,882583
v1,1791230498091544,SAT,56,b097ef0536bef82c:0x5a17d,882639
v1,1791230498283856,SAT,11324,b097ef0536bef82c:0x2fdd5,893963
v1,1791230513711851,SAT,255,b097ef0536bef82c:0x3289a,255
v1,1791230513724631,SAT,212,b097ef0536bef82c:0x32a2e,467
v1,1791230513743672,SAT,697,b097ef0536bef82c:0x32c46,1164
v1,1791230513747166,UNSAT,281,b097ef0536bef82c:0x330c5,1445
v1,1791230513747921,SAT,461,b097ef0536bef82c:0x330c5,1906
v1,1791230513757097,SAT,403,b097ef0536bef82c:0x330c5,2309
v1,1791230513757315,SAT,39,b097ef0536bef82c:0x330c5,2348
v1,1791230513759243,SAT,1772,b097ef0536bef82c:0x330c5,4120
v1,1791230513761238,SAT,1842,b097ef0536bef82c:0x330c5,5962
v1,1791230513763167,SAT,1752,b097ef0536bef82c:0x330c5,7714
v1,1791230513765052,UNSAT,1751,b097ef0536bef82c:0x330c5,9465
v1,1791230513765126,SAT,28,b097ef0536bef82c:0x330c5,9493
v1,1791230513767640,SAT,2397,b097ef0536bef82c:0x330c5,11890
v1,1791230513770132,SAT,2361,b097ef0536bef82c:0x330c5,14251
v1,1791230513772649,SAT,2336,b097ef0536bef82c:0x330c5,16587
v1,1791230513775144,SAT,2361,b097ef0536bef82c:0x330c5,18948
v1,1791230513777623,SAT,2346,b097ef0536bef82c:0x330c5,21294
v1,1791230513780134,SAT,2381,b097ef0536bef82c:0x330c5,23675
v1,1791230513782638,SAT,2373,b097ef0536bef82c:0x330c5,26048
v1,1791230513785115,SAT,2358,b097ef0536bef82c:0x330c5,28406
v1,1791230513787566,SAT,2333,b097ef0536bef82c:0x330c5,30739
v1,1791230513789995,SAT,2305,b097ef0536bef82c:0x330c5,33044
v1,1791230513792449,SAT,2338,b097ef0536bef82c:0x330c5,35382
v1,1791230513794930,SAT,2318,b097ef0536bef82c:0x330c5,37700
v1,1791230513797378,SAT,2331,b097ef0536bef82c:0x330c5,40031
v1,1791230513799878,SAT,2381,b097ef0536bef82c:0x330c5,42412
v1,1791230513802358,SAT,2352,b097ef0536bef82c:0x330c5,44764
v1,1791230513804824,SAT,2332,b097ef0536bef82c:0x330c5,47096
v1,1791230513807317,SAT,2365,b097ef0536bef82c:0x330c5,49461
v1,1791230513809756,SAT,2310,b097ef0536bef82c:0x330c5,51771
v1,1791230513812207,SAT,2326,b097ef0536bef82c:0x330c5,54097
v1,1791230513814646,UNSAT,2306,b097ef0536bef82c:0x330c5,56403
v1,1791230513816426,SAT,1616,b097ef0536bef82c:0x330c5,58019
v1,1791230513818218,SAT,1635,b097ef0536bef82c:0x330c5,59654
v1,1791230513819100,SAT,320,b097ef0536bef82c:0x330c5,59974
v1,1791230513819260,SAT,36,b097ef0536bef82c:0x330c5,60010
v1,1791230513821086,SAT,1722,b097ef0536bef82c:0x330c5,61732
v1,1791230513822852,SAT,1673,b097ef0536bef82c:0x330c5,63405
v1,1791230513824644,SAT,1693,b097ef0536bef82c:0x330c5,65098
v1,1791230513826603,SAT,1802,b097ef0536bef82c:0x330c5,66900
v1,1791230513828451,SAT,1714,b097ef0536bef82c:0x330c5,68614
v1,1791230513830278,SAT,1711,b097ef0536bef82c:0x330c5,70325
v1,1791230513832087,SAT,1695,b097ef0536bef82c:0x330c5,72020
v1,1791230513833917,SAT,1715,b097ef0536bef82c:0x330c5,73735
v1,1791230513835798,SAT,1755,b097ef0536bef82c:0x330c5,75490
v1,1791230513837712,UNSAT,1762,b097ef0536bef82c:0x330c5,77252
v1,1791230513837836,SAT,33,b097ef0536bef82c:0x330c5,77285
v1,1791230513840332,SAT,2362,b097ef0536bef82c:0x330c5,79647
v1,1791230513842879,SAT,2383,b097ef0536bef82c:0x330c5,82030
v1,1791230513845335,SAT,2299,b097ef0536bef82c:0x330c5,84329
v1,1791230513847772,SAT,2312,b097ef0536bef82c:0x330c5,86641
v1,1791230513850277,UNSAT,2355,b097ef0536bef82c:0x330c5,88996
v1,1791230513851961,SAT,1599,b097ef0536bef82c:0x330c5,90595
v1,1791230513853704,SAT,1595,b097ef0536bef82c:0x330c5,92190
v1,1791230513854558,SAT,340,b097ef0536bef82c:0x330c5,92530
v1,1791230513854718,SAT,30,b097ef0536bef82c:0x330c5,92560
v1,1791230513856542,SAT,1728,b097ef0536bef82c:0x330c5,94288
v1,1791230513858311,SAT,1675,b097ef0536bef82c:0x330c5,95963
v1,1791230513860087,SAT,1668,b097ef0536bef82c:0x330c5,97631
v1,1791230513861842,SAT,1663,b097ef0536bef82c:0x330c5,99294
v1,1791230513863637,SAT,1697,b097ef0536bef82c:0x330c5,100991
v1,1791230513865437,SAT,1712,b097ef0536bef82c:0x330c5,102703
v1,1791230513867205,SAT,1674,b097ef0536bef82c:0x330c5,104377
v1,1791230513868984,SAT,1684,b097ef0536bef82c:0x330c5,106061
v1,1791230513870753,SAT,1682,b097ef0536bef82c:0x330c5,107743
v1,1791230513872550,SAT,1707,b097ef0536bef82c:0x330c5,109450
v1,1791230513874320,UNSAT,1672,b097ef0536bef82c:0x330c5,111122
v1,1791230513874433,SAT,31,b097ef0536bef82c:0x330c5,111153
v1,1791230513876800,SAT,2270,b097ef0536bef82c:0x330c5,113423
v1,1791230513879179,UNSAT,2276,b097ef0536bef82c:0x330c5,115699
v1,1791230513880790,SAT,1563,b097ef0536bef82c:0x330c5,117262
v1,1791230513882505,SAT,1591,b097ef0536bef82c:0x330c5,118853
v1,1791230513883142,SAT,162,b097ef0536bef82c:0x330c5,119015
v1,1791230513883279,SAT,40,b097ef0536bef82c:0x330c5,119055
v1,1791230513885070,UNSAT,1692,b097ef0536bef82c:0x330c5,120747
v1,1791230513885122,SAT,28,b097ef0536bef82c:0x330c5,120775
v1,1791230513887504,UNSAT,2292,b097ef0536bef82c:0x330c5,123067
v1,1791230513889128,SAT,1582,b097ef0536bef82c:0x330c5,124649
v1,1791230513890859,SAT,1611,b097ef0536bef82c:0x330c5,126260
v1,1791230513897247,UNSAT,189,b097ef0536bef82c:0x33185,126449
v1,1791230513898055,SAT,556,b097ef0536bef82c:0x33185,127005
v1,1791230513907645,UNSAT,302,b097ef0536bef82c:0x31f3b,127307
v1,1791230513908425,SAT,498,b097ef0536bef82c:0x31f3b,127805
v1,1791230513940152,SAT,2698,b097ef0536bef82c:0x3a278,130503
v1,1791230521133750,SAT,245,b097ef0536bef82c:0x310ba,245
v1,1791230521147214,SAT,219,b097ef0536bef82c:0x3124e,464
v1,1791230521216130,SAT,230,b097ef0536bef82c:0x31466,694
v1,1791230521226354,SAT,214,b097ef0536bef82c:0x315cf,908
v1,1791230521236814,SAT,217,b097ef0536bef82c:0x31737,1125
v1,1791230521247293,SAT,702,b097ef0536bef82c:0x3189f,1827
v1,1791230521253224,UNSAT,229,b097ef0536bef82c:0x318e5,2056
v1,1791230521254018,SAT,473,b097ef0536bef82c:0x318e5,2529
v1,1791230521262845,UNSAT,188,b097ef0536bef82c:0x31965,2717
v1,1791230521264269,SAT,1175,b097ef0536bef82c:0x31965,3892
v1,1791230521274499,UNSAT,331,b097ef0536bef82c:0x319f3,4223
v1,1791230521275357,SAT,517,b097ef0536bef82c:0x319f3,4740
v1,1791230521288704,UNSAT,231,b097ef0536bef82c:0x31f3b,4971
v1,1791230521289592,SAT,545,b097ef0536bef82c:0x31f3b,5516
v1,1791230527036699,UNSAT,15599,b097ef0536bef82c:0x38053,15599
v1,1791230527037676,UNSAT,481,b097ef0536bef82c:0x38053,16080
v1,1791230527054327,SAT,15808,b097ef0536bef82c:0x38053,31888
v1,1791230527069622,SAT,63,b097ef0536bef82c:0x38053,31951
v1,1791230527070006,SAT,175,b097ef0536bef82c:0x38053,32126
v1,1791230527070290,UNSAT,174,b097ef0536bef82c:0x38053,32300
v1,1791230527070377,SAT,44,b097ef0536bef82c:0x38053,32344
v1,1791230527070737,UNSAT,205,b097ef0536bef82c:0x38053,32549
v1,1791230527070867,SAT,80,b097ef0536bef82c:0x38053,32629
v1,1791230527071101,SAT,86,b097ef0536bef82c:0x38053,32715
v1,1791230527107952,SAT,15504,b097ef0536bef82c:0x38053,48219
v1,1791230527123225,SAT,92,b097ef0536bef82c:0x38053,48311
v1,1791230527123600,UNSAT,172,b097ef0536bef82c:0x38053,48483
v1,1791230527123665,SAT,44,b097ef0536bef82c:0x38053,48527
v1,1791230527124021,UNSAT,212,b097ef0536bef82c:0x38053,48739
v1,1791230527124159,SAT,85,b097ef0536bef82c:0x38053,48824
v1,1791230527124393,SAT,99,b097ef0536bef82c:0x38053,48923
v1,1791230527144310,SAT,15282,b097ef0536bef82c:0x38053,64205
v1,1791230527159572,SAT,60,b097ef0536bef82c:0x38053,64265
v1,1791230527159923,UNSAT,170,b097ef0536bef82c:0x38053,64435
v1,1791230527159976,SAT,32,b097ef0536bef82c:0x38053,64467
v1,1791230527160298,UNSAT,216,b097ef0536bef82c:0x38053,64683
v1,1791230527160428,SAT,80,b097ef0536bef82c:0x38053,64763
v1,1791230527160644,SAT,102,b097ef0536bef82c:0x38053,64865
v1,1791230527180746,SAT,15347,b097ef0536bef82c:0x38053,80212
v1,1791230527195982,SAT,86,b097ef0536bef82c:0x38053,80298
v1,1791230527196335,UNSAT,174,b097ef0536bef82c:0x38053,80472
v1,1791230527196485,SAT,127,b097ef0536bef82c:0x38053,80599
v1,1791230527196874,UNSAT,229,b097ef0536bef82c:0x38053,80828
v1,1791230527197022,SAT,94,b097ef0536bef82c:0x38053,80922
v1,1791230527197238,SAT,91,b097ef0536bef82c:0x38053,81013
v1,1791230527217388,SAT,15362,b097ef0536bef82c:0x38053,96375
v1,1791230527232556,SAT,61,b097ef0536bef82c:0x38053,96436
v1,1791230527232901,UNSAT,168,b097ef0536bef82c:0x38053,96604
v1,1791230527232958,SAT,37,b097ef0536bef82c:0x38053,96641
v1,1791230527233277,UNSAT,211,b097ef0536bef82c:0x38053,96852
v1,1791230527233409,SAT,81,b097ef0536bef82c:0x38053,96933
v1,1791230527233615,SAT,84,b097ef0536bef82c:0x38053,97017
v1,1791230527253516,SAT,15360,b097ef0536bef82c:0x38053,112377
v1,1791230527269351,SAT,61,b097ef0536bef82c:0x38053,112438
v1,1791230527269738,UNSAT,184,b097ef0536bef82c:0x38053,112622
v1,1791230527269788,SAT,27,b097ef0536bef82c:0x38053,112649
v1,1791230527270092,UNSAT,202,b097ef0536bef82c:0x38053,112851
v1,1791230527270218,SAT,78,b097ef0536bef82c:0x38053,112929
v1,1791230527270428,SAT,84,b097ef0536bef82c:0x38053,113013
v1,1791230527290560,SAT,15354,b097ef0536bef82c:0x38053,128367
v1,1791230527305754,SAT,86,b097ef0536bef82c:0x38053,128453
v1,1791230527306171,UNSAT,188,b097ef0536bef82c:0x38053,128641
v1,1791230527306228,SAT,36,b097ef0536bef82c:0x38053,128677
v1,1791230527306546,UNSAT,205,b097ef0536bef82c:0x38053,128882
v1,1791230527306680,SAT,81,b097ef0536bef82c:0x38053,128963
v1,1791230527306904,SAT,92,b097ef0536bef82c:0x38053,129055
v1,1791230527324498,SAT,15349,b097ef0536bef82c:0x38053,144404
v1,1791230527339737,SAT,89,b097ef0536bef82c:0x38053,144493
v1,1791230527340084,UNSAT,175,b097ef0536bef82c:0x38053,144668
v1,1791230527340134,SAT,30,b097ef0536bef82c:0x38053,144698
v1,1791230527340442,UNSAT,203,b097ef0536bef82c:0x38053,144901
v1,1791230527340573,SAT,81,b097ef0536bef82c:0x38053,144982
v1,1791230527340783,SAT,91,b097ef0536bef82c:0x38053,145073
v1,1791230527357402,SAT,15329,b097ef0536bef82c:0x38053,160402
v1,1791230527372636,SAT,82,b097ef0536bef82c:0x38053,160484
v1,1791230527373451,UNSAT,592,b097ef0536bef82c:0x38053,161076
v1,1791230527373507,SAT,31,b097ef0536bef82c:0x38053,161107
v1,1791230527374329,SAT,673,b097ef0536bef82c:0x38053,161780
v1,1791230527375113,SAT,653,b097ef0536bef82c:0x38053,162433
v1,1791230527375878,UNSAT,631,b097ef0536bef82c:0x38053,163064
v1,1791230527376450,SAT,429,b097ef0536bef82c:0x38053,163493
v1,1791230527377086,SAT,421,b097ef0536bef82c:0x38053,163914
v1,1791230527393868,SAT,15629,b097ef0536bef82c:0x38053,179543
v1,1791230527409413,SAT,53,b097ef0536bef82c:0x38053,179596
v1,1791230527410216,UNSAT,588,b097ef0536bef82c:0x38053,180184
v1,1791230527410293,SAT,54,b097ef0536bef82c:0x38053,180238
v1,1791230527411154,UNSAT,667,b097ef0536bef82c:0x38053,180905
v1,1791230527411732,SAT,413,b097ef0536bef82c:0x38053,181318
v1,1791230527412372,SAT,419,b097ef0536bef82c:0x38053,181737
v1,1791230527429378,SAT,15713,b097ef0536bef82c:0x38053,197450
v1,1791230527444922,SAT,59,b097ef0536bef82c:0x38053,197509
v1,1791230527445765,UNSAT,609,b097ef0536bef82c:0x38053,198118
v1,1791230527445818,SAT,28,b097ef0536bef82c:0x38053,198146
v1,1791230527446633,UNSAT,642,b097ef0536bef82c:0x38053,198788
v1,1791230527447200,SAT,415,b097ef0536bef82c:0x38053,199203
v1,1791230527447865,SAT,416,b097ef0536bef82c:0x38053,199619
v1,1791230527541333,UNSAT,209,b097ef0536bef82c:0x2fcff,199828
v1,1791230527541822,SAT,233,b097ef0536bef82c:0x2fcff,200061
v1,1791230527547861,UNSAT,188,b097ef0536bef82c:0x5a17d,200249
v1,1791230527548246,UNSAT,129,b097ef0536bef82c:0x5a17d,200378
v1,1791230527565708,SAT,241,b097ef0536bef82c:0x5a17d,200619
v1,1791230527566027,SAT,38,b097ef0536bef82c:0x5a17d,200657
v1,1791230527566283,UNSAT,94,b097ef0536bef82c:0x5a17d,200751
v1,1791230527566386,SAT,84,b097ef0536bef82c:0x5a17d,200835
v1,1791230527566615,UNSAT,89,b097ef0536bef82c:0x5a17d,200924
v1,1791230527566702,SAT,59,b097ef0536bef82c:0x5a17d,200983
v1,1791230527566870,SAT,76,b097ef0536bef82c:0x5a17d,201059
v1,1791230527568717,SAT,215,b097ef0536bef82c:0x5a17d,201274
v1,1791230527569031,SAT,73,b097ef0536bef82c:0x5a17d,201347
v1,1791230527569264,UNSAT,97,b097ef0536bef82c:0x5a17d,201444
v1,1791230527569306,SAT,24,b097ef0536bef82c:0x5a17d,201468
v1,1791230527569462,UNSAT,74,b097ef0536bef82c:0x5a17d,201542
v1,1791230527569541,SAT,56,b097ef0536bef82c:0x5a17d,201598
v1,1791230527569698,SAT,72,b097ef0536bef82c:0x5a17d,201670
v1,1791230527571771,SAT,218,b097ef0536bef82c:0x5a17d,201888
v1,1791230527572085,SAT,50,b097ef0536bef82c:0x5a17d,201938
v1,1791230527572339,UNSAT,100,b097ef0536bef82c:0x5a17d,202038
v1,1791230527572385,SAT,26,b097ef0536bef82c:0x5a17d,202064
v1,1791230527572593,UNSAT,104,b097ef0536bef82c:0x5a17d,202168
v1,1791230527572798,SAT,124,b097ef0536bef82c:0x5a17d,202292
v1,1791230527573113,SAT,109,b097ef0536bef82c:0x5a17d,202401
v1,1791230527575399,SAT,269,b097ef0536bef82c:0x5a17d,202670
v1,1791230527575769,SAT,43,b097ef0536bef82c:0x5a17d,202713
v1,1791230527576008,UNSAT,100,b097ef0536bef82c:0x5a17d,202813
v1,1791230527576058,SAT,30,b097ef0536bef82c:0x5a17d,202843
v1,1791230527576236,UNSAT,89,b097ef0536bef82c:0x5a17d,202932
v1,1791230527576330,SAT,65,b097ef0536bef82c:0x5a17d,202997
v1,1791230527576507,SAT,96,b097ef0536bef82c:0x5a17d,203093
v1,1791230527579384,SAT,361,b097ef0536bef82c:0x5a17d,203454
v1,1791230527579707,SAT,47,b097ef0536bef82c:0x5a17d,203501
v1,1791230527579944,UNSAT,93,b097ef0536bef82c:0x5a17d,203594
v1,1791230527579993,SAT,32,b097ef0536bef82c:0x5a17d,203626
v1,1791230527580164,UNSAT,76,b097ef0536bef82c:0x5a17d,203702
v1,1791230527580306,SAT,119,b097ef0536bef82c:0x5a17d,203821
v1,1791230527580522,SAT,79,b097ef0536bef82c:0x5a17d,203900
v1,1791230527583496,SAT,254,b097ef0536bef82c:0x5a17d,204154
v1,1791230527583786,SAT,40,b097ef0536bef82c:0x5a17d,204194
v1,1791230527584031,UNSAT,90,b097ef0536bef82c:0x5a17d,204284
v1,1791230527584075,SAT,26,b097ef0536bef82c:0x5a17d,204310
v1,1791230527584241,UNSAT,71,b097ef0536bef82c:0x5a17d,204381
v1,1791230527584339,SAT,69,b097ef0536bef82c:0x5a17d,204450
v1,1791230527584485,SAT,61,b097ef0536bef82c:0x5a17d,204511
v1,1791230527587298,SAT,227,b097ef0536bef82c:0x5a17d,204738
v1,1791230527587580,SAT,34,b097ef0536bef82c:0x5a17d,204772
v1,1791230527587803,UNSAT,83,b097ef0536bef82c:0x5a17d,204855
v1,1791230527587842,SAT,21,b097ef0536bef82c:0x5a17d,204876
v1,1791230527588009,UNSAT,81,b097ef0536bef82c:0x5a17d,204957
v1,1791230527588090,SAT,56,b097ef0536bef82c:0x5a17d,205013
v1,1791230527588232,SAT,56,b097ef0536bef82c:0x5a17d,205069
v1,1791230527592082,SAT,225,b097ef0536bef82c:0x5a17d,205294
v1,1791230527592423,SAT,35,b097ef0536bef82c:0x5a17d,205329
v1,1791230527592640,UNSAT,81,b097ef0536bef82c:0x5a17d,205410
v1,1791230527592686,SAT,31,b097ef0536bef82c:0x5a17d,205441
v1,1791230527592843,UNSAT,70,b097ef0536bef82c:0x5a17d,205511
v1,1791230527592920,SAT,56,b097ef0536bef82c:0x5a17d,205567
v1,1791230527593050,SAT,55,b097ef0536bef82c:0x5a17d,205622
v1,1791230527778081,SAT,13480,b097ef0536bef82c:0x2fdd5,219102
v1,1791230534079211,UNSAT,5021,b097ef0536bef82c:0x36d48,5021
v1,1791230534080398,SAT,689,b097ef0536bef82c:0x36d48,5710
v1,1791230534085607,UNSAT,3383,b097ef0536bef82c:0x36d4e,9093
v1,1791230534086370,SAT,471,b097ef0536bef82c:0x36d4e,9564
v1,1791230534091954,UNSAT,208,b097ef0536bef82c:0x36fdb,9772
v1,1791230534092727,SAT,511,b097ef0536bef82c:0x36fdb,10283
v1,1791230534105009,UNSAT,270,b097ef0536bef82c:0x30b0f,10553
v1,1791230534105751,SAT,456,b097ef0536bef82c:0x30b0f,11009
v1,1791230534119851,SAT,198,b097ef0536bef82c:0x30cbd,11207
v1,1791230534136778,SAT,199,b097ef0536bef82c:0x31466,11406
v1,1791230534146908,SAT,190,b097ef0536bef82c:0x315cf,11596
v1,1791230534156512,SAT,195,b097ef0536bef82c:0x31737,11791
v1,1791230534166125,SAT,193,b097ef0536bef82c:0x3189f,11984
v1,1791230534173500,UNSAT,277,b097ef0536bef82c:0x318e5,12261
v1,1791230534174251,SAT,484,b097ef0536bef82c:0x318e5,12745
v1,1791230534180800,SAT,352,b097ef0536bef82c:0x318e5,13097
v1,1791230534180993,SAT,42,b097ef0536bef82c:0x318e5,13139
v1,1791230534182869,SAT,1730,b097ef0536bef82c:0x318e5,14869
v1,1791230534184691,SAT,1704,b097ef0536bef82c:0x318e5,16573
v1,1791230534186498,SAT,1690,b097ef0536bef82c:0x318e5,18263
v1,1791230534188293,SAT,1684,b097ef0536bef82c:0x318e5,19947
v1,1791230534190088,SAT,1695,b097ef0536bef82c:0x318e5,21642
v1,1791230534191867,UNSAT,1682,b097ef0536bef82c:0x318e5,23324
v1,1791230534191986,SAT,73,b097ef0536bef82c:0x318e5,23397
v1,1791230534194416,SAT,2326,b097ef0536bef82c:0x318e5,25723
v1,1791230534196857,SAT,2327,b097ef0536bef82c:0x318e5,28050
v1,1791230534199284,UNSAT,2315,b097ef0536bef82c:0x318e5,30365
v1,1791230534200939,SAT,1591,b097ef0536bef82c:0x318e5,31956
v1,1791230534202695,SAT,1624,b097ef0536bef82c:0x318e5,33580
v1,1791230534212374,SAT,435,b097ef0536bef82c:0x318e5,34015
v1,1791230534212562,SAT,35,b097ef0536bef82c:0x318e5,34050
v1,1791230534214469,SAT,1758,b097ef0536bef82c:0x318e5,35808
v1,1791230534216282,SAT,1690,b097ef0536bef82c:0x318e5,37498
v1,1791230534218060,SAT,1668,b097ef0536bef82c:0x318e5,39166
v1,1791230534219840,SAT,1676,b097ef0536bef82c:0x318e5,40842
v1,1791230534221636,SAT,1691,b097ef0536bef82c:0x318e5,42533
v1,1791230534223432,SAT,1686,b097ef0536bef82c:0x318e5,44219
v1,1791230534225288,SAT,1746,b097ef0536bef82c:0x318e5,45965
v1,1791230534227101,SAT,1707,b097ef0536bef82c:0x318e5,47672
v1,1791230534228927,SAT,1719,b097ef0536bef82c:0x318e5,49391
v1,1791230534230768,SAT,1721,b097ef0536bef82c:0x318e5,51112
v1,1791230534232601,SAT,1727,b097ef0536bef82c:0x318e5,52839
v1,1791230534234511,SAT,1750,b097ef0536bef82c:0x318e5,54589
v1,1791230534236373,UNSAT,1731,b097ef0536bef82c:0x318e5,56320
v1,1791230534236489,SAT,27,b097ef0536bef82c:0x318e5,56347
v1,1791230534238948,SAT,2349,b097ef0536bef82c:0x318e5,58696
v1,1791230534241393,SAT,2315,b097ef0536bef82c:0x318e5,61011
v1,1791230534243827,SAT,2301,b097ef0536bef82c:0x318e5,63312
v1,1791230534246349,SAT,2404,b097ef0536bef82c:0x318e5,65716
v1,1791230534248812,UNSAT,2309,b097ef0536bef82c:0x318e5,68025
v1,1791230534250514,SAT,1634,b097ef0536bef82c:0x318e5,69659
v1,1791230534252255,SAT,1581,b097ef0536bef82c:0x318e5,71240
v1,1791230534254270,SAT,400,b097ef0536bef82c:0x318e5,71640
v1,1791230534254487,SAT,75,b097ef0536bef82c:0x318e5,71715
v1,1791230534256328,SAT,1710,b097ef0536bef82c:0x318e5,73425
v1,1791230534258104,SAT,1666,b097ef0536bef82c:0x318e5,75091
v1,1791230534260084,SAT,1868,b097ef0536bef82c:0x318e5,76959
v1,1791230534261998,UNSAT,1733,b097ef0536bef82c:0x318e5,78692
v1,1791230534262063,SAT,24,b097ef0536bef82c:0x318e5,78716
v1,1791230534264492,SAT,2322,b097ef0536bef82c:0x318e5,81038
v1,1791230534266930,SAT,2314,b097ef0536bef82c:0x318e5,83352
v1,1791230534269310,SAT,2268,b097ef0536bef82c:0x318e5,85620
v1,1791230534271774,SAT,2352,b097ef0536bef82c:0x318e5,87972
v1,1791230534274221,SAT,2323,b097ef0536bef82c:0x318e5,90295
v1,1791230534276634,SAT,2297,b097ef0536bef82c:0x318e5,92592
v1,1791230534279048,SAT,2296,b097ef0536bef82c:0x318e5,94888
v1,1791230534281491,SAT,2324,b097ef0536bef82c:0x318e5,97212
v1,1791230534283909,SAT,2289,b097ef0536bef82c:0x318e5,99501
v1,1791230534286354,SAT,2320,b097ef0536bef82c:0x318e5,101821
v1,1791230534288818,SAT,2325,b097ef0536bef82c:0x318e5,104146
v1,1791230534291222,SAT,2286,b097ef0536bef82c:0x318e5,106432
v1,1791230534293674,SAT,2319,b097ef0536bef82c:0x318e5,108751
v1,1791230534296172,SAT,2379,b097ef0536bef82c:0x318e5,111130
v1,1791230534298743,SAT,2379,b097ef0536bef82c:0x318e5,113509
v1,1791230534301202,UNSAT,2307,b097ef0536bef82c:0x318e5,115816
v1,1791230534302947,SAT,1612,b097ef0536bef82c:0x318e5,117428
v1,1791230534304704,SAT,1603,b097ef0536bef82c:0x318e5,119031
v1,1791230534305664,SAT,382,b097ef0536bef82c:0x318e5,119413
v1,1791230534305829,SAT,33,b097ef0536bef82c:0x318e5,119446
v1,1791230534307638,SAT,1703,b097ef0536bef82c:0x318e5,121149
v1,1791230534309427,SAT,1683,b097ef0536bef82c:0x318e5,122832
v1,1791230534311209,SAT,1677,b097ef0536bef82c:0x318e5,124509
v1,1791230534313007,SAT,1686,b097ef0536bef82c:0x318e5,126195
v1,1791230534314783,SAT,1674,b097ef0536bef82c:0x318e5,127869
v1,1791230534316584,SAT,1693,b097ef0536bef82c:0x318e5,129562
v1,1791230534318428,UNSAT,1735,b097ef0536bef82c:0x318e5,131297
v1,1791230534318520,SAT,37,b097ef0536bef82c:0x318e5,131334
v1,1791230534321750,SAT,3130,b097ef0536bef82c:0x318e5,134464
v1,1791230534324339,SAT,2407,b097ef0536bef82c:0x318e5,136871
v1,1791230534326883,SAT,2377,b097ef0536bef82c:0x318e5,139248
v1,1791230534329350,SAT,2309,b097ef0536bef82c:0x318e5,141557
v1,1791230534331781,SAT,2297,b097ef0536bef82c:0x318e5,143854
v1,1791230534334239,SAT,2333,b097ef0536bef82c:0x318e5,146187
v1,1791230534336667,SAT,2283,b097ef0536bef82c:0x318e5,148470
v1,1791230534339099,SAT,2306,b097ef0536bef82c:0x318e5,150776
v1,1791230534341538,SAT,2315,b097ef0536bef82c:0x318e5,153091
v1,1791230534343969,SAT,2303,b097ef0536bef82c:0x318e5,155394
v1,1791230534346414,SAT,2317,b097ef0536bef82c:0x318e5,157711
v1,1791230534348836,SAT,2311,b097ef0536bef82c:0x318e5,160022
v1,1791230534351241,UNSAT,2289,b097ef0536bef82c:0x318e5,162311
v1,1791230534352957,SAT,1590,b097ef0536bef82c:0x318e5,163901
v1,1791230534354704,SAT,1595,b097ef0536bef82c:0x318e5,165496
v1,1791230534355658,SAT,384,b097ef0536bef82c:0x318e5,165880
v1,1791230534355822,SAT,34,b097ef0536bef82c:0x318e5,165914
v1,1791230534357640,SAT,1711,b097ef0536bef82c:0x318e5,167625
v1,1791230534359439,SAT,1682,b097ef0536bef82c:0x318e5,169307
v1,1791230534361234,UNSAT,1688,b097ef0536bef82c:0x318e5,170995
v1,1791230534361328,SAT,44,b097ef0536bef82c:0x318e5,171039
v1,1791230534364440,SAT,2854,b097ef0536bef82c:0x318e5,173893
v1,1791230534367029,SAT,2405,b097ef0536bef82c:0x318e5,176298
v1,1791230534369528,SAT,2353,b097ef0536bef82c:0x318e5,178651
v1,1791230534372206,SAT,2480,b097ef0536bef82c:0x318e5,181131
v1,1791230534374934,SAT,2551,b097ef0536bef82c:0x318e5,183682
v1,1791230534377671,SAT,2584,b097ef0536bef82c:0x318e5,186266
v1,1791230534380386,SAT,2578,b097ef0536bef82c:0x318e5,188844
v1,1791230534382940,SAT,2402,b097ef0536bef82c:0x318e5,191246
v1,1791230534385420,SAT,2335,b097ef0536bef82c:0x318e5,193581
v1,1791230534387924,SAT,2345,b097ef0536bef82c:0x318e5,195926
v1,1791230534390373,SAT,2310,b097ef0536bef82c:0x318e5,198236
v1,1791230534392841,SAT,2328,b097ef0536bef82c:0x318e5,200564
v1,1791230534395312,SAT,2345,b097ef0536bef82c:0x318e5,202909
v1,1791230534397832,SAT,2377,b097ef0536bef82c:0x318e5,205286
v1,1791230534400365,SAT,2381,b097ef0536bef82c:0x318e5,207667
v1,1791230534402905,SAT,2367,b097ef0536bef82c:0x318e5,210034
v1,1791230534405434,SAT,2386,b097ef0536bef82c:0x318e5,212420
v1,1791230534407957,SAT,2373,b097ef0536bef82c:0x318e5,214793
v1,1791230534410440,SAT,2344,b097ef0536bef82c:0x318e5,217137
v1,1791230534412889,UNSAT,2311,b097ef0536bef82c:0x318e5,219448
v1,1791230534414670,SAT,1621,b097ef0536bef82c:0x318e5,221069
v1,1791230534416418,SAT,1600,b097ef0536bef82c:0x318e5,222669
v1,1791230534422930,UNSAT,196,b097ef0536bef82c:0x31965,222865
v1,1791230534423340,SAT,169,b097ef0536bef82c:0x31965,223034
v1,1791230541093942,UNSAT,11197,b097ef0536bef82c:0x2e894,11197
v1,1791230541094722,UNSAT,306,b097ef0536bef82c:0x2e894,11503
v1,1791230541100737,UNSAT,177,b097ef0536bef82c:0x2e8da,11680
v1,1791230541101140,UNSAT,132,b097ef0536bef82c:0x2e8da,11812
v1,1791230541130105,UNSAT,207,b097ef0536bef82c:0x2fcff,12019
v1,1791230541130538,SAT,158,b097ef0536bef82c:0x2fcff,12177
v1,1791230541136822,SAT,235,b097ef0536bef82c:0x5a17d,12412
v1,1791230541138871,UNSAT,197,b097ef0536bef82c:0x5a17d,12609
v1,1791230541140130,UNSAT,175,b097ef0536bef82c:0x5a17d,12784
v1,1791230541161341,SAT,10617,b097ef0536bef82c:0x2fdd5,23401
v1,1791230547418288,SAT,718,b097ef0536bef82c:0x32706,718
v1,1791230547421364,UNSAT,232,b097ef0536bef82c:0x330c5,950
v1,1791230547422107,SAT,473,b097ef0536bef82c:0x330c5,1423
v1,1791230547427616,UNSAT,181,b097ef0536bef82c:0x33185,1604
v1,1791230547428355,SAT,504,b097ef0536bef82c:0x33185,2108
v1,1791230547437782,UNSAT,244,b097ef0536bef82c:0x31f3b,2352
v1,1791230547438701,SAT,586,b097ef0536bef82c:0x31f3b,2938
v1,1791230547477743,SAT,521,b097ef0536bef82c:0x2e610,3459
v1,1791230547486284,SAT,864,b097ef0536bef82c:0x2e653,4323
v1,1791230547492522,SAT,509,b097ef0536bef82c:0x2e697,4832
v1,1791230547540971,SAT,381,b097ef0536bef82c:0x3747d,5213
v1,1791230547565513,SAT,398,b097ef0536bef82c:0x2fdd5,5611
v1,1791230558054171,SAT,710,b097ef0536bef82c:0x30f26,710
v1,1791230558058337,UNSAT,406,b097ef0536bef82c:0x318e5,1116
v1,1791230558059126,SAT,490,b097ef0536bef82c:0x318e5,1606
v1,1791230558065774,SAT,380,b097ef0536bef82c:0x318e5,1986
v1,1791230558065958,SAT,37,b097ef0536bef82c:0x318e5,2023
v1,1791230558067789,SAT,1692,b097ef0536bef82c:0x318e5,3715
v1,1791230558069655,SAT,1730,b097ef0536bef82c:0x318e5,5445
v1,1791230558071830,SAT,1940,b097ef0536bef82c:0x318e5,7385
v1,1791230558073709,UNSAT,1739,b097ef0536bef82c:0x318e5,9124
v1,1791230558073782,SAT,31,b097ef0536bef82c:0x318e5,9155
v1,1791230558076284,SAT,2391,b097ef0536bef82c:0x318e5,11546
v1,1791230558078748,SAT,2326,b097ef0536bef82c:0x318e5,13872
v1,1791230558081177,SAT,2305,b097ef0536bef82c:0x318e5,16177
v1,1791230558083601,SAT,2287,b097ef0536bef82c:0x318e5,18464
v1,1791230558086019,SAT,2306,b097ef0536bef82c:0x318e5,20770
v1,1791230558088506,SAT,2334,b097ef0536bef82c:0x318e5,23104
v1,1791230558090922,SAT,2293,b097ef0536bef82c:0x318e5,25397
v1,1791230558093336,SAT,2297,b097ef0536bef82c:0x318e5,27694
v1,1791230558095791,SAT,2347,b097ef0536bef82c:0x318e5,30041
v1,1791230558098223,SAT,2319,b097ef0536bef82c:0x318e5,32360
v1,1791230558100663,SAT,2319,b097ef0536bef82c:0x318e5,34679
v1,1791230558103108,SAT,2318,b097ef0536bef82c:0x318e5,36997
v1,1791230558105630,SAT,2358,b097ef0536bef82c:0x318e5,39355
v1,1791230558108101,SAT,2338,b097ef0536bef82c:0x318e5,41693
v1,1791230558110514,SAT,2290,b097ef0536bef82c:0x318e5,43983
v1,1791230558112925,SAT,2293,b097ef0536bef82c:0x318e5,46276
v1,1791230558115329,SAT,2282,b097ef0536bef82c:0x318e5,48558
v1,1791230558117770,SAT,2324,b097ef0536bef82c:0x318e5,50882
v1,1791230558120169,SAT,2282,b097ef0536bef82c:0x318e5,53164
v1,1791230558122585,SAT,2288,b097ef0536bef82c:0x318e5,55452
v1,1791230558125012,SAT,2311,b097ef0536bef82c:0x318e5,57763
v1,1791230558127442,SAT,2315,b097ef0536bef82c:0x318e5,60078
v1,1791230558129955,SAT,2357,b097ef0536bef82c:0x318e5,62435
v1,1791230558132427,SAT,2333,b097ef0536bef82c:0x318e5,64768
v1,1791230558134885,SAT,2328,b097ef0536bef82c:0x318e5,67096
v1,1791230558137400,SAT,2372,b097ef0536bef82c:0x318e5,69468
v1,1791230558139836,SAT,2297,b097ef0536bef82c:0x318e5,71765
v1,1791230558142239,SAT,2285,b097ef0536bef82c:0x318e5,74050
v1,1791230558144675,SAT,2302,b097ef0536bef82c:0x318e5,76352
v1,1791230558147110,UNSAT,2309,b097ef0536bef82c:0x318e5,78661
v1,1791230558148913,SAT,1592,b097ef0536bef82c:0x318e5,80253
v1,1791230558150636,SAT,1571,b097ef0536bef82c:0x318e5,81824
v1,1791230558151393,SAT,184,b097ef0536bef82c:0x318e5,82008
v1,1791230558151653,SAT,155,b097ef0536bef82c:0x318e5,82163
v1,1791230558153555,UNSAT,1732,b097ef0536bef82c:0x318e5,83895
v1,1791230558153625,SAT,42,b097ef0536bef82c:0x318e5,83937
v1,1791230558156028,UNSAT,2280,b097ef0536bef82c:0x318e5,86217
v1,1791230558157653,SAT,1579,b097ef0536bef82c:0x318e5,87796
v1,1791230558159365,SAT,1591,b097ef0536bef82c:0x318e5,89387
v1,1791230558165799,UNSAT,198,b097ef0536bef82c:0x31965,89585
v1,1791230558166718,SAT,618,b097ef0536bef82c:0x31965,90203
v1,1791230558177894,UNSAT,278,b097ef0536bef82c:0x319f3,90481
v1,1791230558178771,SAT,554,b097ef0536bef82c:0x319f3,91035
v1,1791230558194440,SAT,557,b097ef0536bef82c:0x3249d,91592
v1,1791230558198511,UNSAT,305,b097ef0536bef82c:0x330c5,91897
v1,1791230558199302,SAT,484,b097ef0536bef82c:0x330c5,92381
v1,1791230558210277,SAT,215,b097ef0536bef82c:0x330c5,92596
v1,1791230558210462,SAT,52,b097ef0536bef82c:0x330c5,92648
v1,1791230558212331,UNSAT,1694,b097ef0536bef82c:0x330c5,94342
v1,1791230558212388,SAT,29,b097ef0536bef82c:0x330c5,94371
v1,1791230558214807,UNSAT,2310,b097ef0536bef82c:0x330c5,96681
v1,1791230558216529,SAT,1676,b097ef0536bef82c:0x330c5,98357
v1,1791230558218229,SAT,1553,b097ef0536bef82c:0x330c5,99910
v1,1791230558224729,UNSAT,185,b097ef0536bef82c:0x33185,100095
v1,1791230558225451,SAT,476,b097ef0536bef82c:0x33185,100571
v1,1791230558235394,UNSAT,278,b097ef0536bef82c:0x31f3b,100849
v1,1791230558236123,SAT,463,b097ef0536bef82c:0x31f3b,101312
v1,1791230558267203,SAT,1821,b097ef0536bef82c:0x3a278,103133
v1,1791230563587822,SAT,243,b097ef0536bef82c:0x30f26,243
v1,1791230563602126,SAT,211,b097ef0536bef82c:0x310ba,454
v1,1791230563615201,SAT,297,b097ef0536bef82c:0x3124e,751
v1,1791230563634139,SAT,204,b097ef0536bef82c:0x31466,955
v1,1791230563644702,SAT,295,b097ef0536bef82c:0x315cf,1250
v1,1791230563655489,SAT,661,b097ef0536bef82c:0x31737,1911
v1,1791230563659323,UNSAT,317,b097ef0536bef82c:0x318e5,2228
v1,1791230563660131,SAT,473,b097ef0536bef82c:0x318e5,2701
v1,1791230563666799,SAT,404,b097ef0536bef82c:0x318e5,3105
v1,1791230563667019,SAT,43,b097ef0536bef82c:0x318e5,3148
v1,1791230563668897,SAT,1731,b097ef0536bef82c:0x318e5,4879
v1,1791230563670723,SAT,1707,b097ef0536bef82c:0x318e5,6586
v1,1791230563672538,SAT,1695,b097ef0536bef82c:0x318e5,8281
v1,1791230563674386,SAT,1716,b097ef0536bef82c:0x318e5,9997
v1,1791230563676204,UNSAT,1690,b097ef0536bef82c:0x318e5,11687
v1,1791230563676339,SAT,86,b097ef0536bef82c:0x318e5,11773
v1,1791230563678794,SAT,2337,b097ef0536bef82c:0x318e5,14110
v1,1791230563681194,SAT,2273,b097ef0536bef82c:0x318e5,16383
v1,1791230563683593,SAT,2280,b097ef0536bef82c:0x318e5,18663
v1,1791230563686169,SAT,2463,b097ef0536bef82c:0x318e5,21126
v1,1791230563688758,SAT,2390,b097ef0536bef82c:0x318e5,23516
v1,1791230563691243,UNSAT,2343,b097ef0536bef82c:0x318e5,25859
v1,1791230563692948,SAT,1612,b097ef0536bef82c:0x318e5,27471
v1,1791230563694732,SAT,1627,b097ef0536bef82c:0x318e5,29098
v1,1791230563711332,SAT,376,b097ef0536bef82c:0x318e5,29474
v1,1791230563711524,SAT,39,b097ef0536bef82c:0x318e5,29513
v1,1791230563713403,SAT,1726,b097ef0536bef82c:0x318e5,31239
v1,1791230563715255,SAT,1721,b097ef0536bef82c:0x318e5,32960
v1,1791230563717109,UNSAT,1689,b097ef0536bef82c:0x318e5,34649
v1,1791230563717187,SAT,41,b097ef0536bef82c:0x318e5,34690
v1,1791230563719619,SAT,2316,b097ef0536bef82c:0x318e5,37006
v1,1791230563722055,SAT,2312,b097ef0536bef82c:0x318e5,39318
v1,1791230563724486,SAT,2295,b097ef0536bef82c:0x318e5,41613
v1,1791230563726929,SAT,2305,b097ef0536bef82c:0x318e5,43918
v1,1791230563729355,SAT,2299,b097ef0536bef82c:0x318e5,46217
v1,1791230563731820,SAT,2342,b097ef0536bef82c:0x318e5,48559
v1,1791230563734252,SAT,2299,b097ef0536bef82c:0x318e5,50858
v1,1791230563736679,SAT,2310,b097ef0536bef82c:0x318e5,53168
v1,1791230563739097,SAT,2298,b097ef0536bef82c:0x318e5,55466
v1,1791230563741502,SAT,2290,b097ef0536bef82c:0x318e5,57756
v1,1791230563743950,SAT,2326,b097ef0536bef82c:0x318e5,60082
v1,1791230563746376,SAT,2308,b097ef0536bef82c:0x318e5,62390
v1,1791230563748811,UNSAT,2311,b097ef0536bef82c:0x318e5,64701
v1,1791230563750535,SAT,1611,b097ef0536bef82c:0x318e5,66312
v1,1791230563752294,SAT,1613,b097ef0536bef82c:0x318e5,67925
v1,1791230563757958,SAT,355,b097ef0536bef82c:0x318e5,68280
v1,1791230563758133,SAT,32,b097ef0536bef82c:0x318e5,68312
v1,1791230563760014,SAT,1723,b097ef0536bef82c:0x318e5,70035
v1,1791230563761844,SAT,1697,b097ef0536bef82c:0x318e5,71732
v1,1791230563763629,SAT,1662,b097ef0536bef82c:0x318e5,73394
v1,1791230563765407,SAT,1657,b097ef0536bef82c:0x318e5,75051
v1,1791230563767212,SAT,1697,b097ef0536bef82c:0x318e5,76748
v1,1791230563769021,SAT,1700,b097ef0536bef82c:0x318e5,78448
v1,1791230563771011,SAT,1796,b097ef0536bef82c:0x318e5,80244
v1,1791230563772884,UNSAT,1724,b097ef0536bef82c:0x318e5,81968
v1,1791230563773041,SAT,39,b097ef0536bef82c:0x318e5,82007
v1,1791230563775569,SAT,2386,b097ef0536bef82c:0x318e5,84393
v1,1791230563778085,SAT,2365,b097ef0536bef82c:0x318e5,86758
v1,1791230563780557,UNSAT,2331,b097ef0536bef82c:0x318e5,89089
v1,1791230563782212,SAT,1595,b097ef0536bef82c:0x318e5,90684
v1,1791230563784031,SAT,1651,b097ef0536bef82c:0x318e5,92335
v1,1791230563789718,SAT,389,b097ef0536bef82c:0x318e5,92724
v1,1791230563789896,SAT,36,b097ef0536bef82c:0x318e5,92760
v1,1791230563791753,SAT,1717,b097ef0536bef82c:0x318e5,94477
v1,1791230563793570,SAT,1688,b097ef0536bef82c:0x318e5,96165
v1,1791230563795348,SAT,1672,b097ef0536bef82c:0x318e5,97837
v1,1791230563797176,SAT,1726,b097ef0536bef82c:0x318e5,99563
v1,1791230563798970,SAT,1681,b097ef0536bef82c:0x318e5,101244
v1,1791230563800748,SAT,1681,b097ef0536bef82c:0x318e5,102925
v1,1791230563802561,UNSAT,1714,b097ef0536bef82c:0x318e5,104639
v1,1791230563802652,SAT,38,b097ef0536bef82c:0x318e5,104677
v1,1791230563805036,SAT,2282,b097ef0536bef82c:0x318e5,106959
v1,1791230563807453,SAT,2307,b097ef0536bef82c:0x318e5,109266
v1,1791230563809914,SAT,2308,b097ef0536bef82c:0x318e5,111574
v1,1791230563812325,UNSAT,2286,b097ef0536bef82c:0x318e5,113860
v1,1791230563814019,SAT,1626,b097ef0536bef82c:0x318e5,115486
v1,1791230563815760,SAT,1598,b097ef0536bef82c:0x318e5,117084
v1,1791230563817628,SAT,327,b097ef0536bef82c:0x318e5,117411
v1,1791230563817795,SAT,36,b097ef0536bef82c:0x318e5,117447
v1,1791230563819649,SAT,1736,b097ef0536bef82c:0x318e5,119183
v1,1791230563821446,SAT,1687,b097ef0536bef82c:0x318e5,120870
v1,1791230563823867,SAT,2309,b097ef0536bef82c:0x318e5,123179
v1,1791230563825759,SAT,1737,b097ef0536bef82c:0x318e5,124916
v1,1791230563827581,SAT,1703,b097ef0536bef82c:0x318e5,126619
v1,1791230563829418,SAT,1722,b097ef0536bef82c:0x318e5,128341
v1,1791230563831239,SAT,1712,b097ef0536bef82c:0x318e5,130053
v1,1791230563833039,UNSAT,1690,b097ef0536bef82c:0x318e5,131743
v1,1791230563833125,SAT,31,b097ef0536bef82c:0x318e5,131774
v1,1791230563835573,SAT,2335,b097ef0536bef82c:0x318e5,134109
v1,1791230563838005,SAT,2314,b097ef0536bef82c:0x318e5,136423
v1,1791230563840448,SAT,2325,b097ef0536bef82c:0x318e5,138748
v1,1791230563842895,UNSAT,2335,b097ef0536bef82c:0x318e5,141083
v1,1791230563844576,SAT,1620,b097ef0536bef82c:0x318e5,142703
v1,1791230563846354,SAT,1638,b097ef0536bef82c:0x318e5,144341
v1,1791230563847165,SAT,311,b097ef0536bef82c:0x318e5,144652
v1,1791230563847330,SAT,31,b097ef0536bef82c:0x318e5,144683
v1,1791230563849151,SAT,1710,b097ef0536bef82c:0x318e5,146393
v1,1791230563850976,SAT,1701,b097ef0536bef82c:0x318e5,148094
v1,1791230563852797,SAT,1702,b097ef0536bef82c:0x318e5,149796
v1,1791230563854549,SAT,1648,b097ef0536bef82c:0x318e5,151444
v1,1791230563856357,SAT,1669,b097ef0536bef82c:0x318e5,153113
v1,1791230563858119,SAT,1654,b097ef0536bef82c:0x318e5,154767
v1,1791230563859917,SAT,1690,b097ef0536bef82c:0x318e5,156457
v1,1791230563861748,SAT,1709,b097ef0536bef82c:0x318e5,158166
v1,1791230563863552,UNSAT,1689,b097ef0536bef82c:0x318e5,159855
v1,1791230563863651,SAT,32,b097ef0536bef82c:0x318e5,159887
v1,1791230563866063,SAT,2306,b097ef0536bef82c:0x318e5,162193
v1,1791230563868447,SAT,2267,b097ef0536bef82c:0x318e5,164460
v1,1791230563870841,UNSAT,2275,b097ef0536bef82c:0x318e5,166735
v1,1791230563872471,SAT,1573,b097ef0536bef82c:0x318e5,168308
v1,1791230563874197,SAT,1594,b097ef0536bef82c:0x318e5,169902
v1,1791230563874925,SAT,176,b097ef0536bef82c:0x318e5,170078
v1,1791230563875059,SAT,30,b097ef0536bef82c:0x318e5,170108
v1,1791230563876837,UNSAT,1679,b097ef0536bef82c:0x318e5,171787
v1,1791230563876894,SAT,35,b097ef0536bef82c:0x318e5,171822
v1,1791230563879268,UNSAT,2287,b097ef0536bef82c:0x318e5,174109
v1,1791230563880898,SAT,1585,b097ef0536bef82c:0x318e5,175694
v1,1791230563882591,SAT,1583,b097ef0536bef82c:0x318e5,177277
v1,1791230563888956,UNSAT,184,b097ef0536bef82c:0x31965,177461
v1,1791230563889714,SAT,527,b097ef0536bef82c:0x31965,177988
v1,1791230563899601,UNSAT,270,b097ef0536bef82c:0x319f3,178258
v1,1791230563900346,SAT,467,b097ef0536bef82c:0x319f3,178725
v1,1791230563914528,UNSAT,283,b097ef0536bef82c:0x31f3b,179008
v1,1791230563915274,SAT,457,b097ef0536bef82c:0x31f3b,179465
v1,1791230576789943,SAT,12868,b097ef0536bef82c:0x2fdd5,12868
v1,1791230583323932,SAT,15759,b097ef0536bef82c:0x2e4e2,15759
v1,1791230583442123,UNSAT,310,b097ef0536bef82c:0x5a17d,16069
v1,1791230583442563,UNSAT,151,b097ef0536bef82c:0x5a17d,16220
v1,1791230583460500,SAT,261,b097ef0536bef82c:0x5a17d,16481
v1,1791230583460827,SAT,40,b097ef0536bef82c:0x5a17d,16521
v1,1791230583461088,UNSAT,95,b097ef0536bef82c:0x5a17d,16616
v1,1791230583461169,SAT,56,b097ef0536bef82c:0x5a17d,16672
v1,1791230583461349,UNSAT,76,b097ef0536bef82c:0x5a17d,16748
v1,1791230583461439,SAT,64,b097ef0536bef82c:0x5a17d,16812
v1,1791230583461623,SAT,70,b097ef0536bef82c:0x5a17d,16882
v1,1791230583463408,SAT,237,b097ef0536bef82c:0x5a17d,17119
v1,1791230583463691,SAT,39,b097ef0536bef82c:0x5a17d,17158
v1,1791230583463913,UNSAT,88,b097ef0536bef82c:0x5a17d,17246
v1,1791230583463956,SAT,26,b097ef0536bef82c:0x5a17d,17272
v1,1791230583464116,UNSAT,72,b097ef0536bef82c:0x5a17d,17344
v1,1791230583464198,SAT,58,b097ef0536bef82c:0x5a17d,17402
v1,1791230583464351,SAT,62,b097ef0536bef82c:0x5a17d,17464
v1,1791230583466361,SAT,225,b097ef0536bef82c:0x5a17d,17689
v1,1791230583466638,SAT,35,b097ef0536bef82c:0x5a17d,17724
v1,1791230583466853,UNSAT,84,b097ef0536bef82c:0x5a17d,17808
v1,1791230583466893,SAT,23,b097ef0536bef82c:0x5a17d,17831
v1,1791230583467061,UNSAT,82,b097ef0536bef82c:0x5a17d,17913
v1,1791230583467148,SAT,62,b097ef0536bef82c:0x5a17d,17975
v1,1791230583467326,SAT,98,b097ef0536bef82c:0x5a17d,18073
v1,1791230583469924,SAT,221,b097ef0536bef82c:0x5a17d,18294
v1,1791230583470217,SAT,47,b097ef0536bef82c:0x5a17d,18341
v1,1791230583470475,UNSAT,95,b097ef0536bef82c:0x5a17d,18436
v1,1791230583470525,SAT,30,b097ef0536bef82c:0x5a17d,18466
v1,1791230583470700,UNSAT,80,b097ef0536bef82c:0x5a17d,18546
v1,1791230583470784,SAT,60,b097ef0536bef82c:0x5a17d,18606
v1,1791230583470945,SAT,79,b097ef0536bef82c:0x5a17d,18685
v1,1791230583474060,SAT,227,b097ef0536bef82c:0x5a17d,18912
v1,1791230583474350,SAT,32,b097ef0536bef82c:0x5a17d,18944
v1,1791230583474580,UNSAT,87,b097ef0536bef82c:0x5a17d,19031
v1,1791230583474619,SAT,24,b097ef0536bef82c:0x5a17d,19055
v1,1791230583474774,UNSAT,71,b097ef0536bef82c:0x5a17d,19126
v1,1791230583474855,SAT,57,b097ef0536bef82c:0x5a17d,19183
v1,1791230583474986,SAT,58,b097ef0536bef82c:0x5a17d,19241
v1,1791230583477740,SAT,215,b097ef0536bef82c:0x5a17d,19456
v1,1791230583478007,SAT,31,b097ef0536bef82c:0x5a17d,19487
v1,1791230583478220,UNSAT,81,b097ef0536bef82c:0x5a17d,19568
v1,1791230583478283,SAT,42,b097ef0536bef82c:0x5a17d,19610
v1,1791230583478460,UNSAT,87,b097ef0536bef82c:0x5a17d,19697
v1,1791230583478588,SAT,73,b097ef0536bef82c:0x5a17d,19770
v1,1791230583478766,SAT,64,b097ef0536bef82c:0x5a17d,19834
v1,1791230583482152,SAT,232,b097ef0536bef82c:0x5a17d,20066
v1,1791230583482449,SAT,37,b097ef0536bef82c:0x5a17d,20103
v1,1791230583482685,UNSAT,87,b097ef0536bef82c:0x5a17d,20190
v1,1791230583482727,SAT,23,b097ef0536bef82c:0x5a17d,20213
v1,1791230583482894,UNSAT,73,b097ef0536bef82c:0x5a17d,20286
v1,1791230583482983,SAT,59,b097ef0536bef82c:0x5a17d,20345
v1,1791230583483143,SAT,63,b097ef0536bef82c:0x5a17d,20408
v1,1791230583487033,SAT,230,b097ef0536bef82c:0x5a17d,20638
v1,1791230583487343,SAT,44,b097ef0536bef82c:0x5a17d,20682
v1,1791230583487582,UNSAT,93,b097ef0536bef82c:0x5a17d,20775
v1,1791230583487630,SAT,29,b097ef0536bef82c:0x5a17d,20804
v1,1791230583487798,UNSAT,74,b097ef0536bef82c:0x5a17d,20878
v1,1791230583487882,SAT,56,b097ef0536bef82c:0x5a17d,20934
v1,1791230583488025,SAT,60,b097ef0536bef82c:0x5a17d,20994
v1,1791230589219204,SAT,804,b097ef0536bef82c:0x310ba,804
v1,1791230589223967,UNSAT,578,b097ef0536bef82c:0x318e5,1382
v1,1791230589224914,SAT,512,b097ef0536bef82c:0x318e5,1894
v1,1791230589231771,SAT,392,b097ef0536bef82c:0x318e5,2286
v1,1791230589232006,SAT,81,b097ef0536bef82c:0x318e5,2367
v1,1791230589234052,SAT,1819,b097ef0536bef82c:0x318e5,4186
v1,1791230589236018,SAT,1780,b097ef0536bef82c:0x318e5,5966
v1,1791230589237921,SAT,1746,b097ef0536bef82c:0x318e5,7712
v1,1791230589239761,SAT,1710,b097ef0536bef82c:0x318e5,9422
v1,1791230589241578,SAT,1704,b097ef0536bef82c:0x318e5,11126
v1,1791230589243387,SAT,1697,b097ef0536bef82c:0x318e5,12823
v1,1791230589245225,SAT,1709,b097ef0536bef82c:0x318e5,14532
v1,1791230589247051,SAT,1685,b097ef0536bef82c:0x318e5,16217
v1,1791230589248881,SAT,1714,b097ef0536bef82c:0x318e5,17931
v1,1791230589250659,SAT,1676,b097ef0536bef82c:0x318e5,19607
v1,1791230589252467,SAT,1708,b097ef0536bef82c:0x318e5,21315
v1,1791230589254252,SAT,1688,b097ef0536bef82c:0x318e5,23003
v1,1791230589256057,UNSAT,1686,b097ef0536bef82c:0x318e5,24689
v1,1791230589256189,SAT,37,b097ef0536bef82c:0x318e5,24726
v1,1791230589258641,SAT,2333,b097ef0536bef82c:0x318e5,27059
v1,1791230589261094,SAT,2334,b097ef0536bef82c:0x318e5,29393
v1,1791230589263517,SAT,2303,b097ef0536bef82c:0x318e5,31696
v1,1791230589265932,SAT,2297,b097ef0536bef82c:0x318e5,33993
v1,1791230589268342,SAT,2293,b097ef0536bef82c:0x318e5,36286
v1,1791230589270833,UNSAT,2364,b097ef0536bef82c:0x318e5,38650
v1,1791230589272513,SAT,1597,b097ef0536bef82c:0x318e5,40247
v1,1791230589274271,SAT,1615,b097ef0536bef82c:0x318e5,41862
v1,1791230589275034,SAT,176,b097ef0536bef82c:0x318e5,42038
v1,1791230589275173,SAT,33,b097ef0536bef82c:0x318e5,42071
v1,1791230589276992,UNSAT,1702,b097ef0536bef82c:0x318e5,43773
v1,1791230589277045,SAT,29,b097ef0536bef82c:0x318e5,43802
v1,1791230589279464,UNSAT,2321,b097ef0536bef82c:0x318e5,46123
v1,1791230589281581,SAT,2065,b097ef0536bef82c:0x318e5,48188
v1,1791230589284304,SAT,2434,b097ef0536bef82c:0x318e5,50622
v1,1791230589292740,UNSAT,191,b097ef0536bef82c:0x31965,50813
v1,1791230589294039,SAT,1053,b097ef0536bef82c:0x31965,51866
v1,1791230589306404,UNSAT,279,b097ef0536bef82c:0x319f3,52145
v1,1791230589307158,SAT,475,b097ef0536bef82c:0x319f3,52620
v1,1791230589322288,SAT,762,b097ef0536bef82c:0x3249d,53382
v1,1791230589326295,UNSAT,277,b097ef0536bef82c:0x330c5,53659
v1,1791230589327033,SAT,461,b097ef0536bef82c:0x330c5,54120
v1,1791230589335807,SAT,210,b097ef0536bef82c:0x330c5,54330
v1,1791230589335974,SAT,37,b097ef0536bef82c:0x330c5,54367
v1,1791230589337821,UNSAT,1699,b097ef0536bef82c:0x330c5,56066
v1,1791230589337917,SAT,67,b097ef0536bef82c:0x330c5,56133
v1,1791230589340354,UNSAT,2330,b097ef0536bef82c:0x330c5,58463
v1,1791230589342020,SAT,1617,b097ef0536bef82c:0x330c5,60080
v1,1791230589343753,SAT,1590,b097ef0536bef82c:0x330c5,61670
v1,1791230589350333,UNSAT,197,b097ef0536bef82c:0x33185,61867
v1,1791230589351060,SAT,481,b097ef0536bef82c:0x33185,62348
v1,1791230589362277,UNSAT,286,b097ef0536bef82c:0x31f3b,62634
v1,1791230589363027,SAT,470,b097ef0536bef82c:0x31f3b,63104
v1,1791230589392427,SAT,202,b097ef0536bef82c:0x3a278,63306
v1,1791230601388318,SAT,3802,b097ef0536bef82c:0x2e4e2,3802
v1,1791230601400464,SAT,2998,b097ef0536bef82c:0x2e610,6800
v1,1791230601435239,UNSAT,3145,b097ef0536bef82c:0x30a23,9945
v1,1791230601436034,SAT,455,b097ef0536bef82c:0x30a23,10400
v1,1791230601445209,SAT,3343,b097ef0536bef82c:0x30a6b,13743
v1,1791230601458801,UNSAT,3174,b097ef0536bef82c:0x33eb5,16917
v1,1791230601459677,SAT,554,b097ef0536bef82c:0x33eb5,17471
v1,1791230601473824,UNSAT,3129,b097ef0536bef82c:0x33ff7,20600
v1,1791230601474382,UNSAT,261,b097ef0536bef82c:0x33ff7,20861
v1,1791230601483597,SAT,3271,b097ef0536bef82c:0x3403e,24132
v1,1791230601506386,UNSAT,3087,b097ef0536bef82c:0x3443f,27219
v1,1791230601506955,UNSAT,264,b097ef0536bef82c:0x3443f,27483
v1,1791230601554383,SAT,3275,b097ef0536bef82c:0x3443f,30758
v1,1791230601631120,SAT,3222,b097ef0536bef82c:0x3443f,33980
v1,1791230601634095,SAT,51,b097ef0536bef82c:0x3443f,34031
v1,1791230601634635,UNSAT,249,b097ef0536bef82c:0x3443f,34280
v1,1791230601634695,SAT,33,b097ef0536bef82c:0x3443f,34313
v1,1791230601635090,UNSAT,227,b097ef0536bef82c:0x3443f,34540
v1,1791230601635333,SAT,93,b097ef0536bef82c:0x3443f,34633
v1,1791230601635963,SAT,128,b097ef0536bef82c:0x3443f,34761
v1,1791230601673883,SAT,3590,b097ef0536bef82c:0x3443f,38351
v1,1791230601677290,SAT,60,b097ef0536bef82c:0x3443f,38411
v1,1791230601677862,UNSAT,303,b097ef0536bef82c:0x3443f,38714
v1,1791230601677913,SAT,27,b097ef0536bef82c:0x3443f,38741
v1,1791230601678368,UNSAT,265,b097ef0536bef82c:0x3443f,39006
v1,1791230601678632,SAT,68,b097ef0536bef82c:0x3443f,39074
v1,1791230601678969,SAT,71,b097ef0536bef82c:0x3443f,39145
v1,1791230601685345,SAT,3857,b097ef0536bef82c:0x3443f,43002
v1,1791230601689041,SAT,51,b097ef0536bef82c:0x3443f,43053
v1,1791230601689922,UNSAT,667,b097ef0536bef82c:0x3443f,43720
v1,1791230601689972,SAT,26,b097ef0536bef82c:0x3443f,43746
v1,1791230601690988,SAT,862,b097ef0536bef82c:0x3443f,44608
v1,1791230601692003,SAT,867,b097ef0536bef82c:0x3443f,45475
v1,1791230601693004,SAT,859,b097ef0536bef82c:0x3443f,46334
v1,1791230601694034,UNSAT,877,b097ef0536bef82c:0x3443f,47211
v1,1791230601694689,SAT,474,b097ef0536bef82c:0x3443f,47685
v1,1791230601695421,SAT,471,b097ef0536bef82c:0x3443f,48156
v1,1791230601702344,SAT,4256,b097ef0536bef82c:0x3443f,52412
v1,1791230601706371,SAT,49,b097ef0536bef82c:0x3443f,52461
v1,1791230601706846,UNSAT,244,b097ef0536bef82c:0x3443f,52705
v1,1791230601706890,SAT,23,b097ef0536bef82c:0x3443f,52728
v1,1791230601707280,UNSAT,235,b097ef0536bef82c:0x3443f,52963
v1,1791230601707506,SAT,67,b097ef0536bef82c:0x3443f,53030
v1,1791230601707790,SAT,63,b097ef0536bef82c:0x3443f,53093
v1,1791230601715197,SAT,4608,b097ef0536bef82c:0x3443f,57701
v1,1791230601719546,SAT,51,b097ef0536bef82c:0x3443f,57752
v1,1791230601720422,UNSAT,667,b097ef0536bef82c:0x3443f,58419
v1,1791230601720483,SAT,34,b097ef0536bef82c:0x3443f,58453
v1,1791230601721521,SAT,867,b097ef0536bef82c:0x3443f,59320
v1,1791230601722530,SAT,856,b097ef0536bef82c:0x3443f,60176
v1,1791230601723546,SAT,873,b097ef0536bef82c:0x3443f,61049
v1,1791230601724534,UNSAT,851,b097ef0536bef82c:0x3443f,61900
v1,1791230601725148,SAT,444,b097ef0536bef82c:0x3443f,62344
v1,1791230601725845,SAT,445,b097ef0536bef82c:0x3443f,62789
v1,1791230601733732,SAT,4935,b097ef0536bef82c:0x3443f,67724
v1,1791230601738441,SAT,52,b097ef0536bef82c:0x3443f,67776
v1,1791230601739324,UNSAT,676,b097ef0536bef82c:0x3443f,68452
v1,1791230601739393,SAT,42,b097ef0536bef82c:0x3443f,68494
v1,1791230601740399,SAT,854,b097ef0536bef82c:0x3443f,69348
v1,1791230601741389,SAT,855,b097ef0536bef82c:0x3443f,70203
v1,1791230601742357,SAT,842,b097ef0536bef82c:0x3443f,71045
v1,1791230601743341,UNSAT,842,b097ef0536bef82c:0x3443f,71887
v1,1791230601743950,SAT,438,b097ef0536bef82c:0x3443f,72325
v1,1791230601744648,SAT,450,b097ef0536bef82c:0x3443f,72775
v1,1791230601752997,SAT,5263,b097ef0536bef82c:0x3443f,78038
v1,1791230601758071,SAT,46,b097ef0536bef82c:0x3443f,78084
v1,1791230601758921,UNSAT,644,b097ef0536bef82c:0x3443f,78728
v1,1791230601758967,SAT,24,b097ef0536bef82c:0x3443f,78752
v1,1791230601759965,SAT,854,b097ef0536bef82c:0x3443f,79606
v1,1791230601760985,SAT,883,b097ef0536bef82c:0x3443f,80489
v1,1791230601761966,SAT,843,b097ef0536bef82c:0x3443f,81332
v1,1791230601762970,UNSAT,852,b097ef0536bef82c:0x3443f,82184
v1,1791230601763586,SAT,434,b097ef0536bef82c:0x3443f,82618
v1,1791230601764272,SAT,435,b097ef0536bef82c:0x3443f,83053
v1,1791230601775330,SAT,5659,b097ef0536bef82c:0x3443f,88712
v1,1791230601780769,SAT,59,b097ef0536bef82c:0x3443f,88771
v1,1791230601781594,UNSAT,631,b097ef0536bef82c:0x3443f,89402
v1,1791230601781645,SAT,29,b097ef0536bef82c:0x3443f,89431
v1,1791230601782620,SAT,839,b097ef0536bef82c:0x3443f,90270
v1,1791230601783566,SAT,828,b097ef0536bef82c:0x3443f,91098
v1,1791230601784496,SAT,817,b097ef0536bef82c:0x3443f,91915
v1,1791230601785430,UNSAT,808,b097ef0536bef82c:0x3443f,92723
v1,1791230601786005,SAT,441,b097ef0536bef82c:0x3443f,93164
v1,1791230601786649,SAT,438,b097ef0536bef82c:0x3443f,93602
v1,1791230601795582,SAT,5961,b097ef0536bef82c:0x3443f,99563
v1,1791230601801338,SAT,53,b097ef0536bef82c:0x3443f,99616
v1,1791230601802158,UNSAT,612,b097ef0536bef82c:0x3443f,100228
v1,1791230601802206,SAT,26,b097ef0536bef82c:0x3443f,100254
v1,1791230601803190,SAT,849,b097ef0536bef82c:0x3443f,101103
v1,1791230601804163,SAT,836,b097ef0536bef82c:0x3443f,101939
v1,1791230601805158,SAT,853,b097ef0536bef82c:0x3443f,102792
v1,1791230601806141,UNSAT,834,b097ef0536bef82c:0x3443f,103626
v1,1791230601806734,SAT,439,b097ef0536bef82c:0x3443f,104065
v1,1791230601807428,SAT,465,b097ef0536bef82c:0x3443f,104530
v1,1791230601816832,SAT,6308,b097ef0536bef82c:0x3443f,110838
v1,1791230601822886,SAT,50,b097ef0536bef82c:0x3443f,110888
v1,1791230601823712,UNSAT,625,b097ef0536bef82c:0x3443f,111513
v1,1791230601823780,SAT,45,b097ef0536bef82c:0x3443f,111558
v1,1791230601824752,SAT,836,b097ef0536bef82c:0x3443f,112394
v1,1791230601825730,SAT,845,b097ef0536bef82c:0x3443f,113239
v1,1791230601826703,SAT,841,b097ef0536bef82c:0x3443f,114080
v1,1791230601827675,UNSAT,835,b097ef0536bef82c:0x3443f,114915
v1,1791230601828290,SAT,463,b097ef0536bef82c:0x3443f,115378
v1,1791230601828953,SAT,437,b097ef0536bef82c:0x3443f,115815
v1,1791230601921092,UNSAT,6644,b097ef0536bef82c:0x2fdd5,122459
v1,1791230601921878,SAT,472,b097ef0536bef82c:0x2fdd5,122931
v1,1791230609179365,SAT,247,b097ef0536bef82c:0x3189f,247
v1,1791230609189593,SAT,226,b097ef0536bef82c:0x31466,473
v1,1791230609191385,SAT,209,b097ef0536bef82c:0x315cf,682
v1,1791230609192920,SAT,240,b097ef0536bef82c:0x31737,922
v1,1791230609194451,SAT,240,b097ef0536bef82c:0x3189f,1162
v1,1791230609198269,UNSAT,262,b097ef0536bef82c:0x318e5,1424
v1,1791230609199247,SAT,664,b097ef0536bef82c:0x318e5,2088
v1,1791230616543337,UNSAT,277,b097ef0536bef82c:0x2fcff,277
v1,1791230616544016,SAT,207,b097ef0536bef82c:0x2fcff,484
v1,1791230616550331,SAT,259,b097ef0536bef82c:0x5a17d,743
v1,1791230616552104,UNSAT,197,b097ef0536bef82c:0x5a17d,940
v1,1791230616572047,UNSAT,190,b097ef0536bef82c:0x5a17d,1130
v1,1791230616577846,UNSAT,183,b097ef0536bef82c:0x5a17d,1313
v1,1791230616583791,UNSAT,238,b097ef0536bef82c:0x5a17d,1551
v1,1791230616590666,UNSAT,202,b097ef0536bef82c:0x5a17d,1753
v1,1791230616593777,UNSAT,180,b097ef0536bef82c:0x5a17d,1933
v1,1791230623896598,SAT,580,b097ef0536bef82c:0x3443f,580
v1,1791230624128395,UNSAT,6916,b097ef0536bef82c:0x480e0,7496
v1,1791230624129440,SAT,615,b097ef0536bef82c:0x480e0,8111
v1,1791230624150579,UNSAT,257,b097ef0536bef82c:0x487c5,8368
v1,1791230624151471,SAT,472,b097ef0536bef82c:0x487c5,8840
v1,1791230624163654,SAT,6526,b097ef0536bef82c:0x487c5,15366
v1,1791230624170247,SAT,61,b097ef0536bef82c:0x487c5,15427
v1,1791230624171215,UNSAT,709,b097ef0536bef82c:0x487c5,16136
v1,1791230624171289,SAT,46,b097ef0536bef82c:0x487c5,16182
v1,1791230624172374,UNSAT,930,b097ef0536bef82c:0x487c5,17112
v1,1791230624173113,SAT,468,b097ef0536bef82c:0x487c5,17580
v1,1791230624173919,SAT,469,b097ef0536bef82c:0x487c5,18049
v1,1791230624183754,SAT,6525,b097ef0536bef82c:0x487c5,24574
v1,1791230624190375,SAT,83,b097ef0536bef82c:0x487c5,24657
v1,1791230624191407,UNSAT,711,b097ef0536bef82c:0x487c5,25368
v1,1791230624191467,SAT,30,b097ef0536bef82c:0x487c5,25398
v1,1791230624192766,UNSAT,1125,b097ef0536bef82c:0x487c5,26523
v1,1791230624193914,SAT,743,b097ef0536bef82c:0x487c5,27266
v1,1791230624195204,SAT,730,b097ef0536bef82c:0x487c5,27996
v1,1791230624206705,UNSAT,340,b097ef0536bef82c:0x48899,28336
v1,1791230624207634,SAT,475,b097ef0536bef82c:0x48899,28811
v1,1791230624220529,SAT,6528,b097ef0536bef82c:0x48899,35339
v1,1791230624227201,SAT,78,b097ef0536bef82c:0x48899,35417
v1,1791230624228133,UNSAT,688,b097ef0536bef82c:0x48899,36105
v1,1791230624228203,SAT,38,b097ef0536bef82c:0x48899,36143
v1,1791230624229299,UNSAT,912,b097ef0536bef82c:0x48899,37055
v1,1791230624229941,SAT,450,b097ef0536bef82c:0x48899,37505
v1,1791230624230661,SAT,453,b097ef0536bef82c:0x48899,37958
v1,1791230624242405,SAT,7215,b097ef0536bef82c:0x48899,45173
v1,1791230624248993,SAT,57,b097ef0536bef82c:0x48899,45230
v1,1791230624249924,UNSAT,697,b097ef0536bef82c:0x48899,45927
v1,1791230624249990,SAT,36,b097ef0536bef82c:0x48899,45963
v1,1791230624251067,UNSAT,913,b097ef0536bef82c:0x48899,46876
v1,1791230624251718,SAT,454,b097ef0536bef82c:0x48899,47330
v1,1791230624252455,SAT,450,b097ef0536bef82c:0x48899,47780
v1,1791230624269832,UNSAT,275,b097ef0536bef82c:0x489eb,48055
v1,1791230624270849,SAT,485,b097ef0536bef82c:0x489eb,48540
v1,1791230624284632,SAT,6632,b097ef0536bef82c:0x489eb,55172
v1,1791230624291321,SAT,68,b097ef0536bef82c:0x489eb,55240
v1,1791230624292214,UNSAT,651,b097ef0536bef82c:0x489eb,55891
v1,1791230624292282,SAT,38,b097ef0536bef82c:0x489eb,55929
v1,1791230624293297,UNSAT,857,b097ef0536bef82c:0x489eb,56786
v1,1791230624293897,SAT,439,b097ef0536bef82c:0x489eb,57225
v1,1791230624294593,SAT,450,b097ef0536bef82c:0x489eb,57675
v1,1791230624305352,SAT,6588,b097ef0536bef82c:0x489eb,64263
v1,1791230624312027,SAT,81,b097ef0536bef82c:0x489eb,64344
v1,1791230624312922,UNSAT,671,b097ef0536bef82c:0x489eb,65015
v1,1791230624313015,SAT,64,b097ef0536bef82c:0x489eb,65079
v1,1791230624314018,UNSAT,855,b097ef0536bef82c:0x489eb,65934
v1,1791230624314652,SAT,458,b097ef0536bef82c:0x489eb,66392
v1,1791230624315359,SAT,448,b097ef0536bef82c:0x489eb,66840
v1,1791230624336352,UNSAT,10332,b097ef0536bef82c:0x48a81,77172
v1,1791230624337621,SAT,775,b097ef0536bef82c:0x48a81,77947
v1,1791230624355970,UNSAT,6222,b097ef0536bef82c:0x48b17,84169
v1,1791230624356785,SAT,476,b097ef0536bef82c:0x48b17,84645
v1,1791230624372687,UNSAT,5923,b097ef0536bef82c:0x48bb0,90568
v1,1791230624373501,SAT,481,b097ef0536bef82c:0x48bb0,91049
v1,1791230624382789,UNSAT,307,b097ef0536bef82c:0x48c45,91356
v1,1791230624383530,SAT,460,b097ef0536bef82c:0x48c45,91816
v1,1791230624396554,SAT,5617,b097ef0536bef82c:0x48c45,97433
v1,1791230624403226,SAT,94,b097ef0536bef82c:0x48c45,97527
v1,1791230624403902,UNSAT,501,b097ef0536bef82c:0x48c45,98028
v1,1791230624403947,SAT,23,b097ef0536bef82c:0x48c45,98051
v1,1791230624404786,UNSAT,722,b097ef0536bef82c:0x48c45,98773
v1,1791230624405283,SAT,464,b097ef0536bef82c:0x48c45,99237
v1,1791230624405853,SAT,441,b097ef0536bef82c:0x48c45,99678
v1,1791230624416053,SAT,5636,b097ef0536bef82c:0x48c45,105314
v1,1791230624422720,SAT,73,b097ef0536bef82c:0x48c45,105387
v1,1791230624423404,UNSAT,509,b097ef0536bef82c:0x48c45,105896
v1,1791230624423460,SAT,30,b097ef0536bef82c:0x48c45,105926
v1,1791230624425046,UNSAT,1464,b097ef0536bef82c:0x48c45,107390
v1,1791230624425594,SAT,477,b097ef0536bef82c:0x48c45,107867
v1,1791230624426204,SAT,453,b097ef0536bef82c:0x48c45,108320
v1,1791230624440430,UNSAT,5582,b097ef0536bef82c:0x48cdc,113902
v1,1791230624441230,SAT,459,b097ef0536bef82c:0x48cdc,114361
v1,1791230624450753,UNSAT,303,b097ef0536bef82c:0x48d75,114664
v1,1791230624451508,SAT,457,b097ef0536bef82c:0x48d75,115121
v1,1791230624464361,SAT,5455,b097ef0536bef82c:0x48d75,120576
v1,1791230624471039,SAT,59,b097ef0536bef82c:0x48d75,120635
v1,1791230624471746,UNSAT,529,b097ef0536bef82c:0x48d75,121164
v1,1791230624471799,SAT,28,b097ef0536bef82c:0x48d75,121192
v1,1791230624472664,UNSAT,726,b097ef0536bef82c:0x48d75,121918
v1,1791230624473164,SAT,465,b097ef0536bef82c:0x48d75,122383
v1,1791230624473786,SAT,476,b097ef0536bef82c:0x48d75,122859
v1,1791230624483850,SAT,5221,b097ef0536bef82c:0x48d75,128080
v1,1791230624490546,SAT,63,b097ef0536bef82c:0x48d75,128143
v1,1791230624491215,UNSAT,497,b097ef0536bef82c:0x48d75,128640
v1,1791230624491263,SAT,26,b097ef0536bef82c:0x48d75,128666
v1,1791230624492106,UNSAT,728,b097ef0536bef82c:0x48d75,129394
v1,1791230624492568,SAT,429,b097ef0536bef82c:0x48d75,129823
v1,1791230624493140,SAT,443,b097ef0536bef82c:0x48d75,130266
v1,1791230624502741,UNSAT,311,b097ef0536bef82c:0x48e0c,130577
v1,1791230624503519,SAT,484,b097ef0536bef82c:0x48e0c,131061
v1,1791230624517039,SAT,5289,b097ef0536bef82c:0x48e0c,136350
v1,1791230624523747,SAT,72,b097ef0536bef82c:0x48e0c,136422
v1,1791230624524515,UNSAT,569,b097ef0536bef82c:0x48e0c,136991
v1,1791230624524579,SAT,35,b097ef0536bef82c:0x48e0c,137026
v1,1791230624525679,UNSAT,952,b097ef0536bef82c:0x48e0c,137978
v1,1791230624526528,SAT,750,b097ef0536bef82c:0x48e0c,138728
v1,1791230624527738,SAT,934,b097ef0536bef82c:0x48e0c,139662
v1,1791230624540068,SAT,5701,b097ef0536bef82c:0x48e0c,145363
v1,1791230624546866,SAT,57,b097ef0536bef82c:0x48e0c,145420
v1,1791230624547553,UNSAT,511,b097ef0536bef82c:0x48e0c,145931
v1,1791230624547601,SAT,25,b097ef0536bef82c:0x48e0c,145956
v1,1791230624548432,UNSAT,716,b097ef0536bef82c:0x48e0c,146672
v1,1791230624548900,SAT,435,b097ef0536bef82c:0x48e0c,147107
v1,1791230624549465,SAT,448,b097ef0536bef82c:0x48e0c,147555
v1,1791230624560768,UNSAT,300,b097ef0536bef82c:0x489eb,147855
v1,1791230624561528,SAT,474,b097ef0536bef82c:0x489eb,148329
v1,1791230624571239,SAT,5401,b097ef0536bef82c:0x489eb,153730
v1,1791230624578111,SAT,62,b097ef0536bef82c:0x489eb,153792
v1,1791230624578826,UNSAT,514,b097ef0536bef82c:0x489eb,154306
v1,1791230624579110,SAT,258,b097ef0536bef82c:0x489eb,154564
v1,1791230624580052,UNSAT,802,b097ef0536bef82c:0x489eb,155366
v1,1791230624580618,SAT,525,b097ef0536bef82c:0x489eb,155891
v1,1791230624581213,SAT,449,b097ef0536bef82c:0x489eb,156340
v1,1791230624590846,SAT,5354,b097ef0536bef82c:0x489eb,161694
v1,1791230624597614,SAT,54,b097ef0536bef82c:0x489eb,161748
v1,1791230624598309,UNSAT,525,b097ef0536bef82c:0x489eb,162273
v1,1791230624598355,SAT,24,b097ef0536bef82c:0x489eb,162297
v1,1791230624599185,UNSAT,723,b097ef0536bef82c:0x489eb,163020
v1,1791230624599653,SAT,435,b097ef0536bef82c:0x489eb,163455
v1,1791230624600217,SAT,444,b097ef0536bef82c:0x489eb,163899
v1,1791230624606603,UNSAT,368,b097ef0536bef82c:0x48a81,164267
v1,1791230624607397,SAT,496,b097ef0536bef82c:0x48a81,164763
v1,1791230624621078,SAT,5379,b097ef0536bef82c:0x48a81,170142
v1,1791230624627818,SAT,54,b097ef0536bef82c:0x48a81,170196
v1,1791230624628533,UNSAT,523,b097ef0536bef82c:0x48a81,170719
v1,1791230624628589,SAT,31,b097ef0536bef82c:0x48a81,170750
v1,1791230624629461,UNSAT,740,b097ef0536bef82c:0x48a81,171490
v1,1791230624629994,SAT,467,b097ef0536bef82c:0x48a81,171957
v1,1791230624630778,SAT,506,b097ef0536bef82c:0x48a81,172463
v1,1791230624641533,SAT,5320,b097ef0536bef82c:0x48a81,177783
v1,1791230624648281,SAT,96,b097ef0536bef82c:0x48a81,177879
v1,1791230624648982,UNSAT,507,b097ef0536bef82c:0x48a81,178386
v1,1791230624649032,SAT,26,b097ef0536bef82c:0x48a81,178412
v1,1791230624649883,UNSAT,736,b097ef0536bef82c:0x48a81,179148
v1,1791230624650384,SAT,455,b097ef0536bef82c:0x48a81,179603
v1,1791230624650965,SAT,440,b097ef0536bef82c:0x48a81,180043
v1,1791230624664164,UNSAT,5277,b097ef0536bef82c:0x48b17,185320
v1,1791230624664970,SAT,486,b097ef0536bef82c:0x48b17,185806
v1,1791230624670620,UNSAT,302,b097ef0536bef82c:0x48bb0,186108
v1,1791230624671381,SAT,469,b097ef0536bef82c:0x48bb0,186577
v1,1791230624684997,SAT,5056,b097ef0536bef82c:0x48bb0,191633
v1,1791230624691765,SAT,69,b097ef0536bef82c:0x48bb0,191702
v1,1791230624692471,UNSAT,518,b097ef0536bef82c:0x48bb0,192220
v1,1791230624692531,SAT,30,b097ef0536bef82c:0x48bb0,192250
v1,1791230624693365,UNSAT,723,b097ef0536bef82c:0x48bb0,192973
v1,1791230624693839,SAT,437,b097ef0536bef82c:0x48bb0,193410
v1,1791230624694447,SAT,463,b097ef0536bef82c:0x48bb0,193873
v1,1791230624704993,SAT,4982,b097ef0536bef82c:0x48bb0,198855
v1,1791230624712223,SAT,88,b097ef0536bef82c:0x48bb0,198943
v1,1791230624712973,UNSAT,540,b097ef0536bef82c:0x48bb0,199483
v1,1791230624713040,SAT,39,b097ef0536bef82c:0x48bb0,199522
v1,1791230624713931,UNSAT,759,b097ef0536bef82c:0x48bb0,200281
v1,1791230624714409,SAT,439,b097ef0536bef82c:0x48bb0,200720
v1,1791230624714991,SAT,449,b097ef0536bef82c:0x48bb0,201169
v1,1791230624724751,UNSAT,324,b097ef0536bef82c:0x48cdc,201493
v1,1791230624725550,SAT,505,b097ef0536bef82c:0x48cdc,201998
v1,1791230624740415,SAT,5103,b097ef0536bef82c:0x48cdc,207101
v1,1791230624747335,SAT,59,b097ef0536bef82c:0x48cdc,207160
v1,1791230624748032,UNSAT,500,b097ef0536bef82c:0x48cdc,207660
v1,1791230624748105,SAT,45,b097ef0536bef82c:0x48cdc,207705
v1,1791230624748956,UNSAT,735,b097ef0536bef82c:0x48cdc,208440
v1,1791230624749440,SAT,442,b097ef0536bef82c:0x48cdc,208882
v1,1791230624750005,SAT,430,b097ef0536bef82c:0x48cdc,209312
v1,1791230624760993,SAT,5094,b097ef0536bef82c:0x48cdc,214406
v1,1791230624768509,SAT,60,b097ef0536bef82c:0x48cdc,214466
v1,1791230624769296,UNSAT,582,b097ef0536bef82c:0x48cdc,215048
v1,1791230624769364,SAT,29,b097ef0536bef82c:0x48cdc,215077
v1,1791230624770484,UNSAT,995,b097ef0536bef82c:0x48cdc,216072
v1,1791230624771002,SAT,462,b097ef0536bef82c:0x48cdc,216534
v1,1791230624771687,SAT,508,b097ef0536bef82c:0x48cdc,217042
v1,1791230624784385,UNSAT,5087,b097ef0536bef82c:0x48d75,222129
v1,1791230624785231,SAT,494,b097ef0536bef82c:0x48d75,222623
v1,1791230624798110,UNSAT,4682,b097ef0536bef82c:0x48e0c,227305
v1,1791230624799089,SAT,646,b097ef0536bef82c:0x48e0c,227951
v1,1791230624889087,UNSAT,4251,b097ef0536bef82c:0x4942b,232202
v1,1791230624889876,SAT,471,b097ef0536bef82c:0x4942b,232673
v1,1791230624899639,SAT,4376,b097ef0536bef82c:0x4942b,237049
v1,1791230624906546,SAT,68,b097ef0536bef82c:0x4942b,237117
v1,1791230624908212,UNSAT,1432,b097ef0536bef82c:0x4942b,238549
v1,1791230624908342,SAT,34,b097ef0536bef82c:0x4942b,238583
v1,1791230624912055,UNSAT,3538,b097ef0536bef82c:0x4942b,242121
v1,1791230624913247,SAT,912,b097ef0536bef82c:0x4942b,243033
v1,1791230624914423,SAT,864,b097ef0536bef82c:0x4942b,243897
v1,1791230624925201,SAT,5290,b097ef0536bef82c:0x4942b,249187
v1,1791230624932775,SAT,62,b097ef0536bef82c:0x4942b,249249
v1,1791230624934406,UNSAT,1412,b097ef0536bef82c:0x4942b,250661
v1,1791230624934520,SAT,31,b097ef0536bef82c:0x4942b,250692
v1,1791230624938131,UNSAT,3447,b097ef0536bef82c:0x4942b,254139
v1,1791230624939320,SAT,918,b097ef0536bef82c:0x4942b,255057
v1,1791230624940526,SAT,903,b097ef0536bef82c:0x4942b,255960
v1,1791230624951440,SAT,5309,b097ef0536bef82c:0x4942b,261269
v1,1791230624959035,SAT,88,b097ef0536bef82c:0x4942b,261357
v1,1791230624960613,UNSAT,1348,b097ef0536bef82c:0x4942b,262705
v1,1791230624960720,SAT,30,b097ef0536bef82c:0x4942b,262735
v1,1791230624964313,UNSAT,3428,b097ef0536bef82c:0x4942b,266163
v1,1791230624965470,SAT,894,b097ef0536bef82c:0x4942b,267057
v1,1791230624966610,SAT,870,b097ef0536bef82c:0x4942b,267927
v1,1791230624973254,UNSAT,336,b097ef0536bef82c:0x491b7,268263
v1,1791230624973929,SAT,287,b097ef0536bef82c:0x491b7,268550
v1,1791230624985355,SAT,5567,b097ef0536bef82c:0x491b7,274117
v1,1791230624993697,SAT,98,b097ef0536bef82c:0x491b7,274215
v1,1791230624999093,UNSAT,5142,b097ef0536bef82c:0x491b7,279357
v1,1791230624999367,SAT,42,b097ef0536bef82c:0x491b7,279399
v1,1791230625006355,UNSAT,6765,b097ef0536bef82c:0x491b7,286164
v1,1791230625011095,SAT,4417,b097ef0536bef82c:0x491b7,290581
v1,1791230625015902,SAT,4384,b097ef0536bef82c:0x491b7,294965
v1,1791230625031576,SAT,9524,b097ef0536bef82c:0x491b7,304489
v1,1791230625043710,SAT,105,b097ef0536bef82c:0x491b7,304594
v1,1791230625049089,UNSAT,5130,b097ef0536bef82c:0x491b7,309724
v1,1791230625049374,SAT,45,b097ef0536bef82c:0x491b7,309769
v1,1791230625056344,UNSAT,6743,b097ef0536bef82c:0x491b7,316512
v1,1791230625061073,SAT,4386,b097ef0536bef82c:0x491b7,320898
v1,1791230625065887,SAT,4372,b097ef0536bef82c:0x491b7,325270
v1,1791230625081661,SAT,9484,b097ef0536bef82c:0x491b7,334754
v1,1791230625093798,SAT,103,b097ef0536bef82c:0x491b7,334857
v1,1791230625099105,UNSAT,5067,b097ef0536bef82c:0x491b7,339924
v1,1791230625099389,SAT,41,b097ef0536bef82c:0x491b7,339965
v1,1791230625106323,UNSAT,6735,b097ef0536bef82c:0x491b7,346700
v1,1791230625111066,SAT,4406,b097ef0536bef82c:0x491b7,351106
v1,1791230625116296,SAT,4796,b097ef0536bef82c:0x491b7,355902
v1,1791230625124632,UNSAT,549,b097ef0536bef82c:0x491b7,356451
v1,1791230625128779,SAT,3581,b097ef0536bef82c:0x491b7,360032
v1,1791230625146090,SAT,9901,b097ef0536bef82c:0x491b7,369933
v1,1791230625158610,SAT,112,b097ef0536bef82c:0x491b7,370045
v1,1791230625164307,UNSAT,5448,b097ef0536bef82c:0x491b7,375493
v1,1791230625164676,SAT,49,b097ef0536bef82c:0x491b7,375542
v1,1791230625172045,UNSAT,7145,b097ef0536bef82c:0x491b7,382687
v1,1791230625177161,SAT,4702,b097ef0536bef82c:0x491b7,387389
v1,1791230625182380,SAT,4709,b097ef0536bef82c:0x491b7,392098
v1,1791230625203342,SAT,14140,b097ef0536bef82c:0x491b7,406238
v1,1791230625220313,SAT,142,b097ef0536bef82c:0x491b7,406380
v1,1791230625225943,UNSAT,5355,b097ef0536bef82c:0x491b7,411735
v1,1791230625226321,SAT,49,b097ef0536bef82c:0x491b7,411784
v1,1791230625233600,UNSAT,7060,b097ef0536bef82c:0x491b7,418844
v1,1791230625238727,SAT,4691,b097ef0536bef82c:0x491b7,423535
v1,1791230625243927,SAT,4706,b097ef0536bef82c:0x491b7,428241
v1,1791230625264770,SAT,13961,b097ef0536bef82c:0x491b7,442202
v1,1791230625281600,SAT,121,b097ef0536bef82c:0x491b7,442323
v1,1791230625287164,UNSAT,5329,b097ef0536bef82c:0x491b7,447652
v1,1791230625287550,SAT,38,b097ef0536bef82c:0x491b7,447690
v1,1791230625294814,UNSAT,7057,b097ef0536bef82c:0x491b7,454747
v1,1791230625299928,SAT,4685,b097ef0536bef82c:0x491b7,459432
v1,1791230625305076,SAT,4654,b097ef0536bef82c:0x491b7,464086
v1,1791230625313633,UNSAT,372,b097ef0536bef82c:0x491b7,464458
v1,1791230625314361,UNSAT,266,b097ef0536bef82c:0x491b7,464724
v1,1791230625335392,SAT,14332,b097ef0536bef82c:0x491b7,479056
v1,1791230625352670,SAT,138,b097ef0536bef82c:0x491b7,479194
v1,1791230625357823,UNSAT,4911,b097ef0536bef82c:0x491b7,484105
v1,1791230625358178,SAT,41,b097ef0536bef82c:0x491b7,484146
v1,1791230625364929,UNSAT,6530,b097ef0536bef82c:0x491b7,490676
v1,1791230625369602,SAT,4253,b097ef0536bef82c:0x491b7,494929
v1,1791230625374314,SAT,4233,b097ef0536bef82c:0x491b7,499162
v1,1791230625399827,SAT,18186,b097ef0536bef82c:0x491b7,517348
v1,1791230625420936,SAT,133,b097ef0536bef82c:0x491b7,517481
v1,1791230625426074,UNSAT,4897,b097ef0536bef82c:0x491b7,522378
v1,1791230625426465,SAT,45,b097ef0536bef82c:0x491b7,522423
v1,1791230625433180,UNSAT,6521,b097ef0536bef82c:0x491b7,528944
v1,1791230625437828,SAT,4237,b097ef0536bef82c:0x491b7,533181
v1,1791230625442592,SAT,4271,b097ef0536bef82c:0x491b7,537452
v1,1791230625467991,SAT,18050,b097ef0536bef82c:0x491b7,555502
v1,1791230625489399,SAT,144,b097ef0536bef82c:0x491b7,555646
v1,1791230625494542,UNSAT,4901,b097ef0536bef82c:0x491b7,560547
v1,1791230625494934,SAT,42,b097ef0536bef82c:0x491b7,560589
v1,1791230625501656,UNSAT,6522,b097ef0536bef82c:0x491b7,567111
v1,1791230625506293,SAT,4235,b097ef0536bef82c:0x491b7,571346
v1,1791230625510964,SAT,4202,b097ef0536bef82c:0x491b7,575548
v1,1791230625536903,UNSAT,17895,b097ef0536bef82c:0x491b7,593443
v1,1791230625540148,SAT,2788,b097ef0536bef82c:0x491b7,596231
v1,1791230625565138,UNSAT,16539,b097ef0536bef82c:0x49201,612770
v1,1791230625565821,SAT,311,b097ef0536bef82c:0x49201,613081
v1,1791230625669199,UNSAT,17242,b097ef0536bef82c:0x492ba,630323
v1,1791230625670279,UNSAT,621,b097ef0536bef82c:0x492ba,630944
v1,1791230625694732,SAT,16732,b097ef0536bef82c:0x492ba,647676
v1,1791230625716380,SAT,139,b097ef0536bef82c:0x492ba,647815
v1,1791230625717314,UNSAT,694,b097ef0536bef82c:0x492ba,648509
v1,1791230625717586,SAT,39,b097ef0536bef82c:0x492ba,648548
v1,1791230625718582,UNSAT,840,b097ef0536bef82c:0x492ba,649388
v1,1791230625719359,SAT,533,b097ef0536bef82c:0x492ba,649921
v1,1791230625720159,SAT,464,b097ef0536bef82c:0x492ba,650385
v1,1791230625729654,UNSAT,307,b097ef0536bef82c:0x4942b,650692
v1,1791230625730449,SAT,513,b097ef0536bef82c:0x4942b,651205
v1,1791230625755098,SAT,16794,b097ef0536bef82c:0x4942b,667999
v1,1791230625776883,SAT,133,b097ef0536bef82c:0x4942b,668132
v1,1791230625779337,UNSAT,2188,b097ef0536bef82c:0x4942b,670320
v1,1791230625779669,SAT,36,b097ef0536bef82c:0x4942b,670356
v1,1791230625784864,UNSAT,4993,b097ef0536bef82c:0x4942b,675349
v1,1791230625787043,SAT,1662,b097ef0536bef82c:0x4942b,677011
v1,1791230625789196,SAT,1651,b097ef0536bef82c:0x4942b,678662
v1,1791230625815733,SAT,17974,b097ef0536bef82c:0x4942b,696636
v1,1791230625838789,SAT,130,b097ef0536bef82c:0x4942b,696766
v1,1791230625841271,UNSAT,2212,b097ef0536bef82c:0x4942b,698978
v1,1791230625841656,SAT,71,b097ef0536bef82c:0x4942b,699049
v1,1791230625846865,UNSAT,5002,b097ef0536bef82c:0x4942b,704051
v1,1791230625849038,SAT,1644,b097ef0536bef82c:0x4942b,705695
v1,1791230625851126,SAT,1583,b097ef0536bef82c:0x4942b,707278
v1,1791230625877423,SAT,17877,b097ef0536bef82c:0x4942b,725155
v1,1791230625900410,SAT,136,b097ef0536bef82c:0x4942b,725291
v1,1791230625902867,UNSAT,2178,b097ef0536bef82c:0x4942b,727469
v1,1791230625903219,SAT,37,b097ef0536bef82c:0x4942b,727506
v1,1791230625908374,UNSAT,4946,b097ef0536bef82c:0x4942b,732452
v1,1791230625910543,SAT,1638,b097ef0536bef82c:0x4942b,734090
v1,1791230625912651,SAT,1618,b097ef0536bef82c:0x4942b,735708
v1,1791230625922576,UNSAT,399,b097ef0536bef82c:0x491b7,736107
v1,1791230625923275,SAT,299,b097ef0536bef82c:0x491b7,736406
v1,1791230625949652,SAT,17922,b097ef0536bef82c:0x491b7,754328
v1,1791230625972542,SAT,131,b097ef0536bef82c:0x491b7,754459
v1,1791230625978749,UNSAT,5940,b097ef0536bef82c:0x491b7,760399
v1,1791230625979219,SAT,42,b097ef0536bef82c:0x491b7,760441
v1,1791230625987390,UNSAT,7910,b097ef0536bef82c:0x491b7,768351
v1,1791230625993040,SAT,5159,b097ef0536bef82c:0x491b7,773510
v1,1791230625998777,SAT,5135,b097ef0536bef82c:0x491b7,778645
v1,1791230626028132,SAT,20431,b097ef0536bef82c:0x491b7,799076
v1,1791230626054054,SAT,143,b097ef0536bef82c:0x491b7,799219
v1,1791230626060263,UNSAT,5944,b097ef0536bef82c:0x491b7,805163
v1,1791230626060771,SAT,73,b097ef0536bef82c:0x491b7,805236
v1,1791230626068914,UNSAT,7913,b097ef0536bef82c:0x491b7,813149
v1,1791230626074617,SAT,5199,b097ef0536bef82c:0x491b7,818348
v1,1791230626080786,SAT,5481,b097ef0536bef82c:0x491b7,823829
v1,1791230626110890,SAT,20671,b097ef0536bef82c:0x491b7,844500
v1,1791230626136662,SAT,160,b097ef0536bef82c:0x491b7,844660
v1,1791230626142993,UNSAT,6002,b097ef0536bef82c:0x491b7,850662
v1,1791230626143496,SAT,46,b097ef0536bef82c:0x491b7,850708
v1,1791230626151651,UNSAT,7918,b097ef0536bef82c:0x491b7,858626
v1,1791230626157363,SAT,5193,b097ef0536bef82c:0x491b7,863819
v1,1791230626163077,SAT,5126,b097ef0536bef82c:0x491b7,868945
v1,1791230626174182,UNSAT,424,b097ef0536bef82c:0x491b7,869369
v1,1791230626176115,UNSAT,1522,b097ef0536bef82c:0x491b7,870891
v1,1791230626211246,SAT,23657,b097ef0536bef82c:0x491b7,894548
v1,1791230626240458,SAT,162,b097ef0536bef82c:0x491b7,894710
v1,1791230626246579,UNSAT,5830,b097ef0536bef82c:0x491b7,900540
v1,1791230626247147,SAT,75,b097ef0536bef82c:0x491b7,900615
v1,1791230626255073,UNSAT,7660,b097ef0536bef82c:0x491b7,908275
v1,1791230626260639,SAT,4973,b097ef0536bef82c:0x491b7,913248
v1,1791230626266170,SAT,4882,b097ef0536bef82c:0x491b7,918130
v1,1791230626300002,SAT,23855,b097ef0536bef82c:0x491b7,941985
v1,1791230626332247,SAT,172,b097ef0536bef82c:0x491b7,942157
v1,1791230626338315,UNSAT,5788,b097ef0536bef82c:0x491b7,947945
v1,1791230626338869,SAT,56,b097ef0536bef82c:0x491b7,948001
v1,1791230626347448,UNSAT,8218,b097ef0536bef82c:0x491b7,956219
v1,1791230626353141,SAT,5083,b097ef0536bef82c:0x491b7,961302
v1,1791230626358748,SAT,4951,b097ef0536bef82c:0x491b7,966253
v1,1791230626389412,SAT,23904,b097ef0536bef82c:0x491b7,990157
v1,1791230626422163,SAT,183,b097ef0536bef82c:0x491b7,990340
v1,1791230626428198,UNSAT,5760,b097ef0536bef82c:0x491b7,996100
v1,1791230626428771,SAT,57,b097ef0536bef82c:0x491b7,996157
v1,1791230626436637,UNSAT,7629,b097ef0536bef82c:0x491b7,1003786
v1,1791230626442255,SAT,5029,b097ef0536bef82c:0x491b7,1008815
v1,1791230626447994,SAT,5037,b097ef0536bef82c:0x491b7,1013852
v1,1791230626481742,UNSAT,24300,b097ef0536bef82c:0x49201,1038152
v1,1791230626483133,UNSAT,1004,b097ef0536bef82c:0x49201,1039156
v1,1791230626515354,UNSAT,24210,b097ef0536bef82c:0x49244,1063366
v1,1791230626516147,SAT,434,b097ef0536bef82c:0x49244,1063800
v1,1791230626548476,UNSAT,23686,b097ef0536bef82c:0x492ba,1087486
v1,1791230626549810,SAT,799,b097ef0536bef82c:0x492ba,1088285
v1,1791230626582345,SAT,24553,b097ef0536bef82c:0x492ba,1112838
v1,1791230626614346,SAT,191,b097ef0536bef82c:0x492ba,1113029
v1,1791230626615333,UNSAT,735,b097ef0536bef82c:0x492ba,1113764
v1,1791230626615730,SAT,43,b097ef0536bef82c:0x492ba,1113807
v1,1791230626616706,UNSAT,821,b097ef0536bef82c:0x492ba,1114628
v1,1791230626617500,SAT,458,b097ef0536bef82c:0x492ba,1115086
v1,1791230626618390,SAT,468,b097ef0536bef82c:0x492ba,1115554
v1,1791230626631712,UNSAT,701,b097ef0536bef82c:0x49393,1116255
v1,1791230626632987,SAT,814,b097ef0536bef82c:0x49393,1117069
v1,1791230626666012,UNSAT,23508,b097ef0536bef82c:0x4942b,1140577
v1,1791230626666894,SAT,522,b097ef0536bef82c:0x4942b,1141099
v1,1791230626698093,SAT,23744,b097ef0536bef82c:0x4942b,1164843
v1,1791230626729683,SAT,169,b097ef0536bef82c:0x4942b,1165012
v1,1791230626732421,UNSAT,2440,b097ef0536bef82c:0x4942b,1167452
v1,1791230626732888,SAT,41,b097ef0536bef82c:0x4942b,1167493
v1,1791230626738487,UNSAT,5333,b097ef0536bef82c:0x4942b,1172826
v1,1791230626740991,SAT,1794,b097ef0536bef82c:0x4942b,1174620
v1,1791230626743425,SAT,1738,b097ef0536bef82c:0x4942b,1176358
v1,1791230626776658,SAT,25287,b097ef0536bef82c:0x4942b,1201645
v1,1791230626809670,SAT,200,b097ef0536bef82c:0x4942b,1201845
v1,1791230626812430,UNSAT,2464,b097ef0536bef82c:0x4942b,1204309
v1,1791230626812927,SAT,41,b097ef0536bef82c:0x4942b,1204350
v1,1791230626818503,UNSAT,5340,b097ef0536bef82c:0x4942b,1209690
v1,1791230626821005,SAT,1772,b097ef0536bef82c:0x4942b,1211462
v1,1791230626823452,SAT,1743,b097ef0536bef82c:0x4942b,1213205
v1,1791230626857368,SAT,25382,b097ef0536bef82c:0x4942b,1238587
v1,1791230626890397,SAT,186,b097ef0536bef82c:0x4942b,1238773
v1,1791230626893167,UNSAT,2468,b097ef0536bef82c:0x4942b,1241241
v1,1791230626893675,SAT,43,b097ef0536bef82c:0x4942b,1241284
v1,1791230626899214,UNSAT,5274,b097ef0536bef82c:0x4942b,1246558
v1,1791230626901749,SAT,1776,b097ef0536bef82c:0x4942b,1248334
v1,1791230626904276,SAT,1739,b097ef0536bef82c:0x4942b,1250073
v1,1791230626941812,UNSAT,24140,b097ef0536bef82c:0x491b7,1274213
v1,1791230626942761,SAT,313,b097ef0536bef82c:0x491b7,1274526
v1,1791230626977020,SAT,25574,b097ef0536bef82c:0x491b7,1300100
v1,1791230627010333,SAT,267,b097ef0536bef82c:0x491b7,1300367
v1,1791230627017397,UNSAT,6757,b097ef0536bef82c:0x491b7,1307124
v1,1791230627018058,SAT,53,b097ef0536bef82c:0x491b7,1307177
v1,1791230627027074,UNSAT,8729,b097ef0536bef82c:0x491b7,1315906
v1,1791230627033609,SAT,5733,b097ef0536bef82c:0x491b7,1321639
v1,1791230627040189,SAT,5697,b097ef0536bef82c:0x491b7,1327336
v1,1791230627079662,SAT,30378,b097ef0536bef82c:0x491b7,1357714
v1,1791230627118545,SAT,482,b097ef0536bef82c:0x491b7,1358196
v1,1791230627125954,UNSAT,7064,b097ef0536bef82c:0x491b7,1365260
v1,1791230627126703,SAT,48,b097ef0536bef82c:0x491b7,1365308
v1,1791230627135575,UNSAT,8582,b097ef0536bef82c:0x491b7,1373890
v1,1791230627142178,SAT,5734,b097ef0536bef82c:0x491b7,1379624
v1,1791230627148813,SAT,5678,b097ef0536bef82c:0x491b7,1385302
v1,1791230627188678,SAT,30486,b097ef0536bef82c:0x491b7,1415788
v1,1791230627227220,SAT,227,b097ef0536bef82c:0x491b7,1416015
v1,1791230627234156,UNSAT,6636,b097ef0536bef82c:0x491b7,1422651
v1,1791230627234924,SAT,49,b097ef0536bef82c:0x491b7,1422700
v1,1791230627243853,UNSAT,8648,b097ef0536bef82c:0x491b7,1431348
v1,1791230627250429,SAT,5725,b097ef0536bef82c:0x491b7,1437073
v1,1791230627257076,SAT,5714,b097ef0536bef82c:0x491b7,1442787
v1,1791230627297251,UNSAT,29598,b097ef0536bef82c:0x491b7,1472385
v1,1791230627300947,SAT,3151,b097ef0536bef82c:0x491b7,1475536
v1,1791230627339607,UNSAT,28181,b097ef0536bef82c:0x49201,1503717
v1,1791230627341345,SAT,1331,b097ef0536bef82c:0x49201,1505048
v1,1791230627379984,UNSAT,28311,b097ef0536bef82c:0x492ba,1533359
v1,1791230627381353,UNSAT,836,b097ef0536bef82c:0x492ba,1534195
v1,1791230627420171,SAT,29090,b097ef0536bef82c:0x492ba,1563285
v1,1791230627459226,SAT,248,b097ef0536bef82c:0x492ba,1563533
v1,1791230627460346,UNSAT,838,b097ef0536bef82c:0x492ba,1564371
v1,1791230627460861,SAT,36,b097ef0536bef82c:0x492ba,1564407
v1,1791230627461962,UNSAT,918,b097ef0536bef82c:0x492ba,1565325
v1,1791230627462915,SAT,436,b097ef0536bef82c:0x492ba,1565761
v1,1791230627463957,SAT,445,b097ef0536bef82c:0x492ba,1566206
v1,1791230627476027,UNSAT,956,b097ef0536bef82c:0x4942b,1567162
v1,1791230627477007,SAT,552,b097ef0536bef82c:0x4942b,1567714
v1,1791230627516506,SAT,29032,b097ef0536bef82c:0x4942b,1596746
v1,1791230627555871,SAT,235,b097ef0536bef82c:0x4942b,1596981
v1,1791230627558975,UNSAT,2802,b097ef0536bef82c:0x4942b,1599783
v1,1791230627559623,SAT,45,b097ef0536bef82c:0x4942b,1599828
v1,1791230627565663,UNSAT,5779,b097ef0536bef82c:0x4942b,1605607
v1,1791230627568691,SAT,2145,b097ef0536bef82c:0x4942b,1607752
v1,1791230627571620,SAT,2081,b097ef0536bef82c:0x4942b,1609833
v1,1791230627612589,SAT,30356,b097ef0536bef82c:0x4942b,1640189
v1,1791230627654197,SAT,291,b097ef0536bef82c:0x4942b,1640480
v1,1791230627657381,UNSAT,2860,b097ef0536bef82c:0x4942b,1643340
v1,1791230627658049,SAT,54,b097ef0536bef82c:0x4942b,1643394
v1,1791230627664128,UNSAT,5805,b097ef0536bef82c:0x4942b,1649199
v1,1791230627667157,SAT,2134,b097ef0536bef82c:0x4942b,1651333
v1,1791230627670135,SAT,2100,b097ef0536bef82c:0x4942b,1653433
v1,1791230627712119,SAT,30428,b097ef0536bef82c:0x4942b,1683861
v1,1791230627753691,SAT,255,b097ef0536bef82c:0x4942b,1684116
v1,1791230627756852,UNSAT,2849,b097ef0536bef82c:0x4942b,1686965
v1,1791230627757519,SAT,42,b097ef0536bef82c:0x4942b,1687007
v1,1791230627763617,UNSAT,5828,b097ef0536bef82c:0x4942b,1692835
v1,1791230627766721,SAT,2206,b097ef0536bef82c:0x4942b,1695041
v1,1791230627769694,SAT,2121,b097ef0536bef82c:0x4942b,1697162
v1,1791230627783505,UNSAT,585,b097ef0536bef82c:0x491b7,1697747
v1,1791230627784345,SAT,318,b097ef0536bef82c:0x491b7,1698065
v1,1791230627826757,SAT,30921,b097ef0536bef82c:0x491b7,1728986
v1,1791230627867886,SAT,243,b097ef0536bef82c:0x491b7,1729229
v1,1791230627875237,UNSAT,7041,b097ef0536bef82c:0x491b7,1736270
v1,1791230627876028,SAT,50,b097ef0536bef82c:0x491b7,1736320
v1,1791230627885555,UNSAT,9227,b097ef0536bef82c:0x491b7,1745547
v1,1791230627892671,SAT,6186,b097ef0536bef82c:0x491b7,1751733
v1,1791230627899738,SAT,6102,b097ef0536bef82c:0x491b7,1757835
v1,1791230627942217,SAT,30842,b097ef0536bef82c:0x491b7,1788677
v1,1791230627986376,SAT,254,b097ef0536bef82c:0x491b7,1788931
v1,1791230627993755,UNSAT,7074,b097ef0536bef82c:0x491b7,1796005
v1,1791230627994632,SAT,46,b097ef0536bef82c:0x491b7,1796051
v1,1791230628003990,UNSAT,9068,b097ef0536bef82c:0x491b7,1805119
v1,1791230628011035,SAT,6068,b097ef0536bef82c:0x491b7,1811187
v1,1791230628018165,SAT,6074,b097ef0536bef82c:0x491b7,1817261
v1,1791230628061290,SAT,30994,b097ef0536bef82c:0x491b7,1848255
v1,1791230628105687,SAT,253,b097ef0536bef82c:0x491b7,1848508
v1,1791230628113065,UNSAT,7074,b097ef0536bef82c:0x491b7,1855582
v1,1791230628113994,SAT,55,b097ef0536bef82c:0x491b7,1855637
v1,1791230628123423,UNSAT,9122,b097ef0536bef82c:0x491b7,1864759
v1,1791230628130531,SAT,6125,b097ef0536bef82c:0x491b7,1870884
v1,1791230628137652,SAT,6071,b097ef0536bef82c:0x491b7,1876955
v1,1791230628152500,UNSAT,370,b097ef0536bef82c:0x491b7,1877325
v1,1791230628156330,SAT,3362,b097ef0536bef82c:0x491b7,1880687
v1,1791230628200534,UNSAT,31121,b097ef0536bef82c:0x49201,1911808
v1,1791230628202856,UNSAT,1900,b097ef0536bef82c:0x49201,1913708
v1,1791230628247206,UNSAT,30935,b097ef0536bef82c:0x49244,1944643
v1,1791230628249277,SAT,1705,b097ef0536bef82c:0x49244,1946348
v1,1791230628293735,UNSAT,31272,b097ef0536bef82c:0x492ba,1977620
v1,1791230628295369,SAT,1073,b097ef0536bef82c:0x492ba,1978693
v1,1791230628339806,SAT,31839,b097ef0536bef82c:0x492ba,2010532
v1,1791230628384416,SAT,269,b097ef0536bef82c:0x492ba,2010801
v1,1791230628385521,UNSAT,850,b097ef0536bef82c:0x492ba,2011651
v1,1791230628386126,SAT,44,b097ef0536bef82c:0x492ba,2011695
v1,1791230628387234,UNSAT,911,b097ef0536bef82c:0x492ba,2012606
v1,1791230628388306,SAT,475,b097ef0536bef82c:0x492ba,2013081
v1,1791230628389454,SAT,459,b097ef0536bef82c:0x492ba,2013540
v1,1791230628403894,UNSAT,686,b097ef0536bef82c:0x49393,2014226
v1,1791230628404740,SAT,553,b097ef0536bef82c:0x49393,2014779
v1,1791230628448487,UNSAT,30123,b097ef0536bef82c:0x4942b,2044902
v1,1791230628449366,SAT,529,b097ef0536bef82c:0x4942b,2045431
v1,1791230628493161,SAT,31094,b097ef0536bef82c:0x4942b,2076525
v1,1791230628537214,SAT,294,b097ef0536bef82c:0x4942b,2076819
v1,1791230628540716,UNSAT,3153,b097ef0536bef82c:0x4942b,2079972
v1,1791230628541477,SAT,44,b097ef0536bef82c:0x4942b,2080016
v1,1791230628547821,UNSAT,6053,b097ef0536bef82c:0x4942b,2086069
v1,1791230628551247,SAT,2410,b097ef0536bef82c:0x4942b,2088479
v1,1791230628554589,SAT,2360,b097ef0536bef82c:0x4942b,2090839
v1,1791230628600584,SAT,32462,b097ef0536bef82c:0x4942b,2123301
v1,1791230628646131,SAT,265,b097ef0536bef82c:0x4942b,2123566
v1,1791230628649723,UNSAT,3255,b097ef0536bef82c:0x4942b,2126821
v1,1791230628650502,SAT,47,b097ef0536bef82c:0x4942b,2126868
v1,1791230628656890,UNSAT,6077,b097ef0536bef82c:0x4942b,2132945
v1,1791230628660590,SAT,2662,b097ef0536bef82c:0x4942b,2135607
v1,1791230628664493,SAT,2813,b097ef0536bef82c:0x4942b,2138420
v1,1791230628711217,SAT,32459,b097ef0536bef82c:0x4942b,2170879
v1,1791230628756686,SAT,263,b097ef0536bef82c:0x4942b,2171142
v1,1791230628760265,UNSAT,3264,b097ef0536bef82c:0x4942b,2174406
v1,1791230628761057,SAT,52,b097ef0536bef82c:0x4942b,2174458
v1,1791230628767405,UNSAT,6045,b097ef0536bef82c:0x4942b,2180503
v1,1791230628770836,SAT,2398,b097ef0536bef82c:0x4942b,2182901
v1,1791230628774167,SAT,2352,b097ef0536bef82c:0x4942b,2185253
v1,1791230628794215,UNSAT,407,b097ef0536bef82c:0x4942b,2185660
v1,1791230628795053,SAT,526,b097ef0536bef82c:0x4942b,2186186
v1,1791230628843668,SAT,33992,b097ef0536bef82c:0x4942b,2220178
v1,1791230628892076,SAT,298,b097ef0536bef82c:0x4942b,2220476
v1,1791230628896405,UNSAT,3981,b097ef0536bef82c:0x4942b,2224457
v1,1791230628897284,SAT,50,b097ef0536bef82c:0x4942b,2224507
v1,1791230628904508,UNSAT,6914,b097ef0536bef82c:0x4942b,2231421
v1,1791230628908703,SAT,3023,b097ef0536bef82c:0x4942b,2234444
v1,1791230628912800,SAT,2957,b097ef0536bef82c:0x4942b,2237401
v1,1791230628963369,SAT,34872,b097ef0536bef82c:0x4942b,2272273
v1,1791230629012976,SAT,317,b097ef0536bef82c:0x4942b,2272590
v1,1791230629017308,UNSAT,3981,b097ef0536bef82c:0x4942b,2276571
v1,1791230629018207,SAT,47,b097ef0536bef82c:0x4942b,2276618
v1,1791230629025414,UNSAT,6885,b097ef0536bef82c:0x4942b,2283503
v1,1791230629029673,SAT,3044,b097ef0536bef82c:0x4942b,2286547
v1,1791230629033833,SAT,2990,b097ef0536bef82c:0x4942b,2289537
v1,1791230629084616,SAT,34674,b097ef0536bef82c:0x4942b,2324211
v1,1791230629134241,SAT,319,b097ef0536bef82c:0x4942b,2324530
v1,1791230629138529,UNSAT,3927,b097ef0536bef82c:0x4942b,2328457
v1,1791230629139431,SAT,45,b097ef0536bef82c:0x4942b,2328502
v1,1791230629146725,UNSAT,6988,b097ef0536bef82c:0x4942b,2335490
v1,1791230629150925,SAT,3006,b097ef0536bef82c:0x4942b,2338496
v1,1791230629155075,SAT,2972,b097ef0536bef82c:0x4942b,2341468
v1,1791230629205240,UNSAT,34180,b097ef0536bef82c:0x49201,2375648
v1,1791230629209053,SAT,3422,b097ef0536bef82c:0x49201,2379070
v1,1791230629223325,UNSAT,627,b097ef0536bef82c:0x492ba,2379697
v1,1791230629224863,UNSAT,1047,b097ef0536bef82c:0x492ba,2380744
v1,1791230629273541,SAT,35473,b097ef0536bef82c:0x492ba,2416217
v1,1791230629323330,SAT,316,b097ef0536bef82c:0x492ba,2416533
v1,1791230629324620,UNSAT,1023,b097ef0536bef82c:0x492ba,2417556
v1,1791230629325331,SAT,44,b097ef0536bef82c:0x492ba,2417600
v1,1791230629326443,UNSAT,918,b097ef0536bef82c:0x492ba,2418518
v1,1791230629327597,SAT,467,b097ef0536bef82c:0x492ba,2418985
v1,1791230629328870,SAT,468,b097ef0536bef82c:0x492ba,2419453
v1,1791230629344746,UNSAT,421,b097ef0536bef82c:0x491b7,2419874
v1,1791230629346494,SAT,1301,b097ef0536bef82c:0x491b7,2421175
v1,1791230629397823,UNSAT,35388,b097ef0536bef82c:0x49244,2456563
v1,1791230629401502,SAT,3308,b097ef0536bef82c:0x49244,2459871
v1,1791230629454622,UNSAT,35819,b097ef0536bef82c:0x49244,2495690
v1,1791230629457945,SAT,2924,b097ef0536bef82c:0x49244,2498614
v1,1791230629509182,UNSAT,35554,b097ef0536bef82c:0x49244,2534168
v1,1791230629512427,SAT,2852,b097ef0536bef82c:0x49244,2537020
v1,1791230629566294,UNSAT,35888,b097ef0536bef82c:0x492ba,2572908
v1,1791230629568105,SAT,1219,b097ef0536bef82c:0x492ba,2574127
v1,1791230629623797,SAT,38989,b097ef0536bef82c:0x492ba,2613116
v1,1791230629675170,SAT,341,b097ef0536bef82c:0x492ba,2613457
v1,1791230629676448,UNSAT,974,b097ef0536bef82c:0x492ba,2614431
v1,1791230629677267,SAT,51,b097ef0536bef82c:0x492ba,2614482
v1,1791230629678432,UNSAT,941,b097ef0536bef82c:0x492ba,2615423
v1,1791230629679645,SAT,478,b097ef0536bef82c:0x492ba,2615901
v1,1791230629680952,SAT,476,b097ef0536bef82c:0x492ba,2616377
v1,1791230629734197,UNSAT,37155,b097ef0536bef82c:0x49393,2653532
v1,1791230629735174,SAT,607,b097ef0536bef82c:0x49393,2654139
v1,1791230629770121,UNSAT,241,b097ef0536bef82c:0x3bcb1,2654380
v1,1791230629770758,UNSAT,151,b097ef0536bef82c:0x3bcb1,2654531
v1,1791230629834188,UNSAT,35648,b097ef0536bef82c:0x33713,2690179
v1,1791230629835158,UNSAT,565,b097ef0536bef82c:0x33713,2690744
v1,1791230629891067,SAT,34781,b097ef0536bef82c:0x33713,2725525
v1,1791230629943016,SAT,325,b097ef0536bef82c:0x33713,2725850
v1,1791230629944219,UNSAT,892,b097ef0536bef82c:0x33713,2726742
v1,1791230629944995,SAT,39,b097ef0536bef82c:0x33713,2726781
v1,1791230629945923,SAT,740,b097ef0536bef82c:0x33713,2727521
v1,1791230629946798,UNSAT,713,b097ef0536bef82c:0x33713,2728234
v1,1791230629947973,SAT,420,b097ef0536bef82c:0x33713,2728654
v1,1791230629949237,SAT,415,b097ef0536bef82c:0x33713,2729069
v1,1791230629999956,SAT,34296,b097ef0536bef82c:0x33713,2763365
v1,1791230630052188,SAT,323,b097ef0536bef82c:0x33713,2763688
v1,1791230630053358,UNSAT,878,b097ef0536bef82c:0x33713,2764566
v1,1791230630054193,SAT,71,b097ef0536bef82c:0x33713,2764637
v1,1791230630055150,UNSAT,743,b097ef0536bef82c:0x33713,2765380
v1,1791230630056333,SAT,424,b097ef0536bef82c:0x33713,2765804
v1,1791230630057617,SAT,432,b097ef0536bef82c:0x33713,2766236
v1,1791230630118883,SAT,34348,b097ef0536bef82c:0x33713,2800584
v1,1791230630171165,SAT,335,b097ef0536bef82c:0x33713,2800919
v1,1791230630172923,UNSAT,1464,b097ef0536bef82c:0x33713,2802383
v1,1791230630173737,SAT,54,b097ef0536bef82c:0x33713,2802437
v1,1791230630175304,UNSAT,1336,b097ef0536bef82c:0x33713,2803773
v1,1791230630177145,SAT,1006,b097ef0536bef82c:0x33713,2804779
v1,1791230630179045,SAT,970,b097ef0536bef82c:0x33713,2805749
v1,1791230630230643,SAT,34633,b097ef0536bef82c:0x33713,2840382
v1,1791230630282995,SAT,331,b097ef0536bef82c:0x33713,2840713
v1,1791230630284404,UNSAT,1121,b097ef0536bef82c:0x33713,2841834
v1,1791230630285228,SAT,71,b097ef0536bef82c:0x33713,2841905
v1,1791230630286473,UNSAT,1034,b097ef0536bef82c:0x33713,2842939
v1,1791230630287865,SAT,626,b097ef0536bef82c:0x33713,2843565
v1,1791230630289300,SAT,585,b097ef0536bef82c:0x33713,2844150
v1,1791230630380143,SAT,35274,b097ef0536bef82c:0x2fdd5,2879424
v1,1791230638865932,UNSAT,19958,b097ef0536bef82c:0x3802d,19958
v1,1791230638866810,UNSAT,290,b097ef0536bef82c:0x3802d,20248
v1,1791230638889616,UNSAT,21207,b097ef0536bef82c:0x38053,41455
v1,1791230638890991,UNSAT,1056,b097ef0536bef82c:0x38053,42511
v1,1791230638917398,UNSAT,20841,b097ef0536bef82c:0x38097,63352
v1,1791230638918193,UNSAT,284,b097ef0536bef82c:0x38097,63636
v1,1791230638946003,UNSAT,20712,b097ef0536bef82c:0x380e5,84348
v1,1791230638946738,UNSAT,334,b097ef0536bef82c:0x380e5,84682
v1,1791230638969533,SAT,19994,b097ef0536bef82c:0x380ec,104676
v1,1791230638995708,SAT,20993,b097ef0536bef82c:0x380ec,125669
v1,1791230639016343,SAT,104,b097ef0536bef82c:0x380ec,125773
v1,1791230639016996,SAT,453,b097ef0536bef82c:0x380ec,126226
v1,1791230639017552,SAT,424,b097ef0536bef82c:0x380ec,126650
v1,1791230639018144,SAT,453,b097ef0536bef82c:0x380ec,127103
v1,1791230639018701,SAT,447,b097ef0536bef82c:0x380ec,127550
v1,1791230639019246,SAT,436,b097ef0536bef82c:0x380ec,127986
v1,1791230639019787,SAT,431,b097ef0536bef82c:0x380ec,128417
v1,1791230639020356,SAT,452,b097ef0536bef82c:0x380ec,128869
v1,1791230639020963,UNSAT,424,b097ef0536bef82c:0x380ec,129293
v1,1791230639021123,SAT,64,b097ef0536bef82c:0x380ec,129357
v1,1791230639021804,UNSAT,565,b097ef0536bef82c:0x380ec,129922
v1,1791230639022012,SAT,112,b097ef0536bef82c:0x380ec,130034
v1,1791230639022280,SAT,110,b097ef0536bef82c:0x380ec,130144
v1,1791230639026290,UNSAT,296,b097ef0536bef82c:0x38146,130440
v1,1791230639027167,SAT,584,b097ef0536bef82c:0x38146,131024
v1,1791230639052716,SAT,20129,b097ef0536bef82c:0x38146,151153
v1,1791230639073139,SAT,89,b097ef0536bef82c:0x38146,151242
v1,1791230639073826,UNSAT,490,b097ef0536bef82c:0x38146,151732
v1,1791230639073900,SAT,27,b097ef0536bef82c:0x38146,151759
v1,1791230639074547,UNSAT,534,b097ef0536bef82c:0x38146,152293
v1,1791230639074742,SAT,101,b097ef0536bef82c:0x38146,152394
v1,1791230639074983,SAT,98,b097ef0536bef82c:0x38146,152492
v1,1791230639078833,UNSAT,339,b097ef0536bef82c:0x3819b,152831
v1,1791230639079644,SAT,515,b097ef0536bef82c:0x3819b,153346
v1,1791230639105817,SAT,20318,b097ef0536bef82c:0x3819b,173664
v1,1791230639126322,SAT,83,b097ef0536bef82c:0x3819b,173747
v1,1791230639126983,UNSAT,466,b097ef0536bef82c:0x3819b,174213
v1,1791230639127060,SAT,30,b097ef0536bef82c:0x3819b,174243
v1,1791230639127740,UNSAT,560,b097ef0536bef82c:0x3819b,174803
v1,1791230639127972,SAT,134,b097ef0536bef82c:0x3819b,174937
v1,1791230639128379,SAT,129,b097ef0536bef82c:0x3819b,175066
v1,1791230639132199,UNSAT,263,b097ef0536bef82c:0x381f4,175329
v1,1791230639134300,SAT,1793,b097ef0536bef82c:0x381f4,177122
v1,1791230639160190,SAT,20247,b097ef0536bef82c:0x381f4,197369
v1,1791230639180726,SAT,92,b097ef0536bef82c:0x381f4,197461
v1,1791230639181373,UNSAT,460,b097ef0536bef82c:0x381f4,197921
v1,1791230639181488,SAT,66,b097ef0536bef82c:0x381f4,197987
v1,1791230639182146,UNSAT,524,b097ef0536bef82c:0x381f4,198511
v1,1791230639182335,SAT,104,b097ef0536bef82c:0x381f4,198615
v1,1791230639182574,SAT,91,b097ef0536bef82c:0x381f4,198706
v1,1791230639186543,UNSAT,241,b097ef0536bef82c:0x3824b,198947
v1,1791230639187311,SAT,486,b097ef0536bef82c:0x3824b,199433
v1,1791230639217159,UNSAT,20308,b097ef0536bef82c:0x3866e,219741
v1,1791230639218166,UNSAT,611,b097ef0536bef82c:0x3866e,220352
v1,1791230639246771,SAT,20163,b097ef0536bef82c:0x3866e,240515
v1,1791230639267994,SAT,110,b097ef0536bef82c:0x3866e,240625
v1,1791230639268878,UNSAT,683,b097ef0536bef82c:0x3866e,241308
v1,1791230639269063,SAT,58,b097ef0536bef82c:0x3866e,241366
v1,1791230639270062,UNSAT,837,b097ef0536bef82c:0x3866e,242203
v1,1791230639270404,SAT,221,b097ef0536bef82c:0x3866e,242424
v1,1791230639270785,SAT,194,b097ef0536bef82c:0x3866e,242618
v1,1791230639293287,SAT,20061,b097ef0536bef82c:0x3866e,262679
v1,1791230639314140,SAT,81,b097ef0536bef82c:0x3866e,262760
v1,1791230639314570,UNSAT,219,b097ef0536bef82c:0x3866e,262979
v1,1791230639314699,SAT,36,b097ef0536bef82c:0x3866e,263015
v1,1791230639315007,UNSAT,197,b097ef0536bef82c:0x3866e,263212
v1,1791230639315166,SAT,91,b097ef0536bef82c:0x3866e,263303
v1,1791230639315438,SAT,119,b097ef0536bef82c:0x3866e,263422
v1,1791230639338773,UNSAT,19967,b097ef0536bef82c:0x386d4,283389
v1,1791230639340218,UNSAT,1031,b097ef0536bef82c:0x386d4,284420
v1,1791230639367184,UNSAT,20256,b097ef0536bef82c:0x38716,304676
v1,1791230639368255,UNSAT,597,b097ef0536bef82c:0x38716,305273
v1,1791230639396208,UNSAT,20146,b097ef0536bef82c:0x38757,325419
v1,1791230639397109,UNSAT,429,b097ef0536bef82c:0x38757,325848
v1,1791230639425006,UNSAT,20260,b097ef0536bef82c:0x3879b,346108
v1,1791230639425958,UNSAT,428,b097ef0536bef82c:0x3879b,346536
v1,1791230639453019,UNSAT,20268,b097ef0536bef82c:0x387df,366804
v1,1791230639453917,UNSAT,426,b097ef0536bef82c:0x387df,367230
v1,1791230639485121,UNSAT,21899,b097ef0536bef82c:0x38823,389129
v1,1791230639486222,UNSAT,627,b097ef0536bef82c:0x38823,389756
v1,1791230639513436,SAT,20235,b097ef0536bef82c:0x38867,409991
v1,1791230639540320,SAT,20089,b097ef0536bef82c:0x38867,430080
v1,1791230639561926,SAT,108,b097ef0536bef82c:0x38867,430188
v1,1791230639562795,UNSAT,663,b097ef0536bef82c:0x38867,430851
v1,1791230639562974,SAT,47,b097ef0536bef82c:0x38867,430898
v1,1791230639563908,UNSAT,795,b097ef0536bef82c:0x38867,431693
v1,1791230639564243,SAT,199,b097ef0536bef82c:0x38867,431892
v1,1791230639564632,SAT,193,b097ef0536bef82c:0x38867,432085
v1,1791230639587734,SAT,20110,b097ef0536bef82c:0x38867,452195
v1,1791230639609088,SAT,103,b097ef0536bef82c:0x38867,452298
v1,1791230639609504,UNSAT,217,b097ef0536bef82c:0x38867,452515
v1,1791230639609665,SAT,35,b097ef0536bef82c:0x38867,452550
v1,1791230639609996,UNSAT,215,b097ef0536bef82c:0x38867,452765
v1,1791230639610181,SAT,94,b097ef0536bef82c:0x38867,452859
v1,1791230639610464,SAT,107,b097ef0536bef82c:0x38867,452966
v1,1791230639637013,SAT,20111,b097ef0536bef82c:0x38867,473077
v1,1791230639658386,SAT,100,b097ef0536bef82c:0x38867,473177
v1,1791230639659262,UNSAT,681,b097ef0536bef82c:0x38867,473858
v1,1791230639659434,SAT,36,b097ef0536bef82c:0x38867,473894
v1,1791230639660367,UNSAT,796,b097ef0536bef82c:0x38867,474690
v1,1791230639660692,SAT,196,b097ef0536bef82c:0x38867,474886
v1,1791230639661066,SAT,188,b097ef0536bef82c:0x38867,475074
v1,1791230639684205,SAT,20078,b097ef0536bef82c:0x38867,495152
v1,1791230639705446,SAT,95,b097ef0536bef82c:0x38867,495247
v1,1791230639705831,UNSAT,208,b097ef0536bef82c:0x38867,495455
v1,1791230639705984,SAT,42,b097ef0536bef82c:0x38867,495497
v1,1791230639706305,UNSAT,210,b097ef0536bef82c:0x38867,495707
v1,1791230639706485,SAT,92,b097ef0536bef82c:0x38867,495799
v1,1791230639706745,SAT,103,b097ef0536bef82c:0x38867,495902
v1,1791230639733468,SAT,20105,b097ef0536bef82c:0x38867,516007
v1,1791230639754886,SAT,99,b097ef0536bef82c:0x38867,516106
v1,1791230639755733,UNSAT,645,b097ef0536bef82c:0x38867,516751
v1,1791230639755893,SAT,35,b097ef0536bef82c:0x38867,516786
v1,1791230639756829,UNSAT,800,b097ef0536bef82c:0x38867,517586
v1,1791230639757166,SAT,202,b097ef0536bef82c:0x38867,517788
v1,1791230639757557,SAT,186,b097ef0536bef82c:0x38867,517974
v1,1791230639780867,SAT,20199,b097ef0536bef82c:0x38867,538173
v1,1791230639802193,SAT,99,b097ef0536bef82c:0x38867,538272
v1,1791230639802621,UNSAT,228,b097ef0536bef82c:0x38867,538500
v1,1791230639802809,SAT,69,b097ef0536bef82c:0x38867,538569
v1,1791230639803132,UNSAT,211,b097ef0536bef82c:0x38867,538780
v1,1791230639803329,SAT,109,b097ef0536bef82c:0x38867,538889
v1,1791230639803581,SAT,94,b097ef0536bef82c:0x38867,538983
v1,1791230639830393,SAT,20139,b097ef0536bef82c:0x38867,559122
v1,1791230639851832,SAT,98,b097ef0536bef82c:0x38867,559220
v1,1791230639852709,UNSAT,674,b097ef0536bef82c:0x38867,559894
v1,1791230639852878,SAT,36,b097ef0536bef82c:0x38867,559930
v1,1791230639853816,UNSAT,811,b097ef0536bef82c:0x38867,560741
v1,1791230639854146,SAT,197,b097ef0536bef82c:0x38867,560938
v1,1791230639854524,SAT,189,b097ef0536bef82c:0x38867,561127
v1,1791230639877766,SAT,20041,b097ef0536bef82c:0x38867,581168
v1,1791230639899084,SAT,97,b097ef0536bef82c:0x38867,581265
v1,1791230639899505,UNSAT,224,b097ef0536bef82c:0x38867,581489
v1,1791230639899673,SAT,42,b097ef0536bef82c:0x38867,581531
v1,1791230639900003,UNSAT,208,b097ef0536bef82c:0x38867,581739
v1,1791230639900184,SAT,93,b097ef0536bef82c:0x38867,581832
v1,1791230639900461,SAT,97,b097ef0536bef82c:0x38867,581929
v1,1791230639927571,SAT,20186,b097ef0536bef82c:0x38867,602115
v1,1791230639949034,SAT,101,b097ef0536bef82c:0x38867,602216
v1,1791230639949906,UNSAT,671,b097ef0536bef82c:0x38867,602887
v1,1791230639950077,SAT,44,b097ef0536bef82c:0x38867,602931
v1,1791230639950991,UNSAT,776,b097ef0536bef82c:0x38867,603707
v1,1791230639951331,SAT,207,b097ef0536bef82c:0x38867,603914
v1,1791230639951709,SAT,185,b097ef0536bef82c:0x38867,604099
v1,1791230639975210,SAT,20194,b097ef0536bef82c:0x38867,624293
v1,1791230639996544,SAT,103,b097ef0536bef82c:0x38867,624396
v1,1791230639996972,UNSAT,231,b097ef0536bef82c:0x38867,624627
v1,1791230639997138,SAT,38,b097ef0536bef82c:0x38867,624665
v1,1791230639997477,UNSAT,223,b097ef0536bef82c:0x38867,624888
v1,1791230639997658,SAT,92,b097ef0536bef82c:0x38867,624980
v1,1791230639997911,SAT,91,b097ef0536bef82c:0x38867,625071
v1,1791230640022454,UNSAT,20087,b097ef0536bef82c:0x38acd,645158
v1,1791230640024196,SAT,1190,b097ef0536bef82c:0x38acd,646348
v1,1791230640053639,UNSAT,20372,b097ef0536bef82c:0x38c79,666720
v1,1791230640055230,SAT,1125,b097ef0536bef82c:0x38c79,667845
v1,1791230640085615,SAT,20454,b097ef0536bef82c:0x38c79,688299
v1,1791230640107358,SAT,112,b097ef0536bef82c:0x38c79,688411
v1,1791230640109609,UNSAT,2009,b097ef0536bef82c:0x38c79,690420
v1,1791230640109981,SAT,57,b097ef0536bef82c:0x38c79,690477
v1,1791230640112120,UNSAT,1943,b097ef0536bef82c:0x38c79,692420
v1,1791230640112960,SAT,571,b097ef0536bef82c:0x38c79,692991
v1,1791230640113756,SAT,533,b097ef0536bef82c:0x38c79,693524
v1,1791230640137881,SAT,20145,b097ef0536bef82c:0x38c79,713669
v1,1791230640159577,SAT,123,b097ef0536bef82c:0x38c79,713792
v1,1791230640160707,UNSAT,904,b097ef0536bef82c:0x38c79,714696
v1,1791230640160913,SAT,43,b097ef0536bef82c:0x38c79,714739
v1,1791230640161858,UNSAT,814,b097ef0536bef82c:0x38c79,715553
v1,1791230640162377,SAT,372,b097ef0536bef82c:0x38c79,715925
v1,1791230640162947,SAT,354,b097ef0536bef82c:0x38c79,716279
v1,1791230640167663,UNSAT,430,b097ef0536bef82c:0x38cf9,716709
v1,1791230640169215,SAT,1266,b097ef0536bef82c:0x38cf9,717975
v1,1791230640196716,SAT,20426,b097ef0536bef82c:0x38cf9,738401
v1,1791230640219330,SAT,162,b097ef0536bef82c:0x38cf9,738563
v1,1791230640221590,UNSAT,2036,b097ef0536bef82c:0x38cf9,740599
v1,1791230640221990,SAT,61,b097ef0536bef82c:0x38cf9,740660
v1,1791230640224089,UNSAT,1906,b097ef0536bef82c:0x38cf9,742566
v1,1791230640224942,SAT,572,b097ef0536bef82c:0x38cf9,743138
v1,1791230640225735,SAT,533,b097ef0536bef82c:0x38cf9,743671
v1,1791230640250218,SAT,20285,b097ef0536bef82c:0x38cf9,763956
v1,1791230640272511,SAT,109,b097ef0536bef82c:0x38cf9,764065
v1,1791230640273576,UNSAT,860,b097ef0536bef82c:0x38cf9,764925
v1,1791230640273860,SAT,45,b097ef0536bef82c:0x38cf9,764970
v1,1791230640274860,UNSAT,849,b097ef0536bef82c:0x38cf9,765819
v1,1791230640275435,SAT,398,b097ef0536bef82c:0x38cf9,766217
v1,1791230640276047,SAT,376,b097ef0536bef82c:0x38cf9,766593
v1,1791230640281005,UNSAT,440,b097ef0536bef82c:0x38d44,767033
v1,1791230640282631,SAT,1329,b097ef0536bef82c:0x38d44,768362
v1,1791230640310756,SAT,20502,b097ef0536bef82c:0x38d44,788864
v1,1791230640333333,SAT,119,b097ef0536bef82c:0x38d44,788983
v1,1791230640335575,UNSAT,2031,b097ef0536bef82c:0x38d44,791014
v1,1791230640335959,SAT,49,b097ef0536bef82c:0x38d44,791063
v1,1791230640338010,UNSAT,1880,b097ef0536bef82c:0x38d44,792943
v1,1791230640338845,SAT,555,b097ef0536bef82c:0x38d44,793498
v1,1791230640339633,SAT,513,b097ef0536bef82c:0x38d44,794011
v1,1791230640364315,SAT,20309,b097ef0536bef82c:0x38d44,814320
v1,1791230640387665,SAT,115,b097ef0536bef82c:0x38d44,814435
v1,1791230640388764,UNSAT,890,b097ef0536bef82c:0x38d44,815325
v1,1791230640389017,SAT,44,b097ef0536bef82c:0x38d44,815369
v1,1791230640389995,UNSAT,844,b097ef0536bef82c:0x38d44,816213
v1,1791230640390563,SAT,387,b097ef0536bef82c:0x38d44,816600
v1,1791230640391199,SAT,395,b097ef0536bef82c:0x38d44,816995
v1,1791230640396406,UNSAT,508,b097ef0536bef82c:0x38d90,817503
v1,1791230640397983,SAT,1276,b097ef0536bef82c:0x38d90,818779
v1,1791230640427661,SAT,21105,b097ef0536bef82c:0x38d90,839884
v1,1791230640450235,SAT,131,b097ef0536bef82c:0x38d90,840015
v1,1791230640452522,UNSAT,2057,b097ef0536bef82c:0x38d90,842072
v1,1791230640452906,SAT,50,b097ef0536bef82c:0x38d90,842122
v1,1791230640455018,UNSAT,1940,b097ef0536bef82c:0x38d90,844062
v1,1791230640455886,SAT,588,b097ef0536bef82c:0x38d90,844650
v1,1791230640456695,SAT,545,b097ef0536bef82c:0x38d90,845195
v1,1791230640481508,SAT,20277,b097ef0536bef82c:0x38d90,865472
v1,1791230640503823,SAT,131,b097ef0536bef82c:0x38d90,865603
v1,1791230640504894,UNSAT,862,b097ef0536bef82c:0x38d90,866465
v1,1791230640505154,SAT,52,b097ef0536bef82c:0x38d90,866517
v1,1791230640506139,UNSAT,823,b097ef0536bef82c:0x38d90,867340
v1,1791230640506707,SAT,386,b097ef0536bef82c:0x38d90,867726
v1,1791230640507311,SAT,377,b097ef0536bef82c:0x38d90,868103
v1,1791230640512574,UNSAT,444,b097ef0536bef82c:0x38ddc,868547
v1,1791230640514124,SAT,1259,b097ef0536bef82c:0x38ddc,869806
v1,1791230640542356,SAT,20476,b097ef0536bef82c:0x38ddc,890282
v1,1791230640564966,SAT,144,b097ef0536bef82c:0x38ddc,890426
v1,1791230640567167,UNSAT,1980,b097ef0536bef82c:0x38ddc,892406
v1,1791230640567560,SAT,54,b097ef0536bef82c:0x38ddc,892460
v1,1791230640569657,UNSAT,1919,b097ef0536bef82c:0x38ddc,894379
v1,1791230640570501,SAT,570,b097ef0536bef82c:0x38ddc,894949
v1,1791230640571306,SAT,537,b097ef0536bef82c:0x38ddc,895486
v1,1791230640596380,SAT,20273,b097ef0536bef82c:0x38ddc,915759
v1,1791230640618777,SAT,137,b097ef0536bef82c:0x38ddc,915896
v1,1791230640619872,UNSAT,890,b097ef0536bef82c:0x38ddc,916786
v1,1791230640620128,SAT,51,b097ef0536bef82c:0x38ddc,916837
v1,1791230640621129,UNSAT,849,b097ef0536bef82c:0x38ddc,917686
v1,1791230640621702,SAT,388,b097ef0536bef82c:0x38ddc,918074
v1,1791230640622339,SAT,392,b097ef0536bef82c:0x38ddc,918466
v1,1791230640627742,UNSAT,435,b097ef0536bef82c:0x38e26,918901
v1,1791230640629332,SAT,1296,b097ef0536bef82c:0x38e26,920197
v1,1791230640657510,SAT,20405,b097ef0536bef82c:0x38e26,940602
v1,1791230640680087,SAT,138,b097ef0536bef82c:0x38e26,940740
v1,1791230640682328,UNSAT,2011,b097ef0536bef82c:0x38e26,942751
v1,1791230640682710,SAT,49,b097ef0536bef82c:0x38e26,942800
v1,1791230640684796,UNSAT,1917,b097ef0536bef82c:0x38e26,944717
v1,1791230640685686,SAT,614,b097ef0536bef82c:0x38e26,945331
v1,1791230640686643,SAT,599,b097ef0536bef82c:0x38e26,945930
v1,1791230640711968,SAT,20285,b097ef0536bef82c:0x38e26,966215
v1,1791230640734382,SAT,152,b097ef0536bef82c:0x38e26,966367
v1,1791230640735564,UNSAT,972,b097ef0536bef82c:0x38e26,967339
v1,1791230640735846,SAT,57,b097ef0536bef82c:0x38e26,967396
v1,1791230640736876,UNSAT,880,b097ef0536bef82c:0x38e26,968276
v1,1791230640737472,SAT,409,b097ef0536bef82c:0x38e26,968685
v1,1791230640738114,SAT,387,b097ef0536bef82c:0x38e26,969072
v1,1791230640744076,UNSAT,442,b097ef0536bef82c:0x38e6e,969514
v1,1791230640745668,SAT,1286,b097ef0536bef82c:0x38e6e,970800
v1,1791230640774130,SAT,20500,b097ef0536bef82c:0x38e6e,991300
v1,1791230640796672,SAT,132,b097ef0536bef82c:0x38e6e,991432
v1,1791230640798872,UNSAT,1975,b097ef0536bef82c:0x38e6e,993407
v1,1791230640799267,SAT,51,b097ef0536bef82c:0x38e6e,993458
v1,1791230640801344,UNSAT,1894,b097ef0536bef82c:0x38e6e,995352
v1,1791230640802215,SAT,583,b097ef0536bef82c:0x38e6e,995935
v1,1791230640803061,SAT,547,b097ef0536bef82c:0x38e6e,996482
v1,1791230640828516,SAT,20319,b097ef0536bef82c:0x38e6e,1016801
v1,1791230640851205,SAT,129,b097ef0536bef82c:0x38e6e,1016930
v1,1791230640852347,UNSAT,887,b097ef0536bef82c:0x38e6e,1017817
v1,1791230640852646,SAT,52,b097ef0536bef82c:0x38e6e,1017869
v1,1791230640853727,UNSAT,920,b097ef0536bef82c:0x38e6e,1018789
v1,1791230640854338,SAT,408,b097ef0536bef82c:0x38e6e,1019197
v1,1791230640854976,SAT,382,b097ef0536bef82c:0x38e6e,1019579
v1,1791230640861170,UNSAT,553,b097ef0536bef82c:0x38eb7,1020132
v1,1791230640862713,SAT,1241,b097ef0536bef82c:0x38eb7,1021373
v1,1791230640891455,SAT,20462,b097ef0536bef82c:0x38eb7,1041835
v1,1791230640914039,SAT,132,b097ef0536bef82c:0x38eb7,1041967
v1,1791230640916243,UNSAT,1995,b097ef0536bef82c:0x38eb7,1043962
v1,1791230640916628,SAT,55,b097ef0536bef82c:0x38eb7,1044017
v1,1791230640918711,UNSAT,1913,b097ef0536bef82c:0x38eb7,1045930
v1,1791230640919561,SAT,583,b097ef0536bef82c:0x38eb7,1046513
v1,1791230640920358,SAT,533,b097ef0536bef82c:0x38eb7,1047046
v1,1791230640945930,SAT,20210,b097ef0536bef82c:0x38eb7,1067256
v1,1791230640968215,SAT,128,b097ef0536bef82c:0x38eb7,1067384
v1,1791230640969269,UNSAT,853,b097ef0536bef82c:0x38eb7,1068237
v1,1791230640969507,SAT,44,b097ef0536bef82c:0x38eb7,1068281
v1,1791230640970491,UNSAT,853,b097ef0536bef82c:0x38eb7,1069134
v1,1791230640971061,SAT,396,b097ef0536bef82c:0x38eb7,1069530
v1,1791230640971711,SAT,413,b097ef0536bef82c:0x38eb7,1069943
v1,1791230640977991,UNSAT,457,b097ef0536bef82c:0x38f04,1070400
v1,1791230640979600,SAT,1305,b097ef0536bef82c:0x38f04,1071705
v1,1791230641008479,SAT,20478,b097ef0536bef82c:0x38f04,1092183
v1,1791230641030973,SAT,118,b097ef0536bef82c:0x38f04,1092301
v1,1791230641033314,UNSAT,2131,b097ef0536bef82c:0x38f04,1094432
v1,1791230641033813,SAT,59,b097ef0536bef82c:0x38f04,1094491
v1,1791230641036039,UNSAT,2039,b097ef0536bef82c:0x38f04,1096530
v1,1791230641036939,SAT,592,b097ef0536bef82c:0x38f04,1097122
v1,1791230641037780,SAT,558,b097ef0536bef82c:0x38f04,1097680
v1,1791230641063812,SAT,20356,b097ef0536bef82c:0x38f04,1118036
v1,1791230641086167,SAT,105,b097ef0536bef82c:0x38f04,1118141
v1,1791230641087278,UNSAT,910,b097ef0536bef82c:0x38f04,1119051
v1,1791230641087531,SAT,45,b097ef0536bef82c:0x38f04,1119096
v1,1791230641088508,UNSAT,842,b097ef0536bef82c:0x38f04,1119938
v1,1791230641089061,SAT,375,b097ef0536bef82c:0x38f04,1120313
v1,1791230641089680,SAT,381,b097ef0536bef82c:0x38f04,1120694
v1,1791230641096284,UNSAT,490,b097ef0536bef82c:0x38f50,1121184
v1,1791230641097884,SAT,1288,b097ef0536bef82c:0x38f50,1122472
v1,1791230641127263,SAT,20541,b097ef0536bef82c:0x38f50,1143013
v1,1791230641149963,SAT,115,b097ef0536bef82c:0x38f50,1143128
v1,1791230641152330,UNSAT,2155,b097ef0536bef82c:0x38f50,1145283
v1,1791230641152730,SAT,55,b097ef0536bef82c:0x38f50,1145338
v1,1791230641154794,UNSAT,1904,b097ef0536bef82c:0x38f50,1147242
v1,1791230641155644,SAT,572,b097ef0536bef82c:0x38f50,1147814
v1,1791230641156448,SAT,523,b097ef0536bef82c:0x38f50,1148337
v1,1791230641182680,SAT,20331,b097ef0536bef82c:0x38f50,1168668
v1,1791230641205100,SAT,111,b097ef0536bef82c:0x38f50,1168779
v1,1791230641206192,UNSAT,886,b097ef0536bef82c:0x38f50,1169665
v1,1791230641206458,SAT,50,b097ef0536bef82c:0x38f50,1169715
v1,1791230641207450,UNSAT,840,b097ef0536bef82c:0x38f50,1170555
v1,1791230641208002,SAT,382,b097ef0536bef82c:0x38f50,1170937
v1,1791230641208629,SAT,391,b097ef0536bef82c:0x38f50,1171328
v1,1791230641215177,UNSAT,470,b097ef0536bef82c:0x38f9c,1171798
v1,1791230641216920,SAT,1311,b097ef0536bef82c:0x38f9c,1173109
v1,1791230641246330,SAT,20460,b097ef0536bef82c:0x38f9c,1193569
v1,1791230641268990,SAT,141,b097ef0536bef82c:0x38f9c,1193710
v1,1791230641271435,UNSAT,2223,b097ef0536bef82c:0x38f9c,1195933
v1,1791230641271858,SAT,51,b097ef0536bef82c:0x38f9c,1195984
v1,1791230641274048,UNSAT,1977,b097ef0536bef82c:0x38f9c,1197961
v1,1791230641274960,SAT,598,b097ef0536bef82c:0x38f9c,1198559
v1,1791230641275878,SAT,604,b097ef0536bef82c:0x38f9c,1199163
v1,1791230641302904,SAT,20678,b097ef0536bef82c:0x38f9c,1219841
v1,1791230641325322,SAT,139,b097ef0536bef82c:0x38f9c,1219980
v1,1791230641326408,UNSAT,876,b097ef0536bef82c:0x38f9c,1220856
v1,1791230641326683,SAT,65,b097ef0536bef82c:0x38f9c,1220921
v1,1791230641327673,UNSAT,844,b097ef0536bef82c:0x38f9c,1221765
v1,1791230641328245,SAT,387,b097ef0536bef82c:0x38f9c,1222152
v1,1791230641328871,SAT,374,b097ef0536bef82c:0x38f9c,1222526
v1,1791230641336580,UNSAT,496,b097ef0536bef82c:0x38fe6,1223022
v1,1791230641338410,SAT,1518,b097ef0536bef82c:0x38fe6,1224540
v1,1791230641368110,SAT,20448,b097ef0536bef82c:0x38fe6,1244988
v1,1791230641390650,SAT,116,b097ef0536bef82c:0x38fe6,1245104
v1,1791230641393076,UNSAT,2208,b097ef0536bef82c:0x38fe6,1247312
v1,1791230641393465,SAT,43,b097ef0536bef82c:0x38fe6,1247355
v1,1791230641395539,UNSAT,1902,b097ef0536bef82c:0x38fe6,1249257
v1,1791230641396392,SAT,574,b097ef0536bef82c:0x38fe6,1249831
v1,1791230641397207,SAT,533,b097ef0536bef82c:0x38fe6,1250364
v1,1791230641424024,SAT,20358,b097ef0536bef82c:0x38fe6,1270722
v1,1791230641446409,SAT,132,b097ef0536bef82c:0x38fe6,1270854
v1,1791230641447507,UNSAT,900,b097ef0536bef82c:0x38fe6,1271754
v1,1791230641447765,SAT,44,b097ef0536bef82c:0x38fe6,1271798
v1,1791230641448764,UNSAT,857,b097ef0536bef82c:0x38fe6,1272655
v1,1791230641449313,SAT,371,b097ef0536bef82c:0x38fe6,1273026
v1,1791230641449933,SAT,382,b097ef0536bef82c:0x38fe6,1273408
v1,1791230641457297,UNSAT,507,b097ef0536bef82c:0x3902e,1273915
v1,1791230641459007,SAT,1355,b097ef0536bef82c:0x3902e,1275270
v1,1791230641489185,SAT,20486,b097ef0536bef82c:0x3902e,1295756
v1,1791230641511751,SAT,113,b097ef0536bef82c:0x3902e,1295869
v1,1791230641514103,UNSAT,2136,b097ef0536bef82c:0x3902e,1298005
v1,1791230641514527,SAT,57,b097ef0536bef82c:0x3902e,1298062
v1,1791230641516663,UNSAT,1945,b097ef0536bef82c:0x3902e,1300007
v1,1791230641517538,SAT,589,b097ef0536bef82c:0x3902e,1300596
v1,1791230641518386,SAT,561,b097ef0536bef82c:0x3902e,1301157
v1,1791230641546685,SAT,20511,b097ef0536bef82c:0x3902e,1321668
v1,1791230641569435,SAT,116,b097ef0536bef82c:0x3902e,1321784
v1,1791230641570610,UNSAT,954,b097ef0536bef82c:0x3902e,1322738
v1,1791230641570881,SAT,52,b097ef0536bef82c:0x3902e,1322790
v1,1791230641571893,UNSAT,859,b097ef0536bef82c:0x3902e,1323649
v1,1791230641572474,SAT,391,b097ef0536bef82c:0x3902e,1324040
v1,1791230641573096,SAT,372,b097ef0536bef82c:0x3902e,1324412
v1,1791230641581766,UNSAT,512,b097ef0536bef82c:0x39077,1324924
v1,1791230641583345,SAT,1283,b097ef0536bef82c:0x39077,1326207
v1,1791230641613894,SAT,20473,b097ef0536bef82c:0x39077,1346680
v1,1791230641636550,SAT,108,b097ef0536bef82c:0x39077,1346788
v1,1791230641638804,UNSAT,2041,b097ef0536bef82c:0x39077,1348829
v1,1791230641639207,SAT,49,b097ef0536bef82c:0x39077,1348878
v1,1791230641641362,UNSAT,1948,b097ef0536bef82c:0x39077,1350826
v1,1791230641642215,SAT,574,b097ef0536bef82c:0x39077,1351400
v1,1791230641643050,SAT,547,b097ef0536bef82c:0x39077,1351947
v1,1791230641670612,SAT,20372,b097ef0536bef82c:0x39077,1372319
v1,1791230641693068,SAT,115,b097ef0536bef82c:0x39077,1372434
v1,1791230641694187,UNSAT,907,b097ef0536bef82c:0x39077,1373341
v1,1791230641694463,SAT,44,b097ef0536bef82c:0x39077,1373385
v1,1791230641695455,UNSAT,851,b097ef0536bef82c:0x39077,1374236
v1,1791230641696009,SAT,370,b097ef0536bef82c:0x39077,1374606
v1,1791230641696630,SAT,376,b097ef0536bef82c:0x39077,1374982
v1,1791230641704787,UNSAT,477,b097ef0536bef82c:0x390c4,1375459
v1,1791230641706375,SAT,1291,b097ef0536bef82c:0x390c4,1376750
v1,1791230641737107,SAT,20519,b097ef0536bef82c:0x390c4,1397269
v1,1791230641759708,SAT,111,b097ef0536bef82c:0x390c4,1397380
v1,1791230641761975,UNSAT,2058,b097ef0536bef82c:0x390c4,1399438
v1,1791230641762391,SAT,54,b097ef0536bef82c:0x390c4,1399492
v1,1791230641764594,UNSAT,1998,b097ef0536bef82c:0x390c4,1401490
v1,1791230641765487,SAT,591,b097ef0536bef82c:0x390c4,1402081
v1,1791230641766328,SAT,521,b097ef0536bef82c:0x390c4,1402602
v1,1791230641794263,SAT,20318,b097ef0536bef82c:0x390c4,1422920
v1,1791230641816714,SAT,109,b097ef0536bef82c:0x390c4,1423029
v1,1791230641817807,UNSAT,894,b097ef0536bef82c:0x390c4,1423923
v1,1791230641818055,SAT,38,b097ef0536bef82c:0x390c4,1423961
v1,1791230641819040,UNSAT,847,b097ef0536bef82c:0x390c4,1424808
v1,1791230641819602,SAT,388,b097ef0536bef82c:0x390c4,1425196
v1,1791230641820211,SAT,370,b097ef0536bef82c:0x390c4,1425566
v1,1791230641848606,SAT,20422,b097ef0536bef82c:0x390c4,1445988
v1,1791230641871045,SAT,109,b097ef0536bef82c:0x390c4,1446097
v1,1791230641871946,UNSAT,660,b097ef0536bef82c:0x390c4,1446757
v1,1791230641872166,SAT,59,b097ef0536bef82c:0x390c4,1446816
v1,1791230641872981,SAT,646,b097ef0536bef82c:0x390c4,1447462
v1,1791230641873731,UNSAT,610,b097ef0536bef82c:0x390c4,1448072
v1,1791230641874369,SAT,425,b097ef0536bef82c:0x390c4,1448497
v1,1791230641875111,SAT,427,b097ef0536bef82c:0x390c4,1448924
v1,1791230641902933,SAT,20727,b097ef0536bef82c:0x390c4,1469651
v1,1791230641925658,SAT,116,b097ef0536bef82c:0x390c4,1469767
v1,1791230641926529,UNSAT,641,b097ef0536bef82c:0x390c4,1470408
v1,1791230641926746,SAT,45,b097ef0536bef82c:0x390c4,1470453
v1,1791230641927529,UNSAT,628,b097ef0536bef82c:0x390c4,1471081
v1,1791230641928175,SAT,418,b097ef0536bef82c:0x390c4,1471499
v1,1791230641928924,SAT,430,b097ef0536bef82c:0x390c4,1471929
v1,1791230641956961,SAT,20697,b097ef0536bef82c:0x390c4,1492626
v1,1791230641979807,SAT,116,b097ef0536bef82c:0x390c4,1492742
v1,1791230641980663,UNSAT,625,b097ef0536bef82c:0x390c4,1493367
v1,1791230641980872,SAT,51,b097ef0536bef82c:0x390c4,1493418
v1,1791230641981649,UNSAT,629,b097ef0536bef82c:0x390c4,1494047
v1,1791230641982286,SAT,424,b097ef0536bef82c:0x390c4,1494471
v1,1791230641983023,SAT,429,b097ef0536bef82c:0x390c4,1494900
v1,1791230642002381,UNSAT,249,b097ef0536bef82c:0x2f88c,1495149
v1,1791230642002830,UNSAT,147,b097ef0536bef82c:0x2f88c,1495296
v1,1791230642058658,UNSAT,20720,b097ef0536bef82c:0x2facb,1516016
v1,1791230642059266,UNSAT,262,b097ef0536bef82c:0x2facb,1516278
v1,1791230642089699,UNSAT,20818,b097ef0536bef82c:0x2fb1e,1537096
v1,1791230642090354,UNSAT,297,b097ef0536bef82c:0x2fb1e,1537393
v1,1791230642113888,UNSAT,542,b097ef0536bef82c:0x9f830,1537935
v1,1791230642129856,UNSAT,15655,b097ef0536bef82c:0x9f830,1553590
v1,1791230642137724,UNSAT,486,b097ef0536bef82c:0x9f83a,1554076
v1,1791230642138328,UNSAT,283,b097ef0536bef82c:0x9f83a,1554359
v1,1791230642163481,SAT,18520,b097ef0536bef82c:0x9f83a,1572879
v1,1791230642202811,SAT,161,b097ef0536bef82c:0x9f83a,1573040
v1,1791230642203771,UNSAT,705,b097ef0536bef82c:0x9f83a,1573745
v1,1791230642204213,SAT,72,b097ef0536bef82c:0x9f83a,1573817
v1,1791230642204806,UNSAT,408,b097ef0536bef82c:0x9f83a,1574225
v1,1791230642205376,SAT,238,b097ef0536bef82c:0x9f83a,1574463
v1,1791230642206106,SAT,272,b097ef0536bef82c:0x9f83a,1574735
v1,1791230642232314,SAT,18447,b097ef0536bef82c:0x9f83a,1593182
v1,1791230642271169,SAT,152,b097ef0536bef82c:0x9f83a,1593334
v1,1791230642271851,UNSAT,435,b097ef0536bef82c:0x9f83a,1593769
v1,1791230642272241,SAT,38,b097ef0536bef82c:0x9f83a,1593807
v1,1791230642272800,UNSAT,323,b097ef0536bef82c:0x9f83a,1594130
v1,1791230642273254,SAT,101,b097ef0536bef82c:0x9f83a,1594231
v1,1791230642273779,SAT,101,b097ef0536bef82c:0x9f83a,1594332
v1,1791230642299169,SAT,18389,b097ef0536bef82c:0x9f83a,1612721
v1,1791230642338375,SAT,163,b097ef0536bef82c:0x9f83a,1612884
v1,1791230642338887,UNSAT,303,b097ef0536bef82c:0x9f83a,1613187
v1,1791230642339314,SAT,72,b097ef0536bef82c:0x9f83a,1613259
v1,1791230642339685,UNSAT,233,b097ef0536bef82c:0x9f83a,1613492
v1,1791230642340014,SAT,95,b097ef0536bef82c:0x9f83a,1613587
v1,1791230642340438,SAT,100,b097ef0536bef82c:0x9f83a,1613687
v1,1791230642348758,UNSAT,441,b097ef0536bef82c:0x9f85c,1614128
v1,1791230642349352,UNSAT,285,b097ef0536bef82c:0x9f85c,1614413
v1,1791230642375840,SAT,18450,b097ef0536bef82c:0x9f85c,1632863
v1,1791230642414596,SAT,158,b097ef0536bef82c:0x9f85c,1633021
v1,1791230642415537,UNSAT,692,b097ef0536bef82c:0x9f85c,1633713
v1,1791230642415964,SAT,36,b097ef0536bef82c:0x9f85c,1633749
v1,1791230642416516,UNSAT,374,b097ef0536bef82c:0x9f85c,1634123
v1,1791230642417086,SAT,242,b097ef0536bef82c:0x9f85c,1634365
v1,1791230642417797,SAT,252,b097ef0536bef82c:0x9f85c,1634617
v1,1791230642444335,SAT,18411,b097ef0536bef82c:0x9f85c,1653028
v1,1791230642483755,SAT,163,b097ef0536bef82c:0x9f85c,1653191
v1,1791230642484435,UNSAT,440,b097ef0536bef82c:0x9f85c,1653631
v1,1791230642484853,SAT,41,b097ef0536bef82c:0x9f85c,1653672
v1,1791230642485367,UNSAT,334,b097ef0536bef82c:0x9f85c,1654006
v1,1791230642485824,SAT,104,b097ef0536bef82c:0x9f85c,1654110
v1,1791230642486354,SAT,115,b097ef0536bef82c:0x9f85c,1654225
v1,1791230642512466,SAT,18382,b097ef0536bef82c:0x9f85c,1672607
v1,1791230642551091,SAT,154,b097ef0536bef82c:0x9f85c,1672761
v1,1791230642551579,UNSAT,285,b097ef0536bef82c:0x9f85c,1673046
v1,1791230642551968,SAT,42,b097ef0536bef82c:0x9f85c,1673088
v1,1791230642552327,UNSAT,231,b097ef0536bef82c:0x9f85c,1673319
v1,1791230642552665,SAT,99,b097ef0536bef82c:0x9f85c,1673418
v1,1791230642553073,SAT,92,b097ef0536bef82c:0x9f85c,1673510
v1,1791230642561905,UNSAT,482,b097ef0536bef82c:0x9f88e,1673992
v1,1791230642562499,UNSAT,272,b097ef0536bef82c:0x9f88e,1674264
v1,1791230642588621,SAT,18317,b097ef0536bef82c:0x9f88e,1692581
v1,1791230642627538,SAT,249,b097ef0536bef82c:0x9f88e,1692830
v1,1791230642628464,UNSAT,657,b097ef0536bef82c:0x9f88e,1693487
v1,1791230642628879,SAT,40,b097ef0536bef82c:0x9f88e,1693527
v1,1791230642629440,UNSAT,374,b097ef0536bef82c:0x9f88e,1693901
v1,1791230642630033,SAT,246,b097ef0536bef82c:0x9f88e,1694147
v1,1791230642630720,SAT,243,b097ef0536bef82c:0x9f88e,1694390
v1,1791230642657731,SAT,18254,b097ef0536bef82c:0x9f88e,1712644
v1,1791230642696652,SAT,293,b097ef0536bef82c:0x9f88e,1712937
v1,1791230642697367,UNSAT,470,b097ef0536bef82c:0x9f88e,1713407
v1,1791230642697766,SAT,38,b097ef0536bef82c:0x9f88e,1713445
v1,1791230642698302,UNSAT,352,b097ef0536bef82c:0x9f88e,1713797
v1,1791230642698747,SAT,102,b097ef0536bef82c:0x9f88e,1713899
v1,1791230642699244,SAT,99,b097ef0536bef82c:0x9f88e,1713998
v1,1791230642725964,SAT,18318,b097ef0536bef82c:0x9f88e,1732316
v1,1791230642766470,SAT,153,b097ef0536bef82c:0x9f88e,1732469
v1,1791230642766970,UNSAT,294,b097ef0536bef82c:0x9f88e,1732763
v1,1791230642767376,SAT,56,b097ef0536bef82c:0x9f88e,1732819
v1,1791230642767851,UNSAT,275,b097ef0536bef82c:0x9f88e,1733094
v1,1791230642768240,SAT,108,b097ef0536bef82c:0x9f88e,1733202
v1,1791230642768726,SAT,100,b097ef0536bef82c:0x9f88e,1733302
v1,1791230642796503,SAT,18473,b097ef0536bef82c:0x9f88e,1751775
v1,1791230642835203,SAT,169,b097ef0536bef82c:0x9f88e,1751944
v1,1791230642836124,UNSAT,668,b097ef0536bef82c:0x9f88e,1752612
v1,1791230642836542,SAT,43,b097ef0536bef82c:0x9f88e,1752655
v1,1791230642837101,UNSAT,368,b097ef0536bef82c:0x9f88e,1753023
v1,1791230642837692,SAT,245,b097ef0536bef82c:0x9f88e,1753268
v1,1791230642838388,SAT,246,b097ef0536bef82c:0x9f88e,1753514
v1,1791230642865773,SAT,18361,b097ef0536bef82c:0x9f88e,1771875
v1,1791230642904645,SAT,157,b097ef0536bef82c:0x9f88e,1772032
v1,1791230642905339,UNSAT,451,b097ef0536bef82c:0x9f88e,1772483
v1,1791230642905742,SAT,35,b097ef0536bef82c:0x9f88e,1772518
v1,1791230642906243,UNSAT,323,b097ef0536bef82c:0x9f88e,1772841
v1,1791230642906690,SAT,106,b097ef0536bef82c:0x9f88e,1772947
v1,1791230642907226,SAT,98,b097ef0536bef82c:0x9f88e,1773045
v1,1791230642934540,SAT,18395,b097ef0536bef82c:0x9f88e,1791440
v1,1791230642973340,SAT,223,b097ef0536bef82c:0x9f88e,1791663
v1,1791230642973889,UNSAT,335,b097ef0536bef82c:0x9f88e,1791998
v1,1791230642974301,SAT,48,b097ef0536bef82c:0x9f88e,1792046
v1,1791230642974661,UNSAT,219,b097ef0536bef82c:0x9f88e,1792265
v1,1791230642975005,SAT,103,b097ef0536bef82c:0x9f88e,1792368
v1,1791230642975443,SAT,112,b097ef0536bef82c:0x9f88e,1792480
v1,1791230643018109,UNSAT,32798,b097ef0536bef82c:0x9f8cb,1825278
v1,1791230643018766,UNSAT,270,b097ef0536bef82c:0x9f8cb,1825548
v1,1791230643030723,UNSAT,565,b097ef0536bef82c:0x9f8e8,1826113
v1,1791230643031304,UNSAT,282,b097ef0536bef82c:0x9f8e8,1826395
v1,1791230643060556,SAT,18443,b097ef0536bef82c:0x9f8e8,1844838
v1,1791230643099550,SAT,150,b097ef0536bef82c:0x9f8e8,1844988
v1,1791230643100492,UNSAT,689,b097ef0536bef82c:0x9f8e8,1845677
v1,1791230643100916,SAT,54,b097ef0536bef82c:0x9f8e8,1845731
v1,1791230643101562,UNSAT,386,b097ef0536bef82c:0x9f8e8,1846117
v1,1791230643102195,SAT,265,b097ef0536bef82c:0x9f8e8,1846382
v1,1791230643102929,SAT,254,b097ef0536bef82c:0x9f8e8,1846636
v1,1791230643131524,SAT,18429,b097ef0536bef82c:0x9f8e8,1865065
v1,1791230643170694,SAT,161,b097ef0536bef82c:0x9f8e8,1865226
v1,1791230643171603,UNSAT,658,b097ef0536bef82c:0x9f8e8,1865884
v1,1791230643171987,SAT,42,b097ef0536bef82c:0x9f8e8,1865926
v1,1791230643172519,UNSAT,357,b097ef0536bef82c:0x9f8e8,1866283
v1,1791230643173071,SAT,241,b097ef0536bef82c:0x9f8e8,1866524
v1,1791230643173718,SAT,225,b097ef0536bef82c:0x9f8e8,1866749
v1,1791230643202047,SAT,18421,b097ef0536bef82c:0x9f8e8,1885170
v1,1791230643241031,SAT,149,b097ef0536bef82c:0x9f8e8,1885319
v1,1791230643241979,UNSAT,693,b097ef0536bef82c:0x9f8e8,1886012
v1,1791230643242387,SAT,44,b097ef0536bef82c:0x9f8e8,1886056
v1,1791230643242903,UNSAT,345,b097ef0536bef82c:0x9f8e8,1886401
v1,1791230643243462,SAT,242,b097ef0536bef82c:0x9f8e8,1886643
v1,1791230643244108,SAT,229,b097ef0536bef82c:0x9f8e8,1886872
v1,1791230643272651,SAT,18351,b097ef0536bef82c:0x9f8e8,1905223
v1,1791230643311522,SAT,155,b097ef0536bef82c:0x9f8e8,1905378
v1,1791230643312422,UNSAT,661,b097ef0536bef82c:0x9f8e8,1906039
v1,1791230643312831,SAT,38,b097ef0536bef82c:0x9f8e8,1906077
v1,1791230643313380,UNSAT,361,b097ef0536bef82c:0x9f8e8,1906438
v1,1791230643313951,SAT,245,b097ef0536bef82c:0x9f8e8,1906683
v1,1791230643314637,SAT,248,b097ef0536bef82c:0x9f8e8,1906931
v1,1791230643359215,UNSAT,33129,b097ef0536bef82c:0x9f936,1940060
v1,1791230643359876,UNSAT,287,b097ef0536bef82c:0x9f936,1940347
v1,1791230643388599,SAT,18363,b097ef0536bef82c:0x9f936,1958710
v1,1791230643427627,SAT,151,b097ef0536bef82c:0x9f936,1958861
v1,1791230643428522,UNSAT,659,b097ef0536bef82c:0x9f936,1959520
v1,1791230643428939,SAT,55,b097ef0536bef82c:0x9f936,1959575
v1,1791230643429467,UNSAT,365,b097ef0536bef82c:0x9f936,1959940
v1,1791230643430012,SAT,231,b097ef0536bef82c:0x9f936,1960171
v1,1791230643430697,SAT,246,b097ef0536bef82c:0x9f936,1960417
v1,1791230643459167,SAT,18402,b097ef0536bef82c:0x9f936,1978819
v1,1791230643498079,SAT,161,b097ef0536bef82c:0x9f936,1978980
v1,1791230643498951,UNSAT,628,b097ef0536bef82c:0x9f936,1979608
v1,1791230643499364,SAT,56,b097ef0536bef82c:0x9f936,1979664
v1,1791230643499882,UNSAT,354,b097ef0536bef82c:0x9f936,1980018
v1,1791230643500440,SAT,243,b097ef0536bef82c:0x9f936,1980261
v1,1791230643501088,SAT,229,b097ef0536bef82c:0x9f936,1980490
v1,1791230643529740,SAT,18289,b097ef0536bef82c:0x9f936,1998779
v1,1791230643568586,SAT,147,b097ef0536bef82c:0x9f936,1998926
v1,1791230643569495,UNSAT,672,b097ef0536bef82c:0x9f936,1999598
v1,1791230643569897,SAT,36,b097ef0536bef82c:0x9f936,1999634
v1,1791230643570468,UNSAT,396,b097ef0536bef82c:0x9f936,2000030
v1,1791230643571018,SAT,234,b097ef0536bef82c:0x9f936,2000264
v1,1791230643571707,SAT,243,b097ef0536bef82c:0x9f936,2000507
v1,1791230643600538,SAT,18291,b097ef0536bef82c:0x9f936,2018798
v1,1791230643639503,SAT,163,b097ef0536bef82c:0x9f936,2018961
v1,1791230643640414,UNSAT,658,b097ef0536bef82c:0x9f936,2019619
v1,1791230643640825,SAT,46,b097ef0536bef82c:0x9f936,2019665
v1,1791230643641374,UNSAT,367,b097ef0536bef82c:0x9f936,2020032
v1,1791230643641925,SAT,240,b097ef0536bef82c:0x9f936,2020272
v1,1791230643642605,SAT,236,b097ef0536bef82c:0x9f936,2020508
v1,1791230643687157,UNSAT,32905,b097ef0536bef82c:0x9f936,2053413
v1,1791230643687787,UNSAT,288,b097ef0536bef82c:0x9f936,2053701
v1,1791230643716719,SAT,18397,b097ef0536bef82c:0x9f936,2072098
v1,1791230643755563,SAT,156,b097ef0536bef82c:0x9f936,2072254
v1,1791230643756463,UNSAT,667,b097ef0536bef82c:0x9f936,2072921
v1,1791230643756861,SAT,42,b097ef0536bef82c:0x9f936,2072963
v1,1791230643757382,UNSAT,357,b097ef0536bef82c:0x9f936,2073320
v1,1791230643757929,SAT,232,b097ef0536bef82c:0x9f936,2073552
v1,1791230643758644,SAT,247,b097ef0536bef82c:0x9f936,2073799
v1,1791230643788156,SAT,18393,b097ef0536bef82c:0x9f936,2092192
v1,1791230643827077,SAT,148,b097ef0536bef82c:0x9f936,2092340
v1,1791230643827953,UNSAT,627,b097ef0536bef82c:0x9f936,2092967
v1,1791230643828356,SAT,39,b097ef0536bef82c:0x9f936,2093006
v1,1791230643828895,UNSAT,358,b097ef0536bef82c:0x9f936,2093364
v1,1791230643829448,SAT,240,b097ef0536bef82c:0x9f936,2093604
v1,1791230643830130,SAT,237,b097ef0536bef82c:0x9f936,2093841
v1,1791230643859862,SAT,18358,b097ef0536bef82c:0x9f936,2112199
v1,1791230643898783,SAT,151,b097ef0536bef82c:0x9f936,2112350
v1,1791230643899965,UNSAT,943,b097ef0536bef82c:0x9f936,2113293
v1,1791230643900425,SAT,50,b097ef0536bef82c:0x9f936,2113343
v1,1791230643901024,UNSAT,398,b097ef0536bef82c:0x9f936,2113741
v1,1791230643901613,SAT,240,b097ef0536bef82c:0x9f936,2113981
v1,1791230643902333,SAT,252,b097ef0536bef82c:0x9f936,2114233
v1,1791230643932654,SAT,18462,b097ef0536bef82c:0x9f936,2132695
v1,1791230643971613,SAT,154,b097ef0536bef82c:0x9f936,2132849
v1,1791230643972563,UNSAT,697,b097ef0536bef82c:0x9f936,2133546
v1,1791230643973056,SAT,58,b097ef0536bef82c:0x9f936,2133604
v1,1791230643973648,UNSAT,370,b097ef0536bef82c:0x9f936,2133974
v1,1791230643974242,SAT,241,b097ef0536bef82c:0x9f936,2134215
v1,1791230643974909,SAT,235,b097ef0536bef82c:0x9f936,2134450
v1,1791230644020586,UNSAT,33011,b097ef0536bef82c:0x9f936,2167461
v1,1791230644021232,UNSAT,290,b097ef0536bef82c:0x9f936,2167751
v1,1791230644051265,SAT,18373,b097ef0536bef82c:0x9f936,2186124
v1,1791230644090213,SAT,153,b097ef0536bef82c:0x9f936,2186277
v1,1791230644091143,UNSAT,675,b097ef0536bef82c:0x9f936,2186952
v1,1791230644091571,SAT,37,b097ef0536bef82c:0x9f936,2186989
v1,1791230644092106,UNSAT,354,b097ef0536bef82c:0x9f936,2187343
v1,1791230644092665,SAT,240,b097ef0536bef82c:0x9f936,2187583
v1,1791230644093346,SAT,243,b097ef0536bef82c:0x9f936,2187826
v1,1791230644124048,SAT,18390,b097ef0536bef82c:0x9f936,2206216
v1,1791230644162895,SAT,149,b097ef0536bef82c:0x9f936,2206365
v1,1791230644163802,UNSAT,665,b097ef0536bef82c:0x9f936,2207030
v1,1791230644164206,SAT,48,b097ef0536bef82c:0x9f936,2207078
v1,1791230644164754,UNSAT,356,b097ef0536bef82c:0x9f936,2207434
v1,1791230644165333,SAT,255,b097ef0536bef82c:0x9f936,2207689
v1,1791230644165982,SAT,235,b097ef0536bef82c:0x9f936,2207924
v1,1791230644196907,SAT,18374,b097ef0536bef82c:0x9f936,2226298
v1,1791230644235785,SAT,153,b097ef0536bef82c:0x9f936,2226451
v1,1791230644236714,UNSAT,688,b097ef0536bef82c:0x9f936,2227139
v1,1791230644237128,SAT,47,b097ef0536bef82c:0x9f936,2227186
v1,1791230644237669,UNSAT,365,b097ef0536bef82c:0x9f936,2227551
v1,1791230644238208,SAT,227,b097ef0536bef82c:0x9f936,2227778
v1,1791230644238892,SAT,239,b097ef0536bef82c:0x9f936,2228017
v1,1791230644270043,SAT,18383,b097ef0536bef82c:0x9f936,2246400
v1,1791230644308877,SAT,149,b097ef0536bef82c:0x9f936,2246549
v1,1791230644309781,UNSAT,664,b097ef0536bef82c:0x9f936,2247213
v1,1791230644310194,SAT,36,b097ef0536bef82c:0x9f936,2247249
v1,1791230644310743,UNSAT,358,b097ef0536bef82c:0x9f936,2247607
v1,1791230644311300,SAT,239,b097ef0536bef82c:0x9f936,2247846
v1,1791230644311978,SAT,240,b097ef0536bef82c:0x9f936,2248086
v1,1791230644362790,UNSAT,33444,b097ef0536bef82c:0x9f936,2281530
v1,1791230644363501,UNSAT,336,b097ef0536bef82c:0x9f936,2281866
v1,1791230644395705,SAT,18568,b097ef0536bef82c:0x9f936,2300434
v1,1791230644434899,SAT,147,b097ef0536bef82c:0x9f936,2300581
v1,1791230644435817,UNSAT,676,b097ef0536bef82c:0x9f936,2301257
v1,1791230644436232,SAT,39,b097ef0536bef82c:0x9f936,2301296
v1,1791230644436767,UNSAT,352,b097ef0536bef82c:0x9f936,2301648
v1,1791230644437338,SAT,243,b097ef0536bef82c:0x9f936,2301891
v1,1791230644437986,SAT,235,b097ef0536bef82c:0x9f936,2302126
v1,1791230644470593,SAT,18388,b097ef0536bef82c:0x9f936,2320514
v1,1791230644510104,SAT,158,b097ef0536bef82c:0x9f936,2320672
v1,1791230644511033,UNSAT,671,b097ef0536bef82c:0x9f936,2321343
v1,1791230644511434,SAT,45,b097ef0536bef82c:0x9f936,2321388
v1,1791230644511963,UNSAT,350,b097ef0536bef82c:0x9f936,2321738
v1,1791230644512541,SAT,249,b097ef0536bef82c:0x9f936,2321987
v1,1791230644513208,SAT,248,b097ef0536bef82c:0x9f936,2322235
v1,1791230644546802,SAT,18439,b097ef0536bef82c:0x9f936,2340674
v1,1791230644585962,SAT,147,b097ef0536bef82c:0x9f936,2340821
v1,1791230644586876,UNSAT,674,b097ef0536bef82c:0x9f936,2341495
v1,1791230644587296,SAT,49,b097ef0536bef82c:0x9f936,2341544
v1,1791230644587862,UNSAT,363,b097ef0536bef82c:0x9f936,2341907
v1,1791230644588434,SAT,247,b097ef0536bef82c:0x9f936,2342154
v1,1791230644589144,SAT,247,b097ef0536bef82c:0x9f936,2342401
v1,1791230644616285,SAT,18364,b097ef0536bef82c:0x9f936,2360765
v1,1791230644655837,SAT,161,b097ef0536bef82c:0x9f936,2360926
v1,1791230644656748,UNSAT,671,b097ef0536bef82c:0x9f936,2361597
v1,1791230644657150,SAT,40,b097ef0536bef82c:0x9f936,2361637
v1,1791230644657679,UNSAT,353,b097ef0536bef82c:0x9f936,2361990
v1,1791230644658228,SAT,237,b097ef0536bef82c:0x9f936,2362227
v1,1791230644658917,SAT,240,b097ef0536bef82c:0x9f936,2362467
v1,1791230644703928,UNSAT,33200,b097ef0536bef82c:0x9f936,2395667
v1,1791230644704587,UNSAT,288,b097ef0536bef82c:0x9f936,2395955
v1,1791230644734066,SAT,18458,b097ef0536bef82c:0x9f936,2414413
v1,1791230644773379,SAT,165,b097ef0536bef82c:0x9f936,2414578
v1,1791230644774301,UNSAT,671,b097ef0536bef82c:0x9f936,2415249
v1,1791230644774717,SAT,37,b097ef0536bef82c:0x9f936,2415286
v1,1791230644775254,UNSAT,354,b097ef0536bef82c:0x9f936,2415640
v1,1791230644775826,SAT,239,b097ef0536bef82c:0x9f936,2415879
v1,1791230644776533,SAT,244,b097ef0536bef82c:0x9f936,2416123
v1,1791230644807043,SAT,18531,b097ef0536bef82c:0x9f936,2434654
v1,1791230644846306,SAT,167,b097ef0536bef82c:0x9f936,2434821
v1,1791230644847190,UNSAT,628,b097ef0536bef82c:0x9f936,2435449
v1,1791230644847625,SAT,59,b097ef0536bef82c:0x9f936,2435508
v1,1791230644848267,UNSAT,398,b097ef0536bef82c:0x9f936,2435906
v1,1791230644848911,SAT,266,b097ef0536bef82c:0x9f936,2436172
v1,1791230644849706,SAT,286,b097ef0536bef82c:0x9f936,2436458
v1,1791230644882608,SAT,18723,b097ef0536bef82c:0x9f936,2455181
v1,1791230644921968,SAT,154,b097ef0536bef82c:0x9f936,2455335
v1,1791230644922889,UNSAT,671,b097ef0536bef82c:0x9f936,2456006
v1,1791230644923305,SAT,40,b097ef0536bef82c:0x9f936,2456046
v1,1791230644923864,UNSAT,364,b097ef0536bef82c:0x9f936,2456410
v1,1791230644924443,SAT,250,b097ef0536bef82c:0x9f936,2456660
v1,1791230644925098,SAT,241,b097ef0536bef82c:0x9f936,2456901
v1,1791230644956796,SAT,18652,b097ef0536bef82c:0x9f936,2475553
v1,1791230644996054,SAT,150,b097ef0536bef82c:0x9f936,2475703
v1,1791230644996964,UNSAT,653,b097ef0536bef82c:0x9f936,2476356
v1,1791230644997375,SAT,48,b097ef0536bef82c:0x9f936,2476404
v1,1791230644997940,UNSAT,377,b097ef0536bef82c:0x9f936,2476781
v1,1791230644998506,SAT,237,b097ef0536bef82c:0x9f936,2477018
v1,1791230644999173,SAT,240,b097ef0536bef82c:0x9f936,2477258
v1,1791230645016960,UNSAT,751,b097ef0536bef82c:0x9f936,2478009
v1,1791230645017582,UNSAT,301,b097ef0536bef82c:0x9f936,2478310
v1,1791230645038331,UNSAT,233,b097ef0536bef82c:0x2fb82,2478543
v1,1791230645038796,UNSAT,144,b097ef0536bef82c:0x2fb82,2478687
v1,1791230645068859,UNSAT,239,b097ef0536bef82c:0x2fcb3,2478926
v1,1791230645069336,UNSAT,155,b097ef0536bef82c:0x2fcb3,2479081
v1,1791230645075605,UNSAT,264,b097ef0536bef82c:0x2fcff,2479345
v1,1791230645076051,SAT,158,b097ef0536bef82c:0x2fcff,2479503
v1,1791230645095175,UNSAT,659,b097ef0536bef82c:0x5a135,2480162
v1,1791230645095827,UNSAT,314,b097ef0536bef82c:0x5a135,2480476
v1,1791230645097386,UNSAT,190,b097ef0536bef82c:0x5a17d,2480666
v1,1791230645097769,UNSAT,136,b097ef0536bef82c:0x5a17d,2480802
v1,1791230645117167,UNSAT,237,b097ef0536bef82c:0x5a1cd,2481039
v1,1791230645117614,UNSAT,137,b097ef0536bef82c:0x5a1cd,2481176
v1,1791230645136392,UNSAT,688,b097ef0536bef82c:0x5b758,2481864
v1,1791230645165829,UNSAT,29129,b097ef0536bef82c:0x5b758,2510993
v1,1791230645205784,SAT,18663,b097ef0536bef82c:0x5b758,2529656
v1,1791230645281194,SAT,400,b097ef0536bef82c:0x5b758,2530056
v1,1791230645282310,UNSAT,875,b097ef0536bef82c:0x5b758,2530931
v1,1791230645283983,SAT,56,b097ef0536bef82c:0x5b758,2530987
v1,1791230645284556,UNSAT,358,b097ef0536bef82c:0x5b758,2531345
v1,1791230645285908,SAT,275,b097ef0536bef82c:0x5b758,2531620
v1,1791230645287394,SAT,289,b097ef0536bef82c:0x5b758,2531909
v1,1791230645323911,SAT,18647,b097ef0536bef82c:0x5b758,2550556
v1,1791230645396979,SAT,390,b097ef0536bef82c:0x5b758,2550946
v1,1791230645398170,UNSAT,917,b097ef0536bef82c:0x5b758,2551863
v1,1791230645399887,SAT,54,b097ef0536bef82c:0x5b758,2551917
v1,1791230645400516,UNSAT,387,b097ef0536bef82c:0x5b758,2552304
v1,1791230645401961,SAT,264,b097ef0536bef82c:0x5b758,2552568
v1,1791230645403598,SAT,290,b097ef0536bef82c:0x5b758,2552858
v1,1791230645439756,SAT,18527,b097ef0536bef82c:0x5b758,2571385
v1,1791230645513294,SAT,424,b097ef0536bef82c:0x5b758,2571809
v1,1791230645514556,UNSAT,961,b097ef0536bef82c:0x5b758,2572770
v1,1791230645516361,SAT,49,b097ef0536bef82c:0x5b758,2572819
v1,1791230645517003,UNSAT,397,b097ef0536bef82c:0x5b758,2573216
v1,1791230645518606,SAT,285,b097ef0536bef82c:0x5b758,2573501
v1,1791230645520220,SAT,276,b097ef0536bef82c:0x5b758,2573777
v1,1791230645556514,SAT,18422,b097ef0536bef82c:0x5b758,2592199
v1,1791230645630068,SAT,396,b097ef0536bef82c:0x5b758,2592595
v1,1791230645631244,UNSAT,910,b097ef0536bef82c:0x5b758,2593505
v1,1791230645632942,SAT,83,b097ef0536bef82c:0x5b758,2593588
v1,1791230645633543,UNSAT,386,b097ef0536bef82c:0x5b758,2593974
v1,1791230645635029,SAT,280,b097ef0536bef82c:0x5b758,2594254
v1,1791230645636668,SAT,275,b097ef0536bef82c:0x5b758,2594529
v1,1791230645673682,SAT,18494,b097ef0536bef82c:0x5b758,2613023
v1,1791230645747103,SAT,386,b097ef0536bef82c:0x5b758,2613409
v1,1791230645748265,UNSAT,892,b097ef0536bef82c:0x5b758,2614301
v1,1791230645749934,SAT,77,b097ef0536bef82c:0x5b758,2614378
v1,1791230645750540,UNSAT,390,b097ef0536bef82c:0x5b758,2614768
v1,1791230645751951,SAT,265,b097ef0536bef82c:0x5b758,2615033
v1,1791230645753485,SAT,276,b097ef0536bef82c:0x5b758,2615309
v1,1791230645758307,SAT,241,b097ef0536bef82c:0x5b758,2615550
v1,1791230645758611,SAT,41,b097ef0536bef82c:0x5b758,2615591
v1,1791230645758854,UNSAT,89,b097ef0536bef82c:0x5b758,2615680
v1,1791230645758892,SAT,21,b097ef0536bef82c:0x5b758,2615701
v1,1791230645759061,UNSAT,78,b097ef0536bef82c:0x5b758,2615779
v1,1791230645759149,SAT,63,b097ef0536bef82c:0x5b758,2615842
v1,1791230645759294,SAT,68,b097ef0536bef82c:0x5b758,2615910
v1,1791230645761074,SAT,210,b097ef0536bef82c:0x5b758,2616120
v1,1791230645761358,SAT,34,b097ef0536bef82c:0x5b758,2616154
v1,1791230645761560,UNSAT,81,b097ef0536bef82c:0x5b758,2616235
v1,1791230645761592,SAT,18,b097ef0536bef82c:0x5b758,2616253
v1,1791230645761737,UNSAT,70,b097ef0536bef82c:0x5b758,2616323
v1,1791230645761822,SAT,63,b097ef0536bef82c:0x5b758,2616386
v1,1791230645761967,SAT,70,b097ef0536bef82c:0x5b758,2616456
v1,1791230645763940,SAT,216,b097ef0536bef82c:0x5b758,2616672
v1,1791230645764228,SAT,40,b097ef0536bef82c:0x5b758,2616712
v1,1791230645764471,UNSAT,106,b097ef0536bef82c:0x5b758,2616818
v1,1791230645764542,SAT,37,b097ef0536bef82c:0x5b758,2616855
v1,1791230645764772,UNSAT,90,b097ef0536bef82c:0x5b758,2616945
v1,1791230645764888,SAT,86,b097ef0536bef82c:0x5b758,2617031
v1,1791230645765056,SAT,71,b097ef0536bef82c:0x5b758,2617102
v1,1791230645767200,SAT,214,b097ef0536bef82c:0x5b758,2617316
v1,1791230645767488,SAT,36,b097ef0536bef82c:0x5b758,2617352
v1,1791230645767700,UNSAT,84,b097ef0536bef82c:0x5b758,2617436
v1,1791230645767735,SAT,20,b097ef0536bef82c:0x5b758,2617456
v1,1791230645767884,UNSAT,70,b097ef0536bef82c:0x5b758,2617526
v1,1791230645767961,SAT,55,b097ef0536bef82c:0x5b758,2617581
v1,1791230645768129,SAT,60,b097ef0536bef82c:0x5b758,2617641
v1,1791230645770650,SAT,225,b097ef0536bef82c:0x5b758,2617866
v1,1791230645770939,SAT,36,b097ef0536bef82c:0x5b758,2617902
v1,1791230645771160,UNSAT,94,b097ef0536bef82c:0x5b758,2617996
v1,1791230645771195,SAT,19,b097ef0536bef82c:0x5b758,2618015
v1,1791230645771390,UNSAT,105,b097ef0536bef82c:0x5b758,2618120
v1,1791230645771490,SAT,73,b097ef0536bef82c:0x5b758,2618193
v1,1791230645771720,SAT,90,b097ef0536bef82c:0x5b758,2618283
v1,1791230645774561,SAT,236,b097ef0536bef82c:0x5b758,2618519
v1,1791230645774864,SAT,45,b097ef0536bef82c:0x5b758,2618564
v1,1791230645775093,UNSAT,90,b097ef0536bef82c:0x5b758,2618654
v1,1791230645775139,SAT,27,b097ef0536bef82c:0x5b758,2618681
v1,1791230645775318,UNSAT,86,b097ef0536bef82c:0x5b758,2618767
v1,1791230645775407,SAT,64,b097ef0536bef82c:0x5b758,2618831
v1,1791230645775557,SAT,66,b097ef0536bef82c:0x5b758,2618897
v1,1791230645778383,SAT,226,b097ef0536bef82c:0x5b758,2619123
v1,1791230645778684,SAT,47,b097ef0536bef82c:0x5b758,2619170
v1,1791230645778946,UNSAT,97,b097ef0536bef82c:0x5b758,2619267
v1,1791230645779000,SAT,31,b097ef0536bef82c:0x5b758,2619298
v1,1791230645779170,UNSAT,80,b097ef0536bef82c:0x5b758,2619378
v1,1791230645779267,SAT,71,b097ef0536bef82c:0x5b758,2619449
v1,1791230645779421,SAT,62,b097ef0536bef82c:0x5b758,2619511
v1,1791230645783367,SAT,223,b097ef0536bef82c:0x5b758,2619734
v1,1791230645783657,SAT,34,b097ef0536bef82c:0x5b758,2619768
v1,1791230645783894,UNSAT,88,b097ef0536bef82c:0x5b758,2619856
v1,1791230645783943,SAT,31,b097ef0536bef82c:0x5b758,2619887
v1,1791230645784116,UNSAT,80,b097ef0536bef82c:0x5b758,2619967
v1,1791230645784199,SAT,61,b097ef0536bef82c:0x5b758,2620028
v1,1791230645784344,SAT,60,b097ef0536bef82c:0x5b758,2620088
v1,1791230645885877,UNSAT,62941,b097ef0536bef82c:0x5aa97,2683029
v1,1791230645915500,UNSAT,29249,b097ef0536bef82c:0x5aa97,2712278
v1,1791230645953426,SAT,18466,b097ef0536bef82c:0x5aa97,2730744
v1,1791230646026395,SAT,376,b097ef0536bef82c:0x5aa97,2731120
v1,1791230646027581,UNSAT,915,b097ef0536bef82c:0x5aa97,2732035
v1,1791230646029288,SAT,77,b097ef0536bef82c:0x5aa97,2732112
v1,1791230646029901,UNSAT,381,b097ef0536bef82c:0x5aa97,2732493
v1,1791230646031335,SAT,269,b097ef0536bef82c:0x5aa97,2732762
v1,1791230646032946,SAT,275,b097ef0536bef82c:0x5aa97,2733037
v1,1791230646071616,SAT,18458,b097ef0536bef82c:0x5aa97,2751495
v1,1791230646144310,SAT,384,b097ef0536bef82c:0x5aa97,2751879
v1,1791230646145487,UNSAT,898,b097ef0536bef82c:0x5aa97,2752777
v1,1791230646147187,SAT,80,b097ef0536bef82c:0x5aa97,2752857
v1,1791230646147807,UNSAT,396,b097ef0536bef82c:0x5aa97,2753253
v1,1791230646149254,SAT,267,b097ef0536bef82c:0x5aa97,2753520
v1,1791230646150804,SAT,265,b097ef0536bef82c:0x5aa97,2753785
v1,1791230646189499,SAT,18546,b097ef0536bef82c:0x5aa97,2772331
v1,1791230646262509,SAT,386,b097ef0536bef82c:0x5aa97,2772717
v1,1791230646263698,UNSAT,915,b097ef0536bef82c:0x5aa97,2773632
v1,1791230646265438,SAT,53,b097ef0536bef82c:0x5aa97,2773685
v1,1791230646266068,UNSAT,398,b097ef0536bef82c:0x5aa97,2774083
v1,1791230646267519,SAT,279,b097ef0536bef82c:0x5aa97,2774362
v1,1791230646269090,SAT,273,b097ef0536bef82c:0x5aa97,2774635
v1,1791230646307974,SAT,18488,b097ef0536bef82c:0x5aa97,2793123
v1,1791230646381075,SAT,383,b097ef0536bef82c:0x5aa97,2793506
v1,1791230646382292,UNSAT,945,b097ef0536bef82c:0x5aa97,2794451
v1,1791230646384032,SAT,58,b097ef0536bef82c:0x5aa97,2794509
v1,1791230646384676,UNSAT,406,b097ef0536bef82c:0x5aa97,2794915
v1,1791230646386125,SAT,275,b097ef0536bef82c:0x5aa97,2795190
v1,1791230646387732,SAT,277,b097ef0536bef82c:0x5aa97,2795467
v1,1791230646427161,SAT,18517,b097ef0536bef82c:0x5aa97,2813984
v1,1791230646500280,SAT,398,b097ef0536bef82c:0x5aa97,2814382
v1,1791230646501464,UNSAT,918,b097ef0536bef82c:0x5aa97,2815300
v1,1791230646503165,SAT,48,b097ef0536bef82c:0x5aa97,2815348
v1,1791230646503808,UNSAT,390,b097ef0536bef82c:0x5aa97,2815738
v1,1791230646505255,SAT,270,b097ef0536bef82c:0x5aa97,2816008
v1,1791230646506865,SAT,271,b097ef0536bef82c:0x5aa97,2816279
v1,1791230646619791,UNSAT,62368,b097ef0536bef82c:0x5aa97,2878647
v1,1791230646701015,UNSAT,80811,b097ef0536bef82c:0x5aa97,2959458
v1,1791230646739110,SAT,18503,b097ef0536bef82c:0x5aa97,2977961
v1,1791230646812218,SAT,387,b097ef0536bef82c:0x5aa97,2978348
v1,1791230646813388,UNSAT,896,b097ef0536bef82c:0x5aa97,2979244
v1,1791230646815077,SAT,48,b097ef0536bef82c:0x5aa97,2979292
v1,1791230646815811,UNSAT,507,b097ef0536bef82c:0x5aa97,2979799
v1,1791230646817292,SAT,272,b097ef0536bef82c:0x5aa97,2980071
v1,1791230646818897,SAT,277,b097ef0536bef82c:0x5aa97,2980348
v1,1791230646859212,SAT,18460,b097ef0536bef82c:0x5aa97,2998808
v1,1791230646932034,SAT,364,b097ef0536bef82c:0x5aa97,2999172
v1,1791230646933212,UNSAT,906,b097ef0536bef82c:0x5aa97,3000078
v1,1791230646934936,SAT,56,b097ef0536bef82c:0x5aa97,3000134
v1,1791230646935547,UNSAT,393,b097ef0536bef82c:0x5aa97,3000527
v1,1791230646937005,SAT,273,b097ef0536bef82c:0x5aa97,3000800
v1,1791230646938615,SAT,267,b097ef0536bef82c:0x5aa97,3001067
v1,1791230646979338,SAT,18450,b097ef0536bef82c:0x5aa97,3019517
v1,1791230647052323,SAT,378,b097ef0536bef82c:0x5aa97,3019895
v1,1791230647053568,UNSAT,967,b097ef0536bef82c:0x5aa97,3020862
v1,1791230647055244,SAT,50,b097ef0536bef82c:0x5aa97,3020912
v1,1791230647055893,UNSAT,404,b097ef0536bef82c:0x5aa97,3021316
v1,1791230647057343,SAT,273,b097ef0536bef82c:0x5aa97,3021589
v1,1791230647058916,SAT,269,b097ef0536bef82c:0x5aa97,3021858
v1,1791230647092627,SAT,18573,b097ef0536bef82c:0x5aa97,3040431
v1,1791230647165730,SAT,400,b097ef0536bef82c:0x5aa97,3040831
v1,1791230647166929,UNSAT,932,b097ef0536bef82c:0x5aa97,3041763
v1,1791230647168619,SAT,53,b097ef0536bef82c:0x5aa97,3041816
v1,1791230647169225,UNSAT,382,b097ef0536bef82c:0x5aa97,3042198
v1,1791230647170725,SAT,276,b097ef0536bef82c:0x5aa97,3042474
v1,1791230647172328,SAT,277,b097ef0536bef82c:0x5aa97,3042751
v1,1791230647205572,SAT,18576,b097ef0536bef82c:0x5aa97,3061327
v1,1791230647279115,SAT,375,b097ef0536bef82c:0x5aa97,3061702
v1,1791230647280329,UNSAT,927,b097ef0536bef82c:0x5aa97,3062629
v1,1791230647282046,SAT,63,b097ef0536bef82c:0x5aa97,3062692
v1,1791230647282708,UNSAT,426,b097ef0536bef82c:0x5aa97,3063118
v1,1791230647284188,SAT,271,b097ef0536bef82c:0x5aa97,3063389
v1,1791230647285774,SAT,268,b097ef0536bef82c:0x5aa97,3063657
v1,1791230647364644,UNSAT,62892,b097ef0536bef82c:0x5aa97,3126549
v1,1791230647408595,UNSAT,43589,b097ef0536bef82c:0x5aa97,3170138
v1,1791230647441924,SAT,18600,b097ef0536bef82c:0x5aa97,3188738
v1,1791230647514977,SAT,383,b097ef0536bef82c:0x5aa97,3189121
v1,1791230647516151,UNSAT,897,b097ef0536bef82c:0x5aa97,3190018
v1,1791230647517873,SAT,57,b097ef0536bef82c:0x5aa97,3190075
v1,1791230647518546,UNSAT,442,b097ef0536bef82c:0x5aa97,3190517
v1,1791230647520016,SAT,270,b097ef0536bef82c:0x5aa97,3190787
v1,1791230647521600,SAT,269,b097ef0536bef82c:0x5aa97,3191056
v1,1791230647556171,SAT,18579,b097ef0536bef82c:0x5aa97,3209635
v1,1791230647631242,SAT,389,b097ef0536bef82c:0x5aa97,3210024
v1,1791230647632423,UNSAT,902,b097ef0536bef82c:0x5aa97,3210926
v1,1791230647634109,SAT,52,b097ef0536bef82c:0x5aa97,3210978
v1,1791230647634750,UNSAT,400,b097ef0536bef82c:0x5aa97,3211378
v1,1791230647636301,SAT,325,b097ef0536bef82c:0x5aa97,3211703
v1,1791230647637937,SAT,271,b097ef0536bef82c:0x5aa97,3211974
v1,1791230647673030,SAT,18598,b097ef0536bef82c:0x5aa97,3230572
v1,1791230647745801,SAT,404,b097ef0536bef82c:0x5aa97,3230976
v1,1791230647747026,UNSAT,959,b097ef0536bef82c:0x5aa97,3231935
v1,1791230647748728,SAT,61,b097ef0536bef82c:0x5aa97,3231996
v1,1791230647749366,UNSAT,407,b097ef0536bef82c:0x5aa97,3232403
v1,1791230647750897,SAT,287,b097ef0536bef82c:0x5aa97,3232690
v1,1791230647752539,SAT,276,b097ef0536bef82c:0x5aa97,3232966
v1,1791230647788151,SAT,18554,b097ef0536bef82c:0x5aa97,3251520
v1,1791230647861544,SAT,404,b097ef0536bef82c:0x5aa97,3251924
v1,1791230647862833,UNSAT,1015,b097ef0536bef82c:0x5aa97,3252939
v1,1791230647864522,SAT,63,b097ef0536bef82c:0x5aa97,3253002
v1,1791230647865194,UNSAT,402,b097ef0536bef82c:0x5aa97,3253404
v1,1791230647866748,SAT,287,b097ef0536bef82c:0x5aa97,3253691
v1,1791230647868372,SAT,276,b097ef0536bef82c:0x5aa97,3253967
v1,1791230647904586,SAT,18513,b097ef0536bef82c:0x5aa97,3272480
v1,1791230647978058,SAT,385,b097ef0536bef82c:0x5aa97,3272865
v1,1791230647979290,UNSAT,947,b097ef0536bef82c:0x5aa97,3273812
v1,1791230647981022,SAT,79,b097ef0536bef82c:0x5aa97,3273891
v1,1791230647981667,UNSAT,418,b097ef0536bef82c:0x5aa97,3274309
v1,1791230647983161,SAT,270,b097ef0536bef82c:0x5aa97,3274579
v1,1791230647984772,SAT,270,b097ef0536bef82c:0x5aa97,3274849
v1,1791230648067641,UNSAT,63055,b097ef0536bef82c:0x5aa97,3337904
v1,1791230648099745,UNSAT,31757,b097ef0536bef82c:0x5aa97,3369661
v1,1791230648135670,SAT,18643,b097ef0536bef82c:0x5aa97,3388304
v1,1791230648209597,SAT,393,b097ef0536bef82c:0x5aa97,3388697
v1,1791230648210792,UNSAT,931,b097ef0536bef82c:0x5aa97,3389628
v1,1791230648212536,SAT,53,b097ef0536bef82c:0x5aa97,3389681
v1,1791230648213159,UNSAT,389,b097ef0536bef82c:0x5aa97,3390070
v1,1791230648214661,SAT,280,b097ef0536bef82c:0x5aa97,3390350
v1,1791230648216273,SAT,282,b097ef0536bef82c:0x5aa97,3390632
v1,1791230648254470,SAT,18521,b097ef0536bef82c:0x5aa97,3409153
v1,1791230648327612,SAT,419,b097ef0536bef82c:0x5aa97,3409572
v1,1791230648328830,UNSAT,951,b097ef0536bef82c:0x5aa97,3410523
v1,1791230648330560,SAT,47,b097ef0536bef82c:0x5aa97,3410570
v1,1791230648331182,UNSAT,391,b097ef0536bef82c:0x5aa97,3410961
v1,1791230648332690,SAT,273,b097ef0536bef82c:0x5aa97,3411234
v1,1791230648334286,SAT,275,b097ef0536bef82c:0x5aa97,3411509
v1,1791230648373378,SAT,18644,b097ef0536bef82c:0x5aa97,3430153
v1,1791230648447142,SAT,382,b097ef0536bef82c:0x5aa97,3430535
v1,1791230648448376,UNSAT,948,b097ef0536bef82c:0x5aa97,3431483
v1,1791230648450113,SAT,70,b097ef0536bef82c:0x5aa97,3431553
v1,1791230648450776,UNSAT,408,b097ef0536bef82c:0x5aa97,3431961
v1,1791230648452295,SAT,278,b097ef0536bef82c:0x5aa97,3432239
v1,1791230648453899,SAT,280,b097ef0536bef82c:0x5aa97,3432519
v1,1791230648493359,SAT,18567,b097ef0536bef82c:0x5aa97,3451086
v1,1791230648566812,SAT,388,b097ef0536bef82c:0x5aa97,3451474
v1,1791230648568010,UNSAT,929,b097ef0536bef82c:0x5aa97,3452403
v1,1791230648569738,SAT,50,b097ef0536bef82c:0x5aa97,3452453
v1,1791230648570361,UNSAT,386,b097ef0536bef82c:0x5aa97,3452839
v1,1791230648571860,SAT,288,b097ef0536bef82c:0x5aa97,3453127
v1,1791230648573478,SAT,281,b097ef0536bef82c:0x5aa97,3453408
v1,1791230648613543,SAT,18637,b097ef0536bef82c:0x5aa97,3472045
v1,1791230648687440,SAT,402,b097ef0536bef82c:0x5aa97,3472447
v1,1791230648688701,UNSAT,996,b097ef0536bef82c:0x5aa97,3473443
v1,1791230648690436,SAT,51,b097ef0536bef82c:0x5aa97,3473494
v1,1791230648691072,UNSAT,399,b097ef0536bef82c:0x5aa97,3473893
v1,1791230648692740,SAT,296,b097ef0536bef82c:0x5aa97,3474189
v1,1791230648694425,SAT,302,b097ef0536bef82c:0x5aa97,3474491
v1,1791230648782743,UNSAT,62960,b097ef0536bef82c:0x5aa97,3537451
v1,1791230648865017,UNSAT,81919,b097ef0536bef82c:0x5aa97,3619370
v1,1791230648906511,SAT,18615,b097ef0536bef82c:0x5aa97,3637985
v1,1791230648979365,SAT,385,b097ef0536bef82c:0x5aa97,3638370
v1,1791230648980589,UNSAT,927,b097ef0536bef82c:0x5aa97,3639297
v1,1791230648982326,SAT,72,b097ef0536bef82c:0x5aa97,3639369
v1,1791230648982986,UNSAT,416,b097ef0536bef82c:0x5aa97,3639785
v1,1791230648984546,SAT,311,b097ef0536bef82c:0x5aa97,3640096
v1,1791230648986166,SAT,277,b097ef0536bef82c:0x5aa97,3640373
v1,1791230649030406,SAT,18611,b097ef0536bef82c:0x5aa97,3658984
v1,1791230649103282,SAT,412,b097ef0536bef82c:0x5aa97,3659396
v1,1791230649104528,UNSAT,944,b097ef0536bef82c:0x5aa97,3660340
v1,1791230649106245,SAT,56,b097ef0536bef82c:0x5aa97,3660396
v1,1791230649106887,UNSAT,407,b097ef0536bef82c:0x5aa97,3660803
v1,1791230649108408,SAT,315,b097ef0536bef82c:0x5aa97,3661118
v1,1791230649110053,SAT,284,b097ef0536bef82c:0x5aa97,3661402
v1,1791230649154961,SAT,18618,b097ef0536bef82c:0x5aa97,3680020
v1,1791230649228309,SAT,412,b097ef0536bef82c:0x5aa97,3680432
v1,1791230649229511,UNSAT,936,b097ef0536bef82c:0x5aa97,3681368
v1,1791230649231227,SAT,63,b097ef0536bef82c:0x5aa97,3681431
v1,1791230649231841,UNSAT,381,b097ef0536bef82c:0x5aa97,3681812
v1,1791230649233344,SAT,297,b097ef0536bef82c:0x5aa97,3682109
v1,1791230649235008,SAT,280,b097ef0536bef82c:0x5aa97,3682389
v1,1791230649280614,SAT,18560,b097ef0536bef82c:0x5aa97,3700949
v1,1791230649353693,SAT,391,b097ef0536bef82c:0x5aa97,3701340
v1,1791230649354899,UNSAT,929,b097ef0536bef82c:0x5aa97,3702269
v1,1791230649356619,SAT,51,b097ef0536bef82c:0x5aa97,3702320
v1,1791230649357288,UNSAT,438,b097ef0536bef82c:0x5aa97,3702758
v1,1791230649358792,SAT,270,b097ef0536bef82c:0x5aa97,3703028
v1,1791230649360403,SAT,280,b097ef0536bef82c:0x5aa97,3703308
v1,1791230649406712,SAT,18522,b097ef0536bef82c:0x5aa97,3721830
v1,1791230649479963,SAT,400,b097ef0536bef82c:0x5aa97,3722230
v1,1791230649481192,UNSAT,957,b097ef0536bef82c:0x5aa97,3723187
v1,1791230649482931,SAT,47,b097ef0536bef82c:0x5aa97,3723234
v1,1791230649483592,UNSAT,429,b097ef0536bef82c:0x5aa97,3723663
v1,1791230649485080,SAT,272,b097ef0536bef82c:0x5aa97,3723935
v1,1791230649486730,SAT,280,b097ef0536bef82c:0x5aa97,3724215
v1,1791230649586040,UNSAT,62765,b097ef0536bef82c:0x5aa97,3786980
v1,1791230649664360,UNSAT,77945,b097ef0536bef82c:0x5aa97,3864925
v1,1791230649717907,SAT,18681,b097ef0536bef82c:0x5aa97,3883606
v1,1791230649791507,SAT,388,b097ef0536bef82c:0x5aa97,3883994
v1,1791230649792727,UNSAT,947,b097ef0536bef82c:0x5aa97,3884941
v1,1791230649794473,SAT,56,b097ef0536bef82c:0x5aa97,3884997
v1,1791230649795086,UNSAT,382,b097ef0536bef82c:0x5aa97,3885379
v1,1791230649796576,SAT,270,b097ef0536bef82c:0x5aa97,3885649
v1,1791230649798203,SAT,280,b097ef0536bef82c:0x5aa97,3885929
v1,1791230649854424,SAT,18859,b097ef0536bef82c:0x5aa97,3904788
v1,1791230649927455,SAT,402,b097ef0536bef82c:0x5aa97,3905190
v1,1791230649928722,UNSAT,984,b097ef0536bef82c:0x5aa97,3906174
v1,1791230649930444,SAT,52,b097ef0536bef82c:0x5aa97,3906226
v1,1791230649931067,UNSAT,395,b097ef0536bef82c:0x5aa97,3906621
v1,1791230649932560,SAT,279,b097ef0536bef82c:0x5aa97,3906900
v1,1791230649934224,SAT,271,b097ef0536bef82c:0x5aa97,3907171
v1,1791230649990920,SAT,18576,b097ef0536bef82c:0x5aa97,3925747
v1,1791230650064415,SAT,417,b097ef0536bef82c:0x5aa97,3926164
v1,1791230650065659,UNSAT,970,b097ef0536bef82c:0x5aa97,3927134
v1,1791230650067431,SAT,54,b097ef0536bef82c:0x5aa97,3927188
v1,1791230650068063,UNSAT,397,b097ef0536bef82c:0x5aa97,3927585
v1,1791230650069557,SAT,272,b097ef0536bef82c:0x5aa97,3927857
v1,1791230650071178,SAT,270,b097ef0536bef82c:0x5aa97,3928127
v1,1791230650129283,SAT,18698,b097ef0536bef82c:0x5aa97,3946825
v1,1791230650202633,SAT,438,b097ef0536bef82c:0x5aa97,3947263
v1,1791230650203882,UNSAT,969,b097ef0536bef82c:0x5aa97,3948232
v1,1791230650205648,SAT,49,b097ef0536bef82c:0x5aa97,3948281
v1,1791230650206316,UNSAT,431,b097ef0536bef82c:0x5aa97,3948712
v1,1791230650207943,SAT,298,b097ef0536bef82c:0x5aa97,3949010
v1,1791230650209595,SAT,279,b097ef0536bef82c:0x5aa97,3949289
v1,1791230650269559,SAT,18888,b097ef0536bef82c:0x5aa97,3968177
v1,1791230650343034,SAT,402,b097ef0536bef82c:0x5aa97,3968579
v1,1791230650344302,UNSAT,987,b097ef0536bef82c:0x5aa97,3969566
v1,1791230650346085,SAT,88,b097ef0536bef82c:0x5aa97,3969654
v1,1791230650346730,UNSAT,399,b097ef0536bef82c:0x5aa97,3970053
v1,1791230650348264,SAT,284,b097ef0536bef82c:0x5aa97,3970337
v1,1791230650349884,SAT,276,b097ef0536bef82c:0x5aa97,3970613
v1,1791230650376850,UNSAT,893,b097ef0536bef82c:0x5aa97,3971506
v1,1791230650408063,UNSAT,30910,b097ef0536bef82c:0x5aa97,4002416
v1,1791230650457470,SAT,18764,b097ef0536bef82c:0x5aa97,4021180
v1,1791230650530561,SAT,449,b097ef0536bef82c:0x5aa97,4021629
v1,1791230650569962,UNSAT,39112,b097ef0536bef82c:0x5aa97,4060741
v1,1791230650577396,SAT,68,b097ef0536bef82c:0x5aa97,4060809
v1,1791230650617122,UNSAT,39434,b097ef0536bef82c:0x5aa97,4100243
v1,1791230650657061,SAT,33406,b097ef0536bef82c:0x5aa97,4133649
v1,1791230650696935,SAT,33642,b097ef0536bef82c:0x5aa97,4167291
v1,1791230650746246,SAT,18725,b097ef0536bef82c:0x5aa97,4186016
v1,1791230650824871,SAT,466,b097ef0536bef82c:0x5aa97,4186482
v1,1791230650864946,UNSAT,39787,b097ef0536bef82c:0x5aa97,4226269
v1,1791230650872341,SAT,66,b097ef0536bef82c:0x5aa97,4226335
v1,1791230650912333,UNSAT,39704,b097ef0536bef82c:0x5aa97,4266039
v1,1791230650952609,SAT,33562,b097ef0536bef82c:0x5aa97,4299601
v1,1791230650992410,SAT,33487,b097ef0536bef82c:0x5aa97,4333088
v1,1791230651059956,SAT,18753,b097ef0536bef82c:0x5aa97,4351841
v1,1791230651138896,SAT,471,b097ef0536bef82c:0x5aa97,4352312
v1,1791230651180057,UNSAT,40834,b097ef0536bef82c:0x5aa97,4393146
v1,1791230651187531,SAT,65,b097ef0536bef82c:0x5aa97,4393211
v1,1791230651227941,UNSAT,40109,b097ef0536bef82c:0x5aa97,4433320
v1,1791230651268444,SAT,33691,b097ef0536bef82c:0x5aa97,4467011
v1,1791230651308978,SAT,34196,b097ef0536bef82c:0x5aa97,4501207
v1,1791230651362420,SAT,18776,b097ef0536bef82c:0x5aa97,4519983
v1,1791230651442010,SAT,466,b097ef0536bef82c:0x5aa97,4520449
v1,1791230651482709,UNSAT,40409,b097ef0536bef82c:0x5aa97,4560858
v1,1791230651490544,SAT,68,b097ef0536bef82c:0x5aa97,4560926
v1,1791230651531247,UNSAT,40403,b097ef0536bef82c:0x5aa97,4601329
v1,1791230651572112,SAT,34240,b097ef0536bef82c:0x5aa97,4635569
v1,1791230651612625,SAT,34191,b097ef0536bef82c:0x5aa97,4669760
v1,1791230651682366,SAT,18770,b097ef0536bef82c:0x5aa97,4688530
v1,1791230651762049,SAT,449,b097ef0536bef82c:0x5aa97,4688979
v1,1791230651802629,UNSAT,40283,b097ef0536bef82c:0x5aa97,4729262
v1,1791230651810105,SAT,95,b097ef0536bef82c:0x5aa97,4729357
v1,1791230651850398,UNSAT,39991,b097ef0536bef82c:0x5aa97,4769348
v1,1791230651890976,SAT,33924,b097ef0536bef82c:0x5aa97,4803272
v1,1791230651930988,SAT,33666,b097ef0536bef82c:0x5aa97,4836938
v1,1791230651981675,UNSAT,928,b097ef0536bef82c:0x5aef4,4837866
v1,1791230652018562,UNSAT,36568,b097ef0536bef82c:0x5aef4,4874434
v1,1791230652072570,SAT,18716,b097ef0536bef82c:0x5aef4,4893150
v1,1791230652158459,SAT,523,b097ef0536bef82c:0x5aef4,4893673
v1,1791230652199242,UNSAT,40494,b097ef0536bef82c:0x5aef4,4934167
v1,1791230652206938,SAT,63,b097ef0536bef82c:0x5aef4,4934230
v1,1791230652247159,UNSAT,39933,b097ef0536bef82c:0x5aef4,4974163
v1,1791230652287831,SAT,33794,b097ef0536bef82c:0x5aef4,5007957
v1,1791230652327897,SAT,33558,b097ef0536bef82c:0x5aef4,5041515
v1,1791230652387339,SAT,18713,b097ef0536bef82c:0x5aef4,5060228
v1,1791230652473011,SAT,529,b097ef0536bef82c:0x5aef4,5060757
v1,1791230652513481,UNSAT,40184,b097ef0536bef82c:0x5aef4,5100941
v1,1791230652521091,SAT,70,b097ef0536bef82c:0x5aef4,5101011
v1,1791230652561651,UNSAT,40252,b097ef0536bef82c:0x5aef4,5141263
v1,1791230652602306,SAT,33797,b097ef0536bef82c:0x5aef4,5175060
v1,1791230652642623,SAT,33831,b097ef0536bef82c:0x5aef4,5208891
v1,1791230652703296,SAT,18736,b097ef0536bef82c:0x5aef4,5227627
v1,1791230652788873,SAT,507,b097ef0536bef82c:0x5aef4,5228134
v1,1791230652828937,UNSAT,39785,b097ef0536bef82c:0x5aef4,5267919
v1,1791230652836609,SAT,148,b097ef0536bef82c:0x5aef4,5268067
v1,1791230652877373,UNSAT,40478,b097ef0536bef82c:0x5aef4,5308545
v1,1791230652918094,SAT,33902,b097ef0536bef82c:0x5aef4,5342447
v1,1791230652958730,SAT,34036,b097ef0536bef82c:0x5aef4,5376483
v1,1791230653020494,SAT,18657,b097ef0536bef82c:0x5aef4,5395140
v1,1791230653106174,SAT,508,b097ef0536bef82c:0x5aef4,5395648
v1,1791230653146861,UNSAT,40399,b097ef0536bef82c:0x5aef4,5436047
v1,1791230653154602,SAT,68,b097ef0536bef82c:0x5aef4,5436115
v1,1791230653195287,UNSAT,40388,b097ef0536bef82c:0x5aef4,5476503
v1,1791230653237758,SAT,35660,b097ef0536bef82c:0x5aef4,5512163
v1,1791230653279628,SAT,34803,b097ef0536bef82c:0x5aef4,5546966
v1,1791230653343122,SAT,18664,b097ef0536bef82c:0x5aef4,5565630
v1,1791230653428672,SAT,538,b097ef0536bef82c:0x5aef4,5566168
v1,1791230653469310,UNSAT,40362,b097ef0536bef82c:0x5aef4,5606530
v1,1791230653476931,SAT,63,b097ef0536bef82c:0x5aef4,5606593
v1,1791230653517968,UNSAT,40742,b097ef0536bef82c:0x5aef4,5647335
v1,1791230653558734,SAT,33931,b097ef0536bef82c:0x5aef4,5681266
v1,1791230653599282,SAT,34048,b097ef0536bef82c:0x5aef4,5715314
v1,1791230653664895,SAT,18683,b097ef0536bef82c:0x5aef4,5733997
v1,1791230653750746,SAT,536,b097ef0536bef82c:0x5aef4,5734533
v1,1791230653791321,UNSAT,40297,b097ef0536bef82c:0x5aef4,5774830
v1,1791230653798979,SAT,64,b097ef0536bef82c:0x5aef4,5774894
v1,1791230653840003,UNSAT,40725,b097ef0536bef82c:0x5aef4,5815619
v1,1791230653880899,SAT,34047,b097ef0536bef82c:0x5aef4,5849666
v1,1791230653921453,SAT,34021,b097ef0536bef82c:0x5aef4,5883687
v1,1791230653987684,SAT,18737,b097ef0536bef82c:0x5aef4,5902424
v1,1791230654073617,SAT,517,b097ef0536bef82c:0x5aef4,5902941
v1,1791230654114012,UNSAT,40072,b097ef0536bef82c:0x5aef4,5943013
v1,1791230654121757,SAT,71,b097ef0536bef82c:0x5aef4,5943084
v1,1791230654162638,UNSAT,40594,b097ef0536bef82c:0x5aef4,5983678
v1,1791230654203646,SAT,34156,b097ef0536bef82c:0x5aef4,6017834
v1,1791230654244307,SAT,34093,b097ef0536bef82c:0x5aef4,6051927
v1,1791230654312021,SAT,18656,b097ef0536bef82c:0x5aef4,6070583
v1,1791230654397995,SAT,519,b097ef0536bef82c:0x5aef4,6071102
v1,1791230654438466,UNSAT,40169,b097ef0536bef82c:0x5aef4,6111271
v1,1791230654446148,SAT,96,b097ef0536bef82c:0x5aef4,6111367
v1,1791230654486902,UNSAT,40443,b097ef0536bef82c:0x5aef4,6151810
v1,1791230654527874,SAT,34163,b097ef0536bef82c:0x5aef4,6185973
v1,1791230654568728,SAT,34309,b097ef0536bef82c:0x5aef4,6220282
v1,1791230654621326,UNSAT,911,b097ef0536bef82c:0x5b017,6221193
v1,1791230654663325,SAT,41668,b097ef0536bef82c:0x5b017,6262861
v1,1791230654730189,UNSAT,18677,b097ef0536bef82c:0x5b097,6281538
v1,1791230654731152,SAT,611,b097ef0536bef82c:0x5b097,6282149
v1,1791230654793757,SAT,18775,b097ef0536bef82c:0x5b097,6300924
v1,1791230654882245,SAT,477,b097ef0536bef82c:0x5b097,6301401
v1,1791230654931062,UNSAT,48466,b097ef0536bef82c:0x5b097,6349867
v1,1791230654939469,SAT,63,b097ef0536bef82c:0x5b097,6349930
v1,1791230654990227,UNSAT,50442,b097ef0536bef82c:0x5b097,6400372
v1,1791230655063654,SAT,66020,b097ef0536bef82c:0x5b097,6466392
v1,1791230655138505,SAT,66272,b097ef0536bef82c:0x5b097,6532664
v1,1791230655258756,UNSAT,63109,b097ef0536bef82c:0x5b107,6595773
v1,1791230655259736,SAT,612,b097ef0536bef82c:0x5b107,6596385
v1,1791230655308514,UNSAT,709,b097ef0536bef82c:0x5b14b,6597094
v1,1791230655309419,SAT,600,b097ef0536bef82c:0x5b14b,6597694
v1,1791230655421851,UNSAT,63389,b097ef0536bef82c:0x5b190,6661083
v1,1791230655422756,SAT,536,b097ef0536bef82c:0x5b190,6661619
v1,1791230655541072,UNSAT,63750,b097ef0536bef82c:0x5b1d4,6725369
v1,1791230655542010,SAT,540,b097ef0536bef82c:0x5b1d4,6725909
v1,1791230655663254,SAT,66408,b097ef0536bef82c:0x5b1d4,6792317
v1,1791230655782718,SAT,682,b097ef0536bef82c:0x5b1d4,6792999
v1,1791230655833446,UNSAT,50437,b097ef0536bef82c:0x5b1d4,6843436
v1,1791230655842280,SAT,75,b097ef0536bef82c:0x5b1d4,6843511
v1,1791230655895412,UNSAT,52870,b097ef0536bef82c:0x5b1d4,6896381
v1,1791230655972667,SAT,69703,b097ef0536bef82c:0x5b1d4,6966084
v1,1791230656051050,SAT,69612,b097ef0536bef82c:0x5b1d4,7035696
v1,1791230656182497,SAT,65481,b097ef0536bef82c:0x5b1d4,7101177
v1,1791230656301725,SAT,702,b097ef0536bef82c:0x5b1d4,7101879
v1,1791230656353196,UNSAT,51169,b097ef0536bef82c:0x5b1d4,7153048
v1,1791230656362044,SAT,66,b097ef0536bef82c:0x5b1d4,7153114
v1,1791230656415605,UNSAT,53243,b097ef0536bef82c:0x5b1d4,7206357
v1,1791230656493228,SAT,69962,b097ef0536bef82c:0x5b1d4,7276319
v1,1791230656572289,SAT,70150,b097ef0536bef82c:0x5b1d4,7346469
v1,1791230656641630,UNSAT,734,b097ef0536bef82c:0x5b550,7347203
v1,1791230656642589,SAT,591,b097ef0536bef82c:0x5b550,7347794
v1,1791230656773223,SAT,65059,b097ef0536bef82c:0x2fdd5,7412853
v1,1791230656809659,UNSAT,248,b097ef0536bef82c:0x2ff2a,7413101
v1,1791230656810099,UNSAT,133,b097ef0536bef82c:0x2ff2a,7413234
v1,1791230656858139,UNSAT,267,b097ef0536bef82c:0xb882,7413501
v1,1791230656858617,UNSAT,143,b097ef0536bef82c:0xb882,7413644
v1,1791230656989825,UNSAT,250,b097ef0536bef82c:0xf232,7413894
v1,1791230656990296,UNSAT,151,b097ef0536bef82c:0xf232,7414045
v1,1791230657019912,UNSAT,254,b097ef0536bef82c:0xeac7,7414299
v1,1791230657020367,UNSAT,144,b097ef0536bef82c:0xeac7,7414443
v1,1791230657109621,UNSAT,57387,b097ef0536bef82c:0xe8e3,7471830
v1,1791230657110294,UNSAT,308,b097ef0536bef82c:0xe8e3,7472138
v1,1791230657216059,UNSAT,66434,b097ef0536bef82c:0x9f830,7538572
v1,1791230657232003,UNSAT,15590,b097ef0536bef82c:0x9f830,7554162
v1,1791230657264411,UNSAT,898,b097ef0536bef82c:0x9f83a,7555060
v1,1791230657265039,UNSAT,269,b097ef0536bef82c:0x9f83a,7555329
v1,1791230657364473,SAT,67558,b097ef0536bef82c:0x9f83a,7622887
v1,1791230657485660,SAT,709,b097ef0536bef82c:0x9f83a,7623596
v1,1791230657487160,UNSAT,1229,b097ef0536bef82c:0x9f83a,7624825
v1,1791230657489910,SAT,61,b097ef0536bef82c:0x9f83a,7624886
v1,1791230657490603,UNSAT,434,b097ef0536bef82c:0x9f83a,7625320
v1,1791230657492791,SAT,296,b097ef0536bef82c:0x9f83a,7625616
v1,1791230657495131,SAT,308,b097ef0536bef82c:0x9f83a,7625924
v1,1791230657600095,SAT,67420,b097ef0536bef82c:0x9f83a,7693344
v1,1791230657720500,SAT,707,b097ef0536bef82c:0x9f83a,7694051
v1,1791230657721815,UNSAT,1039,b097ef0536bef82c:0x9f83a,7695090
v1,1791230657724444,SAT,70,b097ef0536bef82c:0x9f83a,7695160
v1,1791230657725103,UNSAT,388,b097ef0536bef82c:0x9f83a,7695548
v1,1791230657727209,SAT,147,b097ef0536bef82c:0x9f83a,7695695
v1,1791230657729271,SAT,153,b097ef0536bef82c:0x9f83a,7695848
v1,1791230657834393,SAT,67448,b097ef0536bef82c:0x9f83a,7763296
v1,1791230657954431,SAT,761,b097ef0536bef82c:0x9f83a,7764057
v1,1791230657955563,UNSAT,907,b097ef0536bef82c:0x9f83a,7764964
v1,1791230657958186,SAT,57,b097ef0536bef82c:0x9f83a,7765021
v1,1791230657958713,UNSAT,305,b097ef0536bef82c:0x9f83a,7765326
v1,1791230657960591,SAT,141,b097ef0536bef82c:0x9f83a,7765467
v1,1791230657962633,SAT,153,b097ef0536bef82c:0x9f83a,7765620
v1,1791230658009326,UNSAT,886,b097ef0536bef82c:0x9f85c,7766506
v1,1791230658009937,UNSAT,278,b097ef0536bef82c:0x9f85c,7766784
v1,1791230658115511,SAT,68246,b097ef0536bef82c:0x9f85c,7835030
v1,1791230658234014,SAT,704,b097ef0536bef82c:0x9f85c,7835734
v1,1791230658235556,UNSAT,1253,b097ef0536bef82c:0x9f85c,7836987
v1,1791230658238229,SAT,61,b097ef0536bef82c:0x9f85c,7837048
v1,1791230658238914,UNSAT,406,b097ef0536bef82c:0x9f85c,7837454
v1,1791230658241125,SAT,298,b097ef0536bef82c:0x9f85c,7837752
v1,1791230658243511,SAT,306,b097ef0536bef82c:0x9f85c,7838058
v1,1791230658352677,SAT,67381,b097ef0536bef82c:0x9f85c,7905439
v1,1791230658472479,SAT,719,b097ef0536bef82c:0x9f85c,7906158
v1,1791230658473848,UNSAT,1085,b097ef0536bef82c:0x9f85c,7907243
v1,1791230658476468,SAT,63,b097ef0536bef82c:0x9f85c,7907306
v1,1791230658477128,UNSAT,396,b097ef0536bef82c:0x9f85c,7907702
v1,1791230658479193,SAT,145,b097ef0536bef82c:0x9f85c,7907847
v1,1791230658481517,SAT,157,b097ef0536bef82c:0x9f85c,7908004
v1,1791230658591723,SAT,66980,b097ef0536bef82c:0x9f85c,7974984
v1,1791230658710141,SAT,710,b097ef0536bef82c:0x9f85c,7975694
v1,1791230658711381,UNSAT,942,b097ef0536bef82c:0x9f85c,7976636
v1,1791230658714061,SAT,98,b097ef0536bef82c:0x9f85c,7976734
v1,1791230658714579,UNSAT,289,b097ef0536bef82c:0x9f85c,7977023
v1,1791230658716882,SAT,171,b097ef0536bef82c:0x9f85c,7977194
v1,1791230658719116,SAT,169,b097ef0536bef82c:0x9f85c,7977363
v1,1791230658766460,UNSAT,877,b097ef0536bef82c:0x9f88e,7978240
v1,1791230658767041,UNSAT,266,b097ef0536bef82c:0x9f88e,7978506
v1,1791230658877701,SAT,67579,b097ef0536bef82c:0x9f88e,8046085
v1,1791230659000968,SAT,726,b097ef0536bef82c:0x9f88e,8046811
v1,1791230659002517,UNSAT,1250,b097ef0536bef82c:0x9f88e,8048061
v1,1791230659005308,SAT,66,b097ef0536bef82c:0x9f88e,8048127
v1,1791230659005976,UNSAT,410,b097ef0536bef82c:0x9f88e,8048537
v1,1791230659008178,SAT,304,b097ef0536bef82c:0x9f88e,8048841
v1,1791230659010598,SAT,308,b097ef0536bef82c:0x9f88e,8049149
v1,1791230659126491,SAT,67952,b097ef0536bef82c:0x9f88e,8117101
v1,1791230659247466,SAT,706,b097ef0536bef82c:0x9f88e,8117807
v1,1791230659248860,UNSAT,1125,b097ef0536bef82c:0x9f88e,8118932
v1,1791230659251553,SAT,70,b097ef0536bef82c:0x9f88e,8119002
v1,1791230659252208,UNSAT,384,b097ef0536bef82c:0x9f88e,8119386
v1,1791230659254339,SAT,167,b097ef0536bef82c:0x9f88e,8119553
v1,1791230659256488,SAT,154,b097ef0536bef82c:0x9f88e,8119707
v1,1791230659373904,SAT,67989,b097ef0536bef82c:0x9f88e,8187696
v1,1791230659495237,SAT,688,b097ef0536bef82c:0x9f88e,8188384
v1,1791230659496468,UNSAT,970,b097ef0536bef82c:0x9f88e,8189354
v1,1791230659499087,SAT,63,b097ef0536bef82c:0x9f88e,8189417
v1,1791230659499591,UNSAT,292,b097ef0536bef82c:0x9f88e,8189709
v1,1791230659501467,SAT,144,b097ef0536bef82c:0x9f88e,8189853
v1,1791230659503482,SAT,139,b097ef0536bef82c:0x9f88e,8189992
v1,1791230659622442,SAT,67958,b097ef0536bef82c:0x9f88e,8257950
v1,1791230659743312,SAT,719,b097ef0536bef82c:0x9f88e,8258669
v1,1791230659744935,UNSAT,1345,b097ef0536bef82c:0x9f88e,8260014
v1,1791230659747623,SAT,62,b097ef0536bef82c:0x9f88e,8260076
v1,1791230659748309,UNSAT,428,b097ef0536bef82c:0x9f88e,8260504
v1,1791230659750500,SAT,304,b097ef0536bef82c:0x9f88e,8260808
v1,1791230659752818,SAT,291,b097ef0536bef82c:0x9f88e,8261099
v1,1791230659872827,SAT,67403,b097ef0536bef82c:0x9f88e,8328502
v1,1791230659993647,SAT,704,b097ef0536bef82c:0x9f88e,8329206
v1,1791230659995006,UNSAT,1084,b097ef0536bef82c:0x9f88e,8330290
v1,1791230659997634,SAT,57,b097ef0536bef82c:0x9f88e,8330347
v1,1791230659998287,UNSAT,395,b097ef0536bef82c:0x9f88e,8330742
v1,1791230660000340,SAT,162,b097ef0536bef82c:0x9f88e,8330904
v1,1791230660002531,SAT,155,b097ef0536bef82c:0x9f88e,8331059
v1,1791230660124464,SAT,67836,b097ef0536bef82c:0x9f88e,8398895
v1,1791230660246018,SAT,729,b097ef0536bef82c:0x9f88e,8399624
v1,1791230660247254,UNSAT,955,b097ef0536bef82c:0x9f88e,8400579
v1,1791230660249948,SAT,63,b097ef0536bef82c:0x9f88e,8400642
v1,1791230660250470,UNSAT,283,b097ef0536bef82c:0x9f88e,8400925
v1,1791230660252364,SAT,153,b097ef0536bef82c:0x9f88e,8401078
v1,1791230660254379,SAT,151,b097ef0536bef82c:0x9f88e,8401229
v1,1791230660370333,UNSAT,58858,b097ef0536bef82c:0x9f8cb,8460087
v1,1791230660370995,UNSAT,291,b097ef0536bef82c:0x9f8cb,8460378
v1,1791230660466682,UNSAT,58890,b097ef0536bef82c:0x9f8e8,8519268
v1,1791230660467406,UNSAT,310,b097ef0536bef82c:0x9f8e8,8519578
v1,1791230660558060,SAT,67319,b097ef0536bef82c:0x9f8e8,8586897
v1,1791230660677186,SAT,700,b097ef0536bef82c:0x9f8e8,8587597
v1,1791230660678735,UNSAT,1250,b097ef0536bef82c:0x9f8e8,8588847
v1,1791230660681441,SAT,61,b097ef0536bef82c:0x9f8e8,8588908
v1,1791230660682116,UNSAT,409,b097ef0536bef82c:0x9f8e8,8589317
v1,1791230660684322,SAT,318,b097ef0536bef82c:0x9f8e8,8589635
v1,1791230660686732,SAT,301,b097ef0536bef82c:0x9f8e8,8589936
v1,1791230660782149,SAT,67451,b097ef0536bef82c:0x9f8e8,8657387
v1,1791230660901008,SAT,714,b097ef0536bef82c:0x9f8e8,8658101
v1,1791230660902525,UNSAT,1233,b097ef0536bef82c:0x9f8e8,8659334
v1,1791230660905202,SAT,62,b097ef0536bef82c:0x9f8e8,8659396
v1,1791230660905894,UNSAT,404,b097ef0536bef82c:0x9f8e8,8659800
v1,1791230660908101,SAT,287,b097ef0536bef82c:0x9f8e8,8660087
v1,1791230660910480,SAT,345,b097ef0536bef82c:0x9f8e8,8660432
v1,1791230661008154,SAT,67526,b097ef0536bef82c:0x9f8e8,8727958
v1,1791230661127022,SAT,698,b097ef0536bef82c:0x9f8e8,8728656
v1,1791230661128580,UNSAT,1246,b097ef0536bef82c:0x9f8e8,8729902
v1,1791230661131608,SAT,72,b097ef0536bef82c:0x9f8e8,8729974
v1,1791230661132370,UNSAT,470,b097ef0536bef82c:0x9f8e8,8730444
v1,1791230661134779,SAT,326,b097ef0536bef82c:0x9f8e8,8730770
v1,1791230661137290,SAT,342,b097ef0536bef82c:0x9f8e8,8731112
v1,1791230661236354,SAT,67476,b097ef0536bef82c:0x9f8e8,8798588
v1,1791230661357079,SAT,916,b097ef0536bef82c:0x9f8e8,8799504
v1,1791230661359173,UNSAT,1719,b097ef0536bef82c:0x9f8e8,8801223
v1,1791230661362640,SAT,86,b097ef0536bef82c:0x9f8e8,8801309
v1,1791230661363434,UNSAT,498,b097ef0536bef82c:0x9f8e8,8801807
v1,1791230661365884,SAT,323,b097ef0536bef82c:0x9f8e8,8802130
v1,1791230661368487,SAT,370,b097ef0536bef82c:0x9f8e8,8802500
v1,1791230661461923,UNSAT,58595,b097ef0536bef82c:0x9f936,8861095
v1,1791230661462595,UNSAT,318,b097ef0536bef82c:0x9f936,8861413
v1,1791230661560931,SAT,67175,b097ef0536bef82c:0x9f936,8928588
v1,1791230661679802,SAT,724,b097ef0536bef82c:0x9f936,8929312
v1,1791230661681332,UNSAT,1253,b097ef0536bef82c:0x9f936,8930565
v1,1791230661684045,SAT,65,b097ef0536bef82c:0x9f936,8930630
v1,1791230661684742,UNSAT,425,b097ef0536bef82c:0x9f936,8931055
v1,1791230661686966,SAT,306,b097ef0536bef82c:0x9f936,8931361
v1,1791230661689334,SAT,304,b097ef0536bef82c:0x9f936,8931665
v1,1791230661792177,SAT,67108,b097ef0536bef82c:0x9f936,8998773
v1,1791230661910373,SAT,696,b097ef0536bef82c:0x9f936,8999469
v1,1791230661911884,UNSAT,1236,b097ef0536bef82c:0x9f936,9000705
v1,1791230661914693,SAT,68,b097ef0536bef82c:0x9f936,9000773
v1,1791230661915455,UNSAT,488,b097ef0536bef82c:0x9f936,9001261
v1,1791230661917684,SAT,314,b097ef0536bef82c:0x9f936,9001575
v1,1791230661920099,SAT,309,b097ef0536bef82c:0x9f936,9001884
v1,1791230662025043,SAT,67371,b097ef0536bef82c:0x9f936,9069255
v1,1791230662143658,SAT,694,b097ef0536bef82c:0x9f936,9069949
v1,1791230662145159,UNSAT,1219,b097ef0536bef82c:0x9f936,9071168
v1,1791230662147816,SAT,64,b097ef0536bef82c:0x9f936,9071232
v1,1791230662148508,UNSAT,418,b097ef0536bef82c:0x9f936,9071650
v1,1791230662150680,SAT,288,b097ef0536bef82c:0x9f936,9071938
v1,1791230662152966,SAT,288,b097ef0536bef82c:0x9f936,9072226
v1,1791230662259392,SAT,67328,b097ef0536bef82c:0x9f936,9139554
v1,1791230662377320,SAT,706,b097ef0536bef82c:0x9f936,9140260
v1,1791230662378803,UNSAT,1203,b097ef0536bef82c:0x9f936,9141463
v1,1791230662381432,SAT,75,b097ef0536bef82c:0x9f936,9141538
v1,1791230662382206,UNSAT,479,b097ef0536bef82c:0x9f936,9142017
v1,1791230662384787,SAT,318,b097ef0536bef82c:0x9f936,9142335
v1,1791230662387278,SAT,306,b097ef0536bef82c:0x9f936,9142641
v1,1791230662493006,UNSAT,58772,b097ef0536bef82c:0x9f936,9201413
v1,1791230662493675,UNSAT,299,b097ef0536bef82c:0x9f936,9201712
v1,1791230662604901,SAT,68084,b097ef0536bef82c:0x9f936,9269796
v1,1791230662726171,SAT,711,b097ef0536bef82c:0x9f936,9270507
v1,1791230662727759,UNSAT,1290,b097ef0536bef82c:0x9f936,9271797
v1,1791230662730574,SAT,108,b097ef0536bef82c:0x9f936,9271905
v1,1791230662731351,UNSAT,451,b097ef0536bef82c:0x9f936,9272356
v1,1791230662733586,SAT,293,b097ef0536bef82c:0x9f936,9272649
v1,1791230662735908,SAT,297,b097ef0536bef82c:0x9f936,9272946
v1,1791230662852525,SAT,68351,b097ef0536bef82c:0x9f936,9341297
v1,1791230662974006,SAT,716,b097ef0536bef82c:0x9f936,9342013
v1,1791230662975500,UNSAT,1213,b097ef0536bef82c:0x9f936,9343226
v1,1791230662978369,SAT,67,b097ef0536bef82c:0x9f936,9343293
v1,1791230662979070,UNSAT,413,b097ef0536bef82c:0x9f936,9343706
v1,1791230662981303,SAT,340,b097ef0536bef82c:0x9f936,9344046
v1,1791230662983696,SAT,322,b097ef0536bef82c:0x9f936,9344368
v1,1791230663101702,SAT,67958,b097ef0536bef82c:0x9f936,9412326
v1,1791230663223064,SAT,699,b097ef0536bef82c:0x9f936,9413025
v1,1791230663224665,UNSAT,1271,b097ef0536bef82c:0x9f936,9414296
v1,1791230663227354,SAT,105,b097ef0536bef82c:0x9f936,9414401
v1,1791230663228044,UNSAT,412,b097ef0536bef82c:0x9f936,9414813
v1,1791230663230253,SAT,296,b097ef0536bef82c:0x9f936,9415109
v1,1791230663232672,SAT,302,b097ef0536bef82c:0x9f936,9415411
v1,1791230663352857,SAT,67838,b097ef0536bef82c:0x9f936,9483249
v1,1791230663474163,SAT,730,b097ef0536bef82c:0x9f936,9483979
v1,1791230663475688,UNSAT,1232,b097ef0536bef82c:0x9f936,9485211
v1,1791230663478412,SAT,65,b097ef0536bef82c:0x9f936,9485276
v1,1791230663479098,UNSAT,412,b097ef0536bef82c:0x9f936,9485688
v1,1791230663481295,SAT,308,b097ef0536bef82c:0x9f936,9485996
v1,1791230663483680,SAT,312,b097ef0536bef82c:0x9f936,9486308
v1,1791230663608973,UNSAT,61831,b097ef0536bef82c:0x9f936,9548139
v1,1791230663609676,UNSAT,337,b097ef0536bef82c:0x9f936,9548476
v1,1791230663674151,UNSAT,255,b097ef0536bef82c:0xe9c1,9548731
v1,1791230663674637,UNSAT,152,b097ef0536bef82c:0xe9c1,9548883
v1,1791230663809591,UNSAT,65896,b097ef0536bef82c:0xea7c,9614779
v1,1791230663810621,UNSAT,645,b097ef0536bef82c:0xea7c,9615424
v1,1791230663874749,UNSAT,274,b097ef0536bef82c:0xed93,9615698
v1,1791230663875229,UNSAT,157,b097ef0536bef82c:0xed93,9615855
v1,1791230663981177,UNSAT,61617,b097ef0536bef82c:0x56e6,9677472
v1,1791230663981832,UNSAT,290,b097ef0536bef82c:0x56e6,9677762
v1,1791230664035272,UNSAT,265,b097ef0536bef82c:0x6e6f2,9678027
v1,1791230664035877,UNSAT,224,b097ef0536bef82c:0x6e6f2,9678251
v1,1791230664082222,UNSAT,386,b097ef0536bef82c:0x791e5,9678637
v1,1791230664083045,UNSAT,178,b097ef0536bef82c:0x791e5,9678815
v1,1791230664238300,UNSAT,64526,b097ef0536bef82c:0x792ac,9743341
v1,1791230664239043,UNSAT,293,b097ef0536bef82c:0x792ac,9743634
v1,1791230664279594,UNSAT,263,b097ef0536bef82c:0x792b5,9743897
v1,1791230664280117,UNSAT,145,b097ef0536bef82c:0x792b5,9744042
v1,1791230664325413,UNSAT,271,b097ef0536bef82c:0x7b633,9744313
v1,1791230664325926,UNSAT,144,b097ef0536bef82c:0x7b633,9744457
v1,1791230664437065,UNSAT,63030,b097ef0536bef82c:0x7b665,9807487
v1,1791230664437743,UNSAT,297,b097ef0536bef82c:0x7b665,9807784
v1,1791230664486507,UNSAT,1024,b097ef0536bef82c:0x7b66d,9808808
v1,1791230664487154,UNSAT,267,b097ef0536bef82c:0x7b66d,9809075
v1,1791230664602346,UNSAT,64958,b097ef0536bef82c:0x8f3b4,9874033
v1,1791230664603009,UNSAT,301,b097ef0536bef82c:0x8f3b4,9874334
v1,1791230664657121,UNSAT,258,b097ef0536bef82c:0x8f435,9874592
v1,1791230664657591,UNSAT,142,b097ef0536bef82c:0x8f435,9874734
v1,1791230664779408,UNSAT,65053,b097ef0536bef82c:0x8f467,9939787
v1,1791230664780133,UNSAT,302,b097ef0536bef82c:0x8f467,9940089
v1,1791230664901770,UNSAT,63427,b097ef0536bef82c:0x8f46e,10003516
v1,1791230664902466,UNSAT,290,b097ef0536bef82c:0x8f46e,10003806
v1,1791230665034987,SAT,72832,b097ef0536bef82c:0x8f46e,10076638
v1,1791230665177058,SAT,874,b097ef0536bef82c:0x8f46e,10077512
v1,1791230665179124,UNSAT,1780,b097ef0536bef82c:0x8f46e,10079292
v1,1791230665182062,SAT,65,b097ef0536bef82c:0x8f46e,10079357
v1,1791230665183769,UNSAT,1444,b097ef0536bef82c:0x8f46e,10080801
v1,1791230665186270,SAT,247,b097ef0536bef82c:0x8f46e,10081048
v1,1791230665188613,SAT,189,b097ef0536bef82c:0x8f46e,10081237
v1,1791230665315411,SAT,72812,b097ef0536bef82c:0x8f46e,10154049
v1,1791230665457060,SAT,859,b097ef0536bef82c:0x8f46e,10154908
v1,1791230665459199,UNSAT,1867,b097ef0536bef82c:0x8f46e,10156775
v1,1791230665462219,SAT,67,b097ef0536bef82c:0x8f46e,10156842
v1,1791230665463667,UNSAT,1133,b097ef0536bef82c:0x8f46e,10157975
v1,1791230665466166,SAT,243,b097ef0536bef82c:0x8f46e,10158218
v1,1791230665468628,SAT,174,b097ef0536bef82c:0x8f46e,10158392
v1,1791230665575783,SAT,72753,b097ef0536bef82c:0x8f46e,10231145
v1,1791230665717383,SAT,844,b097ef0536bef82c:0x8f46e,10231989
v1,1791230665719452,UNSAT,1803,b097ef0536bef82c:0x8f46e,10233792
v1,1791230665722347,SAT,63,b097ef0536bef82c:0x8f46e,10233855
v1,1791230665723667,UNSAT,1075,b097ef0536bef82c:0x8f46e,10234930
v1,1791230665726019,SAT,233,b097ef0536bef82c:0x8f46e,10235163
v1,1791230665728371,SAT,187,b097ef0536bef82c:0x8f46e,10235350
v1,1791230665837878,SAT,72879,b097ef0536bef82c:0x8f46e,10308229
v1,1791230665980087,SAT,840,b097ef0536bef82c:0x8f46e,10309069
v1,1791230665982231,UNSAT,1876,b097ef0536bef82c:0x8f46e,10310945
v1,1791230665985196,SAT,66,b097ef0536bef82c:0x8f46e,10311011
v1,1791230665986554,UNSAT,1101,b097ef0536bef82c:0x8f46e,10312112
v1,1791230665988862,SAT,217,b097ef0536bef82c:0x8f46e,10312329
v1,1791230665991146,SAT,188,b097ef0536bef82c:0x8f46e,10312517
v1,1791230666095689,UNSAT,62437,b097ef0536bef82c:0x8f498,10374954
v1,1791230666096334,UNSAT,280,b097ef0536bef82c:0x8f498,10375234
v1,1791230666209472,SAT,73851,b097ef0536bef82c:0x8f498,10449085
v1,1791230666353082,SAT,837,b097ef0536bef82c:0x8f498,10449922
v1,1791230666355176,UNSAT,1821,b097ef0536bef82c:0x8f498,10451743
v1,1791230666358104,SAT,68,b097ef0536bef82c:0x8f498,10451811
v1,1791230666359446,UNSAT,1092,b097ef0536bef82c:0x8f498,10452903
v1,1791230666361836,SAT,219,b097ef0536bef82c:0x8f498,10453122
v1,1791230666364188,SAT,179,b097ef0536bef82c:0x8f498,10453301
v1,1791230666481682,SAT,73437,b097ef0536bef82c:0x8f498,10526738
v1,1791230666626048,SAT,866,b097ef0536bef82c:0x8f498,10527604
v1,1791230666628220,UNSAT,1877,b097ef0536bef82c:0x8f498,10529481
v1,1791230666631248,SAT,61,b097ef0536bef82c:0x8f498,10529542
v1,1791230666632662,UNSAT,1138,b097ef0536bef82c:0x8f498,10530680
v1,1791230666635041,SAT,229,b097ef0536bef82c:0x8f498,10530909
v1,1791230666637491,SAT,203,b097ef0536bef82c:0x8f498,10531112
v1,1791230666759835,SAT,73385,b097ef0536bef82c:0x8f498,10604497
v1,1791230666903887,SAT,903,b097ef0536bef82c:0x8f498,10605400
v1,1791230666905980,UNSAT,1825,b097ef0536bef82c:0x8f498,10607225
v1,1791230666908960,SAT,71,b097ef0536bef82c:0x8f498,10607296
v1,1791230666910317,UNSAT,1099,b097ef0536bef82c:0x8f498,10608395
v1,1791230666912719,SAT,228,b097ef0536bef82c:0x8f498,10608623
v1,1791230666915058,SAT,182,b097ef0536bef82c:0x8f498,10608805
v1,1791230667037607,SAT,73524,b097ef0536bef82c:0x8f498,10682329
v1,1791230667182633,SAT,855,b097ef0536bef82c:0x8f498,10683184
v1,1791230667184814,UNSAT,1909,b097ef0536bef82c:0x8f498,10685093
v1,1791230667187780,SAT,60,b097ef0536bef82c:0x8f498,10685153
v1,1791230667189191,UNSAT,1161,b097ef0536bef82c:0x8f498,10686314
v1,1791230667191553,SAT,241,b097ef0536bef82c:0x8f498,10686555
v1,1791230667193876,SAT,173,b097ef0536bef82c:0x8f498,10686728
v1,1791230667310160,UNSAT,62629,b097ef0536bef82c:0x8f4c2,10749357
v1,1791230667310850,UNSAT,275,b097ef0536bef82c:0x8f4c2,10749632
v1,1791230667435856,SAT,73011,b097ef0536bef82c:0x8f4c2,10822643
v1,1791230667577321,SAT,832,b097ef0536bef82c:0x8f4c2,10823475
v1,1791230667579419,UNSAT,1812,b097ef0536bef82c:0x8f4c2,10825287
v1,1791230667582518,SAT,68,b097ef0536bef82c:0x8f4c2,10825355
v1,1791230667583940,UNSAT,1169,b097ef0536bef82c:0x8f4c2,10826524
v1,1791230667586353,SAT,238,b097ef0536bef82c:0x8f4c2,10826762
v1,1791230667588679,SAT,180,b097ef0536bef82c:0x8f4c2,10826942
v1,1791230667717325,SAT,72768,b097ef0536bef82c:0x8f4c2,10899710
v1,1791230667861688,SAT,843,b097ef0536bef82c:0x8f4c2,10900553
v1,1791230667863826,UNSAT,1876,b097ef0536bef82c:0x8f4c2,10902429
v1,1791230667866795,SAT,59,b097ef0536bef82c:0x8f4c2,10902488
v1,1791230667868192,UNSAT,1153,b097ef0536bef82c:0x8f4c2,10903641
v1,1791230667870600,SAT,242,b097ef0536bef82c:0x8f4c2,10903883
v1,1791230667872953,SAT,171,b097ef0536bef82c:0x8f4c2,10904054
v1,1791230668005555,SAT,73381,b097ef0536bef82c:0x8f4c2,10977435
v1,1791230668147358,SAT,846,b097ef0536bef82c:0x8f4c2,10978281
v1,1791230668149473,UNSAT,1855,b097ef0536bef82c:0x8f4c2,10980136
v1,1791230668152505,SAT,71,b097ef0536bef82c:0x8f4c2,10980207
v1,1791230668153897,UNSAT,1122,b097ef0536bef82c:0x8f4c2,10981329
v1,1791230668156294,SAT,241,b097ef0536bef82c:0x8f4c2,10981570
v1,1791230668158696,SAT,193,b097ef0536bef82c:0x8f4c2,10981763
v1,1791230668292668,SAT,72886,b097ef0536bef82c:0x8f4c2,11054649
v1,1791230668434779,SAT,856,b097ef0536bef82c:0x8f4c2,11055505
v1,1791230668436882,UNSAT,1828,b097ef0536bef82c:0x8f4c2,11057333
v1,1791230668439898,SAT,98,b097ef0536bef82c:0x8f4c2,11057431
v1,1791230668441316,UNSAT,1156,b097ef0536bef82c:0x8f4c2,11058587
v1,1791230668443686,SAT,242,b097ef0536bef82c:0x8f4c2,11058829
v1,1791230668446024,SAT,193,b097ef0536bef82c:0x8f4c2,11059022
v1,1791230668574089,UNSAT,62397,b097ef0536bef82c:0x8f498,11121419
v1,1791230668574773,UNSAT,285,b097ef0536bef82c:0x8f498,11121704
v1,1791230668711990,SAT,73881,b097ef0536bef82c:0x8f498,11195585
v1,1791230668860463,SAT,852,b097ef0536bef82c:0x8f498,11196437
v1,1791230668862617,UNSAT,1883,b097ef0536bef82c:0x8f498,11198320
v1,1791230668865628,SAT,70,b097ef0536bef82c:0x8f498,11198390
v1,1791230668867204,UNSAT,1326,b097ef0536bef82c:0x8f498,11199716
v1,1791230668869641,SAT,230,b097ef0536bef82c:0x8f498,11199946
v1,1791230668871989,SAT,182,b097ef0536bef82c:0x8f498,11200128
v1,1791230669014367,SAT,73855,b097ef0536bef82c:0x8f498,11273983
v1,1791230669162942,SAT,839,b097ef0536bef82c:0x8f498,11274822
v1,1791230669165045,UNSAT,1848,b097ef0536bef82c:0x8f498,11276670
v1,1791230669168043,SAT,58,b097ef0536bef82c:0x8f498,11276728
v1,1791230669169501,UNSAT,1171,b097ef0536bef82c:0x8f498,11277899
v1,1791230669171928,SAT,238,b097ef0536bef82c:0x8f498,11278137
v1,1791230669174438,SAT,195,b097ef0536bef82c:0x8f498,11278332
v1,1791230669319054,SAT,73681,b097ef0536bef82c:0x8f498,11352013
v1,1791230669465582,SAT,841,b097ef0536bef82c:0x8f498,11352854
v1,1791230669467628,UNSAT,1790,b097ef0536bef82c:0x8f498,11354644
v1,1791230669470605,SAT,69,b097ef0536bef82c:0x8f498,11354713
v1,1791230669471954,UNSAT,1092,b097ef0536bef82c:0x8f498,11355805
v1,1791230669474393,SAT,246,b097ef0536bef82c:0x8f498,11356051
v1,1791230669476689,SAT,174,b097ef0536bef82c:0x8f498,11356225
v1,1791230669624971,SAT,73917,b097ef0536bef82c:0x8f498,11430142
v1,1791230669770937,SAT,854,b097ef0536bef82c:0x8f498,11430996
v1,1791230669773076,UNSAT,1872,b097ef0536bef82c:0x8f498,11432868
v1,1791230669776039,SAT,61,b097ef0536bef82c:0x8f498,11432929
v1,1791230669777505,UNSAT,1194,b097ef0536bef82c:0x8f498,11434123
v1,1791230669779951,SAT,247,b097ef0536bef82c:0x8f498,11434370
v1,1791230669782444,SAT,183,b097ef0536bef82c:0x8f498,11434553
v1,1791230669884727,UNSAT,63454,b097ef0536bef82c:0x8f4c2,11498007
v1,1791230669885376,UNSAT,272,b097ef0536bef82c:0x8f4c2,11498279
v1,1791230669991362,SAT,73101,b097ef0536bef82c:0x8f4c2,11571380
v1,1791230670133684,SAT,988,b097ef0536bef82c:0x8f4c2,11572368
v1,1791230670135803,UNSAT,1845,b097ef0536bef82c:0x8f4c2,11574213
v1,1791230670138848,SAT,70,b097ef0536bef82c:0x8f4c2,11574283
v1,1791230670140216,UNSAT,1111,b097ef0536bef82c:0x8f4c2,11575394
v1,1791230670142767,SAT,252,b097ef0536bef82c:0x8f4c2,11575646
v1,1791230670145116,SAT,179,b097ef0536bef82c:0x8f4c2,11575825
v1,1791230670256660,SAT,72852,b097ef0536bef82c:0x8f4c2,11648677
v1,1791230670398991,SAT,852,b097ef0536bef82c:0x8f4c2,11649529
v1,1791230670401175,UNSAT,1888,b097ef0536bef82c:0x8f4c2,11651417
v1,1791230670404204,SAT,64,b097ef0536bef82c:0x8f4c2,11651481
v1,1791230670405605,UNSAT,1141,b097ef0536bef82c:0x8f4c2,11652622
v1,1791230670408058,SAT,231,b097ef0536bef82c:0x8f4c2,11652853
v1,1791230670410320,SAT,175,b097ef0536bef82c:0x8f4c2,11653028
v1,1791230670523834,SAT,72683,b097ef0536bef82c:0x8f4c2,11725711
v1,1791230670665496,SAT,853,b097ef0536bef82c:0x8f4c2,11726564
v1,1791230670667598,UNSAT,1844,b097ef0536bef82c:0x8f4c2,11728408
v1,1791230670670659,SAT,65,b097ef0536bef82c:0x8f4c2,11728473
v1,1791230670672056,UNSAT,1139,b097ef0536bef82c:0x8f4c2,11729612
v1,1791230670674423,SAT,240,b097ef0536bef82c:0x8f4c2,11729852
v1,1791230670676748,SAT,172,b097ef0536bef82c:0x8f4c2,11730024
v1,1791230670793033,SAT,72891,b097ef0536bef82c:0x8f4c2,11802915
v1,1791230670935309,SAT,1039,b097ef0536bef82c:0x8f4c2,11803954
v1,1791230670937425,UNSAT,1850,b097ef0536bef82c:0x8f4c2,11805804
v1,1791230670940454,SAT,63,b097ef0536bef82c:0x8f4c2,11805867
v1,1791230670941826,UNSAT,1117,b097ef0536bef82c:0x8f4c2,11806984
v1,1791230670944193,SAT,227,b097ef0536bef82c:0x8f4c2,11807211
v1,1791230670947185,SAT,183,b097ef0536bef82c:0x8f4c2,11807394
v1,1791230671061059,UNSAT,62393,b097ef0536bef82c:0x8f498,11869787
v1,1791230671061703,UNSAT,275,b097ef0536bef82c:0x8f498,11870062
v1,1791230671180748,SAT,73904,b097ef0536bef82c:0x8f498,11943966
v1,1791230671325060,SAT,838,b097ef0536bef82c:0x8f498,11944804
v1,1791230671327142,UNSAT,1809,b097ef0536bef82c:0x8f498,11946613
v1,1791230671330163,SAT,87,b097ef0536bef82c:0x8f498,11946700
v1,1791230671331560,UNSAT,1133,b097ef0536bef82c:0x8f498,11947833
v1,1791230671334246,SAT,252,b097ef0536bef82c:0x8f498,11948085
v1,1791230671336764,SAT,188,b097ef0536bef82c:0x8f498,11948273
v1,1791230671467773,SAT,73449,b097ef0536bef82c:0x8f498,12021722
v1,1791230671611357,SAT,834,b097ef0536bef82c:0x8f498,12022556
v1,1791230671613448,UNSAT,1840,b097ef0536bef82c:0x8f498,12024396
v1,1791230671616576,SAT,87,b097ef0536bef82c:0x8f498,12024483
v1,1791230671618170,UNSAT,1304,b097ef0536bef82c:0x8f498,12025787
v1,1791230671620935,SAT,265,b097ef0536bef82c:0x8f498,12026052
v1,1791230671623563,SAT,193,b097ef0536bef82c:0x8f498,12026245
v1,1791230671751372,SAT,73135,b097ef0536bef82c:0x8f498,12099380
v1,1791230671895686,SAT,847,b097ef0536bef82c:0x8f498,12100227
v1,1791230671897944,UNSAT,1949,b097ef0536bef82c:0x8f498,12102176
v1,1791230671901013,SAT,78,b097ef0536bef82c:0x8f498,12102254
v1,1791230671902437,UNSAT,1137,b097ef0536bef82c:0x8f498,12103391
v1,1791230671904942,SAT,241,b097ef0536bef82c:0x8f498,12103632
v1,1791230671907337,SAT,198,b097ef0536bef82c:0x8f498,12103830
v1,1791230672036568,SAT,73352,b097ef0536bef82c:0x8f498,12177182
v1,1791230672180719,SAT,941,b097ef0536bef82c:0x8f498,12178123
v1,1791230672183113,UNSAT,2096,b097ef0536bef82c:0x8f498,12180219
v1,1791230672186409,SAT,83,b097ef0536bef82c:0x8f498,12180302
v1,1791230672187851,UNSAT,1149,b097ef0536bef82c:0x8f498,12181451
v1,1791230672190343,SAT,282,b097ef0536bef82c:0x8f498,12181733
v1,1791230672192715,SAT,169,b097ef0536bef82c:0x8f498,12181902
v1,1791230672316671,UNSAT,62539,b097ef0536bef82c:0x8f4c2,12244441
v1,1791230672317297,UNSAT,267,b097ef0536bef82c:0x8f4c2,12244708
v1,1791230672448519,SAT,73084,b097ef0536bef82c:0x8f4c2,12317792
v1,1791230672591057,SAT,834,b097ef0536bef82c:0x8f4c2,12318626
v1,1791230672593160,UNSAT,1827,b097ef0536bef82c:0x8f4c2,12320453
v1,1791230672596163,SAT,62,b097ef0536bef82c:0x8f4c2,12320515
v1,1791230672597544,UNSAT,1122,b097ef0536bef82c:0x8f4c2,12321637
v1,1791230672599933,SAT,230,b097ef0536bef82c:0x8f4c2,12321867
v1,1791230672602250,SAT,175,b097ef0536bef82c:0x8f4c2,12322042
v1,1791230672739334,SAT,73043,b097ef0536bef82c:0x8f4c2,12395085
v1,1791230672881981,SAT,830,b097ef0536bef82c:0x8f4c2,12395915
v1,1791230672884085,UNSAT,1830,b097ef0536bef82c:0x8f4c2,12397745
v1,1791230672887081,SAT,62,b097ef0536bef82c:0x8f4c2,12397807
v1,1791230672888515,UNSAT,1161,b097ef0536bef82c:0x8f4c2,12398968
v1,1791230672891101,SAT,247,b097ef0536bef82c:0x8f4c2,12399215
v1,1791230672893499,SAT,187,b097ef0536bef82c:0x8f4c2,12399402
v1,1791230673033182,SAT,72830,b097ef0536bef82c:0x8f4c2,12472232
v1,1791230673174571,SAT,838,b097ef0536bef82c:0x8f4c2,12473070
v1,1791230673176695,UNSAT,1857,b097ef0536bef82c:0x8f4c2,12474927
v1,1791230673179858,SAT,66,b097ef0536bef82c:0x8f4c2,12474993
v1,1791230673181382,UNSAT,1249,b097ef0536bef82c:0x8f4c2,12476242
v1,1791230673183953,SAT,286,b097ef0536bef82c:0x8f4c2,12476528
v1,1791230673186549,SAT,183,b097ef0536bef82c:0x8f4c2,12476711
v1,1791230673328648,SAT,72641,b097ef0536bef82c:0x8f4c2,12549352
v1,1791230673470321,SAT,857,b097ef0536bef82c:0x8f4c2,12550209
v1,1791230673472716,UNSAT,2094,b097ef0536bef82c:0x8f4c2,12552303
v1,1791230673475891,SAT,72,b097ef0536bef82c:0x8f4c2,12552375
v1,1791230673477317,UNSAT,1158,b097ef0536bef82c:0x8f4c2,12553533
v1,1791230673479736,SAT,240,b097ef0536bef82c:0x8f4c2,12553773
v1,1791230673482110,SAT,184,b097ef0536bef82c:0x8f4c2,12553957
v1,1791230673618625,UNSAT,62585,b097ef0536bef82c:0x8f498,12616542
v1,1791230673619310,UNSAT,295,b097ef0536bef82c:0x8f498,12616837
v1,1791230673763534,SAT,73424,b097ef0536bef82c:0x8f498,12690261
v1,1791230673910248,SAT,849,b097ef0536bef82c:0x8f498,12691110
v1,1791230673912484,UNSAT,1872,b097ef0536bef82c:0x8f498,12692982
v1,1791230673915468,SAT,73,b097ef0536bef82c:0x8f498,12693055
v1,1791230673916885,UNSAT,1143,b097ef0536bef82c:0x8f498,12694198
v1,1791230673919495,SAT,380,b097ef0536bef82c:0x8f498,12694578
v1,1791230673921877,SAT,181,b097ef0536bef82c:0x8f498,12694759
v1,1791230674031129,SAT,73649,b097ef0536bef82c:0x8f498,12768408
v1,1791230674178120,SAT,832,b097ef0536bef82c:0x8f498,12769240
v1,1791230674180173,UNSAT,1783,b097ef0536bef82c:0x8f498,12771023
v1,1791230674183159,SAT,61,b097ef0536bef82c:0x8f498,12771084
v1,1791230674184757,UNSAT,1273,b097ef0536bef82c:0x8f498,12772357
v1,1791230674187205,SAT,243,b097ef0536bef82c:0x8f498,12772600
v1,1791230674189588,SAT,179,b097ef0536bef82c:0x8f498,12772779
v1,1791230674301306,SAT,73692,b097ef0536bef82c:0x8f498,12846471
v1,1791230674448120,SAT,818,b097ef0536bef82c:0x8f498,12847289
v1,1791230674450237,UNSAT,1840,b097ef0536bef82c:0x8f498,12849129
v1,1791230674453160,SAT,63,b097ef0536bef82c:0x8f498,12849192
v1,1791230674454567,UNSAT,1114,b097ef0536bef82c:0x8f498,12850306
v1,1791230674456938,SAT,225,b097ef0536bef82c:0x8f498,12850531
v1,1791230674459262,SAT,185,b097ef0536bef82c:0x8f498,12850716
v1,1791230674573345,SAT,73730,b097ef0536bef82c:0x8f498,12924446
v1,1791230674719583,SAT,848,b097ef0536bef82c:0x8f498,12925294
v1,1791230674721682,UNSAT,1823,b097ef0536bef82c:0x8f498,12927117
v1,1791230674724584,SAT,72,b097ef0536bef82c:0x8f498,12927189
v1,1791230674725998,UNSAT,1143,b097ef0536bef82c:0x8f498,12928332
v1,1791230674728469,SAT,249,b097ef0536bef82c:0x8f498,12928581
v1,1791230674730773,SAT,180,b097ef0536bef82c:0x8f498,12928761
v1,1791230674840422,UNSAT,63013,b097ef0536bef82c:0x8f4c2,12991774
v1,1791230674841069,UNSAT,275,b097ef0536bef82c:0x8f4c2,12992049
v1,1791230674957656,SAT,72843,b097ef0536bef82c:0x8f4c2,13064892
v1,1791230675099345,SAT,870,b097ef0536bef82c:0x8f4c2,13065762
v1,1791230675101420,UNSAT,1797,b097ef0536bef82c:0x8f4c2,13067559
v1,1791230675104505,SAT,69,b097ef0536bef82c:0x8f4c2,13067628
v1,1791230675105908,UNSAT,1134,b097ef0536bef82c:0x8f4c2,13068762
v1,1791230675108342,SAT,270,b097ef0536bef82c:0x8f4c2,13069032
v1,1791230675110728,SAT,186,b097ef0536bef82c:0x8f4c2,13069218
v1,1791230675233205,SAT,72824,b097ef0536bef82c:0x8f4c2,13142042
v1,1791230675375162,SAT,846,b097ef0536bef82c:0x8f4c2,13142888
v1,1791230675377314,UNSAT,1846,b097ef0536bef82c:0x8f4c2,13144734
v1,1791230675380347,SAT,71,b097ef0536bef82c:0x8f4c2,13144805
v1,1791230675381775,UNSAT,1158,b097ef0536bef82c:0x8f4c2,13145963
v1,1791230675384190,SAT,235,b097ef0536bef82c:0x8f4c2,13146198
v1,1791230675386499,SAT,175,b097ef0536bef82c:0x8f4c2,13146373
v1,1791230675511735,SAT,72844,b097ef0536bef82c:0x8f4c2,13219217
v1,1791230675653562,SAT,848,b097ef0536bef82c:0x8f4c2,13220065
v1,1791230675655663,UNSAT,1820,b097ef0536bef82c:0x8f4c2,13221885
v1,1791230675658645,SAT,69,b097ef0536bef82c:0x8f4c2,13221954
v1,1791230675660018,UNSAT,1103,b097ef0536bef82c:0x8f4c2,13223057
v1,1791230675662443,SAT,244,b097ef0536bef82c:0x8f4c2,13223301
v1,1791230675664767,SAT,181,b097ef0536bef82c:0x8f4c2,13223482
v1,1791230675792876,SAT,73043,b097ef0536bef82c:0x8f4c2,13296525
v1,1791230675934523,SAT,873,b097ef0536bef82c:0x8f4c2,13297398
v1,1791230675936894,UNSAT,2066,b097ef0536bef82c:0x8f4c2,13299464
v1,1791230675940070,SAT,75,b097ef0536bef82c:0x8f4c2,13299539
v1,1791230675944549,UNSAT,4181,b097ef0536bef82c:0x8f4c2,13303720
v1,1791230675947269,SAT,255,b097ef0536bef82c:0x8f4c2,13303975
v1,1791230675949786,SAT,198,b097ef0536bef82c:0x8f4c2,13304173
v1,1791230676072383,UNSAT,62573,b097ef0536bef82c:0x8f498,13366746
v1,1791230676073004,UNSAT,265,b097ef0536bef82c:0x8f498,13367011
v1,1791230676203307,SAT,73107,b097ef0536bef82c:0x8f498,13440118
v1,1791230676347154,SAT,846,b097ef0536bef82c:0x8f498,13440964
v1,1791230676349274,UNSAT,1834,b097ef0536bef82c:0x8f498,13442798
v1,1791230676352332,SAT,90,b097ef0536bef82c:0x8f498,13442888
v1,1791230676353752,UNSAT,1160,b097ef0536bef82c:0x8f498,13444048
v1,1791230676356147,SAT,237,b097ef0536bef82c:0x8f498,13444285
v1,1791230676358523,SAT,194,b097ef0536bef82c:0x8f498,13444479
v1,1791230676495130,SAT,73393,b097ef0536bef82c:0x8f498,13517872
v1,1791230676638545,SAT,841,b097ef0536bef82c:0x8f498,13518713
v1,1791230676640669,UNSAT,1868,b097ef0536bef82c:0x8f498,13520581
v1,1791230676643601,SAT,67,b097ef0536bef82c:0x8f498,13520648
v1,1791230676645001,UNSAT,1151,b097ef0536bef82c:0x8f498,13521799
v1,1791230676647550,SAT,230,b097ef0536bef82c:0x8f498,13522029
v1,1791230676649926,SAT,175,b097ef0536bef82c:0x8f498,13522204
v1,1791230676789593,SAT,73211,b097ef0536bef82c:0x8f498,13595415
v1,1791230676934455,SAT,868,b097ef0536bef82c:0x8f498,13596283
v1,1791230676936771,UNSAT,2007,b097ef0536bef82c:0x8f498,13598290
v1,1791230676939803,SAT,93,b097ef0536bef82c:0x8f498,13598383
v1,1791230676941161,UNSAT,1107,b097ef0536bef82c:0x8f498,13599490
v1,1791230676943536,SAT,246,b097ef0536bef82c:0x8f498,13599736
v1,1791230676946121,SAT,188,b097ef0536bef82c:0x8f498,13599924
v1,1791230677089097,SAT,73325,b097ef0536bef82c:0x8f498,13673249
v1,1791230677233074,SAT,836,b097ef0536bef82c:0x8f498,13674085
v1,1791230677235176,UNSAT,1808,b097ef0536bef82c:0x8f498,13675893
v1,1791230677238173,SAT,72,b097ef0536bef82c:0x8f498,13675965
v1,1791230677239606,UNSAT,1157,b097ef0536bef82c:0x8f498,13677122
v1,1791230677241998,SAT,235,b097ef0536bef82c:0x8f498,13677357
v1,1791230677244305,SAT,189,b097ef0536bef82c:0x8f498,13677546
v1,1791230677394274,UNSAT,71814,b097ef0536bef82c:0x8f498,13749360
v1,1791230677396829,SAT,2197,b097ef0536bef82c:0x8f498,13751557
v1,1791230677439154,UNSAT,1127,b097ef0536bef82c:0x8f4d3,13752684
v1,1791230677440128,SAT,620,b097ef0536bef82c:0x8f4d3,13753304
v1,1791230677552131,UNSAT,70389,b097ef0536bef82c:0x8f3b9,13823693
v1,1791230677553147,SAT,633,b097ef0536bef82c:0x8f3b9,13824326
v1,1791230677667513,SAT,71494,b097ef0536bef82c:0x8f3b9,13895820
v1,1791230677808162,SAT,815,b097ef0536bef82c:0x8f3b9,13896635
v1,1791230677810200,UNSAT,1768,b097ef0536bef82c:0x8f3b9,13898403
v1,1791230677813203,SAT,105,b097ef0536bef82c:0x8f3b9,13898508
v1,1791230677814820,UNSAT,1292,b097ef0536bef82c:0x8f3b9,13899800
v1,1791230677817322,SAT,234,b097ef0536bef82c:0x8f3b9,13900034
v1,1791230677819654,SAT,179,b097ef0536bef82c:0x8f3b9,13900213
v1,1791230677871912,UNSAT,1155,b097ef0536bef82c:0x8f3c9,13901368
v1,1791230677872527,SAT,304,b097ef0536bef82c:0x8f3c9,13901672
v1,1791230677994564,SAT,72642,b097ef0536bef82c:0x8f3c9,13974314
v1,1791230678138947,SAT,864,b097ef0536bef82c:0x8f3c9,13975178
v1,1791230678141013,UNSAT,1786,b097ef0536bef82c:0x8f3c9,13976964
v1,1791230678144009,SAT,62,b097ef0536bef82c:0x8f3c9,13977026
v1,1791230678145439,UNSAT,1145,b097ef0536bef82c:0x8f3c9,13978171
v1,1791230678147844,SAT,224,b097ef0536bef82c:0x8f3c9,13978395
v1,1791230678150179,SAT,178,b097ef0536bef82c:0x8f3c9,13978573
v1,1791230678207040,UNSAT,1186,b097ef0536bef82c:0x8f3dc,13979759
v1,1791230678209815,SAT,2441,b097ef0536bef82c:0x8f3dc,13982200
v1,1791230678267390,UNSAT,1175,b097ef0536bef82c:0x8f3ed,13983375
v1,1791230678267999,SAT,299,b097ef0536bef82c:0x8f3ed,13983674
v1,1791230678398667,SAT,72575,b097ef0536bef82c:0x8f3ed,14056249
v1,1791230678541316,SAT,825,b097ef0536bef82c:0x8f3ed,14057074
v1,1791230678543597,UNSAT,1967,b097ef0536bef82c:0x8f3ed,14059041
v1,1791230678546766,SAT,66,b097ef0536bef82c:0x8f3ed,14059107
v1,1791230678548294,UNSAT,1260,b097ef0536bef82c:0x8f3ed,14060367
v1,1791230678550911,SAT,250,b097ef0536bef82c:0x8f3ed,14060617
v1,1791230678553455,SAT,181,b097ef0536bef82c:0x8f3ed,14060798
v1,1791230678620530,UNSAT,1226,b097ef0536bef82c:0x8f406,14062024
v1,1791230678622752,SAT,1902,b097ef0536bef82c:0x8f406,14063926
v1,1791230678758206,SAT,71743,b097ef0536bef82c:0x8f406,14135669
v1,1791230678898001,SAT,848,b097ef0536bef82c:0x8f406,14136517
v1,1791230678900030,UNSAT,1761,b097ef0536bef82c:0x8f406,14138278
v1,1791230678902940,SAT,62,b097ef0536bef82c:0x8f406,14138340
v1,1791230678904475,UNSAT,1291,b097ef0536bef82c:0x8f406,14139631
v1,1791230678906871,SAT,219,b097ef0536bef82c:0x8f406,14139850
v1,1791230678909266,SAT,179,b097ef0536bef82c:0x8f406,14140029
v1,1791230679049918,SAT,71627,b097ef0536bef82c:0x8f406,14211656
v1,1791230679189331,SAT,839,b097ef0536bef82c:0x8f406,14212495
v1,1791230679191517,UNSAT,1902,b097ef0536bef82c:0x8f406,14214397
v1,1791230679194652,SAT,66,b097ef0536bef82c:0x8f406,14214463
v1,1791230679196085,UNSAT,1172,b097ef0536bef82c:0x8f406,14215635
v1,1791230679198558,SAT,251,b097ef0536bef82c:0x8f406,14215886
v1,1791230679201085,SAT,195,b097ef0536bef82c:0x8f406,14216081
v1,1791230679276992,UNSAT,1175,b097ef0536bef82c:0x8f429,14217256
v1,1791230679279578,SAT,2256,b097ef0536bef82c:0x8f429,14219512
v1,1791230691228175,UNSAT,302,b097ef0536bef82c:0x480e0,302
v1,1791230691229484,SAT,709,b097ef0536bef82c:0x480e0,1011
v1,1791230691241093,SAT,5857,b097ef0536bef82c:0x480e0,6868
v1,1791230691246689,SAT,78,b097ef0536bef82c:0x480e0,6946
v1,1791230691247500,UNSAT,605,b097ef0536bef82c:0x480e0,7551
v1,1791230691247555,SAT,29,b097ef0536bef82c:0x480e0,7580
v1,1791230691248515,UNSAT,830,b097ef0536bef82c:0x480e0,8410
v1,1791230691249068,SAT,436,b097ef0536bef82c:0x480e0,8846
v1,1791230691249742,SAT,445,b097ef0536bef82c:0x480e0,9291
v1,1791230691258461,SAT,5687,b097ef0536bef82c:0x480e0,14978
v1,1791230691263968,SAT,52,b097ef0536bef82c:0x480e0,15030
v1,1791230691264772,UNSAT,613,b097ef0536bef82c:0x480e0,15643
v1,1791230691264827,SAT,30,b097ef0536bef82c:0x480e0,15673
v1,1791230691265769,UNSAT,814,b097ef0536bef82c:0x480e0,16487
v1,1791230691266324,SAT,440,b097ef0536bef82c:0x480e0,16927
v1,1791230691266951,SAT,444,b097ef0536bef82c:0x480e0,17371
v1,1791230691307771,UNSAT,265,b097ef0536bef82c:0x489eb,17636
v1,1791230691308705,SAT,474,b097ef0536bef82c:0x489eb,18110
v1,1791230691320154,SAT,5677,b097ef0536bef82c:0x489eb,23787
v1,1791230691325808,SAT,66,b097ef0536bef82c:0x489eb,23853
v1,1791230691326702,UNSAT,652,b097ef0536bef82c:0x489eb,24505
v1,1791230691326763,SAT,30,b097ef0536bef82c:0x489eb,24535
v1,1791230691327759,UNSAT,840,b097ef0536bef82c:0x489eb,25375
v1,1791230691328378,SAT,449,b097ef0536bef82c:0x489eb,25824
v1,1791230691329101,SAT,472,b097ef0536bef82c:0x489eb,26296
v1,1791230691337989,SAT,5772,b097ef0536bef82c:0x489eb,32068
v1,1791230691343794,SAT,62,b097ef0536bef82c:0x489eb,32130
v1,1791230691344689,UNSAT,654,b097ef0536bef82c:0x489eb,32784
v1,1791230691344753,SAT,30,b097ef0536bef82c:0x489eb,32814
v1,1791230691345756,UNSAT,848,b097ef0536bef82c:0x489eb,33662
v1,1791230691346374,SAT,450,b097ef0536bef82c:0x489eb,34112
v1,1791230691347058,SAT,435,b097ef0536bef82c:0x489eb,34547
v1,1791230691354475,UNSAT,266,b097ef0536bef82c:0x48a81,34813
v1,1791230691355338,SAT,472,b097ef0536bef82c:0x48a81,35285
v1,1791230691367943,SAT,6176,b097ef0536bef82c:0x48a81,41461
v1,1791230691373824,SAT,61,b097ef0536bef82c:0x48a81,41522
v1,1791230691374729,UNSAT,682,b097ef0536bef82c:0x48a81,42204
v1,1791230691374793,SAT,32,b097ef0536bef82c:0x48a81,42236
v1,1791230691375866,UNSAT,906,b097ef0536bef82c:0x48a81,43142
v1,1791230691376505,SAT,460,b097ef0536bef82c:0x48a81,43602
v1,1791230691377249,SAT,474,b097ef0536bef82c:0x48a81,44076
v1,1791230691387110,SAT,6051,b097ef0536bef82c:0x48a81,50127
v1,1791230691393035,SAT,58,b097ef0536bef82c:0x48a81,50185
v1,1791230691393949,UNSAT,676,b097ef0536bef82c:0x48a81,50861
v1,1791230691394022,SAT,40,b097ef0536bef82c:0x48a81,50901
v1,1791230691395100,UNSAT,902,b097ef0536bef82c:0x48a81,51803
v1,1791230691395741,SAT,461,b097ef0536bef82c:0x48a81,52264
v1,1791230691396487,SAT,481,b097ef0536bef82c:0x48a81,52745
v1,1791230691404747,UNSAT,272,b097ef0536bef82c:0x48b17,53017
v1,1791230691405503,SAT,468,b097ef0536bef82c:0x48b17,53485
v1,1791230691418296,SAT,5984,b097ef0536bef82c:0x48b17,59469
v1,1791230691424215,SAT,84,b097ef0536bef82c:0x48b17,59553
v1,1791230691424950,UNSAT,546,b097ef0536bef82c:0x48b17,60099
v1,1791230691425021,SAT,44,b097ef0536bef82c:0x48b17,60143
v1,1791230691425965,UNSAT,765,b097ef0536bef82c:0x48b17,60908
v1,1791230691426485,SAT,475,b097ef0536bef82c:0x48b17,61383
v1,1791230691427151,SAT,538,b097ef0536bef82c:0x48b17,61921
v1,1791230691437652,SAT,6264,b097ef0536bef82c:0x48b17,68185
v1,1791230691443448,SAT,60,b097ef0536bef82c:0x48b17,68245
v1,1791230691444145,UNSAT,525,b097ef0536bef82c:0x48b17,68770
v1,1791230691444194,SAT,26,b097ef0536bef82c:0x48b17,68796
v1,1791230691445044,UNSAT,737,b097ef0536bef82c:0x48b17,69533
v1,1791230691445540,SAT,452,b097ef0536bef82c:0x48b17,69985
v1,1791230691446130,SAT,466,b097ef0536bef82c:0x48b17,70451
v1,1791230691460986,UNSAT,6285,b097ef0536bef82c:0x48bb0,76736
v1,1791230691461843,SAT,511,b097ef0536bef82c:0x48bb0,77247
v1,1791230691477143,UNSAT,6125,b097ef0536bef82c:0x48c45,83372
v1,1791230691477977,SAT,476,b097ef0536bef82c:0x48c45,83848
v1,1791230691486992,UNSAT,289,b097ef0536bef82c:0x48cdc,84137
v1,1791230691487773,SAT,471,b097ef0536bef82c:0x48cdc,84608
v1,1791230691500397,SAT,5359,b097ef0536bef82c:0x48cdc,89967
v1,1791230691506232,SAT,60,b097ef0536bef82c:0x48cdc,90027
v1,1791230691506951,UNSAT,535,b097ef0536bef82c:0x48cdc,90562
v1,1791230691507007,SAT,28,b097ef0536bef82c:0x48cdc,90590
v1,1791230691507885,UNSAT,765,b097ef0536bef82c:0x48cdc,91355
v1,1791230691508370,SAT,452,b097ef0536bef82c:0x48cdc,91807
v1,1791230691508964,SAT,469,b097ef0536bef82c:0x48cdc,92276
v1,1791230691518952,SAT,5479,b097ef0536bef82c:0x48cdc,97755
v1,1791230691524725,SAT,74,b097ef0536bef82c:0x48cdc,97829
v1,1791230691525500,UNSAT,555,b097ef0536bef82c:0x48cdc,98384
v1,1791230691525564,SAT,35,b097ef0536bef82c:0x48cdc,98419
v1,1791230691526513,UNSAT,800,b097ef0536bef82c:0x48cdc,99219
v1,1791230691527045,SAT,494,b097ef0536bef82c:0x48cdc,99713
v1,1791230691527688,SAT,499,b097ef0536bef82c:0x48cdc,100212
v1,1791230691536888,UNSAT,266,b097ef0536bef82c:0x48d75,100478
v1,1791230691537646,SAT,481,b097ef0536bef82c:0x48d75,100959
v1,1791230691549943,SAT,5263,b097ef0536bef82c:0x48d75,106222
v1,1791230691555736,SAT,60,b097ef0536bef82c:0x48d75,106282
v1,1791230691556434,UNSAT,519,b097ef0536bef82c:0x48d75,106801
v1,1791230691556496,SAT,34,b097ef0536bef82c:0x48d75,106835
v1,1791230691557392,UNSAT,771,b097ef0536bef82c:0x48d75,107606
v1,1791230691557886,SAT,450,b097ef0536bef82c:0x48d75,108056
v1,1791230691558459,SAT,451,b097ef0536bef82c:0x48d75,108507
v1,1791230691568440,SAT,5427,b097ef0536bef82c:0x48d75,113934
v1,1791230691574362,SAT,65,b097ef0536bef82c:0x48d75,113999
v1,1791230691575086,UNSAT,522,b097ef0536bef82c:0x48d75,114521
v1,1791230691575148,SAT,28,b097ef0536bef82c:0x48d75,114549
v1,1791230691576071,UNSAT,800,b097ef0536bef82c:0x48d75,115349
v1,1791230691576567,SAT,456,b097ef0536bef82c:0x48d75,115805
v1,1791230691577135,SAT,441,b097ef0536bef82c:0x48d75,116246
v1,1791230691586187,UNSAT,341,b097ef0536bef82c:0x48e0c,116587
v1,1791230691586987,SAT,481,b097ef0536bef82c:0x48e0c,117068
v1,1791230691600062,SAT,5437,b097ef0536bef82c:0x48e0c,122505
v1,1791230691605971,SAT,58,b097ef0536bef82c:0x48e0c,122563
v1,1791230691606697,UNSAT,548,b097ef0536bef82c:0x48e0c,123111
v1,1791230691606755,SAT,30,b097ef0536bef82c:0x48e0c,123141
v1,1791230691607640,UNSAT,762,b097ef0536bef82c:0x48e0c,123903
v1,1791230691608159,SAT,483,b097ef0536bef82c:0x48e0c,124386
v1,1791230691608776,SAT,477,b097ef0536bef82c:0x48e0c,124863
v1,1791230691618946,SAT,5476,b097ef0536bef82c:0x48e0c,130339
v1,1791230691624840,SAT,63,b097ef0536bef82c:0x48e0c,130402
v1,1791230691625536,UNSAT,523,b097ef0536bef82c:0x48e0c,130925
v1,1791230691625589,SAT,28,b097ef0536bef82c:0x48e0c,130953
v1,1791230691626441,UNSAT,738,b097ef0536bef82c:0x48e0c,131691
v1,1791230691626951,SAT,465,b097ef0536bef82c:0x48e0c,132156
v1,1791230691627549,SAT,471,b097ef0536bef82c:0x48e0c,132627
v1,1791230691638557,UNSAT,282,b097ef0536bef82c:0x489eb,132909
v1,1791230691639313,SAT,477,b097ef0536bef82c:0x489eb,133386
v1,1791230691648738,SAT,5479,b097ef0536bef82c:0x489eb,138865
v1,1791230691654634,SAT,55,b097ef0536bef82c:0x489eb,138920
v1,1791230691655400,UNSAT,555,b097ef0536bef82c:0x489eb,139475
v1,1791230691655470,SAT,39,b097ef0536bef82c:0x489eb,139514
v1,1791230691656440,UNSAT,828,b097ef0536bef82c:0x489eb,140342
v1,1791230691656985,SAT,492,b097ef0536bef82c:0x489eb,140834
v1,1791230691657621,SAT,484,b097ef0536bef82c:0x489eb,141318
v1,1791230691667245,SAT,5507,b097ef0536bef82c:0x489eb,146825
v1,1791230691673221,SAT,58,b097ef0536bef82c:0x489eb,146883
v1,1791230691673948,UNSAT,540,b097ef0536bef82c:0x489eb,147423
v1,1791230691674040,SAT,64,b097ef0536bef82c:0x489eb,147487
v1,1791230691674917,UNSAT,764,b097ef0536bef82c:0x489eb,148251
v1,1791230691675411,SAT,456,b097ef0536bef82c:0x489eb,148707
v1,1791230691676011,SAT,459,b097ef0536bef82c:0x489eb,149166
v1,1791230691681073,UNSAT,283,b097ef0536bef82c:0x48a81,149449
v1,1791230691681862,SAT,488,b097ef0536bef82c:0x48a81,149937
v1,1791230691691532,SAT,5461,b097ef0536bef82c:0x48a81,155398
v1,1791230691697605,SAT,63,b097ef0536bef82c:0x48a81,155461
v1,1791230691698388,UNSAT,573,b097ef0536bef82c:0x48a81,156034
v1,1791230691698474,SAT,52,b097ef0536bef82c:0x48a81,156086
v1,1791230691699598,UNSAT,933,b097ef0536bef82c:0x48a81,157019
v1,1791230691700178,SAT,523,b097ef0536bef82c:0x48a81,157542
v1,1791230691700821,SAT,470,b097ef0536bef82c:0x48a81,158012
v1,1791230691711025,SAT,5619,b097ef0536bef82c:0x48a81,163631
v1,1791230691717033,SAT,65,b097ef0536bef82c:0x48a81,163696
v1,1791230691717762,UNSAT,524,b097ef0536bef82c:0x48a81,164220
v1,1791230691717817,SAT,27,b097ef0536bef82c:0x48a81,164247
v1,1791230691718720,UNSAT,783,b097ef0536bef82c:0x48a81,165030
v1,1791230691719292,SAT,503,b097ef0536bef82c:0x48a81,165533
v1,1791230691720157,SAT,711,b097ef0536bef82c:0x48a81,166244
v1,1791230691725455,UNSAT,350,b097ef0536bef82c:0x48b17,166594
v1,1791230691726225,SAT,480,b097ef0536bef82c:0x48b17,167074
v1,1791230691735959,SAT,5419,b097ef0536bef82c:0x48b17,172493
v1,1791230691741681,SAT,55,b097ef0536bef82c:0x48b17,172548
v1,1791230691742364,UNSAT,502,b097ef0536bef82c:0x48b17,173050
v1,1791230691742414,SAT,25,b097ef0536bef82c:0x48b17,173075
v1,1791230691743235,UNSAT,708,b097ef0536bef82c:0x48b17,173783
v1,1791230691743705,SAT,432,b097ef0536bef82c:0x48b17,174215
v1,1791230691744284,SAT,462,b097ef0536bef82c:0x48b17,174677
v1,1791230691754131,SAT,5293,b097ef0536bef82c:0x48b17,179970
v1,1791230691759957,SAT,166,b097ef0536bef82c:0x48b17,180136
v1,1791230691760675,UNSAT,527,b097ef0536bef82c:0x48b17,180663
v1,1791230691760743,SAT,30,b097ef0536bef82c:0x48b17,180693
v1,1791230691761624,UNSAT,741,b097ef0536bef82c:0x48b17,181434
v1,1791230691762106,SAT,441,b097ef0536bef82c:0x48b17,181875
v1,1791230691762702,SAT,462,b097ef0536bef82c:0x48b17,182337
v1,1791230691767901,UNSAT,304,b097ef0536bef82c:0x48cdc,182641
v1,1791230691768675,SAT,490,b097ef0536bef82c:0x48cdc,183131
v1,1791230691778343,SAT,5332,b097ef0536bef82c:0x48cdc,188463
v1,1791230691784099,SAT,53,b097ef0536bef82c:0x48cdc,188516
v1,1791230691784778,UNSAT,495,b097ef0536bef82c:0x48cdc,189011
v1,1791230691784830,SAT,28,b097ef0536bef82c:0x48cdc,189039
v1,1791230691785672,UNSAT,741,b097ef0536bef82c:0x48cdc,189780
v1,1791230691786137,SAT,432,b097ef0536bef82c:0x48cdc,190212
v1,1791230691786689,SAT,445,b097ef0536bef82c:0x48cdc,190657
v1,1791230691796477,SAT,5434,b097ef0536bef82c:0x48cdc,196091
v1,1791230691802160,SAT,73,b097ef0536bef82c:0x48cdc,196164
v1,1791230691802865,UNSAT,518,b097ef0536bef82c:0x48cdc,196682
v1,1791230691802920,SAT,31,b097ef0536bef82c:0x48cdc,196713
v1,1791230691803747,UNSAT,724,b097ef0536bef82c:0x48cdc,197437
v1,1791230691804210,SAT,431,b097ef0536bef82c:0x48cdc,197868
v1,1791230691804788,SAT,455,b097ef0536bef82c:0x48cdc,198323
v1,1791230691810063,UNSAT,300,b097ef0536bef82c:0x48d75,198623
v1,1791230691810824,SAT,483,b097ef0536bef82c:0x48d75,199106
v1,1791230691820660,SAT,5387,b097ef0536bef82c:0x48d75,204493
v1,1791230691826389,SAT,56,b097ef0536bef82c:0x48d75,204549
v1,1791230691827072,UNSAT,513,b097ef0536bef82c:0x48d75,205062
v1,1791230691827126,SAT,31,b097ef0536bef82c:0x48d75,205093
v1,1791230691827953,UNSAT,717,b097ef0536bef82c:0x48d75,205810
v1,1791230691828420,SAT,434,b097ef0536bef82c:0x48d75,206244
v1,1791230691828972,SAT,439,b097ef0536bef82c:0x48d75,206683
v1,1791230691838831,SAT,5324,b097ef0536bef82c:0x48d75,212007
v1,1791230691844576,SAT,57,b097ef0536bef82c:0x48d75,212064
v1,1791230691845238,UNSAT,489,b097ef0536bef82c:0x48d75,212553
v1,1791230691845304,SAT,31,b097ef0536bef82c:0x48d75,212584
v1,1791230691846152,UNSAT,732,b097ef0536bef82c:0x48d75,213316
v1,1791230691846627,SAT,441,b097ef0536bef82c:0x48d75,213757
v1,1791230691847181,SAT,433,b097ef0536bef82c:0x48d75,214190
v1,1791230691852820,UNSAT,308,b097ef0536bef82c:0x48e0c,214498
v1,1791230691853588,SAT,490,b097ef0536bef82c:0x48e0c,214988
v1,1791230691863932,SAT,5362,b097ef0536bef82c:0x48e0c,220350
v1,1791230691869686,SAT,62,b097ef0536bef82c:0x48e0c,220412
v1,1791230691870358,UNSAT,499,b097ef0536bef82c:0x48e0c,220911
v1,1791230691870405,SAT,23,b097ef0536bef82c:0x48e0c,220934
v1,1791230691871248,UNSAT,737,b097ef0536bef82c:0x48e0c,221671
v1,1791230691871719,SAT,433,b097ef0536bef82c:0x48e0c,222104
v1,1791230691872272,SAT,439,b097ef0536bef82c:0x48e0c,222543
v1,1791230691882356,SAT,5366,b097ef0536bef82c:0x48e0c,227909
v1,1791230691888081,SAT,57,b097ef0536bef82c:0x48e0c,227966
v1,1791230691888777,UNSAT,521,b097ef0536bef82c:0x48e0c,228487
v1,1791230691888832,SAT,29,b097ef0536bef82c:0x48e0c,228516
v1,1791230691889674,UNSAT,731,b097ef0536bef82c:0x48e0c,229247
v1,1791230691890156,SAT,447,b097ef0536bef82c:0x48e0c,229694
v1,1791230691890732,SAT,458,b097ef0536bef82c:0x48e0c,230152
v1,1791230691973336,UNSAT,205,b097ef0536bef82c:0x4942b,230357
v1,1791230691973764,UNSAT,142,b097ef0536bef82c:0x4942b,230499
v1,1791230691984038,SAT,5394,b097ef0536bef82c:0x4942b,235893
v1,1791230691989825,SAT,75,b097ef0536bef82c:0x4942b,235968
v1,1791230691991523,UNSAT,1468,b097ef0536bef82c:0x4942b,237436
v1,1791230691991649,SAT,43,b097ef0536bef82c:0x4942b,237479
v1,1791230691994964,UNSAT,3144,b097ef0536bef82c:0x4942b,240623
v1,1791230691996129,SAT,889,b097ef0536bef82c:0x4942b,241512
v1,1791230691997327,SAT,894,b097ef0536bef82c:0x4942b,242406
v1,1791230692008779,SAT,6247,b097ef0536bef82c:0x4942b,248653
v1,1791230692015319,SAT,79,b097ef0536bef82c:0x4942b,248732
v1,1791230692017013,UNSAT,1461,b097ef0536bef82c:0x4942b,250193
v1,1791230692017138,SAT,39,b097ef0536bef82c:0x4942b,250232
v1,1791230692020398,UNSAT,3084,b097ef0536bef82c:0x4942b,253316
v1,1791230692021542,SAT,874,b097ef0536bef82c:0x4942b,254190
v1,1791230692022685,SAT,862,b097ef0536bef82c:0x4942b,255052
v1,1791230692034235,SAT,6190,b097ef0536bef82c:0x4942b,261242
v1,1791230692040846,SAT,78,b097ef0536bef82c:0x4942b,261320
v1,1791230692042554,UNSAT,1442,b097ef0536bef82c:0x4942b,262762
v1,1791230692042670,SAT,30,b097ef0536bef82c:0x4942b,262792
v1,1791230692045957,UNSAT,3107,b097ef0536bef82c:0x4942b,265899
v1,1791230692047126,SAT,900,b097ef0536bef82c:0x4942b,266799
v1,1791230692048291,SAT,868,b097ef0536bef82c:0x4942b,267667
v1,1791230692054695,UNSAT,301,b097ef0536bef82c:0x491b7,267968
v1,1791230692055382,SAT,291,b097ef0536bef82c:0x491b7,268259
v1,1791230692067550,SAT,6516,b097ef0536bef82c:0x491b7,274775
v1,1791230692074452,SAT,75,b097ef0536bef82c:0x491b7,274850
v1,1791230692079883,UNSAT,5187,b097ef0536bef82c:0x491b7,280037
v1,1791230692080119,SAT,35,b097ef0536bef82c:0x491b7,280072
v1,1791230692086802,UNSAT,6474,b097ef0536bef82c:0x491b7,286546
v1,1791230692091547,SAT,4431,b097ef0536bef82c:0x491b7,290977
v1,1791230692096393,SAT,4446,b097ef0536bef82c:0x491b7,295423
v1,1791230692112868,SAT,10579,b097ef0536bef82c:0x491b7,306002
v1,1791230692123996,SAT,80,b097ef0536bef82c:0x491b7,306082
v1,1791230692129450,UNSAT,5209,b097ef0536bef82c:0x491b7,311291
v1,1791230692129710,SAT,38,b097ef0536bef82c:0x491b7,311329
v1,1791230692136437,UNSAT,6525,b097ef0536bef82c:0x491b7,317854
v1,1791230692141302,SAT,4530,b097ef0536bef82c:0x491b7,322384
v1,1791230692146627,SAT,4812,b097ef0536bef82c:0x491b7,327196
v1,1791230692163456,SAT,10560,b097ef0536bef82c:0x491b7,337756
v1,1791230692174616,SAT,87,b097ef0536bef82c:0x491b7,337843
v1,1791230692180110,UNSAT,5233,b097ef0536bef82c:0x491b7,343076
v1,1791230692180570,SAT,43,b097ef0536bef82c:0x491b7,343119
v1,1791230692187335,UNSAT,6544,b097ef0536bef82c:0x491b7,349663
v1,1791230692192280,SAT,4594,b097ef0536bef82c:0x491b7,354257
v1,1791230692197244,SAT,4502,b097ef0536bef82c:0x491b7,358759
v1,1791230692208043,UNSAT,413,b097ef0536bef82c:0x491b7,359172
v1,1791230692208713,UNSAT,238,b097ef0536bef82c:0x491b7,359410
v1,1791230692259026,SAT,43681,b097ef0536bef82c:0x491b7,403091
v1,1791230692304683,SAT,368,b097ef0536bef82c:0x491b7,403459
v1,1791230692310814,UNSAT,5860,b097ef0536bef82c:0x491b7,409319
v1,1791230692311600,SAT,50,b097ef0536bef82c:0x491b7,409369
v1,1791230692319128,UNSAT,7276,b097ef0536bef82c:0x491b7,416645
v1,1791230692324763,SAT,4933,b097ef0536bef82c:0x491b7,421578
v1,1791230692330415,SAT,4891,b097ef0536bef82c:0x491b7,426469
v1,1791230692387033,SAT,48802,b097ef0536bef82c:0x491b7,475271
v1,1791230692436904,SAT,350,b097ef0536bef82c:0x491b7,475621
v1,1791230692443028,UNSAT,5853,b097ef0536bef82c:0x491b7,481474
v1,1791230692443743,SAT,58,b097ef0536bef82c:0x491b7,481532
v1,1791230692451065,UNSAT,7078,b097ef0536bef82c:0x491b7,488610
v1,1791230692456707,SAT,4928,b097ef0536bef82c:0x491b7,493538
v1,1791230692462758,SAT,5126,b097ef0536bef82c:0x491b7,498664
v1,1791230692519403,SAT,47584,b097ef0536bef82c:0x491b7,546248
v1,1791230692567043,SAT,322,b097ef0536bef82c:0x491b7,546570
v1,1791230692572962,UNSAT,5642,b097ef0536bef82c:0x491b7,552212
v1,1791230692573658,SAT,53,b097ef0536bef82c:0x491b7,552265
v1,1791230692580720,UNSAT,6829,b097ef0536bef82c:0x491b7,559094
v1,1791230692586133,SAT,4755,b097ef0536bef82c:0x491b7,563849
v1,1791230692591640,SAT,4763,b097ef0536bef82c:0x491b7,568612
v1,1791230692675282,UNSAT,72530,b097ef0536bef82c:0x491b7,641142
v1,1791230692678877,SAT,3110,b097ef0536bef82c:0x491b7,644252
v1,1791230692757348,UNSAT,69679,b097ef0536bef82c:0x49201,713931
v1,1791230692758043,SAT,331,b097ef0536bef82c:0x49201,714262
v1,1791230692836721,UNSAT,70093,b097ef0536bef82c:0x492ba,784355
v1,1791230692838133,UNSAT,943,b097ef0536bef82c:0x492ba,785298
v1,1791230692917396,SAT,70974,b097ef0536bef82c:0x492ba,856272
v1,1791230692992011,SAT,291,b097ef0536bef82c:0x492ba,856563
v1,1791230692993080,UNSAT,825,b097ef0536bef82c:0x492ba,857388
v1,1791230692993720,SAT,34,b097ef0536bef82c:0x492ba,857422
v1,1791230692994722,UNSAT,834,b097ef0536bef82c:0x492ba,858256
v1,1791230692995741,SAT,459,b097ef0536bef82c:0x492ba,858715
v1,1791230692996850,SAT,451,b097ef0536bef82c:0x492ba,859166
v1,1791230693007057,UNSAT,466,b097ef0536bef82c:0x49393,859632
v1,1791230693007855,SAT,516,b097ef0536bef82c:0x49393,860148
v1,1791230693085936,UNSAT,67652,b097ef0536bef82c:0x491b7,927800
v1,1791230693086679,UNSAT,254,b097ef0536bef82c:0x491b7,928054
v1,1791230693179735,SAT,84406,b097ef0536bef82c:0x491b7,1012460
v1,1791230693268932,SAT,455,b097ef0536bef82c:0x491b7,1012915
v1,1791230693275286,UNSAT,6077,b097ef0536bef82c:0x491b7,1018992
v1,1791230693276361,SAT,51,b097ef0536bef82c:0x491b7,1019043
v1,1791230693284322,UNSAT,7712,b097ef0536bef82c:0x491b7,1026755
v1,1791230693290443,SAT,5127,b097ef0536bef82c:0x491b7,1031882
v1,1791230693296694,SAT,5145,b097ef0536bef82c:0x491b7,1037027
v1,1791230693397793,SAT,91006,b097ef0536bef82c:0x491b7,1128033
v1,1791230693493079,SAT,457,b097ef0536bef82c:0x491b7,1128490
v1,1791230693499540,UNSAT,6174,b097ef0536bef82c:0x491b7,1134664
v1,1791230693500685,SAT,75,b097ef0536bef82c:0x491b7,1134739
v1,1791230693508457,UNSAT,7518,b097ef0536bef82c:0x491b7,1142257
v1,1791230693515089,SAT,5579,b097ef0536bef82c:0x491b7,1147836
v1,1791230693521248,SAT,5031,b097ef0536bef82c:0x491b7,1152867
v1,1791230693623864,SAT,91415,b097ef0536bef82c:0x491b7,1244282
v1,1791230693715156,SAT,440,b097ef0536bef82c:0x491b7,1244722
v1,1791230693721330,UNSAT,5874,b097ef0536bef82c:0x491b7,1250596
v1,1791230693722441,SAT,47,b097ef0536bef82c:0x491b7,1250643
v1,1791230693729966,UNSAT,7281,b097ef0536bef82c:0x491b7,1257924
v1,1791230693735946,SAT,4945,b097ef0536bef82c:0x491b7,1262869
v1,1791230693742035,SAT,4957,b097ef0536bef82c:0x491b7,1267826
v1,1791230693867124,UNSAT,111860,b097ef0536bef82c:0x49201,1379686
v1,1791230693869715,UNSAT,2239,b097ef0536bef82c:0x49201,1381925
v1,1791230693990768,UNSAT,113124,b097ef0536bef82c:0x49244,1495049
v1,1791230693993110,SAT,1988,b097ef0536bef82c:0x49244,1497037
v1,1791230694116762,UNSAT,114133,b097ef0536bef82c:0x49244,1611170
v1,1791230694119183,SAT,2066,b097ef0536bef82c:0x49244,1613236
v1,1791230694244332,UNSAT,115826,b097ef0536bef82c:0x492ba,1729062
v1,1791230694246424,SAT,1584,b097ef0536bef82c:0x492ba,1730646
v1,1791230694373393,SAT,118860,b097ef0536bef82c:0x492ba,1849506
v1,1791230694498803,SAT,510,b097ef0536bef82c:0x492ba,1850016
v1,1791230694500120,UNSAT,1073,b097ef0536bef82c:0x492ba,1851089
v1,1791230694501438,SAT,54,b097ef0536bef82c:0x492ba,1851143
v1,1791230694502486,UNSAT,850,b097ef0536bef82c:0x492ba,1851993
v1,1791230694504002,SAT,483,b097ef0536bef82c:0x492ba,1852476
v1,1791230694505632,SAT,496,b097ef0536bef82c:0x492ba,1852972
v1,1791230694515849,UNSAT,214,b097ef0536bef82c:0x4942b,1853186
v1,1791230694516279,UNSAT,143,b097ef0536bef82c:0x4942b,1853329
v1,1791230694636606,SAT,112558,b097ef0536bef82c:0x4942b,1965887
v1,1791230694758698,SAT,504,b097ef0536bef82c:0x4942b,1966391
v1,1791230694762155,UNSAT,3139,b097ef0536bef82c:0x4942b,1969530
v1,1791230694763667,SAT,79,b097ef0536bef82c:0x4942b,1969609
v1,1791230694769217,UNSAT,5269,b097ef0536bef82c:0x4942b,1974878
v1,1791230694772908,SAT,2185,b097ef0536bef82c:0x4942b,1977063
v1,1791230694776492,SAT,2126,b097ef0536bef82c:0x4942b,1979189
v1,1791230694900972,SAT,114656,b097ef0536bef82c:0x4942b,2093845
v1,1791230695024330,SAT,526,b097ef0536bef82c:0x4942b,2094371
v1,1791230695027778,UNSAT,3134,b097ef0536bef82c:0x4942b,2097505
v1,1791230695029329,SAT,63,b097ef0536bef82c:0x4942b,2097568
v1,1791230695034869,UNSAT,5243,b097ef0536bef82c:0x4942b,2102811
v1,1791230695038746,SAT,2231,b097ef0536bef82c:0x4942b,2105042
v1,1791230695042473,SAT,2235,b097ef0536bef82c:0x4942b,2107277
v1,1791230695166974,SAT,114268,b097ef0536bef82c:0x4942b,2221545
v1,1791230695291456,SAT,498,b097ef0536bef82c:0x4942b,2222043
v1,1791230695294924,UNSAT,3147,b097ef0536bef82c:0x4942b,2225190
v1,1791230695296451,SAT,55,b097ef0536bef82c:0x4942b,2225245
v1,1791230695301939,UNSAT,5204,b097ef0536bef82c:0x4942b,2230449
v1,1791230695305610,SAT,2202,b097ef0536bef82c:0x4942b,2232651
v1,1791230695309266,SAT,2197,b097ef0536bef82c:0x4942b,2234848
v1,1791230695446296,UNSAT,123637,b097ef0536bef82c:0x491b7,2358485
v1,1791230695451024,SAT,4242,b097ef0536bef82c:0x491b7,2362727
v1,1791230695580821,UNSAT,119394,b097ef0536bef82c:0x49201,2482121
v1,1791230695583828,SAT,2639,b097ef0536bef82c:0x49201,2484760
v1,1791230695595940,UNSAT,679,b097ef0536bef82c:0x491b7,2485439
v1,1791230695596658,SAT,295,b097ef0536bef82c:0x491b7,2485734
v1,1791230695729810,SAT,123361,b097ef0536bef82c:0x491b7,2609095
v1,1791230695865852,SAT,580,b097ef0536bef82c:0x491b7,2609675
v1,1791230695874230,UNSAT,8064,b097ef0536bef82c:0x491b7,2617739
v1,1791230695876131,SAT,57,b097ef0536bef82c:0x491b7,2617796
v1,1791230695885832,UNSAT,9360,b097ef0536bef82c:0x491b7,2627156
v1,1791230695893819,SAT,6266,b097ef0536bef82c:0x491b7,2633422
v1,1791230695901825,SAT,6225,b097ef0536bef82c:0x491b7,2639647
v1,1791230696039932,SAT,126220,b097ef0536bef82c:0x491b7,2765867
v1,1791230696178328,SAT,566,b097ef0536bef82c:0x491b7,2766433
v1,1791230696186201,UNSAT,7538,b097ef0536bef82c:0x491b7,2773971
v1,1791230696188071,SAT,74,b097ef0536bef82c:0x491b7,2774045
v1,1791230696197170,UNSAT,8786,b097ef0536bef82c:0x491b7,2782831
v1,1791230696205105,SAT,6227,b097ef0536bef82c:0x491b7,2789058
v1,1791230696213049,SAT,6176,b097ef0536bef82c:0x491b7,2795234
v1,1791230696350337,SAT,125102,b097ef0536bef82c:0x491b7,2920336
v1,1791230696489486,SAT,581,b097ef0536bef82c:0x491b7,2920917
v1,1791230696497488,UNSAT,7654,b097ef0536bef82c:0x491b7,2928571
v1,1791230696499322,SAT,71,b097ef0536bef82c:0x491b7,2928642
v1,1791230696508468,UNSAT,8820,b097ef0536bef82c:0x491b7,2937462
v1,1791230696516472,SAT,6265,b097ef0536bef82c:0x491b7,2943727
v1,1791230696524507,SAT,6186,b097ef0536bef82c:0x491b7,2949913
v1,1791230696669948,UNSAT,130039,b097ef0536bef82c:0x49201,3079952
v1,1791230696673694,UNSAT,3387,b097ef0536bef82c:0x49201,3083339
v1,1791230696688795,UNSAT,925,b097ef0536bef82c:0x49393,3084264
v1,1791230696689696,SAT,597,b097ef0536bef82c:0x49393,3084861
v1,1791230696836242,UNSAT,133026,b097ef0536bef82c:0x49201,3217887
v1,1791230696840586,SAT,3961,b097ef0536bef82c:0x49201,3221848
v1,1791230697000018,UNSAT,137395,b097ef0536bef82c:0x49244,3359243
v1,1791230697005991,SAT,5573,b097ef0536bef82c:0x49244,3364816
v1,1791230697161308,UNSAT,139335,b097ef0536bef82c:0x49244,3504151
v1,1791230697166100,SAT,4354,b097ef0536bef82c:0x49244,3508505
v1,1791230697318082,UNSAT,136086,b097ef0536bef82c:0x492ba,3644591
v1,1791230697319024,SAT,376,b097ef0536bef82c:0x492ba,3644967
v1,1791230697477318,SAT,142387,b097ef0536bef82c:0x492ba,3787354
v1,1791230697637433,SAT,730,b097ef0536bef82c:0x492ba,3788084
v1,1791230697639173,UNSAT,1457,b097ef0536bef82c:0x492ba,3789541
v1,1791230697641216,SAT,74,b097ef0536bef82c:0x492ba,3789615
v1,1791230697642467,UNSAT,942,b097ef0536bef82c:0x492ba,3790557
v1,1791230697644757,SAT,527,b097ef0536bef82c:0x492ba,3791084
v1,1791230697647143,SAT,527,b097ef0536bef82c:0x492ba,3791611
v1,1791230697803542,UNSAT,140444,b097ef0536bef82c:0x49393,3932055
v1,1791230697804449,SAT,550,b097ef0536bef82c:0x49393,3932605
v1,1791230697838446,UNSAT,245,b097ef0536bef82c:0x3bcb1,3932850
v1,1791230697839020,UNSAT,152,b097ef0536bef82c:0x3bcb1,3933002
v1,1791230698007342,UNSAT,142740,b097ef0536bef82c:0x33713,4075742
v1,1791230698008291,UNSAT,584,b097ef0536bef82c:0x33713,4076326
v1,1791230698168526,SAT,141837,b097ef0536bef82c:0x33713,4218163
v1,1791230698329380,SAT,749,b097ef0536bef82c:0x33713,4218912
v1,1791230698331245,UNSAT,1571,b097ef0536bef82c:0x33713,4220483
v1,1791230698333367,SAT,58,b097ef0536bef82c:0x33713,4220541
v1,1791230698334382,SAT,772,b097ef0536bef82c:0x33713,4221313
v1,1791230698335279,SAT,731,b097ef0536bef82c:0x33713,4222044
v1,1791230698336106,UNSAT,683,b097ef0536bef82c:0x33713,4222727
v1,1791230698338222,SAT,450,b097ef0536bef82c:0x33713,4223177
v1,1791230698340382,SAT,464,b097ef0536bef82c:0x33713,4223641
v1,1791230698497369,SAT,140133,b097ef0536bef82c:0x33713,4363774
v1,1791230698657287,SAT,754,b097ef0536bef82c:0x33713,4364528
v1,1791230698658977,UNSAT,1421,b097ef0536bef82c:0x33713,4365949
v1,1791230698661010,SAT,58,b097ef0536bef82c:0x33713,4366007
v1,1791230698661977,UNSAT,748,b097ef0536bef82c:0x33713,4366755
v1,1791230698664085,SAT,481,b097ef0536bef82c:0x33713,4367236
v1,1791230698666261,SAT,456,b097ef0536bef82c:0x33713,4367692
v1,1791230698879340,SAT,139872,b097ef0536bef82c:0x2fdd5,4507564
