[0;36mafl-fuzz [1;97m2.52b[0m by <lcamtuf@google.com>
[1;92m[+] [0mLooks like we're not running on a tty, so I'll be a bit less verbose.[0m
[1;92m[+] [0mYou have 12 CPU cores and 4 runnable tasks (utilization: 33%).[0m
[1;92m[+] [0mTry parallel jobs - see docs/parallel_fuzzing.txt.[0m
[1;93m[!] [1;97mWARNING: [0mNot binding to a CPU core (AFL_NO_AFFINITY set).[0m
[1;94m[*] [0mChecking core_pattern...[0m

[1;91m[-] [0mHmm, your system is configured to send core dump notifications to an
    external utility. This will cause issues: there will be an extended delay
    between stumbling upon a crash and having this information relayed to the
    fuzzer via the standard waitpid() API.

    To avoid having crashes misinterpreted as timeouts, please log in as root
    and temporarily modify /proc/sys/kernel/core_pattern, like so:

    echo core >/proc/sys/kernel/core_pattern
[1;94m[*] [0mSetting up output directories...[0m
[1;94m[*] [0mScanning '/workspace/builds/zlib/gcc-O2/seeds'...[0m
[1;92m[+] [0mNo auto-generated dictionary tokens to reuse.[0m
[1;94m[*] [0mCreating hard links for all input files...[0m
[1;94m[*] [0mValidating target binary...[0m
[1;94m[*] [0mAttempting dry run with 'id:000000,orig:s1.gz'...[0m
[1;94m[*] [0mSpinning up the fork server...[0m
[1;92m[+] [0mAll right - fork server is up.[0m
[1;90m    len = 32, map size = 341, exec speed = 721 us
[0m[1;94m[*] [0mAttempting dry run with 'id:000001,orig:s2.gz'...[0m
[1;90m    len = 30, map size = 358, exec speed = 752 us
[0m[1;94m[*] [0mAttempting dry run with 'id:000002,orig:s3.gz'...[0m
[1;90m    len = 335, map size = 610, exec speed = 596 us
[0m[1;94m[*] [0mAttempting dry run with 'id:000003,orig:s4.gz'...[0m
[1;90m    len = 223, map size = 337, exec speed = 471 us
[0m[1;94m[*] [0mAttempting dry run with 'id:000004,orig:s5.gz'...[0m
[1;90m    len = 20, map size = 312, exec speed = 734 us
[0m[1;92m[+] [0mAll test cases processed.[0m

[1;92m[+] [0mHere are some useful stats:

[1;90m    Test case count : [0m4 favored, 0 variable, 5 total
[1;90m       Bitmap range : [0m312 to 610 bits (average: 391.60 bits)
[1;90m        Exec timing : [0m471 to 752 us (average: 655 us)
[0m
[1;94m[*] [0mNo -t option specified, so I'll use exec timeout of 20 ms.[0m
[1;92m[+] [0mAll set and ready to roll![0m
[1;94m[*] [0mEntering queue cycle 1.[0m
[1;94m[*] [0mFuzzing test case #1 (5 total, 0 uniq crashes found)...[0m
[1;94m[*] [0mFuzzing test case #2 (209 total, 0 uniq crashes found)...[0m
[1;94m[*] [0mFuzzing test case #3 (292 total, 0 uniq crashes found)...[0m
[1;94m[*] [0mFuzzing test case #4 (294 total, 0 uniq crashes found)...[0m
[1;94m[*] [0mFuzzing test case #5 (295 total, 0 uniq crashes found)...[0m
[1;94m[*] [0mFuzzing test case #8 (295 total, 0 uniq crashes found)...[0m
[1;94m[*] [0mFuzzing test case #10 (302 total, 0 uniq crashes found)...[0m
[1;94m[*] [0mFuzzing test case #12 (303 total, 0 uniq crashes found)...[0m
[1;94m[*] [0mFuzzing test case #15 (303 total, 0 uniq crashes found)...[0m
[1;94m[*] [0mFuzzing test case #16 (303 total, 0 uniq crashes found)...[0m
[1;94m[*] [0mFuzzing test case #18 (308 total, 0 uniq crashes found)...[0m
[1;94m[*] [0mFuzzing test case #19 (311 total, 0 uniq crashes found)...[0m
[1;94m[*] [0mFuzzing test case #20 (312 total, 0 uniq crashes found)...[0m
[1;94m[*] [0mFuzzing test case #24 (314 total, 0 uniq crashes found)...[0m
[1;94m[*] [0mFuzzing test case #25 (329 total, 0 uniq crashes found)...[0m
[1;94m[*] [0mFuzzing test case #28 (331 total, 0 uniq crashes found)...[0m
[1;94m[*] [0mFuzzing test case #32 (334 total, 0 uniq crashes found)...[0m
[1;94m[*] [0mFuzzing test case #33 (334 total, 0 uniq crashes found)...[0m
[1;94m[*] [0mFuzzing test case #40 (334 total, 0 uniq crashes found)...[0m
[1;94m[*] [0mFuzzing test case #42 (341 total, 0 uniq crashes found)...[0m
[1;94m[*] [0mFuzzing test case #46 (341 total, 0 uniq crashes found)...[0m
[1;94m[*] [0mFuzzing test case #47 (341 total, 0 uniq crashes found)...[0m
[1;94m[*] [0mFuzzing test case #50 (341 total, 0 uniq crashes found)...[0m
[1;94m[*] [0mFuzzing test case #51 (341 total, 0 uniq crashes found)...[0m
[1;94m[*] [0mFuzzing test case #57 (341 total, 0 uniq crashes found)...[0m
[1;94m[*] [0mFuzzing test case #58 (342 total, 0 uniq crashes found)...[0m
[1;94m[*] [0mFuzzing test case #59 (344 total, 0 uniq crashes found)...[0m
[1;94m[*] [0mFuzzing test case #61 (344 total, 0 uniq crashes found)...[0m
[1;94m[*] [0mFuzzing test case #62 (344 total, 0 uniq crashes found)...[0m
[1;94m[*] [0mFuzzing test case #67 (344 total, 0 uniq crashes found)...[0m
[1;94m[*] [0mFuzzing test case #68 (344 total, 0 uniq crashes found)...[0m
[1;94m[*] [0mFuzzing test case #70 (345 total, 0 uniq crashes found)...[0m
[1;94m[*] [0mFuzzing test case #71 (345 total, 0 uniq crashes found)...[0m
[1;94m[*] [0mFuzzing test case #72 (347 total, 0 uniq crashes found)...[0m
[1;94m[*] [0mFuzzing test case #73 (351 total, 0 uniq crashes found)...[0m
[1;94m[*] [0mFuzzing test case #74 (351 total, 0 uniq crashes found)...[0m
[1;94m[*] [0mFuzzing test case #76 (351 total, 0 uniq crashes found)...[0m
[1;94m[*] [0mFuzzing test case #78 (351 total, 0 uniq crashes found)...[0m
[1;94m[*] [0mFuzzing test case #79 (353 total, 0 uniq crashes found)...[0m
[1;94m[*] [0mFuzzing test case #80 (354 total, 0 uniq crashes found)...[0m
[1;94m[*] [0mFuzzing test case #85 (355 total, 0 uniq crashes found)...[0m
[1;94m[*] [0mFuzzing test case #89 (357 total, 0 uniq crashes found)...[0m
[1;94m[*] [0mFuzzing test case #92 (370 total, 0 uniq crashes found)...[0m
[1;94m[*] [0mFuzzing test case #93 (370 total, 0 uniq crashes found)...[0m
[1;94m[*] [0mFuzzing test case #95 (370 total, 0 uniq crashes found)...[0m
[1;94m[*] [0mFuzzing test case #99 (371 total, 0 uniq crashes found)...[0m
[1;94m[*] [0mFuzzing test case #100 (385 total, 0 uniq crashes found)...[0m
[1;94m[*] [0mFuzzing test case #102 (385 total, 0 uniq crashes found)...[0m
[1;94m[*] [0mFuzzing test case #103 (385 total, 0 uniq crashes found)...[0m
[1;94m[*] [0mFuzzing test case #105 (386 total, 0 uniq crashes found)...[0m
[1;94m[*] [0mFuzzing test case #106 (386 total, 0 uniq crashes found)...[0m
[1;94m[*] [0mFuzzing test case #108 (388 total, 0 uniq crashes found)...[0m
[1;94m[*] [0mFuzzing test case #110 (388 total, 0 uniq crashes found)...[0m
[1;94m[*] [0mFuzzing test case #111 (388 total, 0 uniq crashes found)...[0m
[1;94m[*] [0mFuzzing test case #113 (388 total, 0 uniq crashes found)...[0m
[1;94m[*] [0mFuzzing test case #116 (388 total, 0 uniq crashes found)...[0m
[1;94m[*] [0mFuzzing test case #117 (388 total, 0 uniq crashes found)...[0m
[1;94m[*] [0mFuzzing test case #119 (388 total, 0 uniq crashes found)...[0m
[1;94m[*] [0mFuzzing test case #121 (388 total, 0 uniq crashes found)...[0m
[1;94m[*] [0mFuzzing test case #124 (388 total, 0 uniq crashes found)...[0m
[1;94m[*] [0mFuzzing test case #126 (388 total, 0 uniq crashes found)...[0m
[1;94m[*] [0mFuzzing test case #128 (389 total, 0 uniq crashes found)...[0m
[1;94m[*] [0mFuzzing test case #130 (389 total, 0 uniq crashes found)...[0m
[1;94m[*] [0mFuzzing test case #133 (389 total, 0 uniq crashes found)...[0m
[1;94m[*] [0mFuzzing test case #135 (389 total, 0 uniq crashes found)...[0m
[1;94m[*] [0mFuzzing test case #136 (391 total, 0 uniq crashes found)...[0m
[1;94m[*] [0mFuzzing test case #137 (391 total, 0 uniq crashes found)...[0m
[1;94m[*] [0mFuzzing test case #141 (391 total, 0 uniq crashes found)...[0m
[1;94m[*] [0mFuzzing test case #142 (392 total, 0 uniq crashes found)...[0m
[1;94m[*] [0mFuzzing test case #145 (392 total, 0 uniq crashes found)...[0m
[1;94m[*] [0mFuzzing test case #147 (392 total, 0 uniq crashes found)...[0m
[1;94m[*] [0mFuzzing test case #150 (392 total, 0 uniq crashes found)...[0m
[1;94m[*] [0mFuzzing test case #151 (392 total, 0 uniq crashes found)...[0m
[1;94m[*] [0mFuzzing test case #152 (392 total, 0 uniq crashes found)...[0m
[1;94m[*] [0mFuzzing test case #154 (392 total, 0 uniq crashes found)...[0m
[1;94m[*] [0mFuzzing test case #155 (392 total, 0 uniq crashes found)...[0m
[1;94m[*] [0mFuzzing test case #156 (392 total, 0 uniq crashes found)...[0m
[1;94m[*] [0mFuzzing test case #159 (392 total, 0 uniq crashes found)...[0m
[1;94m[*] [0mFuzzing test case #160 (392 total, 0 uniq crashes found)...[0m
[1;94m[*] [0mFuzzing test case #161 (392 total, 0 uniq crashes found)...[0m
[1;94m[*] [0mFuzzing test case #162 (392 total, 0 uniq crashes found)...[0m
[1;94m[*] [0mFuzzing test case #166 (394 total, 0 uniq crashes found)...[0m
[1;94m[*] [0mFuzzing test case #167 (394 total, 0 uniq crashes found)...[0m
[1;94m[*] [0mFuzzing test case #168 (394 total, 0 uniq crashes found)...[0m
[1;94m[*] [0mFuzzing test case #169 (394 total, 0 uniq crashes found)...[0m
[1;94m[*] [0mFuzzing test case #171 (394 total, 0 uniq crashes found)...[0m
[1;94m[*] [0mFuzzing test case #172 (394 total, 0 uniq crashes found)...[0m
[1;94m[*] [0mFuzzing test case #173 (394 total, 0 uniq crashes found)...[0m
[1;94m[*] [0mFuzzing test case #175 (394 total, 0 uniq crashes found)...[0m
[1;94m[*] [0mFuzzing test case #178 (394 total, 0 uniq crashes found)...[0m
[1;94m[*] [0mFuzzing test case #179 (394 total, 0 uniq crashes found)...[0m
[1;94m[*] [0mFuzzing test case #182 (394 total, 0 uniq crashes found)...[0m
[1;94m[*] [0mFuzzing test case #183 (395 total, 0 uniq crashes found)...[0m
[1;94m[*] [0mFuzzing test case #184 (395 total, 0 uniq crashes found)...[0m
[1;94m[*] [0mFuzzing test case #185 (395 total, 0 uniq crashes found)...[0m
[1;94m[*] [0mFuzzing test case #186 (395 total, 0 uniq crashes found)...[0m
[1;94m[*] [0mFuzzing test case #187 (395 total, 0 uniq crashes found)...[0m
[1;94m[*] [0mFuzzing test case #188 (395 total, 0 uniq crashes found)...[0m
[1;94m[*] [0mFuzzing test case #189 (395 total, 0 uniq crashes found)...[0m
[1;94m[*] [0mFuzzing test case #190 (396 total, 0 uniq crashes found)...[0m
[1;94m[*] [0mFuzzing test case #193 (396 total, 0 uniq crashes found)...[0m
[1;94m[*] [0mFuzzing test case #194 (396 total, 0 uniq crashes found)...[0m
[1;94m[*] [0mFuzzing test case #200 (396 total, 0 uniq crashes found)...[0m
[1;94m[*] [0mFuzzing test case #201 (397 total, 0 uniq crashes found)...[0m
[1;94m[*] [0mFuzzing test case #202 (397 total, 0 uniq crashes found)...[0m
[1;94m[*] [0mFuzzing test case #203 (397 total, 0 uniq crashes found)...[0m
[1;94m[*] [0mFuzzing test case #204 (397 total, 0 uniq crashes found)...[0m
[1;94m[*] [0mFuzzing test case #206 (397 total, 0 uniq crashes found)...[0m
[1;94m[*] [0mFuzzing test case #207 (397 total, 0 uniq crashes found)...[0m
[1;94m[*] [0mFuzzing test case #208 (397 total, 0 uniq crashes found)...[0m
[1;94m[*] [0mFuzzing test case #227 (397 total, 0 uniq crashes found)...[0m
[1;94m[*] [0mFuzzing test case #238 (399 total, 0 uniq crashes found)...[0m
[1;94m[*] [0mFuzzing test case #239 (399 total, 0 uniq crashes found)...[0m
[1;94m[*] [0mFuzzing test case #256 (399 total, 0 uniq crashes found)...[0m
[1;94m[*] [0mFuzzing test case #257 (399 total, 0 uniq crashes found)...[0m
[1;94m[*] [0mFuzzing test case #262 (399 total, 0 uniq crashes found)...[0m
[1;94m[*] [0mFuzzing test case #269 (399 total, 0 uniq crashes found)...[0m
[1;94m[*] [0mFuzzing test case #273 (399 total, 0 uniq crashes found)...[0m
[1;94m[*] [0mFuzzing test case #287 (399 total, 0 uniq crashes found)...[0m
[1;94m[*] [0mFuzzing test case #291 (406 total, 0 uniq crashes found)...[0m
[1;94m[*] [0mFuzzing test case #292 (408 total, 0 uniq crashes found)...[0m
[1;94m[*] [0mFuzzing test case #293 (409 total, 0 uniq crashes found)...[0m
[1;94m[*] [0mFuzzing test case #295 (409 total, 0 uniq crashes found)...[0m
[1;94m[*] [0mFuzzing test case #297 (409 total, 0 uniq crashes found)...[0m
[1;94m[*] [0mFuzzing test case #298 (409 total, 0 uniq crashes found)...[0m
[1;94m[*] [0mFuzzing test case #300 (409 total, 0 uniq crashes found)...[0m
[1;94m[*] [0mFuzzing test case #301 (409 total, 0 uniq crashes found)...[0m
[1;94m[*] [0mFuzzing test case #302 (409 total, 0 uniq crashes found)...[0m
[1;94m[*] [0mFuzzing test case #303 (409 total, 0 uniq crashes found)...[0m
[1;94m[*] [0mFuzzing test case #307 (409 total, 0 uniq crashes found)...[0m
[1;94m[*] [0mFuzzing test case #308 (409 total, 0 uniq crashes found)...[0m
[1;94m[*] [0mFuzzing test case #311 (411 total, 0 uniq crashes found)...[0m
[1;94m[*] [0mFuzzing test case #312 (411 total, 0 uniq crashes found)...[0m
[1;94m[*] [0mFuzzing test case #317 (411 total, 0 uniq crashes found)...[0m
[1;94m[*] [0mFuzzing test case #320 (411 total, 0 uniq crashes found)...[0m
[1;94m[*] [0mFuzzing test case #329 (411 total, 0 uniq crashes found)...[0m
[1;94m[*] [0mFuzzing test case #333 (411 total, 0 uniq crashes found)...[0m
[1;94m[*] [0mFuzzing test case #334 (411 total, 0 uniq crashes found)...[0m
[1;94m[*] [0mFuzzing test case #335 (411 total, 0 uniq crashes found)...[0m
[1;94m[*] [0mFuzzing test case #337 (411 total, 0 uniq crashes found)...[0m
[1;94m[*] [0mFuzzing test case #339 (412 total, 0 uniq crashes found)...[0m
[1;94m[*] [0mFuzzing test case #344 (412 total, 0 uniq crashes found)...[0m
[1;94m[*] [0mFuzzing test case #345 (412 total, 0 uniq crashes found)...[0m
[1;94m[*] [0mFuzzing test case #351 (412 total, 0 uniq crashes found)...[0m
[1;94m[*] [0mFuzzing test case #352 (412 total, 0 uniq crashes found)...[0m
[1;94m[*] [0mFuzzing test case #355 (412 total, 0 uniq crashes found)...[0m
[1;94m[*] [0mFuzzing test case #359 (412 total, 0 uniq crashes found)...[0m
[1;94m[*] [0mFuzzing test case #360 (412 total, 0 uniq crashes found)...[0m
[1;94m[*] [0mFuzzing test case #361 (412 total, 0 uniq crashes found)...[0m
[1;94m[*] [0mFuzzing test case #362 (413 total, 0 uniq crashes found)...[0m
[1;94m[*] [0mFuzzing test case #363 (413 total, 0 uniq crashes found)...[0m
[1;94m[*] [0mFuzzing test case #365 (413 total, 0 uniq crashes found)...[0m
[1;94m[*] [0mFuzzing test case #366 (413 total, 0 uniq crashes found)...[0m
[1;94m[*] [0mFuzzing test case #367 (413 total, 0 uniq crashes found)...[0m
[1;94m[*] [0mFuzzing test case #370 (414 total, 0 uniq crashes found)...[0m
[1;94m[*] [0mFuzzing test case #371 (414 total, 0 uniq crashes found)...[0m
[1;94m[*] [0mFuzzing test case #372 (414 total, 0 uniq crashes found)...[0m
[1;94m[*] [0mFuzzing test case #373 (414 total, 0 uniq crashes found)...[0m
[1;94m[*] [0mFuzzing test case #375 (414 total, 0 uniq crashes found)...[0m
[1;94m[*] [0mFuzzing test case #379 (414 total, 0 uniq crashes found)...[0m
[1;94m[*] [0mFuzzing test case #382 (414 total, 0 uniq crashes found)...[0m
[1;94m[*] [0mFuzzing test case #384 (414 total, 0 uniq crashes found)...[0m
[1;94m[*] [0mFuzzing test case #386 (414 total, 0 uniq crashes found)...[0m
[1;94m[*] [0mFuzzing test case #387 (414 total, 0 uniq crashes found)...[0m
[1;94m[*] [0mFuzzing test case #389 (415 total, 0 uniq crashes found)...[0m
[1;94m[*] [0mFuzzing test case #391 (415 total, 0 uniq crashes found)...[0m
[1;94m[*] [0mFuzzing test case #396 (421 total, 0 uniq crashes found)...[0m
[1;94m[*] [0mFuzzing test case #398 (421 total, 0 uniq crashes found)...[0m
[1;94m[*] [0mFuzzing test case #399 (421 total, 0 uniq crashes found)...[0m
[1;94m[*] [0mFuzzing test case #402 (422 total, 0 uniq crashes found)...[0m
[1;94m[*] [0mFuzzing test case #403 (422 total, 0 uniq crashes found)...[0m
[1;94m[*] [0mFuzzing test case #404 (422 total, 0 uniq crashes found)...[0m
[1;94m[*] [0mFuzzing test case #406 (422 total, 0 uniq crashes found)...[0m
[1;94m[*] [0mFuzzing test case #408 (423 total, 0 uniq crashes found)...[0m
[1;94m[*] [0mFuzzing test case #409 (423 total, 0 uniq crashes found)...[0m
[1;94m[*] [0mFuzzing test case #410 (424 total, 0 uniq crashes found)...[0m
[1;94m[*] [0mFuzzing test case #413 (424 total, 0 uniq crashes found)...[0m
[1;94m[*] [0mFuzzing test case #414 (425 total, 0 uniq crashes found)...[0m
[1;94m[*] [0mFuzzing test case #421 (425 total, 0 uniq crashes found)...[0m
[1;94m[*] [0mFuzzing test case #423 (425 total, 0 uniq crashes found)...[0m
[1;94m[*] [0mFuzzing test case #424 (426 total, 0 uniq crashes found)...[0m
[1;94m[*] [0mFuzzing test case #425 (427 total, 0 uniq crashes found)...[0m
[1;94m[*] [0mEntering queue cycle 2.[0m
[1;94m[*] [0mFuzzing test case #5 (427 total, 0 uniq crashes found)...[0m
[1;94m[*] [0mFuzzing test case #6 (427 total, 0 uniq crashes found)...[0m
[1;94m[*] [0mFuzzing test case #8 (427 total, 0 uniq crashes found)...[0m
[1;94m[*] [0mFuzzing test case #10 (427 total, 0 uniq crashes found)...[0m
[1;94m[*] [0mFuzzing test case #12 (427 total, 0 uniq crashes found)...[0m
[1;94m[*] [0mFuzzing test case #15 (427 total, 0 uniq crashes found)...[0m
[1;94m[*] [0mFuzzing test case #16 (427 total, 0 uniq crashes found)...[0m
[1;94m[*] [0mFuzzing test case #18 (427 total, 0 uniq crashes found)...[0m
[1;94m[*] [0mFuzzing test case #19 (427 total, 0 uniq crashes found)...[0m
[1;94m[*] [0mFuzzing test case #20 (427 total, 0 uniq crashes found)...[0m
[1;94m[*] [0mFuzzing test case #21 (427 total, 0 uniq crashes found)...[0m
[1;94m[*] [0mFuzzing test case #23 (427 total, 0 uniq crashes found)...[0m
[1;94m[*] [0mFuzzing test case #25 (427 total, 0 uniq crashes found)...[0m
[1;94m[*] [0mFuzzing test case #28 (427 total, 0 uniq crashes found)...[0m
[1;94m[*] [0mFuzzing test case #32 (427 total, 0 uniq crashes found)...[0m
[1;94m[*] [0mFuzzing test case #33 (427 total, 0 uniq crashes found)...[0m
[1;94m[*] [0mFuzzing test case #38 (427 total, 0 uniq crashes found)...[0m
[1;94m[*] [0mFuzzing test case #42 (427 total, 0 uniq crashes found)...[0m
[1;94m[*] [0mFuzzing test case #46 (427 total, 0 uniq crashes found)...[0m
[1;94m[*] [0mFuzzing test case #47 (427 total, 0 uniq crashes found)...[0m
[1;94m[*] [0mFuzzing test case #50 (427 total, 0 uniq crashes found)...[0m
[1;94m[*] [0mFuzzing test case #51 (427 total, 0 uniq crashes found)...[0m
[1;94m[*] [0mFuzzing test case #54 (427 total, 0 uniq crashes found)...[0m
[1;94m[*] [0mFuzzing test case #55 (427 total, 0 uniq crashes found)...[0m
[1;94m[*] [0mFuzzing test case #57 (427 total, 0 uniq crashes found)...[0m
[1;94m[*] [0mFuzzing test case #58 (427 total, 0 uniq crashes found)...[0m
[1;94m[*] [0mFuzzing test case #59 (427 total, 0 uniq crashes found)...[0m
[1;94m[*] [0mFuzzing test case #61 (427 total, 0 uniq crashes found)...[0m
[1;94m[*] [0mFuzzing test case #62 (427 total, 0 uniq crashes found)...[0m
[1;94m[*] [0mFuzzing test case #66 (427 total, 0 uniq crashes found)...[0m
[1;94m[*] [0mFuzzing test case #67 (427 total, 0 uniq crashes found)...[0m
[1;94m[*] [0mFuzzing test case #68 (427 total, 0 uniq crashes found)...[0m
[1;94m[*] [0mFuzzing test case #70 (427 total, 0 uniq crashes found)...[0m
[1;94m[*] [0mFuzzing test case #71 (427 total, 0 uniq crashes found)...[0m
[1;94m[*] [0mFuzzing test case #72 (427 total, 0 uniq crashes found)...[0m
[1;94m[*] [0mFuzzing test case #73 (427 total, 0 uniq crashes found)...[0m
[1;94m[*] [0mFuzzing test case #74 (427 total, 0 uniq crashes found)...[0m
[1;94m[*] [0mFuzzing test case #76 (427 total, 0 uniq crashes found)...[0m
[1;94m[*] [0mFuzzing test case #77 (427 total, 0 uniq crashes found)...[0m
[1;94m[*] [0mFuzzing test case #79 (427 total, 0 uniq crashes found)...[0m
[1;94m[*] [0mFuzzing test case #80 (427 total, 0 uniq crashes found)...[0m
[1;94m[*] [0mFuzzing test case #85 (427 total, 0 uniq crashes found)...[0m
[1;94m[*] [0mFuzzing test case #89 (427 total, 0 uniq crashes found)...[0m
[1;94m[*] [0mFuzzing test case #90 (427 total, 0 uniq crashes found)...[0m
[1;94m[*] [0mFuzzing test case #129 (428 total, 0 uniq crashes found)...[0m
[1;94m[*] [0mFuzzing test case #427 (428 total, 0 uniq crashes found)...[0m
[1;94m[*] [0mEntering queue cycle 3.[0m
[1;94m[*] [0mFuzzing test case #5 (428 total, 0 uniq crashes found)...[0m
[1;94m[*] [0mFuzzing test case #8 (428 total, 0 uniq crashes found)...[0m
[1;94m[*] [0mFuzzing test case #9 (428 total, 0 uniq crashes found)...[0m
[1;94m[*] [0mFuzzing test case #10 (428 total, 0 uniq crashes found)...[0m
[1;94m[*] [0mFuzzing test case #12 (428 total, 0 uniq crashes found)...[0m
[1;94m[*] [0mFuzzing test case #15 (428 total, 0 uniq crashes found)...[0m
[1;94m[*] [0mFuzzing test case #177 (429 total, 0 uniq crashes found)...[0m
[1;94m[*] [0mFuzzing test case #361 (429 total, 0 uniq crashes found)...[0m
[1;94m[*] [0mFuzzing test case #399 (429 total, 0 uniq crashes found)...[0m
[1;94m[*] [0mFuzzing test case #428 (429 total, 0 uniq crashes found)...[0m
[1;94m[*] [0mEntering queue cycle 4.[0m
[1;94m[*] [0mFuzzing test case #5 (429 total, 0 uniq crashes found)...[0m
[1;94m[*] [0mFuzzing test case #8 (429 total, 0 uniq crashes found)...[0m
[1;94m[*] [0mFuzzing test case #10 (429 total, 0 uniq crashes found)...[0m
[1;94m[*] [0mFuzzing test case #12 (429 total, 0 uniq crashes found)...[0m
[1;94m[*] [0mFuzzing test case #15 (429 total, 0 uniq crashes found)...[0m
[1;94m[*] [0mFuzzing test case #18 (429 total, 0 uniq crashes found)...[0m
[1;94m[*] [0mFuzzing test case #19 (429 total, 0 uniq crashes found)...[0m
[1;94m[*] [0mFuzzing test case #20 (429 total, 0 uniq crashes found)...[0m
[1;94m[*] [0mFuzzing test case #25 (429 total, 0 uniq crashes found)...[0m
[1;94m[*] [0mFuzzing test case #28 (429 total, 0 uniq crashes found)...[0m
[1;94m[*] [0mFuzzing test case #30 (429 total, 0 uniq crashes found)...[0m
[1;94m[*] [0mFuzzing test case #32 (429 total, 0 uniq crashes found)...[0m
[1;94m[*] [0mFuzzing test case #33 (429 total, 0 uniq crashes found)...[0m
[1;94m[*] [0mFuzzing test case #35 (429 total, 0 uniq crashes found)...[0m
[1;94m[*] [0mFuzzing test case #39 (429 total, 0 uniq crashes found)...[0m
[1;94m[*] [0mFuzzing test case #41 (430 total, 0 uniq crashes found)...[0m
[1;94m[*] [0mFuzzing test case #42 (430 total, 0 uniq crashes found)...[0m
[1;94m[*] [0mFuzzing test case #43 (430 total, 0 uniq crashes found)...[0m
[1;94m[*] [0mFuzzing test case #45 (431 total, 0 uniq crashes found)...[0m
[1;94m[*] [0mFuzzing test case #46 (431 total, 0 uniq crashes found)...[0m
[1;94m[*] [0mFuzzing test case #47 (431 total, 0 uniq crashes found)...[0m
[1;94m[*] [0mFuzzing test case #50 (431 total, 0 uniq crashes found)...[0m
[1;94m[*] [0mFuzzing test case #51 (431 total, 0 uniq crashes found)...[0m
[1;94m[*] [0mFuzzing test case #53 (431 total, 0 uniq crashes found)...[0m
[1;94m[*] [0mFuzzing test case #54 (431 total, 0 uniq crashes found)...[0m
[1;94m[*] [0mFuzzing test case #57 (431 total, 0 uniq crashes found)...[0m
[1;94m[*] [0mFuzzing test case #58 (431 total, 0 uniq crashes found)...[0m
[1;94m[*] [0mFuzzing test case #59 (431 total, 0 uniq crashes found)...[0m
[1;94m[*] [0mFuzzing test case #60 (431 total, 0 uniq crashes found)...[0m
[1;94m[*] [0mFuzzing test case #61 (431 total, 0 uniq crashes found)...[0m
[1;94m[*] [0mFuzzing test case #62 (431 total, 0 uniq crashes found)...[0m
[1;94m[*] [0mFuzzing test case #67 (431 total, 0 uniq crashes found)...[0m
[1;94m[*] [0mFuzzing test case #68 (431 total, 0 uniq crashes found)...[0m
[1;94m[*] [0mFuzzing test case #70 (431 total, 0 uniq crashes found)...[0m
[1;94m[*] [0mFuzzing test case #71 (431 total, 0 uniq crashes found)...[0m
[1;94m[*] [0mFuzzing test case #72 (431 total, 0 uniq crashes found)...[0m
[1;94m[*] [0mFuzzing test case #73 (431 total, 0 uniq crashes found)...[0m
[1;94m[*] [0mFuzzing test case #74 (431 total, 0 uniq crashes found)...[0m
[1;94m[*] [0mFuzzing test case #75 (431 total, 0 uniq crashes found)...[0m
[1;94m[*] [0mFuzzing test case #76 (431 total, 0 uniq crashes found)...[0m
[1;94m[*] [0mFuzzing test case #78 (431 total, 0 uniq crashes found)...[0m
[1;94m[*] [0mFuzzing test case #79 (431 total, 0 uniq crashes found)...[0m
[1;94m[*] [0mFuzzing test case #80 (431 total, 0 uniq crashes found)...[0m
[1;94m[*] [0mFuzzing test case #85 (431 total, 0 uniq crashes found)...[0m
[1;94m[*] [0mFuzzing test case #89 (431 total, 0 uniq crashes found)...[0m
[1;94m[*] [0mFuzzing test case #92 (431 total, 0 uniq crashes found)...[0m
[1;94m[*] [0mFuzzing test case #93 (431 total, 0 uniq crashes found)...[0m
[1;94m[*] [0mFuzzing test case #95 (431 total, 0 uniq crashes found)...[0m
[1;94m[*] [0mFuzzing test case #96 (431 total, 0 uniq crashes found)...[0m
[1;94m[*] [0mFuzzing test case #99 (431 total, 0 uniq crashes found)...[0m
[1;94m[*] [0mFuzzing test case #100 (431 total, 0 uniq crashes found)...[0m
[1;94m[*] [0mFuzzing test case #101 (431 total, 0 uniq crashes found)...[0m
[1;94m[*] [0mFuzzing test case #102 (431 total, 0 uniq crashes found)...[0m
[1;94m[*] [0mFuzzing test case #103 (431 total, 0 uniq crashes found)...[0m
[1;94m[*] [0mFuzzing test case #105 (431 total, 0 uniq crashes found)...[0m
[1;94m[*] [0mFuzzing test case #106 (431 total, 0 uniq crashes found)...[0m
[1;94m[*] [0mFuzzing test case #108 (431 total, 0 uniq crashes found)...[0m
[1;94m[*] [0mFuzzing test case #110 (431 total, 0 uniq crashes found)...[0m
[1;94m[*] [0mFuzzing test case #111 (431 total, 0 uniq crashes found)...[0m
[1;94m[*] [0mFuzzing test case #113 (431 total, 0 uniq crashes found)...[0m
[1;94m[*] [0mFuzzing test case #115 (431 total, 0 uniq crashes found)...[0m
[1;94m[*] [0mFuzzing test case #116 (431 total, 0 uniq crashes found)...[0m
[1;94m[*] [0mFuzzing test case #119 (431 total, 0 uniq crashes found)...[0m
[1;94m[*] [0mFuzzing test case #121 (431 total, 0 uniq crashes found)...[0m
[1;94m[*] [0mFuzzing test case #124 (431 total, 0 uniq crashes found)...[0m
[1;94m[*] [0mFuzzing test case #125 (431 total, 0 uniq crashes found)...[0m
[1;94m[*] [0mFuzzing test case #126 (431 total, 0 uniq crashes found)...[0m
[1;94m[*] [0mFuzzing test case #128 (431 total, 0 uniq crashes found)...[0m
[1;94m[*] [0mFuzzing test case #130 (431 total, 0 uniq crashes found)...[0m
[1;94m[*] [0mFuzzing test case #133 (431 total, 0 uniq crashes found)...[0m
[1;94m[*] [0mFuzzing test case #135 (431 total, 0 uniq crashes found)...[0m
[1;94m[*] [0mFuzzing test case #137 (431 total, 0 uniq crashes found)...[0m
[1;94m[*] [0mFuzzing test case #141 (431 total, 0 uniq crashes found)...[0m
[1;94m[*] [0mFuzzing test case #142 (431 total, 0 uniq crashes found)...[0m
[1;94m[*] [0mFuzzing test case #145 (431 total, 0 uniq crashes found)...[0m
[1;94m[*] [0mFuzzing test case #147 (431 total, 0 uniq crashes found)...[0m
[1;94m[*] [0mFuzzing test case #149 (431 total, 0 uniq crashes found)...[0m
[1;94m[*] [0mFuzzing test case #150 (431 total, 0 uniq crashes found)...[0m
[1;94m[*] [0mFuzzing test case #151 (431 total, 0 uniq crashes found)...[0m
[1;94m[*] [0mFuzzing test case #152 (432 total, 0 uniq crashes found)...[0m
[1;94m[*] [0mFuzzing test case #154 (432 total, 0 uniq crashes found)...[0m
[1;94m[*] [0mFuzzing test case #155 (432 total, 0 uniq crashes found)...[0m
[1;94m[*] [0mFuzzing test case #156 (432 total, 0 uniq crashes found)...[0m
[1;94m[*] [0mFuzzing test case #159 (432 total, 0 uniq crashes found)...[0m
[1;94m[*] [0mFuzzing test case #160 (432 total, 0 uniq crashes found)...[0m
[1;94m[*] [0mFuzzing test case #161 (432 total, 0 uniq crashes found)...[0m
[1;94m[*] [0mFuzzing test case #162 (432 total, 0 uniq crashes found)...[0m
[1;94m[*] [0mFuzzing test case #166 (432 total, 0 uniq crashes found)...[0m
[1;94m[*] [0mFuzzing test case #167 (432 total, 0 uniq crashes found)...[0m
[1;94m[*] [0mFuzzing test case #168 (432 total, 0 uniq crashes found)...[0m
[1;94m[*] [0mFuzzing test case #169 (432 total, 0 uniq crashes found)...[0m
[1;94m[*] [0mFuzzing test case #170 (432 total, 0 uniq crashes found)...[0m
[1;94m[*] [0mFuzzing test case #171 (432 total, 0 uniq crashes found)...[0m
[1;94m[*] [0mFuzzing test case #172 (432 total, 0 uniq crashes found)...[0m
[1;94m[*] [0mFuzzing test case #173 (432 total, 0 uniq crashes found)...[0m
[1;94m[*] [0mFuzzing test case #175 (432 total, 0 uniq crashes found)...[0m
[1;94m[*] [0mFuzzing test case #178 (432 total, 0 uniq crashes found)...[0m
[1;94m[*] [0mFuzzing test case #179 (432 total, 0 uniq crashes found)...[0m
[1;94m[*] [0mFuzzing test case #182 (432 total, 0 uniq crashes found)...[0m
[1;94m[*] [0mFuzzing test case #183 (432 total, 0 uniq crashes found)...[0m
[1;94m[*] [0mFuzzing test case #184 (432 total, 0 uniq crashes found)...[0m
[1;94m[*] [0mFuzzing test case #185 (432 total, 0 uniq crashes found)...[0m
[1;94m[*] [0mFuzzing test case #186 (432 total, 0 uniq crashes found)...[0m
[1;94m[*] [0mFuzzing test case #187 (432 total, 0 uniq crashes found)...[0m
[1;94m[*] [0mFuzzing test case #188 (432 total, 0 uniq crashes found)...[0m
[1;94m[*] [0mFuzzing test case #189 (432 total, 0 uniq crashes found)...[0m
[1;94m[*] [0mFuzzing test case #190 (432 total, 0 uniq crashes found)...[0m
[1;94m[*] [0mFuzzing test case #193 (432 total, 0 uniq crashes found)...[0m
[1;94m[*] [0mFuzzing test case #194 (432 total, 0 uniq crashes found)...[0m
[1;94m[*] [0mFuzzing test case #196 (432 total, 0 uniq crashes found)...[0m
[1;94m[*] [0mFuzzing test case #199 (433 total, 0 uniq crashes found)...[0m
[1;94m[*] [0mFuzzing test case #200 (433 total, 0 uniq crashes found)...[0m
[1;94m[*] [0mFuzzing test case #201 (433 total, 0 uniq crashes found)...[0m
[1;94m[*] [0mFuzzing test case #202 (433 total, 0 uniq crashes found)...[0m
[1;94m[*] [0mFuzzing test case #203 (433 total, 0 uniq crashes found)...[0m
[1;94m[*] [0mFuzzing test case #204 (433 total, 0 uniq crashes found)...[0m
[1;94m[*] [0mFuzzing test case #205 (433 total, 0 uniq crashes found)...[0m
[1;94m[*] [0mFuzzing test case #206 (433 total, 0 uniq crashes found)...[0m
[1;94m[*] [0mFuzzing test case #207 (433 total, 0 uniq crashes found)...[0m
[1;94m[*] [0mFuzzing test case #208 (433 total, 0 uniq crashes found)...[0m
[1;94m[*] [0mFuzzing test case #211 (433 total, 0 uniq crashes found)...[0m
[1;94m[*] [0mFuzzing test case #214 (433 total, 0 uniq crashes found)...[0m
[1;94m[*] [0mFuzzing test case #215 (433 total, 0 uniq crashes found)...[0m
[1;94m[*] [0mFuzzing test case #217 (433 total, 0 uniq crashes found)...[0m
[1;94m[*] [0mFuzzing test case #218 (433 total, 0 uniq crashes found)...[0m
[1;94m[*] [0mFuzzing test case #219 (434 total, 0 uniq crashes found)...[0m
[1;94m[*] [0mFuzzing test case #224 (434 total, 0 uniq crashes found)...[0m
[1;94m[*] [0mFuzzing test case #227 (434 total, 0 uniq crashes found)...[0m
[1;94m[*] [0mFuzzing test case #229 (434 total, 0 uniq crashes found)...[0m
[1;94m[*] [0mFuzzing test case #230 (434 total, 0 uniq crashes found)...[0m
[1;94m[*] [0mFuzzing test case #235 (434 total, 0 uniq crashes found)...[0m
[1;94m[*] [0mFuzzing test case #238 (434 total, 0 uniq crashes found)...[0m
[1;94m[*] [0mFuzzing test case #255 (434 total, 0 uniq crashes found)...[0m
[1;94m[*] [0mFuzzing test case #256 (434 total, 0 uniq crashes found)...[0m
[1;94m[*] [0mFuzzing test case #257 (434 total, 0 uniq crashes found)...[0m
[1;94m[*] [0mFuzzing test case #259 (434 total, 0 uniq crashes found)...[0m
[1;94m[*] [0mFuzzing test case #262 (434 total, 0 uniq crashes found)...[0m
[1;94m[*] [0mFuzzing test case #265 (434 total, 0 uniq crashes found)...[0m
[1;94m[*] [0mFuzzing test case #268 (435 total, 0 uniq crashes found)...[0m
[1;94m[*] [0mFuzzing test case #269 (435 total, 0 uniq crashes found)...[0m
[1;94m[*] [0mFuzzing test case #273 (435 total, 0 uniq crashes found)...[0m
[1;94m[*] [0mFuzzing test case #280 (435 total, 0 uniq crashes found)...[0m
[1;94m[*] [0mFuzzing test case #285 (435 total, 0 uniq crashes found)...[0m
[1;94m[*] [0mFuzzing test case #362 (436 total, 0 uniq crashes found)...[0m
[1;94m[*] [0mFuzzing test case #435 (436 total, 0 uniq crashes found)...[0m
[1;94m[*] [0mEntering queue cycle 5.[0m
[1;94m[*] [0mFuzzing test case #0 (436 total, 0 uniq crashes found)...[0m
[1;94m[*] [0mFuzzing test case #5 (436 total, 0 uniq crashes found)...[0m
[1;94m[*] [0mFuzzing test case #8 (436 total, 0 uniq crashes found)...[0m
[1;94m[*] [0mFuzzing test case #10 (436 total, 0 uniq crashes found)...[0m
[1;94m[*] [0mFuzzing test case #12 (436 total, 0 uniq crashes found)...[0m
[1;94m[*] [0mFuzzing test case #14 (436 total, 0 uniq crashes found)...[0m
[1;94m[*] [0mFuzzing test case #15 (436 total, 0 uniq crashes found)...[0m
[1;94m[*] [0mFuzzing test case #17 (436 total, 0 uniq crashes found)...[0m
[1;94m[*] [0mFuzzing test case #18 (436 total, 0 uniq crashes found)...[0m
[1;94m[*] [0mFuzzing test case #19 (436 total, 0 uniq crashes found)...[0m
[1;94m[*] [0mFuzzing test case #20 (436 total, 0 uniq crashes found)...[0m
[1;94m[*] [0mFuzzing test case #25 (436 total, 0 uniq crashes found)...[0m
[1;94m[*] [0mFuzzing test case #28 (436 total, 0 uniq crashes found)...[0m
[1;94m[*] [0mFuzzing test case #29 (436 total, 0 uniq crashes found)...[0m
[1;94m[*] [0mFuzzing test case #32 (436 total, 0 uniq crashes found)...[0m
[1;94m[*] [0mFuzzing test case #33 (436 total, 0 uniq crashes found)...[0m
[1;94m[*] [0mFuzzing test case #42 (436 total, 0 uniq crashes found)...[0m
[1;94m[*] [0mFuzzing test case #46 (436 total, 0 uniq crashes found)...[0m
[1;94m[*] [0mFuzzing test case #47 (436 total, 0 uniq crashes found)...[0m
[1;94m[*] [0mFuzzing test case #48 (436 total, 0 uniq crashes found)...[0m
[1;94m[*] [0mFuzzing test case #50 (436 total, 0 uniq crashes found)...[0m
[1;94m[*] [0mFuzzing test case #51 (436 total, 0 uniq crashes found)...[0m
[1;94m[*] [0mFuzzing test case #57 (436 total, 0 uniq crashes found)...[0m
[1;94m[*] [0mFuzzing test case #58 (436 total, 0 uniq crashes found)...[0m
[1;94m[*] [0mFuzzing test case #59 (436 total, 0 uniq crashes found)...[0m
[1;94m[*] [0mFuzzing test case #61 (436 total, 0 uniq crashes found)...[0m
[1;94m[*] [0mFuzzing test case #62 (436 total, 0 uniq crashes found)...[0m
[1;94m[*] [0mFuzzing test case #63 (436 total, 0 uniq crashes found)...[0m
[1;94m[*] [0mFuzzing test case #67 (436 total, 0 uniq crashes found)...[0m
[1;94m[*] [0mFuzzing test case #68 (436 total, 0 uniq crashes found)...[0m
[1;94m[*] [0mFuzzing test case #70 (436 total, 0 uniq crashes found)...[0m
[1;94m[*] [0mFuzzing test case #71 (436 total, 0 uniq crashes found)...[0m
[1;94m[*] [0mFuzzing test case #72 (436 total, 0 uniq crashes found)...[0m
[1;94m[*] [0mFuzzing test case #73 (436 total, 0 uniq crashes found)...[0m
[1;94m[*] [0mFuzzing test case #74 (436 total, 0 uniq crashes found)...[0m
[1;94m[*] [0mFuzzing test case #76 (436 total, 0 uniq crashes found)...[0m
[1;94m[*] [0mFuzzing test case #78 (436 total, 0 uniq crashes found)...[0m
[1;94m[*] [0mFuzzing test case #79 (436 total, 0 uniq crashes found)...[0m
[1;94m[*] [0mFuzzing test case #80 (436 total, 0 uniq crashes found)...[0m
[1;94m[*] [0mFuzzing test case #81 (436 total, 0 uniq crashes found)...[0m
[1;94m[*] [0mFuzzing test case #82 (436 total, 0 uniq crashes found)...[0m
[1;94m[*] [0mFuzzing test case #85 (436 total, 0 uniq crashes found)...[0m
[1;94m[*] [0mFuzzing test case #89 (436 total, 0 uniq crashes found)...[0m
[1;94m[*] [0mFuzzing test case #92 (436 total, 0 uniq crashes found)...[0m
[1;94m[*] [0mFuzzing test case #93 (436 total, 0 uniq crashes found)...[0m
[1;94m[*] [0mFuzzing test case #95 (436 total, 0 uniq crashes found)...[0m
[1;94m[*] [0mFuzzing test case #98 (436 total, 0 uniq crashes found)...[0m
[1;94m[*] [0mFuzzing test case #100 (436 total, 0 uniq crashes found)...[0m
[1;94m[*] [0mFuzzing test case #102 (436 total, 0 uniq crashes found)...[0m
[1;94m[*] [0mFuzzing test case #103 (436 total, 0 uniq crashes found)...[0m
[1;94m[*] [0mFuzzing test case #105 (436 total, 0 uniq crashes found)...[0m
[1;94m[*] [0mFuzzing test case #106 (436 total, 0 uniq crashes found)...[0m
[1;94m[*] [0mFuzzing test case #108 (436 total, 0 uniq crashes found)...[0m
[1;94m[*] [0mFuzzing test case #110 (436 total, 0 uniq crashes found)...[0m
[1;94m[*] [0mFuzzing test case #111 (436 total, 0 uniq crashes found)...[0m
[1;94m[*] [0mFuzzing test case #113 (436 total, 0 uniq crashes found)...[0m
[1;94m[*] [0mFuzzing test case #116 (436 total, 0 uniq crashes found)...[0m
[1;94m[*] [0mFuzzing test case #119 (436 total, 0 uniq crashes found)...[0m
[1;94m[*] [0mFuzzing test case #121 (436 total, 0 uniq crashes found)...[0m
[1;94m[*] [0mFuzzing test case #122 (436 total, 0 uniq crashes found)...[0m
[1;94m[*] [0mFuzzing test case #123 (436 total, 0 uniq crashes found)...[0m
[1;94m[*] [0mFuzzing test case #124 (436 total, 0 uniq crashes found)...[0m
[1;94m[*] [0mFuzzing test case #126 (436 total, 0 uniq crashes found)...[0m
[1;94m[*] [0mFuzzing test case #130 (436 total, 0 uniq crashes found)...[0m
[1;94m[*] [0mFuzzing test case #131 (436 total, 0 uniq crashes found)...[0m
[1;94m[*] [0mFuzzing test case #133 (436 total, 0 uniq crashes found)...[0m
[1;94m[*] [0mFuzzing test case #135 (436 total, 0 uniq crashes found)...[0m
[1;94m[*] [0mFuzzing test case #137 (436 total, 0 uniq crashes found)...[0m
[1;94m[*] [0mFuzzing test case #138 (436 total, 0 uniq crashes found)...[0m
[1;94m[*] [0mFuzzing test case #141 (436 total, 0 uniq crashes found)...[0m
[1;94m[*] [0mFuzzing test case #142 (436 total, 0 uniq crashes found)...[0m
[1;94m[*] [0mFuzzing test case #144 (436 total, 0 uniq crashes found)...[0m
[1;94m[*] [0mFuzzing test case #145 (436 total, 0 uniq crashes found)...[0m
[1;94m[*] [0mFuzzing test case #147 (436 total, 0 uniq crashes found)...[0m
[1;94m[*] [0mFuzzing test case #148 (436 total, 0 uniq crashes found)...[0m
[1;94m[*] [0mFuzzing test case #150 (436 total, 0 uniq crashes found)...[0m
[1;94m[*] [0mFuzzing test case #151 (436 total, 0 uniq crashes found)...[0m
[1;94m[*] [0mFuzzing test case #154 (436 total, 0 uniq crashes found)...[0m
[1;94m[*] [0mFuzzing test case #155 (436 total, 0 uniq crashes found)...[0m
[1;94m[*] [0mFuzzing test case #156 (436 total, 0 uniq crashes found)...[0m
[1;94m[*] [0mFuzzing test case #158 (437 total, 0 uniq crashes found)...[0m
[1;94m[*] [0mFuzzing test case #159 (437 total, 0 uniq crashes found)...[0m
[1;94m[*] [0mFuzzing test case #160 (437 total, 0 uniq crashes found)...[0m
[1;94m[*] [0mFuzzing test case #161 (437 total, 0 uniq crashes found)...[0m
[1;94m[*] [0mFuzzing test case #162 (437 total, 0 uniq crashes found)...[0m
[1;94m[*] [0mFuzzing test case #165 (437 total, 0 uniq crashes found)...[0m
[1;94m[*] [0mFuzzing test case #166 (437 total, 0 uniq crashes found)...[0m
[1;94m[*] [0mFuzzing test case #167 (437 total, 0 uniq crashes found)...[0m
[1;94m[*] [0mFuzzing test case #168 (437 total, 0 uniq crashes found)...[0m
[1;94m[*] [0mFuzzing test case #169 (438 total, 0 uniq crashes found)...[0m
[1;94m[*] [0mFuzzing test case #171 (438 total, 0 uniq crashes found)...[0m
[1;94m[*] [0mFuzzing test case #172 (438 total, 0 uniq crashes found)...[0m
[1;94m[*] [0mFuzzing test case #173 (438 total, 0 uniq crashes found)...[0m
[1;94m[*] [0mFuzzing test case #243 (439 total, 0 uniq crashes found)...[0m
[1;94m[*] [0mFuzzing test case #329 (439 total, 0 uniq crashes found)...[0m
[1;94m[*] [0mFuzzing test case #341 (439 total, 0 uniq crashes found)...[0m
[1;94m[*] [0mFuzzing test case #418 (439 total, 0 uniq crashes found)...[0m
[1;94m[*] [0mFuzzing test case #438 (443 total, 0 uniq crashes found)...[0m
[1;94m[*] [0mFuzzing test case #441 (446 total, 0 uniq crashes found)...[0m
[1;94m[*] [0mFuzzing test case #448 (453 total, 0 uniq crashes found)...[0m
[1;94m[*] [0mFuzzing test case #450 (453 total, 0 uniq crashes found)...[0m
[1;94m[*] [0mFuzzing test case #451 (454 total, 0 uniq crashes found)...[0m
[1;94m[*] [0mEntering queue cycle 6.[0m
[1;94m[*] [0mFuzzing test case #5 (454 total, 0 uniq crashes found)...[0m
[1;94m[*] [0mFuzzing test case #8 (454 total, 0 uniq crashes found)...[0m
[1;94m[*] [0mFuzzing test case #10 (454 total, 0 uniq crashes found)...[0m
[1;94m[*] [0mFuzzing test case #11 (454 total, 0 uniq crashes found)...[0m
[1;94m[*] [0mFuzzing test case #12 (454 total, 0 uniq crashes found)...[0m
[1;94m[*] [0mFuzzing test case #15 (454 total, 0 uniq crashes found)...[0m
[1;94m[*] [0mFuzzing test case #18 (454 total, 0 uniq crashes found)...[0m
[1;94m[*] [0mFuzzing test case #19 (454 total, 0 uniq crashes found)...[0m
[1;94m[*] [0mFuzzing test case #20 (454 total, 0 uniq crashes found)...[0m
[1;94m[*] [0mFuzzing test case #25 (454 total, 0 uniq crashes found)...[0m
[1;94m[*] [0mFuzzing test case #26 (454 total, 0 uniq crashes found)...[0m
[1;94m[*] [0mFuzzing test case #28 (454 total, 0 uniq crashes found)...[0m
[1;94m[*] [0mFuzzing test case #31 (454 total, 0 uniq crashes found)...[0m
[1;94m[*] [0mFuzzing test case #32 (454 total, 0 uniq crashes found)...[0m
[1;94m[*] [0mFuzzing test case #33 (454 total, 0 uniq crashes found)...[0m
[1;94m[*] [0mFuzzing test case #34 (454 total, 0 uniq crashes found)...[0m
[1;94m[*] [0mFuzzing test case #36 (454 total, 0 uniq crashes found)...[0m
[1;94m[*] [0mFuzzing test case #42 (454 total, 0 uniq crashes found)...[0m
[1;94m[*] [0mFuzzing test case #46 (454 total, 0 uniq crashes found)...[0m
[1;94m[*] [0mFuzzing test case #47 (454 total, 0 uniq crashes found)...[0m
[1;94m[*] [0mFuzzing test case #49 (454 total, 0 uniq crashes found)...[0m
[1;94m[*] [0mFuzzing test case #87 (455 total, 0 uniq crashes found)...[0m
[1;94m[*] [0mFuzzing test case #107 (455 total, 0 uniq crashes found)...[0m
[1;94m[*] [0mFuzzing test case #151 (455 total, 0 uniq crashes found)...[0m
[1;94m[*] [0mFuzzing test case #215 (455 total, 0 uniq crashes found)...[0m
[1;94m[*] [0mFuzzing test case #319 (455 total, 0 uniq crashes found)...[0m
[1;94m[*] [0mFuzzing test case #385 (457 total, 0 uniq crashes found)...[0m
[1;94m[*] [0mFuzzing test case #454 (457 total, 0 uniq crashes found)...[0m
[1;94m[*] [0mFuzzing test case #456 (457 total, 0 uniq crashes found)...[0m
[1;94m[*] [0mFuzzing test case #457 (462 total, 0 uniq crashes found)...[0m
[1;94m[*] [0mFuzzing test case #460 (462 total, 0 uniq crashes found)...[0m
[1;94m[*] [0mEntering queue cycle 7.[0m
[1;94m[*] [0mFuzzing test case #5 (463 total, 0 uniq crashes found)...[0m
[1;94m[*] [0mFuzzing test case #7 (463 total, 0 uniq crashes found)...[0m
[1;94m[*] [0mFuzzing test case #8 (463 total, 0 uniq crashes found)...[0m
[1;94m[*] [0mFuzzing test case #10 (463 total, 0 uniq crashes found)...[0m
[1;94m[*] [0mFuzzing test case #11 (463 total, 0 uniq crashes found)...[0m
[1;94m[*] [0mFuzzing test case #12 (463 total, 0 uniq crashes found)...[0m
[1;94m[*] [0mFuzzing test case #15 (463 total, 0 uniq crashes found)...[0m
[1;94m[*] [0mFuzzing test case #18 (463 total, 0 uniq crashes found)...[0m
[1;94m[*] [0mFuzzing test case #19 (463 total, 0 uniq crashes found)...[0m
[1;94m[*] [0mFuzzing test case #20 (463 total, 0 uniq crashes found)...[0m
[1;94m[*] [0mFuzzing test case #25 (463 total, 0 uniq crashes found)...[0m
[1;94m[*] [0mFuzzing test case #26 (463 total, 0 uniq crashes found)...[0m
[1;94m[*] [0mFuzzing test case #28 (463 total, 0 uniq crashes found)...[0m
[1;94m[*] [0mFuzzing test case #32 (463 total, 0 uniq crashes found)...[0m
[1;94m[*] [0mFuzzing test case #33 (463 total, 0 uniq crashes found)...[0m
[1;94m[*] [0mFuzzing test case #42 (463 total, 0 uniq crashes found)...[0m
[1;94m[*] [0mFuzzing test case #44 (463 total, 0 uniq crashes found)...[0m
[1;94m[*] [0mFuzzing test case #46 (463 total, 0 uniq crashes found)...[0m
[1;94m[*] [0mFuzzing test case #47 (463 total, 0 uniq crashes found)...[0m
[1;94m[*] [0mFuzzing test case #50 (463 total, 0 uniq crashes found)...[0m
[1;94m[*] [0mFuzzing test case #51 (463 total, 0 uniq crashes found)...[0m
[1;94m[*] [0mFuzzing test case #57 (463 total, 0 uniq crashes found)...[0m
[1;94m[*] [0mFuzzing test case #58 (463 total, 0 uniq crashes found)...[0m
[1;94m[*] [0mFuzzing test case #59 (463 total, 0 uniq crashes found)...[0m
[1;94m[*] [0mFuzzing test case #61 (463 total, 0 uniq crashes found)...[0m
[1;94m[*] [0mFuzzing test case #62 (463 total, 0 uniq crashes found)...[0m
[1;94m[*] [0mFuzzing test case #67 (463 total, 0 uniq crashes found)...[0m
[1;94m[*] [0mFuzzing test case #68 (463 total, 0 uniq crashes found)...[0m
[1;94m[*] [0mFuzzing test case #70 (463 total, 0 uniq crashes found)...[0m
[1;94m[*] [0mFuzzing test case #71 (463 total, 0 uniq crashes found)...[0m
[1;94m[*] [0mFuzzing test case #72 (463 total, 0 uniq crashes found)...[0m
[1;94m[*] [0mFuzzing test case #73 (463 total, 0 uniq crashes found)...[0m
[1;94m[*] [0mFuzzing test case #74 (463 total, 0 uniq crashes found)...[0m
[1;94m[*] [0mFuzzing test case #76 (463 total, 0 uniq crashes found)...[0m
[1;94m[*] [0mFuzzing test case #79 (463 total, 0 uniq crashes found)...[0m
[1;94m[*] [0mFuzzing test case #80 (463 total, 0 uniq crashes found)...[0m
[1;94m[*] [0mFuzzing test case #84 (463 total, 0 uniq crashes found)...[0m
[1;94m[*] [0mFuzzing test case #85 (463 total, 0 uniq crashes found)...[0m
[1;94m[*] [0mFuzzing test case #87 (463 total, 0 uniq crashes found)...[0m
[1;94m[*] [0mFuzzing test case #89 (463 total, 0 uniq crashes found)...[0m
[1;94m[*] [0mFuzzing test case #90 (463 total, 0 uniq crashes found)...[0m
[1;94m[*] [0mFuzzing test case #92 (463 total, 0 uniq crashes found)...[0m
[1;94m[*] [0mFuzzing test case #93 (463 total, 0 uniq crashes found)...[0m
[1;94m[*] [0mFuzzing test case #95 (463 total, 0 uniq crashes found)...[0m
[1;94m[*] [0mFuzzing test case #100 (463 total, 0 uniq crashes found)...[0m
[1;94m[*] [0mFuzzing test case #102 (463 total, 0 uniq crashes found)...[0m
[1;94m[*] [0mFuzzing test case #103 (463 total, 0 uniq crashes found)...[0m
[1;94m[*] [0mFuzzing test case #104 (463 total, 0 uniq crashes found)...[0m
[1;94m[*] [0mFuzzing test case #105 (463 total, 0 uniq crashes found)...[0m
[1;94m[*] [0mFuzzing test case #106 (463 total, 0 uniq crashes found)...[0m
[1;94m[*] [0mFuzzing test case #108 (463 total, 0 uniq crashes found)...[0m
[1;94m[*] [0mFuzzing test case #110 (463 total, 0 uniq crashes found)...[0m
[1;94m[*] [0mFuzzing test case #111 (463 total, 0 uniq crashes found)...[0m
[1;94m[*] [0mFuzzing test case #113 (463 total, 0 uniq crashes found)...[0m
[1;94m[*] [0mFuzzing test case #116 (463 total, 0 uniq crashes found)...[0m
[1;94m[*] [0mFuzzing test case #118 (463 total, 0 uniq crashes found)...[0m
[1;94m[*] [0mFuzzing test case #119 (463 total, 0 uniq crashes found)...[0m
[1;94m[*] [0mFuzzing test case #120 (463 total, 0 uniq crashes found)...[0m
[1;94m[*] [0mFuzzing test case #121 (463 total, 0 uniq crashes found)...[0m
[1;94m[*] [0mFuzzing test case #123 (463 total, 0 uniq crashes found)...[0m
[1;94m[*] [0mFuzzing test case #124 (463 total, 0 uniq crashes found)...[0m
[1;94m[*] [0mFuzzing test case #126 (463 total, 0 uniq crashes found)...[0m
[1;94m[*] [0mFuzzing test case #129 (463 total, 0 uniq crashes found)...[0m
[1;94m[*] [0mFuzzing test case #130 (463 total, 0 uniq crashes found)...[0m
[1;94m[*] [0mFuzzing test case #132 (463 total, 0 uniq crashes found)...[0m
[1;94m[*] [0mFuzzing test case #133 (463 total, 0 uniq crashes found)...[0m
[1;94m[*] [0mFuzzing test case #134 (463 total, 0 uniq crashes found)...[0m
[1;94m[*] [0mFuzzing test case #135 (463 total, 0 uniq crashes found)...[0m
[1;94m[*] [0mFuzzing test case #137 (463 total, 0 uniq crashes found)...[0m
[1;94m[*] [0mFuzzing test case #138 (463 total, 0 uniq crashes found)...[0m
[1;94m[*] [0mFuzzing test case #141 (463 total, 0 uniq crashes found)...[0m
[1;94m[*] [0mFuzzing test case #142 (463 total, 0 uniq crashes found)...[0m
[1;94m[*] [0mFuzzing test case #145 (463 total, 0 uniq crashes found)...[0m
[1;94m[*] [0mFuzzing test case #147 (463 total, 0 uniq crashes found)...[0m
[1;94m[*] [0mFuzzing test case #150 (463 total, 0 uniq crashes found)...[0m
[1;94m[*] [0mFuzzing test case #153 (463 total, 0 uniq crashes found)...[0m
[1;94m[*] [0mFuzzing test case #154 (463 total, 0 uniq crashes found)...[0m
[1;94m[*] [0mFuzzing test case #155 (463 total, 0 uniq crashes found)...[0m
[1;94m[*] [0mFuzzing test case #156 (463 total, 0 uniq crashes found)...[0m
[1;94m[*] [0mFuzzing test case #159 (463 total, 0 uniq crashes found)...[0m
[1;94m[*] [0mFuzzing test case #160 (463 total, 0 uniq crashes found)...[0m
[1;94m[*] [0mFuzzing test case #161 (463 total, 0 uniq crashes found)...[0m
[1;94m[*] [0mFuzzing test case #162 (463 total, 0 uniq crashes found)...[0m
[1;94m[*] [0mFuzzing test case #166 (463 total, 0 uniq crashes found)...[0m
[1;94m[*] [0mFuzzing test case #167 (463 total, 0 uniq crashes found)...[0m
[1;94m[*] [0mFuzzing test case #168 (463 total, 0 uniq crashes found)...[0m
[1;94m[*] [0mFuzzing test case #169 (463 total, 0 uniq crashes found)...[0m
[1;94m[*] [0mFuzzing test case #171 (463 total, 0 uniq crashes found)...[0m
[1;94m[*] [0mFuzzing test case #172 (463 total, 0 uniq crashes found)...[0m
[1;94m[*] [0mFuzzing test case #173 (463 total, 0 uniq crashes found)...[0m
[1;94m[*] [0mFuzzing test case #175 (464 total, 0 uniq crashes found)...[0m
[1;94m[*] [0mFuzzing test case #176 (464 total, 0 uniq crashes found)...[0m
[1;94m[*] [0mFuzzing test case #178 (464 total, 0 uniq crashes found)...[0m
[1;94m[*] [0mFuzzing test case #179 (464 total, 0 uniq crashes found)...[0m
[1;94m[*] [0mFuzzing test case #180 (464 total, 0 uniq crashes found)...[0m
[1;94m[*] [0mFuzzing test case #182 (464 total, 0 uniq crashes found)...[0m
[1;94m[*] [0mFuzzing test case #183 (464 total, 0 uniq crashes found)...[0m
[1;94m[*] [0mFuzzing test case #184 (464 total, 0 uniq crashes found)...[0m
[1;94m[*] [0mFuzzing test case #185 (464 total, 0 uniq crashes found)...[0m
[1;94m[*] [0mFuzzing test case #186 (464 total, 0 uniq crashes found)...[0m
[1;94m[*] [0mFuzzing test case #187 (464 total, 0 uniq crashes found)...[0m
[1;94m[*] [0mFuzzing test case #188 (464 total, 0 uniq crashes found)...[0m
[1;94m[*] [0mFuzzing test case #189 (464 total, 0 uniq crashes found)...[0m
[1;94m[*] [0mFuzzing test case #190 (464 total, 0 uniq crashes found)...[0m
[1;94m[*] [0mFuzzing test case #192 (464 total, 0 uniq crashes found)...[0m
[1;94m[*] [0mFuzzing test case #193 (464 total, 0 uniq crashes found)...[0m
[1;94m[*] [0mFuzzing test case #196 (464 total, 0 uniq crashes found)...[0m
[1;94m[*] [0mFuzzing test case #200 (464 total, 0 uniq crashes found)...[0m
[1;94m[*] [0mFuzzing test case #201 (464 total, 0 uniq crashes found)...[0m
[1;94m[*] [0mFuzzing test case #202 (464 total, 0 uniq crashes found)...[0m
[1;94m[*] [0mFuzzing test case #203 (464 total, 0 uniq crashes found)...[0m
[1;94m[*] [0mFuzzing test case #204 (464 total, 0 uniq crashes found)...[0m
[1;94m[*] [0mFuzzing test case #205 (464 total, 0 uniq crashes found)...[0m
[1;94m[*] [0mFuzzing test case #206 (464 total, 0 uniq crashes found)...[0m
[1;94m[*] [0mFuzzing test case #207 (464 total, 0 uniq crashes found)...[0m
[1;94m[*] [0mFuzzing test case #208 (464 total, 0 uniq crashes found)...[0m
[1;94m[*] [0mFuzzing test case #213 (464 total, 0 uniq crashes found)...[0m
[1;94m[*] [0mFuzzing test case #222 (464 total, 0 uniq crashes found)...[0m
[1;94m[*] [0mFuzzing test case #223 (464 total, 0 uniq crashes found)...[0m
[1;94m[*] [0mFuzzing test case #227 (464 total, 0 uniq crashes found)...[0m
[1;94m[*] [0mFuzzing test case #233 (464 total, 0 uniq crashes found)...[0m
[1;94m[*] [0mFuzzing test case #236 (464 total, 0 uniq crashes found)...[0m
[1;94m[*] [0mFuzzing test case #238 (464 total, 0 uniq crashes found)...[0m
[1;94m[*] [0mFuzzing test case #244 (464 total, 0 uniq crashes found)...[0m
[1;94m[*] [0mFuzzing test case #249 (464 total, 0 uniq crashes found)...[0m
[1;94m[*] [0mFuzzing test case #250 (464 total, 0 uniq crashes found)...[0m
[1;94m[*] [0mFuzzing test case #251 (464 total, 0 uniq crashes found)...[0m
[1;94m[*] [0mFuzzing test case #256 (464 total, 0 uniq crashes found)...[0m
[1;94m[*] [0mFuzzing test case #262 (464 total, 0 uniq crashes found)...[0m
[1;94m[*] [0mFuzzing test case #269 (464 total, 0 uniq crashes found)...[0m
[1;94m[*] [0mFuzzing test case #276 (464 total, 0 uniq crashes found)...[0m
[1;94m[*] [0mFuzzing test case #280 (464 total, 0 uniq crashes found)...[0m
[1;94m[*] [0mFuzzing test case #287 (464 total, 0 uniq crashes found)...[0m
[1;94m[*] [0mFuzzing test case #291 (464 total, 0 uniq crashes found)...[0m
[1;94m[*] [0mFuzzing test case #292 (464 total, 0 uniq crashes found)...[0m
[1;94m[*] [0mFuzzing test case #293 (464 total, 0 uniq crashes found)...[0m
[1;94m[*] [0mFuzzing test case #294 (464 total, 0 uniq crashes found)...[0m
[1;94m[*] [0mFuzzing test case #295 (464 total, 0 uniq crashes found)...[0m
[1;94m[*] [0mFuzzing test case #297 (464 total, 0 uniq crashes found)...[0m
[1;94m[*] [0mFuzzing test case #298 (464 total, 0 uniq crashes found)...[0m
[1;94m[*] [0mFuzzing test case #300 (464 total, 0 uniq crashes found)...[0m
[1;94m[*] [0mFuzzing test case #301 (464 total, 0 uniq crashes found)...[0m
[1;94m[*] [0mFuzzing test case #302 (464 total, 0 uniq crashes found)...[0m
[1;94m[*] [0mFuzzing test case #303 (464 total, 0 uniq crashes found)...[0m
[1;94m[*] [0mFuzzing test case #306 (464 total, 0 uniq crashes found)...[0m
[1;94m[*] [0mFuzzing test case #307 (466 total, 0 uniq crashes found)...[0m
[1;94m[*] [0mFuzzing test case #308 (466 total, 0 uniq crashes found)...[0m
[1;94m[*] [0mFuzzing test case #309 (466 total, 0 uniq crashes found)...[0m
[1;94m[*] [0mFuzzing test case #310 (466 total, 0 uniq crashes found)...[0m
[1;94m[*] [0mFuzzing test case #311 (466 total, 0 uniq crashes found)...[0m
[1;94m[*] [0mFuzzing test case #312 (466 total, 0 uniq crashes found)...[0m
[1;94m[*] [0mFuzzing test case #317 (466 total, 0 uniq crashes found)...[0m
[1;94m[*] [0mFuzzing test case #320 (466 total, 0 uniq crashes found)...[0m
[1;94m[*] [0mFuzzing test case #325 (466 total, 0 uniq crashes found)...[0m
[1;94m[*] [0mFuzzing test case #328 (466 total, 0 uniq crashes found)...[0m
[1;94m[*] [0mFuzzing test case #342 (466 total, 0 uniq crashes found)...[0m
[1;94m[*] [0mFuzzing test case #344 (466 total, 0 uniq crashes found)...[0m
[1;94m[*] [0mFuzzing test case #346 (466 total, 0 uniq crashes found)...[0m
[1;94m[*] [0mFuzzing test case #348 (466 total, 0 uniq crashes found)...[0m
[1;94m[*] [0mFuzzing test case #349 (466 total, 0 uniq crashes found)...[0m
[1;94m[*] [0mFuzzing test case #413 (467 total, 0 uniq crashes found)...[0m
[1;94m[*] [0mFuzzing test case #466 (467 total, 0 uniq crashes found)...[0m
[1;94m[*] [0mFuzzing test case #467 (468 total, 0 uniq crashes found)...[0m
[1;94m[*] [0mEntering queue cycle 8.[0m
[1;94m[*] [0mFuzzing test case #5 (468 total, 0 uniq crashes found)...[0m
[1;94m[*] [0mFuzzing test case #8 (468 total, 0 uniq crashes found)...[0m
[1;94m[*] [0mFuzzing test case #10 (468 total, 0 uniq crashes found)...[0m
[1;94m[*] [0mFuzzing test case #12 (468 total, 0 uniq crashes found)...[0m
[1;94m[*] [0mFuzzing test case #15 (468 total, 0 uniq crashes found)...[0m
[1;94m[*] [0mFuzzing test case #18 (468 total, 0 uniq crashes found)...[0m
[1;94m[*] [0mFuzzing test case #19 (468 total, 0 uniq crashes found)...[0m
[1;94m[*] [0mFuzzing test case #20 (468 total, 0 uniq crashes found)...[0m
[1;94m[*] [0mFuzzing test case #25 (468 total, 0 uniq crashes found)...[0m
[1;94m[*] [0mFuzzing test case #28 (468 total, 0 uniq crashes found)...[0m
[1;94m[*] [0mFuzzing test case #32 (468 total, 0 uniq crashes found)...[0m
[1;94m[*] [0mFuzzing test case #33 (468 total, 0 uniq crashes found)...[0m
[1;94m[*] [0mFuzzing test case #42 (468 total, 0 uniq crashes found)...[0m
[1;94m[*] [0mFuzzing test case #46 (468 total, 0 uniq crashes found)...[0m
[1;94m[*] [0mFuzzing test case #47 (468 total, 0 uniq crashes found)...[0m
[1;94m[*] [0mFuzzing test case #50 (468 total, 0 uniq crashes found)...[0m
[1;94m[*] [0mFuzzing test case #51 (468 total, 0 uniq crashes found)...[0m
[1;94m[*] [0mFuzzing test case #57 (468 total, 0 uniq crashes found)...[0m
[1;94m[*] [0mFuzzing test case #58 (468 total, 0 uniq crashes found)...[0m
[1;94m[*] [0mFuzzing test case #59 (468 total, 0 uniq crashes found)...[0m
[1;94m[*] [0mFuzzing test case #61 (468 total, 0 uniq crashes found)...[0m
[1;94m[*] [0mFuzzing test case #62 (468 total, 0 uniq crashes found)...[0m
[1;94m[*] [0mFuzzing test case #64 (468 total, 0 uniq crashes found)...[0m
[1;94m[*] [0mFuzzing test case #67 (468 total, 0 uniq crashes found)...[0m
[1;94m[*] [0mFuzzing test case #70 (468 total, 0 uniq crashes found)...[0m
[1;94m[*] [0mFuzzing test case #71 (468 total, 0 uniq crashes found)...[0m
[1;94m[*] [0mFuzzing test case #72 (468 total, 0 uniq crashes found)...[0m
[1;94m[*] [0mFuzzing test case #73 (468 total, 0 uniq crashes found)...[0m
[1;94m[*] [0mFuzzing test case #74 (468 total, 0 uniq crashes found)...[0m
[1;94m[*] [0mFuzzing test case #76 (468 total, 0 uniq crashes found)...[0m
[1;94m[*] [0mFuzzing test case #78 (468 total, 0 uniq crashes found)...[0m
[1;94m[*] [0mFuzzing test case #80 (468 total, 0 uniq crashes found)...[0m
[1;94m[*] [0mFuzzing test case #85 (468 total, 0 uniq crashes found)...[0m
[1;94m[*] [0mFuzzing test case #87 (468 total, 0 uniq crashes found)...[0m
[1;94m[*] [0mFuzzing test case #89 (468 total, 0 uniq crashes found)...[0m
[1;94m[*] [0mFuzzing test case #92 (468 total, 0 uniq crashes found)...[0m
[1;94m[*] [0mFuzzing test case #93 (468 total, 0 uniq crashes found)...[0m
[1;94m[*] [0mFuzzing test case #95 (468 total, 0 uniq crashes found)...[0m
[1;94m[*] [0mFuzzing test case #100 (468 total, 0 uniq crashes found)...[0m
[1;94m[*] [0mFuzzing test case #102 (468 total, 0 uniq crashes found)...[0m
[1;94m[*] [0mFuzzing test case #103 (468 total, 0 uniq crashes found)...[0m
[1;94m[*] [0mFuzzing test case #106 (468 total, 0 uniq crashes found)...[0m
[1;94m[*] [0mFuzzing test case #108 (468 total, 0 uniq crashes found)...[0m
[1;94m[*] [0mFuzzing test case #110 (468 total, 0 uniq crashes found)...[0m
[1;94m[*] [0mFuzzing test case #111 (468 total, 0 uniq crashes found)...[0m
[1;94m[*] [0mFuzzing test case #113 (468 total, 0 uniq crashes found)...[0m
[1;94m[*] [0mFuzzing test case #116 (468 total, 0 uniq crashes found)...[0m
[1;94m[*] [0mFuzzing test case #119 (468 total, 0 uniq crashes found)...[0m
[1;94m[*] [0mFuzzing test case #121 (468 total, 0 uniq crashes found)...[0m
[1;94m[*] [0mFuzzing test case #123 (468 total, 0 uniq crashes found)...[0m
[1;94m[*] [0mFuzzing test case #124 (468 total, 0 uniq crashes found)...[0m
[1;94m[*] [0mFuzzing test case #126 (468 total, 0 uniq crashes found)...[0m
[1;94m[*] [0mFuzzing test case #130 (468 total, 0 uniq crashes found)...[0m
[1;94m[*] [0mFuzzing test case #131 (468 total, 0 uniq crashes found)...[0m
[1;94m[*] [0mFuzzing test case #132 (468 total, 0 uniq crashes found)...[0m
[1;94m[*] [0mFuzzing test case #133 (468 total, 0 uniq crashes found)...[0m
[1;94m[*] [0mFuzzing test case #135 (468 total, 0 uniq crashes found)...[0m
[1;94m[*] [0mFuzzing test case #137 (468 total, 0 uniq crashes found)...[0m
[1;94m[*] [0mFuzzing test case #138 (468 total, 0 uniq crashes found)...[0m
[1;94m[*] [0mFuzzing test case #139 (468 total, 0 uniq crashes found)...[0m
[1;94m[*] [0mFuzzing test case #141 (468 total, 0 uniq crashes found)...[0m
[1;94m[*] [0mFuzzing test case #142 (468 total, 0 uniq crashes found)...[0m
[1;94m[*] [0mFuzzing test case #223 (472 total, 0 uniq crashes found)...[0m
[1;94m[*] [0mFuzzing test case #347 (472 total, 0 uniq crashes found)...[0m
[1;94m[*] [0mFuzzing test case #419 (472 total, 0 uniq crashes found)...[0m
[1;94m[*] [0mFuzzing test case #460 (472 total, 0 uniq crashes found)...[0m
[1;94m[*] [0mFuzzing test case #468 (472 total, 0 uniq crashes found)...[0m
[1;94m[*] [0mFuzzing test case #469 (474 total, 0 uniq crashes found)...[0m
[1;94m[*] [0mFuzzing test case #471 (474 total, 0 uniq crashes found)...[0m
[1;94m[*] [0mEntering queue cycle 9.[0m
[1;94m[*] [0mFuzzing test case #5 (474 total, 0 uniq crashes found)...[0m
[1;94m[*] [0mFuzzing test case #8 (474 total, 0 uniq crashes found)...[0m
[1;94m[*] [0mFuzzing test case #9 (474 total, 0 uniq crashes found)...[0m
[1;94m[*] [0mFuzzing test case #10 (474 total, 0 uniq crashes found)...[0m
[1;94m[*] [0mFuzzing test case #12 (474 total, 0 uniq crashes found)...[0m
[1;94m[*] [0mFuzzing test case #13 (474 total, 0 uniq crashes found)...[0m
[1;94m[*] [0mFuzzing test case #15 (474 total, 0 uniq crashes found)...[0m
[1;94m[*] [0mFuzzing test case #18 (474 total, 0 uniq crashes found)...[0m
[1;94m[*] [0mFuzzing test case #19 (474 total, 0 uniq crashes found)...[0m
[1;94m[*] [0mFuzzing test case #20 (474 total, 0 uniq crashes found)...[0m
[1;94m[*] [0mFuzzing test case #25 (474 total, 0 uniq crashes found)...[0m
[1;94m[*] [0mFuzzing test case #28 (474 total, 0 uniq crashes found)...[0m
[1;94m[*] [0mFuzzing test case #31 (474 total, 0 uniq crashes found)...[0m
[1;94m[*] [0mFuzzing test case #32 (474 total, 0 uniq crashes found)...[0m
[1;94m[*] [0mFuzzing test case #33 (474 total, 0 uniq crashes found)...[0m
[1;94m[*] [0mFuzzing test case #37 (474 total, 0 uniq crashes found)...[0m
[1;94m[*] [0mFuzzing test case #42 (474 total, 0 uniq crashes found)...[0m
[1;94m[*] [0mFuzzing test case #46 (474 total, 0 uniq crashes found)...[0m
[1;94m[*] [0mFuzzing test case #47 (474 total, 0 uniq crashes found)...[0m
[1;94m[*] [0mFuzzing test case #50 (474 total, 0 uniq crashes found)...[0m
[1;94m[*] [0mFuzzing test case #51 (474 total, 0 uniq crashes found)...[0m
[1;94m[*] [0mFuzzing test case #56 (474 total, 0 uniq crashes found)...[0m
[1;94m[*] [0mFuzzing test case #57 (474 total, 0 uniq crashes found)...[0m
[1;94m[*] [0mFuzzing test case #58 (474 total, 0 uniq crashes found)...[0m
[1;94m[*] [0mFuzzing test case #59 (474 total, 0 uniq crashes found)...[0m
[1;94m[*] [0mFuzzing test case #61 (474 total, 0 uniq crashes found)...[0m
[1;94m[*] [0mFuzzing test case #62 (474 total, 0 uniq crashes found)...[0m
[1;94m[*] [0mFuzzing test case #65 (474 total, 0 uniq crashes found)...[0m
[1;94m[*] [0mFuzzing test case #67 (474 total, 0 uniq crashes found)...[0m
[1;94m[*] [0mFuzzing test case #70 (474 total, 0 uniq crashes found)...[0m
[1;94m[*] [0mFuzzing test case #71 (474 total, 0 uniq crashes found)...[0m
[1;94m[*] [0mFuzzing test case #72 (474 total, 0 uniq crashes found)...[0m
[1;94m[*] [0mFuzzing test case #73 (474 total, 0 uniq crashes found)...[0m
[1;94m[*] [0mFuzzing test case #74 (474 total, 0 uniq crashes found)...[0m
[1;94m[*] [0mFuzzing test case #76 (474 total, 0 uniq crashes found)...[0m
[1;94m[*] [0mFuzzing test case #79 (474 total, 0 uniq crashes found)...[0m
[1;94m[*] [0mFuzzing test case #80 (474 total, 0 uniq crashes found)...[0m
[1;94m[*] [0mFuzzing test case #85 (474 total, 0 uniq crashes found)...[0m
[1;94m[*] [0mFuzzing test case #87 (474 total, 0 uniq crashes found)...[0m
[1;94m[*] [0mFuzzing test case #89 (474 total, 0 uniq crashes found)...[0m
[1;94m[*] [0mFuzzing test case #92 (474 total, 0 uniq crashes found)...[0m
[1;94m[*] [0mFuzzing test case #93 (474 total, 0 uniq crashes found)...[0m
[1;94m[*] [0mFuzzing test case #95 (474 total, 0 uniq crashes found)...[0m
[1;94m[*] [0mFuzzing test case #100 (474 total, 0 uniq crashes found)...[0m
[1;94m[*] [0mFuzzing test case #102 (474 total, 0 uniq crashes found)...[0m
[1;94m[*] [0mFuzzing test case #103 (474 total, 0 uniq crashes found)...[0m
[1;94m[*] [0mFuzzing test case #106 (474 total, 0 uniq crashes found)...[0m
[1;94m[*] [0mFuzzing test case #108 (474 total, 0 uniq crashes found)...[0m
[1;94m[*] [0mFuzzing test case #110 (474 total, 0 uniq crashes found)...[0m
[1;94m[*] [0mFuzzing test case #111 (474 total, 0 uniq crashes found)...[0m
[1;94m[*] [0mFuzzing test case #112 (474 total, 0 uniq crashes found)...[0m
[1;94m[*] [0mFuzzing test case #113 (474 total, 0 uniq crashes found)...[0m
[1;94m[*] [0mFuzzing test case #116 (474 total, 0 uniq crashes found)...[0m
[1;94m[*] [0mFuzzing test case #119 (474 total, 0 uniq crashes found)...[0m
[1;94m[*] [0mFuzzing test case #121 (474 total, 0 uniq crashes found)...[0m
[1;94m[*] [0mFuzzing test case #123 (474 total, 0 uniq crashes found)...[0m
[1;94m[*] [0mFuzzing test case #124 (474 total, 0 uniq crashes found)...[0m
[1;94m[*] [0mFuzzing test case #126 (474 total, 0 uniq crashes found)...[0m
[1;94m[*] [0mFuzzing test case #130 (474 total, 0 uniq crashes found)...[0m
[1;94m[*] [0mFuzzing test case #133 (474 total, 0 uniq crashes found)...[0m
[1;94m[*] [0mFuzzing test case #137 (474 total, 0 uniq crashes found)...[0m
[1;94m[*] [0mFuzzing test case #138 (474 total, 0 uniq crashes found)...[0m
[1;94m[*] [0mFuzzing test case #141 (474 total, 0 uniq crashes found)...[0m
[1;94m[*] [0mFuzzing test case #142 (474 total, 0 uniq crashes found)...[0m
[1;94m[*] [0mFuzzing test case #145 (474 total, 0 uniq crashes found)...[0m
[1;94m[*] [0mFuzzing test case #146 (474 total, 0 uniq crashes found)...[0m
[1;94m[*] [0mFuzzing test case #147 (474 total, 0 uniq crashes found)...[0m
[1;94m[*] [0mFuzzing test case #150 (474 total, 0 uniq crashes found)...[0m
[1;94m[*] [0mFuzzing test case #154 (474 total, 0 uniq crashes found)...[0m
[1;94m[*] [0mFuzzing test case #155 (474 total, 0 uniq crashes found)...[0m
[1;94m[*] [0mFuzzing test case #156 (474 total, 0 uniq crashes found)...[0m
[1;94m[*] [0mFuzzing test case #159 (474 total, 0 uniq crashes found)...[0m
[1;94m[*] [0mFuzzing test case #161 (474 total, 0 uniq crashes found)...[0m
[1;94m[*] [0mFuzzing test case #162 (474 total, 0 uniq crashes found)...[0m
[1;94m[*] [0mFuzzing test case #163 (474 total, 0 uniq crashes found)...[0m
[1;94m[*] [0mFuzzing test case #166 (474 total, 0 uniq crashes found)...[0m
[1;94m[*] [0mFuzzing test case #167 (474 total, 0 uniq crashes found)...[0m
[1;94m[*] [0mFuzzing test case #169 (474 total, 0 uniq crashes found)...[0m
[1;94m[*] [0mFuzzing test case #170 (474 total, 0 uniq crashes found)...[0m
[1;94m[*] [0mFuzzing test case #171 (474 total, 0 uniq crashes found)...[0m
[1;94m[*] [0mFuzzing test case #172 (474 total, 0 uniq crashes found)...[0m
[1;94m[*] [0mFuzzing test case #173 (474 total, 0 uniq crashes found)...[0m
[1;94m[*] [0mFuzzing test case #174 (474 total, 0 uniq crashes found)...[0m
[1;94m[*] [0mFuzzing test case #175 (474 total, 0 uniq crashes found)...[0m
[1;94m[*] [0mFuzzing test case #178 (474 total, 0 uniq crashes found)...[0m
[1;94m[*] [0mFuzzing test case #179 (474 total, 0 uniq crashes found)...[0m
[1;94m[*] [0mFuzzing test case #180 (474 total, 0 uniq crashes found)...[0m
[1;94m[*] [0mFuzzing test case #182 (474 total, 0 uniq crashes found)...[0m
[1;94m[*] [0mFuzzing test case #183 (475 total, 0 uniq crashes found)...[0m
[1;94m[*] [0mFuzzing test case #184 (475 total, 0 uniq crashes found)...[0m
[1;94m[*] [0mFuzzing test case #185 (475 total, 0 uniq crashes found)...[0m
[1;94m[*] [0mFuzzing test case #186 (475 total, 0 uniq crashes found)...[0m
[1;94m[*] [0mFuzzing test case #187 (475 total, 0 uniq crashes found)...[0m
[1;94m[*] [0mFuzzing test case #188 (475 total, 0 uniq crashes found)...[0m
[1;94m[*] [0mFuzzing test case #189 (475 total, 0 uniq crashes found)...[0m
[1;94m[*] [0mFuzzing test case #190 (475 total, 0 uniq crashes found)...[0m
[1;94m[*] [0mFuzzing test case #193 (475 total, 0 uniq crashes found)...[0m
[1;94m[*] [0mFuzzing test case #199 (475 total, 0 uniq crashes found)...[0m
[1;94m[*] [0mFuzzing test case #200 (475 total, 0 uniq crashes found)...[0m
[1;94m[*] [0mFuzzing test case #201 (475 total, 0 uniq crashes found)...[0m
[1;94m[*] [0mFuzzing test case #202 (475 total, 0 uniq crashes found)...[0m
[1;94m[*] [0mFuzzing test case #203 (475 total, 0 uniq crashes found)...[0m
[1;94m[*] [0mFuzzing test case #204 (475 total, 0 uniq crashes found)...[0m
[1;94m[*] [0mFuzzing test case #205 (475 total, 0 uniq crashes found)...[0m
[1;94m[*] [0mFuzzing test case #206 (475 total, 0 uniq crashes found)...[0m
[1;94m[*] [0mFuzzing test case #207 (475 total, 0 uniq crashes found)...[0m
[1;94m[*] [0mFuzzing test case #208 (475 total, 0 uniq crashes found)...[0m
[1;94m[*] [0mFuzzing test case #216 (475 total, 0 uniq crashes found)...[0m
[1;94m[*] [0mFuzzing test case #220 (475 total, 0 uniq crashes found)...[0m
[1;94m[*] [0mFuzzing test case #221 (475 total, 0 uniq crashes found)...[0m
[1;94m[*] [0mFuzzing test case #222 (475 total, 0 uniq crashes found)...[0m
[1;94m[*] [0mFuzzing test case #227 (475 total, 0 uniq crashes found)...[0m
[1;94m[*] [0mFuzzing test case #228 (475 total, 0 uniq crashes found)...[0m
[1;94m[*] [0mFuzzing test case #238 (475 total, 0 uniq crashes found)...[0m
[1;94m[*] [0mFuzzing test case #246 (475 total, 0 uniq crashes found)...[0m
[1;94m[*] [0mFuzzing test case #247 (475 total, 0 uniq crashes found)...[0m
[1;94m[*] [0mFuzzing test case #256 (475 total, 0 uniq crashes found)...[0m
[1;94m[*] [0mFuzzing test case #257 (475 total, 0 uniq crashes found)...[0m
[1;94m[*] [0mFuzzing test case #258 (475 total, 0 uniq crashes found)...[0m
[1;94m[*] [0mFuzzing test case #262 (475 total, 0 uniq crashes found)...[0m
[1;94m[*] [0mFuzzing test case #266 (475 total, 0 uniq crashes found)...[0m
[1;94m[*] [0mFuzzing test case #270 (475 total, 0 uniq crashes found)...[0m
[1;94m[*] [0mFuzzing test case #271 (475 total, 0 uniq crashes found)...[0m
[1;94m[*] [0mFuzzing test case #418 (476 total, 0 uniq crashes found)...[0m
[1;94m[*] [0mFuzzing test case #475 (476 total, 0 uniq crashes found)...[0m
[1;94m[*] [0mEntering queue cycle 10.[0m
[1;94m[*] [0mFuzzing test case #5 (476 total, 0 uniq crashes found)...[0m
[1;94m[*] [0mFuzzing test case #8 (476 total, 0 uniq crashes found)...[0m
[1;94m[*] [0mFuzzing test case #10 (476 total, 0 uniq crashes found)...[0m
[1;94m[*] [0mFuzzing test case #12 (476 total, 0 uniq crashes found)...[0m
[1;94m[*] [0mFuzzing test case #15 (476 total, 0 uniq crashes found)...[0m
[1;94m[*] [0mFuzzing test case #18 (476 total, 0 uniq crashes found)...[0m
[1;94m[*] [0mFuzzing test case #19 (476 total, 0 uniq crashes found)...[0m
[1;94m[*] [0mFuzzing test case #20 (476 total, 0 uniq crashes found)...[0m
[1;94m[*] [0mFuzzing test case #25 (476 total, 0 uniq crashes found)...[0m
[1;94m[*] [0mFuzzing test case #28 (476 total, 0 uniq crashes found)...[0m
[1;94m[*] [0mFuzzing test case #32 (476 total, 0 uniq crashes found)...[0m
[1;94m[*] [0mFuzzing test case #33 (476 total, 0 uniq crashes found)...[0m
[1;94m[*] [0mFuzzing test case #38 (476 total, 0 uniq crashes found)...[0m
[1;94m[*] [0mFuzzing test case #42 (476 total, 0 uniq crashes found)...[0m
[1;94m[*] [0mFuzzing test case #46 (476 total, 0 uniq crashes found)...[0m
[1;94m[*] [0mFuzzing test case #47 (476 total, 0 uniq crashes found)...[0m
[1;94m[*] [0mFuzzing test case #50 (476 total, 0 uniq crashes found)...[0m
[1;94m[*] [0mFuzzing test case #51 (476 total, 0 uniq crashes found)...[0m
[1;94m[*] [0mFuzzing test case #56 (476 total, 0 uniq crashes found)...[0m
[1;94m[*] [0mFuzzing test case #57 (476 total, 0 uniq crashes found)...[0m
[1;94m[*] [0mFuzzing test case #58 (476 total, 0 uniq crashes found)...[0m
[1;94m[*] [0mFuzzing test case #59 (476 total, 0 uniq crashes found)...[0m
[1;94m[*] [0mFuzzing test case #61 (476 total, 0 uniq crashes found)...[0m
[1;94m[*] [0mFuzzing test case #62 (476 total, 0 uniq crashes found)...[0m
[1;94m[*] [0mFuzzing test case #67 (476 total, 0 uniq crashes found)...[0m
[1;94m[*] [0mFuzzing test case #70 (476 total, 0 uniq crashes found)...[0m
[1;94m[*] [0mFuzzing test case #71 (476 total, 0 uniq crashes found)...[0m
[1;94m[*] [0mFuzzing test case #72 (476 total, 0 uniq crashes found)...[0m
[1;94m[*] [0mFuzzing test case #73 (476 total, 0 uniq crashes found)...[0m
[1;94m[*] [0mFuzzing test case #74 (476 total, 0 uniq crashes found)...[0m
[1;94m[*] [0mFuzzing test case #76 (476 total, 0 uniq crashes found)...[0m
[1;94m[*] [0mFuzzing test case #80 (476 total, 0 uniq crashes found)...[0m
[1;94m[*] [0mFuzzing test case #85 (476 total, 0 uniq crashes found)...[0m
[1;94m[*] [0mFuzzing test case #86 (476 total, 0 uniq crashes found)...[0m
[1;94m[*] [0mFuzzing test case #87 (476 total, 0 uniq crashes found)...[0m
[1;94m[*] [0mFuzzing test case #89 (476 total, 0 uniq crashes found)...[0m
[1;94m[*] [0mFuzzing test case #92 (476 total, 0 uniq crashes found)...[0m
[1;94m[*] [0mFuzzing test case #93 (476 total, 0 uniq crashes found)...[0m
[1;94m[*] [0mFuzzing test case #94 (476 total, 0 uniq crashes found)...[0m
[1;94m[*] [0mFuzzing test case #95 (476 total, 0 uniq crashes found)...[0m
[1;94m[*] [0mFuzzing test case #100 (476 total, 0 uniq crashes found)...[0m
[1;94m[*] [0mFuzzing test case #102 (476 total, 0 uniq crashes found)...[0m
[1;94m[*] [0mFuzzing test case #103 (476 total, 0 uniq crashes found)...[0m
[1;94m[*] [0mFuzzing test case #106 (476 total, 0 uniq crashes found)...[0m
[1;94m[*] [0mFuzzing test case #108 (476 total, 0 uniq crashes found)...[0m
[1;94m[*] [0mFuzzing test case #109 (476 total, 0 uniq crashes found)...[0m
[1;94m[*] [0mFuzzing test case #110 (476 total, 0 uniq crashes found)...[0m
[1;94m[*] [0mFuzzing test case #111 (476 total, 0 uniq crashes found)...[0m
[1;94m[*] [0mFuzzing test case #113 (476 total, 0 uniq crashes found)...[0m
[1;94m[*] [0mFuzzing test case #116 (476 total, 0 uniq crashes found)...[0m
[1;94m[*] [0mFuzzing test case #119 (476 total, 0 uniq crashes found)...[0m
[1;94m[*] [0mFuzzing test case #121 (476 total, 0 uniq crashes found)...[0m
[1;94m[*] [0mFuzzing test case #123 (476 total, 0 uniq crashes found)...[0m
[1;94m[*] [0mFuzzing test case #124 (476 total, 0 uniq crashes found)...[0m
[1;94m[*] [0mFuzzing test case #126 (476 total, 0 uniq crashes found)...[0m
[1;94m[*] [0mFuzzing test case #130 (476 total, 0 uniq crashes found)...[0m
[1;94m[*] [0mFuzzing test case #133 (476 total, 0 uniq crashes found)...[0m
[1;94m[*] [0mFuzzing test case #137 (476 total, 0 uniq crashes found)...[0m
[1;94m[*] [0mFuzzing test case #138 (476 total, 0 uniq crashes found)...[0m
[1;94m[*] [0mFuzzing test case #141 (476 total, 0 uniq crashes found)...[0m
[1;94m[*] [0mFuzzing test case #142 (476 total, 0 uniq crashes found)...[0m
[1;94m[*] [0mFuzzing test case #145 (476 total, 0 uniq crashes found)...[0m
[1;94m[*] [0mFuzzing test case #147 (476 total, 0 uniq crashes found)...[0m
[1;94m[*] [0mFuzzing test case #150 (477 total, 0 uniq crashes found)...[0m
[1;94m[*] [0mFuzzing test case #154 (477 total, 0 uniq crashes found)...[0m
[1;94m[*] [0mFuzzing test case #155 (477 total, 0 uniq crashes found)...[0m
[1;94m[*] [0mFuzzing test case #156 (477 total, 0 uniq crashes found)...[0m
[1;94m[*] [0mFuzzing test case #157 (477 total, 0 uniq crashes found)...[0m
[1;94m[*] [0mFuzzing test case #159 (477 total, 0 uniq crashes found)...[0m
[1;94m[*] [0mFuzzing test case #161 (477 total, 0 uniq crashes found)...[0m
[1;94m[*] [0mFuzzing test case #162 (477 total, 0 uniq crashes found)...[0m
[1;94m[*] [0mFuzzing test case #166 (477 total, 0 uniq crashes found)...[0m
[1;94m[*] [0mFuzzing test case #167 (477 total, 0 uniq crashes found)...[0m
[1;94m[*] [0mFuzzing test case #169 (477 total, 0 uniq crashes found)...[0m
[1;94m[*] [0mFuzzing test case #170 (477 total, 0 uniq crashes found)...[0m
[1;94m[*] [0mFuzzing test case #171 (477 total, 0 uniq crashes found)...[0m
[1;94m[*] [0mFuzzing test case #172 (477 total, 0 uniq crashes found)...[0m
[1;94m[*] [0mFuzzing test case #173 (477 total, 0 uniq crashes found)...[0m
[1;94m[*] [0mFuzzing test case #175 (477 total, 0 uniq crashes found)...[0m
[1;94m[*] [0mFuzzing test case #178 (477 total, 0 uniq crashes found)...[0m
[1;94m[*] [0mFuzzing test case #179 (477 total, 0 uniq crashes found)...[0m
[1;94m[*] [0mFuzzing test case #180 (477 total, 0 uniq crashes found)...[0m
[1;94m[*] [0mFuzzing test case #181 (477 total, 0 uniq crashes found)...[0m
[1;94m[*] [0mFuzzing test case #182 (477 total, 0 uniq crashes found)...[0m
[1;94m[*] [0mFuzzing test case #183 (477 total, 0 uniq crashes found)...[0m
[1;94m[*] [0mFuzzing test case #184 (477 total, 0 uniq crashes found)...[0m
[1;94m[*] [0mFuzzing test case #185 (477 total, 0 uniq crashes found)...[0m
[1;94m[*] [0mFuzzing test case #186 (477 total, 0 uniq crashes found)...[0m
[1;94m[*] [0mFuzzing test case #187 (477 total, 0 uniq crashes found)...[0m
[1;94m[*] [0mFuzzing test case #188 (477 total, 0 uniq crashes found)...[0m
[1;94m[*] [0mFuzzing test case #189 (477 total, 0 uniq crashes found)...[0m
[1;94m[*] [0mFuzzing test case #190 (477 total, 0 uniq crashes found)...[0m
[1;94m[*] [0mFuzzing test case #193 (477 total, 0 uniq crashes found)...[0m
[1;94m[*] [0mFuzzing test case #200 (477 total, 0 uniq crashes found)...[0m
[1;94m[*] [0mFuzzing test case #201 (477 total, 0 uniq crashes found)...[0m
[1;94m[*] [0mFuzzing test case #202 (477 total, 0 uniq crashes found)...[0m
[1;94m[*] [0mFuzzing test case #203 (477 total, 0 uniq crashes found)...[0m
[1;94m[*] [0mFuzzing test case #204 (477 total, 0 uniq crashes found)...[0m
[1;94m[*] [0mFuzzing test case #205 (477 total, 0 uniq crashes found)...[0m
[1;94m[*] [0mFuzzing test case #206 (477 total, 0 uniq crashes found)...[0m
[1;94m[*] [0mFuzzing test case #207 (477 total, 0 uniq crashes found)...[0m
[1;94m[*] [0mFuzzing test case #208 (477 total, 0 uniq crashes found)...[0m
[1;94m[*] [0mFuzzing test case #209 (477 total, 0 uniq crashes found)...[0m
[1;94m[*] [0mFuzzing test case #349 (478 total, 0 uniq crashes found)...[0m
[1;94m[*] [0mFuzzing test case #477 (478 total, 0 uniq crashes found)...[0m
[1;94m[*] [0mEntering queue cycle 11.[0m
[1;94m[*] [0mFuzzing test case #5 (478 total, 0 uniq crashes found)...[0m
[1;94m[*] [0mFuzzing test case #8 (478 total, 0 uniq crashes found)...[0m
[1;94m[*] [0mFuzzing test case #10 (478 total, 0 uniq crashes found)...[0m
[1;94m[*] [0mFuzzing test case #12 (478 total, 0 uniq crashes found)...[0m
[1;94m[*] [0mFuzzing test case #15 (478 total, 0 uniq crashes found)...[0m
[1;94m[*] [0mFuzzing test case #18 (478 total, 0 uniq crashes found)...[0m
[1;94m[*] [0mFuzzing test case #19 (478 total, 0 uniq crashes found)...[0m
[1;94m[*] [0mFuzzing test case #20 (478 total, 0 uniq crashes found)...[0m
[1;94m[*] [0mFuzzing test case #25 (479 total, 0 uniq crashes found)...[0m
[1;94m[*] [0mFuzzing test case #28 (479 total, 0 uniq crashes found)...[0m
[1;94m[*] [0mFuzzing test case #32 (479 total, 0 uniq crashes found)...[0m
[1;94m[*] [0mFuzzing test case #33 (479 total, 0 uniq crashes found)...[0m
[1;94m[*] [0mFuzzing test case #38 (479 total, 0 uniq crashes found)...[0m
[1;94m[*] [0mFuzzing test case #42 (479 total, 0 uniq crashes found)...[0m
[1;94m[*] [0mFuzzing test case #46 (479 total, 0 uniq crashes found)...[0m
[1;94m[*] [0mFuzzing test case #47 (479 total, 0 uniq crashes found)...[0m
[1;94m[*] [0mFuzzing test case #50 (479 total, 0 uniq crashes found)...[0m
[1;94m[*] [0mFuzzing test case #51 (479 total, 0 uniq crashes found)...[0m
[1;94m[*] [0mFuzzing test case #56 (479 total, 0 uniq crashes found)...[0m
[1;94m[*] [0mFuzzing test case #57 (479 total, 0 uniq crashes found)...[0m
[1;94m[*] [0mFuzzing test case #58 (479 total, 0 uniq crashes found)...[0m
[1;94m[*] [0mFuzzing test case #59 (479 total, 0 uniq crashes found)...[0m
[1;94m[*] [0mFuzzing test case #61 (479 total, 0 uniq crashes found)...[0m
[1;94m[*] [0mFuzzing test case #62 (479 total, 0 uniq crashes found)...[0m
[1;94m[*] [0mFuzzing test case #66 (479 total, 0 uniq crashes found)...[0m
[1;94m[*] [0mFuzzing test case #67 (479 total, 0 uniq crashes found)...[0m
[1;94m[*] [0mFuzzing test case #70 (479 total, 0 uniq crashes found)...[0m
[1;94m[*] [0mFuzzing test case #71 (479 total, 0 uniq crashes found)...[0m
[1;94m[*] [0mFuzzing test case #72 (479 total, 0 uniq crashes found)...[0m
[1;94m[*] [0mFuzzing test case #73 (479 total, 0 uniq crashes found)...[0m
[1;94m[*] [0mFuzzing test case #74 (479 total, 0 uniq crashes found)...[0m
[1;94m[*] [0mFuzzing test case #76 (479 total, 0 uniq crashes found)...[0m
[1;94m[*] [0mFuzzing test case #80 (479 total, 0 uniq crashes found)...[0m
[1;94m[*] [0mFuzzing test case #85 (479 total, 0 uniq crashes found)...[0m
[1;94m[*] [0mFuzzing test case #87 (479 total, 0 uniq crashes found)...[0m
[1;94m[*] [0mFuzzing test case #88 (479 total, 0 uniq crashes found)...[0m
[1;94m[*] [0mFuzzing test case #89 (479 total, 0 uniq crashes found)...[0m
[1;94m[*] [0mFuzzing test case #91 (479 total, 0 uniq crashes found)...[0m
[1;94m[*] [0mFuzzing test case #92 (479 total, 0 uniq crashes found)...[0m
[1;94m[*] [0mFuzzing test case #93 (479 total, 0 uniq crashes found)...[0m
[1;94m[*] [0mFuzzing test case #95 (479 total, 0 uniq crashes found)...[0m
[1;94m[*] [0mFuzzing test case #100 (479 total, 0 uniq crashes found)...[0m
[1;94m[*] [0mFuzzing test case #102 (479 total, 0 uniq crashes found)...[0m
[1;94m[*] [0mFuzzing test case #103 (479 total, 0 uniq crashes found)...[0m
[1;94m[*] [0mFuzzing test case #106 (479 total, 0 uniq crashes found)...[0m
[1;94m[*] [0mFuzzing test case #108 (479 total, 0 uniq crashes found)...[0m
[1;94m[*] [0mFuzzing test case #110 (479 total, 0 uniq crashes found)...[0m
[1;94m[*] [0mFuzzing test case #111 (479 total, 0 uniq crashes found)...[0m
[1;94m[*] [0mFuzzing test case #113 (479 total, 0 uniq crashes found)...[0m
[1;94m[*] [0mFuzzing test case #116 (479 total, 0 uniq crashes found)...[0m
[1;94m[*] [0mFuzzing test case #119 (479 total, 0 uniq crashes found)...[0m
[1;94m[*] [0mFuzzing test case #121 (479 total, 0 uniq crashes found)...[0m
[1;94m[*] [0mFuzzing test case #123 (479 total, 0 uniq crashes found)...[0m
[1;94m[*] [0mFuzzing test case #124 (479 total, 0 uniq crashes found)...[0m
[1;94m[*] [0mFuzzing test case #126 (479 total, 0 uniq crashes found)...[0m
[1;94m[*] [0mFuzzing test case #130 (479 total, 0 uniq crashes found)...[0m
[1;94m[*] [0mFuzzing test case #133 (479 total, 0 uniq crashes found)...[0m
[1;94m[*] [0mFuzzing test case #134 (479 total, 0 uniq crashes found)...[0m
[1;94m[*] [0mFuzzing test case #137 (480 total, 0 uniq crashes found)...[0m
[1;94m[*] [0mFuzzing test case #138 (480 total, 0 uniq crashes found)...[0m
[1;94m[*] [0mFuzzing test case #141 (480 total, 0 uniq crashes found)...[0m
[1;94m[*] [0mFuzzing test case #142 (480 total, 0 uniq crashes found)...[0m
[1;94m[*] [0mFuzzing test case #143 (480 total, 0 uniq crashes found)...[0m
[1;94m[*] [0mFuzzing test case #145 (480 total, 0 uniq crashes found)...[0m
[1;94m[*] [0mFuzzing test case #147 (480 total, 0 uniq crashes found)...[0m
[1;94m[*] [0mFuzzing test case #150 (480 total, 0 uniq crashes found)...[0m
[1;94m[*] [0mFuzzing test case #154 (480 total, 0 uniq crashes found)...[0m
[1;94m[*] [0mFuzzing test case #155 (480 total, 0 uniq crashes found)...[0m
[1;94m[*] [0mFuzzing test case #156 (481 total, 0 uniq crashes found)...[0m
[1;94m[*] [0mFuzzing test case #159 (481 total, 0 uniq crashes found)...[0m
[1;94m[*] [0mFuzzing test case #161 (481 total, 0 uniq crashes found)...[0m
[1;94m[*] [0mFuzzing test case #162 (481 total, 0 uniq crashes found)...[0m
[1;94m[*] [0mFuzzing test case #166 (481 total, 0 uniq crashes found)...[0m
[1;94m[*] [0mFuzzing test case #167 (481 total, 0 uniq crashes found)...[0m
[1;94m[*] [0mFuzzing test case #169 (481 total, 0 uniq crashes found)...[0m
[1;94m[*] [0mFuzzing test case #170 (481 total, 0 uniq crashes found)...[0m
[1;94m[*] [0mFuzzing test case #171 (481 total, 0 uniq crashes found)...[0m
[1;94m[*] [0mFuzzing test case #172 (481 total, 0 uniq crashes found)...[0m
[1;94m[*] [0mFuzzing test case #173 (481 total, 0 uniq crashes found)...[0m
[1;94m[*] [0mFuzzing test case #175 (481 total, 0 uniq crashes found)...[0m
[1;94m[*] [0mFuzzing test case #178 (481 total, 0 uniq crashes found)...[0m
[1;94m[*] [0mFuzzing test case #179 (481 total, 0 uniq crashes found)...[0m
[1;94m[*] [0mFuzzing test case #180 (481 total, 0 uniq crashes found)...[0m
[1;94m[*] [0mFuzzing test case #182 (481 total, 0 uniq crashes found)...[0m
[1;94m[*] [0mFuzzing test case #183 (481 total, 0 uniq crashes found)...[0m
[1;94m[*] [0mFuzzing test case #184 (481 total, 0 uniq crashes found)...[0m
[1;94m[*] [0mFuzzing test case #185 (481 total, 0 uniq crashes found)...[0m
[1;94m[*] [0mFuzzing test case #186 (481 total, 0 uniq crashes found)...[0m
[1;94m[*] [0mFuzzing test case #187 (481 total, 0 uniq crashes found)...[0m
[1;94m[*] [0mFuzzing test case #188 (481 total, 0 uniq crashes found)...[0m
[1;94m[*] [0mFuzzing test case #189 (481 total, 0 uniq crashes found)...[0m
[1;94m[*] [0mFuzzing test case #190 (481 total, 0 uniq crashes found)...[0m
[1;94m[*] [0mFuzzing test case #191 (481 total, 0 uniq crashes found)...[0m
[1;94m[*] [0mFuzzing test case #193 (481 total, 0 uniq crashes found)...[0m
[1;94m[*] [0mFuzzing test case #198 (481 total, 0 uniq crashes found)...[0m
[1;94m[*] [0mFuzzing test case #200 (481 total, 0 uniq crashes found)...[0m
[1;94m[*] [0mFuzzing test case #201 (481 total, 0 uniq crashes found)...[0m
[1;94m[*] [0mFuzzing test case #202 (481 total, 0 uniq crashes found)...[0m
[1;94m[*] [0mFuzzing test case #203 (481 total, 0 uniq crashes found)...[0m
[1;94m[*] [0mFuzzing test case #204 (481 total, 0 uniq crashes found)...[0m
[1;94m[*] [0mFuzzing test case #205 (481 total, 0 uniq crashes found)...[0m
[1;94m[*] [0mFuzzing test case #206 (481 total, 0 uniq crashes found)...[0m
[1;94m[*] [0mFuzzing test case #207 (481 total, 0 uniq crashes found)...[0m
[1;94m[*] [0mFuzzing test case #208 (481 total, 0 uniq crashes found)...[0m
[1;94m[*] [0mFuzzing test case #222 (481 total, 0 uniq crashes found)...[0m
[1;94m[*] [0mFuzzing test case #227 (481 total, 0 uniq crashes found)...[0m
[1;94m[*] [0mFuzzing test case #235 (481 total, 0 uniq crashes found)...[0m
[1;94m[*] [0mFuzzing test case #238 (481 total, 0 uniq crashes found)...[0m
[1;94m[*] [0mFuzzing test case #241 (481 total, 0 uniq crashes found)...[0m
[1;94m[*] [0mFuzzing test case #252 (481 total, 0 uniq crashes found)...[0m
[1;94m[*] [0mFuzzing test case #256 (481 total, 0 uniq crashes found)...[0m
[1;94m[*] [0mFuzzing test case #262 (481 total, 0 uniq crashes found)...[0m
[1;94m[*] [0mFuzzing test case #267 (481 total, 0 uniq crashes found)...[0m
[1;94m[*] [0mFuzzing test case #271 (481 total, 0 uniq crashes found)...[0m
[1;94m[*] [0mFuzzing test case #272 (481 total, 0 uniq crashes found)...[0m
[1;94m[*] [0mFuzzing test case #279 (481 total, 0 uniq crashes found)...[0m
[1;94m[*] [0mFuzzing test case #280 (481 total, 0 uniq crashes found)...[0m
[1;94m[*] [0mFuzzing test case #282 (481 total, 0 uniq crashes found)...[0m
[1;94m[*] [0mFuzzing test case #287 (481 total, 0 uniq crashes found)...[0m
[1;94m[*] [0mFuzzing test case #290 (481 total, 0 uniq crashes found)...[0m
[1;94m[*] [0mFuzzing test case #291 (481 total, 0 uniq crashes found)...[0m
[1;94m[*] [0mFuzzing test case #292 (481 total, 0 uniq crashes found)...[0m
[1;94m[*] [0mFuzzing test case #293 (481 total, 0 uniq crashes found)...[0m
[1;94m[*] [0mFuzzing test case #295 (481 total, 0 uniq crashes found)...[0m
[1;94m[*] [0mFuzzing test case #296 (481 total, 0 uniq crashes found)...[0m
[1;94m[*] [0mFuzzing test case #297 (481 total, 0 uniq crashes found)...[0m
[1;94m[*] [0mFuzzing test case #300 (481 total, 0 uniq crashes found)...[0m
[1;94m[*] [0mFuzzing test case #302 (482 total, 0 uniq crashes found)...[0m
[1;94m[*] [0mFuzzing test case #303 (482 total, 0 uniq crashes found)...[0m
[1;94m[*] [0mFuzzing test case #306 (482 total, 0 uniq crashes found)...[0m
[1;94m[*] [0mFuzzing test case #307 (482 total, 0 uniq crashes found)...[0m
[1;94m[*] [0mFuzzing test case #308 (482 total, 0 uniq crashes found)...[0m
[1;94m[*] [0mFuzzing test case #310 (482 total, 0 uniq crashes found)...[0m
[1;94m[*] [0mFuzzing test case #311 (482 total, 0 uniq crashes found)...[0m
[1;94m[*] [0mFuzzing test case #312 (482 total, 0 uniq crashes found)...[0m
[1;94m[*] [0mFuzzing test case #315 (482 total, 0 uniq crashes found)...[0m
[1;94m[*] [0mFuzzing test case #319 (482 total, 0 uniq crashes found)...[0m
[1;94m[*] [0mFuzzing test case #320 (482 total, 0 uniq crashes found)...[0m
[1;94m[*] [0mFuzzing test case #323 (482 total, 0 uniq crashes found)...[0m
[1;94m[*] [0mFuzzing test case #329 (482 total, 0 uniq crashes found)...[0m
[1;94m[*] [0mFuzzing test case #333 (482 total, 0 uniq crashes found)...[0m
[1;94m[*] [0mFuzzing test case #334 (482 total, 0 uniq crashes found)...[0m
[1;94m[*] [0mFuzzing test case #335 (482 total, 0 uniq crashes found)...[0m
[1;94m[*] [0mFuzzing test case #336 (482 total, 0 uniq crashes found)...[0m
[1;94m[*] [0mFuzzing test case #337 (482 total, 0 uniq crashes found)...[0m
[1;94m[*] [0mFuzzing test case #342 (482 total, 0 uniq crashes found)...[0m
[1;94m[*] [0mFuzzing test case #344 (482 total, 0 uniq crashes found)...[0m
[1;94m[*] [0mFuzzing test case #346 (482 total, 0 uniq crashes found)...[0m
[1;94m[*] [0mFuzzing test case #348 (482 total, 0 uniq crashes found)...[0m
[1;94m[*] [0mFuzzing test case #350 (482 total, 0 uniq crashes found)...[0m
[1;94m[*] [0mFuzzing test case #351 (482 total, 0 uniq crashes found)...[0m
[1;94m[*] [0mFuzzing test case #352 (482 total, 0 uniq crashes found)...[0m
[1;94m[*] [0mFuzzing test case #355 (482 total, 0 uniq crashes found)...[0m
[1;94m[*] [0mFuzzing test case #356 (482 total, 0 uniq crashes found)...[0m
[1;94m[*] [0mFuzzing test case #359 (482 total, 0 uniq crashes found)...[0m
[1;94m[*] [0mFuzzing test case #360 (482 total, 0 uniq crashes found)...[0m
[1;94m[*] [0mFuzzing test case #361 (482 total, 0 uniq crashes found)...[0m
[1;94m[*] [0mFuzzing test case #362 (482 total, 0 uniq crashes found)...[0m
[1;94m[*] [0mFuzzing test case #363 (482 total, 0 uniq crashes found)...[0m
[1;94m[*] [0mFuzzing test case #364 (482 total, 0 uniq crashes found)...[0m
[1;94m[*] [0mFuzzing test case #365 (482 total, 0 uniq crashes found)...[0m
[1;94m[*] [0mFuzzing test case #367 (482 total, 0 uniq crashes found)...[0m
[1;94m[*] [0mFuzzing test case #368 (482 total, 0 uniq crashes found)...[0m
[1;94m[*] [0mFuzzing test case #370 (482 total, 0 uniq crashes found)...[0m
[1;94m[*] [0mFuzzing test case #372 (482 total, 0 uniq crashes found)...[0m
[1;94m[*] [0mFuzzing test case #373 (482 total, 0 uniq crashes found)...[0m
[1;94m[*] [0mFuzzing test case #375 (482 total, 0 uniq crashes found)...[0m
[1;94m[*] [0mFuzzing test case #378 (482 total, 0 uniq crashes found)...[0m
[1;94m[*] [0mFuzzing test case #379 (482 total, 0 uniq crashes found)...[0m
[1;94m[*] [0mFuzzing test case #380 (482 total, 0 uniq crashes found)...[0m
[1;94m[*] [0mFuzzing test case #382 (482 total, 0 uniq crashes found)...[0m
[1;94m[*] [0mFuzzing test case #384 (482 total, 0 uniq crashes found)...[0m
[1;94m[*] [0mFuzzing test case #386 (482 total, 0 uniq crashes found)...[0m
[1;94m[*] [0mFuzzing test case #387 (482 total, 0 uniq crashes found)...[0m
[1;94m[*] [0mFuzzing test case #389 (482 total, 0 uniq crashes found)...[0m
[1;94m[*] [0mFuzzing test case #391 (482 total, 0 uniq crashes found)...[0m
[1;94m[*] [0mFuzzing test case #393 (482 total, 0 uniq crashes found)...[0m
[1;94m[*] [0mFuzzing test case #395 (482 total, 0 uniq crashes found)...[0m
[1;94m[*] [0mFuzzing test case #396 (482 total, 0 uniq crashes found)...[0m
[1;94m[*] [0mFuzzing test case #398 (482 total, 0 uniq crashes found)...[0m
[1;94m[*] [0mFuzzing test case #399 (482 total, 0 uniq crashes found)...[0m
[1;94m[*] [0mFuzzing test case #400 (482 total, 0 uniq crashes found)...[0m
[1;94m[*] [0mFuzzing test case #403 (482 total, 0 uniq crashes found)...[0m
[1;94m[*] [0mFuzzing test case #406 (482 total, 0 uniq crashes found)...[0m
[1;94m[*] [0mFuzzing test case #408 (482 total, 0 uniq crashes found)...[0m
[1;94m[*] [0mFuzzing test case #409 (482 total, 0 uniq crashes found)...[0m
[1;94m[*] [0mFuzzing test case #410 (482 total, 0 uniq crashes found)...[0m
[1;94m[*] [0mFuzzing test case #482 (483 total, 0 uniq crashes found)...[0m
[1;94m[*] [0mEntering queue cycle 12.[0m
[1;94m[*] [0mFuzzing test case #5 (483 total, 0 uniq crashes found)...[0m
[1;94m[*] [0mFuzzing test case #8 (483 total, 0 uniq crashes found)...[0m
[1;94m[*] [0mFuzzing test case #9 (483 total, 0 uniq crashes found)...[0m
[1;94m[*] [0mFuzzing test case #10 (483 total, 0 uniq crashes found)...[0m
[1;94m[*] [0mFuzzing test case #12 (483 total, 0 uniq crashes found)...[0m
[1;94m[*] [0mFuzzing test case #15 (483 total, 0 uniq crashes found)...[0m
[1;94m[*] [0mFuzzing test case #18 (483 total, 0 uniq crashes found)...[0m
[1;94m[*] [0mFuzzing test case #19 (483 total, 0 uniq crashes found)...[0m
[1;94m[*] [0mFuzzing test case #20 (483 total, 0 uniq crashes found)...[0m
[1;94m[*] [0mFuzzing test case #25 (483 total, 0 uniq crashes found)...[0m
[1;94m[*] [0mFuzzing test case #28 (483 total, 0 uniq crashes found)...[0m
[1;94m[*] [0mFuzzing test case #32 (483 total, 0 uniq crashes found)...[0m
[1;94m[*] [0mFuzzing test case #33 (483 total, 0 uniq crashes found)...[0m
[1;94m[*] [0mFuzzing test case #38 (483 total, 0 uniq crashes found)...[0m
[1;94m[*] [0mFuzzing test case #42 (483 total, 0 uniq crashes found)...[0m
[1;94m[*] [0mFuzzing test case #45 (483 total, 0 uniq crashes found)...[0m
[1;94m[*] [0mFuzzing test case #46 (483 total, 0 uniq crashes found)...[0m
[1;94m[*] [0mFuzzing test case #47 (483 total, 0 uniq crashes found)...[0m
[1;94m[*] [0mFuzzing test case #50 (483 total, 0 uniq crashes found)...[0m
[1;94m[*] [0mFuzzing test case #51 (483 total, 0 uniq crashes found)...[0m
[1;94m[*] [0mFuzzing test case #52 (483 total, 0 uniq crashes found)...[0m
[1;94m[*] [0mFuzzing test case #56 (483 total, 0 uniq crashes found)...[0m
[1;94m[*] [0mFuzzing test case #57 (483 total, 0 uniq crashes found)...[0m
[1;94m[*] [0mFuzzing test case #58 (483 total, 0 uniq crashes found)...[0m
[1;94m[*] [0mFuzzing test case #59 (483 total, 0 uniq crashes found)...[0m
[1;94m[*] [0mFuzzing test case #61 (483 total, 0 uniq crashes found)...[0m
[1;94m[*] [0mFuzzing test case #62 (483 total, 0 uniq crashes found)...[0m
[1;94m[*] [0mFuzzing test case #67 (483 total, 0 uniq crashes found)...[0m
[1;94m[*] [0mFuzzing test case #70 (483 total, 0 uniq crashes found)...[0m
[1;94m[*] [0mFuzzing test case #71 (483 total, 0 uniq crashes found)...[0m
[1;94m[*] [0mFuzzing test case #72 (483 total, 0 uniq crashes found)...[0m
[1;94m[*] [0mFuzzing test case #73 (484 total, 0 uniq crashes found)...[0m
[1;94m[*] [0mFuzzing test case #74 (484 total, 0 uniq crashes found)...[0m
[1;94m[*] [0mFuzzing test case #76 (484 total, 0 uniq crashes found)...[0m
[1;94m[*] [0mFuzzing test case #80 (484 total, 0 uniq crashes found)...[0m
[1;94m[*] [0mFuzzing test case #83 (484 total, 0 uniq crashes found)...[0m
[1;94m[*] [0mFuzzing test case #85 (484 total, 0 uniq crashes found)...[0m
[1;94m[*] [0mFuzzing test case #87 (484 total, 0 uniq crashes found)...[0m
[1;94m[*] [0mFuzzing test case #88 (484 total, 0 uniq crashes found)...[0m
[1;94m[*] [0mFuzzing test case #89 (484 total, 0 uniq crashes found)...[0m
[1;94m[*] [0mFuzzing test case #91 (484 total, 0 uniq crashes found)...[0m
[1;94m[*] [0mFuzzing test case #92 (484 total, 0 uniq crashes found)...[0m
[1;94m[*] [0mFuzzing test case #93 (484 total, 0 uniq crashes found)...[0m
[1;94m[*] [0mFuzzing test case #95 (484 total, 0 uniq crashes found)...[0m
[1;94m[*] [0mFuzzing test case #97 (484 total, 0 uniq crashes found)...[0m
[1;94m[*] [0mFuzzing test case #195 (486 total, 0 uniq crashes found)...[0m
[1;94m[*] [0mFuzzing test case #485 (486 total, 0 uniq crashes found)...[0m
[1;94m[*] [0mEntering queue cycle 13.[0m
[1;94m[*] [0mFuzzing test case #5 (486 total, 0 uniq crashes found)...[0m
[1;94m[*] [0mFuzzing test case #8 (486 total, 0 uniq crashes found)...[0m
[1;94m[*] [0mFuzzing test case #10 (486 total, 0 uniq crashes found)...[0m
[1;94m[*] [0mFuzzing test case #12 (486 total, 0 uniq crashes found)...[0m
[1;94m[*] [0mFuzzing test case #15 (486 total, 0 uniq crashes found)...[0m
[1;94m[*] [0mFuzzing test case #18 (486 total, 0 uniq crashes found)...[0m
[1;94m[*] [0mFuzzing test case #19 (486 total, 0 uniq crashes found)...[0m
[1;94m[*] [0mFuzzing test case #20 (486 total, 0 uniq crashes found)...[0m
[1;94m[*] [0mFuzzing test case #23 (486 total, 0 uniq crashes found)...[0m
[1;94m[*] [0mFuzzing test case #25 (486 total, 0 uniq crashes found)...[0m
[1;94m[*] [0mFuzzing test case #27 (486 total, 0 uniq crashes found)...[0m
[1;94m[*] [0mFuzzing test case #28 (486 total, 0 uniq crashes found)...[0m
[1;94m[*] [0mFuzzing test case #32 (486 total, 0 uniq crashes found)...[0m
[1;94m[*] [0mFuzzing test case #33 (486 total, 0 uniq crashes found)...[0m
[1;94m[*] [0mFuzzing test case #38 (486 total, 0 uniq crashes found)...[0m
[1;94m[*] [0mFuzzing test case #42 (486 total, 0 uniq crashes found)...[0m
[1;94m[*] [0mFuzzing test case #45 (486 total, 0 uniq crashes found)...[0m
[1;94m[*] [0mFuzzing test case #46 (486 total, 0 uniq crashes found)...[0m
[1;94m[*] [0mFuzzing test case #47 (486 total, 0 uniq crashes found)...[0m
[1;94m[*] [0mFuzzing test case #50 (486 total, 0 uniq crashes found)...[0m
[1;94m[*] [0mFuzzing test case #51 (486 total, 0 uniq crashes found)...[0m
[1;94m[*] [0mFuzzing test case #56 (486 total, 0 uniq crashes found)...[0m
[1;94m[*] [0mFuzzing test case #57 (486 total, 0 uniq crashes found)...[0m
[1;94m[*] [0mFuzzing test case #58 (486 total, 0 uniq crashes found)...[0m
[1;94m[*] [0mFuzzing test case #59 (486 total, 0 uniq crashes found)...[0m
[1;94m[*] [0mFuzzing test case #61 (486 total, 0 uniq crashes found)...[0m
[1;94m[*] [0mFuzzing test case #62 (486 total, 0 uniq crashes found)...[0m
[1;94m[*] [0mFuzzing test case #67 (486 total, 0 uniq crashes found)...[0m
[1;94m[*] [0mFuzzing test case #70 (486 total, 0 uniq crashes found)...[0m
[1;94m[*] [0mFuzzing test case #71 (486 total, 0 uniq crashes found)...[0m
[1;94m[*] [0mFuzzing test case #72 (486 total, 0 uniq crashes found)...[0m
[1;94m[*] [0mFuzzing test case #73 (486 total, 0 uniq crashes found)...[0m
[1;94m[*] [0mFuzzing test case #74 (486 total, 0 uniq crashes found)...[0m
[1;94m[*] [0mFuzzing test case #76 (486 total, 0 uniq crashes found)...[0m
[1;94m[*] [0mFuzzing test case #80 (486 total, 0 uniq crashes found)...[0m
[1;94m[*] [0mFuzzing test case #85 (486 total, 0 uniq crashes found)...[0m
[1;94m[*] [0mFuzzing test case #87 (486 total, 0 uniq crashes found)...[0m
[1;94m[*] [0mFuzzing test case #89 (486 total, 0 uniq crashes found)...[0m
[1;94m[*] [0mFuzzing test case #91 (486 total, 0 uniq crashes found)...[0m
[1;94m[*] [0mFuzzing test case #92 (486 total, 0 uniq crashes found)...[0m
[1;94m[*] [0mFuzzing test case #93 (486 total, 0 uniq crashes found)...[0m
[1;94m[*] [0mFuzzing test case #95 (486 total, 0 uniq crashes found)...[0m
[1;94m[*] [0mFuzzing test case #100 (486 total, 0 uniq crashes found)...[0m
[1;94m[*] [0mFuzzing test case #102 (486 total, 0 uniq crashes found)...[0m
[1;94m[*] [0mFuzzing test case #103 (486 total, 0 uniq crashes found)...[0m
[1;94m[*] [0mFuzzing test case #106 (486 total, 0 uniq crashes found)...[0m
[1;94m[*] [0mFuzzing test case #108 (486 total, 0 uniq crashes found)...[0m
[1;94m[*] [0mFuzzing test case #110 (486 total, 0 uniq crashes found)...[0m
[1;94m[*] [0mFuzzing test case #111 (486 total, 0 uniq crashes found)...[0m
[1;94m[*] [0mFuzzing test case #113 (486 total, 0 uniq crashes found)...[0m
[1;94m[*] [0mFuzzing test case #116 (486 total, 0 uniq crashes found)...[0m
[1;94m[*] [0mFuzzing test case #119 (486 total, 0 uniq crashes found)...[0m
[1;94m[*] [0mFuzzing test case #121 (486 total, 0 uniq crashes found)...[0m
[1;94m[*] [0mFuzzing test case #123 (486 total, 0 uniq crashes found)...[0m
[1;94m[*] [0mFuzzing test case #124 (486 total, 0 uniq crashes found)...[0m
[1;94m[*] [0mFuzzing test case #126 (486 total, 0 uniq crashes found)...[0m
[1;94m[*] [0mFuzzing test case #127 (486 total, 0 uniq crashes found)...[0m
[1;94m[*] [0mFuzzing test case #130 (486 total, 0 uniq crashes found)...[0m
[1;94m[*] [0mFuzzing test case #131 (486 total, 0 uniq crashes found)...[0m
[1;94m[*] [0mFuzzing test case #133 (486 total, 0 uniq crashes found)...[0m
[1;94m[*] [0mFuzzing test case #137 (486 total, 0 uniq crashes found)...[0m
[1;94m[*] [0mFuzzing test case #138 (486 total, 0 uniq crashes found)...[0m
[1;94m[*] [0mFuzzing test case #141 (486 total, 0 uniq crashes found)...[0m
[1;94m[*] [0mFuzzing test case #145 (486 total, 0 uniq crashes found)...[0m
[1;94m[*] [0mFuzzing test case #147 (486 total, 0 uniq crashes found)...[0m
[1;94m[*] [0mFuzzing test case #150 (486 total, 0 uniq crashes found)...[0m
[1;94m[*] [0mFuzzing test case #154 (486 total, 0 uniq crashes found)...[0m
[1;94m[*] [0mFuzzing test case #155 (486 total, 0 uniq crashes found)...[0m
[1;94m[*] [0mFuzzing test case #156 (486 total, 0 uniq crashes found)...[0m
[1;94m[*] [0mFuzzing test case #157 (486 total, 0 uniq crashes found)...[0m
[1;94m[*] [0mFuzzing test case #161 (486 total, 0 uniq crashes found)...[0m
[1;94m[*] [0mFuzzing test case #162 (487 total, 0 uniq crashes found)...[0m
[1;94m[*] [0mFuzzing test case #164 (487 total, 0 uniq crashes found)...[0m
[1;94m[*] [0mFuzzing test case #166 (487 total, 0 uniq crashes found)...[0m
[1;94m[*] [0mFuzzing test case #167 (487 total, 0 uniq crashes found)...[0m
[1;94m[*] [0mFuzzing test case #169 (487 total, 0 uniq crashes found)...[0m
[1;94m[*] [0mFuzzing test case #170 (487 total, 0 uniq crashes found)...[0m
[1;94m[*] [0mFuzzing test case #171 (487 total, 0 uniq crashes found)...[0m
[1;94m[*] [0mFuzzing test case #172 (487 total, 0 uniq crashes found)...[0m
[1;94m[*] [0mFuzzing test case #173 (487 total, 0 uniq crashes found)...[0m
[1;94m[*] [0mFuzzing test case #175 (487 total, 0 uniq crashes found)...[0m
[1;94m[*] [0mFuzzing test case #178 (487 total, 0 uniq crashes found)...[0m
[1;94m[*] [0mFuzzing test case #186 (488 total, 0 uniq crashes found)...[0m
[1;94m[*] [0mFuzzing test case #223 (488 total, 0 uniq crashes found)...[0m
[1;94m[*] [0mFuzzing test case #232 (488 total, 0 uniq crashes found)...[0m
[1;94m[*] [0mFuzzing test case #310 (488 total, 0 uniq crashes found)...[0m
[1;94m[*] [0mFuzzing test case #344 (488 total, 0 uniq crashes found)...[0m
[1;94m[*] [0mFuzzing test case #354 (488 total, 0 uniq crashes found)...[0m
[1;94m[*] [0mFuzzing test case #404 (488 total, 0 uniq crashes found)...[0m
[1;94m[*] [0mFuzzing test case #477 (488 total, 0 uniq crashes found)...[0m
[1;94m[*] [0mFuzzing test case #487 (489 total, 0 uniq crashes found)...[0m
[1;94m[*] [0mEntering queue cycle 14.[0m
[1;94m[*] [0mFuzzing test case #5 (489 total, 0 uniq crashes found)...[0m
[1;94m[*] [0mFuzzing test case #8 (489 total, 0 uniq crashes found)...[0m
[1;94m[*] [0mFuzzing test case #10 (490 total, 0 uniq crashes found)...[0m
[1;94m[*] [0mFuzzing test case #12 (490 total, 0 uniq crashes found)...[0m
[1;94m[*] [0mFuzzing test case #15 (490 total, 0 uniq crashes found)...[0m
[1;94m[*] [0mFuzzing test case #18 (490 total, 0 uniq crashes found)...[0m
[1;94m[*] [0mFuzzing test case #19 (490 total, 0 uniq crashes found)...[0m
[1;94m[*] [0mFuzzing test case #20 (490 total, 0 uniq crashes found)...[0m
[1;94m[*] [0mFuzzing test case #25 (490 total, 0 uniq crashes found)...[0m
[1;94m[*] [0mFuzzing test case #28 (490 total, 0 uniq crashes found)...[0m
[1;94m[*] [0mFuzzing test case #32 (490 total, 0 uniq crashes found)...[0m
[1;94m[*] [0mFuzzing test case #33 (490 total, 0 uniq crashes found)...[0m
[1;94m[*] [0mFuzzing test case #72 (491 total, 0 uniq crashes found)...[0m
[1;94m[*] [0mFuzzing test case #86 (491 total, 0 uniq crashes found)...[0m
[1;94m[*] [0mFuzzing test case #97 (491 total, 0 uniq crashes found)...[0m
[1;94m[*] [0mFuzzing test case #110 (491 total, 0 uniq crashes found)...[0m
[1;94m[*] [0mFuzzing test case #261 (491 total, 0 uniq crashes found)...[0m
[1;94m[*] [0mFuzzing test case #262 (492 total, 0 uniq crashes found)...[0m
[1;94m[*] [0mFuzzing test case #282 (492 total, 0 uniq crashes found)...[0m
[1;94m[*] [0mFuzzing test case #376 (492 total, 0 uniq crashes found)...[0m
[1;94m[*] [0mFuzzing test case #491 (492 total, 0 uniq crashes found)...[0m
[1;94m[*] [0mFuzzing test case #492 (493 total, 0 uniq crashes found)...[0m
[1;94m[*] [0mEntering queue cycle 15.[0m
[1;94m[*] [0mFuzzing test case #5 (493 total, 0 uniq crashes found)...[0m
[1;94m[*] [0mFuzzing test case #8 (493 total, 0 uniq crashes found)...[0m
[1;94m[*] [0mFuzzing test case #10 (493 total, 0 uniq crashes found)...[0m
[1;94m[*] [0mFuzzing test case #12 (493 total, 0 uniq crashes found)...[0m
[1;94m[*] [0mFuzzing test case #15 (493 total, 0 uniq crashes found)...[0m
[1;94m[*] [0mFuzzing test case #17 (493 total, 0 uniq crashes found)...[0m
[1;94m[*] [0mFuzzing test case #18 (493 total, 0 uniq crashes found)...[0m
[1;94m[*] [0mFuzzing test case #19 (493 total, 0 uniq crashes found)...[0m
[1;94m[*] [0mFuzzing test case #20 (493 total, 0 uniq crashes found)...[0m
[1;94m[*] [0mFuzzing test case #25 (493 total, 0 uniq crashes found)...[0m
[1;94m[*] [0mFuzzing test case #28 (493 total, 0 uniq crashes found)...[0m
[1;94m[*] [0mFuzzing test case #32 (493 total, 0 uniq crashes found)...[0m
[1;94m[*] [0mFuzzing test case #33 (493 total, 0 uniq crashes found)...[0m
[1;94m[*] [0mFuzzing test case #38 (493 total, 0 uniq crashes found)...[0m
[1;94m[*] [0mFuzzing test case #42 (493 total, 0 uniq crashes found)...[0m
[1;94m[*] [0mFuzzing test case #46 (493 total, 0 uniq crashes found)...[0m
[1;94m[*] [0mFuzzing test case #47 (493 total, 0 uniq crashes found)...[0m
[1;94m[*] [0mFuzzing test case #50 (493 total, 0 uniq crashes found)...[0m
[1;94m[*] [0mFuzzing test case #51 (493 total, 0 uniq crashes found)...[0m
[1;94m[*] [0mFuzzing test case #56 (493 total, 0 uniq crashes found)...[0m
[1;94m[*] [0mFuzzing test case #57 (493 total, 0 uniq crashes found)...[0m
[1;94m[*] [0mFuzzing test case #58 (493 total, 0 uniq crashes found)...[0m
[1;94m[*] [0mFuzzing test case #59 (493 total, 0 uniq crashes found)...[0m
[1;94m[*] [0mFuzzing test case #61 (493 total, 0 uniq crashes found)...[0m
[1;94m[*] [0mFuzzing test case #62 (493 total, 0 uniq crashes found)...[0m
[1;94m[*] [0mFuzzing test case #67 (493 total, 0 uniq crashes found)...[0m
[1;94m[*] [0mFuzzing test case #70 (493 total, 0 uniq crashes found)...[0m
[1;94m[*] [0mFuzzing test case #71 (493 total, 0 uniq crashes found)...[0m
[1;94m[*] [0mFuzzing test case #72 (493 total, 0 uniq crashes found)...[0m
[1;94m[*] [0mFuzzing test case #73 (493 total, 0 uniq crashes found)...[0m
[1;94m[*] [0mFuzzing test case #74 (493 total, 0 uniq crashes found)...[0m
[1;94m[*] [0mFuzzing test case #76 (493 total, 0 uniq crashes found)...[0m
[1;94m[*] [0mFuzzing test case #80 (493 total, 0 uniq crashes found)...[0m
[1;94m[*] [0mFuzzing test case #85 (493 total, 0 uniq crashes found)...[0m
[1;94m[*] [0mFuzzing test case #87 (493 total, 0 uniq crashes found)...[0m
[1;94m[*] [0mFuzzing test case #89 (493 total, 0 uniq crashes found)...[0m
[1;94m[*] [0mFuzzing test case #91 (493 total, 0 uniq crashes found)...[0m
[1;94m[*] [0mFuzzing test case #92 (493 total, 0 uniq crashes found)...[0m
[1;94m[*] [0mFuzzing test case #93 (493 total, 0 uniq crashes found)...[0m
[1;94m[*] [0mFuzzing test case #95 (493 total, 0 uniq crashes found)...[0m
[1;94m[*] [0mFuzzing test case #100 (493 total, 0 uniq crashes found)...[0m
[1;94m[*] [0mFuzzing test case #102 (493 total, 0 uniq crashes found)...[0m
[1;94m[*] [0mFuzzing test case #103 (493 total, 0 uniq crashes found)...[0m
[1;94m[*] [0mFuzzing test case #106 (493 total, 0 uniq crashes found)...[0m
[1;94m[*] [0mFuzzing test case #108 (493 total, 0 uniq crashes found)...[0m
[1;94m[*] [0mFuzzing test case #110 (493 total, 0 uniq crashes found)...[0m
[1;94m[*] [0mFuzzing test case #111 (493 total, 0 uniq crashes found)...[0m
[1;94m[*] [0mFuzzing test case #113 (493 total, 0 uniq crashes found)...[0m
[1;94m[*] [0mFuzzing test case #116 (493 total, 0 uniq crashes found)...[0m
[1;94m[*] [0mFuzzing test case #119 (493 total, 0 uniq crashes found)...[0m
[1;94m[*] [0mFuzzing test case #121 (493 total, 0 uniq crashes found)...[0m
[1;94m[*] [0mFuzzing test case #123 (493 total, 0 uniq crashes found)...[0m
[1;94m[*] [0mFuzzing test case #124 (493 total, 0 uniq crashes found)...[0m
[1;94m[*] [0mFuzzing test case #126 (493 total, 0 uniq crashes found)...[0m
[1;94m[*] [0mFuzzing test case #130 (493 total, 0 uniq crashes found)...[0m
[1;94m[*] [0mFuzzing test case #133 (493 total, 0 uniq crashes found)...[0m
[1;94m[*] [0mFuzzing test case #137 (493 total, 0 uniq crashes found)...[0m
[1;94m[*] [0mFuzzing test case #138 (493 total, 0 uniq crashes found)...[0m
[1;94m[*] [0mFuzzing test case #140 (493 total, 0 uniq crashes found)...[0m
[1;94m[*] [0mFuzzing test case #141 (493 total, 0 uniq crashes found)...[0m
[1;94m[*] [0mFuzzing test case #364 (494 total, 0 uniq crashes found)...[0m
[1;94m[*] [0mFuzzing test case #376 (494 total, 0 uniq crashes found)...[0m
[1;94m[*] [0mFuzzing test case #472 (494 total, 0 uniq crashes found)...[0m
[1;94m[*] [0mFuzzing test case #493 (494 total, 0 uniq crashes found)...[0m
[1;94m[*] [0mEntering queue cycle 16.[0m
[1;94m[*] [0mFuzzing test case #5 (494 total, 0 uniq crashes found)...[0m
[1;94m[*] [0mFuzzing test case #62 (495 total, 0 uniq crashes found)...[0m
[1;94m[*] [0mFuzzing test case #83 (495 total, 0 uniq crashes found)...[0m
[1;94m[*] [0mFuzzing test case #132 (495 total, 0 uniq crashes found)...[0m
[1;94m[*] [0mFuzzing test case #268 (495 total, 0 uniq crashes found)...[0m
[1;94m[*] [0mFuzzing test case #359 (495 total, 0 uniq crashes found)...[0m
[1;94m[*] [0mFuzzing test case #384 (495 total, 0 uniq crashes found)...[0m
[1;94m[*] [0mFuzzing test case #494 (495 total, 0 uniq crashes found)...[0m
[1;94m[*] [0mFuzzing test case #495 (496 total, 0 uniq crashes found)...[0m
[1;94m[*] [0mEntering queue cycle 17.[0m
[1;94m[*] [0mFuzzing test case #5 (496 total, 0 uniq crashes found)...[0m
[1;94m[*] [0mFuzzing test case #8 (496 total, 0 uniq crashes found)...[0m
[1;94m[*] [0mFuzzing test case #10 (496 total, 0 uniq crashes found)...[0m
[1;94m[*] [0mFuzzing test case #12 (496 total, 0 uniq crashes found)...[0m
[1;94m[*] [0mFuzzing test case #15 (496 total, 0 uniq crashes found)...[0m
[1;94m[*] [0mFuzzing test case #18 (496 total, 0 uniq crashes found)...[0m
[1;94m[*] [0mFuzzing test case #19 (496 total, 0 uniq crashes found)...[0m
[1;94m[*] [0mFuzzing test case #20 (496 total, 0 uniq crashes found)...[0m
[1;94m[*] [0mFuzzing test case #25 (496 total, 0 uniq crashes found)...[0m
[1;94m[*] [0mFuzzing test case #28 (496 total, 0 uniq crashes found)...[0m
[1;94m[*] [0mFuzzing test case #31 (496 total, 0 uniq crashes found)...[0m
[1;94m[*] [0mFuzzing test case #32 (496 total, 0 uniq crashes found)...[0m
[1;94m[*] [0mFuzzing test case #33 (496 total, 0 uniq crashes found)...[0m
[1;94m[*] [0mFuzzing test case #38 (496 total, 0 uniq crashes found)...[0m
[1;94m[*] [0mFuzzing test case #42 (496 total, 0 uniq crashes found)...[0m
[1;94m[*] [0mFuzzing test case #46 (496 total, 0 uniq crashes found)...[0m
[1;94m[*] [0mFuzzing test case #47 (496 total, 0 uniq crashes found)...[0m
[1;94m[*] [0mFuzzing test case #50 (496 total, 0 uniq crashes found)...[0m
[1;94m[*] [0mFuzzing test case #51 (496 total, 0 uniq crashes found)...[0m
[1;94m[*] [0mFuzzing test case #56 (496 total, 0 uniq crashes found)...[0m
[1;94m[*] [0mFuzzing test case #57 (496 total, 0 uniq crashes found)...[0m
[1;94m[*] [0mFuzzing test case #58 (496 total, 0 uniq crashes found)...[0m
[1;94m[*] [0mFuzzing test case #59 (496 total, 0 uniq crashes found)...[0m
[1;94m[*] [0mFuzzing test case #61 (496 total, 0 uniq crashes found)...[0m
[1;94m[*] [0mFuzzing test case #62 (496 total, 0 uniq crashes found)...[0m
[1;94m[*] [0mFuzzing test case #67 (496 total, 0 uniq crashes found)...[0m
[1;94m[*] [0mFuzzing test case #70 (496 total, 0 uniq crashes found)...[0m
[1;94m[*] [0mFuzzing test case #71 (496 total, 0 uniq crashes found)...[0m
[1;94m[*] [0mFuzzing test case #72 (496 total, 0 uniq crashes found)...[0m
[1;94m[*] [0mFuzzing test case #73 (496 total, 0 uniq crashes found)...[0m
[1;94m[*] [0mFuzzing test case #74 (496 total, 0 uniq crashes found)...[0m
[1;94m[*] [0mFuzzing test case #76 (496 total, 0 uniq crashes found)...[0m
[1;94m[*] [0mFuzzing test case #78 (496 total, 0 uniq crashes found)...[0m
[1;94m[*] [0mFuzzing test case #80 (496 total, 0 uniq crashes found)...[0m
[1;94m[*] [0mFuzzing test case #85 (496 total, 0 uniq crashes found)...[0m
[1;94m[*] [0mFuzzing test case #87 (496 total, 0 uniq crashes found)...[0m
[1;94m[*] [0mFuzzing test case #89 (496 total, 0 uniq crashes found)...[0m
[1;94m[*] [0mFuzzing test case #91 (496 total, 0 uniq crashes found)...[0m
[1;94m[*] [0mFuzzing test case #92 (496 total, 0 uniq crashes found)...[0m
[1;94m[*] [0mFuzzing test case #93 (496 total, 0 uniq crashes found)...[0m
[1;94m[*] [0mFuzzing test case #95 (496 total, 0 uniq crashes found)...[0m
[1;94m[*] [0mFuzzing test case #100 (496 total, 0 uniq crashes found)...[0m
[1;94m[*] [0mFuzzing test case #102 (496 total, 0 uniq crashes found)...[0m
[1;94m[*] [0mFuzzing test case #103 (496 total, 0 uniq crashes found)...[0m
[1;94m[*] [0mFuzzing test case #106 (496 total, 0 uniq crashes found)...[0m
[1;94m[*] [0mFuzzing test case #108 (496 total, 0 uniq crashes found)...[0m
[1;94m[*] [0mFuzzing test case #110 (496 total, 0 uniq crashes found)...[0m
[1;94m[*] [0mFuzzing test case #111 (496 total, 0 uniq crashes found)...[0m
[1;94m[*] [0mFuzzing test case #113 (496 total, 0 uniq crashes found)...[0m
[1;94m[*] [0mFuzzing test case #116 (496 total, 0 uniq crashes found)...[0m
[1;94m[*] [0mFuzzing test case #119 (496 total, 0 uniq crashes found)...[0m
[1;94m[*] [0mFuzzing test case #121 (496 total, 0 uniq crashes found)...[0m
[1;94m[*] [0mFuzzing test case #123 (497 total, 0 uniq crashes found)...[0m
[1;94m[*] [0mFuzzing test case #124 (497 total, 0 uniq crashes found)...[0m
[1;94m[*] [0mFuzzing test case #126 (497 total, 0 uniq crashes found)...[0m
[1;94m[*] [0mFuzzing test case #130 (497 total, 0 uniq crashes found)...[0m
[1;94m[*] [0mFuzzing test case #133 (497 total, 0 uniq crashes found)...[0m
[1;94m[*] [0mFuzzing test case #137 (498 total, 0 uniq crashes found)...[0m
[1;94m[*] [0mFuzzing test case #138 (498 total, 0 uniq crashes found)...[0m
[1;94m[*] [0mFuzzing test case #141 (498 total, 0 uniq crashes found)...[0m
[1;94m[*] [0mFuzzing test case #145 (498 total, 0 uniq crashes found)...[0m
[1;94m[*] [0mFuzzing test case #147 (498 total, 0 uniq crashes found)...[0m
[1;94m[*] [0mFuzzing test case #150 (498 total, 0 uniq crashes found)...[0m
[1;94m[*] [0mFuzzing test case #151 (498 total, 0 uniq crashes found)...[0m
[1;94m[*] [0mFuzzing test case #154 (498 total, 0 uniq crashes found)...[0m
[1;94m[*] [0mFuzzing test case #155 (498 total, 0 uniq crashes found)...[0m
[1;94m[*] [0mFuzzing test case #156 (498 total, 0 uniq crashes found)...[0m
[1;94m[*] [0mFuzzing test case #157 (498 total, 0 uniq crashes found)...[0m
[1;94m[*] [0mFuzzing test case #161 (498 total, 0 uniq crashes found)...[0m
[1;94m[*] [0mFuzzing test case #162 (498 total, 0 uniq crashes found)...[0m
[1;94m[*] [0mFuzzing test case #164 (498 total, 0 uniq crashes found)...[0m
[1;94m[*] [0mFuzzing test case #166 (498 total, 0 uniq crashes found)...[0m
[1;94m[*] [0mFuzzing test case #167 (498 total, 0 uniq crashes found)...[0m
[1;94m[*] [0mFuzzing test case #169 (498 total, 0 uniq crashes found)...[0m
[1;94m[*] [0mFuzzing test case #170 (498 total, 0 uniq crashes found)...[0m
[1;94m[*] [0mFuzzing test case #171 (498 total, 0 uniq crashes found)...[0m
[1;94m[*] [0mFuzzing test case #172 (498 total, 0 uniq crashes found)...[0m
[1;94m[*] [0mFuzzing test case #173 (498 total, 0 uniq crashes found)...[0m
[1;94m[*] [0mFuzzing test case #175 (498 total, 0 uniq crashes found)...[0m
[1;94m[*] [0mFuzzing test case #178 (498 total, 0 uniq crashes found)...[0m
[1;94m[*] [0mFuzzing test case #179 (498 total, 0 uniq crashes found)...[0m
[1;94m[*] [0mFuzzing test case #180 (498 total, 0 uniq crashes found)...[0m
[1;94m[*] [0mFuzzing test case #181 (498 total, 0 uniq crashes found)...[0m
[1;94m[*] [0mFuzzing test case #182 (498 total, 0 uniq crashes found)...[0m
[1;94m[*] [0mFuzzing test case #183 (498 total, 0 uniq crashes found)...[0m
[1;94m[*] [0mFuzzing test case #184 (498 total, 0 uniq crashes found)...[0m
[1;94m[*] [0mFuzzing test case #185 (498 total, 0 uniq crashes found)...[0m
[1;94m[*] [0mFuzzing test case #186 (498 total, 0 uniq crashes found)...[0m
[1;94m[*] [0mFuzzing test case #187 (498 total, 0 uniq crashes found)...[0m
[1;94m[*] [0mFuzzing test case #188 (498 total, 0 uniq crashes found)...[0m
[1;94m[*] [0mFuzzing test case #190 (498 total, 0 uniq crashes found)...[0m
[1;94m[*] [0mFuzzing test case #197 (498 total, 0 uniq crashes found)...[0m
[1;94m[*] [0mFuzzing test case #200 (498 total, 0 uniq crashes found)...[0m
[1;94m[*] [0mFuzzing test case #201 (498 total, 0 uniq crashes found)...[0m
[1;94m[*] [0mFuzzing test case #202 (498 total, 0 uniq crashes found)...[0m
[1;94m[*] [0mFuzzing test case #203 (498 total, 0 uniq crashes found)...[0m
[1;94m[*] [0mFuzzing test case #204 (498 total, 0 uniq crashes found)...[0m
[1;94m[*] [0mFuzzing test case #205 (498 total, 0 uniq crashes found)...[0m
[1;94m[*] [0mFuzzing test case #206 (498 total, 0 uniq crashes found)...[0m
[1;94m[*] [0mFuzzing test case #207 (498 total, 0 uniq crashes found)...[0m
[1;94m[*] [0mFuzzing test case #208 (498 total, 0 uniq crashes found)...[0m
[1;94m[*] [0mFuzzing test case #212 (498 total, 0 uniq crashes found)...[0m
[1;94m[*] [0mFuzzing test case #225 (498 total, 0 uniq crashes found)...[0m
[1;94m[*] [0mFuzzing test case #227 (498 total, 0 uniq crashes found)...[0m
[1;94m[*] [0mFuzzing test case #231 (498 total, 0 uniq crashes found)...[0m
[1;94m[*] [0mFuzzing test case #238 (498 total, 0 uniq crashes found)...[0m
[1;94m[*] [0mFuzzing test case #248 (498 total, 0 uniq crashes found)...[0m
[1;94m[*] [0mFuzzing test case #256 (498 total, 0 uniq crashes found)...[0m
[1;94m[*] [0mFuzzing test case #260 (498 total, 0 uniq crashes found)...[0m
[1;94m[*] [0mFuzzing test case #262 (498 total, 0 uniq crashes found)...[0m
[1;94m[*] [0mFuzzing test case #264 (498 total, 0 uniq crashes found)...[0m
[1;94m[*] [0mFuzzing test case #270 (498 total, 0 uniq crashes found)...[0m
[1;94m[*] [0mFuzzing test case #275 (498 total, 0 uniq crashes found)...[0m
[1;94m[*] [0mFuzzing test case #281 (498 total, 0 uniq crashes found)...[0m
[1;94m[*] [0mFuzzing test case #282 (498 total, 0 uniq crashes found)...[0m
[1;94m[*] [0mFuzzing test case #287 (498 total, 0 uniq crashes found)...[0m
[1;94m[*] [0mFuzzing test case #291 (498 total, 0 uniq crashes found)...[0m
[1;94m[*] [0mFuzzing test case #499 (500 total, 0 uniq crashes found)...[0m
[1;94m[*] [0mEntering queue cycle 18.[0m
[1;94m[*] [0mFuzzing test case #5 (500 total, 0 uniq crashes found)...[0m
[1;94m[*] [0mFuzzing test case #8 (500 total, 0 uniq crashes found)...[0m
[1;94m[*] [0mFuzzing test case #10 (500 total, 0 uniq crashes found)...[0m
[1;94m[*] [0mFuzzing test case #12 (500 total, 0 uniq crashes found)...[0m
[1;94m[*] [0mFuzzing test case #148 (503 total, 0 uniq crashes found)...[0m
[1;94m[*] [0mFuzzing test case #181 (503 total, 0 uniq crashes found)...[0m
[1;94m[*] [0mFuzzing test case #273 (503 total, 0 uniq crashes found)...[0m
[1;94m[*] [0mFuzzing test case #294 (503 total, 0 uniq crashes found)...[0m
[1;94m[*] [0mFuzzing test case #327 (503 total, 0 uniq crashes found)...[0m
[1;94m[*] [0mFuzzing test case #390 (503 total, 0 uniq crashes found)...[0m
[1;94m[*] [0mFuzzing test case #431 (503 total, 0 uniq crashes found)...[0m
[1;94m[*] [0mFuzzing test case #455 (503 total, 0 uniq crashes found)...[0m
[1;94m[*] [0mFuzzing test case #498 (503 total, 0 uniq crashes found)...[0m
[1;94m[*] [0mFuzzing test case #501 (508 total, 0 uniq crashes found)...[0m
[1;94m[*] [0mFuzzing test case #502 (512 total, 0 uniq crashes found)...[0m
[1;94m[*] [0mFuzzing test case #504 (513 total, 0 uniq crashes found)...[0m
[1;94m[*] [0mFuzzing test case #508 (517 total, 0 uniq crashes found)...[0m
[1;94m[*] [0mFuzzing test case #510 (518 total, 0 uniq crashes found)...[0m
[1;94m[*] [0mFuzzing test case #513 (519 total, 0 uniq crashes found)...[0m
[1;94m[*] [0mFuzzing test case #515 (519 total, 0 uniq crashes found)...[0m
[1;94m[*] [0mFuzzing test case #518 (519 total, 0 uniq crashes found)...[0m
[1;94m[*] [0mEntering queue cycle 19.[0m
[1;94m[*] [0mFuzzing test case #5 (519 total, 0 uniq crashes found)...[0m
[1;94m[*] [0mFuzzing test case #8 (519 total, 0 uniq crashes found)...[0m
[1;94m[*] [0mFuzzing test case #10 (519 total, 0 uniq crashes found)...[0m
[1;94m[*] [0mFuzzing test case #12 (519 total, 0 uniq crashes found)...[0m
[1;94m[*] [0mFuzzing test case #15 (519 total, 0 uniq crashes found)...[0m
[1;94m[*] [0mFuzzing test case #18 (519 total, 0 uniq crashes found)...[0m
[1;94m[*] [0mFuzzing test case #19 (519 total, 0 uniq crashes found)...[0m
[1;94m[*] [0mFuzzing test case #20 (519 total, 0 uniq crashes found)...[0m
[1;94m[*] [0mFuzzing test case #25 (519 total, 0 uniq crashes found)...[0m
[1;94m[*] [0mFuzzing test case #28 (519 total, 0 uniq crashes found)...[0m
[1;94m[*] [0mFuzzing test case #32 (519 total, 0 uniq crashes found)...[0m
[1;94m[*] [0mFuzzing test case #33 (519 total, 0 uniq crashes found)...[0m
[1;94m[*] [0mFuzzing test case #35 (519 total, 0 uniq crashes found)...[0m
[1;94m[*] [0mFuzzing test case #38 (519 total, 0 uniq crashes found)...[0m
[1;94m[*] [0mFuzzing test case #42 (519 total, 0 uniq crashes found)...[0m
[1;94m[*] [0mFuzzing test case #46 (519 total, 0 uniq crashes found)...[0m
[1;94m[*] [0mFuzzing test case #47 (519 total, 0 uniq crashes found)...[0m
[1;94m[*] [0mFuzzing test case #50 (519 total, 0 uniq crashes found)...[0m
[1;94m[*] [0mFuzzing test case #51 (519 total, 0 uniq crashes found)...[0m
[1;94m[*] [0mFuzzing test case #54 (519 total, 0 uniq crashes found)...[0m
[1;94m[*] [0mFuzzing test case #56 (519 total, 0 uniq crashes found)...[0m
[1;94m[*] [0mFuzzing test case #57 (519 total, 0 uniq crashes found)...[0m
[1;94m[*] [0mFuzzing test case #58 (519 total, 0 uniq crashes found)...[0m
[1;94m[*] [0mFuzzing test case #59 (519 total, 0 uniq crashes found)...[0m
[1;94m[*] [0mFuzzing test case #61 (519 total, 0 uniq crashes found)...[0m
[1;94m[*] [0mFuzzing test case #62 (519 total, 0 uniq crashes found)...[0m
[1;94m[*] [0mFuzzing test case #67 (519 total, 0 uniq crashes found)...[0m
[1;94m[*] [0mFuzzing test case #69 (519 total, 0 uniq crashes found)...[0m
[1;94m[*] [0mFuzzing test case #70 (519 total, 0 uniq crashes found)...[0m
[1;94m[*] [0mFuzzing test case #71 (519 total, 0 uniq crashes found)...[0m
[1;94m[*] [0mFuzzing test case #72 (519 total, 0 uniq crashes found)...[0m
[1;94m[*] [0mFuzzing test case #73 (519 total, 0 uniq crashes found)...[0m
[1;94m[*] [0mFuzzing test case #74 (519 total, 0 uniq crashes found)...[0m
[1;94m[*] [0mFuzzing test case #76 (519 total, 0 uniq crashes found)...[0m
[1;94m[*] [0mFuzzing test case #77 (519 total, 0 uniq crashes found)...[0m
[1;94m[*] [0mFuzzing test case #80 (519 total, 0 uniq crashes found)...[0m
[1;94m[*] [0mFuzzing test case #82 (519 total, 0 uniq crashes found)...[0m
[1;94m[*] [0mFuzzing test case #85 (519 total, 0 uniq crashes found)...[0m
[1;94m[*] [0mFuzzing test case #87 (519 total, 0 uniq crashes found)...[0m
[1;94m[*] [0mFuzzing test case #91 (519 total, 0 uniq crashes found)...[0m
[1;94m[*] [0mFuzzing test case #92 (519 total, 0 uniq crashes found)...[0m
[1;94m[*] [0mFuzzing test case #95 (519 total, 0 uniq crashes found)...[0m
[1;94m[*] [0mFuzzing test case #100 (519 total, 0 uniq crashes found)...[0m
[1;94m[*] [0mFuzzing test case #102 (519 total, 0 uniq crashes found)...[0m
[1;94m[*] [0mFuzzing test case #103 (519 total, 0 uniq crashes found)...[0m
[1;94m[*] [0mFuzzing test case #105 (519 total, 0 uniq crashes found)...[0m
[1;94m[*] [0mFuzzing test case #106 (519 total, 0 uniq crashes found)...[0m
[1;94m[*] [0mFuzzing test case #108 (519 total, 0 uniq crashes found)...[0m
[1;94m[*] [0mFuzzing test case #110 (519 total, 0 uniq crashes found)...[0m
[1;94m[*] [0mFuzzing test case #111 (519 total, 0 uniq crashes found)...[0m
[1;94m[*] [0mFuzzing test case #113 (519 total, 0 uniq crashes found)...[0m
[1;94m[*] [0mFuzzing test case #116 (519 total, 0 uniq crashes found)...[0m
[1;94m[*] [0mFuzzing test case #118 (519 total, 0 uniq crashes found)...[0m
[1;94m[*] [0mFuzzing test case #119 (519 total, 0 uniq crashes found)...[0m
[1;94m[*] [0mFuzzing test case #121 (520 total, 0 uniq crashes found)...[0m
[1;94m[*] [0mFuzzing test case #123 (520 total, 0 uniq crashes found)...[0m
[1;94m[*] [0mFuzzing test case #124 (520 total, 0 uniq crashes found)...[0m
[1;94m[*] [0mFuzzing test case #130 (520 total, 0 uniq crashes found)...[0m
[1;94m[*] [0mFuzzing test case #133 (520 total, 0 uniq crashes found)...[0m
[1;94m[*] [0mFuzzing test case #137 (520 total, 0 uniq crashes found)...[0m
[1;94m[*] [0mFuzzing test case #138 (520 total, 0 uniq crashes found)...[0m
[1;94m[*] [0mFuzzing test case #141 (520 total, 0 uniq crashes found)...[0m
[1;94m[*] [0mFuzzing test case #145 (520 total, 0 uniq crashes found)...[0m
[1;94m[*] [0mFuzzing test case #147 (521 total, 0 uniq crashes found)...[0m
[1;94m[*] [0mFuzzing test case #150 (521 total, 0 uniq crashes found)...[0m
[1;94m[*] [0mFuzzing test case #154 (521 total, 0 uniq crashes found)...[0m
[1;94m[*] [0mFuzzing test case #155 (521 total, 0 uniq crashes found)...[0m
[1;94m[*] [0mFuzzing test case #156 (521 total, 0 uniq crashes found)...[0m
[1;94m[*] [0mFuzzing test case #157 (521 total, 0 uniq crashes found)...[0m
[1;94m[*] [0mFuzzing test case #161 (521 total, 0 uniq crashes found)...[0m
[1;94m[*] [0mFuzzing test case #162 (521 total, 0 uniq crashes found)...[0m
[1;94m[*] [0mFuzzing test case #163 (521 total, 0 uniq crashes found)...[0m
[1;94m[*] [0mFuzzing test case #164 (521 total, 0 uniq crashes found)...[0m
[1;94m[*] [0mFuzzing test case #166 (521 total, 0 uniq crashes found)...[0m
[1;94m[*] [0mFuzzing test case #167 (521 total, 0 uniq crashes found)...[0m
[1;94m[*] [0mFuzzing test case #169 (521 total, 0 uniq crashes found)...[0m
[1;94m[*] [0mFuzzing test case #170 (521 total, 0 uniq crashes found)...[0m
[1;94m[*] [0mFuzzing test case #171 (521 total, 0 uniq crashes found)...[0m
[1;94m[*] [0mFuzzing test case #172 (522 total, 0 uniq crashes found)...[0m
[1;94m[*] [0mFuzzing test case #173 (522 total, 0 uniq crashes found)...[0m
[1;94m[*] [0mFuzzing test case #175 (522 total, 0 uniq crashes found)...[0m
[1;94m[*] [0mFuzzing test case #178 (522 total, 0 uniq crashes found)...[0m
[1;94m[*] [0mFuzzing test case #179 (522 total, 0 uniq crashes found)...[0m
[1;94m[*] [0mFuzzing test case #180 (523 total, 0 uniq crashes found)...[0m
[1;94m[*] [0mFuzzing test case #182 (523 total, 0 uniq crashes found)...[0m
[1;94m[*] [0mFuzzing test case #183 (523 total, 0 uniq crashes found)...[0m
[1;94m[*] [0mFuzzing test case #184 (523 total, 0 uniq crashes found)...[0m
[1;94m[*] [0mFuzzing test case #185 (523 total, 0 uniq crashes found)...[0m
[1;94m[*] [0mFuzzing test case #186 (523 total, 0 uniq crashes found)...[0m
[1;94m[*] [0mFuzzing test case #187 (523 total, 0 uniq crashes found)...[0m
[1;94m[*] [0mFuzzing test case #188 (523 total, 0 uniq crashes found)...[0m
[1;94m[*] [0mFuzzing test case #190 (523 total, 0 uniq crashes found)...[0m
[1;94m[*] [0mFuzzing test case #197 (523 total, 0 uniq crashes found)...[0m
[1;94m[*] [0mFuzzing test case #201 (523 total, 0 uniq crashes found)...[0m
[1;94m[*] [0mFuzzing test case #202 (523 total, 0 uniq crashes found)...[0m
[1;94m[*] [0mFuzzing test case #203 (523 total, 0 uniq crashes found)...[0m
[1;94m[*] [0mFuzzing test case #204 (523 total, 0 uniq crashes found)...[0m
[1;94m[*] [0mFuzzing test case #205 (523 total, 0 uniq crashes found)...[0m
[1;94m[*] [0mFuzzing test case #206 (523 total, 0 uniq crashes found)...[0m
[1;94m[*] [0mFuzzing test case #207 (523 total, 0 uniq crashes found)...[0m
[1;94m[*] [0mFuzzing test case #208 (523 total, 0 uniq crashes found)...[0m
[1;94m[*] [0mFuzzing test case #212 (523 total, 0 uniq crashes found)...[0m
[1;94m[*] [0mFuzzing test case #226 (523 total, 0 uniq crashes found)...[0m
[1;94m[*] [0mFuzzing test case #227 (523 total, 0 uniq crashes found)...[0m
[1;94m[*] [0mFuzzing test case #234 (523 total, 0 uniq crashes found)...[0m
[1;94m[*] [0mFuzzing test case #238 (523 total, 0 uniq crashes found)...[0m
[1;94m[*] [0mFuzzing test case #240 (523 total, 0 uniq crashes found)...[0m
[1;94m[*] [0mFuzzing test case #256 (523 total, 0 uniq crashes found)...[0m
[1;94m[*] [0mFuzzing test case #258 (525 total, 0 uniq crashes found)...[0m
[1;94m[*] [0mFuzzing test case #304 (525 total, 0 uniq crashes found)...[0m
[1;94m[*] [0mFuzzing test case #523 (525 total, 0 uniq crashes found)...[0m
[1;94m[*] [0mFuzzing test case #524 (525 total, 0 uniq crashes found)...[0m
[1;94m[*] [0mEntering queue cycle 20.[0m
[1;94m[*] [0mFuzzing test case #5 (525 total, 0 uniq crashes found)...[0m
[1;94m[*] [0mFuzzing test case #8 (525 total, 0 uniq crashes found)...[0m
[1;94m[*] [0mFuzzing test case #10 (525 total, 0 uniq crashes found)...[0m
[1;94m[*] [0mFuzzing test case #11 (525 total, 0 uniq crashes found)...[0m
[1;94m[*] [0mFuzzing test case #12 (525 total, 0 uniq crashes found)...[0m
[1;94m[*] [0mFuzzing test case #15 (525 total, 0 uniq crashes found)...[0m
[1;94m[*] [0mFuzzing test case #18 (525 total, 0 uniq crashes found)...[0m
[1;94m[*] [0mFuzzing test case #19 (525 total, 0 uniq crashes found)...[0m
[1;94m[*] [0mFuzzing test case #20 (525 total, 0 uniq crashes found)...[0m
[1;94m[*] [0mFuzzing test case #22 (525 total, 0 uniq crashes found)...[0m
[1;94m[*] [0mFuzzing test case #25 (526 total, 0 uniq crashes found)...[0m
[1;94m[*] [0mFuzzing test case #28 (526 total, 0 uniq crashes found)...[0m
[1;94m[*] [0mFuzzing test case #32 (526 total, 0 uniq crashes found)...[0m
[1;94m[*] [0mFuzzing test case #33 (526 total, 0 uniq crashes found)...[0m
[1;94m[*] [0mFuzzing test case #38 (526 total, 0 uniq crashes found)...[0m
[1;94m[*] [0mFuzzing test case #42 (526 total, 0 uniq crashes found)...[0m
[1;94m[*] [0mFuzzing test case #46 (527 total, 0 uniq crashes found)...[0m
[1;94m[*] [0mFuzzing test case #47 (527 total, 0 uniq crashes found)...[0m
[1;94m[*] [0mFuzzing test case #49 (527 total, 0 uniq crashes found)...[0m
[1;94m[*] [0mFuzzing test case #50 (527 total, 0 uniq crashes found)...[0m
[1;94m[*] [0mFuzzing test case #51 (527 total, 0 uniq crashes found)...[0m
[1;94m[*] [0mFuzzing test case #56 (527 total, 0 uniq crashes found)...[0m
[1;94m[*] [0mFuzzing test case #57 (527 total, 0 uniq crashes found)...[0m
[1;94m[*] [0mFuzzing test case #58 (527 total, 0 uniq crashes found)...[0m
[1;94m[*] [0mFuzzing test case #59 (527 total, 0 uniq crashes found)...[0m
[1;94m[*] [0mFuzzing test case #61 (527 total, 0 uniq crashes found)...[0m
[1;94m[*] [0mFuzzing test case #62 (527 total, 0 uniq crashes found)...[0m
[1;94m[*] [0mFuzzing test case #67 (527 total, 0 uniq crashes found)...[0m
[1;94m[*] [0mFuzzing test case #70 (527 total, 0 uniq crashes found)...[0m
[1;94m[*] [0mFuzzing test case #71 (527 total, 0 uniq crashes found)...[0m
[1;94m[*] [0mFuzzing test case #72 (527 total, 0 uniq crashes found)...[0m
[1;94m[*] [0mFuzzing test case #73 (527 total, 0 uniq crashes found)...[0m
[1;94m[*] [0mFuzzing test case #74 (527 total, 0 uniq crashes found)...[0m
[1;94m[*] [0mFuzzing test case #76 (527 total, 0 uniq crashes found)...[0m
[1;94m[*] [0mFuzzing test case #80 (527 total, 0 uniq crashes found)...[0m
[1;94m[*] [0mFuzzing test case #85 (527 total, 0 uniq crashes found)...[0m
[1;94m[*] [0mFuzzing test case #87 (528 total, 0 uniq crashes found)...[0m
[1;94m[*] [0mFuzzing test case #91 (528 total, 0 uniq crashes found)...[0m
[1;94m[*] [0mFuzzing test case #92 (528 total, 0 uniq crashes found)...[0m
[1;94m[*] [0mFuzzing test case #95 (528 total, 0 uniq crashes found)...[0m
[1;94m[*] [0mFuzzing test case #100 (528 total, 0 uniq crashes found)...[0m
[1;94m[*] [0mFuzzing test case #102 (528 total, 0 uniq crashes found)...[0m
[1;94m[*] [0mFuzzing test case #103 (528 total, 0 uniq crashes found)...[0m
[1;94m[*] [0mFuzzing test case #105 (528 total, 0 uniq crashes found)...[0m
[1;94m[*] [0mFuzzing test case #106 (528 total, 0 uniq crashes found)...[0m
[1;94m[*] [0mFuzzing test case #108 (528 total, 0 uniq crashes found)...[0m
[1;94m[*] [0mFuzzing test case #110 (528 total, 0 uniq crashes found)...[0m
[1;94m[*] [0mFuzzing test case #111 (528 total, 0 uniq crashes found)...[0m
[1;94m[*] [0mFuzzing test case #113 (528 total, 0 uniq crashes found)...[0m
[1;94m[*] [0mFuzzing test case #116 (528 total, 0 uniq crashes found)...[0m
[1;94m[*] [0mFuzzing test case #118 (528 total, 0 uniq crashes found)...[0m
[1;94m[*] [0mFuzzing test case #229 (530 total, 0 uniq crashes found)...[0m
[1;94m[*] [0mFuzzing test case #269 (530 total, 0 uniq crashes found)...[0m
[1;94m[*] [0mFuzzing test case #271 (530 total, 0 uniq crashes found)...[0m
[1;94m[*] [0mFuzzing test case #362 (530 total, 0 uniq crashes found)...[0m
[1;94m[*] [0mFuzzing test case #377 (530 total, 0 uniq crashes found)...[0m
[1;94m[*] [0mFuzzing test case #460 (531 total, 0 uniq crashes found)...[0m
[1;94m[*] [0mFuzzing test case #496 (531 total, 0 uniq crashes found)...[0m
[1;94m[*] [0mFuzzing test case #528 (531 total, 0 uniq crashes found)...[0m
[1;94m[*] [0mFuzzing test case #529 (531 total, 0 uniq crashes found)...[0m
[1;94m[*] [0mFuzzing test case #530 (531 total, 0 uniq crashes found)...[0m
[1;94m[*] [0mEntering queue cycle 21.[0m
[1;94m[*] [0mFuzzing test case #5 (531 total, 0 uniq crashes found)...[0m
[1;94m[*] [0mFuzzing test case #8 (531 total, 0 uniq crashes found)...[0m
[1;94m[*] [0mFuzzing test case #10 (531 total, 0 uniq crashes found)...[0m
[1;94m[*] [0mFuzzing test case #12 (531 total, 0 uniq crashes found)...[0m
[1;94m[*] [0mFuzzing test case #15 (531 total, 0 uniq crashes found)...[0m
[1;94m[*] [0mFuzzing test case #18 (531 total, 0 uniq crashes found)...[0m
[1;94m[*] [0mFuzzing test case #19 (531 total, 0 uniq crashes found)...[0m
[1;94m[*] [0mFuzzing test case #20 (531 total, 0 uniq crashes found)...[0m
[1;94m[*] [0mFuzzing test case #25 (531 total, 0 uniq crashes found)...[0m
[1;94m[*] [0mFuzzing test case #28 (531 total, 0 uniq crashes found)...[0m
[1;94m[*] [0mFuzzing test case #34 (532 total, 0 uniq crashes found)...[0m
[1;94m[*] [0mFuzzing test case #90 (532 total, 0 uniq crashes found)...[0m
[1;94m[*] [0mFuzzing test case #288 (532 total, 0 uniq crashes found)...[0m
[1;94m[*] [0mFuzzing test case #345 (532 total, 0 uniq crashes found)...[0m
[1;94m[*] [0mFuzzing test case #419 (532 total, 0 uniq crashes found)...[0m
[1;94m[*] [0mFuzzing test case #531 (532 total, 0 uniq crashes found)...[0m
[1;94m[*] [0mEntering queue cycle 22.[0m
[1;94m[*] [0mFuzzing test case #5 (532 total, 0 uniq crashes found)...[0m
[1;94m[*] [0mFuzzing test case #8 (532 total, 0 uniq crashes found)...[0m
[1;94m[*] [0mFuzzing test case #10 (532 total, 0 uniq crashes found)...[0m
[1;94m[*] [0mFuzzing test case #12 (532 total, 0 uniq crashes found)...[0m
[1;94m[*] [0mFuzzing test case #15 (532 total, 0 uniq crashes found)...[0m
[1;94m[*] [0mFuzzing test case #18 (532 total, 0 uniq crashes found)...[0m
[1;94m[*] [0mFuzzing test case #19 (532 total, 0 uniq crashes found)...[0m
[1;94m[*] [0mFuzzing test case #20 (532 total, 0 uniq crashes found)...[0m
[1;94m[*] [0mFuzzing test case #25 (532 total, 0 uniq crashes found)...[0m
[1;94m[*] [0mFuzzing test case #28 (532 total, 0 uniq crashes found)...[0m
[1;94m[*] [0mFuzzing test case #32 (532 total, 0 uniq crashes found)...[0m
[1;94m[*] [0mFuzzing test case #33 (532 total, 0 uniq crashes found)...[0m
[1;94m[*] [0mFuzzing test case #35 (532 total, 0 uniq crashes found)...[0m
[1;94m[*] [0mFuzzing test case #38 (532 total, 0 uniq crashes found)...[0m
[1;94m[*] [0mFuzzing test case #42 (532 total, 0 uniq crashes found)...[0m
[1;94m[*] [0mFuzzing test case #46 (532 total, 0 uniq crashes found)...[0m
[1;94m[*] [0mFuzzing test case #47 (532 total, 0 uniq crashes found)...[0m
[1;94m[*] [0mFuzzing test case #50 (532 total, 0 uniq crashes found)...[0m
[1;94m[*] [0mFuzzing test case #51 (532 total, 0 uniq crashes found)...[0m
[1;94m[*] [0mFuzzing test case #55 (532 total, 0 uniq crashes found)...[0m
[1;94m[*] [0mFuzzing test case #56 (532 total, 0 uniq crashes found)...[0m
[1;94m[*] [0mFuzzing test case #57 (532 total, 0 uniq crashes found)...[0m
[1;94m[*] [0mFuzzing test case #58 (532 total, 0 uniq crashes found)...[0m
[1;94m[*] [0mFuzzing test case #59 (532 total, 0 uniq crashes found)...[0m
[1;94m[*] [0mFuzzing test case #139 (534 total, 0 uniq crashes found)...[0m
[1;94m[*] [0mFuzzing test case #158 (534 total, 0 uniq crashes found)...[0m
[1;94m[*] [0mFuzzing test case #230 (534 total, 0 uniq crashes found)...[0m
[1;94m[*] [0mFuzzing test case #308 (534 total, 0 uniq crashes found)...[0m
[1;94m[*] [0mFuzzing test case #327 (534 total, 0 uniq crashes found)...[0m
[1;94m[*] [0mFuzzing test case #341 (535 total, 0 uniq crashes found)...[0m
[1;94m[*] [0mFuzzing test case #436 (535 total, 0 uniq crashes found)...[0m
[1;94m[*] [0mFuzzing test case #520 (535 total, 0 uniq crashes found)...[0m
[1;94m[*] [0mFuzzing test case #532 (535 total, 0 uniq crashes found)...[0m
[1;94m[*] [0mFuzzing test case #533 (535 total, 0 uniq crashes found)...[0m
[1;94m[*] [0mFuzzing test case #535 (539 total, 0 uniq crashes found)...[0m
[1;94m[*] [0mFuzzing test case #537 (539 total, 0 uniq crashes found)...[0m
[1;94m[*] [0mEntering queue cycle 23.[0m
[1;94m[*] [0mFuzzing test case #110 (539 total, 0 uniq crashes found)...[0m
[1;94m[*] [0mFuzzing test case #149 (539 total, 0 uniq crashes found)...[0m
[1;94m[*] [0mFuzzing test case #164 (539 total, 0 uniq crashes found)...[0m
[1;94m[*] [0mFuzzing test case #316 (540 total, 0 uniq crashes found)...[0m
[1;94m[*] [0mFuzzing test case #452 (540 total, 0 uniq crashes found)...[0m
[1;94m[*] [0mFuzzing test case #505 (541 total, 0 uniq crashes found)...[0m
[1;94m[*] [0mFuzzing test case #506 (541 total, 0 uniq crashes found)...[0m
[1;94m[*] [0mFuzzing test case #508 (541 total, 0 uniq crashes found)...[0m
[1;94m[*] [0mFuzzing test case #513 (541 total, 0 uniq crashes found)...[0m
[1;94m[*] [0mFuzzing test case #522 (541 total, 0 uniq crashes found)...[0m
[1;94m[*] [0mFuzzing test case #523 (541 total, 0 uniq crashes found)...[0m
[1;94m[*] [0mFuzzing test case #524 (541 total, 0 uniq crashes found)...[0m
[1;94m[*] [0mFuzzing test case #526 (541 total, 0 uniq crashes found)...[0m
[1;94m[*] [0mFuzzing test case #527 (541 total, 0 uniq crashes found)...[0m
[1;94m[*] [0mFuzzing test case #528 (541 total, 0 uniq crashes found)...[0m
[1;94m[*] [0mFuzzing test case #529 (541 total, 0 uniq crashes found)...[0m
[1;94m[*] [0mFuzzing test case #530 (541 total, 0 uniq crashes found)...[0m
[1;94m[*] [0mFuzzing test case #531 (541 total, 0 uniq crashes found)...[0m
[1;94m[*] [0mFuzzing test case #532 (541 total, 0 uniq crashes found)...[0m
[1;94m[*] [0mFuzzing test case #533 (541 total, 0 uniq crashes found)...[0m
[1;94m[*] [0mFuzzing test case #535 (541 total, 0 uniq crashes found)...[0m
[1;94m[*] [0mFuzzing test case #536 (541 total, 0 uniq crashes found)...[0m
[1;94m[*] [0mFuzzing test case #537 (541 total, 0 uniq crashes found)...[0m
[1;94m[*] [0mEntering queue cycle 24.[0m
[1;94m[*] [0mFuzzing test case #3 (542 total, 0 uniq crashes found)...[0m
[1;94m[*] [0mFuzzing test case #5 (542 total, 0 uniq crashes found)...[0m
[1;94m[*] [0mFuzzing test case #8 (542 total, 0 uniq crashes found)...[0m
[1;94m[*] [0mFuzzing test case #10 (542 total, 0 uniq crashes found)...[0m
[1;94m[*] [0mFuzzing test case #12 (542 total, 0 uniq crashes found)...[0m
[1;94m[*] [0mFuzzing test case #15 (542 total, 0 uniq crashes found)...[0m
[1;94m[*] [0mFuzzing test case #18 (542 total, 0 uniq crashes found)...[0m
[1;94m[*] [0mFuzzing test case #19 (542 total, 0 uniq crashes found)...[0m
[1;94m[*] [0mFuzzing test case #20 (542 total, 0 uniq crashes found)...[0m
[1;94m[*] [0mFuzzing test case #25 (542 total, 0 uniq crashes found)...[0m
[1;94m[*] [0mFuzzing test case #323 (544 total, 0 uniq crashes found)...[0m
[1;94m[*] [0mFuzzing test case #471 (544 total, 0 uniq crashes found)...[0m
[1;94m[*] [0mFuzzing test case #542 (544 total, 0 uniq crashes found)...[0m
[1;94m[*] [0mFuzzing test case #543 (544 total, 0 uniq crashes found)...[0m
[1;94m[*] [0mEntering queue cycle 25.[0m
[1;94m[*] [0mFuzzing test case #5 (544 total, 0 uniq crashes found)...[0m
[1;94m[*] [0mFuzzing test case #8 (544 total, 0 uniq crashes found)...[0m
[1;94m[*] [0mFuzzing test case #10 (544 total, 0 uniq crashes found)...[0m
[1;94m[*] [0mFuzzing test case #12 (544 total, 0 uniq crashes found)...[0m
[1;94m[*] [0mFuzzing test case #15 (544 total, 0 uniq crashes found)...[0m
[1;94m[*] [0mFuzzing test case #18 (544 total, 0 uniq crashes found)...[0m
[1;94m[*] [0mFuzzing test case #19 (544 total, 0 uniq crashes found)...[0m
[1;94m[*] [0mFuzzing test case #20 (544 total, 0 uniq crashes found)...[0m
[1;94m[*] [0mFuzzing test case #25 (544 total, 0 uniq crashes found)...[0m
[1;94m[*] [0mFuzzing test case #28 (544 total, 0 uniq crashes found)...[0m
[1;94m[*] [0mFuzzing test case #32 (544 total, 0 uniq crashes found)...[0m
[1;94m[*] [0mFuzzing test case #33 (544 total, 0 uniq crashes found)...[0m
[1;94m[*] [0mFuzzing test case #38 (544 total, 0 uniq crashes found)...[0m
[1;94m[*] [0mFuzzing test case #42 (544 total, 0 uniq crashes found)...[0m
[1;94m[*] [0mFuzzing test case #46 (544 total, 0 uniq crashes found)...[0m
[1;94m[*] [0mFuzzing test case #47 (544 total, 0 uniq crashes found)...[0m
[1;94m[*] [0mFuzzing test case #50 (544 total, 0 uniq crashes found)...[0m
[1;94m[*] [0mFuzzing test case #51 (544 total, 0 uniq crashes found)...[0m
[1;94m[*] [0mFuzzing test case #56 (544 total, 0 uniq crashes found)...[0m
[1;94m[*] [0mFuzzing test case #57 (544 total, 0 uniq crashes found)...[0m
[1;94m[*] [0mFuzzing test case #58 (544 total, 0 uniq crashes found)...[0m
[1;94m[*] [0mFuzzing test case #59 (544 total, 0 uniq crashes found)...[0m
[1;94m[*] [0mFuzzing test case #61 (544 total, 0 uniq crashes found)...[0m
[1;94m[*] [0mFuzzing test case #62 (544 total, 0 uniq crashes found)...[0m
[1;94m[*] [0mFuzzing test case #63 (544 total, 0 uniq crashes found)...[0m
[1;94m[*] [0mFuzzing test case #67 (544 total, 0 uniq crashes found)...[0m
[1;94m[*] [0mFuzzing test case #70 (545 total, 0 uniq crashes found)...[0m
[1;94m[*] [0mFuzzing test case #71 (545 total, 0 uniq crashes found)...[0m
[1;94m[*] [0mFuzzing test case #72 (545 total, 0 uniq crashes found)...[0m
[1;94m[*] [0mFuzzing test case #73 (545 total, 0 uniq crashes found)...[0m
[1;94m[*] [0mFuzzing test case #74 (545 total, 0 uniq crashes found)...[0m
[1;94m[*] [0mFuzzing test case #76 (545 total, 0 uniq crashes found)...[0m
[1;94m[*] [0mFuzzing test case #80 (545 total, 0 uniq crashes found)...[0m
[1;94m[*] [0mFuzzing test case #81 (545 total, 0 uniq crashes found)...[0m
[1;94m[*] [0mFuzzing test case #85 (545 total, 0 uniq crashes found)...[0m
[1;94m[*] [0mFuzzing test case #87 (545 total, 0 uniq crashes found)...[0m
[1;94m[*] [0mFuzzing test case #273 (546 total, 0 uniq crashes found)...[0m
[1;94m[*] [0mFuzzing test case #545 (546 total, 0 uniq crashes found)...[0m
[1;94m[*] [0mEntering queue cycle 26.[0m
[1;94m[*] [0mFuzzing test case #3 (547 total, 0 uniq crashes found)...[0m
[1;94m[*] [0mFuzzing test case #5 (547 total, 0 uniq crashes found)...[0m
[1;94m[*] [0mFuzzing test case #8 (547 total, 0 uniq crashes found)...[0m
[1;94m[*] [0mFuzzing test case #10 (547 total, 0 uniq crashes found)...[0m
[1;94m[*] [0mFuzzing test case #12 (547 total, 0 uniq crashes found)...[0m
[1;94m[*] [0mFuzzing test case #15 (547 total, 0 uniq crashes found)...[0m
[1;94m[*] [0mFuzzing test case #18 (547 total, 0 uniq crashes found)...[0m
[1;94m[*] [0mFuzzing test case #19 (547 total, 0 uniq crashes found)...[0m
[1;94m[*] [0mFuzzing test case #20 (547 total, 0 uniq crashes found)...[0m
[1;94m[*] [0mFuzzing test case #25 (547 total, 0 uniq crashes found)...[0m
[1;94m[*] [0mFuzzing test case #27 (547 total, 0 uniq crashes found)...[0m
[1;94m[*] [0mFuzzing test case #28 (547 total, 0 uniq crashes found)...[0m
[1;94m[*] [0mFuzzing test case #32 (547 total, 0 uniq crashes found)...[0m
[1;94m[*] [0mFuzzing test case #33 (547 total, 0 uniq crashes found)...[0m
[1;94m[*] [0mFuzzing test case #38 (547 total, 0 uniq crashes found)...[0m
[1;94m[*] [0mFuzzing test case #42 (547 total, 0 uniq crashes found)...[0m
[1;94m[*] [0mFuzzing test case #46 (547 total, 0 uniq crashes found)...[0m
[1;94m[*] [0mFuzzing test case #47 (547 total, 0 uniq crashes found)...[0m
[1;94m[*] [0mFuzzing test case #50 (547 total, 0 uniq crashes found)...[0m
[1;94m[*] [0mFuzzing test case #51 (547 total, 0 uniq crashes found)...[0m
[1;94m[*] [0mFuzzing test case #56 (547 total, 0 uniq crashes found)...[0m
[1;94m[*] [0mFuzzing test case #57 (547 total, 0 uniq crashes found)...[0m
[1;94m[*] [0mFuzzing test case #58 (547 total, 0 uniq crashes found)...[0m
[1;94m[*] [0mFuzzing test case #59 (547 total, 0 uniq crashes found)...[0m
[1;94m[*] [0mFuzzing test case #61 (547 total, 0 uniq crashes found)...[0m
[1;94m[*] [0mFuzzing test case #62 (547 total, 0 uniq crashes found)...[0m
[1;94m[*] [0mFuzzing test case #67 (547 total, 0 uniq crashes found)...[0m
[1;94m[*] [0mFuzzing test case #70 (547 total, 0 uniq crashes found)...[0m
[1;94m[*] [0mFuzzing test case #71 (547 total, 0 uniq crashes found)...[0m
[1;94m[*] [0mFuzzing test case #72 (547 total, 0 uniq crashes found)...[0m
[1;94m[*] [0mFuzzing test case #73 (547 total, 0 uniq crashes found)...[0m
[1;94m[*] [0mFuzzing test case #74 (547 total, 0 uniq crashes found)...[0m
[1;94m[*] [0mFuzzing test case #76 (547 total, 0 uniq crashes found)...[0m
[1;94m[*] [0mFuzzing test case #77 (547 total, 0 uniq crashes found)...[0m
[1;94m[*] [0mFuzzing test case #78 (547 total, 0 uniq crashes found)...[0m
[1;94m[*] [0mFuzzing test case #80 (547 total, 0 uniq crashes found)...[0m
[1;94m[*] [0mFuzzing test case #85 (547 total, 0 uniq crashes found)...[0m
[1;94m[*] [0mFuzzing test case #87 (547 total, 0 uniq crashes found)...[0m
[1;94m[*] [0mFuzzing test case #92 (547 total, 0 uniq crashes found)...[0m
[1;94m[*] [0mFuzzing test case #93 (547 total, 0 uniq crashes found)...[0m
[1;94m[*] [0mFuzzing test case #95 (547 total, 0 uniq crashes found)...[0m
[1;94m[*] [0mFuzzing test case #100 (547 total, 0 uniq crashes found)...[0m
[1;94m[*] [0mFuzzing test case #102 (547 total, 0 uniq crashes found)...[0m
[1;94m[*] [0mFuzzing test case #103 (547 total, 0 uniq crashes found)...[0m
[1;94m[*] [0mFuzzing test case #105 (547 total, 0 uniq crashes found)...[0m
[1;94m[*] [0mFuzzing test case #106 (547 total, 0 uniq crashes found)...[0m
[1;94m[*] [0mFuzzing test case #108 (547 total, 0 uniq crashes found)...[0m
[1;94m[*] [0mFuzzing test case #110 (547 total, 0 uniq crashes found)...[0m
[1;94m[*] [0mFuzzing test case #111 (547 total, 0 uniq crashes found)...[0m
[1;94m[*] [0mFuzzing test case #113 (547 total, 0 uniq crashes found)...[0m
[1;94m[*] [0mFuzzing test case #116 (547 total, 0 uniq crashes found)...[0m
[1;94m[*] [0mFuzzing test case #118 (547 total, 0 uniq crashes found)...[0m
[1;94m[*] [0mFuzzing test case #119 (547 total, 0 uniq crashes found)...[0m
[1;94m[*] [0mFuzzing test case #121 (547 total, 0 uniq crashes found)...[0m
[1;94m[*] [0mFuzzing test case #123 (547 total, 0 uniq crashes found)...[0m
[1;94m[*] [0mFuzzing test case #124 (547 total, 0 uniq crashes found)...[0m
[1;94m[*] [0mFuzzing test case #130 (547 total, 0 uniq crashes found)...[0m
[1;94m[*] [0mFuzzing test case #133 (547 total, 0 uniq crashes found)...[0m
[1;94m[*] [0mFuzzing test case #137 (547 total, 0 uniq crashes found)...[0m
[1;94m[*] [0mFuzzing test case #138 (547 total, 0 uniq crashes found)...[0m
[1;94m[*] [0mFuzzing test case #141 (547 total, 0 uniq crashes found)...[0m
[1;94m[*] [0mFuzzing test case #145 (547 total, 0 uniq crashes found)...[0m
[1;94m[*] [0mFuzzing test case #147 (547 total, 0 uniq crashes found)...[0m
[1;94m[*] [0mFuzzing test case #150 (547 total, 0 uniq crashes found)...[0m
[1;94m[*] [0mFuzzing test case #154 (547 total, 0 uniq crashes found)...[0m
[1;94m[*] [0mFuzzing test case #155 (547 total, 0 uniq crashes found)...[0m
[1;94m[*] [0mFuzzing test case #156 (547 total, 0 uniq crashes found)...[0m
[1;94m[*] [0mFuzzing test case #157 (547 total, 0 uniq crashes found)...[0m
[1;94m[*] [0mFuzzing test case #159 (547 total, 0 uniq crashes found)...[0m
[1;94m[*] [0mFuzzing test case #161 (547 total, 0 uniq crashes found)...[0m
[1;94m[*] [0mFuzzing test case #162 (547 total, 0 uniq crashes found)...[0m
[1;94m[*] [0mFuzzing test case #164 (547 total, 0 uniq crashes found)...[0m
[1;94m[*] [0mFuzzing test case #166 (547 total, 0 uniq crashes found)...[0m
[1;94m[*] [0mFuzzing test case #167 (547 total, 0 uniq crashes found)...[0m
[1;94m[*] [0mFuzzing test case #169 (547 total, 0 uniq crashes found)...[0m
[1;94m[*] [0mFuzzing test case #170 (547 total, 0 uniq crashes found)...[0m
[1;94m[*] [0mFuzzing test case #171 (547 total, 0 uniq crashes found)...[0m
[1;94m[*] [0mFuzzing test case #172 (547 total, 0 uniq crashes found)...[0m
[1;94m[*] [0mFuzzing test case #173 (547 total, 0 uniq crashes found)...[0m
[1;94m[*] [0mFuzzing test case #175 (547 total, 0 uniq crashes found)...[0m
[1;94m[*] [0mFuzzing test case #176 (547 total, 0 uniq crashes found)...[0m
[1;94m[*] [0mFuzzing test case #178 (547 total, 0 uniq crashes found)...[0m
[1;94m[*] [0mFuzzing test case #179 (547 total, 0 uniq crashes found)...[0m
[1;94m[*] [0mFuzzing test case #180 (547 total, 0 uniq crashes found)...[0m
[1;94m[*] [0mFuzzing test case #182 (547 total, 0 uniq crashes found)...[0m
[1;94m[*] [0mFuzzing test case #183 (548 total, 0 uniq crashes found)...[0m
[1;94m[*] [0mFuzzing test case #184 (548 total, 0 uniq crashes found)...[0m
[1;94m[*] [0mFuzzing test case #185 (548 total, 0 uniq crashes found)...[0m
[1;94m[*] [0mFuzzing test case #186 (548 total, 0 uniq crashes found)...[0m
[1;94m[*] [0mFuzzing test case #187 (548 total, 0 uniq crashes found)...[0m
[1;94m[*] [0mFuzzing test case #188 (548 total, 0 uniq crashes found)...[0m
[1;94m[*] [0mFuzzing test case #190 (548 total, 0 uniq crashes found)...[0m
[1;94m[*] [0mFuzzing test case #201 (548 total, 0 uniq crashes found)...[0m
[1;94m[*] [0mFuzzing test case #202 (548 total, 0 uniq crashes found)...[0m
[1;94m[*] [0mFuzzing test case #203 (548 total, 0 uniq crashes found)...[0m
[1;94m[*] [0mFuzzing test case #204 (548 total, 0 uniq crashes found)...[0m
[1;94m[*] [0mFuzzing test case #205 (548 total, 0 uniq crashes found)...[0m
[1;94m[*] [0mFuzzing test case #206 (548 total, 0 uniq crashes found)...[0m
[1;94m[*] [0mFuzzing test case #207 (548 total, 0 uniq crashes found)...[0m
[1;94m[*] [0mFuzzing test case #209 (548 total, 0 uniq crashes found)...[0m
[1;94m[*] [0mFuzzing test case #212 (548 total, 0 uniq crashes found)...[0m
[1;94m[*] [0mFuzzing test case #221 (548 total, 0 uniq crashes found)...[0m
[1;94m[*] [0mFuzzing test case #227 (548 total, 0 uniq crashes found)...[0m
[1;94m[*] [0mFuzzing test case #238 (548 total, 0 uniq crashes found)...[0m
[1;94m[*] [0mFuzzing test case #247 (548 total, 0 uniq crashes found)...[0m
[1;94m[*] [0mFuzzing test case #262 (548 total, 0 uniq crashes found)...[0m
[1;94m[*] [0mFuzzing test case #264 (548 total, 0 uniq crashes found)...[0m
[1;94m[*] [0mFuzzing test case #274 (548 total, 0 uniq crashes found)...[0m
[1;94m[*] [0mFuzzing test case #277 (548 total, 0 uniq crashes found)...[0m
[1;94m[*] [0mFuzzing test case #281 (548 total, 0 uniq crashes found)...[0m
[1;94m[*] [0mFuzzing test case #282 (549 total, 0 uniq crashes found)...[0m
[1;94m[*] [0mFuzzing test case #287 (549 total, 0 uniq crashes found)...[0m
[1;94m[*] [0mFuzzing test case #291 (549 total, 0 uniq crashes found)...[0m
[1;94m[*] [0mFuzzing test case #292 (549 total, 0 uniq crashes found)...[0m
[1;94m[*] [0mFuzzing test case #293 (549 total, 0 uniq crashes found)...[0m
[1;94m[*] [0mFuzzing test case #295 (549 total, 0 uniq crashes found)...[0m
[1;94m[*] [0mFuzzing test case #298 (549 total, 0 uniq crashes found)...[0m
[1;94m[*] [0mFuzzing test case #300 (549 total, 0 uniq crashes found)...[0m
[1;94m[*] [0mFuzzing test case #302 (549 total, 0 uniq crashes found)...[0m
[1;94m[*] [0mFuzzing test case #303 (549 total, 0 uniq crashes found)...[0m
[1;94m[*] [0mFuzzing test case #306 (549 total, 0 uniq crashes found)...[0m
[1;94m[*] [0mFuzzing test case #307 (549 total, 0 uniq crashes found)...[0m
[1;94m[*] [0mFuzzing test case #308 (549 total, 0 uniq crashes found)...[0m
[1;94m[*] [0mFuzzing test case #310 (549 total, 0 uniq crashes found)...[0m
[1;94m[*] [0mFuzzing test case #311 (549 total, 0 uniq crashes found)...[0m
[1;94m[*] [0mFuzzing test case #312 (549 total, 0 uniq crashes found)...[0m
[1;94m[*] [0mFuzzing test case #320 (549 total, 0 uniq crashes found)...[0m
[1;94m[*] [0mFuzzing test case #321 (549 total, 0 uniq crashes found)...[0m
[1;94m[*] [0mFuzzing test case #322 (549 total, 0 uniq crashes found)...[0m
[1;94m[*] [0mFuzzing test case #323 (549 total, 0 uniq crashes found)...[0m
[1;94m[*] [0mFuzzing test case #327 (549 total, 0 uniq crashes found)...[0m
[1;94m[*] [0mFuzzing test case #333 (549 total, 0 uniq crashes found)...[0m
[1;94m[*] [0mFuzzing test case #334 (549 total, 0 uniq crashes found)...[0m
[1;94m[*] [0mFuzzing test case #335 (549 total, 0 uniq crashes found)...[0m
[1;94m[*] [0mFuzzing test case #337 (549 total, 0 uniq crashes found)...[0m
[1;94m[*] [0mFuzzing test case #342 (549 total, 0 uniq crashes found)...[0m
[1;94m[*] [0mFuzzing test case #343 (549 total, 0 uniq crashes found)...[0m
[1;94m[*] [0mFuzzing test case #344 (549 total, 0 uniq crashes found)...[0m
[1;94m[*] [0mFuzzing test case #346 (549 total, 0 uniq crashes found)...[0m
[1;94m[*] [0mFuzzing test case #351 (549 total, 0 uniq crashes found)...[0m
[1;94m[*] [0mFuzzing test case #352 (549 total, 0 uniq crashes found)...[0m
[1;94m[*] [0mFuzzing test case #358 (549 total, 0 uniq crashes found)...[0m
[1;94m[*] [0mFuzzing test case #360 (549 total, 0 uniq crashes found)...[0m
[1;94m[*] [0mFuzzing test case #363 (549 total, 0 uniq crashes found)...[0m
[1;94m[*] [0mFuzzing test case #367 (549 total, 0 uniq crashes found)...[0m
[1;94m[*] [0mFuzzing test case #369 (549 total, 0 uniq crashes found)...[0m
[1;94m[*] [0mFuzzing test case #370 (549 total, 0 uniq crashes found)...[0m
[1;94m[*] [0mFuzzing test case #372 (549 total, 0 uniq crashes found)...[0m
[1;94m[*] [0mFuzzing test case #373 (549 total, 0 uniq crashes found)...[0m
[1;94m[*] [0mFuzzing test case #375 (549 total, 0 uniq crashes found)...[0m
[1;94m[*] [0mFuzzing test case #380 (549 total, 0 uniq crashes found)...[0m
[1;94m[*] [0mFuzzing test case #382 (549 total, 0 uniq crashes found)...[0m
[1;94m[*] [0mFuzzing test case #384 (549 total, 0 uniq crashes found)...[0m
[1;94m[*] [0mFuzzing test case #386 (549 total, 0 uniq crashes found)...[0m
[1;94m[*] [0mFuzzing test case #387 (549 total, 0 uniq crashes found)...[0m
[1;94m[*] [0mFuzzing test case #389 (549 total, 0 uniq crashes found)...[0m
[1;94m[*] [0mFuzzing test case #391 (549 total, 0 uniq crashes found)...[0m
[1;94m[*] [0mFuzzing test case #392 (549 total, 0 uniq crashes found)...[0m
[1;94m[*] [0mFuzzing test case #396 (549 total, 0 uniq crashes found)...[0m
[1;94m[*] [0mFuzzing test case #397 (549 total, 0 uniq crashes found)...[0m
[1;94m[*] [0mFuzzing test case #398 (549 total, 0 uniq crashes found)...[0m
[1;94m[*] [0mFuzzing test case #399 (549 total, 0 uniq crashes found)...[0m
[1;94m[*] [0mFuzzing test case #400 (549 total, 0 uniq crashes found)...[0m
[1;94m[*] [0mFuzzing test case #403 (549 total, 0 uniq crashes found)...[0m
[1;94m[*] [0mFuzzing test case #406 (549 total, 0 uniq crashes found)...[0m
[1;94m[*] [0mFuzzing test case #408 (549 total, 0 uniq crashes found)...[0m
[1;94m[*] [0mFuzzing test case #409 (549 total, 0 uniq crashes found)...[0m
[1;94m[*] [0mFuzzing test case #410 (549 total, 0 uniq crashes found)...[0m
[1;94m[*] [0mFuzzing test case #412 (549 total, 0 uniq crashes found)...[0m
[1;94m[*] [0mFuzzing test case #414 (549 total, 0 uniq crashes found)...[0m
[1;94m[*] [0mFuzzing test case #419 (549 total, 0 uniq crashes found)...[0m
[1;94m[*] [0mFuzzing test case #421 (549 total, 0 uniq crashes found)...[0m
[1;94m[*] [0mFuzzing test case #423 (549 total, 0 uniq crashes found)...[0m
[1;94m[*] [0mFuzzing test case #425 (549 total, 0 uniq crashes found)...[0m
[1;94m[*] [0mFuzzing test case #428 (549 total, 0 uniq crashes found)...[0m
[1;94m[*] [0mFuzzing test case #429 (549 total, 0 uniq crashes found)...[0m
[1;94m[*] [0mFuzzing test case #435 (549 total, 0 uniq crashes found)...[0m
[1;94m[*] [0mFuzzing test case #437 (549 total, 0 uniq crashes found)...[0m
[1;94m[*] [0mFuzzing test case #438 (549 total, 0 uniq crashes found)...[0m
[1;94m[*] [0mFuzzing test case #444 (549 total, 0 uniq crashes found)...[0m
[1;94m[*] [0mFuzzing test case #446 (549 total, 0 uniq crashes found)...[0m
[1;94m[*] [0mFuzzing test case #448 (549 total, 0 uniq crashes found)...[0m
[1;94m[*] [0mFuzzing test case #455 (549 total, 0 uniq crashes found)...[0m
[1;94m[*] [0mFuzzing test case #461 (549 total, 0 uniq crashes found)...[0m
[1;94m[*] [0mFuzzing test case #466 (549 total, 0 uniq crashes found)...[0m
[1;94m[*] [0mFuzzing test case #467 (549 total, 0 uniq crashes found)...[0m
[1;94m[*] [0mFuzzing test case #469 (549 total, 0 uniq crashes found)...[0m
[1;94m[*] [0mFuzzing test case #471 (549 total, 0 uniq crashes found)...[0m
[1;94m[*] [0mFuzzing test case #472 (549 total, 0 uniq crashes found)...[0m
[1;94m[*] [0mFuzzing test case #477 (549 total, 0 uniq crashes found)...[0m
[1;94m[*] [0mFuzzing test case #481 (549 total, 0 uniq crashes found)...[0m
[1;94m[*] [0mFuzzing test case #482 (550 total, 0 uniq crashes found)...[0m
[1;94m[*] [0mFuzzing test case #485 (550 total, 0 uniq crashes found)...[0m
[1;94m[*] [0mFuzzing test case #488 (550 total, 0 uniq crashes found)...[0m
[1;94m[*] [0mFuzzing test case #493 (550 total, 0 uniq crashes found)...[0m
[1;94m[*] [0mFuzzing test case #494 (550 total, 0 uniq crashes found)...[0m
[1;94m[*] [0mFuzzing test case #495 (550 total, 0 uniq crashes found)...[0m
[1;94m[*] [0mFuzzing test case #499 (550 total, 0 uniq crashes found)...[0m
[1;94m[*] [0mFuzzing test case #500 (551 total, 0 uniq crashes found)...[0m
[1;94m[*] [0mFuzzing test case #501 (551 total, 0 uniq crashes found)...[0m
[1;94m[*] [0mFuzzing test case #504 (551 total, 0 uniq crashes found)...[0m
[1;94m[*] [0mFuzzing test case #505 (551 total, 0 uniq crashes found)...[0m
[1;94m[*] [0mFuzzing test case #508 (551 total, 0 uniq crashes found)...[0m
[1;94m[*] [0mFuzzing test case #513 (551 total, 0 uniq crashes found)...[0m
[1;94m[*] [0mFuzzing test case #519 (551 total, 0 uniq crashes found)...[0m
[1;94m[*] [0mFuzzing test case #523 (551 total, 0 uniq crashes found)...[0m
[1;94m[*] [0mFuzzing test case #524 (551 total, 0 uniq crashes found)...[0m
[1;94m[*] [0mFuzzing test case #528 (551 total, 0 uniq crashes found)...[0m
[1;94m[*] [0mFuzzing test case #529 (551 total, 0 uniq crashes found)...[0m
[1;94m[*] [0mFuzzing test case #530 (551 total, 0 uniq crashes found)...[0m
[1;94m[*] [0mFuzzing test case #531 (551 total, 0 uniq crashes found)...[0m
[1;94m[*] [0mFuzzing test case #532 (551 total, 0 uniq crashes found)...[0m
[1;94m[*] [0mFuzzing test case #533 (551 total, 0 uniq crashes found)...[0m
[1;94m[*] [0mFuzzing test case #535 (551 total, 0 uniq crashes found)...[0m
[1;94m[*] [0mFuzzing test case #537 (551 total, 0 uniq crashes found)...[0m
[1;94m[*] [0mFuzzing test case #539 (551 total, 0 uniq crashes found)...[0m
[1;94m[*] [0mFuzzing test case #542 (551 total, 0 uniq crashes found)...[0m
[1;94m[*] [0mFuzzing test case #543 (551 total, 0 uniq crashes found)...[0m
[1;94m[*] [0mFuzzing test case #545 (551 total, 0 uniq crashes found)...[0m
[1;94m[*] [0mFuzzing test case #546 (551 total, 0 uniq crashes found)...[0m
[1;94m[*] [0mFuzzing test case #547 (551 total, 0 uniq crashes found)...[0m
[1;94m[*] [0mEntering queue cycle 27.[0m
[1;94m[*] [0mFuzzing test case #5 (551 total, 0 uniq crashes found)...[0m
[1;94m[*] [0mFuzzing test case #8 (551 total, 0 uniq crashes found)...[0m
[1;94m[*] [0mFuzzing test case #10 (552 total, 0 uniq crashes found)...[0m
[1;94m[*] [0mFuzzing test case #12 (552 total, 0 uniq crashes found)...[0m
[1;94m[*] [0mFuzzing test case #15 (552 total, 0 uniq crashes found)...[0m
[1;94m[*] [0mFuzzing test case #18 (552 total, 0 uniq crashes found)...[0m
[1;94m[*] [0mFuzzing test case #19 (552 total, 0 uniq crashes found)...[0m
[1;94m[*] [0mFuzzing test case #20 (552 total, 0 uniq crashes found)...[0m
[1;94m[*] [0mFuzzing test case #25 (552 total, 0 uniq crashes found)...[0m
[1;94m[*] [0mFuzzing test case #28 (552 total, 0 uniq crashes found)...[0m
[1;94m[*] [0mFuzzing test case #32 (552 total, 0 uniq crashes found)...[0m
[1;94m[*] [0mFuzzing test case #33 (552 total, 0 uniq crashes found)...[0m
[1;94m[*] [0mFuzzing test case #38 (552 total, 0 uniq crashes found)...[0m
[1;94m[*] [0mFuzzing test case #42 (552 total, 0 uniq crashes found)...[0m
[1;94m[*] [0mFuzzing test case #46 (552 total, 0 uniq crashes found)...[0m
[1;94m[*] [0mFuzzing test case #47 (552 total, 0 uniq crashes found)...[0m
[1;94m[*] [0mFuzzing test case #50 (552 total, 0 uniq crashes found)...[0m
[1;94m[*] [0mFuzzing test case #51 (552 total, 0 uniq crashes found)...[0m
[1;94m[*] [0mFuzzing test case #55 (552 total, 0 uniq crashes found)...[0m
[1;94m[*] [0mFuzzing test case #56 (552 total, 0 uniq crashes found)...[0m
[1;94m[*] [0mFuzzing test case #57 (552 total, 0 uniq crashes found)...[0m
[1;94m[*] [0mFuzzing test case #58 (552 total, 0 uniq crashes found)...[0m
[1;94m[*] [0mFuzzing test case #59 (552 total, 0 uniq crashes found)...[0m
[1;94m[*] [0mFuzzing test case #61 (552 total, 0 uniq crashes found)...[0m
[1;94m[*] [0mFuzzing test case #62 (552 total, 0 uniq crashes found)...[0m
[1;94m[*] [0mFuzzing test case #67 (552 total, 0 uniq crashes found)...[0m
[1;94m[*] [0mFuzzing test case #70 (552 total, 0 uniq crashes found)...[0m
[1;94m[*] [0mFuzzing test case #71 (552 total, 0 uniq crashes found)...[0m
[1;94m[*] [0mFuzzing test case #72 (552 total, 0 uniq crashes found)...[0m
[1;94m[*] [0mFuzzing test case #73 (552 total, 0 uniq crashes found)...[0m
[1;94m[*] [0mFuzzing test case #74 (552 total, 0 uniq crashes found)...[0m
[1;94m[*] [0mFuzzing test case #76 (552 total, 0 uniq crashes found)...[0m
[1;94m[*] [0mFuzzing test case #79 (553 total, 0 uniq crashes found)...[0m
[1;94m[*] [0mFuzzing test case #80 (553 total, 0 uniq crashes found)...[0m
[1;94m[*] [0mFuzzing test case #85 (553 total, 0 uniq crashes found)...[0m
[1;94m[*] [0mFuzzing test case #87 (553 total, 0 uniq crashes found)...[0m
[1;94m[*] [0mFuzzing test case #92 (553 total, 0 uniq crashes found)...[0m
[1;94m[*] [0mFuzzing test case #93 (553 total, 0 uniq crashes found)...[0m
[1;94m[*] [0mFuzzing test case #95 (553 total, 0 uniq crashes found)...[0m
[1;94m[*] [0mFuzzing test case #97 (553 total, 0 uniq crashes found)...[0m
[1;94m[*] [0mFuzzing test case #100 (553 total, 0 uniq crashes found)...[0m
[1;94m[*] [0mFuzzing test case #102 (553 total, 0 uniq crashes found)...[0m
[1;94m[*] [0mFuzzing test case #103 (553 total, 0 uniq crashes found)...[0m
[1;94m[*] [0mFuzzing test case #105 (553 total, 0 uniq crashes found)...[0m
[1;94m[*] [0mFuzzing test case #106 (553 total, 0 uniq crashes found)...[0m
[1;94m[*] [0mFuzzing test case #108 (553 total, 0 uniq crashes found)...[0m
[1;94m[*] [0mFuzzing test case #110 (553 total, 0 uniq crashes found)...[0m
[1;94m[*] [0mFuzzing test case #111 (553 total, 0 uniq crashes found)...[0m
[1;94m[*] [0mFuzzing test case #113 (553 total, 0 uniq crashes found)...[0m
[1;94m[*] [0mFuzzing test case #116 (553 total, 0 uniq crashes found)...[0m
[1;94m[*] [0mFuzzing test case #118 (553 total, 0 uniq crashes found)...[0m
[1;94m[*] [0mFuzzing test case #119 (553 total, 0 uniq crashes found)...[0m
[1;94m[*] [0mFuzzing test case #121 (553 total, 0 uniq crashes found)...[0m
[1;94m[*] [0mFuzzing test case #123 (553 total, 0 uniq crashes found)...[0m
[1;94m[*] [0mFuzzing test case #124 (553 total, 0 uniq crashes found)...[0m
[1;94m[*] [0mFuzzing test case #130 (553 total, 0 uniq crashes found)...[0m
[1;94m[*] [0mFuzzing test case #133 (553 total, 0 uniq crashes found)...[0m
[1;94m[*] [0mFuzzing test case #135 (553 total, 0 uniq crashes found)...[0m
[1;94m[*] [0mFuzzing test case #137 (553 total, 0 uniq crashes found)...[0m
[1;94m[*] [0mFuzzing test case #138 (553 total, 0 uniq crashes found)...[0m
[1;94m[*] [0mFuzzing test case #141 (553 total, 0 uniq crashes found)...[0m
[1;94m[*] [0mFuzzing test case #145 (553 total, 0 uniq crashes found)...[0m
[1;94m[*] [0mFuzzing test case #147 (553 total, 0 uniq crashes found)...[0m
[1;94m[*] [0mFuzzing test case #150 (553 total, 0 uniq crashes found)...[0m
[1;94m[*] [0mFuzzing test case #154 (553 total, 0 uniq crashes found)...[0m
[1;94m[*] [0mFuzzing test case #155 (553 total, 0 uniq crashes found)...[0m
[1;94m[*] [0mFuzzing test case #156 (553 total, 0 uniq crashes found)...[0m
[1;94m[*] [0mFuzzing test case #157 (553 total, 0 uniq crashes found)...[0m
[1;94m[*] [0mFuzzing test case #161 (553 total, 0 uniq crashes found)...[0m
[1;94m[*] [0mFuzzing test case #162 (553 total, 0 uniq crashes found)...[0m
[1;94m[*] [0mFuzzing test case #164 (553 total, 0 uniq crashes found)...[0m
[1;94m[*] [0mFuzzing test case #166 (553 total, 0 uniq crashes found)...[0m
[1;94m[*] [0mFuzzing test case #167 (553 total, 0 uniq crashes found)...[0m
[1;94m[*] [0mFuzzing test case #169 (553 total, 0 uniq crashes found)...[0m
[1;94m[*] [0mFuzzing test case #170 (553 total, 0 uniq crashes found)...[0m
[1;94m[*] [0mFuzzing test case #171 (553 total, 0 uniq crashes found)...[0m
[1;94m[*] [0mFuzzing test case #172 (553 total, 0 uniq crashes found)...[0m
[1;94m[*] [0mFuzzing test case #173 (553 total, 0 uniq crashes found)...[0m
[1;94m[*] [0mFuzzing test case #175 (553 total, 0 uniq crashes found)...[0m
[1;94m[*] [0mFuzzing test case #178 (553 total, 0 uniq crashes found)...[0m
[1;94m[*] [0mFuzzing test case #179 (553 total, 0 uniq crashes found)...[0m
[1;94m[*] [0mFuzzing test case #180 (553 total, 0 uniq crashes found)...[0m
[1;94m[*] [0mFuzzing test case #182 (553 total, 0 uniq crashes found)...[0m
[1;94m[*] [0mFuzzing test case #183 (553 total, 0 uniq crashes found)...[0m
[1;94m[*] [0mFuzzing test case #184 (553 total, 0 uniq crashes found)...[0m
[1;94m[*] [0mFuzzing test case #185 (553 total, 0 uniq crashes found)...[0m
[1;94m[*] [0mFuzzing test case #186 (553 total, 0 uniq crashes found)...[0m
[1;94m[*] [0mFuzzing test case #187 (553 total, 0 uniq crashes found)...[0m
[1;94m[*] [0mFuzzing test case #188 (553 total, 0 uniq crashes found)...[0m
[1;94m[*] [0mFuzzing test case #190 (553 total, 0 uniq crashes found)...[0m
[1;94m[*] [0mFuzzing test case #201 (553 total, 0 uniq crashes found)...[0m
[1;94m[*] [0mFuzzing test case #202 (553 total, 0 uniq crashes found)...[0m
[1;94m[*] [0mFuzzing test case #203 (553 total, 0 uniq crashes found)...[0m
[1;94m[*] [0mFuzzing test case #204 (553 total, 0 uniq crashes found)...[0m
[1;94m[*] [0mFuzzing test case #205 (553 total, 0 uniq crashes found)...[0m
[1;94m[*] [0mFuzzing test case #206 (553 total, 0 uniq crashes found)...[0m
[1;94m[*] [0mFuzzing test case #207 (553 total, 0 uniq crashes found)...[0m
[1;94m[*] [0mFuzzing test case #212 (553 total, 0 uniq crashes found)...[0m
[1;94m[*] [0mFuzzing test case #227 (553 total, 0 uniq crashes found)...[0m
[1;94m[*] [0mFuzzing test case #237 (553 total, 0 uniq crashes found)...[0m
[1;94m[*] [0mFuzzing test case #238 (553 total, 0 uniq crashes found)...[0m
[1;94m[*] [0mFuzzing test case #257 (553 total, 0 uniq crashes found)...[0m
[1;94m[*] [0mFuzzing test case #262 (553 total, 0 uniq crashes found)...[0m
[1;94m[*] [0mFuzzing test case #263 (553 total, 0 uniq crashes found)...[0m
[1;94m[*] [0mFuzzing test case #264 (553 total, 0 uniq crashes found)...[0m
[1;94m[*] [0mFuzzing test case #282 (553 total, 0 uniq crashes found)...[0m
[1;94m[*] [0mFuzzing test case #283 (553 total, 0 uniq crashes found)...[0m
[1;94m[*] [0mFuzzing test case #287 (553 total, 0 uniq crashes found)...[0m
[1;94m[*] [0mFuzzing test case #291 (553 total, 0 uniq crashes found)...[0m
[1;94m[*] [0mFuzzing test case #292 (553 total, 0 uniq crashes found)...[0m
[1;94m[*] [0mFuzzing test case #293 (553 total, 0 uniq crashes found)...[0m
[1;94m[*] [0mFuzzing test case #295 (553 total, 0 uniq crashes found)...[0m
[1;94m[*] [0mFuzzing test case #298 (553 total, 0 uniq crashes found)...[0m
[1;94m[*] [0mFuzzing test case #299 (553 total, 0 uniq crashes found)...[0m
[1;94m[*] [0mFuzzing test case #300 (553 total, 0 uniq crashes found)...[0m
[1;94m[*] [0mFuzzing test case #302 (553 total, 0 uniq crashes found)...[0m
[1;94m[*] [0mFuzzing test case #303 (553 total, 0 uniq crashes found)...[0m
[1;94m[*] [0mFuzzing test case #306 (553 total, 0 uniq crashes found)...[0m
[1;94m[*] [0mFuzzing test case #307 (553 total, 0 uniq crashes found)...[0m
[1;94m[*] [0mFuzzing test case #308 (553 total, 0 uniq crashes found)...[0m
[1;94m[*] [0mFuzzing test case #310 (553 total, 0 uniq crashes found)...[0m
[1;94m[*] [0mFuzzing test case #311 (553 total, 0 uniq crashes found)...[0m
[1;94m[*] [0mFuzzing test case #312 (553 total, 0 uniq crashes found)...[0m
[1;94m[*] [0mFuzzing test case #313 (553 total, 0 uniq crashes found)...[0m
[1;94m[*] [0mFuzzing test case #314 (553 total, 0 uniq crashes found)...[0m
[1;94m[*] [0mFuzzing test case #315 (553 total, 0 uniq crashes found)...[0m
[1;94m[*] [0mFuzzing test case #320 (553 total, 0 uniq crashes found)...[0m
[1;94m[*] [0mFuzzing test case #330 (553 total, 0 uniq crashes found)...[0m
[1;94m[*] [0mFuzzing test case #332 (553 total, 0 uniq crashes found)...[0m
[1;94m[*] [0mFuzzing test case #333 (553 total, 0 uniq crashes found)...[0m
[1;94m[*] [0mFuzzing test case #334 (553 total, 0 uniq crashes found)...[0m
[1;94m[*] [0mFuzzing test case #335 (553 total, 0 uniq crashes found)...[0m
[1;94m[*] [0mFuzzing test case #337 (553 total, 0 uniq crashes found)...[0m
[1;94m[*] [0mFuzzing test case #338 (553 total, 0 uniq crashes found)...[0m
[1;94m[*] [0mFuzzing test case #340 (553 total, 0 uniq crashes found)...[0m
[1;94m[*] [0mFuzzing test case #342 (553 total, 0 uniq crashes found)...[0m
[1;94m[*] [0mFuzzing test case #344 (553 total, 0 uniq crashes found)...[0m
[1;94m[*] [0mFuzzing test case #351 (553 total, 0 uniq crashes found)...[0m
[1;94m[*] [0mFuzzing test case #352 (553 total, 0 uniq crashes found)...[0m
[1;94m[*] [0mFuzzing test case #360 (553 total, 0 uniq crashes found)...[0m
[1;94m[*] [0mFuzzing test case #367 (553 total, 0 uniq crashes found)...[0m
[1;94m[*] [0mFuzzing test case #370 (553 total, 0 uniq crashes found)...[0m
[1;94m[*] [0mFuzzing test case #372 (553 total, 0 uniq crashes found)...[0m
[1;94m[*] [0mFuzzing test case #373 (553 total, 0 uniq crashes found)...[0m
[1;94m[*] [0mFuzzing test case #375 (553 total, 0 uniq crashes found)...[0m
[1;94m[*] [0mFuzzing test case #380 (553 total, 0 uniq crashes found)...[0m
[1;94m[*] [0mFuzzing test case #382 (553 total, 0 uniq crashes found)...[0m
[1;94m[*] [0mFuzzing test case #384 (553 total, 0 uniq crashes found)...[0m
[1;94m[*] [0mFuzzing test case #386 (553 total, 0 uniq crashes found)...[0m
[1;94m[*] [0mFuzzing test case #387 (553 total, 0 uniq crashes found)...[0m
[1;94m[*] [0mFuzzing test case #388 (553 total, 0 uniq crashes found)...[0m
[1;94m[*] [0mFuzzing test case #389 (553 total, 0 uniq crashes found)...[0m
[1;94m[*] [0mFuzzing test case #391 (553 total, 0 uniq crashes found)...[0m
[1;94m[*] [0mFuzzing test case #396 (553 total, 0 uniq crashes found)...[0m
[1;94m[*] [0mFuzzing test case #397 (553 total, 0 uniq crashes found)...[0m
[1;94m[*] [0mFuzzing test case #398 (553 total, 0 uniq crashes found)...[0m
[1;94m[*] [0mFuzzing test case #399 (553 total, 0 uniq crashes found)...[0m
[1;94m[*] [0mFuzzing test case #400 (553 total, 0 uniq crashes found)...[0m
[1;94m[*] [0mFuzzing test case #403 (553 total, 0 uniq crashes found)...[0m
[1;94m[*] [0mFuzzing test case #405 (553 total, 0 uniq crashes found)...[0m
[1;94m[*] [0mFuzzing test case #406 (553 total, 0 uniq crashes found)...[0m
[1;94m[*] [0mFuzzing test case #408 (553 total, 0 uniq crashes found)...[0m
[1;94m[*] [0mFuzzing test case #409 (553 total, 0 uniq crashes found)...[0m
[1;94m[*] [0mFuzzing test case #410 (553 total, 0 uniq crashes found)...[0m
[1;94m[*] [0mFuzzing test case #411 (553 total, 0 uniq crashes found)...[0m
[1;94m[*] [0mFuzzing test case #414 (553 total, 0 uniq crashes found)...[0m
[1;94m[*] [0mFuzzing test case #421 (553 total, 0 uniq crashes found)...[0m
[1;94m[*] [0mFuzzing test case #422 (553 total, 0 uniq crashes found)...[0m
[1;94m[*] [0mFuzzing test case #423 (553 total, 0 uniq crashes found)...[0m
[1;94m[*] [0mFuzzing test case #425 (553 total, 0 uniq crashes found)...[0m
[1;94m[*] [0mFuzzing test case #428 (553 total, 0 uniq crashes found)...[0m
[1;94m[*] [0mFuzzing test case #435 (553 total, 0 uniq crashes found)...[0m
[1;94m[*] [0mFuzzing test case #438 (553 total, 0 uniq crashes found)...[0m
[1;94m[*] [0mFuzzing test case #445 (553 total, 0 uniq crashes found)...[0m
[1;94m[*] [0mFuzzing test case #448 (553 total, 0 uniq crashes found)...[0m
[1;94m[*] [0mFuzzing test case #449 (553 total, 0 uniq crashes found)...[0m
[1;94m[*] [0mFuzzing test case #455 (553 total, 0 uniq crashes found)...[0m
[1;94m[*] [0mFuzzing test case #464 (553 total, 0 uniq crashes found)...[0m
[1;94m[*] [0mFuzzing test case #466 (553 total, 0 uniq crashes found)...[0m
[1;94m[*] [0mFuzzing test case #467 (553 total, 0 uniq crashes found)...[0m
[1;94m[*] [0mFuzzing test case #469 (553 total, 0 uniq crashes found)...[0m
[1;94m[*] [0mFuzzing test case #471 (553 total, 0 uniq crashes found)...[0m
[1;94m[*] [0mFuzzing test case #473 (553 total, 0 uniq crashes found)...[0m
[1;94m[*] [0mFuzzing test case #474 (553 total, 0 uniq crashes found)...[0m
[1;94m[*] [0mFuzzing test case #476 (554 total, 0 uniq crashes found)...[0m
[1;94m[*] [0mFuzzing test case #477 (555 total, 0 uniq crashes found)...[0m
[1;94m[*] [0mFuzzing test case #480 (555 total, 0 uniq crashes found)...[0m
[1;94m[*] [0mFuzzing test case #481 (555 total, 0 uniq crashes found)...[0m
[1;94m[*] [0mFuzzing test case #482 (555 total, 0 uniq crashes found)...[0m
[1;94m[*] [0mFuzzing test case #485 (556 total, 0 uniq crashes found)...[0m
[1;94m[*] [0mFuzzing test case #486 (556 total, 0 uniq crashes found)...[0m
[1;94m[*] [0mFuzzing test case #490 (556 total, 0 uniq crashes found)...[0m
[1;94m[*] [0mFuzzing test case #492 (556 total, 0 uniq crashes found)...[0m
[1;94m[*] [0mFuzzing test case #493 (556 total, 0 uniq crashes found)...[0m
[1;94m[*] [0mFuzzing test case #494 (556 total, 0 uniq crashes found)...[0m
[1;94m[*] [0mFuzzing test case #495 (556 total, 0 uniq crashes found)...[0m
[1;94m[*] [0mFuzzing test case #496 (556 total, 0 uniq crashes found)...[0m
[1;94m[*] [0mFuzzing test case #499 (556 total, 0 uniq crashes found)...[0m
[1;94m[*] [0mFuzzing test case #501 (556 total, 0 uniq crashes found)...[0m
[1;94m[*] [0mFuzzing test case #504 (556 total, 0 uniq crashes found)...[0m
[1;94m[*] [0mFuzzing test case #505 (556 total, 0 uniq crashes found)...[0m
[1;94m[*] [0mFuzzing test case #508 (556 total, 0 uniq crashes found)...[0m
[1;94m[*] [0mFuzzing test case #509 (556 total, 0 uniq crashes found)...[0m
[1;94m[*] [0mFuzzing test case #513 (556 total, 0 uniq crashes found)...[0m
[1;94m[*] [0mFuzzing test case #523 (556 total, 0 uniq crashes found)...[0m
[1;94m[*] [0mFuzzing test case #524 (556 total, 0 uniq crashes found)...[0m
[1;94m[*] [0mFuzzing test case #528 (556 total, 0 uniq crashes found)...[0m
[1;94m[*] [0mFuzzing test case #529 (556 total, 0 uniq crashes found)...[0m
[1;94m[*] [0mFuzzing test case #530 (556 total, 0 uniq crashes found)...[0m
[1;94m[*] [0mFuzzing test case #531 (556 total, 0 uniq crashes found)...[0m
[1;94m[*] [0mFuzzing test case #532 (556 total, 0 uniq crashes found)...[0m
[1;94m[*] [0mFuzzing test case #533 (556 total, 0 uniq crashes found)...[0m
[1;94m[*] [0mFuzzing test case #535 (556 total, 0 uniq crashes found)...[0m
[1;94m[*] [0mFuzzing test case #542 (556 total, 0 uniq crashes found)...[0m
[1;94m[*] [0mFuzzing test case #543 (556 total, 0 uniq crashes found)...[0m
[1;94m[*] [0mFuzzing test case #556 (557 total, 0 uniq crashes found)...[0m
[1;94m[*] [0mEntering queue cycle 28.[0m
[1;94m[*] [0mFuzzing test case #5 (557 total, 0 uniq crashes found)...[0m
[1;94m[*] [0mFuzzing test case #10 (562 total, 0 uniq crashes found)...[0m
[1;94m[*] [0mFuzzing test case #92 (562 total, 0 uniq crashes found)...[0m
[1;94m[*] [0mFuzzing test case #170 (562 total, 0 uniq crashes found)...[0m
[1;94m[*] [0mFuzzing test case #453 (562 total, 0 uniq crashes found)...[0m
[1;94m[*] [0mFuzzing test case #478 (562 total, 0 uniq crashes found)...[0m
[1;94m[*] [0mFuzzing test case #546 (567 total, 0 uniq crashes found)...[0m
[1;94m[*] [0mFuzzing test case #557 (567 total, 0 uniq crashes found)...[0m
[1;94m[*] [0mFuzzing test case #563 (567 total, 0 uniq crashes found)...[0m
[1;94m[*] [0mFuzzing test case #566 (734 total, 0 uniq crashes found)...[0m
[1;94m[*] [0mFuzzing test case #577 (766 total, 0 uniq crashes found)...[0m
[1;94m[*] [0mFuzzing test case #579 (769 total, 0 uniq crashes found)...[0m
[1;94m[*] [0mFuzzing test case #580 (770 total, 0 uniq crashes found)...[0m
[1;94m[*] [0mFuzzing test case #582 (792 total, 0 uniq crashes found)...[0m
[1;94m[*] [0mFuzzing test case #591 (795 total, 0 uniq crashes found)...[0m
[1;94m[*] [0mFuzzing test case #598 (799 total, 0 uniq crashes found)...[0m
[1;94m[*] [0mFuzzing test case #602 (800 total, 0 uniq crashes found)...[0m
[1;94m[*] [0mFuzzing test case #603 (801 total, 0 uniq crashes found)...[0m
[1;94m[*] [0mFuzzing test case #610 (807 total, 0 uniq crashes found)...[0m
[1;94m[*] [0mFuzzing test case #617 (807 total, 0 uniq crashes found)...[0m
[1;94m[*] [0mFuzzing test case #667 (814 total, 0 uniq crashes found)...[0m
[1;94m[*] [0mFuzzing test case #695 (815 total, 0 uniq crashes found)...[0m
[1;94m[*] [0mFuzzing test case #696 (816 total, 0 uniq crashes found)...[0m
[1;94m[*] [0mFuzzing test case #709 (828 total, 0 uniq crashes found)...[0m
[1;94m[*] [0mFuzzing test case #720 (830 total, 0 uniq crashes found)...[0m
[1;94m[*] [0mFuzzing test case #721 (849 total, 0 uniq crashes found)...[0m
[1;94m[*] [0mFuzzing test case #722 (854 total, 0 uniq crashes found)...[0m
[1;94m[*] [0mFuzzing test case #723 (854 total, 0 uniq crashes found)...[0m
[1;94m[*] [0mFuzzing test case #726 (870 total, 0 uniq crashes found)...[0m
[1;94m[*] [0mFuzzing test case #727 (875 total, 0 uniq crashes found)...[0m
[1;94m[*] [0mFuzzing test case #731 (877 total, 0 uniq crashes found)...[0m
[1;94m[*] [0mFuzzing test case #733 (886 total, 0 uniq crashes found)...[0m
[1;94m[*] [0mFuzzing test case #735 (886 total, 0 uniq crashes found)...[0m
[1;94m[*] [0mFuzzing test case #739 (890 total, 0 uniq crashes found)...[0m
[1;94m[*] [0mFuzzing test case #755 (909 total, 0 uniq crashes found)...[0m
[1;94m[*] [0mFuzzing test case #764 (917 total, 0 uniq crashes found)...[0m
[1;94m[*] [0mFuzzing test case #772 (927 total, 0 uniq crashes found)...[0m
[1;94m[*] [0mFuzzing test case #788 (928 total, 0 uniq crashes found)...[0m
[1;94m[*] [0mFuzzing test case #791 (936 total, 0 uniq crashes found)...[0m
[1;94m[*] [0mFuzzing test case #792 (940 total, 0 uniq crashes found)...[0m
[1;94m[*] [0mFuzzing test case #794 (940 total, 0 uniq crashes found)...[0m
[1;94m[*] [0mFuzzing test case #801 (948 total, 0 uniq crashes found)...[0m
[1;94m[*] [0mFuzzing test case #802 (949 total, 0 uniq crashes found)...[0m
[1;94m[*] [0mFuzzing test case #803 (962 total, 0 uniq crashes found)...[0m
[1;94m[*] [0mFuzzing test case #830 (962 total, 0 uniq crashes found)...[0m
[1;94m[*] [0mFuzzing test case #836 (963 total, 0 uniq crashes found)...[0m
[1;94m[*] [0mFuzzing test case #840 (964 total, 0 uniq crashes found)...[0m
[1;94m[*] [0mFuzzing test case #843 (973 total, 0 uniq crashes found)...[0m
[1;94m[*] [0mFuzzing test case #844 (974 total, 0 uniq crashes found)...[0m
[1;94m[*] [0mFuzzing test case #850 (981 total, 0 uniq crashes found)...[0m
[1;94m[*] [0mFuzzing test case #870 (982 total, 0 uniq crashes found)...[0m
[1;94m[*] [0mFuzzing test case #875 (988 total, 0 uniq crashes found)...[0m
[1;94m[*] [0mFuzzing test case #877 (989 total, 0 uniq crashes found)...[0m
[1;94m[*] [0mFuzzing test case #883 (996 total, 0 uniq crashes found)...[0m
[1;94m[*] [0mFuzzing test case #889 (996 total, 0 uniq crashes found)...[0m
[1;94m[*] [0mFuzzing test case #892 (999 total, 0 uniq crashes found)...[0m
[1;94m[*] [0mFuzzing test case #894 (999 total, 0 uniq crashes found)...[0m
[1;94m[*] [0mFuzzing test case #919 (1004 total, 0 uniq crashes found)...[0m
[1;94m[*] [0mFuzzing test case #920 (1004 total, 0 uniq crashes found)...[0m
[1;94m[*] [0mFuzzing test case #921 (1004 total, 0 uniq crashes found)...[0m
[1;94m[*] [0mFuzzing test case #922 (1004 total, 0 uniq crashes found)...[0m
[1;94m[*] [0mFuzzing test case #923 (1005 total, 0 uniq crashes found)...[0m
[1;94m[*] [0mFuzzing test case #924 (1005 total, 0 uniq crashes found)...[0m
[1;94m[*] [0mFuzzing test case #925 (1005 total, 0 uniq crashes found)...[0m
[1;94m[*] [0mFuzzing test case #926 (1005 total, 0 uniq crashes found)...[0m
[1;94m[*] [0mFuzzing test case #927 (1014 total, 0 uniq crashes found)...[0m
[1;94m[*] [0mFuzzing test case #928 (1017 total, 0 uniq crashes found)...[0m
[1;94m[*] [0mFuzzing test case #946 (1017 total, 0 uniq crashes found)...[0m
[1;94m[*] [0mFuzzing test case #949 (1044 total, 0 uniq crashes found)...[0m
[1;94m[*] [0mFuzzing test case #956 (1047 total, 0 uniq crashes found)...[0m
[1;94m[*] [0mFuzzing test case #959 (1047 total, 0 uniq crashes found)...[0m
[1;94m[*] [0mFuzzing test case #969 (1047 total, 0 uniq crashes found)...[0m
[1;94m[*] [0mFuzzing test case #970 (1052 total, 0 uniq crashes found)...[0m
[1;94m[*] [0mFuzzing test case #971 (1052 total, 0 uniq crashes found)...[0m
[1;94m[*] [0mFuzzing test case #973 (1055 total, 0 uniq crashes found)...[0m
[1;94m[*] [0mFuzzing test case #975 (1056 total, 0 uniq crashes found)...[0m
[1;94m[*] [0mFuzzing test case #978 (1057 total, 0 uniq crashes found)...[0m
[1;94m[*] [0mFuzzing test case #980 (1057 total, 0 uniq crashes found)...[0m
[1;94m[*] [0mFuzzing test case #981 (1057 total, 0 uniq crashes found)...[0m
[1;94m[*] [0mFuzzing test case #989 (1070 total, 0 uniq crashes found)...[0m
[1;94m[*] [0mFuzzing test case #990 (1080 total, 0 uniq crashes found)...[0m
[1;94m[*] [0mFuzzing test case #991 (1080 total, 0 uniq crashes found)...[0m
[1;94m[*] [0mFuzzing test case #992 (1084 total, 0 uniq crashes found)...[0m
[1;94m[*] [0mFuzzing test case #993 (1089 total, 0 uniq crashes found)...[0m
[1;94m[*] [0mFuzzing test case #994 (1089 total, 0 uniq crashes found)...[0m
[1;94m[*] [0mFuzzing test case #996 (1090 total, 0 uniq crashes found)...[0m
[1;94m[*] [0mFuzzing test case #998 (1093 total, 0 uniq crashes found)...[0m
[1;94m[*] [0mFuzzing test case #999 (1094 total, 0 uniq crashes found)...[0m
[1;94m[*] [0mFuzzing test case #1000 (1097 total, 0 uniq crashes found)...[0m
[1;94m[*] [0mFuzzing test case #1002 (1099 total, 0 uniq crashes found)...[0m
[1;94m[*] [0mFuzzing test case #1003 (1100 total, 0 uniq crashes found)...[0m
[1;94m[*] [0mFuzzing test case #1005 (1100 total, 0 uniq crashes found)...[0m
[1;94m[*] [0mFuzzing test case #1010 (1106 total, 0 uniq crashes found)...[0m
[1;94m[*] [0mFuzzing test case #1014 (1109 total, 0 uniq crashes found)...[0m
[1;94m[*] [0mFuzzing test case #1017 (1110 total, 0 uniq crashes found)...[0m
[1;94m[*] [0mFuzzing test case #1032 (1111 total, 0 uniq crashes found)...[0m
[1;94m[*] [0mFuzzing test case #1044 (1113 total, 0 uniq crashes found)...[0m
[1;94m[*] [0mFuzzing test case #1047 (1114 total, 0 uniq crashes found)...[0m
[1;94m[*] [0mFuzzing test case #1048 (1116 total, 0 uniq crashes found)...[0m
[1;94m[*] [0mFuzzing test case #1051 (1116 total, 0 uniq crashes found)...[0m
[1;94m[*] [0mFuzzing test case #1052 (1117 total, 0 uniq crashes found)...[0m
[1;94m[*] [0mFuzzing test case #1053 (1117 total, 0 uniq crashes found)...[0m
[1;94m[*] [0mFuzzing test case #1093 (1117 total, 0 uniq crashes found)...[0m
[1;94m[*] [0mFuzzing test case #1107 (1117 total, 0 uniq crashes found)...[0m
[1;94m[*] [0mFuzzing test case #1114 (1118 total, 0 uniq crashes found)...[0m
[1;94m[*] [0mFuzzing test case #1117 (1118 total, 0 uniq crashes found)...[0m
[1;94m[*] [0mFuzzing test case #1119 (1125 total, 0 uniq crashes found)...[0m
[1;94m[*] [0mFuzzing test case #1120 (1142 total, 0 uniq crashes found)...[0m
[1;94m[*] [0mFuzzing test case #1124 (1143 total, 0 uniq crashes found)...[0m
[1;94m[*] [0mFuzzing test case #1132 (1148 total, 0 uniq crashes found)...[0m
[1;94m[*] [0mFuzzing test case #1141 (1149 total, 0 uniq crashes found)...[0m
[1;94m[*] [0mFuzzing test case #1142 (1150 total, 0 uniq crashes found)...[0m
[1;94m[*] [0mFuzzing test case #1150 (1152 total, 0 uniq crashes found)...[0m
[1;94m[*] [0mFuzzing test case #1154 (1165 total, 0 uniq crashes found)...[0m
[1;94m[*] [0mFuzzing test case #1158 (1165 total, 0 uniq crashes found)...[0m
[1;94m[*] [0mFuzzing test case #1162 (1166 total, 0 uniq crashes found)...[0m
[1;94m[*] [0mEntering queue cycle 29.[0m
[1;94m[*] [0mFuzzing test case #5 (1166 total, 0 uniq crashes found)...[0m
[1;94m[*] [0mFuzzing test case #8 (1166 total, 0 uniq crashes found)...[0m
[1;94m[*] [0mFuzzing test case #10 (1166 total, 0 uniq crashes found)...[0m
[1;94m[*] [0mFuzzing test case #12 (1166 total, 0 uniq crashes found)...[0m
[1;94m[*] [0mFuzzing test case #15 (1166 total, 0 uniq crashes found)...[0m
[1;94m[*] [0mFuzzing test case #20 (1166 total, 0 uniq crashes found)...[0m
[1;94m[*] [0mFuzzing test case #25 (1166 total, 0 uniq crashes found)...[0m
[1;94m[*] [0mFuzzing test case #27 (1166 total, 0 uniq crashes found)...[0m
[1;94m[*] [0mFuzzing test case #28 (1166 total, 0 uniq crashes found)...[0m
[1;94m[*] [0mFuzzing test case #32 (1166 total, 0 uniq crashes found)...[0m
[1;94m[*] [0mFuzzing test case #33 (1167 total, 0 uniq crashes found)...[0m
[1;94m[*] [0mFuzzing test case #38 (1171 total, 0 uniq crashes found)...[0m
[1;94m[*] [0mFuzzing test case #43 (1174 total, 0 uniq crashes found)...[0m
[1;94m[*] [0mFuzzing test case #46 (1174 total, 0 uniq crashes found)...[0m
[1;94m[*] [0mFuzzing test case #47 (1174 total, 0 uniq crashes found)...[0m
[1;94m[*] [0mFuzzing test case #50 (1174 total, 0 uniq crashes found)...[0m
[1;94m[*] [0mFuzzing test case #51 (1174 total, 0 uniq crashes found)...[0m
[1;94m[*] [0mFuzzing test case #52 (1174 total, 0 uniq crashes found)...[0m
[1;94m[*] [0mFuzzing test case #56 (1174 total, 0 uniq crashes found)...[0m
[1;94m[*] [0mFuzzing test case #57 (1175 total, 0 uniq crashes found)...[0m
[1;94m[*] [0mFuzzing test case #58 (1175 total, 0 uniq crashes found)...[0m
[1;94m[*] [0mFuzzing test case #59 (1175 total, 0 uniq crashes found)...[0m
[1;94m[*] [0mFuzzing test case #61 (1175 total, 0 uniq crashes found)...[0m
[1;94m[*] [0mFuzzing test case #62 (1175 total, 0 uniq crashes found)...[0m
[1;94m[*] [0mFuzzing test case #67 (1175 total, 0 uniq crashes found)...[0m
[1;94m[*] [0mFuzzing test case #70 (1175 total, 0 uniq crashes found)...[0m
[1;94m[*] [0mFuzzing test case #71 (1175 total, 0 uniq crashes found)...[0m
[1;94m[*] [0mFuzzing test case #72 (1175 total, 0 uniq crashes found)...[0m
[1;94m[*] [0mFuzzing test case #73 (1175 total, 0 uniq crashes found)...[0m
[1;94m[*] [0mFuzzing test case #74 (1175 total, 0 uniq crashes found)...[0m
[1;94m[*] [0mFuzzing test case #76 (1175 total, 0 uniq crashes found)...[0m
[1;94m[*] [0mFuzzing test case #80 (1175 total, 0 uniq crashes found)...[0m
[1;94m[*] [0mFuzzing test case #85 (1175 total, 0 uniq crashes found)...[0m
[1;94m[*] [0mFuzzing test case #87 (1175 total, 0 uniq crashes found)...[0m
[1;94m[*] [0mFuzzing test case #92 (1175 total, 0 uniq crashes found)...[0m
[1;94m[*] [0mFuzzing test case #95 (1175 total, 0 uniq crashes found)...[0m
[1;94m[*] [0mFuzzing test case #100 (1175 total, 0 uniq crashes found)...[0m
[1;94m[*] [0mFuzzing test case #102 (1175 total, 0 uniq crashes found)...[0m
[1;94m[*] [0mFuzzing test case #106 (1175 total, 0 uniq crashes found)...[0m
[1;94m[*] [0mFuzzing test case #108 (1175 total, 0 uniq crashes found)...[0m
[1;94m[*] [0mFuzzing test case #110 (1175 total, 0 uniq crashes found)...[0m
[1;94m[*] [0mFuzzing test case #111 (1175 total, 0 uniq crashes found)...[0m
[1;94m[*] [0mFuzzing test case #113 (1175 total, 0 uniq crashes found)...[0m
[1;94m[*] [0mFuzzing test case #116 (1175 total, 0 uniq crashes found)...[0m
[1;94m[*] [0mFuzzing test case #119 (1175 total, 0 uniq crashes found)...[0m
[1;94m[*] [0mFuzzing test case #121 (1175 total, 0 uniq crashes found)...[0m
[1;94m[*] [0mFuzzing test case #123 (1175 total, 0 uniq crashes found)...[0m
[1;94m[*] [0mFuzzing test case #124 (1175 total, 0 uniq crashes found)...[0m
[1;94m[*] [0mFuzzing test case #128 (1175 total, 0 uniq crashes found)...[0m
[1;94m[*] [0mFuzzing test case #130 (1175 total, 0 uniq crashes found)...[0m
[1;94m[*] [0mFuzzing test case #133 (1175 total, 0 uniq crashes found)...[0m
[1;94m[*] [0mFuzzing test case #137 (1175 total, 0 uniq crashes found)...[0m
[1;94m[*] [0mFuzzing test case #138 (1175 total, 0 uniq crashes found)...[0m
[1;94m[*] [0mFuzzing test case #141 (1175 total, 0 uniq crashes found)...[0m
[1;94m[*] [0mFuzzing test case #145 (1175 total, 0 uniq crashes found)...[0m
[1;94m[*] [0mFuzzing test case #147 (1175 total, 0 uniq crashes found)...[0m
[1;94m[*] [0mFuzzing test case #150 (1175 total, 0 uniq crashes found)...[0m
[1;94m[*] [0mFuzzing test case #151 (1175 total, 0 uniq crashes found)...[0m
[1;94m[*] [0mFuzzing test case #154 (1177 total, 0 uniq crashes found)...[0m
[1;94m[*] [0mFuzzing test case #155 (1177 total, 0 uniq crashes found)...[0m
[1;94m[*] [0mFuzzing test case #156 (1180 total, 0 uniq crashes found)...[0m
[1;94m[*] [0mFuzzing test case #161 (1181 total, 0 uniq crashes found)...[0m
[1;94m[*] [0mFuzzing test case #162 (1181 total, 0 uniq crashes found)...[0m
[1;94m[*] [0mFuzzing test case #163 (1182 total, 0 uniq crashes found)...[0m
[1;94m[*] [0mFuzzing test case #166 (1182 total, 0 uniq crashes found)...[0m
[1;94m[*] [0mFuzzing test case #169 (1182 total, 0 uniq crashes found)...[0m
[1;94m[*] [0mFuzzing test case #170 (1182 total, 0 uniq crashes found)...[0m
[1;94m[*] [0mFuzzing test case #171 (1182 total, 0 uniq crashes found)...[0m
[1;94m[*] [0mFuzzing test case #172 (1182 total, 0 uniq crashes found)...[0m
[1;94m[*] [0mFuzzing test case #173 (1182 total, 0 uniq crashes found)...[0m
[1;94m[*] [0mFuzzing test case #175 (1182 total, 0 uniq crashes found)...[0m
[1;94m[*] [0mFuzzing test case #178 (1183 total, 0 uniq crashes found)...[0m
[1;94m[*] [0mFuzzing test case #179 (1183 total, 0 uniq crashes found)...[0m
[1;94m[*] [0mFuzzing test case #180 (1183 total, 0 uniq crashes found)...[0m
[1;94m[*] [0mFuzzing test case #182 (1183 total, 0 uniq crashes found)...[0m
[1;94m[*] [0mFuzzing test case #183 (1183 total, 0 uniq crashes found)...[0m
[1;94m[*] [0mFuzzing test case #184 (1183 total, 0 uniq crashes found)...[0m
[1;94m[*] [0mFuzzing test case #185 (1183 total, 0 uniq crashes found)...[0m
[1;94m[*] [0mFuzzing test case #186 (1183 total, 0 uniq crashes found)...[0m
[1;94m[*] [0mFuzzing test case #187 (1183 total, 0 uniq crashes found)...[0m
[1;94m[*] [0mFuzzing test case #188 (1183 total, 0 uniq crashes found)...[0m
[1;94m[*] [0mFuzzing test case #190 (1183 total, 0 uniq crashes found)...[0m
[1;94m[*] [0mFuzzing test case #191 (1183 total, 0 uniq crashes found)...[0m
[1;94m[*] [0mFuzzing test case #200 (1183 total, 0 uniq crashes found)...[0m
[1;94m[*] [0mFuzzing test case #201 (1185 total, 0 uniq crashes found)...[0m
[1;94m[*] [0mFuzzing test case #202 (1185 total, 0 uniq crashes found)...[0m
[1;94m[*] [0mFuzzing test case #205 (1185 total, 0 uniq crashes found)...[0m
[1;94m[*] [0mFuzzing test case #206 (1185 total, 0 uniq crashes found)...[0m
[1;94m[*] [0mFuzzing test case #207 (1185 total, 0 uniq crashes found)...[0m
[1;94m[*] [0mFuzzing test case #212 (1185 total, 0 uniq crashes found)...[0m
[1;94m[*] [0mFuzzing test case #227 (1186 total, 0 uniq crashes found)...[0m
[1;94m[*] [0mFuzzing test case #232 (1186 total, 0 uniq crashes found)...[0m
[1;94m[*] [0mFuzzing test case #238 (1186 total, 0 uniq crashes found)...[0m
[1;94m[*] [0mFuzzing test case #242 (1186 total, 0 uniq crashes found)...[0m
[1;94m[*] [0mFuzzing test case #254 (1186 total, 0 uniq crashes found)...[0m
[1;94m[*] [0mFuzzing test case #262 (1186 total, 0 uniq crashes found)...[0m
[1;94m[*] [0mFuzzing test case #282 (1186 total, 0 uniq crashes found)...[0m
[1;94m[*] [0mFuzzing test case #287 (1186 total, 0 uniq crashes found)...[0m
[1;94m[*] [0mFuzzing test case #289 (1186 total, 0 uniq crashes found)...[0m
[1;94m[*] [0mFuzzing test case #291 (1186 total, 0 uniq crashes found)...[0m
[1;94m[*] [0mFuzzing test case #292 (1186 total, 0 uniq crashes found)...[0m
[1;94m[*] [0mFuzzing test case #293 (1186 total, 0 uniq crashes found)...[0m
[1;94m[*] [0mFuzzing test case #295 (1186 total, 0 uniq crashes found)...[0m
[1;94m[*] [0mFuzzing test case #298 (1186 total, 0 uniq crashes found)...[0m
[1;94m[*] [0mFuzzing test case #300 (1187 total, 0 uniq crashes found)...[0m
[1;94m[*] [0mFuzzing test case #302 (1187 total, 0 uniq crashes found)...[0m
[1;94m[*] [0mFuzzing test case #303 (1187 total, 0 uniq crashes found)...[0m
[1;94m[*] [0mFuzzing test case #306 (1187 total, 0 uniq crashes found)...[0m
[1;94m[*] [0mFuzzing test case #307 (1187 total, 0 uniq crashes found)...[0m
[1;94m[*] [0mFuzzing test case #308 (1187 total, 0 uniq crashes found)...[0m
[1;94m[*] [0mFuzzing test case #310 (1187 total, 0 uniq crashes found)...[0m
[1;94m[*] [0mFuzzing test case #311 (1187 total, 0 uniq crashes found)...[0m
[1;94m[*] [0mFuzzing test case #312 (1187 total, 0 uniq crashes found)...[0m
[1;94m[*] [0mFuzzing test case #318 (1187 total, 0 uniq crashes found)...[0m
[1;94m[*] [0mFuzzing test case #320 (1187 total, 0 uniq crashes found)...[0m
[1;94m[*] [0mFuzzing test case #331 (1188 total, 0 uniq crashes found)...[0m
[1;94m[*] [0mFuzzing test case #333 (1188 total, 0 uniq crashes found)...[0m
[1;94m[*] [0mFuzzing test case #334 (1188 total, 0 uniq crashes found)...[0m
[1;94m[*] [0mFuzzing test case #335 (1188 total, 0 uniq crashes found)...[0m
[1;94m[*] [0mFuzzing test case #337 (1188 total, 0 uniq crashes found)...[0m
[1;94m[*] [0mFuzzing test case #344 (1188 total, 0 uniq crashes found)...[0m
[1;94m[*] [0mFuzzing test case #352 (1188 total, 0 uniq crashes found)...[0m
[1;94m[*] [0mFuzzing test case #354 (1188 total, 0 uniq crashes found)...[0m
[1;94m[*] [0mFuzzing test case #360 (1188 total, 0 uniq crashes found)...[0m
[1;94m[*] [0mFuzzing test case #363 (1188 total, 0 uniq crashes found)...[0m
[1;94m[*] [0mFuzzing test case #372 (1188 total, 0 uniq crashes found)...[0m
[1;94m[*] [0mFuzzing test case #373 (1188 total, 0 uniq crashes found)...[0m
[1;94m[*] [0mFuzzing test case #374 (1188 total, 0 uniq crashes found)...[0m
[1;94m[*] [0mFuzzing test case #375 (1188 total, 0 uniq crashes found)...[0m
[1;94m[*] [0mFuzzing test case #382 (1188 total, 0 uniq crashes found)...[0m
[1;94m[*] [0mFuzzing test case #384 (1189 total, 0 uniq crashes found)...[0m
[1;94m[*] [0mFuzzing test case #386 (1189 total, 0 uniq crashes found)...[0m
[1;94m[*] [0mFuzzing test case #387 (1189 total, 0 uniq crashes found)...[0m
[1;94m[*] [0mFuzzing test case #389 (1189 total, 0 uniq crashes found)...[0m
[1;94m[*] [0mFuzzing test case #397 (1189 total, 0 uniq crashes found)...[0m
[1;94m[*] [0mFuzzing test case #398 (1189 total, 0 uniq crashes found)...[0m
[1;94m[*] [0mFuzzing test case #399 (1189 total, 0 uniq crashes found)...[0m
[1;94m[*] [0mFuzzing test case #400 (1189 total, 0 uniq crashes found)...[0m
[1;94m[*] [0mFuzzing test case #401 (1189 total, 0 uniq crashes found)...[0m
[1;94m[*] [0mFuzzing test case #403 (1189 total, 0 uniq crashes found)...[0m
[1;94m[*] [0mFuzzing test case #404 (1189 total, 0 uniq crashes found)...[0m
[1;94m[*] [0mFuzzing test case #405 (1189 total, 0 uniq crashes found)...[0m
[1;94m[*] [0mFuzzing test case #407 (1189 total, 0 uniq crashes found)...[0m
[1;94m[*] [0mFuzzing test case #408 (1189 total, 0 uniq crashes found)...[0m
[1;94m[*] [0mFuzzing test case #409 (1189 total, 0 uniq crashes found)...[0m
[1;94m[*] [0mFuzzing test case #414 (1189 total, 0 uniq crashes found)...[0m
[1;94m[*] [0mFuzzing test case #420 (1189 total, 0 uniq crashes found)...[0m
[1;94m[*] [0mFuzzing test case #421 (1189 total, 0 uniq crashes found)...[0m
[1;94m[*] [0mFuzzing test case #422 (1189 total, 0 uniq crashes found)...[0m
[1;94m[*] [0mFuzzing test case #423 (1189 total, 0 uniq crashes found)...[0m
[1;94m[*] [0mFuzzing test case #425 (1190 total, 0 uniq crashes found)...[0m
[1;94m[*] [0mFuzzing test case #426 (1191 total, 0 uniq crashes found)...[0m
[1;94m[*] [0mFuzzing test case #428 (1191 total, 0 uniq crashes found)...[0m
[1;94m[*] [0mFuzzing test case #429 (1191 total, 0 uniq crashes found)...[0m
[1;94m[*] [0mFuzzing test case #430 (1191 total, 0 uniq crashes found)...[0m
[1;94m[*] [0mFuzzing test case #432 (1191 total, 0 uniq crashes found)...[0m
[1;94m[*] [0mFuzzing test case #435 (1191 total, 0 uniq crashes found)...[0m
[1;94m[*] [0mFuzzing test case #438 (1191 total, 0 uniq crashes found)...[0m
[1;94m[*] [0mFuzzing test case #439 (1191 total, 0 uniq crashes found)...[0m
[1;94m[*] [0mFuzzing test case #440 (1191 total, 0 uniq crashes found)...[0m
[1;94m[*] [0mFuzzing test case #448 (1191 total, 0 uniq crashes found)...[0m
[1;94m[*] [0mFuzzing test case #466 (1191 total, 0 uniq crashes found)...[0m
[1;94m[*] [0mFuzzing test case #467 (1191 total, 0 uniq crashes found)...[0m
[1;94m[*] [0mFuzzing test case #469 (1191 total, 0 uniq crashes found)...[0m
[1;94m[*] [0mFuzzing test case #471 (1191 total, 0 uniq crashes found)...[0m
[1;94m[*] [0mFuzzing test case #482 (1191 total, 0 uniq crashes found)...[0m
[1;94m[*] [0mFuzzing test case #485 (1191 total, 0 uniq crashes found)...[0m
[1;94m[*] [0mFuzzing test case #493 (1191 total, 0 uniq crashes found)...[0m
[1;94m[*] [0mFuzzing test case #494 (1191 total, 0 uniq crashes found)...[0m
[1;94m[*] [0mFuzzing test case #564 (1192 total, 0 uniq crashes found)...[0m
[1;94m[*] [0mFuzzing test case #733 (1192 total, 0 uniq crashes found)...[0m
[1;94m[*] [0mFuzzing test case #786 (1194 total, 0 uniq crashes found)...[0m
[1;94m[*] [0mFuzzing test case #930 (1194 total, 0 uniq crashes found)...[0m
[1;94m[*] [0mFuzzing test case #989 (1194 total, 0 uniq crashes found)...[0m
[1;94m[*] [0mFuzzing test case #1019 (1194 total, 0 uniq crashes found)...[0m
[1;94m[*] [0mFuzzing test case #1108 (1194 total, 0 uniq crashes found)...[0m
[1;94m[*] [0mFuzzing test case #1191 (1194 total, 0 uniq crashes found)...[0m
[1;94m[*] [0mFuzzing test case #1194 (1197 total, 0 uniq crashes found)...[0m
[1;94m[*] [0mFuzzing test case #1195 (1199 total, 0 uniq crashes found)...[0m
[1;94m[*] [0mFuzzing test case #1196 (1199 total, 0 uniq crashes found)...[0m
[1;94m[*] [0mFuzzing test case #1197 (1200 total, 0 uniq crashes found)...[0m
[1;94m[*] [0mFuzzing test case #1198 (1200 total, 0 uniq crashes found)...[0m
[1;94m[*] [0mFuzzing test case #1200 (1203 total, 0 uniq crashes found)...[0m
[1;94m[*] [0mFuzzing test case #1201 (1204 total, 0 uniq crashes found)...[0m
[1;94m[*] [0mFuzzing test case #1202 (1204 total, 0 uniq crashes found)...[0m
[1;94m[*] [0mFuzzing test case #1203 (1204 total, 0 uniq crashes found)...[0m
[1;94m[*] [0mEntering queue cycle 30.[0m
[1;94m[*] [0mFuzzing test case #5 (1204 total, 0 uniq crashes found)...[0m
[1;94m[*] [0mFuzzing test case #8 (1204 total, 0 uniq crashes found)...[0m
[1;94m[*] [0mFuzzing test case #12 (1204 total, 0 uniq crashes found)...[0m
[1;94m[*] [0mFuzzing test case #15 (1204 total, 0 uniq crashes found)...[0m
[1;94m[*] [0mFuzzing test case #20 (1204 total, 0 uniq crashes found)...[0m
[1;94m[*] [0mFuzzing test case #24 (1204 total, 0 uniq crashes found)...[0m
[1;94m[*] [0mFuzzing test case #25 (1204 total, 0 uniq crashes found)...[0m
[1;94m[*] [0mFuzzing test case #28 (1204 total, 0 uniq crashes found)...[0m
[1;94m[*] [0mFuzzing test case #32 (1204 total, 0 uniq crashes found)...[0m
[1;94m[*] [0mFuzzing test case #33 (1204 total, 0 uniq crashes found)...[0m
[1;94m[*] [0mFuzzing test case #38 (1204 total, 0 uniq crashes found)...[0m
[1;94m[*] [0mFuzzing test case #44 (1204 total, 0 uniq crashes found)...[0m
[1;94m[*] [0mFuzzing test case #46 (1204 total, 0 uniq crashes found)...[0m
[1;94m[*] [0mFuzzing test case #47 (1204 total, 0 uniq crashes found)...[0m
[1;94m[*] [0mFuzzing test case #50 (1204 total, 0 uniq crashes found)...[0m
[1;94m[*] [0mFuzzing test case #51 (1204 total, 0 uniq crashes found)...[0m
[1;94m[*] [0mFuzzing test case #56 (1204 total, 0 uniq crashes found)...[0m
[1;94m[*] [0mFuzzing test case #57 (1204 total, 0 uniq crashes found)...[0m
[1;94m[*] [0mFuzzing test case #58 (1204 total, 0 uniq crashes found)...[0m
[1;94m[*] [0mFuzzing test case #59 (1204 total, 0 uniq crashes found)...[0m
[1;94m[*] [0mFuzzing test case #61 (1204 total, 0 uniq crashes found)...[0m
[1;94m[*] [0mFuzzing test case #62 (1204 total, 0 uniq crashes found)...[0m
[1;94m[*] [0mFuzzing test case #67 (1204 total, 0 uniq crashes found)...[0m
[1;94m[*] [0mFuzzing test case #70 (1204 total, 0 uniq crashes found)...[0m
[1;94m[*] [0mFuzzing test case #71 (1204 total, 0 uniq crashes found)...[0m
[1;94m[*] [0mFuzzing test case #72 (1204 total, 0 uniq crashes found)...[0m
[1;94m[*] [0mFuzzing test case #73 (1204 total, 0 uniq crashes found)...[0m
[1;94m[*] [0mFuzzing test case #74 (1204 total, 0 uniq crashes found)...[0m
[1;94m[*] [0mFuzzing test case #75 (1204 total, 0 uniq crashes found)...[0m
[1;94m[*] [0mFuzzing test case #76 (1204 total, 0 uniq crashes found)...[0m
[1;94m[*] [0mFuzzing test case #80 (1204 total, 0 uniq crashes found)...[0m
[1;94m[*] [0mFuzzing test case #85 (1204 total, 0 uniq crashes found)...[0m
[1;94m[*] [0mFuzzing test case #87 (1204 total, 0 uniq crashes found)...[0m
[1;94m[*] [0mFuzzing test case #89 (1204 total, 0 uniq crashes found)...[0m
[1;94m[*] [0mFuzzing test case #92 (1204 total, 0 uniq crashes found)...[0m
[1;94m[*] [0mFuzzing test case #95 (1204 total, 0 uniq crashes found)...[0m
[1;94m[*] [0mFuzzing test case #96 (1205 total, 0 uniq crashes found)...[0m
[1;94m[*] [0mFuzzing test case #100 (1205 total, 0 uniq crashes found)...[0m
[1;94m[*] [0mFuzzing test case #102 (1205 total, 0 uniq crashes found)...[0m
[1;94m[*] [0mFuzzing test case #105 (1205 total, 0 uniq crashes found)...[0m
[1;94m[*] [0mFuzzing test case #106 (1205 total, 0 uniq crashes found)...[0m
[1;94m[*] [0mFuzzing test case #108 (1205 total, 0 uniq crashes found)...[0m
[1;94m[*] [0mFuzzing test case #110 (1205 total, 0 uniq crashes found)...[0m
[1;94m[*] [0mFuzzing test case #111 (1205 total, 0 uniq crashes found)...[0m
[1;94m[*] [0mFuzzing test case #113 (1205 total, 0 uniq crashes found)...[0m
[1;94m[*] [0mFuzzing test case #116 (1205 total, 0 uniq crashes found)...[0m
[1;94m[*] [0mFuzzing test case #119 (1205 total, 0 uniq crashes found)...[0m
[1;94m[*] [0mFuzzing test case #121 (1205 total, 0 uniq crashes found)...[0m
[1;94m[*] [0mFuzzing test case #123 (1205 total, 0 uniq crashes found)...[0m
[1;94m[*] [0mFuzzing test case #124 (1205 total, 0 uniq crashes found)...[0m
[1;94m[*] [0mFuzzing test case #130 (1205 total, 0 uniq crashes found)...[0m
[1;94m[*] [0mFuzzing test case #133 (1205 total, 0 uniq crashes found)...[0m
[1;94m[*] [0mFuzzing test case #137 (1205 total, 0 uniq crashes found)...[0m
[1;94m[*] [0mFuzzing test case #138 (1205 total, 0 uniq crashes found)...[0m
[1;94m[*] [0mFuzzing test case #141 (1205 total, 0 uniq crashes found)...[0m
[1;94m[*] [0mFuzzing test case #145 (1205 total, 0 uniq crashes found)...[0m
[1;94m[*] [0mFuzzing test case #147 (1205 total, 0 uniq crashes found)...[0m
[1;94m[*] [0mFuzzing test case #149 (1205 total, 0 uniq crashes found)...[0m
[1;94m[*] [0mFuzzing test case #150 (1205 total, 0 uniq crashes found)...[0m
[1;94m[*] [0mFuzzing test case #154 (1205 total, 0 uniq crashes found)...[0m
[1;94m[*] [0mFuzzing test case #155 (1205 total, 0 uniq crashes found)...[0m
[1;94m[*] [0mFuzzing test case #156 (1205 total, 0 uniq crashes found)...[0m
[1;94m[*] [0mFuzzing test case #161 (1205 total, 0 uniq crashes found)...[0m
[1;94m[*] [0mFuzzing test case #162 (1205 total, 0 uniq crashes found)...[0m
[1;94m[*] [0mFuzzing test case #166 (1205 total, 0 uniq crashes found)...[0m
[1;94m[*] [0mFuzzing test case #169 (1205 total, 0 uniq crashes found)...[0m
[1;94m[*] [0mFuzzing test case #170 (1205 total, 0 uniq crashes found)...[0m
[1;94m[*] [0mFuzzing test case #171 (1205 total, 0 uniq crashes found)...[0m
[1;94m[*] [0mFuzzing test case #172 (1205 total, 0 uniq crashes found)...[0m
[1;94m[*] [0mFuzzing test case #173 (1205 total, 0 uniq crashes found)...[0m
[1;94m[*] [0mFuzzing test case #175 (1205 total, 0 uniq crashes found)...[0m
[1;94m[*] [0mFuzzing test case #178 (1205 total, 0 uniq crashes found)...[0m
[1;94m[*] [0mFuzzing test case #179 (1205 total, 0 uniq crashes found)...[0m
[1;94m[*] [0mFuzzing test case #180 (1205 total, 0 uniq crashes found)...[0m
[1;94m[*] [0mFuzzing test case #182 (1205 total, 0 uniq crashes found)...[0m
[1;94m[*] [0mFuzzing test case #183 (1206 total, 0 uniq crashes found)...[0m
[1;94m[*] [0mFuzzing test case #184 (1206 total, 0 uniq crashes found)...[0m
[1;94m[*] [0mFuzzing test case #185 (1206 total, 0 uniq crashes found)...[0m
[1;94m[*] [0mFuzzing test case #186 (1206 total, 0 uniq crashes found)...[0m
[1;94m[*] [0mFuzzing test case #187 (1206 total, 0 uniq crashes found)...[0m
[1;94m[*] [0mFuzzing test case #188 (1206 total, 0 uniq crashes found)...[0m
[1;94m[*] [0mFuzzing test case #190 (1206 total, 0 uniq crashes found)...[0m
[1;94m[*] [0mFuzzing test case #201 (1206 total, 0 uniq crashes found)...[0m
[1;94m[*] [0mFuzzing test case #202 (1206 total, 0 uniq crashes found)...[0m
[1;94m[*] [0mFuzzing test case #205 (1206 total, 0 uniq crashes found)...[0m
[1;94m[*] [0mFuzzing test case #206 (1206 total, 0 uniq crashes found)...[0m
[1;94m[*] [0mFuzzing test case #207 (1206 total, 0 uniq crashes found)...[0m
[1;94m[*] [0mFuzzing test case #212 (1206 total, 0 uniq crashes found)...[0m
[1;94m[*] [0mFuzzing test case #224 (1206 total, 0 uniq crashes found)...[0m
[1;94m[*] [0mFuzzing test case #225 (1210 total, 0 uniq crashes found)...[0m
[1;94m[*] [0mFuzzing test case #227 (1210 total, 0 uniq crashes found)...[0m
[1;94m[*] [0mFuzzing test case #231 (1210 total, 0 uniq crashes found)...[0m
[1;94m[*] [0mFuzzing test case #238 (1211 total, 0 uniq crashes found)...[0m
[1;94m[*] [0mFuzzing test case #245 (1211 total, 0 uniq crashes found)...[0m
[1;94m[*] [0mFuzzing test case #262 (1211 total, 0 uniq crashes found)...[0m
[1;94m[*] [0mFuzzing test case #275 (1211 total, 0 uniq crashes found)...[0m
[1;94m[*] [0mFuzzing test case #278 (1211 total, 0 uniq crashes found)...[0m
[1;94m[*] [0mFuzzing test case #282 (1211 total, 0 uniq crashes found)...[0m
[1;94m[*] [0mFuzzing test case #287 (1211 total, 0 uniq crashes found)...[0m
[1;94m[*] [0mFuzzing test case #291 (1211 total, 0 uniq crashes found)...[0m
[1;94m[*] [0mFuzzing test case #292 (1211 total, 0 uniq crashes found)...[0m
[1;94m[*] [0mFuzzing test case #293 (1211 total, 0 uniq crashes found)...[0m
[1;94m[*] [0mFuzzing test case #295 (1211 total, 0 uniq crashes found)...[0m
[1;94m[*] [0mFuzzing test case #298 (1211 total, 0 uniq crashes found)...[0m
[1;94m[*] [0mFuzzing test case #300 (1211 total, 0 uniq crashes found)...[0m
[1;94m[*] [0mFuzzing test case #302 (1211 total, 0 uniq crashes found)...[0m
[1;94m[*] [0mFuzzing test case #303 (1211 total, 0 uniq crashes found)...[0m
[1;94m[*] [0mFuzzing test case #305 (1211 total, 0 uniq crashes found)...[0m
[1;94m[*] [0mFuzzing test case #306 (1211 total, 0 uniq crashes found)...[0m
[1;94m[*] [0mFuzzing test case #307 (1211 total, 0 uniq crashes found)...[0m
[1;94m[*] [0mFuzzing test case #308 (1211 total, 0 uniq crashes found)...[0m
[1;94m[*] [0mFuzzing test case #310 (1211 total, 0 uniq crashes found)...[0m
[1;94m[*] [0mFuzzing test case #311 (1211 total, 0 uniq crashes found)...[0m
[1;94m[*] [0mFuzzing test case #312 (1211 total, 0 uniq crashes found)...[0m
[1;94m[*] [0mFuzzing test case #313 (1211 total, 0 uniq crashes found)...[0m
[1;94m[*] [0mFuzzing test case #320 (1211 total, 0 uniq crashes found)...[0m
[1;94m[*] [0mFuzzing test case #333 (1212 total, 0 uniq crashes found)...[0m
[1;94m[*] [0mFuzzing test case #334 (1212 total, 0 uniq crashes found)...[0m
[1;94m[*] [0mFuzzing test case #335 (1212 total, 0 uniq crashes found)...[0m
[1;94m[*] [0mFuzzing test case #337 (1212 total, 0 uniq crashes found)...[0m
[1;94m[*] [0mFuzzing test case #344 (1212 total, 0 uniq crashes found)...[0m
[1;94m[*] [0mFuzzing test case #352 (1212 total, 0 uniq crashes found)...[0m
[1;94m[*] [0mFuzzing test case #354 (1212 total, 0 uniq crashes found)...[0m
[1;94m[*] [0mFuzzing test case #360 (1212 total, 0 uniq crashes found)...[0m
[1;94m[*] [0mFuzzing test case #362 (1212 total, 0 uniq crashes found)...[0m
[1;94m[*] [0mFuzzing test case #363 (1212 total, 0 uniq crashes found)...[0m
[1;94m[*] [0mFuzzing test case #372 (1212 total, 0 uniq crashes found)...[0m
[1;94m[*] [0mFuzzing test case #373 (1212 total, 0 uniq crashes found)...[0m
[1;94m[*] [0mFuzzing test case #375 (1212 total, 0 uniq crashes found)...[0m
[1;94m[*] [0mFuzzing test case #382 (1212 total, 0 uniq crashes found)...[0m
[1;94m[*] [0mFuzzing test case #384 (1212 total, 0 uniq crashes found)...[0m
[1;94m[*] [0mFuzzing test case #386 (1212 total, 0 uniq crashes found)...[0m
[1;94m[*] [0mFuzzing test case #387 (1212 total, 0 uniq crashes found)...[0m
[1;94m[*] [0mFuzzing test case #389 (1212 total, 0 uniq crashes found)...[0m
[1;94m[*] [0mFuzzing test case #397 (1213 total, 0 uniq crashes found)...[0m
[1;94m[*] [0mFuzzing test case #398 (1213 total, 0 uniq crashes found)...[0m
[1;94m[*] [0mFuzzing test case #399 (1213 total, 0 uniq crashes found)...[0m
[1;94m[*] [0mFuzzing test case #400 (1213 total, 0 uniq crashes found)...[0m
[1;94m[*] [0mFuzzing test case #403 (1213 total, 0 uniq crashes found)...[0m
[1;94m[*] [0mFuzzing test case #430 (1214 total, 0 uniq crashes found)...[0m
[1;94m[*] [0mFuzzing test case #568 (1214 total, 0 uniq crashes found)...[0m
[1;94m[*] [0mFuzzing test case #602 (1214 total, 0 uniq crashes found)...[0m
[1;94m[*] [0mFuzzing test case #668 (1214 total, 0 uniq crashes found)...[0m
[1;94m[*] [0mFuzzing test case #740 (1214 total, 0 uniq crashes found)...[0m
[1;94m[*] [0mFuzzing test case #743 (1214 total, 0 uniq crashes found)...[0m
[1;94m[*] [0mFuzzing test case #755 (1214 total, 0 uniq crashes found)...[0m
[1;94m[*] [0mFuzzing test case #871 (1214 total, 0 uniq crashes found)...[0m
[1;94m[*] [0mFuzzing test case #983 (1214 total, 0 uniq crashes found)...[0m
[1;94m[*] [0mFuzzing test case #1213 (1214 total, 0 uniq crashes found)...[0m
[1;94m[*] [0mFuzzing test case #1214 (1219 total, 0 uniq crashes found)...[0m
[1;94m[*] [0mFuzzing test case #1218 (1219 total, 0 uniq crashes found)...[0m
[1;94m[*] [0mEntering queue cycle 31.[0m
[1;94m[*] [0mFuzzing test case #5 (1220 total, 0 uniq crashes found)...[0m
[1;94m[*] [0mFuzzing test case #8 (1220 total, 0 uniq crashes found)...[0m
[1;94m[*] [0mFuzzing test case #12 (1220 total, 0 uniq crashes found)...[0m
[1;94m[*] [0mFuzzing test case #15 (1220 total, 0 uniq crashes found)...[0m
[1;94m[*] [0mFuzzing test case #20 (1220 total, 0 uniq crashes found)...[0m
[1;94m[*] [0mFuzzing test case #25 (1220 total, 0 uniq crashes found)...[0m
[1;94m[*] [0mFuzzing test case #28 (1220 total, 0 uniq crashes found)...[0m
[1;94m[*] [0mFuzzing test case #32 (1220 total, 0 uniq crashes found)...[0m
[1;94m[*] [0mFuzzing test case #33 (1220 total, 0 uniq crashes found)...[0m
[1;94m[*] [0mFuzzing test case #38 (1221 total, 0 uniq crashes found)...[0m
[1;94m[*] [0mFuzzing test case #46 (1221 total, 0 uniq crashes found)...[0m
[1;94m[*] [0mFuzzing test case #47 (1221 total, 0 uniq crashes found)...[0m
[1;94m[*] [0mFuzzing test case #50 (1221 total, 0 uniq crashes found)...[0m
[1;94m[*] [0mFuzzing test case #51 (1221 total, 0 uniq crashes found)...[0m
[1;94m[*] [0mFuzzing test case #53 (1221 total, 0 uniq crashes found)...[0m
[1;94m[*] [0mFuzzing test case #56 (1221 total, 0 uniq crashes found)...[0m
[1;94m[*] [0mFuzzing test case #57 (1221 total, 0 uniq crashes found)...[0m
[1;94m[*] [0mFuzzing test case #58 (1221 total, 0 uniq crashes found)...[0m
[1;94m[*] [0mFuzzing test case #59 (1221 total, 0 uniq crashes found)...[0m
[1;94m[*] [0mFuzzing test case #61 (1221 total, 0 uniq crashes found)...[0m
[1;94m[*] [0mFuzzing test case #62 (1221 total, 0 uniq crashes found)...[0m
[1;94m[*] [0mFuzzing test case #67 (1221 total, 0 uniq crashes found)...[0m
[1;94m[*] [0mFuzzing test case #70 (1221 total, 0 uniq crashes found)...[0m
[1;94m[*] [0mFuzzing test case #71 (1221 total, 0 uniq crashes found)...[0m
[1;94m[*] [0mFuzzing test case #72 (1221 total, 0 uniq crashes found)...[0m
[1;94m[*] [0mFuzzing test case #73 (1221 total, 0 uniq crashes found)...[0m
[1;94m[*] [0mFuzzing test case #74 (1221 total, 0 uniq crashes found)...[0m
[1;94m[*] [0mFuzzing test case #76 (1221 total, 0 uniq crashes found)...[0m
[1;94m[*] [0mFuzzing test case #80 (1221 total, 0 uniq crashes found)...[0m
[1;94m[*] [0mFuzzing test case #85 (1221 total, 0 uniq crashes found)...[0m
[1;94m[*] [0mFuzzing test case #87 (1221 total, 0 uniq crashes found)...[0m
[1;94m[*] [0mFuzzing test case #92 (1221 total, 0 uniq crashes found)...[0m
[1;94m[*] [0mFuzzing test case #95 (1221 total, 0 uniq crashes found)...[0m
[1;94m[*] [0mFuzzing test case #100 (1221 total, 0 uniq crashes found)...[0m
[1;94m[*] [0mFuzzing test case #102 (1221 total, 0 uniq crashes found)...[0m
[1;94m[*] [0mFuzzing test case #106 (1221 total, 0 uniq crashes found)...[0m
[1;94m[*] [0mFuzzing test case #108 (1221 total, 0 uniq crashes found)...[0m
[1;94m[*] [0mFuzzing test case #110 (1221 total, 0 uniq crashes found)...[0m
[1;94m[*] [0mFuzzing test case #111 (1221 total, 0 uniq crashes found)...[0m
[1;94m[*] [0mFuzzing test case #113 (1221 total, 0 uniq crashes found)...[0m
[1;94m[*] [0mFuzzing test case #116 (1221 total, 0 uniq crashes found)...[0m
[1;94m[*] [0mFuzzing test case #119 (1221 total, 0 uniq crashes found)...[0m
[1;94m[*] [0mFuzzing test case #121 (1221 total, 0 uniq crashes found)...[0m
[1;94m[*] [0mFuzzing test case #123 (1221 total, 0 uniq crashes found)...[0m
[1;94m[*] [0mFuzzing test case #124 (1221 total, 0 uniq crashes found)...[0m
[1;94m[*] [0mFuzzing test case #130 (1221 total, 0 uniq crashes found)...[0m
[1;94m[*] [0mFuzzing test case #132 (1221 total, 0 uniq crashes found)...[0m
[1;94m[*] [0mFuzzing test case #133 (1221 total, 0 uniq crashes found)...[0m
[1;94m[*] [0mFuzzing test case #136 (1221 total, 0 uniq crashes found)...[0m
[1;94m[*] [0mFuzzing test case #137 (1221 total, 0 uniq crashes found)...[0m
[1;94m[*] [0mFuzzing test case #138 (1221 total, 0 uniq crashes found)...[0m
[1;94m[*] [0mFuzzing test case #141 (1221 total, 0 uniq crashes found)...[0m
[1;94m[*] [0mFuzzing test case #145 (1221 total, 0 uniq crashes found)...[0m
[1;94m[*] [0mFuzzing test case #147 (1221 total, 0 uniq crashes found)...[0m
[1;94m[*] [0mFuzzing test case #150 (1221 total, 0 uniq crashes found)...[0m
[1;94m[*] [0mFuzzing test case #154 (1221 total, 0 uniq crashes found)...[0m
[1;94m[*] [0mFuzzing test case #155 (1221 total, 0 uniq crashes found)...[0m
[1;94m[*] [0mFuzzing test case #156 (1221 total, 0 uniq crashes found)...[0m
[1;94m[*] [0mFuzzing test case #159 (1221 total, 0 uniq crashes found)...[0m
[1;94m[*] [0mFuzzing test case #161 (1221 total, 0 uniq crashes found)...[0m
[1;94m[*] [0mFuzzing test case #162 (1221 total, 0 uniq crashes found)...[0m
[1;94m[*] [0mFuzzing test case #166 (1221 total, 0 uniq crashes found)...[0m
[1;94m[*] [0mFuzzing test case #169 (1221 total, 0 uniq crashes found)...[0m
[1;94m[*] [0mFuzzing test case #170 (1221 total, 0 uniq crashes found)...[0m
[1;94m[*] [0mFuzzing test case #171 (1221 total, 0 uniq crashes found)...[0m
[1;94m[*] [0mFuzzing test case #172 (1221 total, 0 uniq crashes found)...[0m
[1;94m[*] [0mFuzzing test case #173 (1221 total, 0 uniq crashes found)...[0m
[1;94m[*] [0mFuzzing test case #175 (1221 total, 0 uniq crashes found)...[0m
[1;94m[*] [0mFuzzing test case #178 (1221 total, 0 uniq crashes found)...[0m
[1;94m[*] [0mFuzzing test case #179 (1221 total, 0 uniq crashes found)...[0m
[1;94m[*] [0mFuzzing test case #180 (1221 total, 0 uniq crashes found)...[0m
[1;94m[*] [0mFuzzing test case #181 (1221 total, 0 uniq crashes found)...[0m
[1;94m[*] [0mFuzzing test case #182 (1221 total, 0 uniq crashes found)...[0m
[1;94m[*] [0mFuzzing test case #183 (1221 total, 0 uniq crashes found)...[0m
[1;94m[*] [0mFuzzing test case #184 (1221 total, 0 uniq crashes found)...[0m
[1;94m[*] [0mFuzzing test case #185 (1221 total, 0 uniq crashes found)...[0m
[1;94m[*] [0mFuzzing test case #186 (1221 total, 0 uniq crashes found)...[0m
[1;94m[*] [0mFuzzing test case #187 (1221 total, 0 uniq crashes found)...[0m
[1;94m[*] [0mFuzzing test case #188 (1221 total, 0 uniq crashes found)...[0m
[1;94m[*] [0mFuzzing test case #190 (1222 total, 0 uniq crashes found)...[0m
[1;94m[*] [0mFuzzing test case #201 (1222 total, 0 uniq crashes found)...[0m
[1;94m[*] [0mFuzzing test case #202 (1222 total, 0 uniq crashes found)...[0m
[1;94m[*] [0mFuzzing test case #205 (1222 total, 0 uniq crashes found)...[0m
[1;94m[*] [0mFuzzing test case #206 (1222 total, 0 uniq crashes found)...[0m
[1;94m[*] [0mFuzzing test case #207 (1222 total, 0 uniq crashes found)...[0m
[1;94m[*] [0mFuzzing test case #212 (1222 total, 0 uniq crashes found)...[0m
[1;94m[*] [0mFuzzing test case #224 (1222 total, 0 uniq crashes found)...[0m
[1;94m[*] [0mFuzzing test case #227 (1224 total, 0 uniq crashes found)...[0m
[1;94m[*] [0mFuzzing test case #238 (1224 total, 0 uniq crashes found)...[0m
[1;94m[*] [0mFuzzing test case #246 (1224 total, 0 uniq crashes found)...[0m
[1;94m[*] [0mFuzzing test case #259 (1224 total, 0 uniq crashes found)...[0m
[1;94m[*] [0mFuzzing test case #262 (1224 total, 0 uniq crashes found)...[0m
[1;94m[*] [0mFuzzing test case #263 (1224 total, 0 uniq crashes found)...[0m
[1;94m[*] [0mFuzzing test case #282 (1224 total, 0 uniq crashes found)...[0m
[1;94m[*] [0mFuzzing test case #287 (1224 total, 0 uniq crashes found)...[0m
[1;94m[*] [0mFuzzing test case #291 (1224 total, 0 uniq crashes found)...[0m
[1;94m[*] [0mFuzzing test case #293 (1224 total, 0 uniq crashes found)...[0m
[1;94m[*] [0mFuzzing test case #295 (1224 total, 0 uniq crashes found)...[0m
[1;94m[*] [0mFuzzing test case #297 (1224 total, 0 uniq crashes found)...[0m
[1;94m[*] [0mFuzzing test case #298 (1224 total, 0 uniq crashes found)...[0m
[1;94m[*] [0mFuzzing test case #300 (1224 total, 0 uniq crashes found)...[0m
[1;94m[*] [0mFuzzing test case #302 (1224 total, 0 uniq crashes found)...[0m
[1;94m[*] [0mFuzzing test case #303 (1224 total, 0 uniq crashes found)...[0m
[1;94m[*] [0mFuzzing test case #306 (1224 total, 0 uniq crashes found)...[0m
[1;94m[*] [0mFuzzing test case #307 (1224 total, 0 uniq crashes found)...[0m
[1;94m[*] [0mFuzzing test case #308 (1224 total, 0 uniq crashes found)...[0m
[1;94m[*] [0mFuzzing test case #309 (1224 total, 0 uniq crashes found)...[0m
[1;94m[*] [0mFuzzing test case #310 (1224 total, 0 uniq crashes found)...[0m
[1;94m[*] [0mFuzzing test case #311 (1224 total, 0 uniq crashes found)...[0m
[1;94m[*] [0mFuzzing test case #312 (1224 total, 0 uniq crashes found)...[0m
[1;94m[*] [0mFuzzing test case #319 (1225 total, 0 uniq crashes found)...[0m
[1;94m[*] [0mFuzzing test case #320 (1225 total, 0 uniq crashes found)...[0m
[1;94m[*] [0mFuzzing test case #324 (1225 total, 0 uniq crashes found)...[0m
[1;94m[*] [0mFuzzing test case #333 (1225 total, 0 uniq crashes found)...[0m
[1;94m[*] [0mFuzzing test case #334 (1225 total, 0 uniq crashes found)...[0m
[1;94m[*] [0mFuzzing test case #335 (1225 total, 0 uniq crashes found)...[0m
[1;94m[*] [0mFuzzing test case #337 (1225 total, 0 uniq crashes found)...[0m
[1;94m[*] [0mFuzzing test case #338 (1225 total, 0 uniq crashes found)...[0m
[1;94m[*] [0mFuzzing test case #344 (1225 total, 0 uniq crashes found)...[0m
[1;94m[*] [0mFuzzing test case #352 (1225 total, 0 uniq crashes found)...[0m
[1;94m[*] [0mFuzzing test case #354 (1225 total, 0 uniq crashes found)...[0m
[1;94m[*] [0mFuzzing test case #357 (1225 total, 0 uniq crashes found)...[0m
[1;94m[*] [0mFuzzing test case #360 (1225 total, 0 uniq crashes found)...[0m
[1;94m[*] [0mFuzzing test case #364 (1225 total, 0 uniq crashes found)...[0m
[1;94m[*] [0mFuzzing test case #372 (1225 total, 0 uniq crashes found)...[0m
[1;94m[*] [0mFuzzing test case #373 (1225 total, 0 uniq crashes found)...[0m
[1;94m[*] [0mFuzzing test case #375 (1225 total, 0 uniq crashes found)...[0m
[1;94m[*] [0mFuzzing test case #382 (1225 total, 0 uniq crashes found)...[0m
[1;94m[*] [0mFuzzing test case #383 (1225 total, 0 uniq crashes found)...[0m
[1;94m[*] [0mFuzzing test case #384 (1225 total, 0 uniq crashes found)...[0m
[1;94m[*] [0mFuzzing test case #386 (1225 total, 0 uniq crashes found)...[0m
[1;94m[*] [0mFuzzing test case #387 (1225 total, 0 uniq crashes found)...[0m
[1;94m[*] [0mFuzzing test case #389 (1225 total, 0 uniq crashes found)...[0m
[1;94m[*] [0mFuzzing test case #397 (1225 total, 0 uniq crashes found)...[0m
[1;94m[*] [0mFuzzing test case #398 (1225 total, 0 uniq crashes found)...[0m
[1;94m[*] [0mFuzzing test case #399 (1225 total, 0 uniq crashes found)...[0m
[1;94m[*] [0mFuzzing test case #400 (1225 total, 0 uniq crashes found)...[0m
[1;94m[*] [0mFuzzing test case #403 (1225 total, 0 uniq crashes found)...[0m
[1;94m[*] [0mFuzzing test case #405 (1225 total, 0 uniq crashes found)...[0m
[1;94m[*] [0mFuzzing test case #408 (1225 total, 0 uniq crashes found)...[0m
[1;94m[*] [0mFuzzing test case #409 (1225 total, 0 uniq crashes found)...[0m
[1;94m[*] [0mFuzzing test case #414 (1225 total, 0 uniq crashes found)...[0m
[1;94m[*] [0mFuzzing test case #421 (1225 total, 0 uniq crashes found)...[0m
[1;94m[*] [0mFuzzing test case #422 (1225 total, 0 uniq crashes found)...[0m
[1;94m[*] [0mFuzzing test case #423 (1226 total, 0 uniq crashes found)...[0m
[1;94m[*] [0mFuzzing test case #425 (1226 total, 0 uniq crashes found)...[0m
[1;94m[*] [0mFuzzing test case #428 (1226 total, 0 uniq crashes found)...[0m
[1;94m[*] [0mFuzzing test case #435 (1226 total, 0 uniq crashes found)...[0m
[1;94m[*] [0mFuzzing test case #438 (1226 total, 0 uniq crashes found)...[0m
[1;94m[*] [0mFuzzing test case #447 (1227 total, 0 uniq crashes found)...[0m
[1;94m[*] [0mFuzzing test case #448 (1228 total, 0 uniq crashes found)...[0m
[1;94m[*] [0mFuzzing test case #466 (1228 total, 0 uniq crashes found)...[0m
[1;94m[*] [0mFuzzing test case #467 (1228 total, 0 uniq crashes found)...[0m
[1;94m[*] [0mFuzzing test case #469 (1228 total, 0 uniq crashes found)...[0m
[1;94m[*] [0mFuzzing test case #471 (1228 total, 0 uniq crashes found)...[0m
[1;94m[*] [0mFuzzing test case #482 (1228 total, 0 uniq crashes found)...[0m
[1;94m[*] [0mFuzzing test case #485 (1228 total, 0 uniq crashes found)...[0m
[1;94m[*] [0mFuzzing test case #486 (1228 total, 0 uniq crashes found)...[0m
[1;94m[*] [0mFuzzing test case #493 (1228 total, 0 uniq crashes found)...[0m
[1;94m[*] [0mFuzzing test case #494 (1228 total, 0 uniq crashes found)...[0m
[1;94m[*] [0mFuzzing test case #495 (1228 total, 0 uniq crashes found)...[0m
[1;94m[*] [0mFuzzing test case #511 (1228 total, 0 uniq crashes found)...[0m
[1;94m[*] [0mFuzzing test case #516 (1228 total, 0 uniq crashes found)...[0m
[1;94m[*] [0mFuzzing test case #523 (1228 total, 0 uniq crashes found)...[0m
[1;94m[*] [0mFuzzing test case #524 (1228 total, 0 uniq crashes found)...[0m
[1;94m[*] [0mFuzzing test case #528 (1228 total, 0 uniq crashes found)...[0m
[1;94m[*] [0mFuzzing test case #529 (1228 total, 0 uniq crashes found)...[0m
[1;94m[*] [0mFuzzing test case #530 (1228 total, 0 uniq crashes found)...[0m
[1;94m[*] [0mFuzzing test case #531 (1228 total, 0 uniq crashes found)...[0m
[1;94m[*] [0mFuzzing test case #534 (1228 total, 0 uniq crashes found)...[0m
[1;94m[*] [0mFuzzing test case #538 (1228 total, 0 uniq crashes found)...[0m
[1;94m[*] [0mFuzzing test case #540 (1228 total, 0 uniq crashes found)...[0m
[1;94m[*] [0mFuzzing test case #542 (1228 total, 0 uniq crashes found)...[0m
[1;94m[*] [0mFuzzing test case #543 (1228 total, 0 uniq crashes found)...[0m
[1;94m[*] [0mFuzzing test case #551 (1228 total, 0 uniq crashes found)...[0m
[1;94m[*] [0mFuzzing test case #556 (1228 total, 0 uniq crashes found)...[0m
[1;94m[*] [0mFuzzing test case #557 (1228 total, 0 uniq crashes found)...[0m
[1;94m[*] [0mFuzzing test case #560 (1229 total, 0 uniq crashes found)...[0m
[1;94m[*] [0mFuzzing test case #561 (1229 total, 0 uniq crashes found)...[0m
[1;94m[*] [0mFuzzing test case #565 (1229 total, 0 uniq crashes found)...[0m
[1;94m[*] [0mFuzzing test case #567 (1229 total, 0 uniq crashes found)...[0m
[1;94m[*] [0mFuzzing test case #571 (1229 total, 0 uniq crashes found)...[0m
[1;94m[*] [0mFuzzing test case #573 (1229 total, 0 uniq crashes found)...[0m
[1;94m[*] [0mFuzzing test case #575 (1229 total, 0 uniq crashes found)...[0m
[1;94m[*] [0mFuzzing test case #581 (1229 total, 0 uniq crashes found)...[0m
[1;94m[*] [0mFuzzing test case #593 (1229 total, 0 uniq crashes found)...[0m
[1;94m[*] [0mFuzzing test case #600 (1229 total, 0 uniq crashes found)...[0m
[1;94m[*] [0mFuzzing test case #612 (1229 total, 0 uniq crashes found)...[0m
[1;94m[*] [0mFuzzing test case #613 (1229 total, 0 uniq crashes found)...[0m
[1;94m[*] [0mFuzzing test case #616 (1229 total, 0 uniq crashes found)...[0m
[1;94m[*] [0mFuzzing test case #621 (1229 total, 0 uniq crashes found)...[0m
[1;94m[*] [0mFuzzing test case #623 (1229 total, 0 uniq crashes found)...[0m
[1;94m[*] [0mFuzzing test case #626 (1229 total, 0 uniq crashes found)...[0m
[1;94m[*] [0mFuzzing test case #630 (1229 total, 0 uniq crashes found)...[0m
[1;94m[*] [0mFuzzing test case #633 (1230 total, 0 uniq crashes found)...[0m
[1;94m[*] [0mFuzzing test case #640 (1230 total, 0 uniq crashes found)...[0m
[1;94m[*] [0mFuzzing test case #641 (1230 total, 0 uniq crashes found)...[0m
[1;94m[*] [0mFuzzing test case #642 (1230 total, 0 uniq crashes found)...[0m
[1;94m[*] [0mFuzzing test case #651 (1237 total, 0 uniq crashes found)...[0m
[1;94m[*] [0mFuzzing test case #652 (1242 total, 0 uniq crashes found)...[0m
[1;94m[*] [0mFuzzing test case #653 (1242 total, 0 uniq crashes found)...[0m
[1;94m[*] [0mFuzzing test case #663 (1242 total, 0 uniq crashes found)...[0m
[1;94m[*] [0mFuzzing test case #664 (1242 total, 0 uniq crashes found)...[0m
[1;94m[*] [0mFuzzing test case #671 (1242 total, 0 uniq crashes found)...[0m
[1;94m[*] [0mFuzzing test case #673 (1242 total, 0 uniq crashes found)...[0m
[1;94m[*] [0mFuzzing test case #684 (1242 total, 0 uniq crashes found)...[0m
[1;94m[*] [0mFuzzing test case #685 (1242 total, 0 uniq crashes found)...[0m
[1;94m[*] [0mFuzzing test case #695 (1242 total, 0 uniq crashes found)...[0m
[1;94m[*] [0mFuzzing test case #707 (1242 total, 0 uniq crashes found)...[0m
[1;94m[*] [0mFuzzing test case #709 (1242 total, 0 uniq crashes found)...[0m
[1;94m[*] [0mFuzzing test case #711 (1242 total, 0 uniq crashes found)...[0m
[1;94m[*] [0mFuzzing test case #716 (1242 total, 0 uniq crashes found)...[0m
[1;94m[*] [0mFuzzing test case #719 (1242 total, 0 uniq crashes found)...[0m
[1;94m[*] [0mFuzzing test case #720 (1242 total, 0 uniq crashes found)...[0m
[1;94m[*] [0mFuzzing test case #722 (1242 total, 0 uniq crashes found)...[0m
[1;94m[*] [0mFuzzing test case #723 (1242 total, 0 uniq crashes found)...[0m
[1;94m[*] [0mFuzzing test case #724 (1242 total, 0 uniq crashes found)...[0m
[1;94m[*] [0mFuzzing test case #732 (1242 total, 0 uniq crashes found)...[0m
[1;94m[*] [0mFuzzing test case #733 (1242 total, 0 uniq crashes found)...[0m
[1;94m[*] [0mFuzzing test case #734 (1242 total, 0 uniq crashes found)...[0m
[1;94m[*] [0mFuzzing test case #735 (1242 total, 0 uniq crashes found)...[0m
[1;94m[*] [0mFuzzing test case #736 (1243 total, 0 uniq crashes found)...[0m
[1;94m[*] [0mFuzzing test case #739 (1243 total, 0 uniq crashes found)...[0m
[1;94m[*] [0mFuzzing test case #741 (1243 total, 0 uniq crashes found)...[0m
[1;94m[*] [0mFuzzing test case #744 (1243 total, 0 uniq crashes found)...[0m
[1;94m[*] [0mFuzzing test case #745 (1243 total, 0 uniq crashes found)...[0m
[1;94m[*] [0mFuzzing test case #746 (1243 total, 0 uniq crashes found)...[0m
[1;94m[*] [0mFuzzing test case #751 (1243 total, 0 uniq crashes found)...[0m
[1;94m[*] [0mFuzzing test case #764 (1243 total, 0 uniq crashes found)...[0m
[1;94m[*] [0mFuzzing test case #770 (1243 total, 0 uniq crashes found)...[0m
[1;94m[*] [0mFuzzing test case #775 (1243 total, 0 uniq crashes found)...[0m
[1;94m[*] [0mFuzzing test case #777 (1243 total, 0 uniq crashes found)...[0m
[1;94m[*] [0mFuzzing test case #780 (1243 total, 0 uniq crashes found)...[0m
[1;94m[*] [0mFuzzing test case #781 (1243 total, 0 uniq crashes found)...[0m
[1;94m[*] [0mFuzzing test case #782 (1243 total, 0 uniq crashes found)...[0m
[1;94m[*] [0mFuzzing test case #788 (1243 total, 0 uniq crashes found)...[0m
[1;94m[*] [0mFuzzing test case #791 (1243 total, 0 uniq crashes found)...[0m
[1;94m[*] [0mFuzzing test case #792 (1243 total, 0 uniq crashes found)...[0m
[1;94m[*] [0mFuzzing test case #793 (1243 total, 0 uniq crashes found)...[0m
[1;94m[*] [0mFuzzing test case #794 (1243 total, 0 uniq crashes found)...[0m
[1;94m[*] [0mFuzzing test case #796 (1243 total, 0 uniq crashes found)...[0m
[1;94m[*] [0mFuzzing test case #800 (1243 total, 0 uniq crashes found)...[0m
[1;94m[*] [0mFuzzing test case #801 (1243 total, 0 uniq crashes found)...[0m
[1;94m[*] [0mFuzzing test case #802 (1243 total, 0 uniq crashes found)...[0m
[1;94m[*] [0mFuzzing test case #803 (1243 total, 0 uniq crashes found)...[0m
[1;94m[*] [0mFuzzing test case #807 (1243 total, 0 uniq crashes found)...[0m
[1;94m[*] [0mFuzzing test case #821 (1243 total, 0 uniq crashes found)...[0m
[1;94m[*] [0mFuzzing test case #825 (1243 total, 0 uniq crashes found)...[0m
[1;94m[*] [0mFuzzing test case #828 (1243 total, 0 uniq crashes found)...[0m
[1;94m[*] [0mFuzzing test case #833 (1252 total, 0 uniq crashes found)...[0m
[1;94m[*] [0mFuzzing test case #836 (1252 total, 0 uniq crashes found)...[0m
[1;94m[*] [0mFuzzing test case #841 (1252 total, 0 uniq crashes found)...[0m
[1;94m[*] [0mFuzzing test case #843 (1252 total, 0 uniq crashes found)...[0m
[1;94m[*] [0mFuzzing test case #845 (1252 total, 0 uniq crashes found)...[0m
[1;94m[*] [0mFuzzing test case #848 (1253 total, 0 uniq crashes found)...[0m
[1;94m[*] [0mFuzzing test case #854 (1254 total, 0 uniq crashes found)...[0m
[1;94m[*] [0mFuzzing test case #859 (1254 total, 0 uniq crashes found)...[0m
[1;94m[*] [0mFuzzing test case #867 (1254 total, 0 uniq crashes found)...[0m
[1;94m[*] [0mFuzzing test case #870 (1254 total, 0 uniq crashes found)...[0m
[1;94m[*] [0mFuzzing test case #874 (1254 total, 0 uniq crashes found)...[0m
[1;94m[*] [0mFuzzing test case #875 (1254 total, 0 uniq crashes found)...[0m
[1;94m[*] [0mFuzzing test case #876 (1255 total, 0 uniq crashes found)...[0m
[1;94m[*] [0mFuzzing test case #879 (1255 total, 0 uniq crashes found)...[0m
[1;94m[*] [0mFuzzing test case #883 (1257 total, 0 uniq crashes found)...[0m
[1;94m[*] [0mFuzzing test case #889 (1257 total, 0 uniq crashes found)...[0m
[1;94m[*] [0mFuzzing test case #890 (1257 total, 0 uniq crashes found)...[0m
[1;94m[*] [0mFuzzing test case #892 (1257 total, 0 uniq crashes found)...[0m
[1;94m[*] [0mFuzzing test case #894 (1257 total, 0 uniq crashes found)...[0m
[1;94m[*] [0mFuzzing test case #897 (1257 total, 0 uniq crashes found)...[0m
[1;94m[*] [0mFuzzing test case #899 (1257 total, 0 uniq crashes found)...[0m
[1;94m[*] [0mFuzzing test case #900 (1257 total, 0 uniq crashes found)...[0m
[1;94m[*] [0mFuzzing test case #908 (1257 total, 0 uniq crashes found)...[0m
[1;94m[*] [0mFuzzing test case #916 (1257 total, 0 uniq crashes found)...[0m
[1;94m[*] [0mFuzzing test case #919 (1258 total, 0 uniq crashes found)...[0m
[1;94m[*] [0mFuzzing test case #920 (1258 total, 0 uniq crashes found)...[0m
[1;94m[*] [0mFuzzing test case #923 (1258 total, 0 uniq crashes found)...[0m
[1;94m[*] [0mFuzzing test case #924 (1258 total, 0 uniq crashes found)...[0m
[1;94m[*] [0mFuzzing test case #925 (1258 total, 0 uniq crashes found)...[0m
[1;94m[*] [0mFuzzing test case #926 (1258 total, 0 uniq crashes found)...[0m
[1;94m[*] [0mFuzzing test case #927 (1258 total, 0 uniq crashes found)...[0m
[1;94m[*] [0mFuzzing test case #928 (1258 total, 0 uniq crashes found)...[0m
[1;94m[*] [0mFuzzing test case #931 (1258 total, 0 uniq crashes found)...[0m
[1;94m[*] [0mFuzzing test case #940 (1258 total, 0 uniq crashes found)...[0m
[1;94m[*] [0mFuzzing test case #941 (1260 total, 0 uniq crashes found)...[0m
[1;94m[*] [0mFuzzing test case #950 (1260 total, 0 uniq crashes found)...[0m
[1;94m[*] [0mFuzzing test case #1046 (1260 total, 0 uniq crashes found)...[0m
[1;94m[*] [0mFuzzing test case #1047 (1260 total, 0 uniq crashes found)...[0m
[1;94m[*] [0mFuzzing test case #1048 (1267 total, 0 uniq crashes found)...[0m
[1;94m[*] [0mFuzzing test case #1050 (1267 total, 0 uniq crashes found)...[0m
[1;94m[*] [0mFuzzing test case #1051 (1267 total, 0 uniq crashes found)...[0m
[1;94m[*] [0mFuzzing test case #1052 (1267 total, 0 uniq crashes found)...[0m
[1;94m[*] [0mFuzzing test case #1053 (1267 total, 0 uniq crashes found)...[0m
[1;94m[*] [0mFuzzing test case #1054 (1268 total, 0 uniq crashes found)...[0m
[1;94m[*] [0mFuzzing test case #1055 (1268 total, 0 uniq crashes found)...[0m
[1;94m[*] [0mFuzzing test case #1062 (1268 total, 0 uniq crashes found)...[0m
[1;94m[*] [0mFuzzing test case #1068 (1268 total, 0 uniq crashes found)...[0m
[1;94m[*] [0mFuzzing test case #1071 (1268 total, 0 uniq crashes found)...[0m
[1;94m[*] [0mFuzzing test case #1074 (1268 total, 0 uniq crashes found)...[0m
[1;94m[*] [0mFuzzing test case #1080 (1268 total, 0 uniq crashes found)...[0m
[1;94m[*] [0mFuzzing test case #1086 (1268 total, 0 uniq crashes found)...[0m
[1;94m[*] [0mFuzzing test case #1089 (1268 total, 0 uniq crashes found)...[0m
[1;94m[*] [0mFuzzing test case #1158 (1276 total, 0 uniq crashes found)...[0m
[1;94m[*] [0mFuzzing test case #1198 (1276 total, 0 uniq crashes found)...[0m
[1;94m[*] [0mFuzzing test case #1268 (1276 total, 0 uniq crashes found)...[0m
[1;94m[*] [0mFuzzing test case #1269 (1277 total, 0 uniq crashes found)...[0m
[1;94m[*] [0mFuzzing test case #1270 (1277 total, 0 uniq crashes found)...[0m
[1;94m[*] [0mFuzzing test case #1273 (1277 total, 0 uniq crashes found)...[0m
[1;94m[*] [0mFuzzing test case #1277 (1278 total, 0 uniq crashes found)...[0m
[1;94m[*] [0mEntering queue cycle 32.[0m
[1;94m[*] [0mFuzzing test case #66 (1280 total, 0 uniq crashes found)...[0m
[1;94m[*] [0mFuzzing test case #126 (1280 total, 0 uniq crashes found)...[0m
[1;94m[*] [0mFuzzing test case #285 (1280 total, 0 uniq crashes found)...[0m
[1;94m[*] [0mFuzzing test case #341 (1280 total, 0 uniq crashes found)...[0m
[1;94m[*] [0mFuzzing test case #570 (1280 total, 0 uniq crashes found)...[0m
[1;94m[*] [0mFuzzing test case #625 (1280 total, 0 uniq crashes found)...[0m
[1;94m[*] [0mFuzzing test case #815 (1280 total, 0 uniq crashes found)...[0m
[1;94m[*] [0mFuzzing test case #972 (1280 total, 0 uniq crashes found)...[0m
[1;94m[*] [0mFuzzing test case #1011 (1280 total, 0 uniq crashes found)...[0m
[1;94m[*] [0mFuzzing test case #1016 (1280 total, 0 uniq crashes found)...[0m
[1;94m[*] [0mFuzzing test case #1018 (1280 total, 0 uniq crashes found)...[0m
[1;94m[*] [0mFuzzing test case #1020 (1280 total, 0 uniq crashes found)...[0m
[1;94m[*] [0mFuzzing test case #1040 (1280 total, 0 uniq crashes found)...[0m
[1;94m[*] [0mFuzzing test case #1046 (1280 total, 0 uniq crashes found)...[0m
[1;94m[*] [0mFuzzing test case #1047 (1280 total, 0 uniq crashes found)...[0m
[1;94m[*] [0mFuzzing test case #1280 (1281 total, 0 uniq crashes found)...[0m
[1;94m[*] [0mFuzzing test case #1281 (1304 total, 0 uniq crashes found)...[0m
[1;94m[*] [0mFuzzing test case #1286 (1308 total, 0 uniq crashes found)...[0m
[1;94m[*] [0mFuzzing test case #1287 (1309 total, 0 uniq crashes found)...[0m
[1;94m[*] [0mFuzzing test case #1288 (1312 total, 0 uniq crashes found)...[0m
[1;94m[*] [0mFuzzing test case #1289 (1312 total, 0 uniq crashes found)...[0m
[1;94m[*] [0mFuzzing test case #1290 (1314 total, 0 uniq crashes found)...[0m
[1;94m[*] [0mFuzzing test case #1296 (1314 total, 0 uniq crashes found)...[0m
[1;94m[*] [0mFuzzing test case #1299 (1315 total, 0 uniq crashes found)...[0m
[1;94m[*] [0mFuzzing test case #1300 (1315 total, 0 uniq crashes found)...[0m
[1;94m[*] [0mFuzzing test case #1301 (1316 total, 0 uniq crashes found)...[0m
[1;94m[*] [0mFuzzing test case #1304 (1318 total, 0 uniq crashes found)...[0m
[1;94m[*] [0mFuzzing test case #1310 (1318 total, 0 uniq crashes found)...[0m
[1;94m[*] [0mFuzzing test case #1312 (1318 total, 0 uniq crashes found)...[0m
[1;94m[*] [0mFuzzing test case #1313 (1319 total, 0 uniq crashes found)...[0m
[1;94m[*] [0mFuzzing test case #1316 (1319 total, 0 uniq crashes found)...[0m
[1;94m[*] [0mFuzzing test case #1319 (1320 total, 0 uniq crashes found)...[0m
[1;94m[*] [0mEntering queue cycle 33.[0m
[1;94m[*] [0mFuzzing test case #5 (1321 total, 0 uniq crashes found)...[0m
[1;94m[*] [0mFuzzing test case #8 (1321 total, 0 uniq crashes found)...[0m
[1;94m[*] [0mFuzzing test case #12 (1321 total, 0 uniq crashes found)...[0m
[1;94m[*] [0mFuzzing test case #15 (1321 total, 0 uniq crashes found)...[0m
[1;94m[*] [0mFuzzing test case #20 (1321 total, 0 uniq crashes found)...[0m
[1;94m[*] [0mFuzzing test case #25 (1321 total, 0 uniq crashes found)...[0m
[1;94m[*] [0mFuzzing test case #28 (1321 total, 0 uniq crashes found)...[0m
[1;94m[*] [0mFuzzing test case #32 (1321 total, 0 uniq crashes found)...[0m
[1;94m[*] [0mFuzzing test case #33 (1321 total, 0 uniq crashes found)...[0m
[1;94m[*] [0mFuzzing test case #38 (1321 total, 0 uniq crashes found)...[0m
[1;94m[*] [0mFuzzing test case #46 (1321 total, 0 uniq crashes found)...[0m
[1;94m[*] [0mFuzzing test case #47 (1321 total, 0 uniq crashes found)...[0m
[1;94m[*] [0mFuzzing test case #50 (1321 total, 0 uniq crashes found)...[0m
[1;94m[*] [0mFuzzing test case #51 (1321 total, 0 uniq crashes found)...[0m
[1;94m[*] [0mFuzzing test case #56 (1321 total, 0 uniq crashes found)...[0m
[1;94m[*] [0mFuzzing test case #57 (1321 total, 0 uniq crashes found)...[0m
[1;94m[*] [0mFuzzing test case #58 (1321 total, 0 uniq crashes found)...[0m
[1;94m[*] [0mFuzzing test case #59 (1321 total, 0 uniq crashes found)...[0m
[1;94m[*] [0mFuzzing test case #61 (1321 total, 0 uniq crashes found)...[0m
[1;94m[*] [0mFuzzing test case #62 (1321 total, 0 uniq crashes found)...[0m
[1;94m[*] [0mFuzzing test case #67 (1321 total, 0 uniq crashes found)...[0m
[1;94m[*] [0mFuzzing test case #70 (1321 total, 0 uniq crashes found)...[0m
[1;94m[*] [0mFuzzing test case #71 (1321 total, 0 uniq crashes found)...[0m
[1;94m[*] [0mFuzzing test case #72 (1321 total, 0 uniq crashes found)...[0m
[1;94m[*] [0mFuzzing test case #73 (1321 total, 0 uniq crashes found)...[0m
[1;94m[*] [0mFuzzing test case #74 (1321 total, 0 uniq crashes found)...[0m
[1;94m[*] [0mFuzzing test case #76 (1321 total, 0 uniq crashes found)...[0m
[1;94m[*] [0mFuzzing test case #80 (1321 total, 0 uniq crashes found)...[0m
[1;94m[*] [0mFuzzing test case #85 (1321 total, 0 uniq crashes found)...[0m
[1;94m[*] [0mFuzzing test case #87 (1321 total, 0 uniq crashes found)...[0m
[1;94m[*] [0mFuzzing test case #92 (1321 total, 0 uniq crashes found)...[0m
[1;94m[*] [0mFuzzing test case #95 (1321 total, 0 uniq crashes found)...[0m
[1;94m[*] [0mFuzzing test case #100 (1321 total, 0 uniq crashes found)...[0m
[1;94m[*] [0mFuzzing test case #102 (1321 total, 0 uniq crashes found)...[0m
[1;94m[*] [0mFuzzing test case #103 (1321 total, 0 uniq crashes found)...[0m
[1;94m[*] [0mFuzzing test case #106 (1321 total, 0 uniq crashes found)...[0m
[1;94m[*] [0mFuzzing test case #108 (1321 total, 0 uniq crashes found)...[0m
[1;94m[*] [0mFuzzing test case #110 (1321 total, 0 uniq crashes found)...[0m
[1;94m[*] [0mFuzzing test case #111 (1321 total, 0 uniq crashes found)...[0m
[1;94m[*] [0mFuzzing test case #113 (1321 total, 0 uniq crashes found)...[0m
[1;94m[*] [0mFuzzing test case #116 (1321 total, 0 uniq crashes found)...[0m
[1;94m[*] [0mFuzzing test case #119 (1321 total, 0 uniq crashes found)...[0m
[1;94m[*] [0mFuzzing test case #121 (1321 total, 0 uniq crashes found)...[0m
[1;94m[*] [0mFuzzing test case #122 (1321 total, 0 uniq crashes found)...[0m
[1;94m[*] [0mFuzzing test case #123 (1321 total, 0 uniq crashes found)...[0m
[1;94m[*] [0mFuzzing test case #124 (1321 total, 0 uniq crashes found)...[0m
[1;94m[*] [0mFuzzing test case #130 (1321 total, 0 uniq crashes found)...[0m
[1;94m[*] [0mFuzzing test case #133 (1321 total, 0 uniq crashes found)...[0m
[1;94m[*] [0mFuzzing test case #137 (1321 total, 0 uniq crashes found)...[0m
[1;94m[*] [0mFuzzing test case #138 (1321 total, 0 uniq crashes found)...[0m
[1;94m[*] [0mFuzzing test case #139 (1321 total, 0 uniq crashes found)...[0m
[1;94m[*] [0mFuzzing test case #141 (1321 total, 0 uniq crashes found)...[0m
[1;94m[*] [0mFuzzing test case #145 (1321 total, 0 uniq crashes found)...[0m
[1;94m[*] [0mFuzzing test case #147 (1321 total, 0 uniq crashes found)...[0m
[1;94m[*] [0mFuzzing test case #150 (1321 total, 0 uniq crashes found)...[0m
[1;94m[*] [0mFuzzing test case #151 (1321 total, 0 uniq crashes found)...[0m
[1;94m[*] [0mFuzzing test case #154 (1321 total, 0 uniq crashes found)...[0m
[1;94m[*] [0mFuzzing test case #155 (1321 total, 0 uniq crashes found)...[0m
[1;94m[*] [0mFuzzing test case #156 (1321 total, 0 uniq crashes found)...[0m
[1;94m[*] [0mFuzzing test case #160 (1321 total, 0 uniq crashes found)...[0m
[1;94m[*] [0mFuzzing test case #161 (1321 total, 0 uniq crashes found)...[0m
[1;94m[*] [0mFuzzing test case #162 (1321 total, 0 uniq crashes found)...[0m
[1;94m[*] [0mFuzzing test case #166 (1321 total, 0 uniq crashes found)...[0m
[1;94m[*] [0mFuzzing test case #169 (1321 total, 0 uniq crashes found)...[0m
[1;94m[*] [0mFuzzing test case #170 (1321 total, 0 uniq crashes found)...[0m
[1;94m[*] [0mFuzzing test case #171 (1321 total, 0 uniq crashes found)...[0m
[1;94m[*] [0mFuzzing test case #172 (1322 total, 0 uniq crashes found)...[0m
[1;94m[*] [0mFuzzing test case #173 (1322 total, 0 uniq crashes found)...[0m
[1;94m[*] [0mFuzzing test case #175 (1322 total, 0 uniq crashes found)...[0m
[1;94m[*] [0mFuzzing test case #178 (1322 total, 0 uniq crashes found)...[0m
[1;94m[*] [0mFuzzing test case #179 (1322 total, 0 uniq crashes found)...[0m
[1;94m[*] [0mFuzzing test case #180 (1322 total, 0 uniq crashes found)...[0m
[1;94m[*] [0mFuzzing test case #182 (1322 total, 0 uniq crashes found)...[0m
[1;94m[*] [0mFuzzing test case #183 (1322 total, 0 uniq crashes found)...[0m
[1;94m[*] [0mFuzzing test case #184 (1322 total, 0 uniq crashes found)...[0m
[1;94m[*] [0mFuzzing test case #185 (1322 total, 0 uniq crashes found)...[0m
[1;94m[*] [0mFuzzing test case #186 (1322 total, 0 uniq crashes found)...[0m
[1;94m[*] [0mFuzzing test case #187 (1322 total, 0 uniq crashes found)...[0m
[1;94m[*] [0mFuzzing test case #188 (1322 total, 0 uniq crashes found)...[0m
[1;94m[*] [0mFuzzing test case #190 (1324 total, 0 uniq crashes found)...[0m
[1;94m[*] [0mFuzzing test case #201 (1324 total, 0 uniq crashes found)...[0m
[1;94m[*] [0mFuzzing test case #202 (1324 total, 0 uniq crashes found)...[0m
[1;94m[*] [0mFuzzing test case #205 (1324 total, 0 uniq crashes found)...[0m
[1;94m[*] [0mFuzzing test case #206 (1324 total, 0 uniq crashes found)...[0m
[1;94m[*] [0mFuzzing test case #207 (1324 total, 0 uniq crashes found)...[0m
[1;94m[*] [0mFuzzing test case #211 (1324 total, 0 uniq crashes found)...[0m
[1;94m[*] [0mFuzzing test case #212 (1324 total, 0 uniq crashes found)...[0m
[1;94m[*] [0mFuzzing test case #227 (1325 total, 0 uniq crashes found)...[0m
[1;94m[*] [0mFuzzing test case #238 (1325 total, 0 uniq crashes found)...[0m
[1;94m[*] [0mFuzzing test case #242 (1325 total, 0 uniq crashes found)...[0m
[1;94m[*] [0mFuzzing test case #262 (1325 total, 0 uniq crashes found)...[0m
[1;94m[*] [0mFuzzing test case #280 (1325 total, 0 uniq crashes found)...[0m
[1;94m[*] [0mFuzzing test case #282 (1325 total, 0 uniq crashes found)...[0m
[1;94m[*] [0mFuzzing test case #287 (1325 total, 0 uniq crashes found)...[0m
[1;94m[*] [0mFuzzing test case #291 (1325 total, 0 uniq crashes found)...[0m
[1;94m[*] [0mFuzzing test case #293 (1325 total, 0 uniq crashes found)...[0m
[1;94m[*] [0mFuzzing test case #295 (1325 total, 0 uniq crashes found)...[0m
[1;94m[*] [0mFuzzing test case #298 (1325 total, 0 uniq crashes found)...[0m
[1;94m[*] [0mFuzzing test case #300 (1325 total, 0 uniq crashes found)...[0m
[1;94m[*] [0mFuzzing test case #302 (1326 total, 0 uniq crashes found)...[0m
[1;94m[*] [0mFuzzing test case #303 (1326 total, 0 uniq crashes found)...[0m
[1;94m[*] [0mFuzzing test case #307 (1326 total, 0 uniq crashes found)...[0m
[1;94m[*] [0mFuzzing test case #308 (1326 total, 0 uniq crashes found)...[0m
[1;94m[*] [0mFuzzing test case #310 (1326 total, 0 uniq crashes found)...[0m
[1;94m[*] [0mFuzzing test case #311 (1326 total, 0 uniq crashes found)...[0m
[1;94m[*] [0mFuzzing test case #312 (1326 total, 0 uniq crashes found)...[0m
[1;94m[*] [0mFuzzing test case #320 (1326 total, 0 uniq crashes found)...[0m
[1;94m[*] [0mFuzzing test case #321 (1326 total, 0 uniq crashes found)...[0m
[1;94m[*] [0mFuzzing test case #333 (1326 total, 0 uniq crashes found)...[0m
[1;94m[*] [0mFuzzing test case #334 (1326 total, 0 uniq crashes found)...[0m
[1;94m[*] [0mFuzzing test case #335 (1326 total, 0 uniq crashes found)...[0m
[1;94m[*] [0mFuzzing test case #337 (1327 total, 0 uniq crashes found)...[0m
[1;94m[*] [0mFuzzing test case #341 (1327 total, 0 uniq crashes found)...[0m
[1;94m[*] [0mFuzzing test case #344 (1327 total, 0 uniq crashes found)...[0m
[1;94m[*] [0mFuzzing test case #352 (1327 total, 0 uniq crashes found)...[0m
[1;94m[*] [0mFuzzing test case #360 (1327 total, 0 uniq crashes found)...[0m
[1;94m[*] [0mFuzzing test case #361 (1327 total, 0 uniq crashes found)...[0m
[1;94m[*] [0mFuzzing test case #370 (1327 total, 0 uniq crashes found)...[0m
[1;94m[*] [0mFuzzing test case #372 (1327 total, 0 uniq crashes found)...[0m
[1;94m[*] [0mFuzzing test case #373 (1327 total, 0 uniq crashes found)...[0m
[1;94m[*] [0mFuzzing test case #375 (1327 total, 0 uniq crashes found)...[0m
[1;94m[*] [0mFuzzing test case #382 (1327 total, 0 uniq crashes found)...[0m
[1;94m[*] [0mFuzzing test case #384 (1327 total, 0 uniq crashes found)...[0m
[1;94m[*] [0mFuzzing test case #386 (1328 total, 0 uniq crashes found)...[0m
[1;94m[*] [0mFuzzing test case #387 (1328 total, 0 uniq crashes found)...[0m
[1;94m[*] [0mFuzzing test case #389 (1328 total, 0 uniq crashes found)...[0m
[1;94m[*] [0mFuzzing test case #394 (1328 total, 0 uniq crashes found)...[0m
[1;94m[*] [0mFuzzing test case #397 (1328 total, 0 uniq crashes found)...[0m
[1;94m[*] [0mFuzzing test case #398 (1328 total, 0 uniq crashes found)...[0m
[1;94m[*] [0mFuzzing test case #407 (1334 total, 0 uniq crashes found)...[0m
[1;94m[*] [0mFuzzing test case #450 (1334 total, 0 uniq crashes found)...[0m
[1;94m[*] [0mFuzzing test case #517 (1334 total, 0 uniq crashes found)...[0m
[1;94m[*] [0mFuzzing test case #665 (1334 total, 0 uniq crashes found)...[0m
[1;94m[*] [0mFuzzing test case #997 (1334 total, 0 uniq crashes found)...[0m
[1;94m[*] [0mFuzzing test case #1070 (1334 total, 0 uniq crashes found)...[0m
[1;94m[*] [0mFuzzing test case #1302 (1334 total, 0 uniq crashes found)...[0m
[1;94m[*] [0mFuzzing test case #1328 (1334 total, 0 uniq crashes found)...[0m
[1;94m[*] [0mFuzzing test case #1333 (1347 total, 0 uniq crashes found)...[0m
[1;94m[*] [0mFuzzing test case #1336 (1351 total, 0 uniq crashes found)...[0m
[1;94m[*] [0mFuzzing test case #1337 (1351 total, 0 uniq crashes found)...[0m
[1;94m[*] [0mFuzzing test case #1339 (1354 total, 0 uniq crashes found)...[0m
[1;94m[*] [0mFuzzing test case #1342 (1354 total, 0 uniq crashes found)...[0m
[1;94m[*] [0mFuzzing test case #1347 (1354 total, 0 uniq crashes found)...[0m
[1;94m[*] [0mFuzzing test case #1352 (1358 total, 0 uniq crashes found)...[0m
[1;94m[*] [0mFuzzing test case #1353 (1358 total, 0 uniq crashes found)...[0m
[1;94m[*] [0mFuzzing test case #1356 (1358 total, 0 uniq crashes found)...[0m
[1;94m[*] [0mFuzzing test case #1357 (1362 total, 0 uniq crashes found)...[0m
[1;94m[*] [0mFuzzing test case #1358 (1363 total, 0 uniq crashes found)...[0m
[1;94m[*] [0mFuzzing test case #1364 (1367 total, 0 uniq crashes found)...[0m
[1;94m[*] [0mFuzzing test case #1367 (1374 total, 0 uniq crashes found)...[0m
[1;94m[*] [0mFuzzing test case #1368 (1376 total, 0 uniq crashes found)...[0m
[1;94m[*] [0mFuzzing test case #1369 (1377 total, 0 uniq crashes found)...[0m
[1;94m[*] [0mFuzzing test case #1370 (1377 total, 0 uniq crashes found)...[0m
[1;94m[*] [0mFuzzing test case #1373 (1379 total, 0 uniq crashes found)...[0m
[1;94m[*] [0mFuzzing test case #1376 (1383 total, 0 uniq crashes found)...[0m
[1;94m[*] [0mFuzzing test case #1380 (1383 total, 0 uniq crashes found)...[0m
[1;94m[*] [0mFuzzing test case #1382 (1384 total, 0 uniq crashes found)...[0m
[1;94m[*] [0mFuzzing test case #1383 (1386 total, 0 uniq crashes found)...[0m
[1;94m[*] [0mFuzzing test case #1385 (1387 total, 0 uniq crashes found)...[0m
[1;94m[*] [0mEntering queue cycle 34.[0m
[1;94m[*] [0mFuzzing test case #86 (1388 total, 0 uniq crashes found)...[0m
[1;94m[*] [0mFuzzing test case #196 (1388 total, 0 uniq crashes found)...[0m
[1;94m[*] [0mFuzzing test case #308 (1388 total, 0 uniq crashes found)...[0m
[1;94m[*] [0mFuzzing test case #311 (1388 total, 0 uniq crashes found)...[0m
[1;94m[*] [0mFuzzing test case #394 (1388 total, 0 uniq crashes found)...[0m
[1;94m[*] [0mFuzzing test case #401 (1388 total, 0 uniq crashes found)...[0m
[1;94m[*] [0mFuzzing test case #492 (1388 total, 0 uniq crashes found)...[0m
[1;94m[*] [0mFuzzing test case #521 (1388 total, 0 uniq crashes found)...[0m
[1;94m[*] [0mFuzzing test case #583 (1388 total, 0 uniq crashes found)...[0m
[1;94m[*] [0mFuzzing test case #735 (1388 total, 0 uniq crashes found)...[0m
[1;94m[*] [0mFuzzing test case #765 (1388 total, 0 uniq crashes found)...[0m
[1;94m[*] [0mFuzzing test case #811 (1388 total, 0 uniq crashes found)...[0m
[1;94m[*] [0mFuzzing test case #857 (1388 total, 0 uniq crashes found)...[0m
[1;94m[*] [0mFuzzing test case #893 (1388 total, 0 uniq crashes found)...[0m
[1;94m[*] [0mFuzzing test case #911 (1388 total, 0 uniq crashes found)...[0m
[1;94m[*] [0mFuzzing test case #936 (1388 total, 0 uniq crashes found)...[0m
[1;94m[*] [0mFuzzing test case #998 (1388 total, 0 uniq crashes found)...[0m
[1;94m[*] [0mFuzzing test case #1179 (1388 total, 0 uniq crashes found)...[0m
[1;94m[*] [0mFuzzing test case #1190 (1388 total, 0 uniq crashes found)...[0m
[1;94m[*] [0mFuzzing test case #1279 (1388 total, 0 uniq crashes found)...[0m
[1;94m[*] [0mFuzzing test case #1282 (1388 total, 0 uniq crashes found)...[0m
[1;94m[*] [0mFuzzing test case #1363 (1388 total, 0 uniq crashes found)...[0m
[1;94m[*] [0mFuzzing test case #1366 (1388 total, 0 uniq crashes found)...[0m
[1;94m[*] [0mFuzzing test case #1367 (1388 total, 0 uniq crashes found)...[0m
[1;94m[*] [0mFuzzing test case #1368 (1388 total, 0 uniq crashes found)...[0m
[1;94m[*] [0mFuzzing test case #1369 (1388 total, 0 uniq crashes found)...[0m
[1;94m[*] [0mFuzzing test case #1370 (1388 total, 0 uniq crashes found)...[0m
[1;94m[*] [0mFuzzing test case #1371 (1388 total, 0 uniq crashes found)...[0m
[1;94m[*] [0mFuzzing test case #1373 (1388 total, 0 uniq crashes found)...[0m
[1;94m[*] [0mFuzzing test case #1374 (1388 total, 0 uniq crashes found)...[0m
[1;94m[*] [0mFuzzing test case #1375 (1389 total, 0 uniq crashes found)...[0m
[1;94m[*] [0mFuzzing test case #1376 (1389 total, 0 uniq crashes found)...[0m
[1;94m[*] [0mFuzzing test case #1380 (1389 total, 0 uniq crashes found)...[0m
[1;94m[*] [0mFuzzing test case #1382 (1389 total, 0 uniq crashes found)...[0m
[1;94m[*] [0mFuzzing test case #1383 (1389 total, 0 uniq crashes found)...[0m
[1;94m[*] [0mFuzzing test case #1385 (1389 total, 0 uniq crashes found)...[0m
[1;94m[*] [0mEntering queue cycle 35.[0m
[1;94m[*] [0mFuzzing test case #5 (1389 total, 0 uniq crashes found)...[0m
[1;94m[*] [0mFuzzing test case #8 (1389 total, 0 uniq crashes found)...[0m
[1;94m[*] [0mFuzzing test case #12 (1389 total, 0 uniq crashes found)...[0m
[1;94m[*] [0mFuzzing test case #15 (1389 total, 0 uniq crashes found)...[0m
[1;94m[*] [0mFuzzing test case #20 (1389 total, 0 uniq crashes found)...[0m
[1;94m[*] [0mFuzzing test case #25 (1389 total, 0 uniq crashes found)...[0m
[1;94m[*] [0mFuzzing test case #28 (1389 total, 0 uniq crashes found)...[0m
[1;94m[*] [0mFuzzing test case #32 (1389 total, 0 uniq crashes found)...[0m
[1;94m[*] [0mFuzzing test case #33 (1389 total, 0 uniq crashes found)...[0m
[1;94m[*] [0mFuzzing test case #36 (1389 total, 0 uniq crashes found)...[0m
[1;94m[*] [0mFuzzing test case #38 (1389 total, 0 uniq crashes found)...[0m
[1;94m[*] [0mFuzzing test case #40 (1389 total, 0 uniq crashes found)...[0m
[1;94m[*] [0mFuzzing test case #46 (1389 total, 0 uniq crashes found)...[0m
[1;94m[*] [0mFuzzing test case #47 (1389 total, 0 uniq crashes found)...[0m
[1;94m[*] [0mFuzzing test case #50 (1389 total, 0 uniq crashes found)...[0m
[1;94m[*] [0mFuzzing test case #51 (1389 total, 0 uniq crashes found)...[0m
[1;94m[*] [0mFuzzing test case #56 (1389 total, 0 uniq crashes found)...[0m
[1;94m[*] [0mFuzzing test case #57 (1389 total, 0 uniq crashes found)...[0m
[1;94m[*] [0mFuzzing test case #58 (1389 total, 0 uniq crashes found)...[0m
[1;94m[*] [0mFuzzing test case #59 (1389 total, 0 uniq crashes found)...[0m
[1;94m[*] [0mFuzzing test case #61 (1389 total, 0 uniq crashes found)...[0m
[1;94m[*] [0mFuzzing test case #62 (1389 total, 0 uniq crashes found)...[0m
[1;94m[*] [0mFuzzing test case #64 (1389 total, 0 uniq crashes found)...[0m
[1;94m[*] [0mFuzzing test case #67 (1389 total, 0 uniq crashes found)...[0m
[1;94m[*] [0mFuzzing test case #70 (1389 total, 0 uniq crashes found)...[0m
[1;94m[*] [0mFuzzing test case #71 (1389 total, 0 uniq crashes found)...[0m
[1;94m[*] [0mFuzzing test case #72 (1389 total, 0 uniq crashes found)...[0m
[1;94m[*] [0mFuzzing test case #73 (1389 total, 0 uniq crashes found)...[0m
[1;94m[*] [0mFuzzing test case #74 (1389 total, 0 uniq crashes found)...[0m
[1;94m[*] [0mFuzzing test case #76 (1389 total, 0 uniq crashes found)...[0m
[1;94m[*] [0mFuzzing test case #80 (1389 total, 0 uniq crashes found)...[0m
[1;94m[*] [0mFuzzing test case #85 (1389 total, 0 uniq crashes found)...[0m
[1;94m[*] [0mFuzzing test case #87 (1389 total, 0 uniq crashes found)...[0m
[1;94m[*] [0mFuzzing test case #92 (1389 total, 0 uniq crashes found)...[0m
[1;94m[*] [0mFuzzing test case #95 (1389 total, 0 uniq crashes found)...[0m
[1;94m[*] [0mFuzzing test case #100 (1389 total, 0 uniq crashes found)...[0m
[1;94m[*] [0mFuzzing test case #102 (1390 total, 0 uniq crashes found)...[0m
[1;94m[*] [0mFuzzing test case #106 (1390 total, 0 uniq crashes found)...[0m
[1;94m[*] [0mFuzzing test case #108 (1390 total, 0 uniq crashes found)...[0m
[1;94m[*] [0mFuzzing test case #110 (1390 total, 0 uniq crashes found)...[0m
[1;94m[*] [0mFuzzing test case #111 (1390 total, 0 uniq crashes found)...[0m
[1;94m[*] [0mFuzzing test case #113 (1390 total, 0 uniq crashes found)...[0m
[1;94m[*] [0mFuzzing test case #116 (1390 total, 0 uniq crashes found)...[0m
[1;94m[*] [0mFuzzing test case #119 (1390 total, 0 uniq crashes found)...[0m
[1;94m[*] [0mFuzzing test case #121 (1390 total, 0 uniq crashes found)...[0m
[1;94m[*] [0mFuzzing test case #123 (1390 total, 0 uniq crashes found)...[0m
[1;94m[*] [0mFuzzing test case #124 (1390 total, 0 uniq crashes found)...[0m
[1;94m[*] [0mFuzzing test case #127 (1390 total, 0 uniq crashes found)...[0m
[1;94m[*] [0mFuzzing test case #130 (1390 total, 0 uniq crashes found)...[0m
[1;94m[*] [0mFuzzing test case #131 (1390 total, 0 uniq crashes found)...[0m
[1;94m[*] [0mFuzzing test case #133 (1390 total, 0 uniq crashes found)...[0m
[1;94m[*] [0mFuzzing test case #137 (1390 total, 0 uniq crashes found)...[0m
[1;94m[*] [0mFuzzing test case #138 (1390 total, 0 uniq crashes found)...[0m
[1;94m[*] [0mFuzzing test case #141 (1390 total, 0 uniq crashes found)...[0m
[1;94m[*] [0mFuzzing test case #145 (1390 total, 0 uniq crashes found)...[0m
[1;94m[*] [0mFuzzing test case #233 (1391 total, 0 uniq crashes found)...[0m
[1;94m[*] [0mFuzzing test case #390 (1391 total, 0 uniq crashes found)...[0m
[1;94m[*] [0mFuzzing test case #403 (1391 total, 0 uniq crashes found)...[0m
[1;94m[*] [0mFuzzing test case #452 (1391 total, 0 uniq crashes found)...[0m
[1;94m[*] [0mFuzzing test case #724 (1391 total, 0 uniq crashes found)...[0m
[1;94m[*] [0mFuzzing test case #1298 (1391 total, 0 uniq crashes found)...[0m
[1;94m[*] [0mFuzzing test case #1353 (1391 total, 0 uniq crashes found)...[0m
[1;94m[*] [0mFuzzing test case #1390 (1391 total, 0 uniq crashes found)...[0m
[1;94m[*] [0mEntering queue cycle 36.[0m
[1;94m[*] [0mFuzzing test case #5 (1391 total, 0 uniq crashes found)...[0m
[1;94m[*] [0mFuzzing test case #8 (1391 total, 0 uniq crashes found)...[0m
[1;94m[*] [0mFuzzing test case #12 (1391 total, 0 uniq crashes found)...[0m
[1;94m[*] [0mFuzzing test case #15 (1391 total, 0 uniq crashes found)...[0m
[1;94m[*] [0mFuzzing test case #20 (1391 total, 0 uniq crashes found)...[0m
[1;94m[*] [0mFuzzing test case #25 (1391 total, 0 uniq crashes found)...[0m
[1;94m[*] [0mFuzzing test case #28 (1391 total, 0 uniq crashes found)...[0m
[1;94m[*] [0mFuzzing test case #32 (1391 total, 0 uniq crashes found)...[0m
[1;94m[*] [0mFuzzing test case #33 (1391 total, 0 uniq crashes found)...[0m
[1;94m[*] [0mFuzzing test case #35 (1392 total, 0 uniq crashes found)...[0m
[1;94m[*] [0mFuzzing test case #38 (1392 total, 0 uniq crashes found)...[0m
[1;94m[*] [0mFuzzing test case #46 (1392 total, 0 uniq crashes found)...[0m
[1;94m[*] [0mFuzzing test case #47 (1392 total, 0 uniq crashes found)...[0m
[1;94m[*] [0mFuzzing test case #50 (1392 total, 0 uniq crashes found)...[0m
[1;94m[*] [0mFuzzing test case #51 (1392 total, 0 uniq crashes found)...[0m
[1;94m[*] [0mFuzzing test case #53 (1392 total, 0 uniq crashes found)...[0m
[1;94m[*] [0mFuzzing test case #54 (1392 total, 0 uniq crashes found)...[0m
[1;94m[*] [0mFuzzing test case #55 (1392 total, 0 uniq crashes found)...[0m
[1;94m[*] [0mFuzzing test case #56 (1392 total, 0 uniq crashes found)...[0m
[1;94m[*] [0mFuzzing test case #57 (1392 total, 0 uniq crashes found)...[0m
[1;94m[*] [0mFuzzing test case #58 (1392 total, 0 uniq crashes found)...[0m
[1;94m[*] [0mFuzzing test case #59 (1392 total, 0 uniq crashes found)...[0m
[1;94m[*] [0mFuzzing test case #61 (1392 total, 0 uniq crashes found)...[0m
[1;94m[*] [0mFuzzing test case #62 (1392 total, 0 uniq crashes found)...[0m
[1;94m[*] [0mFuzzing test case #67 (1392 total, 0 uniq crashes found)...[0m
[1;94m[*] [0mFuzzing test case #70 (1392 total, 0 uniq crashes found)...[0m
[1;94m[*] [0mFuzzing test case #71 (1392 total, 0 uniq crashes found)...[0m
[1;94m[*] [0mFuzzing test case #72 (1392 total, 0 uniq crashes found)...[0m
[1;94m[*] [0mFuzzing test case #73 (1392 total, 0 uniq crashes found)...[0m
[1;94m[*] [0mFuzzing test case #74 (1392 total, 0 uniq crashes found)...[0m
[1;94m[*] [0mFuzzing test case #76 (1392 total, 0 uniq crashes found)...[0m
[1;94m[*] [0mFuzzing test case #77 (1393 total, 0 uniq crashes found)...[0m
[1;94m[*] [0mFuzzing test case #80 (1393 total, 0 uniq crashes found)...[0m
[1;94m[*] [0mFuzzing test case #85 (1393 total, 0 uniq crashes found)...[0m
[1;94m[*] [0mFuzzing test case #87 (1394 total, 0 uniq crashes found)...[0m
[1;94m[*] [0mFuzzing test case #92 (1394 total, 0 uniq crashes found)...[0m
[1;94m[*] [0mFuzzing test case #95 (1394 total, 0 uniq crashes found)...[0m
[1;94m[*] [0mFuzzing test case #100 (1394 total, 0 uniq crashes found)...[0m
[1;94m[*] [0mFuzzing test case #102 (1394 total, 0 uniq crashes found)...[0m
[1;94m[*] [0mFuzzing test case #106 (1394 total, 0 uniq crashes found)...[0m
[1;94m[*] [0mFuzzing test case #108 (1394 total, 0 uniq crashes found)...[0m
[1;94m[*] [0mFuzzing test case #109 (1394 total, 0 uniq crashes found)...[0m
[1;94m[*] [0mFuzzing test case #110 (1394 total, 0 uniq crashes found)...[0m
[1;94m[*] [0mFuzzing test case #111 (1394 total, 0 uniq crashes found)...[0m
[1;94m[*] [0mFuzzing test case #113 (1394 total, 0 uniq crashes found)...[0m
[1;94m[*] [0mFuzzing test case #114 (1394 total, 0 uniq crashes found)...[0m
[1;94m[*] [0mFuzzing test case #116 (1394 total, 0 uniq crashes found)...[0m
[1;94m[*] [0mFuzzing test case #119 (1394 total, 0 uniq crashes found)...[0m
[1;94m[*] [0mFuzzing test case #121 (1394 total, 0 uniq crashes found)...[0m
[1;94m[*] [0mFuzzing test case #123 (1394 total, 0 uniq crashes found)...[0m
[1;94m[*] [0mFuzzing test case #124 (1394 total, 0 uniq crashes found)...[0m
[1;94m[*] [0mFuzzing test case #135 (1395 total, 0 uniq crashes found)...[0m
[1;94m[*] [0mFuzzing test case #137 (1395 total, 0 uniq crashes found)...[0m
[1;94m[*] [0mFuzzing test case #324 (1395 total, 0 uniq crashes found)...[0m
[1;94m[*] [0mFuzzing test case #532 (1395 total, 0 uniq crashes found)...[0m
[1;94m[*] [0mFuzzing test case #871 (1395 total, 0 uniq crashes found)...[0m
[1;94m[*] [0mFuzzing test case #921 (1395 total, 0 uniq crashes found)...[0m
[1;94m[*] [0mFuzzing test case #1188 (1395 total, 0 uniq crashes found)...[0m
[1;94m[*] [0mFuzzing test case #1332 (1395 total, 0 uniq crashes found)...[0m
[1;94m[*] [0mFuzzing test case #1363 (1395 total, 0 uniq crashes found)...[0m
[1;94m[*] [0mFuzzing test case #1394 (1395 total, 0 uniq crashes found)...[0m
[1;94m[*] [0mEntering queue cycle 37.[0m
[1;94m[*] [0mFuzzing test case #5 (1395 total, 0 uniq crashes found)...[0m
[1;94m[*] [0mFuzzing test case #8 (1395 total, 0 uniq crashes found)...[0m
[1;94m[*] [0mFuzzing test case #9 (1395 total, 0 uniq crashes found)...[0m
[1;94m[*] [0mFuzzing test case #12 (1395 total, 0 uniq crashes found)...[0m
[1;94m[*] [0mFuzzing test case #15 (1395 total, 0 uniq crashes found)...[0m
[1;94m[*] [0mFuzzing test case #20 (1395 total, 0 uniq crashes found)...[0m
[1;94m[*] [0mFuzzing test case #23 (1401 total, 0 uniq crashes found)...[0m
[1;94m[*] [0mFuzzing test case #25 (1401 total, 0 uniq crashes found)...[0m
[1;94m[*] [0mFuzzing test case #28 (1401 total, 0 uniq crashes found)...[0m
[1;94m[*] [0mFuzzing test case #33 (1401 total, 0 uniq crashes found)...[0m
[1;94m[*] [0mFuzzing test case #40 (1401 total, 0 uniq crashes found)...[0m
[1;94m[*] [0mFuzzing test case #46 (1401 total, 0 uniq crashes found)...[0m
[1;94m[*] [0mFuzzing test case #47 (1401 total, 0 uniq crashes found)...[0m
[1;94m[*] [0mFuzzing test case #50 (1401 total, 0 uniq crashes found)...[0m
[1;94m[*] [0mFuzzing test case #51 (1401 total, 0 uniq crashes found)...[0m
[1;94m[*] [0mFuzzing test case #52 (1401 total, 0 uniq crashes found)...[0m
[1;94m[*] [0mFuzzing test case #55 (1401 total, 0 uniq crashes found)...[0m
[1;94m[*] [0mFuzzing test case #56 (1401 total, 0 uniq crashes found)...[0m
[1;94m[*] [0mFuzzing test case #57 (1401 total, 0 uniq crashes found)...[0m
[1;94m[*] [0mFuzzing test case #58 (1401 total, 0 uniq crashes found)...[0m
[1;94m[*] [0mFuzzing test case #59 (1401 total, 0 uniq crashes found)...[0m
[1;94m[*] [0mFuzzing test case #61 (1402 total, 0 uniq crashes found)...[0m
[1;94m[*] [0mFuzzing test case #62 (1402 total, 0 uniq crashes found)...[0m
[1;94m[*] [0mFuzzing test case #67 (1402 total, 0 uniq crashes found)...[0m
[1;94m[*] [0mFuzzing test case #70 (1402 total, 0 uniq crashes found)...[0m
[1;94m[*] [0mFuzzing test case #71 (1402 total, 0 uniq crashes found)...[0m
[1;94m[*] [0mFuzzing test case #72 (1402 total, 0 uniq crashes found)...[0m
[1;94m[*] [0mFuzzing test case #73 (1402 total, 0 uniq crashes found)...[0m
[1;94m[*] [0mFuzzing test case #74 (1402 total, 0 uniq crashes found)...[0m
[1;94m[*] [0mFuzzing test case #76 (1402 total, 0 uniq crashes found)...[0m
[1;94m[*] [0mFuzzing test case #80 (1402 total, 0 uniq crashes found)...[0m
[1;94m[*] [0mFuzzing test case #85 (1402 total, 0 uniq crashes found)...[0m
[1;94m[*] [0mFuzzing test case #87 (1402 total, 0 uniq crashes found)...[0m
[1;94m[*] [0mFuzzing test case #88 (1402 total, 0 uniq crashes found)...[0m
[1;94m[*] [0mFuzzing test case #89 (1402 total, 0 uniq crashes found)...[0m
[1;94m[*] [0mFuzzing test case #91 (1402 total, 0 uniq crashes found)...[0m
[1;94m[*] [0mFuzzing test case #92 (1402 total, 0 uniq crashes found)...[0m
[1;94m[*] [0mFuzzing test case #95 (1402 total, 0 uniq crashes found)...[0m
[1;94m[*] [0mFuzzing test case #96 (1402 total, 0 uniq crashes found)...[0m
[1;94m[*] [0mFuzzing test case #102 (1402 total, 0 uniq crashes found)...[0m
[1;94m[*] [0mFuzzing test case #106 (1402 total, 0 uniq crashes found)...[0m
[1;94m[*] [0mFuzzing test case #108 (1402 total, 0 uniq crashes found)...[0m
[1;94m[*] [0mFuzzing test case #110 (1402 total, 0 uniq crashes found)...[0m
[1;94m[*] [0mFuzzing test case #111 (1402 total, 0 uniq crashes found)...[0m
[1;94m[*] [0mFuzzing test case #113 (1402 total, 0 uniq crashes found)...[0m
[1;94m[*] [0mFuzzing test case #116 (1402 total, 0 uniq crashes found)...[0m
[1;94m[*] [0mFuzzing test case #119 (1402 total, 0 uniq crashes found)...[0m
[1;94m[*] [0mFuzzing test case #121 (1402 total, 0 uniq crashes found)...[0m
[1;94m[*] [0mFuzzing test case #123 (1402 total, 0 uniq crashes found)...[0m
[1;94m[*] [0mFuzzing test case #124 (1402 total, 0 uniq crashes found)...[0m
[1;94m[*] [0mFuzzing test case #130 (1402 total, 0 uniq crashes found)...[0m
[1;94m[*] [0mFuzzing test case #133 (1402 total, 0 uniq crashes found)...[0m
[1;94m[*] [0mFuzzing test case #137 (1402 total, 0 uniq crashes found)...[0m
[1;94m[*] [0mFuzzing test case #138 (1402 total, 0 uniq crashes found)...[0m
[1;94m[*] [0mFuzzing test case #141 (1402 total, 0 uniq crashes found)...[0m
[1;94m[*] [0mFuzzing test case #145 (1402 total, 0 uniq crashes found)...[0m
[1;94m[*] [0mFuzzing test case #147 (1402 total, 0 uniq crashes found)...[0m
[1;94m[*] [0mFuzzing test case #150 (1402 total, 0 uniq crashes found)...[0m
[1;94m[*] [0mFuzzing test case #154 (1402 total, 0 uniq crashes found)...[0m
[1;94m[*] [0mFuzzing test case #155 (1402 total, 0 uniq crashes found)...[0m
[1;94m[*] [0mFuzzing test case #156 (1402 total, 0 uniq crashes found)...[0m
[1;94m[*] [0mFuzzing test case #161 (1402 total, 0 uniq crashes found)...[0m
[1;94m[*] [0mFuzzing test case #162 (1402 total, 0 uniq crashes found)...[0m
[1;94m[*] [0mFuzzing test case #166 (1402 total, 0 uniq crashes found)...[0m
[1;94m[*] [0mFuzzing test case #169 (1404 total, 0 uniq crashes found)...[0m
[1;94m[*] [0mFuzzing test case #170 (1404 total, 0 uniq crashes found)...[0m
[1;94m[*] [0mFuzzing test case #171 (1405 total, 0 uniq crashes found)...[0m
[1;94m[*] [0mFuzzing test case #172 (1405 total, 0 uniq crashes found)...[0m
[1;94m[*] [0mFuzzing test case #173 (1405 total, 0 uniq crashes found)...[0m
[1;94m[*] [0mFuzzing test case #399 (1406 total, 0 uniq crashes found)...[0m
[1;94m[*] [0mFuzzing test case #646 (1406 total, 0 uniq crashes found)...[0m
[1;94m[*] [0mFuzzing test case #873 (1406 total, 0 uniq crashes found)...[0m
[1;94m[*] [0mFuzzing test case #889 (1406 total, 0 uniq crashes found)...[0m
[1;94m[*] [0mFuzzing test case #910 (1406 total, 0 uniq crashes found)...[0m
[1;94m[*] [0mFuzzing test case #1071 (1409 total, 0 uniq crashes found)...[0m
[1;94m[*] [0mFuzzing test case #1276 (1409 total, 0 uniq crashes found)...[0m
