DEBUG:qsym.afl:Temp directory=/tmp/tmpsIQHbs
DEBUG:qsym.afl:Run qsym: input=/workspace/runs/zlib/gcc-O2/rep-1/afl-out/afl-slave/queue/id:000005,src:000001,op:havoc,rep:128,+cov
DEBUG:qsym.Executor:Executing timeout -k 5 90 /usr/local/lib/python2.7/dist-packages/qsym/../../../../third_party/pin-2.14-71313-gcc.4.4.7-linux/pin.sh -ifeellucky -t /usr/local/lib/python2.7/dist-packages/qsym/pintool/obj-intel64/libqsym.so -logfile /tmp/tmpsIQHbs/qsym-out-0/pin.log -i /workspace/runs/zlib/gcc-O2/rep-1/afl-out/qsym/.cur_input -s 1 -o /tmp/tmpsIQHbs/qsym-out-0 -l 1 -b /workspace/runs/zlib/gcc-O2/rep-1/afl-out/qsym/bitmap -- /workspace/builds/zlib/gcc-O2/src/minigzip -d
DEBUG:qsym.afl:Total=4 s, Emulation=4 s, Solver=0 s, Return=0
DEBUG:qsym.afl:Generate 0 testcases
DEBUG:qsym.afl:0 testcases are new
DEBUG:qsym.afl:Run qsym: input=/workspace/runs/zlib/gcc-O2/rep-1/afl-out/afl-slave/queue/id:000061,src:000001,op:havoc,rep:8,+cov
DEBUG:qsym.Executor:Executing timeout -k 5 90 /usr/local/lib/python2.7/dist-packages/qsym/../../../../third_party/pin-2.14-71313-gcc.4.4.7-linux/pin.sh -ifeellucky -t /usr/local/lib/python2.7/dist-packages/qsym/pintool/obj-intel64/libqsym.so -logfile /tmp/tmpsIQHbs/qsym-out-1/pin.log -i /workspace/runs/zlib/gcc-O2/rep-1/afl-out/qsym/.cur_input -s 1 -o /tmp/tmpsIQHbs/qsym-out-1 -l 1 -b /workspace/runs/zlib/gcc-O2/rep-1/afl-out/qsym/bitmap -- /workspace/builds/zlib/gcc-O2/src/minigzip -d
DEBUG:qsym.afl:Total=5 s, Emulation=5 s, Solver=0 s, Return=1
DEBUG:qsym.afl:Creating: /workspace/runs/zlib/gcc-O2/rep-1/afl-out/qsym/queue/id:000000,src:id:000061
DEBUG:qsym.afl:Creating: /workspace/runs/zlib/gcc-O2/rep-1/afl-out/qsym/queue/id:000001,src:id:000061
DEBUG:qsym.afl:Generate 3 testcases
DEBUG:qsym.afl:2 testcases are new
DEBUG:qsym.afl:Run qsym: input=/workspace/runs/zlib/gcc-O2/rep-1/afl-out/afl-slave/queue/id:000111,src:000001,op:havoc,rep:4,+cov
DEBUG:qsym.Executor:Executing timeout -k 5 90 /usr/local/lib/python2.7/dist-packages/qsym/../../../../third_party/pin-2.14-71313-gcc.4.4.7-linux/pin.sh -ifeellucky -t /usr/local/lib/python2.7/dist-packages/qsym/pintool/obj-intel64/libqsym.so -logfile /tmp/tmpsIQHbs/qsym-out-2/pin.log -i /workspace/runs/zlib/gcc-O2/rep-1/afl-out/qsym/.cur_input -s 1 -o /tmp/tmpsIQHbs/qsym-out-2 -l 1 -b /workspace/runs/zlib/gcc-O2/rep-1/afl-out/qsym/bitmap -- /workspace/builds/zlib/gcc-O2/src/minigzip -d
DEBUG:qsym.afl:Total=6 s, Emulation=6 s, Solver=0 s, Return=1
DEBUG:qsym.afl:Generate 0 testcases
DEBUG:qsym.afl:0 testcases are new
DEBUG:qsym.afl:Run qsym: input=/workspace/runs/zlib/gcc-O2/rep-1/afl-out/afl-slave/queue/id:000050,src:000001,op:havoc,rep:2,+cov
DEBUG:qsym.Executor:Executing timeout -k 5 90 /usr/local/lib/python2.7/dist-packages/qsym/../../../../third_party/pin-2.14-71313-gcc.4.4.7-linux/pin.sh -ifeellucky -t /usr/local/lib/python2.7/dist-packages/qsym/pintool/obj-intel64/libqsym.so -logfile /tmp/tmpsIQHbs/qsym-out-3/pin.log -i /workspace/runs/zlib/gcc-O2/rep-1/afl-out/qsym/.cur_input -s 1 -o /tmp/tmpsIQHbs/qsym-out-3 -l 1 -b /workspace/runs/zlib/gcc-O2/rep-1/afl-out/qsym/bitmap -- /workspace/builds/zlib/gcc-O2/src/minigzip -d
DEBUG:qsym.afl:Total=5 s, Emulation=5 s, Solver=0 s, Return=1
DEBUG:qsym.afl:Creating: /workspace/runs/zlib/gcc-O2/rep-1/afl-out/qsym/queue/id:000002,src:id:000050
DEBUG:qsym.afl:Creating: /workspace/runs/zlib/gcc-O2/rep-1/afl-out/qsym/queue/id:000003,src:id:000050
DEBUG:qsym.afl:Creating: /workspace/runs/zlib/gcc-O2/rep-1/afl-out/qsym/queue/id:000004,src:id:000050
DEBUG:qsym.afl:Generate 3 testcases
DEBUG:qsym.afl:3 testcases are new
DEBUG:qsym.afl:Run qsym: input=/workspace/runs/zlib/gcc-O2/rep-1/afl-out/afl-slave/queue/id:000015,src:000001,op:havoc,rep:8,+cov
DEBUG:qsym.Executor:Executing timeout -k 5 90 /usr/local/lib/python2.7/dist-packages/qsym/../../../../third_party/pin-2.14-71313-gcc.4.4.7-linux/pin.sh -ifeellucky -t /usr/local/lib/python2.7/dist-packages/qsym/pintool/obj-intel64/libqsym.so -logfile /tmp/tmpsIQHbs/qsym-out-4/pin.log -i /workspace/runs/zlib/gcc-O2/rep-1/afl-out/qsym/.cur_input -s 1 -o /tmp/tmpsIQHbs/qsym-out-4 -l 1 -b /workspace/runs/zlib/gcc-O2/rep-1/afl-out/qsym/bitmap -- /workspace/builds/zlib/gcc-O2/src/minigzip -d
DEBUG:qsym.afl:Total=6 s, Emulation=6 s, Solver=0 s, Return=0
DEBUG:qsym.afl:Generate 1 testcases
DEBUG:qsym.afl:0 testcases are new
DEBUG:qsym.afl:Run qsym: input=/workspace/runs/zlib/gcc-O2/rep-1/afl-out/afl-slave/queue/id:000012,src:000001,op:havoc,rep:4,+cov
DEBUG:qsym.Executor:Executing timeout -k 5 90 /usr/local/lib/python2.7/dist-packages/qsym/../../../../third_party/pin-2.14-71313-gcc.4.4.7-linux/pin.sh -ifeellucky -t /usr/local/lib/python2.7/dist-packages/qsym/pintool/obj-intel64/libqsym.so -logfile /tmp/tmpsIQHbs/qsym-out-5/pin.log -i /workspace/runs/zlib/gcc-O2/rep-1/afl-out/qsym/.cur_input -s 1 -o /tmp/tmpsIQHbs/qsym-out-5 -l 1 -b /workspace/runs/zlib/gcc-O2/rep-1/afl-out/qsym/bitmap -- /workspace/builds/zlib/gcc-O2/src/minigzip -d
DEBUG:qsym.afl:Total=7 s, Emulation=7 s, Solver=0 s, Return=1
DEBUG:qsym.afl:Creating: /workspace/runs/zlib/gcc-O2/rep-1/afl-out/qsym/queue/id:000005,src:id:000012
DEBUG:qsym.afl:Generate 1 testcases
DEBUG:qsym.afl:1 testcases are new
DEBUG:qsym.afl:Run qsym: input=/workspace/runs/zlib/gcc-O2/rep-1/afl-out/afl-slave/queue/id:000008,src:000001,op:havoc,rep:8,+cov
DEBUG:qsym.Executor:Executing timeout -k 5 90 /usr/local/lib/python2.7/dist-packages/qsym/../../../../third_party/pin-2.14-71313-gcc.4.4.7-linux/pin.sh -ifeellucky -t /usr/local/lib/python2.7/dist-packages/qsym/pintool/obj-intel64/libqsym.so -logfile /tmp/tmpsIQHbs/qsym-out-6/pin.log -i /workspace/runs/zlib/gcc-O2/rep-1/afl-out/qsym/.cur_input -s 1 -o /tmp/tmpsIQHbs/qsym-out-6 -l 1 -b /workspace/runs/zlib/gcc-O2/rep-1/afl-out/qsym/bitmap -- /workspace/builds/zlib/gcc-O2/src/minigzip -d
DEBUG:qsym.afl:Total=8 s, Emulation=8 s, Solver=0 s, Return=1
DEBUG:qsym.afl:Generate 1 testcases
DEBUG:qsym.afl:0 testcases are new
DEBUG:qsym.afl:Run qsym: input=/workspace/runs/zlib/gcc-O2/rep-1/afl-out/afl-slave/queue/id:000108,src:000001,op:havoc,rep:4,+cov
DEBUG:qsym.Executor:Executing timeout -k 5 90 /usr/local/lib/python2.7/dist-packages/qsym/../../../../third_party/pin-2.14-71313-gcc.4.4.7-linux/pin.sh -ifeellucky -t /usr/local/lib/python2.7/dist-packages/qsym/pintool/obj-intel64/libqsym.so -logfile /tmp/tmpsIQHbs/qsym-out-7/pin.log -i /workspace/runs/zlib/gcc-O2/rep-1/afl-out/qsym/.cur_input -s 1 -o /tmp/tmpsIQHbs/qsym-out-7 -l 1 -b /workspace/runs/zlib/gcc-O2/rep-1/afl-out/qsym/bitmap -- /workspace/builds/zlib/gcc-O2/src/minigzip -d
DEBUG:qsym.afl:Total=5 s, Emulation=5 s, Solver=0 s, Return=1
DEBUG:qsym.afl:Generate 0 testcases
DEBUG:qsym.afl:0 testcases are new
DEBUG:qsym.afl:Run qsym: input=/workspace/runs/zlib/gcc-O2/rep-1/afl-out/afl-slave/queue/id:000062,src:000001,op:havoc,rep:4,+cov
DEBUG:qsym.Executor:Executing timeout -k 5 90 /usr/local/lib/python2.7/dist-packages/qsym/../../../../third_party/pin-2.14-71313-gcc.4.4.7-linux/pin.sh -ifeellucky -t /usr/local/lib/python2.7/dist-packages/qsym/pintool/obj-intel64/libqsym.so -logfile /tmp/tmpsIQHbs/qsym-out-8/pin.log -i /workspace/runs/zlib/gcc-O2/rep-1/afl-out/qsym/.cur_input -s 1 -o /tmp/tmpsIQHbs/qsym-out-8 -l 1 -b /workspace/runs/zlib/gcc-O2/rep-1/afl-out/qsym/bitmap -- /workspace/builds/zlib/gcc-O2/src/minigzip -d
DEBUG:qsym.afl:Total=5 s, Emulation=5 s, Solver=0 s, Return=1
DEBUG:qsym.afl:Generate 0 testcases
DEBUG:qsym.afl:0 testcases are new
DEBUG:qsym.afl:Run qsym: input=/workspace/runs/zlib/gcc-O2/rep-1/afl-out/afl-slave/queue/id:000047,src:000001,op:havoc,rep:2,+cov
DEBUG:qsym.Executor:Executing timeout -k 5 90 /usr/local/lib/python2.7/dist-packages/qsym/../../../../third_party/pin-2.14-71313-gcc.4.4.7-linux/pin.sh -ifeellucky -t /usr/local/lib/python2.7/dist-packages/qsym/pintool/obj-intel64/libqsym.so -logfile /tmp/tmpsIQHbs/qsym-out-9/pin.log -i /workspace/runs/zlib/gcc-O2/rep-1/afl-out/qsym/.cur_input -s 1 -o /tmp/tmpsIQHbs/qsym-out-9 -l 1 -b /workspace/runs/zlib/gcc-O2/rep-1/afl-out/qsym/bitmap -- /workspace/builds/zlib/gcc-O2/src/minigzip -d
DEBUG:qsym.afl:Total=7 s, Emulation=7 s, Solver=0 s, Return=1
DEBUG:qsym.afl:Generate 0 testcases
DEBUG:qsym.afl:0 testcases are new
DEBUG:qsym.afl:Run qsym: input=/workspace/runs/zlib/gcc-O2/rep-1/afl-out/afl-slave/queue/id:000034,src:000001,op:havoc,rep:2,+cov
DEBUG:qsym.Executor:Executing timeout -k 5 90 /usr/local/lib/python2.7/dist-packages/qsym/../../../../third_party/pin-2.14-71313-gcc.4.4.7-linux/pin.sh -ifeellucky -t /usr/local/lib/python2.7/dist-packages/qsym/pintool/obj-intel64/libqsym.so -logfile /tmp/tmpsIQHbs/qsym-out-10/pin.log -i /workspace/runs/zlib/gcc-O2/rep-1/afl-out/qsym/.cur_input -s 1 -o /tmp/tmpsIQHbs/qsym-out-10 -l 1 -b /workspace/runs/zlib/gcc-O2/rep-1/afl-out/qsym/bitmap -- /workspace/builds/zlib/gcc-O2/src/minigzip -d
DEBUG:qsym.afl:Total=5 s, Emulation=5 s, Solver=0 s, Return=1
DEBUG:qsym.afl:Creating: /workspace/runs/zlib/gcc-O2/rep-1/afl-out/qsym/queue/id:000006,src:id:000034
DEBUG:qsym.afl:Generate 1 testcases
DEBUG:qsym.afl:1 testcases are new
DEBUG:qsym.afl:Run qsym: input=/workspace/runs/zlib/gcc-O2/rep-1/afl-out/afl-slave/queue/id:000074,src:000001,op:havoc,rep:4,+cov
DEBUG:qsym.Executor:Executing timeout -k 5 90 /usr/local/lib/python2.7/dist-packages/qsym/../../../../third_party/pin-2.14-71313-gcc.4.4.7-linux/pin.sh -ifeellucky -t /usr/local/lib/python2.7/dist-packages/qsym/pintool/obj-intel64/libqsym.so -logfile /tmp/tmpsIQHbs/qsym-out-11/pin.log -i /workspace/runs/zlib/gcc-O2/rep-1/afl-out/qsym/.cur_input -s 1 -o /tmp/tmpsIQHbs/qsym-out-11 -l 1 -b /workspace/runs/zlib/gcc-O2/rep-1/afl-out/qsym/bitmap -- /workspace/builds/zlib/gcc-O2/src/minigzip -d
DEBUG:qsym.afl:Total=5 s, Emulation=5 s, Solver=0 s, Return=1
DEBUG:qsym.afl:Generate 0 testcases
DEBUG:qsym.afl:0 testcases are new
DEBUG:qsym.afl:Run qsym: input=/workspace/runs/zlib/gcc-O2/rep-1/afl-out/afl-slave/queue/id:000207,sync:afl-master,src:000206,+cov
DEBUG:qsym.Executor:Executing timeout -k 5 90 /usr/local/lib/python2.7/dist-packages/qsym/../../../../third_party/pin-2.14-71313-gcc.4.4.7-linux/pin.sh -ifeellucky -t /usr/local/lib/python2.7/dist-packages/qsym/pintool/obj-intel64/libqsym.so -logfile /tmp/tmpsIQHbs/qsym-out-12/pin.log -i /workspace/runs/zlib/gcc-O2/rep-1/afl-out/qsym/.cur_input -s 1 -o /tmp/tmpsIQHbs/qsym-out-12 -l 1 -b /workspace/runs/zlib/gcc-O2/rep-1/afl-out/qsym/bitmap -- /workspace/builds/zlib/gcc-O2/src/minigzip -d
DEBUG:qsym.afl:Total=8 s, Emulation=8 s, Solver=0 s, Return=1
DEBUG:qsym.afl:Creating: /workspace/runs/zlib/gcc-O2/rep-1/afl-out/qsym/queue/id:000007,src:id:000207
DEBUG:qsym.afl:Creating: /workspace/runs/zlib/gcc-O2/rep-1/afl-out/qsym/queue/id:000008,src:id:000207
DEBUG:qsym.afl:Creating: /workspace/runs/zlib/gcc-O2/rep-1/afl-out/qsym/queue/id:000009,src:id:000207
DEBUG:qsym.afl:Creating: /workspace/runs/zlib/gcc-O2/rep-1/afl-out/qsym/queue/id:000010,src:id:000207
DEBUG:qsym.afl:Generate 38 testcases
DEBUG:qsym.afl:4 testcases are new
DEBUG:qsym.afl:Run qsym: input=/workspace/runs/zlib/gcc-O2/rep-1/afl-out/afl-slave/queue/id:000110,src:000001,op:havoc,rep:4,+cov
DEBUG:qsym.Executor:Executing timeout -k 5 90 /usr/local/lib/python2.7/dist-packages/qsym/../../../../third_party/pin-2.14-71313-gcc.4.4.7-linux/pin.sh -ifeellucky -t /usr/local/lib/python2.7/dist-packages/qsym/pintool/obj-intel64/libqsym.so -logfile /tmp/tmpsIQHbs/qsym-out-13/pin.log -i /workspace/runs/zlib/gcc-O2/rep-1/afl-out/qsym/.cur_input -s 1 -o /tmp/tmpsIQHbs/qsym-out-13 -l 1 -b /workspace/runs/zlib/gcc-O2/rep-1/afl-out/qsym/bitmap -- /workspace/builds/zlib/gcc-O2/src/minigzip -d
DEBUG:qsym.afl:Total=7 s, Emulation=7 s, Solver=0 s, Return=1
DEBUG:qsym.afl:Creating: /workspace/runs/zlib/gcc-O2/rep-1/afl-out/qsym/queue/id:000011,src:id:000110
DEBUG:qsym.afl:Generate 2 testcases
DEBUG:qsym.afl:1 testcases are new
DEBUG:qsym.afl:Run qsym: input=/workspace/runs/zlib/gcc-O2/rep-1/afl-out/afl-slave/queue/id:000308,src:000018,op:havoc,rep:4,+cov
DEBUG:qsym.Executor:Executing timeout -k 5 90 /usr/local/lib/python2.7/dist-packages/qsym/../../../../third_party/pin-2.14-71313-gcc.4.4.7-linux/pin.sh -ifeellucky -t /usr/local/lib/python2.7/dist-packages/qsym/pintool/obj-intel64/libqsym.so -logfile /tmp/tmpsIQHbs/qsym-out-14/pin.log -i /workspace/runs/zlib/gcc-O2/rep-1/afl-out/qsym/.cur_input -s 1 -o /tmp/tmpsIQHbs/qsym-out-14 -l 1 -b /workspace/runs/zlib/gcc-O2/rep-1/afl-out/qsym/bitmap -- /workspace/builds/zlib/gcc-O2/src/minigzip -d
DEBUG:qsym.afl:Total=7 s, Emulation=7 s, Solver=0 s, Return=1
DEBUG:qsym.afl:Creating: /workspace/runs/zlib/gcc-O2/rep-1/afl-out/qsym/queue/id:000012,src:id:000308
DEBUG:qsym.afl:Creating: /workspace/runs/zlib/gcc-O2/rep-1/afl-out/qsym/queue/id:000013,src:id:000308
DEBUG:qsym.afl:Creating: /workspace/runs/zlib/gcc-O2/rep-1/afl-out/qsym/queue/id:000014,src:id:000308
DEBUG:qsym.afl:Generate 23 testcases
DEBUG:qsym.afl:3 testcases are new
DEBUG:qsym.afl:Run qsym: input=/workspace/runs/zlib/gcc-O2/rep-1/afl-out/afl-slave/queue/id:000307,src:000016+000100,op:splice,rep:2,+cov
DEBUG:qsym.Executor:Executing timeout -k 5 90 /usr/local/lib/python2.7/dist-packages/qsym/../../../../third_party/pin-2.14-71313-gcc.4.4.7-linux/pin.sh -ifeellucky -t /usr/local/lib/python2.7/dist-packages/qsym/pintool/obj-intel64/libqsym.so -logfile /tmp/tmpsIQHbs/qsym-out-15/pin.log -i /workspace/runs/zlib/gcc-O2/rep-1/afl-out/qsym/.cur_input -s 1 -o /tmp/tmpsIQHbs/qsym-out-15 -l 1 -b /workspace/runs/zlib/gcc-O2/rep-1/afl-out/qsym/bitmap -- /workspace/builds/zlib/gcc-O2/src/minigzip -d
DEBUG:qsym.afl:Total=6 s, Emulation=6 s, Solver=0 s, Return=1
DEBUG:qsym.afl:Creating: /workspace/runs/zlib/gcc-O2/rep-1/afl-out/qsym/queue/id:000015,src:id:000307
DEBUG:qsym.afl:Creating: /workspace/runs/zlib/gcc-O2/rep-1/afl-out/qsym/queue/id:000016,src:id:000307
DEBUG:qsym.afl:Creating: /workspace/runs/zlib/gcc-O2/rep-1/afl-out/qsym/queue/id:000017,src:id:000307
DEBUG:qsym.afl:Generate 12 testcases
DEBUG:qsym.afl:3 testcases are new
DEBUG:qsym.afl:Run qsym: input=/workspace/runs/zlib/gcc-O2/rep-1/afl-out/afl-slave/queue/id:000178,sync:afl-master,src:000146,+cov
DEBUG:qsym.Executor:Executing timeout -k 5 90 /usr/local/lib/python2.7/dist-packages/qsym/../../../../third_party/pin-2.14-71313-gcc.4.4.7-linux/pin.sh -ifeellucky -t /usr/local/lib/python2.7/dist-packages/qsym/pintool/obj-intel64/libqsym.so -logfile /tmp/tmpsIQHbs/qsym-out-16/pin.log -i /workspace/runs/zlib/gcc-O2/rep-1/afl-out/qsym/.cur_input -s 1 -o /tmp/tmpsIQHbs/qsym-out-16 -l 1 -b /workspace/runs/zlib/gcc-O2/rep-1/afl-out/qsym/bitmap -- /workspace/builds/zlib/gcc-O2/src/minigzip -d
DEBUG:qsym.afl:Total=7 s, Emulation=7 s, Solver=0 s, Return=1
DEBUG:qsym.afl:Creating: /workspace/runs/zlib/gcc-O2/rep-1/afl-out/qsym/queue/id:000018,src:id:000178
DEBUG:qsym.afl:Creating: /workspace/runs/zlib/gcc-O2/rep-1/afl-out/qsym/queue/id:000019,src:id:000178
DEBUG:qsym.afl:Creating: /workspace/runs/zlib/gcc-O2/rep-1/afl-out/qsym/queue/id:000020,src:id:000178
DEBUG:qsym.afl:Creating: /workspace/runs/zlib/gcc-O2/rep-1/afl-out/qsym/queue/id:000021,src:id:000178
DEBUG:qsym.afl:Creating: /workspace/runs/zlib/gcc-O2/rep-1/afl-out/qsym/queue/id:000022,src:id:000178
DEBUG:qsym.afl:Generate 6 testcases
DEBUG:qsym.afl:5 testcases are new
DEBUG:qsym.afl:Run qsym: input=/workspace/runs/zlib/gcc-O2/rep-1/afl-out/afl-slave/queue/id:000162,sync:afl-master,src:000098,+cov
DEBUG:qsym.Executor:Executing timeout -k 5 90 /usr/local/lib/python2.7/dist-packages/qsym/../../../../third_party/pin-2.14-71313-gcc.4.4.7-linux/pin.sh -ifeellucky -t /usr/local/lib/python2.7/dist-packages/qsym/pintool/obj-intel64/libqsym.so -logfile /tmp/tmpsIQHbs/qsym-out-17/pin.log -i /workspace/runs/zlib/gcc-O2/rep-1/afl-out/qsym/.cur_input -s 1 -o /tmp/tmpsIQHbs/qsym-out-17 -l 1 -b /workspace/runs/zlib/gcc-O2/rep-1/afl-out/qsym/bitmap -- /workspace/builds/zlib/gcc-O2/src/minigzip -d
DEBUG:qsym.afl:Total=8 s, Emulation=8 s, Solver=0 s, Return=1
DEBUG:qsym.afl:Creating: /workspace/runs/zlib/gcc-O2/rep-1/afl-out/qsym/queue/id:000023,src:id:000162
DEBUG:qsym.afl:Generate 1 testcases
DEBUG:qsym.afl:1 testcases are new
DEBUG:qsym.afl:Run qsym: input=/workspace/runs/zlib/gcc-O2/rep-1/afl-out/afl-slave/queue/id:000007,src:000001,op:havoc,rep:2,+cov
DEBUG:qsym.Executor:Executing timeout -k 5 90 /usr/local/lib/python2.7/dist-packages/qsym/../../../../third_party/pin-2.14-71313-gcc.4.4.7-linux/pin.sh -ifeellucky -t /usr/local/lib/python2.7/dist-packages/qsym/pintool/obj-intel64/libqsym.so -logfile /tmp/tmpsIQHbs/qsym-out-18/pin.log -i /workspace/runs/zlib/gcc-O2/rep-1/afl-out/qsym/.cur_input -s 1 -o /tmp/tmpsIQHbs/qsym-out-18 -l 1 -b /workspace/runs/zlib/gcc-O2/rep-1/afl-out/qsym/bitmap -- /workspace/builds/zlib/gcc-O2/src/minigzip -d
DEBUG:qsym.afl:Total=7 s, Emulation=7 s, Solver=0 s, Return=0
DEBUG:qsym.afl:Generate 0 testcases
DEBUG:qsym.afl:0 testcases are new
DEBUG:qsym.afl:Run qsym: input=/workspace/runs/zlib/gcc-O2/rep-1/afl-out/afl-slave/queue/id:000124,src:000001,op:havoc,rep:4,+cov
DEBUG:qsym.Executor:Executing timeout -k 5 90 /usr/local/lib/python2.7/dist-packages/qsym/../../../../third_party/pin-2.14-71313-gcc.4.4.7-linux/pin.sh -ifeellucky -t /usr/local/lib/python2.7/dist-packages/qsym/pintool/obj-intel64/libqsym.so -logfile /tmp/tmpsIQHbs/qsym-out-19/pin.log -i /workspace/runs/zlib/gcc-O2/rep-1/afl-out/qsym/.cur_input -s 1 -o /tmp/tmpsIQHbs/qsym-out-19 -l 1 -b /workspace/runs/zlib/gcc-O2/rep-1/afl-out/qsym/bitmap -- /workspace/builds/zlib/gcc-O2/src/minigzip -d
DEBUG:qsym.afl:Total=6 s, Emulation=6 s, Solver=0 s, Return=1
DEBUG:qsym.afl:Creating: /workspace/runs/zlib/gcc-O2/rep-1/afl-out/qsym/queue/id:000024,src:id:000124
DEBUG:qsym.afl:Generate 4 testcases
DEBUG:qsym.afl:1 testcases are new
DEBUG:qsym.afl:Run qsym: input=/workspace/runs/zlib/gcc-O2/rep-1/afl-out/afl-slave/queue/id:000079,src:000001,op:havoc,rep:2,+cov
DEBUG:qsym.Executor:Executing timeout -k 5 90 /usr/local/lib/python2.7/dist-packages/qsym/../../../../third_party/pin-2.14-71313-gcc.4.4.7-linux/pin.sh -ifeellucky -t /usr/local/lib/python2.7/dist-packages/qsym/pintool/obj-intel64/libqsym.so -logfile /tmp/tmpsIQHbs/qsym-out-20/pin.log -i /workspace/runs/zlib/gcc-O2/rep-1/afl-out/qsym/.cur_input -s 1 -o /tmp/tmpsIQHbs/qsym-out-20 -l 1 -b /workspace/runs/zlib/gcc-O2/rep-1/afl-out/qsym/bitmap -- /workspace/builds/zlib/gcc-O2/src/minigzip -d
DEBUG:qsym.afl:Total=6 s, Emulation=6 s, Solver=0 s, Return=1
DEBUG:qsym.afl:Generate 4 testcases
DEBUG:qsym.afl:0 testcases are new
DEBUG:qsym.afl:Run qsym: input=/workspace/runs/zlib/gcc-O2/rep-1/afl-out/afl-slave/queue/id:000182,sync:afl-master,src:000155,+cov
DEBUG:qsym.Executor:Executing timeout -k 5 90 /usr/local/lib/python2.7/dist-packages/qsym/../../../../third_party/pin-2.14-71313-gcc.4.4.7-linux/pin.sh -ifeellucky -t /usr/local/lib/python2.7/dist-packages/qsym/pintool/obj-intel64/libqsym.so -logfile /tmp/tmpsIQHbs/qsym-out-21/pin.log -i /workspace/runs/zlib/gcc-O2/rep-1/afl-out/qsym/.cur_input -s 1 -o /tmp/tmpsIQHbs/qsym-out-21 -l 1 -b /workspace/runs/zlib/gcc-O2/rep-1/afl-out/qsym/bitmap -- /workspace/builds/zlib/gcc-O2/src/minigzip -d
DEBUG:qsym.afl:Total=5 s, Emulation=5 s, Solver=0 s, Return=1
DEBUG:qsym.afl:Creating: /workspace/runs/zlib/gcc-O2/rep-1/afl-out/qsym/queue/id:000025,src:id:000182
DEBUG:qsym.afl:Generate 1 testcases
DEBUG:qsym.afl:1 testcases are new
DEBUG:qsym.afl:Run qsym: input=/workspace/runs/zlib/gcc-O2/rep-1/afl-out/afl-slave/queue/id:000141,src:000001,op:havoc,rep:4,+cov
DEBUG:qsym.Executor:Executing timeout -k 5 90 /usr/local/lib/python2.7/dist-packages/qsym/../../../../third_party/pin-2.14-71313-gcc.4.4.7-linux/pin.sh -ifeellucky -t /usr/local/lib/python2.7/dist-packages/qsym/pintool/obj-intel64/libqsym.so -logfile /tmp/tmpsIQHbs/qsym-out-22/pin.log -i /workspace/runs/zlib/gcc-O2/rep-1/afl-out/qsym/.cur_input -s 1 -o /tmp/tmpsIQHbs/qsym-out-22 -l 1 -b /workspace/runs/zlib/gcc-O2/rep-1/afl-out/qsym/bitmap -- /workspace/builds/zlib/gcc-O2/src/minigzip -d
DEBUG:qsym.afl:Total=6 s, Emulation=6 s, Solver=0 s, Return=1
DEBUG:qsym.afl:Creating: /workspace/runs/zlib/gcc-O2/rep-1/afl-out/qsym/queue/id:000026,src:id:000141
DEBUG:qsym.afl:Creating: /workspace/runs/zlib/gcc-O2/rep-1/afl-out/qsym/queue/id:000027,src:id:000141
DEBUG:qsym.afl:Creating: /workspace/runs/zlib/gcc-O2/rep-1/afl-out/qsym/queue/id:000028,src:id:000141
DEBUG:qsym.afl:Generate 12 testcases
DEBUG:qsym.afl:3 testcases are new
DEBUG:qsym.afl:Run qsym: input=/workspace/runs/zlib/gcc-O2/rep-1/afl-out/afl-slave/queue/id:000033,src:000001,op:havoc,rep:4,+cov
DEBUG:qsym.Executor:Executing timeout -k 5 90 /usr/local/lib/python2.7/dist-packages/qsym/../../../../third_party/pin-2.14-71313-gcc.4.4.7-linux/pin.sh -ifeellucky -t /usr/local/lib/python2.7/dist-packages/qsym/pintool/obj-intel64/libqsym.so -logfile /tmp/tmpsIQHbs/qsym-out-23/pin.log -i /workspace/runs/zlib/gcc-O2/rep-1/afl-out/qsym/.cur_input -s 1 -o /tmp/tmpsIQHbs/qsym-out-23 -l 1 -b /workspace/runs/zlib/gcc-O2/rep-1/afl-out/qsym/bitmap -- /workspace/builds/zlib/gcc-O2/src/minigzip -d
DEBUG:qsym.afl:Total=6 s, Emulation=6 s, Solver=0 s, Return=1
DEBUG:qsym.afl:Generate 0 testcases
DEBUG:qsym.afl:0 testcases are new
DEBUG:qsym.afl:Run qsym: input=/workspace/runs/zlib/gcc-O2/rep-1/afl-out/afl-slave/queue/id:000024,src:000001,op:havoc,rep:4,+cov
DEBUG:qsym.Executor:Executing timeout -k 5 90 /usr/local/lib/python2.7/dist-packages/qsym/../../../../third_party/pin-2.14-71313-gcc.4.4.7-linux/pin.sh -ifeellucky -t /usr/local/lib/python2.7/dist-packages/qsym/pintool/obj-intel64/libqsym.so -logfile /tmp/tmpsIQHbs/qsym-out-24/pin.log -i /workspace/runs/zlib/gcc-O2/rep-1/afl-out/qsym/.cur_input -s 1 -o /tmp/tmpsIQHbs/qsym-out-24 -l 1 -b /workspace/runs/zlib/gcc-O2/rep-1/afl-out/qsym/bitmap -- /workspace/builds/zlib/gcc-O2/src/minigzip -d
DEBUG:qsym.afl:Total=8 s, Emulation=7 s, Solver=0 s, Return=1
DEBUG:qsym.afl:Generate 2 testcases
DEBUG:qsym.afl:0 testcases are new
DEBUG:qsym.afl:Run qsym: input=/workspace/runs/zlib/gcc-O2/rep-1/afl-out/afl-slave/queue/id:000300,sync:afl-master,src:000218,+cov
DEBUG:qsym.Executor:Executing timeout -k 5 90 /usr/local/lib/python2.7/dist-packages/qsym/../../../../third_party/pin-2.14-71313-gcc.4.4.7-linux/pin.sh -ifeellucky -t /usr/local/lib/python2.7/dist-packages/qsym/pintool/obj-intel64/libqsym.so -logfile /tmp/tmpsIQHbs/qsym-out-25/pin.log -i /workspace/runs/zlib/gcc-O2/rep-1/afl-out/qsym/.cur_input -s 1 -o /tmp/tmpsIQHbs/qsym-out-25 -l 1 -b /workspace/runs/zlib/gcc-O2/rep-1/afl-out/qsym/bitmap -- /workspace/builds/zlib/gcc-O2/src/minigzip -d
DEBUG:qsym.afl:Total=8 s, Emulation=8 s, Solver=0 s, Return=1
DEBUG:qsym.afl:Creating: /workspace/runs/zlib/gcc-O2/rep-1/afl-out/qsym/queue/id:000029,src:id:000300
DEBUG:qsym.afl:Creating: /workspace/runs/zlib/gcc-O2/rep-1/afl-out/qsym/queue/id:000030,src:id:000300
DEBUG:qsym.afl:Creating: /workspace/runs/zlib/gcc-O2/rep-1/afl-out/qsym/queue/id:000031,src:id:000300
DEBUG:qsym.afl:Creating: /workspace/runs/zlib/gcc-O2/rep-1/afl-out/qsym/queue/id:000032,src:id:000300
DEBUG:qsym.afl:Creating: /workspace/runs/zlib/gcc-O2/rep-1/afl-out/qsym/queue/id:000033,src:id:000300
DEBUG:qsym.afl:Creating: /workspace/runs/zlib/gcc-O2/rep-1/afl-out/qsym/queue/id:000034,src:id:000300
DEBUG:qsym.afl:Generate 46 testcases
DEBUG:qsym.afl:6 testcases are new
DEBUG:qsym.afl:Run qsym: input=/workspace/runs/zlib/gcc-O2/rep-1/afl-out/afl-slave/queue/id:000291,src:000002+000084,op:splice,rep:8,+cov
DEBUG:qsym.Executor:Executing timeout -k 5 90 /usr/local/lib/python2.7/dist-packages/qsym/../../../../third_party/pin-2.14-71313-gcc.4.4.7-linux/pin.sh -ifeellucky -t /usr/local/lib/python2.7/dist-packages/qsym/pintool/obj-intel64/libqsym.so -logfile /tmp/tmpsIQHbs/qsym-out-26/pin.log -i /workspace/runs/zlib/gcc-O2/rep-1/afl-out/qsym/.cur_input -s 1 -o /tmp/tmpsIQHbs/qsym-out-26 -l 1 -b /workspace/runs/zlib/gcc-O2/rep-1/afl-out/qsym/bitmap -- /workspace/builds/zlib/gcc-O2/src/minigzip -d
DEBUG:qsym.afl:Total=7 s, Emulation=7 s, Solver=0 s, Return=1
DEBUG:qsym.afl:Creating: /workspace/runs/zlib/gcc-O2/rep-1/afl-out/qsym/queue/id:000035,src:id:000291
DEBUG:qsym.afl:Creating: /workspace/runs/zlib/gcc-O2/rep-1/afl-out/qsym/queue/id:000036,src:id:000291
DEBUG:qsym.afl:Creating: /workspace/runs/zlib/gcc-O2/rep-1/afl-out/qsym/queue/id:000037,src:id:000291
DEBUG:qsym.afl:Creating: /workspace/runs/zlib/gcc-O2/rep-1/afl-out/qsym/queue/id:000038,src:id:000291
DEBUG:qsym.afl:Creating: /workspace/runs/zlib/gcc-O2/rep-1/afl-out/qsym/queue/id:000039,src:id:000291
DEBUG:qsym.afl:Creating: /workspace/runs/zlib/gcc-O2/rep-1/afl-out/qsym/queue/id:000040,src:id:000291
DEBUG:qsym.afl:Generate 6 testcases
DEBUG:qsym.afl:6 testcases are new
DEBUG:qsym.afl:Run qsym: input=/workspace/runs/zlib/gcc-O2/rep-1/afl-out/afl-slave/queue/id:000154,src:000001+000120,op:splice,rep:2,+cov
DEBUG:qsym.Executor:Executing timeout -k 5 90 /usr/local/lib/python2.7/dist-packages/qsym/../../../../third_party/pin-2.14-71313-gcc.4.4.7-linux/pin.sh -ifeellucky -t /usr/local/lib/python2.7/dist-packages/qsym/pintool/obj-intel64/libqsym.so -logfile /tmp/tmpsIQHbs/qsym-out-27/pin.log -i /workspace/runs/zlib/gcc-O2/rep-1/afl-out/qsym/.cur_input -s 1 -o /tmp/tmpsIQHbs/qsym-out-27 -l 1 -b /workspace/runs/zlib/gcc-O2/rep-1/afl-out/qsym/bitmap -- /workspace/builds/zlib/gcc-O2/src/minigzip -d
DEBUG:qsym.afl:Total=7 s, Emulation=7 s, Solver=0 s, Return=1
DEBUG:qsym.afl:Creating: /workspace/runs/zlib/gcc-O2/rep-1/afl-out/qsym/queue/id:000041,src:id:000154
DEBUG:qsym.afl:Creating: /workspace/runs/zlib/gcc-O2/rep-1/afl-out/qsym/queue/id:000042,src:id:000154
DEBUG:qsym.afl:Creating: /workspace/runs/zlib/gcc-O2/rep-1/afl-out/qsym/queue/id:000043,src:id:000154
DEBUG:qsym.afl:Generate 34 testcases
DEBUG:qsym.afl:3 testcases are new
DEBUG:qsym.afl:Run qsym: input=/workspace/runs/zlib/gcc-O2/rep-1/afl-out/afl-slave/queue/id:000119,src:000001,op:havoc,rep:8,+cov
DEBUG:qsym.Executor:Executing timeout -k 5 90 /usr/local/lib/python2.7/dist-packages/qsym/../../../../third_party/pin-2.14-71313-gcc.4.4.7-linux/pin.sh -ifeellucky -t /usr/local/lib/python2.7/dist-packages/qsym/pintool/obj-intel64/libqsym.so -logfile /tmp/tmpsIQHbs/qsym-out-28/pin.log -i /workspace/runs/zlib/gcc-O2/rep-1/afl-out/qsym/.cur_input -s 1 -o /tmp/tmpsIQHbs/qsym-out-28 -l 1 -b /workspace/runs/zlib/gcc-O2/rep-1/afl-out/qsym/bitmap -- /workspace/builds/zlib/gcc-O2/src/minigzip -d
DEBUG:qsym.afl:Total=6 s, Emulation=6 s, Solver=0 s, Return=1
DEBUG:qsym.afl:Generate 0 testcases
DEBUG:qsym.afl:0 testcases are new
DEBUG:qsym.afl:Run qsym: input=/workspace/runs/zlib/gcc-O2/rep-1/afl-out/afl-slave/queue/id:000352,src:000078+000172,op:splice,rep:2,+cov
DEBUG:qsym.Executor:Executing timeout -k 5 90 /usr/local/lib/python2.7/dist-packages/qsym/../../../../third_party/pin-2.14-71313-gcc.4.4.7-linux/pin.sh -ifeellucky -t /usr/local/lib/python2.7/dist-packages/qsym/pintool/obj-intel64/libqsym.so -logfile /tmp/tmpsIQHbs/qsym-out-29/pin.log -i /workspace/runs/zlib/gcc-O2/rep-1/afl-out/qsym/.cur_input -s 1 -o /tmp/tmpsIQHbs/qsym-out-29 -l 1 -b /workspace/runs/zlib/gcc-O2/rep-1/afl-out/qsym/bitmap -- /workspace/builds/zlib/gcc-O2/src/minigzip -d
DEBUG:qsym.afl:Total=6 s, Emulation=6 s, Solver=0 s, Return=1
DEBUG:qsym.afl:Creating: /workspace/runs/zlib/gcc-O2/rep-1/afl-out/qsym/queue/id:000044,src:id:000352
DEBUG:qsym.afl:Creating: /workspace/runs/zlib/gcc-O2/rep-1/afl-out/qsym/queue/id:000045,src:id:000352
DEBUG:qsym.afl:Creating: /workspace/runs/zlib/gcc-O2/rep-1/afl-out/qsym/queue/id:000046,src:id:000352
DEBUG:qsym.afl:Creating: /workspace/runs/zlib/gcc-O2/rep-1/afl-out/qsym/queue/id:000047,src:id:000352
DEBUG:qsym.afl:Creating: /workspace/runs/zlib/gcc-O2/rep-1/afl-out/qsym/queue/id:000048,src:id:000352
DEBUG:qsym.afl:Generate 27 testcases
DEBUG:qsym.afl:5 testcases are new
DEBUG:qsym.afl:Run qsym: input=/workspace/runs/zlib/gcc-O2/rep-1/afl-out/afl-slave/queue/id:000344,src:000068,op:havoc,rep:4,+cov
DEBUG:qsym.Executor:Executing timeout -k 5 90 /usr/local/lib/python2.7/dist-packages/qsym/../../../../third_party/pin-2.14-71313-gcc.4.4.7-linux/pin.sh -ifeellucky -t /usr/local/lib/python2.7/dist-packages/qsym/pintool/obj-intel64/libqsym.so -logfile /tmp/tmpsIQHbs/qsym-out-30/pin.log -i /workspace/runs/zlib/gcc-O2/rep-1/afl-out/qsym/.cur_input -s 1 -o /tmp/tmpsIQHbs/qsym-out-30 -l 1 -b /workspace/runs/zlib/gcc-O2/rep-1/afl-out/qsym/bitmap -- /workspace/builds/zlib/gcc-O2/src/minigzip -d
DEBUG:qsym.afl:Total=6 s, Emulation=6 s, Solver=0 s, Return=1
DEBUG:qsym.afl:Creating: /workspace/runs/zlib/gcc-O2/rep-1/afl-out/qsym/queue/id:000049,src:id:000344
DEBUG:qsym.afl:Generate 8 testcases
DEBUG:qsym.afl:1 testcases are new
DEBUG:qsym.afl:Run qsym: input=/workspace/runs/zlib/gcc-O2/rep-1/afl-out/afl-slave/queue/id:000121,src:000001,op:havoc,rep:4,+cov
DEBUG:qsym.Executor:Executing timeout -k 5 90 /usr/local/lib/python2.7/dist-packages/qsym/../../../../third_party/pin-2.14-71313-gcc.4.4.7-linux/pin.sh -ifeellucky -t /usr/local/lib/python2.7/dist-packages/qsym/pintool/obj-intel64/libqsym.so -logfile /tmp/tmpsIQHbs/qsym-out-31/pin.log -i /workspace/runs/zlib/gcc-O2/rep-1/afl-out/qsym/.cur_input -s 1 -o /tmp/tmpsIQHbs/qsym-out-31 -l 1 -b /workspace/runs/zlib/gcc-O2/rep-1/afl-out/qsym/bitmap -- /workspace/builds/zlib/gcc-O2/src/minigzip -d
DEBUG:qsym.afl:Total=7 s, Emulation=7 s, Solver=0 s, Return=1
DEBUG:qsym.afl:Creating: /workspace/runs/zlib/gcc-O2/rep-1/afl-out/qsym/queue/id:000050,src:id:000121
DEBUG:qsym.afl:Creating: /workspace/runs/zlib/gcc-O2/rep-1/afl-out/qsym/queue/id:000051,src:id:000121
DEBUG:qsym.afl:Creating: /workspace/runs/zlib/gcc-O2/rep-1/afl-out/qsym/queue/id:000052,src:id:000121
DEBUG:qsym.afl:Creating: /workspace/runs/zlib/gcc-O2/rep-1/afl-out/qsym/queue/id:000053,src:id:000121
DEBUG:qsym.afl:Creating: /workspace/runs/zlib/gcc-O2/rep-1/afl-out/qsym/queue/id:000054,src:id:000121
DEBUG:qsym.afl:Generate 10 testcases
DEBUG:qsym.afl:5 testcases are new
DEBUG:qsym.afl:Run qsym: input=/workspace/runs/zlib/gcc-O2/rep-1/afl-out/afl-slave/queue/id:000085,src:000001,op:havoc,rep:2,+cov
DEBUG:qsym.Executor:Executing timeout -k 5 90 /usr/local/lib/python2.7/dist-packages/qsym/../../../../third_party/pin-2.14-71313-gcc.4.4.7-linux/pin.sh -ifeellucky -t /usr/local/lib/python2.7/dist-packages/qsym/pintool/obj-intel64/libqsym.so -logfile /tmp/tmpsIQHbs/qsym-out-32/pin.log -i /workspace/runs/zlib/gcc-O2/rep-1/afl-out/qsym/.cur_input -s 1 -o /tmp/tmpsIQHbs/qsym-out-32 -l 1 -b /workspace/runs/zlib/gcc-O2/rep-1/afl-out/qsym/bitmap -- /workspace/builds/zlib/gcc-O2/src/minigzip -d
DEBUG:qsym.afl:Total=7 s, Emulation=7 s, Solver=0 s, Return=1
DEBUG:qsym.afl:Generate 1 testcases
DEBUG:qsym.afl:0 testcases are new
DEBUG:qsym.afl:Run qsym: input=/workspace/runs/zlib/gcc-O2/rep-1/afl-out/afl-slave/queue/id:000081,src:000001,op:havoc,rep:4,+cov
DEBUG:qsym.Executor:Executing timeout -k 5 90 /usr/local/lib/python2.7/dist-packages/qsym/../../../../third_party/pin-2.14-71313-gcc.4.4.7-linux/pin.sh -ifeellucky -t /usr/local/lib/python2.7/dist-packages/qsym/pintool/obj-intel64/libqsym.so -logfile /tmp/tmpsIQHbs/qsym-out-33/pin.log -i /workspace/runs/zlib/gcc-O2/rep-1/afl-out/qsym/.cur_input -s 1 -o /tmp/tmpsIQHbs/qsym-out-33 -l 1 -b /workspace/runs/zlib/gcc-O2/rep-1/afl-out/qsym/bitmap -- /workspace/builds/zlib/gcc-O2/src/minigzip -d
DEBUG:qsym.afl:Total=6 s, Emulation=6 s, Solver=0 s, Return=1
DEBUG:qsym.afl:Creating: /workspace/runs/zlib/gcc-O2/rep-1/afl-out/qsym/queue/id:000055,src:id:000081
DEBUG:qsym.afl:Generate 28 testcases
DEBUG:qsym.afl:1 testcases are new
DEBUG:qsym.afl:Run qsym: input=/workspace/runs/zlib/gcc-O2/rep-1/afl-out/afl-slave/queue/id:000203,sync:afl-master,src:000197,+cov
DEBUG:qsym.Executor:Executing timeout -k 5 90 /usr/local/lib/python2.7/dist-packages/qsym/../../../../third_party/pin-2.14-71313-gcc.4.4.7-linux/pin.sh -ifeellucky -t /usr/local/lib/python2.7/dist-packages/qsym/pintool/obj-intel64/libqsym.so -logfile /tmp/tmpsIQHbs/qsym-out-34/pin.log -i /workspace/runs/zlib/gcc-O2/rep-1/afl-out/qsym/.cur_input -s 1 -o /tmp/tmpsIQHbs/qsym-out-34 -l 1 -b /workspace/runs/zlib/gcc-O2/rep-1/afl-out/qsym/bitmap -- /workspace/builds/zlib/gcc-O2/src/minigzip -d
DEBUG:qsym.afl:Total=6 s, Emulation=5 s, Solver=0 s, Return=1
DEBUG:qsym.afl:Creating: /workspace/runs/zlib/gcc-O2/rep-1/afl-out/qsym/queue/id:000056,src:id:000203
DEBUG:qsym.afl:Creating: /workspace/runs/zlib/gcc-O2/rep-1/afl-out/qsym/queue/id:000057,src:id:000203
DEBUG:qsym.afl:Creating: /workspace/runs/zlib/gcc-O2/rep-1/afl-out/qsym/queue/id:000058,src:id:000203
DEBUG:qsym.afl:Creating: /workspace/runs/zlib/gcc-O2/rep-1/afl-out/qsym/queue/id:000059,src:id:000203
DEBUG:qsym.afl:Creating: /workspace/runs/zlib/gcc-O2/rep-1/afl-out/qsym/queue/id:000060,src:id:000203
DEBUG:qsym.afl:Creating: /workspace/runs/zlib/gcc-O2/rep-1/afl-out/qsym/queue/id:000061,src:id:000203
DEBUG:qsym.afl:Generate 86 testcases
DEBUG:qsym.afl:6 testcases are new
DEBUG:qsym.afl:Run qsym: input=/workspace/runs/zlib/gcc-O2/rep-1/afl-out/afl-slave/queue/id:000188,sync:afl-master,src:000173,+cov
DEBUG:qsym.Executor:Executing timeout -k 5 90 /usr/local/lib/python2.7/dist-packages/qsym/../../../../third_party/pin-2.14-71313-gcc.4.4.7-linux/pin.sh -ifeellucky -t /usr/local/lib/python2.7/dist-packages/qsym/pintool/obj-intel64/libqsym.so -logfile /tmp/tmpsIQHbs/qsym-out-35/pin.log -i /workspace/runs/zlib/gcc-O2/rep-1/afl-out/qsym/.cur_input -s 1 -o /tmp/tmpsIQHbs/qsym-out-35 -l 1 -b /workspace/runs/zlib/gcc-O2/rep-1/afl-out/qsym/bitmap -- /workspace/builds/zlib/gcc-O2/src/minigzip -d
DEBUG:qsym.afl:Total=8 s, Emulation=8 s, Solver=0 s, Return=1
DEBUG:qsym.afl:Creating: /workspace/runs/zlib/gcc-O2/rep-1/afl-out/qsym/queue/id:000062,src:id:000188
DEBUG:qsym.afl:Creating: /workspace/runs/zlib/gcc-O2/rep-1/afl-out/qsym/queue/id:000063,src:id:000188
DEBUG:qsym.afl:Generate 3 testcases
DEBUG:qsym.afl:2 testcases are new
DEBUG:qsym.afl:Run qsym: input=/workspace/runs/zlib/gcc-O2/rep-1/afl-out/afl-slave/queue/id:000179,sync:afl-master,src:000150,+cov
DEBUG:qsym.Executor:Executing timeout -k 5 90 /usr/local/lib/python2.7/dist-packages/qsym/../../../../third_party/pin-2.14-71313-gcc.4.4.7-linux/pin.sh -ifeellucky -t /usr/local/lib/python2.7/dist-packages/qsym/pintool/obj-intel64/libqsym.so -logfile /tmp/tmpsIQHbs/qsym-out-36/pin.log -i /workspace/runs/zlib/gcc-O2/rep-1/afl-out/qsym/.cur_input -s 1 -o /tmp/tmpsIQHbs/qsym-out-36 -l 1 -b /workspace/runs/zlib/gcc-O2/rep-1/afl-out/qsym/bitmap -- /workspace/builds/zlib/gcc-O2/src/minigzip -d
DEBUG:qsym.afl:Total=8 s, Emulation=8 s, Solver=0 s, Return=1
DEBUG:qsym.afl:Creating: /workspace/runs/zlib/gcc-O2/rep-1/afl-out/qsym/queue/id:000064,src:id:000179
DEBUG:qsym.afl:Generate 34 testcases
DEBUG:qsym.afl:1 testcases are new
DEBUG:qsym.afl:Run qsym: input=/workspace/runs/zlib/gcc-O2/rep-1/afl-out/afl-slave/queue/id:000095,src:000001,op:havoc,rep:8,+cov
DEBUG:qsym.Executor:Executing timeout -k 5 90 /usr/local/lib/python2.7/dist-packages/qsym/../../../../third_party/pin-2.14-71313-gcc.4.4.7-linux/pin.sh -ifeellucky -t /usr/local/lib/python2.7/dist-packages/qsym/pintool/obj-intel64/libqsym.so -logfile /tmp/tmpsIQHbs/qsym-out-37/pin.log -i /workspace/runs/zlib/gcc-O2/rep-1/afl-out/qsym/.cur_input -s 1 -o /tmp/tmpsIQHbs/qsym-out-37 -l 1 -b /workspace/runs/zlib/gcc-O2/rep-1/afl-out/qsym/bitmap -- /workspace/builds/zlib/gcc-O2/src/minigzip -d
DEBUG:qsym.afl:Total=7 s, Emulation=7 s, Solver=0 s, Return=1
DEBUG:qsym.afl:Creating: /workspace/runs/zlib/gcc-O2/rep-1/afl-out/qsym/queue/id:000065,src:id:000095
DEBUG:qsym.afl:Generate 2 testcases
DEBUG:qsym.afl:1 testcases are new
DEBUG:qsym.afl:Run qsym: input=/workspace/runs/zlib/gcc-O2/rep-1/afl-out/afl-slave/queue/id:000092,src:000001,op:havoc,rep:4,+cov
DEBUG:qsym.Executor:Executing timeout -k 5 90 /usr/local/lib/python2.7/dist-packages/qsym/../../../../third_party/pin-2.14-71313-gcc.4.4.7-linux/pin.sh -ifeellucky -t /usr/local/lib/python2.7/dist-packages/qsym/pintool/obj-intel64/libqsym.so -logfile /tmp/tmpsIQHbs/qsym-out-38/pin.log -i /workspace/runs/zlib/gcc-O2/rep-1/afl-out/qsym/.cur_input -s 1 -o /tmp/tmpsIQHbs/qsym-out-38 -l 1 -b /workspace/runs/zlib/gcc-O2/rep-1/afl-out/qsym/bitmap -- /workspace/builds/zlib/gcc-O2/src/minigzip -d
DEBUG:qsym.afl:Total=7 s, Emulation=7 s, Solver=0 s, Return=1
DEBUG:qsym.afl:Creating: /workspace/runs/zlib/gcc-O2/rep-1/afl-out/qsym/queue/id:000066,src:id:000092
DEBUG:qsym.afl:Generate 2 testcases
DEBUG:qsym.afl:1 testcases are new
DEBUG:qsym.afl:Run qsym: input=/workspace/runs/zlib/gcc-O2/rep-1/afl-out/afl-slave/queue/id:000076,src:000001,op:havoc,rep:8,+cov
DEBUG:qsym.Executor:Executing timeout -k 5 90 /usr/local/lib/python2.7/dist-packages/qsym/../../../../third_party/pin-2.14-71313-gcc.4.4.7-linux/pin.sh -ifeellucky -t /usr/local/lib/python2.7/dist-packages/qsym/pintool/obj-intel64/libqsym.so -logfile /tmp/tmpsIQHbs/qsym-out-39/pin.log -i /workspace/runs/zlib/gcc-O2/rep-1/afl-out/qsym/.cur_input -s 1 -o /tmp/tmpsIQHbs/qsym-out-39 -l 1 -b /workspace/runs/zlib/gcc-O2/rep-1/afl-out/qsym/bitmap -- /workspace/builds/zlib/gcc-O2/src/minigzip -d
DEBUG:qsym.afl:Total=7 s, Emulation=7 s, Solver=0 s, Return=1
DEBUG:qsym.afl:Generate 2 testcases
DEBUG:qsym.afl:0 testcases are new
DEBUG:qsym.afl:Run qsym: input=/workspace/runs/zlib/gcc-O2/rep-1/afl-out/afl-slave/queue/id:000072,src:000001,op:havoc,rep:2,+cov
DEBUG:qsym.Executor:Executing timeout -k 5 90 /usr/local/lib/python2.7/dist-packages/qsym/../../../../third_party/pin-2.14-71313-gcc.4.4.7-linux/pin.sh -ifeellucky -t /usr/local/lib/python2.7/dist-packages/qsym/pintool/obj-intel64/libqsym.so -logfile /tmp/tmpsIQHbs/qsym-out-40/pin.log -i /workspace/runs/zlib/gcc-O2/rep-1/afl-out/qsym/.cur_input -s 1 -o /tmp/tmpsIQHbs/qsym-out-40 -l 1 -b /workspace/runs/zlib/gcc-O2/rep-1/afl-out/qsym/bitmap -- /workspace/builds/zlib/gcc-O2/src/minigzip -d
DEBUG:qsym.afl:Total=6 s, Emulation=6 s, Solver=0 s, Return=1
DEBUG:qsym.afl:Creating: /workspace/runs/zlib/gcc-O2/rep-1/afl-out/qsym/queue/id:000067,src:id:000072
DEBUG:qsym.afl:Generate 3 testcases
DEBUG:qsym.afl:1 testcases are new
DEBUG:qsym.afl:Run qsym: input=/workspace/runs/zlib/gcc-O2/rep-1/afl-out/afl-slave/queue/id:000387,sync:afl-master,src:000323,+cov
DEBUG:qsym.Executor:Executing timeout -k 5 90 /usr/local/lib/python2.7/dist-packages/qsym/../../../../third_party/pin-2.14-71313-gcc.4.4.7-linux/pin.sh -ifeellucky -t /usr/local/lib/python2.7/dist-packages/qsym/pintool/obj-intel64/libqsym.so -logfile /tmp/tmpsIQHbs/qsym-out-41/pin.log -i /workspace/runs/zlib/gcc-O2/rep-1/afl-out/qsym/.cur_input -s 1 -o /tmp/tmpsIQHbs/qsym-out-41 -l 1 -b /workspace/runs/zlib/gcc-O2/rep-1/afl-out/qsym/bitmap -- /workspace/builds/zlib/gcc-O2/src/minigzip -d
DEBUG:qsym.afl:Total=7 s, Emulation=7 s, Solver=0 s, Return=1
DEBUG:qsym.afl:Creating: /workspace/runs/zlib/gcc-O2/rep-1/afl-out/qsym/queue/id:000068,src:id:000387
DEBUG:qsym.afl:Generate 5 testcases
DEBUG:qsym.afl:1 testcases are new
DEBUG:qsym.afl:Run qsym: input=/workspace/runs/zlib/gcc-O2/rep-1/afl-out/afl-slave/queue/id:000320,src:000024+000219,op:splice,rep:64,+cov
DEBUG:qsym.Executor:Executing timeout -k 5 90 /usr/local/lib/python2.7/dist-packages/qsym/../../../../third_party/pin-2.14-71313-gcc.4.4.7-linux/pin.sh -ifeellucky -t /usr/local/lib/python2.7/dist-packages/qsym/pintool/obj-intel64/libqsym.so -logfile /tmp/tmpsIQHbs/qsym-out-42/pin.log -i /workspace/runs/zlib/gcc-O2/rep-1/afl-out/qsym/.cur_input -s 1 -o /tmp/tmpsIQHbs/qsym-out-42 -l 1 -b /workspace/runs/zlib/gcc-O2/rep-1/afl-out/qsym/bitmap -- /workspace/builds/zlib/gcc-O2/src/minigzip -d
DEBUG:qsym.afl:Total=10 s, Emulation=9 s, Solver=0 s, Return=1
DEBUG:qsym.afl:Creating: /workspace/runs/zlib/gcc-O2/rep-1/afl-out/qsym/queue/id:000069,src:id:000320
DEBUG:qsym.afl:Creating: /workspace/runs/zlib/gcc-O2/rep-1/afl-out/qsym/queue/id:000070,src:id:000320
DEBUG:qsym.afl:Creating: /workspace/runs/zlib/gcc-O2/rep-1/afl-out/qsym/queue/id:000071,src:id:000320
DEBUG:qsym.afl:Creating: /workspace/runs/zlib/gcc-O2/rep-1/afl-out/qsym/queue/id:000072,src:id:000320
DEBUG:qsym.afl:Creating: /workspace/runs/zlib/gcc-O2/rep-1/afl-out/qsym/queue/id:000073,src:id:000320
DEBUG:qsym.afl:Creating: /workspace/runs/zlib/gcc-O2/rep-1/afl-out/qsym/queue/id:000074,src:id:000320
DEBUG:qsym.afl:Creating: /workspace/runs/zlib/gcc-O2/rep-1/afl-out/qsym/queue/id:000075,src:id:000320
DEBUG:qsym.afl:Creating: /workspace/runs/zlib/gcc-O2/rep-1/afl-out/qsym/queue/id:000076,src:id:000320
DEBUG:qsym.afl:Creating: /workspace/runs/zlib/gcc-O2/rep-1/afl-out/qsym/queue/id:000077,src:id:000320
DEBUG:qsym.afl:Creating: /workspace/runs/zlib/gcc-O2/rep-1/afl-out/qsym/queue/id:000078,src:id:000320
DEBUG:qsym.afl:Creating: /workspace/runs/zlib/gcc-O2/rep-1/afl-out/qsym/queue/id:000079,src:id:000320
DEBUG:qsym.afl:Creating: /workspace/runs/zlib/gcc-O2/rep-1/afl-out/qsym/queue/id:000080,src:id:000320
DEBUG:qsym.afl:Creating: /workspace/runs/zlib/gcc-O2/rep-1/afl-out/qsym/queue/id:000081,src:id:000320
DEBUG:qsym.afl:Creating: /workspace/runs/zlib/gcc-O2/rep-1/afl-out/qsym/queue/id:000082,src:id:000320
DEBUG:qsym.afl:Creating: /workspace/runs/zlib/gcc-O2/rep-1/afl-out/qsym/queue/id:000083,src:id:000320
DEBUG:qsym.afl:Generate 164 testcases
DEBUG:qsym.afl:15 testcases are new
DEBUG:qsym.afl:Run qsym: input=/workspace/runs/zlib/gcc-O2/rep-1/afl-out/afl-slave/queue/id:000262,src:000002,op:havoc,rep:32,+cov
DEBUG:qsym.Executor:Executing timeout -k 5 90 /usr/local/lib/python2.7/dist-packages/qsym/../../../../third_party/pin-2.14-71313-gcc.4.4.7-linux/pin.sh -ifeellucky -t /usr/local/lib/python2.7/dist-packages/qsym/pintool/obj-intel64/libqsym.so -logfile /tmp/tmpsIQHbs/qsym-out-43/pin.log -i /workspace/runs/zlib/gcc-O2/rep-1/afl-out/qsym/.cur_input -s 1 -o /tmp/tmpsIQHbs/qsym-out-43 -l 1 -b /workspace/runs/zlib/gcc-O2/rep-1/afl-out/qsym/bitmap -- /workspace/builds/zlib/gcc-O2/src/minigzip -d
DEBUG:qsym.afl:Total=7 s, Emulation=7 s, Solver=0 s, Return=1
DEBUG:qsym.afl:Generate 0 testcases
DEBUG:qsym.afl:0 testcases are new
DEBUG:qsym.afl:Run qsym: input=/workspace/runs/zlib/gcc-O2/rep-1/afl-out/afl-slave/queue/id:000172,sync:afl-master,src:000134,+cov
DEBUG:qsym.Executor:Executing timeout -k 5 90 /usr/local/lib/python2.7/dist-packages/qsym/../../../../third_party/pin-2.14-71313-gcc.4.4.7-linux/pin.sh -ifeellucky -t /usr/local/lib/python2.7/dist-packages/qsym/pintool/obj-intel64/libqsym.so -logfile /tmp/tmpsIQHbs/qsym-out-44/pin.log -i /workspace/runs/zlib/gcc-O2/rep-1/afl-out/qsym/.cur_input -s 1 -o /tmp/tmpsIQHbs/qsym-out-44 -l 1 -b /workspace/runs/zlib/gcc-O2/rep-1/afl-out/qsym/bitmap -- /workspace/builds/zlib/gcc-O2/src/minigzip -d
DEBUG:qsym.afl:Total=8 s, Emulation=8 s, Solver=0 s, Return=1
DEBUG:qsym.afl:Creating: /workspace/runs/zlib/gcc-O2/rep-1/afl-out/qsym/queue/id:000084,src:id:000172
DEBUG:qsym.afl:Creating: /workspace/runs/zlib/gcc-O2/rep-1/afl-out/qsym/queue/id:000085,src:id:000172
DEBUG:qsym.afl:Creating: /workspace/runs/zlib/gcc-O2/rep-1/afl-out/qsym/queue/id:000086,src:id:000172
DEBUG:qsym.afl:Creating: /workspace/runs/zlib/gcc-O2/rep-1/afl-out/qsym/queue/id:000087,src:id:000172
DEBUG:qsym.afl:Generate 43 testcases
DEBUG:qsym.afl:4 testcases are new
DEBUG:qsym.afl:Run qsym: input=/workspace/runs/zlib/gcc-O2/rep-1/afl-out/afl-slave/queue/id:000156,src:000001+000140,op:splice,rep:8,+cov
DEBUG:qsym.Executor:Executing timeout -k 5 90 /usr/local/lib/python2.7/dist-packages/qsym/../../../../third_party/pin-2.14-71313-gcc.4.4.7-linux/pin.sh -ifeellucky -t /usr/local/lib/python2.7/dist-packages/qsym/pintool/obj-intel64/libqsym.so -logfile /tmp/tmpsIQHbs/qsym-out-45/pin.log -i /workspace/runs/zlib/gcc-O2/rep-1/afl-out/qsym/.cur_input -s 1 -o /tmp/tmpsIQHbs/qsym-out-45 -l 1 -b /workspace/runs/zlib/gcc-O2/rep-1/afl-out/qsym/bitmap -- /workspace/builds/zlib/gcc-O2/src/minigzip -d
DEBUG:qsym.afl:Total=5 s, Emulation=5 s, Solver=0 s, Return=1
DEBUG:qsym.afl:Creating: /workspace/runs/zlib/gcc-O2/rep-1/afl-out/qsym/queue/id:000088,src:id:000156
DEBUG:qsym.afl:Generate 2 testcases
DEBUG:qsym.afl:1 testcases are new
DEBUG:qsym.afl:Run qsym: input=/workspace/runs/zlib/gcc-O2/rep-1/afl-out/afl-slave/queue/id:000145,src:000001,op:havoc,rep:16,+cov
DEBUG:qsym.Executor:Executing timeout -k 5 90 /usr/local/lib/python2.7/dist-packages/qsym/../../../../third_party/pin-2.14-71313-gcc.4.4.7-linux/pin.sh -ifeellucky -t /usr/local/lib/python2.7/dist-packages/qsym/pintool/obj-intel64/libqsym.so -logfile /tmp/tmpsIQHbs/qsym-out-46/pin.log -i /workspace/runs/zlib/gcc-O2/rep-1/afl-out/qsym/.cur_input -s 1 -o /tmp/tmpsIQHbs/qsym-out-46 -l 1 -b /workspace/runs/zlib/gcc-O2/rep-1/afl-out/qsym/bitmap -- /workspace/builds/zlib/gcc-O2/src/minigzip -d
DEBUG:qsym.afl:Total=5 s, Emulation=5 s, Solver=0 s, Return=1
DEBUG:qsym.afl:Generate 0 testcases
DEBUG:qsym.afl:0 testcases are new
DEBUG:qsym.afl:Run qsym: input=/workspace/runs/zlib/gcc-O2/rep-1/afl-out/afl-slave/queue/id:000135,src:000001,op:havoc,rep:8,+cov
DEBUG:qsym.Executor:Executing timeout -k 5 90 /usr/local/lib/python2.7/dist-packages/qsym/../../../../third_party/pin-2.14-71313-gcc.4.4.7-linux/pin.sh -ifeellucky -t /usr/local/lib/python2.7/dist-packages/qsym/pintool/obj-intel64/libqsym.so -logfile /tmp/tmpsIQHbs/qsym-out-47/pin.log -i /workspace/runs/zlib/gcc-O2/rep-1/afl-out/qsym/.cur_input -s 1 -o /tmp/tmpsIQHbs/qsym-out-47 -l 1 -b /workspace/runs/zlib/gcc-O2/rep-1/afl-out/qsym/bitmap -- /workspace/builds/zlib/gcc-O2/src/minigzip -d
DEBUG:qsym.afl:Total=7 s, Emulation=7 s, Solver=0 s, Return=1
DEBUG:qsym.afl:Creating: /workspace/runs/zlib/gcc-O2/rep-1/afl-out/qsym/queue/id:000089,src:id:000135
DEBUG:qsym.afl:Creating: /workspace/runs/zlib/gcc-O2/rep-1/afl-out/qsym/queue/id:000090,src:id:000135
DEBUG:qsym.afl:Creating: /workspace/runs/zlib/gcc-O2/rep-1/afl-out/qsym/queue/id:000091,src:id:000135
DEBUG:qsym.afl:Creating: /workspace/runs/zlib/gcc-O2/rep-1/afl-out/qsym/queue/id:000092,src:id:000135
DEBUG:qsym.afl:Generate 45 testcases
DEBUG:qsym.afl:4 testcases are new
DEBUG:qsym.afl:Run qsym: input=/workspace/runs/zlib/gcc-O2/rep-1/afl-out/afl-slave/queue/id:000128,src:000001,op:havoc,rep:16,+cov
DEBUG:qsym.Executor:Executing timeout -k 5 90 /usr/local/lib/python2.7/dist-packages/qsym/../../../../third_party/pin-2.14-71313-gcc.4.4.7-linux/pin.sh -ifeellucky -t /usr/local/lib/python2.7/dist-packages/qsym/pintool/obj-intel64/libqsym.so -logfile /tmp/tmpsIQHbs/qsym-out-48/pin.log -i /workspace/runs/zlib/gcc-O2/rep-1/afl-out/qsym/.cur_input -s 1 -o /tmp/tmpsIQHbs/qsym-out-48 -l 1 -b /workspace/runs/zlib/gcc-O2/rep-1/afl-out/qsym/bitmap -- /workspace/builds/zlib/gcc-O2/src/minigzip -d
DEBUG:qsym.afl:Total=8 s, Emulation=8 s, Solver=0 s, Return=1
DEBUG:qsym.afl:Creating: /workspace/runs/zlib/gcc-O2/rep-1/afl-out/qsym/queue/id:000093,src:id:000128
DEBUG:qsym.afl:Creating: /workspace/runs/zlib/gcc-O2/rep-1/afl-out/qsym/queue/id:000094,src:id:000128
DEBUG:qsym.afl:Creating: /workspace/runs/zlib/gcc-O2/rep-1/afl-out/qsym/queue/id:000095,src:id:000128
DEBUG:qsym.afl:Creating: /workspace/runs/zlib/gcc-O2/rep-1/afl-out/qsym/queue/id:000096,src:id:000128
DEBUG:qsym.afl:Generate 67 testcases
DEBUG:qsym.afl:4 testcases are new
DEBUG:qsym.afl:Run qsym: input=/workspace/runs/zlib/gcc-O2/rep-1/afl-out/afl-slave/queue/id:000123,src:000001,op:havoc,rep:8,+cov
DEBUG:qsym.Executor:Executing timeout -k 5 90 /usr/local/lib/python2.7/dist-packages/qsym/../../../../third_party/pin-2.14-71313-gcc.4.4.7-linux/pin.sh -ifeellucky -t /usr/local/lib/python2.7/dist-packages/qsym/pintool/obj-intel64/libqsym.so -logfile /tmp/tmpsIQHbs/qsym-out-49/pin.log -i /workspace/runs/zlib/gcc-O2/rep-1/afl-out/qsym/.cur_input -s 1 -o /tmp/tmpsIQHbs/qsym-out-49 -l 1 -b /workspace/runs/zlib/gcc-O2/rep-1/afl-out/qsym/bitmap -- /workspace/builds/zlib/gcc-O2/src/minigzip -d
DEBUG:qsym.afl:Total=7 s, Emulation=7 s, Solver=0 s, Return=1
DEBUG:qsym.afl:Generate 0 testcases
DEBUG:qsym.afl:0 testcases are new
DEBUG:qsym.afl:Run qsym: input=/workspace/runs/zlib/gcc-O2/rep-1/afl-out/afl-slave/queue/id:000113,src:000001,op:havoc,rep:4,+cov
DEBUG:qsym.Executor:Executing timeout -k 5 90 /usr/local/lib/python2.7/dist-packages/qsym/../../../../third_party/pin-2.14-71313-gcc.4.4.7-linux/pin.sh -ifeellucky -t /usr/local/lib/python2.7/dist-packages/qsym/pintool/obj-intel64/libqsym.so -logfile /tmp/tmpsIQHbs/qsym-out-50/pin.log -i /workspace/runs/zlib/gcc-O2/rep-1/afl-out/qsym/.cur_input -s 1 -o /tmp/tmpsIQHbs/qsym-out-50 -l 1 -b /workspace/runs/zlib/gcc-O2/rep-1/afl-out/qsym/bitmap -- /workspace/builds/zlib/gcc-O2/src/minigzip -d
DEBUG:qsym.afl:Total=7 s, Emulation=7 s, Solver=0 s, Return=1
DEBUG:qsym.afl:Creating: /workspace/runs/zlib/gcc-O2/rep-1/afl-out/qsym/queue/id:000097,src:id:000113
DEBUG:qsym.afl:Creating: /workspace/runs/zlib/gcc-O2/rep-1/afl-out/qsym/queue/id:000098,src:id:000113
DEBUG:qsym.afl:Creating: /workspace/runs/zlib/gcc-O2/rep-1/afl-out/qsym/queue/id:000099,src:id:000113
DEBUG:qsym.afl:Generate 19 testcases
DEBUG:qsym.afl:3 testcases are new
DEBUG:qsym.afl:Run qsym: input=/workspace/runs/zlib/gcc-O2/rep-1/afl-out/afl-slave/queue/id:000091,src:000001,op:havoc,rep:8,+cov
DEBUG:qsym.Executor:Executing timeout -k 5 90 /usr/local/lib/python2.7/dist-packages/qsym/../../../../third_party/pin-2.14-71313-gcc.4.4.7-linux/pin.sh -ifeellucky -t /usr/local/lib/python2.7/dist-packages/qsym/pintool/obj-intel64/libqsym.so -logfile /tmp/tmpsIQHbs/qsym-out-51/pin.log -i /workspace/runs/zlib/gcc-O2/rep-1/afl-out/qsym/.cur_input -s 1 -o /tmp/tmpsIQHbs/qsym-out-51 -l 1 -b /workspace/runs/zlib/gcc-O2/rep-1/afl-out/qsym/bitmap -- /workspace/builds/zlib/gcc-O2/src/minigzip -d
DEBUG:qsym.afl:Total=6 s, Emulation=6 s, Solver=0 s, Return=1
DEBUG:qsym.afl:Generate 0 testcases
DEBUG:qsym.afl:0 testcases are new
DEBUG:qsym.afl:Run qsym: input=/workspace/runs/zlib/gcc-O2/rep-1/afl-out/afl-slave/queue/id:000084,src:000001,op:havoc,rep:8,+cov
DEBUG:qsym.Executor:Executing timeout -k 5 90 /usr/local/lib/python2.7/dist-packages/qsym/../../../../third_party/pin-2.14-71313-gcc.4.4.7-linux/pin.sh -ifeellucky -t /usr/local/lib/python2.7/dist-packages/qsym/pintool/obj-intel64/libqsym.so -logfile /tmp/tmpsIQHbs/qsym-out-52/pin.log -i /workspace/runs/zlib/gcc-O2/rep-1/afl-out/qsym/.cur_input -s 1 -o /tmp/tmpsIQHbs/qsym-out-52 -l 1 -b /workspace/runs/zlib/gcc-O2/rep-1/afl-out/qsym/bitmap -- /workspace/builds/zlib/gcc-O2/src/minigzip -d
DEBUG:qsym.afl:Total=9 s, Emulation=9 s, Solver=0 s, Return=1
DEBUG:qsym.afl:Generate 0 testcases
DEBUG:qsym.afl:0 testcases are new
DEBUG:qsym.afl:Run qsym: input=/workspace/runs/zlib/gcc-O2/rep-1/afl-out/afl-slave/queue/id:000078,src:000001,op:havoc,rep:4,+cov
DEBUG:qsym.Executor:Executing timeout -k 5 90 /usr/local/lib/python2.7/dist-packages/qsym/../../../../third_party/pin-2.14-71313-gcc.4.4.7-linux/pin.sh -ifeellucky -t /usr/local/lib/python2.7/dist-packages/qsym/pintool/obj-intel64/libqsym.so -logfile /tmp/tmpsIQHbs/qsym-out-53/pin.log -i /workspace/runs/zlib/gcc-O2/rep-1/afl-out/qsym/.cur_input -s 1 -o /tmp/tmpsIQHbs/qsym-out-53 -l 1 -b /workspace/runs/zlib/gcc-O2/rep-1/afl-out/qsym/bitmap -- /workspace/builds/zlib/gcc-O2/src/minigzip -d
DEBUG:qsym.afl:Total=7 s, Emulation=7 s, Solver=0 s, Return=1
DEBUG:qsym.afl:Creating: /workspace/runs/zlib/gcc-O2/rep-1/afl-out/qsym/queue/id:000100,src:id:000078
DEBUG:qsym.afl:Generate 1 testcases
DEBUG:qsym.afl:1 testcases are new
DEBUG:qsym.afl:Run qsym: input=/workspace/runs/zlib/gcc-O2/rep-1/afl-out/afl-slave/queue/id:000067,src:000001,op:havoc,rep:4,+cov
DEBUG:qsym.Executor:Executing timeout -k 5 90 /usr/local/lib/python2.7/dist-packages/qsym/../../../../third_party/pin-2.14-71313-gcc.4.4.7-linux/pin.sh -ifeellucky -t /usr/local/lib/python2.7/dist-packages/qsym/pintool/obj-intel64/libqsym.so -logfile /tmp/tmpsIQHbs/qsym-out-54/pin.log -i /workspace/runs/zlib/gcc-O2/rep-1/afl-out/qsym/.cur_input -s 1 -o /tmp/tmpsIQHbs/qsym-out-54 -l 1 -b /workspace/runs/zlib/gcc-O2/rep-1/afl-out/qsym/bitmap -- /workspace/builds/zlib/gcc-O2/src/minigzip -d
DEBUG:qsym.afl:Total=7 s, Emulation=7 s, Solver=0 s, Return=1
DEBUG:qsym.afl:Generate 0 testcases
DEBUG:qsym.afl:0 testcases are new
DEBUG:qsym.afl:Run qsym: input=/workspace/runs/zlib/gcc-O2/rep-1/afl-out/afl-slave/queue/id:000066,src:000001,op:havoc,rep:2,+cov
DEBUG:qsym.Executor:Executing timeout -k 5 90 /usr/local/lib/python2.7/dist-packages/qsym/../../../../third_party/pin-2.14-71313-gcc.4.4.7-linux/pin.sh -ifeellucky -t /usr/local/lib/python2.7/dist-packages/qsym/pintool/obj-intel64/libqsym.so -logfile /tmp/tmpsIQHbs/qsym-out-55/pin.log -i /workspace/runs/zlib/gcc-O2/rep-1/afl-out/qsym/.cur_input -s 1 -o /tmp/tmpsIQHbs/qsym-out-55 -l 1 -b /workspace/runs/zlib/gcc-O2/rep-1/afl-out/qsym/bitmap -- /workspace/builds/zlib/gcc-O2/src/minigzip -d
DEBUG:qsym.afl:Total=6 s, Emulation=6 s, Solver=0 s, Return=1
DEBUG:qsym.afl:Generate 0 testcases
DEBUG:qsym.afl:0 testcases are new
DEBUG:qsym.afl:Run qsym: input=/workspace/runs/zlib/gcc-O2/rep-1/afl-out/afl-slave/queue/id:000063,src:000001,op:havoc,rep:8,+cov
DEBUG:qsym.Executor:Executing timeout -k 5 90 /usr/local/lib/python2.7/dist-packages/qsym/../../../../third_party/pin-2.14-71313-gcc.4.4.7-linux/pin.sh -ifeellucky -t /usr/local/lib/python2.7/dist-packages/qsym/pintool/obj-intel64/libqsym.so -logfile /tmp/tmpsIQHbs/qsym-out-56/pin.log -i /workspace/runs/zlib/gcc-O2/rep-1/afl-out/qsym/.cur_input -s 1 -o /tmp/tmpsIQHbs/qsym-out-56 -l 1 -b /workspace/runs/zlib/gcc-O2/rep-1/afl-out/qsym/bitmap -- /workspace/builds/zlib/gcc-O2/src/minigzip -d
DEBUG:qsym.afl:Total=6 s, Emulation=6 s, Solver=0 s, Return=1
DEBUG:qsym.afl:Generate 0 testcases
DEBUG:qsym.afl:0 testcases are new
DEBUG:qsym.afl:Run qsym: input=/workspace/runs/zlib/gcc-O2/rep-1/afl-out/afl-slave/queue/id:000057,src:000001,op:havoc,rep:4,+cov
DEBUG:qsym.Executor:Executing timeout -k 5 90 /usr/local/lib/python2.7/dist-packages/qsym/../../../../third_party/pin-2.14-71313-gcc.4.4.7-linux/pin.sh -ifeellucky -t /usr/local/lib/python2.7/dist-packages/qsym/pintool/obj-intel64/libqsym.so -logfile /tmp/tmpsIQHbs/qsym-out-57/pin.log -i /workspace/runs/zlib/gcc-O2/rep-1/afl-out/qsym/.cur_input -s 1 -o /tmp/tmpsIQHbs/qsym-out-57 -l 1 -b /workspace/runs/zlib/gcc-O2/rep-1/afl-out/qsym/bitmap -- /workspace/builds/zlib/gcc-O2/src/minigzip -d
DEBUG:qsym.afl:Total=8 s, Emulation=8 s, Solver=0 s, Return=1
DEBUG:qsym.afl:Creating: /workspace/runs/zlib/gcc-O2/rep-1/afl-out/qsym/queue/id:000101,src:id:000057
DEBUG:qsym.afl:Generate 9 testcases
DEBUG:qsym.afl:1 testcases are new
DEBUG:qsym.afl:Run qsym: input=/workspace/runs/zlib/gcc-O2/rep-1/afl-out/afl-slave/queue/id:000038,src:000001,op:havoc,rep:8,+cov
DEBUG:qsym.Executor:Executing timeout -k 5 90 /usr/local/lib/python2.7/dist-packages/qsym/../../../../third_party/pin-2.14-71313-gcc.4.4.7-linux/pin.sh -ifeellucky -t /usr/local/lib/python2.7/dist-packages/qsym/pintool/obj-intel64/libqsym.so -logfile /tmp/tmpsIQHbs/qsym-out-58/pin.log -i /workspace/runs/zlib/gcc-O2/rep-1/afl-out/qsym/.cur_input -s 1 -o /tmp/tmpsIQHbs/qsym-out-58 -l 1 -b /workspace/runs/zlib/gcc-O2/rep-1/afl-out/qsym/bitmap -- /workspace/builds/zlib/gcc-O2/src/minigzip -d
DEBUG:qsym.afl:Total=7 s, Emulation=7 s, Solver=0 s, Return=1
DEBUG:qsym.afl:Creating: /workspace/runs/zlib/gcc-O2/rep-1/afl-out/qsym/queue/id:000102,src:id:000038
DEBUG:qsym.afl:Creating: /workspace/runs/zlib/gcc-O2/rep-1/afl-out/qsym/queue/id:000103,src:id:000038
DEBUG:qsym.afl:Creating: /workspace/runs/zlib/gcc-O2/rep-1/afl-out/qsym/queue/id:000104,src:id:000038
DEBUG:qsym.afl:Creating: /workspace/runs/zlib/gcc-O2/rep-1/afl-out/qsym/queue/id:000105,src:id:000038
DEBUG:qsym.afl:Creating: /workspace/runs/zlib/gcc-O2/rep-1/afl-out/qsym/queue/id:000106,src:id:000038
DEBUG:qsym.afl:Generate 11 testcases
DEBUG:qsym.afl:5 testcases are new
DEBUG:qsym.afl:Run qsym: input=/workspace/runs/zlib/gcc-O2/rep-1/afl-out/afl-slave/queue/id:000036,src:000001,op:havoc,rep:8,+cov
DEBUG:qsym.Executor:Executing timeout -k 5 90 /usr/local/lib/python2.7/dist-packages/qsym/../../../../third_party/pin-2.14-71313-gcc.4.4.7-linux/pin.sh -ifeellucky -t /usr/local/lib/python2.7/dist-packages/qsym/pintool/obj-intel64/libqsym.so -logfile /tmp/tmpsIQHbs/qsym-out-59/pin.log -i /workspace/runs/zlib/gcc-O2/rep-1/afl-out/qsym/.cur_input -s 1 -o /tmp/tmpsIQHbs/qsym-out-59 -l 1 -b /workspace/runs/zlib/gcc-O2/rep-1/afl-out/qsym/bitmap -- /workspace/builds/zlib/gcc-O2/src/minigzip -d
DEBUG:qsym.afl:Total=7 s, Emulation=7 s, Solver=0 s, Return=1
DEBUG:qsym.afl:Generate 0 testcases
DEBUG:qsym.afl:0 testcases are new
DEBUG:qsym.afl:Run qsym: input=/workspace/runs/zlib/gcc-O2/rep-1/afl-out/afl-slave/queue/id:000035,src:000001,op:havoc,rep:2,+cov
DEBUG:qsym.Executor:Executing timeout -k 5 90 /usr/local/lib/python2.7/dist-packages/qsym/../../../../third_party/pin-2.14-71313-gcc.4.4.7-linux/pin.sh -ifeellucky -t /usr/local/lib/python2.7/dist-packages/qsym/pintool/obj-intel64/libqsym.so -logfile /tmp/tmpsIQHbs/qsym-out-60/pin.log -i /workspace/runs/zlib/gcc-O2/rep-1/afl-out/qsym/.cur_input -s 1 -o /tmp/tmpsIQHbs/qsym-out-60 -l 1 -b /workspace/runs/zlib/gcc-O2/rep-1/afl-out/qsym/bitmap -- /workspace/builds/zlib/gcc-O2/src/minigzip -d
DEBUG:qsym.afl:Total=6 s, Emulation=6 s, Solver=0 s, Return=1
DEBUG:qsym.afl:Generate 0 testcases
DEBUG:qsym.afl:0 testcases are new
DEBUG:qsym.afl:Run qsym: input=/workspace/runs/zlib/gcc-O2/rep-1/afl-out/afl-slave/queue/id:000025,src:000001,op:havoc,rep:2,+cov
DEBUG:qsym.Executor:Executing timeout -k 5 90 /usr/local/lib/python2.7/dist-packages/qsym/../../../../third_party/pin-2.14-71313-gcc.4.4.7-linux/pin.sh -ifeellucky -t /usr/local/lib/python2.7/dist-packages/qsym/pintool/obj-intel64/libqsym.so -logfile /tmp/tmpsIQHbs/qsym-out-61/pin.log -i /workspace/runs/zlib/gcc-O2/rep-1/afl-out/qsym/.cur_input -s 1 -o /tmp/tmpsIQHbs/qsym-out-61 -l 1 -b /workspace/runs/zlib/gcc-O2/rep-1/afl-out/qsym/bitmap -- /workspace/builds/zlib/gcc-O2/src/minigzip -d
DEBUG:qsym.afl:Total=7 s, Emulation=7 s, Solver=0 s, Return=1
DEBUG:qsym.afl:Generate 0 testcases
DEBUG:qsym.afl:0 testcases are new
DEBUG:qsym.afl:Run qsym: input=/workspace/runs/zlib/gcc-O2/rep-1/afl-out/afl-slave/queue/id:000018,src:000001,op:havoc,rep:4,+cov
DEBUG:qsym.Executor:Executing timeout -k 5 90 /usr/local/lib/python2.7/dist-packages/qsym/../../../../third_party/pin-2.14-71313-gcc.4.4.7-linux/pin.sh -ifeellucky -t /usr/local/lib/python2.7/dist-packages/qsym/pintool/obj-intel64/libqsym.so -logfile /tmp/tmpsIQHbs/qsym-out-62/pin.log -i /workspace/runs/zlib/gcc-O2/rep-1/afl-out/qsym/.cur_input -s 1 -o /tmp/tmpsIQHbs/qsym-out-62 -l 1 -b /workspace/runs/zlib/gcc-O2/rep-1/afl-out/qsym/bitmap -- /workspace/builds/zlib/gcc-O2/src/minigzip -d
DEBUG:qsym.afl:Total=5 s, Emulation=5 s, Solver=0 s, Return=1
DEBUG:qsym.afl:Generate 3 testcases
DEBUG:qsym.afl:0 testcases are new
DEBUG:qsym.afl:Run qsym: input=/workspace/runs/zlib/gcc-O2/rep-1/afl-out/afl-slave/queue/id:000009,src:000001,op:havoc,rep:4,+cov
DEBUG:qsym.Executor:Executing timeout -k 5 90 /usr/local/lib/python2.7/dist-packages/qsym/../../../../third_party/pin-2.14-71313-gcc.4.4.7-linux/pin.sh -ifeellucky -t /usr/local/lib/python2.7/dist-packages/qsym/pintool/obj-intel64/libqsym.so -logfile /tmp/tmpsIQHbs/qsym-out-63/pin.log -i /workspace/runs/zlib/gcc-O2/rep-1/afl-out/qsym/.cur_input -s 1 -o /tmp/tmpsIQHbs/qsym-out-63 -l 1 -b /workspace/runs/zlib/gcc-O2/rep-1/afl-out/qsym/bitmap -- /workspace/builds/zlib/gcc-O2/src/minigzip -d
DEBUG:qsym.afl:Total=6 s, Emulation=6 s, Solver=0 s, Return=1
DEBUG:qsym.afl:Creating: /workspace/runs/zlib/gcc-O2/rep-1/afl-out/qsym/queue/id:000107,src:id:000009
DEBUG:qsym.afl:Generate 1 testcases
DEBUG:qsym.afl:1 testcases are new
DEBUG:qsym.afl:Run qsym: input=/workspace/runs/zlib/gcc-O2/rep-1/afl-out/afl-slave/queue/id:000334,src:000040+000138,op:splice,rep:4,+cov
DEBUG:qsym.Executor:Executing timeout -k 5 90 /usr/local/lib/python2.7/dist-packages/qsym/../../../../third_party/pin-2.14-71313-gcc.4.4.7-linux/pin.sh -ifeellucky -t /usr/local/lib/python2.7/dist-packages/qsym/pintool/obj-intel64/libqsym.so -logfile /tmp/tmpsIQHbs/qsym-out-64/pin.log -i /workspace/runs/zlib/gcc-O2/rep-1/afl-out/qsym/.cur_input -s 1 -o /tmp/tmpsIQHbs/qsym-out-64 -l 1 -b /workspace/runs/zlib/gcc-O2/rep-1/afl-out/qsym/bitmap -- /workspace/builds/zlib/gcc-O2/src/minigzip -d
DEBUG:qsym.afl:Total=8 s, Emulation=8 s, Solver=0 s, Return=1
DEBUG:qsym.afl:Creating: /workspace/runs/zlib/gcc-O2/rep-1/afl-out/qsym/queue/id:000108,src:id:000334
DEBUG:qsym.afl:Generate 1 testcases
DEBUG:qsym.afl:1 testcases are new
DEBUG:qsym.afl:Run qsym: input=/workspace/runs/zlib/gcc-O2/rep-1/afl-out/afl-slave/queue/id:000312,src:000020,op:havoc,rep:2,+cov
DEBUG:qsym.Executor:Executing timeout -k 5 90 /usr/local/lib/python2.7/dist-packages/qsym/../../../../third_party/pin-2.14-71313-gcc.4.4.7-linux/pin.sh -ifeellucky -t /usr/local/lib/python2.7/dist-packages/qsym/pintool/obj-intel64/libqsym.so -logfile /tmp/tmpsIQHbs/qsym-out-65/pin.log -i /workspace/runs/zlib/gcc-O2/rep-1/afl-out/qsym/.cur_input -s 1 -o /tmp/tmpsIQHbs/qsym-out-65 -l 1 -b /workspace/runs/zlib/gcc-O2/rep-1/afl-out/qsym/bitmap -- /workspace/builds/zlib/gcc-O2/src/minigzip -d
DEBUG:qsym.afl:Total=8 s, Emulation=8 s, Solver=0 s, Return=1
DEBUG:qsym.afl:Creating: /workspace/runs/zlib/gcc-O2/rep-1/afl-out/qsym/queue/id:000109,src:id:000312
DEBUG:qsym.afl:Creating: /workspace/runs/zlib/gcc-O2/rep-1/afl-out/qsym/queue/id:000110,src:id:000312
DEBUG:qsym.afl:Creating: /workspace/runs/zlib/gcc-O2/rep-1/afl-out/qsym/queue/id:000111,src:id:000312
DEBUG:qsym.afl:Generate 205 testcases
DEBUG:qsym.afl:3 testcases are new
DEBUG:qsym.afl:Run qsym: input=/workspace/runs/zlib/gcc-O2/rep-1/afl-out/afl-slave/queue/id:000303,src:000016+000133,op:splice,rep:8,+cov
DEBUG:qsym.Executor:Executing timeout -k 5 90 /usr/local/lib/python2.7/dist-packages/qsym/../../../../third_party/pin-2.14-71313-gcc.4.4.7-linux/pin.sh -ifeellucky -t /usr/local/lib/python2.7/dist-packages/qsym/pintool/obj-intel64/libqsym.so -logfile /tmp/tmpsIQHbs/qsym-out-66/pin.log -i /workspace/runs/zlib/gcc-O2/rep-1/afl-out/qsym/.cur_input -s 1 -o /tmp/tmpsIQHbs/qsym-out-66 -l 1 -b /workspace/runs/zlib/gcc-O2/rep-1/afl-out/qsym/bitmap -- /workspace/builds/zlib/gcc-O2/src/minigzip -d
DEBUG:qsym.afl:Total=8 s, Emulation=7 s, Solver=0 s, Return=1
DEBUG:qsym.afl:Creating: /workspace/runs/zlib/gcc-O2/rep-1/afl-out/qsym/queue/id:000112,src:id:000303
DEBUG:qsym.afl:Creating: /workspace/runs/zlib/gcc-O2/rep-1/afl-out/qsym/queue/id:000113,src:id:000303
DEBUG:qsym.afl:Generate 52 testcases
DEBUG:qsym.afl:2 testcases are new
DEBUG:qsym.afl:Run qsym: input=/workspace/runs/zlib/gcc-O2/rep-1/afl-out/afl-slave/queue/id:000183,sync:afl-master,src:000157,+cov
DEBUG:qsym.Executor:Executing timeout -k 5 90 /usr/local/lib/python2.7/dist-packages/qsym/../../../../third_party/pin-2.14-71313-gcc.4.4.7-linux/pin.sh -ifeellucky -t /usr/local/lib/python2.7/dist-packages/qsym/pintool/obj-intel64/libqsym.so -logfile /tmp/tmpsIQHbs/qsym-out-67/pin.log -i /workspace/runs/zlib/gcc-O2/rep-1/afl-out/qsym/.cur_input -s 1 -o /tmp/tmpsIQHbs/qsym-out-67 -l 1 -b /workspace/runs/zlib/gcc-O2/rep-1/afl-out/qsym/bitmap -- /workspace/builds/zlib/gcc-O2/src/minigzip -d
DEBUG:qsym.afl:Total=8 s, Emulation=8 s, Solver=0 s, Return=1
DEBUG:qsym.afl:Creating: /workspace/runs/zlib/gcc-O2/rep-1/afl-out/qsym/queue/id:000114,src:id:000183
DEBUG:qsym.afl:Creating: /workspace/runs/zlib/gcc-O2/rep-1/afl-out/qsym/queue/id:000115,src:id:000183
DEBUG:qsym.afl:Creating: /workspace/runs/zlib/gcc-O2/rep-1/afl-out/qsym/queue/id:000116,src:id:000183
DEBUG:qsym.afl:Creating: /workspace/runs/zlib/gcc-O2/rep-1/afl-out/qsym/queue/id:000117,src:id:000183
DEBUG:qsym.afl:Generate 135 testcases
DEBUG:qsym.afl:4 testcases are new
DEBUG:qsym.afl:Run qsym: input=/workspace/runs/zlib/gcc-O2/rep-1/afl-out/afl-slave/queue/id:000169,sync:afl-master,src:000121,+cov
DEBUG:qsym.Executor:Executing timeout -k 5 90 /usr/local/lib/python2.7/dist-packages/qsym/../../../../third_party/pin-2.14-71313-gcc.4.4.7-linux/pin.sh -ifeellucky -t /usr/local/lib/python2.7/dist-packages/qsym/pintool/obj-intel64/libqsym.so -logfile /tmp/tmpsIQHbs/qsym-out-68/pin.log -i /workspace/runs/zlib/gcc-O2/rep-1/afl-out/qsym/.cur_input -s 1 -o /tmp/tmpsIQHbs/qsym-out-68 -l 1 -b /workspace/runs/zlib/gcc-O2/rep-1/afl-out/qsym/bitmap -- /workspace/builds/zlib/gcc-O2/src/minigzip -d
DEBUG:qsym.afl:Total=7 s, Emulation=7 s, Solver=0 s, Return=1
DEBUG:qsym.afl:Generate 9 testcases
DEBUG:qsym.afl:0 testcases are new
DEBUG:qsym.afl:Run qsym: input=/workspace/runs/zlib/gcc-O2/rep-1/afl-out/afl-slave/queue/id:000132,src:000001,op:havoc,rep:8,+cov
DEBUG:qsym.Executor:Executing timeout -k 5 90 /usr/local/lib/python2.7/dist-packages/qsym/../../../../third_party/pin-2.14-71313-gcc.4.4.7-linux/pin.sh -ifeellucky -t /usr/local/lib/python2.7/dist-packages/qsym/pintool/obj-intel64/libqsym.so -logfile /tmp/tmpsIQHbs/qsym-out-69/pin.log -i /workspace/runs/zlib/gcc-O2/rep-1/afl-out/qsym/.cur_input -s 1 -o /tmp/tmpsIQHbs/qsym-out-69 -l 1 -b /workspace/runs/zlib/gcc-O2/rep-1/afl-out/qsym/bitmap -- /workspace/builds/zlib/gcc-O2/src/minigzip -d
DEBUG:qsym.afl:Total=7 s, Emulation=7 s, Solver=0 s, Return=1
DEBUG:qsym.afl:Creating: /workspace/runs/zlib/gcc-O2/rep-1/afl-out/qsym/queue/id:000118,src:id:000132
DEBUG:qsym.afl:Generate 84 testcases
DEBUG:qsym.afl:1 testcases are new
DEBUG:qsym.afl:Run qsym: input=/workspace/runs/zlib/gcc-O2/rep-1/afl-out/afl-slave/queue/id:000073,src:000001,op:havoc,rep:4,+cov
DEBUG:qsym.Executor:Executing timeout -k 5 90 /usr/local/lib/python2.7/dist-packages/qsym/../../../../third_party/pin-2.14-71313-gcc.4.4.7-linux/pin.sh -ifeellucky -t /usr/local/lib/python2.7/dist-packages/qsym/pintool/obj-intel64/libqsym.so -logfile /tmp/tmpsIQHbs/qsym-out-70/pin.log -i /workspace/runs/zlib/gcc-O2/rep-1/afl-out/qsym/.cur_input -s 1 -o /tmp/tmpsIQHbs/qsym-out-70 -l 1 -b /workspace/runs/zlib/gcc-O2/rep-1/afl-out/qsym/bitmap -- /workspace/builds/zlib/gcc-O2/src/minigzip -d
DEBUG:qsym.afl:Total=5 s, Emulation=5 s, Solver=0 s, Return=1
DEBUG:qsym.afl:Generate 0 testcases
DEBUG:qsym.afl:0 testcases are new
DEBUG:qsym.afl:Run qsym: input=/workspace/runs/zlib/gcc-O2/rep-1/afl-out/afl-slave/queue/id:000045,src:000001,op:havoc,rep:2,+cov
DEBUG:qsym.Executor:Executing timeout -k 5 90 /usr/local/lib/python2.7/dist-packages/qsym/../../../../third_party/pin-2.14-71313-gcc.4.4.7-linux/pin.sh -ifeellucky -t /usr/local/lib/python2.7/dist-packages/qsym/pintool/obj-intel64/libqsym.so -logfile /tmp/tmpsIQHbs/qsym-out-71/pin.log -i /workspace/runs/zlib/gcc-O2/rep-1/afl-out/qsym/.cur_input -s 1 -o /tmp/tmpsIQHbs/qsym-out-71 -l 1 -b /workspace/runs/zlib/gcc-O2/rep-1/afl-out/qsym/bitmap -- /workspace/builds/zlib/gcc-O2/src/minigzip -d
DEBUG:qsym.afl:Total=35 s, Emulation=28 s, Solver=7 s, Return=1
DEBUG:qsym.afl:Creating: /workspace/runs/zlib/gcc-O2/rep-1/afl-out/qsym/queue/id:000119,src:id:000045
DEBUG:qsym.afl:Creating: /workspace/runs/zlib/gcc-O2/rep-1/afl-out/qsym/queue/id:000120,src:id:000045
DEBUG:qsym.afl:Creating: /workspace/runs/zlib/gcc-O2/rep-1/afl-out/qsym/queue/id:000121,src:id:000045
DEBUG:qsym.afl:Creating: /workspace/runs/zlib/gcc-O2/rep-1/afl-out/qsym/queue/id:000122,src:id:000045
DEBUG:qsym.afl:Creating: /workspace/runs/zlib/gcc-O2/rep-1/afl-out/qsym/queue/id:000123,src:id:000045
DEBUG:qsym.afl:Creating: /workspace/runs/zlib/gcc-O2/rep-1/afl-out/qsym/queue/id:000124,src:id:000045
DEBUG:qsym.afl:Creating: /workspace/runs/zlib/gcc-O2/rep-1/afl-out/qsym/queue/id:000125,src:id:000045
DEBUG:qsym.afl:Creating: /workspace/runs/zlib/gcc-O2/rep-1/afl-out/qsym/queue/id:000126,src:id:000045
DEBUG:qsym.afl:Creating: /workspace/runs/zlib/gcc-O2/rep-1/afl-out/qsym/queue/id:000127,src:id:000045
DEBUG:qsym.afl:Generate 617 testcases
DEBUG:qsym.afl:9 testcases are new
DEBUG:qsym.afl:Run qsym: input=/workspace/runs/zlib/gcc-O2/rep-1/afl-out/afl-slave/queue/id:000398,sync:afl-master,src:000412,+cov
DEBUG:qsym.Executor:Executing timeout -k 5 90 /usr/local/lib/python2.7/dist-packages/qsym/../../../../third_party/pin-2.14-71313-gcc.4.4.7-linux/pin.sh -ifeellucky -t /usr/local/lib/python2.7/dist-packages/qsym/pintool/obj-intel64/libqsym.so -logfile /tmp/tmpsIQHbs/qsym-out-72/pin.log -i /workspace/runs/zlib/gcc-O2/rep-1/afl-out/qsym/.cur_input -s 1 -o /tmp/tmpsIQHbs/qsym-out-72 -l 1 -b /workspace/runs/zlib/gcc-O2/rep-1/afl-out/qsym/bitmap -- /workspace/builds/zlib/gcc-O2/src/minigzip -d
DEBUG:qsym.afl:Total=21 s, Emulation=13 s, Solver=8 s, Return=1
DEBUG:qsym.afl:Creating: /workspace/runs/zlib/gcc-O2/rep-1/afl-out/qsym/queue/id:000128,src:id:000398
DEBUG:qsym.afl:Creating: /workspace/runs/zlib/gcc-O2/rep-1/afl-out/qsym/queue/id:000129,src:id:000398
DEBUG:qsym.afl:Creating: /workspace/runs/zlib/gcc-O2/rep-1/afl-out/qsym/queue/id:000130,src:id:000398
DEBUG:qsym.afl:Creating: /workspace/runs/zlib/gcc-O2/rep-1/afl-out/qsym/queue/id:000131,src:id:000398
DEBUG:qsym.afl:Creating: /workspace/runs/zlib/gcc-O2/rep-1/afl-out/qsym/queue/id:000132,src:id:000398
DEBUG:qsym.afl:Creating: /workspace/runs/zlib/gcc-O2/rep-1/afl-out/qsym/queue/id:000133,src:id:000398
DEBUG:qsym.afl:Creating: /workspace/runs/zlib/gcc-O2/rep-1/afl-out/qsym/queue/id:000134,src:id:000398
DEBUG:qsym.afl:Creating: /workspace/runs/zlib/gcc-O2/rep-1/afl-out/qsym/queue/id:000135,src:id:000398
DEBUG:qsym.afl:Creating: /workspace/runs/zlib/gcc-O2/rep-1/afl-out/qsym/queue/id:000136,src:id:000398
DEBUG:qsym.afl:Creating: /workspace/runs/zlib/gcc-O2/rep-1/afl-out/qsym/queue/id:000137,src:id:000398
DEBUG:qsym.afl:Creating: /workspace/runs/zlib/gcc-O2/rep-1/afl-out/qsym/queue/id:000138,src:id:000398
DEBUG:qsym.afl:Creating: /workspace/runs/zlib/gcc-O2/rep-1/afl-out/qsym/queue/id:000139,src:id:000398
DEBUG:qsym.afl:Generate 282 testcases
DEBUG:qsym.afl:12 testcases are new
DEBUG:qsym.afl:Run qsym: input=/workspace/runs/zlib/gcc-O2/rep-1/afl-out/afl-slave/queue/id:000311,src:000019,op:havoc,rep:2,+cov
DEBUG:qsym.Executor:Executing timeout -k 5 90 /usr/local/lib/python2.7/dist-packages/qsym/../../../../third_party/pin-2.14-71313-gcc.4.4.7-linux/pin.sh -ifeellucky -t /usr/local/lib/python2.7/dist-packages/qsym/pintool/obj-intel64/libqsym.so -logfile /tmp/tmpsIQHbs/qsym-out-73/pin.log -i /workspace/runs/zlib/gcc-O2/rep-1/afl-out/qsym/.cur_input -s 1 -o /tmp/tmpsIQHbs/qsym-out-73 -l 1 -b /workspace/runs/zlib/gcc-O2/rep-1/afl-out/qsym/bitmap -- /workspace/builds/zlib/gcc-O2/src/minigzip -d
DEBUG:qsym.afl:Total=8 s, Emulation=8 s, Solver=0 s, Return=1
DEBUG:qsym.afl:Generate 0 testcases
DEBUG:qsym.afl:0 testcases are new
DEBUG:qsym.afl:Run qsym: input=/workspace/runs/zlib/gcc-O2/rep-1/afl-out/afl-slave/queue/id:000238,src:000002,op:havoc,rep:128,+cov
DEBUG:qsym.Executor:Executing timeout -k 5 90 /usr/local/lib/python2.7/dist-packages/qsym/../../../../third_party/pin-2.14-71313-gcc.4.4.7-linux/pin.sh -ifeellucky -t /usr/local/lib/python2.7/dist-packages/qsym/pintool/obj-intel64/libqsym.so -logfile /tmp/tmpsIQHbs/qsym-out-74/pin.log -i /workspace/runs/zlib/gcc-O2/rep-1/afl-out/qsym/.cur_input -s 1 -o /tmp/tmpsIQHbs/qsym-out-74 -l 1 -b /workspace/runs/zlib/gcc-O2/rep-1/afl-out/qsym/bitmap -- /workspace/builds/zlib/gcc-O2/src/minigzip -d
DEBUG:qsym.afl:Total=8 s, Emulation=8 s, Solver=0 s, Return=1
DEBUG:qsym.afl:Creating: /workspace/runs/zlib/gcc-O2/rep-1/afl-out/qsym/queue/id:000140,src:id:000238
DEBUG:qsym.afl:Generate 7 testcases
DEBUG:qsym.afl:1 testcases are new
DEBUG:qsym.afl:Run qsym: input=/workspace/runs/zlib/gcc-O2/rep-1/afl-out/afl-slave/queue/id:000070,src:000001,op:havoc,rep:8,+cov
DEBUG:qsym.Executor:Executing timeout -k 5 90 /usr/local/lib/python2.7/dist-packages/qsym/../../../../third_party/pin-2.14-71313-gcc.4.4.7-linux/pin.sh -ifeellucky -t /usr/local/lib/python2.7/dist-packages/qsym/pintool/obj-intel64/libqsym.so -logfile /tmp/tmpsIQHbs/qsym-out-75/pin.log -i /workspace/runs/zlib/gcc-O2/rep-1/afl-out/qsym/.cur_input -s 1 -o /tmp/tmpsIQHbs/qsym-out-75 -l 1 -b /workspace/runs/zlib/gcc-O2/rep-1/afl-out/qsym/bitmap -- /workspace/builds/zlib/gcc-O2/src/minigzip -d
DEBUG:qsym.afl:Total=7 s, Emulation=7 s, Solver=0 s, Return=1
DEBUG:qsym.afl:Generate 0 testcases
DEBUG:qsym.afl:0 testcases are new
DEBUG:qsym.afl:Run qsym: input=/workspace/runs/zlib/gcc-O2/rep-1/afl-out/afl-slave/queue/id:000059,src:000001,op:havoc,rep:8,+cov
DEBUG:qsym.Executor:Executing timeout -k 5 90 /usr/local/lib/python2.7/dist-packages/qsym/../../../../third_party/pin-2.14-71313-gcc.4.4.7-linux/pin.sh -ifeellucky -t /usr/local/lib/python2.7/dist-packages/qsym/pintool/obj-intel64/libqsym.so -logfile /tmp/tmpsIQHbs/qsym-out-76/pin.log -i /workspace/runs/zlib/gcc-O2/rep-1/afl-out/qsym/.cur_input -s 1 -o /tmp/tmpsIQHbs/qsym-out-76 -l 1 -b /workspace/runs/zlib/gcc-O2/rep-1/afl-out/qsym/bitmap -- /workspace/builds/zlib/gcc-O2/src/minigzip -d
DEBUG:qsym.afl:Total=12 s, Emulation=11 s, Solver=1 s, Return=1
DEBUG:qsym.afl:Creating: /workspace/runs/zlib/gcc-O2/rep-1/afl-out/qsym/queue/id:000141,src:id:000059
DEBUG:qsym.afl:Generate 216 testcases
DEBUG:qsym.afl:1 testcases are new
DEBUG:qsym.afl:Run qsym: input=/workspace/runs/zlib/gcc-O2/rep-1/afl-out/afl-slave/queue/id:000396,src:000200,op:havoc,rep:2,+cov
DEBUG:qsym.Executor:Executing timeout -k 5 90 /usr/local/lib/python2.7/dist-packages/qsym/../../../../third_party/pin-2.14-71313-gcc.4.4.7-linux/pin.sh -ifeellucky -t /usr/local/lib/python2.7/dist-packages/qsym/pintool/obj-intel64/libqsym.so -logfile /tmp/tmpsIQHbs/qsym-out-77/pin.log -i /workspace/runs/zlib/gcc-O2/rep-1/afl-out/qsym/.cur_input -s 1 -o /tmp/tmpsIQHbs/qsym-out-77 -l 1 -b /workspace/runs/zlib/gcc-O2/rep-1/afl-out/qsym/bitmap -- /workspace/builds/zlib/gcc-O2/src/minigzip -d
DEBUG:qsym.afl:Total=35 s, Emulation=23 s, Solver=11 s, Return=1
DEBUG:qsym.afl:Creating: /workspace/runs/zlib/gcc-O2/rep-1/afl-out/qsym/queue/id:000142,src:id:000396
DEBUG:qsym.afl:Creating: /workspace/runs/zlib/gcc-O2/rep-1/afl-out/qsym/queue/id:000143,src:id:000396
DEBUG:qsym.afl:Creating: /workspace/runs/zlib/gcc-O2/rep-1/afl-out/qsym/queue/id:000144,src:id:000396
DEBUG:qsym.afl:Creating: /workspace/runs/zlib/gcc-O2/rep-1/afl-out/qsym/queue/id:000145,src:id:000396
DEBUG:qsym.afl:Creating: /workspace/runs/zlib/gcc-O2/rep-1/afl-out/qsym/queue/id:000146,src:id:000396
DEBUG:qsym.afl:Creating: /workspace/runs/zlib/gcc-O2/rep-1/afl-out/qsym/queue/id:000147,src:id:000396
DEBUG:qsym.afl:Creating: /workspace/runs/zlib/gcc-O2/rep-1/afl-out/qsym/queue/id:000148,src:id:000396
DEBUG:qsym.afl:Creating: /workspace/runs/zlib/gcc-O2/rep-1/afl-out/qsym/queue/id:000149,src:id:000396
DEBUG:qsym.afl:Creating: /workspace/runs/zlib/gcc-O2/rep-1/afl-out/qsym/queue/id:000150,src:id:000396
DEBUG:qsym.afl:Creating: /workspace/runs/zlib/gcc-O2/rep-1/afl-out/qsym/queue/id:000151,src:id:000396
DEBUG:qsym.afl:Creating: /workspace/runs/zlib/gcc-O2/rep-1/afl-out/qsym/queue/id:000152,src:id:000396
DEBUG:qsym.afl:Creating: /workspace/runs/zlib/gcc-O2/rep-1/afl-out/qsym/queue/id:000153,src:id:000396
DEBUG:qsym.afl:Creating: /workspace/runs/zlib/gcc-O2/rep-1/afl-out/qsym/queue/id:000154,src:id:000396
DEBUG:qsym.afl:Creating: /workspace/runs/zlib/gcc-O2/rep-1/afl-out/qsym/queue/id:000155,src:id:000396
DEBUG:qsym.afl:Creating: /workspace/runs/zlib/gcc-O2/rep-1/afl-out/qsym/queue/id:000156,src:id:000396
DEBUG:qsym.afl:Creating: /workspace/runs/zlib/gcc-O2/rep-1/afl-out/qsym/queue/id:000157,src:id:000396
DEBUG:qsym.afl:Creating: /workspace/runs/zlib/gcc-O2/rep-1/afl-out/qsym/queue/id:000158,src:id:000396
DEBUG:qsym.afl:Creating: /workspace/runs/zlib/gcc-O2/rep-1/afl-out/qsym/queue/id:000159,src:id:000396
DEBUG:qsym.afl:Creating: /workspace/runs/zlib/gcc-O2/rep-1/afl-out/qsym/queue/id:000160,src:id:000396
DEBUG:qsym.afl:Creating: /workspace/runs/zlib/gcc-O2/rep-1/afl-out/qsym/queue/id:000161,src:id:000396
DEBUG:qsym.afl:Generate 642 testcases
DEBUG:qsym.afl:20 testcases are new
DEBUG:qsym.afl:Run qsym: input=/workspace/runs/zlib/gcc-O2/rep-1/afl-out/afl-slave/queue/id:000360,src:000089,op:havoc,rep:2,+cov
DEBUG:qsym.Executor:Executing timeout -k 5 90 /usr/local/lib/python2.7/dist-packages/qsym/../../../../third_party/pin-2.14-71313-gcc.4.4.7-linux/pin.sh -ifeellucky -t /usr/local/lib/python2.7/dist-packages/qsym/pintool/obj-intel64/libqsym.so -logfile /tmp/tmpsIQHbs/qsym-out-78/pin.log -i /workspace/runs/zlib/gcc-O2/rep-1/afl-out/qsym/.cur_input -s 1 -o /tmp/tmpsIQHbs/qsym-out-78 -l 1 -b /workspace/runs/zlib/gcc-O2/rep-1/afl-out/qsym/bitmap -- /workspace/builds/zlib/gcc-O2/src/minigzip -d
DEBUG:qsym.afl:Total=20 s, Emulation=16 s, Solver=4 s, Return=1
DEBUG:qsym.afl:Creating: /workspace/runs/zlib/gcc-O2/rep-1/afl-out/qsym/queue/id:000162,src:id:000360
DEBUG:qsym.afl:Creating: /workspace/runs/zlib/gcc-O2/rep-1/afl-out/qsym/queue/id:000163,src:id:000360
DEBUG:qsym.afl:Creating: /workspace/runs/zlib/gcc-O2/rep-1/afl-out/qsym/queue/id:000164,src:id:000360
DEBUG:qsym.afl:Generate 638 testcases
DEBUG:qsym.afl:3 testcases are new
DEBUG:qsym.afl:Run qsym: input=/workspace/runs/zlib/gcc-O2/rep-1/afl-out/afl-slave/queue/id:000200,sync:afl-master,src:000194,+cov
DEBUG:qsym.Executor:Executing timeout -k 5 90 /usr/local/lib/python2.7/dist-packages/qsym/../../../../third_party/pin-2.14-71313-gcc.4.4.7-linux/pin.sh -ifeellucky -t /usr/local/lib/python2.7/dist-packages/qsym/pintool/obj-intel64/libqsym.so -logfile /tmp/tmpsIQHbs/qsym-out-79/pin.log -i /workspace/runs/zlib/gcc-O2/rep-1/afl-out/qsym/.cur_input -s 1 -o /tmp/tmpsIQHbs/qsym-out-79 -l 1 -b /workspace/runs/zlib/gcc-O2/rep-1/afl-out/qsym/bitmap -- /workspace/builds/zlib/gcc-O2/src/minigzip -d
DEBUG:qsym.afl:Total=12 s, Emulation=11 s, Solver=1 s, Return=1
DEBUG:qsym.afl:Generate 245 testcases
DEBUG:qsym.afl:0 testcases are new
DEBUG:qsym.afl:Run qsym: input=/workspace/runs/zlib/gcc-O2/rep-1/afl-out/afl-slave/queue/id:000408,sync:afl-master,src:000413,+cov
DEBUG:qsym.Executor:Executing timeout -k 5 90 /usr/local/lib/python2.7/dist-packages/qsym/../../../../third_party/pin-2.14-71313-gcc.4.4.7-linux/pin.sh -ifeellucky -t /usr/local/lib/python2.7/dist-packages/qsym/pintool/obj-intel64/libqsym.so -logfile /tmp/tmpsIQHbs/qsym-out-80/pin.log -i /workspace/runs/zlib/gcc-O2/rep-1/afl-out/qsym/.cur_input -s 1 -o /tmp/tmpsIQHbs/qsym-out-80 -l 1 -b /workspace/runs/zlib/gcc-O2/rep-1/afl-out/qsym/bitmap -- /workspace/builds/zlib/gcc-O2/src/minigzip -d
DEBUG:qsym.afl:Total=8 s, Emulation=8 s, Solver=0 s, Return=1
DEBUG:qsym.afl:Creating: /workspace/runs/zlib/gcc-O2/rep-1/afl-out/qsym/queue/id:000165,src:id:000408
DEBUG:qsym.afl:Generate 3 testcases
DEBUG:qsym.afl:1 testcases are new
DEBUG:qsym.afl:Run qsym: input=/workspace/runs/zlib/gcc-O2/rep-1/afl-out/afl-slave/queue/id:000370,src:000095+000369,op:splice,rep:4,+cov
DEBUG:qsym.Executor:Executing timeout -k 5 90 /usr/local/lib/python2.7/dist-packages/qsym/../../../../third_party/pin-2.14-71313-gcc.4.4.7-linux/pin.sh -ifeellucky -t /usr/local/lib/python2.7/dist-packages/qsym/pintool/obj-intel64/libqsym.so -logfile /tmp/tmpsIQHbs/qsym-out-81/pin.log -i /workspace/runs/zlib/gcc-O2/rep-1/afl-out/qsym/.cur_input -s 1 -o /tmp/tmpsIQHbs/qsym-out-81 -l 1 -b /workspace/runs/zlib/gcc-O2/rep-1/afl-out/qsym/bitmap -- /workspace/builds/zlib/gcc-O2/src/minigzip -d
DEBUG:qsym.afl:Total=11 s, Emulation=10 s, Solver=0 s, Return=1
DEBUG:qsym.afl:Creating: /workspace/runs/zlib/gcc-O2/rep-1/afl-out/qsym/queue/id:000166,src:id:000370
DEBUG:qsym.afl:Creating: /workspace/runs/zlib/gcc-O2/rep-1/afl-out/qsym/queue/id:000167,src:id:000370
DEBUG:qsym.afl:Creating: /workspace/runs/zlib/gcc-O2/rep-1/afl-out/qsym/queue/id:000168,src:id:000370
DEBUG:qsym.afl:Generate 106 testcases
DEBUG:qsym.afl:3 testcases are new
DEBUG:qsym.afl:Run qsym: input=/workspace/runs/zlib/gcc-O2/rep-1/afl-out/afl-slave/queue/id:000354,src:000080,op:havoc,rep:2,+cov
DEBUG:qsym.Executor:Executing timeout -k 5 90 /usr/local/lib/python2.7/dist-packages/qsym/../../../../third_party/pin-2.14-71313-gcc.4.4.7-linux/pin.sh -ifeellucky -t /usr/local/lib/python2.7/dist-packages/qsym/pintool/obj-intel64/libqsym.so -logfile /tmp/tmpsIQHbs/qsym-out-82/pin.log -i /workspace/runs/zlib/gcc-O2/rep-1/afl-out/qsym/.cur_input -s 1 -o /tmp/tmpsIQHbs/qsym-out-82 -l 1 -b /workspace/runs/zlib/gcc-O2/rep-1/afl-out/qsym/bitmap -- /workspace/builds/zlib/gcc-O2/src/minigzip -d
DEBUG:qsym.afl:Total=42 s, Emulation=25 s, Solver=16 s, Return=1
DEBUG:qsym.afl:Creating: /workspace/runs/zlib/gcc-O2/rep-1/afl-out/qsym/queue/id:000169,src:id:000354
DEBUG:qsym.afl:Creating: /workspace/runs/zlib/gcc-O2/rep-1/afl-out/qsym/queue/id:000170,src:id:000354
DEBUG:qsym.afl:Creating: /workspace/runs/zlib/gcc-O2/rep-1/afl-out/qsym/queue/id:000171,src:id:000354
DEBUG:qsym.afl:Generate 562 testcases
DEBUG:qsym.afl:3 testcases are new
DEBUG:qsym.afl:Run qsym: input=/workspace/runs/zlib/gcc-O2/rep-1/afl-out/afl-slave/queue/id:000337,src:000040+000087,op:splice,rep:4,+cov
DEBUG:qsym.Executor:Executing timeout -k 5 90 /usr/local/lib/python2.7/dist-packages/qsym/../../../../third_party/pin-2.14-71313-gcc.4.4.7-linux/pin.sh -ifeellucky -t /usr/local/lib/python2.7/dist-packages/qsym/pintool/obj-intel64/libqsym.so -logfile /tmp/tmpsIQHbs/qsym-out-83/pin.log -i /workspace/runs/zlib/gcc-O2/rep-1/afl-out/qsym/.cur_input -s 1 -o /tmp/tmpsIQHbs/qsym-out-83 -l 1 -b /workspace/runs/zlib/gcc-O2/rep-1/afl-out/qsym/bitmap -- /workspace/builds/zlib/gcc-O2/src/minigzip -d
DEBUG:qsym.afl:Total=7 s, Emulation=7 s, Solver=0 s, Return=1
DEBUG:qsym.afl:Creating: /workspace/runs/zlib/gcc-O2/rep-1/afl-out/qsym/queue/id:000172,src:id:000337
DEBUG:qsym.afl:Creating: /workspace/runs/zlib/gcc-O2/rep-1/afl-out/qsym/queue/id:000173,src:id:000337
DEBUG:qsym.afl:Creating: /workspace/runs/zlib/gcc-O2/rep-1/afl-out/qsym/queue/id:000174,src:id:000337
DEBUG:qsym.afl:Generate 118 testcases
DEBUG:qsym.afl:3 testcases are new
DEBUG:qsym.afl:Run qsym: input=/workspace/runs/zlib/gcc-O2/rep-1/afl-out/afl-slave/queue/id:000293,src:000003+000011,op:splice,rep:8,+cov
DEBUG:qsym.Executor:Executing timeout -k 5 90 /usr/local/lib/python2.7/dist-packages/qsym/../../../../third_party/pin-2.14-71313-gcc.4.4.7-linux/pin.sh -ifeellucky -t /usr/local/lib/python2.7/dist-packages/qsym/pintool/obj-intel64/libqsym.so -logfile /tmp/tmpsIQHbs/qsym-out-84/pin.log -i /workspace/runs/zlib/gcc-O2/rep-1/afl-out/qsym/.cur_input -s 1 -o /tmp/tmpsIQHbs/qsym-out-84 -l 1 -b /workspace/runs/zlib/gcc-O2/rep-1/afl-out/qsym/bitmap -- /workspace/builds/zlib/gcc-O2/src/minigzip -d
DEBUG:qsym.afl:Total=7 s, Emulation=7 s, Solver=0 s, Return=1
DEBUG:qsym.afl:Creating: /workspace/runs/zlib/gcc-O2/rep-1/afl-out/qsym/queue/id:000175,src:id:000293
DEBUG:qsym.afl:Creating: /workspace/runs/zlib/gcc-O2/rep-1/afl-out/qsym/queue/id:000176,src:id:000293
DEBUG:qsym.afl:Creating: /workspace/runs/zlib/gcc-O2/rep-1/afl-out/qsym/queue/id:000177,src:id:000293
DEBUG:qsym.afl:Generate 78 testcases
DEBUG:qsym.afl:3 testcases are new
DEBUG:qsym.afl:Run qsym: input=/workspace/runs/zlib/gcc-O2/rep-1/afl-out/afl-slave/queue/id:000153,src:000001+000003,op:splice,rep:32,+cov
DEBUG:qsym.Executor:Executing timeout -k 5 90 /usr/local/lib/python2.7/dist-packages/qsym/../../../../third_party/pin-2.14-71313-gcc.4.4.7-linux/pin.sh -ifeellucky -t /usr/local/lib/python2.7/dist-packages/qsym/pintool/obj-intel64/libqsym.so -logfile /tmp/tmpsIQHbs/qsym-out-85/pin.log -i /workspace/runs/zlib/gcc-O2/rep-1/afl-out/qsym/.cur_input -s 1 -o /tmp/tmpsIQHbs/qsym-out-85 -l 1 -b /workspace/runs/zlib/gcc-O2/rep-1/afl-out/qsym/bitmap -- /workspace/builds/zlib/gcc-O2/src/minigzip -d
DEBUG:qsym.afl:Total=7 s, Emulation=7 s, Solver=0 s, Return=1
DEBUG:qsym.afl:Generate 0 testcases
DEBUG:qsym.afl:0 testcases are new
DEBUG:qsym.afl:Run qsym: input=/workspace/runs/zlib/gcc-O2/rep-1/afl-out/afl-slave/queue/id:000137,src:000001,op:havoc,rep:16,+cov
DEBUG:qsym.Executor:Executing timeout -k 5 90 /usr/local/lib/python2.7/dist-packages/qsym/../../../../third_party/pin-2.14-71313-gcc.4.4.7-linux/pin.sh -ifeellucky -t /usr/local/lib/python2.7/dist-packages/qsym/pintool/obj-intel64/libqsym.so -logfile /tmp/tmpsIQHbs/qsym-out-86/pin.log -i /workspace/runs/zlib/gcc-O2/rep-1/afl-out/qsym/.cur_input -s 1 -o /tmp/tmpsIQHbs/qsym-out-86 -l 1 -b /workspace/runs/zlib/gcc-O2/rep-1/afl-out/qsym/bitmap -- /workspace/builds/zlib/gcc-O2/src/minigzip -d
DEBUG:qsym.afl:Total=8 s, Emulation=8 s, Solver=0 s, Return=1
DEBUG:qsym.afl:Generate 0 testcases
DEBUG:qsym.afl:0 testcases are new
DEBUG:qsym.afl:Run qsym: input=/workspace/runs/zlib/gcc-O2/rep-1/afl-out/afl-slave/queue/id:000136,src:000001,op:havoc,rep:16,+cov
DEBUG:qsym.Executor:Executing timeout -k 5 90 /usr/local/lib/python2.7/dist-packages/qsym/../../../../third_party/pin-2.14-71313-gcc.4.4.7-linux/pin.sh -ifeellucky -t /usr/local/lib/python2.7/dist-packages/qsym/pintool/obj-intel64/libqsym.so -logfile /tmp/tmpsIQHbs/qsym-out-87/pin.log -i /workspace/runs/zlib/gcc-O2/rep-1/afl-out/qsym/.cur_input -s 1 -o /tmp/tmpsIQHbs/qsym-out-87 -l 1 -b /workspace/runs/zlib/gcc-O2/rep-1/afl-out/qsym/bitmap -- /workspace/builds/zlib/gcc-O2/src/minigzip -d
DEBUG:qsym.afl:Total=9 s, Emulation=9 s, Solver=0 s, Return=1
DEBUG:qsym.afl:Generate 0 testcases
DEBUG:qsym.afl:0 testcases are new
DEBUG:qsym.afl:Run qsym: input=/workspace/runs/zlib/gcc-O2/rep-1/afl-out/afl-slave/queue/id:000130,src:000001,op:havoc,rep:4,+cov
DEBUG:qsym.Executor:Executing timeout -k 5 90 /usr/local/lib/python2.7/dist-packages/qsym/../../../../third_party/pin-2.14-71313-gcc.4.4.7-linux/pin.sh -ifeellucky -t /usr/local/lib/python2.7/dist-packages/qsym/pintool/obj-intel64/libqsym.so -logfile /tmp/tmpsIQHbs/qsym-out-88/pin.log -i /workspace/runs/zlib/gcc-O2/rep-1/afl-out/qsym/.cur_input -s 1 -o /tmp/tmpsIQHbs/qsym-out-88 -l 1 -b /workspace/runs/zlib/gcc-O2/rep-1/afl-out/qsym/bitmap -- /workspace/builds/zlib/gcc-O2/src/minigzip -d
DEBUG:qsym.afl:Total=7 s, Emulation=7 s, Solver=0 s, Return=1
DEBUG:qsym.afl:Generate 0 testcases
DEBUG:qsym.afl:0 testcases are new
DEBUG:qsym.afl:Run qsym: input=/workspace/runs/zlib/gcc-O2/rep-1/afl-out/afl-slave/queue/id:000117,src:000001,op:havoc,rep:8,+cov
DEBUG:qsym.Executor:Executing timeout -k 5 90 /usr/local/lib/python2.7/dist-packages/qsym/../../../../third_party/pin-2.14-71313-gcc.4.4.7-linux/pin.sh -ifeellucky -t /usr/local/lib/python2.7/dist-packages/qsym/pintool/obj-intel64/libqsym.so -logfile /tmp/tmpsIQHbs/qsym-out-89/pin.log -i /workspace/runs/zlib/gcc-O2/rep-1/afl-out/qsym/.cur_input -s 1 -o /tmp/tmpsIQHbs/qsym-out-89 -l 1 -b /workspace/runs/zlib/gcc-O2/rep-1/afl-out/qsym/bitmap -- /workspace/builds/zlib/gcc-O2/src/minigzip -d
DEBUG:qsym.afl:Total=6 s, Emulation=6 s, Solver=0 s, Return=1
DEBUG:qsym.afl:Generate 0 testcases
DEBUG:qsym.afl:0 testcases are new
DEBUG:qsym.afl:Run qsym: input=/workspace/runs/zlib/gcc-O2/rep-1/afl-out/afl-slave/queue/id:000116,src:000001,op:havoc,rep:16,+cov
DEBUG:qsym.Executor:Executing timeout -k 5 90 /usr/local/lib/python2.7/dist-packages/qsym/../../../../third_party/pin-2.14-71313-gcc.4.4.7-linux/pin.sh -ifeellucky -t /usr/local/lib/python2.7/dist-packages/qsym/pintool/obj-intel64/libqsym.so -logfile /tmp/tmpsIQHbs/qsym-out-90/pin.log -i /workspace/runs/zlib/gcc-O2/rep-1/afl-out/qsym/.cur_input -s 1 -o /tmp/tmpsIQHbs/qsym-out-90 -l 1 -b /workspace/runs/zlib/gcc-O2/rep-1/afl-out/qsym/bitmap -- /workspace/builds/zlib/gcc-O2/src/minigzip -d
DEBUG:qsym.afl:Total=7 s, Emulation=7 s, Solver=0 s, Return=1
DEBUG:qsym.afl:Creating: /workspace/runs/zlib/gcc-O2/rep-1/afl-out/qsym/queue/id:000178,src:id:000116
DEBUG:qsym.afl:Creating: /workspace/runs/zlib/gcc-O2/rep-1/afl-out/qsym/queue/id:000179,src:id:000116
DEBUG:qsym.afl:Generate 9 testcases
DEBUG:qsym.afl:2 testcases are new
DEBUG:qsym.afl:Run qsym: input=/workspace/runs/zlib/gcc-O2/rep-1/afl-out/afl-slave/queue/id:000090,src:000001,op:havoc,rep:8,+cov
DEBUG:qsym.Executor:Executing timeout -k 5 90 /usr/local/lib/python2.7/dist-packages/qsym/../../../../third_party/pin-2.14-71313-gcc.4.4.7-linux/pin.sh -ifeellucky -t /usr/local/lib/python2.7/dist-packages/qsym/pintool/obj-intel64/libqsym.so -logfile /tmp/tmpsIQHbs/qsym-out-91/pin.log -i /workspace/runs/zlib/gcc-O2/rep-1/afl-out/qsym/.cur_input -s 1 -o /tmp/tmpsIQHbs/qsym-out-91 -l 1 -b /workspace/runs/zlib/gcc-O2/rep-1/afl-out/qsym/bitmap -- /workspace/builds/zlib/gcc-O2/src/minigzip -d
DEBUG:qsym.afl:Total=8 s, Emulation=8 s, Solver=0 s, Return=1
DEBUG:qsym.afl:Generate 0 testcases
DEBUG:qsym.afl:0 testcases are new
DEBUG:qsym.afl:Run qsym: input=/workspace/runs/zlib/gcc-O2/rep-1/afl-out/afl-slave/queue/id:000080,src:000001,op:havoc,rep:2,+cov
DEBUG:qsym.Executor:Executing timeout -k 5 90 /usr/local/lib/python2.7/dist-packages/qsym/../../../../third_party/pin-2.14-71313-gcc.4.4.7-linux/pin.sh -ifeellucky -t /usr/local/lib/python2.7/dist-packages/qsym/pintool/obj-intel64/libqsym.so -logfile /tmp/tmpsIQHbs/qsym-out-92/pin.log -i /workspace/runs/zlib/gcc-O2/rep-1/afl-out/qsym/.cur_input -s 1 -o /tmp/tmpsIQHbs/qsym-out-92 -l 1 -b /workspace/runs/zlib/gcc-O2/rep-1/afl-out/qsym/bitmap -- /workspace/builds/zlib/gcc-O2/src/minigzip -d
DEBUG:qsym.afl:Total=7 s, Emulation=7 s, Solver=0 s, Return=1
DEBUG:qsym.afl:Generate 0 testcases
DEBUG:qsym.afl:0 testcases are new
DEBUG:qsym.afl:Run qsym: input=/workspace/runs/zlib/gcc-O2/rep-1/afl-out/afl-slave/queue/id:000071,src:000001,op:havoc,rep:4,+cov
DEBUG:qsym.Executor:Executing timeout -k 5 90 /usr/local/lib/python2.7/dist-packages/qsym/../../../../third_party/pin-2.14-71313-gcc.4.4.7-linux/pin.sh -ifeellucky -t /usr/local/lib/python2.7/dist-packages/qsym/pintool/obj-intel64/libqsym.so -logfile /tmp/tmpsIQHbs/qsym-out-93/pin.log -i /workspace/runs/zlib/gcc-O2/rep-1/afl-out/qsym/.cur_input -s 1 -o /tmp/tmpsIQHbs/qsym-out-93 -l 1 -b /workspace/runs/zlib/gcc-O2/rep-1/afl-out/qsym/bitmap -- /workspace/builds/zlib/gcc-O2/src/minigzip -d
DEBUG:qsym.afl:Total=6 s, Emulation=6 s, Solver=0 s, Return=1
DEBUG:qsym.afl:Generate 0 testcases
DEBUG:qsym.afl:0 testcases are new
DEBUG:qsym.afl:Run qsym: input=/workspace/runs/zlib/gcc-O2/rep-1/afl-out/afl-slave/queue/id:000069,src:000001,op:havoc,rep:8,+cov
DEBUG:qsym.Executor:Executing timeout -k 5 90 /usr/local/lib/python2.7/dist-packages/qsym/../../../../third_party/pin-2.14-71313-gcc.4.4.7-linux/pin.sh -ifeellucky -t /usr/local/lib/python2.7/dist-packages/qsym/pintool/obj-intel64/libqsym.so -logfile /tmp/tmpsIQHbs/qsym-out-94/pin.log -i /workspace/runs/zlib/gcc-O2/rep-1/afl-out/qsym/.cur_input -s 1 -o /tmp/tmpsIQHbs/qsym-out-94 -l 1 -b /workspace/runs/zlib/gcc-O2/rep-1/afl-out/qsym/bitmap -- /workspace/builds/zlib/gcc-O2/src/minigzip -d
DEBUG:qsym.afl:Total=5 s, Emulation=5 s, Solver=0 s, Return=1
DEBUG:qsym.afl:Generate 0 testcases
DEBUG:qsym.afl:0 testcases are new
DEBUG:qsym.afl:Run qsym: input=/workspace/runs/zlib/gcc-O2/rep-1/afl-out/afl-slave/queue/id:000051,src:000001,op:havoc,rep:4,+cov
DEBUG:qsym.Executor:Executing timeout -k 5 90 /usr/local/lib/python2.7/dist-packages/qsym/../../../../third_party/pin-2.14-71313-gcc.4.4.7-linux/pin.sh -ifeellucky -t /usr/local/lib/python2.7/dist-packages/qsym/pintool/obj-intel64/libqsym.so -logfile /tmp/tmpsIQHbs/qsym-out-95/pin.log -i /workspace/runs/zlib/gcc-O2/rep-1/afl-out/qsym/.cur_input -s 1 -o /tmp/tmpsIQHbs/qsym-out-95 -l 1 -b /workspace/runs/zlib/gcc-O2/rep-1/afl-out/qsym/bitmap -- /workspace/builds/zlib/gcc-O2/src/minigzip -d
DEBUG:qsym.afl:Total=7 s, Emulation=7 s, Solver=0 s, Return=1
DEBUG:qsym.afl:Generate 0 testcases
DEBUG:qsym.afl:0 testcases are new
DEBUG:qsym.afl:Run qsym: input=/workspace/runs/zlib/gcc-O2/rep-1/afl-out/afl-slave/queue/id:000019,src:000001,op:havoc,rep:2,+cov
DEBUG:qsym.Executor:Executing timeout -k 5 90 /usr/local/lib/python2.7/dist-packages/qsym/../../../../third_party/pin-2.14-71313-gcc.4.4.7-linux/pin.sh -ifeellucky -t /usr/local/lib/python2.7/dist-packages/qsym/pintool/obj-intel64/libqsym.so -logfile /tmp/tmpsIQHbs/qsym-out-96/pin.log -i /workspace/runs/zlib/gcc-O2/rep-1/afl-out/qsym/.cur_input -s 1 -o /tmp/tmpsIQHbs/qsym-out-96 -l 1 -b /workspace/runs/zlib/gcc-O2/rep-1/afl-out/qsym/bitmap -- /workspace/builds/zlib/gcc-O2/src/minigzip -d
DEBUG:qsym.afl:Total=5 s, Emulation=5 s, Solver=0 s, Return=1
DEBUG:qsym.afl:Generate 0 testcases
DEBUG:qsym.afl:0 testcases are new
DEBUG:qsym.afl:Run qsym: input=/workspace/runs/zlib/gcc-O2/rep-1/afl-out/afl-slave/queue/id:000011,src:000001,op:havoc,rep:8,+cov
DEBUG:qsym.Executor:Executing timeout -k 5 90 /usr/local/lib/python2.7/dist-packages/qsym/../../../../third_party/pin-2.14-71313-gcc.4.4.7-linux/pin.sh -ifeellucky -t /usr/local/lib/python2.7/dist-packages/qsym/pintool/obj-intel64/libqsym.so -logfile /tmp/tmpsIQHbs/qsym-out-97/pin.log -i /workspace/runs/zlib/gcc-O2/rep-1/afl-out/qsym/.cur_input -s 1 -o /tmp/tmpsIQHbs/qsym-out-97 -l 1 -b /workspace/runs/zlib/gcc-O2/rep-1/afl-out/qsym/bitmap -- /workspace/builds/zlib/gcc-O2/src/minigzip -d
DEBUG:qsym.afl:Total=6 s, Emulation=6 s, Solver=0 s, Return=1
DEBUG:qsym.afl:Generate 2 testcases
DEBUG:qsym.afl:0 testcases are new
DEBUG:qsym.afl:Run qsym: input=/workspace/runs/zlib/gcc-O2/rep-1/afl-out/afl-slave/queue/id:000010,src:000001,op:havoc,rep:4,+cov
DEBUG:qsym.Executor:Executing timeout -k 5 90 /usr/local/lib/python2.7/dist-packages/qsym/../../../../third_party/pin-2.14-71313-gcc.4.4.7-linux/pin.sh -ifeellucky -t /usr/local/lib/python2.7/dist-packages/qsym/pintool/obj-intel64/libqsym.so -logfile /tmp/tmpsIQHbs/qsym-out-98/pin.log -i /workspace/runs/zlib/gcc-O2/rep-1/afl-out/qsym/.cur_input -s 1 -o /tmp/tmpsIQHbs/qsym-out-98 -l 1 -b /workspace/runs/zlib/gcc-O2/rep-1/afl-out/qsym/bitmap -- /workspace/builds/zlib/gcc-O2/src/minigzip -d
DEBUG:qsym.afl:Total=6 s, Emulation=6 s, Solver=0 s, Return=1
DEBUG:qsym.afl:Generate 0 testcases
DEBUG:qsym.afl:0 testcases are new
DEBUG:qsym.afl:Run qsym: input=/workspace/runs/zlib/gcc-O2/rep-1/afl-out/afl-slave/queue/id:000206,sync:afl-master,src:000205,+cov
DEBUG:qsym.Executor:Executing timeout -k 5 90 /usr/local/lib/python2.7/dist-packages/qsym/../../../../third_party/pin-2.14-71313-gcc.4.4.7-linux/pin.sh -ifeellucky -t /usr/local/lib/python2.7/dist-packages/qsym/pintool/obj-intel64/libqsym.so -logfile /tmp/tmpsIQHbs/qsym-out-99/pin.log -i /workspace/runs/zlib/gcc-O2/rep-1/afl-out/qsym/.cur_input -s 1 -o /tmp/tmpsIQHbs/qsym-out-99 -l 1 -b /workspace/runs/zlib/gcc-O2/rep-1/afl-out/qsym/bitmap -- /workspace/builds/zlib/gcc-O2/src/minigzip -d
DEBUG:qsym.afl:Total=7 s, Emulation=7 s, Solver=0 s, Return=1
DEBUG:qsym.afl:Creating: /workspace/runs/zlib/gcc-O2/rep-1/afl-out/qsym/queue/id:000180,src:id:000206
DEBUG:qsym.afl:Creating: /workspace/runs/zlib/gcc-O2/rep-1/afl-out/qsym/queue/id:000181,src:id:000206
DEBUG:qsym.afl:Creating: /workspace/runs/zlib/gcc-O2/rep-1/afl-out/qsym/queue/id:000182,src:id:000206
DEBUG:qsym.afl:Generate 67 testcases
DEBUG:qsym.afl:3 testcases are new
DEBUG:qsym.afl:Run qsym: input=/workspace/runs/zlib/gcc-O2/rep-1/afl-out/afl-slave/queue/id:000147,src:000001,op:havoc,rep:4,+cov
DEBUG:qsym.Executor:Executing timeout -k 5 90 /usr/local/lib/python2.7/dist-packages/qsym/../../../../third_party/pin-2.14-71313-gcc.4.4.7-linux/pin.sh -ifeellucky -t /usr/local/lib/python2.7/dist-packages/qsym/pintool/obj-intel64/libqsym.so -logfile /tmp/tmpsIQHbs/qsym-out-100/pin.log -i /workspace/runs/zlib/gcc-O2/rep-1/afl-out/qsym/.cur_input -s 1 -o /tmp/tmpsIQHbs/qsym-out-100 -l 1 -b /workspace/runs/zlib/gcc-O2/rep-1/afl-out/qsym/bitmap -- /workspace/builds/zlib/gcc-O2/src/minigzip -d
DEBUG:qsym.afl:Total=5 s, Emulation=5 s, Solver=0 s, Return=1
DEBUG:qsym.afl:Generate 0 testcases
DEBUG:qsym.afl:0 testcases are new
DEBUG:qsym.afl:Run qsym: input=/workspace/runs/zlib/gcc-O2/rep-1/afl-out/afl-slave/queue/id:000139,src:000001,op:havoc,rep:8,+cov
DEBUG:qsym.Executor:Executing timeout -k 5 90 /usr/local/lib/python2.7/dist-packages/qsym/../../../../third_party/pin-2.14-71313-gcc.4.4.7-linux/pin.sh -ifeellucky -t /usr/local/lib/python2.7/dist-packages/qsym/pintool/obj-intel64/libqsym.so -logfile /tmp/tmpsIQHbs/qsym-out-101/pin.log -i /workspace/runs/zlib/gcc-O2/rep-1/afl-out/qsym/.cur_input -s 1 -o /tmp/tmpsIQHbs/qsym-out-101 -l 1 -b /workspace/runs/zlib/gcc-O2/rep-1/afl-out/qsym/bitmap -- /workspace/builds/zlib/gcc-O2/src/minigzip -d
DEBUG:qsym.afl:Total=7 s, Emulation=7 s, Solver=0 s, Return=1
DEBUG:qsym.afl:Generate 1 testcases
DEBUG:qsym.afl:0 testcases are new
DEBUG:qsym.afl:Run qsym: input=/workspace/runs/zlib/gcc-O2/rep-1/afl-out/afl-slave/queue/id:000022,src:000001,op:havoc,rep:2,+cov
DEBUG:qsym.Executor:Executing timeout -k 5 90 /usr/local/lib/python2.7/dist-packages/qsym/../../../../third_party/pin-2.14-71313-gcc.4.4.7-linux/pin.sh -ifeellucky -t /usr/local/lib/python2.7/dist-packages/qsym/pintool/obj-intel64/libqsym.so -logfile /tmp/tmpsIQHbs/qsym-out-102/pin.log -i /workspace/runs/zlib/gcc-O2/rep-1/afl-out/qsym/.cur_input -s 1 -o /tmp/tmpsIQHbs/qsym-out-102 -l 1 -b /workspace/runs/zlib/gcc-O2/rep-1/afl-out/qsym/bitmap -- /workspace/builds/zlib/gcc-O2/src/minigzip -d
DEBUG:qsym.afl:Total=8 s, Emulation=8 s, Solver=0 s, Return=1
DEBUG:qsym.afl:Generate 0 testcases
DEBUG:qsym.afl:0 testcases are new
DEBUG:qsym.afl:Run qsym: input=/workspace/runs/zlib/gcc-O2/rep-1/afl-out/afl-slave/queue/id:000138,src:000001,op:havoc,rep:4,+cov
DEBUG:qsym.Executor:Executing timeout -k 5 90 /usr/local/lib/python2.7/dist-packages/qsym/../../../../third_party/pin-2.14-71313-gcc.4.4.7-linux/pin.sh -ifeellucky -t /usr/local/lib/python2.7/dist-packages/qsym/pintool/obj-intel64/libqsym.so -logfile /tmp/tmpsIQHbs/qsym-out-103/pin.log -i /workspace/runs/zlib/gcc-O2/rep-1/afl-out/qsym/.cur_input -s 1 -o /tmp/tmpsIQHbs/qsym-out-103 -l 1 -b /workspace/runs/zlib/gcc-O2/rep-1/afl-out/qsym/bitmap -- /workspace/builds/zlib/gcc-O2/src/minigzip -d
DEBUG:qsym.afl:Total=8 s, Emulation=8 s, Solver=0 s, Return=1
DEBUG:qsym.afl:Creating: /workspace/runs/zlib/gcc-O2/rep-1/afl-out/qsym/queue/id:000183,src:id:000138
DEBUG:qsym.afl:Generate 13 testcases
DEBUG:qsym.afl:1 testcases are new
DEBUG:qsym.afl:Run qsym: input=/workspace/runs/zlib/gcc-O2/rep-1/afl-out/afl-slave/queue/id:000087,src:000001,op:havoc,rep:8,+cov
DEBUG:qsym.Executor:Executing timeout -k 5 90 /usr/local/lib/python2.7/dist-packages/qsym/../../../../third_party/pin-2.14-71313-gcc.4.4.7-linux/pin.sh -ifeellucky -t /usr/local/lib/python2.7/dist-packages/qsym/pintool/obj-intel64/libqsym.so -logfile /tmp/tmpsIQHbs/qsym-out-104/pin.log -i /workspace/runs/zlib/gcc-O2/rep-1/afl-out/qsym/.cur_input -s 1 -o /tmp/tmpsIQHbs/qsym-out-104 -l 1 -b /workspace/runs/zlib/gcc-O2/rep-1/afl-out/qsym/bitmap -- /workspace/builds/zlib/gcc-O2/src/minigzip -d
DEBUG:qsym.afl:Total=6 s, Emulation=6 s, Solver=0 s, Return=1
DEBUG:qsym.afl:Creating: /workspace/runs/zlib/gcc-O2/rep-1/afl-out/qsym/queue/id:000184,src:id:000087
DEBUG:qsym.afl:Generate 114 testcases
DEBUG:qsym.afl:1 testcases are new
DEBUG:qsym.afl:Run qsym: input=/workspace/runs/zlib/gcc-O2/rep-1/afl-out/afl-slave/queue/id:000075,src:000001,op:havoc,rep:4,+cov
DEBUG:qsym.Executor:Executing timeout -k 5 90 /usr/local/lib/python2.7/dist-packages/qsym/../../../../third_party/pin-2.14-71313-gcc.4.4.7-linux/pin.sh -ifeellucky -t /usr/local/lib/python2.7/dist-packages/qsym/pintool/obj-intel64/libqsym.so -logfile /tmp/tmpsIQHbs/qsym-out-105/pin.log -i /workspace/runs/zlib/gcc-O2/rep-1/afl-out/qsym/.cur_input -s 1 -o /tmp/tmpsIQHbs/qsym-out-105 -l 1 -b /workspace/runs/zlib/gcc-O2/rep-1/afl-out/qsym/bitmap -- /workspace/builds/zlib/gcc-O2/src/minigzip -d
DEBUG:qsym.afl:Total=6 s, Emulation=5 s, Solver=0 s, Return=1
DEBUG:qsym.afl:Creating: /workspace/runs/zlib/gcc-O2/rep-1/afl-out/qsym/queue/id:000185,src:id:000075
DEBUG:qsym.afl:Generate 114 testcases
DEBUG:qsym.afl:1 testcases are new
DEBUG:qsym.afl:Run qsym: input=/workspace/runs/zlib/gcc-O2/rep-1/afl-out/afl-slave/queue/id:000068,src:000001,op:havoc,rep:8,+cov
DEBUG:qsym.Executor:Executing timeout -k 5 90 /usr/local/lib/python2.7/dist-packages/qsym/../../../../third_party/pin-2.14-71313-gcc.4.4.7-linux/pin.sh -ifeellucky -t /usr/local/lib/python2.7/dist-packages/qsym/pintool/obj-intel64/libqsym.so -logfile /tmp/tmpsIQHbs/qsym-out-106/pin.log -i /workspace/runs/zlib/gcc-O2/rep-1/afl-out/qsym/.cur_input -s 1 -o /tmp/tmpsIQHbs/qsym-out-106 -l 1 -b /workspace/runs/zlib/gcc-O2/rep-1/afl-out/qsym/bitmap -- /workspace/builds/zlib/gcc-O2/src/minigzip -d
DEBUG:qsym.afl:Total=5 s, Emulation=5 s, Solver=0 s, Return=1
DEBUG:qsym.afl:Generate 0 testcases
DEBUG:qsym.afl:0 testcases are new
DEBUG:qsym.afl:Run qsym: input=/workspace/runs/zlib/gcc-O2/rep-1/afl-out/afl-slave/queue/id:000204,sync:afl-master,src:000198,+cov
DEBUG:qsym.Executor:Executing timeout -k 5 90 /usr/local/lib/python2.7/dist-packages/qsym/../../../../third_party/pin-2.14-71313-gcc.4.4.7-linux/pin.sh -ifeellucky -t /usr/local/lib/python2.7/dist-packages/qsym/pintool/obj-intel64/libqsym.so -logfile /tmp/tmpsIQHbs/qsym-out-107/pin.log -i /workspace/runs/zlib/gcc-O2/rep-1/afl-out/qsym/.cur_input -s 1 -o /tmp/tmpsIQHbs/qsym-out-107 -l 1 -b /workspace/runs/zlib/gcc-O2/rep-1/afl-out/qsym/bitmap -- /workspace/builds/zlib/gcc-O2/src/minigzip -d
DEBUG:qsym.afl:Total=47 s, Emulation=30 s, Solver=16 s, Return=1
DEBUG:qsym.afl:Creating: /workspace/runs/zlib/gcc-O2/rep-1/afl-out/qsym/queue/id:000186,src:id:000204
DEBUG:qsym.afl:Creating: /workspace/runs/zlib/gcc-O2/rep-1/afl-out/qsym/queue/id:000187,src:id:000204
DEBUG:qsym.afl:Creating: /workspace/runs/zlib/gcc-O2/rep-1/afl-out/qsym/queue/id:000188,src:id:000204
DEBUG:qsym.afl:Creating: /workspace/runs/zlib/gcc-O2/rep-1/afl-out/qsym/queue/id:000189,src:id:000204
DEBUG:qsym.afl:Creating: /workspace/runs/zlib/gcc-O2/rep-1/afl-out/qsym/queue/id:000190,src:id:000204
DEBUG:qsym.afl:Creating: /workspace/runs/zlib/gcc-O2/rep-1/afl-out/qsym/queue/id:000191,src:id:000204
DEBUG:qsym.afl:Creating: /workspace/runs/zlib/gcc-O2/rep-1/afl-out/qsym/queue/id:000192,src:id:000204
DEBUG:qsym.afl:Generate 617 testcases
DEBUG:qsym.afl:7 testcases are new
DEBUG:qsym.afl:Run qsym: input=/workspace/runs/zlib/gcc-O2/rep-1/afl-out/afl-slave/queue/id:000171,sync:afl-master,src:000127,+cov
DEBUG:qsym.Executor:Executing timeout -k 5 90 /usr/local/lib/python2.7/dist-packages/qsym/../../../../third_party/pin-2.14-71313-gcc.4.4.7-linux/pin.sh -ifeellucky -t /usr/local/lib/python2.7/dist-packages/qsym/pintool/obj-intel64/libqsym.so -logfile /tmp/tmpsIQHbs/qsym-out-108/pin.log -i /workspace/runs/zlib/gcc-O2/rep-1/afl-out/qsym/.cur_input -s 1 -o /tmp/tmpsIQHbs/qsym-out-108 -l 1 -b /workspace/runs/zlib/gcc-O2/rep-1/afl-out/qsym/bitmap -- /workspace/builds/zlib/gcc-O2/src/minigzip -d
DEBUG:qsym.afl:Total=10 s, Emulation=10 s, Solver=0 s, Return=1
DEBUG:qsym.afl:Creating: /workspace/runs/zlib/gcc-O2/rep-1/afl-out/qsym/queue/id:000193,src:id:000171
DEBUG:qsym.afl:Creating: /workspace/runs/zlib/gcc-O2/rep-1/afl-out/qsym/queue/id:000194,src:id:000171
DEBUG:qsym.afl:Creating: /workspace/runs/zlib/gcc-O2/rep-1/afl-out/qsym/queue/id:000195,src:id:000171
DEBUG:qsym.afl:Creating: /workspace/runs/zlib/gcc-O2/rep-1/afl-out/qsym/queue/id:000196,src:id:000171
DEBUG:qsym.afl:Generate 14 testcases
DEBUG:qsym.afl:4 testcases are new
DEBUG:qsym.afl:Run qsym: input=/workspace/runs/zlib/gcc-O2/rep-1/afl-out/afl-slave/queue/id:000118,src:000001,op:havoc,rep:4,+cov
DEBUG:qsym.Executor:Executing timeout -k 5 90 /usr/local/lib/python2.7/dist-packages/qsym/../../../../third_party/pin-2.14-71313-gcc.4.4.7-linux/pin.sh -ifeellucky -t /usr/local/lib/python2.7/dist-packages/qsym/pintool/obj-intel64/libqsym.so -logfile /tmp/tmpsIQHbs/qsym-out-109/pin.log -i /workspace/runs/zlib/gcc-O2/rep-1/afl-out/qsym/.cur_input -s 1 -o /tmp/tmpsIQHbs/qsym-out-109 -l 1 -b /workspace/runs/zlib/gcc-O2/rep-1/afl-out/qsym/bitmap -- /workspace/builds/zlib/gcc-O2/src/minigzip -d
DEBUG:qsym.afl:Total=39 s, Emulation=28 s, Solver=10 s, Return=1
DEBUG:qsym.afl:Creating: /workspace/runs/zlib/gcc-O2/rep-1/afl-out/qsym/queue/id:000197,src:id:000118
DEBUG:qsym.afl:Creating: /workspace/runs/zlib/gcc-O2/rep-1/afl-out/qsym/queue/id:000198,src:id:000118
DEBUG:qsym.afl:Creating: /workspace/runs/zlib/gcc-O2/rep-1/afl-out/qsym/queue/id:000199,src:id:000118
DEBUG:qsym.afl:Creating: /workspace/runs/zlib/gcc-O2/rep-1/afl-out/qsym/queue/id:000200,src:id:000118
DEBUG:qsym.afl:Generate 572 testcases
DEBUG:qsym.afl:4 testcases are new
DEBUG:qsym.afl:Run qsym: input=/workspace/runs/zlib/gcc-O2/rep-1/afl-out/afl-slave/queue/id:000106,src:000001,op:havoc,rep:16,+cov
DEBUG:qsym.Executor:Executing timeout -k 5 90 /usr/local/lib/python2.7/dist-packages/qsym/../../../../third_party/pin-2.14-71313-gcc.4.4.7-linux/pin.sh -ifeellucky -t /usr/local/lib/python2.7/dist-packages/qsym/pintool/obj-intel64/libqsym.so -logfile /tmp/tmpsIQHbs/qsym-out-110/pin.log -i /workspace/runs/zlib/gcc-O2/rep-1/afl-out/qsym/.cur_input -s 1 -o /tmp/tmpsIQHbs/qsym-out-110 -l 1 -b /workspace/runs/zlib/gcc-O2/rep-1/afl-out/qsym/bitmap -- /workspace/builds/zlib/gcc-O2/src/minigzip -d
DEBUG:qsym.afl:Total=7 s, Emulation=7 s, Solver=0 s, Return=1
DEBUG:qsym.afl:Creating: /workspace/runs/zlib/gcc-O2/rep-1/afl-out/qsym/queue/id:000201,src:id:000106
DEBUG:qsym.afl:Creating: /workspace/runs/zlib/gcc-O2/rep-1/afl-out/qsym/queue/id:000202,src:id:000106
DEBUG:qsym.afl:Creating: /workspace/runs/zlib/gcc-O2/rep-1/afl-out/qsym/queue/id:000203,src:id:000106
DEBUG:qsym.afl:Generate 14 testcases
DEBUG:qsym.afl:3 testcases are new
DEBUG:qsym.afl:Run qsym: input=/workspace/runs/zlib/gcc-O2/rep-1/afl-out/afl-slave/queue/id:000093,src:000001,op:havoc,rep:2,+cov
DEBUG:qsym.Executor:Executing timeout -k 5 90 /usr/local/lib/python2.7/dist-packages/qsym/../../../../third_party/pin-2.14-71313-gcc.4.4.7-linux/pin.sh -ifeellucky -t /usr/local/lib/python2.7/dist-packages/qsym/pintool/obj-intel64/libqsym.so -logfile /tmp/tmpsIQHbs/qsym-out-111/pin.log -i /workspace/runs/zlib/gcc-O2/rep-1/afl-out/qsym/.cur_input -s 1 -o /tmp/tmpsIQHbs/qsym-out-111 -l 1 -b /workspace/runs/zlib/gcc-O2/rep-1/afl-out/qsym/bitmap -- /workspace/builds/zlib/gcc-O2/src/minigzip -d
DEBUG:qsym.afl:Total=45 s, Emulation=30 s, Solver=15 s, Return=1
DEBUG:qsym.afl:Creating: /workspace/runs/zlib/gcc-O2/rep-1/afl-out/qsym/queue/id:000204,src:id:000093
DEBUG:qsym.afl:Generate 592 testcases
DEBUG:qsym.afl:1 testcases are new
DEBUG:qsym.afl:Run qsym: input=/workspace/runs/zlib/gcc-O2/rep-1/afl-out/afl-slave/queue/id:000056,src:000001,op:havoc,rep:16,+cov
DEBUG:qsym.Executor:Executing timeout -k 5 90 /usr/local/lib/python2.7/dist-packages/qsym/../../../../third_party/pin-2.14-71313-gcc.4.4.7-linux/pin.sh -ifeellucky -t /usr/local/lib/python2.7/dist-packages/qsym/pintool/obj-intel64/libqsym.so -logfile /tmp/tmpsIQHbs/qsym-out-112/pin.log -i /workspace/runs/zlib/gcc-O2/rep-1/afl-out/qsym/.cur_input -s 1 -o /tmp/tmpsIQHbs/qsym-out-112 -l 1 -b /workspace/runs/zlib/gcc-O2/rep-1/afl-out/qsym/bitmap -- /workspace/builds/zlib/gcc-O2/src/minigzip -d
DEBUG:qsym.afl:Total=9 s, Emulation=9 s, Solver=0 s, Return=1
DEBUG:qsym.afl:Creating: /workspace/runs/zlib/gcc-O2/rep-1/afl-out/qsym/queue/id:000205,src:id:000056
DEBUG:qsym.afl:Generate 9 testcases
DEBUG:qsym.afl:1 testcases are new
DEBUG:qsym.afl:Run qsym: input=/workspace/runs/zlib/gcc-O2/rep-1/afl-out/afl-slave/queue/id:000193,sync:afl-master,src:000182,+cov
DEBUG:qsym.Executor:Executing timeout -k 5 90 /usr/local/lib/python2.7/dist-packages/qsym/../../../../third_party/pin-2.14-71313-gcc.4.4.7-linux/pin.sh -ifeellucky -t /usr/local/lib/python2.7/dist-packages/qsym/pintool/obj-intel64/libqsym.so -logfile /tmp/tmpsIQHbs/qsym-out-113/pin.log -i /workspace/runs/zlib/gcc-O2/rep-1/afl-out/qsym/.cur_input -s 1 -o /tmp/tmpsIQHbs/qsym-out-113 -l 1 -b /workspace/runs/zlib/gcc-O2/rep-1/afl-out/qsym/bitmap -- /workspace/builds/zlib/gcc-O2/src/minigzip -d
DEBUG:qsym.afl:Total=5 s, Emulation=5 s, Solver=0 s, Return=1
DEBUG:qsym.afl:Generate 35 testcases
DEBUG:qsym.afl:0 testcases are new
DEBUG:qsym.afl:Run qsym: input=/workspace/runs/zlib/gcc-O2/rep-1/afl-out/afl-slave/queue/id:000161,sync:afl-master,src:000088,+cov
DEBUG:qsym.Executor:Executing timeout -k 5 90 /usr/local/lib/python2.7/dist-packages/qsym/../../../../third_party/pin-2.14-71313-gcc.4.4.7-linux/pin.sh -ifeellucky -t /usr/local/lib/python2.7/dist-packages/qsym/pintool/obj-intel64/libqsym.so -logfile /tmp/tmpsIQHbs/qsym-out-114/pin.log -i /workspace/runs/zlib/gcc-O2/rep-1/afl-out/qsym/.cur_input -s 1 -o /tmp/tmpsIQHbs/qsym-out-114 -l 1 -b /workspace/runs/zlib/gcc-O2/rep-1/afl-out/qsym/bitmap -- /workspace/builds/zlib/gcc-O2/src/minigzip -d
DEBUG:qsym.afl:Total=7 s, Emulation=7 s, Solver=0 s, Return=1
DEBUG:qsym.afl:Generate 0 testcases
DEBUG:qsym.afl:0 testcases are new
DEBUG:qsym.afl:Run qsym: input=/workspace/runs/zlib/gcc-O2/rep-1/afl-out/afl-slave/queue/id:000133,src:000001,op:havoc,rep:2,+cov
DEBUG:qsym.Executor:Executing timeout -k 5 90 /usr/local/lib/python2.7/dist-packages/qsym/../../../../third_party/pin-2.14-71313-gcc.4.4.7-linux/pin.sh -ifeellucky -t /usr/local/lib/python2.7/dist-packages/qsym/pintool/obj-intel64/libqsym.so -logfile /tmp/tmpsIQHbs/qsym-out-115/pin.log -i /workspace/runs/zlib/gcc-O2/rep-1/afl-out/qsym/.cur_input -s 1 -o /tmp/tmpsIQHbs/qsym-out-115 -l 1 -b /workspace/runs/zlib/gcc-O2/rep-1/afl-out/qsym/bitmap -- /workspace/builds/zlib/gcc-O2/src/minigzip -d
DEBUG:qsym.afl:Total=9 s, Emulation=8 s, Solver=0 s, Return=1
DEBUG:qsym.afl:Creating: /workspace/runs/zlib/gcc-O2/rep-1/afl-out/qsym/queue/id:000206,src:id:000133
DEBUG:qsym.afl:Creating: /workspace/runs/zlib/gcc-O2/rep-1/afl-out/qsym/queue/id:000207,src:id:000133
DEBUG:qsym.afl:Creating: /workspace/runs/zlib/gcc-O2/rep-1/afl-out/qsym/queue/id:000208,src:id:000133
DEBUG:qsym.afl:Generate 93 testcases
DEBUG:qsym.afl:3 testcases are new
DEBUG:qsym.afl:Run qsym: input=/workspace/runs/zlib/gcc-O2/rep-1/afl-out/afl-slave/queue/id:000126,src:000001,op:havoc,rep:4,+cov
DEBUG:qsym.Executor:Executing timeout -k 5 90 /usr/local/lib/python2.7/dist-packages/qsym/../../../../third_party/pin-2.14-71313-gcc.4.4.7-linux/pin.sh -ifeellucky -t /usr/local/lib/python2.7/dist-packages/qsym/pintool/obj-intel64/libqsym.so -logfile /tmp/tmpsIQHbs/qsym-out-116/pin.log -i /workspace/runs/zlib/gcc-O2/rep-1/afl-out/qsym/.cur_input -s 1 -o /tmp/tmpsIQHbs/qsym-out-116 -l 1 -b /workspace/runs/zlib/gcc-O2/rep-1/afl-out/qsym/bitmap -- /workspace/builds/zlib/gcc-O2/src/minigzip -d
DEBUG:qsym.afl:Total=23 s, Emulation=17 s, Solver=5 s, Return=1
DEBUG:qsym.afl:Creating: /workspace/runs/zlib/gcc-O2/rep-1/afl-out/qsym/queue/id:000209,src:id:000126
DEBUG:qsym.afl:Creating: /workspace/runs/zlib/gcc-O2/rep-1/afl-out/qsym/queue/id:000210,src:id:000126
DEBUG:qsym.afl:Generate 297 testcases
DEBUG:qsym.afl:2 testcases are new
DEBUG:qsym.afl:Run qsym: input=/workspace/runs/zlib/gcc-O2/rep-1/afl-out/afl-slave/queue/id:000017,src:000001,op:havoc,rep:2,+cov
DEBUG:qsym.Executor:Executing timeout -k 5 90 /usr/local/lib/python2.7/dist-packages/qsym/../../../../third_party/pin-2.14-71313-gcc.4.4.7-linux/pin.sh -ifeellucky -t /usr/local/lib/python2.7/dist-packages/qsym/pintool/obj-intel64/libqsym.so -logfile /tmp/tmpsIQHbs/qsym-out-117/pin.log -i /workspace/runs/zlib/gcc-O2/rep-1/afl-out/qsym/.cur_input -s 1 -o /tmp/tmpsIQHbs/qsym-out-117 -l 1 -b /workspace/runs/zlib/gcc-O2/rep-1/afl-out/qsym/bitmap -- /workspace/builds/zlib/gcc-O2/src/minigzip -d
DEBUG:qsym.afl:Total=8 s, Emulation=8 s, Solver=0 s, Return=1
DEBUG:qsym.afl:Creating: /workspace/runs/zlib/gcc-O2/rep-1/afl-out/qsym/queue/id:000211,src:id:000017
DEBUG:qsym.afl:Creating: /workspace/runs/zlib/gcc-O2/rep-1/afl-out/qsym/queue/id:000212,src:id:000017
DEBUG:qsym.afl:Generate 68 testcases
DEBUG:qsym.afl:2 testcases are new
DEBUG:qsym.afl:Run qsym: input=/workspace/runs/zlib/gcc-O2/rep-1/afl-out/afl-slave/queue/id:000369,src:000089,op:havoc,rep:2,+cov
DEBUG:qsym.Executor:Executing timeout -k 5 90 /usr/local/lib/python2.7/dist-packages/qsym/../../../../third_party/pin-2.14-71313-gcc.4.4.7-linux/pin.sh -ifeellucky -t /usr/local/lib/python2.7/dist-packages/qsym/pintool/obj-intel64/libqsym.so -logfile /tmp/tmpsIQHbs/qsym-out-118/pin.log -i /workspace/runs/zlib/gcc-O2/rep-1/afl-out/qsym/.cur_input -s 1 -o /tmp/tmpsIQHbs/qsym-out-118 -l 1 -b /workspace/runs/zlib/gcc-O2/rep-1/afl-out/qsym/bitmap -- /workspace/builds/zlib/gcc-O2/src/minigzip -d
DEBUG:qsym.afl:Total=74 s, Emulation=55 s, Solver=18 s, Return=1
DEBUG:qsym.afl:Creating: /workspace/runs/zlib/gcc-O2/rep-1/afl-out/qsym/queue/id:000213,src:id:000369
DEBUG:qsym.afl:Creating: /workspace/runs/zlib/gcc-O2/rep-1/afl-out/qsym/queue/id:000214,src:id:000369
DEBUG:qsym.afl:Creating: /workspace/runs/zlib/gcc-O2/rep-1/afl-out/qsym/queue/id:000215,src:id:000369
DEBUG:qsym.afl:Creating: /workspace/runs/zlib/gcc-O2/rep-1/afl-out/qsym/queue/id:000216,src:id:000369
DEBUG:qsym.afl:Creating: /workspace/runs/zlib/gcc-O2/rep-1/afl-out/qsym/queue/id:000217,src:id:000369
DEBUG:qsym.afl:Creating: /workspace/runs/zlib/gcc-O2/rep-1/afl-out/qsym/queue/id:000218,src:id:000369
DEBUG:qsym.afl:Creating: /workspace/runs/zlib/gcc-O2/rep-1/afl-out/qsym/queue/id:000219,src:id:000369
DEBUG:qsym.afl:Creating: /workspace/runs/zlib/gcc-O2/rep-1/afl-out/qsym/queue/id:000220,src:id:000369
DEBUG:qsym.afl:Creating: /workspace/runs/zlib/gcc-O2/rep-1/afl-out/qsym/queue/id:000221,src:id:000369
DEBUG:qsym.afl:Creating: /workspace/runs/zlib/gcc-O2/rep-1/afl-out/qsym/queue/id:000222,src:id:000369
DEBUG:qsym.afl:Creating: /workspace/runs/zlib/gcc-O2/rep-1/afl-out/qsym/queue/id:000223,src:id:000369
DEBUG:qsym.afl:Creating: /workspace/runs/zlib/gcc-O2/rep-1/afl-out/qsym/queue/id:000224,src:id:000369
DEBUG:qsym.afl:Generate 1747 testcases
DEBUG:qsym.afl:12 testcases are new
DEBUG:qsym.afl:Run qsym: input=/workspace/runs/zlib/gcc-O2/rep-1/afl-out/afl-slave/queue/id:000359,src:000089,op:havoc,rep:2,+cov
DEBUG:qsym.Executor:Executing timeout -k 5 90 /usr/local/lib/python2.7/dist-packages/qsym/../../../../third_party/pin-2.14-71313-gcc.4.4.7-linux/pin.sh -ifeellucky -t /usr/local/lib/python2.7/dist-packages/qsym/pintool/obj-intel64/libqsym.so -logfile /tmp/tmpsIQHbs/qsym-out-119/pin.log -i /workspace/runs/zlib/gcc-O2/rep-1/afl-out/qsym/.cur_input -s 1 -o /tmp/tmpsIQHbs/qsym-out-119 -l 1 -b /workspace/runs/zlib/gcc-O2/rep-1/afl-out/qsym/bitmap -- /workspace/builds/zlib/gcc-O2/src/minigzip -d
DEBUG:qsym.afl:Total=48 s, Emulation=36 s, Solver=12 s, Return=1
DEBUG:qsym.afl:Generate 519 testcases
DEBUG:qsym.afl:0 testcases are new
DEBUG:qsym.afl:Run qsym: input=/workspace/runs/zlib/gcc-O2/rep-1/afl-out/afl-slave/queue/id:000187,sync:afl-master,src:000171,+cov
DEBUG:qsym.Executor:Executing timeout -k 5 90 /usr/local/lib/python2.7/dist-packages/qsym/../../../../third_party/pin-2.14-71313-gcc.4.4.7-linux/pin.sh -ifeellucky -t /usr/local/lib/python2.7/dist-packages/qsym/pintool/obj-intel64/libqsym.so -logfile /tmp/tmpsIQHbs/qsym-out-120/pin.log -i /workspace/runs/zlib/gcc-O2/rep-1/afl-out/qsym/.cur_input -s 1 -o /tmp/tmpsIQHbs/qsym-out-120 -l 1 -b /workspace/runs/zlib/gcc-O2/rep-1/afl-out/qsym/bitmap -- /workspace/builds/zlib/gcc-O2/src/minigzip -d
DEBUG:qsym.afl:Total=8 s, Emulation=8 s, Solver=0 s, Return=1
DEBUG:qsym.afl:Generate 0 testcases
DEBUG:qsym.afl:0 testcases are new
DEBUG:qsym.afl:Run qsym: input=/workspace/runs/zlib/gcc-O2/rep-1/afl-out/afl-slave/queue/id:000186,sync:afl-master,src:000163,+cov
DEBUG:qsym.Executor:Executing timeout -k 5 90 /usr/local/lib/python2.7/dist-packages/qsym/../../../../third_party/pin-2.14-71313-gcc.4.4.7-linux/pin.sh -ifeellucky -t /usr/local/lib/python2.7/dist-packages/qsym/pintool/obj-intel64/libqsym.so -logfile /tmp/tmpsIQHbs/qsym-out-121/pin.log -i /workspace/runs/zlib/gcc-O2/rep-1/afl-out/qsym/.cur_input -s 1 -o /tmp/tmpsIQHbs/qsym-out-121 -l 1 -b /workspace/runs/zlib/gcc-O2/rep-1/afl-out/qsym/bitmap -- /workspace/builds/zlib/gcc-O2/src/minigzip -d
DEBUG:qsym.afl:Total=6 s, Emulation=6 s, Solver=0 s, Return=1
DEBUG:qsym.afl:Creating: /workspace/runs/zlib/gcc-O2/rep-1/afl-out/qsym/queue/id:000225,src:id:000186
DEBUG:qsym.afl:Generate 68 testcases
DEBUG:qsym.afl:1 testcases are new
DEBUG:qsym.afl:Run qsym: input=/workspace/runs/zlib/gcc-O2/rep-1/afl-out/afl-slave/queue/id:000142,src:000001,op:havoc,rep:16,+cov
DEBUG:qsym.Executor:Executing timeout -k 5 90 /usr/local/lib/python2.7/dist-packages/qsym/../../../../third_party/pin-2.14-71313-gcc.4.4.7-linux/pin.sh -ifeellucky -t /usr/local/lib/python2.7/dist-packages/qsym/pintool/obj-intel64/libqsym.so -logfile /tmp/tmpsIQHbs/qsym-out-122/pin.log -i /workspace/runs/zlib/gcc-O2/rep-1/afl-out/qsym/.cur_input -s 1 -o /tmp/tmpsIQHbs/qsym-out-122 -l 1 -b /workspace/runs/zlib/gcc-O2/rep-1/afl-out/qsym/bitmap -- /workspace/builds/zlib/gcc-O2/src/minigzip -d
DEBUG:qsym.afl:Total=6 s, Emulation=6 s, Solver=0 s, Return=1
DEBUG:qsym.afl:Creating: /workspace/runs/zlib/gcc-O2/rep-1/afl-out/qsym/queue/id:000226,src:id:000142
DEBUG:qsym.afl:Generate 193 testcases
DEBUG:qsym.afl:1 testcases are new
DEBUG:qsym.afl:Run qsym: input=/workspace/runs/zlib/gcc-O2/rep-1/afl-out/afl-slave/queue/id:000046,src:000001,op:havoc,rep:16,+cov
DEBUG:qsym.Executor:Executing timeout -k 5 90 /usr/local/lib/python2.7/dist-packages/qsym/../../../../third_party/pin-2.14-71313-gcc.4.4.7-linux/pin.sh -ifeellucky -t /usr/local/lib/python2.7/dist-packages/qsym/pintool/obj-intel64/libqsym.so -logfile /tmp/tmpsIQHbs/qsym-out-123/pin.log -i /workspace/runs/zlib/gcc-O2/rep-1/afl-out/qsym/.cur_input -s 1 -o /tmp/tmpsIQHbs/qsym-out-123 -l 1 -b /workspace/runs/zlib/gcc-O2/rep-1/afl-out/qsym/bitmap -- /workspace/builds/zlib/gcc-O2/src/minigzip -d
DEBUG:qsym.afl:Total=6 s, Emulation=6 s, Solver=0 s, Return=1
DEBUG:qsym.afl:Creating: /workspace/runs/zlib/gcc-O2/rep-1/afl-out/qsym/queue/id:000227,src:id:000046
DEBUG:qsym.afl:Creating: /workspace/runs/zlib/gcc-O2/rep-1/afl-out/qsym/queue/id:000228,src:id:000046
DEBUG:qsym.afl:Generate 51 testcases
DEBUG:qsym.afl:2 testcases are new
DEBUG:qsym.afl:Run qsym: input=/workspace/runs/zlib/gcc-O2/rep-1/afl-out/afl-slave/queue/id:000042,src:000001,op:havoc,rep:2,+cov
DEBUG:qsym.Executor:Executing timeout -k 5 90 /usr/local/lib/python2.7/dist-packages/qsym/../../../../third_party/pin-2.14-71313-gcc.4.4.7-linux/pin.sh -ifeellucky -t /usr/local/lib/python2.7/dist-packages/qsym/pintool/obj-intel64/libqsym.so -logfile /tmp/tmpsIQHbs/qsym-out-124/pin.log -i /workspace/runs/zlib/gcc-O2/rep-1/afl-out/qsym/.cur_input -s 1 -o /tmp/tmpsIQHbs/qsym-out-124 -l 1 -b /workspace/runs/zlib/gcc-O2/rep-1/afl-out/qsym/bitmap -- /workspace/builds/zlib/gcc-O2/src/minigzip -d
DEBUG:qsym.afl:Total=9 s, Emulation=9 s, Solver=0 s, Return=1
DEBUG:qsym.afl:Creating: /workspace/runs/zlib/gcc-O2/rep-1/afl-out/qsym/queue/id:000229,src:id:000042
DEBUG:qsym.afl:Generate 34 testcases
DEBUG:qsym.afl:1 testcases are new
DEBUG:qsym.afl:Run qsym: input=/workspace/runs/zlib/gcc-O2/rep-1/afl-out/afl-slave/queue/id:000039,src:000001,op:havoc,rep:4,+cov
DEBUG:qsym.Executor:Executing timeout -k 5 90 /usr/local/lib/python2.7/dist-packages/qsym/../../../../third_party/pin-2.14-71313-gcc.4.4.7-linux/pin.sh -ifeellucky -t /usr/local/lib/python2.7/dist-packages/qsym/pintool/obj-intel64/libqsym.so -logfile /tmp/tmpsIQHbs/qsym-out-125/pin.log -i /workspace/runs/zlib/gcc-O2/rep-1/afl-out/qsym/.cur_input -s 1 -o /tmp/tmpsIQHbs/qsym-out-125 -l 1 -b /workspace/runs/zlib/gcc-O2/rep-1/afl-out/qsym/bitmap -- /workspace/builds/zlib/gcc-O2/src/minigzip -d
DEBUG:qsym.afl:Total=7 s, Emulation=7 s, Solver=0 s, Return=1
DEBUG:qsym.afl:Generate 0 testcases
DEBUG:qsym.afl:0 testcases are new
DEBUG:qsym.afl:Run qsym: input=/workspace/runs/zlib/gcc-O2/rep-1/afl-out/afl-slave/queue/id:000016,src:000001,op:havoc,rep:2,+cov
DEBUG:qsym.Executor:Executing timeout -k 5 90 /usr/local/lib/python2.7/dist-packages/qsym/../../../../third_party/pin-2.14-71313-gcc.4.4.7-linux/pin.sh -ifeellucky -t /usr/local/lib/python2.7/dist-packages/qsym/pintool/obj-intel64/libqsym.so -logfile /tmp/tmpsIQHbs/qsym-out-126/pin.log -i /workspace/runs/zlib/gcc-O2/rep-1/afl-out/qsym/.cur_input -s 1 -o /tmp/tmpsIQHbs/qsym-out-126 -l 1 -b /workspace/runs/zlib/gcc-O2/rep-1/afl-out/qsym/bitmap -- /workspace/builds/zlib/gcc-O2/src/minigzip -d
DEBUG:qsym.afl:Total=8 s, Emulation=7 s, Solver=0 s, Return=1
DEBUG:qsym.afl:Generate 206 testcases
DEBUG:qsym.afl:0 testcases are new
DEBUG:qsym.afl:Run qsym: input=/workspace/runs/zlib/gcc-O2/rep-1/afl-out/afl-slave/queue/id:000013,src:000001,op:havoc,rep:2,+cov
DEBUG:qsym.Executor:Executing timeout -k 5 90 /usr/local/lib/python2.7/dist-packages/qsym/../../../../third_party/pin-2.14-71313-gcc.4.4.7-linux/pin.sh -ifeellucky -t /usr/local/lib/python2.7/dist-packages/qsym/pintool/obj-intel64/libqsym.so -logfile /tmp/tmpsIQHbs/qsym-out-127/pin.log -i /workspace/runs/zlib/gcc-O2/rep-1/afl-out/qsym/.cur_input -s 1 -o /tmp/tmpsIQHbs/qsym-out-127 -l 1 -b /workspace/runs/zlib/gcc-O2/rep-1/afl-out/qsym/bitmap -- /workspace/builds/zlib/gcc-O2/src/minigzip -d
DEBUG:qsym.afl:Total=9 s, Emulation=9 s, Solver=0 s, Return=1
DEBUG:qsym.afl:Generate 2 testcases
DEBUG:qsym.afl:0 testcases are new
DEBUG:qsym.afl:Run qsym: input=/workspace/runs/zlib/gcc-O2/rep-1/afl-out/afl-slave/queue/id:000202,sync:afl-master,src:000196,+cov
DEBUG:qsym.Executor:Executing timeout -k 5 90 /usr/local/lib/python2.7/dist-packages/qsym/../../../../third_party/pin-2.14-71313-gcc.4.4.7-linux/pin.sh -ifeellucky -t /usr/local/lib/python2.7/dist-packages/qsym/pintool/obj-intel64/libqsym.so -logfile /tmp/tmpsIQHbs/qsym-out-128/pin.log -i /workspace/runs/zlib/gcc-O2/rep-1/afl-out/qsym/.cur_input -s 1 -o /tmp/tmpsIQHbs/qsym-out-128 -l 1 -b /workspace/runs/zlib/gcc-O2/rep-1/afl-out/qsym/bitmap -- /workspace/builds/zlib/gcc-O2/src/minigzip -d
DEBUG:qsym.afl:Total=8 s, Emulation=8 s, Solver=0 s, Return=1
DEBUG:qsym.afl:Generate 4 testcases
DEBUG:qsym.afl:0 testcases are new
DEBUG:qsym.afl:Run qsym: input=/workspace/runs/zlib/gcc-O2/rep-1/afl-out/afl-slave/queue/id:000053,src:000001,op:havoc,rep:16,+cov
DEBUG:qsym.Executor:Executing timeout -k 5 90 /usr/local/lib/python2.7/dist-packages/qsym/../../../../third_party/pin-2.14-71313-gcc.4.4.7-linux/pin.sh -ifeellucky -t /usr/local/lib/python2.7/dist-packages/qsym/pintool/obj-intel64/libqsym.so -logfile /tmp/tmpsIQHbs/qsym-out-129/pin.log -i /workspace/runs/zlib/gcc-O2/rep-1/afl-out/qsym/.cur_input -s 1 -o /tmp/tmpsIQHbs/qsym-out-129 -l 1 -b /workspace/runs/zlib/gcc-O2/rep-1/afl-out/qsym/bitmap -- /workspace/builds/zlib/gcc-O2/src/minigzip -d
DEBUG:qsym.afl:Total=8 s, Emulation=8 s, Solver=0 s, Return=1
DEBUG:qsym.afl:Generate 3 testcases
DEBUG:qsym.afl:0 testcases are new
DEBUG:qsym.afl:Run qsym: input=/workspace/runs/zlib/gcc-O2/rep-1/afl-out/afl-slave/queue/id:000029,src:000001,op:havoc,rep:2,+cov
DEBUG:qsym.Executor:Executing timeout -k 5 90 /usr/local/lib/python2.7/dist-packages/qsym/../../../../third_party/pin-2.14-71313-gcc.4.4.7-linux/pin.sh -ifeellucky -t /usr/local/lib/python2.7/dist-packages/qsym/pintool/obj-intel64/libqsym.so -logfile /tmp/tmpsIQHbs/qsym-out-130/pin.log -i /workspace/runs/zlib/gcc-O2/rep-1/afl-out/qsym/.cur_input -s 1 -o /tmp/tmpsIQHbs/qsym-out-130 -l 1 -b /workspace/runs/zlib/gcc-O2/rep-1/afl-out/qsym/bitmap -- /workspace/builds/zlib/gcc-O2/src/minigzip -d
DEBUG:qsym.afl:Total=23 s, Emulation=15 s, Solver=7 s, Return=1
DEBUG:qsym.afl:Generate 285 testcases
DEBUG:qsym.afl:0 testcases are new
DEBUG:qsym.afl:Run qsym: input=/workspace/runs/zlib/gcc-O2/rep-1/afl-out/afl-slave/queue/id:000295,sync:afl-master,src:000208,+cov
DEBUG:qsym.Executor:Executing timeout -k 5 90 /usr/local/lib/python2.7/dist-packages/qsym/../../../../third_party/pin-2.14-71313-gcc.4.4.7-linux/pin.sh -ifeellucky -t /usr/local/lib/python2.7/dist-packages/qsym/pintool/obj-intel64/libqsym.so -logfile /tmp/tmpsIQHbs/qsym-out-131/pin.log -i /workspace/runs/zlib/gcc-O2/rep-1/afl-out/qsym/.cur_input -s 1 -o /tmp/tmpsIQHbs/qsym-out-131 -l 1 -b /workspace/runs/zlib/gcc-O2/rep-1/afl-out/qsym/bitmap -- /workspace/builds/zlib/gcc-O2/src/minigzip -d
DEBUG:qsym.afl:Total=8 s, Emulation=8 s, Solver=0 s, Return=1
DEBUG:qsym.afl:Generate 0 testcases
DEBUG:qsym.afl:0 testcases are new
DEBUG:qsym.afl:Run qsym: input=/workspace/runs/zlib/gcc-O2/rep-1/afl-out/afl-slave/queue/id:000109,src:000001,op:havoc,rep:4,+cov
DEBUG:qsym.Executor:Executing timeout -k 5 90 /usr/local/lib/python2.7/dist-packages/qsym/../../../../third_party/pin-2.14-71313-gcc.4.4.7-linux/pin.sh -ifeellucky -t /usr/local/lib/python2.7/dist-packages/qsym/pintool/obj-intel64/libqsym.so -logfile /tmp/tmpsIQHbs/qsym-out-132/pin.log -i /workspace/runs/zlib/gcc-O2/rep-1/afl-out/qsym/.cur_input -s 1 -o /tmp/tmpsIQHbs/qsym-out-132 -l 1 -b /workspace/runs/zlib/gcc-O2/rep-1/afl-out/qsym/bitmap -- /workspace/builds/zlib/gcc-O2/src/minigzip -d
DEBUG:qsym.afl:Total=6 s, Emulation=6 s, Solver=0 s, Return=1
DEBUG:qsym.afl:Creating: /workspace/runs/zlib/gcc-O2/rep-1/afl-out/qsym/queue/id:000230,src:id:000109
DEBUG:qsym.afl:Generate 1 testcases
DEBUG:qsym.afl:1 testcases are new
DEBUG:qsym.afl:Run qsym: input=/workspace/runs/zlib/gcc-O2/rep-1/afl-out/afl-slave/queue/id:000058,src:000001,op:havoc,rep:4,+cov
DEBUG:qsym.Executor:Executing timeout -k 5 90 /usr/local/lib/python2.7/dist-packages/qsym/../../../../third_party/pin-2.14-71313-gcc.4.4.7-linux/pin.sh -ifeellucky -t /usr/local/lib/python2.7/dist-packages/qsym/pintool/obj-intel64/libqsym.so -logfile /tmp/tmpsIQHbs/qsym-out-133/pin.log -i /workspace/runs/zlib/gcc-O2/rep-1/afl-out/qsym/.cur_input -s 1 -o /tmp/tmpsIQHbs/qsym-out-133 -l 1 -b /workspace/runs/zlib/gcc-O2/rep-1/afl-out/qsym/bitmap -- /workspace/builds/zlib/gcc-O2/src/minigzip -d
DEBUG:qsym.afl:Total=8 s, Emulation=8 s, Solver=0 s, Return=1
DEBUG:qsym.afl:Generate 32 testcases
DEBUG:qsym.afl:0 testcases are new
DEBUG:qsym.afl:Run qsym: input=/workspace/runs/zlib/gcc-O2/rep-1/afl-out/afl-slave/queue/id:000026,src:000001,op:havoc,rep:8,+cov
DEBUG:qsym.Executor:Executing timeout -k 5 90 /usr/local/lib/python2.7/dist-packages/qsym/../../../../third_party/pin-2.14-71313-gcc.4.4.7-linux/pin.sh -ifeellucky -t /usr/local/lib/python2.7/dist-packages/qsym/pintool/obj-intel64/libqsym.so -logfile /tmp/tmpsIQHbs/qsym-out-134/pin.log -i /workspace/runs/zlib/gcc-O2/rep-1/afl-out/qsym/.cur_input -s 1 -o /tmp/tmpsIQHbs/qsym-out-134 -l 1 -b /workspace/runs/zlib/gcc-O2/rep-1/afl-out/qsym/bitmap -- /workspace/builds/zlib/gcc-O2/src/minigzip -d
DEBUG:qsym.afl:Total=6 s, Emulation=6 s, Solver=0 s, Return=1
DEBUG:qsym.afl:Creating: /workspace/runs/zlib/gcc-O2/rep-1/afl-out/qsym/queue/id:000231,src:id:000026
DEBUG:qsym.afl:Generate 25 testcases
DEBUG:qsym.afl:1 testcases are new
DEBUG:qsym.afl:Run qsym: input=/workspace/runs/zlib/gcc-O2/rep-1/afl-out/afl-slave/queue/id:000190,sync:afl-master,src:000177,+cov
DEBUG:qsym.Executor:Executing timeout -k 5 90 /usr/local/lib/python2.7/dist-packages/qsym/../../../../third_party/pin-2.14-71313-gcc.4.4.7-linux/pin.sh -ifeellucky -t /usr/local/lib/python2.7/dist-packages/qsym/pintool/obj-intel64/libqsym.so -logfile /tmp/tmpsIQHbs/qsym-out-135/pin.log -i /workspace/runs/zlib/gcc-O2/rep-1/afl-out/qsym/.cur_input -s 1 -o /tmp/tmpsIQHbs/qsym-out-135 -l 1 -b /workspace/runs/zlib/gcc-O2/rep-1/afl-out/qsym/bitmap -- /workspace/builds/zlib/gcc-O2/src/minigzip -d
DEBUG:qsym.afl:Total=7 s, Emulation=7 s, Solver=0 s, Return=1
DEBUG:qsym.afl:Generate 0 testcases
DEBUG:qsym.afl:0 testcases are new
DEBUG:qsym.afl:Run qsym: input=/workspace/runs/zlib/gcc-O2/rep-1/afl-out/afl-slave/queue/id:000367,src:000089,op:havoc,rep:2,+cov
DEBUG:qsym.Executor:Executing timeout -k 5 90 /usr/local/lib/python2.7/dist-packages/qsym/../../../../third_party/pin-2.14-71313-gcc.4.4.7-linux/pin.sh -ifeellucky -t /usr/local/lib/python2.7/dist-packages/qsym/pintool/obj-intel64/libqsym.so -logfile /tmp/tmpsIQHbs/qsym-out-136/pin.log -i /workspace/runs/zlib/gcc-O2/rep-1/afl-out/qsym/.cur_input -s 1 -o /tmp/tmpsIQHbs/qsym-out-136 -l 1 -b /workspace/runs/zlib/gcc-O2/rep-1/afl-out/qsym/bitmap -- /workspace/builds/zlib/gcc-O2/src/minigzip -d
DEBUG:qsym.afl:Total=36 s, Emulation=26 s, Solver=10 s, Return=1
DEBUG:qsym.afl:Creating: /workspace/runs/zlib/gcc-O2/rep-1/afl-out/qsym/queue/id:000232,src:id:000367
DEBUG:qsym.afl:Generate 393 testcases
DEBUG:qsym.afl:1 testcases are new
DEBUG:qsym.afl:Run qsym: input=/workspace/runs/zlib/gcc-O2/rep-1/afl-out/afl-slave/queue/id:000365,src:000089,op:havoc,rep:4,+cov
DEBUG:qsym.Executor:Executing timeout -k 5 90 /usr/local/lib/python2.7/dist-packages/qsym/../../../../third_party/pin-2.14-71313-gcc.4.4.7-linux/pin.sh -ifeellucky -t /usr/local/lib/python2.7/dist-packages/qsym/pintool/obj-intel64/libqsym.so -logfile /tmp/tmpsIQHbs/qsym-out-137/pin.log -i /workspace/runs/zlib/gcc-O2/rep-1/afl-out/qsym/.cur_input -s 1 -o /tmp/tmpsIQHbs/qsym-out-137 -l 1 -b /workspace/runs/zlib/gcc-O2/rep-1/afl-out/qsym/bitmap -- /workspace/builds/zlib/gcc-O2/src/minigzip -d
DEBUG:qsym.afl:Total=52 s, Emulation=37 s, Solver=15 s, Return=1
DEBUG:qsym.afl:Generate 511 testcases
DEBUG:qsym.afl:0 testcases are new
DEBUG:qsym.afl:Run qsym: input=/workspace/runs/zlib/gcc-O2/rep-1/afl-out/afl-slave/queue/id:000364,src:000089,op:havoc,rep:2,+cov
DEBUG:qsym.Executor:Executing timeout -k 5 90 /usr/local/lib/python2.7/dist-packages/qsym/../../../../third_party/pin-2.14-71313-gcc.4.4.7-linux/pin.sh -ifeellucky -t /usr/local/lib/python2.7/dist-packages/qsym/pintool/obj-intel64/libqsym.so -logfile /tmp/tmpsIQHbs/qsym-out-138/pin.log -i /workspace/runs/zlib/gcc-O2/rep-1/afl-out/qsym/.cur_input -s 1 -o /tmp/tmpsIQHbs/qsym-out-138 -l 1 -b /workspace/runs/zlib/gcc-O2/rep-1/afl-out/qsym/bitmap -- /workspace/builds/zlib/gcc-O2/src/minigzip -d
DEBUG:qsym.afl:Total=59 s, Emulation=43 s, Solver=16 s, Return=1
DEBUG:qsym.afl:Creating: /workspace/runs/zlib/gcc-O2/rep-1/afl-out/qsym/queue/id:000233,src:id:000364
DEBUG:qsym.afl:Creating: /workspace/runs/zlib/gcc-O2/rep-1/afl-out/qsym/queue/id:000234,src:id:000364
DEBUG:qsym.afl:Creating: /workspace/runs/zlib/gcc-O2/rep-1/afl-out/qsym/queue/id:000235,src:id:000364
DEBUG:qsym.afl:Generate 708 testcases
DEBUG:qsym.afl:3 testcases are new
DEBUG:qsym.afl:Run qsym: input=/workspace/runs/zlib/gcc-O2/rep-1/afl-out/afl-slave/queue/id:000363,src:000089,op:havoc,rep:2,+cov
DEBUG:qsym.Executor:Executing timeout -k 5 90 /usr/local/lib/python2.7/dist-packages/qsym/../../../../third_party/pin-2.14-71313-gcc.4.4.7-linux/pin.sh -ifeellucky -t /usr/local/lib/python2.7/dist-packages/qsym/pintool/obj-intel64/libqsym.so -logfile /tmp/tmpsIQHbs/qsym-out-139/pin.log -i /workspace/runs/zlib/gcc-O2/rep-1/afl-out/qsym/.cur_input -s 1 -o /tmp/tmpsIQHbs/qsym-out-139 -l 1 -b /workspace/runs/zlib/gcc-O2/rep-1/afl-out/qsym/bitmap -- /workspace/builds/zlib/gcc-O2/src/minigzip -d
DEBUG:qsym.afl:Total=46 s, Emulation=34 s, Solver=11 s, Return=1
DEBUG:qsym.afl:Generate 455 testcases
DEBUG:qsym.afl:0 testcases are new
DEBUG:qsym.afl:Run qsym: input=/workspace/runs/zlib/gcc-O2/rep-1/afl-out/afl-slave/queue/id:000362,src:000089,op:havoc,rep:2,+cov
DEBUG:qsym.Executor:Executing timeout -k 5 90 /usr/local/lib/python2.7/dist-packages/qsym/../../../../third_party/pin-2.14-71313-gcc.4.4.7-linux/pin.sh -ifeellucky -t /usr/local/lib/python2.7/dist-packages/qsym/pintool/obj-intel64/libqsym.so -logfile /tmp/tmpsIQHbs/qsym-out-140/pin.log -i /workspace/runs/zlib/gcc-O2/rep-1/afl-out/qsym/.cur_input -s 1 -o /tmp/tmpsIQHbs/qsym-out-140 -l 1 -b /workspace/runs/zlib/gcc-O2/rep-1/afl-out/qsym/bitmap -- /workspace/builds/zlib/gcc-O2/src/minigzip -d
DEBUG:qsym.afl:Total=45 s, Emulation=32 s, Solver=13 s, Return=1
DEBUG:qsym.afl:Generate 481 testcases
DEBUG:qsym.afl:0 testcases are new
DEBUG:qsym.afl:Run qsym: input=/workspace/runs/zlib/gcc-O2/rep-1/afl-out/afl-slave/queue/id:000361,src:000089,op:havoc,rep:2,+cov
DEBUG:qsym.Executor:Executing timeout -k 5 90 /usr/local/lib/python2.7/dist-packages/qsym/../../../../third_party/pin-2.14-71313-gcc.4.4.7-linux/pin.sh -ifeellucky -t /usr/local/lib/python2.7/dist-packages/qsym/pintool/obj-intel64/libqsym.so -logfile /tmp/tmpsIQHbs/qsym-out-141/pin.log -i /workspace/runs/zlib/gcc-O2/rep-1/afl-out/qsym/.cur_input -s 1 -o /tmp/tmpsIQHbs/qsym-out-141 -l 1 -b /workspace/runs/zlib/gcc-O2/rep-1/afl-out/qsym/bitmap -- /workspace/builds/zlib/gcc-O2/src/minigzip -d
DEBUG:qsym.afl:Total=45 s, Emulation=32 s, Solver=12 s, Return=1
DEBUG:qsym.afl:Creating: /workspace/runs/zlib/gcc-O2/rep-1/afl-out/qsym/queue/id:000236,src:id:000361
DEBUG:qsym.afl:Generate 427 testcases
DEBUG:qsym.afl:1 testcases are new
DEBUG:qsym.afl:Run qsym: input=/workspace/runs/zlib/gcc-O2/rep-1/afl-out/afl-slave/queue/id:000357,src:000089,op:havoc,rep:2,+cov
DEBUG:qsym.Executor:Executing timeout -k 5 90 /usr/local/lib/python2.7/dist-packages/qsym/../../../../third_party/pin-2.14-71313-gcc.4.4.7-linux/pin.sh -ifeellucky -t /usr/local/lib/python2.7/dist-packages/qsym/pintool/obj-intel64/libqsym.so -logfile /tmp/tmpsIQHbs/qsym-out-142/pin.log -i /workspace/runs/zlib/gcc-O2/rep-1/afl-out/qsym/.cur_input -s 1 -o /tmp/tmpsIQHbs/qsym-out-142 -l 1 -b /workspace/runs/zlib/gcc-O2/rep-1/afl-out/qsym/bitmap -- /workspace/builds/zlib/gcc-O2/src/minigzip -d
DEBUG:qsym.afl:Total=14 s, Emulation=13 s, Solver=1 s, Return=1
DEBUG:qsym.afl:Creating: /workspace/runs/zlib/gcc-O2/rep-1/afl-out/qsym/queue/id:000237,src:id:000357
DEBUG:qsym.afl:Creating: /workspace/runs/zlib/gcc-O2/rep-1/afl-out/qsym/queue/id:000238,src:id:000357
DEBUG:qsym.afl:Generate 75 testcases
DEBUG:qsym.afl:2 testcases are new
DEBUG:qsym.afl:Run qsym: input=/workspace/runs/zlib/gcc-O2/rep-1/afl-out/afl-slave/queue/id:000351,src:000078+000102,op:splice,rep:2,+cov
DEBUG:qsym.Executor:Executing timeout -k 5 90 /usr/local/lib/python2.7/dist-packages/qsym/../../../../third_party/pin-2.14-71313-gcc.4.4.7-linux/pin.sh -ifeellucky -t /usr/local/lib/python2.7/dist-packages/qsym/pintool/obj-intel64/libqsym.so -logfile /tmp/tmpsIQHbs/qsym-out-143/pin.log -i /workspace/runs/zlib/gcc-O2/rep-1/afl-out/qsym/.cur_input -s 1 -o /tmp/tmpsIQHbs/qsym-out-143 -l 1 -b /workspace/runs/zlib/gcc-O2/rep-1/afl-out/qsym/bitmap -- /workspace/builds/zlib/gcc-O2/src/minigzip -d
DEBUG:qsym.afl:Total=37 s, Emulation=27 s, Solver=10 s, Return=1
DEBUG:qsym.afl:Creating: /workspace/runs/zlib/gcc-O2/rep-1/afl-out/qsym/queue/id:000239,src:id:000351
DEBUG:qsym.afl:Generate 366 testcases
DEBUG:qsym.afl:1 testcases are new
DEBUG:qsym.afl:Run qsym: input=/workspace/runs/zlib/gcc-O2/rep-1/afl-out/afl-slave/queue/id:000297,sync:afl-master,src:000211,+cov
DEBUG:qsym.Executor:Executing timeout -k 5 90 /usr/local/lib/python2.7/dist-packages/qsym/../../../../third_party/pin-2.14-71313-gcc.4.4.7-linux/pin.sh -ifeellucky -t /usr/local/lib/python2.7/dist-packages/qsym/pintool/obj-intel64/libqsym.so -logfile /tmp/tmpsIQHbs/qsym-out-144/pin.log -i /workspace/runs/zlib/gcc-O2/rep-1/afl-out/qsym/.cur_input -s 1 -o /tmp/tmpsIQHbs/qsym-out-144 -l 1 -b /workspace/runs/zlib/gcc-O2/rep-1/afl-out/qsym/bitmap -- /workspace/builds/zlib/gcc-O2/src/minigzip -d
DEBUG:qsym.afl:Total=44 s, Emulation=32 s, Solver=12 s, Return=1
DEBUG:qsym.afl:Generate 416 testcases
DEBUG:qsym.afl:0 testcases are new
DEBUG:qsym.afl:Run qsym: input=/workspace/runs/zlib/gcc-O2/rep-1/afl-out/afl-slave/queue/id:000208,sync:afl-master,src:000207,+cov
DEBUG:qsym.Executor:Executing timeout -k 5 90 /usr/local/lib/python2.7/dist-packages/qsym/../../../../third_party/pin-2.14-71313-gcc.4.4.7-linux/pin.sh -ifeellucky -t /usr/local/lib/python2.7/dist-packages/qsym/pintool/obj-intel64/libqsym.so -logfile /tmp/tmpsIQHbs/qsym-out-145/pin.log -i /workspace/runs/zlib/gcc-O2/rep-1/afl-out/qsym/.cur_input -s 1 -o /tmp/tmpsIQHbs/qsym-out-145 -l 1 -b /workspace/runs/zlib/gcc-O2/rep-1/afl-out/qsym/bitmap -- /workspace/builds/zlib/gcc-O2/src/minigzip -d
DEBUG:qsym.afl:Total=40 s, Emulation=28 s, Solver=11 s, Return=1
DEBUG:qsym.afl:Creating: /workspace/runs/zlib/gcc-O2/rep-1/afl-out/qsym/queue/id:000240,src:id:000208
DEBUG:qsym.afl:Generate 426 testcases
DEBUG:qsym.afl:1 testcases are new
DEBUG:qsym.afl:Run qsym: input=/workspace/runs/zlib/gcc-O2/rep-1/afl-out/afl-slave/queue/id:000201,sync:afl-master,src:000195,+cov
DEBUG:qsym.Executor:Executing timeout -k 5 90 /usr/local/lib/python2.7/dist-packages/qsym/../../../../third_party/pin-2.14-71313-gcc.4.4.7-linux/pin.sh -ifeellucky -t /usr/local/lib/python2.7/dist-packages/qsym/pintool/obj-intel64/libqsym.so -logfile /tmp/tmpsIQHbs/qsym-out-146/pin.log -i /workspace/runs/zlib/gcc-O2/rep-1/afl-out/qsym/.cur_input -s 1 -o /tmp/tmpsIQHbs/qsym-out-146 -l 1 -b /workspace/runs/zlib/gcc-O2/rep-1/afl-out/qsym/bitmap -- /workspace/builds/zlib/gcc-O2/src/minigzip -d
DEBUG:qsym.afl:Total=19 s, Emulation=15 s, Solver=4 s, Return=1
DEBUG:qsym.afl:Creating: /workspace/runs/zlib/gcc-O2/rep-1/afl-out/qsym/queue/id:000241,src:id:000201
DEBUG:qsym.afl:Creating: /workspace/runs/zlib/gcc-O2/rep-1/afl-out/qsym/queue/id:000242,src:id:000201
DEBUG:qsym.afl:Generate 423 testcases
DEBUG:qsym.afl:2 testcases are new
DEBUG:qsym.afl:Run qsym: input=/workspace/runs/zlib/gcc-O2/rep-1/afl-out/afl-slave/queue/id:000151,src:000001,op:havoc,rep:2,+cov
DEBUG:qsym.Executor:Executing timeout -k 5 90 /usr/local/lib/python2.7/dist-packages/qsym/../../../../third_party/pin-2.14-71313-gcc.4.4.7-linux/pin.sh -ifeellucky -t /usr/local/lib/python2.7/dist-packages/qsym/pintool/obj-intel64/libqsym.so -logfile /tmp/tmpsIQHbs/qsym-out-147/pin.log -i /workspace/runs/zlib/gcc-O2/rep-1/afl-out/qsym/.cur_input -s 1 -o /tmp/tmpsIQHbs/qsym-out-147 -l 1 -b /workspace/runs/zlib/gcc-O2/rep-1/afl-out/qsym/bitmap -- /workspace/builds/zlib/gcc-O2/src/minigzip -d
DEBUG:qsym.afl:Total=10 s, Emulation=10 s, Solver=0 s, Return=1
DEBUG:qsym.afl:Creating: /workspace/runs/zlib/gcc-O2/rep-1/afl-out/qsym/queue/id:000243,src:id:000151
DEBUG:qsym.afl:Generate 78 testcases
DEBUG:qsym.afl:1 testcases are new
DEBUG:qsym.afl:Run qsym: input=/workspace/runs/zlib/gcc-O2/rep-1/afl-out/afl-slave/queue/id:000129,src:000001,op:havoc,rep:2,+cov
DEBUG:qsym.Executor:Executing timeout -k 5 90 /usr/local/lib/python2.7/dist-packages/qsym/../../../../third_party/pin-2.14-71313-gcc.4.4.7-linux/pin.sh -ifeellucky -t /usr/local/lib/python2.7/dist-packages/qsym/pintool/obj-intel64/libqsym.so -logfile /tmp/tmpsIQHbs/qsym-out-148/pin.log -i /workspace/runs/zlib/gcc-O2/rep-1/afl-out/qsym/.cur_input -s 1 -o /tmp/tmpsIQHbs/qsym-out-148 -l 1 -b /workspace/runs/zlib/gcc-O2/rep-1/afl-out/qsym/bitmap -- /workspace/builds/zlib/gcc-O2/src/minigzip -d
DEBUG:qsym.afl:Total=12 s, Emulation=11 s, Solver=1 s, Return=1
DEBUG:qsym.afl:Generate 166 testcases
DEBUG:qsym.afl:0 testcases are new
DEBUG:qsym.afl:Run qsym: input=/workspace/runs/zlib/gcc-O2/rep-1/afl-out/afl-slave/queue/id:000127,src:000001,op:havoc,rep:4,+cov
DEBUG:qsym.Executor:Executing timeout -k 5 90 /usr/local/lib/python2.7/dist-packages/qsym/../../../../third_party/pin-2.14-71313-gcc.4.4.7-linux/pin.sh -ifeellucky -t /usr/local/lib/python2.7/dist-packages/qsym/pintool/obj-intel64/libqsym.so -logfile /tmp/tmpsIQHbs/qsym-out-149/pin.log -i /workspace/runs/zlib/gcc-O2/rep-1/afl-out/qsym/.cur_input -s 1 -o /tmp/tmpsIQHbs/qsym-out-149 -l 1 -b /workspace/runs/zlib/gcc-O2/rep-1/afl-out/qsym/bitmap -- /workspace/builds/zlib/gcc-O2/src/minigzip -d
DEBUG:qsym.afl:Total=19 s, Emulation=15 s, Solver=4 s, Return=1
DEBUG:qsym.afl:Creating: /workspace/runs/zlib/gcc-O2/rep-1/afl-out/qsym/queue/id:000244,src:id:000127
DEBUG:qsym.afl:Generate 208 testcases
DEBUG:qsym.afl:1 testcases are new
DEBUG:qsym.afl:Run qsym: input=/workspace/runs/zlib/gcc-O2/rep-1/afl-out/afl-slave/queue/id:000100,src:000001,op:havoc,rep:16,+cov
DEBUG:qsym.Executor:Executing timeout -k 5 90 /usr/local/lib/python2.7/dist-packages/qsym/../../../../third_party/pin-2.14-71313-gcc.4.4.7-linux/pin.sh -ifeellucky -t /usr/local/lib/python2.7/dist-packages/qsym/pintool/obj-intel64/libqsym.so -logfile /tmp/tmpsIQHbs/qsym-out-150/pin.log -i /workspace/runs/zlib/gcc-O2/rep-1/afl-out/qsym/.cur_input -s 1 -o /tmp/tmpsIQHbs/qsym-out-150 -l 1 -b /workspace/runs/zlib/gcc-O2/rep-1/afl-out/qsym/bitmap -- /workspace/builds/zlib/gcc-O2/src/minigzip -d
DEBUG:qsym.afl:Total=8 s, Emulation=8 s, Solver=0 s, Return=1
DEBUG:qsym.afl:Creating: /workspace/runs/zlib/gcc-O2/rep-1/afl-out/qsym/queue/id:000245,src:id:000100
DEBUG:qsym.afl:Creating: /workspace/runs/zlib/gcc-O2/rep-1/afl-out/qsym/queue/id:000246,src:id:000100
DEBUG:qsym.afl:Creating: /workspace/runs/zlib/gcc-O2/rep-1/afl-out/qsym/queue/id:000247,src:id:000100
DEBUG:qsym.afl:Creating: /workspace/runs/zlib/gcc-O2/rep-1/afl-out/qsym/queue/id:000248,src:id:000100
DEBUG:qsym.afl:Generate 6 testcases
DEBUG:qsym.afl:4 testcases are new
DEBUG:qsym.afl:Run qsym: input=/workspace/runs/zlib/gcc-O2/rep-1/afl-out/afl-slave/queue/id:000099,src:000001,op:havoc,rep:4,+cov
DEBUG:qsym.Executor:Executing timeout -k 5 90 /usr/local/lib/python2.7/dist-packages/qsym/../../../../third_party/pin-2.14-71313-gcc.4.4.7-linux/pin.sh -ifeellucky -t /usr/local/lib/python2.7/dist-packages/qsym/pintool/obj-intel64/libqsym.so -logfile /tmp/tmpsIQHbs/qsym-out-151/pin.log -i /workspace/runs/zlib/gcc-O2/rep-1/afl-out/qsym/.cur_input -s 1 -o /tmp/tmpsIQHbs/qsym-out-151 -l 1 -b /workspace/runs/zlib/gcc-O2/rep-1/afl-out/qsym/bitmap -- /workspace/builds/zlib/gcc-O2/src/minigzip -d
DEBUG:qsym.afl:Total=5 s, Emulation=5 s, Solver=0 s, Return=1
DEBUG:qsym.afl:Creating: /workspace/runs/zlib/gcc-O2/rep-1/afl-out/qsym/queue/id:000249,src:id:000099
DEBUG:qsym.afl:Generate 113 testcases
DEBUG:qsym.afl:1 testcases are new
DEBUG:qsym.afl:Run qsym: input=/workspace/runs/zlib/gcc-O2/rep-1/afl-out/afl-slave/queue/id:000089,src:000001,op:havoc,rep:4,+cov
DEBUG:qsym.Executor:Executing timeout -k 5 90 /usr/local/lib/python2.7/dist-packages/qsym/../../../../third_party/pin-2.14-71313-gcc.4.4.7-linux/pin.sh -ifeellucky -t /usr/local/lib/python2.7/dist-packages/qsym/pintool/obj-intel64/libqsym.so -logfile /tmp/tmpsIQHbs/qsym-out-152/pin.log -i /workspace/runs/zlib/gcc-O2/rep-1/afl-out/qsym/.cur_input -s 1 -o /tmp/tmpsIQHbs/qsym-out-152 -l 1 -b /workspace/runs/zlib/gcc-O2/rep-1/afl-out/qsym/bitmap -- /workspace/builds/zlib/gcc-O2/src/minigzip -d
DEBUG:qsym.afl:Total=39 s, Emulation=28 s, Solver=10 s, Return=1
DEBUG:qsym.afl:Generate 442 testcases
DEBUG:qsym.afl:0 testcases are new
DEBUG:qsym.afl:Run qsym: input=/workspace/runs/zlib/gcc-O2/rep-1/afl-out/afl-slave/queue/id:000086,src:000001,op:havoc,rep:2,+cov
DEBUG:qsym.Executor:Executing timeout -k 5 90 /usr/local/lib/python2.7/dist-packages/qsym/../../../../third_party/pin-2.14-71313-gcc.4.4.7-linux/pin.sh -ifeellucky -t /usr/local/lib/python2.7/dist-packages/qsym/pintool/obj-intel64/libqsym.so -logfile /tmp/tmpsIQHbs/qsym-out-153/pin.log -i /workspace/runs/zlib/gcc-O2/rep-1/afl-out/qsym/.cur_input -s 1 -o /tmp/tmpsIQHbs/qsym-out-153 -l 1 -b /workspace/runs/zlib/gcc-O2/rep-1/afl-out/qsym/bitmap -- /workspace/builds/zlib/gcc-O2/src/minigzip -d
DEBUG:qsym.afl:Total=10 s, Emulation=8 s, Solver=1 s, Return=1
DEBUG:qsym.afl:Creating: /workspace/runs/zlib/gcc-O2/rep-1/afl-out/qsym/queue/id:000250,src:id:000086
DEBUG:qsym.afl:Generate 179 testcases
DEBUG:qsym.afl:1 testcases are new
DEBUG:qsym.afl:Run qsym: input=/workspace/runs/zlib/gcc-O2/rep-1/afl-out/afl-slave/queue/id:000077,src:000001,op:havoc,rep:2,+cov
DEBUG:qsym.Executor:Executing timeout -k 5 90 /usr/local/lib/python2.7/dist-packages/qsym/../../../../third_party/pin-2.14-71313-gcc.4.4.7-linux/pin.sh -ifeellucky -t /usr/local/lib/python2.7/dist-packages/qsym/pintool/obj-intel64/libqsym.so -logfile /tmp/tmpsIQHbs/qsym-out-154/pin.log -i /workspace/runs/zlib/gcc-O2/rep-1/afl-out/qsym/.cur_input -s 1 -o /tmp/tmpsIQHbs/qsym-out-154 -l 1 -b /workspace/runs/zlib/gcc-O2/rep-1/afl-out/qsym/bitmap -- /workspace/builds/zlib/gcc-O2/src/minigzip -d
DEBUG:qsym.afl:Total=8 s, Emulation=8 s, Solver=0 s, Return=1
DEBUG:qsym.afl:Generate 0 testcases
DEBUG:qsym.afl:0 testcases are new
DEBUG:qsym.afl:Run qsym: input=/workspace/runs/zlib/gcc-O2/rep-1/afl-out/afl-slave/queue/id:000065,src:000001,op:havoc,rep:4,+cov
DEBUG:qsym.Executor:Executing timeout -k 5 90 /usr/local/lib/python2.7/dist-packages/qsym/../../../../third_party/pin-2.14-71313-gcc.4.4.7-linux/pin.sh -ifeellucky -t /usr/local/lib/python2.7/dist-packages/qsym/pintool/obj-intel64/libqsym.so -logfile /tmp/tmpsIQHbs/qsym-out-155/pin.log -i /workspace/runs/zlib/gcc-O2/rep-1/afl-out/qsym/.cur_input -s 1 -o /tmp/tmpsIQHbs/qsym-out-155 -l 1 -b /workspace/runs/zlib/gcc-O2/rep-1/afl-out/qsym/bitmap -- /workspace/builds/zlib/gcc-O2/src/minigzip -d
DEBUG:qsym.afl:Total=21 s, Emulation=17 s, Solver=4 s, Return=1
DEBUG:qsym.afl:Generate 317 testcases
DEBUG:qsym.afl:0 testcases are new
DEBUG:qsym.afl:Run qsym: input=/workspace/runs/zlib/gcc-O2/rep-1/afl-out/afl-slave/queue/id:000044,src:000001,op:havoc,rep:2,+cov
DEBUG:qsym.Executor:Executing timeout -k 5 90 /usr/local/lib/python2.7/dist-packages/qsym/../../../../third_party/pin-2.14-71313-gcc.4.4.7-linux/pin.sh -ifeellucky -t /usr/local/lib/python2.7/dist-packages/qsym/pintool/obj-intel64/libqsym.so -logfile /tmp/tmpsIQHbs/qsym-out-156/pin.log -i /workspace/runs/zlib/gcc-O2/rep-1/afl-out/qsym/.cur_input -s 1 -o /tmp/tmpsIQHbs/qsym-out-156 -l 1 -b /workspace/runs/zlib/gcc-O2/rep-1/afl-out/qsym/bitmap -- /workspace/builds/zlib/gcc-O2/src/minigzip -d
DEBUG:qsym.afl:Total=7 s, Emulation=7 s, Solver=0 s, Return=1
DEBUG:qsym.afl:Creating: /workspace/runs/zlib/gcc-O2/rep-1/afl-out/qsym/queue/id:000251,src:id:000044
DEBUG:qsym.afl:Generate 119 testcases
DEBUG:qsym.afl:1 testcases are new
DEBUG:qsym.afl:Run qsym: input=/workspace/runs/zlib/gcc-O2/rep-1/afl-out/afl-slave/queue/id:000040,src:000001,op:havoc,rep:2,+cov
DEBUG:qsym.Executor:Executing timeout -k 5 90 /usr/local/lib/python2.7/dist-packages/qsym/../../../../third_party/pin-2.14-71313-gcc.4.4.7-linux/pin.sh -ifeellucky -t /usr/local/lib/python2.7/dist-packages/qsym/pintool/obj-intel64/libqsym.so -logfile /tmp/tmpsIQHbs/qsym-out-157/pin.log -i /workspace/runs/zlib/gcc-O2/rep-1/afl-out/qsym/.cur_input -s 1 -o /tmp/tmpsIQHbs/qsym-out-157 -l 1 -b /workspace/runs/zlib/gcc-O2/rep-1/afl-out/qsym/bitmap -- /workspace/builds/zlib/gcc-O2/src/minigzip -d
DEBUG:qsym.afl:Total=27 s, Emulation=16 s, Solver=10 s, Return=1
DEBUG:qsym.afl:Generate 276 testcases
DEBUG:qsym.afl:0 testcases are new
DEBUG:qsym.afl:Run qsym: input=/workspace/runs/zlib/gcc-O2/rep-1/afl-out/afl-slave/queue/id:000031,src:000001,op:havoc,rep:4,+cov
DEBUG:qsym.Executor:Executing timeout -k 5 90 /usr/local/lib/python2.7/dist-packages/qsym/../../../../third_party/pin-2.14-71313-gcc.4.4.7-linux/pin.sh -ifeellucky -t /usr/local/lib/python2.7/dist-packages/qsym/pintool/obj-intel64/libqsym.so -logfile /tmp/tmpsIQHbs/qsym-out-158/pin.log -i /workspace/runs/zlib/gcc-O2/rep-1/afl-out/qsym/.cur_input -s 1 -o /tmp/tmpsIQHbs/qsym-out-158 -l 1 -b /workspace/runs/zlib/gcc-O2/rep-1/afl-out/qsym/bitmap -- /workspace/builds/zlib/gcc-O2/src/minigzip -d
DEBUG:qsym.afl:Total=6 s, Emulation=6 s, Solver=0 s, Return=1
DEBUG:qsym.afl:Generate 74 testcases
DEBUG:qsym.afl:0 testcases are new
DEBUG:qsym.afl:Run qsym: input=/workspace/runs/zlib/gcc-O2/rep-1/afl-out/afl-slave/queue/id:000028,src:000001,op:havoc,rep:2,+cov
DEBUG:qsym.Executor:Executing timeout -k 5 90 /usr/local/lib/python2.7/dist-packages/qsym/../../../../third_party/pin-2.14-71313-gcc.4.4.7-linux/pin.sh -ifeellucky -t /usr/local/lib/python2.7/dist-packages/qsym/pintool/obj-intel64/libqsym.so -logfile /tmp/tmpsIQHbs/qsym-out-159/pin.log -i /workspace/runs/zlib/gcc-O2/rep-1/afl-out/qsym/.cur_input -s 1 -o /tmp/tmpsIQHbs/qsym-out-159 -l 1 -b /workspace/runs/zlib/gcc-O2/rep-1/afl-out/qsym/bitmap -- /workspace/builds/zlib/gcc-O2/src/minigzip -d
DEBUG:qsym.afl:Total=9 s, Emulation=9 s, Solver=0 s, Return=1
DEBUG:qsym.afl:Creating: /workspace/runs/zlib/gcc-O2/rep-1/afl-out/qsym/queue/id:000252,src:id:000028
DEBUG:qsym.afl:Generate 2 testcases
DEBUG:qsym.afl:1 testcases are new
DEBUG:qsym.afl:Run qsym: input=/workspace/runs/zlib/gcc-O2/rep-1/afl-out/afl-slave/queue/id:000027,src:000001,op:havoc,rep:2,+cov
DEBUG:qsym.Executor:Executing timeout -k 5 90 /usr/local/lib/python2.7/dist-packages/qsym/../../../../third_party/pin-2.14-71313-gcc.4.4.7-linux/pin.sh -ifeellucky -t /usr/local/lib/python2.7/dist-packages/qsym/pintool/obj-intel64/libqsym.so -logfile /tmp/tmpsIQHbs/qsym-out-160/pin.log -i /workspace/runs/zlib/gcc-O2/rep-1/afl-out/qsym/.cur_input -s 1 -o /tmp/tmpsIQHbs/qsym-out-160 -l 1 -b /workspace/runs/zlib/gcc-O2/rep-1/afl-out/qsym/bitmap -- /workspace/builds/zlib/gcc-O2/src/minigzip -d
DEBUG:qsym.afl:Total=6 s, Emulation=6 s, Solver=0 s, Return=1
DEBUG:qsym.afl:Generate 0 testcases
DEBUG:qsym.afl:0 testcases are new
DEBUG:qsym.afl:Run qsym: input=/workspace/runs/zlib/gcc-O2/rep-1/afl-out/afl-slave/queue/id:000020,src:000001,op:havoc,rep:2,+cov
DEBUG:qsym.Executor:Executing timeout -k 5 90 /usr/local/lib/python2.7/dist-packages/qsym/../../../../third_party/pin-2.14-71313-gcc.4.4.7-linux/pin.sh -ifeellucky -t /usr/local/lib/python2.7/dist-packages/qsym/pintool/obj-intel64/libqsym.so -logfile /tmp/tmpsIQHbs/qsym-out-161/pin.log -i /workspace/runs/zlib/gcc-O2/rep-1/afl-out/qsym/.cur_input -s 1 -o /tmp/tmpsIQHbs/qsym-out-161 -l 1 -b /workspace/runs/zlib/gcc-O2/rep-1/afl-out/qsym/bitmap -- /workspace/builds/zlib/gcc-O2/src/minigzip -d
DEBUG:qsym.afl:Total=7 s, Emulation=7 s, Solver=0 s, Return=1
DEBUG:qsym.afl:Generate 0 testcases
DEBUG:qsym.afl:0 testcases are new
DEBUG:qsym.afl:Run qsym: input=/workspace/runs/zlib/gcc-O2/rep-1/afl-out/afl-slave/queue/id:000006,src:000001,op:havoc,rep:2,+cov
DEBUG:qsym.Executor:Executing timeout -k 5 90 /usr/local/lib/python2.7/dist-packages/qsym/../../../../third_party/pin-2.14-71313-gcc.4.4.7-linux/pin.sh -ifeellucky -t /usr/local/lib/python2.7/dist-packages/qsym/pintool/obj-intel64/libqsym.so -logfile /tmp/tmpsIQHbs/qsym-out-162/pin.log -i /workspace/runs/zlib/gcc-O2/rep-1/afl-out/qsym/.cur_input -s 1 -o /tmp/tmpsIQHbs/qsym-out-162 -l 1 -b /workspace/runs/zlib/gcc-O2/rep-1/afl-out/qsym/bitmap -- /workspace/builds/zlib/gcc-O2/src/minigzip -d
DEBUG:qsym.afl:Total=5 s, Emulation=5 s, Solver=0 s, Return=1
DEBUG:qsym.afl:Generate 0 testcases
DEBUG:qsym.afl:0 testcases are new
DEBUG:qsym.afl:Run qsym: input=/workspace/runs/zlib/gcc-O2/rep-1/afl-out/afl-slave/queue/id:000173,sync:afl-master,src:000136,+cov
DEBUG:qsym.Executor:Executing timeout -k 5 90 /usr/local/lib/python2.7/dist-packages/qsym/../../../../third_party/pin-2.14-71313-gcc.4.4.7-linux/pin.sh -ifeellucky -t /usr/local/lib/python2.7/dist-packages/qsym/pintool/obj-intel64/libqsym.so -logfile /tmp/tmpsIQHbs/qsym-out-163/pin.log -i /workspace/runs/zlib/gcc-O2/rep-1/afl-out/qsym/.cur_input -s 1 -o /tmp/tmpsIQHbs/qsym-out-163 -l 1 -b /workspace/runs/zlib/gcc-O2/rep-1/afl-out/qsym/bitmap -- /workspace/builds/zlib/gcc-O2/src/minigzip -d
DEBUG:qsym.afl:Total=5 s, Emulation=5 s, Solver=0 s, Return=0
DEBUG:qsym.afl:Generate 2 testcases
DEBUG:qsym.afl:0 testcases are new
DEBUG:qsym.afl:Run qsym: input=/workspace/runs/zlib/gcc-O2/rep-1/afl-out/afl-slave/queue/id:000531,sync:afl-master,src:000547,+cov
DEBUG:qsym.Executor:Executing timeout -k 5 90 /usr/local/lib/python2.7/dist-packages/qsym/../../../../third_party/pin-2.14-71313-gcc.4.4.7-linux/pin.sh -ifeellucky -t /usr/local/lib/python2.7/dist-packages/qsym/pintool/obj-intel64/libqsym.so -logfile /tmp/tmpsIQHbs/qsym-out-164/pin.log -i /workspace/runs/zlib/gcc-O2/rep-1/afl-out/qsym/.cur_input -s 1 -o /tmp/tmpsIQHbs/qsym-out-164 -l 1 -b /workspace/runs/zlib/gcc-O2/rep-1/afl-out/qsym/bitmap -- /workspace/builds/zlib/gcc-O2/src/minigzip -d
DEBUG:qsym.afl:Total=65 s, Emulation=27 s, Solver=38 s, Return=1
DEBUG:qsym.afl:Creating: /workspace/runs/zlib/gcc-O2/rep-1/afl-out/qsym/queue/id:000253,src:id:000531
DEBUG:qsym.afl:Creating: /workspace/runs/zlib/gcc-O2/rep-1/afl-out/qsym/queue/id:000254,src:id:000531
DEBUG:qsym.afl:Creating: /workspace/runs/zlib/gcc-O2/rep-1/afl-out/qsym/queue/id:000255,src:id:000531
DEBUG:qsym.afl:Creating: /workspace/runs/zlib/gcc-O2/rep-1/afl-out/qsym/queue/id:000256,src:id:000531
DEBUG:qsym.afl:Creating: /workspace/runs/zlib/gcc-O2/rep-1/afl-out/qsym/queue/id:000257,src:id:000531
DEBUG:qsym.afl:Creating: /workspace/runs/zlib/gcc-O2/rep-1/afl-out/qsym/queue/id:000258,src:id:000531
DEBUG:qsym.afl:Creating: /workspace/runs/zlib/gcc-O2/rep-1/afl-out/qsym/queue/id:000259,src:id:000531
DEBUG:qsym.afl:Creating: /workspace/runs/zlib/gcc-O2/rep-1/afl-out/qsym/queue/id:000260,src:id:000531
DEBUG:qsym.afl:Creating: /workspace/runs/zlib/gcc-O2/rep-1/afl-out/qsym/queue/id:000261,src:id:000531
DEBUG:qsym.afl:Creating: /workspace/runs/zlib/gcc-O2/rep-1/afl-out/qsym/queue/id:000262,src:id:000531
DEBUG:qsym.afl:Creating: /workspace/runs/zlib/gcc-O2/rep-1/afl-out/qsym/queue/id:000263,src:id:000531
DEBUG:qsym.afl:Creating: /workspace/runs/zlib/gcc-O2/rep-1/afl-out/qsym/queue/id:000264,src:id:000531
DEBUG:qsym.afl:Creating: /workspace/runs/zlib/gcc-O2/rep-1/afl-out/qsym/queue/id:000265,src:id:000531
DEBUG:qsym.afl:Generate 533 testcases
DEBUG:qsym.afl:13 testcases are new
DEBUG:qsym.afl:Run qsym: input=/workspace/runs/zlib/gcc-O2/rep-1/afl-out/afl-slave/queue/id:000495,src:000494,op:havoc,rep:2,+cov
DEBUG:qsym.Executor:Executing timeout -k 5 90 /usr/local/lib/python2.7/dist-packages/qsym/../../../../third_party/pin-2.14-71313-gcc.4.4.7-linux/pin.sh -ifeellucky -t /usr/local/lib/python2.7/dist-packages/qsym/pintool/obj-intel64/libqsym.so -logfile /tmp/tmpsIQHbs/qsym-out-165/pin.log -i /workspace/runs/zlib/gcc-O2/rep-1/afl-out/qsym/.cur_input -s 1 -o /tmp/tmpsIQHbs/qsym-out-165 -l 1 -b /workspace/runs/zlib/gcc-O2/rep-1/afl-out/qsym/bitmap -- /workspace/builds/zlib/gcc-O2/src/minigzip -d
DEBUG:qsym.afl:Total=22 s, Emulation=13 s, Solver=9 s, Return=1
DEBUG:qsym.afl:Creating: /workspace/runs/zlib/gcc-O2/rep-1/afl-out/qsym/queue/id:000266,src:id:000495
DEBUG:qsym.afl:Creating: /workspace/runs/zlib/gcc-O2/rep-1/afl-out/qsym/queue/id:000267,src:id:000495
DEBUG:qsym.afl:Creating: /workspace/runs/zlib/gcc-O2/rep-1/afl-out/qsym/queue/id:000268,src:id:000495
DEBUG:qsym.afl:Generate 79 testcases
DEBUG:qsym.afl:3 testcases are new
DEBUG:qsym.afl:Run qsym: input=/workspace/runs/zlib/gcc-O2/rep-1/afl-out/afl-slave/queue/id:000494,sync:afl-master,src:000510,+cov
DEBUG:qsym.Executor:Executing timeout -k 5 90 /usr/local/lib/python2.7/dist-packages/qsym/../../../../third_party/pin-2.14-71313-gcc.4.4.7-linux/pin.sh -ifeellucky -t /usr/local/lib/python2.7/dist-packages/qsym/pintool/obj-intel64/libqsym.so -logfile /tmp/tmpsIQHbs/qsym-out-166/pin.log -i /workspace/runs/zlib/gcc-O2/rep-1/afl-out/qsym/.cur_input -s 1 -o /tmp/tmpsIQHbs/qsym-out-166 -l 1 -b /workspace/runs/zlib/gcc-O2/rep-1/afl-out/qsym/bitmap -- /workspace/builds/zlib/gcc-O2/src/minigzip -d
DEBUG:qsym.afl:Total=8 s, Emulation=8 s, Solver=0 s, Return=1
DEBUG:qsym.afl:Generate 0 testcases
DEBUG:qsym.afl:0 testcases are new
DEBUG:qsym.afl:Run qsym: input=/workspace/runs/zlib/gcc-O2/rep-1/afl-out/afl-slave/queue/id:000413,src:000367+000156,op:splice,rep:4,+cov
DEBUG:qsym.Executor:Executing timeout -k 5 90 /usr/local/lib/python2.7/dist-packages/qsym/../../../../third_party/pin-2.14-71313-gcc.4.4.7-linux/pin.sh -ifeellucky -t /usr/local/lib/python2.7/dist-packages/qsym/pintool/obj-intel64/libqsym.so -logfile /tmp/tmpsIQHbs/qsym-out-167/pin.log -i /workspace/runs/zlib/gcc-O2/rep-1/afl-out/qsym/.cur_input -s 1 -o /tmp/tmpsIQHbs/qsym-out-167 -l 1 -b /workspace/runs/zlib/gcc-O2/rep-1/afl-out/qsym/bitmap -- /workspace/builds/zlib/gcc-O2/src/minigzip -d
DEBUG:qsym.afl:Total=9 s, Emulation=7 s, Solver=1 s, Return=1
DEBUG:qsym.afl:Generate 4 testcases
DEBUG:qsym.afl:0 testcases are new
DEBUG:qsym.afl:Run qsym: input=/workspace/runs/zlib/gcc-O2/rep-1/afl-out/afl-slave/queue/id:000164,sync:afl-master,src:000104,+cov
DEBUG:qsym.Executor:Executing timeout -k 5 90 /usr/local/lib/python2.7/dist-packages/qsym/../../../../third_party/pin-2.14-71313-gcc.4.4.7-linux/pin.sh -ifeellucky -t /usr/local/lib/python2.7/dist-packages/qsym/pintool/obj-intel64/libqsym.so -logfile /tmp/tmpsIQHbs/qsym-out-168/pin.log -i /workspace/runs/zlib/gcc-O2/rep-1/afl-out/qsym/.cur_input -s 1 -o /tmp/tmpsIQHbs/qsym-out-168 -l 1 -b /workspace/runs/zlib/gcc-O2/rep-1/afl-out/qsym/bitmap -- /workspace/builds/zlib/gcc-O2/src/minigzip -d
DEBUG:qsym.afl:Total=8 s, Emulation=8 s, Solver=0 s, Return=0
DEBUG:qsym.afl:Creating: /workspace/runs/zlib/gcc-O2/rep-1/afl-out/qsym/queue/id:000269,src:id:000164
DEBUG:qsym.afl:Generate 1 testcases
DEBUG:qsym.afl:1 testcases are new
DEBUG:qsym.afl:Run qsym: input=/workspace/runs/zlib/gcc-O2/rep-1/afl-out/afl-slave/queue/id:000103,src:000001,op:havoc,rep:8,+cov
DEBUG:qsym.Executor:Executing timeout -k 5 90 /usr/local/lib/python2.7/dist-packages/qsym/../../../../third_party/pin-2.14-71313-gcc.4.4.7-linux/pin.sh -ifeellucky -t /usr/local/lib/python2.7/dist-packages/qsym/pintool/obj-intel64/libqsym.so -logfile /tmp/tmpsIQHbs/qsym-out-169/pin.log -i /workspace/runs/zlib/gcc-O2/rep-1/afl-out/qsym/.cur_input -s 1 -o /tmp/tmpsIQHbs/qsym-out-169 -l 1 -b /workspace/runs/zlib/gcc-O2/rep-1/afl-out/qsym/bitmap -- /workspace/builds/zlib/gcc-O2/src/minigzip -d
DEBUG:qsym.afl:Total=6 s, Emulation=6 s, Solver=0 s, Return=1
DEBUG:qsym.afl:Generate 0 testcases
DEBUG:qsym.afl:0 testcases are new
DEBUG:qsym.afl:Run qsym: input=/workspace/runs/zlib/gcc-O2/rep-1/afl-out/afl-slave/queue/id:000166,sync:afl-master,src:000112,+cov
DEBUG:qsym.Executor:Executing timeout -k 5 90 /usr/local/lib/python2.7/dist-packages/qsym/../../../../third_party/pin-2.14-71313-gcc.4.4.7-linux/pin.sh -ifeellucky -t /usr/local/lib/python2.7/dist-packages/qsym/pintool/obj-intel64/libqsym.so -logfile /tmp/tmpsIQHbs/qsym-out-170/pin.log -i /workspace/runs/zlib/gcc-O2/rep-1/afl-out/qsym/.cur_input -s 1 -o /tmp/tmpsIQHbs/qsym-out-170 -l 1 -b /workspace/runs/zlib/gcc-O2/rep-1/afl-out/qsym/bitmap -- /workspace/builds/zlib/gcc-O2/src/minigzip -d
DEBUG:qsym.afl:Total=8 s, Emulation=7 s, Solver=0 s, Return=1
DEBUG:qsym.afl:Creating: /workspace/runs/zlib/gcc-O2/rep-1/afl-out/qsym/queue/id:000270,src:id:000166
DEBUG:qsym.afl:Creating: /workspace/runs/zlib/gcc-O2/rep-1/afl-out/qsym/queue/id:000271,src:id:000166
DEBUG:qsym.afl:Generate 92 testcases
DEBUG:qsym.afl:2 testcases are new
DEBUG:qsym.afl:Run qsym: input=/workspace/runs/zlib/gcc-O2/rep-1/afl-out/afl-slave/queue/id:000032,src:000001,op:havoc,rep:2,+cov
DEBUG:qsym.Executor:Executing timeout -k 5 90 /usr/local/lib/python2.7/dist-packages/qsym/../../../../third_party/pin-2.14-71313-gcc.4.4.7-linux/pin.sh -ifeellucky -t /usr/local/lib/python2.7/dist-packages/qsym/pintool/obj-intel64/libqsym.so -logfile /tmp/tmpsIQHbs/qsym-out-171/pin.log -i /workspace/runs/zlib/gcc-O2/rep-1/afl-out/qsym/.cur_input -s 1 -o /tmp/tmpsIQHbs/qsym-out-171 -l 1 -b /workspace/runs/zlib/gcc-O2/rep-1/afl-out/qsym/bitmap -- /workspace/builds/zlib/gcc-O2/src/minigzip -d
DEBUG:qsym.afl:Total=6 s, Emulation=6 s, Solver=0 s, Return=1
DEBUG:qsym.afl:Creating: /workspace/runs/zlib/gcc-O2/rep-1/afl-out/qsym/queue/id:000272,src:id:000032
DEBUG:qsym.afl:Generate 98 testcases
DEBUG:qsym.afl:1 testcases are new
DEBUG:qsym.afl:Run qsym: input=/workspace/runs/zlib/gcc-O2/rep-1/afl-out/afl-slave/queue/id:000366,src:000089,op:havoc,rep:2,+cov
DEBUG:qsym.Executor:Executing timeout -k 5 90 /usr/local/lib/python2.7/dist-packages/qsym/../../../../third_party/pin-2.14-71313-gcc.4.4.7-linux/pin.sh -ifeellucky -t /usr/local/lib/python2.7/dist-packages/qsym/pintool/obj-intel64/libqsym.so -logfile /tmp/tmpsIQHbs/qsym-out-172/pin.log -i /workspace/runs/zlib/gcc-O2/rep-1/afl-out/qsym/.cur_input -s 1 -o /tmp/tmpsIQHbs/qsym-out-172 -l 1 -b /workspace/runs/zlib/gcc-O2/rep-1/afl-out/qsym/bitmap -- /workspace/builds/zlib/gcc-O2/src/minigzip -d
DEBUG:qsym.afl:Total=43 s, Emulation=30 s, Solver=13 s, Return=1
DEBUG:qsym.afl:Creating: /workspace/runs/zlib/gcc-O2/rep-1/afl-out/qsym/queue/id:000273,src:id:000366
DEBUG:qsym.afl:Generate 384 testcases
DEBUG:qsym.afl:1 testcases are new
DEBUG:qsym.afl:Run qsym: input=/workspace/runs/zlib/gcc-O2/rep-1/afl-out/afl-slave/queue/id:000399,src:000287,op:havoc,rep:2,+cov
DEBUG:qsym.Executor:Executing timeout -k 5 90 /usr/local/lib/python2.7/dist-packages/qsym/../../../../third_party/pin-2.14-71313-gcc.4.4.7-linux/pin.sh -ifeellucky -t /usr/local/lib/python2.7/dist-packages/qsym/pintool/obj-intel64/libqsym.so -logfile /tmp/tmpsIQHbs/qsym-out-173/pin.log -i /workspace/runs/zlib/gcc-O2/rep-1/afl-out/qsym/.cur_input -s 1 -o /tmp/tmpsIQHbs/qsym-out-173 -l 1 -b /workspace/runs/zlib/gcc-O2/rep-1/afl-out/qsym/bitmap -- /workspace/builds/zlib/gcc-O2/src/minigzip -d
DEBUG:qsym.afl:Total=16 s, Emulation=13 s, Solver=3 s, Return=1
DEBUG:qsym.afl:Creating: /workspace/runs/zlib/gcc-O2/rep-1/afl-out/qsym/queue/id:000274,src:id:000399
DEBUG:qsym.afl:Creating: /workspace/runs/zlib/gcc-O2/rep-1/afl-out/qsym/queue/id:000275,src:id:000399
DEBUG:qsym.afl:Creating: /workspace/runs/zlib/gcc-O2/rep-1/afl-out/qsym/queue/id:000276,src:id:000399
DEBUG:qsym.afl:Creating: /workspace/runs/zlib/gcc-O2/rep-1/afl-out/qsym/queue/id:000277,src:id:000399
DEBUG:qsym.afl:Creating: /workspace/runs/zlib/gcc-O2/rep-1/afl-out/qsym/queue/id:000278,src:id:000399
DEBUG:qsym.afl:Creating: /workspace/runs/zlib/gcc-O2/rep-1/afl-out/qsym/queue/id:000279,src:id:000399
DEBUG:qsym.afl:Creating: /workspace/runs/zlib/gcc-O2/rep-1/afl-out/qsym/queue/id:000280,src:id:000399
DEBUG:qsym.afl:Creating: /workspace/runs/zlib/gcc-O2/rep-1/afl-out/qsym/queue/id:000281,src:id:000399
DEBUG:qsym.afl:Creating: /workspace/runs/zlib/gcc-O2/rep-1/afl-out/qsym/queue/id:000282,src:id:000399
DEBUG:qsym.afl:Creating: /workspace/runs/zlib/gcc-O2/rep-1/afl-out/qsym/queue/id:000283,src:id:000399
DEBUG:qsym.afl:Creating: /workspace/runs/zlib/gcc-O2/rep-1/afl-out/qsym/queue/id:000284,src:id:000399
DEBUG:qsym.afl:Creating: /workspace/runs/zlib/gcc-O2/rep-1/afl-out/qsym/queue/id:000285,src:id:000399
DEBUG:qsym.afl:Creating: /workspace/runs/zlib/gcc-O2/rep-1/afl-out/qsym/queue/id:000286,src:id:000399
DEBUG:qsym.afl:Generate 259 testcases
DEBUG:qsym.afl:13 testcases are new
DEBUG:qsym.afl:Run qsym: input=/workspace/runs/zlib/gcc-O2/rep-1/afl-out/afl-slave/queue/id:000302,src:000010,op:havoc,rep:2,+cov
DEBUG:qsym.Executor:Executing timeout -k 5 90 /usr/local/lib/python2.7/dist-packages/qsym/../../../../third_party/pin-2.14-71313-gcc.4.4.7-linux/pin.sh -ifeellucky -t /usr/local/lib/python2.7/dist-packages/qsym/pintool/obj-intel64/libqsym.so -logfile /tmp/tmpsIQHbs/qsym-out-174/pin.log -i /workspace/runs/zlib/gcc-O2/rep-1/afl-out/qsym/.cur_input -s 1 -o /tmp/tmpsIQHbs/qsym-out-174 -l 1 -b /workspace/runs/zlib/gcc-O2/rep-1/afl-out/qsym/bitmap -- /workspace/builds/zlib/gcc-O2/src/minigzip -d
DEBUG:qsym.afl:Total=5 s, Emulation=5 s, Solver=0 s, Return=1
DEBUG:qsym.afl:Creating: /workspace/runs/zlib/gcc-O2/rep-1/afl-out/qsym/queue/id:000287,src:id:000302
DEBUG:qsym.afl:Creating: /workspace/runs/zlib/gcc-O2/rep-1/afl-out/qsym/queue/id:000288,src:id:000302
DEBUG:qsym.afl:Creating: /workspace/runs/zlib/gcc-O2/rep-1/afl-out/qsym/queue/id:000289,src:id:000302
DEBUG:qsym.afl:Creating: /workspace/runs/zlib/gcc-O2/rep-1/afl-out/qsym/queue/id:000290,src:id:000302
DEBUG:qsym.afl:Generate 8 testcases
DEBUG:qsym.afl:4 testcases are new
DEBUG:qsym.afl:Run qsym: input=/workspace/runs/zlib/gcc-O2/rep-1/afl-out/afl-slave/queue/id:000082,src:000001,op:havoc,rep:4,+cov
DEBUG:qsym.Executor:Executing timeout -k 5 90 /usr/local/lib/python2.7/dist-packages/qsym/../../../../third_party/pin-2.14-71313-gcc.4.4.7-linux/pin.sh -ifeellucky -t /usr/local/lib/python2.7/dist-packages/qsym/pintool/obj-intel64/libqsym.so -logfile /tmp/tmpsIQHbs/qsym-out-175/pin.log -i /workspace/runs/zlib/gcc-O2/rep-1/afl-out/qsym/.cur_input -s 1 -o /tmp/tmpsIQHbs/qsym-out-175 -l 1 -b /workspace/runs/zlib/gcc-O2/rep-1/afl-out/qsym/bitmap -- /workspace/builds/zlib/gcc-O2/src/minigzip -d
DEBUG:qsym.afl:Total=8 s, Emulation=8 s, Solver=0 s, Return=1
DEBUG:qsym.afl:Generate 0 testcases
DEBUG:qsym.afl:0 testcases are new
DEBUG:qsym.afl:Run qsym: input=/workspace/runs/zlib/gcc-O2/rep-1/afl-out/afl-slave/queue/id:000493,sync:afl-master,src:000509,+cov
DEBUG:qsym.Executor:Executing timeout -k 5 90 /usr/local/lib/python2.7/dist-packages/qsym/../../../../third_party/pin-2.14-71313-gcc.4.4.7-linux/pin.sh -ifeellucky -t /usr/local/lib/python2.7/dist-packages/qsym/pintool/obj-intel64/libqsym.so -logfile /tmp/tmpsIQHbs/qsym-out-176/pin.log -i /workspace/runs/zlib/gcc-O2/rep-1/afl-out/qsym/.cur_input -s 1 -o /tmp/tmpsIQHbs/qsym-out-176 -l 1 -b /workspace/runs/zlib/gcc-O2/rep-1/afl-out/qsym/bitmap -- /workspace/builds/zlib/gcc-O2/src/minigzip -d
DEBUG:qsym.afl:Total=23 s, Emulation=11 s, Solver=12 s, Return=1
DEBUG:qsym.afl:Creating: /workspace/runs/zlib/gcc-O2/rep-1/afl-out/qsym/queue/id:000291,src:id:000493
DEBUG:qsym.afl:Generate 55 testcases
DEBUG:qsym.afl:1 testcases are new
DEBUG:qsym.afl:Run qsym: input=/workspace/runs/zlib/gcc-O2/rep-1/afl-out/afl-slave/queue/id:000425,src:000423,op:havoc,rep:4,+cov
DEBUG:qsym.Executor:Executing timeout -k 5 90 /usr/local/lib/python2.7/dist-packages/qsym/../../../../third_party/pin-2.14-71313-gcc.4.4.7-linux/pin.sh -ifeellucky -t /usr/local/lib/python2.7/dist-packages/qsym/pintool/obj-intel64/libqsym.so -logfile /tmp/tmpsIQHbs/qsym-out-177/pin.log -i /workspace/runs/zlib/gcc-O2/rep-1/afl-out/qsym/.cur_input -s 1 -o /tmp/tmpsIQHbs/qsym-out-177 -l 1 -b /workspace/runs/zlib/gcc-O2/rep-1/afl-out/qsym/bitmap -- /workspace/builds/zlib/gcc-O2/src/minigzip -d
DEBUG:qsym.afl:Total=35 s, Emulation=14 s, Solver=21 s, Return=1
DEBUG:qsym.afl:Creating: /workspace/runs/zlib/gcc-O2/rep-1/afl-out/qsym/queue/id:000292,src:id:000425
DEBUG:qsym.afl:Creating: /workspace/runs/zlib/gcc-O2/rep-1/afl-out/qsym/queue/id:000293,src:id:000425
DEBUG:qsym.afl:Creating: /workspace/runs/zlib/gcc-O2/rep-1/afl-out/qsym/queue/id:000294,src:id:000425
DEBUG:qsym.afl:Creating: /workspace/runs/zlib/gcc-O2/rep-1/afl-out/qsym/queue/id:000295,src:id:000425
DEBUG:qsym.afl:Creating: /workspace/runs/zlib/gcc-O2/rep-1/afl-out/qsym/queue/id:000296,src:id:000425
DEBUG:qsym.afl:Creating: /workspace/runs/zlib/gcc-O2/rep-1/afl-out/qsym/queue/id:000297,src:id:000425
DEBUG:qsym.afl:Generate 234 testcases
DEBUG:qsym.afl:6 testcases are new
DEBUG:qsym.afl:Run qsym: input=/workspace/runs/zlib/gcc-O2/rep-1/afl-out/afl-slave/queue/id:000406,src:000291+000348,op:splice,rep:2,+cov
DEBUG:qsym.Executor:Executing timeout -k 5 90 /usr/local/lib/python2.7/dist-packages/qsym/../../../../third_party/pin-2.14-71313-gcc.4.4.7-linux/pin.sh -ifeellucky -t /usr/local/lib/python2.7/dist-packages/qsym/pintool/obj-intel64/libqsym.so -logfile /tmp/tmpsIQHbs/qsym-out-178/pin.log -i /workspace/runs/zlib/gcc-O2/rep-1/afl-out/qsym/.cur_input -s 1 -o /tmp/tmpsIQHbs/qsym-out-178 -l 1 -b /workspace/runs/zlib/gcc-O2/rep-1/afl-out/qsym/bitmap -- /workspace/builds/zlib/gcc-O2/src/minigzip -d
DEBUG:qsym.afl:Total=71 s, Emulation=47 s, Solver=24 s, Return=1
DEBUG:qsym.afl:Creating: /workspace/runs/zlib/gcc-O2/rep-1/afl-out/qsym/queue/id:000298,src:id:000406
DEBUG:qsym.afl:Creating: /workspace/runs/zlib/gcc-O2/rep-1/afl-out/qsym/queue/id:000299,src:id:000406
DEBUG:qsym.afl:Creating: /workspace/runs/zlib/gcc-O2/rep-1/afl-out/qsym/queue/id:000300,src:id:000406
DEBUG:qsym.afl:Creating: /workspace/runs/zlib/gcc-O2/rep-1/afl-out/qsym/queue/id:000301,src:id:000406
DEBUG:qsym.afl:Creating: /workspace/runs/zlib/gcc-O2/rep-1/afl-out/qsym/queue/id:000302,src:id:000406
DEBUG:qsym.afl:Creating: /workspace/runs/zlib/gcc-O2/rep-1/afl-out/qsym/queue/id:000303,src:id:000406
DEBUG:qsym.afl:Generate 820 testcases
DEBUG:qsym.afl:6 testcases are new
DEBUG:qsym.afl:Run qsym: input=/workspace/runs/zlib/gcc-O2/rep-1/afl-out/afl-slave/queue/id:000542,sync:afl-master,src:000558,+cov
DEBUG:qsym.Executor:Executing timeout -k 5 90 /usr/local/lib/python2.7/dist-packages/qsym/../../../../third_party/pin-2.14-71313-gcc.4.4.7-linux/pin.sh -ifeellucky -t /usr/local/lib/python2.7/dist-packages/qsym/pintool/obj-intel64/libqsym.so -logfile /tmp/tmpsIQHbs/qsym-out-179/pin.log -i /workspace/runs/zlib/gcc-O2/rep-1/afl-out/qsym/.cur_input -s 1 -o /tmp/tmpsIQHbs/qsym-out-179 -l 1 -b /workspace/runs/zlib/gcc-O2/rep-1/afl-out/qsym/bitmap -- /workspace/builds/zlib/gcc-O2/src/minigzip -d
DEBUG:qsym.afl:Total=17 s, Emulation=13 s, Solver=4 s, Return=1
DEBUG:qsym.afl:Creating: /workspace/runs/zlib/gcc-O2/rep-1/afl-out/qsym/queue/id:000304,src:id:000542
DEBUG:qsym.afl:Creating: /workspace/runs/zlib/gcc-O2/rep-1/afl-out/qsym/queue/id:000305,src:id:000542
DEBUG:qsym.afl:Creating: /workspace/runs/zlib/gcc-O2/rep-1/afl-out/qsym/queue/id:000306,src:id:000542
DEBUG:qsym.afl:Creating: /workspace/runs/zlib/gcc-O2/rep-1/afl-out/qsym/queue/id:000307,src:id:000542
DEBUG:qsym.afl:Creating: /workspace/runs/zlib/gcc-O2/rep-1/afl-out/qsym/queue/id:000308,src:id:000542
DEBUG:qsym.afl:Creating: /workspace/runs/zlib/gcc-O2/rep-1/afl-out/qsym/queue/id:000309,src:id:000542
DEBUG:qsym.afl:Creating: /workspace/runs/zlib/gcc-O2/rep-1/afl-out/qsym/queue/id:000310,src:id:000542
DEBUG:qsym.afl:Creating: /workspace/runs/zlib/gcc-O2/rep-1/afl-out/qsym/queue/id:000311,src:id:000542
DEBUG:qsym.afl:Generate 201 testcases
DEBUG:qsym.afl:8 testcases are new
DEBUG:qsym.afl:Run qsym: input=/workspace/runs/zlib/gcc-O2/rep-1/afl-out/afl-slave/queue/id:000530,sync:afl-master,src:000546,+cov
DEBUG:qsym.Executor:Executing timeout -k 5 90 /usr/local/lib/python2.7/dist-packages/qsym/../../../../third_party/pin-2.14-71313-gcc.4.4.7-linux/pin.sh -ifeellucky -t /usr/local/lib/python2.7/dist-packages/qsym/pintool/obj-intel64/libqsym.so -logfile /tmp/tmpsIQHbs/qsym-out-180/pin.log -i /workspace/runs/zlib/gcc-O2/rep-1/afl-out/qsym/.cur_input -s 1 -o /tmp/tmpsIQHbs/qsym-out-180 -l 1 -b /workspace/runs/zlib/gcc-O2/rep-1/afl-out/qsym/bitmap -- /workspace/builds/zlib/gcc-O2/src/minigzip -d
DEBUG:qsym.afl:Total=6 s, Emulation=6 s, Solver=0 s, Return=1
DEBUG:qsym.afl:Generate 0 testcases
DEBUG:qsym.afl:0 testcases are new
DEBUG:qsym.afl:Run qsym: input=/workspace/runs/zlib/gcc-O2/rep-1/afl-out/afl-slave/queue/id:000529,sync:afl-master,src:000545,+cov
DEBUG:qsym.Executor:Executing timeout -k 5 90 /usr/local/lib/python2.7/dist-packages/qsym/../../../../third_party/pin-2.14-71313-gcc.4.4.7-linux/pin.sh -ifeellucky -t /usr/local/lib/python2.7/dist-packages/qsym/pintool/obj-intel64/libqsym.so -logfile /tmp/tmpsIQHbs/qsym-out-181/pin.log -i /workspace/runs/zlib/gcc-O2/rep-1/afl-out/qsym/.cur_input -s 1 -o /tmp/tmpsIQHbs/qsym-out-181 -l 1 -b /workspace/runs/zlib/gcc-O2/rep-1/afl-out/qsym/bitmap -- /workspace/builds/zlib/gcc-O2/src/minigzip -d
DEBUG:qsym.afl:Total=11 s, Emulation=9 s, Solver=2 s, Return=1
DEBUG:qsym.afl:Generate 85 testcases
DEBUG:qsym.afl:0 testcases are new
DEBUG:qsym.afl:Run qsym: input=/workspace/runs/zlib/gcc-O2/rep-1/afl-out/afl-slave/queue/id:000528,sync:afl-master,src:000544,+cov
DEBUG:qsym.Executor:Executing timeout -k 5 90 /usr/local/lib/python2.7/dist-packages/qsym/../../../../third_party/pin-2.14-71313-gcc.4.4.7-linux/pin.sh -ifeellucky -t /usr/local/lib/python2.7/dist-packages/qsym/pintool/obj-intel64/libqsym.so -logfile /tmp/tmpsIQHbs/qsym-out-182/pin.log -i /workspace/runs/zlib/gcc-O2/rep-1/afl-out/qsym/.cur_input -s 1 -o /tmp/tmpsIQHbs/qsym-out-182 -l 1 -b /workspace/runs/zlib/gcc-O2/rep-1/afl-out/qsym/bitmap -- /workspace/builds/zlib/gcc-O2/src/minigzip -d
DEBUG:qsym.afl:Total=11 s, Emulation=8 s, Solver=2 s, Return=1
DEBUG:qsym.afl:Generate 83 testcases
DEBUG:qsym.afl:0 testcases are new
DEBUG:qsym.afl:Run qsym: input=/workspace/runs/zlib/gcc-O2/rep-1/afl-out/afl-slave/queue/id:000523,sync:afl-master,src:000538,+cov
DEBUG:qsym.Executor:Executing timeout -k 5 90 /usr/local/lib/python2.7/dist-packages/qsym/../../../../third_party/pin-2.14-71313-gcc.4.4.7-linux/pin.sh -ifeellucky -t /usr/local/lib/python2.7/dist-packages/qsym/pintool/obj-intel64/libqsym.so -logfile /tmp/tmpsIQHbs/qsym-out-183/pin.log -i /workspace/runs/zlib/gcc-O2/rep-1/afl-out/qsym/.cur_input -s 1 -o /tmp/tmpsIQHbs/qsym-out-183 -l 1 -b /workspace/runs/zlib/gcc-O2/rep-1/afl-out/qsym/bitmap -- /workspace/builds/zlib/gcc-O2/src/minigzip -d
DEBUG:qsym.afl:Total=11 s, Emulation=8 s, Solver=2 s, Return=1
DEBUG:qsym.afl:Creating: /workspace/runs/zlib/gcc-O2/rep-1/afl-out/qsym/queue/id:000312,src:id:000523
DEBUG:qsym.afl:Creating: /workspace/runs/zlib/gcc-O2/rep-1/afl-out/qsym/queue/id:000313,src:id:000523
DEBUG:qsym.afl:Generate 25 testcases
DEBUG:qsym.afl:2 testcases are new
DEBUG:qsym.afl:Run qsym: input=/workspace/runs/zlib/gcc-O2/rep-1/afl-out/afl-slave/queue/id:000491,sync:afl-master,src:000504,+cov
DEBUG:qsym.Executor:Executing timeout -k 5 90 /usr/local/lib/python2.7/dist-packages/qsym/../../../../third_party/pin-2.14-71313-gcc.4.4.7-linux/pin.sh -ifeellucky -t /usr/local/lib/python2.7/dist-packages/qsym/pintool/obj-intel64/libqsym.so -logfile /tmp/tmpsIQHbs/qsym-out-184/pin.log -i /workspace/runs/zlib/gcc-O2/rep-1/afl-out/qsym/.cur_input -s 1 -o /tmp/tmpsIQHbs/qsym-out-184 -l 1 -b /workspace/runs/zlib/gcc-O2/rep-1/afl-out/qsym/bitmap -- /workspace/builds/zlib/gcc-O2/src/minigzip -d
DEBUG:qsym.afl:Total=6 s, Emulation=6 s, Solver=0 s, Return=1
DEBUG:qsym.afl:Generate 0 testcases
DEBUG:qsym.afl:0 testcases are new
DEBUG:qsym.afl:Run qsym: input=/workspace/runs/zlib/gcc-O2/rep-1/afl-out/afl-slave/queue/id:000490,sync:afl-master,src:000503,+cov
DEBUG:qsym.Executor:Executing timeout -k 5 90 /usr/local/lib/python2.7/dist-packages/qsym/../../../../third_party/pin-2.14-71313-gcc.4.4.7-linux/pin.sh -ifeellucky -t /usr/local/lib/python2.7/dist-packages/qsym/pintool/obj-intel64/libqsym.so -logfile /tmp/tmpsIQHbs/qsym-out-185/pin.log -i /workspace/runs/zlib/gcc-O2/rep-1/afl-out/qsym/.cur_input -s 1 -o /tmp/tmpsIQHbs/qsym-out-185 -l 1 -b /workspace/runs/zlib/gcc-O2/rep-1/afl-out/qsym/bitmap -- /workspace/builds/zlib/gcc-O2/src/minigzip -d
DEBUG:qsym.afl:Total=5 s, Emulation=5 s, Solver=0 s, Return=1
DEBUG:qsym.afl:Generate 0 testcases
DEBUG:qsym.afl:0 testcases are new
DEBUG:qsym.afl:Run qsym: input=/workspace/runs/zlib/gcc-O2/rep-1/afl-out/afl-slave/queue/id:000421,src:000399+000328,op:splice,rep:16,+cov
DEBUG:qsym.Executor:Executing timeout -k 5 90 /usr/local/lib/python2.7/dist-packages/qsym/../../../../third_party/pin-2.14-71313-gcc.4.4.7-linux/pin.sh -ifeellucky -t /usr/local/lib/python2.7/dist-packages/qsym/pintool/obj-intel64/libqsym.so -logfile /tmp/tmpsIQHbs/qsym-out-186/pin.log -i /workspace/runs/zlib/gcc-O2/rep-1/afl-out/qsym/.cur_input -s 1 -o /tmp/tmpsIQHbs/qsym-out-186 -l 1 -b /workspace/runs/zlib/gcc-O2/rep-1/afl-out/qsym/bitmap -- /workspace/builds/zlib/gcc-O2/src/minigzip -d
DEBUG:qsym.afl:Total=6 s, Emulation=6 s, Solver=0 s, Return=1
DEBUG:qsym.afl:Creating: /workspace/runs/zlib/gcc-O2/rep-1/afl-out/qsym/queue/id:000314,src:id:000421
DEBUG:qsym.afl:Generate 39 testcases
DEBUG:qsym.afl:1 testcases are new
DEBUG:qsym.afl:Run qsym: input=/workspace/runs/zlib/gcc-O2/rep-1/afl-out/afl-slave/queue/id:000414,src:000387+000284,op:splice,rep:32,+cov
DEBUG:qsym.Executor:Executing timeout -k 5 90 /usr/local/lib/python2.7/dist-packages/qsym/../../../../third_party/pin-2.14-71313-gcc.4.4.7-linux/pin.sh -ifeellucky -t /usr/local/lib/python2.7/dist-packages/qsym/pintool/obj-intel64/libqsym.so -logfile /tmp/tmpsIQHbs/qsym-out-187/pin.log -i /workspace/runs/zlib/gcc-O2/rep-1/afl-out/qsym/.cur_input -s 1 -o /tmp/tmpsIQHbs/qsym-out-187 -l 1 -b /workspace/runs/zlib/gcc-O2/rep-1/afl-out/qsym/bitmap -- /workspace/builds/zlib/gcc-O2/src/minigzip -d
DEBUG:qsym.afl:Total=5 s, Emulation=5 s, Solver=0 s, Return=1
DEBUG:qsym.afl:Generate 0 testcases
DEBUG:qsym.afl:0 testcases are new
DEBUG:qsym.afl:Run qsym: input=/workspace/runs/zlib/gcc-O2/rep-1/afl-out/afl-slave/queue/id:000218,src:000002,op:havoc,rep:2,+cov
DEBUG:qsym.Executor:Executing timeout -k 5 90 /usr/local/lib/python2.7/dist-packages/qsym/../../../../third_party/pin-2.14-71313-gcc.4.4.7-linux/pin.sh -ifeellucky -t /usr/local/lib/python2.7/dist-packages/qsym/pintool/obj-intel64/libqsym.so -logfile /tmp/tmpsIQHbs/qsym-out-188/pin.log -i /workspace/runs/zlib/gcc-O2/rep-1/afl-out/qsym/.cur_input -s 1 -o /tmp/tmpsIQHbs/qsym-out-188 -l 1 -b /workspace/runs/zlib/gcc-O2/rep-1/afl-out/qsym/bitmap -- /workspace/builds/zlib/gcc-O2/src/minigzip -d
DEBUG:qsym.afl:Total=12 s, Emulation=8 s, Solver=3 s, Return=1
DEBUG:qsym.afl:Creating: /workspace/runs/zlib/gcc-O2/rep-1/afl-out/qsym/queue/id:000315,src:id:000218
DEBUG:qsym.afl:Creating: /workspace/runs/zlib/gcc-O2/rep-1/afl-out/qsym/queue/id:000316,src:id:000218
DEBUG:qsym.afl:Creating: /workspace/runs/zlib/gcc-O2/rep-1/afl-out/qsym/queue/id:000317,src:id:000218
DEBUG:qsym.afl:Creating: /workspace/runs/zlib/gcc-O2/rep-1/afl-out/qsym/queue/id:000318,src:id:000218
DEBUG:qsym.afl:Creating: /workspace/runs/zlib/gcc-O2/rep-1/afl-out/qsym/queue/id:000319,src:id:000218
DEBUG:qsym.afl:Creating: /workspace/runs/zlib/gcc-O2/rep-1/afl-out/qsym/queue/id:000320,src:id:000218
DEBUG:qsym.afl:Generate 46 testcases
DEBUG:qsym.afl:6 testcases are new
DEBUG:qsym.afl:Run qsym: input=/workspace/runs/zlib/gcc-O2/rep-1/afl-out/afl-slave/queue/id:000112,src:000001,op:havoc,rep:16,+cov
DEBUG:qsym.Executor:Executing timeout -k 5 90 /usr/local/lib/python2.7/dist-packages/qsym/../../../../third_party/pin-2.14-71313-gcc.4.4.7-linux/pin.sh -ifeellucky -t /usr/local/lib/python2.7/dist-packages/qsym/pintool/obj-intel64/libqsym.so -logfile /tmp/tmpsIQHbs/qsym-out-189/pin.log -i /workspace/runs/zlib/gcc-O2/rep-1/afl-out/qsym/.cur_input -s 1 -o /tmp/tmpsIQHbs/qsym-out-189 -l 1 -b /workspace/runs/zlib/gcc-O2/rep-1/afl-out/qsym/bitmap -- /workspace/builds/zlib/gcc-O2/src/minigzip -d
DEBUG:qsym.afl:Total=7 s, Emulation=7 s, Solver=0 s, Return=1
DEBUG:qsym.afl:Generate 1 testcases
DEBUG:qsym.afl:0 testcases are new
DEBUG:qsym.afl:Run qsym: input=/workspace/runs/zlib/gcc-O2/rep-1/afl-out/afl-slave/queue/id:000475,sync:afl-master,src:000491,+cov
DEBUG:qsym.Executor:Executing timeout -k 5 90 /usr/local/lib/python2.7/dist-packages/qsym/../../../../third_party/pin-2.14-71313-gcc.4.4.7-linux/pin.sh -ifeellucky -t /usr/local/lib/python2.7/dist-packages/qsym/pintool/obj-intel64/libqsym.so -logfile /tmp/tmpsIQHbs/qsym-out-190/pin.log -i /workspace/runs/zlib/gcc-O2/rep-1/afl-out/qsym/.cur_input -s 1 -o /tmp/tmpsIQHbs/qsym-out-190 -l 1 -b /workspace/runs/zlib/gcc-O2/rep-1/afl-out/qsym/bitmap -- /workspace/builds/zlib/gcc-O2/src/minigzip -d
DEBUG:qsym.afl:Total=12 s, Emulation=9 s, Solver=2 s, Return=1
DEBUG:qsym.afl:Generate 72 testcases
DEBUG:qsym.afl:0 testcases are new
DEBUG:qsym.afl:Run qsym: input=/workspace/runs/zlib/gcc-O2/rep-1/afl-out/afl-slave/queue/id:000471,sync:afl-master,src:000487,+cov
DEBUG:qsym.Executor:Executing timeout -k 5 90 /usr/local/lib/python2.7/dist-packages/qsym/../../../../third_party/pin-2.14-71313-gcc.4.4.7-linux/pin.sh -ifeellucky -t /usr/local/lib/python2.7/dist-packages/qsym/pintool/obj-intel64/libqsym.so -logfile /tmp/tmpsIQHbs/qsym-out-191/pin.log -i /workspace/runs/zlib/gcc-O2/rep-1/afl-out/qsym/.cur_input -s 1 -o /tmp/tmpsIQHbs/qsym-out-191 -l 1 -b /workspace/runs/zlib/gcc-O2/rep-1/afl-out/qsym/bitmap -- /workspace/builds/zlib/gcc-O2/src/minigzip -d
DEBUG:qsym.afl:Total=9 s, Emulation=7 s, Solver=2 s, Return=1
DEBUG:qsym.afl:Generate 35 testcases
DEBUG:qsym.afl:0 testcases are new
DEBUG:qsym.afl:Run qsym: input=/workspace/runs/zlib/gcc-O2/rep-1/afl-out/afl-slave/queue/id:000469,sync:afl-master,src:000485,+cov
DEBUG:qsym.Executor:Executing timeout -k 5 90 /usr/local/lib/python2.7/dist-packages/qsym/../../../../third_party/pin-2.14-71313-gcc.4.4.7-linux/pin.sh -ifeellucky -t /usr/local/lib/python2.7/dist-packages/qsym/pintool/obj-intel64/libqsym.so -logfile /tmp/tmpsIQHbs/qsym-out-192/pin.log -i /workspace/runs/zlib/gcc-O2/rep-1/afl-out/qsym/.cur_input -s 1 -o /tmp/tmpsIQHbs/qsym-out-192 -l 1 -b /workspace/runs/zlib/gcc-O2/rep-1/afl-out/qsym/bitmap -- /workspace/builds/zlib/gcc-O2/src/minigzip -d
DEBUG:qsym.afl:Total=9 s, Emulation=7 s, Solver=2 s, Return=1
DEBUG:qsym.afl:Generate 36 testcases
DEBUG:qsym.afl:0 testcases are new
DEBUG:qsym.afl:Run qsym: input=/workspace/runs/zlib/gcc-O2/rep-1/afl-out/afl-slave/queue/id:000468,sync:afl-master,src:000484,+cov
DEBUG:qsym.Executor:Executing timeout -k 5 90 /usr/local/lib/python2.7/dist-packages/qsym/../../../../third_party/pin-2.14-71313-gcc.4.4.7-linux/pin.sh -ifeellucky -t /usr/local/lib/python2.7/dist-packages/qsym/pintool/obj-intel64/libqsym.so -logfile /tmp/tmpsIQHbs/qsym-out-193/pin.log -i /workspace/runs/zlib/gcc-O2/rep-1/afl-out/qsym/.cur_input -s 1 -o /tmp/tmpsIQHbs/qsym-out-193 -l 1 -b /workspace/runs/zlib/gcc-O2/rep-1/afl-out/qsym/bitmap -- /workspace/builds/zlib/gcc-O2/src/minigzip -d
DEBUG:qsym.afl:Total=8 s, Emulation=6 s, Solver=1 s, Return=1
DEBUG:qsym.afl:Generate 24 testcases
DEBUG:qsym.afl:0 testcases are new
DEBUG:qsym.afl:Run qsym: input=/workspace/runs/zlib/gcc-O2/rep-1/afl-out/afl-slave/queue/id:000329,src:000025+000232,op:splice,rep:4,+cov
DEBUG:qsym.Executor:Executing timeout -k 5 90 /usr/local/lib/python2.7/dist-packages/qsym/../../../../third_party/pin-2.14-71313-gcc.4.4.7-linux/pin.sh -ifeellucky -t /usr/local/lib/python2.7/dist-packages/qsym/pintool/obj-intel64/libqsym.so -logfile /tmp/tmpsIQHbs/qsym-out-194/pin.log -i /workspace/runs/zlib/gcc-O2/rep-1/afl-out/qsym/.cur_input -s 1 -o /tmp/tmpsIQHbs/qsym-out-194 -l 1 -b /workspace/runs/zlib/gcc-O2/rep-1/afl-out/qsym/bitmap -- /workspace/builds/zlib/gcc-O2/src/minigzip -d
DEBUG:qsym.afl:Total=6 s, Emulation=6 s, Solver=0 s, Return=1
DEBUG:qsym.afl:Generate 1 testcases
DEBUG:qsym.afl:0 testcases are new
DEBUG:qsym.afl:Run qsym: input=/workspace/runs/zlib/gcc-O2/rep-1/afl-out/afl-slave/queue/id:000115,src:000001,op:havoc,rep:4,+cov
DEBUG:qsym.Executor:Executing timeout -k 5 90 /usr/local/lib/python2.7/dist-packages/qsym/../../../../third_party/pin-2.14-71313-gcc.4.4.7-linux/pin.sh -ifeellucky -t /usr/local/lib/python2.7/dist-packages/qsym/pintool/obj-intel64/libqsym.so -logfile /tmp/tmpsIQHbs/qsym-out-195/pin.log -i /workspace/runs/zlib/gcc-O2/rep-1/afl-out/qsym/.cur_input -s 1 -o /tmp/tmpsIQHbs/qsym-out-195 -l 1 -b /workspace/runs/zlib/gcc-O2/rep-1/afl-out/qsym/bitmap -- /workspace/builds/zlib/gcc-O2/src/minigzip -d
DEBUG:qsym.afl:Total=6 s, Emulation=6 s, Solver=0 s, Return=1
DEBUG:qsym.afl:Creating: /workspace/runs/zlib/gcc-O2/rep-1/afl-out/qsym/queue/id:000321,src:id:000115
DEBUG:qsym.afl:Creating: /workspace/runs/zlib/gcc-O2/rep-1/afl-out/qsym/queue/id:000322,src:id:000115
DEBUG:qsym.afl:Creating: /workspace/runs/zlib/gcc-O2/rep-1/afl-out/qsym/queue/id:000323,src:id:000115
DEBUG:qsym.afl:Creating: /workspace/runs/zlib/gcc-O2/rep-1/afl-out/qsym/queue/id:000324,src:id:000115
DEBUG:qsym.afl:Creating: /workspace/runs/zlib/gcc-O2/rep-1/afl-out/qsym/queue/id:000325,src:id:000115
DEBUG:qsym.afl:Generate 11 testcases
DEBUG:qsym.afl:5 testcases are new
DEBUG:qsym.afl:Run qsym: input=/workspace/runs/zlib/gcc-O2/rep-1/afl-out/afl-slave/queue/id:000485,sync:afl-master,src:000501,+cov
DEBUG:qsym.Executor:Executing timeout -k 5 90 /usr/local/lib/python2.7/dist-packages/qsym/../../../../third_party/pin-2.14-71313-gcc.4.4.7-linux/pin.sh -ifeellucky -t /usr/local/lib/python2.7/dist-packages/qsym/pintool/obj-intel64/libqsym.so -logfile /tmp/tmpsIQHbs/qsym-out-196/pin.log -i /workspace/runs/zlib/gcc-O2/rep-1/afl-out/qsym/.cur_input -s 1 -o /tmp/tmpsIQHbs/qsym-out-196 -l 1 -b /workspace/runs/zlib/gcc-O2/rep-1/afl-out/qsym/bitmap -- /workspace/builds/zlib/gcc-O2/src/minigzip -d
DEBUG:qsym.afl:Total=15 s, Emulation=11 s, Solver=3 s, Return=1
DEBUG:qsym.afl:Generate 81 testcases
DEBUG:qsym.afl:0 testcases are new
DEBUG:qsym.afl:Run qsym: input=/workspace/runs/zlib/gcc-O2/rep-1/afl-out/afl-slave/queue/id:000467,src:000466,op:havoc,rep:2,+cov
DEBUG:qsym.Executor:Executing timeout -k 5 90 /usr/local/lib/python2.7/dist-packages/qsym/../../../../third_party/pin-2.14-71313-gcc.4.4.7-linux/pin.sh -ifeellucky -t /usr/local/lib/python2.7/dist-packages/qsym/pintool/obj-intel64/libqsym.so -logfile /tmp/tmpsIQHbs/qsym-out-197/pin.log -i /workspace/runs/zlib/gcc-O2/rep-1/afl-out/qsym/.cur_input -s 1 -o /tmp/tmpsIQHbs/qsym-out-197 -l 1 -b /workspace/runs/zlib/gcc-O2/rep-1/afl-out/qsym/bitmap -- /workspace/builds/zlib/gcc-O2/src/minigzip -d
DEBUG:qsym.afl:Total=7 s, Emulation=6 s, Solver=0 s, Return=1
DEBUG:qsym.afl:Creating: /workspace/runs/zlib/gcc-O2/rep-1/afl-out/qsym/queue/id:000326,src:id:000467
DEBUG:qsym.afl:Creating: /workspace/runs/zlib/gcc-O2/rep-1/afl-out/qsym/queue/id:000327,src:id:000467
DEBUG:qsym.afl:Generate 41 testcases
DEBUG:qsym.afl:2 testcases are new
DEBUG:qsym.afl:Run qsym: input=/workspace/runs/zlib/gcc-O2/rep-1/afl-out/afl-slave/queue/id:000466,src:000349,op:havoc,rep:8,+cov
DEBUG:qsym.Executor:Executing timeout -k 5 90 /usr/local/lib/python2.7/dist-packages/qsym/../../../../third_party/pin-2.14-71313-gcc.4.4.7-linux/pin.sh -ifeellucky -t /usr/local/lib/python2.7/dist-packages/qsym/pintool/obj-intel64/libqsym.so -logfile /tmp/tmpsIQHbs/qsym-out-198/pin.log -i /workspace/runs/zlib/gcc-O2/rep-1/afl-out/qsym/.cur_input -s 1 -o /tmp/tmpsIQHbs/qsym-out-198 -l 1 -b /workspace/runs/zlib/gcc-O2/rep-1/afl-out/qsym/bitmap -- /workspace/builds/zlib/gcc-O2/src/minigzip -d
DEBUG:qsym.afl:Total=8 s, Emulation=7 s, Solver=1 s, Return=1
DEBUG:qsym.afl:Creating: /workspace/runs/zlib/gcc-O2/rep-1/afl-out/qsym/queue/id:000328,src:id:000466
DEBUG:qsym.afl:Generate 4 testcases
DEBUG:qsym.afl:1 testcases are new
DEBUG:qsym.afl:Run qsym: input=/workspace/runs/zlib/gcc-O2/rep-1/afl-out/afl-slave/queue/id:000435,src:000285,op:havoc,rep:4,+cov
DEBUG:qsym.Executor:Executing timeout -k 5 90 /usr/local/lib/python2.7/dist-packages/qsym/../../../../third_party/pin-2.14-71313-gcc.4.4.7-linux/pin.sh -ifeellucky -t /usr/local/lib/python2.7/dist-packages/qsym/pintool/obj-intel64/libqsym.so -logfile /tmp/tmpsIQHbs/qsym-out-199/pin.log -i /workspace/runs/zlib/gcc-O2/rep-1/afl-out/qsym/.cur_input -s 1 -o /tmp/tmpsIQHbs/qsym-out-199 -l 1 -b /workspace/runs/zlib/gcc-O2/rep-1/afl-out/qsym/bitmap -- /workspace/builds/zlib/gcc-O2/src/minigzip -d
DEBUG:qsym.afl:Total=6 s, Emulation=6 s, Solver=0 s, Return=1
DEBUG:qsym.afl:Generate 1 testcases
DEBUG:qsym.afl:0 testcases are new
DEBUG:qsym.afl:Run qsym: input=/workspace/runs/zlib/gcc-O2/rep-1/afl-out/afl-slave/queue/id:000403,src:000287,op:havoc,rep:2,+cov
DEBUG:qsym.Executor:Executing timeout -k 5 90 /usr/local/lib/python2.7/dist-packages/qsym/../../../../third_party/pin-2.14-71313-gcc.4.4.7-linux/pin.sh -ifeellucky -t /usr/local/lib/python2.7/dist-packages/qsym/pintool/obj-intel64/libqsym.so -logfile /tmp/tmpsIQHbs/qsym-out-200/pin.log -i /workspace/runs/zlib/gcc-O2/rep-1/afl-out/qsym/.cur_input -s 1 -o /tmp/tmpsIQHbs/qsym-out-200 -l 1 -b /workspace/runs/zlib/gcc-O2/rep-1/afl-out/qsym/bitmap -- /workspace/builds/zlib/gcc-O2/src/minigzip -d
DEBUG:qsym.afl:Total=5 s, Emulation=5 s, Solver=0 s, Return=1
DEBUG:qsym.afl:Generate 1 testcases
DEBUG:qsym.afl:0 testcases are new
DEBUG:qsym.afl:Run qsym: input=/workspace/runs/zlib/gcc-O2/rep-1/afl-out/afl-slave/queue/id:000287,src:000002,op:havoc,rep:32,+cov
DEBUG:qsym.Executor:Executing timeout -k 5 90 /usr/local/lib/python2.7/dist-packages/qsym/../../../../third_party/pin-2.14-71313-gcc.4.4.7-linux/pin.sh -ifeellucky -t /usr/local/lib/python2.7/dist-packages/qsym/pintool/obj-intel64/libqsym.so -logfile /tmp/tmpsIQHbs/qsym-out-201/pin.log -i /workspace/runs/zlib/gcc-O2/rep-1/afl-out/qsym/.cur_input -s 1 -o /tmp/tmpsIQHbs/qsym-out-201 -l 1 -b /workspace/runs/zlib/gcc-O2/rep-1/afl-out/qsym/bitmap -- /workspace/builds/zlib/gcc-O2/src/minigzip -d
DEBUG:qsym.afl:Total=5 s, Emulation=5 s, Solver=0 s, Return=1
DEBUG:qsym.afl:Generate 1 testcases
DEBUG:qsym.afl:0 testcases are new
DEBUG:qsym.afl:Run qsym: input=/workspace/runs/zlib/gcc-O2/rep-1/afl-out/afl-slave/queue/id:000269,src:000002,op:havoc,rep:2,+cov
DEBUG:qsym.Executor:Executing timeout -k 5 90 /usr/local/lib/python2.7/dist-packages/qsym/../../../../third_party/pin-2.14-71313-gcc.4.4.7-linux/pin.sh -ifeellucky -t /usr/local/lib/python2.7/dist-packages/qsym/pintool/obj-intel64/libqsym.so -logfile /tmp/tmpsIQHbs/qsym-out-202/pin.log -i /workspace/runs/zlib/gcc-O2/rep-1/afl-out/qsym/.cur_input -s 1 -o /tmp/tmpsIQHbs/qsym-out-202 -l 1 -b /workspace/runs/zlib/gcc-O2/rep-1/afl-out/qsym/bitmap -- /workspace/builds/zlib/gcc-O2/src/minigzip -d
DEBUG:qsym.afl:Total=6 s, Emulation=6 s, Solver=0 s, Return=1
DEBUG:qsym.afl:Generate 1 testcases
DEBUG:qsym.afl:0 testcases are new
DEBUG:qsym.afl:Run qsym: input=/workspace/runs/zlib/gcc-O2/rep-1/afl-out/afl-slave/queue/id:000227,src:000002,op:havoc,rep:8,+cov
DEBUG:qsym.Executor:Executing timeout -k 5 90 /usr/local/lib/python2.7/dist-packages/qsym/../../../../third_party/pin-2.14-71313-gcc.4.4.7-linux/pin.sh -ifeellucky -t /usr/local/lib/python2.7/dist-packages/qsym/pintool/obj-intel64/libqsym.so -logfile /tmp/tmpsIQHbs/qsym-out-203/pin.log -i /workspace/runs/zlib/gcc-O2/rep-1/afl-out/qsym/.cur_input -s 1 -o /tmp/tmpsIQHbs/qsym-out-203 -l 1 -b /workspace/runs/zlib/gcc-O2/rep-1/afl-out/qsym/bitmap -- /workspace/builds/zlib/gcc-O2/src/minigzip -d
DEBUG:qsym.afl:Total=6 s, Emulation=6 s, Solver=0 s, Return=1
DEBUG:qsym.afl:Generate 0 testcases
DEBUG:qsym.afl:0 testcases are new
DEBUG:qsym.afl:Run qsym: input=/workspace/runs/zlib/gcc-O2/rep-1/afl-out/afl-slave/queue/id:000217,src:000002,op:havoc,rep:4,+cov
DEBUG:qsym.Executor:Executing timeout -k 5 90 /usr/local/lib/python2.7/dist-packages/qsym/../../../../third_party/pin-2.14-71313-gcc.4.4.7-linux/pin.sh -ifeellucky -t /usr/local/lib/python2.7/dist-packages/qsym/pintool/obj-intel64/libqsym.so -logfile /tmp/tmpsIQHbs/qsym-out-204/pin.log -i /workspace/runs/zlib/gcc-O2/rep-1/afl-out/qsym/.cur_input -s 1 -o /tmp/tmpsIQHbs/qsym-out-204 -l 1 -b /workspace/runs/zlib/gcc-O2/rep-1/afl-out/qsym/bitmap -- /workspace/builds/zlib/gcc-O2/src/minigzip -d
DEBUG:qsym.afl:Total=7 s, Emulation=7 s, Solver=0 s, Return=1
DEBUG:qsym.afl:Generate 2 testcases
DEBUG:qsym.afl:0 testcases are new
DEBUG:qsym.afl:Run qsym: input=/workspace/runs/zlib/gcc-O2/rep-1/afl-out/afl-slave/queue/id:000213,src:000002,op:havoc,rep:32,+cov
DEBUG:qsym.Executor:Executing timeout -k 5 90 /usr/local/lib/python2.7/dist-packages/qsym/../../../../third_party/pin-2.14-71313-gcc.4.4.7-linux/pin.sh -ifeellucky -t /usr/local/lib/python2.7/dist-packages/qsym/pintool/obj-intel64/libqsym.so -logfile /tmp/tmpsIQHbs/qsym-out-205/pin.log -i /workspace/runs/zlib/gcc-O2/rep-1/afl-out/qsym/.cur_input -s 1 -o /tmp/tmpsIQHbs/qsym-out-205 -l 1 -b /workspace/runs/zlib/gcc-O2/rep-1/afl-out/qsym/bitmap -- /workspace/builds/zlib/gcc-O2/src/minigzip -d
DEBUG:qsym.afl:Total=6 s, Emulation=6 s, Solver=0 s, Return=1
DEBUG:qsym.afl:Creating: /workspace/runs/zlib/gcc-O2/rep-1/afl-out/qsym/queue/id:000329,src:id:000213
DEBUG:qsym.afl:Creating: /workspace/runs/zlib/gcc-O2/rep-1/afl-out/qsym/queue/id:000330,src:id:000213
DEBUG:qsym.afl:Generate 8 testcases
DEBUG:qsym.afl:2 testcases are new
DEBUG:qsym.afl:Run qsym: input=/workspace/runs/zlib/gcc-O2/rep-1/afl-out/afl-slave/queue/id:000211,src:000002,op:havoc,rep:4,+cov
DEBUG:qsym.Executor:Executing timeout -k 5 90 /usr/local/lib/python2.7/dist-packages/qsym/../../../../third_party/pin-2.14-71313-gcc.4.4.7-linux/pin.sh -ifeellucky -t /usr/local/lib/python2.7/dist-packages/qsym/pintool/obj-intel64/libqsym.so -logfile /tmp/tmpsIQHbs/qsym-out-206/pin.log -i /workspace/runs/zlib/gcc-O2/rep-1/afl-out/qsym/.cur_input -s 1 -o /tmp/tmpsIQHbs/qsym-out-206 -l 1 -b /workspace/runs/zlib/gcc-O2/rep-1/afl-out/qsym/bitmap -- /workspace/builds/zlib/gcc-O2/src/minigzip -d
DEBUG:qsym.afl:Total=6 s, Emulation=6 s, Solver=0 s, Return=1
DEBUG:qsym.afl:Generate 0 testcases
DEBUG:qsym.afl:0 testcases are new
DEBUG:qsym.afl:Run qsym: input=/workspace/runs/zlib/gcc-O2/rep-1/afl-out/afl-slave/queue/id:000150,src:000001,op:havoc,rep:16,+cov
DEBUG:qsym.Executor:Executing timeout -k 5 90 /usr/local/lib/python2.7/dist-packages/qsym/../../../../third_party/pin-2.14-71313-gcc.4.4.7-linux/pin.sh -ifeellucky -t /usr/local/lib/python2.7/dist-packages/qsym/pintool/obj-intel64/libqsym.so -logfile /tmp/tmpsIQHbs/qsym-out-207/pin.log -i /workspace/runs/zlib/gcc-O2/rep-1/afl-out/qsym/.cur_input -s 1 -o /tmp/tmpsIQHbs/qsym-out-207 -l 1 -b /workspace/runs/zlib/gcc-O2/rep-1/afl-out/qsym/bitmap -- /workspace/builds/zlib/gcc-O2/src/minigzip -d
DEBUG:qsym.afl:Total=7 s, Emulation=7 s, Solver=0 s, Return=1
DEBUG:qsym.afl:Creating: /workspace/runs/zlib/gcc-O2/rep-1/afl-out/qsym/queue/id:000331,src:id:000150
DEBUG:qsym.afl:Generate 1 testcases
DEBUG:qsym.afl:1 testcases are new
DEBUG:qsym.afl:Run qsym: input=/workspace/runs/zlib/gcc-O2/rep-1/afl-out/afl-slave/queue/id:000428,src:000015+000425,op:splice,rep:4,+cov
DEBUG:qsym.Executor:Executing timeout -k 5 90 /usr/local/lib/python2.7/dist-packages/qsym/../../../../third_party/pin-2.14-71313-gcc.4.4.7-linux/pin.sh -ifeellucky -t /usr/local/lib/python2.7/dist-packages/qsym/pintool/obj-intel64/libqsym.so -logfile /tmp/tmpsIQHbs/qsym-out-208/pin.log -i /workspace/runs/zlib/gcc-O2/rep-1/afl-out/qsym/.cur_input -s 1 -o /tmp/tmpsIQHbs/qsym-out-208 -l 1 -b /workspace/runs/zlib/gcc-O2/rep-1/afl-out/qsym/bitmap -- /workspace/builds/zlib/gcc-O2/src/minigzip -d
DEBUG:qsym.afl:Total=6 s, Emulation=6 s, Solver=0 s, Return=1
DEBUG:qsym.afl:Generate 0 testcases
DEBUG:qsym.afl:0 testcases are new
DEBUG:qsym.afl:Run qsym: input=/workspace/runs/zlib/gcc-O2/rep-1/afl-out/afl-slave/queue/id:000424,src:000413+000249,op:splice,rep:2,+cov
DEBUG:qsym.Executor:Executing timeout -k 5 90 /usr/local/lib/python2.7/dist-packages/qsym/../../../../third_party/pin-2.14-71313-gcc.4.4.7-linux/pin.sh -ifeellucky -t /usr/local/lib/python2.7/dist-packages/qsym/pintool/obj-intel64/libqsym.so -logfile /tmp/tmpsIQHbs/qsym-out-209/pin.log -i /workspace/runs/zlib/gcc-O2/rep-1/afl-out/qsym/.cur_input -s 1 -o /tmp/tmpsIQHbs/qsym-out-209 -l 1 -b /workspace/runs/zlib/gcc-O2/rep-1/afl-out/qsym/bitmap -- /workspace/builds/zlib/gcc-O2/src/minigzip -d
DEBUG:qsym.afl:Total=7 s, Emulation=6 s, Solver=0 s, Return=1
DEBUG:qsym.afl:Generate 1 testcases
DEBUG:qsym.afl:0 testcases are new
DEBUG:qsym.afl:Run qsym: input=/workspace/runs/zlib/gcc-O2/rep-1/afl-out/afl-slave/queue/id:000404,src:000287+000279,op:splice,rep:8,+cov
DEBUG:qsym.Executor:Executing timeout -k 5 90 /usr/local/lib/python2.7/dist-packages/qsym/../../../../third_party/pin-2.14-71313-gcc.4.4.7-linux/pin.sh -ifeellucky -t /usr/local/lib/python2.7/dist-packages/qsym/pintool/obj-intel64/libqsym.so -logfile /tmp/tmpsIQHbs/qsym-out-210/pin.log -i /workspace/runs/zlib/gcc-O2/rep-1/afl-out/qsym/.cur_input -s 1 -o /tmp/tmpsIQHbs/qsym-out-210 -l 1 -b /workspace/runs/zlib/gcc-O2/rep-1/afl-out/qsym/bitmap -- /workspace/builds/zlib/gcc-O2/src/minigzip -d
DEBUG:qsym.afl:Total=8 s, Emulation=7 s, Solver=0 s, Return=1
DEBUG:qsym.afl:Generate 3 testcases
DEBUG:qsym.afl:0 testcases are new
DEBUG:qsym.afl:Run qsym: input=/workspace/runs/zlib/gcc-O2/rep-1/afl-out/afl-slave/queue/id:000256,src:000002,op:havoc,rep:4,+cov
DEBUG:qsym.Executor:Executing timeout -k 5 90 /usr/local/lib/python2.7/dist-packages/qsym/../../../../third_party/pin-2.14-71313-gcc.4.4.7-linux/pin.sh -ifeellucky -t /usr/local/lib/python2.7/dist-packages/qsym/pintool/obj-intel64/libqsym.so -logfile /tmp/tmpsIQHbs/qsym-out-211/pin.log -i /workspace/runs/zlib/gcc-O2/rep-1/afl-out/qsym/.cur_input -s 1 -o /tmp/tmpsIQHbs/qsym-out-211 -l 1 -b /workspace/runs/zlib/gcc-O2/rep-1/afl-out/qsym/bitmap -- /workspace/builds/zlib/gcc-O2/src/minigzip -d
DEBUG:qsym.afl:Total=16 s, Emulation=11 s, Solver=4 s, Return=1
DEBUG:qsym.afl:Creating: /workspace/runs/zlib/gcc-O2/rep-1/afl-out/qsym/queue/id:000332,src:id:000256
DEBUG:qsym.afl:Generate 131 testcases
DEBUG:qsym.afl:1 testcases are new
DEBUG:qsym.afl:Run qsym: input=/workspace/runs/zlib/gcc-O2/rep-1/afl-out/afl-slave/queue/id:000155,src:000001+000058,op:splice,rep:32,+cov
DEBUG:qsym.Executor:Executing timeout -k 5 90 /usr/local/lib/python2.7/dist-packages/qsym/../../../../third_party/pin-2.14-71313-gcc.4.4.7-linux/pin.sh -ifeellucky -t /usr/local/lib/python2.7/dist-packages/qsym/pintool/obj-intel64/libqsym.so -logfile /tmp/tmpsIQHbs/qsym-out-212/pin.log -i /workspace/runs/zlib/gcc-O2/rep-1/afl-out/qsym/.cur_input -s 1 -o /tmp/tmpsIQHbs/qsym-out-212 -l 1 -b /workspace/runs/zlib/gcc-O2/rep-1/afl-out/qsym/bitmap -- /workspace/builds/zlib/gcc-O2/src/minigzip -d
DEBUG:qsym.afl:Total=6 s, Emulation=6 s, Solver=0 s, Return=1
DEBUG:qsym.afl:Generate 0 testcases
DEBUG:qsym.afl:0 testcases are new
DEBUG:qsym.afl:Run qsym: input=/workspace/runs/zlib/gcc-O2/rep-1/afl-out/afl-slave/queue/id:000105,src:000001,op:havoc,rep:32,+cov
DEBUG:qsym.Executor:Executing timeout -k 5 90 /usr/local/lib/python2.7/dist-packages/qsym/../../../../third_party/pin-2.14-71313-gcc.4.4.7-linux/pin.sh -ifeellucky -t /usr/local/lib/python2.7/dist-packages/qsym/pintool/obj-intel64/libqsym.so -logfile /tmp/tmpsIQHbs/qsym-out-213/pin.log -i /workspace/runs/zlib/gcc-O2/rep-1/afl-out/qsym/.cur_input -s 1 -o /tmp/tmpsIQHbs/qsym-out-213 -l 1 -b /workspace/runs/zlib/gcc-O2/rep-1/afl-out/qsym/bitmap -- /workspace/builds/zlib/gcc-O2/src/minigzip -d
DEBUG:qsym.afl:Total=6 s, Emulation=6 s, Solver=0 s, Return=1
DEBUG:qsym.afl:Generate 0 testcases
DEBUG:qsym.afl:0 testcases are new
DEBUG:qsym.afl:Run qsym: input=/workspace/runs/zlib/gcc-O2/rep-1/afl-out/afl-slave/queue/id:000180,sync:afl-master,src:000153,+cov
DEBUG:qsym.Executor:Executing timeout -k 5 90 /usr/local/lib/python2.7/dist-packages/qsym/../../../../third_party/pin-2.14-71313-gcc.4.4.7-linux/pin.sh -ifeellucky -t /usr/local/lib/python2.7/dist-packages/qsym/pintool/obj-intel64/libqsym.so -logfile /tmp/tmpsIQHbs/qsym-out-214/pin.log -i /workspace/runs/zlib/gcc-O2/rep-1/afl-out/qsym/.cur_input -s 1 -o /tmp/tmpsIQHbs/qsym-out-214 -l 1 -b /workspace/runs/zlib/gcc-O2/rep-1/afl-out/qsym/bitmap -- /workspace/builds/zlib/gcc-O2/src/minigzip -d
DEBUG:qsym.afl:Total=5 s, Emulation=5 s, Solver=0 s, Return=1
DEBUG:qsym.afl:Generate 0 testcases
DEBUG:qsym.afl:0 testcases are new
DEBUG:qsym.afl:Run qsym: input=/workspace/runs/zlib/gcc-O2/rep-1/afl-out/afl-slave/queue/id:000427,src:000090+000246,op:splice,rep:32,+cov
DEBUG:qsym.Executor:Executing timeout -k 5 90 /usr/local/lib/python2.7/dist-packages/qsym/../../../../third_party/pin-2.14-71313-gcc.4.4.7-linux/pin.sh -ifeellucky -t /usr/local/lib/python2.7/dist-packages/qsym/pintool/obj-intel64/libqsym.so -logfile /tmp/tmpsIQHbs/qsym-out-215/pin.log -i /workspace/runs/zlib/gcc-O2/rep-1/afl-out/qsym/.cur_input -s 1 -o /tmp/tmpsIQHbs/qsym-out-215 -l 1 -b /workspace/runs/zlib/gcc-O2/rep-1/afl-out/qsym/bitmap -- /workspace/builds/zlib/gcc-O2/src/minigzip -d
DEBUG:qsym.afl:Total=6 s, Emulation=5 s, Solver=0 s, Return=1
DEBUG:qsym.afl:Creating: /workspace/runs/zlib/gcc-O2/rep-1/afl-out/qsym/queue/id:000333,src:id:000427
DEBUG:qsym.afl:Generate 4 testcases
DEBUG:qsym.afl:1 testcases are new
DEBUG:qsym.afl:Run qsym: input=/workspace/runs/zlib/gcc-O2/rep-1/afl-out/afl-slave/queue/id:000194,sync:afl-master,src:000184,+cov
DEBUG:qsym.Executor:Executing timeout -k 5 90 /usr/local/lib/python2.7/dist-packages/qsym/../../../../third_party/pin-2.14-71313-gcc.4.4.7-linux/pin.sh -ifeellucky -t /usr/local/lib/python2.7/dist-packages/qsym/pintool/obj-intel64/libqsym.so -logfile /tmp/tmpsIQHbs/qsym-out-216/pin.log -i /workspace/runs/zlib/gcc-O2/rep-1/afl-out/qsym/.cur_input -s 1 -o /tmp/tmpsIQHbs/qsym-out-216 -l 1 -b /workspace/runs/zlib/gcc-O2/rep-1/afl-out/qsym/bitmap -- /workspace/builds/zlib/gcc-O2/src/minigzip -d
DEBUG:qsym.afl:Total=5 s, Emulation=5 s, Solver=0 s, Return=1
DEBUG:qsym.afl:Generate 0 testcases
DEBUG:qsym.afl:0 testcases are new
DEBUG:qsym.afl:Run qsym: input=/workspace/runs/zlib/gcc-O2/rep-1/afl-out/afl-slave/queue/id:000423,src:000409+000391,op:splice,rep:32,+cov
DEBUG:qsym.Executor:Executing timeout -k 5 90 /usr/local/lib/python2.7/dist-packages/qsym/../../../../third_party/pin-2.14-71313-gcc.4.4.7-linux/pin.sh -ifeellucky -t /usr/local/lib/python2.7/dist-packages/qsym/pintool/obj-intel64/libqsym.so -logfile /tmp/tmpsIQHbs/qsym-out-217/pin.log -i /workspace/runs/zlib/gcc-O2/rep-1/afl-out/qsym/.cur_input -s 1 -o /tmp/tmpsIQHbs/qsym-out-217 -l 1 -b /workspace/runs/zlib/gcc-O2/rep-1/afl-out/qsym/bitmap -- /workspace/builds/zlib/gcc-O2/src/minigzip -d
DEBUG:qsym.afl:Total=9 s, Emulation=7 s, Solver=1 s, Return=1
DEBUG:qsym.afl:Generate 4 testcases
DEBUG:qsym.afl:0 testcases are new
DEBUG:qsym.afl:Run qsym: input=/workspace/runs/zlib/gcc-O2/rep-1/afl-out/afl-slave/queue/id:000209,src:000002,op:havoc,rep:8,+cov
DEBUG:qsym.Executor:Executing timeout -k 5 90 /usr/local/lib/python2.7/dist-packages/qsym/../../../../third_party/pin-2.14-71313-gcc.4.4.7-linux/pin.sh -ifeellucky -t /usr/local/lib/python2.7/dist-packages/qsym/pintool/obj-intel64/libqsym.so -logfile /tmp/tmpsIQHbs/qsym-out-218/pin.log -i /workspace/runs/zlib/gcc-O2/rep-1/afl-out/qsym/.cur_input -s 1 -o /tmp/tmpsIQHbs/qsym-out-218 -l 1 -b /workspace/runs/zlib/gcc-O2/rep-1/afl-out/qsym/bitmap -- /workspace/builds/zlib/gcc-O2/src/minigzip -d
DEBUG:qsym.afl:Total=6 s, Emulation=6 s, Solver=0 s, Return=1
DEBUG:qsym.afl:Generate 1 testcases
DEBUG:qsym.afl:0 testcases are new
DEBUG:qsym.afl:Run qsym: input=/workspace/runs/zlib/gcc-O2/rep-1/afl-out/afl-slave/queue/id:001405,src:000173,op:havoc,rep:2,+cov
DEBUG:qsym.Executor:Executing timeout -k 5 90 /usr/local/lib/python2.7/dist-packages/qsym/../../../../third_party/pin-2.14-71313-gcc.4.4.7-linux/pin.sh -ifeellucky -t /usr/local/lib/python2.7/dist-packages/qsym/pintool/obj-intel64/libqsym.so -logfile /tmp/tmpsIQHbs/qsym-out-219/pin.log -i /workspace/runs/zlib/gcc-O2/rep-1/afl-out/qsym/.cur_input -s 1 -o /tmp/tmpsIQHbs/qsym-out-219 -l 1 -b /workspace/runs/zlib/gcc-O2/rep-1/afl-out/qsym/bitmap -- /workspace/builds/zlib/gcc-O2/src/minigzip -d
DEBUG:qsym.afl:Total=8 s, Emulation=7 s, Solver=1 s, Return=1
DEBUG:qsym.afl:Creating: /workspace/runs/zlib/gcc-O2/rep-1/afl-out/qsym/queue/id:000334,src:id:001405
DEBUG:qsym.afl:Creating: /workspace/runs/zlib/gcc-O2/rep-1/afl-out/qsym/queue/id:000335,src:id:001405
DEBUG:qsym.afl:Creating: /workspace/runs/zlib/gcc-O2/rep-1/afl-out/qsym/queue/id:000336,src:id:001405
DEBUG:qsym.afl:Creating: /workspace/runs/zlib/gcc-O2/rep-1/afl-out/qsym/queue/id:000337,src:id:001405
DEBUG:qsym.afl:Creating: /workspace/runs/zlib/gcc-O2/rep-1/afl-out/qsym/queue/id:000338,src:id:001405
DEBUG:qsym.afl:Creating: /workspace/runs/zlib/gcc-O2/rep-1/afl-out/qsym/queue/id:000339,src:id:001405
DEBUG:qsym.afl:Creating: /workspace/runs/zlib/gcc-O2/rep-1/afl-out/qsym/queue/id:000340,src:id:001405
DEBUG:qsym.afl:Creating: /workspace/runs/zlib/gcc-O2/rep-1/afl-out/qsym/queue/id:000341,src:id:001405
DEBUG:qsym.afl:Creating: /workspace/runs/zlib/gcc-O2/rep-1/afl-out/qsym/queue/id:000342,src:id:001405
DEBUG:qsym.afl:Creating: /workspace/runs/zlib/gcc-O2/rep-1/afl-out/qsym/queue/id:000343,src:id:001405
DEBUG:qsym.afl:Creating: /workspace/runs/zlib/gcc-O2/rep-1/afl-out/qsym/queue/id:000344,src:id:001405
DEBUG:qsym.afl:Generate 338 testcases
DEBUG:qsym.afl:11 testcases are new
DEBUG:qsym.afl:Run qsym: input=/workspace/runs/zlib/gcc-O2/rep-1/afl-out/afl-slave/queue/id:000409,src:000308+000346,op:splice,rep:2,+cov
DEBUG:qsym.Executor:Executing timeout -k 5 90 /usr/local/lib/python2.7/dist-packages/qsym/../../../../third_party/pin-2.14-71313-gcc.4.4.7-linux/pin.sh -ifeellucky -t /usr/local/lib/python2.7/dist-packages/qsym/pintool/obj-intel64/libqsym.so -logfile /tmp/tmpsIQHbs/qsym-out-220/pin.log -i /workspace/runs/zlib/gcc-O2/rep-1/afl-out/qsym/.cur_input -s 1 -o /tmp/tmpsIQHbs/qsym-out-220 -l 1 -b /workspace/runs/zlib/gcc-O2/rep-1/afl-out/qsym/bitmap -- /workspace/builds/zlib/gcc-O2/src/minigzip -d
DEBUG:qsym.afl:Total=6 s, Emulation=6 s, Solver=0 s, Return=1
DEBUG:qsym.afl:Creating: /workspace/runs/zlib/gcc-O2/rep-1/afl-out/qsym/queue/id:000345,src:id:000409
DEBUG:qsym.afl:Generate 1 testcases
DEBUG:qsym.afl:1 testcases are new
DEBUG:qsym.afl:Run qsym: input=/workspace/runs/zlib/gcc-O2/rep-1/afl-out/afl-slave/queue/id:000349,src:000072+000245,op:splice,rep:64,+cov
DEBUG:qsym.Executor:Executing timeout -k 5 90 /usr/local/lib/python2.7/dist-packages/qsym/../../../../third_party/pin-2.14-71313-gcc.4.4.7-linux/pin.sh -ifeellucky -t /usr/local/lib/python2.7/dist-packages/qsym/pintool/obj-intel64/libqsym.so -logfile /tmp/tmpsIQHbs/qsym-out-221/pin.log -i /workspace/runs/zlib/gcc-O2/rep-1/afl-out/qsym/.cur_input -s 1 -o /tmp/tmpsIQHbs/qsym-out-221 -l 1 -b /workspace/runs/zlib/gcc-O2/rep-1/afl-out/qsym/bitmap -- /workspace/builds/zlib/gcc-O2/src/minigzip -d
